Date,BB_Upper,BB_Middle,BB_Lower,BB_Width,BB_Position,BB_Sinal
2014-05-05,,,,,,Neutro
2014-05-06,,,,,,Neutro
2014-05-07,,,,,,Neutro
2014-05-08,,,,,,Neutro
2014-05-09,,,,,,Neutro
2014-05-12,,,,,,Neutro
2014-05-13,,,,,,Neutro
2014-05-14,,,,,,Neutro
2014-05-15,,,,,,Neutro
2014-05-16,,,,,,Neutro
2014-05-19,,,,,,Neutro
2014-05-20,,,,,,Neutro
2014-05-21,,,,,,Neutro
2014-05-22,,,,,,Neutro
2014-05-23,,,,,,Neutro
2014-05-27,,,,,,Neutro
2014-05-28,,,,,,Neutro
2014-05-29,,,,,,Neutro
2014-05-30,,,,,,Neutro
2014-06-02,5825.61,4766.85,3708.09,44.42,0.88,Neutro
2014-06-03,5928.17,4826.25,3724.33,45.66,0.84,Neutro
2014-06-04,6409.37,4964.85,3520.33,58.19,1.00,Sobrecomprado
2014-06-05,6787.18,5086.95,3386.72,66.85,1.00,Sobrecomprado
2014-06-06,8138.67,5372.40,2606.13,102.98,1.00,Sobrecomprado
2014-06-09,8570.17,5567.10,2564.03,107.89,0.95,Neutro
2014-06-10,8972.67,5767.58,2562.48,111.14,0.91,Neutro
2014-06-11,9319.72,5969.70,2619.68,112.23,0.87,Neutro
2014-06-12,9611.09,6171.82,2732.56,111.45,0.83,Neutro
2014-06-13,9849.93,6374.78,2899.62,109.03,0.80,Neutro
2014-06-16,10052.61,6568.65,3084.69,106.08,0.77,Neutro
2014-06-17,10209.66,6762.52,3315.39,101.95,0.74,Neutro
2014-06-18,10386.25,6977.85,3569.45,97.69,0.78,Neutro
2014-06-19,10416.87,7161.82,3906.78,90.90,0.67,Neutro
2014-06-20,10805.14,7459.65,4114.16,89.70,0.96,Neutro
2014-06-23,11221.86,7682.40,4142.94,92.14,0.90,Neutro
2014-06-24,11234.68,7870.50,4506.32,85.49,0.65,Neutro
2014-06-25,11213.68,8081.70,4949.72,77.51,0.68,Neutro
2014-06-26,11282.64,8293.72,5304.81,72.08,0.75,Neutro
2014-06-27,11217.15,8483.48,5749.80,64.45,0.66,Neutro
2014-06-30,11060.78,8672.40,6284.02,55.08,0.64,Neutro
2014-07-01,10767.93,8861.33,6954.72,43.03,0.63,Neutro
2014-07-02,10649.35,8945.48,7241.60,38.09,0.43,Neutro
2014-07-03,10504.04,9056.02,7608.01,31.98,0.56,Neutro
2014-07-07,10374.81,9006.52,7638.24,30.38,0.53,Neutro
2014-07-08,10361.24,9021.38,7681.51,29.70,0.32,Neutro
2014-07-09,10363.51,9054.38,7745.24,28.92,0.51,Neutro
2014-07-10,10357.54,9077.48,7797.41,28.20,0.43,Neutro
2014-07-11,10373.78,9065.92,7758.07,28.85,0.18,Neutro
2014-07-14,10546.53,9000.75,7454.97,34.35,0.00,Sobrevendido
2014-07-15,10668.89,8938.05,7207.21,38.73,-0.00,Sobrevendido
2014-07-16,10735.19,8886.90,7038.61,41.60,0.10,Neutro
2014-07-17,10913.99,8764.80,6615.61,49.04,0.00,Sobrevendido
2014-07-18,11038.87,8679.83,6320.78,54.36,0.05,Neutro
2014-07-21,10900.99,8463.67,6026.36,57.59,0.04,Neutro
2014-07-22,10632.82,8272.28,5911.73,57.07,0.16,Neutro
2014-07-23,10666.22,8131.20,5596.18,62.35,0.09,Neutro
2014-07-24,10703.17,7935.68,5168.18,69.75,0.03,Neutro
2014-07-25,10519.45,7730.25,4941.05,72.16,0.14,Neutro
2014-07-28,10416.22,7521.52,4626.83,76.97,0.10,Neutro
2014-07-29,10287.45,7297.12,4306.80,81.96,0.09,Neutro
2014-07-30,10111.74,7061.18,4010.61,86.40,0.10,Neutro
2014-07-31,9960.13,6872.25,3784.37,89.87,0.19,Neutro
2014-08-01,9609.50,6715.50,3821.50,86.19,0.39,Neutro
2014-08-04,9246.93,6558.75,3870.57,81.97,0.38,Neutro
2014-08-05,8959.99,6411.90,3863.81,79.48,0.34,Neutro
2014-08-06,8489.33,6216.38,3943.42,73.13,0.27,Neutro
2014-08-07,7964.66,6023.32,4081.99,64.46,0.25,Neutro
2014-08-08,7543.07,5878.95,4214.83,56.61,0.33,Neutro
2014-08-11,7382.58,5760.15,4137.72,56.33,0.19,Neutro
2014-08-12,7158.68,5648.78,4138.87,53.46,0.27,Neutro
2014-08-13,6835.04,5507.70,4180.36,48.20,0.16,Neutro
2014-08-14,6711.91,5427.68,4143.44,47.32,0.27,Neutro
2014-08-15,6532.11,5357.55,4182.99,43.85,0.41,Neutro
2014-08-18,6411.22,5296.50,4181.78,42.09,0.36,Neutro
2014-08-19,6121.94,5209.88,4297.81,35.01,0.36,Neutro
2014-08-20,5979.77,5145.52,4311.28,32.43,0.28,Neutro
2014-08-21,5966.24,5114.18,4262.11,33.32,0.26,Neutro
2014-08-22,5896.49,5055.60,4214.71,33.27,0.19,Neutro
2014-08-25,5886.55,5026.73,4166.90,34.21,0.26,Neutro
2014-08-26,5891.52,5034.98,4178.43,34.02,0.50,Neutro
2014-08-27,5886.89,5042.40,4197.91,33.50,0.35,Neutro
2014-08-28,5887.84,5030.85,4173.86,34.07,0.31,Neutro
2014-08-29,5667.28,4955.77,4244.27,28.71,0.25,Neutro
2014-09-02,5441.82,4901.32,4360.83,22.06,0.45,Neutro
2014-09-03,5287.77,4855.12,4422.48,17.82,0.30,Neutro
2014-09-04,5261.73,4819.65,4377.57,18.34,0.09,Neutro
2014-09-05,5246.72,4789.95,4333.18,19.07,0.13,Neutro
2014-09-08,5146.74,4747.88,4349.01,16.80,0.17,Neutro
2014-09-09,5191.99,4718.18,4244.36,20.08,0.00,Sobrevendido
2014-09-10,5218.46,4671.98,4125.49,23.39,0.00,Sobrevendido
2014-09-11,5272.27,4639.80,4007.33,27.26,0.00,Sobrevendido
2014-09-12,5285.23,4597.73,3910.22,29.91,0.06,Neutro
2014-09-15,5213.61,4546.58,3879.54,29.34,0.18,Neutro
2014-09-16,5198.03,4488.00,3777.97,31.64,0.02,Neutro
2014-09-17,5161.21,4433.55,3705.89,32.83,0.11,Neutro
2014-09-18,5134.94,4389.00,3643.06,33.99,0.17,Neutro
2014-09-19,5119.09,4343.62,3568.16,35.71,0.15,Neutro
2014-09-22,5130.10,4298.25,3466.40,38.71,0.10,Neutro
2014-09-23,5180.22,4226.48,3272.73,45.13,0.00,Sobrevendido
2014-09-24,5127.14,4130.77,3134.41,48.24,0.00,Sobrevendido
2014-09-25,5113.16,4040.02,2966.89,53.13,0.00,Neutro
2014-09-26,5059.74,3961.65,2863.56,55.44,0.12,Neutro
2014-09-29,4988.88,3896.48,2804.07,56.07,0.23,Neutro
2014-09-30,4844.16,3818.92,2793.69,53.69,0.25,Neutro
2014-10-01,4712.46,3771.90,2831.34,49.87,0.49,Neutro
2014-10-02,4615.80,3730.65,2845.50,47.45,0.44,Neutro
2014-10-03,4508.39,3672.90,2837.41,45.49,0.28,Neutro
2014-10-06,4367.57,3621.75,2875.93,41.19,0.39,Neutro
2014-10-07,4289.13,3578.02,2866.92,39.75,0.30,Neutro
2014-10-08,4234.72,3532.65,2830.58,39.75,0.22,Neutro
2014-10-09,4197.84,3483.15,2768.46,41.04,0.14,Neutro
2014-10-10,4155.18,3424.58,2693.97,42.67,0.09,Neutro
2014-10-13,4036.47,3383.32,2730.18,38.61,0.44,Neutro
2014-10-14,3979.61,3357.75,2735.89,37.04,0.45,Neutro
2014-10-15,3904.84,3329.70,2754.56,34.55,0.47,Neutro
2014-10-16,3810.11,3300.00,2789.89,30.92,0.50,Neutro
2014-10-17,3729.18,3275.25,2821.32,27.72,0.53,Neutro
2014-10-20,3687.83,3239.78,2791.72,27.66,0.14,Neutro
2014-10-21,3687.18,3237.30,2787.42,27.79,0.39,Neutro
2014-10-22,3689.12,3233.18,2777.23,28.20,0.28,Neutro
2014-10-23,3684.63,3237.30,2789.97,27.64,0.29,Neutro
2014-10-24,3700.68,3223.28,2745.87,29.62,0.11,Neutro
2014-10-27,3713.23,3196.88,2680.52,32.30,0.09,Neutro
2014-10-28,3714.46,3172.12,2629.79,34.19,0.16,Neutro
2014-10-29,3609.99,3133.35,2656.71,30.42,0.33,Neutro
2014-10-30,3528.90,3092.10,2655.30,28.25,0.17,Neutro
2014-10-31,3523.93,3060.75,2597.57,30.27,0.08,Neutro
2014-11-03,3478.01,3019.50,2560.99,30.37,0.09,Neutro
2014-11-04,3477.17,2978.25,2479.33,33.50,-0.00,Sobrevendido
2014-11-05,3476.17,2949.38,2422.58,35.72,0.13,Neutro
2014-11-06,3477.32,2932.88,2388.43,37.13,0.23,Neutro
2014-11-07,3478.58,2936.18,2393.77,36.95,0.46,Neutro
2014-11-10,3429.71,2906.48,2383.24,36.00,0.31,Neutro
2014-11-11,3373.10,2875.95,2378.80,34.57,0.31,Neutro
2014-11-12,3326.16,2832.22,2338.29,34.88,0.09,Neutro
2014-11-13,3247.31,2800.05,2352.79,31.95,0.34,Neutro
2014-11-14,3151.89,2770.35,2388.81,27.54,0.42,Neutro
2014-11-17,3135.24,2756.32,2377.41,27.49,0.35,Neutro
2014-11-18,3070.12,2735.70,2401.28,24.45,0.48,Neutro
2014-11-19,3025.54,2710.12,2394.71,23.28,0.21,Neutro
2014-11-20,2970.98,2680.42,2389.87,21.68,0.12,Neutro
2014-11-21,2960.58,2658.15,2355.72,22.75,0.09,Neutro
2014-11-24,2955.26,2640.82,2326.39,23.81,0.16,Neutro
2014-11-25,2937.11,2624.32,2311.54,23.84,0.26,Neutro
2014-11-26,2874.24,2607.00,2339.76,20.50,0.53,Neutro
2014-11-28,2845.69,2594.62,2343.56,19.35,0.43,Neutro
2014-12-01,2837.63,2588.85,2340.07,19.22,0.44,Neutro
2014-12-02,2836.20,2588.02,2339.85,19.18,0.57,Neutro
2014-12-03,2834.88,2590.50,2346.12,18.87,0.36,Neutro
2014-12-04,2835.84,2586.38,2336.91,19.29,0.28,Neutro
2014-12-05,2867.19,2564.10,2261.01,23.64,0.00,Sobrevendido
2014-12-08,2812.88,2537.70,2262.52,21.69,0.18,Neutro
2014-12-09,2824.16,2509.65,2195.14,25.06,0.00,Sobrevendido
2014-12-10,2848.94,2475.82,2102.71,30.14,0.00,Sobrevendido
2014-12-11,2949.44,2439.52,1929.61,41.80,0.00,Sobrevendido
2014-12-12,2988.13,2391.68,1795.22,49.88,0.00,Sobrevendido
2014-12-15,2993.39,2341.35,1689.31,55.70,0.01,Neutro
2014-12-16,2981.83,2297.62,1613.42,59.56,0.11,Neutro
2014-12-17,2935.55,2253.90,1572.25,60.49,0.20,Neutro
2014-12-18,2929.87,2210.18,1490.48,65.13,0.11,Neutro
2014-12-19,2915.07,2173.05,1431.03,68.29,0.19,Neutro
2014-12-22,2897.45,2139.22,1381.00,70.89,0.23,Neutro
2014-12-23,2867.56,2108.70,1349.84,71.97,0.31,Neutro
2014-12-24,2823.80,2079.82,1335.85,71.54,0.38,Neutro
2014-12-26,2745.41,2041.88,1338.34,68.91,0.37,Neutro
2014-12-29,2670.98,2005.58,1340.17,66.36,0.37,Neutro
2014-12-30,2585.28,1968.45,1351.62,62.67,0.38,Neutro
2014-12-31,2470.89,1936.28,1401.66,55.22,0.54,Neutro
2015-01-02,2367.58,1909.05,1450.52,48.04,0.58,Neutro
2015-01-05,2260.19,1884.30,1508.41,39.90,0.63,Neutro
2015-01-06,2214.17,1867.80,1521.43,37.09,0.50,Neutro
2015-01-07,2102.14,1843.88,1585.61,28.01,0.57,Neutro
2015-01-08,2049.22,1819.12,1589.03,25.30,0.13,Neutro
2015-01-09,2019.07,1805.10,1591.13,23.71,0.33,Neutro
2015-01-12,2033.31,1798.50,1563.69,26.11,0.01,Neutro
2015-01-13,2058.48,1787.78,1517.07,30.28,0.00,Sobrevendido
2015-01-14,2060.27,1785.30,1510.33,30.80,0.25,Neutro
2015-01-15,2090.59,1797.68,1504.76,32.59,0.87,Neutro
2015-01-16,2088.12,1796.02,1503.93,32.53,0.53,Neutro
2015-01-20,2088.12,1796.02,1503.93,32.53,0.25,Neutro
2015-01-21,2090.07,1792.72,1495.38,33.17,0.26,Neutro
2015-01-22,2091.69,1788.60,1485.51,33.89,0.27,Neutro
2015-01-23,2090.07,1779.52,1468.98,34.90,0.26,Neutro
2015-01-26,2081.50,1775.40,1469.30,34.48,0.56,Neutro
2015-01-27,2072.66,1764.68,1456.69,34.91,0.31,Neutro
2015-01-28,2065.98,1755.60,1445.22,35.36,0.33,Neutro
2015-01-29,2059.85,1747.35,1434.85,35.77,0.34,Neutro
2015-01-30,2035.92,1722.60,1409.28,36.38,0.12,Neutro
2015-02-02,2007.15,1714.35,1421.55,34.16,0.67,Neutro
2015-02-03,1975.77,1706.10,1436.43,31.61,0.70,Neutro
2015-02-04,1992.33,1710.22,1428.12,32.99,0.92,Neutro
2015-02-05,1982.08,1706.92,1431.77,32.24,0.70,Neutro
2015-02-06,2022.73,1723.42,1424.12,34.73,0.93,Neutro
2015-02-09,2040.96,1731.68,1422.39,35.72,0.77,Neutro
2015-02-10,2110.46,1760.55,1410.64,39.75,1.00,Sobrecomprado
2015-02-11,2132.10,1787.78,1443.45,38.52,0.85,Neutro
2015-02-12,2224.98,1819.95,1414.92,44.51,1.00,Sobrecomprado
2015-02-13,2513.04,1866.98,1220.91,69.21,1.00,Sobrecomprado
2015-02-17,2850.04,1941.22,1032.41,93.63,1.00,Sobrecomprado
2015-02-18,3104.52,2023.72,942.93,106.81,1.00,Sobrecomprado
2015-02-19,3563.03,2147.48,731.92,131.83,1.00,Sobrecomprado
2015-02-20,4215.44,2317.43,419.41,163.80,1.00,Sobrecomprado
2015-02-23,4440.99,2434.57,428.16,164.83,0.88,Neutro
2015-02-24,4611.52,2535.22,458.93,163.80,0.81,Neutro
2015-02-25,4788.14,2654.02,519.91,160.82,0.82,Neutro
2015-02-26,5017.39,2794.28,571.16,159.12,0.87,Neutro
2015-02-27,5207.06,2934.52,661.99,154.88,0.83,Neutro
2015-03-02,5322.12,3076.42,830.73,145.99,0.78,Neutro
2015-03-03,5528.06,3229.05,930.04,142.40,0.86,Neutro
2015-03-04,5666.90,3375.08,1083.25,135.81,0.80,Neutro
2015-03-05,5787.84,3516.98,1246.11,129.14,0.78,Neutro
2015-03-06,5870.72,3670.42,1470.13,119.89,0.78,Neutro
2015-03-09,5951.95,3823.05,1694.15,111.37,0.78,Neutro
2015-03-10,5974.18,3981.45,1988.72,100.10,0.77,Neutro
2015-03-11,5956.61,4120.88,2285.14,89.09,0.72,Neutro
2015-03-12,5803.22,4247.10,2690.98,73.28,0.60,Neutro
2015-03-13,5602.50,4346.92,3091.35,57.77,0.48,Neutro
2015-03-16,5490.12,4393.95,3297.78,49.89,0.27,Neutro
2015-03-17,5431.27,4417.88,3404.48,45.88,0.18,Neutro
2015-03-18,5367.69,4439.32,3510.96,41.82,0.12,Neutro
2015-03-19,5391.96,4419.52,3447.09,44.01,0.14,Neutro
2015-03-20,5310.69,4365.08,3419.46,43.33,0.29,Neutro
2015-03-23,5312.00,4363.42,3414.85,43.48,0.28,Neutro
2015-03-24,5351.50,4344.45,3337.40,46.36,0.06,Neutro
2015-03-25,5372.80,4324.65,3276.50,48.47,0.17,Neutro
2015-03-26,5382.38,4278.45,3174.52,51.60,0.16,Neutro
2015-03-27,5387.00,4228.95,3070.90,54.77,0.17,Neutro
2015-03-30,5390.78,4186.88,2982.97,57.51,0.21,Neutro
2015-03-31,5305.13,4141.50,2977.87,56.19,0.42,Neutro
2015-04-01,5232.79,4097.77,2962.76,55.40,0.40,Neutro
2015-04-02,5142.72,4048.28,2953.83,54.07,0.38,Neutro
2015-04-06,5020.82,3997.95,2975.08,51.17,0.44,Neutro
2015-04-07,4842.51,3921.22,2999.94,46.99,0.27,Neutro
2015-04-08,4606.97,3843.68,3080.38,39.72,0.28,Neutro
2015-04-09,4349.04,3775.20,3201.36,30.40,0.32,Neutro
2015-04-10,4206.65,3708.38,3210.10,26.87,0.01,Neutro
2015-04-13,4094.17,3667.12,3240.08,23.29,0.26,Neutro
2015-04-14,4066.27,3651.45,3236.63,22.72,0.41,Neutro
2015-04-15,4154.39,3672.90,3191.41,26.22,1.00,Sobrecomprado
2015-04-16,4388.18,3721.58,3054.97,35.82,1.00,Sobrecomprado
2015-04-17,4522.02,3762.00,3001.98,40.41,1.00,Sobrecomprado
2015-04-20,4542.80,3770.25,2997.70,40.98,0.73,Neutro
2015-04-21,4529.41,3761.18,2992.94,40.85,0.50,Neutro
2015-04-22,4527.64,3771.90,3016.16,40.07,0.43,Neutro
2015-04-23,4532.96,3780.15,3027.34,39.83,0.51,Neutro
2015-04-24,4533.72,3789.22,3044.73,39.30,0.45,Neutro
2015-04-27,4530.41,3797.48,3064.54,38.60,0.39,Neutro
2015-04-28,4542.04,3821.40,3100.76,37.72,0.60,Neutro
2015-04-29,4537.90,3818.92,3099.95,37.65,0.56,Neutro
2015-04-30,4545.43,3823.88,3102.32,37.74,0.59,Neutro
2015-05-01,4583.40,3843.68,3103.95,38.49,0.73,Neutro
2015-05-04,4589.24,3847.80,3106.36,38.54,0.58,Neutro
2015-05-05,4591.00,3846.15,3101.30,38.73,0.24,Neutro
2015-05-06,4589.13,3860.18,3131.22,37.77,0.46,Neutro
2015-05-07,4586.92,3868.42,3149.93,37.15,0.40,Neutro
2015-05-08,4548.60,3893.18,3237.75,33.67,0.36,Neutro
2015-05-11,4556.74,3889.05,3221.36,34.34,0.12,Neutro
2015-05-12,4564.07,3883.28,3202.48,35.06,0.19,Neutro
2015-05-13,4533.45,3846.15,3158.85,35.74,0.22,Neutro
2015-05-14,4360.87,3784.28,3207.68,30.47,0.22,Neutro
2015-05-15,4230.44,3718.28,3206.11,27.55,0.01,Neutro
2015-05-18,4214.39,3666.30,3118.21,29.90,0.00,Sobrevendido
2015-05-19,4229.73,3634.95,3040.17,32.73,0.08,Neutro
2015-05-20,4234.39,3613.50,2992.61,34.37,0.19,Neutro
2015-05-21,4261.57,3568.12,2874.68,38.87,0.01,Neutro
2015-05-22,4251.14,3542.55,2833.96,40.00,0.26,Neutro
2015-05-26,4249.92,3516.15,2782.38,41.74,0.22,Neutro
2015-05-27,4205.01,3468.30,2731.59,42.48,0.18,Neutro
2015-05-28,4200.43,3403.95,2607.47,46.80,0.01,Neutro
2015-05-29,4158.81,3337.95,2517.09,49.18,0.07,Neutro
2015-06-01,4039.76,3257.92,2476.09,48.00,0.07,Neutro
2015-06-02,3992.75,3175.42,2358.10,51.48,0.00,Sobrevendido
2015-06-03,4034.38,3109.42,2184.47,59.49,0.00,Sobrevendido
2015-06-04,3972.67,3032.70,2092.73,61.99,0.09,Neutro
2015-06-05,3911.08,2954.32,1997.57,64.77,0.09,Neutro
2015-06-08,3812.14,2884.20,1956.26,64.35,0.19,Neutro
2015-06-09,3750.15,2847.08,1944.00,63.44,0.39,Neutro
2015-06-10,3678.70,2821.50,1964.30,60.76,0.58,Neutro
2015-06-11,3585.98,2772.00,1958.02,58.73,0.32,Neutro
2015-06-12,3476.61,2725.80,1974.99,55.09,0.38,Neutro
2015-06-15,3448.98,2717.55,1986.12,53.83,0.73,Neutro
2015-06-16,3478.13,2725.80,1973.47,55.20,0.85,Neutro
2015-06-17,3465.42,2721.68,1977.93,54.65,0.72,Neutro
2015-06-18,3471.98,2723.32,1974.67,54.98,0.86,Neutro
2015-06-19,3486.96,2729.92,1972.89,55.46,0.69,Neutro
2015-06-22,3432.92,2708.48,1984.03,53.49,0.54,Neutro
2015-06-23,3392.16,2691.15,1990.14,52.10,0.55,Neutro
2015-06-24,3358.79,2658.98,1959.16,52.64,0.29,Neutro
2015-06-25,3374.82,2633.40,1891.98,56.31,0.15,Neutro
2015-06-26,3370.09,2625.98,1881.86,56.67,0.41,Neutro
2015-06-29,3376.00,2605.35,1834.70,59.16,0.22,Neutro
2015-06-30,3390.97,2629.28,1867.58,57.94,0.60,Neutro
2015-07-01,3377.98,2649.90,1921.82,54.95,0.44,Neutro
2015-07-02,3370.65,2660.62,1950.60,53.37,0.37,Neutro
2015-07-06,3352.99,2676.30,1999.61,50.57,0.35,Neutro
2015-07-07,3351.03,2677.95,2004.87,50.27,0.25,Neutro
2015-07-08,3367.31,2653.20,1939.09,53.83,0.14,Neutro
2015-07-09,3346.57,2612.78,1878.98,56.17,0.18,Neutro
2015-07-10,3346.57,2612.78,1878.98,56.17,0.41,Neutro
2015-07-13,3345.22,2609.48,1873.73,56.39,0.41,Neutro
2015-07-14,3293.79,2588.02,1882.26,54.54,0.53,Neutro
2015-07-15,3183.34,2549.25,1915.16,49.75,0.44,Neutro
2015-07-16,3108.42,2519.55,1930.68,46.74,0.45,Neutro
2015-07-17,2949.99,2471.70,1993.41,38.70,0.33,Neutro
2015-07-20,2843.40,2436.22,2029.05,33.43,0.34,Neutro
2015-07-21,2799.55,2404.88,2010.20,32.82,0.17,Neutro
2015-07-22,2742.68,2381.78,2020.87,30.31,0.38,Neutro
2015-07-23,2743.21,2374.35,2005.49,31.07,0.28,Neutro
2015-07-24,2735.04,2380.12,2025.21,29.82,0.28,Neutro
2015-07-27,2726.28,2364.45,2002.62,30.61,0.24,Neutro
2015-07-28,2747.37,2354.55,1961.73,33.37,0.02,Neutro
2015-07-29,2682.44,2314.95,1947.46,31.75,0.07,Neutro
2015-07-30,2663.93,2286.07,1908.22,33.06,0.09,Neutro
2015-07-31,2661.59,2257.20,1852.81,35.83,0.06,Neutro
2015-08-03,2642.66,2231.62,1820.59,36.84,0.17,Neutro
2015-08-04,2635.71,2213.48,1791.24,38.15,0.22,Neutro
2015-08-05,2635.68,2210.18,1784.67,38.50,0.35,Neutro
2015-08-06,2643.50,2217.60,1791.70,38.41,0.59,Neutro
2015-08-07,2618.78,2208.52,1798.27,37.15,0.60,Neutro
2015-08-10,2594.28,2200.28,1806.27,35.81,0.64,Neutro
2015-08-11,2557.80,2192.85,1827.90,33.29,0.89,Neutro
2015-08-12,2598.89,2201.10,1803.31,36.14,1.00,Sobrecomprado
2015-08-13,2631.30,2208.52,1785.75,38.29,0.97,Neutro
2015-08-14,2654.08,2216.78,1779.47,39.45,0.80,Neutro
2015-08-17,2737.47,2239.05,1740.63,44.52,1.00,Sobrecomprado
2015-08-18,2790.89,2263.80,1736.71,46.57,0.86,Neutro
2015-08-19,2822.86,2277.82,1732.79,47.86,0.77,Neutro
2015-08-20,2850.71,2294.32,1737.94,48.50,0.72,Neutro
2015-08-21,2873.84,2309.18,1744.51,48.91,0.69,Neutro
2015-08-24,2888.08,2323.20,1758.32,48.63,0.62,Neutro
2015-08-25,2895.99,2349.60,1803.21,46.51,0.64,Neutro
2015-08-26,2885.43,2361.98,1838.52,44.32,0.39,Neutro
2015-08-27,2890.71,2391.68,1892.64,41.73,0.68,Neutro
2015-08-28,2860.53,2418.90,1977.27,36.51,0.53,Neutro
2015-08-31,2827.57,2441.18,2054.78,31.66,0.46,Neutro
2015-09-01,2783.63,2459.32,2135.02,26.37,0.32,Neutro
2015-09-02,2749.72,2472.52,2195.33,22.42,0.27,Neutro
2015-09-03,2779.12,2493.98,2208.83,22.87,0.90,Neutro
2015-09-04,2772.44,2503.05,2233.66,21.52,0.45,Neutro
2015-09-08,2779.41,2519.55,2259.69,20.63,0.73,Neutro
2015-09-09,2784.56,2524.50,2264.44,20.60,0.60,Neutro
2015-09-10,2771.93,2512.95,2253.97,20.61,0.30,Neutro
2015-09-11,2761.65,2505.52,2249.40,20.44,0.41,Neutro
2015-09-14,2780.31,2492.32,2204.34,23.11,0.01,Neutro
2015-09-15,2764.42,2460.98,2157.53,24.66,0.00,Sobrevendido
2015-09-16,2756.12,2437.05,2117.98,26.18,0.07,Neutro
2015-09-17,2740.39,2425.50,2110.61,25.96,0.37,Neutro
2015-09-18,2728.93,2412.30,2095.67,26.25,0.29,Neutro
2015-09-21,2718.04,2399.10,2080.16,26.59,0.28,Neutro
2015-09-22,2743.34,2375.18,2007.01,31.00,0.00,Sobrevendido
2015-09-23,2748.69,2349.60,1950.51,33.97,0.06,Neutro
2015-09-24,2757.57,2340.52,1923.48,35.64,0.17,Neutro
2015-09-25,2729.06,2319.90,1910.74,35.27,0.31,Neutro
2015-09-28,2717.09,2305.05,1893.01,35.75,0.31,Neutro
2015-09-29,2707.25,2291.02,1874.80,36.34,0.30,Neutro
2015-09-30,2713.87,2271.22,1828.58,38.98,0.13,Neutro
2015-10-01,2716.97,2250.60,1784.23,41.44,0.16,Neutro
2015-10-02,2643.29,2210.18,1777.06,39.19,0.16,Neutro
2015-10-05,2623.71,2178.00,1732.29,40.93,0.11,Neutro
2015-10-06,2541.72,2145.00,1748.28,36.99,0.29,Neutro
2015-10-07,2462.66,2115.30,1767.94,32.84,0.31,Neutro
2015-10-08,2419.16,2100.45,1781.74,30.35,0.52,Neutro
2015-10-09,2353.96,2083.12,1812.29,26.00,0.55,Neutro
2015-10-12,2351.59,2082.30,1813.01,25.86,0.71,Neutro
2015-10-13,2348.23,2079.82,1811.42,25.81,0.50,Neutro
2015-10-14,2341.34,2075.70,1810.06,25.60,0.51,Neutro
2015-10-15,2315.36,2069.93,1824.49,23.71,0.82,Neutro
2015-10-16,2291.82,2063.32,1834.83,22.15,0.68,Neutro
2015-10-19,2284.59,2061.68,1838.76,21.62,0.87,Neutro
2015-10-20,2305.20,2074.05,1842.90,22.29,0.83,Neutro
2015-10-21,2308.57,2079.82,1851.08,22.00,0.57,Neutro
2015-10-22,2325.10,2067.45,1809.80,24.92,0.01,Neutro
2015-10-23,2314.86,2058.38,1801.89,24.92,0.35,Neutro
2015-10-26,2307.65,2046.82,1786.00,25.49,0.25,Neutro
2015-10-27,2319.90,2027.02,1734.15,28.90,-0.00,Sobrevendido
2015-10-28,2338.32,2015.48,1692.63,32.04,0.04,Neutro
2015-10-29,2338.48,2017.12,1695.77,31.86,0.42,Neutro
2015-10-30,2338.36,2019.60,1700.84,31.57,0.41,Neutro
2015-11-02,2357.94,2011.35,1664.76,34.46,0.00,Neutro
2015-11-03,2360.51,2003.10,1645.69,35.69,0.24,Neutro
2015-11-04,2361.99,1994.85,1627.71,36.81,0.26,Neutro
2015-11-05,2356.51,1975.88,1595.24,38.53,0.18,Neutro
2015-11-06,2343.75,1959.38,1575.00,39.23,0.27,Neutro
2015-11-09,2313.29,1944.52,1575.76,37.93,0.44,Neutro
2015-11-10,2298.72,1931.32,1563.93,38.05,0.34,Neutro
2015-11-11,2285.68,1913.18,1540.67,38.94,0.24,Neutro
2015-11-12,2236.35,1892.55,1548.75,36.33,0.39,Neutro
2015-11-13,2210.03,1884.30,1558.57,34.57,0.65,Neutro
2015-11-16,2152.86,1856.25,1559.64,31.96,0.18,Neutro
2015-11-17,2075.07,1834.80,1594.53,26.19,0.42,Neutro
2015-11-18,2062.22,1801.80,1541.38,28.91,0.00,Sobrevendido
2015-11-19,2060.15,1799.32,1538.50,28.99,0.44,Neutro
2015-11-20,2037.20,1782.82,1528.45,28.54,0.24,Neutro
2015-11-23,2026.09,1767.15,1508.21,29.31,0.18,Neutro
2015-11-24,2026.87,1763.02,1499.18,29.93,0.29,Neutro
2015-11-25,2027.66,1759.72,1491.79,30.45,0.30,Neutro
2015-11-27,1998.12,1744.05,1489.98,29.14,0.31,Neutro
2015-11-30,1994.38,1743.22,1492.07,28.81,0.91,Neutro
2015-12-01,2153.98,1778.70,1403.42,42.20,1.00,Sobrecomprado
2015-12-02,2351.97,1819.12,1286.28,58.58,1.00,Sobrecomprado
2015-12-03,2507.38,1860.38,1213.37,69.56,1.00,Sobrecomprado
2015-12-04,2563.21,1889.25,1215.29,71.35,0.81,Neutro
2015-12-07,2612.89,1915.65,1218.41,72.79,0.78,Neutro
2015-12-08,2638.68,1930.50,1222.32,73.37,0.69,Neutro
2015-12-09,2649.83,1942.05,1234.27,72.89,0.57,Neutro
2015-12-10,2677.97,1967.62,1257.28,72.20,0.68,Neutro
2015-12-11,2694.88,1984.12,1273.37,71.64,0.61,Neutro
2015-12-14,2706.75,1992.38,1278.00,71.71,0.61,Neutro
2015-12-15,2735.08,2024.55,1314.02,70.19,0.70,Neutro
2015-12-16,2753.69,2046.00,1338.31,69.18,0.63,Neutro
2015-12-17,2738.34,2084.78,1431.21,62.70,0.61,Neutro
2015-12-18,2733.87,2095.50,1457.13,60.93,0.41,Neutro
2015-12-21,2723.58,2102.10,1480.62,59.13,0.24,Neutro
2015-12-22,2704.55,2112.82,1521.10,56.01,0.25,Neutro
2015-12-23,2685.70,2125.20,1564.70,52.75,0.30,Neutro
2015-12-24,2663.78,2137.57,1611.37,49.23,0.27,Neutro
2015-12-28,2633.97,2155.72,1677.48,44.37,0.35,Neutro
2015-12-29,2646.14,2147.48,1648.81,46.44,0.13,Neutro
2015-12-30,2627.00,2119.43,1611.85,47.90,0.20,Neutro
2015-12-31,2540.25,2083.12,1626.00,43.89,0.30,Neutro
2016-01-04,2426.49,2046.82,1667.16,37.10,0.33,Neutro
2016-01-05,2411.98,2042.70,1673.42,36.16,0.75,Neutro
2016-01-06,2383.66,2033.62,1683.59,34.42,0.64,Neutro
2016-01-07,2375.18,2030.32,1685.47,33.97,0.64,Neutro
2016-01-08,2377.46,2031.98,1686.49,34.00,0.57,Neutro
2016-01-11,2393.19,2036.10,1679.01,35.08,0.88,Neutro
2016-01-12,2393.19,2036.10,1679.01,35.08,0.65,Neutro
2016-01-13,2393.19,2036.10,1679.01,35.08,0.65,Neutro
2016-01-14,2377.46,2031.98,1686.49,34.00,0.78,Neutro
2016-01-15,2377.46,2031.98,1686.49,34.00,0.78,Neutro
2016-01-19,2353.12,2019.60,1686.08,33.03,0.44,Neutro
2016-01-20,2352.62,2017.95,1683.28,33.17,0.39,Neutro
2016-01-21,2355.94,2036.10,1716.26,31.42,0.67,Neutro
2016-01-22,2350.03,2040.22,1730.42,30.37,0.27,Neutro
2016-01-25,2355.94,2036.10,1716.26,31.42,0.15,Neutro
2016-01-26,2361.33,2031.98,1702.62,32.42,0.17,Neutro
2016-01-27,2360.41,2030.32,1700.24,32.52,0.42,Neutro
2016-01-28,2360.49,2048.48,1736.46,30.46,0.65,Neutro
2016-01-29,2359.41,2064.98,1770.54,28.52,0.64,Neutro
2016-02-01,2362.82,2077.35,1791.88,27.48,0.62,Neutro
2016-02-02,2361.37,2086.43,1811.48,26.36,0.52,Neutro
2016-02-03,2347.87,2080.65,1813.43,25.69,0.56,Neutro
2016-02-04,2343.08,2073.22,1803.37,26.03,0.33,Neutro
2016-02-05,2338.55,2069.93,1801.30,25.96,0.49,Neutro
2016-02-08,2340.84,2071.57,1802.31,26.00,0.58,Neutro
2016-02-09,2307.57,2061.68,1815.78,23.85,0.60,Neutro
2016-02-10,2320.20,2065.80,1811.40,24.63,0.82,Neutro
2016-02-11,2318.43,2051.78,1785.12,25.99,0.15,Neutro
2016-02-12,2297.18,2043.52,1789.87,24.83,0.54,Neutro
2016-02-16,2298.54,2017.12,1735.71,27.90,0.00,Sobrevendido
2016-02-17,2305.74,2008.05,1710.36,29.65,0.15,Neutro
2016-02-18,2306.33,2009.70,1713.07,29.52,0.45,Neutro
2016-02-19,2291.34,2001.45,1711.56,28.97,0.46,Neutro
2016-02-22,2306.33,1992.38,1678.42,31.52,0.06,Neutro
2016-02-23,2302.51,1997.32,1692.14,30.56,0.36,Neutro
2016-02-24,2298.69,2005.58,1712.46,29.23,0.46,Neutro
2016-02-25,2298.69,2005.58,1712.46,29.23,0.46,Neutro
2016-02-26,2286.26,1989.08,1691.89,29.88,0.21,Neutro
2016-02-29,2267.30,1975.88,1684.45,29.50,0.34,Neutro
2016-03-01,2245.66,1964.32,1682.99,28.64,0.41,Neutro
2016-03-02,2230.21,1954.42,1678.64,28.22,0.40,Neutro
2016-03-03,2210.92,1940.40,1669.88,27.88,0.30,Neutro
2016-03-04,2207.60,1932.15,1656.70,28.51,0.29,Neutro
2016-03-07,2192.80,1919.78,1646.75,28.44,0.31,Neutro
2016-03-08,2166.44,1904.10,1641.76,27.56,0.30,Neutro
2016-03-09,2147.59,1881.00,1614.41,28.35,0.07,Neutro
2016-03-10,2083.47,1852.12,1620.78,24.98,0.06,Neutro
2016-03-11,2089.60,1841.40,1593.20,26.96,0.11,Neutro
2016-03-14,2055.17,1829.85,1604.53,24.63,0.50,Neutro
2016-03-15,2053.27,1836.45,1619.63,23.61,0.49,Neutro
2016-03-16,2060.96,1829.02,1597.09,25.36,0.11,Neutro
2016-03-17,2040.47,1818.30,1596.13,24.44,0.38,Neutro
2016-03-18,2022.42,1801.80,1581.18,24.49,0.16,Neutro
2016-03-21,2026.38,1798.50,1570.62,25.34,0.17,Neutro
2016-03-22,2024.26,1781.18,1538.09,27.29,0.06,Neutro
2016-03-23,1995.42,1764.68,1533.93,26.15,0.25,Neutro
2016-03-24,1979.45,1739.92,1500.40,27.53,0.00,Sobrevendido
2016-03-28,1993.31,1720.95,1448.59,31.65,0.00,Sobrevendido
2016-03-29,1981.96,1701.15,1420.34,33.01,0.12,Neutro
2016-03-30,1978.54,1672.28,1366.01,36.63,0.00,Sobrevendido
2016-03-31,1949.50,1651.65,1353.80,36.07,0.22,Neutro
2016-04-01,1933.34,1645.88,1358.41,34.93,0.62,Neutro
2016-04-04,1913.83,1629.38,1344.92,34.92,0.25,Neutro
2016-04-05,1896.65,1623.60,1350.55,33.64,0.64,Neutro
2016-04-06,1874.62,1607.92,1341.23,33.17,0.27,Neutro
2016-04-07,1871.06,1599.68,1328.29,33.93,0.29,Neutro
2016-04-08,1871.06,1599.68,1328.29,33.93,0.59,Neutro
2016-04-11,1876.37,1584.82,1293.28,36.79,0.10,Neutro
2016-04-12,1845.66,1560.90,1276.14,36.49,0.13,Neutro
2016-04-13,1806.79,1550.18,1293.56,33.11,0.63,Neutro
2016-04-14,1805.27,1533.68,1262.08,35.42,0.11,Neutro
2016-04-15,1769.85,1515.52,1261.20,33.56,0.28,Neutro
2016-04-18,1753.82,1507.28,1260.73,32.71,0.45,Neutro
2016-04-19,1736.33,1499.02,1261.72,31.66,0.47,Neutro
2016-04-20,1729.49,1494.08,1258.66,31.51,0.45,Neutro
2016-04-21,1714.84,1476.75,1238.66,32.25,0.14,Neutro
2016-04-22,1714.51,1470.15,1225.79,33.24,0.26,Neutro
2016-04-25,1718.96,1474.28,1229.59,33.19,0.59,Neutro
2016-04-26,1717.03,1471.80,1226.57,33.32,0.43,Neutro
2016-04-27,1771.50,1494.90,1218.30,37.01,1.00,Sobrecomprado
2016-04-28,1770.28,1492.42,1214.57,37.24,0.40,Neutro
2016-04-29,1745.73,1469.32,1192.92,37.62,0.11,Neutro
2016-05-02,1746.85,1470.15,1193.45,37.64,0.56,Neutro
2016-05-03,1713.32,1451.18,1189.03,36.13,0.25,Neutro
2016-05-04,1710.91,1442.92,1174.94,37.14,0.27,Neutro
2016-05-05,1727.66,1424.78,1121.89,42.52,0.00,Neutro
2016-05-06,1720.61,1395.08,1069.54,46.67,0.00,Sobrevendido
2016-05-09,1729.28,1384.35,1039.42,49.83,0.14,Neutro
2016-05-10,1730.17,1377.75,1025.33,51.16,0.28,Neutro
2016-05-11,1717.69,1347.22,976.76,55.00,0.04,Neutro
2016-05-12,1719.21,1338.98,958.74,56.79,0.26,Neutro
2016-05-13,1718.08,1323.30,928.52,59.67,0.20,Neutro
2016-05-16,1704.92,1302.68,900.43,61.76,0.21,Neutro
2016-05-17,1693.62,1277.92,862.23,65.06,0.15,Neutro
2016-05-18,1686.60,1249.88,813.15,69.88,0.11,Neutro
2016-05-19,1685.10,1234.20,783.30,73.07,0.23,Neutro
2016-05-20,1673.33,1219.35,765.37,74.46,0.32,Neutro
2016-05-23,1635.88,1192.12,748.37,74.45,0.25,Neutro
2016-05-24,1610.21,1166.55,722.89,76.06,0.23,Neutro
2016-05-25,1461.90,1132.72,803.55,58.12,0.48,Neutro
2016-05-26,1411.96,1114.58,817.19,53.36,0.43,Neutro
2016-05-27,1395.96,1105.50,815.04,52.55,0.44,Neutro
2016-05-31,1307.63,1084.88,862.12,41.07,0.51,Neutro
2016-06-01,1273.09,1063.42,853.76,39.43,0.09,Neutro
2016-06-02,1224.02,1043.62,863.23,34.57,0.17,Neutro
2016-06-03,1215.41,1038.68,861.94,34.03,0.46,Neutro
2016-06-06,1213.30,1036.20,859.10,34.18,0.42,Neutro
2016-06-07,1281.55,1048.58,815.60,44.44,1.00,Sobrecomprado
2016-06-08,1387.53,1065.90,744.27,60.35,1.00,Sobrecomprado
2016-06-09,1455.85,1089.00,722.15,67.37,1.00,Sobrecomprado
2016-06-10,1500.65,1103.03,705.40,72.10,0.92,Neutro
2016-06-13,1521.23,1113.75,706.27,73.17,0.73,Neutro
2016-06-14,1563.28,1131.90,700.52,76.22,0.85,Neutro
2016-06-15,1594.65,1152.53,710.40,76.72,0.78,Neutro
2016-06-16,1617.06,1177.28,737.49,74.71,0.76,Neutro
2016-06-17,1650.06,1201.20,752.34,74.74,0.80,Neutro
2016-06-20,1716.42,1230.90,745.38,78.89,0.93,Neutro
2016-06-21,1765.22,1263.90,762.58,79.33,0.87,Neutro
2016-06-22,1759.10,1283.70,808.30,74.07,0.54,Neutro
2016-06-23,1805.90,1310.10,814.30,75.69,0.84,Neutro
2016-06-24,1802.67,1317.52,832.38,73.64,0.40,Neutro
2016-06-27,1798.72,1324.95,851.18,71.52,0.39,Neutro
2016-06-28,1820.80,1348.88,876.95,69.97,0.73,Neutro
2016-06-29,1793.07,1362.08,931.08,63.29,0.26,Neutro
2016-06-30,1761.22,1380.22,999.23,55.21,0.38,Neutro
2016-07-01,1745.69,1386.82,1027.96,51.75,0.18,Neutro
2016-07-05,1725.03,1394.25,1063.47,47.45,0.14,Neutro
2016-07-06,1737.30,1379.40,1021.50,51.89,0.09,Neutro
2016-07-07,1724.24,1355.48,986.71,54.41,0.14,Neutro
2016-07-08,1714.93,1339.80,964.67,56.00,0.25,Neutro
2016-07-11,1705.40,1332.38,959.35,55.99,0.44,Neutro
2016-07-12,1705.05,1326.60,948.15,57.06,0.32,Neutro
2016-07-13,1695.47,1311.75,928.03,58.51,0.27,Neutro
2016-07-14,1697.96,1291.12,884.29,63.02,0.13,Neutro
2016-07-15,1695.00,1270.50,846.00,66.82,0.17,Neutro
2016-07-18,1677.97,1246.58,815.18,69.21,0.20,Neutro
2016-07-19,1625.71,1207.80,789.89,69.20,0.10,Neutro
2016-07-20,1551.81,1176.45,801.09,63.81,0.27,Neutro
2016-07-21,1551.67,1151.70,751.73,69.46,0.09,Neutro
2016-07-22,1448.28,1118.70,789.12,58.92,0.30,Neutro
2016-07-25,1437.83,1111.28,784.72,58.77,0.44,Neutro
2016-07-26,1426.70,1098.90,771.10,59.66,0.31,Neutro
2016-07-27,1315.82,1069.20,822.58,46.13,0.31,Neutro
2016-07-28,1312.19,1067.55,822.91,45.83,0.61,Neutro
2016-07-29,1284.93,1060.12,835.32,42.41,0.67,Neutro
2016-08-01,1284.93,1060.12,835.32,42.41,0.71,Neutro
2016-08-02,1282.58,1045.28,807.97,45.41,0.11,Neutro
2016-08-03,1277.92,1040.32,802.73,45.68,0.39,Neutro
2016-08-04,1272.83,1035.38,797.92,45.87,0.40,Neutro
2016-08-05,1262.75,1031.25,799.75,44.90,0.59,Neutro
2016-08-08,1221.62,1021.35,821.08,39.22,0.67,Neutro
2016-08-09,1196.00,1011.45,826.90,36.49,0.44,Neutro
2016-08-10,1178.73,1004.02,829.32,34.80,0.46,Neutro
2016-08-11,1178.73,1004.02,829.32,34.80,0.46,Neutro
2016-08-12,1181.77,1006.50,831.23,34.83,0.59,Neutro
2016-08-15,1198.59,1013.92,829.26,36.43,0.84,Neutro
2016-08-16,1192.87,1019.70,846.53,33.96,0.41,Neutro
2016-08-17,1210.35,1027.12,843.90,35.68,0.85,Neutro
2016-08-18,1228.02,1047.75,867.48,34.41,1.00,Sobrecomprado
2016-08-19,1256.93,1060.12,863.32,37.13,0.95,Neutro
2016-08-22,1268.07,1065.08,862.08,38.12,0.76,Neutro
2016-08-23,1276.13,1074.15,872.17,37.61,0.70,Neutro
2016-08-24,1289.86,1085.70,881.54,37.61,0.79,Neutro
2016-08-25,1286.28,1079.92,873.57,38.22,0.32,Neutro
2016-08-26,1288.22,1080.75,873.28,38.39,0.68,Neutro
2016-08-29,1286.28,1079.92,873.57,38.22,0.64,Neutro
2016-08-30,1273.14,1093.95,914.76,32.76,0.62,Neutro
2016-08-31,1274.64,1101.38,928.11,31.46,0.61,Neutro
2016-09-01,1271.37,1105.50,939.63,30.01,0.40,Neutro
2016-09-02,1273.37,1102.20,931.03,31.06,0.22,Neutro
2016-09-06,1301.94,1112.10,922.26,34.14,0.96,Neutro
2016-09-07,1299.66,1113.75,927.84,33.38,0.26,Neutro
2016-09-08,1299.23,1122.00,944.77,31.59,0.59,Neutro
2016-09-09,1302.10,1132.72,963.35,29.91,0.71,Neutro
2016-09-12,1329.55,1146.75,963.95,31.88,0.97,Neutro
2016-09-13,1354.25,1155.82,957.40,34.33,0.91,Neutro
2016-09-14,1353.52,1168.20,982.88,31.73,0.69,Neutro
2016-09-15,1373.61,1176.45,979.29,33.52,0.86,Neutro
2016-09-16,1428.59,1188.82,949.06,40.34,1.00,Sobrecomprado
2016-09-19,1438.99,1192.95,946.91,41.25,0.76,Neutro
2016-09-20,1470.94,1205.32,939.71,44.07,0.90,Neutro
2016-09-21,1502.80,1219.35,935.90,46.49,0.88,Neutro
2016-09-22,1530.19,1230.90,931.61,48.63,0.84,Neutro
2016-09-23,1539.70,1250.70,961.70,46.21,0.76,Neutro
2016-09-26,1555.99,1263.08,970.16,46.38,0.74,Neutro
2016-09-27,1558.71,1271.32,983.94,45.21,0.56,Neutro
2016-09-28,1570.47,1284.53,998.58,44.52,0.71,Neutro
2016-09-29,1586.81,1300.20,1013.59,44.09,0.76,Neutro
2016-09-30,1634.82,1329.08,1023.33,46.01,1.00,Sobrecomprado
2016-10-03,1831.07,1386.00,940.93,64.22,1.00,Sobrecomprado
2016-10-04,1940.31,1421.48,902.64,73.00,1.00,Sobrecomprado
2016-10-05,2145.26,1491.60,837.94,87.65,1.00,Sobrecomprado
2016-10-06,2291.24,1551.82,812.41,95.30,1.00,Sobrecomprado
2016-10-07,2400.50,1607.10,813.70,98.74,0.94,Neutro
2016-10-10,2483.09,1653.30,823.51,100.38,0.86,Neutro
2016-10-11,2597.92,1710.22,822.53,103.81,0.92,Neutro
2016-10-12,2679.47,1768.80,858.13,102.97,0.85,Neutro
2016-10-13,2739.35,1819.95,900.55,101.04,0.78,Neutro
2016-10-14,2791.30,1861.20,931.10,99.95,0.74,Neutro
2016-10-17,2850.99,1918.95,986.91,97.14,0.80,Neutro
2016-10-18,2898.89,1970.10,1041.31,94.29,0.75,Neutro
2016-10-19,2924.82,2016.30,1107.78,90.12,0.69,Neutro
2016-10-20,2918.13,2050.95,1183.77,84.56,0.54,Neutro
2016-10-21,2900.19,2088.07,1275.96,77.79,0.54,Neutro
2016-10-24,2878.70,2130.98,1383.25,70.18,0.59,Neutro
2016-10-25,2818.22,2178.82,1539.43,58.69,0.56,Neutro
2016-10-26,2769.39,2232.45,1695.51,48.10,0.73,Neutro
2016-10-27,2685.40,2283.60,1881.80,35.19,0.74,Neutro
2016-10-28,2593.91,2321.55,2049.19,23.46,0.66,Neutro
2016-10-31,2588.88,2328.98,2069.07,22.32,0.43,Neutro
2016-11-01,2572.60,2333.10,2093.60,20.53,0.00,Sobrevendido
2016-11-02,2610.96,2306.70,2002.44,26.38,0.00,Sobrevendido
2016-11-03,2671.91,2275.35,1878.79,34.86,0.00,Sobrevendido
2016-11-04,2676.26,2258.85,1841.44,36.96,0.17,Neutro
2016-11-07,2680.11,2262.15,1844.19,36.95,0.56,Neutro
2016-11-08,2663.16,2254.72,1846.29,36.23,0.57,Neutro
2016-11-09,2649.28,2247.30,1845.32,35.77,0.52,Neutro
2016-11-10,2639.20,2237.40,1835.60,35.92,0.39,Neutro
2016-11-11,2631.52,2227.50,1823.48,36.28,0.36,Neutro
2016-11-14,2606.03,2201.10,1796.17,36.79,0.19,Neutro
2016-11-15,2574.74,2182.95,1791.16,35.90,0.37,Neutro
2016-11-16,2561.34,2177.18,1793.01,35.29,0.59,Neutro
2016-11-17,2574.13,2186.25,1798.37,35.48,0.66,Neutro
2016-11-18,2585.69,2194.50,1803.31,35.65,0.65,Neutro
2016-11-21,2578.54,2186.25,1793.96,35.89,0.38,Neutro
2016-11-22,2576.39,2169.75,1763.11,37.48,0.21,Neutro
2016-11-23,2535.81,2142.52,1749.24,36.71,0.23,Neutro
2016-11-25,2484.91,2116.95,1748.99,34.76,0.29,Neutro
2016-11-28,2444.44,2102.93,1761.41,32.48,0.54,Neutro
2016-11-29,2422.21,2084.78,1747.34,32.37,0.27,Neutro
2016-11-30,2423.39,2075.70,1728.01,33.50,0.24,Neutro
2016-12-01,2429.96,2071.57,1713.19,34.60,0.14,Neutro
2016-12-02,2419.25,2075.70,1732.15,33.10,0.12,Neutro
2016-12-05,2437.82,2063.32,1688.83,36.30,0.06,Neutro
2016-12-06,2412.65,2036.92,1661.20,36.89,0.16,Neutro
2016-12-07,2394.31,2003.92,1613.54,38.96,0.05,Neutro
2016-12-08,2367.69,1976.70,1585.71,39.56,0.17,Neutro
2016-12-09,2349.13,1960.20,1571.27,39.68,0.31,Neutro
2016-12-12,2341.02,1937.92,1534.83,41.60,0.16,Neutro
2016-12-13,2338.10,1931.32,1524.55,42.12,0.36,Neutro
2016-12-14,2326.74,1925.55,1524.36,41.67,0.55,Neutro
2016-12-15,2292.81,1915.65,1538.49,39.38,0.67,Neutro
2016-12-16,2240.03,1903.28,1566.52,35.39,0.74,Neutro
2016-12-19,2167.25,1886.78,1606.30,29.73,0.67,Neutro
2016-12-20,2147.81,1881.00,1614.19,28.37,0.69,Neutro
2016-12-21,2186.95,1892.55,1598.15,31.11,0.96,Neutro
2016-12-22,2241.90,1908.22,1574.55,34.97,1.00,Sobrecomprado
2016-12-23,2317.79,1928.02,1538.26,40.43,1.00,Sobrecomprado
2016-12-27,2510.08,1961.85,1413.62,55.89,1.00,Sobrecomprado
2016-12-28,2745.40,2017.12,1288.85,72.21,1.00,Sobrecomprado
2016-12-29,2989.66,2083.95,1178.24,86.92,1.00,Sobrecomprado
2016-12-30,3084.36,2133.45,1182.54,89.14,0.85,Neutro
2017-01-03,3199.25,2191.20,1183.15,92.01,0.89,Neutro
2017-01-04,3278.46,2248.95,1219.44,91.55,0.81,Neutro
2017-01-05,3393.63,2316.60,1239.57,92.98,0.88,Neutro
2017-01-06,3506.09,2397.45,1288.81,92.48,0.89,Neutro
2017-01-09,3606.43,2476.65,1346.87,91.23,0.86,Neutro
2017-01-10,3686.60,2549.25,1411.90,89.23,0.82,Neutro
2017-01-11,3716.12,2625.15,1534.18,83.12,0.76,Neutro
2017-01-12,3729.92,2689.50,1649.08,77.37,0.70,Neutro
2017-01-13,3907.19,2787.68,1668.16,80.32,1.00,Sobrecomprado
2017-01-17,4815.55,2992.28,1169.00,121.87,1.00,Sobrecomprado
2017-01-18,5177.80,3151.50,1125.20,128.59,1.00,Sobrecomprado
2017-01-19,5490.41,3319.80,1149.19,130.77,0.97,Neutro
2017-01-20,5768.01,3493.88,1219.74,130.18,0.93,Neutro
2017-01-23,6062.20,3672.08,1281.95,130.18,0.93,Neutro
2017-01-24,6267.39,3837.08,1406.76,126.68,0.85,Neutro
2017-01-25,6480.64,4007.85,1535.06,123.40,0.86,Neutro
2017-01-26,6640.37,4144.80,1649.23,120.42,0.78,Neutro
2017-01-27,6735.59,4253.70,1771.81,116.69,0.69,Neutro
2017-01-30,6775.63,4331.25,1886.87,112.87,0.59,Neutro
2017-01-31,6740.68,4403.02,2065.37,106.18,0.47,Neutro
2017-02-01,6750.14,4502.02,2253.91,99.87,0.60,Neutro
2017-02-02,6715.64,4597.73,2479.81,92.13,0.55,Neutro
2017-02-03,6683.69,4680.23,2676.76,85.61,0.53,Neutro
2017-02-06,6638.61,4747.88,2857.14,79.65,0.47,Neutro
2017-02-07,6576.73,4799.85,3022.97,74.04,0.37,Neutro
2017-02-08,6494.51,4864.20,3233.89,67.03,0.40,Neutro
2017-02-09,6369.61,4931.85,3494.09,58.31,0.36,Neutro
2017-02-10,6178.83,4999.50,3820.17,47.18,0.27,Neutro
2017-02-13,6125.06,5025.90,3926.74,43.74,0.24,Neutro
2017-02-14,6004.90,4998.68,3992.45,40.26,0.80,Neutro
2017-02-15,6028.88,5008.58,3988.27,40.74,0.71,Neutro
2017-02-16,6006.42,4997.02,3987.63,40.40,0.56,Neutro
2017-02-17,5953.04,4965.68,3978.31,39.77,0.43,Neutro
2017-02-21,5867.56,4939.27,4010.99,37.59,0.64,Neutro
2017-02-22,5795.43,4911.23,4027.02,36.01,0.54,Neutro
2017-02-23,5671.26,4878.23,4085.19,32.51,0.65,Neutro
2017-02-24,5568.69,4839.45,4110.21,30.14,0.45,Neutro
2017-02-27,5533.54,4824.60,4115.66,29.39,0.57,Neutro
2017-02-28,5531.77,4813.88,4095.98,29.83,0.33,Neutro
2017-03-01,5507.30,4829.55,4151.80,28.07,0.30,Neutro
2017-03-02,5501.95,4803.15,4104.35,29.10,0.23,Neutro
2017-03-03,5501.02,4786.65,4072.28,29.85,0.28,Neutro
2017-03-06,5498.56,4771.80,4045.04,30.46,0.30,Neutro
2017-03-07,5527.32,4747.05,3966.78,32.87,0.10,Neutro
2017-03-08,5551.20,4733.85,3916.50,34.53,0.10,Neutro
2017-03-09,5558.50,4720.65,3882.80,35.50,0.24,Neutro
2017-03-10,5559.60,4714.88,3870.15,35.83,0.33,Neutro
2017-03-13,5578.04,4737.98,3897.91,35.46,0.61,Neutro
2017-03-14,5579.50,4749.52,3919.55,34.95,0.46,Neutro
2017-03-15,5431.57,4702.50,3973.43,31.01,0.47,Neutro
2017-03-16,5299.23,4655.48,4011.72,27.66,0.38,Neutro
2017-03-17,5247.57,4638.15,4028.73,26.28,0.61,Neutro
2017-03-20,5229.81,4627.42,4025.04,26.04,0.49,Neutro
2017-03-21,5138.96,4599.38,4059.79,23.46,0.53,Neutro
2017-03-22,5095.23,4584.52,4073.82,22.28,0.60,Neutro
2017-03-23,5014.14,4563.90,4113.66,19.73,0.65,Neutro
2017-03-24,5024.66,4567.20,4109.74,20.03,0.79,Neutro
2017-03-27,5202.97,4596.90,3990.83,26.37,1.00,Sobrecomprado
2017-03-28,5294.65,4629.08,3963.50,28.76,0.94,Neutro
2017-03-29,5390.26,4665.38,3940.49,31.08,0.92,Neutro
2017-03-30,5498.42,4714.05,3929.68,33.28,0.93,Neutro
2017-03-31,5724.32,4785.82,3847.33,39.22,1.00,Sobrecomprado
2017-04-03,6119.44,4891.42,3663.41,50.21,1.00,Sobrecomprado
2017-04-04,6506.95,5031.68,3556.40,58.64,1.00,Sobrecomprado
2017-04-05,7681.24,5297.32,2913.41,90.00,1.00,Sobrecomprado
2017-04-06,9094.88,5635.58,2176.27,122.77,1.00,Sobrecomprado
2017-04-07,9714.60,5892.15,2069.70,129.75,0.98,Neutro
2017-04-10,10569.72,6188.32,1806.93,141.60,1.00,Sobrecomprado
2017-04-11,11291.24,6498.52,1705.81,147.50,0.96,Neutro
2017-04-12,11763.06,6777.38,1791.69,147.13,0.85,Neutro
2017-04-13,12044.75,7030.65,2016.55,142.64,0.75,Neutro
2017-04-17,12546.65,7344.98,2143.30,141.64,0.86,Neutro
2017-04-18,12889.24,7648.58,2407.91,137.04,0.79,Neutro
2017-04-19,13083.76,7926.60,2769.44,130.12,0.72,Neutro
2017-04-20,13181.23,8188.12,3195.02,121.96,0.67,Neutro
2017-04-21,13213.07,8448.00,3682.93,112.81,0.65,Neutro
2017-04-24,13153.83,8683.95,4214.07,102.95,0.60,Neutro
2017-04-25,13038.40,8787.90,4537.40,96.74,0.36,Neutro
2017-04-26,12863.58,8956.20,5048.82,87.26,0.45,Neutro
2017-04-27,12630.99,9107.17,5583.36,77.39,0.39,Neutro
2017-04-28,12346.01,9249.90,6153.79,66.94,0.34,Neutro
2017-05-01,12123.94,9334.05,6544.16,59.78,0.19,Neutro
2017-05-02,12080.06,9348.90,6617.74,58.43,0.05,Neutro
2017-05-03,12200.15,9310.95,6421.75,62.06,0.00,Sobrevendido
2017-05-04,12282.48,9180.60,6078.72,67.57,0.11,Neutro
2017-05-05,12131.98,8957.85,5783.72,70.87,0.13,Neutro
2017-05-08,12112.04,8826.67,5541.31,74.44,0.21,Neutro
2017-05-09,11885.57,8624.55,5363.53,75.62,0.22,Neutro
2017-05-10,11587.76,8426.55,5265.34,75.03,0.26,Neutro
2017-05-11,11382.29,8249.17,5116.06,75.96,0.25,Neutro
2017-05-12,11242.92,8110.58,4978.23,77.24,0.29,Neutro
2017-05-15,10769.70,7879.58,4989.45,73.36,0.25,Neutro
2017-05-16,10285.65,7707.98,5130.30,66.88,0.41,Neutro
2017-05-17,9862.69,7563.60,5264.51,60.79,0.44,Neutro
2017-05-18,9450.06,7434.90,5419.74,54.21,0.48,Neutro
2017-05-19,8942.51,7287.22,5631.94,45.43,0.40,Neutro
2017-05-22,8434.05,7168.42,5902.80,35.31,0.50,Neutro
2017-05-23,8390.09,7137.90,5885.71,35.09,0.44,Neutro
2017-05-24,8238.29,6986.10,5733.91,35.85,0.00,Sobrevendido
2017-05-25,8115.79,6843.38,5570.96,37.19,0.00,Sobrevendido
2017-05-26,7957.44,6698.18,5438.91,37.60,0.00,Sobrevendido
2017-05-30,7992.38,6562.05,5131.72,43.59,0.00,Sobrevendido
2017-05-31,8031.68,6472.95,4914.22,48.16,0.06,Neutro
2017-06-01,8089.55,6420.15,4750.75,52.01,0.11,Neutro
2017-06-02,8111.59,6328.58,4545.56,56.35,0.11,Neutro
2017-06-05,8127.83,6245.25,4362.67,60.29,0.15,Neutro
2017-06-06,8127.35,6124.80,4122.25,65.39,0.10,Neutro
2017-06-07,8136.16,5998.58,3860.99,71.27,0.10,Neutro
2017-06-08,8129.83,5847.60,3565.37,78.06,0.08,Neutro
2017-06-09,8045.92,5753.55,3461.18,79.69,0.29,Neutro
2017-06-12,7924.48,5677.65,3430.82,79.15,0.41,Neutro
2017-06-13,7842.26,5610.82,3379.39,79.54,0.39,Neutro
2017-06-14,7603.95,5490.38,3376.80,76.99,0.35,Neutro
2017-06-15,7319.02,5355.90,3392.78,73.31,0.31,Neutro
2017-06-16,6967.12,5224.73,3482.33,66.70,0.35,Neutro
2017-06-19,6667.02,5117.48,3567.93,60.56,0.40,Neutro
2017-06-20,6212.78,4984.65,3756.52,49.28,0.31,Neutro
2017-06-21,5672.37,4858.42,4044.48,33.51,0.25,Neutro
2017-06-22,5565.18,4810.58,4055.97,31.37,0.35,Neutro
2017-06-23,5479.26,4752.82,4026.39,30.57,0.18,Neutro
2017-06-26,5390.50,4706.62,4022.75,29.06,0.29,Neutro
2017-06-27,5379.47,4679.40,3979.33,29.92,0.25,Neutro
2017-06-28,5345.44,4627.42,3909.41,31.03,0.12,Neutro
2017-06-29,5290.90,4577.92,3864.95,31.15,0.18,Neutro
2017-06-30,5248.74,4541.62,3834.51,31.14,0.28,Neutro
2017-07-03,5200.96,4517.70,3834.44,30.25,0.45,Neutro
2017-07-05,5197.62,4504.50,3811.38,30.77,0.32,Neutro
2017-07-06,5198.44,4502.85,3807.26,30.90,0.31,Neutro
2017-07-07,5173.27,4516.05,3858.83,29.11,0.24,Neutro
2017-07-10,5142.95,4486.35,3829.75,29.27,0.29,Neutro
2017-07-11,4981.62,4435.20,3888.78,24.64,0.34,Neutro
2017-07-12,4845.89,4394.77,3943.66,20.53,0.38,Neutro
2017-07-13,4765.07,4366.73,3968.38,18.24,0.40,Neutro
2017-07-14,4731.18,4347.75,3964.32,17.64,0.36,Neutro
2017-07-17,4735.42,4348.58,3961.73,17.79,1.00,Sobrecomprado
2017-07-18,4674.87,4336.20,3997.53,15.62,0.82,Neutro
2017-07-19,4693.80,4341.15,3988.50,16.25,0.90,Neutro
2017-07-20,4695.82,4341.98,3988.13,16.30,0.68,Neutro
2017-07-21,4662.10,4327.12,3992.15,15.48,0.44,Neutro
2017-07-24,4681.45,4337.85,3994.25,15.84,0.74,Neutro
2017-07-25,4676.01,4334.55,3993.09,15.76,0.53,Neutro
2017-07-26,4690.99,4342.80,3994.61,16.04,0.71,Neutro
2017-07-27,4682.38,4357.65,4032.92,14.90,0.52,Neutro
2017-07-28,4673.68,4365.90,4058.12,14.10,0.38,Neutro
2017-07-31,4672.13,4368.38,4064.62,13.91,0.34,Neutro
2017-08-01,4664.25,4356.82,4049.40,14.11,0.28,Neutro
2017-08-02,4667.48,4363.42,4059.37,13.94,0.54,Neutro
2017-08-03,4668.52,4370.02,4071.53,13.66,0.50,Neutro
2017-08-04,4662.61,4375.80,4088.99,13.11,0.35,Neutro
2017-08-07,4662.61,4375.80,4088.99,13.11,0.21,Neutro
2017-08-08,4665.26,4373.32,4081.39,13.35,0.22,Neutro
2017-08-09,4718.39,4352.70,3987.01,16.80,0.00,Sobrevendido
2017-08-10,4749.12,4333.73,3918.33,19.17,0.00,Sobrevendido
2017-08-11,4846.96,4298.25,3749.54,25.53,0.00,Sobrevendido
2017-08-14,4849.13,4237.20,3625.27,28.88,0.00,Sobrevendido
2017-08-15,4822.49,4199.25,3576.01,29.68,0.18,Neutro
2017-08-16,4765.89,4174.50,3583.11,28.33,0.46,Neutro
2017-08-17,4730.53,4154.70,3578.87,27.72,0.43,Neutro
2017-08-18,4718.84,4146.45,3574.06,27.61,0.48,Neutro
2017-08-21,4671.35,4119.23,3567.10,26.81,0.36,Neutro
2017-08-22,4658.92,4085.40,3511.88,28.08,0.15,Neutro
2017-08-23,4602.12,4057.35,3512.58,26.85,0.38,Neutro
2017-08-24,4562.42,4030.95,3499.48,26.37,0.32,Neutro
2017-08-25,4531.47,4011.98,3492.48,25.90,0.40,Neutro
2017-08-28,4500.86,3988.05,3475.24,25.72,0.31,Neutro
2017-08-29,4478.68,3960.82,3442.97,26.15,0.23,Neutro
2017-08-30,4416.21,3925.35,3434.49,25.01,0.25,Neutro
2017-08-31,4355.00,3884.10,3413.20,24.25,0.14,Neutro
2017-09-01,4294.86,3850.28,3405.69,23.09,0.23,Neutro
2017-09-05,4244.72,3832.95,3421.18,21.49,0.53,Neutro
2017-09-06,4189.66,3816.45,3443.24,19.56,0.58,Neutro
2017-09-07,4270.48,3837.90,3405.32,22.54,1.00,Sobrecomprado
2017-09-08,4363.91,3862.65,3361.39,25.95,1.00,Sobrecomprado
2017-09-11,4450.13,3908.85,3367.57,27.70,1.00,Sobrecomprado
2017-09-12,4991.22,4021.88,3052.53,48.20,1.00,Sobrecomprado
2017-09-13,5438.61,4132.42,2826.24,63.22,1.00,Sobrecomprado
2017-09-14,5713.41,4214.92,2716.44,71.10,1.00,Sobrecomprado
2017-09-15,5915.91,4292.48,2669.04,75.64,0.91,Neutro
2017-09-18,6058.75,4358.48,2658.20,78.02,0.82,Neutro
2017-09-19,6234.11,4445.10,2656.09,80.49,0.85,Neutro
2017-09-20,6394.67,4549.88,2705.08,81.09,0.83,Neutro
2017-09-21,6531.50,4639.80,2748.10,81.54,0.79,Neutro
2017-09-22,6653.99,4736.32,2818.66,80.98,0.77,Neutro
2017-09-25,6913.74,4869.98,2826.21,83.93,0.92,Neutro
2017-09-26,7093.86,5001.98,2910.09,83.64,0.84,Neutro
2017-09-27,7258.83,5148.00,3037.17,82.01,0.84,Neutro
2017-09-28,7381.05,5294.02,3207.00,78.84,0.81,Neutro
2017-09-29,7440.26,5446.65,3453.04,73.20,0.79,Neutro
2017-10-02,7468.10,5600.10,3732.10,66.71,0.79,Neutro
2017-10-03,7464.54,5737.05,4009.56,60.22,0.75,Neutro
2017-10-04,7398.78,5872.35,4345.92,51.99,0.73,Neutro
2017-10-05,7345.25,5983.72,4622.20,45.51,0.70,Neutro
2017-10-06,7229.16,6081.08,4932.99,37.76,0.62,Neutro
2017-10-09,7026.40,6170.18,5313.95,27.75,0.54,Neutro
2017-10-10,7026.57,6190.80,5355.03,27.00,0.50,Neutro
2017-10-11,7031.13,6199.88,5368.62,26.82,0.49,Neutro
2017-10-12,7024.01,6212.25,5400.49,26.13,0.38,Neutro
2017-10-13,7001.89,6232.05,5462.21,24.71,0.36,Neutro
2017-10-16,6959.24,6248.55,5537.86,22.75,0.17,Neutro
2017-10-17,6994.64,6236.18,5477.71,24.32,0.00,Sobrevendido
2017-10-18,7037.85,6218.02,5398.20,26.37,0.01,Neutro
2017-10-19,7092.52,6195.75,5298.98,28.95,0.00,Sobrevendido
2017-10-20,7166.86,6162.75,5158.64,32.59,0.00,Sobrevendido
2017-10-23,7208.46,6078.60,4948.74,37.18,0.00,Sobrevendido
2017-10-24,7170.60,6042.30,4914.00,37.35,0.35,Neutro
2017-10-25,7124.20,5974.65,4825.10,38.48,0.18,Neutro
2017-10-26,7051.44,5915.25,4779.06,38.42,0.28,Neutro
2017-10-27,6969.44,5850.90,4732.36,38.23,0.26,Neutro
2017-10-30,6854.76,5780.78,4706.79,37.16,0.27,Neutro
2017-10-31,6749.99,5745.30,4740.61,34.97,0.57,Neutro
2017-11-01,6629.43,5704.88,4780.32,32.41,0.54,Neutro
2017-11-02,6510.70,5669.40,4828.10,29.68,0.59,Neutro
2017-11-03,6438.19,5648.78,4859.36,27.95,0.68,Neutro
2017-11-06,6387.09,5633.92,4880.76,26.74,0.70,Neutro
2017-11-07,6436.14,5644.65,4853.16,28.04,0.98,Neutro
2017-11-08,6718.24,5694.15,4670.06,35.97,1.00,Sobrecomprado
2017-11-09,7208.21,5788.20,4368.19,49.07,1.00,Sobrecomprado
2017-11-10,7936.83,5934.22,3931.62,67.49,1.00,Sobrecomprado
2017-11-13,8910.72,6154.50,3398.28,89.57,1.00,Sobrecomprado
2017-11-14,9576.51,6377.25,3177.99,100.33,1.00,Sobrecomprado
2017-11-15,9907.86,6552.15,3196.44,102.43,0.85,Neutro
2017-11-16,10155.69,6723.75,3291.81,102.08,0.79,Neutro
2017-11-17,10407.46,6918.45,3429.44,100.86,0.80,Neutro
2017-11-20,10706.50,7154.40,3602.30,99.30,0.85,Neutro
2017-11-21,11078.49,7371.38,3664.26,100.58,0.86,Neutro
2017-11-22,11345.70,7607.32,3868.95,98.28,0.82,Neutro
2017-11-24,11554.01,7831.72,4109.44,95.06,0.78,Neutro
2017-11-27,11638.48,8042.10,4445.72,89.44,0.71,Neutro
2017-11-28,11590.70,8222.78,4854.85,81.92,0.60,Neutro
2017-11-29,11547.33,8360.55,5173.77,76.23,0.54,Neutro
2017-11-30,11451.04,8504.92,5558.81,69.28,0.53,Neutro
2017-12-01,11324.04,8659.20,5994.36,61.55,0.55,Neutro
2017-12-04,11221.03,8848.12,6475.22,53.64,0.68,Neutro
2017-12-05,11106.82,9070.88,7034.93,44.89,0.83,Neutro
2017-12-06,10951.55,9268.88,7586.20,36.31,0.82,Neutro
2017-12-07,10852.66,9425.62,7998.59,30.28,0.81,Neutro
2017-12-08,11246.83,9623.62,8000.42,33.73,1.00,Sobrecomprado
2017-12-11,12069.26,9834.83,7600.39,45.44,1.00,Sobrecomprado
2017-12-12,12466.52,9947.85,7429.18,50.64,0.99,Neutro
2017-12-13,12840.28,10077.38,7314.47,54.83,0.94,Neutro
2017-12-14,13241.96,10274.55,7307.14,57.76,0.93,Neutro
2017-12-15,13486.24,10461.83,7437.41,57.82,0.83,Neutro
2017-12-18,13589.83,10597.12,7604.42,56.48,0.69,Neutro
2017-12-19,13601.52,10644.15,7686.78,55.57,0.49,Neutro
2017-12-20,13702.15,10725.00,7747.85,55.52,0.66,Neutro
2017-12-21,13828.59,10824.82,7821.06,55.50,0.69,Neutro
2017-12-22,13990.66,10946.92,7903.19,55.61,0.73,Neutro
2017-12-26,14320.96,11147.40,7973.84,56.94,0.88,Neutro
2017-12-27,14536.88,11379.22,8221.57,55.50,0.84,Neutro
2017-12-28,15080.11,11716.65,8353.19,57.41,1.00,Sobrecomprado
2017-12-29,16128.58,12162.15,8195.72,65.23,1.00,Sobrecomprado
2018-01-02,19135.26,12898.05,6660.84,96.72,1.00,Sobrecomprado
2018-01-03,24087.03,13971.38,3855.72,144.81,1.00,Sobrecomprado
2018-01-04,25731.01,14689.12,3647.24,150.34,0.96,Neutro
2018-01-05,28102.90,15609.00,3115.10,160.09,1.00,Sobrecomprado
2018-01-08,29969.42,16512.38,3055.33,162.99,0.94,Neutro
2018-01-09,30888.23,17150.92,3413.62,160.19,0.77,Neutro
2018-01-10,31371.51,17598.08,3824.64,156.53,0.66,Neutro
2018-01-11,31402.26,17842.28,4282.29,152.00,0.48,Neutro
2018-01-12,31449.15,18125.25,4801.35,147.02,0.50,Neutro
2018-01-16,31801.11,18596.32,5391.54,142.01,0.64,Neutro
2018-01-17,32010.49,19062.45,6114.41,135.85,0.60,Neutro
2018-01-18,31964.42,19483.20,7001.98,128.12,0.53,Neutro
2018-01-19,31706.57,19953.45,8200.33,117.81,0.50,Neutro
2018-01-22,31443.71,20351.92,9260.14,109.00,0.47,Neutro
2018-01-23,31094.37,20679.45,10264.53,100.73,0.40,Neutro
2018-01-24,30728.48,20920.35,11112.22,93.77,0.31,Neutro
2018-01-25,30497.87,21059.78,11621.68,89.63,0.25,Neutro
2018-01-26,30166.37,21282.52,12398.68,83.48,0.31,Neutro
2018-01-29,30059.24,21354.30,12649.36,81.53,0.24,Neutro
2018-01-30,30176.69,21259.42,12342.16,83.89,0.19,Neutro
2018-01-31,30040.94,20860.95,11680.96,88.01,0.22,Neutro
2018-02-01,28265.58,20012.03,11758.47,82.49,0.15,Neutro
2018-02-02,28027.83,19381.72,10735.62,89.22,0.08,Neutro
2018-02-05,26496.97,18585.60,10674.23,85.13,0.14,Neutro
2018-02-06,24477.26,17933.85,11390.44,72.97,0.30,Neutro
2018-02-07,23278.34,17504.03,11729.71,65.98,0.37,Neutro
2018-02-08,22599.74,17141.85,11683.96,63.68,0.29,Neutro
2018-02-09,22561.91,17032.95,11503.99,64.92,0.33,Neutro
2018-02-12,22443.63,16908.38,11373.12,65.47,0.39,Neutro
2018-02-13,21521.80,16578.38,11634.95,59.64,0.41,Neutro
2018-02-14,20573.91,16264.88,11955.84,52.99,0.41,Neutro
2018-02-15,19943.23,16007.48,12071.72,49.17,0.37,Neutro
2018-02-16,19253.00,15727.80,12202.60,44.83,0.31,Neutro
2018-02-20,18543.90,15433.28,12322.65,40.31,0.23,Neutro
2018-02-21,18179.80,15122.25,12064.70,40.44,0.04,Neutro
2018-02-22,18104.23,14850.82,11597.42,43.81,0.02,Neutro
2018-02-23,18012.03,14652.00,11291.97,45.86,0.16,Neutro
2018-02-26,17566.37,14334.38,11102.38,45.09,0.08,Neutro
2018-02-27,17471.79,14012.62,10553.46,49.37,0.00,Sobrevendido
2018-02-28,17347.92,13801.42,10254.93,51.39,0.17,Neutro
2018-03-01,17179.14,13586.92,9994.71,52.88,0.19,Neutro
2018-03-02,17291.33,13636.42,9981.52,53.61,0.71,Neutro
2018-03-05,18171.67,13961.48,9751.28,60.31,1.00,Sobrecomprado
2018-03-06,20603.96,14515.88,8427.79,83.88,1.00,Sobrecomprado
2018-03-07,21060.75,14687.48,8314.20,86.79,0.82,Neutro
2018-03-08,21651.17,14881.35,8111.53,90.98,0.87,Neutro
2018-03-09,22409.89,15169.28,7928.66,95.46,0.88,Neutro
2018-03-12,23148.54,15459.68,7770.81,99.47,0.86,Neutro
2018-03-13,23702.20,15698.10,7694.00,101.98,0.80,Neutro
2018-03-14,24156.21,15917.55,7678.89,103.52,0.75,Neutro
2018-03-15,24399.16,16074.30,7749.44,103.58,0.65,Neutro
2018-03-16,24476.10,16162.58,7849.05,102.87,0.54,Neutro
2018-03-19,24621.01,16326.75,8032.49,101.60,0.58,Neutro
2018-03-20,24687.37,16481.03,8274.68,99.59,0.52,Neutro
2018-03-21,24683.17,16716.15,8749.13,95.32,0.52,Neutro
2018-03-22,24547.36,16906.72,9266.09,90.39,0.41,Neutro
2018-03-23,24668.60,17263.12,9857.65,85.80,0.65,Neutro
2018-03-26,24589.39,17638.50,10687.61,78.81,0.61,Neutro
2018-03-27,24083.56,18026.25,11968.94,67.21,0.51,Neutro
2018-03-28,23547.42,18295.20,13042.98,57.42,0.36,Neutro
2018-03-29,22751.79,18614.47,14477.16,44.45,0.40,Neutro
2018-04-02,22582.10,18745.65,14909.20,40.93,0.38,Neutro
2018-04-03,22572.98,18671.40,14769.82,41.79,0.31,Neutro
2018-04-04,21422.59,18309.22,15195.86,34.01,0.24,Neutro
2018-04-05,21374.41,18228.38,15082.34,34.52,0.33,Neutro
2018-04-06,21174.06,18074.10,14974.14,34.30,0.30,Neutro
2018-04-09,20835.91,17838.97,14842.04,33.60,0.18,Neutro
2018-04-10,20298.41,17599.72,14901.04,30.67,0.24,Neutro
2018-04-11,19799.89,17390.18,14980.46,27.71,0.26,Neutro
2018-04-12,19310.88,17191.35,15071.82,24.66,0.24,Neutro
2018-04-13,19116.90,17110.50,15104.10,23.45,0.48,Neutro
2018-04-16,19140.39,17139.38,15138.36,23.35,0.55,Neutro
2018-04-17,19093.31,17106.38,15119.44,23.23,0.47,Neutro
2018-04-18,19091.89,17089.88,15087.86,23.43,0.35,Neutro
2018-04-19,19084.11,17073.38,15062.64,23.55,0.40,Neutro
2018-04-20,19028.89,17108.85,15188.81,22.44,0.28,Neutro
2018-04-23,18596.06,16916.62,15237.19,19.86,0.12,Neutro
2018-04-24,18131.90,16752.45,15373.00,16.47,0.18,Neutro
2018-04-25,18018.29,16595.70,15173.11,17.14,0.00,Sobrevendido
2018-04-26,18113.03,16496.70,14880.37,19.60,0.00,Sobrevendido
2018-04-27,18022.84,16348.20,14673.56,20.49,0.03,Neutro
2018-04-30,17977.68,16160.10,14342.52,22.49,0.00,Sobrevendido
2018-05-01,18098.44,15973.65,13848.86,26.60,0.00,Sobrevendido
2018-05-02,18258.58,15791.32,13324.07,31.25,0.00,Sobrevendido
2018-05-03,18291.39,15572.70,12854.01,34.92,0.00,Sobrevendido
2018-05-04,18327.33,15357.38,12387.42,38.68,0.02,Neutro
2018-05-07,18451.28,15168.45,11885.62,43.28,0.04,Neutro
2018-05-08,18526.00,14948.18,11370.35,47.87,0.06,Neutro
2018-05-09,18483.95,14930.02,11376.10,47.61,0.63,Neutro
2018-05-10,18359.43,14818.65,11277.87,47.79,0.36,Neutro
2018-05-11,18093.12,14610.75,11128.38,47.67,0.25,Neutro
2018-05-14,17688.38,14437.50,11186.62,45.03,0.41,Neutro
2018-05-15,17308.26,14246.10,11183.94,42.99,0.32,Neutro
2018-05-16,16988.85,14068.72,11148.60,41.51,0.31,Neutro
2018-05-17,16567.87,13903.72,11239.58,38.32,0.40,Neutro
2018-05-18,16190.31,13759.35,11328.39,35.34,0.42,Neutro
2018-05-21,15929.56,13662.82,11396.09,33.18,0.51,Neutro
2018-05-22,15553.56,13529.18,11504.79,29.93,0.41,Neutro
2018-05-23,15341.07,13437.60,11534.13,28.33,0.43,Neutro
2018-05-24,15136.07,13345.20,11554.33,26.84,0.40,Neutro
2018-05-25,14917.35,13252.80,11588.25,25.12,0.40,Neutro
2018-05-29,14827.53,13173.60,11519.67,25.11,0.29,Neutro
2018-05-30,14809.07,13159.58,11510.08,25.07,0.50,Neutro
2018-05-31,14805.94,13153.80,11501.66,25.12,0.43,Neutro
2018-06-01,14807.42,13160.40,11513.38,25.03,0.43,Neutro
2018-06-04,14804.10,13179.38,11554.65,24.66,0.41,Neutro
2018-06-05,14778.64,13200.82,11623.01,23.90,0.30,Neutro
2018-06-06,14735.18,13297.35,11859.52,21.63,0.64,Neutro
2018-06-07,13936.70,13163.70,12390.70,11.74,0.52,Neutro
2018-06-08,13822.77,13119.15,12415.53,10.73,0.39,Neutro
2018-06-11,13832.92,13109.25,12385.58,11.04,0.20,Neutro
2018-06-12,14069.28,12969.00,11868.72,16.97,0.00,Sobrevendido
2018-06-13,14189.03,12878.25,11567.47,20.36,0.00,Sobrevendido
2018-06-14,14354.37,12775.95,11197.53,24.71,0.00,Sobrevendido
2018-06-15,14456.02,12639.82,10823.63,28.74,0.00,Sobrevendido
2018-06-18,14558.40,12483.08,10407.75,33.25,0.00,Sobrevendido
2018-06-19,14584.80,12293.32,10001.85,37.28,0.00,Sobrevendido
2018-06-20,14621.35,12126.68,9632.00,41.14,0.04,Neutro
2018-06-21,14521.34,12003.75,9486.16,41.95,0.25,Neutro
2018-06-22,14442.80,11873.40,9304.00,43.28,0.21,Neutro
2018-06-25,14370.51,11729.02,9087.54,45.04,0.18,Neutro
2018-06-26,14389.75,11573.92,8758.10,48.66,0.11,Neutro
2018-06-27,14293.41,11370.15,8446.89,51.42,0.11,Neutro
2018-06-28,14151.82,11191.95,8232.08,52.89,0.19,Neutro
2018-06-29,13956.36,11020.35,8084.34,53.28,0.24,Neutro
2018-07-02,13707.04,10868.55,8030.06,52.23,0.32,Neutro
2018-07-03,13484.50,10743.98,8003.45,51.02,0.38,Neutro
2018-07-05,12991.14,10616.10,8241.06,44.74,0.61,Neutro
2018-07-06,12540.30,10495.65,8451.00,38.96,0.57,Neutro
2018-07-09,12076.60,10385.92,8695.25,32.56,0.61,Neutro
2018-07-10,11625.66,10295.17,8964.69,25.85,0.71,Neutro
2018-07-11,11599.50,10286.92,8974.35,25.52,0.73,Neutro
2018-07-12,11488.58,10255.58,9022.57,24.05,0.69,Neutro
2018-07-13,11435.48,10234.95,9034.42,23.46,0.61,Neutro
2018-07-16,11400.87,10181.33,8961.78,23.96,0.25,Neutro
2018-07-17,11392.33,10155.75,8919.17,24.35,0.32,Neutro
2018-07-18,11392.33,10155.75,8919.17,24.35,0.40,Neutro
2018-07-19,11398.85,10170.60,8942.35,24.15,0.49,Neutro
2018-07-20,11344.66,10144.20,8943.74,23.67,0.52,Neutro
2018-07-23,11318.55,10119.45,8920.35,23.70,0.41,Neutro
2018-07-24,11315.81,10101.30,8886.79,24.05,0.33,Neutro
2018-07-25,11299.52,10116.98,8934.43,23.38,0.32,Neutro
2018-07-26,11250.89,10141.72,9032.56,21.87,0.24,Neutro
2018-07-27,11243.26,10145.85,9048.44,21.63,0.18,Neutro
2018-07-30,11242.02,10146.67,9051.33,21.59,0.21,Neutro
2018-07-31,11242.66,10143.38,9044.09,21.67,0.34,Neutro
2018-08-01,11242.22,10122.75,9003.28,22.12,0.30,Neutro
2018-08-02,11076.04,10052.62,9029.21,20.36,0.34,Neutro
2018-08-03,10970.39,10003.12,9035.86,19.34,0.40,Neutro
2018-08-06,10872.10,9971.78,9071.45,18.06,0.60,Neutro
2018-08-07,10835.93,9964.35,9092.77,17.49,0.93,Neutro
2018-08-08,10713.44,9936.30,9159.16,15.64,0.75,Neutro
2018-08-09,10591.93,9904.12,9216.32,13.89,0.63,Neutro
2018-08-10,10500.05,9870.30,9240.55,12.76,0.46,Neutro
2018-08-13,10529.81,9854.62,9179.44,13.70,0.06,Neutro
2018-08-14,10632.80,9808.42,8984.05,16.81,0.00,Sobrevendido
2018-08-15,10706.13,9749.02,8791.92,19.63,0.00,Sobrevendido
2018-08-16,10720.00,9677.25,8634.50,21.55,0.04,Neutro
2018-08-17,10704.07,9601.35,8498.63,22.97,0.08,Neutro
2018-08-20,10674.16,9565.05,8455.94,23.19,0.32,Neutro
2018-08-21,10660.42,9539.48,8418.53,23.50,0.34,Neutro
2018-08-22,10643.62,9517.20,8390.78,23.67,0.38,Neutro
2018-08-23,10720.93,9550.20,8379.47,24.52,0.79,Neutro
2018-08-24,10838.92,9601.35,8363.78,25.78,0.85,Neutro
2018-08-27,11190.22,9699.52,8208.83,30.74,1.00,Sobrecomprado
2018-08-28,11269.00,9735.00,8201.00,31.52,0.75,Neutro
2018-08-29,11312.41,9763.05,8213.69,31.74,0.65,Neutro
2018-08-30,11337.66,9781.20,8224.74,31.83,0.60,Neutro
2018-08-31,11391.44,9810.90,8230.36,32.22,0.68,Neutro
2018-09-04,11378.74,9803.48,8228.21,32.14,0.56,Neutro
2018-09-05,11289.82,9768.83,8247.83,31.14,0.58,Neutro
2018-09-06,11247.06,9747.38,8247.69,30.77,0.55,Neutro
2018-09-07,11221.47,9730.05,8238.63,30.66,0.50,Neutro
2018-09-10,11885.48,9876.08,7866.67,40.69,1.00,Sobrecomprado
2018-09-11,12182.08,10007.25,7832.42,43.47,0.93,Neutro
2018-09-12,12345.34,10145.02,7944.71,43.38,0.82,Neutro
2018-09-13,12311.40,10216.80,8122.20,41.00,0.48,Neutro
2018-09-14,12254.84,10272.08,8289.31,38.60,0.39,Neutro
2018-09-17,12180.19,10329.00,8477.81,35.84,0.36,Neutro
2018-09-18,12182.43,10406.55,8630.67,34.13,0.59,Neutro
2018-09-19,12141.25,10441.20,8741.15,32.56,0.33,Neutro
2018-09-20,12098.64,10490.70,8882.76,30.65,0.42,Neutro
2018-09-21,12099.23,10492.35,8885.47,30.63,0.43,Neutro
2018-09-24,12090.78,10472.55,8854.32,30.90,0.37,Neutro
2018-09-25,11967.93,10418.92,8869.92,29.73,0.49,Neutro
2018-09-26,11954.69,10403.25,8851.81,29.83,0.43,Neutro
2018-09-27,11952.29,10389.22,8826.16,30.09,0.36,Neutro
2018-09-28,11954.82,10395.83,8836.83,29.99,0.45,Neutro
2018-10-01,11958.39,10399.12,8839.86,29.99,0.52,Neutro
2018-10-02,11960.86,10410.67,8860.49,29.78,0.44,Neutro
2018-10-03,11960.84,10413.15,8865.46,29.73,0.39,Neutro
2018-10-04,11959.29,10420.58,8881.86,29.53,0.38,Neutro
2018-10-05,11952.31,10432.95,8913.59,29.13,0.35,Neutro
2018-10-08,11369.95,10291.88,9213.80,20.95,0.33,Neutro
2018-10-09,10982.81,10191.22,9399.64,15.53,0.30,Neutro
2018-10-10,10619.39,10092.22,9565.06,10.45,0.00,Neutro
2018-10-11,10673.04,10052.62,9432.21,12.34,0.00,Sobrevendido
2018-10-12,10728.33,10026.22,9324.12,14.01,0.00,Sobrevendido
2018-10-15,10728.25,10030.35,9332.45,13.92,0.41,Neutro
2018-10-16,10612.87,9975.90,9338.93,12.77,0.23,Neutro
2018-10-17,10650.98,9947.85,9244.72,14.14,0.04,Neutro
2018-10-18,10783.43,9865.35,8947.27,18.61,0.00,Sobrevendido
2018-10-19,10992.59,9748.20,8503.81,25.53,0.00,Sobrevendido
2018-10-22,11294.75,9602.17,7909.60,35.25,0.00,Sobrevendido
2018-10-23,11333.30,9461.92,7590.55,39.56,-0.00,Sobrevendido
2018-10-24,11377.82,9320.02,7262.23,44.16,0.02,Neutro
2018-10-25,11370.05,9204.52,7039.00,47.05,0.14,Neutro
2018-10-26,11330.07,9056.02,6781.98,50.22,0.11,Neutro
2018-10-29,11285.52,8862.98,6440.43,54.67,0.03,Neutro
2018-10-30,11231.02,8674.88,6118.73,58.93,0.07,Neutro
2018-10-31,11113.78,8509.88,5905.97,61.20,0.16,Neutro
2018-11-01,10925.63,8370.45,5815.27,61.05,0.28,Neutro
2018-11-02,10711.54,8264.02,5816.51,59.23,0.42,Neutro
2018-11-05,10557.34,8213.70,5870.06,57.07,0.65,Neutro
2018-11-06,10445.92,8181.52,5917.13,55.35,0.73,Neutro
2018-11-07,10326.90,8140.28,5953.65,53.72,0.64,Neutro
2018-11-08,10196.89,8085.00,5973.11,52.24,0.54,Neutro
2018-11-09,10073.64,8035.50,5997.36,50.73,0.56,Neutro
2018-11-12,9766.76,7922.48,6078.19,46.56,0.42,Neutro
2018-11-13,9482.60,7821.00,6159.40,42.49,0.44,Neutro
2018-11-14,9256.68,7698.90,6141.12,40.47,0.23,Neutro
2018-11-15,9166.98,7604.02,6041.07,41.11,0.21,Neutro
2018-11-16,9140.36,7551.22,5962.09,42.09,0.28,Neutro
2018-11-19,9160.43,7524.00,5887.57,43.50,0.22,Neutro
2018-11-20,9172.89,7466.25,5759.61,45.72,0.20,Neutro
2018-11-21,9168.05,7443.98,5719.90,46.32,0.35,Neutro
2018-11-23,9148.58,7398.60,5648.62,47.31,0.31,Neutro
2018-11-26,9149.25,7368.08,5586.90,48.35,0.30,Neutro
2018-11-27,9159.42,7358.18,5556.93,48.96,0.23,Neutro
2018-11-28,9161.26,7356.52,5551.79,49.06,0.24,Neutro
2018-11-29,9172.46,7340.85,5509.24,49.90,0.26,Neutro
2018-11-30,9174.74,7300.42,5426.11,51.35,0.27,Neutro
2018-12-03,9130.59,7221.22,5311.86,52.88,0.25,Neutro
2018-12-04,8883.61,7076.02,5268.44,51.09,0.20,Neutro
2018-12-06,8568.48,6874.72,5180.97,49.27,0.00,Neutro
2018-12-07,8230.01,6733.65,5237.29,44.44,0.23,Neutro
2018-12-10,8036.71,6585.15,5133.59,44.09,0.05,Neutro
2018-12-11,7731.72,6444.90,5158.08,39.93,0.13,Neutro
2018-12-12,7556.72,6340.12,5123.53,38.38,0.17,Neutro
2018-12-13,7369.66,6225.45,5081.24,36.76,0.10,Neutro
2018-12-14,7323.17,6146.25,4969.33,38.30,0.13,Neutro
2018-12-17,7346.29,6051.38,4756.46,42.80,0.01,Neutro
2018-12-18,7271.68,5959.80,4647.92,44.02,0.15,Neutro
2018-12-19,7240.29,5870.70,4501.11,46.66,0.12,Neutro
2018-12-20,7232.22,5779.12,4326.03,50.29,0.10,Neutro
2018-12-21,7201.07,5629.80,4058.53,55.82,0.00,Sobrevendido
2018-12-24,7140.21,5491.20,3842.19,60.06,0.04,Neutro
2018-12-26,7067.99,5348.48,3628.96,64.30,0.05,Neutro
2018-12-27,6995.64,5218.12,3440.61,68.13,0.10,Neutro
2018-12-28,6847.11,5102.62,3358.14,68.38,0.22,Neutro
2018-12-31,6656.52,4990.42,3324.33,66.77,0.27,Neutro
2019-01-02,6425.68,4907.10,3388.52,61.89,0.46,Neutro
2019-01-03,6210.91,4834.50,3458.09,56.94,0.49,Neutro
2019-01-04,6113.34,4809.75,3506.16,54.21,0.77,Neutro
2019-01-07,6314.07,4863.38,3412.68,59.66,0.98,Neutro
2019-01-08,6391.72,4880.70,3369.68,61.92,0.96,Neutro
2019-01-09,6657.40,4950.82,3244.25,68.94,1.00,Sobrecomprado
2019-01-10,6805.11,4995.38,3185.64,72.46,0.88,Neutro
2019-01-11,6947.73,5039.92,3132.12,75.71,0.87,Neutro
2019-01-14,7068.05,5086.95,3105.85,77.89,0.79,Neutro
2019-01-15,7115.20,5111.70,3108.20,78.39,0.67,Neutro
2019-01-16,7210.74,5173.58,3136.41,78.75,0.71,Neutro
2019-01-17,7328.97,5235.45,3141.93,79.97,0.75,Neutro
2019-01-18,7433.89,5305.58,3177.26,80.23,0.71,Neutro
2019-01-22,7520.96,5384.78,3248.59,79.34,0.69,Neutro
2019-01-23,7529.75,5490.38,3451.00,74.29,0.63,Neutro
2019-01-24,7518.68,5596.80,3674.92,68.68,0.63,Neutro
2019-01-25,7453.45,5715.60,3977.75,60.81,0.63,Neutro
2019-01-28,7337.28,5839.35,4341.42,51.30,0.64,Neutro
2019-01-29,7287.43,5971.35,4655.27,44.08,0.80,Neutro
2019-01-30,7388.52,6143.78,4899.03,40.52,1.00,Sobrecomprado
2019-01-31,7659.66,6307.95,4956.24,42.86,1.00,Sobrecomprado
2019-02-01,8068.84,6504.30,4939.76,48.11,1.00,Sobrecomprado
2019-02-04,8818.69,6721.28,4623.86,62.41,1.00,Sobrecomprado
2019-02-05,9189.74,6860.70,4531.66,67.90,0.97,Neutro
2019-02-06,9431.01,6981.98,4532.94,70.15,0.85,Neutro
2019-02-07,9619.30,7076.02,4532.75,71.88,0.79,Neutro
2019-02-08,9843.58,7200.60,4557.62,73.41,0.82,Neutro
2019-02-11,10061.44,7328.48,4595.51,74.58,0.80,Neutro
2019-02-12,10145.51,7429.95,4714.39,73.10,0.66,Neutro
2019-02-13,10112.81,7510.80,4908.79,69.29,0.48,Neutro
2019-02-14,10087.91,7580.92,5073.94,66.14,0.47,Neutro
2019-02-15,10075.47,7645.28,5215.08,63.57,0.48,Neutro
2019-02-19,10049.05,7712.10,5375.15,60.60,0.47,Neutro
2019-02-20,10004.04,7773.98,5543.91,57.37,0.42,Neutro
2019-02-21,9927.46,7837.50,5747.54,53.33,0.37,Neutro
2019-02-22,9844.12,7888.65,5933.18,49.58,0.30,Neutro
2019-02-25,9772.28,7923.30,6074.32,46.67,0.21,Neutro
2019-02-26,9683.48,8005.80,6328.12,41.91,0.47,Neutro
2019-02-27,9634.83,8045.40,6455.97,39.51,0.35,Neutro
2019-02-28,9645.87,8024.78,6403.68,40.40,0.26,Neutro
2019-03-01,9633.48,8004.98,6376.47,40.69,0.40,Neutro
2019-03-04,9546.90,7947.22,6347.55,40.26,0.39,Neutro
2019-03-05,9164.54,7825.95,6487.36,34.21,0.35,Neutro
2019-03-06,8959.90,7744.28,6528.65,31.39,0.37,Neutro
2019-03-07,8818.81,7673.32,6527.84,29.86,0.33,Neutro
2019-03-08,8693.81,7598.25,6502.69,28.84,0.26,Neutro
2019-03-11,8448.63,7533.08,6617.52,24.31,0.52,Neutro
2019-03-12,8060.04,7454.70,6849.36,16.24,0.48,Neutro
2019-03-13,7872.62,7409.32,6946.03,12.51,0.46,Neutro
2019-03-14,7877.41,7395.30,6913.19,13.04,0.21,Neutro
2019-03-15,7872.71,7388.70,6904.69,13.10,0.40,Neutro
2019-03-18,7867.10,7386.22,6905.35,13.02,0.63,Neutro
2019-03-19,7849.86,7375.50,6901.14,12.86,0.47,Neutro
2019-03-20,7846.82,7373.02,6899.23,12.85,0.50,Neutro
2019-03-21,7847.77,7374.68,6901.58,12.83,0.47,Neutro
2019-03-22,7848.93,7373.85,6898.77,12.89,0.21,Neutro
2019-03-25,7817.58,7385.40,6953.22,11.70,0.16,Neutro
2019-03-26,7708.70,7348.28,6987.85,9.81,0.26,Neutro
2019-03-27,7706.08,7317.75,6929.42,10.61,0.02,Neutro
2019-03-28,7726.64,7302.08,6877.51,11.63,0.06,Neutro
2019-03-29,7689.30,7262.48,6835.65,11.75,0.05,Neutro
2019-04-01,7641.83,7236.90,6831.97,11.19,0.30,Neutro
2019-04-02,7630.59,7211.32,6792.06,11.63,0.14,Neutro
2019-04-03,7634.37,7176.68,6718.98,12.76,0.01,Neutro
2019-04-04,7654.45,7146.15,6637.85,14.23,0.03,Neutro
2019-04-05,7691.41,7121.40,6551.39,16.01,0.01,Neutro
2019-04-08,7676.33,7062.82,6449.32,17.37,0.00,Sobrevendido
2019-04-09,7650.17,7018.28,6386.38,18.01,0.12,Neutro
2019-04-10,7653.97,6963.00,6272.03,19.85,-0.00,Sobrevendido
2019-04-11,7692.86,6914.32,6135.79,22.52,0.00,Neutro
2019-04-12,7670.83,6863.18,6055.52,23.54,0.13,Neutro
2019-04-15,7574.17,6815.32,6056.48,22.27,0.33,Neutro
2019-04-16,7507.80,6766.65,6025.50,21.91,0.23,Neutro
2019-04-17,7420.02,6715.50,6010.98,20.98,0.24,Neutro
2019-04-18,7345.48,6652.80,5960.12,20.82,0.09,Neutro
2019-04-22,7368.18,6581.85,5795.52,23.89,0.00,Sobrevendido
2019-04-23,7341.43,6515.85,5690.27,25.34,0.05,Neutro
2019-04-24,7295.56,6437.48,5579.39,26.66,0.02,Neutro
2019-04-25,7280.25,6366.52,5452.80,28.70,0.04,Neutro
2019-04-26,7242.73,6296.40,5350.07,30.06,0.09,Neutro
2019-04-29,7186.15,6232.05,5277.95,30.62,0.17,Neutro
2019-04-30,7063.18,6158.62,5254.07,29.38,0.20,Neutro
2019-05-01,6958.22,6091.80,5225.38,28.45,0.20,Neutro
2019-05-02,6886.35,6026.62,5166.90,28.53,0.15,Neutro
2019-05-03,6803.65,5968.05,5132.45,28.00,0.22,Neutro
2019-05-06,6718.24,5927.62,5137.01,26.68,0.39,Neutro
2019-05-07,6656.61,5895.45,5134.29,25.82,0.41,Neutro
2019-05-08,6556.76,5852.55,5148.34,24.07,0.37,Neutro
2019-05-09,6507.35,5831.10,5154.85,23.19,0.51,Neutro
2019-05-10,6475.24,5814.60,5153.96,22.72,0.50,Neutro
2019-05-13,6413.93,5776.65,5139.37,22.06,0.29,Neutro
2019-05-14,6260.21,5721.38,5182.54,18.84,0.24,Neutro
2019-05-15,6155.77,5663.62,5171.48,17.38,0.04,Neutro
2019-05-16,6003.43,5631.45,5259.47,13.21,0.60,Neutro
2019-05-17,5911.92,5608.35,5304.78,10.83,0.53,Neutro
2019-05-20,5906.95,5605.05,5303.15,10.77,0.51,Neutro
2019-05-21,5895.45,5583.60,5271.75,11.17,0.12,Neutro
2019-05-22,5906.75,5567.10,5227.45,12.20,0.08,Neutro
2019-05-23,5909.32,5559.68,5210.03,12.58,0.24,Neutro
2019-05-24,5911.89,5551.42,5190.96,12.99,0.24,Neutro
2019-05-28,5909.35,5539.88,5170.40,13.34,0.26,Neutro
2019-05-29,5904.37,5526.68,5148.98,13.67,0.26,Neutro
2019-05-30,5904.26,5511.82,5119.39,14.24,0.20,Neutro
2019-05-31,5970.22,5483.78,4997.33,17.74,0.00,Sobrevendido
2019-06-03,6076.51,5436.75,4796.99,23.53,0.00,Sobrevendido
2019-06-04,6088.66,5382.30,4675.94,26.25,-0.00,Sobrevendido
2019-06-05,6085.54,5325.38,4565.21,28.55,0.04,Neutro
2019-06-06,6063.15,5278.35,4493.55,29.74,0.15,Neutro
2019-06-07,6009.58,5216.48,4423.37,30.41,0.11,Neutro
2019-06-10,5946.48,5154.60,4362.72,30.73,0.13,Neutro
2019-06-11,5924.79,5105.92,4287.06,32.08,0.15,Neutro
2019-06-12,5886.24,5077.05,4267.86,31.88,0.37,Neutro
2019-06-13,5891.30,5039.10,4186.90,33.82,0.16,Neutro
2019-06-14,5814.50,4971.45,4128.40,33.92,0.13,Neutro
2019-06-17,5740.90,4904.62,4068.35,34.10,0.13,Neutro
2019-06-18,5666.65,4830.38,3994.10,34.63,0.08,Neutro
2019-06-19,5606.76,4780.05,3953.34,34.59,0.23,Neutro
2019-06-20,5555.72,4726.42,3897.13,35.09,0.19,Neutro
2019-06-21,5457.74,4684.35,3910.96,33.02,0.41,Neutro
2019-06-24,5348.71,4638.98,3929.24,30.60,0.37,Neutro
2019-06-25,5222.90,4600.20,3977.50,27.07,0.49,Neutro
2019-06-26,5072.14,4553.18,4034.21,22.80,0.36,Neutro
2019-06-27,4906.63,4503.68,4100.72,17.89,0.23,Neutro
2019-06-28,4851.82,4473.15,4094.48,16.93,0.21,Neutro
2019-07-01,4849.00,4456.65,4064.30,17.61,0.20,Neutro
2019-07-02,4834.93,4429.42,4023.92,18.31,0.12,Neutro
2019-07-03,4812.60,4412.92,4013.25,18.11,0.35,Neutro
2019-07-05,4790.19,4407.15,4024.11,17.38,0.78,Neutro
2019-07-08,4778.87,4403.02,4027.18,17.07,0.66,Neutro
2019-07-09,4765.73,4397.25,4028.77,16.76,0.58,Neutro
2019-07-10,4761.73,4395.60,4029.47,16.66,0.65,Neutro
2019-07-11,4670.30,4375.80,4081.30,13.46,0.66,Neutro
2019-07-12,4661.95,4367.55,4073.15,13.48,0.37,Neutro
2019-07-15,4661.61,4361.77,4061.94,13.75,0.30,Neutro
2019-07-16,4662.43,4359.30,4056.17,13.91,0.30,Neutro
2019-07-17,4659.03,4360.95,4062.87,13.67,0.16,Neutro
2019-07-18,4658.42,4356.82,4055.23,13.84,0.33,Neutro
2019-07-19,4672.98,4349.40,4025.82,14.88,0.05,Neutro
2019-07-22,4663.04,4324.65,3986.26,15.65,0.08,Neutro
2019-07-23,4698.35,4291.65,3884.95,18.95,0.00,Sobrevendido
2019-07-24,4690.64,4252.05,3813.46,20.63,0.00,Sobrevendido
2019-07-25,4700.78,4220.70,3740.62,22.75,0.04,Neutro
2019-07-26,4710.77,4195.95,3681.13,24.54,0.11,Neutro
2019-07-29,4721.93,4170.38,3618.82,26.45,0.11,Neutro
2019-07-30,4741.82,4140.68,3539.53,29.04,0.08,Neutro
2019-07-31,4780.62,4107.68,3434.73,32.77,0.02,Neutro
2019-08-01,4820.48,4056.52,3292.57,37.67,0.00,Sobrevendido
2019-08-02,4761.35,3997.12,3232.90,38.24,0.13,Neutro
2019-08-05,4702.04,3944.32,3186.61,38.42,0.18,Neutro
2019-08-06,4643.82,3893.18,3142.53,38.56,0.19,Neutro
2019-08-07,4573.74,3831.30,3088.86,38.76,0.12,Neutro
2019-08-08,4486.81,3772.72,3058.64,37.86,0.17,Neutro
2019-08-09,4415.59,3729.82,3044.06,36.77,0.28,Neutro
2019-08-12,4344.97,3686.92,3028.88,35.70,0.27,Neutro
2019-08-13,4258.77,3647.32,3035.88,33.53,0.34,Neutro
2019-08-14,4179.51,3611.02,3042.54,31.49,0.34,Neutro
2019-08-15,4054.67,3568.95,3083.23,27.22,0.34,Neutro
2019-08-16,3972.06,3531.00,3089.94,24.98,0.24,Neutro
2019-08-19,3879.34,3490.58,3101.81,22.28,0.17,Neutro
2019-08-20,3847.60,3458.40,3069.20,22.51,0.11,Neutro
2019-08-21,3796.69,3431.18,3065.66,21.31,0.25,Neutro
2019-08-22,3750.60,3398.18,3045.75,20.74,0.10,Neutro
2019-08-23,3706.90,3356.92,3006.95,20.85,0.00,Sobrevendido
2019-08-26,3644.55,3323.10,3001.65,19.35,0.10,Neutro
2019-08-27,3812.93,3347.85,2882.77,27.78,1.00,Sobrecomprado
2019-08-28,4016.09,3389.10,2762.11,37.00,1.00,Sobrecomprado
2019-08-29,4136.44,3432.00,2727.56,41.05,0.99,Neutro
2019-08-30,4323.12,3483.15,2643.18,48.23,1.00,Sobrecomprado
2019-09-03,4736.02,3573.90,2411.78,65.03,1.00,Sobrecomprado
2019-09-04,4920.54,3641.55,2362.56,70.24,0.95,Neutro
2019-09-05,5005.56,3697.65,2389.74,70.74,0.76,Neutro
2019-09-06,5151.41,3771.90,2392.39,73.15,0.87,Neutro
2019-09-09,5360.33,3858.52,2356.72,77.84,0.93,Neutro
2019-09-10,5484.52,3933.60,2382.68,78.85,0.81,Neutro
2019-09-11,5596.94,4006.20,2415.46,79.41,0.78,Neutro
2019-09-12,5645.01,4061.48,2477.94,77.98,0.65,Neutro
2019-09-13,5675.81,4113.45,2551.09,75.96,0.61,Neutro
2019-09-16,5690.33,4170.38,2650.42,72.89,0.59,Neutro
2019-09-17,5672.18,4217.40,2762.62,68.99,0.49,Neutro
2019-09-18,5630.60,4258.65,2886.70,64.43,0.40,Neutro
2019-09-19,5600.48,4277.62,2954.77,61.85,0.26,Neutro
2019-09-20,5542.16,4309.80,3077.44,57.19,0.28,Neutro
2019-09-23,5433.90,4373.32,3312.75,48.50,0.44,Neutro
2019-09-24,5303.28,4424.48,3545.67,39.72,0.31,Neutro
2019-09-25,5319.24,4409.62,3500.01,41.26,0.18,Neutro
2019-09-26,5338.50,4382.40,3426.30,43.63,0.17,Neutro
2019-09-27,5351.63,4365.90,3380.17,45.16,0.21,Neutro
2019-09-30,5372.20,4319.70,3267.20,48.73,0.13,Neutro
2019-10-01,5248.85,4227.30,3205.75,48.33,0.11,Neutro
2019-10-02,5201.53,4161.30,3121.07,50.00,0.17,Neutro
2019-10-03,5194.10,4115.10,3036.10,52.44,0.20,Neutro
2019-10-04,5117.00,4049.10,2981.20,52.75,0.23,Neutro
2019-10-07,4922.29,3964.95,3007.61,48.29,0.25,Neutro
2019-10-08,4779.08,3888.22,2997.37,45.82,0.20,Neutro
2019-10-09,4594.05,3810.68,3027.30,41.11,0.21,Neutro
2019-10-10,4488.68,3746.32,3003.97,39.63,0.17,Neutro
2019-10-11,4376.51,3688.58,3000.64,37.30,0.22,Neutro
2019-10-14,4240.43,3633.30,3026.17,33.42,0.25,Neutro
2019-10-15,4160.65,3608.55,3056.45,30.60,0.56,Neutro
2019-10-16,4110.24,3581.32,3052.41,29.54,0.36,Neutro
2019-10-17,4104.11,3573.90,3043.69,29.67,0.41,Neutro
2019-10-18,4090.90,3567.30,3043.70,29.36,0.56,Neutro
2019-10-21,3946.16,3527.70,3109.24,23.72,0.41,Neutro
2019-10-22,3819.31,3493.88,3168.44,18.63,0.38,Neutro
2019-10-23,3760.43,3469.95,3179.47,16.74,0.29,Neutro
2019-10-24,3713.76,3452.62,3191.49,15.13,0.40,Neutro
2019-10-25,3643.34,3427.05,3210.76,12.62,0.17,Neutro
2019-10-28,3633.08,3415.50,3197.92,12.74,0.23,Neutro
2019-10-29,3651.49,3400.65,3149.81,14.75,0.00,Sobrevendido
2019-10-30,3672.90,3380.02,3087.15,17.33,0.00,Sobrevendido
2019-10-31,3691.49,3356.92,3022.36,19.93,0.00,Sobrevendido
2019-11-01,3682.75,3342.08,3001.40,20.39,0.24,Neutro
2019-11-04,3670.89,3336.30,3001.71,20.06,0.54,Neutro
2019-11-05,3669.29,3334.65,3000.01,20.07,0.47,Neutro
2019-11-06,3712.11,3349.50,2986.89,21.65,0.91,Neutro
2019-11-07,3824.70,3383.32,2941.95,26.09,1.00,Sobrecomprado
2019-11-08,3883.94,3408.08,2932.21,27.93,0.91,Neutro
2019-11-11,3923.15,3427.88,2932.60,28.90,0.80,Neutro
2019-11-12,3896.46,3415.50,2934.54,28.16,0.52,Neutro
2019-11-13,3894.14,3413.02,2931.91,28.19,0.47,Neutro
2019-11-14,3890.22,3396.52,2902.83,29.07,0.25,Neutro
2019-11-15,3862.70,3376.72,2890.75,28.78,0.35,Neutro
2019-11-18,3857.39,3361.05,2864.71,29.53,0.27,Neutro
2019-11-19,3854.12,3345.38,2836.63,30.41,0.26,Neutro
2019-11-20,3860.65,3327.22,2793.80,32.06,0.18,Neutro
2019-11-21,3855.11,3310.72,2766.34,32.89,0.28,Neutro
2019-11-22,3853.27,3303.30,2753.33,33.30,0.35,Neutro
2019-11-25,3852.23,3290.92,2729.62,34.11,0.29,Neutro
2019-11-26,3853.08,3288.45,2723.82,34.34,0.32,Neutro
2019-11-27,3853.08,3288.45,2723.82,34.34,0.29,Neutro
2019-11-29,3850.70,3290.92,2731.15,34.02,0.29,Neutro
2019-12-02,3851.58,3286.80,2722.02,34.37,0.32,Neutro
2019-12-03,3842.65,3275.25,2707.85,34.65,0.38,Neutro
2019-12-04,3839.36,3259.58,2679.79,35.57,0.28,Neutro
2019-12-05,3786.19,3232.35,2678.51,34.27,0.38,Neutro
2019-12-06,3640.03,3189.45,2738.87,28.25,0.37,Neutro
2019-12-09,3544.54,3172.12,2799.71,23.48,0.87,Neutro
2019-12-10,3413.16,3146.55,2879.94,16.95,0.63,Neutro
2019-12-11,3360.37,3128.40,2896.43,14.83,0.37,Neutro
2019-12-12,3315.49,3108.60,2901.71,13.31,0.20,Neutro
2019-12-13,3312.20,3101.18,2890.15,13.61,0.27,Neutro
2019-12-16,3297.04,3087.98,2878.91,13.54,0.22,Neutro
2019-12-17,3295.00,3078.90,2862.80,14.04,0.21,Neutro
2019-12-18,3292.23,3075.60,2858.97,14.09,0.41,Neutro
2019-12-19,3293.92,3073.95,2853.98,14.31,0.23,Neutro
2019-12-20,3297.27,3076.42,2855.58,14.36,0.60,Neutro
2019-12-23,3301.24,3078.08,2854.91,14.50,0.70,Neutro
2019-12-24,3308.19,3083.02,2857.86,14.61,0.65,Neutro
2019-12-26,3322.69,3089.62,2856.56,15.09,0.77,Neutro
2019-12-27,3322.54,3088.80,2855.06,15.13,0.39,Neutro
2019-12-30,3330.75,3080.55,2830.35,16.24,0.11,Neutro
2019-12-31,3329.78,3074.78,2819.77,16.59,0.29,Neutro
2020-01-02,3329.78,3074.78,2819.77,16.59,0.62,Neutro
2020-01-03,3354.41,3087.98,2821.54,17.26,0.84,Neutro
2020-01-06,3374.45,3096.22,2818.00,17.97,0.81,Neutro
2020-01-07,3394.19,3106.12,2818.06,18.55,0.78,Neutro
2020-01-08,3345.78,3096.22,2846.67,16.12,0.81,Neutro
2020-01-09,3354.23,3098.70,2843.17,16.49,0.83,Neutro
2020-01-10,3357.62,3102.00,2846.38,16.48,0.56,Neutro
2020-01-13,3358.41,3108.60,2858.79,16.07,0.52,Neutro
2020-01-14,3362.85,3116.85,2870.85,15.79,0.60,Neutro
2020-01-15,3360.37,3124.28,2888.18,15.11,0.49,Neutro
2020-01-16,3369.86,3139.95,2910.04,14.64,0.78,Neutro
2020-01-17,3538.49,3177.08,2815.66,22.75,1.00,Sobrecomprado
2020-01-21,3944.27,3255.45,2566.63,42.32,1.00,Sobrecomprado
2020-01-22,4071.03,3301.65,2532.27,46.61,0.98,Neutro
2020-01-23,4288.39,3366.00,2443.61,54.81,1.00,Sobrecomprado
2020-01-24,4415.25,3420.45,2425.65,58.17,0.91,Neutro
2020-01-27,4461.32,3452.62,2443.93,58.43,0.70,Neutro
2020-01-28,4516.72,3500.48,2484.23,58.06,0.74,Neutro
2020-01-29,4536.51,3549.98,2563.44,55.58,0.67,Neutro
2020-01-30,4649.73,3624.22,2598.72,56.59,0.91,Neutro
2020-01-31,4752.41,3690.22,2628.04,57.57,0.86,Neutro
2020-02-03,4838.49,3747.98,2657.46,58.19,0.81,Neutro
2020-02-04,4883.67,3796.65,2709.63,57.26,0.70,Neutro
2020-02-05,4943.05,3853.58,2764.10,56.54,0.75,Neutro
2020-02-06,4977.09,3907.20,2837.31,54.77,0.69,Neutro
2020-02-07,4989.39,3955.05,2920.71,52.30,0.63,Neutro
2020-02-10,4983.08,4013.62,3044.17,48.31,0.65,Neutro
2020-02-11,4949.64,4071.38,3193.11,43.14,0.62,Neutro
2020-02-12,4889.51,4120.88,3352.24,37.30,0.52,Neutro
2020-02-13,4782.26,4175.32,3568.39,29.07,0.53,Neutro
2020-02-14,4651.18,4218.23,3785.27,20.53,0.39,Neutro
2020-02-18,4619.47,4238.02,3856.58,18.00,0.42,Neutro
2020-02-19,4578.79,4220.70,3862.61,16.97,0.44,Neutro
2020-02-20,4576.11,4224.82,3873.54,16.63,0.36,Neutro
2020-02-21,4544.77,4208.32,3871.88,15.99,0.38,Neutro
2020-02-24,4540.63,4202.55,3864.47,16.09,0.39,Neutro
2020-02-25,4519.50,4211.62,3903.75,14.62,0.23,Neutro
2020-02-26,4528.35,4230.60,3932.85,14.08,0.74,Neutro
2020-02-27,4502.11,4252.88,4003.64,11.72,0.64,Neutro
2020-02-28,4471.82,4241.32,4010.83,10.87,0.46,Neutro
2020-03-02,4454.15,4237.20,4020.25,10.24,0.81,Neutro
2020-03-03,4426.96,4228.12,4029.29,9.41,0.53,Neutro
2020-03-04,4426.31,4222.35,4018.39,9.66,0.26,Neutro
2020-03-05,4397.31,4212.45,4027.59,8.78,0.49,Neutro
2020-03-06,4437.25,4186.88,3936.50,11.96,0.00,Sobrevendido
2020-03-09,4716.29,4125.00,3533.71,28.67,0.00,Sobrevendido
2020-03-10,4749.45,4078.80,3408.15,32.88,0.00,Sobrevendido
2020-03-11,4812.82,4020.22,3227.63,39.43,0.00,Sobrevendido
2020-03-12,4941.15,3945.15,2949.15,50.49,0.00,Sobrevendido
2020-03-13,5026.37,3862.65,2698.93,60.26,0.00,Sobrevendido
2020-03-16,5133.33,3767.78,2402.22,72.49,0.00,Sobrevendido
2020-03-17,5186.03,3669.60,2153.17,82.65,0.02,Neutro
2020-03-18,5194.19,3573.90,1953.61,90.67,0.09,Neutro
2020-03-19,5208.24,3468.30,1728.36,100.33,0.08,Neutro
2020-03-20,5185.60,3364.35,1543.10,108.27,0.14,Neutro
2020-03-23,5132.59,3262.05,1391.51,114.68,0.18,Neutro
2020-03-24,5055.02,3174.60,1294.18,118.47,0.27,Neutro
2020-03-25,4894.75,3083.85,1272.95,117.44,0.35,Neutro
2020-03-26,4722.42,2999.70,1276.98,114.86,0.40,Neutro
2020-03-27,4552.19,2927.10,1302.01,111.04,0.45,Neutro
2020-03-30,4319.65,2841.30,1362.95,104.06,0.44,Neutro
2020-03-31,4083.99,2757.15,1430.31,96.25,0.42,Neutro
2020-04-01,3838.20,2673.00,1507.80,87.18,0.40,Neutro
2020-04-02,3501.20,2583.90,1666.60,71.00,0.41,Neutro
2020-04-03,3227.58,2512.95,1798.32,56.88,0.42,Neutro
2020-04-06,3166.37,2487.38,1808.38,54.60,0.49,Neutro
2020-04-07,2974.65,2442.00,1909.35,43.62,0.53,Neutro
2020-04-08,2839.22,2406.52,1973.83,35.96,0.48,Neutro
2020-04-09,2809.71,2393.32,1976.94,34.80,0.50,Neutro
2020-04-13,2791.46,2380.95,1970.44,34.48,0.41,Neutro
2020-04-14,2796.47,2391.68,1986.88,33.85,0.56,Neutro
2020-04-15,2794.62,2397.45,2000.28,33.13,0.41,Neutro
2020-04-16,2794.45,2401.57,2008.70,32.72,0.43,Neutro
2020-04-17,2767.71,2416.43,2065.14,29.07,0.35,Neutro
2020-04-20,2739.04,2431.28,2123.51,25.32,0.36,Neutro
2020-04-21,2718.27,2437.88,2157.48,23.00,0.10,Neutro
2020-04-22,2719.33,2437.05,2154.77,23.17,0.22,Neutro
2020-04-23,2728.49,2413.95,2099.41,26.06,0.00,Sobrevendido
2020-04-24,2703.35,2390.85,2078.35,26.14,0.16,Neutro
2020-04-27,2627.38,2363.62,2099.87,22.32,0.24,Neutro
2020-04-28,2571.80,2346.30,2120.80,19.22,0.42,Neutro
2020-04-29,2539.09,2336.40,2133.71,17.35,0.56,Neutro
2020-04-30,2548.10,2338.88,2129.65,17.89,0.86,Neutro
2020-05-01,2542.46,2336.40,2130.34,17.64,0.60,Neutro
2020-05-04,2540.82,2335.57,2130.33,17.58,0.60,Neutro
2020-05-05,2573.17,2342.18,2111.18,19.72,1.00,Sobrecomprado
2020-05-06,2641.84,2355.38,2068.91,24.32,1.00,Sobrecomprado
2020-05-07,2721.03,2375.18,2029.32,29.12,1.00,Sobrecomprado
2020-05-08,2879.63,2409.82,1940.02,38.99,1.00,Sobrecomprado
2020-05-11,2967.82,2442.00,1916.18,43.06,0.99,Neutro
2020-05-12,3389.96,2519.55,1649.14,69.09,1.00,Sobrecomprado
2020-05-13,3589.48,2586.38,1583.27,77.57,1.00,Sobrecomprado
2020-05-14,3715.12,2643.30,1571.48,81.10,0.89,Neutro
2020-05-15,3837.17,2705.18,1573.18,83.69,0.87,Neutro
2020-05-18,4026.01,2784.38,1542.74,89.19,0.96,Neutro
2020-05-19,4101.27,2849.55,1597.83,87.85,0.77,Neutro
2020-05-20,4179.30,2915.55,1651.80,86.69,0.77,Neutro
2020-05-21,4227.36,2990.62,1753.89,82.71,0.75,Neutro
2020-05-22,4259.71,3059.92,1860.14,78.42,0.71,Neutro
2020-05-26,4281.43,3127.58,1973.72,73.79,0.70,Neutro
2020-05-27,4330.28,3203.48,2076.67,70.35,0.78,Neutro
2020-05-28,4387.96,3284.32,2180.69,67.21,0.81,Neutro
2020-05-29,4428.92,3356.10,2283.28,63.93,0.77,Neutro
2020-06-01,4497.63,3451.80,2405.97,60.60,0.90,Neutro
2020-06-02,4560.06,3554.92,2549.79,56.55,0.94,Neutro
2020-06-03,4726.26,3667.12,2607.99,57.76,1.00,Sobrecomprado
2020-06-04,4814.72,3762.82,2710.93,55.91,0.92,Neutro
2020-06-05,4838.21,3846.98,2855.74,51.53,0.82,Neutro
2020-06-08,4868.41,3913.80,2959.19,48.78,0.77,Neutro
2020-06-09,4824.29,3976.50,3128.71,42.64,0.64,Neutro
2020-06-10,4819.61,3970.72,3121.84,42.76,0.45,Neutro
2020-06-11,4824.16,3964.95,3105.74,43.34,0.26,Neutro
2020-06-12,4814.95,3974.85,3134.75,42.27,0.32,Neutro
2020-06-15,4814.04,3975.68,3137.31,42.17,0.25,Neutro
2020-06-16,4820.40,3953.40,3086.40,43.86,0.23,Neutro
2020-06-17,4823.46,3950.92,3078.39,44.17,0.22,Neutro
2020-06-18,4831.12,3943.50,3055.88,45.02,0.22,Neutro
2020-06-19,4835.36,3938.55,3041.74,45.54,0.25,Neutro
2020-06-22,4870.37,3917.10,2963.83,48.67,0.09,Neutro
2020-06-23,4895.41,3897.30,2899.19,51.22,0.14,Neutro
2020-06-24,4893.29,3883.28,2873.26,52.02,0.33,Neutro
2020-06-25,4881.11,3865.95,2850.79,52.52,0.38,Neutro
2020-06-26,4875.96,3838.72,2801.49,54.04,0.28,Neutro
2020-06-29,4842.10,3780.15,2718.20,56.19,0.19,Neutro
2020-06-30,4770.24,3712.50,2654.76,56.98,0.20,Neutro
2020-07-01,4563.99,3630.00,2696.01,51.46,0.27,Neutro
2020-07-02,4375.79,3556.58,2737.36,46.07,0.27,Neutro
2020-07-06,4238.49,3473.00,2707.51,44.08,0.06,Neutro
2020-07-07,4138.41,3373.15,2607.89,45.37,0.00,Sobrevendido
2020-07-08,4033.77,3290.28,2546.78,45.19,0.00,Neutro
2020-07-09,4001.20,3217.98,2434.75,48.68,-0.00,Sobrevendido
2020-07-10,3987.50,3168.85,2350.20,51.67,0.13,Neutro
2020-07-13,3920.33,3128.38,2336.42,50.63,0.34,Neutro
2020-07-14,3866.70,3091.18,2315.65,50.18,0.33,Neutro
2020-07-15,3821.57,3054.60,2287.63,50.22,0.30,Neutro
2020-07-16,3774.63,3014.85,2255.07,50.40,0.27,Neutro
2020-07-17,3725.39,2972.05,2218.71,50.69,0.25,Neutro
2020-07-20,3656.31,2925.90,2195.49,49.93,0.26,Neutro
2020-07-21,3640.13,2895.15,2150.17,51.46,0.25,Neutro
2020-07-22,3622.80,2853.68,2084.55,53.90,0.18,Neutro
2020-07-23,3531.67,2787.95,2044.23,53.35,0.13,Neutro
2020-07-24,3397.31,2713.80,2030.29,50.37,0.09,Neutro
2020-07-27,3312.47,2648.42,1984.38,50.15,0.07,Neutro
2020-07-28,3269.28,2596.00,1922.72,51.87,0.11,Neutro
2020-07-29,3221.74,2542.62,1863.51,53.42,0.11,Neutro
2020-07-30,3137.58,2478.57,1819.57,53.18,0.08,Neutro
2020-07-31,3026.34,2417.10,1807.86,50.41,0.12,Neutro
2020-08-03,2979.02,2382.10,1785.18,50.12,0.26,Neutro
2020-08-04,2976.95,2380.35,1783.75,50.13,0.51,Neutro
2020-08-05,2987.81,2384.72,1781.64,50.58,0.71,Neutro
2020-08-06,3043.60,2405.65,1767.70,53.04,0.85,Neutro
2020-08-07,3050.92,2408.90,1766.88,53.30,0.67,Neutro
2020-08-10,3007.30,2395.43,1783.55,51.09,0.67,Neutro
2020-08-11,2964.86,2381.57,1798.29,48.98,0.64,Neutro
2020-08-12,2923.30,2365.57,1807.85,47.15,0.56,Neutro
2020-08-13,2909.77,2361.05,1812.33,46.48,0.70,Neutro
2020-08-14,2919.45,2364.28,1809.10,46.96,0.76,Neutro
2020-08-17,2910.69,2360.52,1810.36,46.61,0.63,Neutro
2020-08-18,2903.59,2356.90,1810.21,46.39,0.58,Neutro
2020-08-19,2905.85,2358.90,1811.95,46.37,0.53,Neutro
2020-08-20,2907.20,2363.00,1818.80,46.06,0.46,Neutro
2020-08-21,2906.27,2370.57,1834.88,45.20,0.43,Neutro
2020-08-24,2900.20,2379.32,1858.45,43.78,0.38,Neutro
2020-08-25,2892.82,2391.07,1889.33,41.97,0.41,Neutro
2020-08-26,2877.87,2403.70,1929.53,39.45,0.36,Neutro
2020-08-27,2844.46,2419.30,1994.14,35.15,0.28,Neutro
2020-08-28,2812.25,2431.50,2050.75,31.32,0.19,Neutro
2020-08-31,2811.59,2431.75,2051.91,31.24,0.07,Neutro
2020-09-01,2826.08,2416.75,2007.42,33.87,0.10,Neutro
2020-09-02,2811.82,2388.32,1964.83,35.46,0.12,Neutro
2020-09-03,2735.85,2349.32,1962.80,32.91,0.14,Neutro
2020-09-04,2704.50,2320.70,1936.90,33.08,0.16,Neutro
2020-09-08,2687.15,2286.40,1885.65,35.06,0.04,Neutro
2020-09-09,2670.91,2254.35,1837.79,36.96,0.08,Neutro
2020-09-10,2661.30,2229.32,1797.35,38.75,0.15,Neutro
2020-09-11,2623.82,2192.72,1761.63,39.32,0.10,Neutro
2020-09-14,2555.03,2150.38,1745.72,37.64,0.08,Neutro
2020-09-15,2505.06,2119.88,1734.69,36.34,0.20,Neutro
2020-09-16,2461.04,2089.75,1718.46,35.53,0.17,Neutro
2020-09-17,2418.45,2063.00,1707.55,34.46,0.21,Neutro
2020-09-18,2387.27,2039.20,1691.13,34.14,0.21,Neutro
2020-09-21,2357.24,2013.28,1669.31,34.17,0.16,Neutro
2020-09-22,2328.45,1990.70,1652.95,33.93,0.22,Neutro
2020-09-23,2279.22,1965.20,1651.18,31.96,0.23,Neutro
2020-09-24,2229.94,1940.68,1651.41,29.81,0.22,Neutro
2020-09-25,2180.63,1918.32,1656.02,27.35,0.25,Neutro
2020-09-28,2129.86,1898.12,1666.39,24.42,0.28,Neutro
2020-09-29,2099.06,1880.62,1662.19,23.23,0.21,Neutro
2020-09-30,2071.95,1860.42,1648.90,22.74,0.09,Neutro
2020-10-01,2046.98,1839.48,1631.97,22.56,0.04,Neutro
2020-10-02,2015.90,1817.22,1618.55,21.87,0.02,Neutro
2020-10-05,1973.01,1797.35,1621.69,19.55,0.11,Neutro
2020-10-06,1958.32,1786.62,1614.93,19.22,0.25,Neutro
2020-10-07,1943.86,1776.02,1608.19,18.90,0.24,Neutro
2020-10-08,1922.22,1762.18,1602.13,18.16,0.16,Neutro
2020-10-09,1912.82,1753.55,1594.28,18.17,0.25,Neutro
2020-10-12,1906.71,1748.05,1589.39,18.15,0.35,Neutro
2020-10-13,1888.35,1742.92,1597.50,16.69,0.65,Neutro
2020-10-14,1895.40,1744.55,1593.70,17.29,0.94,Neutro
2020-10-15,1879.05,1738.32,1597.60,16.19,0.49,Neutro
2020-10-16,1866.24,1733.62,1601.01,15.30,0.54,Neutro
2020-10-19,1869.78,1734.88,1599.97,15.55,0.76,Neutro
2020-10-20,1864.25,1732.45,1600.65,15.22,0.57,Neutro
2020-10-21,1859.44,1730.45,1601.46,14.91,0.60,Neutro
2020-10-22,1853.91,1726.20,1598.49,14.80,0.38,Neutro
2020-10-23,1847.03,1721.20,1595.37,14.62,0.36,Neutro
2020-10-26,1837.63,1716.42,1595.22,14.12,0.43,Neutro
2020-10-27,1845.43,1718.92,1592.42,14.72,0.84,Neutro
2020-10-28,1846.07,1717.62,1589.18,14.96,0.28,Neutro
2020-10-29,1845.54,1718.12,1590.71,14.83,0.27,Neutro
2020-10-30,1842.39,1720.30,1598.21,14.19,0.29,Neutro
2020-11-02,1869.84,1731.42,1593.01,15.99,1.00,Sobrecomprado
2020-11-03,2210.51,1778.82,1347.14,48.54,1.00,Sobrecomprado
2020-11-04,2306.63,1811.10,1315.57,54.72,1.00,Sobrecomprado
2020-11-05,2427.35,1852.98,1278.60,61.99,1.00,Sobrecomprado
2020-11-06,2840.18,1940.35,1040.52,92.75,1.00,Sobrecomprado
2020-11-09,2942.57,1990.12,1037.68,95.72,0.87,Neutro
2020-11-10,2996.34,2024.75,1053.16,95.97,0.73,Neutro
2020-11-11,3038.98,2052.88,1066.77,96.07,0.70,Neutro
2020-11-12,3042.14,2047.35,1052.56,97.18,0.29,Neutro
2020-11-13,3043.33,2044.35,1045.37,97.73,0.32,Neutro
2020-11-16,3044.46,2039.10,1033.74,98.61,0.33,Neutro
2020-11-17,3046.64,2033.85,1021.06,99.59,0.31,Neutro
2020-11-18,3046.57,2034.35,1022.13,99.51,0.37,Neutro
2020-11-19,3046.19,2035.35,1024.51,99.33,0.34,Neutro
2020-11-20,3048.64,2031.35,1014.06,100.16,0.29,Neutro
2020-11-23,3051.08,2026.88,1002.67,101.06,0.30,Neutro
2020-11-24,3055.94,2014.38,972.81,103.41,0.28,Neutro
2020-11-25,3057.02,2012.25,967.48,103.84,0.31,Neutro
2020-11-27,3055.96,2016.12,976.29,103.15,0.37,Neutro
2020-11-30,3054.97,2023.20,991.43,101.99,0.40,Neutro
2020-12-01,3054.00,2015.32,976.65,103.08,0.36,Neutro
2020-12-02,2970.88,1970.40,969.92,101.55,0.39,Neutro
2020-12-03,2930.64,1937.88,945.11,102.46,0.37,Neutro
2020-12-04,2860.95,1896.62,932.30,101.69,0.38,Neutro
2020-12-07,2455.85,1806.50,1157.15,71.89,0.36,Neutro
2020-12-08,2253.34,1751.72,1250.11,57.27,0.35,Neutro
2020-12-09,2077.63,1706.98,1336.32,43.43,0.34,Neutro
2020-12-10,1804.57,1664.22,1523.88,16.87,0.22,Neutro
2020-12-11,1808.00,1660.98,1513.95,17.70,0.16,Neutro
2020-12-14,1810.32,1653.48,1496.63,18.97,0.12,Neutro
2020-12-15,1813.48,1643.22,1472.97,20.72,0.06,Neutro
2020-12-16,1818.42,1635.72,1453.03,22.34,0.11,Neutro
2020-12-17,1805.35,1621.85,1438.35,22.63,0.13,Neutro
2020-12-18,1794.81,1616.60,1438.39,22.05,0.48,Neutro
2020-12-21,1794.31,1614.35,1434.39,22.30,0.35,Neutro
2020-12-22,1794.23,1610.35,1426.47,22.84,0.28,Neutro
2020-12-23,1795.13,1613.10,1431.07,22.57,0.49,Neutro
2020-12-24,1793.75,1610.72,1427.70,22.73,0.39,Neutro
2020-12-28,1778.37,1605.10,1431.83,21.59,0.56,Neutro
2020-12-29,1737.36,1592.35,1447.34,18.21,0.37,Neutro
2020-12-30,1721.92,1588.35,1454.78,16.82,0.71,Neutro
2020-12-31,1696.85,1583.12,1469.40,14.37,0.77,Neutro
2021-01-04,1713.51,1586.12,1458.74,16.06,1.00,Sobrecomprado
2021-01-05,1734.97,1590.62,1446.28,18.15,1.00,Sobrecomprado
2021-01-06,1772.99,1599.88,1426.76,21.64,1.00,Sobrecomprado
2021-01-07,1988.25,1634.38,1280.50,43.30,1.00,Sobrecomprado
2021-01-08,2178.93,1676.88,1174.82,59.88,1.00,Sobrecomprado
2021-01-11,2229.62,1700.88,1172.13,62.17,0.84,Neutro
2021-01-12,2250.64,1718.38,1186.11,61.95,0.68,Neutro
2021-01-13,2295.72,1746.12,1196.53,62.95,0.81,Neutro
2021-01-14,2346.19,1779.62,1213.06,63.67,0.84,Neutro
2021-01-15,2372.48,1808.38,1244.27,62.39,0.73,Neutro
2021-01-19,2407.45,1842.50,1277.55,61.32,0.79,Neutro
2021-01-20,2429.98,1866.25,1302.52,60.41,0.69,Neutro
2021-01-21,2444.05,1892.12,1340.20,58.34,0.67,Neutro
2021-01-22,2444.27,1916.88,1389.48,55.03,0.60,Neutro
2021-01-25,2450.38,1939.68,1428.97,52.66,0.62,Neutro
2021-01-26,2441.01,1960.68,1480.34,49.00,0.53,Neutro
2021-01-27,2436.66,1981.92,1527.19,45.89,0.57,Neutro
2021-01-28,2411.04,2002.92,1594.81,40.75,0.47,Neutro
2021-01-29,2399.50,2025.92,1652.35,36.88,0.61,Neutro
2021-02-01,2376.88,2048.43,1719.97,32.07,0.57,Neutro
2021-02-02,2368.60,2069.43,1770.25,28.91,0.66,Neutro
2021-02-03,2463.95,2112.43,1760.90,33.28,1.00,Sobrecomprado
2021-02-04,2483.71,2141.93,1800.14,31.91,0.87,Neutro
2021-02-05,2470.91,2135.93,1800.94,31.37,0.55,Neutro
2021-02-08,2436.13,2126.68,1817.22,29.10,0.70,Neutro
2021-02-09,2493.02,2147.43,1801.83,32.19,0.98,Neutro
2021-02-10,2542.44,2177.93,1813.41,33.47,0.97,Neutro
2021-02-11,2631.04,2207.18,1783.31,38.41,1.00,Sobrecomprado
2021-02-12,2702.05,2232.18,1762.30,42.10,0.96,Neutro
2021-02-16,2746.45,2257.93,1769.40,43.27,0.83,Neutro
2021-02-17,2761.14,2269.93,1778.71,43.28,0.64,Neutro
2021-02-18,2760.73,2276.43,1792.12,42.55,0.44,Neutro
2021-02-19,2759.15,2281.80,1804.45,41.84,0.40,Neutro
2021-02-22,2763.77,2300.05,1836.33,40.32,0.60,Neutro
2021-02-23,2762.01,2311.50,1860.99,38.98,0.48,Neutro
2021-02-24,2756.72,2331.50,1906.28,36.48,0.57,Neutro
2021-02-25,2748.68,2338.25,1927.82,35.11,0.31,Neutro
2021-02-26,2734.17,2345.00,1955.83,33.19,0.20,Neutro
2021-03-01,2728.61,2350.00,1971.39,32.22,0.31,Neutro
2021-03-02,2721.48,2362.25,2003.02,30.41,0.47,Neutro
2021-03-03,2717.59,2369.25,2020.91,29.41,0.41,Neutro
2021-03-04,2691.98,2343.25,1994.52,29.76,0.14,Neutro
2021-03-05,2692.63,2328.50,1964.37,31.28,0.19,Neutro
2021-03-08,2695.03,2326.25,1957.47,31.71,0.23,Neutro
2021-03-09,2695.28,2324.00,1952.72,31.95,0.34,Neutro
2021-03-10,2677.45,2311.25,1945.05,31.69,0.38,Neutro
2021-03-11,2653.02,2300.25,1947.48,30.67,0.50,Neutro
2021-03-12,2593.65,2285.25,1976.85,26.99,0.65,Neutro
2021-03-15,2530.42,2272.00,2013.58,22.75,0.75,Neutro
2021-03-16,2467.13,2251.00,2034.87,19.20,0.30,Neutro
2021-03-17,2446.89,2236.25,2025.61,18.84,0.21,Neutro
2021-03-18,2453.90,2228.25,2002.60,20.25,0.12,Neutro
2021-03-19,2460.29,2221.50,1982.71,21.50,0.14,Neutro
2021-03-22,2447.76,2201.50,1955.24,22.37,0.07,Neutro
2021-03-23,2459.65,2181.25,1902.85,25.53,0.00,Sobrevendido
2021-03-24,2449.08,2155.00,1860.92,27.29,0.01,Neutro
2021-03-25,2477.06,2133.50,1789.94,32.21,0.00,Sobrevendido
2021-03-26,2502.67,2114.50,1726.33,36.72,0.00,Neutro
2021-03-29,2521.57,2087.50,1653.43,41.59,0.01,Neutro
2021-03-30,2524.30,2048.75,1573.20,46.42,0.00,Sobrevendido
2021-03-31,2507.20,2016.00,1524.80,48.73,0.13,Neutro
2021-04-01,2505.15,1996.50,1487.85,50.95,0.21,Neutro
2021-04-05,2495.87,1980.00,1464.13,52.11,0.30,Neutro
2021-04-06,2483.17,1960.00,1436.83,53.38,0.28,Neutro
2021-04-07,2454.57,1938.50,1422.43,53.24,0.34,Neutro
2021-04-08,2422.44,1924.25,1426.06,51.78,0.52,Neutro
2021-04-09,2367.45,1900.00,1432.55,49.21,0.41,Neutro
2021-04-12,2286.40,1863.75,1441.10,45.35,0.25,Neutro
2021-04-13,2175.23,1826.25,1477.27,38.22,0.25,Neutro
2021-04-14,2121.72,1798.25,1474.78,35.98,0.20,Neutro
2021-04-15,2079.08,1768.25,1457.42,35.16,0.09,Neutro
2021-04-16,2043.10,1740.25,1437.40,34.81,0.10,Neutro
2021-04-19,2015.30,1706.25,1397.20,36.23,0.00,Sobrevendido
2021-04-20,1986.54,1676.00,1365.46,37.06,0.03,Neutro
2021-04-21,1962.61,1654.25,1345.89,37.28,0.18,Neutro
2021-04-22,1941.53,1631.50,1321.47,38.01,0.14,Neutro
2021-04-23,1931.66,1615.50,1299.34,39.14,0.21,Neutro
2021-04-26,1938.73,1618.00,1297.27,39.65,0.75,Neutro
2021-04-27,1940.94,1619.25,1297.56,39.73,0.61,Neutro
2021-04-28,1976.80,1635.25,1293.70,41.77,0.87,Neutro
2021-04-29,2002.70,1646.00,1289.30,43.34,0.81,Neutro
2021-04-30,2024.09,1654.25,1284.41,44.71,0.79,Neutro
2021-05-03,2020.85,1652.75,1284.65,44.54,0.62,Neutro
2021-05-04,2032.64,1657.75,1282.86,45.23,0.72,Neutro
2021-05-05,2034.44,1658.50,1282.56,45.33,0.67,Neutro
2021-05-06,2006.31,1650.00,1293.69,43.19,0.67,Neutro
2021-05-07,1995.25,1645.50,1295.75,42.51,0.61,Neutro
2021-05-10,1992.83,1640.50,1288.17,42.95,0.37,Neutro
2021-05-11,2002.36,1646.00,1289.64,43.30,0.66,Neutro
2021-05-12,2006.58,1650.25,1293.92,43.18,0.56,Neutro
2021-05-13,2013.07,1644.75,1276.43,44.79,0.17,Neutro
2021-05-14,2020.51,1639.00,1257.49,46.55,0.16,Neutro
2021-05-17,2024.24,1637.25,1250.26,47.27,0.11,Neutro
2021-05-18,2022.99,1638.00,1253.01,47.01,0.19,Neutro
2021-05-19,2032.43,1632.00,1231.57,49.07,0.13,Neutro
2021-05-20,2035.89,1629.75,1223.61,49.84,0.17,Neutro
2021-05-21,2040.18,1626.50,1212.82,50.87,0.19,Neutro
2021-05-24,2028.19,1606.00,1183.81,52.58,0.22,Neutro
2021-05-25,2020.14,1593.25,1166.36,53.59,0.31,Neutro
2021-05-26,1980.26,1575.50,1170.74,51.38,0.44,Neutro
2021-05-27,1940.29,1559.00,1177.71,48.91,0.47,Neutro
2021-05-28,1892.61,1539.25,1185.89,45.91,0.41,Neutro
2021-06-01,1870.38,1529.75,1189.12,44.53,0.53,Neutro
2021-06-02,1824.35,1513.25,1202.15,41.12,0.47,Neutro
2021-06-03,1779.91,1497.00,1214.09,37.80,0.44,Neutro
2021-06-04,1733.13,1480.00,1226.87,34.21,0.40,Neutro
2021-06-07,1691.62,1466.12,1240.63,30.76,0.46,Neutro
2021-06-08,1682.33,1458.88,1235.42,30.63,0.38,Neutro
2021-06-09,1617.53,1444.38,1271.22,23.98,0.57,Neutro
2021-06-10,1562.89,1433.12,1303.36,18.11,0.62,Neutro
2021-06-11,1563.13,1433.88,1304.62,18.03,0.45,Neutro
2021-06-14,1562.97,1436.12,1309.28,17.66,0.46,Neutro
2021-06-15,1558.43,1440.62,1322.82,16.35,0.43,Neutro
2021-06-16,1558.43,1440.62,1322.82,16.35,0.33,Neutro
2021-06-17,1553.50,1446.62,1339.75,14.78,0.54,Neutro
2021-06-18,1552.47,1447.12,1341.78,14.56,0.16,Neutro
2021-06-21,1551.97,1447.38,1342.78,14.45,0.15,Neutro
2021-06-22,1551.00,1447.88,1344.75,14.25,0.17,Neutro
2021-06-23,1552.17,1445.38,1338.58,14.78,0.22,Neutro
2021-06-24,1540.23,1441.12,1342.02,13.75,0.52,Neutro
2021-06-25,1524.63,1435.88,1347.12,12.36,0.47,Neutro
2021-06-28,1525.37,1436.12,1346.88,12.43,0.75,Neutro
2021-06-29,1550.53,1439.62,1328.72,15.41,1.00,Sobrecomprado
2021-06-30,1572.13,1444.38,1316.62,17.69,1.00,Sobrecomprado
2021-07-01,1585.28,1448.78,1312.27,18.84,0.88,Neutro
2021-07-02,1607.94,1457.02,1306.11,20.72,0.96,Neutro
2021-07-06,1613.74,1460.52,1307.31,20.98,0.69,Neutro
2021-07-07,1614.25,1463.28,1312.30,20.64,0.49,Neutro
2021-07-08,1612.98,1461.52,1310.07,20.73,0.41,Neutro
2021-07-09,1612.98,1461.52,1310.07,20.73,0.51,Neutro
2021-07-12,1614.89,1464.52,1314.16,20.53,0.55,Neutro
2021-07-13,1615.01,1464.02,1313.04,20.63,0.34,Neutro
2021-07-14,1616.21,1462.02,1307.84,21.09,0.25,Neutro
2021-07-15,1621.00,1458.78,1296.55,22.24,0.12,Neutro
2021-07-16,1624.69,1452.52,1280.36,23.71,0.14,Neutro
2021-07-19,1642.60,1445.02,1247.45,27.35,0.00,Sobrevendido
2021-07-20,1651.58,1439.28,1226.97,29.50,0.08,Neutro
2021-07-21,1652.08,1438.02,1223.97,29.77,0.31,Neutro
2021-07-22,1652.42,1436.78,1221.13,30.02,0.32,Neutro
2021-07-23,1658.18,1427.02,1195.87,32.40,0.12,Neutro
2021-07-26,1661.87,1418.28,1174.68,34.35,0.16,Neutro
2021-07-27,1655.71,1410.52,1165.34,34.77,0.33,Neutro
2021-07-28,1622.64,1397.28,1171.91,32.26,0.41,Neutro
2021-07-29,1596.01,1389.02,1182.04,29.80,0.59,Neutro
2021-07-30,1573.29,1381.12,1188.96,27.83,0.54,Neutro
2021-08-02,1535.19,1371.12,1207.06,23.93,0.57,Neutro
2021-08-03,1513.33,1364.25,1215.17,21.86,0.55,Neutro
2021-08-04,1521.91,1348.00,1174.09,25.80,0.00,Sobrevendido
2021-08-05,1514.63,1337.50,1160.37,26.49,0.18,Neutro
2021-08-06,1497.27,1326.75,1156.23,25.70,0.27,Neutro
2021-08-09,1472.98,1315.00,1157.02,24.03,0.28,Neutro
2021-08-10,1459.90,1306.75,1153.60,23.44,0.31,Neutro
2021-08-11,1450.42,1300.25,1150.08,23.10,0.35,Neutro
2021-08-12,1447.20,1295.25,1143.30,23.46,0.30,Neutro
2021-08-13,1445.49,1288.75,1132.01,24.32,0.22,Neutro
2021-08-16,1448.76,1286.25,1123.74,25.27,0.16,Neutro
2021-08-17,1459.96,1278.50,1097.04,28.39,0.02,Neutro
2021-08-18,1458.71,1266.25,1073.79,30.40,0.09,Neutro
2021-08-19,1465.44,1249.25,1033.06,34.61,0.00,Sobrevendido
2021-08-20,1474.32,1238.75,1003.18,38.03,0.08,Neutro
2021-08-23,1478.49,1228.50,978.51,40.70,0.14,Neutro
2021-08-24,1469.20,1217.25,965.30,41.40,0.27,Neutro
2021-08-25,1452.88,1204.50,956.12,41.24,0.29,Neutro
2021-08-26,1417.79,1192.00,966.21,37.88,0.46,Neutro
2021-08-27,1388.56,1183.25,977.94,34.70,0.59,Neutro
2021-08-30,1351.74,1172.25,992.76,30.62,0.51,Neutro
2021-08-31,1311.10,1158.50,1005.90,26.34,0.32,Neutro
2021-09-01,1312.51,1160.25,1007.99,26.25,0.53,Neutro
2021-09-02,1309.98,1159.25,1008.52,26.00,0.65,Neutro
2021-09-03,1298.81,1154.25,1009.69,25.05,0.49,Neutro
2021-09-07,1286.88,1148.50,1010.12,24.10,0.43,Neutro
2021-09-08,1274.09,1139.00,1003.91,23.72,0.21,Neutro
2021-09-09,1260.15,1127.50,994.85,23.53,0.11,Neutro
2021-09-10,1245.34,1118.00,990.66,22.78,0.21,Neutro
2021-09-13,1236.91,1109.25,981.59,23.02,0.17,Neutro
2021-09-14,1230.77,1101.75,972.73,23.42,0.20,Neutro
2021-09-15,1230.95,1097.97,965.00,24.22,0.24,Neutro
2021-09-16,1230.20,1093.97,957.75,24.90,0.27,Neutro
2021-09-17,1232.23,1092.72,953.22,25.53,0.15,Neutro
2021-09-20,1237.53,1089.22,940.92,27.23,0.10,Neutro
2021-09-21,1243.16,1084.72,926.29,29.21,0.11,Neutro
2021-09-22,1250.15,1075.72,901.30,32.43,0.05,Neutro
2021-09-23,1254.56,1066.47,878.39,35.27,0.10,Neutro
2021-09-24,1246.39,1053.22,860.06,36.68,0.13,Neutro
2021-09-27,1223.72,1037.97,852.23,35.79,0.17,Neutro
2021-09-28,1207.09,1024.72,842.36,35.59,0.19,Neutro
2021-09-29,1200.10,1014.98,829.85,36.48,0.22,Neutro
2021-09-30,1180.28,1000.22,820.17,36.00,0.15,Neutro
2021-10-01,1146.84,982.48,818.11,33.46,0.10,Neutro
2021-10-04,1123.70,966.72,809.75,32.48,0.08,Neutro
2021-10-05,1109.39,948.72,788.06,33.87,0.00,Sobrevendido
2021-10-06,1107.05,933.48,759.90,37.19,0.00,Sobrevendido
2021-10-07,1105.88,919.72,733.57,40.48,0.04,Neutro
2021-10-08,1095.43,905.22,715.02,42.02,0.11,Neutro
2021-10-11,1085.49,891.22,696.96,43.60,0.12,Neutro
2021-10-12,1072.23,876.72,681.22,44.60,0.14,Neutro
2021-10-13,1053.38,862.00,670.62,44.40,0.17,Neutro
2021-10-14,1026.99,849.25,671.51,41.86,0.29,Neutro
2021-10-15,1010.27,834.50,658.73,42.13,0.12,Neutro
2021-10-18,990.39,824.25,658.11,40.31,0.32,Neutro
2021-10-19,971.22,817.75,664.28,37.53,0.54,Neutro
2021-10-20,989.91,821.75,653.59,40.93,1.00,Sobrecomprado
2021-10-21,997.44,823.75,650.06,42.17,0.88,Neutro
2021-10-22,987.67,818.75,649.83,41.26,0.47,Neutro
2021-10-25,976.49,813.75,651.01,40.00,0.50,Neutro
2021-10-26,964.42,808.00,651.58,38.72,0.46,Neutro
2021-10-27,950.72,800.00,649.28,37.68,0.33,Neutro
2021-10-28,941.66,794.25,646.84,37.12,0.38,Neutro
2021-10-29,935.50,789.88,644.25,36.87,0.41,Neutro
2021-11-01,931.23,787.12,643.02,36.62,0.48,Neutro
2021-11-02,931.01,786.38,641.74,36.79,0.39,Neutro
2021-11-03,931.23,787.12,643.02,36.62,0.44,Neutro
2021-11-04,931.23,787.38,643.52,36.54,0.39,Neutro
2021-11-05,931.45,786.38,641.30,36.90,0.32,Neutro
2021-11-08,931.45,787.12,642.80,36.67,0.41,Neutro
2021-11-09,933.17,785.38,637.58,37.64,0.21,Neutro
2021-11-10,937.26,782.12,626.99,39.67,0.14,Neutro
2021-11-11,939.93,776.88,613.82,41.98,0.17,Neutro
2021-11-12,939.93,776.88,613.82,41.98,0.26,Neutro
2021-11-15,942.03,772.12,602.22,44.01,0.20,Neutro
2021-11-16,936.15,765.62,595.10,44.55,0.31,Neutro
2021-11-17,927.89,764.38,600.86,42.78,1.00,Sobrecomprado
2021-11-18,910.67,761.12,611.58,39.30,0.93,Neutro
2021-11-19,928.67,766.12,603.58,42.43,0.94,Neutro
2021-11-22,940.44,769.88,599.31,44.31,0.85,Neutro
2021-11-23,952.32,774.38,596.43,45.96,0.81,Neutro
2021-11-24,959.38,779.12,598.87,46.27,0.68,Neutro
2021-11-26,965.14,783.12,601.11,46.48,0.66,Neutro
2021-11-29,999.50,794.75,590.00,51.53,0.99,Neutro
2021-11-30,1019.22,803.25,587.28,53.77,0.84,Neutro
2021-12-01,1021.07,806.25,591.43,53.29,0.52,Neutro
2021-12-02,1020.99,805.00,589.01,53.66,0.36,Neutro
2021-12-03,1021.15,804.00,586.85,54.02,0.34,Neutro
2021-12-06,1021.08,804.25,587.42,53.92,0.35,Neutro
2021-12-07,1021.54,805.50,589.46,53.64,0.45,Neutro
2021-12-08,1020.81,810.50,600.19,51.90,0.48,Neutro
2021-12-09,1016.29,815.50,614.71,49.24,0.39,Neutro
2021-12-10,1011.06,819.50,627.94,46.75,0.32,Neutro
2021-12-13,1009.94,820.25,630.56,46.25,0.22,Neutro
2021-12-14,1007.79,821.25,634.71,45.43,0.15,Neutro
2021-12-15,1005.12,823.25,641.38,44.18,0.27,Neutro
2021-12-16,983.09,810.50,637.91,42.59,0.24,Neutro
2021-12-17,974.51,802.38,630.24,42.91,0.28,Neutro
2021-12-20,961.67,792.12,622.58,42.81,0.24,Neutro
2021-12-21,949.19,784.38,619.56,42.02,0.35,Neutro
2021-12-22,935.95,777.12,618.30,40.88,0.38,Neutro
2021-12-23,928.31,772.38,616.44,40.38,0.43,Neutro
2021-12-27,920.92,765.62,610.33,40.57,0.30,Neutro
2021-12-28,866.63,749.62,632.62,31.22,0.18,Neutro
2021-12-29,812.86,735.12,657.39,21.15,0.02,Neutro
2021-12-30,801.17,727.88,654.58,20.14,0.11,Neutro
2021-12-31,803.02,723.38,643.73,22.02,0.07,Neutro
2022-01-03,802.35,720.62,638.90,22.68,0.25,Neutro
2022-01-04,800.75,717.62,634.50,23.17,0.27,Neutro
2022-01-05,791.53,711.62,631.72,22.46,0.21,Neutro
2022-01-06,777.51,703.88,630.24,20.92,0.10,Neutro
2022-01-07,769.37,697.38,625.38,20.65,0.10,Neutro
2022-01-10,767.84,690.38,612.91,22.44,0.00,Sobrevendido
2022-01-11,765.69,687.12,608.56,22.87,0.26,Neutro
2022-01-12,766.70,684.12,601.55,24.14,0.17,Neutro
2022-01-13,761.05,678.12,595.20,24.46,0.15,Neutro
2022-01-14,757.46,673.12,588.79,25.06,0.19,Neutro
2022-01-18,752.50,667.00,581.50,25.64,0.14,Neutro
2022-01-19,748.08,664.00,579.92,25.33,0.39,Neutro
2022-01-20,736.93,659.25,581.57,23.57,0.38,Neutro
2022-01-21,723.07,653.00,582.93,21.46,0.23,Neutro
2022-01-24,704.12,645.00,585.88,18.33,0.03,Neutro
2022-01-25,699.32,638.25,577.18,19.14,0.00,Sobrevendido
2022-01-26,703.15,631.75,560.35,22.60,0.00,Sobrevendido
2022-01-27,709.48,625.00,540.52,27.03,0.00,Sobrevendido
2022-01-28,708.94,618.25,527.56,29.34,0.04,Neutro
2022-01-31,704.91,615.75,526.59,28.96,0.44,Neutro
2022-02-01,695.72,611.38,527.03,27.59,0.39,Neutro
2022-02-02,685.20,606.62,528.05,25.91,0.36,Neutro
2022-02-03,677.52,601.38,525.23,25.32,0.23,Neutro
2022-02-04,671.95,598.12,524.30,24.69,0.38,Neutro
2022-02-07,667.02,595.88,524.73,23.88,0.49,Neutro
2022-02-08,665.73,593.62,521.52,24.29,0.30,Neutro
2022-02-09,657.67,590.62,523.58,22.70,0.50,Neutro
2022-02-10,653.06,588.62,524.19,21.89,0.51,Neutro
2022-02-11,649.85,587.12,524.40,21.37,0.52,Neutro
2022-02-14,645.80,584.62,523.45,20.93,0.38,Neutro
2022-02-15,643.82,583.38,522.93,20.72,0.47,Neutro
2022-02-16,634.32,580.88,527.43,18.40,0.63,Neutro
2022-02-17,623.18,576.88,530.57,16.05,0.32,Neutro
2022-02-18,620.54,572.38,524.21,16.83,0.01,Neutro
2022-02-22,624.11,568.12,512.14,19.71,0.00,Sobrevendido
2022-02-23,627.55,564.88,502.20,22.19,0.02,Neutro
2022-02-24,629.95,563.12,496.30,23.73,0.10,Neutro
2022-02-25,631.89,562.12,492.36,24.82,0.09,Neutro
2022-02-28,639.03,558.92,478.82,28.66,0.00,Sobrevendido
2022-03-01,643.05,550.85,458.65,33.48,0.00,Sobrevendido
2022-03-02,646.41,542.98,439.54,38.10,0.00,Sobrevendido
2022-03-03,646.67,535.78,424.88,41.40,0.07,Neutro
2022-03-04,647.90,529.78,411.65,44.59,0.12,Neutro
2022-03-07,651.26,520.28,389.29,50.35,0.00,Neutro
2022-03-08,652.36,508.65,364.94,56.51,0.00,Sobrevendido
2022-03-09,651.41,499.40,347.39,60.88,0.11,Neutro
2022-03-10,642.85,489.28,335.70,62.78,0.17,Neutro
2022-03-11,632.74,478.40,324.06,64.52,0.16,Neutro
2022-03-14,621.53,466.40,311.27,66.52,0.12,Neutro
2022-03-15,609.88,455.92,301.97,67.54,0.19,Neutro
2022-03-16,593.65,444.42,295.20,67.15,0.18,Neutro
2022-03-17,567.81,433.18,298.54,62.16,0.27,Neutro
2022-03-18,546.43,425.18,303.92,57.04,0.40,Neutro
2022-03-21,531.05,418.88,306.70,53.56,0.41,Neutro
2022-03-22,518.33,412.65,306.97,51.22,0.35,Neutro
2022-03-23,503.55,406.28,309.00,47.89,0.35,Neutro
2022-03-24,507.83,407.02,306.22,49.53,1.00,Sobrecomprado
2022-03-25,523.95,409.78,295.60,55.73,1.00,Sobrecomprado
2022-03-28,529.34,411.22,293.11,57.45,0.88,Neutro
2022-03-29,542.18,415.05,287.92,61.26,0.91,Neutro
2022-03-30,541.78,414.80,287.82,61.22,0.56,Neutro
2022-03-31,545.35,416.32,287.30,61.98,0.71,Neutro
2022-04-01,547.79,417.48,287.16,62.43,0.67,Neutro
2022-04-04,554.49,421.98,289.46,62.81,0.72,Neutro
2022-04-05,557.79,427.08,296.36,61.21,0.64,Neutro
2022-04-06,559.19,430.22,301.26,59.95,0.55,Neutro
2022-04-07,561.18,433.48,305.77,58.92,0.57,Neutro
2022-04-08,561.16,436.72,312.29,56.99,0.50,Neutro
2022-04-11,558.12,440.02,321.93,53.68,0.40,Neutro
2022-04-12,555.56,442.42,329.29,51.14,0.35,Neutro
2022-04-13,551.19,446.55,341.91,46.87,0.43,Neutro
2022-04-14,548.32,449.88,351.43,43.77,0.43,Neutro
2022-04-18,548.78,453.05,357.32,42.26,0.55,Neutro
2022-04-19,550.55,457.35,364.15,40.76,0.65,Neutro
2022-04-20,548.39,462.20,376.01,37.30,0.59,Neutro
2022-04-21,544.95,467.82,390.70,32.97,0.64,Neutro
2022-04-22,536.65,464.08,391.50,31.28,0.40,Neutro
2022-04-25,517.48,456.58,395.67,26.68,0.12,Neutro
2022-04-26,514.66,451.28,387.89,28.09,0.05,Neutro
2022-04-27,507.49,444.02,380.56,28.59,0.00,Sobrevendido
2022-04-28,508.31,442.80,377.29,29.59,0.22,Neutro
2022-04-29,506.37,441.98,377.58,29.14,0.60,Neutro
2022-05-02,519.00,445.08,371.15,33.22,1.00,Sobrecomprado
2022-05-03,523.51,446.32,369.14,34.59,0.88,Neutro
2022-05-04,526.46,447.48,368.49,35.30,0.75,Neutro
2022-05-05,526.61,447.65,368.69,35.28,0.49,Neutro
2022-05-06,528.10,448.52,368.95,35.48,0.63,Neutro
2022-05-09,529.14,446.58,364.01,36.98,0.21,Neutro
2022-05-10,529.01,447.40,365.79,36.48,0.41,Neutro
2022-05-11,528.93,447.48,366.02,36.41,0.27,Neutro
2022-05-12,529.53,446.10,362.67,37.40,0.25,Neutro
2022-05-13,529.52,445.02,360.53,37.97,0.32,Neutro
2022-05-16,528.17,441.85,355.53,39.07,0.26,Neutro
2022-05-17,522.97,438.35,353.73,38.61,0.36,Neutro
2022-05-18,519.12,433.98,348.83,39.24,0.24,Neutro
2022-05-19,511.77,429.22,346.68,38.46,0.29,Neutro
2022-05-20,510.12,426.02,341.93,39.48,0.26,Neutro
2022-05-23,510.24,425.28,340.31,39.96,0.32,Neutro
2022-05-24,510.84,424.58,338.31,40.64,0.24,Neutro
2022-05-25,510.51,424.82,339.14,40.34,0.24,Neutro
2022-05-26,510.54,424.55,338.56,40.51,0.36,Neutro
2022-05-27,507.20,421.78,336.35,40.51,0.37,Neutro
2022-05-31,486.42,414.78,343.13,34.55,0.29,Neutro
2022-06-01,468.24,408.15,348.06,29.45,0.20,Neutro
2022-06-02,454.17,401.28,348.38,26.36,0.02,Neutro
2022-06-03,451.07,395.95,340.83,27.84,0.00,Sobrevendido
2022-06-06,438.08,389.45,340.82,24.97,0.00,Sobrevendido
2022-06-07,440.04,386.40,332.76,27.76,0.04,Neutro
2022-06-08,436.32,381.15,325.98,28.95,0.01,Neutro
2022-06-09,435.05,377.15,319.25,30.70,0.09,Neutro
2022-06-10,434.05,373.10,312.15,32.67,0.10,Neutro
2022-06-13,434.74,366.90,299.06,36.98,0.00,Sobrevendido
2022-06-14,436.69,361.02,285.36,41.92,0.00,Sobrevendido
2022-06-15,436.81,353.32,269.84,47.26,0.00,Sobrevendido
2022-06-16,437.36,347.10,256.84,52.01,0.05,Neutro
2022-06-17,434.85,340.65,246.45,55.31,0.10,Neutro
2022-06-21,431.54,334.85,238.16,57.75,0.16,Neutro
2022-06-22,427.73,327.30,226.87,61.37,0.09,Neutro
2022-06-23,424.16,320.55,216.94,64.65,0.14,Neutro
2022-06-24,418.68,313.80,208.92,66.85,0.17,Neutro
2022-06-27,406.94,306.05,205.16,65.93,0.20,Neutro
2022-06-28,392.71,298.20,203.69,63.39,0.21,Neutro
2022-06-29,379.15,291.20,203.25,60.41,0.24,Neutro
2022-06-30,366.85,284.32,201.80,58.05,0.20,Neutro
2022-07-01,357.79,278.58,199.36,56.87,0.22,Neutro
2022-07-05,348.81,273.82,198.84,54.77,0.31,Neutro
2022-07-06,338.22,269.08,199.93,51.39,0.33,Neutro
2022-07-07,326.27,264.68,203.08,46.54,0.38,Neutro
2022-07-08,315.11,260.42,205.74,42.00,0.34,Neutro
2022-07-11,301.01,255.30,209.59,35.81,0.20,Neutro
2022-07-12,284.68,250.40,216.12,27.38,0.14,Neutro
2022-07-13,278.87,246.55,214.23,26.22,-0.00,Sobrevendido
2022-07-14,274.44,242.95,211.46,25.92,0.00,Sobrevendido
2022-07-15,278.76,239.15,199.54,33.13,0.00,Sobrevendido
2022-07-18,278.22,235.50,192.78,36.28,-0.00,Sobrevendido
2022-07-19,276.92,231.55,186.18,39.19,0.01,Neutro
2022-07-20,271.70,228.05,184.40,38.28,0.18,Neutro
2022-07-21,270.12,226.22,182.33,38.81,0.29,Neutro
2022-07-22,269.22,223.50,177.78,40.91,0.14,Neutro
2022-07-25,266.94,221.25,175.56,41.30,0.27,Neutro
2022-07-26,265.78,218.00,170.22,43.83,0.10,Neutro
2022-07-27,263.61,215.12,166.64,45.08,0.19,Neutro
2022-07-28,260.06,212.28,164.49,45.02,0.25,Neutro
2022-07-29,257.40,210.28,163.15,44.82,0.34,Neutro
2022-08-01,254.35,208.40,162.45,44.10,0.38,Neutro
2022-08-02,248.87,205.68,162.48,42.00,0.32,Neutro
2022-08-03,242.49,203.42,164.36,38.41,0.46,Neutro
2022-08-04,233.74,201.20,168.66,32.35,0.56,Neutro
2022-08-05,225.70,199.40,173.10,26.38,0.63,Neutro
2022-08-08,221.17,198.25,175.33,23.12,0.64,Neutro
2022-08-09,215.55,196.70,177.85,19.17,0.45,Neutro
2022-08-10,212.89,195.88,178.86,17.37,0.55,Neutro
2022-08-11,210.91,195.28,179.64,16.01,0.60,Neutro
2022-08-12,210.67,195.80,180.93,15.19,0.49,Neutro
2022-08-15,210.72,195.92,181.13,15.10,0.47,Neutro
2022-08-16,210.55,196.08,181.60,14.76,0.29,Neutro
2022-08-17,210.17,195.58,180.98,14.93,0.31,Neutro
2022-08-18,208.59,195.08,181.56,13.86,0.59,Neutro
2022-08-19,208.75,194.90,181.05,14.21,0.21,Neutro
2022-08-22,208.50,194.12,179.75,14.81,0.17,Neutro
2022-08-23,209.02,193.98,178.93,15.51,0.00,Sobrevendido
2022-08-24,220.03,191.72,163.42,29.53,0.00,Sobrevendido
2022-08-25,229.73,188.58,147.42,43.65,0.00,Sobrevendido
2022-08-26,233.94,185.32,136.71,52.46,0.00,Sobrevendido
2022-08-29,237.73,181.45,125.17,62.03,0.00,Sobrevendido
2022-08-30,239.18,178.35,117.52,68.21,0.09,Neutro
2022-08-31,239.67,174.30,108.93,75.01,0.08,Neutro
2022-09-01,236.06,171.70,107.34,74.97,0.35,Neutro
2022-09-02,231.77,169.38,106.98,73.68,0.42,Neutro
2022-09-06,228.23,167.95,107.67,71.78,0.57,Neutro
2022-09-07,226.08,167.00,107.92,70.75,0.58,Neutro
2022-09-08,223.55,166.00,108.44,69.35,0.60,Neutro
2022-09-09,227.99,167.09,106.19,72.89,0.94,Neutro
2022-09-12,287.23,176.10,64.96,126.22,1.00,Sobrecomprado
2022-09-13,293.09,178.42,63.74,128.55,0.77,Neutro
2022-09-14,296.00,179.92,63.83,129.04,0.67,Neutro
2022-09-15,296.16,180.02,63.89,129.02,0.55,Neutro
2022-09-16,294.55,178.64,62.73,129.77,0.46,Neutro
2022-09-19,293.36,177.09,60.82,131.31,0.41,Neutro
2022-09-20,292.19,175.32,58.44,133.33,0.39,Neutro
2022-09-21,291.38,173.56,55.75,135.76,0.37,Neutro
2022-09-22,291.40,173.48,55.57,135.94,0.35,Neutro
2022-09-23,292.05,172.80,53.56,138.01,0.24,Neutro
2022-09-26,293.37,171.42,49.46,142.29,0.22,Neutro
2022-09-27,292.98,172.12,51.27,140.43,0.34,Neutro
2022-09-28,293.42,171.52,49.62,142.14,0.27,Neutro
2022-09-29,293.60,171.31,49.02,142.77,0.27,Neutro
2022-09-30,293.57,170.25,46.94,144.86,0.34,Neutro
2022-10-03,293.31,168.78,44.26,147.56,0.35,Neutro
2022-10-04,292.14,167.19,42.24,149.47,0.41,Neutro
2022-10-05,290.95,165.78,40.62,151.00,0.43,Neutro
2022-10-06,289.94,164.86,39.79,151.73,0.48,Neutro
2022-10-07,283.93,161.57,39.21,151.46,0.47,Neutro
2022-10-10,219.32,149.58,79.85,93.24,0.40,Neutro
2022-10-11,199.32,143.54,87.77,77.71,0.29,Neutro
2022-10-12,182.08,138.49,94.90,62.95,0.28,Neutro
2022-10-13,171.43,134.55,97.67,54.82,0.21,Neutro
2022-10-14,166.38,131.37,96.37,53.29,0.14,Neutro
2022-10-17,163.84,128.75,93.67,54.50,0.14,Neutro
2022-10-18,161.71,126.62,91.54,55.42,0.21,Neutro
2022-10-19,161.29,124.26,87.24,59.59,0.10,Neutro
2022-10-20,160.55,122.16,83.78,62.84,0.16,Neutro
2022-10-21,161.44,121.30,81.17,66.17,0.16,Neutro
2022-10-24,163.97,120.08,76.20,73.09,0.02,Neutro
2022-10-25,166.21,116.66,67.11,84.94,0.00,Sobrevendido
2022-10-26,167.89,114.43,60.97,93.43,0.10,Neutro
2022-10-27,169.89,111.90,53.92,103.63,0.09,Neutro
2022-10-28,169.26,108.60,47.94,111.71,0.15,Neutro
2022-10-31,168.40,105.12,41.84,120.40,0.15,Neutro
2022-11-01,164.17,101.08,37.99,124.83,0.20,Neutro
2022-11-02,158.34,96.66,34.98,127.62,0.20,Neutro
2022-11-03,148.24,91.53,34.82,123.92,0.19,Neutro
2022-11-04,137.55,86.30,35.05,118.77,0.15,Neutro
2022-11-07,129.96,82.08,34.20,116.67,0.18,Neutro
2022-11-08,124.84,78.56,32.28,117.82,0.19,Neutro
2022-11-09,118.73,75.26,31.79,115.52,0.24,Neutro
2022-11-10,112.67,72.46,32.25,110.99,0.31,Neutro
2022-11-11,107.40,70.15,32.90,106.20,0.36,Neutro
2022-11-14,101.99,67.75,33.51,101.08,0.32,Neutro
2022-11-15,94.57,65.21,35.85,90.05,0.34,Neutro
2022-11-16,90.67,64.26,37.85,82.20,0.72,Neutro
2022-11-17,85.84,63.28,40.72,71.30,0.80,Neutro
2022-11-18,78.81,61.33,43.85,57.00,0.32,Neutro
2022-11-21,76.17,60.03,43.89,53.77,0.25,Neutro
2022-11-22,75.54,59.46,43.38,54.09,0.34,Neutro
2022-11-23,73.73,58.55,43.37,51.85,0.34,Neutro
2022-11-25,73.14,58.19,43.24,51.38,0.46,Neutro
2022-11-28,72.24,57.52,42.80,51.18,0.33,Neutro
2022-11-29,71.89,57.06,42.23,51.98,0.32,Neutro
2022-11-30,71.16,56.54,41.92,51.72,0.38,Neutro
2022-12-01,70.87,56.26,41.65,51.94,0.42,Neutro
2022-12-02,70.80,56.18,41.56,52.05,0.45,Neutro
2022-12-05,70.75,56.27,41.79,51.47,0.35,Neutro
2022-12-06,70.86,56.13,41.40,52.49,0.24,Neutro
2022-12-07,71.07,55.95,40.83,54.05,0.19,Neutro
2022-12-08,71.94,55.32,38.70,60.09,0.05,Neutro
2022-12-09,72.31,54.48,36.65,65.46,0.11,Neutro
2022-12-12,72.33,53.43,34.53,70.75,0.12,Neutro
2022-12-13,72.55,52.59,32.63,75.91,0.15,Neutro
2022-12-14,72.48,51.81,31.14,79.79,0.21,Neutro
2022-12-15,68.19,49.88,31.57,73.42,0.15,Neutro
2022-12-16,62.23,47.82,33.41,60.27,0.08,Neutro
2022-12-19,62.17,46.69,31.21,66.31,0.04,Neutro
2022-12-20,62.09,45.79,29.49,71.19,0.13,Neutro
2022-12-21,61.59,44.65,27.71,75.88,0.11,Neutro
2022-12-22,60.94,43.53,26.12,79.99,0.15,Neutro
2022-12-23,59.80,42.00,24.20,84.76,0.06,Neutro
2022-12-27,59.02,40.73,22.44,89.81,0.12,Neutro
2022-12-28,57.86,39.56,21.26,92.52,0.20,Neutro
2022-12-29,55.96,38.50,21.03,90.74,0.31,Neutro
2022-12-30,53.79,37.83,21.87,84.39,0.58,Neutro
2023-01-03,51.49,37.30,23.10,76.12,0.74,Neutro
2023-01-04,49.72,36.89,24.05,69.59,0.76,Neutro
2023-01-05,48.03,36.39,24.75,63.98,0.59,Neutro
2023-01-06,46.38,35.70,25.01,59.87,0.36,Neutro
2023-01-09,45.85,35.37,24.88,59.29,0.43,Neutro
2023-01-10,46.93,35.64,24.34,63.39,0.96,Neutro
2023-01-11,48.12,35.99,23.85,67.44,0.91,Neutro
2023-01-12,48.43,36.12,23.80,68.20,0.71,Neutro
2023-01-13,48.22,36.01,23.80,67.82,0.57,Neutro
2023-01-17,48.50,36.16,23.81,68.29,0.66,Neutro
2023-01-18,48.61,36.26,23.90,68.15,0.55,Neutro
2023-01-19,48.66,36.42,24.17,67.25,0.47,Neutro
2023-01-20,49.30,36.85,24.39,67.61,0.72,Neutro
2023-01-23,49.52,37.26,24.99,65.84,0.60,Neutro
2023-01-24,49.61,37.66,25.70,63.50,0.56,Neutro
2023-01-25,48.97,38.26,27.54,56.02,0.51,Neutro
2023-01-26,48.14,38.82,29.50,48.02,0.47,Neutro
2023-01-27,47.26,39.20,31.13,41.15,0.30,Neutro
2023-01-30,46.85,39.40,31.95,37.82,0.26,Neutro
2023-01-31,46.75,39.22,31.69,38.40,0.34,Neutro
2023-02-01,46.07,38.89,31.71,36.92,0.41,Neutro
2023-02-02,45.74,38.79,31.84,35.83,0.70,Neutro
2023-02-03,46.39,39.06,31.73,37.53,0.84,Neutro
2023-02-06,46.44,39.56,32.68,34.78,0.74,Neutro
2023-02-07,46.22,39.89,33.56,31.74,0.54,Neutro
2023-02-08,45.17,39.49,33.81,28.77,0.37,Neutro
2023-02-09,43.90,39.08,34.27,24.64,0.38,Neutro
2023-02-10,43.63,38.92,34.22,24.17,0.42,Neutro
2023-02-13,43.69,38.85,34.00,24.95,0.23,Neutro
2023-02-14,43.69,38.58,33.46,26.52,0.13,Neutro
2023-02-15,43.97,38.36,32.76,29.22,0.06,Neutro
2023-02-16,44.28,38.20,32.13,31.80,0.04,Neutro
2023-02-17,44.03,37.68,31.34,33.67,0.05,Neutro
2023-02-21,44.38,37.17,29.97,38.76,0.00,Sobrevendido
2023-02-22,44.58,36.70,28.81,42.98,0.05,Neutro
2023-02-23,44.77,36.22,27.68,47.18,0.08,Neutro
2023-02-24,45.15,35.64,26.14,53.33,0.02,Neutro
2023-02-27,45.48,35.18,24.89,58.52,0.09,Neutro
2023-02-28,45.70,34.72,23.75,63.21,0.13,Neutro
2023-03-01,45.95,34.11,22.26,69.46,0.09,Neutro
2023-03-02,46.19,33.33,20.48,77.13,0.07,Neutro
2023-03-03,45.49,32.38,19.26,81.02,0.12,Neutro
2023-03-06,43.75,31.40,19.06,78.62,0.22,Neutro
2023-03-07,41.93,30.51,19.10,74.82,0.26,Neutro
2023-03-08,40.36,29.84,19.31,70.55,0.36,Neutro
2023-03-09,39.46,28.99,18.53,72.18,0.13,Neutro
2023-03-10,38.31,28.15,17.99,72.18,0.15,Neutro
2023-03-13,36.63,27.37,18.11,67.67,0.24,Neutro
2023-03-14,35.24,26.65,18.06,64.47,0.22,Neutro
2023-03-15,33.98,25.97,17.96,61.69,0.20,Neutro
2023-03-16,32.79,25.39,17.99,58.29,0.26,Neutro
2023-03-17,31.62,24.82,18.01,54.85,0.23,Neutro
2023-03-20,30.95,24.68,18.40,50.86,0.86,Neutro
2023-03-21,30.61,24.58,18.56,49.01,0.77,Neutro
2023-03-22,31.84,24.80,17.77,56.72,1.00,Sobrecomprado
2023-03-23,32.28,24.92,17.55,59.12,0.93,Neutro
2023-03-24,32.25,24.90,17.54,59.09,0.59,Neutro
2023-03-27,32.13,24.82,17.52,58.85,0.54,Neutro
2023-03-28,31.94,24.65,17.35,59.20,0.39,Neutro
2023-03-29,31.91,24.58,17.26,59.59,0.41,Neutro
2023-03-30,31.92,24.68,17.45,58.62,0.47,Neutro
2023-03-31,31.95,24.65,17.34,59.28,0.29,Neutro
2023-04-03,31.91,24.51,17.11,60.38,0.32,Neutro
2023-04-04,31.85,24.34,16.83,61.71,0.32,Neutro
2023-04-05,31.59,24.12,16.65,61.94,0.38,Neutro
2023-04-06,31.58,24.23,16.88,60.67,0.44,Neutro
2023-04-10,31.61,24.42,17.23,58.89,0.53,Neutro
2023-04-11,31.65,24.51,17.37,58.26,0.49,Neutro
2023-04-12,31.65,24.61,17.57,57.21,0.44,Neutro
2023-04-13,31.62,24.77,17.92,55.31,0.47,Neutro
2023-04-14,31.64,24.93,18.22,53.83,0.51,Neutro
2023-04-17,31.68,25.20,18.71,51.48,0.59,Neutro
2023-04-18,31.31,25.06,18.82,49.83,0.62,Neutro
2023-04-19,31.05,24.94,18.82,49.05,0.52,Neutro
2023-04-20,28.99,24.54,20.10,36.22,0.69,Neutro
2023-04-21,27.65,24.32,20.98,27.43,0.84,Neutro
2023-04-24,27.42,24.20,20.97,26.66,0.44,Neutro
2023-04-25,27.29,24.08,20.86,26.71,0.33,Neutro
2023-04-26,27.30,24.12,20.95,26.32,0.48,Neutro
2023-04-27,27.33,24.18,21.04,26.01,0.53,Neutro
2023-04-28,27.32,24.18,21.03,26.02,0.47,Neutro
2023-05-01,27.20,24.26,21.33,24.19,0.35,Neutro
2023-05-02,27.09,24.33,21.57,22.69,0.30,Neutro
2023-05-03,26.91,24.44,21.96,20.26,0.35,Neutro
2023-05-04,26.87,24.58,22.28,18.68,0.64,Neutro
2023-05-05,26.86,24.64,22.41,18.06,0.49,Neutro
2023-05-08,26.84,24.60,22.37,18.17,0.41,Neutro
2023-05-09,26.87,24.64,22.40,18.14,0.58,Neutro
2023-05-10,26.90,24.70,22.49,17.86,0.57,Neutro
2023-05-11,26.93,24.64,22.36,18.54,0.23,Neutro
2023-05-12,26.93,24.54,22.16,19.43,0.18,Neutro
2023-05-15,26.68,24.38,22.09,18.82,0.24,Neutro
2023-05-16,26.32,24.20,22.09,17.48,0.22,Neutro
2023-05-17,26.22,24.10,21.97,17.64,0.24,Neutro
2023-05-18,26.72,24.18,21.63,21.05,1.00,Sobrecomprado
2023-05-19,26.94,24.22,21.49,22.51,1.00,Sobrecomprado
2023-05-22,27.62,24.42,21.23,26.16,1.00,Sobrecomprado
2023-05-23,27.90,24.62,21.33,26.69,0.83,Neutro
2023-05-24,28.05,24.71,21.38,26.99,0.69,Neutro
2023-05-25,28.13,24.78,21.42,27.08,0.62,Neutro
2023-05-26,28.19,24.84,21.50,26.93,0.58,Neutro
2023-05-30,28.21,24.94,21.66,26.27,0.54,Neutro
2023-05-31,28.38,25.12,21.85,26.00,0.76,Neutro
2023-06-01,28.49,25.25,22.01,25.66,0.68,Neutro
2023-06-02,28.52,25.27,22.02,25.72,0.55,Neutro
2023-06-05,28.81,25.42,22.03,26.67,0.82,Neutro
2023-06-06,28.92,25.54,22.16,26.47,0.66,Neutro
2023-06-07,29.00,25.61,22.22,26.47,0.62,Neutro
2023-06-08,29.20,25.73,22.26,26.97,0.74,Neutro
2023-06-09,29.15,25.86,22.57,25.44,0.52,Neutro
2023-06-12,29.00,25.99,22.98,23.16,0.44,Neutro
2023-06-13,28.83,26.12,23.41,20.75,0.44,Neutro
2023-06-14,28.56,26.24,23.91,17.72,0.30,Neutro
2023-06-15,28.16,26.36,24.55,13.70,0.24,Neutro
2023-06-16,28.03,26.20,24.36,14.01,0.07,Neutro
2023-06-20,28.17,25.98,23.80,16.82,0.00,Sobrevendido
2023-06-21,27.98,25.76,23.55,17.19,0.01,Neutro
2023-06-22,28.66,25.44,22.23,25.27,0.00,Sobrevendido
2023-06-23,29.47,25.08,20.69,35.01,0.00,Sobrevendido
2023-06-26,30.06,24.71,19.36,43.30,0.00,Sobrevendido
2023-06-27,30.46,24.34,18.22,50.29,0.00,Sobrevendido
2023-06-28,30.65,24.00,17.35,55.42,0.08,Neutro
2023-06-29,30.52,23.59,16.66,58.75,0.14,Neutro
2023-06-30,30.34,23.20,16.05,61.60,0.17,Neutro
2023-07-03,30.19,22.84,15.48,64.41,0.20,Neutro
2023-07-05,29.60,22.40,15.19,64.34,0.25,Neutro
2023-07-06,29.10,22.01,14.91,64.48,0.27,Neutro
2023-07-07,28.53,21.65,14.78,63.50,0.33,Neutro
2023-07-10,27.63,21.26,14.89,59.92,0.37,Neutro
2023-07-11,26.94,20.95,14.95,57.24,0.39,Neutro
2023-07-12,26.26,20.68,15.09,54.02,0.46,Neutro
2023-07-13,25.42,20.39,15.35,49.40,0.46,Neutro
2023-07-14,24.58,20.08,15.59,44.77,0.40,Neutro
2023-07-17,23.56,19.82,16.08,37.74,0.55,Neutro
2023-07-18,22.54,19.55,16.56,30.59,0.44,Neutro
2023-07-19,21.79,19.33,16.87,25.45,0.39,Neutro
2023-07-20,20.59,19.14,17.69,15.15,0.73,Neutro
2023-07-21,20.75,19.17,17.59,16.48,1.00,Sobrecomprado
2023-07-24,22.26,19.46,16.65,28.83,1.00,Sobrecomprado
2023-07-25,22.96,19.72,16.47,32.92,1.00,Sobrecomprado
2023-07-26,23.33,19.95,16.56,33.94,0.89,Neutro
2023-07-27,23.61,20.15,16.68,34.40,0.83,Neutro
2023-07-28,23.90,20.35,16.79,34.95,0.82,Neutro
2023-07-31,24.10,20.54,16.98,34.67,0.76,Neutro
2023-08-01,24.06,20.65,17.23,33.08,0.49,Neutro
2023-08-02,24.03,20.71,17.39,32.06,0.39,Neutro
2023-08-03,23.98,20.76,17.54,31.02,0.36,Neutro
2023-08-04,23.97,20.82,17.66,30.31,0.43,Neutro
2023-08-07,23.97,20.83,17.69,30.15,0.34,Neutro
2023-08-08,24.01,20.78,17.56,31.03,0.19,Neutro
2023-08-09,24.08,20.70,17.31,32.71,0.17,Neutro
2023-08-10,24.09,20.67,17.24,33.15,0.32,Neutro
2023-08-11,24.18,20.61,17.03,34.70,0.14,Neutro
2023-08-14,24.25,20.50,16.74,36.64,0.17,Neutro
2023-08-15,24.27,20.47,16.67,37.13,0.27,Neutro
2023-08-16,24.35,20.42,16.48,38.55,0.15,Neutro
2023-08-17,24.43,20.30,16.18,40.63,0.17,Neutro
2023-08-18,24.41,20.14,15.87,42.41,0.21,Neutro
2023-08-21,23.74,19.78,15.82,40.04,0.17,Neutro
2023-08-22,23.28,19.43,15.58,39.63,0.11,Neutro
2023-08-23,22.88,19.13,15.38,39.21,0.15,Neutro
2023-08-24,22.43,18.83,15.22,38.30,0.16,Neutro
2023-08-25,21.77,18.55,15.33,34.72,0.26,Neutro
2023-08-28,21.06,18.24,15.41,30.98,0.14,Neutro
2023-08-29,20.71,18.05,15.39,29.48,0.27,Neutro
2023-08-30,20.43,17.93,15.43,27.89,0.43,Neutro
2023-08-31,20.17,17.76,15.34,27.20,0.22,Neutro
2023-09-01,19.69,17.56,15.42,24.32,0.23,Neutro
2023-09-05,19.28,17.41,15.55,21.42,0.37,Neutro
2023-09-06,19.07,17.32,15.57,20.21,0.41,Neutro
2023-09-07,18.95,17.21,15.47,20.22,0.21,Neutro
2023-09-08,18.50,17.10,15.70,16.37,0.54,Neutro
2023-09-11,18.87,17.17,15.47,19.80,1.00,Sobrecomprado
2023-09-12,19.04,17.21,15.39,21.20,0.95,Neutro
2023-09-13,18.82,17.13,15.45,19.67,0.50,Neutro
2023-09-14,18.79,17.12,15.45,19.51,0.60,Neutro
2023-09-15,18.74,17.07,15.40,19.56,0.36,Neutro
2023-09-18,18.69,17.04,15.40,19.30,0.53,Neutro
2023-09-19,18.68,17.01,15.33,19.70,0.32,Neutro
2023-09-20,18.68,17.00,15.31,19.83,0.28,Neutro
2023-09-21,18.73,16.96,15.19,20.88,0.14,Neutro
2023-09-22,18.81,16.90,14.99,22.60,0.08,Neutro
2023-09-25,18.94,16.78,14.62,25.74,0.00,Neutro
2023-09-26,19.12,16.68,14.24,29.25,-0.00,Sobrevendido
2023-09-27,19.23,16.55,13.88,32.32,0.06,Neutro
2023-09-28,19.26,16.36,13.47,35.39,0.06,Neutro
2023-09-29,19.32,16.24,13.16,37.93,0.14,Neutro
2023-10-02,19.41,16.10,12.78,41.19,0.11,Neutro
2023-10-03,19.35,15.96,12.58,42.41,0.25,Neutro
2023-10-04,19.30,15.79,12.28,44.46,0.18,Neutro
2023-10-05,19.30,15.66,12.01,46.56,0.21,Neutro
2023-10-06,19.13,15.51,11.89,46.69,0.32,Neutro
2023-10-09,18.42,15.23,12.04,41.89,0.29,Neutro
2023-10-10,17.78,14.94,12.10,38.02,0.16,Neutro
2023-10-11,17.49,14.74,12.00,37.24,0.22,Neutro
2023-10-12,17.08,14.51,11.94,35.43,0.16,Neutro
2023-10-13,16.80,14.32,11.83,34.72,0.19,Neutro
2023-10-16,16.35,14.07,11.78,32.49,0.08,Neutro
2023-10-17,15.95,13.89,11.83,29.66,0.25,Neutro
2023-10-18,15.53,13.70,11.86,26.79,0.14,Neutro
2023-10-19,15.24,13.51,11.78,25.61,0.06,Neutro
2023-10-20,15.02,13.34,11.65,25.27,0.03,Neutro
2023-10-23,14.92,13.18,11.44,26.40,0.05,Neutro
2023-10-24,16.87,13.46,10.05,50.66,1.00,Sobrecomprado
2023-10-25,16.97,13.50,10.04,51.33,0.72,Neutro
2023-10-26,16.95,13.49,10.03,51.30,0.51,Neutro
2023-10-27,16.94,13.36,9.78,53.59,0.23,Neutro
2023-10-30,17.04,13.19,9.35,58.28,0.11,Neutro
2023-10-31,17.08,12.97,8.85,63.47,0.10,Neutro
2023-11-01,17.18,12.75,8.32,69.50,0.10,Neutro
2023-11-02,17.19,12.54,7.90,74.06,0.17,Neutro
2023-11-03,17.09,12.29,7.49,78.09,0.18,Neutro
2023-11-06,17.04,12.03,7.02,83.30,0.16,Neutro
2023-11-07,17.06,11.79,6.51,89.50,0.16,Neutro
2023-11-08,16.99,11.55,6.11,94.22,0.21,Neutro
2023-11-09,16.97,11.29,5.61,100.63,0.17,Neutro
2023-11-10,16.89,11.04,5.19,105.98,0.22,Neutro
2023-11-13,16.82,10.82,4.82,110.93,0.24,Neutro
2023-11-14,16.63,10.56,4.49,114.96,0.27,Neutro
2023-11-15,16.45,10.35,4.25,117.91,0.32,Neutro
2023-11-16,16.28,10.15,4.01,120.93,0.32,Neutro
2023-11-17,16.12,10.01,3.90,122.08,0.42,Neutro
2023-11-20,15.95,9.84,3.72,124.35,0.36,Neutro
2023-11-21,13.23,9.23,5.22,86.82,0.30,Neutro
2023-11-22,11.86,8.86,5.85,67.86,0.29,Neutro
2023-11-24,10.63,8.56,6.49,48.35,0.29,Neutro
2023-11-27,10.00,8.37,6.75,38.82,0.26,Neutro
2023-11-28,9.67,8.23,6.80,34.86,0.21,Neutro
2023-11-29,9.51,8.20,6.88,32.08,0.81,Neutro
2023-11-30,9.44,8.18,6.92,30.81,0.75,Neutro
2023-12-01,9.33,8.16,6.98,28.81,0.86,Neutro
2023-12-04,9.19,8.11,7.04,26.50,0.61,Neutro
2023-12-05,9.15,8.10,7.05,25.93,0.59,Neutro
2023-12-06,9.14,8.09,7.03,26.09,0.45,Neutro
2023-12-07,9.11,8.05,6.99,26.33,0.32,Neutro
2023-12-08,9.11,8.07,7.04,25.64,0.46,Neutro
2023-12-11,9.12,8.06,7.00,26.30,0.25,Neutro
2023-12-12,9.24,8.00,6.77,30.86,0.00,Sobrevendido
2023-12-13,9.32,7.95,6.59,34.33,0.04,Neutro
2023-12-14,9.34,7.89,6.44,36.76,0.13,Neutro
2023-12-15,9.33,7.85,6.37,37.71,0.28,Neutro
2023-12-18,9.16,7.75,6.35,36.24,0.28,Neutro
2023-12-19,9.14,7.69,6.25,37.56,0.22,Neutro
2023-12-20,9.13,7.68,6.23,37.77,0.36,Neutro
2023-12-21,9.14,7.64,6.15,39.12,0.26,Neutro
2023-12-22,9.12,7.63,6.13,39.21,0.40,Neutro
2023-12-26,9.15,7.64,6.14,39.38,0.60,Neutro
2023-12-27,9.17,7.66,6.16,39.27,0.56,Neutro
2023-12-28,8.97,7.60,6.24,35.91,0.56,Neutro
2023-12-29,8.87,7.58,6.29,34.04,0.79,Neutro
2024-01-02,8.63,7.52,6.41,29.53,0.63,Neutro
2024-01-03,8.58,7.50,6.43,28.65,0.77,Neutro
2024-01-04,8.48,7.47,6.46,27.05,0.52,Neutro
2024-01-05,8.42,7.44,6.46,26.35,0.48,Neutro
2024-01-08,8.45,7.45,6.45,26.84,0.74,Neutro
2024-01-09,8.42,7.44,6.46,26.34,0.68,Neutro
2024-01-10,8.51,7.47,6.44,27.70,0.84,Neutro
2024-01-11,8.47,7.50,6.52,26.02,0.27,Neutro
2024-01-12,8.45,7.54,6.64,24.00,0.56,Neutro
2024-01-16,8.41,7.58,6.74,22.04,0.46,Neutro
2024-01-17,8.41,7.58,6.74,22.04,0.28,Neutro
2024-01-18,8.42,7.58,6.73,22.31,0.22,Neutro
2024-01-19,8.39,7.59,6.79,21.08,0.24,Neutro
2024-01-22,8.41,7.58,6.74,22.05,0.16,Neutro
2024-01-23,8.40,7.58,6.76,21.64,0.15,Neutro
2024-01-24,8.40,7.59,6.78,21.34,0.48,Neutro
2024-01-25,8.37,7.55,6.74,21.58,0.29,Neutro
2024-01-26,8.34,7.53,6.72,21.53,0.35,Neutro
2024-01-29,8.31,7.50,6.70,21.46,0.37,Neutro
2024-01-30,8.17,7.44,6.72,19.48,0.29,Neutro
2024-01-31,8.13,7.41,6.70,19.29,0.35,Neutro
2024-02-01,8.01,7.37,6.73,17.36,0.41,Neutro
2024-02-02,8.00,7.36,6.72,17.39,0.41,Neutro
2024-02-05,8.08,7.31,6.54,21.07,0.00,Sobrevendido
2024-02-06,8.03,7.24,6.45,21.82,0.06,Neutro
2024-02-07,7.99,7.17,6.35,22.87,0.03,Neutro
2024-02-08,7.81,7.09,6.37,20.32,0.12,Neutro
2024-02-09,7.81,7.07,6.34,20.78,0.29,Neutro
2024-02-12,7.72,7.04,6.35,19.47,0.43,Neutro
2024-02-13,7.67,7.02,6.37,18.52,0.58,Neutro
2024-02-14,7.65,7.01,6.36,18.41,0.48,Neutro
2024-02-15,7.64,7.00,6.36,18.29,0.45,Neutro
2024-02-16,7.63,6.98,6.34,18.47,0.40,Neutro
2024-02-20,7.69,7.01,6.33,19.40,0.87,Neutro
2024-02-21,7.90,7.06,6.23,23.64,1.00,Sobrecomprado
2024-02-22,8.02,7.09,6.16,26.23,1.00,Sobrecomprado
2024-02-23,8.18,7.14,6.10,29.15,0.98,Neutro
2024-02-26,8.43,7.20,5.97,34.16,1.00,Sobrecomprado
2024-02-27,8.70,7.28,5.86,39.03,1.00,Sobrecomprado
2024-02-28,8.84,7.34,5.84,40.87,0.85,Neutro
2024-02-29,8.96,7.40,5.83,42.33,0.79,Neutro
2024-03-01,9.04,7.44,5.84,43.00,0.73,Neutro
2024-03-04,9.07,7.47,5.86,42.99,0.59,Neutro
2024-03-05,9.04,7.51,5.98,40.75,0.42,Neutro
2024-03-06,9.01,7.54,6.08,38.84,0.38,Neutro
2024-03-07,8.97,7.60,6.24,35.91,0.49,Neutro
2024-03-08,8.93,7.62,6.32,34.23,0.26,Neutro
2024-03-11,8.93,7.62,6.32,34.24,0.15,Neutro
2024-03-12,8.94,7.62,6.29,34.80,0.19,Neutro
2024-03-13,8.94,7.62,6.29,34.79,0.32,Neutro
2024-03-14,8.93,7.62,6.31,34.37,0.30,Neutro
2024-03-15,8.92,7.64,6.35,33.66,0.33,Neutro
2024-03-18,8.91,7.65,6.39,32.95,0.28,Neutro
2024-03-19,8.92,7.62,6.33,33.98,0.26,Neutro
2024-03-20,8.87,7.58,6.30,33.90,0.38,Neutro
2024-03-21,8.81,7.55,6.28,33.53,0.43,Neutro
2024-03-22,8.75,7.52,6.28,32.85,0.53,Neutro
2024-03-25,8.58,7.45,6.32,30.34,0.39,Neutro
2024-03-26,8.31,7.35,6.39,26.11,0.27,Neutro
2024-03-27,8.12,7.28,6.44,23.07,0.30,Neutro
2024-03-28,7.92,7.23,6.54,19.09,0.54,Neutro
2024-04-01,7.72,7.19,6.66,14.74,0.68,Neutro
2024-04-02,7.64,7.17,6.70,13.11,0.72,Neutro
2024-04-03,7.63,7.16,6.68,13.27,0.34,Neutro
2024-04-04,7.64,7.14,6.64,14.01,0.16,Neutro
2024-04-05,7.63,7.08,6.54,15.39,0.00,Sobrevendido
2024-04-08,7.64,7.06,6.49,16.28,0.17,Neutro
2024-04-09,7.63,7.07,6.51,15.84,0.26,Neutro
2024-04-10,7.67,7.10,6.53,16.06,0.76,Neutro
2024-04-11,7.67,7.08,6.48,16.82,0.18,Neutro
2024-04-12,7.68,7.05,6.42,17.87,0.14,Neutro
2024-04-15,7.70,7.01,6.32,19.68,0.04,Neutro
2024-04-16,7.76,6.96,6.16,22.99,0.00,Sobrevendido
2024-04-17,7.82,6.91,6.00,26.33,0.00,Neutro
2024-04-18,7.82,6.85,5.87,28.48,0.08,Neutro
2024-04-19,7.82,6.77,5.72,31.02,0.04,Neutro
2024-04-22,7.77,6.67,5.57,32.98,0.01,Neutro
2024-04-23,7.77,6.58,5.39,36.15,0.03,Neutro
2024-04-24,7.74,6.54,5.34,36.69,0.30,Neutro
2024-04-25,7.81,6.45,5.09,42.20,0.00,Sobrevendido
2024-04-26,7.84,6.31,4.78,48.48,0.00,Sobrevendido
2024-04-29,7.78,6.18,4.57,51.96,0.04,Neutro
2024-04-30,7.63,6.07,4.51,51.41,0.22,Neutro
2024-05-01,7.52,5.98,4.45,51.33,0.26,Neutro
2024-05-02,7.42,5.90,4.39,51.31,0.29,Neutro
2024-05-03,7.39,5.82,4.26,53.73,0.19,Neutro
2024-05-06,7.29,5.75,4.21,53.59,0.30,Neutro
2024-05-07,7.14,5.68,4.21,51.63,0.39,Neutro
2024-05-08,6.80,5.58,4.36,43.71,0.48,Neutro
2024-05-09,6.62,5.52,4.42,39.85,0.48,Neutro
2024-05-10,6.43,5.45,4.47,35.94,0.40,Neutro
2024-05-13,6.30,5.42,4.53,32.69,0.60,Neutro
2024-05-14,6.20,5.38,4.56,30.50,0.48,Neutro
2024-05-15,6.12,5.35,4.58,28.78,0.58,Neutro
2024-05-16,6.06,5.33,4.61,27.18,0.75,Neutro
2024-05-17,6.08,5.34,4.60,27.72,0.88,Neutro
2024-05-20,6.29,5.39,4.48,33.61,1.00,Sobrecomprado
2024-05-21,6.49,5.44,4.39,38.59,1.00,Sobrecomprado
2024-05-22,6.74,5.49,4.24,45.52,1.00,Sobrecomprado
2024-05-23,6.83,5.56,4.28,45.90,0.79,Neutro
2024-05-24,6.84,5.63,4.41,43.18,0.68,Neutro
2024-05-28,6.81,5.68,4.55,39.78,0.54,Neutro
2024-05-29,6.81,5.70,4.59,38.94,0.45,Neutro
2024-05-30,6.84,5.74,4.64,38.33,0.63,Neutro
2024-05-31,6.85,5.77,4.69,37.43,0.56,Neutro
2024-06-03,6.83,5.83,4.84,34.11,0.63,Neutro
2024-06-04,6.80,5.87,4.93,31.87,0.47,Neutro
2024-06-05,6.81,5.90,4.99,30.84,0.57,Neutro
2024-06-06,6.84,5.88,4.91,32.83,0.09,Neutro
2024-06-07,6.93,5.84,4.75,37.34,0.00,Sobrevendido
2024-06-10,6.96,5.82,4.69,38.98,0.11,Neutro
2024-06-11,7.01,5.78,4.56,42.37,0.09,Neutro
2024-06-12,7.04,5.76,4.47,44.66,0.13,Neutro
2024-06-13,7.08,5.72,4.36,47.56,0.15,Neutro
2024-06-14,7.12,5.66,4.20,51.58,0.12,Neutro
2024-06-17,7.14,5.58,4.03,55.68,0.11,Neutro
2024-06-18,7.03,5.54,4.04,54.02,0.49,Neutro
2024-06-20,6.89,5.44,4.00,53.09,0.26,Neutro
2024-06-21,6.58,5.35,4.11,46.21,0.39,Neutro
2024-06-24,6.47,5.31,4.15,43.70,0.62,Neutro
2024-06-25,6.37,5.27,4.16,41.96,0.48,Neutro
2024-06-26,6.32,5.24,4.16,41.21,0.51,Neutro
2024-06-27,6.30,5.23,4.16,40.94,0.53,Neutro
2024-06-28,6.20,5.19,4.19,38.71,0.56,Neutro
2024-07-01,6.10,5.15,4.20,36.90,0.44,Neutro
2024-07-02,5.93,5.09,4.25,32.99,0.42,Neutro
2024-07-03,5.82,5.06,4.29,30.26,0.52,Neutro
2024-07-05,5.65,5.02,4.39,25.11,0.69,Neutro
2024-07-08,5.66,5.02,4.39,25.28,0.62,Neutro
2024-07-09,5.65,5.03,4.41,24.64,0.40,Neutro
2024-07-10,5.67,5.05,4.42,24.76,0.67,Neutro
2024-07-11,5.74,5.09,4.44,25.56,0.85,Neutro
2024-07-12,5.75,5.11,4.47,25.04,0.65,Neutro
2024-07-15,5.77,5.14,4.51,24.51,0.66,Neutro
2024-07-16,5.74,5.18,4.62,21.62,0.64,Neutro
2024-07-17,5.66,5.23,4.81,16.25,0.69,Neutro
2024-07-18,5.64,5.22,4.81,15.89,0.69,Neutro
2024-07-19,5.60,5.25,4.90,13.33,0.57,Neutro
2024-07-22,5.61,5.27,4.92,13.10,0.64,Neutro
2024-07-23,5.56,5.24,4.93,12.01,0.37,Neutro
2024-07-24,5.56,5.24,4.92,12.22,0.25,Neutro
2024-07-25,5.62,5.26,4.89,13.89,1.00,Neutro
2024-07-26,5.71,5.28,4.85,16.29,1.00,Sobrecomprado
2024-07-29,5.72,5.28,4.85,16.46,0.63,Neutro
2024-07-30,5.82,5.26,4.69,21.50,0.00,Sobrevendido
2024-07-31,6.14,5.18,4.23,36.85,0.00,Sobrevendido
2024-08-01,6.30,5.11,3.91,46.79,0.00,Sobrevendido
2024-08-02,6.43,5.01,3.60,56.43,0.00,Sobrevendido
2024-08-05,6.63,4.89,3.15,71.14,0.00,Sobrevendido
2024-08-06,6.82,4.77,2.72,85.95,0.00,Sobrevendido
2024-08-07,6.88,4.64,2.40,96.55,0.06,Neutro
2024-08-08,6.85,4.50,2.16,104.13,0.14,Neutro
2024-08-09,6.81,4.38,1.95,110.98,0.17,Neutro
2024-08-12,6.72,4.26,1.79,115.75,0.23,Neutro
2024-08-13,6.62,4.13,1.64,120.49,0.24,Neutro
2024-08-14,6.48,4.01,1.54,123.16,0.29,Neutro
2024-08-15,6.31,3.89,1.46,124.81,0.29,Neutro
2024-08-16,6.14,3.76,1.38,126.56,0.30,Neutro
2024-08-19,5.92,3.64,1.36,125.24,0.35,Neutro
2024-08-20,6.94,3.81,0.68,164.13,1.00,Sobrecomprado
2024-08-21,7.69,3.98,0.27,186.43,1.00,Sobrecomprado
2024-08-22,8.23,4.11,-0.01,200.44,1.00,Sobrecomprado
2024-08-23,8.63,4.22,-0.19,209.00,0.92,Neutro
2024-08-26,8.97,4.33,-0.31,214.27,0.85,Neutro
2024-08-27,9.45,4.51,-0.42,218.75,0.86,Neutro
2024-08-28,9.84,4.72,-0.39,216.55,0.80,Neutro
2024-08-29,10.06,4.89,-0.28,211.45,0.69,Neutro
2024-08-30,10.29,5.08,-0.14,205.52,0.69,Neutro
2024-09-03,10.37,5.25,0.13,194.94,0.60,Neutro
2024-09-04,10.35,5.40,0.46,183.01,0.51,Neutro
2024-09-05,10.32,5.54,0.77,172.23,0.49,Neutro
2024-09-06,10.27,5.67,1.07,162.23,0.46,Neutro
2024-09-09,10.20,5.79,1.38,152.28,0.44,Neutro
2024-09-10,10.12,5.92,1.71,142.16,0.44,Neutro
2024-09-11,10.01,6.06,2.12,130.09,0.47,Neutro
2024-09-12,9.87,6.20,2.52,118.59,0.42,Neutro
2024-09-13,9.68,6.32,2.95,106.57,0.34,Neutro
2024-09-16,9.43,6.43,3.42,93.51,0.27,Neutro
2024-09-17,9.14,6.54,3.93,79.71,0.23,Neutro
2024-09-18,8.83,6.38,3.94,76.61,0.33,Neutro
2024-09-19,8.52,6.24,3.95,73.28,0.33,Neutro
2024-09-20,8.20,6.09,3.98,69.31,0.31,Neutro
2024-09-23,7.93,5.92,3.91,67.86,0.19,Neutro
2024-09-24,7.69,5.78,3.86,66.31,0.21,Neutro
2024-09-25,7.26,5.60,3.93,59.51,0.17,Neutro
2024-09-26,6.81,5.44,4.07,50.37,0.21,Neutro
2024-09-27,6.56,5.33,4.10,46.18,0.22,Neutro
2024-09-30,6.14,5.21,4.28,35.71,0.25,Neutro
2024-10-01,5.96,5.12,4.27,33.03,0.10,Neutro
2024-10-02,5.94,5.06,4.18,34.76,0.14,Neutro
2024-10-03,5.92,5.01,4.10,36.34,0.14,Neutro
2024-10-04,5.94,4.94,3.95,40.26,0.05,Neutro
2024-10-07,5.92,4.90,3.87,41.86,0.21,Neutro
2024-10-08,5.87,4.84,3.80,42.81,0.18,Neutro
2024-10-09,5.73,4.75,3.77,41.25,0.18,Neutro
2024-10-10,5.60,4.68,3.76,39.32,0.24,Neutro
2024-10-11,5.54,4.63,3.72,39.32,0.26,Neutro
2024-10-14,5.49,4.58,3.67,39.70,0.26,Neutro
2024-10-15,5.42,4.55,3.67,38.50,0.41,Neutro
2024-10-16,5.23,4.50,3.76,32.70,0.54,Neutro
2024-10-17,5.09,4.47,3.85,27.73,0.90,Neutro
2024-10-18,4.96,4.45,3.93,23.17,0.84,Neutro
2024-10-21,5.29,4.50,3.71,35.09,1.00,Sobrecomprado
2024-10-22,5.74,4.59,3.44,50.12,1.00,Sobrecomprado
2024-10-23,5.96,4.66,3.36,55.77,0.99,Neutro
2024-10-24,6.12,4.72,3.32,59.32,0.89,Neutro
2024-10-25,6.46,4.82,3.18,68.04,1.00,Sobrecomprado
2024-10-28,6.87,4.94,3.01,78.15,1.00,Sobrecomprado
2024-10-29,6.96,5.01,3.05,78.09,0.70,Neutro
2024-10-30,7.05,5.08,3.11,77.57,0.70,Neutro
2024-10-31,7.07,5.13,3.19,75.68,0.55,Neutro
2024-11-01,7.06,5.19,3.31,72.31,0.51,Neutro
2024-11-04,7.05,5.21,3.38,70.39,0.40,Neutro
2024-11-05,7.03,5.23,3.43,68.83,0.30,Neutro
2024-11-06,7.01,5.25,3.49,67.05,0.29,Neutro
2024-11-07,6.98,5.28,3.57,64.64,0.33,Neutro
2024-11-08,6.95,5.30,3.65,62.25,0.32,Neutro
2024-11-11,6.91,5.34,3.76,59.01,0.36,Neutro
2024-11-12,6.89,5.37,3.85,56.60,0.39,Neutro
2024-11-13,6.88,5.38,3.87,56.00,0.26,Neutro
2024-11-14,6.88,5.38,3.88,55.75,0.40,Neutro
2024-11-15,6.92,5.36,3.79,58.45,0.16,Neutro
2024-11-18,6.90,5.28,3.65,61.59,0.18,Neutro
2024-11-19,6.76,5.18,3.59,61.25,0.24,Neutro
2024-11-20,6.69,5.09,3.49,62.87,0.23,Neutro
2024-11-21,6.60,5.03,3.46,62.39,0.38,Neutro
2024-11-22,6.31,4.93,3.55,55.96,0.40,Neutro
2024-11-25,5.74,4.80,3.87,38.94,0.34,Neutro
2024-11-26,5.56,4.74,3.92,34.61,0.37,Neutro
2024-11-27,5.31,4.66,4.01,27.89,0.22,Neutro
2024-11-29,5.20,4.61,4.02,25.60,0.23,Neutro
2024-12-02,5.09,4.57,4.04,23.00,0.28,Neutro
2024-12-03,5.05,4.54,4.04,22.23,0.38,Neutro
2024-12-04,5.05,4.54,4.04,22.23,0.47,Neutro
2024-12-05,5.23,4.59,3.95,27.90,1.00,Sobrecomprado
2024-12-06,5.39,4.63,3.87,32.84,1.00,Sobrecomprado
2024-12-09,5.43,4.65,3.86,33.79,0.77,Neutro
2024-12-10,5.46,4.66,3.85,34.57,0.78,Neutro
2024-12-11,5.49,4.67,3.84,35.37,0.82,Neutro
2024-12-12,5.54,4.69,3.84,36.24,0.77,Neutro
2024-12-13,5.57,4.70,3.83,37.03,0.82,Neutro
2024-12-16,5.62,4.74,3.87,36.88,0.75,Neutro
2024-12-17,5.65,4.79,3.93,35.89,0.73,Neutro
2024-12-18,5.65,4.79,3.93,35.89,0.24,Neutro
2024-12-19,5.66,4.79,3.91,36.55,0.13,Neutro
2024-12-20,5.67,4.78,3.89,37.27,0.29,Neutro
2024-12-23,5.67,4.78,3.89,37.27,0.44,Neutro
2024-12-24,5.67,4.78,3.90,36.99,0.43,Neutro
2024-12-26,5.67,4.79,3.91,36.76,0.39,Neutro
2024-12-27,5.66,4.81,3.96,35.35,0.46,Neutro
2024-12-30,5.64,4.82,4.00,33.99,0.36,Neutro
2024-12-31,5.63,4.84,4.06,32.40,0.43,Neutro
2025-01-02,5.63,4.86,4.10,31.46,0.46,Neutro
2025-01-03,5.63,4.89,4.14,30.49,0.56,Neutro
2025-01-06,5.57,4.86,4.16,28.99,0.57,Neutro
2025-01-07,5.47,4.83,4.19,26.51,0.47,Neutro
2025-01-08,5.44,4.80,4.16,26.66,0.27,Neutro
2025-01-10,5.42,4.76,4.10,27.73,0.16,Neutro
2025-01-13,5.38,4.71,4.04,28.44,0.13,Neutro
2025-01-14,5.35,4.66,3.97,29.62,0.08,Neutro
2025-01-15,5.26,4.61,3.97,27.96,0.29,Neutro
2025-01-16,5.17,4.58,3.99,25.77,0.43,Neutro
2025-01-17,5.11,4.57,4.02,23.87,0.85,Neutro
2025-01-21,5.17,4.60,4.03,24.77,0.89,Neutro
2025-01-22,5.19,4.59,3.99,26.12,0.01,Neutro
2025-01-23,5.20,4.58,3.96,27.05,0.19,Neutro
2025-01-24,5.20,4.56,3.92,28.06,0.23,Neutro
2025-01-27,5.22,4.53,3.84,30.48,0.09,Neutro
2025-01-28,5.25,4.49,3.72,34.10,0.05,Neutro
2025-01-29,5.29,4.43,3.56,39.09,0.00,Sobrevendido
2025-01-30,5.36,4.36,3.36,45.87,0.00,Sobrevendido
2025-01-31,5.41,4.28,3.14,53.07,0.00,Sobrevendido
2025-02-03,5.42,4.19,2.96,58.70,0.04,Neutro
2025-02-04,5.36,4.10,2.84,61.49,0.12,Neutro
2025-02-05,5.26,4.01,2.75,62.63,0.16,Neutro
2025-02-06,5.18,3.92,2.67,63.96,0.18,Neutro
2025-02-07,5.13,3.86,2.59,65.85,0.23,Neutro
2025-02-10,5.09,3.80,2.51,67.93,0.24,Neutro
2025-02-11,5.05,3.74,2.43,70.03,0.25,Neutro
2025-02-12,5.02,3.70,2.37,71.68,0.31,Neutro
2025-02-13,4.95,3.63,2.32,72.35,0.30,Neutro
2025-02-14,4.83,3.57,2.30,70.91,0.34,Neutro
2025-02-18,4.57,3.48,2.39,62.66,0.36,Neutro
2025-02-19,4.20,3.39,2.59,47.45,0.46,Neutro
2025-02-20,4.12,3.36,2.61,44.91,0.52,Neutro
2025-02-21,3.96,3.31,2.66,39.29,0.35,Neutro
2025-02-24,3.75,3.25,2.75,30.79,0.25,Neutro
2025-02-25,3.59,3.19,2.79,25.07,0.05,Neutro
2025-02-26,3.46,3.15,2.83,20.03,0.10,Neutro
2025-02-27,3.39,3.12,2.85,17.33,0.15,Neutro
2025-02-28,3.37,3.10,2.83,17.42,0.20,Neutro
2025-03-03,3.38,3.09,2.79,19.11,0.10,Neutro
2025-03-04,3.42,3.07,2.71,23.15,0.00,Sobrevendido
2025-03-05,3.44,3.04,2.65,25.95,0.05,Neutro
2025-03-06,3.43,3.02,2.62,26.78,0.17,Neutro
2025-03-07,3.43,3.00,2.58,28.29,0.18,Neutro
2025-03-10,3.44,2.97,2.51,31.28,0.02,Neutro
2025-03-11,3.43,2.95,2.46,32.89,0.19,Neutro
2025-03-12,3.42,2.93,2.43,33.81,0.24,Neutro
2025-03-13,3.39,2.90,2.41,33.76,0.29,Neutro
2025-03-14,3.37,2.89,2.41,33.23,0.43,Neutro
2025-03-17,3.34,2.87,2.40,32.78,0.36,Neutro
2025-03-18,3.30,2.85,2.41,31.19,0.53,Neutro
2025-03-19,3.21,2.83,2.44,27.25,0.44,Neutro
2025-03-20,3.08,2.80,2.52,20.02,0.52,Neutro
2025-03-21,3.02,2.78,2.54,17.27,0.50,Neutro
2025-03-24,2.99,2.77,2.56,15.51,0.67,Neutro
2025-03-25,2.98,2.77,2.56,15.17,0.45,Neutro
2025-03-26,2.97,2.76,2.55,15.24,0.24,Neutro
2025-03-27,2.94,2.74,2.54,14.59,0.25,Neutro
2025-03-28,3.05,2.70,2.35,25.95,0.00,Sobrevendido
2025-03-31,3.10,2.66,2.22,33.10,0.00,Sobrevendido
2025-04-01,3.14,2.63,2.12,38.77,0.00,Sobrevendido
2025-04-02,3.17,2.60,2.03,43.84,0.04,Neutro
2025-04-03,3.17,2.57,1.97,46.74,0.11,Neutro
2025-04-04,3.20,2.52,1.85,53.49,0.01,Neutro
2025-04-07,3.21,2.50,1.80,56.39,0.18,Neutro
2025-04-08,3.19,2.48,1.77,57.23,0.34,Neutro
2025-04-09,3.17,2.47,1.76,57.12,0.47,Neutro
2025-04-10,3.16,2.46,1.76,56.90,0.55,Neutro
2025-04-11,3.15,2.46,1.77,56.18,0.70,Neutro
2025-04-14,3.13,2.45,1.77,55.48,0.64,Neutro
2025-04-15,3.12,2.45,1.77,55.18,0.75,Neutro
2025-04-16,3.10,2.44,1.78,54.08,0.67,Neutro
2025-04-17,3.09,2.44,1.78,53.77,0.72,Neutro
2025-04-21,3.12,2.45,1.77,55.20,0.88,Neutro
2025-04-22,3.14,2.45,1.76,56.34,0.85,Neutro
2025-04-23,3.17,2.46,1.75,57.74,0.85,Neutro
2025-04-24,3.22,2.48,1.73,60.18,0.84,Neutro
2025-04-25,3.27,2.49,1.72,62.16,0.82,Neutro
2025-04-28,3.32,2.54,1.76,61.39,0.80,Neutro
2025-04-29,3.35,2.58,1.82,59.19,0.74,Neutro
2025-04-30,3.38,2.63,1.88,57.05,0.73,Neutro
2025-05-01,3.41,2.68,1.95,54.48,0.78,Neutro
2025-05-02,3.43,2.73,2.03,51.29,0.76,Neutro
2025-05-05,3.36,2.79,2.21,41.26,0.70,Neutro
2025-05-06,3.29,2.83,2.37,32.51,0.59,Neutro
2025-05-07,3.23,2.85,2.48,26.27,0.35,Neutro
2025-05-08,3.26,2.85,2.44,28.79,0.00,Sobrevendido
2025-05-09,3.28,2.84,2.40,30.99,0.00,Sobrevendido
2025-05-12,3.32,2.82,2.31,35.86,0.00,Sobrevendido
2025-05-13,3.33,2.82,2.31,36.23,0.30,Neutro
2025-05-14,3.41,2.84,2.28,39.73,0.96,Neutro
2025-05-15,3.42,2.86,2.30,39.19,0.57,Neutro
2025-05-16,3.43,2.87,2.31,39.03,0.57,Neutro
2025-05-19,3.42,2.86,2.30,39.17,0.41,Neutro
2025-05-20,3.43,2.87,2.30,39.43,0.66,Neutro
2025-05-21,3.42,2.85,2.29,39.61,0.36,Neutro
2025-05-22,3.41,2.84,2.28,39.77,0.42,Neutro
2025-05-23,3.39,2.83,2.27,39.58,0.44,Neutro
2025-05-27,3.37,2.82,2.26,39.38,0.47,Neutro
2025-05-28,3.36,2.80,2.24,39.96,0.35,Neutro
2025-05-29,3.35,2.78,2.20,41.42,0.22,Neutro
2025-05-30,3.31,2.75,2.18,41.14,0.27,Neutro
2025-06-02,3.39,2.76,2.14,45.24,1.00,Sobrecomprado
2025-06-03,3.44,2.78,2.11,47.88,0.91,Neutro
2025-06-04,3.45,2.78,2.11,48.18,0.65,Neutro
2025-06-05,3.49,2.80,2.11,49.24,0.76,Neutro
2025-06-06,3.48,2.83,2.18,45.92,0.53,Neutro
2025-06-09,3.46,2.86,2.25,42.37,0.50,Neutro
2025-06-10,3.43,2.88,2.34,37.84,0.39,Neutro
2025-06-11,3.43,2.88,2.32,38.58,0.21,Neutro
2025-06-12,3.35,2.84,2.33,35.87,0.35,Neutro
2025-06-13,3.35,2.82,2.30,37.19,0.22,Neutro
2025-06-16,3.35,2.79,2.24,39.73,0.12,Neutro
2025-06-17,3.37,2.77,2.18,42.90,0.15,Neutro
2025-06-18,3.33,2.75,2.16,42.59,0.30,Neutro
2025-06-20,3.34,2.74,2.14,43.85,0.29,Neutro
2025-06-23,3.33,2.72,2.11,44.83,0.28,Neutro
2025-06-24,3.58,2.78,1.98,57.62,1.00,Sobrecomprado
2025-06-25,3.75,2.83,1.91,65.08,1.00,Sobrecomprado
2025-06-26,3.82,2.87,1.91,66.57,0.81,Neutro
2025-06-27,3.88,2.92,1.96,65.85,0.74,Neutro
2025-06-30,3.90,2.95,2.00,64.33,0.66,Neutro
2025-07-01,3.86,2.94,2.01,62.99,0.58,Neutro
2025-07-02,3.83,2.92,2.01,62.25,0.57,Neutro
2025-07-03,3.83,2.92,2.01,62.33,0.49,Neutro
2025-07-07,3.81,2.90,1.99,62.79,0.41,Neutro
2025-07-08,3.80,2.89,1.98,62.91,0.43,Neutro
2025-07-09,3.80,2.89,1.98,62.90,0.48,Neutro
2025-07-10,3.80,2.90,1.99,62.50,0.46,Neutro
2025-07-11,3.80,2.91,2.01,61.60,0.41,Neutro
2025-07-14,3.83,2.93,2.03,61.43,0.63,Neutro
2025-07-15,3.82,2.94,2.06,59.81,0.41,Neutro
2025-07-16,3.81,2.96,2.10,57.87,0.30,Neutro
2025-07-17,3.79,2.97,2.15,55.25,0.29,Neutro
2025-07-18,3.78,2.98,2.17,54.09,0.31,Neutro
2025-07-21,3.77,2.98,2.19,52.96,0.28,Neutro
2025-07-22,3.76,2.99,2.23,51.11,0.27,Neutro
2025-07-23,3.59,2.93,2.28,44.64,0.31,Neutro
2025-07-24,3.41,2.88,2.35,36.82,0.31,Neutro
2025-07-25,3.30,2.84,2.38,32.42,0.28,Neutro
2025-07-28,3.19,2.80,2.41,27.85,0.29,Neutro
2025-07-29,3.10,2.77,2.44,23.81,0.35,Neutro
2025-07-30,3.06,2.74,2.43,22.96,0.14,Neutro
2025-07-31,3.02,2.71,2.41,22.49,0.03,Neutro
2025-08-01,3.01,2.69,2.36,24.20,0.05,Neutro
2025-08-04,3.02,2.67,2.32,26.23,0.07,Neutro
2025-08-05,3.03,2.65,2.26,29.10,0.06,Neutro
2025-08-06,3.02,2.62,2.21,30.96,0.07,Neutro
2025-08-07,3.01,2.59,2.16,32.85,0.09,Neutro
2025-08-08,3.01,2.56,2.12,34.74,0.13,Neutro
2025-08-11,2.88,2.52,2.15,29.01,0.14,Neutro
2025-08-12,2.85,2.49,2.12,29.35,0.12,Neutro
2025-08-13,2.84,2.47,2.09,30.38,0.21,Neutro
2025-08-14,2.83,2.45,2.08,30.56,0.35,Neutro
2025-08-15,2.80,2.44,2.08,29.54,0.33,Neutro
2025-08-18,2.78,2.42,2.07,29.33,0.32,Neutro
2025-08-19,2.75,2.40,2.06,28.74,0.28,Neutro
2025-08-20,2.70,2.38,2.05,27.35,0.26,Neutro
2025-08-21,2.65,2.35,2.05,25.49,0.28,Neutro
2025-08-22,2.61,2.34,2.07,23.12,0.39,Neutro
2025-08-25,2.55,2.32,2.08,20.30,0.32,Neutro
2025-08-26,2.46,2.30,2.13,14.38,0.39,Neutro
2025-08-27,2.40,2.28,2.16,10.52,0.37,Neutro
2025-08-28,2.38,2.27,2.16,9.70,0.09,Neutro
2025-08-29,2.36,2.26,2.17,8.41,0.26,Neutro
2025-09-02,2.34,2.25,2.16,8.00,0.00,Neutro
2025-09-03,2.35,2.24,2.13,9.82,0.00,Sobrevendido
2025-09-04,2.35,2.23,2.11,10.76,0.00,Sobrevendido
2025-09-05,2.36,2.22,2.09,12.14,0.07,Neutro
2025-09-08,2.36,2.22,2.08,12.61,0.25,Neutro
2025-09-09,2.36,2.22,2.08,12.61,0.61,Neutro
2025-09-10,2.36,2.22,2.08,12.62,0.32,Neutro
2025-09-11,2.36,2.21,2.07,13.10,0.31,Neutro
2025-09-12,2.34,2.20,2.07,12.25,0.26,Neutro
2025-09-15,2.32,2.20,2.08,10.92,0.58,Neutro
2025-09-16,2.32,2.20,2.08,10.91,1.00,Neutro
2025-09-17,2.35,2.20,2.06,13.15,1.00,Sobrecomprado
2025-09-18,2.37,2.21,2.05,14.47,0.97,Neutro
2025-09-19,2.38,2.22,2.05,14.90,0.73,Neutro
2025-09-22,2.38,2.22,2.05,14.90,0.67,Neutro
2025-09-23,2.37,2.21,2.05,14.48,0.28,Neutro
2025-09-24,2.37,2.21,2.04,14.96,0.42,Neutro
2025-09-25,2.37,2.20,2.04,14.98,0.42,Neutro
2025-09-26,2.37,2.20,2.04,14.98,0.45,Neutro
2025-09-29,2.37,2.21,2.04,14.96,0.70,Neutro
2025-09-30,2.37,2.21,2.04,14.95,0.45,Neutro
2025-10-01,2.37,2.21,2.06,14.01,0.52,Neutro
2025-10-02,2.37,2.22,2.07,13.50,0.63,Neutro
2025-10-03,2.37,2.23,2.09,12.55,0.71,Neutro
2025-10-06,2.37,2.24,2.10,12.08,0.52,Neutro
2025-10-07,2.37,2.24,2.10,12.08,0.59,Neutro
2025-10-08,2.41,2.25,2.09,14.22,1.00,Sobrecomprado
2025-10-09,2.42,2.26,2.09,14.61,0.79,Neutro
2025-10-10,2.43,2.26,2.09,15.05,0.09,Neutro
2025-10-13,2.43,2.25,2.08,15.53,0.14,Neutro
2025-10-14,2.42,2.25,2.07,15.57,0.37,Neutro
2025-10-15,2.41,2.24,2.07,15.18,0.38,Neutro
2025-10-16,2.40,2.23,2.05,15.72,0.09,Neutro
2025-10-17,2.40,2.22,2.04,16.24,0.17,Neutro
2025-10-20,2.39,2.21,2.03,16.29,0.33,Neutro
2025-10-21,2.39,2.21,2.03,16.28,0.36,Neutro
2025-10-22,2.40,2.21,2.02,17.23,0.11,Neutro
2025-10-23,2.40,2.20,1.99,18.65,0.10,Neutro
2025-10-24,2.41,2.19,1.98,19.62,0.21,Neutro
2025-10-27,2.40,2.18,1.96,20.18,0.18,Neutro
2025-10-28,2.41,2.17,1.94,21.65,0.13,Neutro
2025-10-29,2.42,2.15,1.89,24.61,0.00,Sobrevendido
2025-10-30,2.43,2.13,1.84,27.65,0.02,Neutro
2025-10-31,2.42,2.11,1.81,28.87,0.11,Neutro
2025-11-03,2.41,2.09,1.77,30.57,0.13,Neutro
2025-11-04,2.42,2.07,1.72,33.87,0.01,Neutro
2025-11-05,2.36,2.03,1.70,32.50,0.05,Neutro
2025-11-06,2.32,2.00,1.68,32.02,0.05,Neutro
2025-11-07,2.33,1.97,1.61,36.50,0.00,Sobrevendido
2025-11-10,2.33,1.95,1.56,39.55,0.08,Neutro
2025-11-11,2.30,1.92,1.55,38.98,0.25,Neutro
2025-11-12,2.26,1.90,1.54,37.88,0.26,Neutro
2025-11-13,2.24,1.89,1.53,37.63,0.39,Neutro
2025-11-14,2.22,1.87,1.52,37.48,0.27,Neutro
2025-11-17,2.18,1.84,1.51,36.36,0.21,Neutro
2025-11-18,2.15,1.81,1.47,37.62,0.00,Sobrevendido
2025-11-19,2.17,1.77,1.36,45.87,0.00,Sobrevendido
2025-11-20,2.18,1.73,1.28,52.11,0.00,Sobrevendido
2025-11-21,2.16,1.68,1.21,56.43,0.00,Sobrevendido
2025-11-24,2.13,1.64,1.15,59.67,0.07,Neutro
2025-11-25,2.08,1.61,1.14,58.29,0.28,Neutro
2025-11-26,2.05,1.58,1.12,58.69,0.22,Neutro
2025-11-28,2.02,1.56,1.09,59.67,0.26,Neutro
2025-12-01,1.98,1.53,1.07,59.55,0.22,Neutro
2025-12-02,1.94,1.50,1.06,58.61,0.30,Neutro
2025-12-03,1.91,1.48,1.05,58.03,0.34,Neutro
2025-12-04,1.88,1.46,1.05,56.75,0.35,Neutro
2025-12-05,1.85,1.45,1.05,55.23,0.47,Neutro
2025-12-08,1.83,1.43,1.04,55.09,0.34,Neutro
2025-12-09,1.81,1.42,1.03,54.99,0.36,Neutro
2025-12-10,1.76,1.40,1.03,52.24,0.40,Neutro
2025-12-11,1.71,1.38,1.05,47.81,0.52,Neutro
2025-12-12,1.62,1.36,1.10,38.19,0.63,Neutro
2025-12-15,1.55,1.34,1.12,32.19,0.19,Neutro
2025-12-16,1.47,1.32,1.17,22.74,0.50,Neutro
2025-12-17,1.45,1.31,1.16,22.20,0.14,Neutro
2025-12-18,1.45,1.31,1.17,21.38,0.43,Neutro
2025-12-19,1.46,1.31,1.16,22.96,0.10,Neutro
2025-12-22,1.45,1.31,1.17,21.39,0.29,Neutro
2025-12-23,1.45,1.31,1.17,21.36,0.32,Neutro
2025-12-24,1.44,1.30,1.17,20.73,0.22,Neutro
2025-12-26,1.44,1.30,1.16,21.58,0.21,Neutro
2025-12-29,1.44,1.29,1.14,23.25,0.17,Neutro
2025-12-30,1.45,1.28,1.11,26.52,0.00,Sobrevendido
2025-12-31,1.47,1.27,1.07,31.52,0.00,Sobrevendido
2026-01-02,1.46,1.26,1.05,32.59,0.17,Neutro
2026-01-05,1.45,1.25,1.04,32.84,0.27,Neutro
2026-01-06,1.43,1.23,1.04,31.62,0.23,Neutro
2026-01-07,1.42,1.23,1.04,30.94,0.42,Neutro
2026-01-08,1.41,1.23,1.04,30.20,0.57,Neutro
2026-01-09,1.41,1.22,1.04,30.24,0.68,Neutro
2026-01-12,1.38,1.21,1.04,28.04,0.38,Neutro
2026-01-13,1.33,1.20,1.06,22.53,0.33,Neutro
2026-01-14,1.33,1.19,1.06,22.59,0.26,Neutro
2026-01-15,1.32,1.18,1.05,22.83,0.07,Neutro
2026-01-16,1.32,1.18,1.04,23.78,0.21,Neutro
2026-01-20,1.31,1.17,1.03,24.00,0.14,Neutro
2026-01-21,1.30,1.16,1.03,23.19,0.44,Neutro
2026-01-22,1.29,1.16,1.02,23.37,0.19,Neutro
2026-01-23,1.28,1.15,1.02,22.65,0.35,Neutro
2026-01-26,1.27,1.14,1.01,22.81,0.23,Neutro
2026-01-27,1.26,1.13,1.01,22.08,0.24,Neutro
2026-01-28,1.25,1.13,1.00,22.19,0.28,Neutro
2026-01-29,1.25,1.12,1.00,22.22,0.28,Neutro
2026-01-30,1.25,1.13,1.00,22.18,0.40,Neutro
2026-02-02,1.25,1.13,1.00,22.20,0.40,Neutro
2026-02-03,1.25,1.12,0.99,23.18,0.27,Neutro
2026-02-04,1.25,1.12,0.98,24.22,0.07,Neutro
2026-02-05,1.25,1.10,0.96,26.27,0.07,Neutro
2026-02-06,1.24,1.09,0.94,27.56,0.00,Neutro
2026-02-09,1.20,1.07,0.94,24.28,0.00,Neutro
2026-02-10,1.19,1.06,0.94,23.53,0.24,Neutro
2026-02-11,1.17,1.05,0.94,21.81,0.22,Neutro
2026-02-12,1.18,1.04,0.91,25.90,0.00,Sobrevendido
2026-02-13,1.19,1.03,0.88,30.01,0.00,Neutro
2026-02-17,1.19,1.02,0.85,33.32,0.00,Neutro
2026-02-18,1.19,1.01,0.83,35.64,0.08,Neutro
2026-02-19,1.18,1.00,0.81,37.17,0.14,Neutro
2026-02-20,1.17,0.98,0.80,37.56,0.16,Neutro
2026-02-23,1.16,0.97,0.79,38.07,0.16,Neutro
2026-02-24,1.15,0.96,0.78,38.44,0.27,Neutro
2026-02-25,1.13,0.95,0.77,37.76,0.33,Neutro
2026-02-26,1.12,0.94,0.77,37.08,0.31,Neutro
2026-02-27,1.10,0.93,0.76,36.44,0.26,Neutro
2026-03-02,1.08,0.92,0.76,34.82,0.19,Neutro
2026-03-03,1.05,0.90,0.75,33.26,0.03,Neutro
2026-03-04,1.02,0.90,0.77,27.92,0.64,Neutro
2026-03-05,1.01,0.89,0.77,26.98,0.46,Neutro
2026-03-06,1.00,0.89,0.77,25.94,0.65,Neutro
2026-03-09,0.99,0.88,0.78,23.76,0.52,Neutro
2026-03-10,0.99,0.88,0.77,25.06,0.23,Neutro
2026-03-11,0.97,0.87,0.77,23.04,0.15,Neutro
2026-03-12,0.94,0.86,0.77,19.80,0.18,Neutro
2026-03-13,0.94,0.85,0.76,21.11,0.06,Neutro
2026-03-16,0.94,0.85,0.76,21.14,0.56,Neutro
2026-03-17,0.95,0.85,0.76,22.26,0.68,Neutro
2026-03-18,0.95,0.85,0.76,22.24,0.63,Neutro
2026-03-19,0.95,0.85,0.76,22.29,0.32,Neutro
2026-03-20,0.95,0.85,0.76,22.34,0.32,Neutro
2026-03-23,0.95,0.85,0.74,24.82,0.10,Neutro
2026-03-24,0.96,0.84,0.71,29.89,0.00,Sobrevendido
2026-03-25,0.96,0.83,0.69,32.65,0.04,Neutro
2026-03-26,0.96,0.82,0.67,35.50,0.03,Neutro
2026-03-27,0.97,0.81,0.65,39.63,0.03,Neutro
2026-03-30,0.98,0.80,0.62,45.14,0.00,Neutro
2026-03-31,0.99,0.79,0.60,49.27,0.10,Neutro
2026-04-01,0.97,0.78,0.59,48.81,0.21,Neutro
2026-04-02,0.96,0.77,0.58,49.45,0.26,Neutro
2026-04-06,0.93,0.76,0.58,46.24,0.31,Neutro
2026-04-07,0.92,0.75,0.58,45.55,0.29,Neutro
2026-04-08,0.91,0.74,0.57,46.07,0.24,Neutro
2026-04-09,0.90,0.73,0.56,46.58,0.24,Neutro
2026-04-10,0.90,0.73,0.56,46.83,0.47,Neutro
2026-04-13,0.89,0.72,0.55,47.03,0.47,Neutro
2026-04-14,0.87,0.72,0.56,43.33,0.48,Neutro
2026-04-15,0.84,0.71,0.57,38.22,0.52,Neutro
2026-04-16,0.80,0.70,0.59,30.11,0.52,Neutro
2026-04-17,0.78,0.69,0.60,26.01,0.61,Neutro
2026-04-20,0.75,0.69,0.62,18.92,0.77,Neutro
2026-04-21,0.75,0.68,0.62,18.98,0.77,Neutro
2026-04-22,0.76,0.69,0.62,20.30,1.00,Sobrecomprado
2026-04-23,0.77,0.69,0.61,23.10,0.94,Neutro
2026-04-24,0.78,0.70,0.61,24.39,0.94,Neutro
2026-04-27,0.79,0.70,0.61,25.70,0.67,Neutro
2026-04-28,0.78,0.70,0.63,21.29,0.47,Neutro
2026-04-29,0.78,0.71,0.64,19.79,0.43,Neutro
2026-04-30,0.78,0.71,0.64,19.72,0.57,Neutro
2026-05-01,0.78,0.71,0.64,19.68,0.50,Neutro
2026-05-04,0.78,0.71,0.65,18.19,0.77,Neutro
2026-05-05,0.79,0.72,0.65,19.51,0.64,Neutro
2026-05-06,0.78,0.72,0.66,16.63,0.58,Neutro
2026-05-07,0.77,0.72,0.68,12.42,0.22,Neutro
2026-05-08,0.78,0.72,0.66,16.64,0.00,Sobrevendido
2026-05-11,0.79,0.72,0.64,20.94,0.00,Sobrevendido
2026-05-12,0.79,0.71,0.63,22.42,0.13,Neutro
2026-05-13,0.80,0.71,0.62,25.37,0.06,Neutro
2026-05-14,0.80,0.71,0.62,25.46,0.17,Neutro
2026-05-15,0.80,0.70,0.61,27.01,0.16,Neutro
2026-05-18,0.80,0.70,0.60,28.51,0.40,Neutro
2026-05-19,1.16,0.75,0.33,111.33,1.00,Sobrecomprado
2026-05-20,1.35,0.79,0.22,143.58,1.00,Sobrecomprado
2026-05-21,1.54,0.84,0.13,168.76,1.00,Sobrecomprado
2026-05-22,1.69,0.88,0.08,182.33,1.00,Sobrecomprado
2026-05-26,1.82,0.93,0.05,189.81,0.94,Neutro
2026-05-27,1.92,0.98,0.05,190.72,0.86,Neutro
2026-05-28,2.00,1.03,0.05,189.41,0.84,Neutro
2026-05-29,2.06,1.07,0.08,184.70,0.75,Neutro
2026-06-01,2.11,1.11,0.11,179.45,0.73,Neutro
2026-06-02,2.15,1.15,0.15,173.46,0.68,Neutro
2026-06-03,2.19,1.20,0.20,166.46,0.70,Neutro
2026-06-04,2.22,1.24,0.25,159.26,0.66,Neutro
2026-06-05,2.24,1.28,0.32,149.88,0.66,Neutro
2026-06-08,2.25,1.33,0.40,139.57,0.62,Neutro
2026-06-09,2.23,1.37,0.51,125.46,0.59,Neutro
2026-06-10,2.21,1.41,0.62,112.45,0.56,Neutro
2026-06-11,2.17,1.46,0.76,96.48,0.58,Neutro
2026-06-12,2.10,1.50,0.91,79.10,0.50,Neutro
2026-06-15,1.98,1.55,1.11,56.20,0.46,Neutro
2026-06-16,1.74,1.59,1.43,19.52,0.16,Neutro
2026-06-17,1.74,1.58,1.42,20.22,0.22,Neutro
2026-06-18,1.74,1.58,1.41,20.93,0.24,Neutro
2026-06-22,1.72,1.56,1.41,19.81,0.29,Neutro
2026-06-23,1.69,1.55,1.42,17.37,0.30,Neutro
