Date,BB_Upper,BB_Middle,BB_Lower,BB_Width,BB_Position,BB_Sinal
2000-01-03,,,,,,Neutro
2000-01-04,,,,,,Neutro
2000-01-05,,,,,,Neutro
2000-01-06,,,,,,Neutro
2000-01-07,,,,,,Neutro
2000-01-10,,,,,,Neutro
2000-01-11,,,,,,Neutro
2000-01-12,,,,,,Neutro
2000-01-13,,,,,,Neutro
2000-01-14,,,,,,Neutro
2000-01-18,,,,,,Neutro
2000-01-19,,,,,,Neutro
2000-01-20,,,,,,Neutro
2000-01-21,,,,,,Neutro
2000-01-24,,,,,,Neutro
2000-01-25,,,,,,Neutro
2000-01-26,,,,,,Neutro
2000-01-27,,,,,,Neutro
2000-01-28,,,,,,Neutro
2000-01-31,3.82,3.52,3.22,17.06,0.77,Neutro
2000-02-01,3.80,3.51,3.22,16.51,0.74,Neutro
2000-02-02,3.81,3.51,3.22,16.79,0.80,Neutro
2000-02-03,3.81,3.51,3.22,16.79,0.73,Neutro
2000-02-04,3.85,3.53,3.21,18.14,0.92,Neutro
2000-02-07,3.88,3.54,3.21,18.92,0.82,Neutro
2000-02-08,3.93,3.56,3.19,20.77,0.96,Neutro
2000-02-09,3.96,3.58,3.20,21.23,0.80,Neutro
2000-02-10,3.98,3.60,3.22,21.10,0.78,Neutro
2000-02-11,3.98,3.63,3.28,19.29,0.73,Neutro
2000-02-14,3.99,3.65,3.30,18.93,0.67,Neutro
2000-02-15,3.99,3.66,3.33,18.03,0.58,Neutro
2000-02-16,3.97,3.67,3.36,16.64,0.20,Neutro
2000-02-17,3.95,3.68,3.40,14.97,0.20,Neutro
2000-02-18,3.92,3.68,3.44,13.03,0.10,Neutro
2000-02-22,3.93,3.68,3.43,13.59,0.08,Neutro
2000-02-23,3.93,3.68,3.42,13.87,0.16,Neutro
2000-02-24,3.93,3.68,3.42,13.88,0.39,Neutro
2000-02-25,3.93,3.67,3.41,14.17,0.40,Neutro
2000-02-28,3.92,3.66,3.40,14.20,0.31,Neutro
2000-02-29,3.92,3.66,3.39,14.50,0.25,Neutro
2000-03-01,3.92,3.65,3.38,14.80,0.30,Neutro
2000-03-02,3.92,3.65,3.38,14.80,0.57,Neutro
2000-03-03,3.94,3.66,3.37,15.58,0.79,Neutro
2000-03-06,3.95,3.66,3.37,15.85,0.79,Neutro
2000-03-07,4.02,3.68,3.33,18.77,1.00,Sobrecomprado
2000-03-08,4.05,3.68,3.31,20.09,1.00,Sobrecomprado
2000-03-09,4.12,3.70,3.28,22.70,1.00,Sobrecomprado
2000-03-10,4.18,3.72,3.25,25.02,0.97,Neutro
2000-03-13,4.25,3.74,3.23,27.29,0.93,Neutro
2000-03-14,4.29,3.76,3.22,28.49,0.85,Neutro
2000-03-15,4.34,3.78,3.22,29.66,0.79,Neutro
2000-03-16,4.37,3.81,3.24,29.67,0.79,Neutro
2000-03-17,4.40,3.84,3.28,29.17,0.76,Neutro
2000-03-20,4.42,3.87,3.32,28.42,0.74,Neutro
2000-03-21,4.44,3.91,3.37,27.39,0.75,Neutro
2000-03-22,4.46,3.94,3.42,26.37,0.81,Neutro
2000-03-23,4.50,3.98,3.46,26.13,0.84,Neutro
2000-03-24,4.52,4.01,3.50,25.43,0.74,Neutro
2000-03-27,4.51,4.04,3.58,23.00,0.69,Neutro
2000-03-28,4.48,4.08,3.67,19.86,0.68,Neutro
2000-03-29,4.43,4.11,3.79,15.56,0.70,Neutro
2000-03-30,4.39,4.14,3.89,12.08,0.64,Neutro
2000-03-31,4.39,4.17,3.95,10.56,0.91,Neutro
2000-04-03,4.35,4.18,4.00,8.38,0.03,Neutro
2000-04-04,4.35,4.18,4.02,7.89,0.70,Neutro
2000-04-05,4.35,4.19,4.03,7.63,0.69,Neutro
2000-04-06,4.35,4.19,4.03,7.63,0.28,Neutro
2000-04-07,4.37,4.19,4.00,8.84,0.03,Neutro
2000-04-10,4.38,4.17,3.97,9.82,0.00,Sobrevendido
2000-04-11,4.38,4.17,3.97,9.82,0.37,Neutro
2000-04-12,4.39,4.17,3.95,10.56,0.11,Neutro
2000-04-13,4.40,4.18,3.95,10.78,0.73,Neutro
2000-04-14,4.40,4.18,3.95,10.77,0.58,Neutro
2000-04-17,4.40,4.18,3.96,10.53,0.41,Neutro
2000-04-18,4.43,4.19,3.95,11.46,0.83,Neutro
2000-04-19,4.43,4.19,3.95,11.45,0.75,Neutro
2000-04-20,4.45,4.19,3.94,12.16,0.90,Neutro
2000-04-24,4.54,4.22,3.89,15.42,1.00,Sobrecomprado
2000-04-25,4.63,4.24,3.85,18.40,1.00,Sobrecomprado
2000-04-26,4.74,4.27,3.80,22.02,1.00,Sobrecomprado
2000-04-27,4.87,4.31,3.74,26.24,1.00,Sobrecomprado
2000-04-28,5.06,4.36,3.66,32.13,1.00,Sobrecomprado
2000-05-01,5.18,4.40,3.62,35.48,0.97,Neutro
2000-05-02,5.26,4.45,3.64,36.41,0.88,Neutro
2000-05-03,5.31,4.48,3.65,37.03,0.77,Neutro
2000-05-04,5.37,4.52,3.67,37.61,0.77,Neutro
2000-05-05,5.43,4.57,3.70,37.88,0.79,Neutro
2000-05-08,5.47,4.62,3.77,36.80,0.76,Neutro
2000-05-09,5.47,4.67,3.87,34.28,0.66,Neutro
2000-05-10,5.46,4.70,3.94,32.32,0.59,Neutro
2000-05-11,5.45,4.75,4.06,29.24,0.68,Neutro
2000-05-12,5.49,4.80,4.11,28.75,0.80,Neutro
2000-05-15,5.54,4.86,4.18,27.98,0.90,Neutro
2000-05-16,5.55,4.92,4.30,25.39,0.87,Neutro
2000-05-17,5.55,4.97,4.38,23.55,0.76,Neutro
2000-05-18,5.52,5.02,4.51,20.14,0.73,Neutro
2000-05-19,5.47,5.05,4.63,16.64,0.52,Neutro
2000-05-22,5.44,5.06,4.69,14.81,0.35,Neutro
2000-05-23,5.43,5.09,4.75,13.37,0.59,Neutro
2000-05-24,5.41,5.09,4.77,12.56,0.31,Neutro
2000-05-25,5.44,5.08,4.72,14.17,0.00,Sobrevendido
2000-05-26,5.45,5.05,4.65,15.84,0.02,Neutro
2000-05-30,5.46,5.03,4.60,17.10,0.09,Neutro
2000-05-31,5.46,5.02,4.58,17.54,0.26,Neutro
2000-06-01,5.46,5.01,4.57,17.76,0.30,Neutro
2000-06-02,5.46,5.01,4.57,17.76,0.46,Neutro
2000-06-05,5.45,5.00,4.55,17.99,0.34,Neutro
2000-06-06,5.44,4.99,4.54,18.03,0.34,Neutro
2000-06-07,5.44,4.98,4.53,18.25,0.30,Neutro
2000-06-08,5.45,4.98,4.51,18.88,0.22,Neutro
2000-06-09,5.45,4.96,4.47,19.75,0.18,Neutro
2000-06-12,5.43,4.93,4.43,20.28,0.17,Neutro
2000-06-13,5.36,4.89,4.43,19.01,0.22,Neutro
2000-06-14,5.27,4.86,4.44,17.09,0.27,Neutro
2000-06-15,5.20,4.83,4.46,15.33,0.30,Neutro
2000-06-16,5.11,4.80,4.48,13.13,0.30,Neutro
2000-06-19,5.07,4.77,4.47,12.57,0.23,Neutro
2000-06-20,5.07,4.75,4.42,13.69,0.02,Neutro
2000-06-21,5.00,4.72,4.43,12.09,0.14,Neutro
2000-06-22,5.03,4.67,4.31,15.40,0.00,Sobrevendido
2000-06-23,5.05,4.65,4.25,17.19,0.04,Neutro
2000-06-26,5.05,4.64,4.23,17.67,0.23,Neutro
2000-06-27,5.05,4.64,4.22,17.90,0.46,Neutro
2000-06-28,5.04,4.63,4.22,17.70,0.66,Neutro
2000-06-29,5.02,4.62,4.22,17.31,0.45,Neutro
2000-06-30,5.03,4.62,4.22,17.52,0.96,Neutro
2000-07-03,5.01,4.62,4.22,17.11,0.68,Neutro
2000-07-05,5.00,4.61,4.23,16.69,0.73,Neutro
2000-07-06,5.01,4.62,4.22,17.11,0.82,Neutro
2000-07-07,5.05,4.63,4.21,18.15,0.87,Neutro
2000-07-10,5.06,4.64,4.21,18.33,0.72,Neutro
2000-07-11,5.09,4.65,4.21,18.92,0.74,Neutro
2000-07-12,5.12,4.67,4.21,19.50,0.81,Neutro
2000-07-13,5.14,4.68,4.21,19.89,0.71,Neutro
2000-07-14,5.16,4.68,4.21,20.28,0.65,Neutro
2000-07-17,5.17,4.69,4.22,20.25,0.64,Neutro
2000-07-18,5.19,4.70,4.22,20.62,0.67,Neutro
2000-07-19,5.20,4.73,4.26,19.88,0.69,Neutro
2000-07-20,5.24,4.76,4.27,20.39,0.84,Neutro
2000-07-21,5.20,4.80,4.41,16.45,0.77,Neutro
2000-07-24,5.19,4.85,4.50,14.24,0.96,Neutro
2000-07-25,5.27,4.90,4.52,15.32,1.00,Sobrecomprado
2000-07-26,5.51,4.96,4.41,22.18,1.00,Sobrecomprado
2000-07-27,5.62,5.00,4.39,24.59,1.00,Neutro
2000-07-28,5.66,5.05,4.43,24.37,0.85,Neutro
2000-07-31,5.74,5.08,4.41,26.19,0.90,Neutro
2000-08-01,5.83,5.13,4.42,27.51,0.91,Neutro
2000-08-02,5.90,5.17,4.44,28.24,0.86,Neutro
2000-08-03,6.00,5.22,4.44,29.89,0.91,Neutro
2000-08-04,6.10,5.27,4.44,31.49,0.92,Neutro
2000-08-07,6.19,5.33,4.47,32.27,0.88,Neutro
2000-08-08,6.26,5.38,4.51,32.50,0.82,Neutro
2000-08-09,6.29,5.43,4.56,31.89,0.71,Neutro
2000-08-10,6.29,5.46,4.63,30.39,0.58,Neutro
2000-08-11,6.29,5.51,4.73,28.33,0.65,Neutro
2000-08-14,6.29,5.56,4.83,26.26,0.71,Neutro
2000-08-15,6.24,5.59,4.94,23.24,0.48,Neutro
2000-08-16,6.20,5.64,5.07,20.05,0.60,Neutro
2000-08-17,6.17,5.67,5.16,17.82,0.55,Neutro
2000-08-18,6.11,5.71,5.30,14.19,0.62,Neutro
2000-08-21,6.05,5.73,5.42,10.99,0.44,Neutro
2000-08-22,6.03,5.75,5.47,9.74,0.50,Neutro
2000-08-23,6.02,5.75,5.47,9.57,0.56,Neutro
2000-08-24,6.03,5.76,5.49,9.38,0.74,Neutro
2000-08-25,6.09,5.79,5.50,10.18,1.00,Sobrecomprado
2000-08-28,6.22,5.83,5.44,13.37,1.00,Sobrecomprado
2000-08-29,6.30,5.86,5.43,14.84,0.98,Neutro
2000-08-30,6.33,5.89,5.44,15.12,0.82,Neutro
2000-08-31,6.38,5.90,5.43,16.09,0.85,Neutro
2000-09-01,6.42,5.92,5.42,16.89,0.86,Neutro
2000-09-05,6.48,5.94,5.40,18.18,0.92,Neutro
2000-09-06,6.54,5.96,5.39,19.29,0.84,Neutro
2000-09-07,6.59,5.99,5.39,20.03,0.83,Neutro
2000-09-08,6.61,6.03,5.44,19.41,0.75,Neutro
2000-09-11,6.62,6.05,5.48,18.86,0.54,Neutro
2000-09-12,6.63,6.06,5.49,18.81,0.58,Neutro
2000-09-13,6.60,6.09,5.57,16.92,0.53,Neutro
2000-09-14,6.60,6.11,5.62,16.05,0.54,Neutro
2000-09-15,6.58,6.12,5.65,15.20,0.28,Neutro
2000-09-18,6.61,6.10,5.60,16.54,0.00,Sobrevendido
2000-09-19,6.62,6.10,5.59,16.87,0.09,Neutro
2000-09-20,6.63,6.10,5.57,17.38,0.07,Neutro
2000-09-21,6.65,6.09,5.53,18.39,0.05,Neutro
2000-09-22,6.69,6.07,5.45,20.43,0.03,Neutro
2000-09-25,6.71,6.03,5.35,22.55,0.05,Neutro
2000-09-26,6.70,5.98,5.25,24.26,0.05,Neutro
2000-09-27,6.67,5.94,5.21,24.57,0.25,Neutro
2000-09-28,6.68,5.95,5.21,24.72,0.71,Neutro
2000-09-29,6.69,5.95,5.21,24.87,0.74,Neutro
2000-10-02,6.66,5.94,5.21,24.43,0.55,Neutro
2000-10-03,6.61,5.91,5.22,23.51,0.51,Neutro
2000-10-04,6.55,5.89,5.22,22.60,0.44,Neutro
2000-10-05,6.48,5.85,5.23,21.36,0.39,Neutro
2000-10-06,6.41,5.82,5.24,20.10,0.40,Neutro
2000-10-09,6.38,5.81,5.23,19.81,0.47,Neutro
2000-10-10,6.33,5.78,5.22,19.21,0.36,Neutro
2000-10-11,6.29,5.76,5.23,18.40,0.48,Neutro
2000-10-12,6.23,5.73,5.23,17.44,0.37,Neutro
2000-10-13,6.22,5.71,5.21,17.68,0.33,Neutro
2000-10-16,6.23,5.70,5.17,18.59,0.14,Neutro
2000-10-17,6.29,5.66,5.04,22.07,0.00,Sobrevendido
2000-10-18,6.31,5.64,4.96,23.94,0.12,Neutro
2000-10-19,6.32,5.62,4.93,24.71,0.27,Neutro
2000-10-20,6.32,5.62,4.91,25.11,0.28,Neutro
2000-10-23,6.32,5.61,4.90,25.31,0.30,Neutro
2000-10-24,6.32,5.61,4.90,25.31,0.30,Neutro
2000-10-25,6.32,5.60,4.87,25.91,0.31,Neutro
2000-10-26,6.21,5.55,4.89,23.77,0.36,Neutro
2000-10-27,6.07,5.51,4.95,20.34,0.38,Neutro
2000-10-30,5.98,5.47,4.96,18.64,0.37,Neutro
2000-10-31,5.91,5.45,4.99,16.88,0.57,Neutro
2000-11-01,5.87,5.44,5.00,16.01,0.55,Neutro
2000-11-02,5.86,5.43,5.00,15.83,0.79,Neutro
2000-11-03,5.84,5.43,5.01,15.30,0.66,Neutro
2000-11-06,5.80,5.41,5.03,14.22,0.66,Neutro
2000-11-07,5.78,5.41,5.03,13.87,0.63,Neutro
2000-11-08,5.76,5.40,5.05,13.14,0.80,Neutro
2000-11-09,5.76,5.40,5.05,13.14,0.77,Neutro
2000-11-10,5.75,5.40,5.05,12.96,0.66,Neutro
2000-11-13,5.77,5.41,5.06,13.12,0.63,Neutro
2000-11-14,5.71,5.43,5.16,10.12,0.44,Neutro
2000-11-15,5.71,5.46,5.21,9.16,0.86,Neutro
2000-11-16,5.74,5.48,5.22,9.49,0.92,Neutro
2000-11-17,5.76,5.50,5.24,9.46,0.83,Neutro
2000-11-20,5.76,5.51,5.26,9.07,0.60,Neutro
2000-11-21,5.75,5.52,5.29,8.33,0.65,Neutro
2000-11-22,5.74,5.53,5.32,7.59,0.52,Neutro
2000-11-24,5.75,5.55,5.35,7.21,0.72,Neutro
2000-11-27,5.80,5.57,5.34,8.25,1.00,Sobrecomprado
2000-11-28,5.81,5.59,5.38,7.69,0.86,Neutro
2000-11-29,5.85,5.61,5.37,8.55,1.00,Sobrecomprado
2000-11-30,5.87,5.62,5.38,8.71,0.76,Neutro
2000-12-01,5.88,5.63,5.38,8.88,0.80,Neutro
2000-12-04,5.89,5.64,5.39,8.87,0.72,Neutro
2000-12-05,5.94,5.66,5.38,9.90,0.98,Neutro
2000-12-06,5.94,5.67,5.40,9.53,0.52,Neutro
2000-12-07,5.96,5.68,5.40,9.86,0.82,Neutro
2000-12-08,6.05,5.71,5.37,11.92,1.00,Sobrecomprado
2000-12-11,6.12,5.74,5.36,13.25,1.00,Sobrecomprado
2000-12-12,6.14,5.76,5.38,13.19,0.76,Neutro
2000-12-13,6.14,5.79,5.44,12.09,0.80,Neutro
2000-12-14,6.18,5.81,5.45,12.56,0.86,Neutro
2000-12-15,6.23,5.83,5.44,13.54,0.90,Neutro
2000-12-18,6.28,5.86,5.44,14.33,0.90,Neutro
2000-12-19,6.33,5.90,5.47,14.58,0.94,Neutro
2000-12-20,6.32,5.92,5.51,13.69,0.56,Neutro
2000-12-21,6.31,5.94,5.57,12.46,0.59,Neutro
2000-12-22,6.31,5.96,5.61,11.74,0.74,Neutro
2000-12-26,6.33,5.98,5.62,11.88,0.69,Neutro
2000-12-27,6.37,6.00,5.64,12.16,0.95,Neutro
2000-12-28,6.51,6.04,5.58,15.39,1.00,Sobrecomprado
2000-12-29,6.54,6.08,5.61,15.30,0.85,Neutro
2001-01-02,6.54,6.10,5.65,14.60,0.58,Neutro
2001-01-03,6.53,6.12,5.70,13.57,0.54,Neutro
2001-01-04,6.53,6.12,5.71,13.40,0.37,Neutro
2001-01-05,6.49,6.14,5.79,11.40,0.40,Neutro
2001-01-08,6.48,6.15,5.82,10.73,0.41,Neutro
2001-01-09,6.48,6.15,5.82,10.73,0.38,Neutro
2001-01-10,6.48,6.15,5.82,10.73,0.53,Neutro
2001-01-11,6.48,6.15,5.82,10.73,0.26,Neutro
2001-01-12,6.49,6.17,5.84,10.54,0.72,Neutro
2001-01-16,6.61,6.20,5.79,13.23,1.00,Sobrecomprado
2001-01-17,6.70,6.23,5.76,15.09,1.00,Sobrecomprado
2001-01-18,6.73,6.24,5.76,15.54,0.73,Neutro
2001-01-19,6.73,6.25,5.76,15.53,0.62,Neutro
2001-01-22,6.76,6.28,5.79,15.46,0.78,Neutro
2001-01-23,6.81,6.31,5.81,15.85,0.87,Neutro
2001-01-24,6.86,6.34,5.82,16.41,0.83,Neutro
2001-01-25,6.89,6.36,5.83,16.65,0.80,Neutro
2001-01-26,6.92,6.38,5.84,16.93,0.73,Neutro
2001-01-29,6.95,6.39,5.82,17.69,0.88,Neutro
2001-01-30,7.01,6.41,5.81,18.72,0.87,Neutro
2001-01-31,7.13,6.46,5.79,20.75,1.00,Sobrecomprado
2001-02-01,7.21,6.50,5.80,21.68,0.87,Neutro
2001-02-02,7.23,6.55,5.86,20.93,0.75,Neutro
2001-02-05,7.27,6.60,5.92,20.47,0.83,Neutro
2001-02-06,7.31,6.64,5.98,20.02,0.83,Neutro
2001-02-07,7.39,6.71,6.03,20.27,0.98,Neutro
2001-02-08,7.42,6.76,6.10,19.53,0.80,Neutro
2001-02-09,7.40,6.82,6.24,17.01,0.83,Neutro
2001-02-12,7.43,6.87,6.30,16.45,0.87,Neutro
2001-02-13,7.48,6.89,6.31,16.97,0.79,Neutro
2001-02-14,7.52,6.92,6.32,17.34,0.81,Neutro
2001-02-15,7.55,6.96,6.38,16.81,0.78,Neutro
2001-02-16,7.51,7.00,6.48,14.72,0.53,Neutro
2001-02-20,7.49,7.02,6.55,13.38,0.62,Neutro
2001-02-21,7.49,7.04,6.60,12.63,0.53,Neutro
2001-02-22,7.47,7.07,6.66,11.46,0.56,Neutro
2001-02-23,7.45,7.09,6.72,10.30,0.53,Neutro
2001-02-26,7.41,7.11,6.82,8.30,0.53,Neutro
2001-02-27,7.39,7.12,6.86,7.44,0.25,Neutro
2001-02-28,7.37,7.13,6.90,6.59,0.38,Neutro
2001-03-01,7.41,7.14,6.88,7.42,0.98,Neutro
2001-03-02,7.41,7.15,6.90,7.13,0.61,Neutro
2001-03-05,7.43,7.18,6.93,6.96,0.94,Neutro
2001-03-06,7.46,7.20,6.94,7.22,0.90,Neutro
2001-03-07,7.52,7.22,6.92,8.31,1.00,Sobrecomprado
2001-03-08,7.57,7.23,6.90,9.26,0.99,Neutro
2001-03-09,7.62,7.25,6.89,10.06,0.93,Neutro
2001-03-12,7.66,7.27,6.89,10.59,0.86,Neutro
2001-03-13,7.68,7.28,6.88,10.99,0.75,Neutro
2001-03-14,7.72,7.30,6.88,11.51,0.88,Neutro
2001-03-15,7.75,7.31,6.87,12.03,0.78,Neutro
2001-03-16,7.76,7.32,6.88,12.03,0.55,Neutro
2001-03-19,7.82,7.30,6.78,14.25,0.00,Sobrevendido
2001-03-20,7.91,7.26,6.61,17.90,0.00,Sobrevendido
2001-03-21,8.01,7.22,6.44,21.74,0.00,Sobrevendido
2001-03-22,8.06,7.18,6.30,24.50,0.02,Neutro
2001-03-23,8.09,7.15,6.20,26.44,0.10,Neutro
2001-03-26,8.10,7.12,6.15,27.38,0.26,Neutro
2001-03-27,8.10,7.11,6.13,27.69,0.35,Neutro
2001-03-28,8.09,7.09,6.09,28.19,0.30,Neutro
2001-03-29,8.07,7.06,6.05,28.63,0.29,Neutro
2001-03-30,8.05,7.04,6.03,28.69,0.44,Neutro
2001-04-02,8.01,7.01,6.01,28.53,0.38,Neutro
2001-04-03,7.97,6.97,5.96,28.85,0.28,Neutro
2001-04-04,7.90,6.91,5.91,28.81,0.24,Neutro
2001-04-05,7.81,6.86,5.91,27.69,0.40,Neutro
2001-04-06,7.71,6.81,5.92,26.27,0.38,Neutro
2001-04-09,7.59,6.76,5.93,24.54,0.37,Neutro
2001-04-10,7.50,6.74,5.97,22.71,0.65,Neutro
2001-04-11,7.37,6.71,6.05,19.68,0.73,Neutro
2001-04-12,7.22,6.68,6.14,16.17,0.77,Neutro
2001-04-16,7.08,6.64,6.21,13.09,0.53,Neutro
2001-04-17,7.10,6.65,6.21,13.38,0.70,Neutro
2001-04-18,7.13,6.68,6.23,13.47,0.78,Neutro
2001-04-19,7.14,6.72,6.29,12.66,0.84,Neutro
2001-04-20,7.12,6.74,6.35,11.43,0.48,Neutro
2001-04-23,7.10,6.74,6.39,10.53,0.27,Neutro
2001-04-24,7.11,6.74,6.37,10.98,0.24,Neutro
2001-04-25,7.10,6.73,6.35,11.15,0.25,Neutro
2001-04-26,7.10,6.73,6.35,11.15,0.45,Neutro
2001-04-27,7.10,6.73,6.36,10.99,0.50,Neutro
2001-04-30,7.08,6.72,6.36,10.71,0.49,Neutro
2001-05-01,7.08,6.72,6.36,10.71,0.56,Neutro
2001-05-02,7.12,6.75,6.37,11.12,0.89,Neutro
2001-05-03,7.14,6.78,6.42,10.62,0.89,Neutro
2001-05-04,7.19,6.80,6.41,11.47,0.91,Neutro
2001-05-07,7.29,6.84,6.39,13.16,1.00,Sobrecomprado
2001-05-08,7.36,6.88,6.40,13.95,1.00,Neutro
2001-05-09,7.44,6.90,6.36,15.65,0.98,Neutro
2001-05-10,7.48,6.92,6.35,16.34,0.83,Neutro
2001-05-11,7.49,6.92,6.35,16.47,0.64,Neutro
2001-05-14,7.51,6.94,6.38,16.27,0.66,Neutro
2001-05-15,7.54,6.96,6.39,16.51,0.73,Neutro
2001-05-16,7.56,6.98,6.39,16.77,0.69,Neutro
2001-05-17,7.57,6.99,6.40,16.75,0.64,Neutro
2001-05-18,7.59,7.01,6.43,16.55,0.62,Neutro
2001-05-21,7.60,7.04,6.49,15.76,0.74,Neutro
2001-05-22,7.63,7.09,6.55,15.23,0.84,Neutro
2001-05-23,7.62,7.13,6.64,13.74,0.81,Neutro
2001-05-24,7.63,7.17,6.71,12.83,0.80,Neutro
2001-05-25,7.64,7.21,6.78,11.93,0.80,Neutro
2001-05-29,7.63,7.25,6.87,10.48,0.86,Neutro
2001-05-30,7.61,7.29,6.96,8.92,0.85,Neutro
2001-05-31,7.60,7.30,6.99,8.36,0.39,Neutro
2001-06-01,7.60,7.32,7.03,7.79,0.72,Neutro
2001-06-04,7.63,7.34,7.04,8.04,0.86,Neutro
2001-06-05,7.72,7.36,7.00,9.78,1.00,Sobrecomprado
2001-06-06,7.77,7.38,6.98,10.71,0.95,Neutro
2001-06-07,7.81,7.39,6.97,11.37,0.83,Neutro
2001-06-08,7.85,7.41,6.97,11.87,0.85,Neutro
2001-06-11,7.84,7.43,7.02,11.04,0.48,Neutro
2001-06-12,7.83,7.44,7.06,10.34,0.51,Neutro
2001-06-13,7.83,7.44,7.05,10.48,0.15,Neutro
2001-06-14,7.85,7.43,7.02,11.16,0.05,Neutro
2001-06-15,7.86,7.43,7.00,11.58,0.07,Neutro
2001-06-18,7.87,7.43,6.98,11.99,0.10,Neutro
2001-06-19,7.87,7.42,6.97,12.13,0.24,Neutro
2001-06-20,7.90,7.39,6.88,13.80,0.00,Sobrevendido
2001-06-21,7.96,7.35,6.74,16.60,0.00,Sobrevendido
2001-06-22,7.99,7.31,6.63,18.60,0.01,Neutro
2001-06-25,7.99,7.28,6.58,19.36,0.21,Neutro
2001-06-26,7.96,7.27,6.57,19.13,0.45,Neutro
2001-06-27,7.93,7.25,6.56,18.91,0.42,Neutro
2001-06-28,7.93,7.24,6.54,19.21,0.37,Neutro
2001-06-29,7.92,7.23,6.54,19.08,0.57,Neutro
2001-07-02,7.88,7.20,6.53,18.74,0.35,Neutro
2001-07-03,7.79,7.17,6.54,17.44,0.40,Neutro
2001-07-05,7.70,7.14,6.58,15.69,0.51,Neutro
2001-07-06,7.62,7.11,6.61,14.20,0.54,Neutro
2001-07-09,7.52,7.09,6.67,11.99,0.73,Neutro
2001-07-10,7.49,7.08,6.68,11.44,0.68,Neutro
2001-07-11,7.44,7.07,6.70,10.47,0.73,Neutro
2001-07-12,7.60,7.10,6.61,13.94,1.00,Sobrecomprado
2001-07-13,7.80,7.15,6.51,18.04,1.00,Sobrecomprado
2001-07-16,7.92,7.19,6.46,20.29,1.00,Sobrecomprado
2001-07-17,8.04,7.24,6.44,22.11,0.94,Neutro
2001-07-18,8.17,7.28,6.40,24.30,0.97,Neutro
2001-07-19,8.31,7.35,6.39,26.12,0.95,Neutro
2001-07-20,8.39,7.43,6.46,25.99,0.88,Neutro
2001-07-23,8.45,7.50,6.55,25.32,0.86,Neutro
2001-07-24,8.49,7.56,6.63,24.60,0.76,Neutro
2001-07-25,8.53,7.60,6.67,24.47,0.69,Neutro
2001-07-26,8.58,7.65,6.72,24.31,0.76,Neutro
2001-07-27,8.63,7.71,6.79,23.87,0.78,Neutro
2001-07-30,8.68,7.75,6.83,23.86,0.75,Neutro
2001-07-31,8.72,7.82,6.93,22.89,0.80,Neutro
2001-08-01,8.73,7.89,7.04,21.43,0.76,Neutro
2001-08-02,8.73,7.94,7.16,19.76,0.73,Neutro
2001-08-03,8.74,8.01,7.28,18.23,0.82,Neutro
2001-08-06,8.73,8.07,7.40,16.49,0.77,Neutro
2001-08-07,8.68,8.13,7.57,13.66,0.76,Neutro
2001-08-08,8.57,8.18,7.80,9.41,0.79,Neutro
2001-08-09,8.57,8.22,7.86,8.64,0.80,Neutro
2001-08-10,8.59,8.24,7.88,8.62,0.76,Neutro
2001-08-13,8.59,8.26,7.93,7.99,0.76,Neutro
2001-08-14,8.61,8.29,7.97,7.72,0.91,Neutro
2001-08-15,8.64,8.31,7.98,7.94,0.89,Neutro
2001-08-16,8.67,8.33,7.99,8.16,0.84,Neutro
2001-08-17,8.71,8.35,7.99,8.62,0.89,Neutro
2001-08-20,8.74,8.37,8.01,8.72,0.81,Neutro
2001-08-21,8.73,8.40,8.06,7.98,0.60,Neutro
2001-08-22,8.69,8.42,8.16,6.29,0.64,Neutro
2001-08-23,8.67,8.44,8.21,5.45,0.67,Neutro
2001-08-24,8.67,8.46,8.25,4.97,0.76,Neutro
2001-08-27,8.84,8.43,8.03,9.61,0.00,Sobrevendido
2001-08-28,8.95,8.39,7.83,13.35,0.00,Sobrevendido
2001-08-29,9.01,8.36,7.71,15.55,0.00,Sobrevendido
2001-08-30,9.02,8.34,7.65,16.44,0.16,Neutro
2001-08-31,9.01,8.32,7.62,16.72,0.32,Neutro
2001-09-04,9.00,8.30,7.60,16.88,0.31,Neutro
2001-09-05,9.00,8.27,7.53,17.78,0.18,Neutro
2001-09-06,9.03,8.22,7.40,19.84,0.03,Neutro
2001-09-07,9.11,8.15,7.19,23.56,0.00,Sobrevendido
2001-09-10,9.12,8.09,7.07,25.34,0.10,Neutro
2001-09-17,9.16,8.01,6.86,28.71,0.00,Sobrevendido
2001-09-18,9.20,7.92,6.63,32.47,0.00,Sobrevendido
2001-09-19,9.22,7.81,6.40,36.12,0.00,Neutro
2001-09-20,9.19,7.70,6.21,38.70,0.07,Neutro
2001-09-21,9.11,7.59,6.07,40.04,0.13,Neutro
2001-09-24,8.98,7.50,6.02,39.46,0.25,Neutro
2001-09-25,8.86,7.41,5.96,39.13,0.25,Neutro
2001-09-26,8.71,7.32,5.94,37.82,0.29,Neutro
2001-09-27,8.52,7.24,5.96,35.35,0.36,Neutro
2001-09-28,8.28,7.15,6.03,31.45,0.35,Neutro
2001-10-01,8.22,7.11,5.99,31.39,0.30,Neutro
2001-10-02,8.18,7.08,5.99,30.91,0.53,Neutro
2001-10-03,8.12,7.05,5.98,30.35,0.46,Neutro
2001-10-04,8.00,7.00,6.01,28.42,0.45,Neutro
2001-10-05,7.82,6.96,6.09,24.87,0.62,Neutro
2001-10-08,7.59,6.90,6.20,20.16,0.45,Neutro
2001-10-09,7.40,6.84,6.29,16.22,0.41,Neutro
2001-10-10,7.30,6.82,6.34,14.08,0.61,Neutro
2001-10-11,7.48,6.85,6.23,18.24,1.00,Sobrecomprado
2001-10-12,7.46,6.85,6.23,17.97,0.77,Neutro
2001-10-15,7.50,6.86,6.23,18.50,0.76,Neutro
2001-10-16,7.58,6.91,6.24,19.40,0.90,Neutro
2001-10-17,7.56,6.94,6.31,18.02,0.58,Neutro
2001-10-18,7.55,6.97,6.39,16.65,0.56,Neutro
2001-10-19,7.54,7.00,6.46,15.42,0.65,Neutro
2001-10-22,7.56,7.02,6.49,15.23,0.68,Neutro
2001-10-23,7.61,7.06,6.52,15.43,0.89,Neutro
2001-10-24,7.66,7.10,6.54,15.77,0.83,Neutro
2001-10-25,7.68,7.13,6.57,15.58,0.73,Neutro
2001-10-26,7.72,7.16,6.60,15.65,0.77,Neutro
2001-10-29,7.70,7.19,6.68,14.19,0.61,Neutro
2001-10-30,7.71,7.19,6.68,14.32,0.55,Neutro
2001-10-31,7.73,7.22,6.71,14.13,0.70,Neutro
2001-11-01,7.73,7.24,6.75,13.53,0.64,Neutro
2001-11-02,7.77,7.26,6.75,14.05,0.78,Neutro
2001-11-05,7.78,7.30,6.81,13.29,0.80,Neutro
2001-11-06,7.75,7.34,6.92,11.31,0.71,Neutro
2001-11-07,7.74,7.37,6.99,10.18,0.71,Neutro
2001-11-08,7.70,7.36,7.01,9.38,0.74,Neutro
2001-11-09,7.71,7.37,7.03,9.23,0.69,Neutro
2001-11-12,7.71,7.38,7.05,8.94,0.58,Neutro
2001-11-13,7.72,7.39,7.05,9.07,0.75,Neutro
2001-11-14,7.77,7.43,7.09,9.16,1.00,Sobrecomprado
2001-11-15,7.85,7.48,7.10,10.03,1.00,Sobrecomprado
2001-11-16,7.88,7.51,7.13,9.99,0.92,Neutro
2001-11-19,8.02,7.56,7.09,12.31,1.00,Sobrecomprado
2001-11-20,8.07,7.58,7.09,12.93,0.85,Neutro
2001-11-21,8.13,7.61,7.08,13.81,0.88,Neutro
2001-11-23,8.18,7.64,7.09,14.27,0.87,Neutro
2001-11-26,8.25,7.67,7.09,15.12,0.91,Neutro
2001-11-27,8.27,7.70,7.14,14.67,0.71,Neutro
2001-11-28,8.27,7.74,7.21,13.70,0.70,Neutro
2001-11-29,8.37,7.79,7.20,15.03,1.00,Sobrecomprado
2001-11-30,8.41,7.83,7.25,14.81,0.85,Neutro
2001-12-03,8.46,7.87,7.27,15.13,0.83,Neutro
2001-12-04,8.51,7.90,7.29,15.44,0.80,Neutro
2001-12-05,8.61,7.95,7.30,16.47,1.00,Sobrecomprado
2001-12-06,8.77,8.02,7.28,18.57,1.00,Sobrecomprado
2001-12-07,8.88,8.09,7.30,19.53,0.98,Neutro
2001-12-10,9.02,8.17,7.32,20.82,1.00,Sobrecomprado
2001-12-11,9.01,8.22,7.43,19.22,0.68,Neutro
2001-12-12,8.99,8.26,7.54,17.55,0.61,Neutro
2001-12-13,8.99,8.30,7.60,16.76,0.60,Neutro
2001-12-14,9.01,8.32,7.63,16.58,0.67,Neutro
2001-12-17,9.02,8.36,7.70,15.78,0.70,Neutro
2001-12-18,9.05,8.38,7.72,15.86,0.68,Neutro
2001-12-19,9.06,8.42,7.78,15.20,0.67,Neutro
2001-12-20,9.05,8.44,7.84,14.33,0.51,Neutro
2001-12-21,9.05,8.47,7.89,13.69,0.59,Neutro
2001-12-24,9.08,8.51,7.93,13.52,0.80,Neutro
2001-12-26,9.07,8.55,8.03,12.17,0.67,Neutro
2001-12-27,9.03,8.58,8.14,10.37,0.64,Neutro
2001-12-28,9.04,8.60,8.16,10.23,0.70,Neutro
2001-12-31,9.04,8.63,8.22,9.50,0.67,Neutro
2002-01-02,9.02,8.65,8.27,8.68,0.40,Neutro
2002-01-03,8.99,8.66,8.33,7.62,0.30,Neutro
2002-01-04,9.00,8.65,8.30,8.09,0.14,Neutro
2002-01-07,8.97,8.63,8.30,7.76,0.37,Neutro
2002-01-08,8.94,8.62,8.30,7.42,0.55,Neutro
2002-01-09,8.85,8.60,8.35,5.81,0.52,Neutro
2002-01-10,8.86,8.61,8.36,5.81,0.64,Neutro
2002-01-11,8.85,8.61,8.37,5.57,0.29,Neutro
2002-01-14,8.85,8.61,8.38,5.46,0.15,Neutro
2002-01-15,8.88,8.60,8.32,6.51,0.00,Sobrevendido
2002-01-16,8.88,8.59,8.30,6.75,0.16,Neutro
2002-01-17,8.88,8.58,8.29,6.88,0.31,Neutro
2002-01-18,8.88,8.56,8.24,7.47,0.08,Neutro
2002-01-22,8.90,8.55,8.21,8.07,0.06,Neutro
2002-01-23,8.90,8.55,8.21,8.07,0.54,Neutro
2002-01-24,8.86,8.53,8.19,7.86,0.19,Neutro
2002-01-25,8.83,8.51,8.19,7.52,0.34,Neutro
2002-01-28,8.82,8.51,8.19,7.41,0.73,Neutro
2002-01-29,8.79,8.50,8.21,6.83,0.66,Neutro
2002-01-30,8.87,8.51,8.16,8.34,1.00,Sobrecomprado
2002-01-31,8.97,8.54,8.10,10.19,1.00,Sobrecomprado
2002-02-01,9.02,8.55,8.09,10.87,0.88,Neutro
2002-02-04,9.08,8.58,8.09,11.53,0.93,Neutro
2002-02-05,9.17,8.61,8.06,12.89,0.95,Neutro
2002-02-06,9.22,8.63,8.05,13.55,0.85,Neutro
2002-02-07,9.24,8.65,8.05,13.76,0.70,Neutro
2002-02-08,9.29,8.66,8.04,14.43,0.81,Neutro
2002-02-11,9.35,8.70,8.04,15.06,0.86,Neutro
2002-02-12,9.44,8.74,8.04,16.02,0.91,Neutro
2002-02-13,9.50,8.79,8.08,16.15,0.87,Neutro
2002-02-14,9.56,8.84,8.12,16.29,0.84,Neutro
2002-02-15,9.63,8.89,8.14,16.77,0.87,Neutro
2002-02-19,9.68,8.94,8.21,16.43,0.84,Neutro
2002-02-20,9.72,9.01,8.31,15.65,0.89,Neutro
2002-02-21,9.76,9.06,8.35,15.57,0.82,Neutro
2002-02-22,9.74,9.11,8.48,13.83,0.74,Neutro
2002-02-25,9.71,9.16,8.61,12.01,0.74,Neutro
2002-02-26,9.70,9.20,8.69,10.98,0.64,Neutro
2002-02-27,9.67,9.24,8.81,9.31,0.80,Neutro
2002-02-28,9.70,9.27,8.83,9.39,0.77,Neutro
2002-03-01,9.74,9.29,8.85,9.58,0.83,Neutro
2002-03-04,9.79,9.33,8.88,9.75,0.97,Neutro
2002-03-05,9.84,9.37,8.91,9.92,0.91,Neutro
2002-03-06,9.89,9.41,8.92,10.31,0.90,Neutro
2002-03-07,10.03,9.46,8.90,11.94,1.00,Sobrecomprado
2002-03-08,10.13,9.53,8.93,12.59,1.00,Sobrecomprado
2002-03-11,10.23,9.59,8.96,13.24,1.00,Sobrecomprado
2002-03-12,10.35,9.65,8.96,14.40,1.00,Sobrecomprado
2002-03-13,10.47,9.71,8.95,15.66,0.98,Neutro
2002-03-14,10.55,9.76,8.97,16.19,0.87,Neutro
2002-03-15,10.64,9.82,9.00,16.70,0.90,Neutro
2002-03-18,10.70,9.87,9.03,16.93,0.81,Neutro
2002-03-19,10.81,9.93,9.04,17.83,0.91,Neutro
2002-03-20,10.86,9.97,9.08,17.86,0.74,Neutro
2002-03-21,10.89,10.01,9.13,17.58,0.72,Neutro
2002-03-22,10.91,10.06,9.21,16.90,0.71,Neutro
2002-03-25,10.93,10.12,9.30,16.11,0.74,Neutro
2002-03-26,10.91,10.17,9.43,14.55,0.70,Neutro
2002-03-27,10.91,10.22,9.54,13.40,0.73,Neutro
2002-03-28,10.85,10.25,9.65,11.71,0.32,Neutro
2002-04-01,10.85,10.25,9.66,11.61,0.00,Sobrevendido
2002-04-02,10.89,10.24,9.58,12.80,0.00,Sobrevendido
2002-04-03,10.94,10.22,9.51,13.99,0.00,Sobrevendido
2002-04-04,10.99,10.20,9.42,15.39,0.00,Sobrevendido
2002-04-05,11.02,10.17,9.31,16.82,0.06,Neutro
2002-04-08,11.02,10.13,9.25,17.47,0.21,Neutro
2002-04-09,11.02,10.13,9.24,17.57,0.51,Neutro
2002-04-10,11.04,10.14,9.24,17.75,0.76,Neutro
2002-04-11,11.01,10.11,9.21,17.80,0.37,Neutro
2002-04-12,11.02,10.11,9.21,17.90,0.66,Neutro
2002-04-15,11.00,10.11,9.21,17.71,0.64,Neutro
2002-04-16,10.98,10.09,9.21,17.54,0.47,Neutro
2002-04-17,10.90,10.06,9.21,16.80,0.46,Neutro
2002-04-18,10.87,10.04,9.21,16.53,0.54,Neutro
2002-04-19,10.84,10.02,9.21,16.26,0.50,Neutro
2002-04-22,10.82,10.02,9.21,16.08,0.63,Neutro
2002-04-23,10.78,10.00,9.23,15.49,0.66,Neutro
2002-04-24,10.76,10.00,9.23,15.31,0.70,Neutro
2002-04-25,10.71,9.98,9.25,14.63,0.68,Neutro
2002-04-26,10.74,9.99,9.25,14.91,0.70,Neutro
2002-04-29,10.75,10.03,9.30,14.46,0.66,Neutro
2002-04-30,10.74,10.06,9.38,13.52,0.54,Neutro
2002-05-01,10.70,10.08,9.46,12.30,0.40,Neutro
2002-05-02,10.65,10.12,9.58,10.58,0.48,Neutro
2002-05-03,10.58,10.16,9.73,8.37,0.53,Neutro
2002-05-06,10.52,10.18,9.83,6.78,0.36,Neutro
2002-05-07,10.53,10.17,9.80,7.18,0.14,Neutro
2002-05-08,10.45,10.13,9.81,6.32,0.14,Neutro
2002-05-09,10.45,10.13,9.82,6.22,0.17,Neutro
2002-05-10,10.47,10.09,9.71,7.53,0.00,Sobrevendido
2002-05-13,10.44,10.06,9.69,7.45,0.17,Neutro
2002-05-14,10.49,10.04,9.58,9.07,0.00,Sobrevendido
2002-05-15,10.51,10.02,9.53,9.78,0.08,Neutro
2002-05-16,10.52,9.99,9.45,10.71,0.07,Neutro
2002-05-17,10.55,9.96,9.37,11.85,0.06,Neutro
2002-05-20,10.56,9.91,9.26,13.11,0.01,Neutro
2002-05-21,10.54,9.87,9.19,13.68,0.10,Neutro
2002-05-22,10.49,9.82,9.16,13.54,0.23,Neutro
2002-05-23,10.45,9.78,9.11,13.70,0.17,Neutro
2002-05-24,10.39,9.73,9.07,13.57,0.15,Neutro
2002-05-28,10.33,9.67,9.02,13.54,0.12,Neutro
2002-05-29,10.29,9.62,8.96,13.82,0.11,Neutro
2002-05-30,10.25,9.59,8.92,13.87,0.23,Neutro
2002-05-31,10.18,9.55,8.92,13.19,0.33,Neutro
2002-06-03,10.08,9.50,8.92,12.21,0.22,Neutro
2002-06-04,9.98,9.45,8.92,11.22,0.18,Neutro
2002-06-05,9.94,9.40,8.87,11.38,0.08,Neutro
2002-06-06,9.96,9.33,8.71,13.39,0.00,Sobrevendido
2002-06-07,9.87,9.28,8.69,12.71,0.17,Neutro
2002-06-10,9.84,9.25,8.66,12.76,0.24,Neutro
2002-06-11,9.75,9.21,8.66,11.84,0.26,Neutro
2002-06-12,9.71,9.18,8.64,11.66,0.29,Neutro
2002-06-13,9.65,9.14,8.63,11.16,0.25,Neutro
2002-06-14,9.60,9.11,8.63,10.64,0.34,Neutro
2002-06-17,9.55,9.09,8.63,10.12,0.42,Neutro
2002-06-18,9.53,9.08,8.63,9.91,0.43,Neutro
2002-06-19,9.51,9.07,8.63,9.70,0.57,Neutro
2002-06-20,9.46,9.06,8.66,8.83,0.72,Neutro
2002-06-21,9.42,9.04,8.66,8.40,0.50,Neutro
2002-06-24,9.40,9.04,8.67,8.08,0.60,Neutro
2002-06-25,9.39,9.03,8.67,7.97,0.60,Neutro
2002-06-26,9.39,9.02,8.66,8.09,0.41,Neutro
2002-06-27,9.36,9.01,8.67,7.66,0.51,Neutro
2002-06-28,9.31,8.99,8.67,7.12,0.31,Neutro
2002-07-01,9.28,8.98,8.67,6.79,0.48,Neutro
2002-07-02,9.27,8.97,8.67,6.69,0.43,Neutro
2002-07-03,9.27,8.96,8.66,6.81,0.25,Neutro
2002-07-05,9.20,8.99,8.79,4.56,0.76,Neutro
2002-07-08,9.22,9.01,8.79,4.77,0.84,Neutro
2002-07-09,9.22,9.01,8.79,4.77,0.35,Neutro
2002-07-10,9.33,8.98,8.62,7.91,0.00,Sobrevendido
2002-07-11,9.36,8.96,8.56,8.93,0.02,Neutro
2002-07-12,9.38,8.94,8.50,9.84,0.03,Neutro
2002-07-15,9.42,8.91,8.40,11.44,0.00,Sobrevendido
2002-07-16,9.46,8.88,8.29,13.18,0.00,Sobrevendido
2002-07-17,9.46,8.85,8.24,13.79,0.16,Neutro
2002-07-18,9.44,8.80,8.16,14.54,0.11,Neutro
2002-07-19,9.50,8.73,7.95,17.76,0.00,Sobrevendido
2002-07-22,9.50,8.67,7.85,19.02,0.08,Neutro
2002-07-23,9.49,8.61,7.73,20.44,0.07,Neutro
2002-07-24,9.43,8.57,7.72,19.95,0.34,Neutro
2002-07-25,9.38,8.54,7.69,19.80,0.33,Neutro
2002-07-26,9.33,8.48,7.63,20.04,0.21,Neutro
2002-07-29,9.30,8.47,7.64,19.60,0.59,Neutro
2002-07-30,9.24,8.44,7.64,18.95,0.46,Neutro
2002-07-31,9.19,8.39,7.59,19.07,0.22,Neutro
2002-08-01,9.14,8.36,7.57,18.79,0.32,Neutro
2002-08-02,9.02,8.29,7.57,17.48,0.21,Neutro
2002-08-05,8.88,8.22,7.56,16.06,0.08,Neutro
2002-08-06,8.75,8.17,7.58,14.33,0.24,Neutro
2002-08-07,8.73,8.14,7.55,14.49,0.30,Neutro
2002-08-08,8.67,8.12,7.57,13.55,0.52,Neutro
2002-08-09,8.63,8.11,7.59,12.83,0.62,Neutro
2002-08-12,8.60,8.09,7.59,12.48,0.55,Neutro
2002-08-13,8.58,8.08,7.58,12.37,0.45,Neutro
2002-08-14,8.56,8.08,7.59,12.01,0.75,Neutro
2002-08-15,8.67,8.10,7.53,14.07,1.00,Sobrecomprado
2002-08-16,8.82,8.16,7.51,16.05,1.00,Sobrecomprado
2002-08-19,8.88,8.20,7.51,16.71,0.83,Neutro
2002-08-20,8.96,8.24,7.53,17.35,0.89,Neutro
2002-08-21,9.05,8.28,7.50,18.73,0.92,Neutro
2002-08-22,9.19,8.32,7.45,20.91,0.97,Neutro
2002-08-23,9.25,8.36,7.48,21.16,0.78,Neutro
2002-08-26,9.26,8.37,7.48,21.27,0.69,Neutro
2002-08-27,9.27,8.38,7.48,21.37,0.59,Neutro
2002-08-28,9.30,8.42,7.53,21.03,0.69,Neutro
2002-08-29,9.35,8.46,7.57,21.05,0.74,Neutro
2002-08-30,9.37,8.50,7.64,20.34,0.68,Neutro
2002-09-03,9.31,8.55,7.79,17.78,0.49,Neutro
2002-09-04,9.30,8.60,7.90,16.28,0.71,Neutro
2002-09-05,9.27,8.64,8.02,14.46,0.57,Neutro
2002-09-06,9.28,8.69,8.09,13.70,0.78,Neutro
2002-09-09,9.35,8.74,8.12,14.08,0.93,Neutro
2002-09-10,9.45,8.81,8.16,14.65,1.00,Sobrecomprado
2002-09-11,9.40,8.86,8.32,12.19,0.75,Neutro
2002-09-12,9.39,8.90,8.41,11.01,0.67,Neutro
2002-09-13,9.41,8.92,8.42,11.10,0.74,Neutro
2002-09-16,9.42,8.92,8.42,11.21,0.61,Neutro
2002-09-17,9.46,8.91,8.36,12.35,0.00,Sobrevendido
2002-09-18,9.50,8.88,8.25,14.08,0.00,Sobrevendido
2002-09-19,9.57,8.83,8.10,16.64,0.00,Sobrevendido
2002-09-20,9.55,8.79,8.02,17.41,0.14,Neutro
2002-09-23,9.55,8.76,7.97,18.04,0.22,Neutro
2002-09-24,9.55,8.74,7.94,18.41,0.29,Neutro
2002-09-25,9.55,8.75,7.94,18.41,0.40,Neutro
2002-09-26,9.56,8.75,7.95,18.39,0.57,Neutro
2002-09-27,9.55,8.74,7.93,18.54,0.40,Neutro
2002-09-30,9.54,8.73,7.93,18.44,0.51,Neutro
2002-10-01,9.60,8.77,7.94,18.94,0.77,Neutro
2002-10-02,9.58,8.76,7.93,18.85,0.45,Neutro
2002-10-03,9.58,8.75,7.91,19.10,0.37,Neutro
2002-10-04,9.56,8.71,7.86,19.52,0.24,Neutro
2002-10-07,9.50,8.65,7.80,19.66,0.16,Neutro
2002-10-08,9.35,8.58,7.82,17.83,0.26,Neutro
2002-10-09,9.27,8.54,7.81,17.09,0.33,Neutro
2002-10-10,9.20,8.50,7.81,16.35,0.35,Neutro
2002-10-11,9.09,8.47,7.84,14.77,0.46,Neutro
2002-10-14,9.01,8.44,7.88,13.38,0.64,Neutro
2002-10-15,9.01,8.44,7.86,13.63,0.30,Neutro
2002-10-16,9.01,8.44,7.87,13.50,0.41,Neutro
2002-10-17,9.03,8.48,7.93,12.97,0.75,Neutro
2002-10-18,9.06,8.51,7.95,13.05,0.75,Neutro
2002-10-21,9.12,8.54,7.96,13.59,0.84,Neutro
2002-10-22,9.17,8.57,7.96,14.13,0.82,Neutro
2002-10-23,9.23,8.59,7.95,14.90,0.87,Neutro
2002-10-24,9.25,8.60,7.94,15.24,0.79,Neutro
2002-10-25,9.31,8.62,7.93,16.01,0.85,Neutro
2002-10-28,9.32,8.63,7.93,16.11,0.66,Neutro
2002-10-29,9.26,8.61,7.96,15.10,0.68,Neutro
2002-10-30,9.31,8.63,7.95,15.76,0.82,Neutro
2002-10-31,9.37,8.66,7.95,16.40,0.81,Neutro
2002-11-01,9.49,8.72,7.94,17.78,1.00,Neutro
2002-11-04,9.69,8.81,7.93,19.98,1.00,Sobrecomprado
2002-11-05,9.82,8.89,7.96,20.93,0.97,Neutro
2002-11-06,9.95,8.97,7.98,21.97,0.97,Neutro
2002-11-07,10.04,9.04,8.04,22.13,0.86,Neutro
2002-11-08,10.11,9.11,8.11,21.96,0.82,Neutro
2002-11-11,10.11,9.14,8.17,21.23,0.53,Neutro
2002-11-12,10.06,9.19,8.32,18.94,0.55,Neutro
2002-11-13,10.02,9.24,8.47,16.77,0.61,Neutro
2002-11-14,10.02,9.27,8.53,16.07,0.58,Neutro
2002-11-15,10.01,9.31,8.60,15.15,0.58,Neutro
2002-11-18,10.01,9.32,8.62,14.92,0.37,Neutro
2002-11-19,10.00,9.32,8.63,14.70,0.28,Neutro
2002-11-20,10.01,9.32,8.63,14.81,0.29,Neutro
2002-11-21,10.03,9.35,8.67,14.55,0.68,Neutro
2002-11-22,10.03,9.36,8.69,14.31,0.53,Neutro
2002-11-25,10.03,9.40,8.77,13.40,0.67,Neutro
2002-11-26,10.02,9.44,8.86,12.29,0.67,Neutro
2002-11-27,10.08,9.49,8.89,12.55,0.88,Neutro
2002-11-29,10.15,9.53,8.92,12.90,0.93,Neutro
2002-12-02,10.20,9.56,8.91,13.50,0.81,Neutro
2002-12-03,10.20,9.56,8.91,13.50,0.75,Neutro
2002-12-04,10.18,9.55,8.91,13.30,0.54,Neutro
2002-12-05,10.15,9.53,8.92,12.90,0.58,Neutro
2002-12-06,10.15,9.53,8.92,12.90,0.67,Neutro
2002-12-09,10.13,9.52,8.92,12.70,0.54,Neutro
2002-12-10,10.16,9.56,8.96,12.56,0.71,Neutro
2002-12-11,10.19,9.59,8.98,12.62,0.75,Neutro
2002-12-12,10.24,9.62,8.99,13.00,0.81,Neutro
2002-12-13,10.26,9.64,9.02,12.87,0.65,Neutro
2002-12-16,10.31,9.67,9.03,13.24,0.80,Neutro
2002-12-17,10.31,9.71,9.11,12.36,0.72,Neutro
2002-12-18,10.25,9.75,9.25,10.26,0.48,Neutro
2002-12-19,10.15,9.78,9.40,7.67,0.35,Neutro
2002-12-20,10.15,9.78,9.42,7.46,0.41,Neutro
2002-12-23,10.13,9.79,9.45,6.95,0.09,Neutro
2002-12-24,10.14,9.78,9.43,7.26,0.11,Neutro
2002-12-26,10.16,9.78,9.39,7.88,0.09,Neutro
2002-12-27,10.15,9.75,9.35,8.20,0.11,Neutro
2002-12-30,10.14,9.71,9.29,8.75,0.00,Neutro
2002-12-31,10.12,9.68,9.24,9.09,0.10,Neutro
2003-01-02,10.10,9.67,9.24,8.89,0.47,Neutro
2003-01-03,10.11,9.66,9.21,9.32,0.17,Neutro
2003-01-06,10.11,9.65,9.19,9.53,0.33,Neutro
2003-01-07,10.10,9.64,9.18,9.54,0.38,Neutro
2003-01-08,10.10,9.63,9.16,9.76,0.22,Neutro
2003-01-09,10.08,9.62,9.15,9.67,0.47,Neutro
2003-01-10,10.06,9.61,9.16,9.36,0.63,Neutro
2003-01-13,10.00,9.59,9.18,8.55,0.49,Neutro
2003-01-14,9.97,9.57,9.17,8.36,0.32,Neutro
2003-01-15,9.88,9.53,9.19,7.24,0.17,Neutro
2003-01-16,9.79,9.50,9.21,6.10,0.21,Neutro
2003-01-17,9.76,9.48,9.20,5.91,0.16,Neutro
2003-01-21,9.77,9.45,9.13,6.77,0.00,Sobrevendido
2003-01-22,9.77,9.41,9.06,7.54,0.00,Sobrevendido
2003-01-23,9.79,9.39,8.98,8.63,0.00,Sobrevendido
2003-01-24,9.81,9.36,8.90,9.73,0.02,Neutro
2003-01-27,9.83,9.32,8.82,10.83,0.01,Neutro
2003-01-28,9.84,9.30,8.76,11.62,0.12,Neutro
2003-01-29,9.84,9.28,8.71,12.18,0.18,Neutro
2003-01-30,9.86,9.25,8.65,13.08,0.12,Neutro
2003-01-31,9.81,9.21,8.61,13.03,0.21,Neutro
2003-02-03,9.80,9.20,8.59,13.16,0.36,Neutro
2003-02-04,9.77,9.16,8.56,13.21,0.23,Neutro
2003-02-05,9.72,9.13,8.53,13.04,0.25,Neutro
2003-02-06,9.71,9.09,8.47,13.64,0.15,Neutro
2003-02-07,9.65,9.04,8.44,13.38,0.17,Neutro
2003-02-10,9.53,8.99,8.45,12.02,0.15,Neutro
2003-02-11,9.42,8.94,8.46,10.73,0.23,Neutro
2003-02-12,9.35,8.90,8.46,10.00,0.18,Neutro
2003-02-13,9.33,8.85,8.38,10.73,0.00,Sobrevendido
2003-02-14,9.24,8.82,8.39,9.64,0.27,Neutro
2003-02-18,9.17,8.78,8.39,8.89,0.13,Neutro
2003-02-19,9.14,8.74,8.35,9.04,0.05,Neutro
2003-02-20,9.12,8.71,8.31,9.30,0.11,Neutro
2003-02-21,9.09,8.69,8.28,9.32,0.20,Neutro
2003-02-24,9.07,8.67,8.26,9.35,0.27,Neutro
2003-02-25,9.06,8.66,8.27,9.12,0.62,Neutro
2003-02-26,9.03,8.65,8.26,8.90,0.42,Neutro
2003-02-27,9.00,8.64,8.27,8.45,0.58,Neutro
2003-02-28,8.99,8.63,8.27,8.34,0.67,Neutro
2003-03-03,8.97,8.62,8.28,8.00,0.49,Neutro
2003-03-04,8.89,8.60,8.31,6.74,0.48,Neutro
2003-03-05,8.85,8.58,8.32,6.17,0.38,Neutro
2003-03-06,8.81,8.56,8.31,5.84,0.18,Neutro
2003-03-07,8.81,8.55,8.29,6.08,0.23,Neutro
2003-03-10,8.84,8.53,8.21,7.39,0.00,Sobrevendido
2003-03-11,8.84,8.51,8.17,7.88,0.06,Neutro
2003-03-12,8.83,8.48,8.14,8.13,0.16,Neutro
2003-03-13,8.83,8.48,8.14,8.13,0.65,Neutro
2003-03-14,8.84,8.50,8.16,8.00,0.71,Neutro
2003-03-17,8.91,8.51,8.12,9.28,1.00,Sobrecomprado
2003-03-18,8.99,8.54,8.09,10.54,1.00,Sobrecomprado
2003-03-19,9.05,8.57,8.09,11.20,0.87,Neutro
2003-03-20,9.15,8.61,8.07,12.55,1.00,Sobrecomprado
2003-03-21,9.29,8.65,8.02,14.68,1.00,Sobrecomprado
2003-03-24,9.35,8.68,8.02,15.31,0.81,Neutro
2003-03-25,9.44,8.72,7.99,16.64,0.94,Neutro
2003-03-26,9.54,8.75,7.97,17.93,0.90,Neutro
2003-03-27,9.64,8.79,7.95,19.22,0.90,Neutro
2003-03-28,9.73,8.83,7.93,20.38,0.86,Neutro
2003-03-31,9.81,8.87,7.94,21.07,0.83,Neutro
2003-04-01,9.92,8.93,7.93,22.29,0.88,Neutro
2003-04-02,10.07,9.00,7.93,23.78,0.94,Neutro
2003-04-03,10.17,9.07,7.97,24.25,0.86,Neutro
2003-04-04,10.22,9.14,8.05,23.75,0.76,Neutro
2003-04-07,10.27,9.23,8.19,22.54,0.85,Neutro
2003-04-08,10.25,9.31,8.36,20.31,0.74,Neutro
2003-04-09,10.18,9.37,8.56,17.29,0.61,Neutro
2003-04-10,10.14,9.42,8.70,15.29,0.57,Neutro
2003-04-11,10.09,9.47,8.84,13.20,0.66,Neutro
2003-04-14,10.11,9.51,8.91,12.61,0.80,Neutro
2003-04-15,10.14,9.56,8.98,12.14,0.80,Neutro
2003-04-16,10.12,9.61,9.09,10.72,0.76,Neutro
2003-04-17,10.12,9.64,9.16,9.96,0.77,Neutro
2003-04-21,10.14,9.66,9.19,9.83,0.68,Neutro
2003-04-22,10.11,9.70,9.30,8.35,0.72,Neutro
2003-04-23,10.09,9.72,9.34,7.72,0.35,Neutro
2003-04-24,10.13,9.75,9.38,7.69,0.96,Neutro
2003-04-25,10.12,9.77,9.42,7.17,0.51,Neutro
2003-04-28,10.15,9.80,9.45,7.15,0.89,Neutro
2003-04-29,10.26,9.84,9.42,8.53,1.00,Sobrecomprado
2003-04-30,10.40,9.89,9.37,10.42,1.00,Sobrecomprado
2003-05-01,10.45,9.90,9.36,11.01,0.84,Neutro
2003-05-02,10.60,9.95,9.29,13.17,1.00,Sobrecomprado
2003-05-05,10.74,10.00,9.26,14.80,1.00,Sobrecomprado
2003-05-06,10.87,10.04,9.22,16.43,0.95,Neutro
2003-05-07,10.93,10.08,9.24,16.76,0.79,Neutro
2003-05-08,10.91,10.10,9.29,16.04,0.40,Neutro
2003-05-09,10.89,10.13,9.37,15.01,0.43,Neutro
2003-05-12,10.88,10.15,9.42,14.38,0.48,Neutro
2003-05-13,10.88,10.16,9.44,14.18,0.39,Neutro
2003-05-14,10.88,10.17,9.46,13.96,0.48,Neutro
2003-05-15,10.88,10.18,9.48,13.75,0.45,Neutro
2003-05-16,10.88,10.18,9.49,13.65,0.35,Neutro
2003-05-19,10.88,10.18,9.49,13.65,0.22,Neutro
2003-05-20,10.88,10.18,9.48,13.75,0.24,Neutro
2003-05-21,10.86,10.19,9.52,13.15,0.24,Neutro
2003-05-22,10.86,10.18,9.50,13.36,0.31,Neutro
2003-05-23,10.85,10.19,9.53,12.95,0.30,Neutro
2003-05-27,10.85,10.19,9.53,12.95,0.40,Neutro
2003-05-28,10.83,10.18,9.52,12.87,0.47,Neutro
2003-05-29,10.79,10.16,9.52,12.50,0.51,Neutro
2003-05-30,10.79,10.16,9.52,12.50,0.61,Neutro
2003-06-02,10.69,10.12,9.55,11.26,0.44,Neutro
2003-06-03,10.57,10.09,9.61,9.52,0.46,Neutro
2003-06-04,10.42,10.06,9.70,7.16,0.72,Neutro
2003-06-05,10.33,10.04,9.76,5.68,0.88,Neutro
2003-06-06,10.35,10.06,9.77,5.77,0.83,Neutro
2003-06-09,10.37,10.07,9.77,5.96,0.77,Neutro
2003-06-10,10.39,10.08,9.76,6.25,0.83,Neutro
2003-06-11,10.44,10.10,9.75,6.83,0.93,Neutro
2003-06-12,10.51,10.12,9.72,7.81,1.00,Sobrecomprado
2003-06-13,10.56,10.13,9.71,8.39,0.91,Neutro
2003-06-16,10.64,10.17,9.69,9.34,0.98,Neutro
2003-06-17,10.72,10.21,9.71,9.89,1.00,Sobrecomprado
2003-06-18,10.76,10.25,9.75,9.85,0.89,Neutro
2003-06-19,10.81,10.30,9.79,9.90,0.95,Neutro
2003-06-20,10.86,10.34,9.83,9.96,0.88,Neutro
2003-06-23,10.85,10.37,9.89,9.26,0.57,Neutro
2003-06-24,10.84,10.38,9.93,8.76,0.49,Neutro
2003-06-25,10.85,10.40,9.96,8.55,0.65,Neutro
2003-06-26,10.89,10.43,9.98,8.72,0.85,Neutro
2003-06-27,10.98,10.47,9.96,9.74,1.00,Neutro
2003-06-30,11.03,10.51,9.99,9.89,0.95,Neutro
2003-07-01,11.02,10.54,10.07,9.01,0.64,Neutro
2003-07-02,11.03,10.57,10.11,8.70,0.70,Neutro
2003-07-03,11.03,10.59,10.15,8.31,0.61,Neutro
2003-07-07,11.05,10.63,10.20,8.00,0.82,Neutro
2003-07-08,11.07,10.66,10.25,7.69,0.85,Neutro
2003-07-09,11.09,10.70,10.30,7.38,0.90,Neutro
2003-07-10,11.10,10.72,10.35,6.99,0.76,Neutro
2003-07-11,11.18,10.76,10.34,7.81,1.00,Neutro
2003-07-14,11.38,10.82,10.25,10.45,1.00,Sobrecomprado
2003-07-15,11.48,10.86,10.23,11.51,0.99,Neutro
2003-07-16,11.61,10.90,10.19,13.02,1.00,Sobrecomprado
2003-07-17,11.66,10.94,10.21,13.26,0.77,Neutro
2003-07-18,11.72,10.97,10.22,13.67,0.81,Neutro
2003-07-21,11.78,11.01,10.23,14.08,0.79,Neutro
2003-07-22,11.80,11.05,10.31,13.48,0.72,Neutro
2003-07-23,11.80,11.11,10.41,12.51,0.77,Neutro
2003-07-24,11.96,11.19,10.41,13.85,1.00,Sobrecomprado
2003-07-25,12.14,11.26,10.39,15.54,1.00,Sobrecomprado
2003-07-28,12.27,11.32,10.37,16.78,0.93,Neutro
2003-07-29,12.41,11.38,10.36,18.01,0.93,Neutro
2003-07-30,12.49,11.46,10.43,17.97,0.86,Neutro
2003-07-31,12.59,11.54,10.49,18.19,0.90,Neutro
2003-08-01,12.62,11.62,10.61,17.30,0.78,Neutro
2003-08-04,12.65,11.68,10.71,16.61,0.74,Neutro
2003-08-05,12.65,11.73,10.81,15.68,0.65,Neutro
2003-08-06,12.64,11.78,10.92,14.60,0.59,Neutro
2003-08-07,12.59,11.83,11.07,12.85,0.61,Neutro
2003-08-08,12.58,11.88,11.17,11.87,0.68,Neutro
2003-08-11,12.63,11.91,11.19,12.09,0.76,Neutro
2003-08-12,12.68,11.96,11.24,12.04,0.82,Neutro
2003-08-13,12.75,12.00,11.25,12.50,0.85,Neutro
2003-08-14,12.75,12.06,11.36,11.53,0.73,Neutro
2003-08-15,12.75,12.10,11.46,10.66,0.74,Neutro
2003-08-18,12.74,12.15,11.57,9.63,0.76,Neutro
2003-08-19,12.82,12.23,11.65,9.56,1.00,Sobrecomprado
2003-08-20,12.84,12.30,11.77,8.70,1.00,Sobrecomprado
2003-08-21,12.98,12.35,11.73,10.12,1.00,Sobrecomprado
2003-08-22,13.05,12.38,11.72,10.74,0.89,Neutro
2003-08-25,13.11,12.42,11.73,11.11,0.80,Neutro
2003-08-26,13.14,12.44,11.74,11.25,0.73,Neutro
2003-08-27,13.19,12.48,11.76,11.46,0.77,Neutro
2003-08-28,13.26,12.51,11.76,11.99,0.83,Neutro
2003-08-29,13.33,12.55,11.78,12.35,0.85,Neutro
2003-09-02,13.42,12.61,11.80,12.85,0.90,Neutro
2003-09-03,13.47,12.67,11.87,12.63,0.84,Neutro
2003-09-04,13.53,12.74,11.95,12.40,0.92,Neutro
2003-09-05,13.60,12.82,12.04,12.17,0.94,Neutro
2003-09-08,13.68,12.89,12.11,12.18,0.96,Neutro
2003-09-09,13.75,12.96,12.17,12.19,0.91,Neutro
2003-09-10,13.82,13.02,12.22,12.29,0.89,Neutro
2003-09-11,13.88,13.07,12.27,12.32,0.81,Neutro
2003-09-12,13.89,13.13,12.37,11.58,0.77,Neutro
2003-09-15,13.90,13.19,12.48,10.77,0.81,Neutro
2003-09-16,13.94,13.26,12.58,10.26,0.93,Neutro
2003-09-17,14.07,13.31,12.56,11.34,0.99,Neutro
2003-09-18,14.18,13.38,12.57,12.04,0.97,Neutro
2003-09-19,14.23,13.41,12.60,12.15,0.73,Neutro
2003-09-22,14.24,13.45,12.67,11.67,0.68,Neutro
2003-09-23,14.27,13.51,12.75,11.25,0.78,Neutro
2003-09-24,14.23,13.55,12.88,9.96,0.56,Neutro
2003-09-25,14.18,13.58,12.99,8.76,0.40,Neutro
2003-09-26,14.14,13.60,13.06,7.94,0.24,Neutro
2003-09-29,14.11,13.62,13.13,7.20,0.39,Neutro
2003-09-30,14.10,13.62,13.15,6.97,0.19,Neutro
2003-10-01,14.08,13.65,13.21,6.37,0.54,Neutro
2003-10-02,14.08,13.66,13.24,6.15,0.51,Neutro
2003-10-03,14.17,13.69,13.22,6.94,1.00,Sobrecomprado
2003-10-06,14.29,13.73,13.17,8.16,1.00,Sobrecomprado
2003-10-07,14.40,13.77,13.15,9.08,0.98,Neutro
2003-10-08,14.43,13.79,13.15,9.28,0.74,Neutro
2003-10-09,14.51,13.83,13.16,9.76,0.88,Neutro
2003-10-10,14.58,13.87,13.17,10.16,0.86,Neutro
2003-10-13,14.64,13.91,13.18,10.49,0.82,Neutro
2003-10-14,14.75,13.95,13.15,11.47,0.94,Neutro
2003-10-15,14.84,13.98,13.12,12.30,0.90,Neutro
2003-10-16,14.96,14.02,13.08,13.41,0.94,Neutro
2003-10-17,15.06,14.07,13.07,14.15,0.86,Neutro
2003-10-20,15.17,14.13,13.08,14.79,0.87,Neutro
2003-10-21,15.25,14.17,13.09,15.24,0.78,Neutro
2003-10-22,15.67,14.30,12.93,19.17,1.00,Sobrecomprado
2003-10-23,16.05,14.44,12.84,22.23,1.00,Sobrecomprado
2003-10-24,16.30,14.59,12.88,23.44,0.99,Neutro
2003-10-27,16.61,14.75,12.88,25.29,1.00,Sobrecomprado
2003-10-28,17.10,14.96,12.82,28.61,1.00,Sobrecomprado
2003-10-29,17.55,15.16,12.78,31.45,1.00,Sobrecomprado
2003-10-30,17.78,15.34,12.90,31.81,0.88,Neutro
2003-10-31,17.94,15.47,13.01,31.86,0.77,Neutro
2003-11-03,18.08,15.60,13.11,31.87,0.75,Neutro
2003-11-04,18.22,15.73,13.24,31.66,0.76,Neutro
2003-11-05,18.40,15.90,13.41,31.38,0.83,Neutro
2003-11-06,18.55,16.06,13.58,30.94,0.80,Neutro
2003-11-07,18.63,16.21,13.79,29.85,0.74,Neutro
2003-11-10,18.66,16.36,14.06,28.12,0.70,Neutro
2003-11-11,18.65,16.47,14.30,26.41,0.62,Neutro
2003-11-12,18.62,16.60,14.58,24.33,0.66,Neutro
2003-11-13,18.57,16.72,14.86,22.19,0.61,Neutro
2003-11-14,18.45,16.83,15.21,19.25,0.56,Neutro
2003-11-17,18.27,16.93,15.59,15.83,0.47,Neutro
2003-11-18,17.93,17.01,16.08,10.88,0.15,Neutro
2003-11-19,17.89,17.03,16.17,10.10,0.27,Neutro
2003-11-20,17.87,17.04,16.22,9.68,0.27,Neutro
2003-11-21,17.82,17.07,16.33,8.73,0.38,Neutro
2003-11-24,17.85,17.11,16.38,8.59,0.70,Neutro
2003-11-25,17.81,17.10,16.39,8.30,0.70,Neutro
2003-11-26,17.72,17.07,16.43,7.56,0.63,Neutro
2003-11-28,17.71,17.07,16.43,7.50,0.57,Neutro
2003-12-01,17.75,17.10,16.46,7.54,0.75,Neutro
2003-12-02,17.76,17.12,16.48,7.48,0.60,Neutro
2003-12-03,17.77,17.11,16.45,7.71,0.26,Neutro
2003-12-04,17.71,17.07,16.42,7.56,0.21,Neutro
2003-12-05,17.66,17.02,16.37,7.58,0.12,Neutro
2003-12-08,17.62,16.99,16.36,7.42,0.38,Neutro
2003-12-09,17.63,16.94,16.25,8.15,0.01,Neutro
2003-12-10,17.84,16.86,15.88,11.63,0.00,Sobrevendido
2003-12-11,17.84,16.79,15.74,12.51,0.07,Neutro
2003-12-12,17.85,16.73,15.60,13.45,0.09,Neutro
2003-12-15,17.89,16.65,15.41,14.90,0.04,Neutro
2003-12-16,17.95,16.57,15.18,16.72,0.03,Neutro
2003-12-17,18.00,16.52,15.05,17.86,0.13,Neutro
2003-12-18,18.00,16.47,14.93,18.64,0.20,Neutro
2003-12-19,17.98,16.43,14.87,18.93,0.32,Neutro
2003-12-22,17.93,16.38,14.83,18.92,0.37,Neutro
2003-12-23,17.80,16.32,14.85,18.07,0.46,Neutro
2003-12-24,17.65,16.26,14.87,17.10,0.42,Neutro
2003-12-26,17.51,16.20,14.89,16.17,0.50,Neutro
2003-12-29,17.38,16.15,14.92,15.23,0.50,Neutro
2003-12-30,17.16,16.08,15.01,13.37,0.48,Neutro
2003-12-31,16.94,16.00,15.07,11.68,0.32,Neutro
2004-01-02,16.82,15.96,15.09,10.84,0.42,Neutro
2004-01-05,16.71,15.92,15.13,9.92,0.57,Neutro
2004-01-06,16.63,15.89,15.15,9.32,0.46,Neutro
2004-01-07,16.57,15.88,15.18,8.75,1.00,Sobrecomprado
2004-01-08,16.60,15.89,15.17,9.00,0.88,Neutro
2004-01-09,16.65,15.94,15.22,8.97,0.83,Neutro
2004-01-12,16.67,15.95,15.23,9.03,0.60,Neutro
2004-01-13,16.70,15.97,15.24,9.14,0.73,Neutro
2004-01-14,16.72,16.01,15.31,8.81,0.70,Neutro
2004-01-15,16.68,16.06,15.45,7.66,0.63,Neutro
2004-01-16,16.66,16.11,15.56,6.83,0.72,Neutro
2004-01-20,16.64,16.11,15.58,6.58,0.06,Neutro
2004-01-21,16.66,16.10,15.54,6.96,0.11,Neutro
2004-01-22,16.67,16.09,15.52,7.15,0.23,Neutro
2004-01-23,16.66,16.09,15.51,7.15,0.50,Neutro
2004-01-26,16.69,16.10,15.52,7.27,0.71,Neutro
2004-01-27,16.68,16.09,15.50,7.33,0.38,Neutro
2004-01-28,16.73,16.05,15.36,8.54,0.00,Sobrevendido
2004-01-29,16.78,16.01,15.23,9.68,0.01,Neutro
2004-01-30,16.81,15.99,15.17,10.26,0.11,Neutro
2004-02-02,16.81,15.98,15.14,10.45,0.24,Neutro
2004-02-03,16.81,15.95,15.08,10.85,0.23,Neutro
2004-02-04,16.88,15.90,14.93,12.26,0.01,Neutro
2004-02-05,16.81,15.82,14.83,12.52,0.07,Neutro
2004-02-06,16.73,15.78,14.84,11.97,0.47,Neutro
2004-02-09,16.65,15.74,14.84,11.50,0.40,Neutro
2004-02-10,16.63,15.73,14.84,11.38,0.61,Neutro
2004-02-11,16.56,15.71,14.86,10.82,0.54,Neutro
2004-02-12,16.48,15.67,14.85,10.41,0.36,Neutro
2004-02-13,16.41,15.61,14.82,10.18,0.24,Neutro
2004-02-17,16.29,15.58,14.87,9.11,0.56,Neutro
2004-02-18,16.28,15.57,14.85,9.19,0.38,Neutro
2004-02-19,16.30,15.58,14.85,9.31,0.66,Neutro
2004-02-20,16.29,15.57,14.85,9.25,0.54,Neutro
2004-02-23,16.26,15.56,14.86,9.00,0.77,Neutro
2004-02-24,16.18,15.55,14.91,8.17,0.90,Neutro
2004-02-25,16.52,15.60,14.69,11.73,1.00,Sobrecomprado
2004-02-26,16.84,15.70,14.55,14.59,1.00,Sobrecomprado
2004-02-27,17.15,15.80,14.45,17.09,1.00,Sobrecomprado
2004-03-01,17.47,15.92,14.36,19.54,1.00,Sobrecomprado
2004-03-02,17.72,16.02,14.32,21.23,0.95,Neutro
2004-03-03,17.95,16.12,14.30,22.64,0.92,Neutro
2004-03-04,18.13,16.26,14.39,23.00,0.88,Neutro
2004-03-05,18.29,16.40,14.52,22.98,0.88,Neutro
2004-03-08,18.44,16.50,14.56,23.51,0.80,Neutro
2004-03-09,18.51,16.59,14.67,23.15,0.68,Neutro
2004-03-10,18.59,16.66,14.73,23.17,0.69,Neutro
2004-03-11,18.61,16.72,14.83,22.61,0.57,Neutro
2004-03-12,18.64,16.82,15.01,21.58,0.68,Neutro
2004-03-15,18.55,16.91,15.26,19.46,0.49,Neutro
2004-03-16,18.50,16.96,15.42,18.16,0.42,Neutro
2004-03-17,18.40,17.04,15.69,15.90,0.52,Neutro
2004-03-18,18.33,17.09,15.85,14.51,0.35,Neutro
2004-03-19,18.19,17.15,16.10,12.19,0.32,Neutro
2004-03-22,18.14,17.16,16.19,11.36,0.03,Neutro
2004-03-23,18.08,17.18,16.28,10.48,0.07,Neutro
2004-03-24,18.09,17.16,16.22,10.90,0.20,Neutro
2004-03-25,18.10,17.16,16.22,10.96,0.55,Neutro
2004-03-26,18.08,17.15,16.21,10.90,0.50,Neutro
2004-03-29,18.04,17.13,16.22,10.62,0.57,Neutro
2004-03-30,18.04,17.13,16.22,10.62,0.71,Neutro
2004-03-31,18.08,17.14,16.20,10.97,0.88,Neutro
2004-04-01,18.07,17.14,16.21,10.85,0.76,Neutro
2004-04-02,18.13,17.15,16.17,11.43,0.97,Neutro
2004-04-05,18.38,17.20,16.02,13.72,1.00,Sobrecomprado
2004-04-06,18.55,17.26,15.96,15.01,0.94,Neutro
2004-04-07,18.83,17.33,15.84,17.25,1.00,Sobrecomprado
2004-04-08,18.98,17.41,15.84,18.04,0.85,Neutro
2004-04-12,19.11,17.46,15.81,18.90,0.82,Neutro
2004-04-13,19.17,17.52,15.87,18.83,0.67,Neutro
2004-04-14,19.28,17.61,15.95,18.90,0.79,Neutro
2004-04-15,19.32,17.66,16.00,18.80,0.62,Neutro
2004-04-16,19.34,17.73,16.12,18.16,0.62,Neutro
2004-04-19,19.39,17.82,16.24,17.68,0.70,Neutro
2004-04-20,19.32,17.92,16.52,15.63,0.62,Neutro
2004-04-21,19.25,18.02,16.80,13.59,0.71,Neutro
2004-04-22,19.32,18.16,17.00,12.77,1.00,Neutro
2004-04-23,19.39,18.25,17.11,12.49,0.85,Neutro
2004-04-26,19.46,18.36,17.25,12.04,0.91,Neutro
2004-04-27,19.54,18.46,17.39,11.65,0.93,Neutro
2004-04-28,19.61,18.56,17.50,11.37,0.91,Neutro
2004-04-29,19.64,18.62,17.59,11.01,0.73,Neutro
2004-04-30,19.65,18.70,17.75,10.16,0.79,Neutro
2004-05-03,19.72,18.77,17.81,10.18,0.84,Neutro
2004-05-04,19.77,18.79,17.82,10.38,0.71,Neutro
2004-05-05,19.87,18.85,17.83,10.82,0.86,Neutro
2004-05-06,19.91,18.87,17.83,11.02,0.73,Neutro
2004-05-07,19.91,18.88,17.85,10.91,0.43,Neutro
2004-05-10,19.93,18.91,17.89,10.79,0.56,Neutro
2004-05-11,19.92,18.97,18.02,10.02,0.68,Neutro
2004-05-12,19.94,19.00,18.06,9.89,0.60,Neutro
2004-05-13,19.87,19.04,18.21,8.72,0.42,Neutro
2004-05-14,19.80,19.07,18.35,7.60,0.27,Neutro
2004-05-17,19.78,19.08,18.38,7.34,0.14,Neutro
2004-05-18,19.71,19.10,18.49,6.39,0.19,Neutro
2004-05-19,19.69,19.11,18.53,6.07,0.15,Neutro
2004-05-20,19.68,19.08,18.49,6.24,0.24,Neutro
2004-05-21,19.68,19.08,18.49,6.24,0.43,Neutro
2004-05-24,19.73,19.10,18.47,6.60,0.89,Neutro
2004-05-25,19.93,19.14,18.35,8.26,1.00,Sobrecomprado
2004-05-26,19.98,19.16,18.33,8.61,0.87,Neutro
2004-05-27,20.04,19.18,18.33,8.91,0.76,Neutro
2004-05-28,20.04,19.19,18.33,8.91,0.58,Neutro
2004-06-01,20.06,19.19,18.33,9.01,0.70,Neutro
2004-06-02,20.15,19.23,18.31,9.57,0.87,Neutro
2004-06-03,20.12,19.21,18.31,9.42,0.55,Neutro
2004-06-04,20.17,19.23,18.30,9.72,0.77,Neutro
2004-06-07,20.28,19.30,18.32,10.15,0.90,Neutro
2004-06-08,20.40,19.36,18.31,10.80,0.89,Neutro
2004-06-09,20.49,19.40,18.30,11.29,0.82,Neutro
2004-06-10,20.63,19.46,18.29,12.03,0.88,Neutro
2004-06-14,20.80,19.54,18.29,12.84,0.94,Neutro
2004-06-15,21.03,19.66,18.29,13.94,1.00,Sobrecomprado
2004-06-16,21.20,19.79,18.37,14.30,0.96,Neutro
2004-06-17,21.35,19.91,18.46,14.52,0.93,Neutro
2004-06-18,21.42,20.02,18.62,13.99,0.83,Neutro
2004-06-21,21.42,20.12,18.82,12.92,0.74,Neutro
2004-06-22,21.47,20.22,18.97,12.36,0.82,Neutro
2004-06-23,21.53,20.28,19.04,12.28,0.75,Neutro
2004-06-24,21.67,20.34,19.01,13.08,0.87,Neutro
2004-06-25,21.79,20.42,19.05,13.42,0.82,Neutro
2004-06-28,21.85,20.50,19.14,13.22,0.75,Neutro
2004-06-29,21.94,20.61,19.29,12.86,0.88,Neutro
2004-06-30,22.01,20.71,19.42,12.50,0.85,Neutro
2004-07-01,22.13,20.81,19.48,12.73,0.88,Neutro
2004-07-02,22.10,20.93,19.76,11.18,0.80,Neutro
2004-07-06,22.12,21.03,19.94,10.37,0.84,Neutro
2004-07-07,22.13,21.11,20.08,9.71,0.77,Neutro
2004-07-08,22.14,21.18,20.23,9.02,0.77,Neutro
2004-07-09,22.20,21.29,20.38,8.55,0.98,Neutro
2004-07-12,22.22,21.37,20.52,7.96,0.85,Neutro
2004-07-13,22.23,21.43,20.62,7.51,0.77,Neutro
2004-07-14,22.24,21.45,20.66,7.37,0.56,Neutro
2004-07-15,22.25,21.48,20.70,7.22,0.61,Neutro
2004-07-16,22.25,21.49,20.73,7.07,0.48,Neutro
2004-07-19,22.29,21.48,20.67,7.54,0.01,Neutro
2004-07-20,22.24,21.51,20.78,6.79,0.40,Neutro
2004-07-21,22.27,21.50,20.74,7.12,0.07,Neutro
2004-07-22,22.31,21.49,20.66,7.68,0.00,Sobrevendido
2004-07-23,22.47,21.42,20.38,9.76,0.00,Sobrevendido
2004-07-26,22.63,21.35,20.06,12.04,0.00,Sobrevendido
2004-07-27,22.74,21.28,19.82,13.72,0.00,Sobrevendido
2004-07-28,22.79,21.18,19.57,15.20,0.04,Neutro
2004-07-29,22.80,21.09,19.37,16.26,0.11,Neutro
2004-07-30,22.76,20.99,19.22,16.87,0.16,Neutro
2004-08-02,22.69,20.92,19.15,16.92,0.32,Neutro
2004-08-03,22.63,20.81,19.00,17.44,0.17,Neutro
2004-08-04,22.53,20.73,18.94,17.31,0.32,Neutro
2004-08-05,22.47,20.61,18.74,18.10,0.11,Neutro
2004-08-06,22.28,20.45,18.62,17.89,0.14,Neutro
2004-08-09,22.08,20.32,18.55,17.38,0.18,Neutro
2004-08-10,21.83,20.21,18.59,16.03,0.37,Neutro
2004-08-11,21.63,20.13,18.64,14.85,0.44,Neutro
2004-08-12,21.36,20.03,18.71,13.23,0.37,Neutro
2004-08-13,21.09,19.95,18.80,11.48,0.41,Neutro
2004-08-16,21.00,19.91,18.82,10.95,0.53,Neutro
2004-08-17,20.71,19.85,18.99,8.66,0.69,Neutro
2004-08-18,20.56,19.82,19.07,7.52,0.73,Neutro
2004-08-19,20.45,19.79,19.13,6.67,0.70,Neutro
2004-08-20,20.66,19.83,19.01,8.32,1.00,Sobrecomprado
2004-08-23,20.85,19.89,18.94,9.60,1.00,Sobrecomprado
2004-08-24,21.06,19.96,18.86,11.02,1.00,Sobrecomprado
2004-08-25,21.31,20.04,18.78,12.62,1.00,Sobrecomprado
2004-08-26,21.50,20.12,18.74,13.72,0.95,Neutro
2004-08-27,21.71,20.21,18.71,14.85,0.93,Neutro
2004-08-30,21.71,20.21,18.71,14.84,0.55,Neutro
2004-08-31,21.72,20.25,18.77,14.57,0.52,Neutro
2004-09-01,21.77,20.28,18.79,14.70,0.65,Neutro
2004-09-02,21.81,20.38,18.94,14.08,0.77,Neutro
2004-09-03,21.83,20.48,19.13,13.18,0.76,Neutro
2004-09-07,21.91,20.60,19.30,12.67,0.90,Neutro
2004-09-08,21.95,20.67,19.40,12.33,0.70,Neutro
2004-09-09,21.96,20.73,19.49,11.92,0.62,Neutro
2004-09-10,21.94,20.80,19.66,10.96,0.63,Neutro
2004-09-13,21.89,20.86,19.83,9.87,0.59,Neutro
2004-09-14,21.84,20.90,19.95,9.04,0.37,Neutro
2004-09-15,21.85,20.89,19.93,9.19,0.08,Neutro
2004-09-16,21.85,20.89,19.93,9.19,0.11,Neutro
2004-09-17,21.92,20.87,19.83,10.01,0.00,Sobrevendido
2004-09-20,21.98,20.81,19.65,11.19,0.04,Neutro
2004-09-21,21.99,20.77,19.55,11.75,0.18,Neutro
2004-09-22,22.03,20.68,19.33,13.05,0.03,Neutro
2004-09-23,22.01,20.58,19.16,13.85,0.07,Neutro
2004-09-24,21.93,20.50,19.07,13.95,0.21,Neutro
2004-09-27,21.84,20.39,18.93,14.27,0.11,Neutro
2004-09-28,21.89,20.32,18.75,15.45,0.11,Neutro
2004-09-29,21.89,20.28,18.67,15.88,0.26,Neutro
2004-09-30,21.86,20.21,18.56,16.33,0.23,Neutro
2004-10-01,21.75,20.12,18.49,16.20,0.26,Neutro
2004-10-04,21.61,20.04,18.48,15.62,0.37,Neutro
2004-10-05,21.32,19.94,18.56,13.84,0.37,Neutro
2004-10-06,21.12,19.85,18.58,12.80,0.32,Neutro
2004-10-07,20.93,19.76,18.58,11.90,0.23,Neutro
2004-10-08,20.70,19.64,18.59,10.74,0.14,Neutro
2004-10-11,20.43,19.53,18.63,9.22,0.07,Neutro
2004-10-12,20.26,19.43,18.60,8.54,0.00,Neutro
2004-10-13,20.18,19.36,18.55,8.42,0.14,Neutro
2004-10-14,20.07,19.29,18.51,8.09,0.12,Neutro
2004-10-15,20.02,19.27,18.51,7.84,0.45,Neutro
2004-10-18,19.99,19.26,18.52,7.63,0.67,Neutro
2004-10-19,19.89,19.23,18.57,6.86,0.72,Neutro
2004-10-20,19.90,19.23,18.57,6.92,0.65,Neutro
2004-10-21,20.10,19.28,18.46,8.51,1.00,Sobrecomprado
2004-10-22,20.22,19.31,18.40,9.43,1.00,Sobrecomprado
2004-10-25,20.55,19.39,18.23,11.96,1.00,Sobrecomprado
2004-10-26,20.78,19.48,18.17,13.40,1.00,Neutro
2004-10-27,21.04,19.56,18.07,15.19,1.00,Sobrecomprado
2004-10-28,21.35,19.66,17.97,17.19,1.00,Sobrecomprado
2004-10-29,21.54,19.75,17.95,18.18,0.87,Neutro
2004-11-01,21.80,19.84,17.88,19.76,0.93,Neutro
2004-11-02,21.99,19.93,17.86,20.73,0.84,Neutro
2004-11-03,22.29,20.05,17.82,22.29,0.92,Neutro
2004-11-04,22.56,20.20,17.84,23.37,0.90,Neutro
2004-11-05,22.84,20.37,17.91,24.20,0.90,Neutro
2004-11-08,23.03,20.55,18.07,24.14,0.84,Neutro
2004-11-09,23.13,20.73,18.33,23.15,0.81,Neutro
2004-11-10,23.32,20.93,18.54,22.84,0.89,Neutro
2004-11-11,23.51,21.16,18.80,22.26,0.93,Neutro
2004-11-12,23.72,21.36,19.01,22.05,0.92,Neutro
2004-11-15,23.87,21.55,19.23,21.53,0.85,Neutro
2004-11-16,23.88,21.71,19.54,19.99,0.73,Neutro
2004-11-17,23.87,21.89,19.91,18.09,0.82,Neutro
2004-11-18,23.92,22.03,20.14,17.16,0.76,Neutro
2004-11-19,23.83,22.13,20.44,15.32,0.56,Neutro
2004-11-22,23.84,22.23,20.61,14.53,0.67,Neutro
2004-11-23,23.79,22.32,20.84,13.22,0.59,Neutro
2004-11-24,23.80,22.42,21.03,12.36,0.74,Neutro
2004-11-26,23.79,22.49,21.18,11.61,0.62,Neutro
2004-11-29,23.75,22.59,21.44,10.23,0.74,Neutro
2004-11-30,23.70,22.66,21.62,9.18,0.58,Neutro
2004-12-01,23.60,22.75,21.89,7.52,0.74,Neutro
2004-12-02,23.59,22.81,22.03,6.84,0.72,Neutro
2004-12-03,23.57,22.86,22.15,6.21,0.66,Neutro
2004-12-06,23.55,22.89,22.22,5.81,0.51,Neutro
2004-12-07,23.52,22.90,22.28,5.41,0.21,Neutro
2004-12-08,23.46,22.93,22.40,4.62,0.41,Neutro
2004-12-09,23.47,22.92,22.37,4.80,0.18,Neutro
2004-12-10,23.44,22.90,22.37,4.67,0.46,Neutro
2004-12-13,23.41,22.90,22.38,4.50,0.83,Neutro
2004-12-14,23.40,22.89,22.38,4.46,0.71,Neutro
2004-12-15,23.42,22.91,22.40,4.45,0.66,Neutro
2004-12-16,23.38,22.89,22.40,4.28,0.39,Neutro
2004-12-17,23.40,22.86,22.32,4.72,0.07,Neutro
2004-12-20,23.40,22.86,22.32,4.72,0.00,Neutro
2004-12-21,23.41,22.87,22.33,4.72,0.61,Neutro
2004-12-22,23.42,22.89,22.37,4.59,0.62,Neutro
2004-12-23,23.43,22.90,22.36,4.67,0.73,Neutro
2004-12-27,23.43,22.89,22.35,4.72,0.34,Neutro
2004-12-28,23.45,22.90,22.35,4.80,0.85,Neutro
2004-12-29,23.49,22.92,22.35,4.97,0.77,Neutro
2004-12-30,23.50,22.92,22.35,5.02,0.74,Neutro
2004-12-31,23.49,22.92,22.35,4.97,0.65,Neutro
2005-01-03,23.50,22.92,22.35,5.02,0.70,Neutro
2005-01-04,23.50,22.90,22.31,5.20,0.22,Neutro
2005-01-05,23.65,22.86,22.07,6.91,0.00,Sobrevendido
2005-01-06,23.77,22.80,21.83,8.51,0.00,Sobrevendido
2005-01-07,23.87,22.75,21.63,9.85,0.00,Sobrevendido
2005-01-10,23.88,22.70,21.52,10.40,0.17,Neutro
2005-01-11,23.84,22.64,21.44,10.60,0.21,Neutro
2005-01-12,23.79,22.58,21.37,10.72,0.27,Neutro
2005-01-13,23.74,22.53,21.32,10.74,0.31,Neutro
2005-01-14,23.72,22.50,21.28,10.85,0.32,Neutro
2005-01-18,23.71,22.49,21.26,10.90,0.38,Neutro
2005-01-19,23.75,22.44,21.14,11.63,0.13,Neutro
2005-01-20,23.73,22.36,21.00,12.21,0.13,Neutro
2005-01-21,23.68,22.28,20.87,12.61,0.15,Neutro
2005-01-24,23.62,22.17,20.72,13.08,0.11,Neutro
2005-01-25,23.59,22.09,20.59,13.58,0.17,Neutro
2005-01-26,23.41,22.01,20.60,12.77,0.36,Neutro
2005-01-27,23.22,21.92,20.61,11.91,0.30,Neutro
2005-01-28,23.01,21.81,20.62,10.96,0.23,Neutro
2005-01-31,22.77,21.74,20.70,9.52,0.39,Neutro
2005-02-01,22.47,21.67,20.87,7.38,0.64,Neutro
2005-02-02,22.43,21.66,20.89,7.11,0.99,Neutro
2005-02-03,22.54,21.70,20.86,7.74,0.92,Neutro
2005-02-04,22.69,21.75,20.82,8.60,0.97,Neutro
2005-02-07,22.90,21.82,20.75,9.85,1.00,Sobrecomprado
2005-02-08,23.16,21.89,20.63,11.56,1.00,Sobrecomprado
2005-02-09,23.30,21.95,20.59,12.35,0.88,Neutro
2005-02-10,23.44,22.00,20.56,13.09,0.85,Neutro
2005-02-11,23.57,22.05,20.53,13.79,0.85,Neutro
2005-02-14,23.65,22.09,20.53,14.13,0.73,Neutro
2005-02-15,23.70,22.11,20.53,14.33,0.70,Neutro
2005-02-16,23.82,22.20,20.58,14.60,0.78,Neutro
2005-02-17,23.90,22.28,20.66,14.54,0.76,Neutro
2005-02-18,24.25,22.44,20.63,16.13,1.00,Sobrecomprado
2005-02-22,24.39,22.58,20.78,15.98,0.87,Neutro
2005-02-23,24.53,22.74,20.95,15.74,0.90,Neutro
2005-02-24,24.73,22.88,21.02,16.22,0.92,Neutro
2005-02-25,25.05,23.07,21.09,17.17,1.00,Sobrecomprado
2005-02-28,25.14,23.24,21.34,16.35,0.88,Neutro
2005-03-01,25.23,23.40,21.58,15.60,0.87,Neutro
2005-03-02,25.29,23.54,21.79,14.87,0.79,Neutro
2005-03-03,25.35,23.64,21.93,14.47,0.73,Neutro
2005-03-04,25.42,23.75,22.08,14.06,0.78,Neutro
2005-03-07,25.52,23.86,22.21,13.87,0.80,Neutro
2005-03-08,25.55,23.94,22.32,13.49,0.66,Neutro
2005-03-09,25.56,23.97,22.38,13.27,0.49,Neutro
2005-03-10,25.54,24.02,22.50,12.66,0.48,Neutro
2005-03-11,25.52,24.08,22.63,12.00,0.54,Neutro
2005-03-14,25.51,24.13,22.75,11.44,0.52,Neutro
2005-03-15,25.42,24.18,22.95,10.21,0.36,Neutro
2005-03-16,25.29,24.23,23.17,8.75,0.26,Neutro
2005-03-17,25.23,24.25,23.28,8.04,0.15,Neutro
2005-03-18,25.15,24.28,23.41,7.17,0.14,Neutro
2005-03-21,25.16,24.24,23.31,7.63,0.14,Neutro
2005-03-22,25.28,24.19,23.09,9.05,0.00,Sobrevendido
2005-03-23,25.36,24.12,22.89,10.24,0.01,Neutro
2005-03-24,25.36,24.06,22.76,10.81,0.15,Neutro
2005-03-28,25.19,23.98,22.77,10.09,0.33,Neutro
2005-03-29,25.15,23.89,22.62,10.59,0.08,Neutro
2005-03-30,25.03,23.83,22.62,10.11,0.39,Neutro
2005-03-31,24.95,23.76,22.56,10.06,0.23,Neutro
2005-04-01,24.87,23.69,22.50,10.01,0.24,Neutro
2005-04-04,24.72,23.60,22.48,9.49,0.22,Neutro
2005-04-05,24.49,23.51,22.53,8.34,0.27,Neutro
2005-04-06,24.34,23.44,22.53,7.72,0.23,Neutro
2005-04-07,24.28,23.39,22.49,7.65,0.27,Neutro
2005-04-08,24.24,23.32,22.39,7.93,0.09,Neutro
2005-04-11,24.10,23.25,22.41,7.27,0.28,Neutro
2005-04-12,23.92,23.20,22.47,6.25,0.43,Neutro
2005-04-13,23.83,23.14,22.45,5.96,0.17,Neutro
2005-04-14,23.74,23.09,22.43,5.67,0.21,Neutro
2005-04-15,23.77,23.01,22.25,6.61,0.00,Sobrevendido
2005-04-18,23.67,22.97,22.27,6.09,0.44,Neutro
2005-04-19,23.65,22.97,22.28,5.96,0.85,Neutro
2005-04-20,23.66,22.98,22.29,5.96,0.58,Neutro
2005-04-21,23.78,23.02,22.25,6.65,0.97,Neutro
2005-04-22,23.85,23.04,22.23,7.03,0.85,Neutro
2005-04-25,23.97,23.07,22.16,7.85,1.00,Sobrecomprado
2005-04-26,24.18,23.14,22.10,8.99,1.00,Sobrecomprado
2005-04-27,24.27,23.16,22.06,9.54,0.90,Neutro
2005-04-28,24.36,23.20,22.05,9.96,0.81,Neutro
2005-04-29,24.40,23.23,22.06,10.07,0.67,Neutro
2005-05-02,24.45,23.27,22.09,10.14,0.70,Neutro
2005-05-03,24.52,23.31,22.10,10.38,0.73,Neutro
2005-05-04,24.71,23.39,22.08,11.24,0.94,Neutro
2005-05-05,24.88,23.47,22.07,11.97,0.90,Neutro
2005-05-06,24.97,23.57,22.17,11.88,0.82,Neutro
2005-05-09,25.19,23.68,22.17,12.75,0.95,Neutro
2005-05-10,25.25,23.74,22.23,12.72,0.70,Neutro
2005-05-11,25.35,23.85,22.34,12.62,0.83,Neutro
2005-05-12,25.38,23.94,22.50,12.03,0.73,Neutro
2005-05-13,25.18,24.05,22.92,9.40,0.56,Neutro
2005-05-16,25.13,24.13,23.12,8.33,0.68,Neutro
2005-05-17,25.19,24.20,23.20,8.22,0.80,Neutro
2005-05-18,25.35,24.32,23.29,8.47,1.00,Sobrecomprado
2005-05-19,25.78,24.45,23.12,10.88,1.00,Sobrecomprado
2005-05-20,25.94,24.56,23.17,11.28,0.92,Neutro
2005-05-23,26.06,24.63,23.20,11.61,0.81,Neutro
2005-05-24,26.21,24.71,23.20,12.18,0.86,Neutro
2005-05-25,26.28,24.77,23.27,12.15,0.71,Neutro
2005-05-26,26.34,24.85,23.37,11.95,0.73,Neutro
2005-05-27,26.44,24.98,23.51,11.73,0.87,Neutro
2005-05-31,26.51,25.09,23.67,11.32,0.84,Neutro
2005-06-01,26.62,25.22,23.81,11.14,0.90,Neutro
2005-06-02,26.75,25.30,23.85,11.46,0.85,Neutro
2005-06-03,26.85,25.38,23.92,11.54,0.78,Neutro
2005-06-06,26.86,25.45,24.04,11.08,0.61,Neutro
2005-06-07,26.87,25.48,24.08,10.95,0.54,Neutro
2005-06-08,26.82,25.52,24.23,10.15,0.40,Neutro
2005-06-09,26.81,25.54,24.28,9.91,0.36,Neutro
2005-06-10,26.78,25.55,24.33,9.59,0.22,Neutro
2005-06-13,26.67,25.60,24.52,8.40,0.25,Neutro
2005-06-14,26.59,25.64,24.68,7.45,0.31,Neutro
2005-06-15,26.55,25.68,24.81,6.77,0.52,Neutro
2005-06-16,26.73,25.74,24.75,7.69,1.00,Sobrecomprado
2005-06-17,26.73,25.74,24.75,7.69,0.79,Neutro
2005-06-20,26.79,25.77,24.75,7.92,0.76,Neutro
2005-06-21,26.80,25.79,24.78,7.83,0.57,Neutro
2005-06-22,26.82,25.80,24.78,7.91,0.59,Neutro
2005-06-23,26.83,25.79,24.74,8.11,0.19,Neutro
2005-06-24,26.90,25.74,24.58,9.01,0.03,Neutro
2005-06-27,26.88,25.69,24.49,9.30,0.21,Neutro
2005-06-28,26.85,25.66,24.47,9.28,0.43,Neutro
2005-06-29,26.76,25.61,24.46,8.98,0.39,Neutro
2005-06-30,26.67,25.57,24.47,8.60,0.47,Neutro
2005-07-01,26.61,25.55,24.48,8.34,0.62,Neutro
2005-07-05,26.61,25.55,24.48,8.34,0.59,Neutro
2005-07-06,26.61,25.55,24.48,8.34,0.53,Neutro
2005-07-07,26.63,25.57,24.51,8.29,0.57,Neutro
2005-07-08,26.65,25.60,24.55,8.20,0.63,Neutro
2005-07-11,26.69,25.67,24.65,7.95,0.75,Neutro
2005-07-12,26.70,25.71,24.73,7.66,0.60,Neutro
2005-07-13,26.71,25.74,24.78,7.50,0.57,Neutro
2005-07-14,26.71,25.75,24.78,7.50,0.54,Neutro
2005-07-15,26.65,25.74,24.82,7.11,0.91,Neutro
2005-07-18,26.63,25.73,24.83,7.00,0.76,Neutro
2005-07-19,26.64,25.73,24.82,7.07,0.85,Neutro
2005-07-20,26.81,25.78,24.74,8.03,1.00,Sobrecomprado
2005-07-21,26.93,25.81,24.70,8.64,0.91,Neutro
2005-07-22,27.04,25.89,24.75,8.84,0.88,Neutro
2005-07-25,26.97,25.98,24.98,7.66,0.66,Neutro
2005-07-26,26.91,26.03,25.16,6.72,0.55,Neutro
2005-07-27,26.92,26.07,25.23,6.48,0.61,Neutro
2005-07-28,26.93,26.13,25.34,6.08,0.75,Neutro
2005-07-29,26.94,26.18,25.43,5.77,0.71,Neutro
2005-08-01,26.95,26.21,25.47,5.65,0.64,Neutro
2005-08-02,26.96,26.25,25.54,5.41,0.65,Neutro
2005-08-03,26.93,26.28,25.64,4.91,0.50,Neutro
2005-08-04,26.90,26.31,25.72,4.49,0.40,Neutro
2005-08-05,26.88,26.32,25.75,4.29,0.31,Neutro
2005-08-08,26.88,26.31,25.74,4.33,0.29,Neutro
2005-08-09,26.87,26.32,25.78,4.14,0.35,Neutro
2005-08-10,26.85,26.35,25.84,3.83,0.50,Neutro
2005-08-11,26.82,26.37,25.93,3.37,0.48,Neutro
2005-08-12,26.81,26.36,25.91,3.41,0.26,Neutro
2005-08-15,26.81,26.35,25.90,3.45,0.24,Neutro
2005-08-16,26.81,26.34,25.86,3.61,0.19,Neutro
2005-08-17,26.78,26.28,25.78,3.81,0.00,Sobrevendido
2005-08-18,26.80,26.21,25.63,4.46,0.00,Sobrevendido
2005-08-19,26.84,26.13,25.43,5.40,0.00,Sobrevendido
2005-08-22,26.94,26.07,25.20,6.68,0.00,Sobrevendido
2005-08-23,27.00,26.01,25.02,7.61,0.00,Sobrevendido
2005-08-24,27.01,25.96,24.91,8.09,0.13,Neutro
2005-08-25,26.95,25.93,24.91,7.87,0.53,Neutro
2005-08-26,26.90,25.86,24.83,8.00,0.15,Neutro
2005-08-29,26.83,25.83,24.83,7.74,0.48,Neutro
2005-08-30,26.78,25.81,24.85,7.48,0.66,Neutro
2005-08-31,26.85,25.83,24.81,7.90,0.92,Neutro
2005-09-01,26.84,25.83,24.81,7.86,0.62,Neutro
2005-09-02,26.85,25.83,24.81,7.90,0.65,Neutro
2005-09-06,26.89,25.84,24.80,8.09,0.76,Neutro
2005-09-07,26.90,25.85,24.80,8.12,0.71,Neutro
2005-09-08,26.89,25.85,24.80,8.09,0.70,Neutro
2005-09-09,26.85,25.83,24.81,7.90,0.59,Neutro
2005-09-12,26.86,25.83,24.81,7.94,0.69,Neutro
2005-09-13,26.84,25.82,24.81,7.86,0.54,Neutro
2005-09-14,26.83,25.78,24.74,8.11,0.25,Neutro
2005-09-15,26.82,25.77,24.72,8.15,0.35,Neutro
2005-09-16,26.83,25.77,24.72,8.19,0.32,Neutro
2005-09-19,26.81,25.78,24.76,7.95,0.30,Neutro
2005-09-20,26.82,25.78,24.73,8.11,0.07,Neutro
2005-09-21,26.84,25.77,24.71,8.26,0.08,Neutro
2005-09-22,26.88,25.75,24.62,8.78,0.06,Neutro
2005-09-23,26.88,25.70,24.52,9.18,0.19,Neutro
2005-09-26,26.88,25.70,24.51,9.22,0.24,Neutro
2005-09-27,26.87,25.67,24.46,9.39,0.29,Neutro
2005-09-28,26.83,25.61,24.40,9.49,0.27,Neutro
2005-09-29,26.66,25.55,24.44,8.69,0.47,Neutro
2005-09-30,26.60,25.52,24.44,8.46,0.47,Neutro
2005-10-03,26.53,25.49,24.45,8.16,0.54,Neutro
2005-10-04,26.40,25.43,24.46,7.63,0.32,Neutro
2005-10-05,26.27,25.35,24.44,7.22,0.19,Neutro
2005-10-06,26.11,25.30,24.48,6.44,0.41,Neutro
2005-10-07,26.00,25.26,24.52,5.86,0.49,Neutro
2005-10-10,25.81,25.18,24.56,4.96,0.12,Neutro
2005-10-11,25.71,25.11,24.52,4.74,0.00,Sobrevendido
2005-10-12,25.75,25.07,24.39,5.43,0.00,Sobrevendido
2005-10-13,25.75,25.01,24.27,5.92,0.01,Neutro
2005-10-14,25.85,24.92,24.00,7.42,0.00,Sobrevendido
2005-10-17,25.88,24.84,23.81,8.33,0.00,Sobrevendido
2005-10-18,25.94,24.78,23.63,9.32,0.03,Neutro
2005-10-19,25.97,24.73,23.48,10.07,0.10,Neutro
2005-10-20,25.98,24.73,23.48,10.11,0.56,Neutro
2005-10-21,25.99,24.74,23.48,10.15,0.64,Neutro
2005-10-24,26.08,24.77,23.46,10.58,0.84,Neutro
2005-10-25,26.16,24.79,23.43,11.01,0.82,Neutro
2005-10-26,26.28,24.83,23.39,11.64,0.86,Neutro
2005-10-27,26.28,24.83,23.39,11.64,0.73,Neutro
2005-10-28,26.40,24.87,23.33,12.35,0.91,Neutro
2005-10-31,26.52,24.90,23.28,13.01,0.91,Neutro
2005-11-01,26.75,24.97,23.20,14.22,0.94,Neutro
2005-11-02,27.14,25.10,23.05,16.30,1.00,Sobrecomprado
2005-11-03,27.53,25.21,22.89,18.40,1.00,Sobrecomprado
2005-11-04,27.92,25.34,22.76,20.36,0.97,Neutro
2005-11-07,28.30,25.50,22.70,21.96,0.92,Neutro
2005-11-08,28.62,25.67,22.71,23.03,0.88,Neutro
2005-11-09,28.86,25.84,22.81,23.42,0.82,Neutro
2005-11-10,29.12,26.03,22.94,23.74,0.83,Neutro
2005-11-11,29.39,26.28,23.17,23.67,0.89,Neutro
2005-11-14,29.52,26.51,23.51,22.67,0.81,Neutro
2005-11-15,29.52,26.74,23.95,20.83,0.76,Neutro
2005-11-16,29.37,26.94,24.51,18.04,0.68,Neutro
2005-11-17,29.39,27.11,24.82,16.86,0.73,Neutro
2005-11-18,29.38,27.26,25.14,15.55,0.71,Neutro
2005-11-21,29.39,27.38,25.37,14.68,0.69,Neutro
2005-11-22,29.46,27.54,25.61,13.98,0.81,Neutro
2005-11-23,29.53,27.69,25.84,13.33,0.82,Neutro
2005-11-25,29.49,27.86,26.24,11.66,0.87,Neutro
2005-11-28,29.44,27.99,26.55,10.32,0.73,Neutro
2005-11-29,29.32,28.11,26.91,8.57,0.72,Neutro
2005-11-30,29.16,28.21,27.25,6.77,0.63,Neutro
2005-12-01,29.11,28.26,27.41,6.02,0.51,Neutro
2005-12-02,29.09,28.31,27.53,5.51,0.62,Neutro
2005-12-05,29.08,28.34,27.61,5.19,0.55,Neutro
2005-12-06,29.06,28.35,27.64,5.01,0.31,Neutro
2005-12-07,29.06,28.35,27.64,5.01,0.19,Neutro
2005-12-08,29.05,28.36,27.67,4.87,0.15,Neutro
2005-12-09,29.05,28.36,27.67,4.87,0.35,Neutro
2005-12-12,29.00,28.33,27.66,4.73,0.37,Neutro
2005-12-13,29.01,28.34,27.66,4.76,0.62,Neutro
2005-12-14,29.03,28.35,27.68,4.76,0.59,Neutro
2005-12-15,29.01,28.38,27.76,4.40,0.57,Neutro
2005-12-16,29.01,28.39,27.77,4.37,0.40,Neutro
2005-12-19,29.02,28.38,27.75,4.47,0.21,Neutro
2005-12-20,29.02,28.38,27.74,4.51,0.28,Neutro
2005-12-21,28.99,28.34,27.70,4.55,0.19,Neutro
2005-12-22,28.94,28.28,27.63,4.63,0.06,Neutro
2005-12-23,28.80,28.22,27.63,4.15,0.09,Neutro
2005-12-27,28.80,28.15,27.51,4.58,0.00,Sobrevendido
2005-12-28,28.79,28.09,27.38,5.02,0.00,Sobrevendido
2005-12-29,28.84,28.02,27.19,5.89,0.00,Sobrevendido
2005-12-30,28.86,27.96,27.07,6.40,0.07,Neutro
2006-01-03,28.88,27.88,26.88,7.17,0.00,Sobrevendido
2006-01-04,28.90,27.79,26.68,7.99,0.00,Sobrevendido
2006-01-05,28.98,27.70,26.42,9.24,0.00,Sobrevendido
2006-01-06,28.99,27.64,26.30,9.73,0.17,Neutro
2006-01-09,28.98,27.58,26.18,10.15,0.19,Neutro
2006-01-10,28.93,27.56,26.18,9.98,0.52,Neutro
2006-01-11,28.86,27.50,26.14,9.89,0.33,Neutro
2006-01-12,28.73,27.41,26.08,9.67,0.23,Neutro
2006-01-13,28.58,27.33,26.08,9.15,0.31,Neutro
2006-01-17,28.39,27.25,26.12,8.33,0.38,Neutro
2006-01-18,28.23,27.18,26.14,7.69,0.33,Neutro
2006-01-19,28.11,27.14,26.17,7.15,0.52,Neutro
2006-01-20,27.97,27.10,26.24,6.38,0.68,Neutro
2006-01-23,27.92,27.09,26.27,6.09,0.88,Neutro
2006-01-24,27.98,27.11,26.24,6.42,0.98,Neutro
2006-01-25,28.18,27.14,26.11,7.63,1.00,Sobrecomprado
2006-01-26,28.59,27.23,25.87,9.99,1.00,Sobrecomprado
2006-01-27,29.08,27.34,25.61,12.69,1.00,Sobrecomprado
2006-01-30,29.35,27.45,25.55,13.84,0.94,Neutro
2006-01-31,29.58,27.55,25.51,14.78,0.89,Neutro
2006-02-01,29.82,27.67,25.53,15.50,0.88,Neutro
2006-02-02,29.90,27.77,25.65,15.30,0.70,Neutro
2006-02-03,30.00,27.91,25.82,14.98,0.78,Neutro
2006-02-06,30.03,28.00,25.97,14.50,0.64,Neutro
2006-02-07,30.01,28.07,26.14,13.78,0.52,Neutro
2006-02-08,30.04,28.11,26.18,13.73,0.56,Neutro
2006-02-09,30.06,28.19,26.32,13.27,0.62,Neutro
2006-02-10,30.07,28.31,26.54,12.47,0.71,Neutro
2006-02-13,30.06,28.41,26.77,11.58,0.65,Neutro
2006-02-14,30.22,28.57,26.91,11.59,0.95,Neutro
2006-02-15,30.62,28.78,26.95,12.75,1.00,Sobrecomprado
2006-02-16,30.99,28.99,27.00,13.76,1.00,Sobrecomprado
2006-02-17,31.47,29.22,26.96,15.44,1.00,Sobrecomprado
2006-02-21,31.78,29.41,27.04,16.12,0.95,Neutro
2006-02-22,32.11,29.60,27.10,16.92,0.95,Neutro
2006-02-23,32.37,29.76,27.15,17.54,0.86,Neutro
2006-02-24,32.70,29.91,27.13,18.62,0.89,Neutro
2006-02-27,32.99,30.04,27.09,19.64,0.85,Neutro
2006-02-28,33.19,30.17,27.15,20.02,0.77,Neutro
2006-03-01,33.44,30.33,27.21,20.54,0.80,Neutro
2006-03-02,33.64,30.47,27.30,20.81,0.76,Neutro
2006-03-03,33.71,30.62,27.52,20.22,0.68,Neutro
2006-03-06,33.75,30.73,27.71,19.65,0.60,Neutro
2006-03-07,33.77,30.90,28.02,18.61,0.66,Neutro
2006-03-08,33.67,31.08,28.48,16.70,0.64,Neutro
2006-03-09,33.63,31.29,28.96,14.92,0.78,Neutro
2006-03-10,33.55,31.50,29.44,13.05,0.80,Neutro
2006-03-13,33.43,31.68,29.92,11.08,0.77,Neutro
2006-03-14,33.03,31.84,30.65,7.47,0.64,Neutro
2006-03-15,33.04,32.00,30.96,6.50,1.00,Sobrecomprado
2006-03-16,33.31,32.12,30.93,7.41,1.00,Sobrecomprado
2006-03-17,33.52,32.23,30.94,8.00,1.00,Sobrecomprado
2006-03-20,33.84,32.34,30.83,9.31,1.00,Sobrecomprado
2006-03-21,33.96,32.43,30.89,9.47,0.82,Neutro
2006-03-22,34.20,32.54,30.87,10.23,0.95,Neutro
2006-03-23,34.43,32.66,30.90,10.81,0.93,Neutro
2006-03-24,34.65,32.77,30.89,11.47,0.89,Neutro
2006-03-27,34.86,32.88,30.91,12.01,0.87,Neutro
2006-03-28,35.01,33.01,31.00,12.15,0.82,Neutro
2006-03-29,35.08,33.08,31.08,12.09,0.67,Neutro
2006-03-30,35.17,33.18,31.19,12.00,0.72,Neutro
2006-03-31,35.24,33.31,31.38,11.59,0.77,Neutro
2006-04-03,35.40,33.51,31.62,11.28,0.97,Neutro
2006-04-04,35.61,33.69,31.78,11.37,0.98,Neutro
2006-04-05,35.88,33.91,31.93,11.65,1.00,Sobrecomprado
2006-04-06,36.09,34.06,32.03,11.92,0.91,Neutro
2006-04-07,36.26,34.21,32.16,11.98,0.86,Neutro
2006-04-10,36.38,34.36,32.35,11.73,0.83,Neutro
2006-04-11,36.31,34.53,32.74,10.34,0.76,Neutro
2006-04-12,36.31,34.62,32.92,9.79,0.63,Neutro
2006-04-13,36.30,34.68,33.05,9.37,0.53,Neutro
2006-04-17,36.27,34.73,33.19,8.87,0.47,Neutro
2006-04-18,36.32,34.80,33.27,8.77,0.69,Neutro
2006-04-19,36.50,34.95,33.39,8.90,0.99,Neutro
2006-04-20,36.59,35.04,33.50,8.82,0.77,Neutro
2006-04-21,36.57,35.08,33.58,8.52,0.44,Neutro
2006-04-24,36.55,35.10,33.64,8.29,0.34,Neutro
2006-04-25,36.54,35.12,33.70,8.09,0.41,Neutro
2006-04-26,36.53,35.14,33.75,7.91,0.32,Neutro
2006-04-27,36.46,35.16,33.87,7.37,0.15,Neutro
2006-04-28,36.44,35.17,33.91,7.19,0.12,Neutro
2006-05-01,36.45,35.16,33.88,7.31,0.12,Neutro
2006-05-02,36.51,35.09,33.68,8.06,0.06,Neutro
2006-05-03,36.47,35.04,33.61,8.16,0.29,Neutro
2006-05-04,36.35,34.94,33.53,8.07,0.19,Neutro
2006-05-05,36.26,34.86,33.47,8.00,0.27,Neutro
2006-05-08,36.21,34.76,33.32,8.31,0.10,Neutro
2006-05-09,36.08,34.68,33.27,8.10,0.28,Neutro
2006-05-10,36.01,34.59,33.18,8.18,0.20,Neutro
2006-05-11,36.07,34.49,32.90,9.19,0.00,Neutro
2006-05-12,36.25,34.35,32.46,11.03,0.00,Sobrevendido
2006-05-15,36.32,34.24,32.17,12.12,0.06,Neutro
2006-05-16,36.27,34.09,31.91,12.79,0.09,Neutro
2006-05-17,36.05,33.83,31.61,13.12,0.00,Sobrevendido
2006-05-18,35.87,33.60,31.34,13.48,0.00,Neutro
2006-05-19,35.75,33.45,31.16,13.72,0.16,Neutro
2006-05-22,35.64,33.33,31.01,13.89,0.22,Neutro
2006-05-23,35.43,33.21,30.99,13.37,0.34,Neutro
2006-05-24,35.29,33.05,30.81,13.56,0.15,Neutro
2006-05-25,35.16,32.93,30.70,13.54,0.25,Neutro
2006-05-26,35.00,32.82,30.64,13.29,0.31,Neutro
2006-05-30,34.81,32.70,30.59,12.90,0.32,Neutro
2006-05-31,34.68,32.60,30.51,12.79,0.29,Neutro
2006-06-01,34.39,32.48,30.57,11.76,0.41,Neutro
2006-06-02,34.20,32.42,30.65,10.95,0.65,Neutro
2006-06-05,33.90,32.34,30.78,9.65,0.57,Neutro
2006-06-06,33.87,32.17,30.47,10.57,0.00,Sobrevendido
2006-06-07,33.66,31.98,30.30,10.51,0.00,Sobrevendido
2006-06-08,33.49,31.79,30.08,10.73,0.00,Sobrevendido
2006-06-09,33.36,31.68,30.00,10.61,0.22,Neutro
2006-06-12,33.40,31.57,29.74,11.59,0.07,Neutro
2006-06-13,33.42,31.43,29.44,12.66,0.03,Neutro
2006-06-14,33.34,31.32,29.30,12.90,0.21,Neutro
2006-06-15,33.33,31.30,29.27,12.97,0.40,Neutro
2006-06-16,33.32,31.28,29.24,13.04,0.41,Neutro
2006-06-19,33.26,31.20,29.14,13.20,0.28,Neutro
2006-06-20,33.20,31.09,28.98,13.57,0.20,Neutro
2006-06-21,33.01,31.02,29.02,12.86,0.50,Neutro
2006-06-22,32.97,30.98,29.00,12.81,0.46,Neutro
2006-06-23,32.88,30.92,28.95,12.71,0.38,Neutro
2006-06-26,32.75,30.85,28.95,12.32,0.46,Neutro
2006-06-27,32.61,30.77,28.92,11.99,0.36,Neutro
2006-06-28,32.50,30.71,28.92,11.66,0.46,Neutro
2006-06-29,32.40,30.68,28.97,11.18,0.76,Neutro
2006-06-30,32.13,30.64,29.15,9.73,0.96,Neutro
2006-07-03,31.99,30.61,29.24,8.98,1.00,Sobrecomprado
2006-07-05,32.53,30.76,28.98,11.54,1.00,Sobrecomprado
2006-07-06,33.13,30.94,28.75,14.16,1.00,Sobrecomprado
2006-07-07,33.62,31.13,28.65,15.96,1.00,Sobrecomprado
2006-07-10,33.97,31.27,28.57,17.27,0.92,Neutro
2006-07-11,34.07,31.40,28.72,17.04,0.69,Neutro
2006-07-12,34.03,31.50,28.97,16.07,0.52,Neutro
2006-07-13,34.00,31.53,29.05,15.70,0.34,Neutro
2006-07-14,34.04,31.48,28.92,16.26,0.21,Neutro
2006-07-17,34.08,31.42,28.77,16.90,0.20,Neutro
2006-07-18,34.14,31.38,28.62,17.59,0.15,Neutro
2006-07-19,34.11,31.41,28.72,17.16,0.33,Neutro
2006-07-20,34.31,31.28,28.24,19.41,0.01,Neutro
2006-07-21,34.50,31.14,27.77,21.61,0.04,Neutro
2006-07-24,34.57,31.05,27.53,22.67,0.17,Neutro
2006-07-25,34.59,30.98,27.37,23.31,0.26,Neutro
2006-07-26,34.62,30.92,27.21,23.97,0.24,Neutro
2006-07-27,34.69,30.80,26.92,25.22,0.18,Neutro
2006-07-28,34.65,30.64,26.63,26.17,0.21,Neutro
2006-07-31,34.53,30.47,26.41,26.65,0.27,Neutro
2006-08-01,34.36,30.29,26.22,26.87,0.29,Neutro
2006-08-02,33.95,30.08,26.21,25.73,0.36,Neutro
2006-08-03,33.35,29.88,26.41,23.23,0.47,Neutro
2006-08-04,32.59,29.66,26.73,19.76,0.47,Neutro
2006-08-07,31.74,29.45,27.15,15.59,0.46,Neutro
2006-08-08,31.11,29.28,27.45,12.50,0.43,Neutro
2006-08-09,30.68,29.09,27.50,10.93,0.09,Neutro
2006-08-10,30.41,28.95,27.49,10.09,0.17,Neutro
2006-08-11,30.29,28.85,27.42,9.95,0.21,Neutro
2006-08-14,30.18,28.75,27.32,9.95,0.17,Neutro
2006-08-15,30.11,28.72,27.32,9.72,0.48,Neutro
2006-08-16,29.87,28.67,27.47,8.37,0.89,Neutro
2006-08-17,30.02,28.74,27.47,8.87,0.90,Neutro
2006-08-18,30.01,28.78,27.55,8.55,0.47,Neutro
2006-08-21,30.03,28.74,27.45,8.98,0.18,Neutro
2006-08-22,29.98,28.68,27.38,9.07,0.26,Neutro
2006-08-23,29.96,28.62,27.28,9.36,0.22,Neutro
2006-08-24,30.15,28.53,26.92,11.32,0.00,Sobrevendido
2006-08-25,30.30,28.44,26.59,13.04,0.00,Sobrevendido
2006-08-28,30.32,28.37,26.42,13.75,0.17,Neutro
2006-08-29,30.32,28.30,26.29,14.24,0.22,Neutro
2006-08-30,30.24,28.24,26.25,14.13,0.41,Neutro
2006-08-31,30.05,28.16,26.28,13.39,0.46,Neutro
2006-09-01,29.86,28.09,26.31,12.64,0.46,Neutro
2006-09-05,29.71,28.02,26.33,12.06,0.49,Neutro
2006-09-06,29.59,27.97,26.35,11.58,0.51,Neutro
2006-09-07,29.59,27.98,26.36,11.55,0.49,Neutro
2006-09-08,29.61,27.99,26.37,11.58,0.58,Neutro
2006-09-11,29.63,28.00,26.38,11.61,0.59,Neutro
2006-09-12,29.86,28.09,26.32,12.60,0.92,Neutro
2006-09-13,29.99,28.13,26.27,13.22,0.86,Neutro
2006-09-14,29.97,28.13,26.29,13.08,0.88,Neutro
2006-09-15,29.92,28.12,26.31,12.84,0.89,Neutro
2006-09-18,30.10,28.17,26.24,13.70,0.91,Neutro
2006-09-19,30.31,28.26,26.21,14.51,0.87,Neutro
2006-09-20,30.57,28.36,26.16,15.55,0.89,Neutro
2006-09-21,30.75,28.46,26.18,16.06,0.80,Neutro
2006-09-22,30.75,28.60,26.46,15.00,0.69,Neutro
2006-09-25,30.69,28.75,26.82,13.46,0.68,Neutro
2006-09-26,30.60,28.83,27.06,12.28,0.44,Neutro
2006-09-27,30.50,28.89,27.27,11.18,0.33,Neutro
2006-09-28,30.48,28.90,27.33,10.90,0.29,Neutro
2006-09-29,30.46,28.92,27.38,10.65,0.31,Neutro
2006-10-02,30.44,28.94,27.43,10.40,0.28,Neutro
2006-10-03,30.43,28.94,27.46,10.26,0.24,Neutro
2006-10-04,30.40,28.97,27.54,9.87,0.35,Neutro
2006-10-05,30.37,29.01,27.65,9.38,0.36,Neutro
2006-10-06,30.35,29.02,27.68,9.20,0.30,Neutro
2006-10-09,30.35,29.02,27.69,9.17,0.24,Neutro
2006-10-10,30.29,28.97,27.65,9.11,0.35,Neutro
2006-10-11,30.23,28.93,27.62,9.02,0.39,Neutro
2006-10-12,30.19,28.91,27.63,8.86,0.57,Neutro
2006-10-13,30.18,28.90,27.63,8.82,0.74,Neutro
2006-10-16,30.31,28.93,27.56,9.50,1.00,Neutro
2006-10-17,30.28,28.92,27.57,9.37,0.74,Neutro
2006-10-18,30.35,28.94,27.53,9.75,1.00,Sobrecomprado
2006-10-19,30.23,28.89,27.54,9.31,0.48,Neutro
2006-10-20,30.17,28.85,27.53,9.15,0.44,Neutro
2006-10-23,30.23,28.87,27.50,9.46,0.85,Neutro
2006-10-24,30.62,28.98,27.34,11.32,1.00,Sobrecomprado
2006-10-25,30.83,29.09,27.35,11.96,0.91,Neutro
2006-10-26,31.06,29.22,27.37,12.63,0.92,Neutro
2006-10-27,31.14,29.30,27.47,12.52,0.72,Neutro
2006-10-30,31.23,29.41,27.59,12.38,0.76,Neutro
2006-10-31,31.26,29.51,27.76,11.86,0.69,Neutro
2006-11-01,31.25,29.56,27.86,11.47,0.49,Neutro
2006-11-02,31.24,29.60,27.96,11.08,0.44,Neutro
2006-11-03,31.20,29.64,28.09,10.49,0.43,Neutro
2006-11-06,31.19,29.74,28.29,9.75,0.69,Neutro
2006-11-07,31.16,29.82,28.47,9.02,0.58,Neutro
2006-11-08,31.14,29.90,28.66,8.29,0.65,Neutro
2006-11-09,31.11,29.93,28.74,7.92,0.39,Neutro
2006-11-10,31.11,29.94,28.77,7.82,0.45,Neutro
2006-11-13,31.08,29.92,28.77,7.72,0.52,Neutro
2006-11-14,31.12,29.96,28.80,7.74,0.66,Neutro
2006-11-15,31.22,29.99,28.76,8.20,0.89,Neutro
2006-11-16,31.28,30.10,28.92,7.84,0.88,Neutro
2006-11-17,31.30,30.23,29.15,7.11,0.95,Neutro
2006-11-20,31.38,30.28,29.18,7.27,0.79,Neutro
2006-11-21,31.38,30.28,29.18,7.27,0.80,Neutro
2006-11-22,31.52,30.32,29.13,7.88,0.92,Neutro
2006-11-24,31.55,30.34,29.12,8.01,0.78,Neutro
2006-11-27,31.56,30.35,29.13,8.01,0.49,Neutro
2006-11-28,31.55,30.34,29.12,8.01,0.44,Neutro
2006-11-29,31.55,30.33,29.11,8.05,0.36,Neutro
2006-11-30,31.53,30.36,29.20,7.67,0.44,Neutro
2006-12-01,31.50,30.38,29.26,7.37,0.18,Neutro
2006-12-04,31.46,30.40,29.35,6.94,0.27,Neutro
2006-12-05,31.49,30.36,29.23,7.44,0.12,Neutro
2006-12-06,31.53,30.33,29.14,7.88,0.13,Neutro
2006-12-07,31.59,30.28,28.96,8.69,0.06,Neutro
2006-12-08,31.71,30.22,28.74,9.83,0.00,Sobrevendido
2006-12-11,31.78,30.17,28.57,10.64,0.08,Neutro
2006-12-12,31.87,30.10,28.32,11.79,0.04,Neutro
2006-12-13,31.89,30.02,28.15,12.46,0.16,Neutro
2006-12-14,31.81,29.91,28.00,12.74,0.18,Neutro
2006-12-15,31.73,29.77,27.82,13.13,0.13,Neutro
2006-12-18,31.56,29.63,27.71,12.99,0.18,Neutro
2006-12-19,31.40,29.51,27.62,12.81,0.23,Neutro
2006-12-20,31.20,29.40,27.61,12.21,0.32,Neutro
2006-12-21,30.86,29.26,27.65,10.97,0.23,Neutro
2006-12-22,30.54,29.13,27.72,9.68,0.26,Neutro
2006-12-26,30.36,29.04,27.71,9.13,0.28,Neutro
2006-12-27,30.18,28.97,27.76,8.35,0.44,Neutro
2006-12-28,30.03,28.92,27.81,7.68,0.53,Neutro
2006-12-29,29.77,28.85,27.93,6.38,0.53,Neutro
2007-01-03,29.68,28.83,27.97,5.93,0.73,Neutro
2007-01-04,29.57,28.81,28.05,5.28,0.95,Neutro
2007-01-05,29.53,28.80,28.07,5.07,0.87,Neutro
2007-01-08,29.50,28.79,28.08,4.93,0.87,Neutro
2007-01-09,29.55,28.81,28.06,5.17,0.90,Neutro
2007-01-10,29.64,28.85,28.05,5.51,0.88,Neutro
2007-01-11,29.83,28.90,27.97,6.44,1.00,Sobrecomprado
2007-01-12,30.13,28.82,27.51,9.09,0.00,Sobrevendido
2007-01-16,30.28,28.73,27.17,10.83,0.00,Sobrevendido
2007-01-17,30.41,28.64,26.86,12.40,0.00,Sobrevendido
2007-01-18,30.47,28.58,26.68,13.26,0.12,Neutro
2007-01-19,30.54,28.50,26.46,14.32,0.11,Neutro
2007-01-22,30.58,28.42,26.26,15.20,0.15,Neutro
2007-01-23,30.58,28.33,26.08,15.88,0.19,Neutro
2007-01-24,30.58,28.27,25.95,16.38,0.25,Neutro
2007-01-25,30.59,28.18,25.77,17.10,0.20,Neutro
2007-01-26,30.59,28.09,25.59,17.80,0.21,Neutro
2007-01-29,30.54,27.98,25.42,18.30,0.24,Neutro
2007-01-30,30.44,27.86,25.28,18.52,0.27,Neutro
2007-01-31,30.33,27.77,25.21,18.44,0.35,Neutro
2007-02-01,30.14,27.66,25.18,17.93,0.38,Neutro
2007-02-02,29.95,27.60,25.25,17.03,0.65,Neutro
2007-02-05,29.73,27.53,25.32,16.02,0.58,Neutro
2007-02-06,29.52,27.46,25.40,15.00,0.63,Neutro
2007-02-07,29.28,27.40,25.52,13.72,0.71,Neutro
2007-02-08,28.93,27.31,25.69,11.86,0.61,Neutro
2007-02-09,28.22,27.17,26.12,7.73,0.50,Neutro
2007-02-12,28.22,27.18,26.15,7.61,0.45,Neutro
2007-02-13,28.22,27.17,26.13,7.69,0.29,Neutro
2007-02-14,28.22,27.18,26.13,7.69,0.34,Neutro
2007-02-15,28.23,27.18,26.13,7.73,0.49,Neutro
2007-02-16,28.23,27.18,26.14,7.69,0.40,Neutro
2007-02-20,28.23,27.17,26.12,7.77,0.29,Neutro
2007-02-21,28.23,27.17,26.11,7.80,0.36,Neutro
2007-02-22,28.23,27.16,26.08,7.92,0.33,Neutro
2007-02-23,28.24,27.14,26.04,8.11,0.20,Neutro
2007-02-26,28.25,27.14,26.03,8.18,0.23,Neutro
2007-02-27,28.32,27.10,25.87,9.04,0.01,Neutro
2007-02-28,28.39,27.06,25.74,9.79,0.06,Neutro
2007-03-01,28.44,27.00,25.57,10.63,0.09,Neutro
2007-03-02,28.46,26.94,25.42,11.28,0.15,Neutro
2007-03-05,28.28,26.82,25.36,10.89,0.15,Neutro
2007-03-06,28.14,26.73,25.33,10.51,0.29,Neutro
2007-03-07,27.94,26.64,25.34,9.76,0.30,Neutro
2007-03-08,27.65,26.53,25.41,8.44,0.23,Neutro
2007-03-09,27.45,26.44,25.43,7.64,0.25,Neutro
2007-03-12,27.35,26.38,25.40,7.39,0.23,Neutro
2007-03-13,27.29,26.30,25.30,7.57,0.11,Neutro
2007-03-14,27.26,26.24,25.21,7.81,0.15,Neutro
2007-03-15,27.19,26.18,25.16,7.75,0.26,Neutro
2007-03-16,27.07,26.08,25.09,7.59,0.07,Neutro
2007-03-19,26.94,26.00,25.07,7.19,0.19,Neutro
2007-03-20,26.83,25.94,25.05,6.86,0.26,Neutro
2007-03-21,26.67,25.87,25.07,6.18,0.23,Neutro
2007-03-22,26.49,25.82,25.14,5.23,0.40,Neutro
2007-03-23,26.51,25.82,25.13,5.34,1.00,Sobrecomprado
2007-03-26,26.43,25.80,25.17,4.88,0.81,Neutro
2007-03-27,26.46,25.81,25.17,5.00,0.74,Neutro
2007-03-28,26.46,25.82,25.17,5.00,0.62,Neutro
2007-03-29,26.59,25.86,25.12,5.69,1.00,Neutro
2007-03-30,26.67,25.89,25.10,6.07,0.89,Neutro
2007-04-02,26.80,25.93,25.06,6.71,0.95,Neutro
2007-04-03,26.94,25.97,25.00,7.47,0.98,Neutro
2007-04-04,27.02,26.00,24.98,7.85,0.85,Neutro
2007-04-05,27.19,26.06,24.92,8.71,0.96,Neutro
2007-04-09,27.28,26.10,24.92,9.04,0.79,Neutro
2007-04-10,27.34,26.14,24.94,9.18,0.74,Neutro
2007-04-11,27.39,26.20,25.02,9.05,0.70,Neutro
2007-04-12,27.41,26.26,25.10,8.80,0.68,Neutro
2007-04-13,27.44,26.31,25.17,8.63,0.65,Neutro
2007-04-16,27.40,26.38,25.36,7.73,0.65,Neutro
2007-04-17,27.36,26.43,25.51,7.00,0.54,Neutro
2007-04-18,27.31,26.49,25.67,6.19,0.58,Neutro
2007-04-19,27.54,26.62,25.69,6.95,1.00,Sobrecomprado
2007-04-20,28.19,26.79,25.39,10.45,1.00,Sobrecomprado
2007-04-23,28.43,26.88,25.33,11.53,0.96,Neutro
2007-04-24,28.65,26.99,25.34,12.26,0.92,Neutro
2007-04-25,28.82,27.10,25.39,12.65,0.87,Neutro
2007-04-26,29.16,27.27,25.38,13.86,1.00,Sobrecomprado
2007-04-27,29.40,27.39,25.38,14.68,0.90,Neutro
2007-04-30,29.76,27.55,25.35,16.01,0.98,Neutro
2007-05-01,30.02,27.69,25.36,16.83,0.89,Neutro
2007-05-02,30.33,27.84,25.34,17.92,0.91,Neutro
2007-05-03,30.39,27.93,25.47,17.61,0.64,Neutro
2007-05-04,30.45,28.01,25.57,17.42,0.62,Neutro
2007-05-07,30.47,28.09,25.71,16.95,0.56,Neutro
2007-05-08,30.44,28.15,25.86,16.27,0.47,Neutro
2007-05-09,30.41,28.22,26.04,15.48,0.47,Neutro
2007-05-10,30.36,28.30,26.25,14.52,0.49,Neutro
2007-05-11,30.29,28.39,26.50,13.35,0.51,Neutro
2007-05-14,30.22,28.50,26.77,12.11,0.58,Neutro
2007-05-15,30.08,28.62,27.17,10.17,0.62,Neutro
2007-05-16,29.84,28.73,27.62,7.73,0.53,Neutro
2007-05-17,29.85,28.79,27.72,7.40,0.66,Neutro
2007-05-18,29.87,28.79,27.72,7.47,0.75,Neutro
2007-05-21,29.99,28.86,27.74,7.80,0.88,Neutro
2007-05-22,30.15,28.94,27.73,8.36,0.93,Neutro
2007-05-23,30.35,29.04,27.72,9.06,0.96,Neutro
2007-05-24,30.51,29.08,27.66,9.80,0.92,Neutro
2007-05-25,30.68,29.15,27.62,10.50,0.89,Neutro
2007-05-29,30.78,29.18,27.59,10.93,0.85,Neutro
2007-05-30,30.92,29.23,27.54,11.56,0.86,Neutro
2007-05-31,31.01,29.26,27.51,11.96,0.83,Neutro
2007-06-01,31.12,29.34,27.56,12.13,0.77,Neutro
2007-06-04,31.29,29.45,27.60,12.53,0.84,Neutro
2007-06-05,31.45,29.57,27.69,12.72,0.84,Neutro
2007-06-06,31.49,29.70,27.92,12.02,0.78,Neutro
2007-06-07,31.49,29.83,28.17,11.13,0.74,Neutro
2007-06-08,31.48,29.95,28.43,10.18,0.73,Neutro
2007-06-11,31.46,30.07,28.68,9.25,0.76,Neutro
2007-06-12,31.40,30.15,28.90,8.29,0.60,Neutro
2007-06-13,31.36,30.23,29.10,7.48,0.62,Neutro
2007-06-14,31.29,30.33,29.38,6.30,0.82,Neutro
2007-06-15,31.35,30.45,29.55,5.91,1.00,Sobrecomprado
2007-06-18,31.33,30.54,29.75,5.17,0.89,Neutro
2007-06-19,31.35,30.61,29.88,4.80,0.86,Neutro
2007-06-20,31.32,30.65,29.98,4.37,0.57,Neutro
2007-06-21,31.32,30.68,30.03,4.21,0.53,Neutro
2007-06-22,31.38,30.65,29.92,4.76,0.00,Sobrevendido
2007-06-25,31.49,30.61,29.72,5.78,0.00,Sobrevendido
2007-06-26,31.59,30.56,29.54,6.71,0.00,Sobrevendido
2007-06-27,31.63,30.53,29.43,7.21,0.11,Neutro
2007-06-28,31.71,30.47,29.23,8.14,0.01,Neutro
2007-06-29,31.81,30.40,28.99,9.28,0.00,Sobrevendido
2007-07-02,32.03,30.27,28.50,11.66,0.00,Sobrevendido
2007-07-03,32.61,30.02,27.44,17.22,0.00,Sobrevendido
2007-07-05,32.90,29.79,26.69,20.85,0.00,Sobrevendido
2007-07-06,33.00,29.58,26.16,23.12,0.04,Neutro
2007-07-09,33.02,29.37,25.71,24.89,0.10,Neutro
2007-07-10,32.98,29.14,25.31,26.32,0.13,Neutro
2007-07-11,32.92,28.94,24.96,27.50,0.18,Neutro
2007-07-12,32.79,28.75,24.71,28.11,0.24,Neutro
2007-07-13,32.54,28.53,24.53,28.07,0.27,Neutro
2007-07-16,32.14,28.29,24.43,27.26,0.27,Neutro
2007-07-17,31.76,28.03,24.30,26.62,0.23,Neutro
2007-07-18,31.30,27.77,24.24,25.42,0.25,Neutro
2007-07-19,30.88,27.51,24.14,24.50,0.20,Neutro
2007-07-20,30.38,27.24,24.10,23.05,0.21,Neutro
2007-07-23,30.03,27.01,23.99,22.36,0.20,Neutro
2007-07-24,29.69,26.79,23.89,21.65,0.20,Neutro
2007-07-25,29.27,26.58,23.89,20.24,0.26,Neutro
2007-07-26,28.70,26.34,23.99,17.88,0.20,Neutro
2007-07-27,28.12,26.14,24.16,15.15,0.24,Neutro
2007-07-30,27.48,25.94,24.40,11.87,0.18,Neutro
2007-07-31,27.05,25.79,24.52,9.81,0.17,Neutro
2007-08-01,27.03,25.75,24.46,9.98,0.29,Neutro
2007-08-02,27.00,25.72,24.44,9.95,0.42,Neutro
2007-08-03,26.91,25.67,24.43,9.66,0.40,Neutro
2007-08-06,26.81,25.62,24.42,9.33,0.38,Neutro
2007-08-07,26.82,25.62,24.42,9.37,0.80,Neutro
2007-08-08,26.90,25.64,24.37,9.87,0.95,Neutro
2007-08-09,27.02,25.66,24.30,10.60,1.00,Sobrecomprado
2007-08-10,26.92,25.63,24.34,10.07,0.64,Neutro
2007-08-13,26.81,25.58,24.35,9.62,0.47,Neutro
2007-08-14,26.77,25.52,24.28,9.76,0.24,Neutro
2007-08-15,26.73,25.46,24.20,9.94,0.23,Neutro
2007-08-16,26.73,25.46,24.20,9.94,0.54,Neutro
2007-08-17,26.73,25.47,24.20,9.93,0.48,Neutro
2007-08-20,26.84,25.52,24.21,10.30,0.80,Neutro
2007-08-21,26.85,25.56,24.26,10.13,0.56,Neutro
2007-08-22,26.85,25.55,24.26,10.14,0.39,Neutro
2007-08-23,26.85,25.55,24.25,10.17,0.25,Neutro
2007-08-24,26.86,25.54,24.21,10.38,0.23,Neutro
2007-08-27,26.88,25.53,24.17,10.62,0.19,Neutro
2007-08-28,26.91,25.51,24.11,10.98,0.16,Neutro
2007-08-29,26.94,25.47,24.00,11.54,0.16,Neutro
2007-08-30,26.96,25.41,23.87,12.16,0.17,Neutro
2007-08-31,26.98,25.36,23.74,12.78,0.18,Neutro
2007-09-04,27.03,25.29,23.54,13.80,0.11,Neutro
2007-09-05,26.95,25.16,23.38,14.19,0.13,Neutro
2007-09-06,26.74,25.01,23.28,13.84,0.12,Neutro
2007-09-07,26.43,24.81,23.19,13.06,0.00,Sobrevendido
2007-09-10,26.57,24.61,22.64,15.97,0.00,Sobrevendido
2007-09-11,26.59,24.46,22.32,17.46,0.03,Neutro
2007-09-12,26.67,24.32,21.97,19.33,0.05,Neutro
2007-09-13,26.82,24.15,21.49,22.07,0.00,Sobrevendido
2007-09-14,26.78,23.95,21.11,23.68,0.06,Neutro
2007-09-17,26.81,23.71,20.61,26.15,0.01,Neutro
2007-09-18,26.50,23.45,20.40,26.01,0.12,Neutro
2007-09-19,26.22,23.24,20.26,25.64,0.20,Neutro
2007-09-20,26.01,23.02,20.03,25.97,0.15,Neutro
2007-09-21,26.18,22.70,19.22,30.66,0.00,Sobrevendido
2007-09-24,26.22,22.38,18.53,34.37,0.00,Sobrevendido
2007-09-25,26.12,22.06,18.01,36.76,0.06,Neutro
2007-09-26,25.94,21.76,17.57,38.47,0.11,Neutro
2007-09-27,25.69,21.46,17.23,39.43,0.14,Neutro
2007-09-28,25.35,21.17,16.99,39.49,0.19,Neutro
2007-10-01,24.92,20.89,16.86,38.58,0.24,Neutro
2007-10-02,24.48,20.68,16.89,36.70,0.38,Neutro
2007-10-03,23.99,20.48,16.97,34.28,0.39,Neutro
2007-10-04,23.46,20.28,17.10,31.36,0.42,Neutro
2007-10-05,23.00,20.13,17.25,28.57,0.49,Neutro
2007-10-08,22.77,20.03,17.28,27.41,0.49,Neutro
2007-10-09,22.42,19.92,17.41,25.16,0.57,Neutro
2007-10-10,22.08,19.81,17.55,22.86,0.57,Neutro
2007-10-11,21.87,19.74,17.60,21.64,0.53,Neutro
2007-10-12,21.65,19.66,17.68,20.19,0.60,Neutro
2007-10-15,21.54,19.62,17.69,19.63,0.52,Neutro
2007-10-16,21.32,19.51,17.71,18.50,0.37,Neutro
2007-10-17,20.95,19.39,17.82,16.15,0.35,Neutro
2007-10-18,20.70,19.26,17.81,15.01,0.19,Neutro
2007-10-19,20.75,19.23,17.72,15.75,0.10,Neutro
2007-10-22,20.86,19.19,17.52,17.40,0.00,Sobrevendido
2007-10-23,20.88,19.17,17.47,17.79,0.19,Neutro
2007-10-24,20.92,19.14,17.37,18.54,0.15,Neutro
2007-10-25,20.95,19.12,17.28,19.20,0.17,Neutro
2007-10-26,21.01,19.07,17.13,20.35,0.13,Neutro
2007-10-29,21.03,19.02,17.02,21.08,0.21,Neutro
2007-10-30,20.99,18.92,16.84,21.94,0.18,Neutro
2007-10-31,20.93,18.81,16.69,22.54,0.21,Neutro
2007-11-01,20.88,18.68,16.48,23.56,0.14,Neutro
2007-11-02,20.73,18.54,16.35,23.63,0.21,Neutro
2007-11-05,20.58,18.38,16.18,23.94,0.16,Neutro
2007-11-06,20.33,18.21,16.08,23.34,0.16,Neutro
2007-11-07,20.11,18.01,15.92,23.26,0.07,Neutro
2007-11-08,19.90,17.82,15.75,23.29,0.08,Neutro
2007-11-09,19.53,17.64,15.75,21.43,0.15,Neutro
2007-11-12,19.16,17.48,15.79,19.28,0.21,Neutro
2007-11-13,18.91,17.35,15.79,17.98,0.23,Neutro
2007-11-14,18.68,17.21,15.73,17.14,0.12,Neutro
2007-11-15,18.54,17.09,15.65,16.91,0.16,Neutro
2007-11-16,18.45,16.99,15.53,17.18,0.16,Neutro
2007-11-19,18.49,16.90,15.30,18.88,0.05,Neutro
2007-11-20,18.38,16.76,15.13,19.40,0.06,Neutro
2007-11-21,18.27,16.63,15.00,19.66,0.14,Neutro
2007-11-23,18.08,16.54,15.00,18.62,0.33,Neutro
2007-11-26,17.92,16.46,14.99,17.81,0.33,Neutro
2007-11-27,17.69,16.34,15.00,16.46,0.24,Neutro
2007-11-28,17.48,16.26,15.04,15.00,0.38,Neutro
2007-11-29,17.24,16.18,15.11,13.17,0.34,Neutro
2007-11-30,17.10,16.12,15.14,12.16,0.43,Neutro
2007-12-03,16.88,16.04,15.20,10.47,0.26,Neutro
2007-12-04,16.75,15.97,15.19,9.77,0.16,Neutro
2007-12-05,16.65,15.89,15.13,9.57,0.03,Neutro
2007-12-06,16.63,15.88,15.13,9.44,0.66,Neutro
2007-12-07,16.76,15.92,15.07,10.62,1.00,Sobrecomprado
2007-12-10,16.87,15.94,15.02,11.60,0.98,Neutro
2007-12-11,16.95,15.96,14.97,12.40,0.97,Neutro
2007-12-12,16.94,15.96,14.98,12.28,0.74,Neutro
2007-12-13,16.97,15.97,14.97,12.52,0.71,Neutro
2007-12-14,16.96,15.95,14.94,12.66,0.35,Neutro
2007-12-17,16.96,15.92,14.88,13.06,0.25,Neutro
2007-12-18,16.97,15.91,14.85,13.32,0.19,Neutro
2007-12-19,16.98,15.91,14.84,13.45,0.19,Neutro
2007-12-20,16.99,15.90,14.80,13.78,0.21,Neutro
2007-12-21,16.98,15.87,14.76,13.99,0.31,Neutro
2007-12-24,16.97,15.84,14.71,14.27,0.29,Neutro
2007-12-26,16.98,15.81,14.64,14.80,0.21,Neutro
2007-12-27,16.99,15.76,14.53,15.61,0.17,Neutro
2007-12-28,16.99,15.72,14.44,16.22,0.21,Neutro
2007-12-31,16.99,15.66,14.34,16.92,0.20,Neutro
2008-01-02,17.00,15.62,14.25,17.60,0.21,Neutro
2008-01-03,17.10,15.55,14.01,19.87,0.02,Neutro
2008-01-04,17.20,15.49,13.78,22.08,0.02,Neutro
2008-01-07,17.21,15.38,13.54,23.87,0.09,Neutro
2008-01-08,17.06,15.23,13.40,24.03,0.13,Neutro
2008-01-09,16.85,15.07,13.30,23.55,0.12,Neutro
2008-01-10,16.56,14.92,13.29,21.91,0.18,Neutro
2008-01-11,16.35,14.79,13.23,21.10,0.15,Neutro
2008-01-14,16.08,14.65,13.23,19.45,0.19,Neutro
2008-01-15,15.99,14.55,13.11,19.80,0.13,Neutro
2008-01-16,15.90,14.46,13.01,19.99,0.19,Neutro
2008-01-17,15.81,14.37,12.94,19.97,0.24,Neutro
2008-01-18,15.71,14.29,12.86,19.95,0.22,Neutro
2008-01-22,15.59,14.23,12.88,19.04,0.48,Neutro
2008-01-23,15.69,14.25,12.82,20.14,1.00,Sobrecomprado
2008-01-24,15.75,14.27,12.78,20.82,0.96,Neutro
2008-01-25,15.88,14.30,12.71,22.17,0.97,Neutro
2008-01-28,16.18,14.37,12.55,25.27,1.00,Sobrecomprado
2008-01-29,16.63,14.47,12.31,29.86,1.00,Sobrecomprado
2008-01-30,17.26,14.62,11.98,36.11,1.00,Sobrecomprado
2008-01-31,17.95,14.80,11.65,42.56,1.00,Sobrecomprado
2008-02-01,18.46,15.00,11.54,46.12,0.95,Neutro
2008-02-04,18.72,15.17,11.62,46.80,0.79,Neutro
2008-02-05,18.85,15.31,11.76,46.32,0.67,Neutro
2008-02-06,18.88,15.40,11.92,45.19,0.56,Neutro
2008-02-07,18.91,15.51,12.12,43.77,0.56,Neutro
2008-02-08,18.92,15.61,12.30,42.40,0.54,Neutro
2008-02-11,18.91,15.72,12.53,40.59,0.52,Neutro
2008-02-12,18.87,15.82,12.77,38.56,0.48,Neutro
2008-02-13,18.78,15.93,13.09,35.71,0.48,Neutro
2008-02-14,18.66,16.04,13.41,32.74,0.41,Neutro
2008-02-15,18.52,16.12,13.72,29.78,0.33,Neutro
2008-02-19,18.33,16.19,14.05,26.43,0.20,Neutro
2008-02-20,18.33,16.19,14.06,26.37,0.04,Neutro
2008-02-21,18.37,16.14,13.91,27.63,0.18,Neutro
2008-02-22,18.43,16.08,13.73,29.23,0.15,Neutro
2008-02-25,18.44,16.03,13.62,30.07,0.25,Neutro
2008-02-26,18.41,15.98,13.54,30.49,0.35,Neutro
2008-02-27,18.29,15.88,13.47,30.36,0.34,Neutro
2008-02-28,18.00,15.71,13.42,29.16,0.23,Neutro
2008-02-29,17.47,15.50,13.52,25.49,0.19,Neutro
2008-03-03,16.90,15.33,13.76,20.49,0.30,Neutro
2008-03-04,16.51,15.21,13.90,17.16,0.34,Neutro
2008-03-05,16.29,15.13,13.97,15.33,0.43,Neutro
2008-03-06,16.20,15.09,13.98,14.71,0.47,Neutro
2008-03-07,16.08,15.05,14.01,13.76,0.50,Neutro
2008-03-10,15.96,14.99,14.03,12.87,0.42,Neutro
2008-03-11,15.88,14.97,14.07,12.09,0.75,Neutro
2008-03-12,15.78,14.94,14.11,11.18,0.58,Neutro
2008-03-13,15.64,14.91,14.18,9.79,0.66,Neutro
2008-03-14,15.53,14.85,14.18,9.09,0.24,Neutro
2008-03-17,15.52,14.79,14.06,9.87,0.00,Neutro
2008-03-18,15.54,14.75,13.96,10.71,0.09,Neutro
2008-03-19,15.53,14.75,13.97,10.58,0.19,Neutro
2008-03-20,15.54,14.73,13.92,11.00,0.22,Neutro
2008-03-24,15.56,14.76,13.95,10.91,0.65,Neutro
2008-03-25,15.59,14.77,13.95,11.10,0.71,Neutro
2008-03-26,15.56,14.76,13.96,10.84,0.64,Neutro
2008-03-27,15.52,14.74,13.96,10.58,0.51,Neutro
2008-03-28,15.54,14.73,13.92,11.00,0.20,Neutro
2008-03-31,15.54,14.73,13.92,11.00,0.20,Neutro
2008-04-01,15.57,14.75,13.92,11.19,0.69,Neutro
2008-04-02,15.60,14.76,13.92,11.38,0.71,Neutro
2008-04-03,15.91,14.83,13.75,14.57,1.00,Sobrecomprado
2008-04-04,16.15,14.89,13.63,16.92,1.00,Sobrecomprado
2008-04-07,16.35,14.95,13.55,18.73,0.96,Neutro
2008-04-08,16.53,15.02,13.51,20.11,0.90,Neutro
2008-04-09,16.55,15.03,13.51,20.23,0.69,Neutro
2008-04-10,16.55,15.03,13.51,20.23,0.50,Neutro
2008-04-11,16.56,15.04,13.51,20.29,0.59,Neutro
2008-04-14,16.57,15.06,13.56,19.99,0.49,Neutro
2008-04-15,16.53,15.10,13.66,19.01,0.39,Neutro
2008-04-16,16.50,15.14,13.77,18.04,0.42,Neutro
2008-04-17,16.48,15.19,13.89,17.06,0.52,Neutro
2008-04-18,16.47,15.24,14.01,16.14,0.58,Neutro
2008-04-21,16.48,15.25,14.03,16.06,0.49,Neutro
2008-04-22,16.48,15.25,14.02,16.13,0.41,Neutro
2008-04-23,16.49,15.23,13.96,16.62,0.22,Neutro
2008-04-24,16.55,15.28,14.01,16.62,0.71,Neutro
2008-04-25,16.62,15.38,14.14,16.13,0.85,Neutro
2008-04-28,16.67,15.48,14.29,15.37,0.85,Neutro
2008-04-29,16.90,15.57,14.25,17.02,0.99,Neutro
2008-04-30,17.00,15.64,14.28,17.39,0.80,Neutro
2008-05-01,17.02,15.65,14.28,17.51,0.77,Neutro
2008-05-02,17.03,15.65,14.27,17.63,0.77,Neutro
2008-05-05,16.99,15.63,14.28,17.34,0.58,Neutro
2008-05-06,16.95,15.62,14.28,17.10,0.62,Neutro
2008-05-07,16.95,15.61,14.28,17.10,0.46,Neutro
2008-05-08,16.95,15.62,14.29,17.03,0.31,Neutro
2008-05-09,16.96,15.60,14.24,17.44,0.26,Neutro
2008-05-12,16.96,15.64,14.31,16.95,0.53,Neutro
2008-05-13,16.95,15.68,14.42,16.13,0.50,Neutro
2008-05-14,17.06,15.77,14.48,16.36,0.86,Neutro
2008-05-15,17.23,15.86,14.48,17.34,0.92,Neutro
2008-05-16,17.34,15.93,14.51,17.77,0.80,Neutro
2008-05-19,17.46,16.01,14.57,18.05,0.82,Neutro
2008-05-20,17.49,16.09,14.69,17.40,0.71,Neutro
2008-05-21,17.36,16.18,14.99,14.65,0.48,Neutro
2008-05-22,17.36,16.18,15.00,14.59,0.39,Neutro
2008-05-23,17.36,16.14,14.92,15.12,0.23,Neutro
2008-05-27,17.34,16.13,14.91,15.07,0.44,Neutro
2008-05-28,17.25,16.06,14.87,14.82,0.30,Neutro
2008-05-29,17.21,16.02,14.82,14.92,0.30,Neutro
2008-05-30,17.17,15.98,14.79,14.90,0.35,Neutro
2008-06-02,17.12,15.93,14.75,14.87,0.34,Neutro
2008-06-03,17.12,15.92,14.71,15.14,0.32,Neutro
2008-06-04,17.11,15.91,14.70,15.15,0.43,Neutro
2008-06-05,17.12,15.92,14.73,15.01,0.48,Neutro
2008-06-06,17.10,15.94,14.77,14.62,0.26,Neutro
2008-06-09,17.06,15.96,14.85,13.85,0.23,Neutro
2008-06-10,17.07,15.97,14.87,13.77,0.52,Neutro
2008-06-11,17.08,15.96,14.85,13.97,0.27,Neutro
2008-06-12,16.98,15.90,14.82,13.58,0.31,Neutro
2008-06-13,16.78,15.83,14.89,11.94,0.41,Neutro
2008-06-16,16.62,15.77,14.93,10.71,0.37,Neutro
2008-06-17,16.35,15.70,15.04,8.35,0.26,Neutro
2008-06-18,16.13,15.62,15.11,6.53,0.03,Neutro
2008-06-19,16.04,15.58,15.12,5.91,0.26,Neutro
2008-06-20,16.00,15.55,15.10,5.79,0.20,Neutro
2008-06-23,16.04,15.52,15.01,6.64,0.00,Sobrevendido
2008-06-24,15.99,15.47,14.95,6.72,0.04,Neutro
2008-06-25,16.01,15.44,14.87,7.38,0.07,Neutro
2008-06-26,16.11,15.38,14.66,9.43,0.00,Sobrevendido
2008-06-27,16.32,15.29,14.26,13.47,0.00,Sobrevendido
2008-06-30,16.49,15.18,13.88,17.19,0.00,Sobrevendido
2008-07-01,16.66,15.07,13.47,21.17,0.00,Sobrevendido
2008-07-02,16.77,14.92,13.08,24.73,0.00,Sobrevendido
2008-07-03,16.77,14.77,12.77,27.08,0.02,Neutro
2008-07-07,16.83,14.63,12.44,30.00,0.04,Neutro
2008-07-08,16.76,14.55,12.33,30.46,0.29,Neutro
2008-07-09,16.56,14.43,12.30,29.53,0.32,Neutro
2008-07-10,16.45,14.32,12.19,29.75,0.26,Neutro
2008-07-11,16.31,14.22,12.14,29.32,0.33,Neutro
2008-07-14,16.11,14.11,12.11,28.36,0.32,Neutro
2008-07-15,15.90,14.01,12.12,26.98,0.41,Neutro
2008-07-16,15.77,13.97,12.17,25.76,0.68,Neutro
2008-07-17,15.77,13.97,12.18,25.70,0.82,Neutro
2008-07-18,15.62,13.93,12.24,24.27,0.66,Neutro
2008-07-21,15.55,13.91,12.27,23.58,0.81,Neutro
2008-07-22,15.60,13.92,12.24,24.13,0.90,Neutro
2008-07-23,15.70,13.95,12.19,25.17,0.93,Neutro
2008-07-24,15.82,13.98,12.13,26.40,0.93,Neutro
2008-07-25,16.27,14.09,11.90,31.02,1.00,Sobrecomprado
2008-07-28,16.59,14.21,11.84,33.42,0.92,Neutro
2008-07-29,17.18,14.41,11.65,38.37,1.00,Sobrecomprado
2008-07-30,17.50,14.60,11.70,39.72,0.89,Neutro
2008-07-31,17.72,14.80,11.87,39.54,0.83,Neutro
2008-08-01,17.84,14.98,12.11,38.26,0.76,Neutro
2008-08-04,17.84,15.15,12.47,35.44,0.69,Neutro
2008-08-05,18.04,15.33,12.61,35.42,0.83,Neutro
2008-08-06,18.20,15.50,12.80,34.84,0.79,Neutro
2008-08-07,18.23,15.68,13.12,32.59,0.74,Neutro
2008-08-08,18.41,15.89,13.37,31.71,0.88,Neutro
2008-08-11,18.64,16.15,13.66,30.84,0.98,Neutro
2008-08-12,18.66,16.36,14.06,28.12,0.82,Neutro
2008-08-13,18.77,16.52,14.28,27.17,0.82,Neutro
2008-08-14,18.91,16.67,14.43,26.87,0.80,Neutro
2008-08-15,19.01,16.87,14.74,25.31,0.89,Neutro
2008-08-18,19.03,17.04,15.04,23.42,0.78,Neutro
2008-08-19,18.96,17.14,15.33,21.17,0.57,Neutro
2008-08-20,18.90,17.25,15.61,19.07,0.63,Neutro
2008-08-21,18.78,17.34,15.91,16.55,0.49,Neutro
2008-08-22,18.81,17.40,15.99,16.21,0.64,Neutro
2008-08-25,18.86,17.51,16.16,15.42,0.80,Neutro
2008-08-26,18.97,17.55,16.14,16.12,0.81,Neutro
2008-08-27,19.08,17.64,16.19,16.39,0.82,Neutro
2008-08-28,19.17,17.73,16.29,16.24,0.80,Neutro
2008-08-29,19.18,17.83,16.48,15.14,0.75,Neutro
2008-09-02,19.11,17.96,16.81,12.81,0.84,Neutro
2008-09-03,19.16,18.04,16.92,12.42,0.78,Neutro
2008-09-04,19.10,18.08,17.05,11.34,0.38,Neutro
2008-09-05,19.01,18.11,17.21,9.94,0.16,Neutro
2008-09-08,19.10,18.16,17.21,10.41,0.85,Neutro
2008-09-09,19.09,18.15,17.22,10.30,0.64,Neutro
2008-09-10,19.10,18.17,17.25,10.18,0.51,Neutro
2008-09-11,19.11,18.19,17.27,10.12,0.54,Neutro
2008-09-12,19.13,18.16,17.19,10.68,0.14,Neutro
2008-09-15,19.11,18.10,17.10,11.10,0.17,Neutro
2008-09-16,19.11,18.07,17.03,11.51,0.24,Neutro
2008-09-17,19.16,18.05,16.95,12.24,0.03,Neutro
2008-09-18,19.18,18.08,16.99,12.11,0.60,Neutro
2008-09-19,19.46,18.21,16.95,13.79,1.00,Sobrecomprado
2008-09-22,19.53,18.26,16.99,13.91,0.74,Neutro
2008-09-23,19.59,18.29,16.98,14.27,0.73,Neutro
2008-09-24,19.59,18.29,16.98,14.27,0.56,Neutro
2008-09-25,19.58,18.28,16.98,14.23,0.52,Neutro
2008-09-26,19.54,18.25,16.96,14.14,0.43,Neutro
2008-09-29,19.53,18.20,16.87,14.61,0.24,Neutro
2008-09-30,19.47,18.15,16.84,14.49,0.36,Neutro
2008-10-01,19.41,18.11,16.81,14.36,0.39,Neutro
2008-10-02,19.47,18.07,16.66,15.55,0.09,Neutro
2008-10-03,19.61,18.00,16.39,17.89,0.00,Sobrevendido
2008-10-06,19.88,17.81,15.74,23.25,0.00,Sobrevendido
2008-10-07,20.15,17.61,15.06,28.91,0.00,Sobrevendido
2008-10-08,20.30,17.42,14.54,33.06,0.00,Sobrevendido
2008-10-09,20.47,17.20,13.92,38.09,0.00,Sobrevendido
2008-10-10,20.71,16.99,13.26,43.86,0.00,Sobrevendido
2008-10-13,20.79,16.80,12.81,47.50,0.11,Neutro
2008-10-14,20.87,16.58,12.29,51.75,0.10,Neutro
2008-10-15,20.99,16.36,11.74,56.52,0.10,Neutro
2008-10-16,20.82,16.13,11.43,58.23,0.22,Neutro
2008-10-17,20.32,15.82,11.31,56.96,0.25,Neutro
2008-10-20,19.91,15.56,11.21,55.90,0.30,Neutro
2008-10-21,19.44,15.29,11.14,54.28,0.28,Neutro
2008-10-22,19.05,14.99,10.93,54.17,0.18,Neutro
2008-10-23,18.57,14.70,10.83,52.65,0.23,Neutro
2008-10-24,18.08,14.42,10.76,50.78,0.22,Neutro
2008-10-27,17.65,14.14,10.63,49.64,0.19,Neutro
2008-10-28,17.01,13.87,10.73,45.28,0.26,Neutro
2008-10-29,16.19,13.59,10.99,38.25,0.25,Neutro
2008-10-30,15.48,13.38,11.27,31.47,0.32,Neutro
2008-10-31,14.86,13.23,11.60,24.64,0.51,Neutro
2008-11-03,14.64,13.18,11.72,22.15,0.76,Neutro
2008-11-04,14.50,13.14,11.78,20.70,0.67,Neutro
2008-11-05,14.28,13.07,11.87,18.43,0.54,Neutro
2008-11-06,14.19,13.03,11.87,17.81,0.43,Neutro
2008-11-07,14.17,13.02,11.86,17.75,0.48,Neutro
2008-11-10,14.08,12.96,11.85,17.20,0.37,Neutro
2008-11-11,14.06,12.93,11.79,17.56,0.27,Neutro
2008-11-12,14.18,12.86,11.54,20.53,0.00,Sobrevendido
2008-11-13,14.12,12.78,11.44,20.97,0.19,Neutro
2008-11-14,14.05,12.70,11.34,21.35,0.17,Neutro
2008-11-17,13.95,12.58,11.21,21.78,0.09,Neutro
2008-11-18,13.87,12.48,11.10,22.19,0.16,Neutro
2008-11-19,13.98,12.40,10.82,25.48,0.00,Sobrevendido
2008-11-20,14.12,12.29,10.45,29.87,0.00,Sobrevendido
2008-11-21,14.18,12.20,10.22,32.46,0.10,Neutro
2008-11-24,14.19,12.16,10.13,33.39,0.27,Neutro
2008-11-25,14.20,12.16,10.13,33.46,0.58,Neutro
2008-11-26,14.25,12.19,10.14,33.71,0.65,Neutro
2008-11-28,14.33,12.22,10.12,34.44,0.75,Neutro
2008-12-01,14.28,12.21,10.13,33.99,0.68,Neutro
2008-12-02,14.18,12.18,10.19,32.75,0.82,Neutro
2008-12-03,14.23,12.20,10.16,33.37,0.90,Neutro
2008-12-04,14.22,12.19,10.17,33.22,0.72,Neutro
2008-12-05,14.31,12.22,10.14,34.12,0.80,Neutro
2008-12-08,14.32,12.23,10.13,34.27,0.71,Neutro
2008-12-09,14.32,12.22,10.13,34.28,0.59,Neutro
2008-12-10,14.38,12.26,10.13,34.68,0.68,Neutro
2008-12-11,14.37,12.28,10.19,34.03,0.43,Neutro
2008-12-12,14.38,12.30,10.21,33.91,0.48,Neutro
2008-12-15,14.38,12.30,10.22,33.81,0.41,Neutro
2008-12-16,14.40,12.36,10.32,33.01,0.56,Neutro
2008-12-17,14.45,12.43,10.41,32.50,0.63,Neutro
2008-12-18,14.40,12.53,10.66,29.84,0.57,Neutro
2008-12-19,14.23,12.68,11.12,24.53,0.66,Neutro
2008-12-22,14.00,12.78,11.57,19.01,0.48,Neutro
2008-12-23,13.83,12.86,11.90,15.01,0.46,Neutro
2008-12-24,13.83,12.88,11.93,14.75,0.49,Neutro
2008-12-26,13.83,12.89,11.94,14.67,0.51,Neutro
2008-12-29,13.79,12.85,11.91,14.63,0.35,Neutro
2008-12-30,13.81,12.86,11.91,14.77,0.66,Neutro
2008-12-31,13.89,12.88,11.87,15.68,0.97,Neutro
2009-01-02,13.91,12.88,11.86,15.91,1.00,Neutro
2009-01-05,14.16,12.95,11.73,18.77,1.00,Sobrecomprado
2009-01-06,14.42,13.00,11.59,21.76,1.00,Sobrecomprado
2009-01-07,14.56,13.06,11.56,22.97,0.86,Neutro
2009-01-08,14.66,13.13,11.59,23.39,0.77,Neutro
2009-01-09,14.70,13.15,11.60,23.57,0.62,Neutro
2009-01-12,14.65,13.18,11.70,22.38,0.29,Neutro
2009-01-13,14.62,13.21,11.80,21.34,0.39,Neutro
2009-01-14,14.59,13.22,11.86,20.64,0.11,Neutro
2009-01-15,14.60,13.22,11.84,20.88,0.23,Neutro
2009-01-16,14.62,13.19,11.76,21.68,0.22,Neutro
2009-01-20,14.67,13.15,11.63,23.12,0.12,Neutro
2009-01-21,14.66,13.14,11.62,23.13,0.45,Neutro
2009-01-22,14.67,13.12,11.58,23.54,0.26,Neutro
2009-01-23,14.69,13.10,11.51,24.28,0.23,Neutro
2009-01-26,14.69,13.07,11.45,24.79,0.27,Neutro
2009-01-27,14.69,13.05,11.40,25.21,0.33,Neutro
2009-01-28,14.71,13.08,11.45,24.93,0.52,Neutro
2009-01-29,14.70,13.03,11.36,25.63,0.27,Neutro
2009-01-30,14.62,12.95,11.29,25.71,0.27,Neutro
2009-02-02,14.49,12.87,11.25,25.17,0.32,Neutro
2009-02-03,14.26,12.78,11.30,23.17,0.39,Neutro
2009-02-04,13.87,12.67,11.47,18.94,0.44,Neutro
2009-02-05,13.59,12.61,11.62,15.63,0.61,Neutro
2009-02-06,13.37,12.57,11.77,12.73,0.86,Neutro
2009-02-09,13.24,12.54,11.84,11.16,0.85,Neutro
2009-02-10,13.24,12.54,11.84,11.17,0.43,Neutro
2009-02-11,13.20,12.52,11.84,10.86,0.60,Neutro
2009-02-12,13.20,12.54,11.89,10.44,0.52,Neutro
2009-02-13,13.20,12.55,11.89,10.44,0.48,Neutro
2009-02-17,13.21,12.53,11.86,10.77,0.21,Neutro
2009-02-18,13.25,12.52,11.78,11.74,0.00,Sobrevendido
2009-02-19,13.59,12.38,11.18,19.46,0.00,Sobrevendido
2009-02-20,13.74,12.30,10.85,23.51,0.00,Sobrevendido
2009-02-23,13.91,12.19,10.47,28.21,0.00,Sobrevendido
2009-02-24,13.96,12.11,10.27,30.46,0.12,Neutro
2009-02-25,13.95,12.03,10.11,31.92,0.18,Neutro
2009-02-26,13.85,11.90,9.95,32.77,0.17,Neutro
2009-02-27,13.88,11.80,9.72,35.26,0.12,Neutro
2009-03-02,13.90,11.69,9.48,37.81,0.13,Neutro
2009-03-03,13.93,11.55,9.18,41.11,0.08,Neutro
2009-03-04,13.88,11.43,8.97,42.97,0.19,Neutro
2009-03-05,13.85,11.26,8.67,46.01,0.10,Neutro
2009-03-06,13.73,11.07,8.41,48.07,0.11,Neutro
2009-03-09,13.50,10.85,8.20,48.84,0.12,Neutro
2009-03-10,13.19,10.67,8.15,47.24,0.24,Neutro
2009-03-11,12.96,10.51,8.07,46.51,0.25,Neutro
2009-03-12,12.61,10.37,8.14,43.09,0.39,Neutro
2009-03-13,12.23,10.25,8.26,38.74,0.45,Neutro
2009-03-16,11.79,10.11,8.42,33.35,0.37,Neutro
2009-03-17,11.37,9.99,8.61,27.63,0.44,Neutro
2009-03-18,11.03,9.90,8.78,22.72,0.54,Neutro
2009-03-19,11.01,9.90,8.78,22.54,0.61,Neutro
2009-03-20,10.94,9.87,8.80,21.69,0.56,Neutro
2009-03-23,11.04,9.90,8.75,23.14,0.90,Neutro
2009-03-24,11.01,9.89,8.76,22.75,0.80,Neutro
2009-03-25,11.01,9.89,8.76,22.75,0.91,Neutro
2009-03-26,11.15,9.92,8.69,24.80,1.00,Sobrecomprado
2009-03-27,11.25,9.95,8.66,26.02,0.85,Neutro
2009-03-30,11.29,9.97,8.66,26.37,0.69,Neutro
2009-03-31,11.33,10.02,8.70,26.26,0.65,Neutro
2009-04-01,11.39,10.05,8.71,26.66,0.71,Neutro
2009-04-02,11.58,10.17,8.75,27.84,0.96,Neutro
2009-04-03,11.69,10.29,8.88,27.32,0.90,Neutro
2009-04-06,11.69,10.40,9.11,24.80,0.80,Neutro
2009-04-07,11.66,10.46,9.26,22.94,0.54,Neutro
2009-04-08,11.59,10.52,9.46,20.24,0.53,Neutro
2009-04-09,11.67,10.60,9.52,20.29,0.83,Neutro
2009-04-13,11.74,10.66,9.58,20.27,0.79,Neutro
2009-04-14,11.71,10.72,9.74,18.37,0.62,Neutro
2009-04-15,11.70,10.79,9.88,16.87,0.70,Neutro
2009-04-16,11.77,10.87,9.97,16.56,0.92,Neutro
2009-04-17,12.08,10.99,9.90,19.84,1.00,Sobrecomprado
2009-04-20,12.12,11.08,10.04,18.77,0.86,Neutro
2009-04-21,12.23,11.13,10.04,19.67,0.85,Neutro
2009-04-22,12.44,11.23,10.02,21.55,1.00,Sobrecomprado
2009-04-23,12.67,11.32,9.97,23.85,1.00,Neutro
2009-04-24,13.02,11.42,9.83,27.93,1.00,Sobrecomprado
2009-04-27,13.25,11.53,9.81,29.84,0.93,Neutro
2009-04-28,13.41,11.65,9.89,30.21,0.87,Neutro
2009-04-29,13.69,11.82,9.94,31.74,0.99,Neutro
2009-04-30,13.98,11.98,9.98,33.39,0.98,Neutro
2009-05-01,14.26,12.10,9.94,35.70,0.92,Neutro
2009-05-04,14.60,12.25,9.90,38.37,0.94,Neutro
2009-05-05,14.87,12.41,9.94,39.74,0.89,Neutro
2009-05-06,15.02,12.59,10.16,38.60,0.84,Neutro
2009-05-07,15.09,12.76,10.44,36.44,0.77,Neutro
2009-05-08,15.24,12.92,10.59,36.00,0.81,Neutro
2009-05-11,15.33,13.07,10.80,34.67,0.77,Neutro
2009-05-12,15.28,13.21,11.15,31.26,0.67,Neutro
2009-05-13,15.14,13.31,11.48,27.50,0.43,Neutro
2009-05-14,15.04,13.39,11.74,24.65,0.46,Neutro
2009-05-15,15.03,13.44,11.84,23.74,0.50,Neutro
2009-05-18,14.97,13.55,12.13,20.96,0.68,Neutro
2009-05-19,14.87,13.66,12.45,17.72,0.68,Neutro
2009-05-20,14.80,13.73,12.66,15.59,0.57,Neutro
2009-05-21,14.73,13.78,12.83,13.79,0.42,Neutro
2009-05-22,14.73,13.78,12.83,13.79,0.22,Neutro
2009-05-26,14.69,13.82,12.94,12.66,0.50,Neutro
2009-05-27,14.63,13.86,13.09,11.11,0.46,Neutro
2009-05-28,14.63,13.86,13.08,11.18,0.34,Neutro
2009-05-29,14.63,13.85,13.07,11.27,0.38,Neutro
2009-06-01,14.65,13.86,13.07,11.40,0.65,Neutro
2009-06-02,14.66,13.86,13.06,11.54,0.84,Neutro
2009-06-03,14.65,13.86,13.07,11.40,0.75,Neutro
2009-06-04,14.64,13.86,13.07,11.33,0.72,Neutro
2009-06-05,14.65,13.86,13.07,11.40,0.66,Neutro
2009-06-08,14.59,13.84,13.08,10.91,0.54,Neutro
2009-06-09,14.54,13.82,13.09,10.49,0.60,Neutro
2009-06-10,14.53,13.81,13.08,10.50,0.40,Neutro
2009-06-11,14.49,13.85,13.21,9.24,0.55,Neutro
2009-06-12,14.47,13.89,13.31,8.35,0.65,Neutro
2009-06-15,14.45,13.91,13.37,7.76,0.54,Neutro
2009-06-16,14.48,13.88,13.27,8.72,0.02,Neutro
2009-06-17,14.45,13.85,13.25,8.66,0.32,Neutro
2009-06-18,14.46,13.83,13.20,9.11,0.18,Neutro
2009-06-19,14.48,13.81,13.14,9.70,0.11,Neutro
2009-06-22,14.58,13.79,13.00,11.46,0.00,Sobrevendido
2009-06-23,14.77,13.71,12.64,15.54,0.00,Sobrevendido
2009-06-24,14.91,13.62,12.32,19.02,0.00,Sobrevendido
2009-06-25,14.97,13.55,12.14,20.88,0.07,Neutro
2009-06-26,14.98,13.50,12.02,21.93,0.19,Neutro
2009-06-29,14.92,13.44,11.97,21.95,0.33,Neutro
2009-06-30,14.79,13.37,11.95,21.24,0.36,Neutro
2009-07-01,14.67,13.31,11.95,20.44,0.40,Neutro
2009-07-02,14.56,13.22,11.89,20.19,0.22,Neutro
2009-07-06,14.45,13.15,11.85,19.78,0.28,Neutro
2009-07-07,14.36,13.08,11.80,19.57,0.29,Neutro
2009-07-08,14.24,13.00,11.77,18.99,0.28,Neutro
2009-07-09,14.17,12.94,11.71,19.01,0.27,Neutro
2009-07-10,14.02,12.88,11.74,17.70,0.43,Neutro
2009-07-13,13.86,12.84,11.82,15.89,0.72,Neutro
2009-07-14,13.88,12.84,11.81,16.12,1.00,Sobrecomprado
2009-07-15,14.11,12.90,11.68,18.84,1.00,Sobrecomprado
2009-07-16,14.27,12.93,11.59,20.72,1.00,Sobrecomprado
2009-07-17,14.45,12.98,11.51,22.65,0.97,Neutro
2009-07-20,14.57,13.02,11.47,23.81,0.86,Neutro
2009-07-21,14.76,13.10,11.44,25.34,0.88,Neutro
2009-07-22,14.92,13.22,11.51,25.80,0.87,Neutro
2009-07-23,16.32,13.53,10.74,41.24,1.00,Sobrecomprado
2009-07-24,17.45,13.86,10.26,51.89,1.00,Sobrecomprado
2009-07-27,18.00,14.10,10.21,55.23,0.94,Neutro
2009-07-28,18.52,14.34,10.17,58.22,0.91,Neutro
2009-07-29,19.01,14.59,10.18,60.51,0.88,Neutro
2009-07-30,19.46,14.84,10.23,62.18,0.85,Neutro
2009-07-31,19.90,15.15,10.39,62.79,0.86,Neutro
2009-08-03,20.28,15.45,10.61,62.59,0.83,Neutro
2009-08-04,20.59,15.76,10.92,61.38,0.80,Neutro
2009-08-05,20.79,16.06,11.33,58.90,0.77,Neutro
2009-08-06,20.89,16.37,11.85,55.22,0.74,Neutro
2009-08-07,20.96,16.67,12.39,51.40,0.74,Neutro
2009-08-10,20.98,16.93,12.89,47.77,0.69,Neutro
2009-08-11,20.98,17.14,13.30,44.81,0.63,Neutro
2009-08-12,20.97,17.34,13.71,41.87,0.64,Neutro
2009-08-13,20.95,17.56,14.17,38.60,0.68,Neutro
2009-08-14,20.76,17.72,14.68,34.31,0.46,Neutro
2009-08-17,20.43,17.85,15.26,28.97,0.28,Neutro
2009-08-18,20.02,17.99,15.96,22.57,0.29,Neutro
2009-08-19,19.36,18.13,16.90,13.57,0.18,Neutro
2009-08-20,19.36,18.08,16.80,14.16,0.20,Neutro
2009-08-21,19.27,18.04,16.80,13.70,0.47,Neutro
2009-08-24,19.26,18.05,16.83,13.47,0.38,Neutro
2009-08-25,19.27,18.07,16.86,13.34,0.54,Neutro
2009-08-26,19.30,18.09,16.88,13.38,0.62,Neutro
2009-08-27,19.37,18.12,16.87,13.80,0.75,Neutro
2009-08-28,19.52,18.16,16.81,14.92,0.94,Neutro
2009-08-31,19.54,18.17,16.80,15.08,0.72,Neutro
2009-09-01,19.52,18.16,16.80,14.98,0.61,Neutro
2009-09-02,19.50,18.15,16.81,14.82,0.61,Neutro
2009-09-03,19.52,18.16,16.80,14.98,0.71,Neutro
2009-09-04,19.51,18.16,16.80,14.93,0.68,Neutro
2009-09-08,19.53,18.17,16.80,15.03,0.69,Neutro
2009-09-09,19.60,18.20,16.80,15.38,0.73,Neutro
2009-09-10,19.62,18.21,16.81,15.43,0.64,Neutro
2009-09-11,19.60,18.20,16.81,15.33,0.63,Neutro
2009-09-14,19.63,18.26,16.89,15.00,0.66,Neutro
2009-09-15,19.52,18.36,17.20,12.63,0.63,Neutro
2009-09-16,19.47,18.45,17.42,11.11,0.69,Neutro
2009-09-17,19.40,18.52,17.63,9.56,0.61,Neutro
2009-09-18,19.27,18.58,17.90,7.37,0.58,Neutro
2009-09-21,19.23,18.61,17.99,6.66,0.42,Neutro
2009-09-22,19.17,18.63,18.09,5.80,0.00,Sobrevendido
2009-09-23,19.35,18.59,17.82,8.23,0.00,Sobrevendido
2009-09-24,19.59,18.51,17.43,11.67,0.00,Sobrevendido
2009-09-25,19.78,18.40,17.02,15.00,0.00,Sobrevendido
2009-09-28,19.73,18.28,16.84,15.81,0.04,Neutro
2009-09-29,19.71,18.21,16.70,16.53,0.17,Neutro
2009-09-30,19.69,18.16,16.63,16.85,0.29,Neutro
2009-10-01,19.70,18.08,16.47,17.86,0.15,Neutro
2009-10-02,19.66,17.99,16.31,18.62,0.16,Neutro
2009-10-05,19.60,17.92,16.23,18.81,0.29,Neutro
2009-10-06,19.50,17.86,16.21,18.43,0.39,Neutro
2009-10-07,19.37,17.78,16.20,17.82,0.39,Neutro
2009-10-08,19.28,17.73,16.19,17.43,0.44,Neutro
2009-10-09,19.20,17.70,16.20,16.95,0.57,Neutro
2009-10-12,19.11,17.67,16.23,16.30,0.65,Neutro
2009-10-13,19.00,17.64,16.27,15.48,0.62,Neutro
2009-10-14,18.93,17.62,16.31,14.87,0.84,Neutro
2009-10-15,18.90,17.61,16.32,14.65,0.87,Neutro
2009-10-16,18.86,17.60,16.35,14.26,0.85,Neutro
2009-10-19,18.88,17.61,16.33,14.48,0.89,Neutro
2009-10-20,18.93,17.62,16.32,14.81,0.79,Neutro
2009-10-21,19.03,17.68,16.33,15.27,0.79,Neutro
2009-10-22,19.11,17.76,16.41,15.20,0.81,Neutro
2009-10-23,19.07,17.84,16.61,13.79,0.56,Neutro
2009-10-26,19.05,17.89,16.73,12.97,0.59,Neutro
2009-10-27,19.21,17.84,16.47,15.36,0.00,Sobrevendido
2009-10-28,19.55,17.72,15.89,20.65,0.00,Sobrevendido
2009-10-29,19.68,17.66,15.63,22.94,0.00,Neutro
2009-10-30,19.82,17.58,15.35,25.42,0.02,Neutro
2009-11-02,19.93,17.49,15.05,27.90,0.07,Neutro
2009-11-03,19.99,17.39,14.79,29.90,0.13,Neutro
2009-11-04,20.06,17.28,14.51,32.11,0.13,Neutro
2009-11-05,20.04,17.19,14.34,33.15,0.25,Neutro
2009-11-06,19.98,17.09,14.20,33.82,0.29,Neutro
2009-11-09,19.87,16.99,14.12,33.84,0.36,Neutro
2009-11-10,19.77,16.89,14.01,34.10,0.33,Neutro
2009-11-11,19.56,16.78,14.00,33.13,0.42,Neutro
2009-11-12,19.33,16.67,14.01,31.92,0.42,Neutro
2009-11-13,19.08,16.56,14.04,30.44,0.45,Neutro
2009-11-16,18.80,16.46,14.13,28.36,0.55,Neutro
2009-11-17,18.53,16.38,14.22,26.32,0.55,Neutro
2009-11-18,18.18,16.26,14.34,23.61,0.48,Neutro
2009-11-19,17.71,16.10,14.50,19.93,0.29,Neutro
2009-11-20,17.36,15.96,14.56,17.54,0.20,Neutro
2009-11-23,16.85,15.80,14.75,13.29,0.08,Neutro
2009-11-24,16.90,15.72,14.53,15.08,0.00,Sobrevendido
2009-11-25,16.99,15.68,14.37,16.71,0.00,Sobrevendido
2009-11-27,17.08,15.61,14.13,18.90,0.01,Neutro
2009-11-30,17.13,15.55,13.97,20.32,0.11,Neutro
2009-12-01,17.16,15.51,13.85,21.35,0.19,Neutro
2009-12-02,17.17,15.46,13.74,22.19,0.21,Neutro
2009-12-03,17.22,15.40,13.57,23.71,0.14,Neutro
2009-12-04,17.20,15.33,13.45,24.47,0.23,Neutro
2009-12-07,17.15,15.26,13.37,24.77,0.31,Neutro
2009-12-08,17.05,15.17,13.30,24.72,0.30,Neutro
2009-12-09,16.97,15.09,13.21,24.91,0.30,Neutro
2009-12-10,16.80,14.99,13.19,24.08,0.33,Neutro
2009-12-11,16.62,14.91,13.20,22.94,0.39,Neutro
2009-12-14,16.41,14.83,13.25,21.31,0.47,Neutro
2009-12-15,16.03,14.72,13.41,17.80,0.44,Neutro
2009-12-16,15.59,14.62,13.66,13.20,0.53,Neutro
2009-12-17,15.17,14.54,13.91,8.67,0.48,Neutro
2009-12-18,14.97,14.49,14.02,6.55,0.49,Neutro
2009-12-21,14.89,14.48,14.07,5.66,0.91,Neutro
2009-12-22,14.92,14.48,14.05,6.01,1.00,Sobrecomprado
2009-12-23,15.06,14.52,13.98,7.44,1.00,Sobrecomprado
2009-12-24,15.14,14.56,13.97,8.04,0.93,Neutro
2009-12-28,15.22,14.61,13.99,8.42,0.96,Neutro
2009-12-29,15.35,14.66,13.97,9.41,1.00,Sobrecomprado
2009-12-30,15.46,14.70,13.95,10.27,0.95,Neutro
2009-12-31,15.51,14.74,13.96,10.52,0.75,Neutro
2010-01-04,15.55,14.80,14.05,10.13,0.85,Neutro
2010-01-05,15.63,14.86,14.08,10.43,0.91,Neutro
2010-01-06,15.64,14.88,14.12,10.21,0.57,Neutro
2010-01-07,15.64,14.90,14.17,9.86,0.50,Neutro
2010-01-08,15.61,14.93,14.25,9.11,0.40,Neutro
2010-01-11,15.59,14.94,14.30,8.63,0.29,Neutro
2010-01-12,15.58,14.95,14.32,8.43,0.25,Neutro
2010-01-13,15.59,14.96,14.34,8.35,0.54,Neutro
2010-01-14,15.59,14.99,14.40,7.94,0.61,Neutro
2010-01-15,15.61,15.02,14.43,7.86,0.72,Neutro
2010-01-19,15.68,15.08,14.47,8.03,0.98,Neutro
2010-01-20,15.68,15.13,14.57,7.34,0.79,Neutro
2010-01-21,15.72,15.16,14.60,7.39,0.77,Neutro
2010-01-22,15.72,15.17,14.61,7.32,0.57,Neutro
2010-01-25,15.72,15.16,14.61,7.32,0.49,Neutro
2010-01-26,15.72,15.16,14.60,7.39,0.34,Neutro
2010-01-27,15.72,15.16,14.59,7.46,0.42,Neutro
2010-01-28,15.69,15.13,14.58,7.33,0.33,Neutro
2010-01-29,15.69,15.09,14.49,7.95,0.06,Neutro
2010-02-01,15.69,15.08,14.48,8.02,0.41,Neutro
2010-02-02,15.66,15.07,14.47,7.90,0.39,Neutro
2010-02-03,15.60,15.04,14.48,7.45,0.48,Neutro
2010-02-04,15.61,15.02,14.44,7.79,0.17,Neutro
2010-02-05,15.62,15.01,14.40,8.13,0.17,Neutro
2010-02-08,15.62,15.01,14.39,8.20,0.28,Neutro
2010-02-09,15.67,15.05,14.42,8.31,0.83,Neutro
2010-02-10,15.72,15.09,14.46,8.35,0.83,Neutro
2010-02-11,15.84,15.13,14.42,9.38,1.00,Sobrecomprado
2010-02-12,16.08,15.19,14.30,11.72,1.00,Sobrecomprado
2010-02-16,16.40,15.27,14.13,14.87,1.00,Sobrecomprado
2010-02-17,16.60,15.32,14.04,16.72,1.00,Sobrecomprado
2010-02-18,16.71,15.36,14.00,17.64,0.86,Neutro
2010-02-19,16.84,15.40,13.97,18.63,0.84,Neutro
2010-02-22,16.96,15.46,13.97,19.34,0.82,Neutro
2010-02-23,17.03,15.51,14.00,19.53,0.70,Neutro
2010-02-24,17.09,15.57,14.05,19.53,0.68,Neutro
2010-02-25,17.15,15.63,14.10,19.52,0.69,Neutro
2010-02-26,17.16,15.67,14.18,19.02,0.56,Neutro
2010-03-01,17.15,15.75,14.34,17.85,0.61,Neutro
2010-03-02,17.18,15.81,14.44,17.33,0.66,Neutro
2010-03-03,17.24,15.89,14.54,16.99,0.74,Neutro
2010-03-04,17.29,15.97,14.65,16.53,0.74,Neutro
2010-03-05,17.35,16.09,14.83,15.66,0.92,Neutro
2010-03-08,17.37,16.22,15.08,14.12,0.92,Neutro
2010-03-09,17.41,16.36,15.31,12.84,1.00,Sobrecomprado
2010-03-10,17.58,16.47,15.36,13.48,1.00,Sobrecomprado
2010-03-11,17.69,16.57,15.46,13.46,0.96,Neutro
2010-03-12,17.82,16.66,15.51,13.86,0.91,Neutro
2010-03-15,17.95,16.73,15.50,14.65,0.88,Neutro
2010-03-16,18.19,16.80,15.41,16.55,1.00,Sobrecomprado
2010-03-17,18.38,16.87,15.37,17.84,0.91,Neutro
2010-03-18,18.55,16.96,15.38,18.69,0.86,Neutro
2010-03-19,18.72,17.06,15.40,19.46,0.87,Neutro
2010-03-22,18.95,17.17,15.39,20.73,0.92,Neutro
2010-03-23,19.17,17.31,15.45,21.49,0.92,Neutro
2010-03-24,19.29,17.43,15.58,21.28,0.80,Neutro
2010-03-25,19.35,17.54,15.73,20.63,0.75,Neutro
2010-03-26,19.32,17.67,16.02,18.68,0.70,Neutro
2010-03-29,19.28,17.79,16.29,16.81,0.72,Neutro
2010-03-30,19.23,17.90,16.56,14.92,0.69,Neutro
2010-03-31,19.14,17.97,16.80,13.02,0.54,Neutro
2010-04-01,19.02,18.04,17.06,10.86,0.49,Neutro
2010-04-05,19.04,18.12,17.20,10.15,0.81,Neutro
2010-04-06,19.00,18.18,17.36,9.02,0.68,Neutro
2010-04-07,18.97,18.22,17.47,8.23,0.50,Neutro
2010-04-08,18.95,18.25,17.55,7.67,0.52,Neutro
2010-04-09,18.91,18.28,17.65,6.89,0.40,Neutro
2010-04-12,18.86,18.30,17.74,6.12,0.27,Neutro
2010-04-13,18.81,18.32,17.82,5.40,0.18,Neutro
2010-04-14,18.82,18.32,17.83,5.40,0.49,Neutro
2010-04-15,18.90,18.36,17.83,5.83,0.95,Neutro
2010-04-16,19.01,18.41,17.80,6.57,1.00,Sobrecomprado
2010-04-19,19.38,18.49,17.60,9.63,1.00,Sobrecomprado
2010-04-20,19.63,18.55,17.46,11.70,1.00,Sobrecomprado
2010-04-21,19.73,18.58,17.42,12.43,0.89,Neutro
2010-04-22,20.02,18.66,17.30,14.58,1.00,Sobrecomprado
2010-04-23,20.31,18.76,17.20,16.58,1.00,Sobrecomprado
2010-04-26,20.63,18.87,17.12,18.60,1.00,Sobrecomprado
2010-04-27,20.81,18.96,17.12,19.46,0.85,Neutro
2010-04-28,20.96,19.05,17.15,20.00,0.80,Neutro
2010-04-29,21.06,19.16,17.26,19.83,0.77,Neutro
2010-04-30,21.07,19.24,17.40,19.08,0.59,Neutro
2010-05-03,21.18,19.31,17.45,19.31,0.75,Neutro
2010-05-04,21.21,19.38,17.54,18.94,0.59,Neutro
2010-05-05,21.19,19.44,17.69,18.01,0.51,Neutro
2010-05-06,21.15,19.48,17.80,17.20,0.37,Neutro
2010-05-07,21.11,19.50,17.89,16.51,0.22,Neutro
2010-05-10,21.04,19.58,18.12,14.92,0.51,Neutro
2010-05-11,20.93,19.67,18.41,12.81,0.57,Neutro
2010-05-12,20.95,19.79,18.62,11.78,0.87,Neutro
2010-05-13,20.94,19.85,18.77,10.93,0.64,Neutro
2010-05-14,20.92,19.90,18.88,10.25,0.55,Neutro
2010-05-17,20.96,19.92,18.88,10.44,0.70,Neutro
2010-05-18,20.96,19.93,18.89,10.39,0.53,Neutro
2010-05-19,20.97,19.95,18.93,10.23,0.49,Neutro
2010-05-20,20.94,19.92,18.89,10.29,0.32,Neutro
2010-05-21,20.90,19.86,18.83,10.42,0.25,Neutro
2010-05-24,20.79,19.80,18.81,10.00,0.26,Neutro
2010-05-25,20.82,19.71,18.60,11.26,0.00,Sobrevendido
2010-05-26,20.79,19.65,18.51,11.60,0.20,Neutro
2010-05-27,20.73,19.61,18.50,11.37,0.41,Neutro
2010-05-28,20.72,19.60,18.47,11.48,0.34,Neutro
2010-06-01,20.67,19.52,18.37,11.78,0.16,Neutro
2010-06-02,20.65,19.50,18.36,11.74,0.43,Neutro
2010-06-03,20.65,19.51,18.36,11.74,0.52,Neutro
2010-06-04,20.66,19.50,18.33,11.95,0.21,Neutro
2010-06-07,20.70,19.48,18.26,12.53,0.02,Neutro
2010-06-08,20.76,19.41,18.06,13.91,0.04,Neutro
2010-06-09,20.74,19.34,17.94,14.48,0.18,Neutro
2010-06-10,20.52,19.26,18.00,13.09,0.40,Neutro
2010-06-11,20.40,19.21,18.02,12.39,0.47,Neutro
2010-06-14,20.30,19.17,18.04,11.79,0.55,Neutro
2010-06-15,20.09,19.10,18.11,10.36,0.44,Neutro
2010-06-16,19.96,19.03,18.11,9.72,0.25,Neutro
2010-06-17,19.82,18.96,18.11,9.02,0.24,Neutro
2010-06-18,19.74,18.92,18.10,8.67,0.34,Neutro
2010-06-21,19.69,18.88,18.06,8.64,0.25,Neutro
2010-06-22,19.67,18.81,17.95,9.14,0.06,Neutro
2010-06-23,19.71,18.79,17.87,9.79,0.10,Neutro
2010-06-24,19.72,18.74,17.77,10.40,0.14,Neutro
2010-06-25,19.62,18.69,17.76,9.95,0.35,Neutro
2010-06-28,19.56,18.67,17.77,9.59,0.54,Neutro
2010-06-29,19.56,18.64,17.72,9.87,0.25,Neutro
2010-06-30,19.53,18.55,17.58,10.51,0.00,Sobrevendido
2010-07-01,19.43,18.44,17.45,10.74,0.00,Sobrevendido
2010-07-02,19.52,18.35,17.17,12.81,0.00,Sobrevendido
2010-07-06,19.69,18.26,16.83,15.66,0.00,Sobrevendido
2010-07-07,19.73,18.20,16.68,16.75,0.13,Neutro
2010-07-08,19.74,18.14,16.54,17.64,0.18,Neutro
2010-07-09,19.63,18.07,16.51,17.27,0.37,Neutro
2010-07-12,19.48,17.98,16.48,16.69,0.30,Neutro
2010-07-13,19.29,17.92,16.55,15.29,0.54,Neutro
2010-07-14,19.14,17.87,16.59,14.27,0.53,Neutro
2010-07-15,19.05,17.83,16.60,13.74,0.50,Neutro
2010-07-16,18.98,17.76,16.54,13.74,0.26,Neutro
2010-07-19,18.85,17.69,16.52,13.17,0.28,Neutro
2010-07-20,18.75,17.64,16.53,12.59,0.45,Neutro
2010-07-21,18.70,17.60,16.50,12.50,0.37,Neutro
2010-07-22,18.68,17.54,16.40,13.00,0.15,Neutro
2010-07-23,18.62,17.50,16.39,12.74,0.44,Neutro
2010-07-26,18.56,17.49,16.41,12.29,0.80,Neutro
2010-07-27,18.54,17.48,16.43,12.07,1.00,Sobrecomprado
2010-07-28,18.51,17.48,16.44,11.84,0.76,Neutro
2010-07-29,18.56,17.50,16.44,12.12,0.74,Neutro
2010-07-30,18.58,17.52,16.45,12.16,0.61,Neutro
2010-08-02,18.63,17.57,16.52,12.01,0.73,Neutro
2010-08-03,18.63,17.66,16.69,10.99,0.79,Neutro
2010-08-04,18.77,17.74,16.71,11.61,0.96,Neutro
2010-08-05,18.84,17.80,16.77,11.63,0.82,Neutro
2010-08-06,18.86,17.82,16.79,11.61,0.61,Neutro
2010-08-09,18.89,17.87,16.84,11.47,0.66,Neutro
2010-08-10,18.87,17.84,16.81,11.55,0.34,Neutro
2010-08-11,18.95,17.77,16.60,13.22,-0.00,Sobrevendido
2010-08-12,18.98,17.72,16.45,14.28,0.10,Neutro
2010-08-13,19.09,17.67,16.24,16.13,0.00,Sobrevendido
2010-08-16,19.16,17.62,16.09,17.42,0.07,Neutro
2010-08-17,19.20,17.57,15.94,18.56,0.14,Neutro
2010-08-18,19.24,17.52,15.80,19.64,0.15,Neutro
2010-08-19,19.34,17.47,15.60,21.41,0.03,Neutro
2010-08-20,19.41,17.39,15.37,23.24,0.10,Neutro
2010-08-23,19.39,17.26,15.13,24.68,0.12,Neutro
2010-08-24,19.28,17.10,14.91,25.56,0.10,Neutro
2010-08-25,19.24,16.96,14.69,26.82,0.15,Neutro
2010-08-26,19.16,16.83,14.50,27.69,0.18,Neutro
2010-08-27,19.09,16.71,14.34,28.42,0.22,Neutro
2010-08-30,18.96,16.56,14.15,29.05,0.17,Neutro
2010-08-31,18.77,16.39,14.01,29.04,0.18,Neutro
2010-09-01,18.38,16.24,14.10,26.35,0.38,Neutro
2010-09-02,17.98,16.10,14.22,23.35,0.38,Neutro
2010-09-03,17.64,16.00,14.37,20.43,0.52,Neutro
2010-09-07,17.15,15.88,14.60,16.06,0.41,Neutro
2010-09-08,16.81,15.79,14.77,12.92,0.50,Neutro
2010-09-09,16.69,15.74,14.79,12.07,0.45,Neutro
2010-09-10,16.53,15.69,14.86,10.64,0.51,Neutro
2010-09-13,16.49,15.68,14.87,10.33,0.65,Neutro
2010-09-14,16.41,15.65,14.90,9.65,0.56,Neutro
2010-09-15,16.31,15.63,14.95,8.70,0.68,Neutro
2010-09-16,16.19,15.57,14.96,7.90,0.24,Neutro
2010-09-17,16.18,15.57,14.95,7.90,0.50,Neutro
2010-09-20,16.20,15.57,14.95,8.03,0.78,Neutro
2010-09-21,16.21,15.58,14.95,8.09,0.63,Neutro
2010-09-22,16.22,15.60,14.97,8.02,0.58,Neutro
2010-09-23,16.22,15.60,14.99,7.88,0.43,Neutro
2010-09-24,16.32,15.65,14.99,8.50,0.96,Neutro
2010-09-27,16.40,15.69,14.99,8.98,0.89,Neutro
2010-09-28,16.45,15.76,15.08,8.69,0.96,Neutro
2010-09-29,16.49,15.85,15.21,8.08,1.00,Sobrecomprado
2010-09-30,16.52,15.87,15.22,8.19,0.75,Neutro
2010-10-01,16.58,15.90,15.23,8.49,0.81,Neutro
2010-10-04,16.57,15.90,15.23,8.43,0.54,Neutro
2010-10-05,16.68,15.95,15.22,9.16,0.95,Neutro
2010-10-06,16.77,15.99,15.20,9.82,0.91,Neutro
2010-10-07,16.87,16.04,15.21,10.35,0.89,Neutro
2010-10-08,16.98,16.10,15.21,11.00,0.91,Neutro
2010-10-11,17.09,16.15,15.20,11.71,0.90,Neutro
2010-10-12,17.12,16.18,15.24,11.62,0.66,Neutro
2010-10-13,17.16,16.22,15.27,11.66,0.68,Neutro
2010-10-14,17.15,16.29,15.44,10.50,0.77,Neutro
2010-10-15,17.16,16.35,15.55,9.85,0.75,Neutro
2010-10-18,17.21,16.40,15.59,9.88,0.80,Neutro
2010-10-19,17.22,16.45,15.68,9.36,0.74,Neutro
2010-10-20,17.22,16.51,15.81,8.54,0.75,Neutro
2010-10-21,17.09,16.56,16.03,6.40,0.52,Neutro
2010-10-22,17.09,16.58,16.07,6.15,0.50,Neutro
2010-10-25,17.08,16.58,16.08,6.03,0.27,Neutro
2010-10-26,17.09,16.58,16.06,6.21,0.18,Neutro
2010-10-27,17.10,16.56,16.03,6.46,0.24,Neutro
2010-10-28,17.09,16.57,16.05,6.28,0.21,Neutro
2010-10-29,17.09,16.57,16.04,6.34,0.20,Neutro
2010-11-01,17.06,16.58,16.09,5.85,0.08,Neutro
2010-11-02,17.05,16.57,16.09,5.79,0.46,Neutro
2010-11-03,17.05,16.57,16.08,5.86,0.45,Neutro
2010-11-04,17.18,16.60,16.01,7.05,1.00,Sobrecomprado
2010-11-05,17.35,16.63,15.92,8.60,1.00,Sobrecomprado
2010-11-08,17.51,16.67,15.83,10.08,1.00,Sobrecomprado
2010-11-09,17.63,16.72,15.81,10.89,0.91,Neutro
2010-11-10,17.73,16.76,15.80,11.51,0.87,Neutro
2010-11-11,17.81,16.80,15.79,12.02,0.82,Neutro
2010-11-12,17.85,16.82,15.80,12.19,0.69,Neutro
2010-11-15,17.88,16.84,15.80,12.35,0.70,Neutro
2010-11-16,17.92,16.86,15.80,12.57,0.67,Neutro
2010-11-17,17.95,16.88,15.81,12.68,0.66,Neutro
2010-11-18,17.98,16.91,15.84,12.65,0.66,Neutro
2010-11-19,18.01,16.94,15.88,12.57,0.63,Neutro
2010-11-22,18.02,16.99,15.95,12.19,0.60,Neutro
2010-11-23,18.01,17.03,16.05,11.51,0.57,Neutro
2010-11-24,17.99,17.07,16.16,10.72,0.52,Neutro
2010-11-26,17.94,17.11,16.27,9.76,0.40,Neutro
2010-11-29,17.89,17.16,16.42,8.57,0.56,Neutro
2010-11-30,17.77,17.21,16.64,6.57,0.50,Neutro
2010-12-01,17.73,17.25,16.78,5.51,0.69,Neutro
2010-12-02,17.65,17.30,16.96,3.99,0.83,Neutro
2010-12-03,17.69,17.32,16.95,4.27,0.92,Neutro
2010-12-06,17.75,17.33,16.91,4.85,1.00,Sobrecomprado
2010-12-07,17.84,17.35,16.86,5.65,1.00,Sobrecomprado
2010-12-08,17.92,17.37,16.82,6.33,1.00,Sobrecomprado
2010-12-09,18.04,17.40,16.76,7.36,1.00,Sobrecomprado
2010-12-10,18.25,17.45,16.66,9.11,1.00,Sobrecomprado
2010-12-13,18.40,17.51,16.62,10.16,0.98,Neutro
2010-12-14,18.54,17.57,16.60,11.04,0.95,Neutro
2010-12-15,18.65,17.63,16.61,11.57,0.87,Neutro
2010-12-16,18.76,17.69,16.63,12.04,0.86,Neutro
2010-12-17,18.85,17.75,16.65,12.39,0.84,Neutro
2010-12-20,18.94,17.82,16.69,12.63,0.82,Neutro
2010-12-21,19.05,17.90,16.74,12.91,0.86,Neutro
2010-12-22,19.14,17.98,16.81,12.96,0.85,Neutro
2010-12-23,19.20,18.06,16.92,12.62,0.81,Neutro
2010-12-27,19.23,18.16,17.09,11.79,0.84,Neutro
2010-12-28,19.28,18.24,17.21,11.35,0.84,Neutro
2010-12-29,19.27,18.33,17.38,10.31,0.79,Neutro
2010-12-30,19.27,18.40,17.52,9.51,0.74,Neutro
2010-12-31,19.21,18.43,17.66,8.41,0.41,Neutro
2011-01-03,19.20,18.50,17.80,7.57,0.78,Neutro
2011-01-04,19.15,18.54,17.92,6.64,0.50,Neutro
2011-01-05,19.13,18.58,18.02,5.98,0.68,Neutro
2011-01-06,19.08,18.60,18.12,5.16,0.28,Neutro
2011-01-07,19.04,18.62,18.20,4.51,0.35,Neutro
2011-01-10,19.06,18.63,18.21,4.56,0.67,Neutro
2011-01-11,19.06,18.65,18.25,4.34,0.62,Neutro
2011-01-12,19.08,18.68,18.27,4.34,0.79,Neutro
2011-01-13,19.11,18.71,18.30,4.33,0.86,Neutro
2011-01-14,19.16,18.74,18.31,4.54,0.92,Neutro
2011-01-18,19.21,18.77,18.33,4.69,0.90,Neutro
2011-01-19,19.22,18.79,18.36,4.58,0.59,Neutro
2011-01-20,19.25,18.80,18.36,4.73,0.78,Neutro
2011-01-21,19.28,18.82,18.36,4.89,0.78,Neutro
2011-01-24,19.37,18.85,18.32,5.57,1.00,Sobrecomprado
2011-01-25,19.51,18.88,18.26,6.62,1.00,Sobrecomprado
2011-01-26,19.73,18.94,18.14,8.40,1.00,Sobrecomprado
2011-01-27,19.95,19.00,18.05,10.00,1.00,Sobrecomprado
2011-01-28,20.05,19.04,18.04,10.55,0.86,Neutro
2011-01-31,20.11,19.12,18.12,10.41,0.84,Neutro
2011-02-01,20.26,19.18,18.10,11.26,0.94,Neutro
2011-02-02,20.31,19.24,18.17,11.12,0.75,Neutro
2011-02-03,20.37,19.29,18.22,11.14,0.75,Neutro
2011-02-04,20.40,19.37,18.35,10.58,0.78,Neutro
2011-02-07,20.47,19.46,18.45,10.38,0.89,Neutro
2011-02-08,20.57,19.54,18.51,10.54,0.90,Neutro
2011-02-09,20.66,19.62,18.59,10.55,0.88,Neutro
2011-02-10,20.74,19.70,18.66,10.56,0.87,Neutro
2011-02-11,20.82,19.77,18.73,10.57,0.84,Neutro
2011-02-14,20.89,19.85,18.80,10.53,0.83,Neutro
2011-02-15,20.95,19.92,18.89,10.34,0.81,Neutro
2011-02-16,21.01,20.02,19.03,9.89,0.94,Neutro
2011-02-17,21.12,20.12,19.12,9.94,0.99,Neutro
2011-02-18,21.21,20.23,19.25,9.69,0.98,Neutro
2011-02-22,21.18,20.28,19.39,8.83,0.61,Neutro
2011-02-23,21.15,20.31,19.46,8.32,0.40,Neutro
2011-02-24,21.16,20.32,19.49,8.22,0.47,Neutro
2011-02-25,21.16,20.34,19.51,8.11,0.51,Neutro
2011-02-28,21.14,20.36,19.58,7.66,0.44,Neutro
2011-03-01,21.14,20.36,19.57,7.71,0.13,Neutro
2011-03-02,21.15,20.35,19.54,7.91,0.22,Neutro
2011-03-03,21.13,20.37,19.61,7.46,0.43,Neutro
2011-03-04,21.11,20.39,19.67,7.06,0.35,Neutro
2011-03-07,21.12,20.39,19.66,7.16,0.18,Neutro
2011-03-08,21.12,20.39,19.66,7.16,0.42,Neutro
2011-03-09,21.11,20.38,19.66,7.11,0.43,Neutro
2011-03-10,21.11,20.37,19.63,7.27,0.31,Neutro
2011-03-11,21.10,20.35,19.59,7.42,0.26,Neutro
2011-03-14,21.09,20.32,19.56,7.53,0.34,Neutro
2011-03-15,21.11,20.28,19.44,8.24,0.06,Neutro
2011-03-16,21.14,20.21,19.29,9.15,0.01,Neutro
2011-03-17,21.09,20.13,19.18,9.49,0.06,Neutro
2011-03-18,20.93,20.05,19.16,8.83,0.16,Neutro
2011-03-21,20.70,19.97,19.24,7.31,0.23,Neutro
2011-03-22,20.63,19.92,19.21,7.13,0.23,Neutro
2011-03-23,20.61,19.89,19.17,7.24,0.27,Neutro
2011-03-24,20.57,19.86,19.15,7.15,0.30,Neutro
2011-03-25,20.50,19.82,19.13,6.91,0.30,Neutro
2011-03-28,20.44,19.78,19.12,6.67,0.32,Neutro
2011-03-29,20.44,19.77,19.10,6.78,0.35,Neutro
2011-03-30,20.43,19.76,19.09,6.78,0.43,Neutro
2011-03-31,20.36,19.73,19.10,6.39,0.45,Neutro
2011-04-01,20.31,19.72,19.12,6.04,0.66,Neutro
2011-04-04,20.33,19.72,19.11,6.19,0.77,Neutro
2011-04-05,20.28,19.71,19.14,5.78,0.74,Neutro
2011-04-06,20.24,19.70,19.16,5.48,0.89,Neutro
2011-04-07,20.28,19.71,19.14,5.78,1.00,Sobrecomprado
2011-04-08,20.30,19.71,19.13,5.93,0.79,Neutro
2011-04-11,20.33,19.72,19.11,6.19,0.93,Neutro
2011-04-12,20.46,19.77,19.08,6.98,1.00,Sobrecomprado
2011-04-13,20.59,19.84,19.09,7.56,1.00,Sobrecomprado
2011-04-14,20.73,19.91,19.09,8.24,1.00,Sobrecomprado
2011-04-15,20.96,20.00,19.04,9.60,1.00,Sobrecomprado
2011-04-18,21.09,20.07,19.04,10.22,0.94,Neutro
2011-04-19,21.26,20.15,19.04,11.02,0.96,Neutro
2011-04-20,21.60,20.27,18.94,13.12,1.00,Sobrecomprado
2011-04-21,22.38,20.46,18.54,18.77,1.00,Sobrecomprado
2011-04-25,22.95,20.66,18.37,22.17,1.00,Sobrecomprado
2011-04-26,23.54,20.88,18.22,25.48,1.00,Sobrecomprado
2011-04-27,24.05,21.11,18.16,27.91,1.00,Sobrecomprado
2011-04-28,24.61,21.36,18.10,30.48,1.00,Sobrecomprado
2011-04-29,25.08,21.61,18.13,32.17,0.94,Neutro
2011-05-02,25.42,21.83,18.24,32.89,0.86,Neutro
2011-05-03,25.66,22.03,18.41,32.90,0.79,Neutro
2011-05-04,25.83,22.24,18.64,32.33,0.75,Neutro
2011-05-05,25.95,22.42,18.90,31.44,0.71,Neutro
2011-05-06,26.13,22.64,19.14,30.88,0.77,Neutro
2011-05-09,26.22,22.86,19.49,29.44,0.74,Neutro
2011-05-10,26.35,23.09,19.84,28.19,0.78,Neutro
2011-05-11,26.39,23.31,20.22,26.47,0.73,Neutro
2011-05-12,26.49,23.55,20.60,25.01,0.81,Neutro
2011-05-13,26.46,23.75,21.05,22.78,0.72,Neutro
2011-05-16,26.36,23.92,21.49,20.36,0.64,Neutro
2011-05-17,26.07,24.08,22.09,16.53,0.50,Neutro
2011-05-18,25.68,24.23,22.77,12.01,0.47,Neutro
2011-05-19,25.32,24.35,23.38,7.97,0.49,Neutro
2011-05-20,25.27,24.38,23.48,7.34,0.31,Neutro
2011-05-23,25.23,24.39,23.56,6.85,0.14,Neutro
2011-05-24,25.27,24.37,23.47,7.39,0.06,Neutro
2011-05-25,25.28,24.36,23.43,7.60,0.20,Neutro
2011-05-26,25.25,24.33,23.40,7.60,0.35,Neutro
2011-05-27,25.21,24.30,23.39,7.49,0.41,Neutro
2011-05-31,25.26,24.32,23.38,7.73,0.75,Neutro
2011-06-01,25.33,24.27,23.22,8.69,0.00,Neutro
2011-06-02,25.40,24.23,23.07,9.62,0.04,Neutro
2011-06-03,25.51,24.17,22.84,11.05,0.00,Sobrevendido
2011-06-06,25.58,24.07,22.57,12.50,0.00,Sobrevendido
2011-06-07,25.64,23.97,22.29,13.98,0.02,Neutro
2011-06-08,25.62,23.83,22.03,15.07,0.03,Neutro
2011-06-09,25.59,23.70,21.81,15.95,0.09,Neutro
2011-06-10,25.43,23.51,21.58,16.38,0.02,Neutro
2011-06-13,25.28,23.36,21.44,16.44,0.14,Neutro
2011-06-14,25.12,23.27,21.42,15.90,0.36,Neutro
2011-06-15,25.03,23.18,21.33,15.96,0.28,Neutro
2011-06-16,24.92,23.11,21.30,15.66,0.38,Neutro
2011-06-17,24.75,23.02,21.30,14.98,0.38,Neutro
2011-06-20,24.63,22.97,21.31,14.45,0.49,Neutro
2011-06-21,24.59,22.96,21.32,14.24,0.68,Neutro
2011-06-22,24.55,22.94,21.33,14.04,0.58,Neutro
2011-06-23,24.50,22.92,21.34,13.79,0.66,Neutro
2011-06-24,24.41,22.89,21.38,13.24,0.70,Neutro
2011-06-27,24.33,22.87,21.41,12.77,0.81,Neutro
2011-06-28,24.22,22.86,21.49,11.94,1.00,Sobrecomprado
2011-06-29,24.38,22.90,21.42,12.92,0.93,Neutro
2011-06-30,24.60,22.97,21.34,14.19,0.95,Neutro
2011-07-01,24.97,23.09,21.20,16.33,1.00,Sobrecomprado
2011-07-05,25.27,23.21,21.15,17.75,0.94,Neutro
2011-07-06,25.49,23.34,21.19,18.42,0.87,Neutro
2011-07-07,25.67,23.48,21.29,18.65,0.84,Neutro
2011-07-08,25.75,23.60,21.45,18.22,0.73,Neutro
2011-07-11,25.65,23.71,21.77,16.36,0.54,Neutro
2011-07-12,25.55,23.80,22.04,14.75,0.44,Neutro
2011-07-13,25.54,23.85,22.16,14.17,0.49,Neutro
2011-07-14,25.48,23.88,22.28,13.40,0.21,Neutro
2011-07-15,25.43,23.92,22.42,12.58,0.39,Neutro
2011-07-18,25.36,23.96,22.55,11.73,0.26,Neutro
2011-07-19,25.34,24.01,22.68,11.08,0.52,Neutro
2011-07-20,25.38,24.06,22.73,11.01,0.67,Neutro
2011-07-21,25.40,24.05,22.69,11.27,0.11,Neutro
2011-07-22,25.45,24.02,22.59,11.91,0.09,Neutro
2011-07-25,25.54,23.97,22.40,13.10,0.03,Neutro
2011-07-26,25.67,23.89,22.11,14.90,0.00,Neutro
2011-07-27,25.74,23.76,21.78,16.67,0.02,Neutro
2011-07-28,25.81,23.63,21.46,18.41,0.05,Neutro
2011-07-29,25.77,23.51,21.25,19.23,0.15,Neutro
2011-08-01,25.60,23.34,21.09,19.32,0.16,Neutro
2011-08-02,25.39,23.18,20.97,19.07,0.18,Neutro
2011-08-03,25.13,23.06,21.00,17.91,0.39,Neutro
2011-08-04,24.94,22.86,20.79,18.15,0.03,Neutro
2011-08-05,24.84,22.65,20.47,19.29,0.00,Sobrevendido
2011-08-08,25.17,22.38,19.60,24.88,0.00,Sobrevendido
2011-08-09,25.08,22.23,19.37,25.69,0.18,Neutro
2011-08-10,25.03,22.00,18.97,27.54,0.06,Neutro
2011-08-11,24.97,21.86,18.75,28.45,0.22,Neutro
2011-08-12,24.77,21.70,18.63,28.30,0.28,Neutro
2011-08-15,24.58,21.57,18.57,27.86,0.37,Neutro
2011-08-16,24.19,21.42,18.65,25.86,0.43,Neutro
2011-08-17,23.61,21.24,18.88,22.27,0.42,Neutro
2011-08-18,23.41,21.06,18.71,22.32,0.15,Neutro
2011-08-19,23.20,20.88,18.56,22.22,0.15,Neutro
2011-08-22,22.99,20.74,18.50,21.64,0.28,Neutro
2011-08-23,22.83,20.68,18.53,20.79,0.54,Neutro
2011-08-24,22.72,20.63,18.55,20.21,0.56,Neutro
2011-08-25,22.59,20.56,18.54,19.70,0.43,Neutro
2011-08-26,22.45,20.51,18.58,18.86,0.61,Neutro
2011-08-29,22.40,20.50,18.60,18.53,0.78,Neutro
2011-08-30,22.36,20.49,18.62,18.25,0.78,Neutro
2011-08-31,22.07,20.43,18.78,16.10,0.79,Neutro
2011-09-01,22.09,20.44,18.78,16.20,0.69,Neutro
2011-09-02,22.10,20.44,18.79,16.19,0.53,Neutro
2011-09-06,21.93,20.52,19.12,13.69,0.34,Neutro
2011-09-07,21.96,20.55,19.13,13.77,0.65,Neutro
2011-09-08,21.90,20.61,19.32,12.52,0.50,Neutro
2011-09-09,21.91,20.61,19.31,12.62,0.28,Neutro
2011-09-12,21.91,20.61,19.31,12.62,0.38,Neutro
2011-09-13,21.94,20.62,19.31,12.75,0.68,Neutro
2011-09-14,22.08,20.67,19.25,13.69,0.92,Neutro
2011-09-15,22.42,20.75,19.09,16.05,1.00,Sobrecomprado
2011-09-16,22.72,20.93,19.13,17.16,1.00,Sobrecomprado
2011-09-19,22.91,21.10,19.30,17.10,0.98,Neutro
2011-09-20,23.06,21.25,19.44,17.04,0.88,Neutro
2011-09-21,23.15,21.31,19.47,17.27,0.72,Neutro
2011-09-22,23.15,21.32,19.49,17.17,0.42,Neutro
2011-09-23,23.13,21.36,19.60,16.52,0.45,Neutro
2011-09-26,23.15,21.39,19.63,16.45,0.54,Neutro
2011-09-27,23.27,21.44,19.61,17.07,0.79,Neutro
2011-09-28,23.33,21.47,19.62,17.28,0.69,Neutro
2011-09-29,23.43,21.52,19.62,17.70,0.73,Neutro
2011-09-30,23.44,21.55,19.66,17.54,0.51,Neutro
2011-10-03,23.44,21.55,19.66,17.54,0.24,Neutro
2011-10-04,23.41,21.65,19.89,16.26,0.61,Neutro
2011-10-05,23.51,21.73,19.95,16.38,0.73,Neutro
2011-10-06,23.66,21.86,20.05,16.52,0.86,Neutro
2011-10-07,23.59,21.98,20.37,14.65,0.68,Neutro
2011-10-10,23.84,22.17,20.50,15.06,1.00,Sobrecomprado
2011-10-11,24.14,22.33,20.51,16.26,1.00,Sobrecomprado
2011-10-12,24.45,22.45,20.45,17.82,0.96,Neutro
2011-10-13,24.61,22.51,20.41,18.66,0.83,Neutro
2011-10-14,24.84,22.58,20.33,19.97,0.89,Neutro
2011-10-17,24.93,22.63,20.32,20.37,0.73,Neutro
2011-10-18,25.07,22.69,20.31,20.98,0.76,Neutro
2011-10-19,25.17,22.77,20.37,21.08,0.69,Neutro
2011-10-20,25.32,22.94,20.57,20.70,0.83,Neutro
2011-10-21,25.39,23.10,20.80,19.87,0.75,Neutro
2011-10-24,25.52,23.25,20.99,19.48,0.81,Neutro
2011-10-25,25.60,23.33,21.06,19.46,0.66,Neutro
2011-10-26,25.64,23.42,21.21,18.91,0.64,Neutro
2011-10-27,25.78,23.54,21.30,19.03,0.77,Neutro
2011-10-28,25.75,23.68,21.61,17.48,0.68,Neutro
2011-10-31,25.33,23.86,22.39,12.32,0.58,Neutro
2011-11-01,25.16,23.92,22.68,10.37,0.23,Neutro
2011-11-02,25.05,23.99,22.93,8.84,0.50,Neutro
2011-11-03,25.08,24.06,23.05,8.44,0.76,Neutro
2011-11-04,24.88,24.15,23.42,6.05,0.62,Neutro
2011-11-07,24.88,24.14,23.41,6.09,0.35,Neutro
2011-11-08,24.89,24.15,23.41,6.13,0.57,Neutro
2011-11-09,24.96,24.09,23.22,7.22,0.00,Sobrevendido
2011-11-10,25.00,24.06,23.11,7.86,0.07,Neutro
2011-11-11,24.97,24.03,23.10,7.78,0.44,Neutro
2011-11-14,24.97,24.03,23.08,7.87,0.24,Neutro
2011-11-15,24.98,24.04,23.09,7.86,0.51,Neutro
2011-11-16,24.99,24.02,23.06,8.03,0.21,Neutro
2011-11-17,24.97,23.96,22.95,8.43,0.11,Neutro
2011-11-18,24.94,23.93,22.92,8.44,0.36,Neutro
2011-11-21,24.85,23.85,22.85,8.38,0.17,Neutro
2011-11-22,24.84,23.82,22.79,8.61,0.25,Neutro
2011-11-23,24.89,23.75,22.61,9.60,0.03,Neutro
2011-11-25,24.80,23.64,22.47,9.86,0.01,Neutro
2011-11-28,24.85,23.65,22.44,10.19,0.92,Neutro
2011-11-29,24.92,23.67,22.42,10.56,0.83,Neutro
2011-11-30,25.19,23.77,22.35,11.95,1.00,Sobrecomprado
2011-12-01,25.33,23.82,22.30,12.72,0.87,Neutro
2011-12-02,25.42,23.84,22.26,13.25,0.90,Neutro
2011-12-05,25.57,23.89,22.20,14.11,0.90,Neutro
2011-12-06,25.70,23.94,22.18,14.70,0.80,Neutro
2011-12-07,25.79,23.98,22.16,15.14,0.77,Neutro
2011-12-08,25.80,24.03,22.26,14.73,0.54,Neutro
2011-12-09,25.82,24.09,22.35,14.41,0.60,Neutro
2011-12-12,25.86,24.12,22.37,14.47,0.61,Neutro
2011-12-13,25.86,24.14,22.41,14.29,0.44,Neutro
2011-12-14,25.86,24.11,22.36,14.52,0.33,Neutro
2011-12-15,25.85,24.12,22.38,14.39,0.38,Neutro
2011-12-16,25.84,24.14,22.45,14.04,0.34,Neutro
2011-12-19,25.85,24.12,22.39,14.35,0.24,Neutro
2011-12-20,25.84,24.16,22.48,13.91,0.46,Neutro
2011-12-21,25.85,24.21,22.58,13.50,0.56,Neutro
2011-12-22,25.77,24.31,22.84,12.05,0.58,Neutro
2011-12-23,25.64,24.43,23.21,9.95,0.69,Neutro
2011-12-27,25.73,24.46,23.19,10.38,0.83,Neutro
2011-12-28,25.75,24.47,23.19,10.46,0.62,Neutro
2011-12-29,25.77,24.48,23.19,10.54,0.83,Neutro
2011-12-30,25.77,24.48,23.19,10.54,0.68,Neutro
2012-01-03,25.75,24.47,23.19,10.46,0.69,Neutro
2012-01-04,25.72,24.46,23.20,10.30,0.74,Neutro
2012-01-05,25.82,24.49,23.16,10.86,0.89,Neutro
2012-01-06,25.92,24.52,23.12,11.42,0.87,Neutro
2012-01-09,26.07,24.60,23.12,11.99,0.86,Neutro
2012-01-10,26.40,24.70,23.00,13.77,1.00,Sobrecomprado
2012-01-11,26.80,24.82,22.84,15.95,1.00,Sobrecomprado
2012-01-12,27.13,24.98,22.82,17.26,0.97,Neutro
2012-01-13,27.32,25.14,22.96,17.34,0.87,Neutro
2012-01-17,27.47,25.29,23.11,17.24,0.83,Neutro
2012-01-18,27.69,25.48,23.27,17.35,0.92,Neutro
2012-01-19,27.81,25.69,23.58,16.46,0.93,Neutro
2012-01-20,28.02,25.88,23.73,16.58,0.93,Neutro
2012-01-23,28.22,26.04,23.86,16.74,0.89,Neutro
2012-01-24,28.48,26.22,23.97,17.20,0.93,Neutro
2012-01-25,28.76,26.40,24.03,17.92,0.93,Neutro
2012-01-26,29.04,26.56,24.08,18.68,0.89,Neutro
2012-01-27,29.21,26.74,24.27,18.47,0.85,Neutro
2012-01-30,29.33,26.88,24.43,18.23,0.75,Neutro
2012-01-31,29.38,27.04,24.71,17.27,0.75,Neutro
2012-02-01,29.50,27.24,24.98,16.59,0.87,Neutro
2012-02-02,29.57,27.43,25.29,15.60,0.85,Neutro
2012-02-03,29.69,27.61,25.54,15.03,0.87,Neutro
2012-02-06,29.72,27.79,25.86,13.89,0.83,Neutro
2012-02-07,29.66,27.95,26.24,12.24,0.77,Neutro
2012-02-08,29.67,28.07,26.46,11.44,0.74,Neutro
2012-02-09,29.71,28.16,26.61,11.01,0.71,Neutro
2012-02-10,29.69,28.23,26.77,10.34,0.58,Neutro
2012-02-13,29.63,28.33,27.03,9.18,0.69,Neutro
2012-02-14,29.49,28.42,27.36,7.49,0.56,Neutro
2012-02-15,29.41,28.48,27.55,6.53,0.47,Neutro
2012-02-16,29.86,28.63,27.41,8.56,1.00,Sobrecomprado
2012-02-17,30.43,28.81,27.19,11.25,1.00,Sobrecomprado
2012-02-21,30.80,28.98,27.15,12.60,1.00,Sobrecomprado
2012-02-22,31.15,29.13,27.11,13.87,1.00,Neutro
2012-02-23,31.60,29.29,26.99,15.74,1.00,Sobrecomprado
2012-02-24,31.90,29.44,26.98,16.71,0.91,Neutro
2012-02-27,32.09,29.57,27.05,17.04,0.80,Neutro
2012-02-28,32.18,29.71,27.23,16.66,0.72,Neutro
2012-02-29,32.18,29.80,27.43,15.94,0.58,Neutro
2012-03-01,32.24,29.88,27.53,15.76,0.63,Neutro
2012-03-02,32.24,29.92,27.61,15.47,0.45,Neutro
2012-03-05,32.24,29.95,27.66,15.29,0.44,Neutro
2012-03-06,32.24,29.94,27.65,15.33,0.29,Neutro
2012-03-07,32.23,29.96,27.68,15.19,0.31,Neutro
2012-03-08,32.22,30.00,27.79,14.76,0.45,Neutro
2012-03-09,32.20,30.05,27.91,14.27,0.45,Neutro
2012-03-12,32.14,30.13,28.12,13.34,0.46,Neutro
2012-03-13,32.12,30.20,28.28,12.72,0.51,Neutro
2012-03-14,32.03,30.28,28.53,11.56,0.47,Neutro
2012-03-15,31.91,30.38,28.86,10.04,0.53,Neutro
2012-03-16,31.89,30.37,28.85,10.01,0.49,Neutro
2012-03-19,31.81,30.34,28.87,9.69,0.57,Neutro
2012-03-20,31.73,30.30,28.87,9.44,0.52,Neutro
2012-03-21,31.64,30.27,28.89,9.09,0.57,Neutro
2012-03-22,31.38,30.19,29.01,7.85,0.52,Neutro
2012-03-23,31.17,30.14,29.11,6.83,0.62,Neutro
2012-03-26,31.29,30.16,29.04,7.46,1.00,Sobrecomprado
2012-03-27,31.47,30.20,28.93,8.41,1.00,Sobrecomprado
2012-03-28,31.73,30.28,28.83,9.58,1.00,Sobrecomprado
2012-03-29,31.86,30.33,28.80,10.09,0.85,Neutro
2012-03-30,31.94,30.40,28.86,10.13,0.74,Neutro
2012-04-02,32.05,30.49,28.92,10.27,0.79,Neutro
2012-04-03,32.02,30.60,29.18,9.28,0.71,Neutro
2012-04-04,31.92,30.68,29.44,8.08,0.53,Neutro
2012-04-05,31.89,30.73,29.56,7.58,0.51,Neutro
2012-04-09,31.87,30.74,29.60,7.39,0.19,Neutro
2012-04-10,31.88,30.73,29.58,7.48,0.13,Neutro
2012-04-11,31.88,30.74,29.60,7.42,0.35,Neutro
2012-04-12,31.91,30.79,29.67,7.28,0.66,Neutro
2012-04-13,32.04,30.85,29.67,7.68,0.89,Neutro
2012-04-16,32.24,30.94,29.65,8.37,0.97,Neutro
2012-04-17,32.39,31.02,29.65,8.83,0.87,Neutro
2012-04-18,32.56,31.12,29.67,9.29,0.91,Neutro
2012-04-19,32.59,31.17,29.74,9.14,0.61,Neutro
2012-04-20,32.56,31.20,29.84,8.72,0.42,Neutro
2012-04-23,32.56,31.20,29.85,8.68,0.20,Neutro
2012-04-24,32.53,31.16,29.80,8.76,0.33,Neutro
2012-04-25,32.49,31.13,29.78,8.70,0.44,Neutro
2012-04-26,32.43,31.10,29.78,8.52,0.52,Neutro
2012-04-27,32.44,31.11,29.78,8.55,0.66,Neutro
2012-04-30,32.43,31.09,29.75,8.62,0.36,Neutro
2012-05-01,32.40,31.05,29.70,8.70,0.33,Neutro
2012-05-02,32.38,31.03,29.68,8.70,0.45,Neutro
2012-05-03,32.39,31.02,29.66,8.80,0.34,Neutro
2012-05-04,32.42,30.99,29.56,9.23,0.17,Neutro
2012-05-07,32.41,30.99,29.57,9.16,0.18,Neutro
2012-05-08,32.39,31.00,29.62,8.93,0.17,Neutro
2012-05-09,32.41,30.98,29.55,9.23,0.16,Neutro
2012-05-10,32.40,30.97,29.54,9.24,0.46,Neutro
2012-05-11,32.30,30.91,29.53,8.96,0.42,Neutro
2012-05-14,32.10,30.82,29.55,8.27,0.31,Neutro
2012-05-15,31.89,30.76,29.62,7.38,0.48,Neutro
2012-05-16,31.55,30.67,29.79,5.74,0.47,Neutro
2012-05-17,31.56,30.56,29.55,6.58,0.00,Sobrevendido
2012-05-18,31.59,30.48,29.36,7.32,0.00,Neutro
2012-05-21,31.60,30.45,29.31,7.52,0.26,Neutro
2012-05-22,31.57,30.43,29.29,7.49,0.40,Neutro
2012-05-23,31.52,30.40,29.29,7.33,0.52,Neutro
2012-05-24,31.45,30.38,29.31,7.04,0.68,Neutro
2012-05-25,31.26,30.33,29.41,6.10,0.61,Neutro
2012-05-29,31.35,30.36,29.37,6.52,0.92,Neutro
2012-05-30,31.38,30.37,29.36,6.65,0.75,Neutro
2012-05-31,31.38,30.37,29.36,6.65,0.76,Neutro
2012-06-01,31.36,30.35,29.34,6.66,0.41,Neutro
2012-06-04,31.39,30.33,29.26,7.02,0.13,Neutro
2012-06-05,31.44,30.29,29.13,7.63,0.09,Neutro
2012-06-06,31.44,30.28,29.11,7.70,0.32,Neutro
2012-06-07,31.44,30.27,29.10,7.73,0.35,Neutro
2012-06-08,31.40,30.26,29.11,7.57,0.61,Neutro
2012-06-11,31.35,30.22,29.09,7.48,0.41,Neutro
2012-06-12,31.35,30.22,29.09,7.48,0.50,Neutro
2012-06-13,31.31,30.20,29.09,7.35,0.59,Neutro
2012-06-14,31.42,30.23,29.04,7.87,0.92,Neutro
2012-06-15,31.63,30.36,29.08,8.40,1.00,Sobrecomprado
2012-06-18,31.86,30.49,29.11,9.02,1.00,Sobrecomprado
2012-06-19,32.24,30.62,29.00,10.58,1.00,Sobrecomprado
2012-06-20,32.58,30.74,28.90,11.97,1.00,Sobrecomprado
2012-06-21,32.70,30.81,28.91,12.30,0.77,Neutro
2012-06-22,32.89,30.88,28.88,12.98,0.85,Neutro
2012-06-25,32.99,30.95,28.91,13.18,0.70,Neutro
2012-06-26,33.13,31.00,28.88,13.71,0.80,Neutro
2012-06-27,33.37,31.10,28.83,14.60,0.88,Neutro
2012-06-28,33.73,31.23,28.73,16.01,0.94,Neutro
2012-06-29,34.11,31.41,28.71,17.19,0.95,Neutro
2012-07-02,34.37,31.62,28.88,17.36,0.89,Neutro
2012-07-03,34.63,31.87,29.10,17.35,0.93,Neutro
2012-07-05,34.85,32.08,29.31,17.27,0.87,Neutro
2012-07-06,35.04,32.30,29.56,16.97,0.86,Neutro
2012-07-09,35.17,32.47,29.77,16.63,0.78,Neutro
2012-07-10,35.14,32.65,30.16,15.25,0.70,Neutro
2012-07-11,35.01,32.80,30.58,13.51,0.56,Neutro
2012-07-12,34.84,32.93,31.02,11.60,0.53,Neutro
2012-07-13,34.81,33.05,31.29,10.65,0.68,Neutro
2012-07-16,34.76,33.11,31.46,9.97,0.43,Neutro
2012-07-17,34.75,33.18,31.61,9.46,0.61,Neutro
2012-07-18,34.82,33.25,31.68,9.44,0.70,Neutro
2012-07-19,35.05,33.16,31.27,11.40,0.00,Sobrevendido
2012-07-20,35.20,33.11,31.01,12.66,0.00,Sobrevendido
2012-07-23,35.35,33.03,30.71,14.05,0.01,Neutro
2012-07-24,35.48,32.97,30.47,15.19,0.03,Neutro
2012-07-25,35.59,32.89,30.20,16.39,0.09,Neutro
2012-07-26,35.64,32.80,29.95,17.35,0.16,Neutro
2012-07-27,35.57,32.71,29.84,17.52,0.31,Neutro
2012-07-30,35.47,32.57,29.67,17.81,0.25,Neutro
2012-07-31,35.37,32.42,29.48,18.17,0.23,Neutro
2012-08-01,35.16,32.24,29.33,18.08,0.23,Neutro
2012-08-02,34.92,32.08,29.23,17.74,0.27,Neutro
2012-08-03,34.60,31.95,29.30,16.59,0.47,Neutro
2012-08-06,34.31,31.84,29.37,15.52,0.48,Neutro
2012-08-07,34.06,31.74,29.43,14.59,0.50,Neutro
2012-08-08,33.89,31.66,29.42,14.12,0.43,Neutro
2012-08-09,33.71,31.56,29.41,13.62,0.40,Neutro
2012-08-10,33.34,31.42,29.49,12.25,0.33,Neutro
2012-08-13,33.13,31.31,29.50,11.59,0.36,Neutro
2012-08-14,32.68,31.19,29.70,9.56,0.44,Neutro
2012-08-15,31.84,31.05,30.26,5.09,0.51,Neutro
2012-08-16,31.89,31.08,30.27,5.21,0.75,Neutro
2012-08-17,32.02,31.14,30.26,5.65,0.96,Neutro
2012-08-20,32.03,31.16,30.30,5.55,0.53,Neutro
2012-08-21,32.11,31.23,30.34,5.67,0.89,Neutro
2012-08-22,32.18,31.29,30.39,5.72,0.84,Neutro
2012-08-23,32.25,31.34,30.43,5.81,0.81,Neutro
2012-08-24,32.31,31.36,30.40,6.09,0.84,Neutro
2012-08-27,32.38,31.40,30.42,6.24,0.77,Neutro
2012-08-28,32.57,31.49,30.41,6.86,1.00,Sobrecomprado
2012-08-29,32.74,31.59,30.44,7.28,1.00,Sobrecomprado
2012-08-30,32.82,31.68,30.53,7.23,0.85,Neutro
2012-08-31,33.04,31.74,30.44,8.19,1.00,Sobrecomprado
2012-09-04,33.34,31.83,30.32,9.49,1.00,Sobrecomprado
2012-09-05,33.61,31.92,30.22,10.62,0.98,Neutro
2012-09-06,33.97,32.05,30.13,11.98,1.00,Sobrecomprado
2012-09-07,34.19,32.18,30.18,12.46,0.89,Neutro
2012-09-10,34.31,32.32,30.34,12.28,0.82,Neutro
2012-09-11,34.37,32.46,30.54,11.80,0.78,Neutro
2012-09-12,34.44,32.59,30.74,11.35,0.77,Neutro
2012-09-13,34.50,32.72,30.95,10.85,0.79,Neutro
2012-09-14,34.64,32.86,31.07,10.86,0.87,Neutro
2012-09-17,34.79,32.97,31.15,11.04,0.83,Neutro
2012-09-18,34.81,33.11,31.42,10.24,0.79,Neutro
2012-09-19,34.96,33.25,31.53,10.32,0.89,Neutro
2012-09-20,35.05,33.38,31.70,10.04,0.83,Neutro
2012-09-21,35.10,33.50,31.91,9.52,0.80,Neutro
2012-09-24,35.14,33.64,32.13,8.95,0.83,Neutro
2012-09-25,35.09,33.77,32.44,7.85,0.81,Neutro
2012-09-26,35.09,33.85,32.62,7.30,0.71,Neutro
2012-09-27,35.18,33.96,32.75,7.15,0.90,Neutro
2012-09-28,35.15,34.09,33.02,6.25,0.88,Neutro
2012-10-01,35.18,34.18,33.17,5.88,0.85,Neutro
2012-10-02,35.22,34.24,33.26,5.72,0.79,Neutro
2012-10-03,35.38,34.33,33.29,6.09,1.00,Neutro
2012-10-04,35.69,34.43,33.17,7.32,1.00,Sobrecomprado
2012-10-05,35.96,34.55,33.13,8.19,1.00,Sobrecomprado
2012-10-08,36.14,34.67,33.19,8.51,0.95,Neutro
2012-10-09,36.19,34.77,33.35,8.17,0.78,Neutro
2012-10-10,36.17,34.85,33.53,7.58,0.64,Neutro
2012-10-11,36.14,34.92,33.70,6.99,0.57,Neutro
2012-10-12,36.12,34.94,33.76,6.75,0.39,Neutro
2012-10-15,36.10,34.96,33.81,6.55,0.30,Neutro
2012-10-16,36.07,35.00,33.93,6.11,0.47,Neutro
2012-10-17,36.08,35.02,33.97,6.02,0.52,Neutro
2012-10-18,36.10,35.07,34.04,5.87,0.66,Neutro
2012-10-19,36.23,35.15,34.07,6.15,0.91,Neutro
2012-10-22,36.24,35.19,34.13,6.00,0.60,Neutro
2012-10-23,36.23,35.21,34.19,5.79,0.42,Neutro
2012-10-24,36.19,35.23,34.28,5.42,0.31,Neutro
2012-10-25,36.19,35.24,34.30,5.36,0.43,Neutro
2012-10-26,36.19,35.25,34.31,5.33,0.35,Neutro
2012-10-31,36.19,35.27,34.34,5.25,0.52,Neutro
2012-11-01,36.25,35.32,34.39,5.27,0.79,Neutro
2012-11-02,36.25,35.30,34.35,5.38,0.31,Neutro
2012-11-05,36.16,35.26,34.36,5.10,0.46,Neutro
2012-11-06,36.10,35.25,34.39,4.85,0.85,Neutro
2012-11-07,36.00,35.19,34.38,4.60,0.25,Neutro
2012-11-08,35.96,35.14,34.32,4.67,0.20,Neutro
2012-11-09,35.97,35.11,34.24,4.93,0.17,Neutro
2012-11-12,36.04,35.06,34.08,5.59,0.01,Neutro
2012-11-13,36.10,35.02,33.95,6.14,0.02,Neutro
2012-11-14,36.14,35.00,33.86,6.51,0.08,Neutro
2012-11-15,36.24,34.93,33.63,7.47,0.00,Sobrevendido
2012-11-16,36.30,34.86,33.42,8.26,0.04,Neutro
2012-11-19,36.25,34.79,33.34,8.36,0.27,Neutro
2012-11-20,36.06,34.73,33.40,7.66,0.48,Neutro
2012-11-21,35.99,34.70,33.41,7.44,0.55,Neutro
2012-11-23,36.04,34.72,33.39,7.63,0.76,Neutro
2012-11-26,36.10,34.74,33.39,7.80,0.75,Neutro
2012-11-27,36.11,34.75,33.39,7.83,0.67,Neutro
2012-11-28,36.18,34.78,33.37,8.08,0.77,Neutro
2012-11-29,36.22,34.79,33.36,8.22,0.77,Neutro
2012-11-30,36.12,34.76,33.40,7.82,0.70,Neutro
2012-12-03,36.14,34.77,33.40,7.88,0.62,Neutro
2012-12-04,36.10,34.75,33.40,7.77,0.51,Neutro
2012-12-05,35.95,34.70,33.44,7.23,0.54,Neutro
2012-12-06,35.95,34.70,33.45,7.20,0.56,Neutro
2012-12-07,35.98,34.72,33.46,7.26,0.61,Neutro
2012-12-10,36.00,34.74,33.48,7.25,0.58,Neutro
2012-12-11,36.00,34.78,33.55,7.04,0.55,Neutro
2012-12-12,35.98,34.82,33.65,6.69,0.46,Neutro
2012-12-13,35.97,34.82,33.68,6.58,0.23,Neutro
2012-12-14,35.94,34.83,33.73,6.34,0.03,Neutro
2012-12-17,35.82,34.88,33.95,5.36,0.32,Neutro
2012-12-18,35.79,34.91,34.04,5.01,0.40,Neutro
2012-12-19,35.79,34.92,34.04,5.01,0.38,Neutro
2012-12-20,35.79,34.92,34.05,4.98,0.49,Neutro
2012-12-21,35.76,34.91,34.06,4.87,0.69,Neutro
2012-12-24,35.74,34.90,34.07,4.78,0.71,Neutro
2012-12-26,35.73,34.90,34.07,4.76,0.66,Neutro
2012-12-27,35.68,34.89,34.09,4.56,0.72,Neutro
2012-12-28,35.59,34.86,34.12,4.22,0.60,Neutro
2012-12-31,35.67,34.88,34.08,4.56,0.99,Neutro
2013-01-02,36.03,34.95,33.86,6.21,1.00,Sobrecomprado
2013-01-03,36.33,35.03,33.74,7.39,1.00,Sobrecomprado
2013-01-04,36.55,35.12,33.69,8.14,0.97,Neutro
2013-01-07,36.78,35.21,33.64,8.92,0.94,Neutro
2013-01-08,37.05,35.30,33.56,9.89,0.97,Neutro
2013-01-09,37.41,35.43,33.44,11.21,1.00,Sobrecomprado
2013-01-10,37.69,35.55,33.41,12.04,0.91,Neutro
2013-01-11,37.87,35.67,33.46,12.36,0.82,Neutro
2013-01-14,37.95,35.80,33.65,12.01,0.74,Neutro
2013-01-15,38.00,35.97,33.95,11.26,0.82,Neutro
2013-01-16,38.13,36.12,34.11,11.13,0.83,Neutro
2013-01-17,38.33,36.28,34.23,11.30,0.89,Neutro
2013-01-18,38.45,36.43,34.41,11.09,0.83,Neutro
2013-01-22,38.60,36.59,34.58,10.99,0.87,Neutro
2013-01-23,38.71,36.72,34.74,10.81,0.80,Neutro
2013-01-24,38.89,36.88,34.87,10.90,0.90,Neutro
2013-01-25,39.04,37.06,35.07,10.71,0.90,Neutro
2013-01-28,39.17,37.24,35.30,10.39,0.91,Neutro
2013-01-29,39.23,37.44,35.65,9.56,0.96,Neutro
2013-01-30,39.21,37.58,35.94,8.70,0.76,Neutro
2013-01-31,39.30,37.68,36.07,8.57,0.79,Neutro
2013-02-01,39.37,37.79,36.21,8.36,0.78,Neutro
2013-02-04,39.31,37.86,36.40,7.69,0.49,Neutro
2013-02-05,39.27,37.94,36.61,7.01,0.61,Neutro
2013-02-06,39.25,38.00,36.75,6.58,0.54,Neutro
2013-02-07,39.24,38.02,36.80,6.42,0.45,Neutro
2013-02-08,39.24,38.06,36.88,6.20,0.52,Neutro
2013-02-11,39.21,38.12,37.03,5.72,0.58,Neutro
2013-02-12,39.09,38.18,37.27,4.77,0.45,Neutro
2013-02-13,39.04,38.24,37.43,4.21,0.61,Neutro
2013-02-14,39.07,38.31,37.55,3.97,0.85,Neutro
2013-02-15,39.22,38.38,37.53,4.40,1.00,Sobrecomprado
2013-02-19,39.35,38.45,37.56,4.66,0.98,Neutro
2013-02-20,39.46,38.51,37.56,4.93,0.89,Neutro
2013-02-21,39.46,38.55,37.65,4.69,0.61,Neutro
2013-02-22,39.48,38.57,37.66,4.72,0.60,Neutro
2013-02-25,39.47,38.54,37.61,4.83,0.28,Neutro
2013-02-26,39.45,38.52,37.60,4.80,0.46,Neutro
2013-02-27,39.38,38.49,37.60,4.62,0.47,Neutro
2013-02-28,39.38,38.50,37.61,4.60,0.52,Neutro
2013-03-01,39.40,38.51,37.61,4.65,0.65,Neutro
2013-03-04,39.39,38.50,37.61,4.62,0.57,Neutro
2013-03-05,39.58,38.60,37.61,5.10,1.00,Sobrecomprado
2013-03-06,39.75,38.67,37.59,5.59,0.98,Neutro
2013-03-07,39.88,38.75,37.62,5.83,0.91,Neutro
2013-03-08,40.20,38.88,37.56,6.79,1.00,Sobrecomprado
2013-03-11,40.34,38.98,37.62,6.98,0.89,Neutro
2013-03-12,40.43,39.06,37.68,7.04,0.79,Neutro
2013-03-13,40.48,39.15,37.81,6.82,0.76,Neutro
2013-03-14,40.60,39.23,37.87,6.96,0.84,Neutro
2013-03-15,40.62,39.26,37.91,6.90,0.58,Neutro
2013-03-18,40.62,39.26,37.91,6.90,0.51,Neutro
2013-03-19,40.67,39.29,37.91,7.02,0.70,Neutro
2013-03-20,40.75,39.33,37.91,7.22,0.75,Neutro
2013-03-21,40.75,39.35,37.96,7.09,0.44,Neutro
2013-03-22,40.80,39.41,38.03,7.03,0.68,Neutro
2013-03-25,40.73,39.48,38.23,6.33,0.52,Neutro
2013-03-26,40.75,39.57,38.38,5.99,0.76,Neutro
2013-03-27,40.74,39.65,38.57,5.47,0.73,Neutro
2013-03-28,40.78,39.76,38.74,5.13,0.90,Neutro
2013-04-01,40.74,39.82,38.90,4.62,0.62,Neutro
2013-04-02,40.71,39.92,39.13,3.96,0.93,Neutro
2013-04-03,40.75,39.95,39.15,4.01,0.71,Neutro
2013-04-04,40.96,40.02,39.08,4.70,1.00,Sobrecomprado
2013-04-05,41.17,40.10,39.03,5.34,1.00,Sobrecomprado
2013-04-08,41.34,40.14,38.94,5.98,1.00,Sobrecomprado
2013-04-09,41.45,40.19,38.92,6.30,0.83,Neutro
2013-04-10,41.73,40.28,38.84,7.17,1.00,Sobrecomprado
2013-04-11,41.88,40.36,38.85,7.51,0.85,Neutro
2013-04-12,41.99,40.42,38.85,7.77,0.77,Neutro
2013-04-15,41.98,40.42,38.86,7.72,0.21,Neutro
2013-04-16,41.94,40.45,38.95,7.39,0.28,Neutro
2013-04-17,41.94,40.45,38.95,7.39,0.28,Neutro
2013-04-18,41.97,40.48,38.99,7.36,0.56,Neutro
2013-04-19,41.90,40.54,39.18,6.71,0.47,Neutro
2013-04-22,41.89,40.56,39.22,6.58,0.40,Neutro
2013-04-23,41.91,40.64,39.37,6.25,0.70,Neutro
2013-04-24,41.98,40.70,39.41,6.32,0.74,Neutro
2013-04-25,42.08,40.76,39.45,6.45,0.79,Neutro
2013-04-26,42.14,40.80,39.47,6.54,0.71,Neutro
2013-04-29,42.20,40.88,39.56,6.46,0.74,Neutro
2013-04-30,42.26,40.92,39.58,6.55,0.69,Neutro
2013-05-01,42.25,40.92,39.59,6.50,0.27,Neutro
2013-05-02,42.23,40.90,39.57,6.50,0.42,Neutro
2013-05-03,42.53,40.97,39.42,7.59,1.00,Sobrecomprado
2013-05-06,42.69,41.02,39.35,8.14,0.91,Neutro
2013-05-07,43.06,41.13,39.20,9.38,1.00,Sobrecomprado
2013-05-08,43.41,41.22,39.03,10.63,1.00,Sobrecomprado
2013-05-09,43.68,41.31,38.93,11.50,0.91,Neutro
2013-05-10,44.08,41.44,38.80,12.74,0.97,Neutro
2013-05-13,44.33,41.65,38.97,12.87,0.90,Neutro
2013-05-14,44.80,41.91,39.02,13.79,1.00,Sobrecomprado
2013-05-15,45.11,42.15,39.19,14.05,0.93,Neutro
2013-05-16,45.41,42.34,39.28,14.48,0.86,Neutro
2013-05-17,45.71,42.57,39.43,14.75,0.88,Neutro
2013-05-20,45.88,42.79,39.71,14.42,0.81,Neutro
2013-05-21,46.10,42.98,39.86,14.52,0.81,Neutro
2013-05-22,46.18,43.12,40.06,14.19,0.67,Neutro
2013-05-23,46.28,43.26,40.25,13.94,0.68,Neutro
2013-05-24,46.27,43.39,40.50,13.30,0.58,Neutro
2013-05-28,46.39,43.56,40.73,12.99,0.75,Neutro
2013-05-29,46.34,43.69,41.04,12.13,0.55,Neutro
2013-05-30,46.00,43.88,41.75,9.69,0.57,Neutro
2013-05-31,45.54,44.03,42.52,6.86,0.38,Neutro
2013-06-03,45.47,44.07,42.67,6.35,0.29,Neutro
2013-06-04,45.35,44.10,42.85,5.67,0.08,Neutro
2013-06-05,45.41,44.08,42.76,6.01,0.01,Neutro
2013-06-06,45.44,44.13,42.82,5.94,0.64,Neutro
2013-06-07,45.55,44.23,42.90,5.99,0.86,Neutro
2013-06-10,45.74,44.31,42.88,6.45,0.92,Neutro
2013-06-11,45.80,44.36,42.93,6.47,0.69,Neutro
2013-06-12,45.78,44.36,42.93,6.43,0.62,Neutro
2013-06-13,45.89,44.39,42.89,6.76,0.85,Neutro
2013-06-14,45.95,44.42,42.89,6.89,0.71,Neutro
2013-06-17,45.99,44.43,42.88,7.00,0.77,Neutro
2013-06-18,46.31,44.52,42.73,8.04,1.00,Sobrecomprado
2013-06-19,46.28,44.46,42.65,8.16,0.31,Neutro
2013-06-20,46.34,44.40,42.46,8.74,0.11,Neutro
2013-06-21,46.34,44.36,42.38,8.93,0.29,Neutro
2013-06-24,46.34,44.34,42.34,9.02,0.30,Neutro
2013-06-25,46.28,44.30,42.31,8.96,0.44,Neutro
2013-06-26,46.28,44.29,42.31,8.96,0.40,Neutro
2013-06-27,46.28,44.30,42.31,8.96,0.49,Neutro
2013-06-28,46.30,44.34,42.37,8.86,0.53,Neutro
2013-07-01,46.43,44.44,42.45,8.96,0.77,Neutro
2013-07-02,46.52,44.57,42.62,8.75,0.79,Neutro
2013-07-03,46.51,44.71,42.90,8.08,0.73,Neutro
2013-07-05,46.64,44.77,42.90,8.35,0.78,Neutro
2013-07-08,46.72,44.80,42.88,8.57,0.77,Neutro
2013-07-09,46.80,44.83,42.85,8.81,0.81,Neutro
2013-07-10,46.95,44.89,42.83,9.18,0.80,Neutro
2013-07-11,47.18,44.98,42.79,9.76,0.87,Neutro
2013-07-12,47.34,45.04,42.75,10.19,0.83,Neutro
2013-07-15,47.46,45.10,42.74,10.47,0.75,Neutro
2013-07-16,47.48,45.11,42.75,10.48,0.58,Neutro
2013-07-17,47.35,45.06,42.77,10.16,0.56,Neutro
2013-07-18,47.34,45.13,42.93,9.77,0.52,Neutro
2013-07-19,47.18,45.22,43.27,8.65,0.37,Neutro
2013-07-22,47.09,45.28,43.46,8.02,0.30,Neutro
2013-07-23,47.00,45.31,43.63,7.44,0.20,Neutro
2013-07-24,46.98,45.33,43.67,7.30,0.19,Neutro
2013-07-25,46.90,45.37,43.83,6.77,0.28,Neutro
2013-07-26,46.86,45.40,43.93,6.45,0.32,Neutro
2013-07-29,46.85,45.41,43.97,6.34,0.25,Neutro
2013-07-30,46.83,45.38,43.92,6.41,0.34,Neutro
2013-07-31,46.80,45.33,43.86,6.49,0.32,Neutro
2013-08-01,46.82,45.34,43.86,6.53,0.63,Neutro
2013-08-02,46.88,45.36,43.85,6.68,0.78,Neutro
2013-08-05,47.01,45.40,43.80,7.07,0.88,Neutro
2013-08-06,47.07,45.42,43.77,7.27,0.81,Neutro
2013-08-07,47.02,45.40,43.78,7.14,0.58,Neutro
2013-08-08,46.86,45.34,43.83,6.68,0.56,Neutro
2013-08-09,46.70,45.29,43.88,6.23,0.55,Neutro
2013-08-12,46.60,45.26,43.91,5.94,0.64,Neutro
2013-08-13,46.66,45.28,43.90,6.10,0.76,Neutro
2013-08-14,46.72,45.31,43.90,6.22,0.74,Neutro
2013-08-15,46.73,45.27,43.81,6.45,0.22,Neutro
2013-08-16,46.75,45.26,43.77,6.58,0.22,Neutro
2013-08-19,46.74,45.29,43.83,6.43,0.44,Neutro
2013-08-20,46.72,45.34,43.96,6.09,0.54,Neutro
2013-08-21,46.69,45.39,44.10,5.71,0.46,Neutro
2013-08-22,46.71,45.45,44.19,5.54,0.63,Neutro
2013-08-23,46.73,45.50,44.26,5.43,0.64,Neutro
2013-08-26,46.74,45.55,44.36,5.22,0.62,Neutro
2013-08-27,46.74,45.55,44.36,5.22,0.22,Neutro
2013-08-28,46.75,45.55,44.34,5.29,0.14,Neutro
2013-08-29,46.73,45.52,44.30,5.34,0.34,Neutro
2013-08-30,46.70,45.42,44.15,5.61,0.08,Neutro
2013-09-03,46.51,45.33,44.16,5.18,0.27,Neutro
2013-09-04,46.33,45.27,44.22,4.66,0.50,Neutro
2013-09-05,46.31,45.26,44.22,4.62,0.56,Neutro
2013-09-06,46.29,45.25,44.21,4.60,0.53,Neutro
2013-09-09,46.38,45.28,44.19,4.84,0.85,Neutro
2013-09-10,46.63,45.34,44.06,5.67,1.00,Sobrecomprado
2013-09-11,46.85,45.39,43.93,6.43,1.00,Sobrecomprado
2013-09-12,46.96,45.42,43.88,6.78,0.90,Neutro
2013-09-13,47.17,45.55,43.93,7.11,0.94,Neutro
2013-09-16,47.38,45.69,44.00,7.40,0.95,Neutro
2013-09-17,47.73,45.82,43.92,8.31,1.00,Sobrecomprado
2013-09-18,48.39,46.01,43.62,10.37,1.00,Sobrecomprado
2013-09-19,49.11,46.23,43.35,12.46,1.00,Sobrecomprado
2013-09-20,49.41,46.37,43.32,13.13,0.86,Neutro
2013-09-23,49.72,46.51,43.30,13.80,0.85,Neutro
2013-09-24,49.93,46.64,43.34,14.13,0.76,Neutro
2013-09-25,50.05,46.80,43.55,13.89,0.70,Neutro
2013-09-26,50.11,46.97,43.83,13.37,0.69,Neutro
2013-09-27,50.15,47.11,44.07,12.91,0.63,Neutro
2013-09-30,50.04,47.28,44.52,11.68,0.59,Neutro
2013-10-01,49.94,47.43,44.92,10.58,0.57,Neutro
2013-10-02,49.83,47.53,45.24,9.66,0.46,Neutro
2013-10-03,49.72,47.59,45.46,8.95,0.24,Neutro
2013-10-04,49.54,47.66,45.78,7.89,0.29,Neutro
2013-10-07,49.53,47.67,45.81,7.80,0.10,Neutro
2013-10-08,49.73,47.59,45.44,9.02,0.00,Sobrevendido
2013-10-09,49.91,47.49,45.07,10.19,0.00,Sobrevendido
2013-10-10,49.96,47.45,44.94,10.58,0.17,Neutro
2013-10-11,49.96,47.45,44.94,10.58,0.41,Neutro
2013-10-14,49.95,47.43,44.91,10.63,0.39,Neutro
2013-10-15,49.91,47.38,44.84,10.70,0.36,Neutro
2013-10-16,49.68,47.26,44.84,10.24,0.38,Neutro
2013-10-17,49.36,47.02,44.68,9.95,0.06,Neutro
2013-10-18,49.18,46.87,44.56,9.86,0.22,Neutro
2013-10-21,48.94,46.69,44.44,9.64,0.16,Neutro
2013-10-22,48.73,46.54,44.35,9.41,0.22,Neutro
2013-10-23,48.51,46.44,44.38,8.89,0.42,Neutro
2013-10-24,48.29,46.38,44.46,8.26,0.62,Neutro
2013-10-25,48.13,46.33,44.53,7.77,0.68,Neutro
2013-10-28,48.02,46.30,44.58,7.43,0.74,Neutro
2013-10-29,47.91,46.27,44.64,7.07,0.79,Neutro
2013-10-30,47.80,46.24,44.67,6.77,0.63,Neutro
2013-10-31,47.79,46.23,44.67,6.75,0.53,Neutro
2013-11-01,47.72,46.19,44.66,6.62,0.47,Neutro
2013-11-04,47.78,46.22,44.67,6.73,0.68,Neutro
2013-11-05,47.76,46.28,44.81,6.37,0.55,Neutro
2013-11-06,47.70,46.35,44.99,5.85,0.46,Neutro
2013-11-07,47.74,46.32,44.89,6.15,0.11,Neutro
2013-11-08,47.66,46.26,44.86,6.05,0.37,Neutro
2013-11-11,47.60,46.23,44.86,5.93,0.51,Neutro
2013-11-12,47.57,46.21,44.86,5.86,0.54,Neutro
2013-11-13,47.56,46.21,44.86,5.84,0.64,Neutro
2013-11-14,47.48,46.27,45.06,5.23,0.49,Neutro
2013-11-15,47.50,46.33,45.15,5.07,0.65,Neutro
2013-11-18,47.44,46.39,45.34,4.53,0.57,Neutro
2013-11-19,47.38,46.46,45.54,3.96,0.59,Neutro
2013-11-20,47.39,46.48,45.58,3.89,0.57,Neutro
2013-11-21,47.42,46.50,45.57,3.98,0.81,Neutro
2013-11-22,47.50,46.52,45.53,4.24,0.93,Neutro
2013-11-25,47.56,46.53,45.50,4.43,0.94,Neutro
2013-11-26,47.71,46.56,45.41,4.94,1.00,Sobrecomprado
2013-11-27,48.02,46.64,45.26,5.92,1.00,Sobrecomprado
2013-11-29,48.20,46.72,45.24,6.34,0.90,Neutro
2013-12-02,48.23,46.77,45.31,6.24,0.64,Neutro
2013-12-03,48.25,46.78,45.32,6.26,0.57,Neutro
2013-12-04,48.26,46.80,45.35,6.22,0.51,Neutro
2013-12-05,48.27,46.84,45.41,6.11,0.54,Neutro
2013-12-06,48.18,46.95,45.72,5.24,0.70,Neutro
2013-12-09,48.27,47.06,45.85,5.14,0.90,Neutro
2013-12-10,48.35,47.14,45.93,5.13,0.81,Neutro
2013-12-11,48.38,47.21,46.04,4.96,0.71,Neutro
2013-12-12,48.42,47.27,46.11,4.89,0.72,Neutro
2013-12-13,48.43,47.35,46.27,4.56,0.75,Neutro
2013-12-16,48.54,47.43,46.32,4.68,0.88,Neutro
2013-12-17,48.57,47.51,46.45,4.46,0.78,Neutro
2013-12-18,48.83,47.63,46.44,5.02,1.00,Sobrecomprado
2013-12-19,48.79,47.70,46.60,4.59,0.59,Neutro
2013-12-20,48.94,47.78,46.62,4.86,0.94,Neutro
2013-12-23,49.17,47.87,46.58,5.41,1.00,Neutro
2013-12-24,49.47,47.98,46.49,6.21,1.00,Sobrecomprado
2013-12-26,49.72,48.07,46.42,6.87,0.97,Neutro
2013-12-27,49.92,48.14,46.35,7.42,0.90,Neutro
2013-12-30,50.11,48.22,46.33,7.84,0.85,Neutro
2013-12-31,50.28,48.34,46.41,8.01,0.85,Neutro
2014-01-02,50.29,48.44,46.60,7.62,0.66,Neutro
2014-01-03,50.25,48.55,46.86,6.98,0.63,Neutro
2014-01-06,50.15,48.62,47.10,6.27,0.41,Neutro
2014-01-07,50.10,48.68,47.26,5.83,0.47,Neutro
2014-01-08,50.09,48.70,47.31,5.71,0.41,Neutro
2014-01-09,50.08,48.72,47.35,5.60,0.30,Neutro
2014-01-10,50.04,48.75,47.46,5.29,0.34,Neutro
2014-01-13,50.05,48.74,47.44,5.35,0.10,Neutro
2014-01-14,50.06,48.74,47.42,5.42,0.15,Neutro
2014-01-15,50.09,48.71,47.34,5.65,0.15,Neutro
2014-01-16,50.09,48.72,47.36,5.60,0.35,Neutro
2014-01-17,50.05,48.69,47.33,5.59,0.39,Neutro
2014-01-21,50.03,48.72,47.42,5.36,0.44,Neutro
2014-01-22,50.03,48.72,47.42,5.36,0.51,Neutro
2014-01-23,49.98,48.69,47.40,5.30,0.44,Neutro
2014-01-24,49.94,48.57,47.21,5.62,0.03,Neutro
2014-01-27,49.93,48.43,46.93,6.19,0.00,Sobrevendido
2014-01-28,49.80,48.32,46.83,6.15,0.15,Neutro
2014-01-29,49.74,48.16,46.58,6.56,0.00,Sobrevendido
2014-01-30,49.58,48.00,46.42,6.58,0.02,Neutro
2014-01-31,49.54,47.86,46.19,7.00,0.03,Neutro
2014-02-03,49.68,47.67,45.65,8.45,0.00,Sobrevendido
2014-02-04,49.72,47.52,45.32,9.26,0.05,Neutro
2014-02-05,49.69,47.37,45.05,9.80,0.09,Neutro
2014-02-06,49.58,47.24,44.91,9.88,0.23,Neutro
2014-02-07,49.48,47.15,44.83,9.86,0.34,Neutro
2014-02-10,49.34,47.05,44.77,9.71,0.34,Neutro
2014-02-11,49.27,47.00,44.73,9.66,0.42,Neutro
2014-02-12,49.18,46.93,44.69,9.57,0.40,Neutro
2014-02-13,49.11,46.90,44.68,9.45,0.51,Neutro
2014-02-14,49.45,46.97,44.48,10.58,1.00,Sobrecomprado
2014-02-18,49.70,47.03,44.35,11.38,0.98,Neutro
2014-02-19,49.87,47.07,44.27,11.90,0.92,Neutro
2014-02-20,50.06,47.11,44.17,12.50,0.93,Neutro
2014-02-21,50.42,47.20,43.98,13.64,0.98,Neutro
2014-02-24,50.92,47.37,43.81,15.01,0.95,Neutro
2014-02-25,51.29,47.54,43.79,15.78,0.85,Neutro
2014-02-26,51.55,47.67,43.78,16.30,0.78,Neutro
2014-02-27,51.78,47.83,43.88,16.52,0.75,Neutro
2014-02-28,52.01,48.01,44.00,16.69,0.74,Neutro
2014-03-03,52.17,48.18,44.18,16.58,0.70,Neutro
2014-03-04,52.45,48.50,44.54,16.31,0.87,Neutro
2014-03-05,52.63,48.78,44.92,15.81,0.80,Neutro
2014-03-06,52.66,49.04,45.42,14.76,0.74,Neutro
2014-03-07,52.74,49.30,45.86,13.95,0.78,Neutro
2014-03-10,52.81,49.55,46.29,13.16,0.77,Neutro
2014-03-11,52.71,49.78,46.84,11.79,0.69,Neutro
2014-03-12,52.56,49.99,47.41,10.30,0.68,Neutro
2014-03-13,52.17,50.19,48.21,7.89,0.60,Neutro
2014-03-14,51.63,50.37,49.11,5.00,0.53,Neutro
2014-03-17,51.65,50.42,49.18,4.90,0.63,Neutro
2014-03-18,51.77,50.51,49.26,4.97,0.88,Neutro
2014-03-19,52.22,50.68,49.15,6.06,1.00,Sobrecomprado
2014-03-20,52.61,50.85,49.09,6.92,1.00,Sobrecomprado
2014-03-21,52.91,50.97,49.03,7.61,0.96,Neutro
2014-03-24,53.10,51.07,49.03,7.97,0.85,Neutro
2014-03-25,53.23,51.17,49.12,8.03,0.76,Neutro
2014-03-26,53.26,51.28,49.29,7.74,0.68,Neutro
2014-03-27,53.23,51.37,49.51,7.24,0.58,Neutro
2014-03-28,53.20,51.46,49.71,6.78,0.56,Neutro
2014-03-31,53.21,51.60,49.98,6.26,0.80,Neutro
2014-04-01,53.53,51.70,49.88,7.06,1.00,Neutro
2014-04-02,53.74,51.81,49.88,7.45,0.88,Neutro
2014-04-03,53.90,51.94,49.97,7.57,0.84,Neutro
2014-04-04,53.98,52.01,50.05,7.56,0.69,Neutro
2014-04-07,54.02,52.07,50.12,7.49,0.58,Neutro
2014-04-08,54.02,52.15,50.28,7.17,0.59,Neutro
2014-04-09,53.99,52.22,50.44,6.80,0.50,Neutro
2014-04-10,54.20,52.16,50.12,7.82,0.00,Sobrevendido
2014-04-11,54.50,52.08,49.65,9.31,0.00,Sobrevendido
2014-04-14,54.69,52.00,49.32,10.33,0.00,Sobrevendido
2014-04-15,54.80,51.91,49.02,11.14,0.09,Neutro
2014-04-16,54.74,51.76,48.79,11.49,0.20,Neutro
2014-04-17,54.68,51.59,48.49,12.00,0.15,Neutro
2014-04-21,54.61,51.42,48.23,12.41,0.19,Neutro
2014-04-22,54.50,51.30,48.09,12.50,0.30,Neutro
2014-04-23,54.42,51.17,47.93,12.68,0.28,Neutro
2014-04-24,54.34,51.07,47.80,12.81,0.33,Neutro
2014-04-25,54.29,50.97,47.65,13.03,0.29,Neutro
2014-04-28,54.22,50.87,47.52,13.17,0.33,Neutro
2014-04-29,54.01,50.73,47.45,12.93,0.36,Neutro
2014-04-30,53.59,50.58,47.58,11.88,0.50,Neutro
2014-05-01,53.15,50.42,47.68,10.85,0.41,Neutro
2014-05-02,52.64,50.25,47.86,9.51,0.45,Neutro
2014-05-05,52.20,50.12,48.04,8.30,0.49,Neutro
2014-05-06,51.77,49.97,48.17,7.20,0.33,Neutro
2014-05-07,51.20,49.85,48.49,5.44,0.59,Neutro
2014-05-08,50.51,49.69,48.86,3.32,0.12,Neutro
2014-05-09,50.57,49.72,48.88,3.40,0.78,Neutro
2014-05-12,50.79,49.84,48.89,3.81,1.00,Sobrecomprado
2014-05-13,50.81,49.89,48.97,3.69,0.67,Neutro
2014-05-14,50.82,49.88,48.95,3.75,0.25,Neutro
2014-05-15,50.80,49.87,48.94,3.73,0.43,Neutro
2014-05-16,50.83,49.91,48.99,3.69,0.68,Neutro
2014-05-19,50.84,49.94,49.05,3.58,0.57,Neutro
2014-05-20,50.86,49.90,48.95,3.83,0.14,Neutro
2014-05-21,50.86,49.89,48.93,3.87,0.32,Neutro
2014-05-22,50.85,49.89,48.93,3.85,0.48,Neutro
2014-05-23,50.89,49.93,48.96,3.87,0.69,Neutro
2014-05-27,51.02,49.98,48.94,4.16,0.90,Neutro
2014-05-28,51.02,49.98,48.95,4.14,0.44,Neutro
2014-05-29,50.94,49.93,48.93,4.03,0.33,Neutro
2014-05-30,50.94,49.92,48.91,4.07,0.38,Neutro
2014-06-02,50.94,49.89,48.83,4.23,0.20,Neutro
2014-06-03,50.93,49.84,48.75,4.37,0.22,Neutro
2014-06-04,50.93,49.85,48.77,4.33,0.35,Neutro
2014-06-05,50.94,49.86,48.77,4.35,0.67,Neutro
2014-06-06,50.99,49.93,48.87,4.25,0.79,Neutro
2014-06-09,51.11,49.97,48.83,4.56,0.92,Neutro
2014-06-10,51.00,49.94,48.89,4.22,0.83,Neutro
2014-06-11,51.00,49.95,48.89,4.22,0.65,Neutro
2014-06-12,51.00,49.98,48.95,4.10,0.52,Neutro
2014-06-13,51.01,49.97,48.94,4.14,0.35,Neutro
2014-06-16,50.99,49.93,48.86,4.27,0.22,Neutro
2014-06-17,50.98,49.91,48.85,4.27,0.44,Neutro
2014-06-18,50.96,49.94,48.93,4.06,0.45,Neutro
2014-06-19,50.98,49.93,48.88,4.21,0.16,Neutro
2014-06-20,51.01,49.89,48.77,4.49,0.12,Neutro
2014-06-23,50.97,49.84,48.70,4.56,0.23,Neutro
2014-06-24,50.82,49.77,48.72,4.22,0.36,Neutro
2014-06-25,50.82,49.77,48.72,4.22,0.56,Neutro
2014-06-26,50.82,49.77,48.72,4.22,0.42,Neutro
2014-06-27,50.82,49.77,48.72,4.22,0.49,Neutro
2014-06-30,50.88,49.74,48.61,4.56,0.03,Neutro
2014-07-01,50.88,49.76,48.64,4.50,0.39,Neutro
2014-07-02,50.91,49.73,48.55,4.75,0.16,Neutro
2014-07-03,50.85,49.69,48.52,4.69,0.36,Neutro
2014-07-07,50.73,49.62,48.52,4.45,0.35,Neutro
2014-07-08,50.54,49.50,48.46,4.20,0.00,Neutro
2014-07-09,50.36,49.40,48.43,3.91,0.09,Neutro
2014-07-10,50.28,49.31,48.34,3.93,0.04,Neutro
2014-07-11,50.30,49.20,48.10,4.47,0.00,Sobrevendido
2014-07-14,50.34,49.11,47.88,5.01,0.00,Sobrevendido
2014-07-15,50.50,49.00,47.50,6.12,0.00,Sobrevendido
2014-07-16,50.60,48.85,47.10,7.16,0.00,Sobrevendido
2014-07-17,50.49,48.75,47.02,7.12,0.25,Neutro
2014-07-18,50.44,48.71,46.98,7.10,0.39,Neutro
2014-07-21,50.41,48.65,46.89,7.24,0.29,Neutro
2014-07-22,50.35,48.58,46.82,7.27,0.31,Neutro
2014-07-23,50.24,48.52,46.79,7.11,0.39,Neutro
2014-07-24,50.04,48.42,46.80,6.69,0.33,Neutro
2014-07-25,49.87,48.32,46.78,6.39,0.31,Neutro
2014-07-28,49.64,48.21,46.79,5.91,0.28,Neutro
2014-07-29,49.64,48.13,46.62,6.27,0.11,Neutro
2014-07-30,49.41,48.03,46.65,5.75,0.33,Neutro
2014-07-31,49.31,47.94,46.57,5.72,0.20,Neutro
2014-08-01,49.08,47.82,46.57,5.25,0.18,Neutro
2014-08-04,48.80,47.71,46.62,4.57,0.20,Neutro
2014-08-05,48.70,47.65,46.60,4.41,0.30,Neutro
2014-08-06,48.54,47.60,46.65,3.97,0.47,Neutro
2014-08-07,48.42,47.56,46.69,3.64,0.52,Neutro
2014-08-08,48.53,47.58,46.64,3.97,0.97,Neutro
2014-08-11,48.67,47.62,46.57,4.41,0.97,Neutro
2014-08-12,48.72,47.67,46.62,4.41,0.73,Neutro
2014-08-13,48.71,47.74,46.76,4.09,0.66,Neutro
2014-08-14,48.76,47.76,46.75,4.21,0.77,Neutro
2014-08-15,48.72,47.74,46.77,4.08,0.65,Neutro
2014-08-18,48.86,47.78,46.71,4.50,0.95,Neutro
2014-08-19,48.96,47.82,46.68,4.77,0.87,Neutro
2014-08-20,49.01,47.84,46.67,4.89,0.77,Neutro
2014-08-21,49.08,47.87,46.66,5.06,0.76,Neutro
2014-08-22,49.18,47.92,46.66,5.26,0.80,Neutro
2014-08-25,49.26,47.97,46.68,5.38,0.75,Neutro
2014-08-26,49.34,48.07,46.80,5.28,0.85,Neutro
2014-08-27,49.42,48.13,46.85,5.34,0.76,Neutro
2014-08-28,49.43,48.21,46.99,5.06,0.70,Neutro
2014-08-29,49.43,48.31,47.19,4.64,0.79,Neutro
2014-09-02,49.40,48.40,47.41,4.11,0.80,Neutro
2014-09-03,49.30,48.47,47.64,3.43,0.51,Neutro
2014-09-04,49.22,48.50,47.79,2.95,0.36,Neutro
2014-09-05,49.14,48.53,47.92,2.51,0.10,Neutro
2014-09-08,49.20,48.49,47.78,2.93,0.00,Sobrevendido
2014-09-09,49.27,48.44,47.61,3.43,0.00,Sobrevendido
2014-09-10,49.29,48.42,47.55,3.59,0.14,Neutro
2014-09-11,49.28,48.42,47.56,3.55,0.35,Neutro
2014-09-12,49.37,48.37,47.38,4.11,0.00,Sobrevendido
2014-09-15,49.38,48.37,47.35,4.20,0.26,Neutro
2014-09-16,49.34,48.32,47.31,4.20,0.28,Neutro
2014-09-17,49.30,48.29,47.28,4.18,0.39,Neutro
2014-09-18,49.31,48.30,47.28,4.20,0.62,Neutro
2014-09-19,49.29,48.29,47.28,4.16,0.53,Neutro
2014-09-22,49.25,48.25,47.26,4.12,0.37,Neutro
2014-09-23,49.31,48.17,47.03,4.73,0.00,Sobrevendido
2014-09-24,49.22,48.09,46.95,4.72,0.16,Neutro
2014-09-25,49.20,47.99,46.78,5.04,0.03,Neutro
2014-09-26,49.14,47.91,46.68,5.13,0.15,Neutro
2014-09-29,48.99,47.82,46.65,4.89,0.21,Neutro
2014-09-30,48.85,47.70,46.55,4.82,0.02,Neutro
2014-10-01,48.82,47.59,46.36,5.17,0.00,Neutro
2014-10-02,48.73,47.54,46.35,5.01,0.43,Neutro
2014-10-03,48.68,47.51,46.34,4.93,0.42,Neutro
2014-10-06,48.67,47.50,46.34,4.90,0.56,Neutro
2014-10-07,48.67,47.47,46.27,5.06,0.25,Neutro
2014-10-08,48.66,47.46,46.27,5.04,0.56,Neutro
2014-10-09,48.59,47.38,46.18,5.09,0.17,Neutro
2014-10-10,48.61,47.35,46.08,5.34,0.18,Neutro
2014-10-13,48.58,47.27,45.96,5.54,0.15,Neutro
2014-10-14,48.56,47.18,45.80,5.85,0.10,Neutro
2014-10-15,48.45,47.10,45.74,5.75,0.25,Neutro
2014-10-16,48.82,47.15,45.49,7.06,1.00,Sobrecomprado
2014-10-17,49.01,47.19,45.38,7.69,1.00,Sobrecomprado
2014-10-20,49.38,47.28,45.17,8.90,1.00,Sobrecomprado
2014-10-21,50.00,47.46,44.91,10.73,1.00,Sobrecomprado
2014-10-22,50.35,47.58,44.82,11.62,0.92,Neutro
2014-10-23,50.77,47.76,44.75,12.60,0.94,Neutro
2014-10-24,51.04,47.90,44.77,13.09,0.82,Neutro
2014-10-27,51.27,48.04,44.81,13.45,0.78,Neutro
2014-10-28,51.65,48.25,44.86,14.07,0.89,Neutro
2014-10-29,51.88,48.46,45.05,14.09,0.80,Neutro
2014-10-30,52.18,48.64,45.10,14.56,0.82,Neutro
2014-10-31,52.57,48.85,45.14,15.21,0.87,Neutro
2014-11-03,52.85,49.03,45.21,15.58,0.79,Neutro
2014-11-04,53.35,49.33,45.31,16.30,0.93,Neutro
2014-11-05,53.63,49.54,45.45,16.51,0.79,Neutro
2014-11-06,53.77,49.81,45.84,15.92,0.76,Neutro
2014-11-07,53.83,50.07,46.32,15.00,0.74,Neutro
2014-11-10,53.77,50.36,46.94,13.56,0.74,Neutro
2014-11-11,53.48,50.65,47.82,11.17,0.73,Neutro
2014-11-12,53.05,50.95,48.84,8.26,0.83,Neutro
2014-11-13,53.10,51.05,49.01,8.01,0.67,Neutro
2014-11-14,53.02,51.17,49.32,7.23,0.61,Neutro
2014-11-17,52.96,51.25,49.55,6.65,0.52,Neutro
2014-11-18,52.97,51.30,49.62,6.53,0.51,Neutro
2014-11-19,52.90,51.34,49.78,6.08,0.31,Neutro
2014-11-20,52.87,51.36,49.86,5.86,0.36,Neutro
2014-11-21,52.79,51.40,50.01,5.41,0.24,Neutro
2014-11-24,52.67,51.49,50.31,4.58,0.54,Neutro
2014-11-25,52.66,51.52,50.37,4.45,0.47,Neutro
2014-11-26,52.62,51.57,50.52,4.07,0.50,Neutro
2014-11-28,52.60,51.60,50.60,3.88,0.46,Neutro
2014-12-01,52.60,51.58,50.56,3.96,0.28,Neutro
2014-12-02,52.61,51.60,50.59,3.91,0.57,Neutro
2014-12-03,52.54,51.59,50.64,3.68,0.96,Neutro
2014-12-04,52.69,51.63,50.56,4.13,1.00,Neutro
2014-12-05,52.94,51.69,50.44,4.84,1.00,Sobrecomprado
2014-12-08,53.10,51.74,50.38,5.26,0.93,Neutro
2014-12-09,53.45,51.83,50.20,6.27,1.00,Sobrecomprado
2014-12-10,53.56,51.87,50.18,6.52,0.79,Neutro
2014-12-11,53.76,51.93,50.10,7.05,0.93,Neutro
2014-12-12,53.89,51.99,50.09,7.31,0.79,Neutro
2014-12-15,54.00,52.07,50.13,7.43,0.74,Neutro
2014-12-16,54.06,52.13,50.21,7.38,0.64,Neutro
2014-12-17,54.35,52.27,50.19,7.96,0.95,Neutro
2014-12-18,54.60,52.45,50.31,8.18,0.94,Neutro
2014-12-19,54.64,52.58,50.52,7.84,0.70,Neutro
2014-12-22,54.69,52.74,50.80,7.38,0.82,Neutro
2014-12-23,54.92,52.89,50.86,7.68,0.92,Neutro
2014-12-24,55.04,53.04,51.03,7.56,0.82,Neutro
2014-12-26,55.26,53.21,51.15,7.72,0.93,Neutro
2014-12-29,55.56,53.41,51.26,8.05,1.00,Sobrecomprado
2014-12-30,55.66,53.62,51.58,7.61,0.93,Neutro
2014-12-31,55.71,53.78,51.86,7.16,0.82,Neutro
2015-01-02,55.76,53.90,52.03,6.92,0.72,Neutro
2015-01-05,55.76,53.98,52.19,6.61,0.60,Neutro
2015-01-06,55.76,54.03,52.29,6.42,0.52,Neutro
2015-01-07,55.90,54.15,52.40,6.46,0.85,Neutro
2015-01-08,56.23,54.27,52.31,7.22,0.99,Neutro
2015-01-09,56.41,54.43,52.45,7.28,0.90,Neutro
2015-01-12,56.57,54.55,52.53,7.41,0.81,Neutro
2015-01-13,56.66,54.68,52.71,7.22,0.79,Neutro
2015-01-14,56.61,54.80,52.98,6.62,0.61,Neutro
2015-01-15,56.42,54.89,53.36,5.57,0.40,Neutro
2015-01-16,56.42,54.93,53.45,5.41,0.51,Neutro
2015-01-20,56.42,54.94,53.46,5.39,0.35,Neutro
2015-01-21,56.31,55.02,53.73,4.69,0.50,Neutro
2015-01-22,56.37,55.12,53.86,4.55,0.83,Neutro
2015-01-23,56.51,55.20,53.89,4.75,0.87,Neutro
2015-01-26,56.65,55.30,53.96,4.86,0.92,Neutro
2015-01-27,56.75,55.36,53.98,5.00,0.77,Neutro
2015-01-28,56.73,55.32,53.91,5.10,0.29,Neutro
2015-01-29,56.73,55.32,53.91,5.10,0.52,Neutro
2015-01-30,56.80,55.27,53.73,5.55,0.07,Neutro
2015-02-02,56.80,55.26,53.72,5.57,0.27,Neutro
2015-02-03,56.81,55.32,53.84,5.37,0.58,Neutro
2015-02-04,56.76,55.39,54.02,4.95,0.54,Neutro
2015-02-05,56.86,55.44,54.01,5.14,0.80,Neutro
2015-02-06,56.82,55.42,54.02,5.05,0.65,Neutro
2015-02-09,56.75,55.37,53.98,5.00,0.36,Neutro
2015-02-10,56.79,55.38,53.97,5.09,0.75,Neutro
2015-02-11,56.82,55.39,53.97,5.14,0.74,Neutro
2015-02-12,58.36,55.66,52.96,9.70,1.00,Sobrecomprado
2015-02-13,59.46,55.97,52.49,12.45,1.00,Sobrecomprado
2015-02-17,60.17,56.24,52.30,13.99,1.00,Sobrecomprado
2015-02-18,60.83,56.54,52.25,15.18,0.97,Neutro
2015-02-19,61.39,56.81,52.23,16.12,0.91,Neutro
2015-02-20,61.91,57.05,52.18,17.06,0.87,Neutro
2015-02-23,62.30,57.25,52.21,17.62,0.79,Neutro
2015-02-24,62.65,57.44,52.24,18.12,0.77,Neutro
2015-02-25,62.95,57.65,52.35,18.39,0.74,Neutro
2015-02-26,63.20,57.94,52.67,18.17,0.75,Neutro
2015-02-27,63.37,58.17,52.97,17.88,0.67,Neutro
2015-03-02,63.39,58.50,53.60,16.74,0.71,Neutro
2015-03-03,63.35,58.78,54.20,15.57,0.65,Neutro
2015-03-04,63.29,58.97,54.64,14.67,0.55,Neutro
2015-03-05,63.16,59.15,55.14,13.56,0.50,Neutro
2015-03-06,63.05,59.27,55.48,12.77,0.42,Neutro
2015-03-09,62.86,59.43,56.00,11.54,0.44,Neutro
2015-03-10,62.37,59.61,56.85,9.26,0.31,Neutro
2015-03-11,61.98,59.77,57.55,7.41,0.40,Neutro
2015-03-12,61.37,59.98,58.60,4.62,0.63,Neutro
2015-03-13,61.34,59.97,58.60,4.57,0.62,Neutro
2015-03-16,61.33,59.97,58.61,4.54,0.76,Neutro
2015-03-17,61.37,59.99,58.60,4.62,0.74,Neutro
2015-03-18,61.48,60.02,58.55,4.88,0.89,Neutro
2015-03-19,61.50,60.02,58.55,4.91,0.73,Neutro
2015-03-20,61.61,60.06,58.50,5.18,0.89,Neutro
2015-03-23,61.75,60.11,58.46,5.47,0.84,Neutro
2015-03-24,61.80,60.13,58.46,5.55,0.69,Neutro
2015-03-25,61.79,60.11,58.43,5.59,0.39,Neutro
2015-03-26,61.76,60.03,58.31,5.75,0.21,Neutro
2015-03-27,61.77,60.04,58.31,5.76,0.53,Neutro
2015-03-30,61.85,60.07,58.29,5.93,0.78,Neutro
2015-03-31,61.90,60.10,58.30,5.99,0.66,Neutro
2015-04-01,61.90,60.13,58.35,5.90,0.46,Neutro
2015-04-02,61.88,60.15,58.42,5.75,0.34,Neutro
2015-04-06,61.84,60.17,58.49,5.57,0.15,Neutro
2015-04-07,61.81,60.19,58.56,5.40,0.28,Neutro
2015-04-08,61.70,60.26,58.81,4.80,0.39,Neutro
2015-04-09,61.68,60.27,58.87,4.66,0.28,Neutro
2015-04-10,61.66,60.26,58.85,4.66,0.40,Neutro
2015-04-13,61.66,60.22,58.78,4.78,0.28,Neutro
2015-04-14,61.61,60.18,58.74,4.77,0.38,Neutro
2015-04-15,61.57,60.16,58.74,4.70,0.53,Neutro
2015-04-16,61.45,60.11,58.77,4.46,0.53,Neutro
2015-04-17,61.39,60.03,58.67,4.53,0.21,Neutro
2015-04-20,61.20,59.97,58.74,4.10,0.49,Neutro
2015-04-21,60.97,59.89,58.82,3.59,0.43,Neutro
2015-04-22,60.84,59.84,58.83,3.36,0.40,Neutro
2015-04-23,61.01,59.90,58.78,3.72,0.96,Neutro
2015-04-24,61.04,59.88,58.73,3.86,0.03,Neutro
2015-04-27,61.08,59.81,58.54,4.25,0.04,Neutro
2015-04-28,60.91,59.69,58.47,4.09,0.09,Neutro
2015-04-29,60.92,59.55,58.17,4.62,0.00,Sobrevendido
2015-04-30,61.30,59.37,57.43,6.52,0.00,Sobrevendido
2015-05-01,61.39,59.26,57.12,7.21,0.05,Neutro
2015-05-04,61.48,59.17,56.87,7.79,0.10,Neutro
2015-05-05,61.55,59.05,56.54,8.48,0.08,Neutro
2015-05-06,61.56,58.88,56.21,9.09,0.09,Neutro
2015-05-07,61.51,58.76,56.01,9.36,0.22,Neutro
2015-05-08,61.37,58.65,55.92,9.29,0.32,Neutro
2015-05-11,61.27,58.56,55.85,9.26,0.37,Neutro
2015-05-12,61.12,58.47,55.82,9.06,0.42,Neutro
2015-05-13,60.88,58.35,55.82,8.67,0.38,Neutro
2015-05-14,60.72,58.30,55.88,8.30,0.70,Neutro
2015-05-15,60.78,58.32,55.86,8.44,0.76,Neutro
2015-05-18,60.83,58.33,55.84,8.55,0.87,Neutro
2015-05-19,60.93,58.36,55.79,8.81,0.88,Neutro
2015-05-20,61.01,58.38,55.76,8.99,0.82,Neutro
2015-05-21,60.67,58.30,55.92,8.15,0.68,Neutro
2015-05-22,60.70,58.31,55.92,8.20,0.65,Neutro
2015-05-26,60.68,58.30,55.91,8.18,0.54,Neutro
2015-05-27,60.76,58.33,55.90,8.33,0.72,Neutro
2015-05-28,60.86,58.40,55.95,8.41,0.68,Neutro
2015-05-29,60.77,58.48,56.19,7.83,0.37,Neutro
2015-06-01,60.76,58.53,56.30,7.62,0.46,Neutro
2015-06-02,60.75,58.60,56.45,7.34,0.53,Neutro
2015-06-03,60.78,58.73,56.68,6.98,0.71,Neutro
2015-06-04,60.66,58.85,57.04,6.15,0.57,Neutro
2015-06-05,60.66,58.98,57.30,5.70,0.73,Neutro
2015-06-08,60.68,59.08,57.49,5.40,0.71,Neutro
2015-06-09,60.69,59.18,57.66,5.12,0.70,Neutro
2015-06-10,60.81,59.30,57.78,5.11,0.87,Neutro
2015-06-11,60.84,59.43,58.02,4.75,0.86,Neutro
2015-06-12,60.91,59.47,58.03,4.84,0.70,Neutro
2015-06-15,60.89,59.45,58.02,4.83,0.43,Neutro
2015-06-16,60.82,59.42,58.03,4.70,0.57,Neutro
2015-06-17,60.78,59.41,58.04,4.61,0.74,Neutro
2015-06-18,61.02,59.47,57.91,5.23,1.00,Sobrecomprado
2015-06-19,61.42,59.59,57.76,6.14,1.00,Sobrecomprado
2015-06-22,61.91,59.75,57.59,7.23,1.00,Sobrecomprado
2015-06-23,62.10,59.90,57.70,7.35,0.86,Neutro
2015-06-24,62.39,60.03,57.67,7.86,0.90,Neutro
2015-06-25,62.75,60.19,57.62,8.52,0.94,Neutro
2015-06-26,62.99,60.43,57.87,8.47,0.94,Neutro
2015-06-29,62.94,60.56,58.18,7.86,0.61,Neutro
2015-06-30,62.93,60.69,58.45,7.38,0.63,Neutro
2015-07-01,63.05,60.81,58.56,7.38,0.76,Neutro
2015-07-02,63.00,60.90,58.81,6.88,0.53,Neutro
2015-07-06,63.00,60.98,58.95,6.64,0.56,Neutro
2015-07-07,62.99,61.05,59.11,6.36,0.54,Neutro
2015-07-08,62.95,61.10,59.24,6.07,0.40,Neutro
2015-07-09,62.97,61.14,59.31,5.99,0.54,Neutro
2015-07-10,63.08,61.23,59.37,6.06,0.76,Neutro
2015-07-13,63.22,61.36,59.49,6.08,0.84,Neutro
2015-07-14,63.09,61.49,59.89,5.20,0.63,Neutro
2015-07-15,62.92,61.59,60.25,4.34,0.49,Neutro
2015-07-16,62.87,61.70,60.53,3.79,0.77,Neutro
2015-07-17,62.98,61.77,60.56,3.92,0.85,Neutro
2015-07-20,63.22,61.85,60.48,4.43,0.99,Neutro
2015-07-21,63.21,61.85,60.48,4.41,0.64,Neutro
2015-07-22,63.24,61.88,60.52,4.40,0.61,Neutro
2015-07-23,63.34,61.80,60.26,4.98,0.00,Neutro
2015-07-24,63.38,61.68,59.98,5.51,0.01,Neutro
2015-07-27,63.32,61.55,59.77,5.77,0.08,Neutro
2015-07-28,63.38,61.50,59.61,6.13,0.12,Neutro
2015-07-29,63.38,61.47,59.56,6.21,0.33,Neutro
2015-07-30,63.34,61.44,59.54,6.18,0.48,Neutro
2015-07-31,63.35,61.47,59.58,6.13,0.51,Neutro
2015-08-03,63.38,61.49,59.61,6.13,0.56,Neutro
2015-08-04,63.41,61.52,59.64,6.13,0.57,Neutro
2015-08-05,63.43,61.57,59.72,6.03,0.56,Neutro
2015-08-06,63.43,61.58,59.74,5.99,0.46,Neutro
2015-08-07,63.37,61.53,59.69,5.98,0.37,Neutro
2015-08-10,63.27,61.49,59.71,5.79,0.63,Neutro
2015-08-11,63.28,61.49,59.71,5.81,0.63,Neutro
2015-08-12,63.29,61.50,59.72,5.80,0.57,Neutro
2015-08-13,63.22,61.47,59.73,5.68,0.58,Neutro
2015-08-14,63.24,61.48,59.72,5.73,0.85,Neutro
2015-08-17,63.22,61.47,59.73,5.68,0.97,Neutro
2015-08-18,63.28,61.49,59.71,5.81,0.82,Neutro
2015-08-19,63.31,61.51,59.70,5.87,0.75,Neutro
2015-08-20,63.28,61.58,59.87,5.54,0.52,Neutro
2015-08-21,63.24,61.59,59.94,5.36,0.12,Neutro
2015-08-24,63.71,61.49,59.26,7.24,0.00,Sobrevendido
2015-08-25,64.00,61.39,58.79,8.49,0.00,Sobrevendido
2015-08-26,64.07,61.32,58.56,8.99,0.14,Neutro
2015-08-27,64.05,61.28,58.51,9.04,0.38,Neutro
2015-08-28,64.03,61.25,58.47,9.08,0.43,Neutro
2015-08-31,63.99,61.22,58.45,9.05,0.47,Neutro
2015-09-01,64.01,61.07,58.13,9.63,0.13,Neutro
2015-09-02,63.94,61.02,58.10,9.57,0.45,Neutro
2015-09-03,63.91,61.00,58.08,9.56,0.50,Neutro
2015-09-04,63.90,60.98,58.06,9.58,0.45,Neutro
2015-09-08,63.97,61.01,58.04,9.72,0.75,Neutro
2015-09-09,64.01,61.02,58.03,9.80,0.70,Neutro
2015-09-10,64.07,61.05,58.02,9.91,0.70,Neutro
2015-09-11,64.30,61.12,57.95,10.39,0.84,Neutro
2015-09-14,64.35,61.14,57.93,10.50,0.79,Neutro
2015-09-15,64.38,61.15,57.92,10.56,0.83,Neutro
2015-09-16,64.55,61.20,57.84,10.96,0.86,Neutro
2015-09-17,64.78,61.27,57.75,11.47,0.86,Neutro
2015-09-18,64.91,61.33,57.74,11.69,0.72,Neutro
2015-09-21,65.15,61.48,57.81,11.94,0.77,Neutro
2015-09-22,65.07,61.74,58.40,10.80,0.69,Neutro
2015-09-23,64.91,61.98,59.05,9.45,0.69,Neutro
2015-09-24,64.89,62.18,59.48,8.70,0.72,Neutro
2015-09-25,65.03,62.34,59.65,8.63,0.77,Neutro
2015-09-28,65.07,62.45,59.83,8.39,0.62,Neutro
2015-09-29,65.09,62.55,60.00,8.14,0.58,Neutro
2015-09-30,64.67,62.77,60.87,6.05,0.66,Neutro
2015-10-01,64.59,62.92,61.25,5.31,0.72,Neutro
2015-10-02,64.71,63.10,61.50,5.09,1.00,Sobrecomprado
2015-10-05,64.83,63.34,61.85,4.70,1.00,Sobrecomprado
2015-10-06,65.12,63.47,61.82,5.20,1.00,Sobrecomprado
2015-10-07,65.39,63.64,61.88,5.52,1.00,Sobrecomprado
2015-10-08,65.84,63.84,61.83,6.28,1.00,Sobrecomprado
2015-10-09,66.26,63.99,61.72,7.10,1.00,Sobrecomprado
2015-10-12,66.50,64.13,61.76,7.39,0.87,Neutro
2015-10-13,66.63,64.23,61.84,7.46,0.72,Neutro
2015-10-14,66.67,64.28,61.90,7.42,0.58,Neutro
2015-10-15,66.83,64.38,61.93,7.61,0.77,Neutro
2015-10-16,66.97,64.53,62.10,7.55,0.79,Neutro
2015-10-19,67.18,64.68,62.17,7.75,0.83,Neutro
2015-10-20,67.24,64.82,62.39,7.48,0.71,Neutro
2015-10-21,67.19,64.90,62.61,7.06,0.47,Neutro
2015-10-22,68.33,65.23,62.12,9.52,1.00,Sobrecomprado
2015-10-23,69.61,65.60,61.59,12.23,1.00,Sobrecomprado
2015-10-26,70.68,66.03,61.37,14.10,1.00,Sobrecomprado
2015-10-27,71.37,66.43,61.49,14.87,0.97,Neutro
2015-10-28,72.32,66.89,61.46,16.24,1.00,Sobrecomprado
2015-10-29,73.02,67.32,61.62,16.93,0.93,Neutro
2015-10-30,73.51,67.66,61.80,17.31,0.83,Neutro
2015-11-02,74.00,67.97,61.95,17.73,0.81,Neutro
2015-11-03,74.69,68.38,62.07,18.46,0.89,Neutro
2015-11-04,75.15,68.73,62.32,18.67,0.80,Neutro
2015-11-05,75.53,69.03,62.54,18.82,0.75,Neutro
2015-11-06,75.82,69.32,62.82,18.75,0.71,Neutro
2015-11-09,75.88,69.56,63.24,18.17,0.59,Neutro
2015-11-10,75.94,69.88,63.83,17.33,0.65,Neutro
2015-11-11,75.86,70.26,64.65,15.96,0.67,Neutro
2015-11-12,75.74,70.55,65.35,14.73,0.60,Neutro
2015-11-13,75.48,70.75,66.01,13.39,0.41,Neutro
2015-11-16,75.23,70.98,66.73,11.98,0.50,Neutro
2015-11-17,74.74,71.25,67.76,9.80,0.49,Neutro
2015-11-18,73.31,71.62,69.92,4.73,0.64,Neutro
2015-11-19,73.24,71.72,70.21,4.22,0.63,Neutro
2015-11-20,73.27,71.77,70.27,4.18,0.60,Neutro
2015-11-23,73.29,71.79,70.29,4.18,0.57,Neutro
2015-11-24,73.31,71.84,70.37,4.09,0.59,Neutro
2015-11-25,73.27,71.82,70.38,4.02,0.67,Neutro
2015-11-27,73.38,71.86,70.34,4.23,0.84,Neutro
2015-11-30,73.40,71.89,70.38,4.20,0.58,Neutro
2015-12-01,73.47,71.93,70.39,4.28,0.71,Neutro
2015-12-02,73.35,71.90,70.45,4.03,0.74,Neutro
2015-12-03,73.27,71.86,70.45,3.92,0.46,Neutro
2015-12-04,73.65,71.95,70.24,4.74,1.00,Sobrecomprado
2015-12-07,73.70,71.97,70.25,4.79,0.69,Neutro
2015-12-08,73.65,72.03,70.41,4.50,0.47,Neutro
2015-12-09,73.72,71.98,70.23,4.85,0.09,Neutro
2015-12-10,73.71,71.95,70.19,4.89,0.38,Neutro
2015-12-11,73.76,71.89,70.02,5.20,0.12,Neutro
2015-12-14,73.67,71.92,70.18,4.85,0.11,Neutro
2015-12-15,73.65,71.96,70.27,4.70,0.41,Neutro
2015-12-16,73.81,72.06,70.31,4.86,0.84,Neutro
2015-12-17,73.80,72.02,70.23,4.96,0.28,Neutro
2015-12-18,73.90,71.91,69.93,5.52,0.04,Neutro
2015-12-21,73.90,71.84,69.78,5.73,0.21,Neutro
2015-12-22,73.88,71.82,69.76,5.74,0.44,Neutro
2015-12-23,73.91,71.84,69.76,5.78,0.64,Neutro
2015-12-24,73.89,71.83,69.76,5.75,0.56,Neutro
2015-12-28,73.81,71.79,69.78,5.61,0.62,Neutro
2015-12-29,73.86,71.82,69.77,5.69,0.69,Neutro
2015-12-30,73.79,71.78,69.77,5.60,0.51,Neutro
2015-12-31,73.70,71.70,69.70,5.58,0.33,Neutro
2016-01-04,73.80,71.60,69.39,6.16,0.05,Neutro
2016-01-05,73.41,71.39,69.37,5.66,0.14,Neutro
2016-01-06,73.37,71.22,69.08,6.02,0.04,Neutro
2016-01-07,73.54,71.03,68.52,7.07,0.00,Sobrevendido
2016-01-08,73.99,70.85,67.70,8.88,0.00,Sobrevendido
2016-01-11,74.25,70.60,66.96,10.33,0.00,Sobrevendido
2016-01-12,74.32,70.47,66.62,10.93,0.15,Neutro
2016-01-13,74.57,70.24,65.92,12.31,0.02,Neutro
2016-01-14,74.54,70.00,65.46,12.97,0.14,Neutro
2016-01-15,74.30,69.61,64.92,13.47,0.06,Neutro
2016-01-19,74.24,69.35,64.46,14.10,0.15,Neutro
2016-01-20,74.29,69.12,63.96,14.94,0.15,Neutro
2016-01-21,74.23,68.86,63.49,15.60,0.18,Neutro
2016-01-22,73.90,68.63,63.36,15.36,0.35,Neutro
2016-01-25,73.40,68.44,63.48,14.49,0.51,Neutro
2016-01-26,72.90,68.24,63.58,13.66,0.48,Neutro
2016-01-27,72.28,68.03,63.77,12.51,0.50,Neutro
2016-01-28,71.74,67.91,64.08,11.28,0.81,Neutro
2016-01-29,72.50,68.03,63.56,13.14,1.00,Sobrecomprado
2016-02-01,73.18,68.17,63.17,14.68,1.00,Sobrecomprado
2016-02-02,73.39,68.25,63.11,15.06,0.78,Neutro
2016-02-03,73.42,68.26,63.10,15.12,0.69,Neutro
2016-02-04,73.54,68.32,63.09,15.30,0.69,Neutro
2016-02-05,73.53,68.29,63.06,15.33,0.44,Neutro
2016-02-08,73.53,68.34,63.14,15.20,0.43,Neutro
2016-02-09,73.54,68.40,63.26,15.03,0.46,Neutro
2016-02-10,73.55,68.41,63.28,15.01,0.47,Neutro
2016-02-11,73.54,68.52,63.51,14.64,0.47,Neutro
2016-02-12,73.56,68.61,63.66,14.43,0.49,Neutro
2016-02-16,73.58,68.82,64.07,13.82,0.61,Neutro
2016-02-17,73.66,69.05,64.44,13.35,0.66,Neutro
2016-02-18,73.65,69.30,64.96,12.54,0.64,Neutro
2016-02-19,73.62,69.60,65.58,11.55,0.71,Neutro
2016-02-22,73.69,69.81,65.93,11.12,0.68,Neutro
2016-02-23,73.82,69.94,66.06,11.10,0.66,Neutro
2016-02-24,73.85,70.07,66.29,10.79,0.57,Neutro
2016-02-25,73.90,70.22,66.54,10.48,0.61,Neutro
2016-02-26,74.06,70.30,66.54,10.70,0.72,Neutro
2016-02-29,73.38,70.12,66.85,9.31,0.57,Neutro
2016-03-01,72.91,70.02,67.13,8.26,0.81,Neutro
2016-03-02,72.95,70.03,67.12,8.32,0.74,Neutro
2016-03-03,73.09,70.10,67.11,8.53,0.74,Neutro
2016-03-04,73.24,70.17,67.09,8.76,0.75,Neutro
2016-03-07,73.29,70.37,67.45,8.30,0.73,Neutro
2016-03-08,73.19,70.55,67.90,7.50,0.64,Neutro
2016-03-09,73.25,70.77,68.29,7.01,0.84,Neutro
2016-03-10,73.11,70.95,68.80,6.07,0.66,Neutro
2016-03-11,73.06,71.18,69.30,5.28,0.92,Neutro
2016-03-14,72.87,71.38,69.90,4.16,0.89,Neutro
2016-03-15,72.91,71.52,70.13,3.89,0.88,Neutro
2016-03-16,73.09,71.64,70.19,4.05,0.96,Neutro
2016-03-17,73.59,71.83,70.06,4.91,1.00,Sobrecomprado
2016-03-18,74.44,72.04,69.64,6.66,1.00,Sobrecomprado
2016-03-21,75.07,72.25,69.44,7.79,1.00,Sobrecomprado
2016-03-22,75.49,72.45,69.41,8.39,0.94,Neutro
2016-03-23,75.87,72.69,69.51,8.75,0.92,Neutro
2016-03-24,76.23,72.91,69.60,9.09,0.89,Neutro
2016-03-28,76.73,73.13,69.52,9.86,0.94,Neutro
2016-03-29,77.39,73.48,69.57,10.64,1.00,Sobrecomprado
2016-03-30,77.92,73.75,69.58,11.31,0.92,Neutro
2016-03-31,78.37,74.05,69.72,11.68,0.89,Neutro
2016-04-01,78.85,74.37,69.88,12.06,0.90,Neutro
2016-04-04,79.10,74.64,70.17,11.96,0.78,Neutro
2016-04-05,79.19,74.88,70.57,11.51,0.68,Neutro
2016-04-06,79.51,75.24,70.98,11.34,0.90,Neutro
2016-04-07,79.70,75.50,71.31,11.11,0.76,Neutro
2016-04-08,79.88,75.86,71.84,10.60,0.86,Neutro
2016-04-11,80.03,76.14,72.25,10.22,0.78,Neutro
2016-04-12,80.05,76.43,72.81,9.47,0.77,Neutro
2016-04-13,80.29,76.81,73.32,9.07,0.97,Neutro
2016-04-14,80.44,77.16,73.88,8.50,0.95,Neutro
2016-04-15,80.64,77.45,74.25,8.25,0.88,Neutro
2016-04-18,81.11,77.71,74.31,8.75,0.96,Neutro
2016-04-19,81.39,77.96,74.52,8.81,0.86,Neutro
2016-04-20,81.49,78.21,74.92,8.40,0.79,Neutro
2016-04-21,81.48,78.42,75.36,7.80,0.70,Neutro
2016-04-22,81.32,78.59,75.85,6.96,0.54,Neutro
2016-04-25,81.23,78.71,76.20,6.39,0.53,Neutro
2016-04-26,81.23,78.77,76.31,6.25,0.47,Neutro
2016-04-27,81.21,78.86,76.51,5.96,0.54,Neutro
2016-04-28,81.17,78.90,76.63,5.75,0.34,Neutro
2016-04-29,81.23,78.86,76.48,6.02,0.13,Neutro
2016-05-02,81.17,78.90,76.62,5.77,0.29,Neutro
2016-05-03,81.09,78.93,76.76,5.49,0.06,Neutro
2016-05-04,81.15,78.85,76.56,5.82,0.14,Neutro
2016-05-05,81.20,78.82,76.44,6.04,0.12,Neutro
2016-05-06,81.19,78.79,76.40,6.08,0.38,Neutro
2016-05-09,81.26,78.85,76.44,6.11,0.64,Neutro
2016-05-10,81.34,78.92,76.49,6.15,0.66,Neutro
2016-05-11,81.26,78.88,76.51,6.02,0.60,Neutro
2016-05-12,81.26,78.88,76.51,6.02,0.76,Neutro
2016-05-13,81.24,78.87,76.51,6.00,0.67,Neutro
2016-05-16,80.99,78.80,76.61,5.56,0.63,Neutro
2016-05-17,80.77,78.66,76.55,5.36,0.25,Neutro
2016-05-18,80.58,78.53,76.48,5.22,0.27,Neutro
2016-05-19,80.45,78.43,76.42,5.14,0.30,Neutro
2016-05-20,80.41,78.40,76.38,5.14,0.42,Neutro
2016-05-23,80.36,78.36,76.36,5.10,0.44,Neutro
2016-05-24,80.58,78.43,76.28,5.48,0.89,Neutro
2016-05-25,80.80,78.50,76.20,5.86,0.90,Neutro
2016-05-26,81.16,78.63,76.10,6.43,0.95,Neutro
2016-05-27,81.66,78.87,76.07,7.09,1.00,Sobrecomprado
2016-05-31,81.94,79.02,76.10,7.39,0.85,Neutro
2016-06-01,82.13,79.23,76.33,7.32,0.82,Neutro
2016-06-02,82.55,79.49,76.42,7.71,0.97,Neutro
2016-06-03,82.75,79.73,76.71,7.58,0.86,Neutro
2016-06-06,82.82,79.86,76.90,7.41,0.66,Neutro
2016-06-07,82.93,79.93,76.93,7.51,0.66,Neutro
2016-06-08,83.10,80.02,76.94,7.70,0.75,Neutro
2016-06-09,83.22,80.11,77.01,7.75,0.67,Neutro
2016-06-10,83.22,80.11,77.01,7.75,0.50,Neutro
2016-06-13,83.22,80.08,76.93,7.86,0.32,Neutro
2016-06-14,83.22,80.06,76.89,7.91,0.33,Neutro
2016-06-15,83.12,80.17,77.21,7.37,0.44,Neutro
2016-06-16,82.98,80.27,77.56,6.75,0.38,Neutro
2016-06-17,82.82,80.35,77.87,6.16,0.26,Neutro
2016-06-20,82.69,80.45,78.22,5.56,0.46,Neutro
2016-06-21,82.51,80.55,78.59,4.87,0.37,Neutro
2016-06-22,82.52,80.53,78.53,4.95,0.27,Neutro
2016-06-23,82.52,80.53,78.54,4.94,0.47,Neutro
2016-06-24,82.53,80.44,78.34,5.21,0.17,Neutro
2016-06-27,82.43,80.27,78.11,5.38,0.08,Neutro
2016-06-28,82.35,80.20,78.06,5.35,0.38,Neutro
2016-06-29,82.31,80.19,78.07,5.29,0.65,Neutro
2016-06-30,82.56,80.23,77.90,5.81,1.00,Sobrecomprado
2016-07-01,83.16,80.34,77.52,7.02,1.00,Sobrecomprado
2016-07-05,83.72,80.49,77.27,8.01,1.00,Sobrecomprado
2016-07-06,84.28,80.66,77.03,8.99,0.98,Neutro
2016-07-07,84.74,80.79,76.84,9.78,0.94,Neutro
2016-07-08,85.50,81.01,76.52,11.08,1.00,Sobrecomprado
2016-07-11,86.19,81.28,76.38,12.07,0.94,Neutro
2016-07-12,86.83,81.63,76.44,12.73,0.92,Neutro
2016-07-13,87.30,81.97,76.64,13.00,0.84,Neutro
2016-07-14,87.67,82.24,76.82,13.19,0.78,Neutro
2016-07-15,87.93,82.51,77.10,13.13,0.73,Neutro
2016-07-18,88.09,82.80,77.52,12.77,0.71,Neutro
2016-07-19,88.28,83.04,77.81,12.61,0.69,Neutro
2016-07-20,88.53,83.34,78.15,12.46,0.75,Neutro
2016-07-21,88.76,83.69,78.62,12.12,0.79,Neutro
2016-07-22,89.42,84.11,78.79,12.64,0.94,Neutro
2016-07-25,89.88,84.62,79.37,12.42,0.95,Neutro
2016-07-26,90.01,85.18,80.34,11.35,0.95,Neutro
2016-07-27,90.22,85.68,81.15,10.59,0.96,Neutro
2016-07-28,90.62,86.18,81.73,10.32,1.00,Sobrecomprado
2016-07-29,91.16,86.54,81.92,10.68,0.93,Neutro
2016-08-01,91.71,86.87,82.03,11.14,0.90,Neutro
2016-08-02,91.87,87.14,82.41,10.86,0.72,Neutro
2016-08-03,91.99,87.39,82.80,10.52,0.69,Neutro
2016-08-04,92.08,87.65,83.22,10.11,0.70,Neutro
2016-08-05,92.13,87.80,83.46,9.88,0.58,Neutro
2016-08-08,92.13,87.93,83.72,9.56,0.53,Neutro
2016-08-09,92.15,88.04,83.94,9.33,0.52,Neutro
2016-08-10,92.13,88.18,84.23,8.96,0.53,Neutro
2016-08-11,92.08,88.36,84.65,8.41,0.57,Neutro
2016-08-12,91.94,88.56,85.18,7.63,0.56,Neutro
2016-08-15,91.71,88.77,85.83,6.62,0.58,Neutro
2016-08-16,91.31,88.94,86.57,5.33,0.41,Neutro
2016-08-17,91.00,89.09,87.18,4.29,0.46,Neutro
2016-08-18,90.73,89.22,87.72,3.37,0.50,Neutro
2016-08-19,90.76,89.26,87.77,3.35,0.61,Neutro
2016-08-22,90.77,89.27,87.77,3.36,0.59,Neutro
2016-08-23,90.83,89.30,87.76,3.44,0.74,Neutro
2016-08-24,90.83,89.29,87.76,3.44,0.66,Neutro
2016-08-25,90.85,89.30,87.75,3.47,0.96,Neutro
2016-08-26,90.74,89.27,87.80,3.29,0.74,Neutro
2016-08-29,90.66,89.25,87.84,3.16,0.90,Neutro
2016-08-30,90.72,89.28,87.85,3.21,0.70,Neutro
2016-08-31,90.74,89.30,87.86,3.23,0.59,Neutro
2016-09-01,90.73,89.29,87.85,3.23,0.45,Neutro
2016-09-02,90.71,89.32,87.94,3.10,0.44,Neutro
2016-09-06,90.67,89.35,88.03,2.95,0.25,Neutro
2016-09-07,90.68,89.34,88.00,3.00,0.04,Neutro
2016-09-08,90.92,89.27,87.62,3.70,0.00,Sobrevendido
2016-09-09,91.80,89.04,86.28,6.20,0.00,Sobrevendido
2016-09-12,92.16,88.84,85.52,7.47,0.00,Sobrevendido
2016-09-13,92.63,88.55,84.48,9.20,0.00,Sobrevendido
2016-09-14,92.89,88.33,83.76,10.34,0.02,Neutro
2016-09-15,92.97,88.10,83.23,11.06,0.12,Neutro
2016-09-16,93.06,87.81,82.56,11.96,0.09,Neutro
2016-09-19,93.03,87.51,81.98,12.63,0.13,Neutro
2016-09-20,93.01,87.16,81.31,13.42,0.11,Neutro
2016-09-21,92.77,86.81,80.85,13.73,0.18,Neutro
2016-09-22,92.42,86.53,80.64,13.61,0.31,Neutro
2016-09-23,91.84,86.20,80.55,13.10,0.30,Neutro
2016-09-26,91.34,85.89,80.44,12.69,0.31,Neutro
2016-09-27,90.64,85.60,80.56,11.78,0.41,Neutro
2016-09-28,89.98,85.33,80.69,10.89,0.41,Neutro
2016-09-29,89.28,85.05,80.81,9.96,0.35,Neutro
2016-09-30,88.57,84.78,81.00,8.93,0.39,Neutro
2016-10-03,87.73,84.55,81.37,7.52,0.48,Neutro
2016-10-04,86.89,84.36,81.83,6.00,0.61,Neutro
2016-10-05,85.97,84.15,82.34,4.31,0.45,Neutro
2016-10-06,85.26,84.03,82.80,2.93,0.73,Neutro
2016-10-07,85.26,84.03,82.80,2.93,0.63,Neutro
2016-10-10,85.17,84.01,82.84,2.77,0.67,Neutro
2016-10-11,85.30,83.95,82.61,3.20,0.00,Sobrevendido
2016-10-12,85.31,83.91,82.50,3.35,0.19,Neutro
2016-10-13,85.33,83.81,82.29,3.63,0.06,Neutro
2016-10-14,85.36,83.77,82.19,3.78,0.19,Neutro
2016-10-17,85.37,83.75,82.14,3.86,0.26,Neutro
2016-10-18,85.34,83.77,82.19,3.76,0.22,Neutro
2016-10-19,85.48,83.71,81.93,4.24,0.00,Sobrevendido
2016-10-20,85.65,83.54,81.43,5.05,0.00,Sobrevendido
2016-10-21,85.64,83.54,81.43,5.04,0.57,Neutro
2016-10-24,85.63,83.53,81.42,5.04,0.51,Neutro
2016-10-25,85.48,83.43,81.38,4.91,0.35,Neutro
2016-10-26,85.50,83.26,81.02,5.38,0.01,Neutro
2016-10-27,85.50,83.14,80.78,5.68,0.15,Neutro
2016-10-28,85.44,83.04,80.65,5.77,0.26,Neutro
2016-10-31,85.26,82.93,80.60,5.62,0.34,Neutro
2016-11-01,85.09,82.70,80.32,5.77,0.02,Neutro
2016-11-02,84.99,82.55,80.10,5.92,0.15,Neutro
2016-11-03,84.69,82.38,80.06,5.62,0.24,Neutro
2016-11-04,84.38,82.25,80.12,5.18,0.40,Neutro
2016-11-07,84.30,82.23,80.17,5.02,0.95,Neutro
2016-11-08,84.39,82.27,80.16,5.14,0.73,Neutro
2016-11-09,84.50,82.31,80.12,5.32,0.83,Neutro
2016-11-10,84.92,82.43,79.95,6.03,1.00,Sobrecomprado
2016-11-11,85.61,82.60,79.60,7.28,1.00,Sobrecomprado
2016-11-14,86.72,82.86,78.99,9.33,1.00,Sobrecomprado
2016-11-15,87.83,83.15,78.47,11.26,1.00,Sobrecomprado
2016-11-16,88.78,83.50,78.22,12.65,1.00,Sobrecomprado
2016-11-17,89.79,83.94,78.09,13.94,1.00,Sobrecomprado
2016-11-18,90.58,84.22,77.86,15.10,0.92,Neutro
2016-11-21,91.36,84.54,77.71,16.15,0.89,Neutro
2016-11-22,92.30,84.95,77.59,17.32,0.91,Neutro
2016-11-23,92.91,85.41,77.92,17.55,0.83,Neutro
2016-11-25,93.50,85.88,78.26,17.75,0.82,Neutro
2016-11-28,93.87,86.28,78.70,17.58,0.74,Neutro
2016-11-29,94.21,86.68,79.16,17.36,0.73,Neutro
2016-11-30,94.17,87.14,80.12,16.12,0.68,Neutro
2016-12-01,94.05,87.60,81.14,14.74,0.68,Neutro
2016-12-02,93.71,87.99,82.27,13.00,0.58,Neutro
2016-12-05,93.56,88.46,83.35,11.54,0.77,Neutro
2016-12-06,93.88,88.88,83.89,11.24,0.87,Neutro
2016-12-07,94.02,89.39,84.76,10.36,0.93,Neutro
2016-12-08,94.66,89.99,85.33,10.37,1.00,Sobrecomprado
2016-12-09,95.06,90.50,85.94,10.08,1.00,Sobrecomprado
2016-12-12,95.31,90.91,86.50,9.69,0.89,Neutro
2016-12-13,95.88,91.27,86.66,10.10,0.94,Neutro
2016-12-14,96.18,91.55,86.91,10.13,0.79,Neutro
2016-12-15,96.42,91.82,87.22,10.02,0.76,Neutro
2016-12-16,96.73,92.06,87.39,10.15,0.78,Neutro
2016-12-19,96.95,92.32,87.68,10.04,0.74,Neutro
2016-12-20,97.12,92.55,87.97,9.89,0.71,Neutro
2016-12-21,97.26,92.70,88.13,9.85,0.64,Neutro
2016-12-22,97.30,92.86,88.41,9.57,0.59,Neutro
2016-12-23,97.40,93.03,88.65,9.41,0.64,Neutro
2016-12-27,97.42,93.25,89.09,8.93,0.64,Neutro
2016-12-28,97.34,93.43,89.51,8.38,0.53,Neutro
2016-12-29,97.15,93.65,90.16,7.46,0.57,Neutro
2016-12-30,96.84,93.81,90.77,6.47,0.36,Neutro
2017-01-03,96.05,94.02,91.99,4.32,0.30,Neutro
2017-01-04,95.72,94.17,92.62,3.29,0.53,Neutro
2017-01-05,95.64,94.27,92.89,2.92,0.60,Neutro
2017-01-06,95.69,94.25,92.81,3.06,0.07,Neutro
2017-01-09,95.52,94.09,92.65,3.05,0.00,Sobrevendido
2017-01-10,95.39,94.00,92.60,2.97,0.24,Neutro
2017-01-11,95.36,93.94,92.53,3.01,0.29,Neutro
2017-01-12,95.15,93.82,92.49,2.84,0.13,Neutro
2017-01-13,95.14,93.82,92.49,2.82,0.65,Neutro
2017-01-17,95.10,93.79,92.48,2.79,0.47,Neutro
2017-01-18,94.98,93.74,92.51,2.63,0.50,Neutro
2017-01-19,94.86,93.68,92.50,2.52,0.36,Neutro
2017-01-20,94.76,93.63,92.50,2.41,0.43,Neutro
2017-01-23,94.73,93.61,92.49,2.39,0.46,Neutro
2017-01-24,94.97,93.68,92.39,2.75,1.00,Sobrecomprado
2017-01-25,95.08,93.71,92.34,2.92,0.91,Neutro
2017-01-26,95.02,93.69,92.35,2.85,0.61,Neutro
2017-01-27,95.02,93.68,92.35,2.85,0.46,Neutro
2017-01-30,94.97,93.65,92.33,2.82,0.44,Neutro
2017-01-31,94.99,93.70,92.42,2.74,0.63,Neutro
2017-02-01,95.02,93.74,92.47,2.72,0.62,Neutro
2017-02-02,95.18,93.79,92.39,2.97,0.97,Neutro
2017-02-03,95.66,93.88,92.09,3.80,1.00,Sobrecomprado
2017-02-06,95.92,94.01,92.10,4.06,0.94,Neutro
2017-02-07,96.09,94.17,92.24,4.09,0.89,Neutro
2017-02-08,96.27,94.28,92.30,4.21,0.84,Neutro
2017-02-09,96.87,94.49,92.11,5.04,1.00,Sobrecomprado
2017-02-10,97.43,94.74,92.05,5.68,1.00,Sobrecomprado
2017-02-13,98.02,94.94,91.86,6.49,1.00,Sobrecomprado
2017-02-14,98.67,95.19,91.72,7.30,1.00,Sobrecomprado
2017-02-15,99.53,95.51,91.49,8.42,1.00,Sobrecomprado
2017-02-16,100.74,95.94,91.14,10.01,1.00,Sobrecomprado
2017-02-17,102.28,96.46,90.63,12.08,1.00,Sobrecomprado
2017-02-21,103.54,96.98,90.43,13.52,1.00,Sobrecomprado
2017-02-22,104.54,97.41,90.29,14.63,0.94,Neutro
2017-02-23,105.14,97.79,90.44,15.03,0.81,Neutro
2017-02-24,105.80,98.26,90.73,15.34,0.84,Neutro
2017-02-27,106.47,98.80,91.14,15.52,0.86,Neutro
2017-02-28,106.61,99.24,91.87,14.85,0.70,Neutro
2017-03-01,107.03,99.75,92.48,14.59,0.81,Neutro
2017-03-02,107.10,100.20,93.31,13.76,0.71,Neutro
2017-03-03,107.26,100.63,94.01,13.17,0.73,Neutro
2017-03-06,107.37,100.98,94.58,12.67,0.68,Neutro
2017-03-07,107.33,101.36,95.39,11.78,0.66,Neutro
2017-03-08,107.22,101.78,96.33,10.70,0.71,Neutro
2017-03-09,106.92,102.20,97.49,9.23,0.71,Neutro
2017-03-10,106.97,102.61,98.25,8.50,0.83,Neutro
2017-03-13,107.06,103.02,98.99,7.83,0.90,Neutro
2017-03-14,106.83,103.38,99.93,6.67,0.77,Neutro
2017-03-15,106.87,103.79,100.70,5.94,1.00,Sobrecomprado
2017-03-16,106.95,104.12,101.30,5.43,0.97,Neutro
2017-03-17,107.55,104.43,101.30,5.98,1.00,Sobrecomprado
2017-03-20,108.06,104.62,101.19,6.57,0.95,Neutro
2017-03-21,108.21,104.72,101.24,6.66,0.70,Neutro
2017-03-22,108.42,104.87,101.33,6.76,0.75,Neutro
2017-03-23,108.45,105.06,101.67,6.45,0.66,Neutro
2017-03-24,108.54,105.20,101.86,6.35,0.65,Neutro
2017-03-27,108.63,105.29,101.95,6.34,0.63,Neutro
2017-03-28,108.66,105.54,102.43,5.90,0.78,Neutro
2017-03-29,108.76,105.66,102.57,5.86,0.66,Neutro
2017-03-30,108.66,105.82,102.98,5.37,0.57,Neutro
2017-03-31,108.65,105.96,103.28,5.07,0.62,Neutro
2017-04-03,108.50,106.14,103.77,4.46,0.61,Neutro
2017-04-04,108.25,106.29,104.33,3.69,0.52,Neutro
2017-04-05,108.05,106.39,104.73,3.12,0.43,Neutro
2017-04-06,107.81,106.49,105.17,2.48,0.40,Neutro
2017-04-07,107.78,106.51,105.25,2.38,0.24,Neutro
2017-04-10,107.78,106.53,105.27,2.36,0.51,Neutro
2017-04-11,107.75,106.62,105.49,2.12,0.73,Neutro
2017-04-12,107.86,106.52,105.19,2.51,0.00,Sobrevendido
2017-04-13,108.12,106.38,104.64,3.27,0.00,Sobrevendido
2017-04-17,107.86,106.25,104.63,3.04,0.21,Neutro
2017-04-18,107.64,106.13,104.62,2.85,0.24,Neutro
2017-04-19,107.67,106.07,104.47,3.02,0.15,Neutro
2017-04-20,107.69,106.08,104.47,3.04,0.70,Neutro
2017-04-21,107.69,106.08,104.47,3.04,0.54,Neutro
2017-04-24,107.70,106.09,104.47,3.04,0.59,Neutro
2017-04-25,107.80,106.13,104.46,3.15,0.76,Neutro
2017-04-26,107.80,106.13,104.46,3.15,0.85,Neutro
2017-04-27,108.03,106.19,104.36,3.46,0.97,Neutro
2017-04-28,108.09,106.23,104.36,3.51,0.67,Neutro
2017-05-01,108.09,106.23,104.36,3.51,0.61,Neutro
2017-05-02,108.41,106.32,104.22,3.94,1.00,Neutro
2017-05-03,108.81,106.44,104.06,4.46,1.00,Neutro
2017-05-04,109.23,106.58,103.94,4.96,0.98,Neutro
2017-05-05,109.53,106.71,103.90,5.28,0.87,Neutro
2017-05-08,109.84,106.87,103.90,5.56,0.86,Neutro
2017-05-09,110.00,106.96,103.92,5.68,0.73,Neutro
2017-05-10,110.25,107.06,103.87,5.96,0.82,Neutro
2017-05-11,110.33,107.24,104.14,5.77,0.71,Neutro
2017-05-12,110.10,107.41,104.72,5.01,0.50,Neutro
2017-05-15,110.04,107.53,105.02,4.67,0.55,Neutro
2017-05-16,109.93,107.65,105.36,4.25,0.50,Neutro
2017-05-17,109.87,107.66,105.45,4.11,0.00,Sobrevendido
2017-05-18,109.96,107.61,105.26,4.37,0.09,Neutro
2017-05-19,109.93,107.64,105.35,4.26,0.31,Neutro
2017-05-22,109.94,107.72,105.50,4.12,0.57,Neutro
2017-05-23,109.94,107.72,105.51,4.11,0.35,Neutro
2017-05-24,109.94,107.69,105.44,4.18,0.29,Neutro
2017-05-25,109.95,107.70,105.44,4.19,0.56,Neutro
2017-05-26,109.96,107.74,105.52,4.12,0.51,Neutro
2017-05-30,109.95,107.75,105.55,4.08,0.29,Neutro
2017-05-31,109.89,107.67,105.44,4.13,0.29,Neutro
2017-06-01,109.80,107.63,105.46,4.03,0.60,Neutro
2017-06-02,109.93,107.66,105.39,4.22,0.95,Neutro
2017-06-05,110.11,107.71,105.30,4.47,0.93,Neutro
2017-06-06,109.96,107.58,105.21,4.42,0.28,Neutro
2017-06-07,109.97,107.59,105.20,4.43,0.69,Neutro
2017-06-08,109.80,107.52,105.24,4.24,0.55,Neutro
2017-06-09,109.69,107.42,105.16,4.22,0.31,Neutro
2017-06-12,109.69,107.43,105.16,4.22,0.51,Neutro
2017-06-13,109.84,107.48,105.13,4.38,0.80,Neutro
2017-06-14,110.00,107.55,105.10,4.56,0.79,Neutro
2017-06-15,110.06,107.75,105.44,4.29,0.83,Neutro
2017-06-16,110.03,107.90,105.77,3.95,0.70,Neutro
2017-06-19,110.40,108.08,105.76,4.29,0.98,Neutro
2017-06-20,110.86,108.22,105.59,4.87,1.00,Sobrecomprado
2017-06-21,111.16,108.40,105.64,5.09,0.89,Neutro
2017-06-22,111.12,108.44,105.77,4.93,0.35,Neutro
2017-06-23,111.27,108.54,105.81,5.03,0.74,Neutro
2017-06-26,111.33,108.61,105.89,5.01,0.60,Neutro
2017-06-27,111.40,108.58,105.75,5.20,0.07,Neutro
2017-06-28,111.38,108.59,105.81,5.13,0.22,Neutro
2017-06-29,111.54,108.48,105.41,5.65,0.05,Neutro
2017-06-30,111.56,108.26,104.95,6.11,0.06,Neutro
2017-07-03,111.39,108.15,104.90,6.00,0.41,Neutro
2017-07-05,111.40,108.24,105.09,5.83,0.54,Neutro
2017-07-06,111.37,108.21,105.05,5.84,0.44,Neutro
2017-07-07,111.37,108.21,105.05,5.84,0.43,Neutro
2017-07-10,111.40,108.19,104.99,5.92,0.19,Neutro
2017-07-11,111.40,108.19,104.98,5.93,0.38,Neutro
2017-07-12,111.34,108.07,104.79,6.06,0.26,Neutro
2017-07-13,111.35,107.88,104.41,6.43,0.12,Neutro
2017-07-14,111.39,107.63,103.87,6.99,0.05,Neutro
2017-07-17,111.29,107.48,103.68,7.08,0.28,Neutro
2017-07-18,110.90,107.25,103.60,6.81,0.28,Neutro
2017-07-19,110.27,106.99,103.70,6.14,0.29,Neutro
2017-07-20,111.98,106.24,100.50,10.81,0.00,Sobrevendido
2017-07-21,113.23,105.60,97.97,14.45,0.00,Sobrevendido
2017-07-24,113.22,104.96,96.70,15.74,0.02,Neutro
2017-07-25,113.28,104.28,95.27,17.27,0.02,Neutro
2017-07-26,113.28,103.85,94.42,18.16,0.17,Neutro
2017-07-27,113.05,103.39,93.73,18.69,0.22,Neutro
2017-07-28,112.96,102.96,92.95,19.44,0.20,Neutro
2017-07-31,112.82,102.53,92.24,20.07,0.22,Neutro
2017-08-01,112.30,102.00,91.70,20.20,0.25,Neutro
2017-08-02,111.51,101.40,91.30,19.93,0.26,Neutro
2017-08-03,110.73,100.80,90.87,19.70,0.25,Neutro
2017-08-04,109.75,100.30,90.84,18.85,0.36,Neutro
2017-08-07,108.98,99.82,90.67,18.34,0.33,Neutro
2017-08-08,107.80,99.30,90.80,17.12,0.36,Neutro
2017-08-09,106.67,98.82,90.96,15.90,0.37,Neutro
2017-08-10,105.71,98.31,90.91,15.05,0.29,Neutro
2017-08-11,104.82,97.98,91.13,13.97,0.47,Neutro
2017-08-14,103.31,97.54,91.76,11.84,0.45,Neutro
2017-08-15,101.43,97.07,92.72,8.97,0.42,Neutro
2017-08-16,98.40,96.67,94.94,3.58,0.75,Neutro
2017-08-17,98.38,96.71,95.05,3.44,0.45,Neutro
2017-08-18,98.25,96.76,95.27,3.08,0.15,Neutro
2017-08-21,98.33,96.66,94.99,3.46,0.01,Neutro
2017-08-22,98.33,96.66,94.98,3.47,0.16,Neutro
2017-08-23,98.62,96.44,94.27,4.51,0.00,Sobrevendido
2017-08-24,98.84,96.18,93.51,5.54,0.00,Sobrevendido
2017-08-25,99.76,95.81,91.86,8.25,0.00,Sobrevendido
2017-08-28,100.24,95.44,90.65,10.05,0.00,Sobrevendido
2017-08-29,100.89,94.97,89.06,12.46,0.00,Sobrevendido
2017-08-30,101.17,94.55,87.92,14.01,0.01,Neutro
2017-08-31,101.19,94.24,87.29,14.75,0.17,Neutro
2017-09-01,100.82,93.89,86.95,14.77,0.26,Neutro
2017-09-05,100.50,93.60,86.71,14.73,0.32,Neutro
2017-09-06,100.10,93.32,86.54,14.53,0.35,Neutro
2017-09-07,99.69,93.06,86.42,14.26,0.38,Neutro
2017-09-08,99.46,92.89,86.31,14.16,0.42,Neutro
2017-09-11,98.82,92.62,86.43,13.38,0.47,Neutro
2017-09-12,98.28,92.43,86.58,12.66,0.56,Neutro
2017-09-13,97.89,92.30,86.71,12.11,0.63,Neutro
2017-09-14,97.28,92.14,87.01,11.15,0.72,Neutro
2017-09-15,96.86,92.03,87.21,10.49,0.74,Neutro
2017-09-18,96.99,92.06,87.14,10.70,0.93,Neutro
2017-09-19,97.20,92.12,87.03,11.04,0.89,Neutro
2017-09-20,97.53,92.19,86.85,11.58,0.96,Neutro
2017-09-21,98.11,92.38,86.64,12.42,0.90,Neutro
2017-09-22,98.66,92.58,86.51,13.12,0.85,Neutro
2017-09-25,99.19,92.96,86.74,13.39,0.84,Neutro
2017-09-26,99.57,93.33,87.09,13.37,0.79,Neutro
2017-09-27,99.61,93.81,88.00,12.38,0.78,Neutro
2017-09-28,99.56,94.26,88.96,11.25,0.77,Neutro
2017-09-29,99.62,94.64,89.66,10.52,0.76,Neutro
2017-10-02,100.17,95.10,90.02,10.67,0.95,Neutro
2017-10-03,100.64,95.52,90.41,10.71,0.91,Neutro
2017-10-04,101.55,96.06,90.57,11.43,1.00,Sobrecomprado
2017-10-05,101.85,96.50,91.16,11.08,0.85,Neutro
2017-10-06,102.04,96.92,91.81,10.55,0.82,Neutro
2017-10-09,102.00,97.28,92.56,9.70,0.72,Neutro
2017-10-10,101.93,97.58,93.23,8.92,0.68,Neutro
2017-10-11,101.97,97.89,93.82,8.33,0.76,Neutro
2017-10-12,102.18,98.22,94.26,8.06,0.85,Neutro
2017-10-13,102.27,98.56,94.84,7.54,0.84,Neutro
2017-10-16,102.60,98.82,95.04,7.65,0.86,Neutro
2017-10-17,102.54,98.97,95.41,7.20,0.53,Neutro
2017-10-18,102.66,99.15,95.64,7.08,0.71,Neutro
2017-10-19,104.06,99.59,95.13,8.97,1.00,Sobrecomprado
2017-10-20,106.00,100.18,94.36,11.62,1.00,Sobrecomprado
2017-10-23,107.54,100.76,93.98,13.46,1.00,Sobrecomprado
2017-10-24,108.88,101.38,93.87,14.81,1.00,Sobrecomprado
2017-10-25,109.85,101.96,94.07,15.48,0.93,Neutro
2017-10-26,110.57,102.53,94.49,15.68,0.87,Neutro
2017-10-27,111.23,103.11,94.99,15.75,0.86,Neutro
2017-10-30,111.68,103.50,95.33,15.80,0.74,Neutro
2017-10-31,112.22,103.95,95.68,15.91,0.78,Neutro
2017-11-01,112.70,104.26,95.82,16.19,0.74,Neutro
2017-11-02,113.15,104.69,96.23,16.16,0.75,Neutro
2017-11-03,113.53,105.13,96.73,15.98,0.73,Neutro
2017-11-06,113.66,105.59,97.52,15.29,0.68,Neutro
2017-11-07,113.64,106.07,98.49,14.28,0.68,Neutro
2017-11-08,113.60,106.51,99.41,13.32,0.66,Neutro
2017-11-09,113.39,106.79,100.18,12.37,0.49,Neutro
2017-11-10,113.14,107.11,101.08,11.26,0.53,Neutro
2017-11-13,112.87,107.43,101.99,10.13,0.55,Neutro
2017-11-14,111.67,107.85,104.04,7.07,0.48,Neutro
2017-11-15,109.95,108.18,106.41,3.27,0.21,Neutro
2017-11-16,109.68,108.27,106.87,2.60,0.30,Neutro
2017-11-17,109.67,108.27,106.87,2.59,0.58,Neutro
2017-11-20,109.66,108.26,106.87,2.58,0.62,Neutro
2017-11-21,109.64,108.26,106.87,2.56,0.82,Neutro
2017-11-22,109.69,108.28,106.86,2.61,0.78,Neutro
2017-11-24,109.83,108.33,106.82,2.78,0.85,Neutro
2017-11-27,109.80,108.31,106.83,2.74,0.62,Neutro
2017-11-28,110.05,108.44,106.83,2.97,0.98,Neutro
2017-11-29,111.12,108.64,106.16,4.57,1.00,Sobrecomprado
2017-11-30,112.12,108.89,105.66,5.93,1.00,Sobrecomprado
2017-12-01,113.22,109.17,105.11,7.43,1.00,Sobrecomprado
2017-12-04,114.97,109.57,104.17,9.86,1.00,Sobrecomprado
2017-12-05,115.83,109.90,103.98,10.78,0.95,Neutro
2017-12-06,116.30,110.16,104.01,11.16,0.80,Neutro
2017-12-07,117.00,110.49,103.97,11.79,0.87,Neutro
2017-12-08,117.72,110.97,104.23,12.16,0.90,Neutro
2017-12-11,118.29,111.40,104.51,12.37,0.83,Neutro
2017-12-12,118.68,111.77,104.86,12.36,0.76,Neutro
2017-12-13,118.92,112.14,105.36,12.09,0.72,Neutro
2017-12-14,119.02,112.54,106.06,11.52,0.70,Neutro
2017-12-15,119.43,113.03,106.62,11.33,0.84,Neutro
2017-12-18,119.96,113.52,107.07,11.36,0.87,Neutro
2017-12-19,120.35,114.00,107.65,11.14,0.84,Neutro
2017-12-20,120.58,114.44,108.29,10.74,0.78,Neutro
2017-12-21,120.55,114.84,109.14,9.94,0.71,Neutro
2017-12-22,120.35,115.20,110.06,8.93,0.64,Neutro
2017-12-26,119.79,115.62,111.45,7.21,0.66,Neutro
2017-12-27,119.32,116.01,112.70,5.71,0.76,Neutro
2017-12-28,119.27,116.27,113.27,5.16,0.77,Neutro
2017-12-29,119.12,116.45,113.78,4.59,0.59,Neutro
2018-01-02,119.25,116.65,114.04,4.47,0.82,Neutro
2018-01-03,119.38,116.70,114.02,4.59,0.77,Neutro
2018-01-04,119.67,116.89,114.11,4.76,0.89,Neutro
2018-01-05,119.73,117.16,114.59,4.39,0.90,Neutro
2018-01-08,119.81,117.32,114.84,4.24,0.75,Neutro
2018-01-09,119.94,117.44,114.94,4.26,0.73,Neutro
2018-01-10,119.92,117.51,115.11,4.09,0.51,Neutro
2018-01-11,119.90,117.68,115.45,3.78,0.71,Neutro
2018-01-12,119.73,117.84,115.95,3.21,0.63,Neutro
2018-01-16,119.53,117.88,116.24,2.79,0.00,Sobrevendido
2018-01-17,119.54,117.92,116.29,2.76,0.54,Neutro
2018-01-18,119.53,117.84,116.16,2.86,0.20,Neutro
2018-01-19,119.49,117.82,116.14,2.84,0.47,Neutro
2018-01-22,119.47,117.78,116.09,2.87,0.33,Neutro
2018-01-23,119.51,117.83,116.15,2.85,0.62,Neutro
2018-01-24,120.63,118.12,115.60,4.26,1.00,Sobrecomprado
2018-01-25,121.52,118.39,115.26,5.29,1.00,Sobrecomprado
2018-01-26,122.20,118.62,115.05,6.03,1.00,Sobrecomprado
2018-01-29,122.59,118.81,115.03,6.36,0.86,Neutro
2018-01-30,122.91,119.04,115.17,6.50,0.83,Neutro
2018-01-31,123.29,119.23,115.16,6.82,0.84,Neutro
2018-02-01,123.39,119.33,115.27,6.80,0.62,Neutro
2018-02-02,123.41,119.35,115.30,6.79,0.52,Neutro
2018-02-05,123.45,119.23,115.02,7.07,0.21,Neutro
2018-02-06,123.56,119.10,114.64,7.49,0.14,Neutro
2018-02-07,123.56,119.05,114.55,7.57,0.35,Neutro
2018-02-08,123.97,118.85,113.73,8.62,0.00,Sobrevendido
2018-02-09,123.98,118.73,113.47,8.85,0.26,Neutro
2018-02-12,123.97,118.67,113.37,8.93,0.35,Neutro
2018-02-13,123.93,118.74,113.55,8.74,0.39,Neutro
2018-02-14,124.18,118.90,113.61,8.89,0.71,Neutro
2018-02-15,127.66,119.68,111.70,13.34,1.00,Sobrecomprado
2018-02-16,130.90,120.53,110.16,17.21,1.00,Sobrecomprado
2018-02-20,132.45,121.22,109.99,18.53,0.93,Neutro
2018-02-21,133.51,121.78,110.06,19.26,0.83,Neutro
2018-02-22,134.16,122.08,110.01,19.78,0.75,Neutro
2018-02-23,135.06,122.46,109.86,20.58,0.80,Neutro
2018-02-26,135.65,122.77,109.88,20.99,0.72,Neutro
2018-02-27,136.02,123.03,110.04,21.12,0.64,Neutro
2018-02-28,136.16,123.17,110.18,21.09,0.55,Neutro
2018-03-01,136.35,123.34,110.33,21.10,0.58,Neutro
2018-03-02,136.87,123.75,110.63,21.20,0.68,Neutro
2018-03-05,137.44,124.25,111.05,21.24,0.70,Neutro
2018-03-06,138.34,125.07,111.79,21.23,0.80,Neutro
2018-03-07,138.72,125.86,113.00,20.44,0.73,Neutro
2018-03-08,138.93,126.51,114.09,19.64,0.67,Neutro
2018-03-09,138.41,127.42,116.43,17.25,0.70,Neutro
2018-03-12,137.97,128.20,118.42,15.25,0.68,Neutro
2018-03-13,137.14,128.85,120.56,12.87,0.58,Neutro
2018-03-14,135.87,129.47,123.07,9.89,0.54,Neutro
2018-03-15,134.91,129.85,124.79,7.79,0.38,Neutro
2018-03-16,134.59,129.69,124.79,7.56,0.48,Neutro
2018-03-19,133.73,129.44,125.15,6.63,0.53,Neutro
2018-03-20,133.69,129.42,125.16,6.59,0.64,Neutro
2018-03-21,133.80,129.49,125.18,6.66,0.66,Neutro
2018-03-22,133.92,129.61,125.31,6.64,0.63,Neutro
2018-03-23,133.86,129.55,125.24,6.65,0.42,Neutro
2018-03-26,133.90,129.61,125.33,6.61,0.51,Neutro
2018-03-27,133.83,129.76,125.69,6.27,0.50,Neutro
2018-03-28,133.26,130.04,126.82,4.95,0.49,Neutro
2018-03-29,132.86,130.38,127.91,3.80,0.87,Neutro
2018-04-02,132.77,130.45,128.12,3.56,0.35,Neutro
2018-04-03,133.00,130.59,128.17,3.70,0.85,Neutro
2018-04-04,133.20,130.62,128.04,3.95,1.00,Sobrecomprado
2018-04-05,133.54,130.70,127.86,4.35,0.99,Neutro
2018-04-06,133.69,130.78,127.87,4.45,0.73,Neutro
2018-04-09,133.66,130.77,127.87,4.43,0.63,Neutro
2018-04-10,133.99,130.86,127.73,4.78,0.93,Neutro
2018-04-11,134.11,130.95,127.80,4.82,0.68,Neutro
2018-04-12,134.20,131.05,127.90,4.81,0.64,Neutro
2018-04-13,134.14,131.19,128.25,4.49,0.56,Neutro
2018-04-16,134.25,131.35,128.45,4.42,0.72,Neutro
2018-04-17,134.50,131.55,128.59,4.49,0.85,Neutro
2018-04-18,134.62,131.66,128.69,4.50,0.69,Neutro
2018-04-19,134.62,131.66,128.69,4.50,0.36,Neutro
2018-04-20,134.96,131.50,128.04,5.26,0.00,Sobrevendido
2018-04-23,135.38,131.37,127.36,6.10,0.00,Sobrevendido
2018-04-24,135.94,131.16,126.37,7.30,0.00,Sobrevendido
2018-04-25,136.63,130.86,125.09,8.82,0.00,Sobrevendido
2018-04-26,137.09,130.57,124.05,9.99,0.00,Neutro
2018-04-27,137.07,130.24,123.41,10.49,0.16,Neutro
2018-04-30,137.17,130.02,122.87,11.00,0.18,Neutro
2018-05-01,137.08,129.65,122.23,11.45,0.18,Neutro
2018-05-02,136.62,129.23,121.84,11.44,0.24,Neutro
2018-05-03,136.09,128.95,121.82,11.07,0.43,Neutro
2018-05-04,135.81,128.82,121.84,10.84,0.55,Neutro
2018-05-07,135.63,128.74,121.85,10.70,0.59,Neutro
2018-05-08,135.12,128.57,122.02,10.19,0.62,Neutro
2018-05-09,135.53,128.68,121.83,10.65,0.90,Neutro
2018-05-10,135.92,128.79,121.66,11.07,0.87,Neutro
2018-05-11,136.61,128.98,121.35,11.83,0.92,Neutro
2018-05-14,136.97,129.08,121.20,12.22,0.86,Neutro
2018-05-15,136.96,129.08,121.20,12.21,0.78,Neutro
2018-05-16,137.35,129.19,121.03,12.63,0.85,Neutro
2018-05-17,137.86,129.38,120.90,13.11,0.81,Neutro
2018-05-18,138.54,129.75,120.96,13.55,0.80,Neutro
2018-05-21,139.25,130.22,121.19,13.87,0.81,Neutro
2018-05-22,139.34,130.56,121.79,13.44,0.60,Neutro
2018-05-23,139.18,130.97,122.77,12.53,0.56,Neutro
2018-05-24,138.98,131.41,123.85,11.51,0.60,Neutro
2018-05-25,138.75,131.70,124.64,10.71,0.47,Neutro
2018-05-29,138.41,131.93,125.45,9.82,0.36,Neutro
2018-05-30,137.83,132.22,126.62,8.48,0.37,Neutro
2018-05-31,137.20,132.43,127.67,7.20,0.20,Neutro
2018-06-01,137.11,132.47,127.83,7.01,0.08,Neutro
2018-06-04,137.02,132.55,128.07,6.75,0.34,Neutro
2018-06-05,136.99,132.68,128.38,6.49,0.49,Neutro
2018-06-06,137.06,132.88,128.71,6.28,0.65,Neutro
2018-06-07,137.13,132.91,128.69,6.35,0.72,Neutro
2018-06-08,137.28,132.97,128.65,6.49,0.76,Neutro
2018-06-11,137.32,132.98,128.64,6.53,0.80,Neutro
2018-06-12,137.58,133.06,128.53,6.80,0.86,Neutro
2018-06-13,137.79,133.15,128.51,6.97,0.74,Neutro
2018-06-14,138.18,133.26,128.34,7.38,0.90,Neutro
2018-06-15,138.73,133.42,128.12,7.95,0.92,Neutro
2018-06-18,139.62,133.66,127.69,8.93,1.00,Sobrecomprado
2018-06-19,140.46,133.88,127.29,9.84,0.98,Neutro
2018-06-20,141.90,134.37,126.85,11.20,1.00,Sobrecomprado
2018-06-21,142.61,134.77,126.93,11.63,0.83,Neutro
2018-06-22,143.19,135.11,127.03,11.96,0.78,Neutro
2018-06-25,143.49,135.48,127.47,11.82,0.69,Neutro
2018-06-26,143.85,135.99,128.13,11.56,0.77,Neutro
2018-06-27,144.18,136.48,128.77,11.29,0.76,Neutro
2018-06-28,143.91,136.90,129.88,10.25,0.58,Neutro
2018-06-29,143.17,137.34,131.51,8.49,0.50,Neutro
2018-07-02,142.80,137.72,132.65,7.37,0.61,Neutro
2018-07-03,142.44,137.94,133.44,6.52,0.38,Neutro
2018-07-05,142.28,138.14,134.01,5.99,0.52,Neutro
2018-07-06,142.40,138.44,134.48,5.72,0.79,Neutro
2018-07-09,142.68,138.77,134.85,5.64,0.88,Neutro
2018-07-10,142.99,139.10,135.21,5.59,0.90,Neutro
2018-07-11,143.23,139.38,135.53,5.52,0.83,Neutro
2018-07-12,143.18,139.70,136.21,4.99,0.78,Neutro
2018-07-13,143.67,140.01,136.35,5.23,0.97,Neutro
2018-07-16,143.99,140.26,136.54,5.31,0.86,Neutro
2018-07-17,144.36,140.44,136.51,5.59,0.84,Neutro
2018-07-18,144.63,140.57,136.51,5.78,0.78,Neutro
2018-07-19,145.59,140.78,135.97,6.83,1.00,Sobrecomprado
2018-07-20,145.98,140.98,135.98,7.09,0.80,Neutro
2018-07-23,146.34,141.20,136.06,7.28,0.78,Neutro
2018-07-24,146.39,141.38,136.37,7.09,0.59,Neutro
2018-07-25,146.49,141.49,136.49,7.07,0.59,Neutro
2018-07-26,146.61,141.60,136.59,7.08,0.61,Neutro
2018-07-27,146.50,141.68,136.86,6.80,0.29,Neutro
2018-07-30,146.59,141.65,136.72,6.97,0.01,Neutro
2018-07-31,146.58,141.66,136.74,6.95,0.23,Neutro
2018-08-01,146.33,141.94,137.55,6.19,0.57,Neutro
2018-08-02,146.36,142.23,138.10,5.81,0.71,Neutro
2018-08-03,146.39,142.32,138.25,5.72,0.53,Neutro
2018-08-06,146.60,142.45,138.29,5.83,0.73,Neutro
2018-08-07,146.99,142.61,138.24,6.14,0.83,Neutro
2018-08-08,147.48,142.83,138.18,6.51,0.87,Neutro
2018-08-09,147.93,143.06,138.20,6.80,0.83,Neutro
2018-08-10,148.26,143.20,138.14,7.07,0.80,Neutro
2018-08-13,148.42,143.30,138.18,7.15,0.66,Neutro
2018-08-14,148.70,143.44,138.19,7.33,0.74,Neutro
2018-08-15,148.76,143.51,138.26,7.32,0.56,Neutro
2018-08-16,148.50,143.41,138.32,7.10,0.61,Neutro
2018-08-17,148.61,143.47,138.33,7.17,0.66,Neutro
2018-08-20,148.82,143.56,138.31,7.32,0.73,Neutro
2018-08-21,149.29,143.82,138.34,7.61,0.82,Neutro
2018-08-22,149.57,144.01,138.46,7.71,0.71,Neutro
2018-08-23,149.72,144.16,138.60,7.71,0.63,Neutro
2018-08-24,149.71,144.49,139.28,7.22,0.68,Neutro
2018-08-27,149.17,145.08,140.99,5.64,0.92,Neutro
2018-08-28,148.43,145.47,142.50,4.08,0.71,Neutro
2018-08-29,148.95,145.81,142.66,4.31,1.00,Sobrecomprado
2018-08-30,149.21,146.02,142.83,4.37,0.84,Neutro
2018-08-31,149.45,146.36,143.27,4.22,0.99,Neutro
2018-09-04,150.30,146.70,143.10,4.91,1.00,Sobrecomprado
2018-09-05,151.39,147.04,142.69,5.92,1.00,Sobrecomprado
2018-09-06,152.71,147.42,142.13,7.18,1.00,Sobrecomprado
2018-09-07,153.97,147.83,141.70,8.30,1.00,Sobrecomprado
2018-09-10,155.22,148.29,141.36,9.35,1.00,Sobrecomprado
2018-09-11,156.38,148.84,141.30,10.13,0.97,Neutro
2018-09-12,157.86,149.44,141.02,11.27,1.00,Sobrecomprado
2018-09-13,158.88,150.11,141.34,11.68,0.92,Neutro
2018-09-14,159.97,150.81,141.66,12.14,0.93,Neutro
2018-09-17,160.57,151.42,142.26,12.09,0.81,Neutro
2018-09-18,161.41,152.06,142.71,12.30,0.86,Neutro
2018-09-19,161.83,152.53,143.24,12.19,0.73,Neutro
2018-09-20,161.78,152.92,144.06,11.59,0.57,Neutro
2018-09-21,161.50,153.34,145.18,10.64,0.54,Neutro
2018-09-24,161.13,153.64,146.14,9.76,0.41,Neutro
2018-09-25,160.98,153.88,146.77,9.23,0.46,Neutro
2018-09-26,160.50,154.10,147.70,8.31,0.27,Neutro
2018-09-27,160.42,154.15,147.88,8.14,0.20,Neutro
2018-09-28,160.06,154.33,148.59,7.43,0.28,Neutro
2018-10-01,159.83,154.45,149.07,6.97,0.26,Neutro
2018-10-02,160.02,154.36,148.71,7.33,0.06,Neutro
2018-10-03,160.61,154.09,147.57,8.46,0.00,Sobrevendido
2018-10-04,161.78,153.54,145.29,10.74,0.00,Sobrevendido
2018-10-05,162.68,152.89,143.11,12.80,0.00,Sobrevendido
2018-10-08,163.32,152.15,140.98,14.68,0.00,Sobrevendido
2018-10-09,163.92,151.25,138.57,16.76,0.00,Sobrevendido
2018-10-10,164.26,150.11,135.97,18.85,0.00,Sobrevendido
2018-10-11,164.42,148.91,133.41,20.82,0.00,Neutro
2018-10-12,163.74,147.72,131.70,21.69,0.09,Neutro
2018-10-15,163.05,146.56,130.07,22.50,0.12,Neutro
2018-10-16,161.55,145.37,129.20,22.25,0.18,Neutro
2018-10-17,160.52,144.09,127.66,22.80,0.11,Neutro
2018-10-18,159.81,142.86,125.90,23.74,0.10,Neutro
2018-10-19,158.88,141.57,124.27,24.45,0.11,Neutro
2018-10-22,157.85,140.38,122.92,24.88,0.16,Neutro
2018-10-23,156.39,139.07,121.76,24.90,0.15,Neutro
2018-10-24,155.05,137.83,120.60,25.00,0.17,Neutro
2018-10-25,153.30,136.80,120.30,24.12,0.29,Neutro
2018-10-26,150.94,135.63,120.31,22.58,0.26,Neutro
2018-10-29,148.03,134.45,120.87,20.20,0.27,Neutro
2018-10-30,145.22,133.51,121.80,17.54,0.37,Neutro
2018-10-31,142.66,132.79,122.92,14.87,0.49,Neutro
2018-11-01,140.98,132.31,123.63,13.11,0.55,Neutro
2018-11-02,139.30,131.82,124.34,11.35,0.51,Neutro
2018-11-05,137.77,131.45,125.13,9.62,0.62,Neutro
2018-11-06,136.88,131.24,125.59,8.60,0.72,Neutro
2018-11-07,136.76,131.20,125.65,8.47,0.80,Neutro
2018-11-08,137.15,131.31,125.48,8.89,0.88,Neutro
2018-11-09,137.12,131.30,125.49,8.86,0.78,Neutro
2018-11-12,137.22,131.34,125.45,8.96,0.78,Neutro
2018-11-13,137.38,131.38,125.37,9.14,0.88,Neutro
2018-11-14,138.40,131.72,125.04,10.14,0.97,Neutro
2018-11-15,139.49,132.19,124.89,11.05,0.96,Neutro
2018-11-16,140.85,132.82,124.79,12.09,1.00,Sobrecomprado
2018-11-19,141.56,133.34,125.13,12.32,0.84,Neutro
2018-11-20,141.87,133.91,125.95,11.89,0.78,Neutro
2018-11-21,142.08,134.58,127.08,11.15,0.84,Neutro
2018-11-23,142.74,135.12,127.49,11.29,0.86,Neutro
2018-11-26,143.07,135.75,128.42,10.79,0.85,Neutro
2018-11-27,143.24,136.40,129.55,10.04,0.86,Neutro
2018-11-28,145.00,137.22,129.44,11.34,1.00,Sobrecomprado
2018-11-29,146.34,137.91,129.48,12.23,1.00,Neutro
2018-11-30,147.96,138.67,129.37,13.41,1.00,Sobrecomprado
2018-12-03,149.66,139.58,129.50,14.44,1.00,Sobrecomprado
2018-12-04,150.17,140.22,130.28,14.18,0.78,Neutro
2018-12-06,150.19,140.67,131.16,13.53,0.61,Neutro
2018-12-07,150.01,140.90,131.79,12.93,0.40,Neutro
2018-12-10,149.92,140.98,132.03,12.69,0.30,Neutro
2018-12-11,149.73,141.11,132.49,12.22,0.27,Neutro
2018-12-12,149.54,141.22,132.91,11.78,0.24,Neutro
2018-12-13,149.42,141.31,133.20,11.48,0.28,Neutro
2018-12-14,149.75,141.11,132.47,12.25,0.09,Neutro
2018-12-17,150.21,140.79,131.37,13.38,0.06,Neutro
2018-12-18,150.47,140.38,130.29,14.38,0.12,Neutro
2018-12-19,150.83,140.01,129.19,15.46,0.11,Neutro
2018-12-20,151.09,139.68,128.28,16.33,0.16,Neutro
2018-12-21,151.74,139.06,126.39,18.23,0.04,Neutro
2018-12-24,152.20,138.35,124.51,20.01,0.07,Neutro
2018-12-26,152.01,137.88,123.76,20.49,0.27,Neutro
2018-12-27,151.66,137.46,123.26,20.66,0.34,Neutro
2018-12-28,150.35,136.85,123.35,19.73,0.43,Neutro
2018-12-31,149.07,136.31,123.56,18.71,0.47,Neutro
2019-01-02,147.07,135.56,124.05,16.98,0.39,Neutro
2019-01-03,143.93,134.63,125.33,13.82,0.34,Neutro
2019-01-04,141.87,134.14,126.42,11.52,0.63,Neutro
2019-01-07,140.59,133.85,127.12,10.06,0.73,Neutro
2019-01-08,140.17,133.74,127.31,9.62,0.73,Neutro
2019-01-09,140.70,133.87,127.03,10.21,0.95,Neutro
2019-01-10,141.10,133.98,126.85,10.64,0.88,Neutro
2019-01-11,141.35,134.06,126.76,10.88,0.80,Neutro
2019-01-14,141.36,134.06,126.76,10.89,0.75,Neutro
2019-01-15,141.56,134.18,126.81,10.99,0.65,Neutro
2019-01-16,141.67,134.32,126.98,10.94,0.56,Neutro
2019-01-17,142.00,134.56,127.12,11.06,0.70,Neutro
2019-01-18,142.53,134.95,127.37,11.23,0.78,Neutro
2019-01-22,142.88,135.28,127.68,11.24,0.72,Neutro
2019-01-23,142.61,135.86,129.10,9.94,0.72,Neutro
2019-01-24,141.75,136.50,131.25,7.69,0.76,Neutro
2019-01-25,141.48,136.79,132.10,6.86,0.56,Neutro
2019-01-28,141.40,137.07,132.73,6.33,0.64,Neutro
2019-01-29,141.44,137.22,133.00,6.15,0.58,Neutro
2019-01-30,141.46,137.31,133.16,6.04,0.51,Neutro
2019-01-31,141.15,137.49,133.83,5.32,0.40,Neutro
2019-02-01,140.26,137.82,135.38,3.54,0.60,Neutro
2019-02-04,140.81,138.07,135.34,3.96,1.00,Sobrecomprado
2019-02-05,141.90,138.38,134.86,5.09,1.00,Sobrecomprado
2019-02-06,142.43,138.65,134.87,5.45,0.95,Neutro
2019-02-07,142.96,138.79,134.62,6.01,0.98,Neutro
2019-02-08,143.52,138.97,134.42,6.55,0.93,Neutro
2019-02-11,143.84,139.13,134.42,6.77,0.78,Neutro
2019-02-12,144.75,139.48,134.21,7.56,1.00,Neutro
2019-02-13,145.28,139.85,134.43,7.76,0.88,Neutro
2019-02-14,145.09,139.96,134.82,7.34,0.24,Neutro
2019-02-15,145.06,140.01,134.96,7.21,0.36,Neutro
2019-02-19,145.15,140.09,135.04,7.22,0.58,Neutro
2019-02-20,145.15,140.13,135.12,7.16,0.42,Neutro
2019-02-21,145.30,140.28,135.25,7.16,0.64,Neutro
2019-02-22,145.94,140.55,135.17,7.66,0.89,Neutro
2019-02-25,146.69,140.99,135.29,8.09,0.95,Neutro
2019-02-26,147.59,141.43,135.27,8.71,0.96,Neutro
2019-02-27,148.19,141.86,135.53,8.92,0.87,Neutro
2019-02-28,148.43,142.27,136.11,8.66,0.76,Neutro
2019-03-01,148.40,142.70,136.99,8.00,0.72,Neutro
2019-03-04,148.46,143.04,137.62,7.58,0.70,Neutro
2019-03-05,148.74,143.27,137.80,7.64,0.72,Neutro
2019-03-06,148.78,143.31,137.83,7.64,0.56,Neutro
2019-03-07,148.80,143.36,137.91,7.60,0.47,Neutro
2019-03-08,148.80,143.34,137.88,7.62,0.41,Neutro
2019-03-11,148.91,143.43,137.95,7.64,0.61,Neutro
2019-03-12,149.06,143.59,138.13,7.61,0.63,Neutro
2019-03-13,149.32,143.69,138.07,7.83,0.77,Neutro
2019-03-14,149.46,143.77,138.09,7.91,0.65,Neutro
2019-03-15,148.89,144.09,139.29,6.66,0.45,Neutro
2019-03-18,148.50,144.42,140.34,5.65,0.61,Neutro
2019-03-19,148.33,144.59,140.86,5.17,0.48,Neutro
2019-03-20,147.64,144.82,142.00,3.89,0.32,Neutro
2019-03-21,147.51,145.04,142.57,3.41,0.72,Neutro
2019-03-22,147.59,144.95,142.30,3.65,0.11,Neutro
2019-03-25,147.48,144.88,142.29,3.58,0.49,Neutro
2019-03-26,147.13,144.73,142.33,3.32,0.35,Neutro
2019-03-27,147.26,144.76,142.26,3.45,0.97,Neutro
2019-03-28,148.58,145.01,141.43,4.93,1.00,Sobrecomprado
2019-03-29,149.73,145.29,140.85,6.11,1.00,Sobrecomprado
2019-04-01,151.47,145.70,139.94,7.91,1.00,Sobrecomprado
2019-04-02,152.81,146.09,139.37,9.20,1.00,Sobrecomprado
2019-04-03,154.44,146.66,138.87,10.62,1.00,Sobrecomprado
2019-04-04,155.69,147.26,138.82,11.46,0.96,Neutro
2019-04-05,156.85,147.93,139.00,12.07,0.94,Neutro
2019-04-08,157.85,148.46,139.08,12.64,0.87,Neutro
2019-04-09,157.88,148.64,139.39,12.44,0.49,Neutro
2019-04-10,158.01,148.80,139.58,12.39,0.56,Neutro
2019-04-11,158.20,149.07,139.94,12.25,0.60,Neutro
2019-04-12,158.55,149.58,140.60,12.00,0.73,Neutro
2019-04-15,159.27,150.11,140.95,12.20,0.82,Neutro
2019-04-16,159.81,150.69,141.57,12.10,0.79,Neutro
2019-04-17,159.92,151.24,142.56,11.48,0.70,Neutro
2019-04-18,161.80,152.06,142.33,12.80,1.00,Sobrecomprado
2019-04-22,162.95,153.07,143.18,12.92,1.00,Neutro
2019-04-23,164.07,153.99,143.90,13.10,0.96,Neutro
2019-04-24,164.89,154.99,145.08,12.78,0.96,Neutro
2019-04-25,165.32,155.72,146.11,12.34,0.81,Neutro
2019-04-26,166.25,156.37,146.49,12.64,0.86,Neutro
2019-04-29,167.44,157.10,146.76,13.16,0.91,Neutro
2019-04-30,169.11,157.83,146.55,14.29,0.95,Neutro
2019-05-01,170.12,158.47,146.81,14.71,0.83,Neutro
2019-05-02,171.65,159.16,146.68,15.69,0.90,Neutro
2019-05-03,172.87,159.85,146.82,16.30,0.84,Neutro
2019-05-06,174.19,160.56,146.93,16.98,0.85,Neutro
2019-05-07,174.85,161.14,147.44,17.01,0.72,Neutro
2019-05-08,174.69,162.09,149.48,15.55,0.71,Neutro
2019-05-09,174.29,162.93,151.57,13.94,0.67,Neutro
2019-05-10,173.92,163.81,153.69,12.35,0.73,Neutro
2019-05-13,173.32,164.38,155.43,10.88,0.55,Neutro
2019-05-14,172.84,164.83,156.83,9.71,0.51,Neutro
2019-05-15,172.24,165.36,158.47,8.33,0.59,Neutro
2019-05-16,170.72,165.97,161.22,5.72,0.60,Neutro
2019-05-17,170.97,166.29,161.60,5.63,0.80,Neutro
2019-05-20,171.28,166.63,161.98,5.58,0.84,Neutro
2019-05-21,171.35,166.90,162.45,5.33,0.70,Neutro
2019-05-22,171.38,167.10,162.82,5.12,0.62,Neutro
2019-05-23,170.81,167.31,163.82,4.18,0.30,Neutro
2019-05-24,170.51,167.47,164.43,3.63,0.37,Neutro
2019-05-28,170.62,167.42,164.22,3.82,0.05,Neutro
2019-05-29,170.99,167.14,163.30,4.60,0.00,Sobrevendido
2019-05-30,171.09,167.05,163.00,4.84,0.14,Neutro
2019-05-31,170.85,166.84,162.82,4.81,0.27,Neutro
2019-06-03,170.67,166.63,162.59,4.85,0.24,Neutro
2019-06-04,170.86,166.67,162.48,5.03,1.00,Neutro
2019-06-05,171.54,166.88,162.21,5.59,0.97,Neutro
2019-06-06,172.52,167.15,161.77,6.43,1.00,Sobrecomprado
2019-06-07,173.65,167.50,161.35,7.34,1.00,Sobrecomprado
2019-06-10,174.23,167.70,161.17,7.79,0.86,Neutro
2019-06-11,174.50,167.96,161.43,7.78,0.69,Neutro
2019-06-12,175.07,168.36,161.64,7.98,0.83,Neutro
2019-06-13,176.11,168.79,161.46,8.68,0.94,Neutro
2019-06-14,176.76,169.14,161.52,9.01,0.82,Neutro
2019-06-17,177.02,169.29,161.56,9.13,0.68,Neutro
2019-06-18,177.20,169.39,161.58,9.22,0.66,Neutro
2019-06-19,177.47,169.57,161.67,9.32,0.67,Neutro
2019-06-20,178.09,169.90,161.71,9.64,0.79,Neutro
2019-06-21,178.18,170.18,162.18,9.40,0.58,Neutro
2019-06-24,178.18,170.35,162.52,9.19,0.48,Neutro
2019-06-25,177.95,170.58,163.20,8.65,0.40,Neutro
2019-06-26,177.31,170.95,164.60,7.43,0.44,Neutro
2019-06-27,176.88,171.37,165.85,6.44,0.59,Neutro
2019-06-28,176.76,171.88,167.00,5.68,0.84,Neutro
2019-07-01,176.18,172.43,168.68,4.35,0.92,Neutro
2019-07-02,176.35,172.60,168.85,4.35,0.71,Neutro
2019-07-03,177.16,172.90,168.65,4.92,1.00,Sobrecomprado
2019-07-05,177.67,173.10,168.52,5.29,0.89,Neutro
2019-07-08,177.94,173.20,168.46,5.47,0.79,Neutro
2019-07-09,178.09,173.04,168.00,5.83,0.13,Neutro
2019-07-10,178.35,172.92,167.48,6.29,0.04,Neutro
2019-07-11,178.63,172.64,166.66,6.93,0.06,Neutro
2019-07-12,178.35,172.36,166.37,6.95,0.28,Neutro
2019-07-15,178.19,172.17,166.15,6.99,0.33,Neutro
2019-07-16,178.16,172.14,166.11,7.00,0.43,Neutro
2019-07-17,178.20,171.98,165.76,7.23,0.24,Neutro
2019-07-18,178.26,172.02,165.79,7.25,0.59,Neutro
2019-07-19,178.37,172.06,165.75,7.33,0.77,Neutro
2019-07-22,178.41,172.10,165.79,7.33,0.51,Neutro
2019-07-23,178.47,172.23,165.99,7.25,0.54,Neutro
2019-07-24,178.44,172.37,166.31,7.04,0.46,Neutro
2019-07-25,178.61,172.58,166.56,6.98,0.64,Neutro
2019-07-26,179.08,172.79,166.50,7.28,0.81,Neutro
2019-07-29,179.12,172.80,166.49,7.31,0.71,Neutro
2019-07-30,179.09,172.80,166.50,7.29,0.71,Neutro
2019-07-31,179.05,172.77,166.50,7.26,0.58,Neutro
2019-08-01,178.48,172.58,166.67,6.84,0.57,Neutro
2019-08-02,178.01,172.41,166.81,6.50,0.58,Neutro
2019-08-05,177.56,172.10,166.63,6.35,0.28,Neutro
2019-08-06,177.93,172.41,166.89,6.40,0.79,Neutro
2019-08-07,178.69,172.94,167.19,6.65,0.99,Neutro
2019-08-08,179.86,173.64,167.42,7.16,1.00,Sobrecomprado
2019-08-09,181.48,174.30,167.11,8.24,1.00,Sobrecomprado
2019-08-12,181.93,174.74,167.55,8.23,0.79,Neutro
2019-08-13,182.69,175.21,167.73,8.54,0.87,Neutro
2019-08-14,182.60,175.68,168.75,7.88,0.67,Neutro
2019-08-15,182.77,175.91,169.04,7.81,0.63,Neutro
2019-08-16,183.13,176.10,169.07,7.98,0.73,Neutro
2019-08-19,183.93,176.61,169.28,8.30,0.89,Neutro
2019-08-20,184.41,177.04,169.66,8.33,0.79,Neutro
2019-08-21,184.70,177.50,170.31,8.11,0.76,Neutro
2019-08-22,185.47,177.96,170.46,8.43,0.87,Neutro
2019-08-23,185.50,178.02,170.55,8.40,0.49,Neutro
2019-08-26,185.70,178.26,170.82,8.35,0.63,Neutro
2019-08-27,186.06,178.59,171.11,8.37,0.72,Neutro
2019-08-28,186.22,178.99,171.75,8.08,0.69,Neutro
2019-08-29,186.34,179.44,172.54,7.69,0.72,Neutro
2019-08-30,186.09,179.81,173.52,6.99,0.57,Neutro
2019-09-03,184.40,180.29,176.18,4.56,0.38,Neutro
2019-09-04,184.15,180.61,177.06,3.93,0.70,Neutro
2019-09-05,185.35,181.01,176.67,4.80,1.00,Sobrecomprado
2019-09-06,186.00,181.23,176.45,5.27,0.94,Neutro
2019-09-09,185.83,181.05,176.27,5.28,0.32,Neutro
2019-09-10,186.73,180.74,174.74,6.63,0.00,Sobrevendido
2019-09-11,187.37,180.32,173.27,7.82,0.00,Sobrevendido
2019-09-12,187.48,180.21,172.95,8.06,0.20,Neutro
2019-09-13,187.65,180.07,172.49,8.42,0.15,Neutro
2019-09-16,188.19,179.67,171.15,9.48,0.01,Neutro
2019-09-17,187.98,179.29,170.60,9.69,0.24,Neutro
2019-09-18,187.86,178.93,170.00,9.98,0.23,Neutro
2019-09-19,187.61,178.70,169.78,9.98,0.38,Neutro
2019-09-20,187.20,178.54,169.87,9.71,0.60,Neutro
2019-09-23,187.64,178.78,169.92,9.91,0.73,Neutro
2019-09-24,187.97,178.93,169.88,10.11,0.73,Neutro
2019-09-25,188.36,179.06,169.76,10.39,0.79,Neutro
2019-09-26,188.45,179.10,169.74,10.45,0.68,Neutro
2019-09-27,188.60,179.15,169.70,10.55,0.73,Neutro
2019-09-30,189.26,179.40,169.53,11.00,0.81,Neutro
2019-10-01,189.61,179.59,169.58,11.15,0.68,Neutro
2019-10-02,189.70,179.64,169.57,11.21,0.66,Neutro
2019-10-03,188.91,179.37,169.83,10.64,0.60,Neutro
2019-10-04,188.92,179.37,169.82,10.65,0.82,Neutro
2019-10-07,189.62,179.68,169.74,11.06,0.79,Neutro
2019-10-08,189.89,180.28,170.66,10.67,0.73,Neutro
2019-10-09,190.08,180.93,171.79,10.11,0.75,Neutro
2019-10-10,190.43,181.41,172.39,9.94,0.72,Neutro
2019-10-11,190.80,182.02,173.23,9.65,0.78,Neutro
2019-10-14,190.14,182.75,175.36,8.09,0.72,Neutro
2019-10-15,190.25,183.44,176.63,7.42,0.88,Neutro
2019-10-16,189.18,183.97,178.76,5.66,0.57,Neutro
2019-10-17,191.42,184.94,178.46,7.01,1.00,Sobrecomprado
2019-10-18,194.96,185.93,176.89,9.72,1.00,Sobrecomprado
2019-10-21,196.00,186.47,176.94,10.22,0.88,Neutro
2019-10-22,197.38,187.11,176.84,10.98,0.93,Neutro
2019-10-23,197.60,187.36,177.11,10.94,0.60,Neutro
2019-10-24,197.58,187.60,177.62,10.64,0.49,Neutro
2019-10-25,197.57,187.63,177.69,10.60,0.32,Neutro
2019-10-28,197.59,187.53,177.46,10.73,0.30,Neutro
2019-10-29,197.55,187.64,177.72,10.57,0.39,Neutro
2019-10-30,197.74,188.02,178.29,10.34,0.62,Neutro
2019-10-31,197.76,188.49,179.23,9.83,0.63,Neutro
2019-11-01,197.95,188.75,179.54,9.75,0.60,Neutro
2019-11-04,197.95,188.85,179.75,9.64,0.43,Neutro
2019-11-05,198.01,188.79,179.58,9.76,0.22,Neutro
2019-11-06,198.00,188.82,179.65,9.72,0.35,Neutro
2019-11-07,198.01,188.80,179.59,9.76,0.29,Neutro
2019-11-08,198.02,188.75,179.48,9.82,0.35,Neutro
2019-11-11,198.02,188.82,179.61,9.75,0.43,Neutro
2019-11-12,198.00,188.79,179.58,9.76,0.46,Neutro
2019-11-13,198.00,188.99,179.99,9.53,0.49,Neutro
2019-11-14,197.07,188.67,180.27,8.90,0.55,Neutro
2019-11-15,194.84,188.23,181.61,7.03,0.73,Neutro
2019-11-18,194.58,188.16,181.75,6.82,0.83,Neutro
2019-11-19,193.58,187.97,182.36,5.97,0.86,Neutro
2019-11-20,194.51,188.22,181.93,6.68,0.99,Neutro
2019-11-21,194.58,188.29,182.01,6.68,0.55,Neutro
2019-11-22,194.76,188.66,182.55,6.47,0.72,Neutro
2019-11-25,194.57,188.95,183.32,5.95,0.54,Neutro
2019-11-26,195.17,189.37,183.57,6.13,0.90,Neutro
2019-11-27,195.60,189.52,183.45,6.41,0.83,Neutro
2019-11-29,195.57,189.51,183.44,6.40,0.58,Neutro
2019-12-02,195.52,189.48,183.43,6.38,0.55,Neutro
2019-12-03,195.53,189.54,183.56,6.32,0.45,Neutro
2019-12-04,195.17,189.88,184.59,5.57,0.54,Neutro
2019-12-05,195.53,190.27,185.00,5.53,0.84,Neutro
2019-12-06,195.66,190.74,185.82,5.16,0.86,Neutro
2019-12-09,195.48,191.06,186.64,4.63,0.66,Neutro
2019-12-10,195.34,191.25,187.17,4.27,0.50,Neutro
2019-12-11,195.22,191.44,187.65,3.95,0.53,Neutro
2019-12-12,195.15,191.57,187.99,3.74,0.48,Neutro
2019-12-13,195.14,191.57,188.00,3.73,0.21,Neutro
2019-12-16,195.19,191.62,188.04,3.73,0.58,Neutro
2019-12-17,195.72,191.77,187.82,4.12,0.96,Neutro
2019-12-18,195.90,191.86,187.81,4.22,0.73,Neutro
2019-12-19,196.20,191.93,187.66,4.45,0.96,Neutro
2019-12-20,197.33,192.41,187.48,5.12,1.00,Sobrecomprado
2019-12-23,197.49,192.54,187.58,5.15,0.65,Neutro
2019-12-24,197.97,192.91,187.84,5.25,0.88,Neutro
2019-12-26,198.28,193.02,187.75,5.46,0.81,Neutro
2019-12-27,198.72,193.18,187.65,5.73,0.83,Neutro
2019-12-30,199.40,193.58,187.76,6.01,0.90,Neutro
2019-12-31,199.53,193.87,188.21,5.84,0.68,Neutro
2020-01-02,199.63,194.29,188.94,5.50,0.78,Neutro
2020-01-03,199.99,194.69,189.38,5.45,0.85,Neutro
2020-01-06,200.46,194.92,189.38,5.68,0.82,Neutro
2020-01-07,200.61,195.03,189.45,5.72,0.63,Neutro
2020-01-08,200.83,195.28,189.74,5.68,0.70,Neutro
2020-01-09,200.94,195.61,190.29,5.44,0.71,Neutro
2020-01-10,201.41,196.04,190.67,5.48,0.89,Neutro
2020-01-13,201.62,196.46,191.30,5.25,0.83,Neutro
2020-01-14,201.03,196.93,192.83,4.16,0.74,Neutro
2020-01-15,201.03,197.33,193.64,3.74,0.89,Neutro
2020-01-16,201.66,197.64,193.61,4.07,0.98,Neutro
2020-01-17,202.30,198.09,193.89,4.25,1.00,Sobrecomprado
2020-01-21,202.88,198.42,193.95,4.50,0.94,Neutro
2020-01-22,203.68,198.67,193.66,5.04,0.98,Neutro
2020-01-23,204.13,199.15,194.18,5.00,0.95,Neutro
2020-01-24,204.58,199.46,194.34,5.13,0.84,Neutro
2020-01-27,205.20,199.87,194.53,5.34,0.93,Neutro
2020-01-28,205.73,200.24,194.76,5.48,0.87,Neutro
2020-01-29,207.14,200.73,194.32,6.39,1.00,Sobrecomprado
2020-01-30,207.77,201.27,194.76,6.46,0.91,Neutro
2020-01-31,207.76,201.52,195.28,6.19,0.56,Neutro
2020-02-03,207.92,201.79,195.66,6.08,0.66,Neutro
2020-02-04,208.29,202.15,196.01,6.07,0.78,Neutro
2020-02-05,208.47,202.65,196.82,5.75,0.83,Neutro
2020-02-06,209.01,203.19,197.36,5.73,0.94,Neutro
2020-02-07,209.64,203.76,197.87,5.78,0.97,Neutro
2020-02-10,210.49,204.24,197.99,6.12,0.96,Neutro
2020-02-11,211.51,204.83,198.14,6.53,1.00,Sobrecomprado
2020-02-12,211.76,205.36,198.96,6.23,0.83,Neutro
2020-02-13,212.18,205.87,199.57,6.13,0.86,Neutro
2020-02-14,213.85,206.57,199.28,7.05,1.00,Sobrecomprado
2020-02-18,215.91,207.32,198.72,8.29,1.00,Sobrecomprado
2020-02-19,216.94,207.97,199.00,8.63,0.91,Neutro
2020-02-20,217.66,208.51,199.36,8.78,0.82,Neutro
2020-02-21,217.85,208.90,199.96,8.56,0.64,Neutro
2020-02-24,217.65,209.12,200.58,8.16,0.39,Neutro
2020-02-25,218.04,208.93,199.81,8.73,0.05,Neutro
2020-02-26,218.14,208.86,199.58,8.89,0.18,Neutro
2020-02-27,218.59,208.44,198.28,9.74,0.07,Neutro
2020-02-28,219.72,207.84,195.96,11.43,0.00,Sobrevendido
2020-03-02,220.53,207.45,194.37,12.61,0.01,Neutro
2020-03-03,220.77,207.20,193.62,13.10,0.19,Neutro
2020-03-04,221.02,207.41,193.81,13.12,0.59,Neutro
2020-03-05,221.16,207.54,193.93,13.12,0.56,Neutro
2020-03-06,221.11,207.50,193.89,13.12,0.50,Neutro
2020-03-09,221.29,206.86,192.43,13.95,0.14,Neutro
2020-03-10,221.04,206.36,191.69,14.22,0.28,Neutro
2020-03-11,221.20,205.37,189.55,15.41,0.07,Neutro
2020-03-12,224.86,203.54,182.22,20.95,0.00,Sobrevendido
2020-03-13,224.35,202.55,180.75,21.53,0.23,Neutro
2020-03-16,228.20,199.71,171.21,28.54,0.00,Sobrevendido
2020-03-17,227.76,197.20,166.64,30.99,0.02,Neutro
2020-03-18,226.18,195.10,164.02,31.86,0.15,Neutro
2020-03-19,223.79,193.35,162.90,31.49,0.27,Neutro
2020-03-20,224.17,190.53,156.90,35.31,0.00,Sobrevendido
2020-03-23,223.90,188.00,152.11,38.19,0.06,Neutro
2020-03-24,222.84,186.34,149.84,39.18,0.24,Neutro
2020-03-25,221.47,184.29,147.11,40.35,0.20,Neutro
2020-03-26,219.75,182.86,145.98,40.34,0.34,Neutro
2020-03-27,218.49,181.78,145.07,40.39,0.38,Neutro
2020-03-30,217.45,181.22,145.00,39.98,0.53,Neutro
2020-03-31,215.68,180.39,145.10,39.13,0.52,Neutro
2020-04-01,211.35,178.91,146.47,36.26,0.52,Neutro
2020-04-02,206.56,177.39,148.22,32.89,0.52,Neutro
2020-04-03,201.22,175.26,149.30,29.63,0.30,Neutro
2020-04-06,198.66,174.49,150.33,27.70,0.64,Neutro
2020-04-07,194.43,173.36,152.29,24.31,0.59,Neutro
2020-04-08,192.89,172.98,153.06,23.03,0.78,Neutro
2020-04-09,194.12,173.56,152.99,23.70,0.77,Neutro
2020-04-13,191.83,172.83,153.84,21.98,0.59,Neutro
2020-04-14,191.99,173.93,155.87,20.77,0.69,Neutro
2020-04-15,192.27,174.41,156.55,20.48,0.58,Neutro
2020-04-16,192.96,174.82,156.69,20.75,0.69,Neutro
2020-04-17,193.53,175.05,156.57,21.11,0.74,Neutro
2020-04-20,192.10,176.15,160.20,18.11,0.53,Neutro
2020-04-21,190.19,176.86,163.54,15.07,0.28,Neutro
2020-04-22,189.87,177.30,164.72,14.19,0.45,Neutro
2020-04-23,190.03,178.66,167.28,12.73,0.96,Neutro
2020-04-24,193.56,179.97,166.39,15.10,1.00,Sobrecomprado
2020-04-27,199.06,181.62,164.18,19.20,1.00,Sobrecomprado
2020-04-28,202.79,182.66,162.52,22.05,1.00,Sobrecomprado
2020-04-29,205.42,183.62,161.83,23.74,0.91,Neutro
2020-04-30,206.79,184.39,162.00,24.29,0.75,Neutro
2020-05-01,208.68,185.45,162.22,25.05,0.81,Neutro
2020-05-04,208.94,187.14,165.34,23.30,0.76,Neutro
2020-05-05,211.38,188.34,165.30,24.47,0.87,Neutro
2020-05-06,213.40,189.76,166.12,24.92,0.84,Neutro
2020-05-07,214.79,190.67,166.55,25.30,0.74,Neutro
2020-05-08,216.92,191.83,166.74,26.16,0.82,Neutro
2020-05-11,218.85,193.55,168.25,26.14,0.84,Neutro
2020-05-12,219.79,194.77,169.74,25.70,0.70,Neutro
2020-05-13,219.60,195.92,172.23,24.18,0.59,Neutro
2020-05-14,219.76,196.93,174.10,23.19,0.61,Neutro
2020-05-15,220.44,198.08,175.72,22.58,0.69,Neutro
2020-05-18,220.86,199.86,178.86,21.01,0.81,Neutro
2020-05-19,218.64,201.94,185.23,16.54,0.81,Neutro
2020-05-20,216.26,203.83,191.41,12.19,0.91,Neutro
2020-05-21,218.08,205.43,192.78,12.32,1.00,Sobrecomprado
2020-05-22,220.43,206.60,192.78,13.38,1.00,Sobrecomprado
2020-05-26,223.69,207.57,191.45,15.53,1.00,Sobrecomprado
2020-05-27,229.57,209.16,188.75,19.52,1.00,Sobrecomprado
2020-05-28,235.44,211.11,186.78,23.05,1.00,Sobrecomprado
2020-05-29,242.47,213.80,185.12,26.82,1.00,Sobrecomprado
2020-06-01,247.95,216.22,184.49,29.35,1.00,Sobrecomprado
2020-06-02,251.95,218.61,185.28,30.50,0.92,Neutro
2020-06-03,256.33,220.85,185.37,32.13,0.91,Neutro
2020-06-04,258.88,222.75,186.63,32.43,0.79,Neutro
2020-06-05,260.20,224.64,189.09,31.65,0.72,Neutro
2020-06-08,261.12,226.09,191.07,30.98,0.65,Neutro
2020-06-09,262.78,227.74,192.69,30.78,0.72,Neutro
2020-06-10,263.63,229.65,195.67,29.59,0.70,Neutro
2020-06-11,262.33,231.32,200.30,26.82,0.53,Neutro
2020-06-12,260.70,232.94,205.17,23.84,0.52,Neutro
2020-06-15,259.33,234.43,209.52,21.25,0.54,Neutro
2020-06-16,259.07,235.99,212.92,19.56,0.68,Neutro
2020-06-17,258.29,237.68,217.07,17.34,0.71,Neutro
2020-06-18,256.90,239.28,221.65,14.73,0.69,Neutro
2020-06-19,256.29,240.59,224.88,13.06,0.71,Neutro
2020-06-22,255.46,242.10,228.73,11.04,0.84,Neutro
2020-06-23,254.04,243.18,232.31,8.94,0.66,Neutro
2020-06-24,253.83,243.49,233.15,8.49,0.44,Neutro
2020-06-25,253.96,243.71,233.47,8.41,0.55,Neutro
2020-06-26,253.24,243.34,233.44,8.14,0.43,Neutro
2020-06-29,252.98,243.25,233.51,8.00,0.67,Neutro
2020-06-30,253.96,243.53,233.10,8.57,0.91,Neutro
2020-07-01,254.61,243.69,232.76,8.97,0.93,Neutro
2020-07-02,255.38,244.03,232.68,9.30,0.79,Neutro
2020-07-06,255.98,244.51,233.05,9.38,0.73,Neutro
2020-07-07,256.63,245.28,233.94,9.25,0.80,Neutro
2020-07-08,257.27,245.67,234.07,9.44,0.74,Neutro
2020-07-09,259.39,246.44,233.50,10.51,0.98,Neutro
2020-07-10,260.11,247.69,235.26,10.03,0.93,Neutro
2020-07-13,260.05,248.78,237.51,9.06,0.83,Neutro
2020-07-14,260.99,250.00,239.02,8.79,1.00,Neutro
2020-07-15,264.04,251.12,238.20,10.29,1.00,Sobrecomprado
2020-07-16,265.69,251.97,238.24,10.89,0.90,Neutro
2020-07-17,269.63,253.32,237.01,12.88,1.00,Sobrecomprado
2020-07-20,274.72,254.93,235.15,15.52,1.00,Sobrecomprado
2020-07-21,277.71,256.12,234.53,16.86,0.93,Neutro
2020-07-22,281.36,257.78,234.21,18.29,0.97,Neutro
2020-07-23,283.77,259.60,235.44,18.62,0.90,Neutro
2020-07-24,286.58,261.48,236.38,19.20,0.91,Neutro
2020-07-27,289.72,263.77,237.81,19.68,0.96,Neutro
2020-07-28,291.84,265.66,239.48,19.71,0.86,Neutro
2020-07-29,295.31,267.61,239.91,20.70,0.92,Neutro
2020-07-30,298.42,269.56,240.70,21.41,0.89,Neutro
2020-07-31,301.05,271.72,242.38,21.59,0.87,Neutro
2020-08-03,303.97,274.17,244.38,21.73,0.91,Neutro
2020-08-04,306.86,276.62,246.39,21.86,0.91,Neutro
2020-08-05,309.40,279.28,249.15,21.57,0.91,Neutro
2020-08-06,312.12,281.57,251.01,21.70,0.88,Neutro
2020-08-07,314.05,283.89,253.73,21.25,0.85,Neutro
2020-08-10,314.36,286.17,257.98,19.70,0.78,Neutro
2020-08-11,313.48,287.79,262.09,17.86,0.61,Neutro
2020-08-12,313.86,289.52,265.18,16.81,0.74,Neutro
2020-08-13,312.34,291.24,270.15,14.49,0.65,Neutro
2020-08-14,311.80,292.42,273.05,13.25,0.61,Neutro
2020-08-17,312.50,293.60,274.69,12.88,0.75,Neutro
2020-08-18,312.43,295.09,277.75,11.75,0.78,Neutro
2020-08-19,312.30,296.21,280.13,10.86,0.69,Neutro
2020-08-20,311.42,297.40,283.38,9.43,0.68,Neutro
2020-08-21,311.88,298.78,285.67,8.77,0.92,Neutro
2020-08-24,313.06,299.94,286.82,8.75,0.92,Neutro
2020-08-25,313.21,301.30,289.38,7.91,0.93,Neutro
2020-08-26,314.17,302.34,290.51,7.83,0.91,Neutro
2020-08-27,315.05,303.38,291.71,7.69,0.90,Neutro
2020-08-28,314.92,304.06,293.21,7.14,0.65,Neutro
2020-08-31,314.93,304.35,293.78,6.95,0.51,Neutro
2020-09-01,315.13,304.62,294.11,6.90,0.59,Neutro
2020-09-02,315.27,304.73,294.19,6.92,0.58,Neutro
2020-09-03,316.89,303.89,290.89,8.56,0.00,Sobrevendido
2020-09-04,320.95,302.35,283.75,12.30,0.00,Sobrevendido
2020-09-08,323.82,300.88,277.93,15.25,0.00,Sobrevendido
2020-09-09,324.68,300.26,275.85,16.26,0.10,Neutro
2020-09-10,325.34,299.14,272.94,17.52,0.11,Neutro
2020-09-11,325.93,298.22,270.51,18.58,0.15,Neutro
2020-09-14,325.91,297.71,269.52,18.94,0.30,Neutro
2020-09-15,325.40,296.90,268.39,19.20,0.32,Neutro
2020-09-16,324.93,295.60,266.27,19.84,0.22,Neutro
2020-09-17,324.30,294.62,264.93,20.15,0.30,Neutro
2020-09-18,323.64,293.49,263.35,20.54,0.27,Neutro
2020-09-21,321.74,291.96,262.19,20.40,0.29,Neutro
2020-09-22,319.20,290.72,262.24,19.59,0.42,Neutro
2020-09-23,316.21,289.41,262.62,18.52,0.43,Neutro
2020-09-24,312.80,288.22,263.63,17.06,0.50,Neutro
2020-09-25,309.07,287.21,265.36,15.22,0.63,Neutro
2020-09-28,307.88,286.95,266.02,14.59,0.86,Neutro
2020-09-29,308.03,286.98,265.94,14.67,0.93,Neutro
2020-09-30,309.15,287.20,265.24,15.29,1.00,Sobrecomprado
2020-10-01,308.81,287.12,265.43,15.11,0.91,Neutro
2020-10-02,310.16,287.73,265.30,15.59,0.77,Neutro
2020-10-05,311.91,289.25,266.59,15.67,0.84,Neutro
2020-10-06,313.07,290.87,268.68,15.26,0.81,Neutro
2020-10-07,315.18,292.23,269.28,15.71,0.85,Neutro
2020-10-08,318.62,294.12,269.62,16.66,0.96,Neutro
2020-10-09,322.65,296.27,269.89,17.81,0.99,Neutro
2020-10-12,327.75,298.33,268.90,19.73,1.00,Neutro
2020-10-13,331.86,300.35,268.84,20.98,0.92,Neutro
2020-10-14,336.50,303.14,269.78,22.01,0.97,Neutro
2020-10-15,340.50,305.75,270.99,22.73,0.92,Neutro
2020-10-16,343.15,308.45,273.75,22.50,0.87,Neutro
2020-10-19,343.81,310.91,278.01,21.16,0.77,Neutro
2020-10-20,344.94,313.13,281.32,20.32,0.77,Neutro
2020-10-21,345.30,315.39,285.48,18.97,0.76,Neutro
2020-10-22,344.54,317.26,289.97,17.20,0.65,Neutro
2020-10-23,345.36,319.42,293.49,16.24,0.82,Neutro
2020-10-26,346.87,321.16,295.45,16.01,0.80,Neutro
2020-10-27,348.96,322.94,296.93,16.11,0.85,Neutro
2020-10-28,350.35,324.26,298.17,16.09,0.75,Neutro
2020-10-29,350.62,325.76,300.91,15.26,0.69,Neutro
2020-10-30,348.71,327.02,305.33,13.27,0.45,Neutro
2020-11-02,347.39,328.39,309.39,11.57,0.59,Neutro
2020-11-03,345.95,330.07,314.19,9.62,0.76,Neutro
2020-11-04,346.99,332.19,317.38,8.91,1.00,Sobrecomprado
2020-11-05,350.86,334.19,317.51,9.98,1.00,Sobrecomprado
2020-11-06,354.11,335.87,317.64,10.86,1.00,Sobrecomprado
2020-11-09,358.74,334.46,310.18,14.52,0.00,Sobrevendido
2020-11-10,359.35,333.92,308.49,15.23,0.15,Neutro
2020-11-11,359.26,333.29,307.32,15.58,0.28,Neutro
2020-11-12,359.42,332.35,305.27,16.29,0.20,Neutro
2020-11-13,359.41,331.50,303.60,16.84,0.24,Neutro
2020-11-16,359.55,330.94,302.33,17.29,0.26,Neutro
2020-11-17,360.36,329.75,299.14,18.57,0.12,Neutro
2020-11-18,361.56,328.22,294.88,20.32,0.08,Neutro
2020-11-19,361.54,327.71,293.87,20.65,0.32,Neutro
2020-11-20,360.68,326.72,292.76,20.79,0.35,Neutro
2020-11-23,359.73,325.43,291.13,21.08,0.29,Neutro
2020-11-24,358.24,323.66,289.08,21.37,0.24,Neutro
2020-11-25,356.78,322.33,287.88,21.38,0.33,Neutro
2020-11-27,355.48,321.54,287.60,21.11,0.47,Neutro
2020-11-30,355.30,321.40,287.50,21.10,0.51,Neutro
2020-12-01,354.95,321.23,287.52,20.99,0.61,Neutro
2020-12-02,352.91,320.10,287.29,20.50,0.43,Neutro
2020-12-03,347.90,317.95,287.99,18.84,0.32,Neutro
2020-12-04,339.79,315.20,290.62,15.60,0.23,Neutro
2020-12-07,328.47,312.89,297.31,9.96,0.39,Neutro
2020-12-08,327.97,313.70,299.44,9.09,0.57,Neutro
2020-12-09,327.72,313.48,299.24,9.09,0.44,Neutro
2020-12-10,326.60,312.80,299.00,8.82,0.34,Neutro
2020-12-11,326.45,312.72,298.98,8.78,0.56,Neutro
2020-12-14,327.31,312.99,298.68,9.15,0.83,Neutro
2020-12-15,328.50,313.36,298.22,9.66,0.87,Neutro
2020-12-16,330.67,314.46,298.24,10.31,0.93,Neutro
2020-12-17,332.47,316.03,299.59,10.40,0.97,Neutro
2020-12-18,336.63,317.22,297.82,12.23,1.00,Sobrecomprado
2020-12-21,339.56,318.25,296.95,13.39,0.94,Neutro
2020-12-22,343.83,319.91,295.99,14.95,1.00,Sobrecomprado
2020-12-23,346.19,321.64,297.09,15.27,0.88,Neutro
2020-12-24,348.29,323.09,297.90,15.60,0.83,Neutro
2020-12-28,349.95,324.01,298.07,16.01,0.76,Neutro
2020-12-29,351.59,324.84,298.09,16.47,0.76,Neutro
2020-12-30,353.28,325.50,297.73,17.07,0.79,Neutro
2020-12-31,355.96,327.05,298.15,17.68,0.84,Neutro
2021-01-04,355.74,328.29,300.85,16.72,0.57,Neutro
2021-01-05,354.28,329.81,305.34,14.84,0.55,Neutro
2021-01-06,354.95,331.57,308.20,14.10,0.78,Neutro
2021-01-07,358.93,333.75,308.57,15.09,1.00,Sobrecomprado
2021-01-08,362.72,336.36,310.00,15.67,1.00,Sobrecomprado
2021-01-11,363.53,338.87,314.21,14.55,0.90,Neutro
2021-01-12,364.34,341.06,317.79,13.65,0.87,Neutro
2021-01-13,364.07,342.33,320.59,12.70,0.63,Neutro
2021-01-14,363.26,343.16,323.06,11.71,0.45,Neutro
2021-01-15,362.81,343.46,324.12,11.26,0.27,Neutro
2021-01-19,362.56,343.67,324.78,10.99,0.29,Neutro
2021-01-20,362.57,343.76,324.94,10.95,0.42,Neutro
2021-01-21,362.56,343.98,325.40,10.80,0.43,Neutro
2021-01-22,362.54,343.96,325.38,10.80,0.49,Neutro
2021-01-25,362.61,344.12,325.62,10.75,0.48,Neutro
2021-01-26,362.62,344.07,325.51,10.79,0.35,Neutro
2021-01-27,363.08,343.69,324.30,11.28,0.15,Neutro
2021-01-28,363.09,343.62,324.16,11.33,0.34,Neutro
2021-01-29,363.46,343.02,322.57,11.92,0.17,Neutro
2021-02-01,363.10,342.43,321.75,12.08,0.32,Neutro
2021-02-02,363.08,342.44,321.81,12.05,0.26,Neutro
2021-02-03,363.20,342.35,321.50,12.18,0.21,Neutro
2021-02-04,362.95,341.82,320.69,12.36,0.32,Neutro
2021-02-05,360.27,340.58,320.89,11.56,0.34,Neutro
2021-02-08,355.59,339.11,322.63,9.72,0.36,Neutro
2021-02-09,351.70,337.95,324.20,8.14,0.41,Neutro
2021-02-10,347.28,336.34,325.41,6.50,0.04,Neutro
2021-02-11,350.27,334.31,318.34,9.55,0.00,Sobrevendido
2021-02-12,350.85,332.96,315.08,10.74,0.00,Sobrevendido
2021-02-16,352.29,331.75,311.21,12.38,0.00,Sobrevendido
2021-02-17,353.48,330.33,307.18,14.02,0.00,Neutro
2021-02-18,353.36,328.67,303.97,15.03,0.07,Neutro
2021-02-19,353.13,326.77,300.42,16.13,0.06,Neutro
2021-02-22,353.40,324.22,295.04,18.00,0.00,Sobrevendido
2021-02-23,352.13,321.86,291.60,18.81,0.08,Neutro
2021-02-24,350.25,320.22,290.19,18.76,0.26,Neutro
2021-02-25,349.61,318.75,287.88,19.37,0.21,Neutro
2021-02-26,347.15,317.45,287.75,18.71,0.40,Neutro
2021-03-01,345.77,316.52,287.27,18.48,0.41,Neutro
2021-03-02,343.31,315.16,287.01,17.86,0.37,Neutro
2021-03-03,341.01,313.94,286.87,17.25,0.39,Neutro
2021-03-04,338.98,312.49,285.99,16.96,0.29,Neutro
2021-03-05,335.67,311.15,286.63,15.76,0.42,Neutro
2021-03-08,331.73,309.71,287.69,14.22,0.41,Neutro
2021-03-09,327.44,308.64,289.85,12.18,0.62,Neutro
2021-03-10,322.97,307.88,292.78,9.81,0.90,Neutro
2021-03-11,322.12,307.73,293.34,9.35,1.00,Sobrecomprado
2021-03-12,323.62,308.34,293.06,9.91,0.86,Neutro
2021-03-15,325.46,308.82,292.19,10.77,0.96,Neutro
2021-03-16,326.81,309.35,291.89,11.29,0.83,Neutro
2021-03-17,327.49,309.79,292.10,11.42,0.68,Neutro
2021-03-18,327.88,310.12,292.36,11.45,0.61,Neutro
2021-03-19,328.62,310.83,293.04,11.45,0.69,Neutro
2021-03-22,327.49,311.87,296.26,10.01,0.55,Neutro
2021-03-23,326.91,312.96,299.00,8.92,0.68,Neutro
2021-03-24,327.16,313.53,299.90,8.69,0.63,Neutro
2021-03-25,326.35,314.13,301.90,7.78,0.44,Neutro
2021-03-26,326.81,314.48,302.15,7.84,0.67,Neutro
2021-03-29,327.42,314.94,302.46,7.93,0.71,Neutro
2021-03-30,327.65,315.51,303.37,7.70,0.65,Neutro
2021-03-31,328.14,316.20,304.26,7.55,0.74,Neutro
2021-04-01,328.30,317.53,306.76,6.78,0.98,Neutro
2021-04-05,330.50,318.80,307.11,7.34,1.00,Sobrecomprado
2021-04-06,331.93,320.20,308.47,7.33,1.00,Sobrecomprado
2021-04-07,333.63,321.17,308.70,7.76,0.96,Neutro
2021-04-08,336.16,321.98,307.81,8.80,1.00,Sobrecomprado
2021-04-09,340.43,323.04,305.65,10.77,1.00,Sobrecomprado
2021-04-12,344.47,324.38,304.29,12.39,1.00,Sobrecomprado
2021-04-13,347.63,325.45,303.27,13.63,0.95,Neutro
2021-04-14,349.91,326.55,303.19,14.31,0.85,Neutro
2021-04-15,353.08,328.20,303.31,15.16,0.92,Neutro
2021-04-16,357.24,330.31,303.38,16.31,0.98,Neutro
2021-04-19,361.02,332.27,303.53,17.30,0.93,Neutro
2021-04-20,364.44,334.60,304.76,17.84,0.92,Neutro
2021-04-21,367.42,336.68,305.95,18.26,0.87,Neutro
2021-04-22,375.52,339.96,304.41,20.92,1.00,Sobrecomprado
2021-04-23,383.81,343.89,303.98,23.21,1.00,Sobrecomprado
2021-04-26,389.35,347.22,305.10,24.26,0.95,Neutro
2021-04-27,395.70,350.87,306.04,25.55,0.97,Neutro
2021-04-28,399.30,354.27,309.23,25.42,0.87,Neutro
2021-04-29,403.31,357.82,312.33,25.43,0.89,Neutro
2021-04-30,407.04,361.13,315.22,25.43,0.86,Neutro
2021-05-03,411.47,364.48,317.49,25.78,0.88,Neutro
2021-05-04,415.37,367.90,320.43,25.81,0.86,Neutro
2021-05-05,420.11,371.86,323.61,25.95,0.91,Neutro
2021-05-06,422.74,375.31,327.88,25.27,0.82,Neutro
2021-05-07,426.89,378.79,330.69,25.40,0.87,Neutro
2021-05-10,430.32,382.23,334.14,25.16,0.84,Neutro
2021-05-11,431.65,385.42,339.18,23.99,0.76,Neutro
2021-05-12,429.54,387.84,346.15,21.50,0.54,Neutro
2021-05-13,428.81,390.67,352.52,19.53,0.70,Neutro
2021-05-14,428.64,393.30,357.96,17.97,0.72,Neutro
2021-05-17,427.19,395.79,364.40,15.86,0.68,Neutro
2021-05-18,424.22,397.74,371.27,13.31,0.52,Neutro
2021-05-19,419.20,399.75,380.30,9.73,0.50,Neutro
2021-05-20,418.40,400.68,382.96,8.84,0.52,Neutro
2021-05-21,418.32,401.17,384.03,8.55,0.49,Neutro
2021-05-24,417.46,402.02,386.59,7.68,0.51,Neutro
2021-05-25,417.30,402.43,387.57,7.39,0.46,Neutro
2021-05-26,416.19,403.14,390.09,6.47,0.43,Neutro
2021-05-27,415.79,403.64,391.50,6.02,0.47,Neutro
2021-05-28,415.70,404.33,392.97,5.62,0.65,Neutro
2021-06-01,416.24,404.83,393.42,5.64,0.72,Neutro
2021-06-02,417.02,405.31,393.60,5.78,0.77,Neutro
2021-06-03,416.69,405.20,393.71,5.67,0.69,Neutro
2021-06-04,417.02,405.39,393.76,5.74,0.66,Neutro
2021-06-07,415.97,405.03,394.09,5.40,0.58,Neutro
2021-06-08,415.16,404.84,394.51,5.10,0.80,Neutro
2021-06-09,414.75,404.63,394.51,5.00,0.52,Neutro
2021-06-10,413.32,405.10,396.87,4.06,0.23,Neutro
2021-06-11,413.24,404.97,396.71,4.08,0.39,Neutro
2021-06-14,412.76,404.65,396.54,4.01,0.37,Neutro
2021-06-15,412.65,404.59,396.54,3.98,0.57,Neutro
2021-06-16,412.46,404.85,397.23,3.76,0.45,Neutro
2021-06-17,412.56,405.25,397.95,3.61,0.67,Neutro
2021-06-18,413.64,405.83,398.01,3.85,0.95,Neutro
2021-06-21,417.58,406.93,396.28,5.23,1.00,Sobrecomprado
2021-06-22,422.71,408.29,393.86,7.07,1.00,Sobrecomprado
2021-06-23,425.28,409.46,393.65,7.72,0.99,Neutro
2021-06-24,428.35,410.84,393.32,8.53,1.00,Sobrecomprado
2021-06-25,430.28,411.97,393.67,8.89,0.88,Neutro
2021-06-28,432.19,412.91,393.62,9.34,0.85,Neutro
2021-06-29,435.60,414.14,392.67,10.37,0.97,Neutro
2021-06-30,437.32,414.98,392.64,10.77,0.80,Neutro
2021-07-01,439.45,416.08,392.72,11.23,0.83,Neutro
2021-07-02,442.17,417.43,392.69,11.85,0.88,Neutro
2021-07-06,444.04,418.78,393.52,12.06,0.80,Neutro
2021-07-07,446.76,420.20,393.63,12.64,0.86,Neutro
2021-07-08,448.52,421.84,395.16,12.65,0.80,Neutro
2021-07-09,450.67,424.05,397.42,12.56,0.89,Neutro
2021-07-12,452.26,426.10,399.93,12.28,0.85,Neutro
2021-07-13,452.31,427.96,403.61,11.38,0.74,Neutro
2021-07-14,451.91,429.57,407.22,10.40,0.69,Neutro
2021-07-15,449.68,430.84,412.00,8.75,0.46,Neutro
2021-07-16,447.35,431.88,416.42,7.16,0.40,Neutro
2021-07-19,445.70,432.42,419.14,6.14,0.17,Neutro
2021-07-20,445.74,432.40,419.07,6.17,0.14,Neutro
2021-07-21,445.76,432.31,418.86,6.22,0.32,Neutro
2021-07-22,446.14,432.10,418.07,6.50,0.10,Neutro
2021-07-23,446.21,432.26,418.31,6.45,0.49,Neutro
2021-07-26,446.48,432.78,419.08,6.33,0.62,Neutro
2021-07-27,447.30,433.50,419.69,6.37,0.76,Neutro
2021-07-28,447.50,433.62,419.74,6.40,0.61,Neutro
2021-07-29,449.26,434.51,419.76,6.79,0.90,Neutro
2021-07-30,450.83,435.25,419.67,7.16,0.86,Neutro
2021-08-02,451.89,435.70,419.51,7.43,0.79,Neutro
2021-08-03,453.62,436.44,419.26,7.87,0.86,Neutro
2021-08-04,456.26,437.22,418.19,8.71,0.96,Neutro
2021-08-05,458.65,438.06,417.48,9.40,0.90,Neutro
2021-08-06,459.28,438.29,417.30,9.58,0.76,Neutro
2021-08-09,460.68,438.75,416.83,9.99,0.83,Neutro
2021-08-10,462.11,439.37,416.63,10.35,0.78,Neutro
2021-08-11,463.50,440.08,416.66,10.64,0.76,Neutro
2021-08-12,464.88,441.28,417.68,10.70,0.76,Neutro
2021-08-13,466.01,442.55,419.09,10.60,0.74,Neutro
2021-08-16,467.62,444.45,421.28,10.43,0.87,Neutro
2021-08-17,466.61,445.77,424.94,9.35,0.58,Neutro
2021-08-18,465.68,446.69,427.71,8.50,0.48,Neutro
2021-08-19,463.05,448.31,433.57,6.58,0.67,Neutro
2021-08-20,462.30,449.47,436.64,5.71,0.72,Neutro
2021-08-23,461.38,449.88,438.38,5.11,0.26,Neutro
2021-08-24,460.97,450.18,439.40,4.79,0.35,Neutro
2021-08-25,459.89,451.03,442.18,3.93,0.66,Neutro
2021-08-26,459.86,451.06,442.25,3.90,0.25,Neutro
2021-08-27,459.78,451.24,442.69,3.79,0.42,Neutro
2021-08-30,460.82,451.97,443.13,3.91,0.94,Neutro
2021-08-31,462.52,452.66,442.79,4.36,1.00,Neutro
2021-09-01,463.20,452.90,442.59,4.55,0.83,Neutro
2021-09-02,465.10,453.42,441.74,5.15,1.00,Sobrecomprado
2021-09-03,466.78,454.20,441.62,5.54,0.93,Neutro
2021-09-07,467.29,454.50,441.71,5.63,0.69,Neutro
2021-09-08,468.78,455.16,441.53,5.99,0.87,Neutro
2021-09-09,469.26,455.55,441.85,6.02,0.66,Neutro
2021-09-10,469.89,455.96,442.02,6.11,0.71,Neutro
2021-09-13,470.02,455.66,441.31,6.30,0.24,Neutro
2021-09-14,469.73,454.79,439.84,6.57,0.14,Neutro
2021-09-15,469.86,454.66,439.45,6.69,0.23,Neutro
2021-09-16,470.43,454.38,438.32,7.07,0.06,Neutro
2021-09-17,471.85,453.43,435.00,8.13,0.00,Sobrevendido
2021-09-20,472.89,452.31,431.72,9.10,0.03,Neutro
2021-09-21,474.22,451.60,428.98,10.02,0.03,Neutro
2021-09-22,475.76,450.59,425.42,11.17,0.02,Neutro
2021-09-23,475.62,449.72,423.81,11.52,0.24,Neutro
2021-09-24,475.80,449.16,422.51,11.86,0.24,Neutro
2021-09-27,476.49,447.98,419.47,12.73,0.12,Neutro
2021-09-28,477.15,445.76,414.38,14.08,0.02,Neutro
2021-09-29,476.21,443.54,410.88,14.73,0.11,Neutro
2021-09-30,476.56,440.88,405.21,16.18,0.02,Neutro
2021-10-01,474.49,438.08,401.68,16.62,0.10,Neutro
2021-10-04,471.73,435.23,398.74,16.77,0.12,Neutro
2021-10-05,468.89,432.86,396.84,16.65,0.21,Neutro
2021-10-06,463.88,430.22,396.57,15.65,0.24,Neutro
2021-10-07,459.08,428.39,397.70,14.33,0.42,Neutro
2021-10-08,452.89,426.20,399.51,12.52,0.34,Neutro
2021-10-11,449.53,424.64,399.75,11.72,0.34,Neutro
2021-10-12,446.72,423.06,399.39,11.19,0.28,Neutro
2021-10-13,442.74,421.33,399.93,10.16,0.28,Neutro
2021-10-14,439.99,420.50,401.01,9.27,0.58,Neutro
2021-10-15,438.49,419.99,401.50,8.81,0.61,Neutro
2021-10-18,438.13,419.90,401.66,8.69,0.80,Neutro
2021-10-19,438.99,420.12,401.26,8.98,0.88,Neutro
2021-10-20,440.15,420.49,400.82,9.35,0.84,Neutro
2021-10-21,450.01,422.03,394.05,13.26,1.00,Sobrecomprado
2021-10-22,458.86,423.79,388.71,16.55,1.00,Sobrecomprado
2021-10-25,468.38,426.26,384.14,19.76,1.00,Sobrecomprado
2021-10-26,475.33,429.05,382.76,21.58,0.96,Neutro
2021-10-27,480.56,431.52,382.49,22.73,0.87,Neutro
2021-10-28,485.93,434.90,383.87,23.47,0.88,Neutro
2021-10-29,492.18,438.54,384.91,24.46,0.91,Neutro
2021-11-01,497.15,442.24,387.33,24.83,0.86,Neutro
2021-11-02,501.50,445.75,390.00,25.01,0.83,Neutro
2021-11-03,505.13,449.28,393.43,24.86,0.80,Neutro
2021-11-04,509.62,452.54,395.45,25.23,0.82,Neutro
2021-11-05,512.22,455.88,399.54,24.72,0.76,Neutro
2021-11-08,514.22,459.39,404.56,23.87,0.75,Neutro
2021-11-09,515.53,463.42,411.32,22.49,0.79,Neutro
2021-11-10,515.22,467.49,419.76,20.42,0.77,Neutro
2021-11-11,520.62,472.26,423.90,20.48,0.98,Neutro
2021-11-12,528.39,477.82,427.26,21.16,1.00,Sobrecomprado
2021-11-15,534.41,482.98,431.56,21.29,1.00,Neutro
2021-11-16,539.79,488.13,436.48,21.16,0.98,Neutro
2021-11-17,542.69,493.28,443.88,20.03,0.94,Neutro
2021-11-18,549.23,497.00,444.76,21.02,0.93,Neutro
2021-11-19,554.66,500.50,446.34,21.64,0.87,Neutro
2021-11-22,556.74,502.90,449.07,21.41,0.70,Neutro
2021-11-23,558.28,505.66,453.03,20.81,0.70,Neutro
2021-11-24,559.64,508.91,458.18,19.94,0.73,Neutro
2021-11-26,559.77,511.41,463.04,18.91,0.63,Neutro
2021-11-29,560.20,513.55,466.91,18.17,0.62,Neutro
2021-11-30,559.65,515.42,471.20,17.16,0.54,Neutro
2021-12-01,558.56,517.18,475.81,16.00,0.50,Neutro
2021-12-02,557.28,519.11,480.94,14.71,0.53,Neutro
2021-12-03,555.86,520.21,484.56,13.71,0.36,Neutro
2021-12-06,553.35,521.65,489.95,12.15,0.37,Neutro
2021-12-07,550.95,523.68,496.41,10.41,0.57,Neutro
2021-12-08,548.74,525.49,502.23,8.85,0.58,Neutro
2021-12-09,545.08,526.56,508.04,7.03,0.18,Neutro
2021-12-10,545.15,526.97,508.79,6.90,0.51,Neutro
2021-12-13,544.29,526.54,508.79,6.74,0.51,Neutro
2021-12-14,543.45,526.02,508.58,6.63,0.43,Neutro
2021-12-15,542.53,525.73,508.92,6.39,0.68,Neutro
2021-12-16,541.10,524.72,508.34,6.24,0.26,Neutro
2021-12-17,539.27,522.98,506.69,6.23,-0.00,Sobrevendido
2021-12-20,537.23,521.17,505.10,6.17,0.00,Sobrevendido
2021-12-21,537.46,520.33,503.20,6.58,0.12,Neutro
2021-12-22,536.83,519.75,502.67,6.57,0.35,Neutro
2021-12-23,534.92,518.87,502.81,6.19,0.38,Neutro
2021-12-27,535.13,518.95,502.77,6.24,0.71,Neutro
2021-12-28,535.27,519.00,502.74,6.27,0.71,Neutro
2021-12-29,536.90,519.63,502.37,6.65,0.86,Neutro
2021-12-30,537.46,520.04,502.61,6.70,0.66,Neutro
2021-12-31,538.49,520.47,502.45,6.92,0.77,Neutro
2022-01-03,538.30,520.73,503.16,6.75,0.35,Neutro
2022-01-04,538.25,520.82,503.39,6.69,0.34,Neutro
2022-01-05,539.53,519.23,498.93,7.82,0.00,Sobrevendido
2022-01-06,541.27,517.16,493.05,9.32,0.00,Sobrevendido
2022-01-07,546.61,515.00,483.38,12.28,0.00,Sobrevendido
2022-01-10,549.98,511.89,473.79,14.88,0.00,Sobrevendido
2022-01-11,550.69,509.07,467.45,16.35,0.04,Neutro
2022-01-12,549.81,506.92,464.02,16.92,0.19,Neutro
2022-01-13,547.52,504.09,460.66,17.23,0.17,Neutro
2022-01-14,548.05,501.40,454.75,18.61,0.09,Neutro
2022-01-18,548.85,499.21,449.57,19.89,0.13,Neutro
2022-01-19,549.56,496.98,444.40,21.16,0.15,Neutro
2022-01-20,550.86,493.93,437.01,23.05,0.08,Neutro
2022-01-21,550.92,490.27,429.62,24.74,0.10,Neutro
2022-01-24,549.22,486.89,424.56,25.60,0.18,Neutro
2022-01-25,546.44,482.16,417.88,26.66,0.10,Neutro
2022-01-26,543.03,477.01,411.00,27.68,0.09,Neutro
2022-01-27,536.44,471.58,406.73,27.51,0.13,Neutro
2022-01-28,528.89,466.85,404.80,26.58,0.21,Neutro
2022-01-31,517.55,462.64,407.74,23.74,0.35,Neutro
2022-02-01,508.49,459.06,409.63,21.54,0.35,Neutro
2022-02-02,497.61,455.37,413.13,18.55,0.34,Neutro
2022-02-03,491.18,452.03,412.88,17.32,0.21,Neutro
2022-02-04,486.44,448.66,410.89,16.84,0.13,Neutro
2022-02-07,484.24,446.13,408.01,17.09,0.17,Neutro
2022-02-08,482.34,444.06,405.78,17.24,0.23,Neutro
2022-02-09,478.66,442.32,405.99,16.43,0.41,Neutro
2022-02-10,471.84,439.55,407.27,14.69,0.28,Neutro
2022-02-11,465.57,436.71,407.85,13.22,0.18,Neutro
2022-02-14,461.38,434.69,408.00,12.28,0.27,Neutro
2022-02-15,456.28,433.08,409.88,10.71,0.45,Neutro
2022-02-16,451.15,431.65,412.15,9.04,0.49,Neutro
2022-02-17,449.34,430.22,411.10,8.89,0.18,Neutro
2022-02-18,447.93,429.47,411.00,8.60,0.41,Neutro
2022-02-22,447.20,427.24,407.29,9.34,0.00,Sobrevendido
2022-02-23,451.24,425.16,399.08,12.27,0.00,Sobrevendido
2022-02-24,451.54,424.44,397.34,12.77,0.21,Neutro
2022-02-25,451.47,424.33,397.20,12.79,0.44,Neutro
2022-02-28,451.37,424.28,397.19,12.77,0.60,Neutro
2022-03-01,449.09,423.64,398.19,12.02,0.69,Neutro
2022-03-02,449.45,423.72,397.99,12.14,0.92,Neutro
2022-03-03,449.13,423.63,398.14,12.04,0.82,Neutro
2022-03-04,450.03,424.00,397.97,12.28,0.74,Neutro
2022-03-07,450.12,424.13,398.15,12.25,0.48,Neutro
2022-03-08,450.33,423.57,396.80,12.64,0.24,Neutro
2022-03-09,450.69,423.82,396.95,12.68,0.59,Neutro
2022-03-10,449.53,423.25,396.97,12.42,0.52,Neutro
2022-03-11,449.26,422.75,396.24,12.54,0.35,Neutro
2022-03-14,449.26,422.53,395.80,12.65,0.34,Neutro
2022-03-15,449.41,422.66,395.90,12.66,0.55,Neutro
2022-03-16,450.62,423.08,395.54,13.02,0.79,Neutro
2022-03-17,453.04,423.82,394.60,13.79,0.88,Neutro
2022-03-18,458.51,425.81,393.11,15.36,0.99,Neutro
2022-03-21,460.84,426.83,392.82,15.94,0.79,Neutro
2022-03-22,462.35,429.06,395.77,15.52,0.78,Neutro
2022-03-23,458.72,431.20,403.67,12.77,0.51,Neutro
2022-03-24,457.65,431.91,406.17,11.92,0.33,Neutro
2022-03-25,459.20,431.10,403.00,13.04,0.03,Neutro
2022-03-28,459.48,430.28,401.07,13.57,0.21,Neutro
2022-03-29,459.15,429.94,400.73,13.59,0.44,Neutro
2022-03-30,457.21,428.76,400.31,13.27,0.38,Neutro
2022-03-31,457.86,426.61,395.36,14.65,0.03,Neutro
2022-04-01,457.93,424.74,391.55,15.63,0.11,Neutro
2022-04-04,458.22,423.80,389.38,16.24,0.22,Neutro
2022-04-05,458.33,423.67,389.02,16.36,0.26,Neutro
2022-04-06,458.90,421.95,384.99,17.52,0.12,Neutro
2022-04-07,458.96,420.71,382.46,18.18,0.22,Neutro
2022-04-08,459.50,419.77,380.04,18.93,0.20,Neutro
2022-04-11,460.46,418.54,376.63,20.03,0.16,Neutro
2022-04-12,460.82,416.58,372.34,21.24,0.15,Neutro
2022-04-13,458.26,414.41,370.56,21.16,0.29,Neutro
2022-04-14,454.16,411.54,368.92,20.71,0.23,Neutro
2022-04-18,446.13,407.93,369.73,18.73,0.20,Neutro
2022-04-19,439.35,405.77,372.19,16.55,0.47,Neutro
2022-04-20,430.84,403.65,376.47,13.47,0.53,Neutro
2022-04-21,425.81,402.11,378.41,11.79,0.48,Neutro
2022-04-22,422.58,400.48,378.37,11.04,0.27,Neutro
2022-04-25,422.32,400.31,378.29,11.00,0.53,Neutro
2022-04-26,420.72,399.14,377.57,10.81,0.29,Neutro
2022-04-27,415.77,396.82,377.87,9.55,0.06,Neutro
2022-04-28,410.21,395.33,380.44,7.53,0.39,Neutro
2022-04-29,410.78,394.50,378.22,8.25,0.07,Neutro
2022-05-02,410.37,393.89,377.42,8.37,0.29,Neutro
2022-05-03,409.35,392.74,376.12,8.46,0.16,Neutro
2022-05-04,407.16,391.96,376.76,7.76,0.48,Neutro
2022-05-05,407.78,391.05,374.32,8.56,0.05,Neutro
2022-05-06,408.21,389.58,370.94,9.57,0.00,Sobrevendido
2022-05-09,407.92,388.53,369.15,9.98,0.16,Neutro
2022-05-10,408.41,387.64,366.86,10.72,0.12,Neutro
2022-05-11,410.89,386.25,361.61,12.76,0.00,Sobrevendido
2022-05-12,409.84,385.42,360.99,12.67,0.37,Neutro
2022-05-13,409.72,385.33,360.94,12.66,0.53,Neutro
2022-05-16,409.57,384.94,360.31,12.80,0.35,Neutro
2022-05-17,406.90,383.83,360.77,12.02,0.45,Neutro
2022-05-18,404.04,381.79,359.54,11.66,0.11,Neutro
2022-05-19,401.11,380.25,359.39,10.97,0.26,Neutro
2022-05-20,400.16,379.82,359.49,10.71,0.55,Neutro
2022-05-23,396.43,378.80,361.17,9.31,0.56,Neutro
2022-05-24,395.25,377.61,359.97,9.34,0.18,Neutro
2022-05-25,395.01,377.12,359.23,9.49,0.31,Neutro
2022-05-26,392.82,376.37,359.93,8.74,0.53,Neutro
2022-05-27,393.01,376.46,359.91,8.79,0.67,Neutro
2022-05-31,391.69,375.87,360.06,8.42,0.48,Neutro
2022-06-01,391.11,375.30,359.49,8.43,0.33,Neutro
2022-06-02,390.78,375.24,359.70,8.28,0.98,Neutro
2022-06-03,391.55,375.60,359.65,8.49,0.74,Neutro
2022-06-06,393.02,376.46,359.90,8.80,0.83,Neutro
2022-06-07,394.18,377.02,359.86,9.10,0.78,Neutro
2022-06-08,394.74,377.58,360.42,9.09,0.66,Neutro
2022-06-09,394.93,379.27,363.62,8.26,0.90,Neutro
2022-06-10,395.83,378.44,361.05,9.19,0.04,Neutro
2022-06-13,398.28,376.45,354.62,11.60,0.00,Sobrevendido
2022-06-14,404.48,374.01,343.55,16.29,0.00,Sobrevendido
2022-06-15,406.90,371.60,336.29,19.00,0.00,Sobrevendido
2022-06-16,413.05,369.00,324.96,23.87,0.00,Sobrevendido
2022-06-17,416.73,366.15,315.58,27.62,0.00,Sobrevendido
2022-06-21,417.94,362.73,307.51,30.44,0.05,Neutro
2022-06-22,417.74,359.48,301.22,32.41,0.13,Neutro
2022-06-23,417.18,357.78,298.38,33.20,0.29,Neutro
2022-06-24,415.92,356.06,296.20,33.62,0.33,Neutro
2022-06-27,413.63,353.97,294.30,33.71,0.34,Neutro
2022-06-28,410.35,351.48,292.60,33.50,0.34,Neutro
2022-06-29,407.75,349.19,290.63,33.54,0.33,Neutro
2022-06-30,405.49,347.22,288.95,33.56,0.36,Neutro
2022-07-01,399.29,344.28,289.27,31.96,0.38,Neutro
2022-07-05,394.07,342.21,290.36,30.31,0.50,Neutro
2022-07-06,387.93,340.38,292.84,27.94,0.61,Neutro
2022-07-07,383.25,339.30,295.34,25.91,0.79,Neutro
2022-07-08,377.72,337.95,298.17,23.54,0.73,Neutro
2022-07-11,367.08,335.81,304.55,18.62,0.71,Neutro
2022-07-12,364.97,335.28,305.60,17.71,0.78,Neutro
2022-07-13,364.85,335.24,305.63,17.67,0.69,Neutro
2022-07-14,366.08,336.16,306.24,17.80,0.69,Neutro
2022-07-15,367.78,337.10,306.42,18.20,0.74,Neutro
2022-07-18,367.97,339.01,310.04,17.09,0.70,Neutro
2022-07-19,369.85,341.53,313.21,16.58,0.89,Neutro
2022-07-20,372.97,344.54,316.11,16.50,1.00,Sobrecomprado
2022-07-21,371.01,345.52,320.03,14.75,0.30,Neutro
2022-07-22,370.79,345.99,321.20,14.33,0.41,Neutro
2022-07-25,370.86,345.90,320.94,14.43,0.26,Neutro
2022-07-26,371.91,345.28,318.64,15.43,0.08,Neutro
2022-07-27,371.82,345.37,318.92,15.32,0.29,Neutro
2022-07-28,371.42,345.84,320.26,14.79,0.36,Neutro
2022-07-29,371.09,346.14,321.20,14.41,0.31,Neutro
2022-08-01,370.72,346.68,322.64,13.87,0.40,Neutro
2022-08-02,370.73,346.52,322.30,13.98,0.34,Neutro
2022-08-03,370.28,346.06,321.84,14.00,0.41,Neutro
2022-08-04,367.89,345.27,322.65,13.10,0.58,Neutro
2022-08-05,367.32,345.05,322.78,12.91,0.65,Neutro
2022-08-08,368.65,345.55,322.45,13.37,0.80,Neutro
2022-08-09,368.32,345.37,322.42,13.29,0.56,Neutro
2022-08-10,370.09,346.10,322.12,13.86,0.81,Neutro
2022-08-11,370.70,346.45,322.20,14.00,0.66,Neutro
2022-08-12,373.04,347.20,321.36,14.88,0.88,Neutro
2022-08-15,375.29,348.01,320.73,15.68,0.85,Neutro
2022-08-16,376.61,348.35,320.09,16.23,0.89,Neutro
2022-08-17,374.82,347.92,321.03,15.46,0.81,Neutro
2022-08-18,377.47,349.61,321.76,15.93,0.85,Neutro
2022-08-19,378.37,350.48,322.58,15.92,0.65,Neutro
2022-08-22,378.27,351.44,324.62,15.27,0.54,Neutro
2022-08-23,376.22,352.31,328.40,13.57,0.25,Neutro
2022-08-24,375.54,352.77,329.99,12.91,0.29,Neutro
2022-08-25,375.17,353.30,331.42,12.38,0.41,Neutro
2022-08-26,375.64,353.11,330.58,12.76,0.05,Neutro
2022-08-29,377.68,352.25,326.82,14.44,0.00,Sobrevendido
2022-08-30,379.36,351.51,323.66,15.85,0.00,Neutro
2022-08-31,381.39,350.43,319.47,17.67,0.01,Neutro
2022-09-01,383.09,348.88,314.66,19.61,0.05,Neutro
2022-09-02,383.74,347.33,310.92,20.97,0.13,Neutro
2022-09-06,383.62,345.20,306.78,22.26,0.13,Neutro
2022-09-07,383.42,344.10,304.78,22.85,0.27,Neutro
2022-09-08,381.49,342.72,303.95,22.63,0.38,Neutro
2022-09-09,380.30,341.80,303.31,22.52,0.42,Neutro
2022-09-12,376.99,340.32,303.66,21.55,0.46,Neutro
2022-09-13,373.70,337.79,301.88,21.26,0.20,Neutro
2022-09-14,369.07,334.84,300.62,20.44,0.16,Neutro
2022-09-15,364.98,332.10,299.22,19.80,0.16,Neutro
2022-09-16,358.12,329.28,300.43,17.52,0.22,Neutro
2022-09-19,352.81,327.30,301.79,15.59,0.35,Neutro
2022-09-20,348.70,325.05,301.40,14.55,0.15,Neutro
2022-09-21,347.29,323.34,299.39,14.81,0.14,Neutro
2022-09-22,345.76,321.04,296.31,15.40,0.02,Neutro
2022-09-23,341.89,318.32,294.75,14.81,0.00,Neutro
2022-09-26,341.21,316.39,291.57,15.69,0.06,Neutro
2022-09-27,340.68,315.14,289.59,16.21,0.20,Neutro
2022-09-28,339.76,314.48,289.20,16.08,0.42,Neutro
2022-09-29,339.54,313.37,287.21,16.70,0.21,Neutro
2022-09-30,339.19,312.49,285.79,17.09,0.27,Neutro
2022-10-03,338.37,311.92,285.47,16.96,0.45,Neutro
2022-10-04,338.17,311.79,285.42,16.92,0.54,Neutro
2022-10-05,336.61,311.10,285.59,16.40,0.52,Neutro
2022-10-06,333.22,309.95,286.68,15.02,0.51,Neutro
2022-10-07,328.27,308.33,288.40,12.93,0.38,Neutro
2022-10-10,321.29,306.70,292.10,9.52,0.43,Neutro
2022-10-11,319.99,305.95,291.92,9.17,0.34,Neutro
2022-10-12,319.41,305.34,291.26,9.22,0.28,Neutro
2022-10-13,318.94,305.02,291.09,9.13,0.45,Neutro
2022-10-14,318.83,303.86,288.89,9.85,0.03,Neutro
2022-10-17,316.02,302.91,289.80,8.66,0.41,Neutro
2022-10-18,315.39,302.53,289.67,8.50,0.44,Neutro
2022-10-19,317.14,301.30,285.46,10.51,0.00,Sobrevendido
2022-10-20,321.58,299.83,278.09,14.50,0.00,Sobrevendido
2022-10-21,324.28,298.53,272.77,17.25,0.00,Sobrevendido
2022-10-24,325.19,297.62,270.06,18.52,0.11,Neutro
2022-10-25,325.16,296.72,268.28,19.17,0.24,Neutro
2022-10-26,323.50,295.62,267.75,18.86,0.37,Neutro
2022-10-27,323.18,295.08,266.98,19.05,0.36,Neutro
2022-10-28,323.23,295.11,266.98,19.06,0.60,Neutro
2022-10-31,321.51,294.00,266.48,18.72,0.37,Neutro
2022-11-01,318.63,292.72,266.80,17.71,0.42,Neutro
2022-11-02,315.97,291.04,266.11,17.13,0.25,Neutro
2022-11-03,313.43,289.28,265.14,16.69,0.21,Neutro
2022-11-04,311.77,287.92,264.06,16.57,0.25,Neutro
2022-11-07,309.57,287.04,264.51,15.70,0.50,Neutro
2022-11-08,308.05,286.49,264.92,15.05,0.59,Neutro
2022-11-09,306.47,285.75,265.03,14.50,0.47,Neutro
2022-11-10,311.61,286.63,261.64,17.43,1.00,Sobrecomprado
2022-11-11,321.16,288.77,256.39,22.43,1.00,Sobrecomprado
2022-11-14,325.34,289.88,254.43,24.46,0.96,Neutro
2022-11-15,330.30,291.23,252.15,26.83,0.97,Neutro
2022-11-16,333.86,293.14,252.41,27.79,0.82,Neutro
2022-11-17,334.00,294.87,255.74,26.54,0.60,Neutro
2022-11-18,334.02,296.67,259.32,25.18,0.61,Neutro
2022-11-21,334.20,298.01,261.82,24.29,0.57,Neutro
2022-11-22,335.04,299.38,263.72,23.82,0.64,Neutro
2022-11-23,336.59,300.68,264.77,23.89,0.70,Neutro
2022-11-25,337.50,301.89,266.28,23.59,0.63,Neutro
2022-11-28,337.42,301.77,266.13,23.62,0.45,Neutro
2022-11-29,337.57,302.60,267.63,23.11,0.52,Neutro
2022-11-30,338.32,303.77,269.22,22.75,0.62,Neutro
2022-12-01,338.99,305.84,272.69,21.68,0.72,Neutro
2022-12-02,337.66,307.73,277.79,19.46,0.59,Neutro
2022-12-05,335.21,309.07,282.93,16.92,0.39,Neutro
2022-12-06,334.11,309.77,285.43,15.71,0.32,Neutro
2022-12-07,333.23,310.45,287.67,14.68,0.36,Neutro
2022-12-08,331.01,311.82,292.62,12.31,0.50,Neutro
2022-12-09,330.12,311.42,292.72,12.01,0.55,Neutro
2022-12-12,326.33,310.46,294.59,10.22,0.60,Neutro
2022-12-13,325.39,310.21,295.02,9.79,0.74,Neutro
2022-12-14,322.85,309.67,296.48,8.52,0.78,Neutro
2022-12-15,321.49,308.84,296.19,8.19,0.27,Neutro
2022-12-16,322.10,308.53,294.96,8.80,0.05,Neutro
2022-12-19,323.33,307.88,292.42,10.04,0.00,Sobrevendido
2022-12-20,324.94,307.10,289.25,11.62,0.00,Sobrevendido
2022-12-21,325.00,306.40,287.80,12.14,0.20,Neutro
2022-12-22,324.84,305.10,285.37,12.94,0.09,Neutro
2022-12-23,324.71,304.00,283.30,13.62,0.15,Neutro
2022-12-27,325.11,303.57,282.02,14.19,0.18,Neutro
2022-12-28,326.27,302.42,278.57,15.77,0.04,Neutro
2022-12-29,325.33,301.35,277.38,15.91,0.28,Neutro
2022-12-30,322.83,299.66,276.49,15.46,0.21,Neutro
2023-01-03,321.46,298.26,275.06,15.56,0.21,Neutro
2023-01-04,321.02,297.52,274.01,15.80,0.30,Neutro
2023-01-05,320.72,296.81,272.90,16.11,0.29,Neutro
2023-01-06,320.22,296.53,272.85,15.97,0.54,Neutro
2023-01-09,318.70,295.99,273.29,15.34,0.61,Neutro
2023-01-10,317.63,295.71,273.79,14.83,0.77,Neutro
2023-01-11,320.51,296.27,272.02,16.37,1.00,Sobrecomprado
2023-01-12,323.39,296.80,270.21,17.92,1.00,Sobrecomprado
2023-01-13,326.78,297.48,268.18,19.70,1.00,Sobrecomprado
2023-01-17,332.84,299.08,265.33,22.57,1.00,Sobrecomprado
2023-01-18,339.74,301.29,262.84,25.52,1.00,Sobrecomprado
2023-01-19,342.77,303.02,263.28,26.23,0.79,Neutro
2023-01-20,346.67,305.34,264.01,27.07,0.85,Neutro
2023-01-23,351.41,307.60,263.78,28.49,0.87,Neutro
2023-01-24,356.28,310.40,264.52,29.56,0.88,Neutro
2023-01-25,360.25,313.14,266.03,30.09,0.83,Neutro
2023-01-26,363.71,315.90,268.10,30.27,0.80,Neutro
2023-01-27,368.35,319.83,271.31,30.34,0.91,Neutro
2023-01-30,372.22,323.12,274.03,30.39,0.84,Neutro
2023-01-31,376.35,327.06,277.78,30.14,0.89,Neutro
2023-02-01,381.54,331.67,281.80,30.07,0.95,Neutro
2023-02-02,391.40,337.24,283.08,32.12,1.00,Sobrecomprado
2023-02-03,394.22,342.00,289.79,30.53,0.88,Neutro
2023-02-06,395.15,345.64,296.12,28.65,0.76,Neutro
2023-02-07,395.11,349.14,303.16,26.34,0.74,Neutro
2023-02-08,394.05,351.98,309.92,23.90,0.65,Neutro
2023-02-09,393.66,353.60,313.54,22.66,0.54,Neutro
2023-02-10,392.99,354.66,316.33,21.61,0.43,Neutro
2023-02-13,392.49,355.88,319.28,20.57,0.49,Neutro
2023-02-14,392.18,356.89,321.61,19.77,0.48,Neutro
2023-02-15,392.62,358.07,323.53,19.29,0.59,Neutro
2023-02-16,391.64,360.20,328.76,17.46,0.64,Neutro
2023-02-17,390.33,361.33,332.33,16.05,0.42,Neutro
2023-02-21,390.50,361.25,331.99,16.20,0.11,Neutro
2023-02-22,391.05,360.93,330.82,16.69,0.13,Neutro
2023-02-23,391.26,360.80,330.34,16.88,0.18,Neutro
2023-02-24,391.89,360.41,328.94,17.47,0.13,Neutro
2023-02-27,392.46,359.31,326.16,18.45,0.17,Neutro
2023-02-28,392.89,358.38,323.87,19.26,0.20,Neutro
2023-03-01,393.21,356.63,320.05,20.51,0.14,Neutro
2023-03-02,391.08,354.48,317.88,20.65,0.22,Neutro
2023-03-03,381.71,351.61,321.52,17.12,0.35,Neutro
2023-03-06,376.40,349.42,322.44,15.44,0.29,Neutro
2023-03-07,373.22,347.66,322.10,14.70,0.27,Neutro
2023-03-08,369.41,345.99,322.57,13.54,0.32,Neutro
2023-03-09,366.96,344.28,321.61,13.17,0.19,Neutro
2023-03-10,365.67,342.93,320.20,13.26,0.21,Neutro
2023-03-13,365.31,341.84,318.38,13.73,0.20,Neutro
2023-03-14,363.69,340.75,317.80,13.47,0.33,Neutro
2023-03-15,361.89,339.40,316.92,13.25,0.26,Neutro
2023-03-16,357.24,337.79,318.34,11.52,0.35,Neutro
2023-03-17,349.36,335.57,321.79,8.22,0.10,Neutro
2023-03-20,344.43,334.03,323.62,6.23,0.10,Neutro
2023-03-21,343.96,333.56,323.17,6.23,0.29,Neutro
2023-03-22,344.84,332.51,320.17,7.42,0.00,Sobrevendido
2023-03-23,346.45,330.88,315.31,9.41,0.00,Sobrevendido
2023-03-24,347.55,329.45,311.35,10.99,0.00,Sobrevendido
2023-03-27,347.57,328.17,308.78,11.82,0.07,Neutro
2023-03-28,347.11,326.82,306.54,12.41,0.11,Neutro
2023-03-29,346.77,326.34,305.91,12.52,0.35,Neutro
2023-03-30,345.95,325.55,305.15,12.53,0.32,Neutro
2023-03-31,343.51,324.69,305.87,11.59,0.51,Neutro
2023-04-03,341.62,323.89,306.16,10.95,0.45,Neutro
2023-04-04,340.30,322.64,304.97,10.95,0.17,Neutro
2023-04-05,338.80,321.03,303.26,11.07,0.06,Neutro
2023-04-06,337.87,320.00,302.13,11.17,0.21,Neutro
2023-04-10,336.68,319.42,302.16,10.81,0.47,Neutro
2023-04-11,336.76,319.45,302.13,10.84,0.76,Neutro
2023-04-12,334.78,318.65,302.52,10.12,0.45,Neutro
2023-04-13,333.99,318.38,302.77,9.81,0.65,Neutro
2023-04-14,331.85,317.47,303.09,9.06,0.36,Neutro
2023-04-17,331.33,317.26,303.19,8.87,0.61,Neutro
2023-04-18,330.76,317.07,303.38,8.64,0.67,Neutro
2023-04-19,329.33,316.69,304.04,7.99,0.69,Neutro
2023-04-20,329.24,316.59,303.94,7.99,0.46,Neutro
2023-04-21,330.19,317.44,304.69,8.03,0.83,Neutro
2023-04-24,332.37,318.63,304.89,8.62,1.00,Sobrecomprado
2023-04-25,332.38,319.05,305.72,8.36,0.53,Neutro
2023-04-26,332.17,319.28,306.39,8.07,0.35,Neutro
2023-04-27,332.63,319.50,306.38,8.22,0.70,Neutro
2023-04-28,334.80,320.27,305.74,9.07,0.96,Neutro
2023-05-01,335.41,320.48,305.55,9.32,0.79,Neutro
2023-05-02,336.28,320.84,305.40,9.62,0.78,Neutro
2023-05-03,337.75,321.99,306.23,9.79,0.88,Neutro
2023-05-04,336.97,323.09,309.20,8.60,0.66,Neutro
2023-05-05,337.96,324.40,310.84,8.36,0.93,Neutro
2023-05-08,339.32,325.26,311.19,8.65,0.86,Neutro
2023-05-09,339.96,325.50,311.04,8.88,0.77,Neutro
2023-05-10,340.62,326.32,312.02,8.76,0.75,Neutro
2023-05-11,341.02,326.69,312.35,8.78,0.63,Neutro
2023-05-12,340.28,327.09,313.89,8.07,0.29,Neutro
2023-05-15,340.18,327.31,314.45,7.86,0.41,Neutro
2023-05-16,340.12,327.44,314.75,7.75,0.38,Neutro
2023-05-17,340.10,327.71,315.33,7.56,0.47,Neutro
2023-05-18,340.33,328.75,317.18,7.04,0.83,Neutro
2023-05-19,340.39,328.89,317.39,6.99,0.49,Neutro
2023-05-22,340.00,328.59,317.17,6.95,0.41,Neutro
2023-05-23,339.80,328.70,317.59,6.76,0.20,Neutro
2023-05-24,339.34,328.82,318.31,6.40,0.00,Sobrevendido
2023-05-25,341.12,328.16,315.20,7.90,0.00,Sobrevendido
2023-05-26,341.57,327.10,312.64,8.84,0.00,Sobrevendido
2023-05-30,342.88,326.01,309.15,10.35,0.00,Sobrevendido
2023-05-31,344.68,324.61,304.53,12.37,0.00,Sobrevendido
2023-06-01,345.58,322.82,300.05,14.10,0.00,Sobrevendido
2023-06-02,345.25,321.99,298.73,14.45,0.26,Neutro
2023-06-05,343.46,320.78,298.09,14.14,0.30,Neutro
2023-06-06,341.65,320.03,298.40,13.51,0.51,Neutro
2023-06-07,340.26,319.50,298.74,13.00,0.58,Neutro
2023-06-08,338.43,318.29,298.14,12.66,0.28,Neutro
2023-06-09,336.86,317.31,297.76,12.32,0.34,Neutro
2023-06-12,336.58,317.13,297.68,12.27,0.52,Neutro
2023-06-13,336.13,316.93,297.73,12.12,0.60,Neutro
2023-06-14,336.84,317.16,297.48,12.41,0.80,Neutro
2023-06-15,339.75,317.84,295.93,13.79,1.00,Sobrecomprado
2023-06-16,340.86,318.06,295.27,14.33,1.00,Sobrecomprado
2023-06-20,342.31,318.47,294.62,14.97,0.88,Neutro
2023-06-21,344.62,319.14,293.66,15.97,0.91,Neutro
2023-06-22,345.99,319.72,293.44,16.44,0.77,Neutro
2023-06-23,347.80,320.60,293.40,16.97,0.78,Neutro
2023-06-26,349.72,321.89,294.06,17.29,0.78,Neutro
2023-06-27,353.62,323.71,293.79,18.48,0.92,Neutro
2023-06-28,357.47,325.96,294.45,19.33,0.92,Neutro
2023-06-29,360.02,328.55,297.08,19.16,0.89,Neutro
2023-06-30,361.95,331.48,301.02,18.38,0.92,Neutro
2023-07-03,364.04,333.63,303.23,18.23,0.83,Neutro
2023-07-05,365.56,335.72,305.88,17.78,0.80,Neutro
2023-07-06,366.38,337.05,307.73,17.40,0.67,Neutro
2023-07-07,367.26,338.34,309.41,17.10,0.67,Neutro
2023-07-10,367.62,340.80,313.99,15.74,0.83,Neutro
2023-07-11,368.20,343.45,318.70,14.41,0.91,Neutro
2023-07-12,370.43,346.05,321.67,14.09,0.99,Neutro
2023-07-13,370.88,348.23,325.58,13.01,0.86,Neutro
2023-07-14,369.91,349.11,328.32,11.91,0.44,Neutro
2023-07-17,369.85,349.23,328.62,11.81,0.35,Neutro
2023-07-18,369.85,349.23,328.61,11.81,0.30,Neutro
2023-07-19,369.60,349.82,330.05,11.31,0.47,Neutro
2023-07-20,369.44,350.04,330.63,11.09,0.35,Neutro
2023-07-21,368.78,350.96,333.15,10.15,0.53,Neutro
2023-07-24,367.96,351.58,335.19,9.32,0.39,Neutro
2023-07-25,368.12,352.73,337.34,8.73,0.75,Neutro
2023-07-26,370.72,353.76,336.81,9.59,0.96,Neutro
2023-07-27,371.84,354.32,336.80,9.89,0.77,Neutro
2023-07-28,373.34,355.00,336.66,10.33,0.82,Neutro
2023-07-31,374.52,355.48,336.45,10.71,0.79,Neutro
2023-08-01,376.15,356.23,336.31,11.18,0.82,Neutro
2023-08-02,376.67,356.64,336.61,11.23,0.63,Neutro
2023-08-03,376.88,357.32,337.75,10.95,0.58,Neutro
2023-08-04,377.34,358.07,338.80,10.76,0.64,Neutro
2023-08-07,378.28,358.53,338.77,11.02,0.73,Neutro
2023-08-08,378.81,358.74,338.66,11.19,0.73,Neutro
2023-08-09,378.36,358.59,338.82,11.03,0.71,Neutro
2023-08-10,378.80,358.76,338.72,11.17,0.73,Neutro
2023-08-11,378.57,359.33,340.10,10.71,0.47,Neutro
2023-08-14,377.70,359.99,342.27,9.84,0.39,Neutro
2023-08-15,376.35,360.52,344.69,8.78,0.22,Neutro
2023-08-16,376.14,360.64,345.13,8.60,0.18,Neutro
2023-08-17,377.87,360.22,342.58,9.80,0.00,Sobrevendido
2023-08-18,380.29,359.31,338.32,11.68,0.00,Sobrevendido
2023-08-21,381.89,358.64,335.39,12.97,0.00,Sobrevendido
2023-08-22,382.75,357.41,332.06,14.18,0.08,Neutro
2023-08-23,381.71,355.97,330.24,14.46,0.20,Neutro
2023-08-24,381.47,354.61,327.76,15.15,0.16,Neutro
2023-08-25,380.39,353.19,326.00,15.40,0.22,Neutro
2023-08-28,378.99,351.79,324.59,15.46,0.25,Neutro
2023-08-29,376.93,350.94,324.94,14.81,0.51,Neutro
2023-08-30,376.02,350.50,324.99,14.56,0.55,Neutro
2023-08-31,375.03,349.94,324.86,14.34,0.49,Neutro
2023-09-01,373.66,349.36,325.06,13.91,0.55,Neutro
2023-09-05,370.95,348.08,325.21,13.14,0.37,Neutro
2023-09-06,368.03,346.40,324.77,12.49,0.22,Neutro
2023-09-07,364.75,344.73,324.70,11.62,0.22,Neutro
2023-09-08,360.80,342.77,324.75,10.52,0.11,Neutro
2023-09-11,358.50,341.50,324.49,9.96,0.24,Neutro
2023-09-12,356.32,340.33,324.34,9.40,0.26,Neutro
2023-09-13,354.77,339.40,324.04,9.05,0.30,Neutro
2023-09-14,353.16,338.76,324.36,8.50,0.47,Neutro
2023-09-15,353.16,338.69,324.21,8.55,0.35,Neutro
2023-09-18,353.27,338.55,323.83,8.70,0.25,Neutro
2023-09-19,353.33,338.42,323.52,8.81,0.29,Neutro
2023-09-20,353.37,338.23,323.10,8.95,0.30,Neutro
2023-09-21,353.18,337.74,322.31,9.14,0.28,Neutro
2023-09-22,353.33,337.33,321.34,9.48,0.22,Neutro
2023-09-25,353.20,336.99,320.79,9.62,0.33,Neutro
2023-09-26,353.55,336.23,318.91,10.30,0.12,Neutro
2023-09-27,351.10,335.06,319.02,9.57,0.29,Neutro
2023-09-28,347.89,334.26,320.63,8.16,0.61,Neutro
2023-09-29,345.85,333.81,321.77,7.21,0.76,Neutro
2023-10-02,341.49,332.89,324.29,5.17,0.53,Neutro
2023-10-03,340.35,331.97,323.59,5.05,0.01,Neutro
2023-10-04,340.54,331.42,322.30,5.50,0.06,Neutro
2023-10-05,341.32,330.68,320.04,6.44,0.00,Sobrevendido
2023-10-06,341.75,330.30,318.84,6.94,0.10,Neutro
2023-10-09,341.51,329.97,318.44,6.99,0.34,Neutro
2023-10-10,341.77,330.09,318.40,7.08,0.70,Neutro
2023-10-11,342.09,330.21,318.34,7.19,0.73,Neutro
2023-10-12,341.16,329.85,318.53,6.86,0.54,Neutro
2023-10-13,340.68,329.57,318.46,6.74,0.47,Neutro
2023-10-16,340.89,329.68,318.46,6.80,0.66,Neutro
2023-10-17,341.48,329.90,318.32,7.02,0.78,Neutro
2023-10-18,341.47,329.38,317.29,7.34,0.18,Neutro
2023-10-19,343.04,328.37,313.70,8.94,0.00,Sobrevendido
2023-10-20,344.67,327.34,310.01,10.59,0.00,Sobrevendido
2023-10-23,345.45,326.15,306.85,11.84,0.02,Neutro
2023-10-24,346.39,325.36,304.34,12.92,0.07,Neutro
2023-10-25,347.06,324.19,301.31,14.11,0.08,Neutro
2023-10-26,346.51,322.41,298.32,14.95,0.07,Neutro
2023-10-27,345.57,320.19,294.81,15.85,0.02,Neutro
2023-10-30,344.40,318.64,292.89,16.17,0.19,Neutro
2023-10-31,344.26,317.54,290.82,16.83,0.20,Neutro
2023-11-01,343.75,316.62,289.49,17.14,0.29,Neutro
2023-11-02,343.46,316.26,289.06,17.20,0.42,Neutro
2023-11-03,343.50,316.28,289.07,17.21,0.60,Neutro
2023-11-06,342.54,315.73,288.93,16.98,0.49,Neutro
2023-11-07,340.38,315.01,289.63,16.11,0.61,Neutro
2023-11-08,337.99,314.30,290.62,15.07,0.65,Neutro
2023-11-09,335.96,313.54,291.12,14.30,0.54,Neutro
2023-11-10,334.25,312.94,291.63,13.62,0.59,Neutro
2023-11-13,331.09,312.01,292.93,12.23,0.57,Neutro
2023-11-14,330.57,311.93,293.28,11.95,1.00,Sobrecomprado
2023-11-15,333.80,312.64,291.49,13.53,1.00,Sobrecomprado
2023-11-16,336.74,313.76,290.77,14.65,0.92,Neutro
2023-11-17,339.92,315.15,290.38,15.72,0.91,Neutro
2023-11-20,342.45,316.50,290.55,16.40,0.85,Neutro
2023-11-21,345.25,318.02,290.79,17.12,0.86,Neutro
2023-11-22,348.25,319.85,291.46,17.76,0.88,Neutro
2023-11-24,350.18,321.77,293.35,17.66,0.82,Neutro
2023-11-27,350.19,323.83,297.48,16.28,0.75,Neutro
2023-11-28,350.34,325.50,300.66,15.26,0.71,Neutro
2023-11-29,349.20,326.96,304.73,13.60,0.59,Neutro
2023-11-30,348.16,328.36,308.56,12.06,0.61,Neutro
2023-12-01,349.07,329.92,310.76,11.61,0.84,Neutro
2023-12-04,349.92,330.78,311.64,11.57,0.71,Neutro
2023-12-05,349.95,331.97,313.98,10.84,0.69,Neutro
2023-12-06,351.70,333.32,314.94,11.03,0.88,Neutro
2023-12-07,353.39,334.67,315.95,11.19,0.87,Neutro
2023-12-08,352.33,335.88,319.43,9.80,0.61,Neutro
2023-12-11,351.00,337.09,323.18,8.25,0.64,Neutro
2023-12-12,347.31,338.22,329.12,5.38,0.44,Neutro
2023-12-13,349.29,338.97,328.65,6.09,1.00,Sobrecomprado
2023-12-14,362.04,341.16,320.28,12.24,1.00,Sobrecomprado
2023-12-15,368.99,343.32,317.64,14.96,1.00,Sobrecomprado
2023-12-18,373.94,345.22,316.49,16.64,0.99,Neutro
2023-12-19,378.46,347.25,316.04,17.98,0.95,Neutro
2023-12-20,382.19,349.08,315.97,18.97,0.88,Neutro
2023-12-21,386.47,350.97,315.47,20.23,0.90,Neutro
2023-12-22,390.25,352.95,315.65,21.14,0.86,Neutro
2023-12-26,394.31,355.31,316.32,21.95,0.87,Neutro
2023-12-27,398.17,357.87,317.58,22.52,0.86,Neutro
2023-12-28,400.64,360.61,320.58,22.20,0.81,Neutro
2023-12-29,401.97,363.07,324.18,21.43,0.75,Neutro
2024-01-02,402.40,364.53,326.66,20.78,0.60,Neutro
2024-01-03,401.56,365.50,329.43,19.73,0.40,Neutro
2024-01-04,400.51,366.42,332.33,18.61,0.37,Neutro
2024-01-05,400.14,367.15,334.17,17.97,0.42,Neutro
2024-01-08,399.83,368.00,336.17,17.30,0.46,Neutro
2024-01-09,398.21,369.31,340.42,15.65,0.44,Neutro
2024-01-10,396.64,370.94,345.24,13.86,0.55,Neutro
2024-01-11,392.79,372.53,352.26,10.88,0.41,Neutro
2024-01-12,390.91,373.33,355.75,9.42,0.29,Neutro
2024-01-16,390.24,372.63,355.02,9.45,0.30,Neutro
2024-01-17,390.11,371.89,353.68,9.80,0.21,Neutro
2024-01-18,389.96,371.76,353.56,9.79,0.48,Neutro
2024-01-19,389.66,371.53,353.40,9.76,0.48,Neutro
2024-01-22,390.81,371.97,353.14,10.13,0.80,Neutro
2024-01-23,390.30,371.73,353.16,9.99,0.57,Neutro
2024-01-24,389.41,371.00,352.60,9.92,0.34,Neutro
2024-01-25,387.57,369.94,352.30,9.53,0.30,Neutro
2024-01-26,384.72,368.67,352.63,8.70,0.28,Neutro
2024-01-29,381.67,367.76,353.86,7.56,0.49,Neutro
2024-01-30,379.07,366.85,354.63,6.66,0.38,Neutro
2024-01-31,378.95,366.04,353.13,7.05,0.10,Neutro
2024-02-01,378.78,366.20,353.62,6.87,0.31,Neutro
2024-02-02,378.69,366.24,353.80,6.80,0.18,Neutro
2024-02-05,379.72,365.72,351.71,7.66,0.00,Sobrevendido
2024-02-06,379.76,365.34,350.92,7.89,0.25,Neutro
2024-02-07,379.72,365.31,350.89,7.89,0.49,Neutro
2024-02-08,379.35,365.18,351.02,7.76,0.71,Neutro
2024-02-09,379.55,365.27,350.99,7.82,0.69,Neutro
2024-02-12,380.95,365.80,350.65,8.28,0.86,Neutro
2024-02-13,380.87,365.53,350.18,8.40,0.33,Neutro
2024-02-14,381.03,365.80,350.57,8.33,0.54,Neutro
2024-02-15,381.31,365.90,350.50,8.42,0.73,Neutro
2024-02-16,381.36,365.92,350.49,8.44,0.67,Neutro
2024-02-20,378.43,365.20,351.98,7.24,0.64,Neutro
2024-02-21,378.15,365.13,352.11,7.13,0.80,Neutro
2024-02-22,378.09,365.04,351.99,7.15,0.43,Neutro
2024-02-23,378.79,365.48,352.16,7.29,0.73,Neutro
2024-02-26,379.27,365.91,352.55,7.30,0.67,Neutro
2024-02-27,380.21,366.27,352.34,7.61,0.81,Neutro
2024-02-28,381.56,366.92,352.28,7.98,0.84,Neutro
2024-02-29,383.26,368.21,353.15,8.18,0.94,Neutro
2024-03-01,386.26,369.47,352.68,9.09,1.00,Sobrecomprado
2024-03-04,388.19,370.82,353.45,9.37,0.92,Neutro
2024-03-05,390.17,372.85,355.53,9.29,1.00,Sobrecomprado
2024-03-06,391.83,374.43,357.03,9.29,0.94,Neutro
2024-03-07,395.52,376.03,356.53,10.37,1.00,Sobrecomprado
2024-03-08,398.98,377.35,355.73,11.46,0.97,Neutro
2024-03-11,399.78,378.10,356.42,11.47,0.67,Neutro
2024-03-12,400.81,378.68,356.56,11.69,0.72,Neutro
2024-03-13,401.02,380.16,359.30,10.97,0.73,Neutro
2024-03-14,400.72,380.81,360.91,10.45,0.48,Neutro
2024-03-15,400.94,381.35,361.76,10.27,0.56,Neutro
2024-03-18,400.88,381.88,362.89,9.95,0.50,Neutro
2024-03-19,401.14,382.91,364.69,9.52,0.68,Neutro
2024-03-20,402.12,383.94,365.76,9.47,0.76,Neutro
2024-03-21,403.19,385.91,368.63,8.96,0.98,Neutro
2024-03-22,404.34,387.34,370.34,8.78,0.88,Neutro
2024-03-25,403.55,388.44,373.33,7.78,0.63,Neutro
2024-03-26,402.76,389.04,375.32,7.05,0.42,Neutro
2024-03-27,403.18,390.13,377.08,6.69,0.82,Neutro
2024-03-28,402.92,390.44,377.96,6.39,0.39,Neutro
2024-04-01,402.94,390.39,377.84,6.43,0.31,Neutro
2024-04-02,403.81,389.94,376.07,7.11,0.01,Neutro
2024-04-03,404.20,389.18,374.15,7.72,0.09,Neutro
2024-04-04,404.28,388.68,373.09,8.02,0.22,Neutro
2024-04-05,403.34,387.88,372.42,7.97,0.27,Neutro
2024-04-08,402.03,387.06,372.08,7.74,0.31,Neutro
2024-04-09,402.01,387.01,372.00,7.75,0.42,Neutro
2024-04-10,403.48,385.92,368.36,9.10,0.00,Sobrevendido
2024-04-11,404.55,384.65,364.75,10.35,0.00,Sobrevendido
2024-04-12,405.53,383.92,362.31,11.26,0.07,Neutro
2024-04-15,406.99,382.69,358.38,12.70,0.01,Neutro
2024-04-16,408.54,381.37,354.21,14.25,0.03,Neutro
2024-04-17,409.67,379.40,349.14,15.95,0.01,Neutro
2024-04-18,409.57,377.17,344.76,17.18,0.06,Neutro
2024-04-19,407.12,374.39,341.65,17.49,0.08,Neutro
2024-04-22,403.83,371.96,340.09,17.14,0.18,Neutro
2024-04-23,401.13,370.37,339.60,16.61,0.34,Neutro
2024-04-24,399.08,369.16,339.24,16.21,0.39,Neutro
2024-04-25,394.09,367.01,339.93,14.76,0.29,Neutro
2024-04-26,391.05,365.46,339.87,14.00,0.33,Neutro
2024-04-29,388.04,363.94,339.83,13.25,0.32,Neutro
2024-04-30,386.84,362.54,338.24,13.41,0.21,Neutro
2024-05-01,385.44,360.97,336.51,13.55,0.18,Neutro
2024-05-02,382.93,359.29,335.65,13.16,0.22,Neutro
2024-05-03,379.40,357.77,336.14,12.09,0.33,Neutro
2024-05-06,375.07,356.52,337.96,10.41,0.50,Neutro
2024-05-07,368.34,355.20,342.07,7.40,0.61,Neutro
2024-05-08,366.54,354.45,342.37,6.82,0.38,Neutro
2024-05-09,365.49,354.16,342.83,6.40,0.69,Neutro
2024-05-10,364.25,353.87,343.49,5.87,0.78,Neutro
2024-05-13,364.18,353.85,343.52,5.84,0.73,Neutro
2024-05-14,365.27,354.21,343.14,6.25,0.89,Neutro
2024-05-15,367.94,355.18,342.41,7.19,1.00,Sobrecomprado
2024-05-16,367.94,355.54,343.13,6.98,0.52,Neutro
2024-05-17,367.66,355.87,344.08,6.63,0.41,Neutro
2024-05-20,367.67,356.04,344.41,6.53,0.46,Neutro
2024-05-21,367.40,355.91,344.43,6.45,0.58,Neutro
2024-05-22,366.54,355.50,344.46,6.21,0.45,Neutro
2024-05-23,366.47,355.32,344.17,6.28,0.35,Neutro
2024-05-24,366.38,354.96,343.53,6.44,0.26,Neutro
2024-05-28,366.73,354.44,342.15,6.93,0.11,Neutro
2024-05-29,367.93,353.94,339.96,7.90,0.00,Sobrevendido
2024-05-30,368.12,353.84,339.55,8.07,0.13,Neutro
2024-05-31,367.97,354.06,340.14,7.86,0.37,Neutro
2024-06-03,368.02,353.94,339.87,7.95,0.30,Neutro
2024-06-04,368.29,353.20,338.11,8.54,0.11,Neutro
2024-06-05,367.97,352.45,336.92,8.81,0.20,Neutro
2024-06-06,369.07,351.60,334.12,9.94,0.01,Neutro
2024-06-07,370.03,350.10,330.18,11.38,0.00,Sobrevendido
2024-06-10,369.91,348.63,327.35,12.21,0.07,Neutro
2024-06-11,369.44,347.22,324.99,12.80,0.12,Neutro
2024-06-12,367.46,345.79,324.12,12.53,0.23,Neutro
2024-06-13,363.48,343.86,324.24,11.41,0.16,Neutro
2024-06-14,362.32,342.51,322.70,11.57,0.16,Neutro
2024-06-17,361.09,341.37,321.65,11.55,0.23,Neutro
2024-06-18,359.69,339.90,320.12,11.64,0.14,Neutro
2024-06-20,357.61,338.09,318.57,11.55,0.08,Neutro
2024-06-21,355.32,336.66,318.00,11.09,0.21,Neutro
2024-06-24,353.13,335.35,317.56,10.61,0.23,Neutro
2024-06-25,355.60,332.85,310.11,13.67,0.00,Sobrevendido
2024-06-26,356.73,330.67,304.60,15.77,0.00,Sobrevendido
2024-06-27,358.45,328.57,298.68,18.19,0.00,Sobrevendido
2024-06-28,358.50,326.21,293.92,19.80,0.04,Neutro
2024-07-01,356.26,323.52,290.78,20.24,0.09,Neutro
2024-07-02,354.36,320.64,286.92,21.03,0.05,Neutro
2024-07-03,352.92,318.09,283.26,21.90,0.10,Neutro
2024-07-05,350.40,315.38,280.35,22.21,0.12,Neutro
2024-07-08,348.43,313.33,278.23,22.40,0.22,Neutro
2024-07-09,347.58,311.17,274.77,23.40,0.15,Neutro
2024-07-10,345.72,309.08,272.43,23.71,0.21,Neutro
2024-07-11,343.13,307.86,272.59,22.91,0.47,Neutro
2024-07-12,340.28,306.97,273.67,21.70,0.64,Neutro
2024-07-15,337.88,306.21,274.53,20.69,0.64,Neutro
2024-07-16,337.07,305.99,274.92,20.31,0.80,Neutro
2024-07-17,335.77,305.67,275.57,19.69,0.81,Neutro
2024-07-18,334.59,305.32,276.05,19.17,0.73,Neutro
2024-07-19,333.86,305.08,276.29,18.87,0.70,Neutro
2024-07-22,332.75,304.77,276.79,18.36,0.77,Neutro
2024-07-23,332.78,304.78,276.78,18.37,0.88,Neutro
2024-07-24,333.85,305.57,277.29,18.51,0.67,Neutro
2024-07-25,341.56,307.87,274.18,21.89,1.00,Sobrecomprado
2024-07-26,351.06,310.97,270.88,25.78,1.00,Sobrecomprado
2024-07-29,358.10,313.95,269.79,28.13,0.97,Neutro
2024-07-30,364.77,317.07,269.37,30.09,0.94,Neutro
2024-07-31,370.33,320.57,270.82,31.04,0.90,Neutro
2024-08-01,373.24,323.68,274.13,30.62,0.79,Neutro
2024-08-02,373.55,326.27,278.98,28.99,0.65,Neutro
2024-08-05,373.35,328.45,283.55,27.34,0.60,Neutro
2024-08-06,371.68,331.27,290.85,24.40,0.63,Neutro
2024-08-07,368.67,333.70,298.72,20.96,0.54,Neutro
2024-08-08,367.78,335.30,302.83,19.37,0.54,Neutro
2024-08-09,367.57,336.31,305.04,18.59,0.51,Neutro
2024-08-12,366.90,337.13,307.36,17.66,0.41,Neutro
2024-08-13,366.88,337.66,308.44,17.31,0.46,Neutro
2024-08-14,366.72,338.02,309.33,16.98,0.39,Neutro
2024-08-15,366.14,338.88,311.61,16.09,0.44,Neutro
2024-08-16,365.08,339.74,314.40,14.92,0.39,Neutro
2024-08-19,364.16,340.48,316.79,13.91,0.37,Neutro
2024-08-20,363.78,340.92,318.07,13.41,0.37,Neutro
2024-08-21,361.63,342.13,322.63,11.40,0.44,Neutro
2024-08-22,361.11,341.62,322.12,11.41,0.38,Neutro
2024-08-23,359.05,341.04,323.02,10.56,0.66,Neutro
2024-08-26,357.23,340.49,323.75,9.83,0.64,Neutro
2024-08-27,353.82,339.56,325.30,8.40,0.53,Neutro
2024-08-28,348.69,338.44,328.20,6.05,0.49,Neutro
2024-08-29,345.67,337.79,329.91,4.67,0.60,Neutro
2024-08-30,345.60,337.76,329.93,4.64,0.66,Neutro
2024-09-03,346.12,337.35,328.57,5.20,0.02,Neutro
2024-09-04,345.61,336.92,328.24,5.16,0.29,Neutro
2024-09-05,345.73,336.63,327.53,5.41,0.18,Neutro
2024-09-06,345.73,336.24,326.74,5.65,0.19,Neutro
2024-09-09,345.66,336.16,326.66,5.65,0.45,Neutro
2024-09-10,345.62,336.33,327.05,5.52,0.44,Neutro
2024-09-11,345.60,336.30,326.99,5.53,0.41,Neutro
2024-09-12,345.54,336.47,327.40,5.39,0.43,Neutro
2024-09-13,346.64,336.90,327.17,5.78,0.89,Neutro
2024-09-16,348.13,337.54,326.95,6.27,0.94,Neutro
2024-09-17,353.21,338.82,324.42,8.50,1.00,Sobrecomprado
2024-09-18,356.29,339.92,323.54,9.63,1.00,Sobrecomprado
2024-09-19,359.61,340.94,322.27,10.95,1.00,Sobrecomprado
2024-09-20,360.98,341.73,322.48,11.27,0.78,Neutro
2024-09-23,362.43,342.20,321.98,11.82,0.85,Neutro
2024-09-24,364.63,342.94,321.25,12.65,0.89,Neutro
2024-09-25,365.85,343.62,321.40,12.94,0.74,Neutro
2024-09-26,367.62,344.63,321.63,13.34,0.80,Neutro
2024-09-27,369.58,345.68,321.78,13.83,0.81,Neutro
2024-09-30,372.07,346.90,321.72,14.51,0.85,Neutro
2024-10-01,373.33,348.62,323.90,14.18,0.80,Neutro
2024-10-02,374.16,349.98,325.81,13.81,0.72,Neutro
2024-10-03,374.16,351.41,328.66,12.95,0.68,Neutro
2024-10-04,372.96,352.50,332.04,11.61,0.49,Neutro
2024-10-07,372.10,353.30,334.50,10.64,0.44,Neutro
2024-10-08,370.95,354.20,337.45,9.46,0.47,Neutro
2024-10-09,369.17,355.16,341.14,7.89,0.45,Neutro
2024-10-10,366.63,355.93,345.23,6.01,0.26,Neutro
2024-10-11,365.72,356.38,347.04,5.24,0.34,Neutro
2024-10-14,365.05,356.86,348.66,4.59,0.47,Neutro
2024-10-15,364.77,356.51,348.25,4.63,0.28,Neutro
2024-10-16,365.05,356.66,348.26,4.71,0.69,Neutro
2024-10-17,364.79,356.53,348.27,4.63,0.55,Neutro
2024-10-18,364.89,356.82,348.74,4.53,0.60,Neutro
2024-10-21,365.50,356.37,347.24,5.12,0.00,Neutro
2024-10-22,367.05,355.35,343.64,6.59,0.00,Sobrevendido
2024-10-23,368.34,354.60,340.86,7.75,0.00,Sobrevendido
2024-10-24,369.38,354.94,340.50,8.14,0.85,Neutro
2024-10-25,368.83,354.62,340.42,8.01,0.48,Neutro
2024-10-28,367.81,354.29,340.77,7.63,0.63,Neutro
2024-10-29,366.55,353.65,340.75,7.30,0.38,Neutro
2024-10-30,365.72,353.25,340.77,7.06,0.47,Neutro
2024-10-31,364.98,352.77,340.56,6.92,0.38,Neutro
2024-11-01,364.96,352.73,340.51,6.93,0.44,Neutro
2024-11-04,364.95,352.59,340.22,7.01,0.33,Neutro
2024-11-05,365.34,352.80,340.26,7.11,0.68,Neutro
2024-11-06,365.84,353.04,340.23,7.25,0.72,Neutro
2024-11-07,366.50,353.46,340.42,7.38,0.72,Neutro
2024-11-08,367.23,353.81,340.40,7.58,0.75,Neutro
2024-11-11,368.11,354.14,340.17,7.89,0.81,Neutro
2024-11-12,368.30,353.74,339.18,8.23,0.20,Neutro
2024-11-13,368.12,352.79,337.47,8.69,0.11,Neutro
2024-11-14,367.64,352.27,336.91,8.72,0.33,Neutro
2024-11-15,366.95,351.80,336.64,8.62,0.41,Neutro
2024-11-18,366.98,351.95,336.92,8.54,0.45,Neutro
2024-11-19,366.40,352.58,338.77,7.84,0.48,Neutro
2024-11-20,365.53,353.14,340.76,7.01,0.39,Neutro
2024-11-21,363.63,352.57,341.52,6.27,0.55,Neutro
2024-11-22,363.78,352.66,341.53,6.31,0.64,Neutro
2024-11-25,369.68,353.70,337.71,9.04,1.00,Sobrecomprado
2024-11-26,371.58,354.54,337.49,9.62,0.88,Neutro
2024-11-27,372.94,355.20,337.46,9.99,0.80,Neutro
2024-11-29,374.20,356.01,337.82,10.22,0.78,Neutro
2024-12-02,375.17,356.70,338.22,10.36,0.72,Neutro
2024-12-03,375.96,357.54,339.12,10.30,0.71,Neutro
2024-12-04,376.41,357.83,339.25,10.38,0.64,Neutro
2024-12-05,376.82,358.07,339.32,10.47,0.64,Neutro
2024-12-06,377.04,358.21,339.38,10.51,0.60,Neutro
2024-12-09,378.09,358.65,339.20,10.84,0.77,Neutro
2024-12-10,378.23,358.71,339.20,10.88,0.64,Neutro
2024-12-11,378.25,359.70,341.16,10.31,0.63,Neutro
2024-12-12,376.92,360.59,344.27,9.05,0.44,Neutro
2024-12-13,376.41,360.86,345.30,8.62,0.23,Neutro
2024-12-16,376.14,361.00,345.86,8.39,0.19,Neutro
2024-12-17,376.39,360.89,345.39,8.59,0.09,Neutro
2024-12-18,379.37,359.97,340.57,10.78,0.00,Sobrevendido
2024-12-19,382.02,359.00,335.97,12.83,0.00,Sobrevendido
2024-12-20,382.90,358.25,333.61,13.76,0.11,Neutro
2024-12-23,383.65,357.35,331.05,14.72,0.13,Neutro
2024-12-24,380.69,355.48,330.28,14.18,0.22,Neutro
2024-12-26,379.58,354.09,328.60,14.40,0.22,Neutro
2024-12-27,378.77,352.55,326.34,14.87,0.17,Neutro
2024-12-30,378.06,350.72,323.38,15.59,0.11,Neutro
2024-12-31,376.85,349.02,321.19,15.95,0.18,Neutro
2025-01-02,375.91,346.91,317.91,16.72,0.09,Neutro
2025-01-03,374.33,345.13,315.93,16.92,0.20,Neutro
2025-01-06,372.59,343.10,313.60,17.19,0.16,Neutro
2025-01-07,370.97,340.92,310.87,17.63,0.13,Neutro
2025-01-08,367.24,338.22,309.20,17.16,0.11,Neutro
2025-01-10,363.66,335.86,308.05,16.56,0.16,Neutro
2025-01-13,358.51,333.86,309.20,14.77,0.31,Neutro
2025-01-14,354.13,332.41,310.68,13.07,0.44,Neutro
2025-01-15,351.16,331.52,311.87,11.85,0.58,Neutro
2025-01-16,348.52,330.89,313.26,10.66,0.74,Neutro
2025-01-17,346.79,330.49,314.19,9.86,0.79,Neutro
2025-01-21,349.43,331.24,313.05,10.98,0.98,Neutro
2025-01-22,352.08,332.16,312.24,11.99,0.93,Neutro
2025-01-23,354.34,332.79,311.25,12.95,0.93,Neutro
2025-01-24,355.05,333.08,311.11,13.19,0.73,Neutro
2025-01-27,356.38,333.49,310.59,13.73,0.85,Neutro
2025-01-28,356.41,333.50,310.59,13.74,0.64,Neutro
2025-01-29,356.39,333.48,310.58,13.74,0.52,Neutro
2025-01-30,356.85,333.93,311.01,13.73,0.60,Neutro
2025-01-31,356.97,334.09,311.21,13.70,0.50,Neutro
2025-02-03,356.83,334.32,311.80,13.47,0.35,Neutro
2025-02-04,356.82,334.42,312.02,13.40,0.39,Neutro
2025-02-05,356.62,334.74,312.87,13.07,0.38,Neutro
2025-02-06,355.97,335.23,314.49,12.37,0.33,Neutro
2025-02-07,355.14,335.57,316.00,11.66,0.15,Neutro
2025-02-10,354.23,335.95,317.67,10.88,0.19,Neutro
2025-02-11,354.10,336.04,317.99,10.75,0.24,Neutro
2025-02-12,354.29,335.84,317.39,10.99,0.22,Neutro
2025-02-13,354.23,335.63,317.03,11.08,0.36,Neutro
2025-02-14,353.91,335.38,316.85,11.05,0.47,Neutro
2025-02-18,353.46,335.05,316.63,10.99,0.46,Neutro
2025-02-19,351.49,334.16,316.83,10.37,0.41,Neutro
2025-02-20,349.18,333.40,317.63,9.46,0.53,Neutro
2025-02-21,345.82,332.52,319.23,8.00,0.55,Neutro
2025-02-24,344.42,332.09,319.76,7.43,0.60,Neutro
2025-02-25,341.32,331.54,321.76,5.90,0.86,Neutro
2025-02-26,340.83,331.42,322.01,5.68,0.83,Neutro
2025-02-27,340.62,331.32,322.01,5.62,0.57,Neutro
2025-02-28,340.31,331.24,322.16,5.48,0.81,Neutro
2025-03-03,340.30,331.24,322.17,5.47,0.66,Neutro
2025-03-04,340.33,331.42,322.51,5.38,0.49,Neutro
2025-03-05,340.56,331.64,322.72,5.38,0.62,Neutro
2025-03-06,343.57,332.51,321.44,6.66,1.00,Sobrecomprado
2025-03-07,348.13,333.78,319.44,8.60,1.00,Sobrecomprado
2025-03-10,351.10,335.36,319.61,9.39,1.00,Sobrecomprado
2025-03-11,350.75,335.80,320.86,8.90,0.42,Neutro
2025-03-12,350.91,335.72,320.52,9.05,0.14,Neutro
2025-03-13,352.98,335.06,317.13,10.70,0.00,Sobrevendido
2025-03-14,353.74,334.48,315.21,11.52,0.09,Neutro
2025-03-17,354.23,333.70,313.16,12.31,0.13,Neutro
2025-03-18,354.76,332.85,310.94,13.16,0.13,Neutro
2025-03-19,355.49,332.00,308.51,14.15,0.11,Neutro
2025-03-20,355.98,330.89,305.81,15.16,0.12,Neutro
2025-03-21,356.21,329.79,303.36,16.03,0.16,Neutro
2025-03-24,355.80,328.93,302.07,16.33,0.29,Neutro
2025-03-25,354.82,327.87,300.91,16.44,0.30,Neutro
2025-03-26,353.77,326.91,300.05,16.43,0.34,Neutro
2025-03-27,353.24,326.08,298.92,16.66,0.31,Neutro
2025-03-28,352.54,324.57,296.61,17.23,0.18,Neutro
2025-03-31,351.67,323.37,295.08,17.50,0.27,Neutro
2025-04-01,350.95,322.30,293.66,17.78,0.28,Neutro
2025-04-02,349.67,321.47,293.28,17.54,0.43,Neutro
2025-04-03,345.82,319.43,293.04,16.52,0.24,Neutro
2025-04-04,338.53,317.09,295.65,13.52,0.26,Neutro
2025-04-07,329.86,314.18,298.51,9.98,0.00,Sobrevendido
2025-04-08,330.10,311.68,293.26,11.82,0.00,Sobrevendido
2025-04-09,328.26,310.72,293.17,11.29,0.35,Neutro
2025-04-10,328.45,309.96,291.47,11.93,0.16,Neutro
2025-04-11,327.42,309.19,290.95,11.80,0.34,Neutro
2025-04-14,326.27,308.43,290.59,11.57,0.36,Neutro
2025-04-15,325.42,307.55,289.68,11.62,0.26,Neutro
2025-04-16,325.18,306.54,287.89,12.16,0.15,Neutro
2025-04-17,324.65,305.85,287.05,12.29,0.30,Neutro
2025-04-21,324.72,304.70,284.68,13.14,0.11,Neutro
2025-04-22,322.99,303.76,284.53,12.66,0.37,Neutro
2025-04-23,321.14,302.97,284.79,12.00,0.46,Neutro
2025-04-24,320.19,301.10,282.02,12.68,0.00,Sobrevendido
2025-04-25,318.73,299.52,280.30,12.83,0.10,Neutro
2025-04-28,318.48,298.37,278.26,13.48,0.14,Neutro
2025-04-29,317.18,297.18,277.18,13.46,0.23,Neutro
2025-04-30,315.66,295.96,276.26,13.31,0.24,Neutro
2025-05-01,311.71,294.53,277.36,11.66,0.33,Neutro
2025-05-02,310.67,294.18,277.70,11.21,0.64,Neutro
2025-05-05,309.26,293.75,278.25,10.56,0.65,Neutro
2025-05-06,309.10,293.38,277.66,10.72,0.32,Neutro
2025-05-07,308.84,293.61,278.38,10.37,0.32,Neutro
2025-05-08,307.20,293.03,278.86,9.67,0.53,Neutro
2025-05-09,306.90,292.87,278.83,9.58,0.55,Neutro
2025-05-12,308.78,293.24,277.71,10.60,1.00,Sobrecomprado
2025-05-13,309.23,293.36,277.48,10.82,0.89,Neutro
2025-05-14,309.50,293.46,277.41,10.94,0.74,Neutro
2025-05-15,311.21,294.11,277.01,11.63,0.87,Neutro
2025-05-16,314.07,294.88,275.70,13.01,0.99,Neutro
2025-05-19,317.22,296.21,275.20,14.19,0.96,Neutro
2025-05-20,318.25,296.65,275.05,14.56,0.75,Neutro
2025-05-21,317.88,296.39,274.90,14.50,0.49,Neutro
2025-05-22,317.44,297.17,276.90,13.64,0.49,Neutro
2025-05-23,317.09,297.75,278.42,12.99,0.45,Neutro
2025-05-27,316.56,298.31,280.05,12.24,0.41,Neutro
2025-05-28,316.22,298.61,281.01,11.79,0.32,Neutro
2025-05-29,315.70,299.05,282.39,11.14,0.36,Neutro
2025-05-30,315.43,299.31,283.19,10.77,0.34,Neutro
2025-06-02,315.38,299.05,282.71,10.92,0.33,Neutro
2025-06-03,315.39,299.06,282.73,10.92,0.49,Neutro
2025-06-04,315.30,299.81,284.32,10.33,0.59,Neutro
2025-06-05,314.98,300.49,285.99,9.65,0.54,Neutro
2025-06-06,315.20,300.33,285.45,9.91,0.17,Neutro
2025-06-09,315.33,300.21,285.08,10.08,0.22,Neutro
2025-06-10,313.93,299.65,285.36,9.53,0.50,Neutro
2025-06-11,313.27,299.03,284.79,9.52,0.30,Neutro
2025-06-12,313.28,298.45,283.61,9.94,0.19,Neutro
2025-06-13,313.14,297.24,281.35,10.69,0.04,Neutro
2025-06-16,310.65,295.76,280.86,10.07,0.11,Neutro
2025-06-17,307.52,293.95,280.38,9.23,0.00,Sobrevendido
2025-06-18,306.11,292.51,278.91,9.30,0.00,Sobrevendido
2025-06-20,306.04,291.81,277.59,9.75,0.16,Neutro
2025-06-23,305.49,291.35,277.20,9.71,0.37,Neutro
2025-06-24,305.34,291.27,277.21,9.66,0.60,Neutro
2025-06-25,305.07,291.11,277.15,9.59,0.52,Neutro
2025-06-26,304.90,290.88,276.86,9.64,0.39,Neutro
2025-06-27,304.55,290.49,276.42,9.68,0.35,Neutro
2025-06-30,304.20,290.04,275.88,9.76,0.33,Neutro
2025-07-01,304.72,290.24,275.77,9.97,0.75,Neutro
2025-07-02,304.31,290.11,275.91,9.79,0.71,Neutro
2025-07-03,302.94,289.75,276.56,9.10,0.71,Neutro
2025-07-07,301.08,289.15,277.22,8.25,0.52,Neutro
2025-07-08,301.73,289.42,277.12,8.50,0.77,Neutro
2025-07-09,303.38,289.92,276.46,9.29,0.94,Neutro
2025-07-10,304.52,290.17,275.82,9.89,1.00,Neutro
2025-07-11,305.38,290.48,275.58,10.26,0.81,Neutro
2025-07-14,305.74,290.74,275.74,10.32,0.63,Neutro
2025-07-15,305.60,290.90,276.19,10.11,0.32,Neutro
2025-07-16,305.53,291.00,276.48,9.98,0.34,Neutro
2025-07-17,305.09,291.66,278.22,9.21,0.52,Neutro
2025-07-18,304.32,292.33,280.34,8.20,0.50,Neutro
2025-07-21,303.85,292.84,281.84,7.52,0.48,Neutro
2025-07-22,306.42,293.86,281.29,8.55,1.00,Sobrecomprado
2025-07-23,309.12,294.64,280.17,9.83,1.00,Sobrecomprado
2025-07-24,314.10,296.02,277.95,12.21,1.00,Sobrecomprado
2025-07-25,317.59,297.52,277.45,13.49,1.00,Sobrecomprado
2025-07-28,319.63,298.93,278.22,13.85,0.87,Neutro
2025-07-29,320.30,300.15,280.00,13.43,0.73,Neutro
2025-07-30,320.79,300.54,280.30,13.47,0.62,Neutro
2025-07-31,320.95,300.81,280.67,13.39,0.51,Neutro
2025-08-01,321.11,301.14,281.16,13.27,0.52,Neutro
2025-08-04,321.05,301.80,282.55,12.76,0.53,Neutro
2025-08-05,321.36,302.26,283.15,12.64,0.58,Neutro
2025-08-06,321.42,302.31,283.21,12.64,0.51,Neutro
2025-08-07,321.26,302.18,283.10,12.63,0.49,Neutro
2025-08-08,321.25,302.15,283.05,12.64,0.42,Neutro
2025-08-11,321.22,302.42,283.62,12.43,0.43,Neutro
2025-08-12,320.56,303.43,286.31,11.29,0.58,Neutro
2025-08-13,322.65,305.29,287.93,11.37,1.00,Sobrecomprado
2025-08-14,324.13,306.69,289.25,11.37,0.89,Neutro
2025-08-15,324.38,307.87,291.35,10.73,0.74,Neutro
2025-08-18,323.62,308.76,293.90,9.63,0.55,Neutro
2025-08-19,324.83,309.32,293.80,10.03,0.81,Neutro
2025-08-20,324.80,309.28,293.77,10.03,0.50,Neutro
2025-08-21,323.49,308.47,293.46,9.74,0.32,Neutro
2025-08-22,323.50,308.48,293.45,9.74,0.81,Neutro
2025-08-25,323.66,308.53,293.41,9.80,0.73,Neutro
2025-08-26,323.92,308.69,293.45,9.87,0.63,Neutro
2025-08-27,324.24,309.02,293.80,9.85,0.60,Neutro
2025-08-28,324.21,309.41,294.62,9.56,0.49,Neutro
2025-08-29,324.09,309.57,295.05,9.38,0.35,Neutro
2025-09-02,324.33,309.39,294.46,9.65,0.17,Neutro
2025-09-03,324.61,309.10,293.58,10.04,0.18,Neutro
2025-09-04,324.69,309.46,294.23,9.84,0.52,Neutro
2025-09-05,327.40,310.72,294.03,10.74,0.99,Neutro
2025-09-08,329.49,312.15,294.81,11.11,0.94,Neutro
2025-09-09,329.38,312.95,296.52,10.50,0.59,Neutro
2025-09-10,329.42,313.32,297.22,10.28,0.50,Neutro
2025-09-11,329.48,313.33,297.19,10.31,0.82,Neutro
2025-09-12,329.46,313.33,297.20,10.30,0.71,Neutro
2025-09-15,329.76,313.48,297.19,10.39,0.67,Neutro
2025-09-16,330.75,314.08,297.40,10.62,0.75,Neutro
2025-09-17,330.61,314.00,297.40,10.58,0.60,Neutro
2025-09-18,331.10,314.50,297.91,10.55,0.64,Neutro
2025-09-19,330.71,314.96,299.21,10.00,0.41,Neutro
2025-09-22,330.49,314.41,298.34,10.23,0.27,Neutro
2025-09-23,330.38,314.00,297.62,10.43,0.29,Neutro
2025-09-24,330.48,313.62,296.77,10.75,0.25,Neutro
2025-09-25,330.99,312.99,295.00,11.50,0.13,Neutro
2025-09-26,331.36,312.55,293.74,12.04,0.17,Neutro
2025-09-29,331.35,312.56,293.76,12.03,0.31,Neutro
2025-09-30,331.00,312.80,294.61,11.63,0.27,Neutro
2025-10-01,330.62,313.02,295.42,11.25,0.23,Neutro
2025-10-02,330.65,312.84,295.03,11.39,0.32,Neutro
2025-10-03,328.58,311.68,294.79,10.84,0.27,Neutro
2025-10-06,326.08,310.39,294.70,10.11,0.22,Neutro
2025-10-07,326.14,309.37,292.61,10.84,0.09,Neutro
2025-10-08,326.15,308.51,290.88,11.43,0.15,Neutro
2025-10-09,324.64,306.87,289.10,11.58,0.05,Neutro
2025-10-10,324.33,305.10,285.86,12.61,0.00,Sobrevendido
2025-10-13,323.27,303.47,283.67,13.05,0.07,Neutro
2025-10-14,320.41,301.86,283.32,12.29,0.18,Neutro
2025-10-15,318.70,300.25,281.80,12.29,0.09,Neutro
2025-10-16,315.91,298.53,281.16,11.64,0.11,Neutro
2025-10-17,314.31,297.17,280.03,11.54,0.14,Neutro
2025-10-20,313.15,296.26,279.37,11.40,0.28,Neutro
2025-10-21,311.84,295.75,279.67,10.88,0.54,Neutro
2025-10-22,310.65,295.11,279.57,10.53,0.41,Neutro
2025-10-23,310.28,294.88,279.48,10.45,0.50,Neutro
2025-10-24,309.72,294.28,278.85,10.49,0.31,Neutro
2025-10-27,308.18,293.43,278.68,10.05,0.32,Neutro
2025-10-28,306.97,292.30,277.62,10.04,0.14,Neutro
2025-10-29,305.95,291.04,276.12,10.25,0.08,Neutro
2025-10-30,304.67,289.33,273.98,10.61,0.00,Sobrevendido
2025-10-31,305.31,287.24,269.16,12.59,0.00,Sobrevendido
2025-11-03,306.83,284.89,262.95,15.40,0.00,Sobrevendido
2025-11-04,308.23,282.77,257.32,18.00,0.00,Sobrevendido
2025-11-05,309.26,280.38,251.51,20.60,0.00,Sobrevendido
2025-11-06,310.72,278.03,245.35,23.51,0.00,Sobrevendido
2025-11-07,311.41,276.17,240.94,25.52,0.09,Neutro
2025-11-10,311.67,274.07,236.46,27.44,0.10,Neutro
2025-11-11,310.36,272.05,233.74,28.16,0.21,Neutro
2025-11-12,309.47,270.15,230.83,29.11,0.21,Neutro
2025-11-13,308.55,268.04,227.53,30.23,0.19,Neutro
2025-11-14,307.40,265.75,224.09,31.35,0.18,Neutro
2025-11-17,305.42,263.04,220.66,32.22,0.17,Neutro
2025-11-18,300.73,260.04,219.35,31.30,0.22,Neutro
2025-11-19,296.70,256.97,217.24,30.92,0.17,Neutro
2025-11-20,291.20,253.58,215.96,29.67,0.15,Neutro
2025-11-21,285.51,251.00,216.49,27.50,0.29,Neutro
2025-11-24,278.80,248.27,217.74,24.59,0.26,Neutro
2025-11-25,272.49,246.21,219.94,21.34,0.39,Neutro
2025-11-26,265.87,244.34,222.82,17.62,0.42,Neutro
2025-11-28,259.87,242.75,225.63,14.10,0.43,Neutro
2025-12-01,256.13,241.65,227.17,11.98,0.45,Neutro
2025-12-02,254.09,240.99,227.89,10.87,0.52,Neutro
2025-12-03,252.25,240.46,228.66,9.81,0.60,Neutro
2025-12-04,251.16,239.97,228.78,9.33,0.44,Neutro
2025-12-05,250.74,239.59,228.45,9.30,0.35,Neutro
2025-12-08,249.70,238.91,228.12,9.03,0.26,Neutro
2025-12-09,249.34,238.20,227.06,9.35,0.14,Neutro
2025-12-10,247.32,237.59,227.85,8.19,0.49,Neutro
2025-12-11,245.70,237.08,228.46,7.27,0.50,Neutro
2025-12-12,245.01,236.80,228.59,6.93,0.52,Neutro
2025-12-15,244.77,236.60,228.44,6.90,0.41,Neutro
2025-12-16,244.78,236.55,228.31,6.96,0.32,Neutro
2025-12-17,244.72,236.35,227.98,7.08,0.31,Neutro
2025-12-18,244.57,236.47,228.38,6.85,0.30,Neutro
2025-12-19,244.26,236.56,228.87,6.51,0.00,Neutro
2025-12-22,244.55,236.18,227.82,7.08,0.08,Neutro
2025-12-23,245.05,235.88,226.71,7.78,0.04,Neutro
2025-12-24,244.75,235.26,225.76,8.07,0.13,Neutro
2025-12-26,244.11,234.67,225.24,8.04,0.22,Neutro
2025-12-29,243.71,233.97,224.23,8.33,0.11,Neutro
2025-12-30,243.00,233.36,223.73,8.26,0.22,Neutro
2025-12-31,241.99,232.58,223.16,8.10,0.14,Neutro
2026-01-02,240.24,231.77,223.30,7.31,0.20,Neutro
2026-01-05,239.35,231.49,223.64,6.79,0.60,Neutro
2026-01-06,239.32,231.49,223.65,6.77,0.80,Neutro
2026-01-07,239.33,231.49,223.65,6.77,0.65,Neutro
2026-01-08,240.56,231.96,223.36,7.42,0.94,Neutro
2026-01-09,243.81,232.54,221.27,9.69,1.00,Sobrecomprado
2026-01-12,248.46,233.43,218.41,12.87,1.00,Sobrecomprado
2026-01-13,253.22,234.50,215.79,15.96,1.00,Sobrecomprado
2026-01-14,258.19,235.84,213.48,18.96,1.00,Sobrecomprado
2026-01-15,262.98,237.36,211.74,21.59,1.00,Sobrecomprado
2026-01-16,267.15,238.93,210.70,23.63,0.95,Neutro
2026-01-20,269.35,240.13,210.90,24.34,0.79,Neutro
2026-01-21,272.29,241.84,211.39,25.18,0.85,Neutro
2026-01-22,274.82,243.54,212.27,25.68,0.82,Neutro
2026-01-23,276.54,245.24,213.95,25.52,0.76,Neutro
2026-01-26,278.09,246.96,215.84,25.21,0.75,Neutro
2026-01-27,279.11,248.54,217.97,24.60,0.70,Neutro
2026-01-28,278.80,249.98,221.16,23.06,0.59,Neutro
2026-01-29,278.08,251.18,224.28,21.42,0.51,Neutro
2026-01-30,276.52,252.43,228.33,19.09,0.46,Neutro
2026-02-02,274.48,253.61,232.73,16.46,0.42,Neutro
2026-02-03,273.08,254.43,235.78,14.66,0.37,Neutro
2026-02-04,272.05,255.47,238.89,12.98,0.54,Neutro
2026-02-05,269.62,256.48,243.34,10.25,0.41,Neutro
2026-02-06,268.34,257.63,246.92,8.31,0.73,Neutro
2026-02-09,268.05,258.14,248.24,7.67,0.55,Neutro
2026-02-10,268.68,258.58,248.48,7.81,0.76,Neutro
2026-02-11,269.97,259.05,248.13,8.43,0.90,Neutro
2026-02-12,270.55,259.26,247.96,8.71,0.80,Neutro
2026-02-13,270.33,259.17,248.01,8.61,0.64,Neutro
2026-02-17,269.86,258.55,247.24,8.75,0.21,Neutro
2026-02-18,269.96,258.29,246.61,9.04,0.23,Neutro
2026-02-19,278.11,255.90,233.69,17.36,0.00,Sobrevendido
2026-02-20,281.11,253.67,226.23,21.63,0.00,Sobrevendido
2026-02-23,283.36,251.37,219.39,25.45,0.00,Sobrevendido
2026-02-24,284.47,248.96,213.46,28.52,0.01,Neutro
2026-02-25,285.17,246.51,207.85,31.37,0.05,Neutro
2026-02-26,284.91,244.78,204.64,32.79,0.20,Neutro
2026-02-27,284.39,243.39,202.39,33.69,0.27,Neutro
2026-03-02,284.04,241.80,199.57,34.93,0.23,Neutro
2026-03-03,283.50,240.20,196.91,36.05,0.25,Neutro
2026-03-04,282.81,238.59,194.38,37.06,0.26,Neutro
2026-03-05,281.02,236.50,191.97,37.65,0.26,Neutro
2026-03-06,279.45,234.33,189.21,38.51,0.24,Neutro
2026-03-09,275.92,231.79,187.65,38.08,0.27,Neutro
2026-03-10,272.73,229.14,185.54,38.05,0.24,Neutro
2026-03-11,267.69,226.35,185.01,36.53,0.28,Neutro
2026-03-12,260.77,223.09,185.41,33.78,0.23,Neutro
2026-03-13,252.62,220.04,187.46,29.61,0.27,Neutro
2026-03-16,243.52,217.29,191.06,24.14,0.31,Neutro
2026-03-17,235.84,215.15,194.45,19.24,0.36,Neutro
2026-03-18,224.78,212.76,200.74,11.30,0.15,Neutro
2026-03-19,224.86,212.13,199.41,12.00,0.14,Neutro
2026-03-20,224.78,211.14,197.50,12.92,0.05,Neutro
2026-03-23,224.40,210.55,196.70,13.16,0.25,Neutro
2026-03-24,224.18,209.92,195.65,13.59,0.21,Neutro
2026-03-25,224.16,209.36,194.55,14.14,0.21,Neutro
2026-03-26,222.79,208.32,193.84,13.90,0.20,Neutro
2026-03-27,220.19,206.97,193.75,12.77,0.13,Neutro
2026-03-30,218.35,205.97,193.59,12.02,0.22,Neutro
2026-03-31,216.22,205.10,193.97,10.85,0.31,Neutro
2026-04-01,214.01,204.16,194.30,9.65,0.22,Neutro
2026-04-02,211.96,203.48,195.00,8.34,0.38,Neutro
2026-04-06,210.84,203.10,195.35,7.63,0.50,Neutro
2026-04-07,209.22,202.51,195.80,6.63,0.31,Neutro
2026-04-08,209.56,202.60,195.64,6.87,0.88,Neutro
2026-04-09,210.56,202.79,195.03,7.66,1.00,Sobrecomprado
2026-04-10,212.41,203.33,194.25,8.93,1.00,Sobrecomprado
2026-04-13,214.48,203.86,193.24,10.42,1.00,Sobrecomprado
2026-04-14,216.25,204.32,192.38,11.68,1.00,Sobrecomprado
2026-04-15,220.08,205.10,190.13,14.60,1.00,Sobrecomprado
2026-04-16,223.26,206.09,188.92,16.66,1.00,Sobrecomprado
2026-04-17,226.48,207.24,188.01,18.56,0.99,Neutro
2026-04-20,230.20,208.82,187.44,20.48,1.00,Sobrecomprado
2026-04-21,233.68,210.20,186.73,22.34,0.95,Neutro
2026-04-22,236.85,211.74,186.63,23.72,0.91,Neutro
2026-04-23,238.48,213.06,187.63,23.87,0.77,Neutro
2026-04-24,240.39,214.62,188.85,24.01,0.81,Neutro
2026-04-27,240.64,215.94,191.23,22.88,0.66,Neutro
2026-04-28,240.13,216.72,193.31,21.60,0.46,Neutro
2026-04-29,239.66,217.08,194.50,20.80,0.30,Neutro
2026-04-30,238.77,217.74,196.71,19.32,0.36,Neutro
2026-05-01,238.30,217.99,197.69,18.63,0.22,Neutro
2026-05-04,238.46,217.92,197.39,18.85,0.11,Neutro
2026-05-05,241.10,217.21,193.31,22.00,0.00,Sobrevendido
2026-05-06,243.42,216.15,188.87,25.24,0.00,Sobrevendido
2026-05-07,244.83,215.00,185.17,27.75,0.06,Neutro
2026-05-08,246.12,213.65,181.19,30.39,0.08,Neutro
2026-05-11,247.17,212.04,176.90,33.14,0.09,Neutro
2026-05-12,247.96,210.27,172.58,35.85,0.11,Neutro
2026-05-13,248.03,207.73,167.43,38.80,0.08,Neutro
2026-05-14,247.31,205.29,163.27,40.94,0.14,Neutro
2026-05-15,245.63,202.76,159.89,42.29,0.18,Neutro
2026-05-18,242.12,200.31,158.50,41.74,0.27,Neutro
2026-05-19,237.86,197.67,157.48,40.66,0.26,Neutro
2026-05-20,232.36,195.14,157.91,38.15,0.32,Neutro
2026-05-21,227.35,192.87,158.39,35.75,0.34,Neutro
2026-05-22,220.18,190.56,160.94,31.09,0.40,Neutro
2026-05-26,213.87,188.50,163.13,26.92,0.38,Neutro
2026-05-27,209.20,186.99,164.78,23.76,0.44,Neutro
2026-05-28,205.70,185.82,165.94,21.40,0.47,Neutro
2026-05-29,200.05,184.30,168.55,17.09,0.41,Neutro
2026-06-01,194.85,183.08,171.30,12.86,0.46,Neutro
2026-06-02,189.90,181.97,174.04,8.72,0.35,Neutro
2026-06-03,189.48,181.72,173.97,8.53,0.43,Neutro
2026-06-04,188.98,181.55,174.12,8.19,0.61,Neutro
2026-06-05,188.20,181.37,174.54,7.53,0.80,Neutro
2026-06-08,187.51,181.10,174.69,7.08,0.49,Neutro
2026-06-09,189.68,181.55,173.42,8.96,1.00,Sobrecomprado
2026-06-10,190.93,182.00,173.06,9.82,0.94,Neutro
2026-06-11,192.16,182.91,173.66,10.11,1.00,Sobrecomprado
2026-06-12,193.89,183.90,173.91,10.86,1.00,Sobrecomprado
2026-06-15,194.31,184.68,175.06,10.42,0.83,Neutro
2026-06-16,196.70,185.52,174.33,12.06,1.00,Sobrecomprado
2026-06-17,197.65,186.31,174.97,12.17,0.85,Neutro
2026-06-18,199.62,187.17,174.71,13.31,0.97,Neutro
2026-06-22,200.58,187.86,175.14,13.54,0.80,Neutro
2026-06-23,201.36,188.37,175.38,13.79,0.75,Neutro
