Date,BB_Upper,BB_Middle,BB_Lower,BB_Width,BB_Position,BB_Sinal
2019-02-21,,,,,,Neutro
2019-02-22,,,,,,Neutro
2019-02-25,,,,,,Neutro
2019-02-26,,,,,,Neutro
2019-02-27,,,,,,Neutro
2019-02-28,,,,,,Neutro
2019-03-01,,,,,,Neutro
2019-03-04,,,,,,Neutro
2019-03-05,,,,,,Neutro
2019-03-06,,,,,,Neutro
2019-03-07,,,,,,Neutro
2019-03-08,,,,,,Neutro
2019-03-11,,,,,,Neutro
2019-03-12,,,,,,Neutro
2019-03-13,,,,,,Neutro
2019-03-14,,,,,,Neutro
2019-03-15,,,,,,Neutro
2019-03-18,,,,,,Neutro
2019-03-19,,,,,,Neutro
2019-03-20,16.51,12.40,8.29,66.28,0.94,Neutro
2019-03-21,17.28,12.78,8.28,70.42,1.00,Sobrecomprado
2019-03-22,17.73,13.06,8.40,71.43,0.85,Neutro
2019-03-25,17.75,13.29,8.83,67.10,0.64,Neutro
2019-03-26,17.72,13.48,9.25,62.82,0.57,Neutro
2019-03-27,17.54,13.65,9.76,57.00,0.44,Neutro
2019-03-28,17.44,13.82,10.21,52.30,0.53,Neutro
2019-03-29,17.43,13.93,10.43,50.25,0.51,Neutro
2019-04-01,17.52,14.10,10.69,48.44,0.68,Neutro
2019-04-02,17.53,14.26,10.99,45.87,0.62,Neutro
2019-04-03,17.60,14.46,11.31,43.51,0.72,Neutro
2019-04-04,17.63,14.66,11.69,40.52,0.72,Neutro
2019-04-05,17.54,14.85,12.15,36.30,0.65,Neutro
2019-04-08,17.53,14.89,12.24,35.54,0.42,Neutro
2019-04-09,17.49,14.92,12.36,34.38,0.28,Neutro
2019-04-10,17.40,14.97,12.54,32.47,0.23,Neutro
2019-04-11,17.41,14.96,12.52,32.68,0.09,Neutro
2019-04-12,17.45,14.91,12.37,34.06,0.19,Neutro
2019-04-15,17.37,14.73,12.10,35.77,0.11,Neutro
2019-04-16,17.45,14.49,11.53,40.85,0.00,Sobrevendido
2019-04-17,17.31,14.31,11.32,41.85,0.19,Neutro
2019-04-18,16.82,14.04,11.25,39.68,0.12,Neutro
2019-04-22,16.57,13.80,11.02,40.23,0.10,Neutro
2019-04-23,16.62,13.62,10.63,43.97,0.08,Neutro
2019-04-24,16.58,13.53,10.49,45.00,0.30,Neutro
2019-04-25,16.62,13.45,10.29,47.05,0.21,Neutro
2019-04-26,16.58,13.33,10.07,48.84,0.23,Neutro
2019-04-29,16.52,13.23,9.94,49.74,0.31,Neutro
2019-04-30,16.24,13.09,9.94,48.14,0.41,Neutro
2019-05-01,15.99,12.93,9.88,47.25,0.33,Neutro
2019-05-02,15.50,12.72,9.93,43.81,0.29,Neutro
2019-05-03,14.85,12.51,10.16,37.50,0.35,Neutro
2019-05-06,14.15,12.32,10.48,29.79,0.39,Neutro
2019-05-07,13.74,12.16,10.57,26.07,0.21,Neutro
2019-05-08,13.48,12.01,10.54,24.47,0.14,Neutro
2019-05-09,13.19,11.88,10.57,22.05,0.17,Neutro
2019-05-10,13.12,11.86,10.60,21.24,0.80,Neutro
2019-05-13,12.91,11.82,10.73,18.45,0.75,Neutro
2019-05-14,12.91,11.82,10.73,18.45,0.89,Neutro
2019-05-15,13.12,11.91,10.70,20.32,1.00,Sobrecomprado
2019-05-16,13.43,11.97,10.52,24.30,1.00,Sobrecomprado
2019-05-17,13.62,12.04,10.47,26.16,0.90,Neutro
2019-05-20,13.78,12.13,10.48,27.21,0.85,Neutro
2019-05-21,13.88,12.24,10.59,26.89,0.80,Neutro
2019-05-22,14.07,12.31,10.54,28.69,0.89,Neutro
2019-05-23,14.21,12.40,10.59,29.19,0.81,Neutro
2019-05-24,14.28,12.48,10.68,28.84,0.70,Neutro
2019-05-28,14.35,12.54,10.73,28.87,0.68,Neutro
2019-05-29,14.36,12.55,10.74,28.84,0.55,Neutro
2019-05-30,14.38,12.59,10.80,28.43,0.53,Neutro
2019-05-31,14.35,12.62,10.88,27.50,0.35,Neutro
2019-06-03,14.35,12.62,10.90,27.33,0.29,Neutro
2019-06-04,14.34,12.65,10.96,26.72,0.43,Neutro
2019-06-05,14.29,12.73,11.17,24.51,0.52,Neutro
2019-06-06,14.14,12.82,11.51,20.51,0.52,Neutro
2019-06-07,13.94,12.93,11.92,15.62,0.60,Neutro
2019-06-10,13.99,12.97,11.95,15.73,0.73,Neutro
2019-06-11,13.98,13.00,12.02,15.07,0.51,Neutro
2019-06-12,13.98,13.00,12.02,15.07,0.32,Neutro
2019-06-13,13.97,12.99,12.00,15.17,0.43,Neutro
2019-06-14,13.96,12.88,11.81,16.69,0.00,Sobrevendido
2019-06-17,13.92,12.83,11.73,17.07,0.22,Neutro
2019-06-18,13.87,12.78,11.68,17.14,0.27,Neutro
2019-06-19,13.82,12.74,11.66,16.95,0.39,Neutro
2019-06-20,13.68,12.69,11.70,15.60,0.49,Neutro
2019-06-21,13.60,12.60,11.59,15.95,0.05,Neutro
2019-06-24,13.62,12.51,11.39,17.83,0.00,Sobrevendido
2019-06-25,13.68,12.39,11.10,20.82,0.00,Sobrevendido
2019-06-26,13.69,12.32,10.94,22.33,0.11,Neutro
2019-06-27,13.67,12.25,10.84,23.10,0.22,Neutro
2019-06-28,13.68,12.22,10.76,23.89,0.23,Neutro
2019-07-01,13.69,12.21,10.73,24.25,0.29,Neutro
2019-07-02,13.68,12.15,10.62,25.19,0.22,Neutro
2019-07-03,13.64,12.06,10.47,26.29,0.16,Neutro
2019-07-05,13.54,11.99,10.44,25.85,0.35,Neutro
2019-07-08,13.38,11.90,10.43,24.78,0.33,Neutro
2019-07-09,13.10,11.80,10.49,22.13,0.30,Neutro
2019-07-10,12.95,11.68,10.40,21.84,0.10,Neutro
2019-07-11,12.93,11.55,10.16,23.99,0.00,Sobrevendido
2019-07-12,12.95,11.37,9.79,27.79,0.00,Sobrevendido
2019-07-15,13.06,11.26,9.45,32.07,0.00,Sobrevendido
2019-07-16,13.06,11.11,9.16,35.11,0.03,Neutro
2019-07-17,12.94,10.98,9.02,35.70,0.17,Neutro
2019-07-18,12.74,10.84,8.95,34.95,0.22,Neutro
2019-07-19,12.43,10.72,9.01,31.90,0.34,Neutro
2019-07-22,12.31,10.67,9.02,30.84,0.51,Neutro
2019-07-23,12.25,10.64,9.02,30.36,0.52,Neutro
2019-07-24,12.25,10.64,9.02,30.36,0.57,Neutro
2019-07-25,12.23,10.63,9.03,30.11,0.63,Neutro
2019-07-26,12.22,10.62,9.03,30.03,0.73,Neutro
2019-07-29,12.21,10.62,9.03,29.94,0.75,Neutro
2019-07-30,12.24,10.63,9.02,30.29,0.85,Neutro
2019-07-31,12.25,10.63,9.01,30.47,0.73,Neutro
2019-08-01,12.27,10.64,9.01,30.64,0.64,Neutro
2019-08-02,12.36,10.66,8.97,31.79,0.89,Neutro
2019-08-05,12.40,10.68,8.95,32.31,0.80,Neutro
2019-08-06,12.48,10.70,8.93,33.16,0.81,Neutro
2019-08-07,12.58,10.76,8.93,33.93,0.75,Neutro
2019-08-08,12.92,10.90,8.87,37.16,0.99,Neutro
2019-08-09,13.31,11.11,8.92,39.51,1.00,Sobrecomprado
2019-08-12,13.57,11.31,9.05,39.97,0.95,Neutro
2019-08-13,13.80,11.53,9.25,39.48,0.96,Neutro
2019-08-14,13.97,11.71,9.46,38.50,0.88,Neutro
2019-08-15,13.90,11.83,9.76,35.00,0.57,Neutro
2019-08-16,13.91,11.96,10.01,32.62,0.70,Neutro
2019-08-19,13.96,12.06,10.17,31.42,0.70,Neutro
2019-08-20,13.93,12.15,10.37,29.31,0.55,Neutro
2019-08-21,13.88,12.21,10.53,27.44,0.48,Neutro
2019-08-22,13.85,12.24,10.64,26.22,0.35,Neutro
2019-08-23,13.88,12.22,10.57,27.08,0.12,Neutro
2019-08-26,13.93,12.20,10.46,28.45,0.10,Neutro
2019-08-27,14.05,12.12,10.20,31.76,0.03,Neutro
2019-08-28,14.11,12.08,10.05,33.61,0.12,Neutro
2019-08-29,14.16,12.05,9.94,35.02,0.13,Neutro
2019-08-30,14.19,11.98,9.76,36.99,0.17,Neutro
2019-09-03,14.21,11.93,9.65,38.22,0.25,Neutro
2019-09-04,14.20,11.92,9.63,38.35,0.42,Neutro
2019-09-05,14.20,11.91,9.62,38.45,0.42,Neutro
2019-09-06,14.10,11.86,9.62,37.77,0.51,Neutro
2019-09-09,13.87,11.78,9.68,35.58,0.51,Neutro
2019-09-10,13.70,11.72,9.74,33.79,0.63,Neutro
2019-09-11,13.41,11.64,9.87,30.41,0.61,Neutro
2019-09-12,13.11,11.55,9.99,27.01,0.54,Neutro
2019-09-13,13.07,11.53,9.99,26.71,0.55,Neutro
2019-09-16,12.89,11.44,9.99,25.35,0.31,Neutro
2019-09-17,12.66,11.34,10.03,23.18,0.34,Neutro
2019-09-18,12.53,11.25,9.98,22.66,0.21,Neutro
2019-09-19,12.41,11.18,9.95,22.01,0.28,Neutro
2019-09-20,12.36,11.11,9.86,22.50,0.22,Neutro
2019-09-23,12.37,11.08,9.80,23.19,0.25,Neutro
2019-09-24,12.49,11.02,9.54,26.78,0.00,Sobrevendido
2019-09-25,12.60,10.97,9.33,29.82,-0.00,Sobrevendido
2019-09-26,12.72,10.90,9.07,33.50,0.01,Neutro
2019-09-27,12.83,10.82,8.81,37.15,0.04,Neutro
2019-09-30,12.91,10.75,8.59,40.19,0.11,Neutro
2019-10-01,12.98,10.65,8.32,43.77,0.10,Neutro
2019-10-02,12.94,10.51,8.07,46.34,0.14,Neutro
2019-10-03,12.84,10.40,7.96,46.94,0.28,Neutro
2019-10-04,12.64,10.26,7.88,46.38,0.29,Neutro
2019-10-07,12.45,10.13,7.81,45.81,0.28,Neutro
2019-10-08,12.13,9.95,7.76,43.93,0.20,Neutro
2019-10-09,11.87,9.74,7.61,43.73,0.08,Neutro
2019-10-10,11.72,9.52,7.32,46.21,0.00,Sobrevendido
2019-10-11,11.48,9.30,7.11,47.00,0.02,Neutro
2019-10-14,11.39,9.10,6.81,50.34,0.03,Neutro
2019-10-15,11.20,8.90,6.61,51.55,0.09,Neutro
2019-10-16,11.08,8.71,6.35,54.28,0.08,Neutro
2019-10-17,10.84,8.53,6.22,54.16,0.16,Neutro
2019-10-18,10.61,8.35,6.09,54.13,0.15,Neutro
2019-10-21,10.27,8.19,6.11,50.79,0.27,Neutro
2019-10-22,10.11,8.10,6.08,49.78,0.36,Neutro
2019-10-23,9.95,8.02,6.09,48.12,0.46,Neutro
2019-10-24,9.87,7.99,6.12,46.91,0.65,Neutro
2019-10-25,9.79,7.96,6.13,45.98,0.60,Neutro
2019-10-28,9.69,7.93,6.16,44.54,0.62,Neutro
2019-10-29,9.60,7.88,6.16,43.65,0.49,Neutro
2019-10-30,9.50,7.83,6.16,42.65,0.49,Neutro
2019-10-31,9.28,7.76,6.25,39.04,0.55,Neutro
2019-11-01,9.07,7.71,6.35,35.29,0.66,Neutro
2019-11-04,8.87,7.66,6.45,31.61,0.67,Neutro
2019-11-05,8.86,7.65,6.45,31.48,0.89,Neutro
2019-11-06,8.92,7.68,6.43,32.43,0.80,Neutro
2019-11-07,8.94,7.71,6.48,31.91,0.55,Neutro
2019-11-08,9.10,7.79,6.48,33.63,0.91,Neutro
2019-11-11,9.11,7.85,6.60,31.96,0.63,Neutro
2019-11-12,9.08,7.88,6.68,30.44,0.40,Neutro
2019-11-13,9.04,7.90,6.77,28.73,0.14,Neutro
2019-11-14,9.06,7.89,6.73,29.52,0.03,Neutro
2019-11-15,9.14,7.87,6.60,32.27,0.00,Sobrevendido
2019-11-18,9.29,7.81,6.33,37.89,0.00,Sobrevendido
2019-11-19,9.38,7.75,6.12,42.06,0.05,Neutro
2019-11-20,9.37,7.71,6.06,42.93,0.31,Neutro
2019-11-21,9.26,7.65,6.03,42.24,0.39,Neutro
2019-11-22,9.22,7.55,5.89,44.08,0.17,Neutro
2019-11-25,9.16,7.45,5.74,45.89,0.16,Neutro
2019-11-26,9.12,7.39,5.67,46.66,0.30,Neutro
2019-11-27,9.09,7.33,5.58,47.86,0.29,Neutro
2019-11-29,9.03,7.27,5.51,48.42,0.32,Neutro
2019-12-02,8.94,7.18,5.42,49.06,0.24,Neutro
2019-12-03,8.83,7.09,5.35,49.08,0.30,Neutro
2019-12-04,8.59,6.98,5.36,46.30,0.29,Neutro
2019-12-05,8.37,6.87,5.38,43.50,0.32,Neutro
2019-12-06,8.23,6.81,5.38,41.86,0.41,Neutro
2019-12-09,7.74,6.69,5.64,31.39,0.42,Neutro
2019-12-10,7.40,6.59,5.77,24.74,0.21,Neutro
2019-12-11,7.19,6.51,5.83,20.89,0.17,Neutro
2019-12-12,7.10,6.47,5.84,19.48,0.35,Neutro
2019-12-13,7.06,6.44,5.82,19.26,0.28,Neutro
2019-12-16,7.06,6.43,5.80,19.59,0.31,Neutro
2019-12-17,7.07,6.42,5.78,20.08,0.13,Neutro
2019-12-18,7.15,6.39,5.62,23.96,0.00,Sobrevendido
2019-12-19,7.05,6.33,5.61,22.76,0.19,Neutro
2019-12-20,6.84,6.26,5.68,18.53,0.24,Neutro
2019-12-23,6.84,6.22,5.60,19.92,0.10,Neutro
2019-12-24,6.84,6.21,5.58,20.30,0.31,Neutro
2019-12-26,6.77,6.16,5.55,19.80,0.20,Neutro
2019-12-27,6.72,6.14,5.57,18.71,0.60,Neutro
2019-12-30,6.65,6.10,5.56,17.86,0.21,Neutro
2019-12-31,6.65,6.10,5.56,17.86,0.61,Neutro
2020-01-02,6.62,6.09,5.56,17.41,0.55,Neutro
2020-01-03,6.60,6.08,5.56,17.12,0.48,Neutro
2020-01-06,6.57,6.05,5.53,17.19,0.24,Neutro
2020-01-07,6.49,6.01,5.52,16.15,0.20,Neutro
2020-01-08,6.41,5.96,5.51,15.10,0.11,Neutro
2020-01-09,6.41,5.94,5.47,15.84,0.15,Neutro
2020-01-10,6.43,5.90,5.38,17.79,0.02,Neutro
2020-01-13,6.38,5.87,5.35,17.56,0.20,Neutro
2020-01-14,6.35,5.83,5.32,17.66,0.17,Neutro
2020-01-15,6.39,5.84,5.30,18.66,0.97,Neutro
2020-01-16,6.43,5.86,5.28,19.64,0.82,Neutro
2020-01-17,6.45,5.89,5.33,19.03,0.72,Neutro
2020-01-21,6.44,5.88,5.32,19.04,0.46,Neutro
2020-01-22,6.44,5.88,5.32,19.05,0.49,Neutro
2020-01-23,6.44,5.89,5.33,18.86,0.49,Neutro
2020-01-24,6.44,5.87,5.30,19.43,0.25,Neutro
2020-01-27,6.45,5.85,5.25,20.52,0.17,Neutro
2020-01-28,6.39,5.82,5.25,19.58,0.41,Neutro
2020-01-29,6.39,5.81,5.22,20.14,0.25,Neutro
2020-01-30,6.33,5.78,5.22,19.22,0.32,Neutro
2020-01-31,6.29,5.74,5.19,19.16,0.25,Neutro
2020-02-03,6.25,5.72,5.19,18.54,0.36,Neutro
2020-02-04,6.24,5.71,5.18,18.56,0.46,Neutro
2020-02-05,6.24,5.71,5.18,18.55,0.55,Neutro
2020-02-06,6.25,5.71,5.17,18.92,0.31,Neutro
2020-02-07,6.30,5.68,5.06,21.84,0.00,Sobrevendido
2020-02-10,6.41,5.64,4.87,27.30,0.00,Sobrevendido
2020-02-11,6.47,5.60,4.72,31.26,0.00,Sobrevendido
2020-02-12,6.52,5.56,4.59,34.73,0.05,Neutro
2020-02-13,6.43,5.48,4.52,34.88,0.12,Neutro
2020-02-14,6.32,5.43,4.54,32.79,0.41,Neutro
2020-02-18,6.21,5.38,4.55,30.84,0.40,Neutro
2020-02-19,6.16,5.35,4.55,30.09,0.42,Neutro
2020-02-20,6.09,5.31,4.54,29.18,0.34,Neutro
2020-02-21,6.02,5.26,4.49,29.12,0.17,Neutro
2020-02-24,6.02,5.20,4.38,31.53,0.08,Neutro
2020-02-25,6.06,5.14,4.22,35.81,0.00,Sobrevendido
2020-02-26,6.02,5.07,4.11,37.69,0.09,Neutro
2020-02-27,6.02,5.00,3.97,41.03,0.06,Neutro
2020-02-28,5.98,4.92,3.86,43.07,0.11,Neutro
2020-03-02,5.94,4.86,3.78,44.47,0.18,Neutro
2020-03-03,5.88,4.78,3.67,46.28,0.12,Neutro
2020-03-04,5.76,4.69,3.63,45.39,0.18,Neutro
2020-03-05,5.61,4.59,3.57,44.42,0.09,Neutro
2020-03-06,5.55,4.49,3.42,47.49,0.00,Sobrevendido
2020-03-09,5.63,4.38,3.13,57.08,0.00,Sobrevendido
2020-03-10,5.67,4.30,2.94,63.43,0.07,Neutro
2020-03-11,5.70,4.21,2.73,70.48,0.06,Neutro
2020-03-12,5.73,4.12,2.51,78.24,0.06,Neutro
2020-03-13,5.69,4.03,2.36,82.71,0.18,Neutro
2020-03-16,5.55,3.90,2.24,84.94,0.14,Neutro
2020-03-17,5.40,3.76,2.13,86.85,0.14,Neutro
2020-03-18,5.20,3.63,2.06,86.51,0.14,Neutro
2020-03-19,5.03,3.49,1.95,88.30,0.09,Neutro
2020-03-20,4.86,3.37,1.88,88.43,0.17,Neutro
2020-03-23,4.71,3.27,1.82,88.43,0.22,Neutro
2020-03-24,4.59,3.20,1.81,86.97,0.35,Neutro
2020-03-25,4.42,3.13,1.84,82.44,0.43,Neutro
2020-03-26,4.34,3.11,1.87,79.50,0.72,Neutro
2020-03-27,4.24,3.08,1.91,75.75,0.67,Neutro
2020-03-30,4.08,3.03,1.98,69.28,0.61,Neutro
2020-03-31,3.94,2.98,2.02,64.48,0.44,Neutro
2020-04-01,3.75,2.90,2.06,58.19,0.30,Neutro
2020-04-02,3.60,2.85,2.10,52.71,0.33,Neutro
2020-04-03,3.53,2.80,2.07,52.10,0.28,Neutro
2020-04-06,3.52,2.79,2.06,52.30,0.43,Neutro
2020-04-07,3.48,2.77,2.06,51.20,0.49,Neutro
2020-04-08,3.49,2.78,2.06,51.49,0.64,Neutro
2020-04-09,3.50,2.78,2.07,51.42,0.50,Neutro
2020-04-13,3.49,2.78,2.07,51.16,0.54,Neutro
2020-04-14,3.50,2.79,2.07,51.33,0.58,Neutro
2020-04-15,3.50,2.80,2.09,50.44,0.48,Neutro
2020-04-16,3.50,2.80,2.11,49.55,0.42,Neutro
2020-04-17,3.48,2.84,2.20,45.09,0.55,Neutro
2020-04-20,3.48,2.87,2.26,42.48,0.65,Neutro
2020-04-21,3.47,2.89,2.31,40.11,0.48,Neutro
2020-04-22,3.48,2.90,2.32,40.00,0.53,Neutro
2020-04-23,3.49,2.91,2.32,40.23,0.68,Neutro
2020-04-24,3.40,2.89,2.38,35.26,0.93,Neutro
2020-04-27,3.42,2.90,2.37,36.26,1.00,Sobrecomprado
2020-04-28,3.44,2.90,2.36,37.23,0.93,Neutro
2020-04-29,3.54,2.93,2.32,41.58,0.99,Neutro
2020-04-30,3.59,2.98,2.36,41.34,0.84,Neutro
2020-05-01,3.60,3.01,2.41,39.59,0.66,Neutro
2020-05-04,3.61,3.05,2.49,36.72,0.79,Neutro
2020-05-05,3.64,3.09,2.53,35.97,0.77,Neutro
2020-05-06,3.66,3.12,2.57,34.98,0.73,Neutro
2020-05-07,3.68,3.13,2.58,35.13,0.64,Neutro
2020-05-08,3.70,3.16,2.63,33.83,0.73,Neutro
2020-05-11,3.72,3.19,2.67,32.91,0.70,Neutro
2020-05-12,3.72,3.21,2.70,31.76,0.61,Neutro
2020-05-13,3.70,3.23,2.75,29.45,0.31,Neutro
2020-05-14,3.66,3.25,2.85,24.90,0.48,Neutro
2020-05-15,3.64,3.26,2.89,22.98,0.32,Neutro
2020-05-18,3.68,3.29,2.90,23.70,0.91,Neutro
2020-05-19,3.66,3.32,2.98,20.50,0.60,Neutro
2020-05-20,3.86,3.38,2.90,28.39,1.00,Sobrecomprado
2020-05-21,4.04,3.44,2.84,34.91,1.00,Sobrecomprado
2020-05-22,4.52,3.53,2.54,56.07,1.00,Sobrecomprado
2020-05-26,5.09,3.65,2.21,78.95,1.00,Sobrecomprado
2020-05-27,5.43,3.76,2.09,88.84,1.00,Sobrecomprado
2020-05-28,5.74,3.87,1.99,96.97,0.98,Neutro
2020-05-29,5.95,3.97,1.98,100.01,0.87,Neutro
2020-06-01,6.14,4.08,2.03,100.65,0.84,Neutro
2020-06-02,6.32,4.19,2.06,101.61,0.82,Neutro
2020-06-03,6.64,4.34,2.04,105.95,0.94,Neutro
2020-06-04,6.87,4.48,2.09,106.68,0.85,Neutro
2020-06-05,7.04,4.62,2.20,104.80,0.79,Neutro
2020-06-08,7.32,4.79,2.26,105.68,0.90,Neutro
2020-06-09,7.59,4.97,2.34,105.70,0.89,Neutro
2020-06-10,7.79,5.15,2.50,102.79,0.83,Neutro
2020-06-11,7.75,5.28,2.82,93.31,0.60,Neutro
2020-06-12,7.71,5.42,3.14,84.24,0.64,Neutro
2020-06-15,7.58,5.56,3.54,72.64,0.58,Neutro
2020-06-16,7.48,5.68,3.87,63.61,0.56,Neutro
2020-06-17,7.24,5.80,4.35,49.87,0.49,Neutro
2020-06-18,7.11,5.86,4.61,42.65,0.37,Neutro
2020-06-19,6.96,5.90,4.85,35.74,0.12,Neutro
2020-06-22,6.97,5.90,4.84,36.09,0.15,Neutro
2020-06-23,6.98,5.87,4.75,38.02,0.18,Neutro
2020-06-24,7.02,5.83,4.65,40.62,0.14,Neutro
2020-06-25,7.04,5.80,4.56,42.77,0.16,Neutro
2020-06-26,7.10,5.76,4.42,46.54,0.08,Neutro
2020-06-29,7.12,5.73,4.34,48.51,0.21,Neutro
2020-06-30,7.14,5.69,4.24,50.95,0.19,Neutro
2020-07-01,7.07,5.62,4.17,51.61,0.26,Neutro
2020-07-02,7.03,5.55,4.07,53.34,0.23,Neutro
2020-07-06,6.97,5.50,4.03,53.44,0.35,Neutro
2020-07-07,6.77,5.42,4.07,49.82,0.41,Neutro
2020-07-08,6.46,5.34,4.21,42.14,0.52,Neutro
2020-07-09,6.10,5.24,4.38,32.82,0.33,Neutro
2020-07-10,6.03,5.21,4.38,31.69,0.44,Neutro
2020-07-13,5.87,5.15,4.43,27.94,0.40,Neutro
2020-07-14,5.75,5.11,4.47,25.07,0.37,Neutro
2020-07-15,5.61,5.08,4.54,21.08,0.66,Neutro
2020-07-16,5.48,5.05,4.62,17.03,0.74,Neutro
2020-07-17,5.41,5.03,4.66,14.90,0.77,Neutro
2020-07-20,5.45,5.05,4.65,15.85,0.87,Neutro
2020-07-21,5.67,5.09,4.51,22.80,1.00,Sobrecomprado
2020-07-22,5.73,5.11,4.49,24.26,0.90,Neutro
2020-07-23,5.82,5.15,4.48,26.03,0.92,Neutro
2020-07-24,5.91,5.19,4.47,27.76,0.90,Neutro
2020-07-27,6.00,5.25,4.51,28.36,0.97,Neutro
2020-07-28,6.20,5.32,4.45,32.86,1.00,Sobrecomprado
2020-07-29,6.29,5.39,4.49,33.38,0.91,Neutro
2020-07-30,6.43,5.46,4.50,35.32,0.96,Neutro
2020-07-31,6.48,5.53,4.58,34.35,0.79,Neutro
2020-08-03,6.50,5.57,4.64,33.40,0.65,Neutro
2020-08-04,6.59,5.63,4.66,34.31,0.84,Neutro
2020-08-05,6.64,5.66,4.68,34.61,0.73,Neutro
2020-08-06,6.66,5.72,4.78,32.86,0.70,Neutro
2020-08-07,6.66,5.76,4.87,31.06,0.61,Neutro
2020-08-10,6.68,5.83,4.98,29.16,0.78,Neutro
2020-08-11,6.68,5.90,5.13,26.26,0.82,Neutro
2020-08-12,6.66,5.94,5.23,24.05,0.62,Neutro
2020-08-13,6.62,5.98,5.34,21.40,0.52,Neutro
2020-08-14,6.56,6.01,5.45,18.48,0.24,Neutro
2020-08-17,6.61,6.00,5.38,20.52,0.00,Sobrevendido
2020-08-18,6.71,5.95,5.18,25.73,0.00,Sobrevendido
2020-08-19,6.76,5.92,5.07,28.55,0.00,Neutro
2020-08-20,6.80,5.89,4.97,31.07,0.08,Neutro
2020-08-21,6.85,5.85,4.85,34.19,0.06,Neutro
2020-08-24,6.88,5.80,4.72,37.25,0.10,Neutro
2020-08-25,6.82,5.77,4.71,36.59,0.46,Neutro
2020-08-26,6.78,5.73,4.67,36.84,0.32,Neutro
2020-08-27,6.70,5.67,4.65,36.13,0.32,Neutro
2020-08-28,6.66,5.65,4.65,35.55,0.52,Neutro
2020-08-31,6.65,5.65,4.64,35.58,0.54,Neutro
2020-09-01,6.58,5.62,4.66,34.15,0.58,Neutro
2020-09-02,6.54,5.60,4.67,33.37,0.57,Neutro
2020-09-03,6.48,5.58,4.67,32.46,0.49,Neutro
2020-09-04,6.44,5.54,4.64,32.49,0.33,Neutro
2020-09-08,6.34,5.51,4.68,30.12,0.63,Neutro
2020-09-09,6.21,5.48,4.75,26.64,0.71,Neutro
2020-09-10,6.13,5.45,4.78,24.75,0.61,Neutro
2020-09-11,6.06,5.43,4.81,23.01,0.62,Neutro
2020-09-14,6.06,5.44,4.81,23.00,0.75,Neutro
2020-09-15,6.09,5.46,4.84,22.87,0.72,Neutro
2020-09-16,6.09,5.50,4.91,21.44,0.70,Neutro
2020-09-17,6.10,5.54,4.97,20.41,0.67,Neutro
2020-09-18,6.10,5.57,5.04,19.04,0.66,Neutro
2020-09-21,6.07,5.58,5.09,17.57,0.08,Neutro
2020-09-22,6.03,5.59,5.15,15.75,0.00,Sobrevendido
2020-09-23,6.10,5.54,4.99,20.02,0.00,Sobrevendido
2020-09-24,6.17,5.52,4.86,23.75,0.00,Sobrevendido
2020-09-25,6.20,5.49,4.78,25.86,0.04,Neutro
2020-09-28,6.23,5.44,4.65,29.04,0.02,Neutro
2020-09-29,6.24,5.39,4.53,31.74,0.07,Neutro
2020-09-30,6.23,5.33,4.42,33.97,0.09,Neutro
2020-10-01,6.22,5.27,4.32,36.07,0.11,Neutro
2020-10-02,6.20,5.22,4.24,37.54,0.20,Neutro
2020-10-05,6.20,5.20,4.21,38.24,0.34,Neutro
2020-10-06,6.14,5.15,4.17,38.24,0.26,Neutro
2020-10-07,6.05,5.10,4.15,37.24,0.34,Neutro
2020-10-08,6.00,5.08,4.16,36.22,0.55,Neutro
2020-10-09,5.94,5.05,4.16,35.24,0.47,Neutro
2020-10-12,5.85,5.02,4.19,33.08,0.54,Neutro
2020-10-13,5.74,4.99,4.23,30.29,0.56,Neutro
2020-10-14,5.63,4.96,4.28,27.24,0.64,Neutro
2020-10-15,5.49,4.92,4.34,23.40,0.50,Neutro
2020-10-16,5.29,4.87,4.46,17.03,0.57,Neutro
2020-10-19,5.27,4.87,4.46,16.64,0.73,Neutro
2020-10-20,5.26,4.86,4.47,16.25,0.70,Neutro
2020-10-21,5.32,4.89,4.46,17.60,0.93,Neutro
2020-10-22,5.41,4.92,4.43,19.93,1.00,Sobrecomprado
2020-10-23,5.48,4.94,4.41,21.64,0.91,Neutro
2020-10-26,5.47,4.96,4.44,20.77,0.49,Neutro
2020-10-27,5.47,4.97,4.48,19.90,0.49,Neutro
2020-10-28,5.46,4.98,4.51,19.07,0.22,Neutro
2020-10-29,5.43,5.00,4.57,17.20,0.41,Neutro
2020-10-30,5.42,5.00,4.58,16.79,0.08,Neutro
2020-11-02,5.44,5.02,4.59,16.95,0.69,Neutro
2020-11-03,5.46,5.05,4.64,16.25,0.78,Neutro
2020-11-04,5.45,5.06,4.67,15.42,0.50,Neutro
2020-11-05,5.65,5.10,4.55,21.58,1.00,Sobrecomprado
2020-11-06,5.82,5.15,4.48,26.04,1.00,Sobrecomprado
2020-11-09,5.99,5.20,4.40,30.59,1.00,Sobrecomprado
2020-11-10,6.21,5.26,4.31,36.11,1.00,Sobrecomprado
2020-11-11,6.44,5.33,4.22,41.64,1.00,Sobrecomprado
2020-11-12,6.52,5.39,4.25,42.13,0.80,Neutro
2020-11-13,6.57,5.44,4.30,41.75,0.71,Neutro
2020-11-16,6.73,5.51,4.29,44.28,0.91,Neutro
2020-11-17,7.32,5.66,4.01,58.43,1.00,Sobrecomprado
2020-11-18,7.71,5.80,3.88,66.09,1.00,Sobrecomprado
2020-11-19,8.06,5.92,3.78,72.26,0.98,Neutro
2020-11-20,8.37,6.05,3.74,76.48,0.92,Neutro
2020-11-23,8.96,6.28,3.59,85.56,1.00,Sobrecomprado
2020-11-24,9.50,6.51,3.51,92.05,1.00,Sobrecomprado
2020-11-25,10.02,6.77,3.52,95.99,1.00,Neutro
2020-11-27,10.61,7.06,3.50,100.75,1.00,Sobrecomprado
2020-11-30,11.24,7.39,3.54,104.16,1.00,Sobrecomprado
2020-12-01,11.53,7.64,3.75,101.85,0.82,Neutro
2020-12-02,11.78,7.89,4.00,98.61,0.81,Neutro
2020-12-03,12.00,8.17,4.33,93.90,0.82,Neutro
2020-12-04,12.26,8.41,4.56,91.57,0.80,Neutro
2020-12-07,12.43,8.64,4.85,87.72,0.76,Neutro
2020-12-08,12.53,8.86,5.19,82.86,0.72,Neutro
2020-12-09,12.52,9.03,5.53,77.44,0.60,Neutro
2020-12-10,12.50,9.19,5.88,72.01,0.61,Neutro
2020-12-11,12.34,9.38,6.41,63.25,0.55,Neutro
2020-12-14,12.03,9.54,7.06,52.07,0.45,Neutro
2020-12-15,11.74,9.70,7.67,41.95,0.49,Neutro
2020-12-16,11.71,9.81,7.91,38.73,0.62,Neutro
2020-12-17,11.58,9.91,8.25,33.59,0.50,Neutro
2020-12-18,11.41,10.01,8.60,28.08,0.43,Neutro
2020-12-21,11.14,10.10,9.05,20.70,0.35,Neutro
2020-12-22,11.11,10.12,9.12,19.67,0.37,Neutro
2020-12-23,11.31,10.21,9.10,21.65,1.00,Sobrecomprado
2020-12-24,11.67,10.31,8.94,26.49,1.00,Sobrecomprado
2020-12-28,11.71,10.32,8.94,26.83,0.73,Neutro
2020-12-29,11.56,10.26,8.95,25.45,0.41,Neutro
2020-12-30,11.56,10.26,8.96,25.34,0.48,Neutro
2020-12-31,11.55,10.25,8.95,25.36,0.46,Neutro
2021-01-04,11.52,10.23,8.94,25.22,0.48,Neutro
2021-01-05,11.54,10.24,8.93,25.50,0.74,Neutro
2021-01-06,11.78,10.30,8.81,28.84,1.00,Sobrecomprado
2021-01-07,12.18,10.40,8.62,34.23,1.00,Sobrecomprado
2021-01-08,12.52,10.54,8.56,37.57,1.00,Neutro
2021-01-11,13.04,10.72,8.39,43.40,1.00,Sobrecomprado
2021-01-12,13.36,10.88,8.40,45.59,0.92,Neutro
2021-01-13,13.71,11.09,8.47,47.26,0.95,Neutro
2021-01-14,14.23,11.32,8.41,51.40,1.00,Sobrecomprado
2021-01-15,14.36,11.44,8.52,51.04,0.71,Neutro
2021-01-19,14.56,11.61,8.66,50.81,0.79,Neutro
2021-01-20,14.63,11.76,8.89,48.80,0.69,Neutro
2021-01-21,14.67,11.92,9.16,46.23,0.68,Neutro
2021-01-22,14.64,12.05,9.47,42.90,0.59,Neutro
2021-01-25,14.66,12.09,9.53,42.42,0.51,Neutro
2021-01-26,14.70,12.12,9.55,42.48,0.59,Neutro
2021-01-27,14.69,12.17,9.65,41.41,0.45,Neutro
2021-01-28,14.59,12.29,9.98,37.52,0.51,Neutro
2021-01-29,14.47,12.37,10.26,34.04,0.37,Neutro
2021-02-01,14.30,12.48,10.65,29.26,0.46,Neutro
2021-02-02,14.22,12.66,11.09,24.73,0.86,Neutro
2021-02-03,14.25,12.81,11.38,22.40,0.91,Neutro
2021-02-04,14.55,12.96,11.36,24.62,1.00,Sobrecomprado
2021-02-05,14.93,13.09,11.25,28.12,1.00,Sobrecomprado
2021-02-08,15.66,13.29,10.92,35.68,1.00,Sobrecomprado
2021-02-09,16.55,13.50,10.44,45.28,1.00,Sobrecomprado
2021-02-10,17.83,13.81,9.80,58.13,1.00,Sobrecomprado
2021-02-11,18.06,13.94,9.82,59.11,0.75,Neutro
2021-02-12,18.28,14.03,9.79,60.50,0.76,Neutro
2021-02-16,18.85,14.30,9.76,63.56,0.91,Neutro
2021-02-17,19.23,14.51,9.78,65.15,0.81,Neutro
2021-02-18,19.41,14.68,9.96,64.35,0.68,Neutro
2021-02-19,19.66,14.89,10.13,63.99,0.73,Neutro
2021-02-22,19.76,15.09,10.41,61.98,0.64,Neutro
2021-02-23,19.73,15.26,10.79,58.58,0.54,Neutro
2021-02-24,19.77,15.45,11.14,55.84,0.62,Neutro
2021-02-25,19.61,15.62,11.63,51.10,0.44,Neutro
2021-02-26,19.47,15.79,12.11,46.61,0.50,Neutro
2021-03-01,19.21,16.03,12.85,39.67,0.60,Neutro
2021-03-02,18.88,16.21,13.55,32.87,0.45,Neutro
2021-03-03,18.75,16.28,13.81,30.35,0.26,Neutro
2021-03-04,18.74,16.28,13.83,30.15,0.05,Neutro
2021-03-05,18.88,16.23,13.58,32.66,0.00,Neutro
2021-03-08,18.99,16.16,13.33,35.03,0.07,Neutro
2021-03-09,18.96,16.09,13.21,35.75,0.32,Neutro
2021-03-10,18.78,15.95,13.11,35.56,0.29,Neutro
2021-03-11,18.16,15.80,13.44,29.87,0.65,Neutro
2021-03-12,18.23,15.84,13.44,30.25,0.68,Neutro
2021-03-15,18.40,15.90,13.40,31.45,0.82,Neutro
2021-03-16,18.07,15.78,13.49,29.03,0.46,Neutro
2021-03-17,17.84,15.68,13.52,27.54,0.46,Neutro
2021-03-18,17.77,15.60,13.42,27.89,0.28,Neutro
2021-03-19,17.57,15.47,13.37,27.14,0.30,Neutro
2021-03-22,17.53,15.34,13.15,28.55,0.13,Neutro
2021-03-23,17.55,15.24,12.93,30.32,0.16,Neutro
2021-03-24,17.55,15.05,12.56,33.15,0.03,Neutro
2021-03-25,17.59,14.95,12.31,35.32,0.16,Neutro
2021-03-26,17.55,14.82,12.08,36.92,0.19,Neutro
2021-03-29,17.35,14.62,11.88,37.42,0.16,Neutro
2021-03-30,17.23,14.47,11.70,38.23,0.22,Neutro
2021-03-31,17.17,14.37,11.57,38.96,0.30,Neutro
2021-04-01,17.17,14.36,11.55,39.14,0.40,Neutro
2021-04-05,17.17,14.37,11.57,38.97,0.40,Neutro
2021-04-06,17.17,14.35,11.53,39.30,0.33,Neutro
2021-04-07,17.15,14.22,11.29,41.21,0.19,Neutro
2021-04-08,17.12,14.11,11.10,42.67,0.24,Neutro
2021-04-09,16.76,13.92,11.08,40.80,0.30,Neutro
2021-04-12,16.38,13.66,10.95,39.74,0.11,Neutro
2021-04-13,15.54,13.39,11.24,32.12,0.17,Neutro
2021-04-14,15.23,13.19,11.15,30.94,0.09,Neutro
2021-04-15,14.88,12.97,11.06,29.45,0.04,Neutro
2021-04-16,14.68,12.80,10.93,29.29,0.10,Neutro
2021-04-19,14.43,12.63,10.82,28.59,0.08,Neutro
2021-04-20,14.41,12.47,10.54,31.02,0.03,Neutro
2021-04-21,14.28,12.36,10.43,31.16,0.22,Neutro
2021-04-22,14.29,12.26,10.24,33.03,0.15,Neutro
2021-04-23,14.20,12.17,10.14,33.36,0.28,Neutro
2021-04-26,14.09,12.10,10.10,32.99,0.38,Neutro
2021-04-27,14.02,12.02,10.02,33.27,0.32,Neutro
2021-04-28,13.93,11.97,10.01,32.74,0.47,Neutro
2021-04-29,13.76,11.88,9.99,31.74,0.36,Neutro
2021-04-30,13.42,11.75,10.07,28.52,0.33,Neutro
2021-05-03,13.02,11.59,10.16,24.68,0.19,Neutro
2021-05-04,12.67,11.45,10.23,21.31,0.13,Neutro
2021-05-05,12.54,11.36,10.18,20.77,0.21,Neutro
2021-05-06,12.38,11.25,10.12,20.08,0.10,Neutro
2021-05-07,12.03,11.17,10.31,15.40,0.47,Neutro
2021-05-10,12.51,11.01,9.51,27.25,0.00,Sobrevendido
2021-05-11,12.68,10.83,8.98,34.17,0.00,Sobrevendido
2021-05-12,12.88,10.65,8.41,41.98,0.00,Sobrevendido
2021-05-13,13.01,10.48,7.95,48.27,0.00,Sobrevendido
2021-05-14,12.97,10.35,7.73,50.63,0.18,Neutro
2021-05-17,12.94,10.22,7.49,53.35,0.17,Neutro
2021-05-18,12.94,10.11,7.28,56.00,0.21,Neutro
2021-05-19,12.84,9.96,7.08,57.84,0.21,Neutro
2021-05-20,12.77,9.83,6.89,59.80,0.24,Neutro
2021-05-21,12.60,9.70,6.81,59.68,0.32,Neutro
2021-05-24,12.34,9.56,6.79,58.04,0.37,Neutro
2021-05-25,12.11,9.43,6.76,56.73,0.36,Neutro
2021-05-26,11.73,9.30,6.88,52.13,0.50,Neutro
2021-05-27,11.44,9.21,6.98,48.42,0.56,Neutro
2021-05-28,11.19,9.14,7.09,44.86,0.65,Neutro
2021-06-01,11.01,9.08,7.15,42.50,0.62,Neutro
2021-06-02,11.03,9.09,7.15,42.70,0.89,Neutro
2021-06-03,10.94,9.06,7.19,41.37,0.81,Neutro
2021-06-04,10.93,9.06,7.19,41.26,0.84,Neutro
2021-06-07,10.88,9.05,7.23,40.32,1.00,Sobrecomprado
2021-06-08,11.15,9.18,7.21,42.92,0.94,Neutro
2021-06-09,11.36,9.30,7.24,44.29,0.86,Neutro
2021-06-10,11.45,9.44,7.42,42.71,0.78,Neutro
2021-06-11,11.54,9.58,7.62,40.93,0.79,Neutro
2021-06-14,11.63,9.67,7.71,40.53,0.73,Neutro
2021-06-15,11.68,9.77,7.87,38.98,0.68,Neutro
2021-06-16,11.68,9.87,8.06,36.68,0.63,Neutro
2021-06-17,11.65,9.98,8.31,33.47,0.66,Neutro
2021-06-18,11.54,10.06,8.58,29.42,0.48,Neutro
2021-06-21,11.49,10.15,8.81,26.40,0.63,Neutro
2021-06-22,11.41,10.23,9.04,23.18,0.53,Neutro
2021-06-23,11.26,10.32,9.37,18.32,0.58,Neutro
2021-06-24,11.30,10.41,9.52,17.10,0.93,Neutro
2021-06-25,11.26,10.48,9.69,14.99,0.71,Neutro
2021-06-28,11.25,10.53,9.81,13.68,0.66,Neutro
2021-06-29,11.13,10.58,10.03,10.40,0.48,Neutro
2021-06-30,11.13,10.58,10.03,10.40,0.61,Neutro
2021-07-01,11.14,10.61,10.08,9.99,0.66,Neutro
2021-07-02,11.14,10.62,10.10,9.79,0.40,Neutro
2021-07-06,11.11,10.59,10.06,9.92,0.19,Neutro
2021-07-07,11.09,10.54,9.99,10.43,0.07,Neutro
2021-07-08,11.10,10.50,9.91,11.33,0.03,Neutro
2021-07-09,11.09,10.48,9.87,11.64,0.27,Neutro
2021-07-12,11.07,10.46,9.86,11.57,0.35,Neutro
2021-07-13,11.07,10.43,9.80,12.17,0.18,Neutro
2021-07-14,11.11,10.39,9.68,13.76,0.00,Sobrevendido
2021-07-15,11.15,10.36,9.57,15.25,0.05,Neutro
2021-07-16,11.19,10.31,9.42,17.17,0.01,Neutro
2021-07-19,11.29,10.26,9.24,19.98,0.00,Sobrevendido
2021-07-20,11.29,10.21,9.13,21.15,0.16,Neutro
2021-07-21,11.28,10.19,9.11,21.29,0.39,Neutro
2021-07-22,11.26,10.15,9.03,21.98,0.21,Neutro
2021-07-23,11.10,10.06,9.02,20.67,0.23,Neutro
2021-07-26,11.00,10.00,9.00,20.00,0.29,Neutro
2021-07-27,10.90,9.93,8.95,19.64,0.18,Neutro
2021-07-28,10.82,9.89,8.96,18.80,0.50,Neutro
2021-07-29,10.70,9.85,9.00,17.26,0.48,Neutro
2021-07-30,10.52,9.79,9.06,14.91,0.40,Neutro
2021-08-02,10.40,9.74,9.09,13.45,0.33,Neutro
2021-08-03,10.32,9.70,9.08,12.78,0.31,Neutro
2021-08-04,10.28,9.66,9.05,12.73,0.23,Neutro
2021-08-05,10.27,9.66,9.05,12.63,0.68,Neutro
2021-08-06,10.21,9.65,9.08,11.71,0.73,Neutro
2021-08-09,10.13,9.63,9.13,10.38,0.80,Neutro
2021-08-10,10.11,9.62,9.14,10.08,0.78,Neutro
2021-08-11,10.13,9.63,9.14,10.28,0.74,Neutro
2021-08-12,10.13,9.63,9.13,10.39,0.41,Neutro
2021-08-13,10.19,9.60,9.01,12.29,0.00,Sobrevendido
2021-08-16,10.17,9.61,9.06,11.55,0.31,Neutro
2021-08-17,10.18,9.60,9.02,12.08,0.19,Neutro
2021-08-18,10.15,9.56,8.98,12.24,0.15,Neutro
2021-08-19,10.21,9.53,8.84,14.38,0.00,Sobrevendido
2021-08-20,10.22,9.50,8.79,15.05,0.17,Neutro
2021-08-23,10.21,9.49,8.77,15.17,0.39,Neutro
2021-08-24,10.23,9.51,8.79,15.14,0.65,Neutro
2021-08-25,10.20,9.50,8.80,14.74,0.57,Neutro
2021-08-26,10.16,9.48,8.79,14.45,0.45,Neutro
2021-08-27,10.15,9.47,8.79,14.36,0.55,Neutro
2021-08-30,10.15,9.47,8.79,14.36,0.49,Neutro
2021-08-31,10.17,9.48,8.79,14.56,0.63,Neutro
2021-09-01,10.17,9.48,8.80,14.45,0.45,Neutro
2021-09-02,10.12,9.46,8.81,13.84,0.51,Neutro
2021-09-03,10.06,9.43,8.81,13.25,0.41,Neutro
2021-09-07,9.99,9.39,8.80,12.67,0.27,Neutro
2021-09-08,9.93,9.34,8.76,12.52,0.11,Neutro
2021-09-09,9.87,9.29,8.71,12.49,0.05,Neutro
2021-09-10,9.89,9.24,8.58,14.18,0.00,Sobrevendido
2021-09-13,9.91,9.23,8.54,14.85,0.10,Neutro
2021-09-14,9.94,9.18,8.43,16.45,0.03,Neutro
2021-09-15,9.93,9.16,8.38,16.92,0.26,Neutro
2021-09-16,9.93,9.14,8.35,17.28,0.29,Neutro
2021-09-17,9.93,9.14,8.35,17.28,0.28,Neutro
2021-09-20,9.96,9.11,8.26,18.66,0.10,Neutro
2021-09-21,9.98,9.06,8.15,20.20,0.09,Neutro
2021-09-22,9.89,9.00,8.11,19.78,0.22,Neutro
2021-09-23,9.81,8.97,8.12,18.85,0.47,Neutro
2021-09-24,9.76,8.92,8.07,18.95,0.24,Neutro
2021-09-27,9.68,8.87,8.06,18.27,0.28,Neutro
2021-09-28,9.61,8.81,8.02,18.04,0.21,Neutro
2021-09-29,9.47,8.74,8.02,16.59,0.15,Neutro
2021-09-30,9.36,8.69,8.02,15.42,0.24,Neutro
2021-10-01,9.21,8.63,8.06,13.32,0.25,Neutro
2021-10-04,9.11,8.57,8.02,12.73,0.00,Sobrevendido
2021-10-05,9.03,8.51,7.99,12.21,0.11,Neutro
2021-10-06,9.01,8.47,7.94,12.63,0.07,Neutro
2021-10-07,8.98,8.44,7.89,12.92,0.17,Neutro
2021-10-08,8.99,8.41,7.82,13.92,0.10,Neutro
2021-10-11,8.99,8.36,7.74,14.95,0.06,Neutro
2021-10-12,8.98,8.34,7.69,15.47,0.22,Neutro
2021-10-13,8.92,8.30,7.67,15.07,0.25,Neutro
2021-10-14,8.84,8.26,7.68,14.04,0.37,Neutro
2021-10-15,8.77,8.21,7.66,13.51,0.16,Neutro
2021-10-18,8.77,8.18,7.58,14.56,0.07,Neutro
2021-10-19,8.76,8.15,7.55,14.84,0.31,Neutro
2021-10-20,8.72,8.13,7.54,14.52,0.36,Neutro
2021-10-21,8.54,8.08,7.62,11.38,0.42,Neutro
2021-10-22,8.48,8.05,7.62,10.68,0.22,Neutro
2021-10-25,8.40,8.02,7.64,9.48,0.32,Neutro
2021-10-26,8.35,7.99,7.63,9.01,0.18,Neutro
2021-10-27,8.35,7.95,7.56,9.93,0.00,Sobrevendido
2021-10-28,8.29,7.92,7.54,9.47,0.09,Neutro
2021-10-29,8.23,7.88,7.53,8.89,0.06,Neutro
2021-11-01,8.22,7.87,7.53,8.76,0.55,Neutro
2021-11-02,8.19,7.85,7.52,8.53,0.27,Neutro
2021-11-03,8.18,7.85,7.52,8.41,0.55,Neutro
2021-11-04,8.15,7.82,7.50,8.31,0.23,Neutro
2021-11-05,8.13,7.81,7.49,8.19,0.30,Neutro
2021-11-08,8.24,7.84,7.44,10.21,1.00,Sobrecomprado
2021-11-09,8.65,7.90,7.15,18.98,1.00,Sobrecomprado
2021-11-10,8.74,7.93,7.12,20.42,0.91,Neutro
2021-11-11,8.85,7.96,7.08,22.22,0.94,Neutro
2021-11-12,8.98,8.01,7.05,24.08,0.92,Neutro
2021-11-15,9.14,8.08,7.03,26.10,0.97,Neutro
2021-11-16,9.21,8.12,7.04,26.71,0.76,Neutro
2021-11-17,9.23,8.14,7.05,26.78,0.58,Neutro
2021-11-18,9.23,8.13,7.03,27.06,0.34,Neutro
2021-11-19,9.24,8.12,7.00,27.59,0.26,Neutro
2021-11-22,9.26,8.09,6.93,28.79,0.19,Neutro
2021-11-23,9.28,8.07,6.86,29.99,0.17,Neutro
2021-11-24,9.29,8.06,6.83,30.52,0.22,Neutro
2021-11-26,9.33,8.03,6.73,32.37,0.12,Neutro
2021-11-29,9.39,7.99,6.59,35.03,0.07,Neutro
2021-11-30,9.46,7.93,6.40,38.59,0.08,Neutro
2021-12-01,9.56,7.86,6.15,43.41,0.02,Neutro
2021-12-02,9.61,7.78,5.95,47.05,0.11,Neutro
2021-12-03,9.67,7.70,5.74,51.01,0.11,Neutro
2021-12-06,9.68,7.65,5.63,52.93,0.24,Neutro
2021-12-07,9.61,7.58,5.54,53.73,0.31,Neutro
2021-12-08,9.35,7.46,5.56,50.83,0.35,Neutro
2021-12-09,9.20,7.36,5.51,50.15,0.31,Neutro
2021-12-10,9.01,7.24,5.47,48.88,0.26,Neutro
2021-12-13,8.77,7.11,5.46,46.53,0.24,Neutro
2021-12-14,8.41,6.96,5.50,41.83,0.15,Neutro
2021-12-15,8.09,6.82,5.55,37.25,0.15,Neutro
2021-12-16,7.82,6.70,5.57,33.59,0.15,Neutro
2021-12-17,7.64,6.62,5.60,30.81,0.31,Neutro
2021-12-20,7.49,6.54,5.60,28.88,0.22,Neutro
2021-12-21,7.35,6.49,5.63,26.50,0.40,Neutro
2021-12-22,7.23,6.45,5.66,24.35,0.46,Neutro
2021-12-23,7.07,6.41,5.75,20.60,0.61,Neutro
2021-12-27,6.97,6.38,5.79,18.49,0.64,Neutro
2021-12-28,6.92,6.36,5.80,17.62,0.46,Neutro
2021-12-29,6.89,6.34,5.79,17.35,0.45,Neutro
2021-12-30,6.89,6.35,5.80,17.18,0.48,Neutro
2021-12-31,6.89,6.35,5.80,17.17,0.57,Neutro
2022-01-03,6.93,6.37,5.82,17.41,0.77,Neutro
2022-01-04,7.03,6.40,5.76,19.85,1.00,Sobrecomprado
2022-01-05,6.97,6.37,5.76,19.00,0.39,Neutro
2022-01-06,6.90,6.33,5.76,18.02,0.27,Neutro
2022-01-07,6.86,6.30,5.73,17.95,0.25,Neutro
2022-01-10,6.85,6.28,5.71,18.14,0.37,Neutro
2022-01-11,6.86,6.29,5.72,18.13,0.58,Neutro
2022-01-12,6.85,6.30,5.74,17.62,0.35,Neutro
2022-01-13,6.85,6.30,5.76,17.29,0.25,Neutro
2022-01-14,6.84,6.31,5.78,16.81,0.22,Neutro
2022-01-18,6.86,6.29,5.72,18.13,0.11,Neutro
2022-01-19,6.89,6.27,5.66,19.61,0.04,Neutro
2022-01-20,6.92,6.24,5.55,21.97,0.04,Neutro
2022-01-21,6.99,6.18,5.36,26.38,0.00,Sobrevendido
2022-01-24,7.00,6.12,5.23,28.94,0.03,Neutro
2022-01-25,7.00,6.05,5.10,31.40,0.07,Neutro
2022-01-26,7.03,5.98,4.93,35.10,0.02,Neutro
2022-01-27,7.09,5.90,4.71,40.33,0.00,Sobrevendido
2022-01-28,7.10,5.83,4.56,43.60,0.10,Neutro
2022-01-31,7.03,5.76,4.50,43.89,0.27,Neutro
2022-02-01,6.90,5.70,4.50,42.11,0.37,Neutro
2022-02-02,6.64,5.60,4.57,36.95,0.27,Neutro
2022-02-03,6.57,5.54,4.51,37.19,0.22,Neutro
2022-02-04,6.50,5.50,4.49,36.57,0.35,Neutro
2022-02-07,6.44,5.46,4.47,36.11,0.37,Neutro
2022-02-08,6.35,5.41,4.47,34.76,0.39,Neutro
2022-02-09,6.18,5.36,4.54,30.59,0.55,Neutro
2022-02-10,6.06,5.32,4.59,27.61,0.53,Neutro
2022-02-11,5.95,5.29,4.63,24.95,0.57,Neutro
2022-02-14,5.82,5.26,4.69,21.50,0.55,Neutro
2022-02-15,5.77,5.25,4.72,20.01,0.90,Neutro
2022-02-16,5.77,5.25,4.72,20.02,0.91,Neutro
2022-02-17,5.73,5.23,4.74,18.93,0.58,Neutro
2022-02-18,5.72,5.23,4.73,18.94,0.41,Neutro
2022-02-22,5.72,5.21,4.69,19.78,0.21,Neutro
2022-02-23,5.73,5.19,4.64,21.01,0.17,Neutro
2022-02-24,5.73,5.20,4.66,20.59,0.47,Neutro
2022-02-25,5.69,5.22,4.75,18.01,0.40,Neutro
2022-02-28,5.68,5.25,4.81,16.58,0.60,Neutro
2022-03-01,5.69,5.26,4.82,16.55,0.66,Neutro
2022-03-02,5.69,5.25,4.82,16.56,0.60,Neutro
2022-03-03,5.69,5.26,4.82,16.55,0.41,Neutro
2022-03-04,5.74,5.24,4.74,19.09,0.00,Sobrevendido
2022-03-07,5.87,5.19,4.50,26.40,0.00,Sobrevendido
2022-03-08,5.92,5.15,4.38,29.90,0.02,Neutro
2022-03-09,5.92,5.13,4.33,31.02,0.25,Neutro
2022-03-10,5.89,5.09,4.29,31.45,0.25,Neutro
2022-03-11,5.87,5.05,4.23,32.49,0.20,Neutro
2022-03-14,5.84,5.00,4.16,33.58,0.20,Neutro
2022-03-15,5.82,4.97,4.11,34.44,0.26,Neutro
2022-03-16,5.71,4.92,4.14,31.89,0.42,Neutro
2022-03-17,5.59,4.89,4.18,28.84,0.58,Neutro
2022-03-18,5.59,4.89,4.19,28.64,0.79,Neutro
2022-03-21,5.61,4.90,4.18,29.21,0.78,Neutro
2022-03-22,5.71,4.93,4.15,31.64,0.93,Neutro
2022-03-23,5.78,4.96,4.15,32.85,0.80,Neutro
2022-03-24,5.89,4.99,4.10,35.85,0.95,Neutro
2022-03-25,6.06,5.04,4.02,40.46,1.00,Sobrecomprado
2022-03-28,6.12,5.06,4.00,41.89,0.80,Neutro
2022-03-29,6.17,5.08,3.99,42.93,0.80,Neutro
2022-03-30,6.19,5.09,3.99,43.26,0.68,Neutro
2022-03-31,6.19,5.09,3.99,43.22,0.59,Neutro
2022-04-01,6.23,5.13,4.04,42.67,0.66,Neutro
2022-04-04,6.21,5.20,4.19,38.86,0.65,Neutro
2022-04-05,6.18,5.24,4.30,35.90,0.47,Neutro
2022-04-06,6.17,5.26,4.35,34.62,0.43,Neutro
2022-04-07,6.15,5.28,4.40,33.18,0.37,Neutro
2022-04-08,6.13,5.29,4.45,31.77,0.23,Neutro
2022-04-11,6.09,5.30,4.52,29.60,0.18,Neutro
2022-04-12,6.06,5.31,4.56,28.23,0.13,Neutro
2022-04-13,6.06,5.32,4.58,27.83,0.20,Neutro
2022-04-14,6.08,5.30,4.52,29.42,0.11,Neutro
2022-04-18,6.12,5.26,4.40,32.69,0.04,Neutro
2022-04-19,6.15,5.22,4.30,35.42,0.12,Neutro
2022-04-20,6.13,5.16,4.20,37.37,0.13,Neutro
2022-04-21,6.13,5.11,4.09,39.91,0.15,Neutro
2022-04-22,6.06,5.04,4.01,40.70,0.14,Neutro
2022-04-25,5.89,4.95,4.01,37.98,0.19,Neutro
2022-04-26,5.80,4.87,3.95,37.95,0.13,Neutro
2022-04-27,5.68,4.80,3.91,36.91,0.14,Neutro
2022-04-28,5.58,4.74,3.90,35.44,0.30,Neutro
2022-04-29,5.51,4.69,3.87,34.95,0.27,Neutro
2022-05-02,5.38,4.64,3.90,31.92,0.32,Neutro
2022-05-03,5.20,4.58,3.96,27.06,0.35,Neutro
2022-05-04,5.10,4.55,3.99,24.42,0.42,Neutro
2022-05-05,5.01,4.50,3.99,22.68,0.16,Neutro
2022-05-06,4.94,4.44,3.95,22.28,0.02,Neutro
2022-05-09,4.92,4.39,3.87,23.90,0.00,Sobrevendido
2022-05-10,4.99,4.32,3.65,31.01,0.00,Sobrevendido
2022-05-11,5.08,4.24,3.39,39.90,0.00,Sobrevendido
2022-05-12,5.08,4.15,3.22,44.85,0.00,Sobrevendido
2022-05-13,5.07,4.07,3.06,49.42,0.01,Neutro
2022-05-16,5.06,4.00,2.94,52.97,0.11,Neutro
2022-05-17,5.02,3.94,2.86,54.81,0.20,Neutro
2022-05-18,4.99,3.87,2.75,57.89,0.12,Neutro
2022-05-19,4.95,3.80,2.66,60.20,0.18,Neutro
2022-05-20,4.91,3.74,2.58,62.22,0.23,Neutro
2022-05-23,4.84,3.68,2.51,63.33,0.23,Neutro
2022-05-24,4.80,3.62,2.43,65.54,0.21,Neutro
2022-05-25,4.75,3.56,2.37,66.87,0.27,Neutro
2022-05-26,4.63,3.49,2.36,64.95,0.33,Neutro
2022-05-27,4.51,3.43,2.36,62.60,0.34,Neutro
2022-05-31,4.36,3.37,2.38,58.73,0.37,Neutro
2022-06-01,4.17,3.30,2.43,52.67,0.35,Neutro
2022-06-02,3.92,3.23,2.55,42.36,0.39,Neutro
2022-06-03,3.71,3.18,2.64,33.68,0.34,Neutro
2022-06-06,3.52,3.13,2.74,24.92,0.36,Neutro
2022-06-07,3.29,3.09,2.89,12.96,0.25,Neutro
2022-06-08,3.23,3.07,2.90,10.76,0.12,Neutro
2022-06-09,3.25,3.06,2.86,12.76,0.00,Sobrevendido
2022-06-10,3.27,3.04,2.81,15.13,0.00,Sobrevendido
2022-06-13,3.33,3.01,2.70,20.91,0.00,Sobrevendido
2022-06-14,3.35,2.98,2.61,24.82,0.00,Sobrevendido
2022-06-15,3.31,2.95,2.59,24.40,0.15,Neutro
2022-06-16,3.31,2.94,2.57,25.19,0.26,Neutro
2022-06-17,3.29,2.92,2.55,25.33,0.26,Neutro
2022-06-21,3.27,2.90,2.54,25.13,0.34,Neutro
2022-06-22,3.25,2.89,2.53,24.89,0.37,Neutro
2022-06-23,3.25,2.89,2.53,24.91,0.49,Neutro
2022-06-24,3.25,2.89,2.53,24.91,0.68,Neutro
2022-06-27,3.22,2.88,2.54,23.61,0.54,Neutro
2022-06-28,3.20,2.86,2.53,23.39,0.39,Neutro
2022-06-29,3.16,2.85,2.54,21.78,0.35,Neutro
2022-06-30,3.14,2.82,2.51,22.30,0.16,Neutro
2022-07-01,3.10,2.81,2.51,21.02,0.34,Neutro
2022-07-05,3.07,2.80,2.52,19.67,0.47,Neutro
2022-07-06,3.04,2.78,2.52,18.69,0.46,Neutro
2022-07-07,3.02,2.78,2.53,17.64,0.71,Neutro
2022-07-08,3.02,2.78,2.53,17.64,0.86,Neutro
2022-07-11,3.02,2.77,2.53,17.67,0.45,Neutro
2022-07-12,3.02,2.77,2.53,17.67,0.51,Neutro
2022-07-13,3.01,2.79,2.57,15.80,0.55,Neutro
2022-07-14,3.02,2.81,2.60,14.94,1.00,Sobrecomprado
2022-07-15,3.03,2.82,2.61,14.90,0.60,Neutro
2022-07-18,3.04,2.83,2.62,14.86,0.67,Neutro
2022-07-19,3.06,2.84,2.62,15.50,0.89,Neutro
2022-07-20,3.18,2.87,2.55,21.97,1.00,Sobrecomprado
2022-07-21,3.22,2.88,2.55,23.23,0.88,Neutro
2022-07-22,3.22,2.89,2.55,23.22,0.52,Neutro
2022-07-25,3.21,2.87,2.54,23.32,0.34,Neutro
2022-07-26,3.20,2.87,2.53,23.36,0.42,Neutro
2022-07-27,3.20,2.87,2.54,23.00,0.42,Neutro
2022-07-28,3.21,2.88,2.55,22.93,0.59,Neutro
2022-07-29,3.21,2.90,2.59,21.39,0.66,Neutro
2022-08-01,3.21,2.91,2.61,20.62,0.58,Neutro
2022-08-02,3.24,2.93,2.62,21.17,0.85,Neutro
2022-08-03,3.27,2.95,2.63,21.69,0.89,Neutro
2022-08-04,3.30,2.97,2.63,22.59,0.81,Neutro
2022-08-05,3.32,2.98,2.63,23.18,0.80,Neutro
2022-08-08,3.33,3.00,2.66,22.36,0.70,Neutro
2022-08-09,3.33,3.00,2.67,22.00,0.27,Neutro
2022-08-10,3.32,3.00,2.68,21.31,0.33,Neutro
2022-08-11,3.32,2.99,2.67,21.71,0.26,Neutro
2022-08-12,3.32,3.00,2.68,21.34,0.44,Neutro
2022-08-15,3.32,3.00,2.69,20.97,0.52,Neutro
2022-08-16,3.32,3.00,2.68,21.33,0.37,Neutro
2022-08-17,3.26,2.97,2.68,19.52,0.17,Neutro
2022-08-18,3.25,2.95,2.66,19.98,0.17,Neutro
2022-08-19,3.27,2.94,2.61,22.46,0.02,Neutro
2022-08-22,3.28,2.93,2.59,23.53,0.09,Neutro
2022-08-23,3.29,2.92,2.56,24.97,0.10,Neutro
2022-08-24,3.29,2.92,2.55,25.35,0.26,Neutro
2022-08-25,3.29,2.91,2.54,25.75,0.35,Neutro
2022-08-26,3.28,2.90,2.52,26.21,0.29,Neutro
2022-08-29,3.28,2.89,2.50,27.00,0.32,Neutro
2022-08-30,3.24,2.86,2.49,26.18,0.23,Neutro
2022-08-31,3.19,2.84,2.48,25.03,0.24,Neutro
2022-09-01,3.14,2.81,2.47,23.86,0.16,Neutro
2022-09-02,3.08,2.78,2.47,21.97,0.15,Neutro
2022-09-06,3.03,2.74,2.46,20.77,0.07,Neutro
2022-09-07,3.02,2.73,2.44,21.26,0.14,Neutro
2022-09-08,3.01,2.71,2.41,22.15,0.15,Neutro
2022-09-09,2.99,2.70,2.40,21.89,0.29,Neutro
2022-09-12,2.95,2.68,2.40,20.55,0.35,Neutro
2022-09-13,2.89,2.65,2.41,18.12,0.13,Neutro
2022-09-14,2.84,2.63,2.42,15.98,0.21,Neutro
2022-09-15,2.82,2.61,2.41,15.68,0.17,Neutro
2022-09-16,2.81,2.60,2.38,16.56,0.07,Neutro
2022-09-19,2.84,2.58,2.32,20.16,0.00,Sobrevendido
2022-09-20,2.86,2.56,2.25,23.86,0.00,Sobrevendido
2022-09-21,2.89,2.53,2.17,28.45,0.00,Sobrevendido
2022-09-22,2.91,2.50,2.08,33.27,0.00,Sobrevendido
2022-09-23,2.91,2.45,1.99,37.54,0.00,Sobrevendido
2022-09-26,2.91,2.41,1.91,41.52,0.00,Sobrevendido
2022-09-27,2.88,2.37,1.85,43.48,0.11,Neutro
2022-09-28,2.86,2.34,1.82,44.52,0.17,Neutro
2022-09-29,2.83,2.30,1.77,46.11,0.13,Neutro
2022-09-30,2.81,2.27,1.72,48.11,0.17,Neutro
2022-10-03,2.77,2.24,1.70,47.84,0.26,Neutro
2022-10-04,2.74,2.22,1.70,46.86,0.44,Neutro
2022-10-05,2.70,2.20,1.69,45.96,0.39,Neutro
2022-10-06,2.69,2.19,1.70,45.17,0.69,Neutro
2022-10-07,2.63,2.17,1.70,42.95,0.38,Neutro
2022-10-10,2.56,2.14,1.71,39.79,0.34,Neutro
2022-10-11,2.51,2.11,1.71,37.90,0.33,Neutro
2022-10-12,2.44,2.09,1.73,34.04,0.38,Neutro
2022-10-13,2.36,2.06,1.76,29.11,0.38,Neutro
2022-10-14,2.30,2.04,1.78,25.50,0.37,Neutro
2022-10-17,2.26,2.03,1.80,22.70,0.50,Neutro
2022-10-18,2.23,2.02,1.80,21.32,0.47,Neutro
2022-10-19,2.22,2.01,1.79,21.41,0.33,Neutro
2022-10-20,2.22,2.00,1.78,21.97,0.32,Neutro
2022-10-21,2.22,2.01,1.79,21.42,0.51,Neutro
2022-10-24,2.22,2.01,1.80,20.90,0.36,Neutro
2022-10-25,2.23,2.02,1.80,21.31,0.74,Neutro
2022-10-26,2.25,2.02,1.80,22.22,0.76,Neutro
2022-10-27,2.25,2.03,1.82,21.15,0.58,Neutro
2022-10-28,2.25,2.04,1.83,20.58,0.57,Neutro
2022-10-31,2.26,2.05,1.84,20.49,0.76,Neutro
2022-11-01,2.26,2.05,1.84,20.48,0.79,Neutro
2022-11-02,2.26,2.05,1.83,21.00,0.44,Neutro
2022-11-03,2.18,2.03,1.89,14.27,0.66,Neutro
2022-11-04,2.19,2.03,1.88,15.23,0.71,Neutro
2022-11-07,2.19,2.04,1.89,14.72,0.57,Neutro
2022-11-08,2.20,2.03,1.86,16.74,0.00,Sobrevendido
2022-11-09,2.22,2.02,1.82,19.78,0.00,Sobrevendido
2022-11-10,2.22,2.02,1.82,19.78,0.45,Neutro
2022-11-11,2.25,2.03,1.82,21.13,0.93,Neutro
2022-11-14,2.27,2.04,1.82,22.02,0.87,Neutro
2022-11-15,2.30,2.06,1.81,23.84,0.86,Neutro
2022-11-16,2.30,2.07,1.83,22.75,0.64,Neutro
2022-11-17,2.31,2.08,1.85,22.15,0.65,Neutro
2022-11-18,2.33,2.09,1.85,22.96,0.90,Neutro
2022-11-21,2.33,2.10,1.86,22.39,0.55,Neutro
2022-11-22,2.33,2.10,1.86,22.42,0.45,Neutro
2022-11-23,2.33,2.10,1.86,22.43,0.55,Neutro
2022-11-25,2.33,2.10,1.86,22.41,0.53,Neutro
2022-11-28,2.33,2.09,1.85,22.93,0.29,Neutro
2022-11-29,2.33,2.08,1.84,23.51,0.29,Neutro
2022-11-30,2.32,2.08,1.83,23.61,0.31,Neutro
2022-12-01,2.32,2.08,1.84,23.08,0.56,Neutro
2022-12-02,2.33,2.08,1.84,23.53,0.61,Neutro
2022-12-05,2.32,2.08,1.83,23.58,0.37,Neutro
2022-12-06,2.34,2.07,1.80,26.14,0.04,Neutro
2022-12-07,2.35,2.06,1.78,27.64,0.00,Sobrevendido
2022-12-08,2.36,2.06,1.76,29.15,0.00,Sobrevendido
2022-12-09,2.39,2.04,1.70,33.78,0.00,Sobrevendido
2022-12-12,2.38,2.02,1.65,36.21,0.05,Neutro
2022-12-13,2.38,1.99,1.59,39.75,0.06,Neutro
2022-12-14,2.37,1.96,1.54,42.44,0.06,Neutro
2022-12-15,2.38,1.92,1.47,47.30,0.03,Neutro
2022-12-16,2.36,1.89,1.43,49.10,0.13,Neutro
2022-12-19,2.33,1.85,1.38,51.31,0.05,Neutro
2022-12-20,2.31,1.82,1.32,54.55,0.07,Neutro
2022-12-21,2.30,1.78,1.27,57.80,0.14,Neutro
2022-12-22,2.27,1.74,1.22,60.24,0.11,Neutro
2022-12-23,2.23,1.70,1.17,62.28,0.11,Neutro
2022-12-27,2.22,1.66,1.11,66.69,0.12,Neutro
2022-12-28,2.19,1.63,1.06,69.43,0.16,Neutro
2022-12-29,2.15,1.59,1.04,69.64,0.24,Neutro
2022-12-30,2.06,1.56,1.05,64.93,0.29,Neutro
2023-01-03,1.95,1.52,1.08,57.39,0.31,Neutro
2023-01-04,1.86,1.49,1.12,49.73,0.45,Neutro
2023-01-05,1.80,1.47,1.14,44.94,0.44,Neutro
2023-01-06,1.76,1.45,1.15,42.01,0.46,Neutro
2023-01-09,1.71,1.43,1.16,38.34,0.42,Neutro
2023-01-10,1.67,1.42,1.17,35.20,0.46,Neutro
2023-01-11,1.62,1.41,1.20,29.80,0.64,Neutro
2023-01-12,1.60,1.40,1.21,27.76,0.87,Neutro
2023-01-13,1.59,1.40,1.22,26.38,0.86,Neutro
2023-01-17,1.62,1.41,1.20,29.79,1.00,Sobrecomprado
2023-01-18,1.63,1.41,1.20,30.49,0.84,Neutro
2023-01-19,1.64,1.42,1.19,31.78,0.78,Neutro
2023-01-20,1.67,1.43,1.19,33.64,0.88,Neutro
2023-01-23,1.70,1.44,1.18,36.10,0.96,Neutro
2023-01-24,1.73,1.45,1.18,37.81,0.80,Neutro
2023-01-25,1.73,1.47,1.21,35.48,0.58,Neutro
2023-01-26,1.79,1.45,1.12,46.18,0.00,Sobrevendido
2023-01-27,1.82,1.44,1.05,53.55,0.00,Sobrevendido
2023-01-30,1.85,1.42,1.00,59.73,0.01,Neutro
2023-01-31,1.86,1.41,0.96,63.83,0.13,Neutro
2023-02-01,1.87,1.40,0.93,67.17,0.22,Neutro
2023-02-02,1.86,1.39,0.91,68.54,0.28,Neutro
2023-02-03,1.86,1.37,0.88,71.40,0.29,Neutro
2023-02-06,1.86,1.36,0.86,73.58,0.30,Neutro
2023-02-07,1.85,1.35,0.85,74.16,0.33,Neutro
2023-02-08,1.85,1.34,0.83,76.35,0.31,Neutro
2023-02-09,1.83,1.32,0.80,78.21,0.28,Neutro
2023-02-10,1.81,1.29,0.78,79.63,0.29,Neutro
2023-02-13,1.78,1.27,0.76,80.28,0.31,Neutro
2023-02-14,1.72,1.24,0.76,77.26,0.34,Neutro
2023-02-15,1.68,1.22,0.76,75.47,0.36,Neutro
2023-02-16,1.64,1.19,0.75,74.51,0.34,Neutro
2023-02-17,1.57,1.17,0.77,68.58,0.35,Neutro
2023-02-21,1.46,1.13,0.81,57.34,0.32,Neutro
2023-02-22,1.34,1.10,0.87,42.57,0.34,Neutro
2023-02-23,1.21,1.08,0.94,25.03,0.22,Neutro
2023-02-24,1.21,1.08,0.95,24.09,0.08,Neutro
2023-02-27,1.22,1.08,0.94,25.99,0.00,Neutro
2023-02-28,1.22,1.08,0.94,25.97,0.29,Neutro
2023-03-01,1.22,1.07,0.93,27.03,0.17,Neutro
2023-03-02,1.21,1.07,0.92,27.19,0.31,Neutro
2023-03-03,1.19,1.06,0.92,25.51,0.37,Neutro
2023-03-06,1.18,1.05,0.92,24.74,0.35,Neutro
2023-03-07,1.16,1.04,0.92,23.03,0.25,Neutro
2023-03-08,1.14,1.03,0.92,21.34,0.18,Neutro
2023-03-09,1.12,1.02,0.92,19.62,0.00,Neutro
2023-03-10,1.12,1.01,0.90,21.77,0.05,Neutro
2023-03-13,1.12,1.00,0.89,22.97,0.04,Neutro
2023-03-14,1.11,0.99,0.88,23.16,0.13,Neutro
2023-03-15,1.10,0.98,0.86,24.44,0.04,Neutro
2023-03-16,1.08,0.97,0.86,22.60,0.27,Neutro
2023-03-17,1.07,0.97,0.87,20.65,0.40,Neutro
2023-03-20,1.07,0.96,0.85,22.94,0.05,Neutro
2023-03-21,1.06,0.95,0.85,22.02,0.29,Neutro
2023-03-22,1.05,0.95,0.84,22.21,0.14,Neutro
2023-03-23,1.05,0.94,0.83,23.47,0.05,Neutro
2023-03-24,1.05,0.93,0.81,25.78,0.12,Neutro
2023-03-27,1.05,0.92,0.79,28.12,0.08,Neutro
2023-03-28,1.05,0.91,0.78,29.56,0.07,Neutro
2023-03-29,1.04,0.90,0.77,29.83,0.15,Neutro
2023-03-30,1.03,0.90,0.77,29.02,0.23,Neutro
2023-03-31,1.01,0.89,0.77,27.07,0.25,Neutro
2023-04-03,0.99,0.87,0.76,26.30,0.04,Neutro
2023-04-04,0.98,0.86,0.75,26.60,0.13,Neutro
2023-04-05,0.97,0.85,0.74,26.93,0.04,Neutro
2023-04-06,0.96,0.85,0.73,27.15,0.22,Neutro
2023-04-10,0.95,0.84,0.73,26.17,0.23,Neutro
2023-04-11,0.95,0.84,0.73,26.30,0.41,Neutro
2023-04-12,0.94,0.83,0.72,26.47,0.36,Neutro
2023-04-13,0.93,0.83,0.72,25.32,0.57,Neutro
2023-04-14,0.92,0.82,0.73,23.03,0.53,Neutro
2023-04-17,0.90,0.82,0.74,19.51,0.69,Neutro
2023-04-18,0.89,0.82,0.74,18.35,0.47,Neutro
2023-04-19,0.87,0.81,0.75,14.78,0.42,Neutro
2023-04-20,0.86,0.81,0.75,13.62,0.27,Neutro
2023-04-21,0.86,0.80,0.75,13.67,0.27,Neutro
2023-04-24,0.86,0.80,0.74,15.00,0.08,Neutro
2023-04-25,0.87,0.79,0.72,18.88,0.00,Sobrevendido
2023-04-26,0.88,0.79,0.70,22.83,0.00,Sobrevendido
2023-04-27,0.88,0.78,0.69,24.25,0.11,Neutro
2023-04-28,0.87,0.78,0.69,23.06,0.44,Neutro
2023-05-01,0.87,0.78,0.69,23.15,0.44,Neutro
2023-05-02,0.87,0.78,0.69,23.20,0.28,Neutro
2023-05-03,0.87,0.77,0.68,24.56,0.26,Neutro
2023-05-04,0.87,0.77,0.68,24.56,0.37,Neutro
2023-05-05,0.87,0.77,0.68,24.58,0.47,Neutro
2023-05-08,0.86,0.77,0.68,23.35,0.33,Neutro
2023-05-09,0.86,0.77,0.68,23.42,0.50,Neutro
2023-05-10,0.86,0.77,0.68,23.50,0.39,Neutro
2023-05-11,0.85,0.76,0.67,23.68,0.28,Neutro
2023-05-12,0.83,0.76,0.68,19.85,0.40,Neutro
2023-05-15,0.82,0.75,0.68,18.68,0.36,Neutro
2023-05-16,0.81,0.74,0.68,17.50,0.00,Neutro
2023-05-17,0.80,0.74,0.67,17.62,0.23,Neutro
2023-05-18,0.80,0.73,0.67,17.75,0.00,Neutro
2023-05-19,0.79,0.73,0.66,17.87,0.15,Neutro
2023-05-22,0.79,0.73,0.66,17.89,0.54,Neutro
2023-05-23,0.79,0.73,0.66,17.86,0.54,Neutro
2023-05-24,0.79,0.73,0.67,16.40,0.67,Neutro
2023-05-25,0.79,0.73,0.67,16.40,0.33,Neutro
2023-05-26,0.79,0.73,0.67,16.47,0.33,Neutro
2023-05-30,0.79,0.72,0.65,19.39,0.00,Sobrevendido
2023-05-31,0.80,0.71,0.63,23.79,0.00,Sobrevendido
2023-06-01,0.81,0.71,0.60,29.70,0.00,Sobrevendido
2023-06-02,0.82,0.70,0.58,34.36,0.00,Neutro
2023-06-05,0.81,0.69,0.57,34.81,0.08,Neutro
2023-06-06,0.81,0.69,0.57,34.96,0.46,Neutro
2023-06-07,0.80,0.68,0.57,33.63,0.65,Neutro
2023-06-08,0.79,0.68,0.57,32.28,0.59,Neutro
2023-06-09,0.79,0.68,0.57,32.33,0.59,Neutro
2023-06-12,0.78,0.68,0.57,31.00,0.52,Neutro
2023-06-13,0.78,0.68,0.57,31.11,0.52,Neutro
2023-06-14,0.78,0.67,0.57,31.23,0.29,Neutro
2023-06-15,0.78,0.67,0.57,31.30,0.48,Neutro
2023-06-16,0.78,0.67,0.57,31.27,0.52,Neutro
2023-06-20,0.78,0.67,0.57,31.25,0.57,Neutro
2023-06-21,0.77,0.67,0.57,29.87,0.55,Neutro
2023-06-22,0.76,0.67,0.57,28.55,0.42,Neutro
2023-06-23,0.75,0.66,0.56,28.90,0.16,Neutro
2023-06-26,0.75,0.65,0.56,29.05,0.42,Neutro
2023-06-27,0.74,0.65,0.55,29.32,0.21,Neutro
2023-06-28,0.74,0.65,0.55,29.43,0.21,Neutro
2023-06-29,0.74,0.64,0.55,29.46,0.16,Neutro
2023-06-30,0.74,0.65,0.55,29.41,0.26,Neutro
2023-07-03,0.74,0.65,0.56,27.73,0.44,Neutro
2023-07-05,0.74,0.65,0.56,27.65,0.39,Neutro
2023-07-06,0.74,0.64,0.55,29.46,0.05,Neutro
2023-07-07,0.73,0.64,0.55,28.12,0.39,Neutro
2023-07-10,0.72,0.64,0.55,26.77,0.29,Neutro
2023-07-11,0.71,0.63,0.55,25.26,0.75,Neutro
2023-07-12,0.71,0.63,0.55,25.36,0.50,Neutro
2023-07-13,0.70,0.63,0.55,23.85,0.60,Neutro
2023-07-14,0.70,0.63,0.55,23.87,0.47,Neutro
2023-07-17,0.70,0.62,0.55,24.02,0.27,Neutro
2023-07-18,0.69,0.62,0.55,22.53,0.50,Neutro
2023-07-19,0.68,0.62,0.56,19.40,0.58,Neutro
2023-07-20,0.67,0.61,0.56,17.90,0.36,Neutro
2023-07-21,0.66,0.61,0.56,16.34,0.40,Neutro
2023-07-24,0.67,0.61,0.56,17.90,0.73,Neutro
2023-07-25,0.66,0.61,0.56,16.34,0.30,Neutro
2023-07-26,0.66,0.61,0.56,16.31,0.50,Neutro
2023-07-27,0.67,0.61,0.56,17.96,0.18,Neutro
2023-07-28,0.66,0.61,0.56,16.27,0.60,Neutro
2023-07-31,0.67,0.62,0.57,16.23,0.60,Neutro
2023-08-01,0.66,0.62,0.57,14.63,0.56,Neutro
2023-08-02,0.66,0.61,0.56,16.31,0.30,Neutro
2023-08-03,0.66,0.61,0.57,14.66,0.11,Neutro
2023-08-04,0.66,0.61,0.56,16.37,0.00,Neutro
2023-08-07,0.66,0.61,0.56,16.39,0.20,Neutro
2023-08-08,0.65,0.61,0.56,14.83,0.56,Neutro
2023-08-09,0.67,0.61,0.55,19.67,1.00,Sobrecomprado
2023-08-10,0.68,0.61,0.54,22.84,1.00,Sobrecomprado
2023-08-11,0.75,0.62,0.50,40.03,1.00,Sobrecomprado
2023-08-14,0.84,0.64,0.45,60.65,1.00,Sobrecomprado
2023-08-15,0.89,0.66,0.43,69.86,1.00,Sobrecomprado
2023-08-16,0.91,0.67,0.42,73.35,0.82,Neutro
2023-08-17,0.95,0.68,0.42,77.54,0.92,Neutro
2023-08-18,0.98,0.70,0.42,79.94,0.93,Neutro
2023-08-21,1.01,0.71,0.42,82.63,0.83,Neutro
2023-08-22,1.02,0.73,0.43,81.16,0.71,Neutro
2023-08-23,1.04,0.74,0.44,81.03,0.73,Neutro
2023-08-24,1.04,0.75,0.46,77.13,0.60,Neutro
2023-08-25,1.04,0.76,0.47,75.10,0.51,Neutro
2023-08-28,1.04,0.77,0.49,71.85,0.49,Neutro
2023-08-29,1.04,0.77,0.50,69.86,0.50,Neutro
2023-08-30,1.05,0.79,0.53,66.07,0.65,Neutro
2023-08-31,1.04,0.80,0.56,59.85,0.67,Neutro
2023-09-01,1.03,0.82,0.60,52.54,0.67,Neutro
2023-09-05,1.03,0.84,0.65,45.43,0.76,Neutro
2023-09-06,1.01,0.85,0.69,37.60,0.66,Neutro
2023-09-07,1.00,0.86,0.72,32.52,0.61,Neutro
2023-09-08,0.99,0.87,0.75,27.54,0.67,Neutro
2023-09-11,1.03,0.88,0.74,32.88,1.00,Sobrecomprado
2023-09-12,1.03,0.88,0.74,32.88,0.76,Neutro
2023-09-13,1.03,0.88,0.74,32.86,0.69,Neutro
2023-09-14,1.04,0.89,0.74,33.67,0.83,Neutro
2023-09-15,1.06,0.90,0.74,35.71,0.84,Neutro
2023-09-18,1.05,0.89,0.73,35.77,0.56,Neutro
2023-09-19,1.05,0.89,0.73,35.83,0.47,Neutro
2023-09-20,1.06,0.90,0.74,35.69,0.56,Neutro
2023-09-21,1.05,0.90,0.74,34.60,0.42,Neutro
2023-09-22,1.05,0.90,0.75,33.31,0.50,Neutro
2023-09-25,1.05,0.91,0.77,30.85,0.46,Neutro
2023-09-26,1.04,0.91,0.79,27.40,0.28,Neutro
2023-09-27,1.02,0.92,0.81,22.88,0.33,Neutro
2023-09-28,1.03,0.92,0.81,24.02,0.09,Neutro
2023-09-29,1.03,0.91,0.79,26.32,0.04,Neutro
2023-10-02,1.05,0.90,0.76,32.08,0.00,Sobrevendido
2023-10-03,1.06,0.89,0.73,36.95,0.00,Sobrevendido
2023-10-04,1.06,0.89,0.71,39.48,0.17,Neutro
2023-10-05,1.06,0.88,0.70,40.86,0.22,Neutro
2023-10-06,1.06,0.88,0.69,42.29,0.27,Neutro
2023-10-09,1.03,0.86,0.69,39.56,0.18,Neutro
2023-10-10,1.02,0.85,0.68,39.95,0.32,Neutro
2023-10-11,1.01,0.84,0.68,39.15,0.30,Neutro
2023-10-12,0.98,0.83,0.68,36.08,0.27,Neutro
2023-10-13,0.95,0.82,0.69,31.73,0.31,Neutro
2023-10-16,0.94,0.81,0.69,30.73,0.40,Neutro
2023-10-17,0.93,0.81,0.69,29.67,0.42,Neutro
2023-10-18,0.91,0.80,0.69,27.53,0.14,Neutro
2023-10-19,0.90,0.79,0.68,27.78,0.23,Neutro
2023-10-20,0.89,0.78,0.68,26.80,0.24,Neutro
2023-10-23,0.86,0.78,0.69,21.94,0.24,Neutro
2023-10-24,0.85,0.77,0.69,20.78,0.44,Neutro
2023-10-25,0.83,0.76,0.70,17.06,0.15,Neutro
2023-10-26,0.82,0.76,0.69,17.21,0.08,Neutro
2023-10-27,0.81,0.75,0.69,16.00,0.00,Neutro
2023-10-30,0.82,0.75,0.68,18.73,0.00,Neutro
2023-10-31,0.82,0.75,0.68,18.73,0.29,Neutro
2023-11-01,0.82,0.74,0.67,20.16,0.20,Neutro
2023-11-02,0.81,0.74,0.67,18.87,0.50,Neutro
2023-11-03,0.81,0.74,0.67,18.92,0.57,Neutro
2023-11-06,0.81,0.74,0.67,18.92,0.57,Neutro
2023-11-07,0.80,0.74,0.67,17.59,0.77,Neutro
2023-11-08,0.80,0.74,0.67,17.66,0.38,Neutro
2023-11-09,0.80,0.73,0.66,19.14,0.07,Neutro
2023-11-10,0.80,0.73,0.65,20.66,0.07,Neutro
2023-11-13,0.79,0.72,0.65,19.47,0.00,Neutro
2023-11-14,0.79,0.72,0.65,19.51,0.79,Neutro
2023-11-15,0.79,0.72,0.65,19.44,0.86,Neutro
2023-11-16,0.80,0.72,0.65,20.79,0.73,Neutro
2023-11-17,0.80,0.72,0.65,20.73,0.80,Neutro
2023-11-20,0.82,0.73,0.64,24.73,1.00,Neutro
2023-11-21,0.82,0.73,0.64,24.69,0.78,Neutro
2023-11-22,0.84,0.73,0.63,28.59,0.95,Neutro
2023-11-24,0.86,0.74,0.62,32.28,1.00,Sobrecomprado
2023-11-27,0.87,0.75,0.63,32.00,0.79,Neutro
2023-11-28,0.87,0.76,0.64,30.42,0.70,Neutro
2023-11-29,0.88,0.76,0.64,31.54,0.75,Neutro
2023-11-30,0.88,0.77,0.65,30.05,0.61,Neutro
2023-12-01,0.89,0.77,0.65,31.17,0.75,Neutro
2023-12-04,0.90,0.78,0.65,32.26,0.80,Neutro
2023-12-05,0.90,0.78,0.65,32.11,0.68,Neutro
2023-12-06,0.91,0.78,0.65,33.29,0.65,Neutro
2023-12-07,0.91,0.79,0.66,31.81,0.64,Neutro
2023-12-08,0.90,0.79,0.68,27.78,0.50,Neutro
2023-12-11,0.89,0.80,0.70,23.82,0.37,Neutro
2023-12-12,0.87,0.80,0.73,17.45,0.14,Neutro
2023-12-13,0.87,0.80,0.74,16.18,0.31,Neutro
2023-12-14,0.87,0.80,0.74,16.18,0.23,Neutro
2023-12-15,0.87,0.80,0.74,16.17,0.23,Neutro
2023-12-18,0.87,0.80,0.74,16.18,0.15,Neutro
2023-12-19,0.87,0.80,0.73,17.49,0.21,Neutro
2023-12-20,0.88,0.80,0.72,20.08,0.00,Sobrevendido
2023-12-21,0.87,0.79,0.71,20.20,0.13,Neutro
2023-12-22,0.86,0.79,0.71,19.07,0.40,Neutro
2023-12-26,0.86,0.79,0.71,19.08,0.67,Neutro
2023-12-27,0.86,0.79,0.71,19.10,0.53,Neutro
2023-12-28,0.85,0.78,0.72,16.57,0.62,Neutro
2023-12-29,0.85,0.78,0.71,17.88,0.36,Neutro
2024-01-02,0.85,0.78,0.71,17.96,0.36,Neutro
2024-01-03,0.83,0.78,0.72,14.18,0.45,Neutro
2024-01-04,0.83,0.77,0.72,14.20,0.73,Neutro
2024-01-05,0.83,0.77,0.72,14.23,0.64,Neutro
2024-01-08,0.83,0.77,0.72,14.22,1.00,Neutro
2024-01-09,0.83,0.77,0.72,14.22,0.64,Neutro
2024-01-10,0.83,0.77,0.72,14.21,0.55,Neutro
2024-01-11,0.83,0.78,0.72,14.17,0.73,Neutro
2024-01-12,0.84,0.78,0.72,15.40,0.92,Neutro
2024-01-16,0.86,0.78,0.71,19.12,1.00,Sobrecomprado
2024-01-17,0.88,0.79,0.70,22.78,1.00,Neutro
2024-01-18,0.88,0.79,0.71,21.40,0.82,Neutro
2024-01-19,0.89,0.80,0.71,22.54,0.72,Neutro
2024-01-22,0.89,0.81,0.72,21.09,0.82,Neutro
2024-01-23,0.89,0.81,0.74,18.48,0.67,Neutro
2024-01-24,0.89,0.81,0.74,18.42,0.60,Neutro
2024-01-25,0.89,0.82,0.74,18.37,0.73,Neutro
2024-01-26,0.90,0.82,0.74,19.51,0.75,Neutro
2024-01-29,0.90,0.82,0.74,19.42,0.87,Neutro
2024-01-30,0.91,0.83,0.75,19.29,0.75,Neutro
2024-01-31,0.90,0.83,0.76,16.79,0.64,Neutro
2024-02-01,0.91,0.84,0.77,16.67,0.86,Neutro
2024-02-02,0.91,0.84,0.78,15.43,0.54,Neutro
2024-02-05,0.90,0.84,0.79,13.02,0.45,Neutro
2024-02-06,0.91,0.85,0.79,14.18,0.50,Neutro
2024-02-07,0.90,0.85,0.79,12.99,0.18,Neutro
2024-02-08,0.90,0.85,0.80,11.79,0.00,Neutro
2024-02-09,0.90,0.85,0.79,12.98,0.00,Neutro
2024-02-12,0.91,0.84,0.78,15.38,0.00,Neutro
2024-02-13,0.91,0.84,0.77,16.67,0.07,Neutro
2024-02-14,0.90,0.84,0.77,15.55,0.23,Neutro
2024-02-15,0.90,0.84,0.77,15.56,0.54,Neutro
2024-02-16,0.90,0.84,0.77,15.54,0.69,Neutro
2024-02-20,0.90,0.83,0.77,15.59,0.31,Neutro
2024-02-21,0.90,0.83,0.77,15.62,0.31,Neutro
2024-02-22,0.90,0.83,0.76,16.86,0.21,Neutro
2024-02-23,0.90,0.83,0.76,16.91,0.29,Neutro
2024-02-26,0.89,0.82,0.75,16.99,0.21,Neutro
2024-02-27,0.89,0.82,0.75,17.08,0.29,Neutro
2024-02-28,0.88,0.81,0.74,17.21,0.07,Neutro
2024-02-29,0.88,0.81,0.74,17.32,0.07,Neutro
2024-03-01,0.87,0.80,0.74,16.21,0.15,Neutro
2024-03-04,0.86,0.80,0.73,16.32,0.08,Neutro
2024-03-05,0.86,0.79,0.72,17.70,0.07,Neutro
2024-03-06,0.85,0.78,0.72,16.56,0.08,Neutro
2024-03-07,0.85,0.78,0.71,17.94,0.07,Neutro
2024-03-08,0.85,0.78,0.70,19.32,0.13,Neutro
2024-03-11,0.85,0.77,0.69,20.69,0.25,Neutro
2024-03-12,0.85,0.77,0.69,20.74,0.31,Neutro
2024-03-13,0.85,0.77,0.68,22.15,0.12,Neutro
2024-03-14,0.85,0.76,0.67,23.62,0.11,Neutro
2024-03-15,0.84,0.76,0.67,22.46,0.41,Neutro
2024-03-18,0.84,0.76,0.67,22.46,1.00,Sobrecomprado
2024-03-19,0.87,0.76,0.66,27.58,1.00,Sobrecomprado
2024-03-20,0.92,0.77,0.63,37.64,1.00,Sobrecomprado
2024-03-21,0.94,0.78,0.61,42.39,1.00,Sobrecomprado
2024-03-22,0.99,0.79,0.59,50.63,1.00,Sobrecomprado
2024-03-25,1.04,0.80,0.57,58.46,1.00,Sobrecomprado
2024-03-26,1.12,0.83,0.53,71.47,1.00,Sobrecomprado
2024-03-27,1.22,0.85,0.49,85.48,1.00,Sobrecomprado
2024-03-28,1.28,0.88,0.48,91.06,0.95,Neutro
2024-04-01,1.37,0.91,0.45,101.15,1.00,Sobrecomprado
2024-04-02,1.44,0.94,0.44,106.04,0.97,Neutro
2024-04-03,1.53,0.98,0.43,112.07,0.97,Neutro
2024-04-04,1.58,1.01,0.45,111.33,0.84,Neutro
2024-04-05,1.61,1.05,0.48,107.93,0.78,Neutro
2024-04-08,1.63,1.08,0.52,103.26,0.68,Neutro
2024-04-09,1.64,1.10,0.57,97.10,0.65,Neutro
2024-04-10,1.66,1.14,0.61,92.51,0.75,Neutro
2024-04-11,1.66,1.17,0.68,83.90,0.69,Neutro
2024-04-12,1.63,1.20,0.76,72.68,0.59,Neutro
2024-04-15,1.62,1.23,0.84,63.44,0.71,Neutro
2024-04-16,1.60,1.25,0.91,55.13,0.57,Neutro
2024-04-17,1.57,1.27,0.96,48.15,0.41,Neutro
2024-04-18,1.56,1.28,1.00,43.78,0.41,Neutro
2024-04-19,1.53,1.30,1.07,35.44,0.57,Neutro
2024-04-22,1.50,1.31,1.11,29.84,0.26,Neutro
2024-04-23,1.48,1.32,1.16,24.20,0.66,Neutro
2024-04-24,1.48,1.33,1.17,23.35,0.48,Neutro
2024-04-25,1.48,1.32,1.17,23.40,0.32,Neutro
2024-04-26,1.48,1.33,1.18,22.54,0.60,Neutro
2024-04-29,1.48,1.33,1.18,22.60,0.43,Neutro
2024-04-30,1.51,1.33,1.16,26.25,1.00,Sobrecomprado
2024-05-01,1.48,1.32,1.17,23.40,0.52,Neutro
2024-05-02,1.47,1.32,1.17,22.73,0.43,Neutro
2024-05-03,1.47,1.32,1.17,22.74,0.57,Neutro
2024-05-06,1.47,1.32,1.16,23.56,0.19,Neutro
2024-05-07,1.47,1.31,1.15,24.38,0.16,Neutro
2024-05-08,1.46,1.31,1.15,23.75,0.35,Neutro
2024-05-09,1.46,1.30,1.15,23.79,0.52,Neutro
2024-05-10,1.46,1.30,1.15,23.80,0.35,Neutro
2024-05-13,1.45,1.30,1.15,23.11,0.50,Neutro
2024-05-14,1.45,1.30,1.15,23.10,0.53,Neutro
2024-05-15,1.45,1.31,1.16,22.21,0.66,Neutro
2024-05-16,1.46,1.31,1.17,22.10,0.69,Neutro
2024-05-17,1.45,1.31,1.16,22.15,0.34,Neutro
2024-05-20,1.45,1.31,1.17,21.33,0.39,Neutro
2024-05-21,1.45,1.31,1.17,21.43,0.29,Neutro
2024-05-22,1.45,1.30,1.16,22.29,0.17,Neutro
2024-05-23,1.45,1.30,1.14,23.94,0.03,Neutro
2024-05-24,1.45,1.29,1.12,25.65,0.21,Neutro
2024-05-28,1.45,1.28,1.11,26.56,0.21,Neutro
2024-05-29,1.39,1.26,1.13,20.61,0.12,Neutro
2024-05-30,1.39,1.25,1.12,21.54,0.19,Neutro
2024-05-31,1.38,1.25,1.11,21.63,0.30,Neutro
2024-06-03,1.37,1.24,1.10,21.83,0.07,Neutro
2024-06-04,1.39,1.23,1.07,26.03,0.00,Neutro
2024-06-05,1.40,1.22,1.05,28.63,0.03,Neutro
2024-06-06,1.40,1.21,1.02,31.35,0.08,Neutro
2024-06-07,1.40,1.20,1.00,33.38,0.10,Neutro
2024-06-10,1.39,1.19,0.98,34.50,0.20,Neutro
2024-06-11,1.38,1.18,0.97,34.88,0.17,Neutro
2024-06-12,1.37,1.16,0.96,35.27,0.22,Neutro
2024-06-13,1.34,1.15,0.95,34.02,0.21,Neutro
2024-06-14,1.30,1.13,0.96,30.14,0.12,Neutro
2024-06-17,1.29,1.11,0.94,31.43,0.09,Neutro
2024-06-18,1.26,1.10,0.94,29.10,0.19,Neutro
2024-06-20,1.24,1.09,0.93,28.53,0.19,Neutro
2024-06-21,1.22,1.08,0.94,25.89,0.61,Neutro
2024-06-24,1.22,1.08,0.93,26.98,0.31,Neutro
2024-06-25,1.20,1.06,0.93,25.38,0.15,Neutro
2024-06-26,1.19,1.05,0.92,25.60,0.26,Neutro
2024-06-27,1.17,1.05,0.92,23.91,0.24,Neutro
2024-06-28,1.15,1.04,0.93,21.19,0.41,Neutro
2024-07-01,1.11,1.03,0.94,16.55,0.24,Neutro
2024-07-02,1.10,1.02,0.94,15.69,0.12,Neutro
2024-07-03,1.09,1.01,0.93,15.77,0.25,Neutro
2024-07-05,1.09,1.01,0.93,15.85,0.19,Neutro
2024-07-08,1.09,1.01,0.92,16.92,0.24,Neutro
2024-07-09,1.08,1.00,0.92,15.98,0.31,Neutro
2024-07-10,1.07,1.00,0.92,15.05,0.33,Neutro
2024-07-11,1.07,1.00,0.92,15.08,0.53,Neutro
2024-07-12,1.07,1.00,0.92,15.06,1.00,Neutro
2024-07-15,1.08,1.00,0.91,17.03,1.00,Neutro
2024-07-16,1.10,1.00,0.91,18.95,0.89,Neutro
2024-07-17,1.11,1.01,0.91,19.82,0.95,Neutro
2024-07-18,1.12,1.01,0.91,20.74,0.76,Neutro
2024-07-19,1.13,1.02,0.91,21.63,0.77,Neutro
2024-07-22,1.14,1.02,0.90,23.53,1.00,Sobrecomprado
2024-07-23,1.17,1.03,0.89,27.25,1.00,Neutro
2024-07-24,1.17,1.03,0.89,27.08,0.75,Neutro
2024-07-25,1.19,1.04,0.89,28.78,0.90,Neutro
2024-07-26,1.20,1.05,0.90,28.54,0.83,Neutro
2024-07-29,1.21,1.06,0.90,29.37,0.68,Neutro
2024-07-30,1.22,1.06,0.91,29.16,0.71,Neutro
2024-07-31,1.22,1.07,0.92,28.00,0.70,Neutro
2024-08-01,1.22,1.08,0.94,25.96,0.61,Neutro
2024-08-02,1.21,1.08,0.95,24.03,0.31,Neutro
2024-08-05,1.21,1.08,0.95,24.02,0.08,Neutro
2024-08-06,1.21,1.08,0.96,23.06,0.16,Neutro
2024-08-07,1.21,1.08,0.96,23.05,0.08,Neutro
2024-08-08,1.21,1.09,0.96,23.03,0.24,Neutro
2024-08-09,1.21,1.08,0.95,24.07,0.04,Neutro
2024-08-12,1.22,1.07,0.93,26.99,0.14,Neutro
2024-08-13,1.22,1.07,0.93,27.08,0.28,Neutro
2024-08-14,1.21,1.07,0.92,27.19,0.31,Neutro
2024-08-15,1.21,1.06,0.92,27.26,0.34,Neutro
2024-08-16,1.22,1.07,0.91,29.04,0.77,Neutro
2024-08-19,1.21,1.06,0.92,27.24,0.66,Neutro
2024-08-20,1.20,1.06,0.92,26.43,0.54,Neutro
2024-08-21,1.20,1.06,0.92,26.44,0.61,Neutro
2024-08-22,1.18,1.05,0.92,24.68,0.50,Neutro
2024-08-23,1.17,1.05,0.93,22.87,0.58,Neutro
2024-08-26,1.16,1.05,0.93,21.97,0.57,Neutro
2024-08-27,1.15,1.04,0.93,21.13,0.36,Neutro
2024-08-28,1.14,1.04,0.93,20.25,0.57,Neutro
2024-08-29,1.13,1.04,0.94,18.36,0.68,Neutro
2024-08-30,1.13,1.04,0.94,18.36,0.47,Neutro
2024-09-03,1.13,1.04,0.94,18.33,0.32,Neutro
2024-09-04,1.13,1.04,0.94,18.32,0.37,Neutro
2024-09-05,1.13,1.04,0.94,18.30,0.32,Neutro
2024-09-06,1.13,1.04,0.94,18.32,0.32,Neutro
2024-09-09,1.13,1.04,0.95,17.33,0.22,Neutro
2024-09-10,1.13,1.04,0.95,17.32,0.22,Neutro
2024-09-11,1.13,1.04,0.95,17.32,0.28,Neutro
2024-09-12,1.13,1.04,0.95,17.35,0.17,Neutro
2024-09-13,1.13,1.04,0.94,18.33,0.32,Neutro
2024-09-16,1.11,1.03,0.95,15.56,0.19,Neutro
2024-09-17,1.09,1.02,0.95,13.70,0.29,Neutro
2024-09-18,1.09,1.02,0.95,13.76,0.21,Neutro
2024-09-19,1.07,1.01,0.95,11.86,0.25,Neutro
2024-09-20,1.10,1.00,0.91,18.96,0.00,Sobrevendido
2024-09-23,1.09,0.99,0.90,19.11,0.05,Neutro
2024-09-24,1.08,0.99,0.89,19.26,0.11,Neutro
2024-09-25,1.08,0.98,0.88,20.38,0.15,Neutro
2024-09-26,1.08,0.97,0.87,21.56,0.14,Neutro
2024-09-27,1.06,0.97,0.87,19.68,0.16,Neutro
2024-09-30,1.06,0.96,0.87,19.78,0.32,Neutro
2024-10-01,1.05,0.96,0.86,19.88,0.21,Neutro
2024-10-02,1.05,0.95,0.85,21.05,0.25,Neutro
2024-10-03,1.04,0.95,0.85,20.10,0.32,Neutro
2024-10-04,1.03,0.94,0.85,19.14,0.28,Neutro
2024-10-07,1.03,0.94,0.84,20.32,0.21,Neutro
2024-10-08,1.02,0.93,0.83,20.45,0.21,Neutro
2024-10-09,1.01,0.92,0.83,19.51,0.22,Neutro
2024-10-10,1.01,0.92,0.83,19.63,0.22,Neutro
2024-10-11,0.99,0.91,0.83,17.52,0.56,Neutro
2024-10-14,0.99,0.91,0.84,16.47,0.60,Neutro
2024-10-15,0.97,0.91,0.84,14.33,0.62,Neutro
2024-10-16,0.96,0.90,0.85,12.16,0.73,Neutro
2024-10-17,0.95,0.90,0.86,9.98,0.67,Neutro
2024-10-18,0.95,0.91,0.87,8.83,0.75,Neutro
2024-10-21,0.95,0.90,0.86,9.94,0.44,Neutro
2024-10-22,0.95,0.91,0.86,9.94,0.67,Neutro
2024-10-23,0.95,0.91,0.86,9.93,0.67,Neutro
2024-10-24,0.95,0.91,0.87,8.83,0.50,Neutro
2024-10-25,0.95,0.91,0.87,8.82,0.50,Neutro
2024-10-28,0.95,0.91,0.87,8.83,0.38,Neutro
2024-10-29,0.95,0.91,0.87,8.83,0.50,Neutro
2024-10-30,0.95,0.90,0.86,9.94,0.22,Neutro
2024-10-31,0.95,0.90,0.86,9.96,0.22,Neutro
2024-11-01,0.95,0.90,0.85,11.09,0.10,Neutro
2024-11-04,0.95,0.90,0.85,11.10,0.20,Neutro
2024-11-05,0.95,0.90,0.86,9.97,0.44,Neutro
2024-11-06,0.96,0.90,0.84,13.35,0.00,Sobrevendido
2024-11-07,0.96,0.90,0.84,13.33,0.42,Neutro
2024-11-08,0.96,0.90,0.83,14.52,0.00,Neutro
2024-11-11,0.97,0.89,0.80,19.14,0.00,Sobrevendido
2024-11-12,0.97,0.88,0.79,20.41,0.06,Neutro
2024-11-13,0.97,0.88,0.78,21.71,0.05,Neutro
2024-11-14,0.97,0.87,0.77,23.01,0.15,Neutro
2024-11-15,0.96,0.86,0.76,23.22,0.10,Neutro
2024-11-18,0.96,0.86,0.75,24.56,0.10,Neutro
2024-11-19,0.96,0.85,0.74,25.96,0.14,Neutro
2024-11-20,0.95,0.84,0.73,26.19,0.18,Neutro
2024-11-21,0.94,0.83,0.72,26.41,0.23,Neutro
2024-11-22,0.93,0.83,0.72,25.44,0.19,Neutro
2024-11-25,0.92,0.82,0.72,24.39,0.35,Neutro
2024-11-26,0.91,0.81,0.72,23.36,0.32,Neutro
2024-11-27,0.90,0.81,0.72,22.24,0.44,Neutro
2024-11-29,0.89,0.80,0.72,21.12,0.41,Neutro
2024-12-02,0.88,0.80,0.72,19.96,0.44,Neutro
2024-12-03,0.87,0.80,0.72,18.81,0.47,Neutro
2024-12-04,0.85,0.79,0.74,13.89,0.45,Neutro
2024-12-05,0.85,0.79,0.74,13.91,0.36,Neutro
2024-12-06,0.82,0.79,0.75,8.91,0.43,Neutro
2024-12-09,0.81,0.78,0.76,6.38,0.60,Neutro
2024-12-10,0.83,0.79,0.75,10.16,1.00,Sobrecomprado
2024-12-11,0.84,0.79,0.74,12.65,1.00,Sobrecomprado
2024-12-12,0.84,0.79,0.74,12.64,0.60,Neutro
2024-12-13,0.84,0.79,0.74,12.64,0.60,Neutro
2024-12-16,0.84,0.79,0.74,12.65,0.30,Neutro
2024-12-17,0.84,0.79,0.74,12.63,0.60,Neutro
2024-12-18,0.84,0.79,0.74,12.63,0.30,Neutro
2024-12-19,0.85,0.79,0.73,15.18,0.08,Neutro
2024-12-20,0.85,0.79,0.73,15.18,0.33,Neutro
2024-12-23,0.85,0.79,0.74,13.88,0.55,Neutro
2024-12-24,0.85,0.79,0.74,13.89,0.36,Neutro
2024-12-26,0.85,0.79,0.74,13.86,0.64,Neutro
2024-12-27,0.85,0.79,0.74,13.87,0.45,Neutro
2024-12-30,0.85,0.79,0.73,15.16,0.25,Neutro
2024-12-31,0.85,0.79,0.73,15.18,0.33,Neutro
2025-01-02,0.86,0.79,0.73,16.38,0.92,Neutro
2025-01-03,0.86,0.80,0.73,16.32,0.92,Neutro
2025-01-06,0.87,0.80,0.73,17.50,0.86,Neutro
2025-01-07,0.88,0.80,0.73,18.69,0.67,Neutro
2025-01-08,0.88,0.80,0.73,18.68,0.47,Neutro
2025-01-10,0.87,0.80,0.73,17.55,0.14,Neutro
2025-01-13,0.86,0.79,0.72,17.68,0.21,Neutro
2025-01-14,0.86,0.79,0.71,19.04,0.07,Neutro
2025-01-15,0.86,0.78,0.70,20.41,0.13,Neutro
2025-01-16,0.87,0.78,0.70,21.75,0.12,Neutro
2025-01-17,0.87,0.78,0.69,23.14,0.22,Neutro
2025-01-21,0.87,0.78,0.69,23.14,0.44,Neutro
2025-01-22,0.87,0.78,0.69,23.12,0.33,Neutro
2025-01-23,0.87,0.78,0.69,23.15,0.33,Neutro
2025-01-24,0.86,0.78,0.69,21.94,0.35,Neutro
2025-01-27,0.86,0.77,0.68,23.30,0.28,Neutro
2025-01-28,0.86,0.77,0.68,23.42,0.28,Neutro
2025-01-29,0.86,0.76,0.67,24.85,0.21,Neutro
2025-01-30,0.86,0.76,0.66,26.26,0.20,Neutro
2025-01-31,0.86,0.76,0.66,26.23,0.65,Neutro
2025-02-03,0.85,0.76,0.67,23.79,0.33,Neutro
2025-02-04,0.83,0.75,0.67,21.30,0.44,Neutro
2025-02-05,0.81,0.75,0.68,17.38,0.85,Neutro
2025-02-06,0.80,0.75,0.69,14.76,0.82,Neutro
2025-02-07,0.80,0.74,0.69,14.78,0.82,Neutro
2025-02-10,0.80,0.75,0.69,14.74,0.91,Neutro
2025-02-11,0.81,0.75,0.69,16.04,0.75,Neutro
2025-02-12,0.81,0.75,0.69,16.00,0.58,Neutro
2025-02-13,0.81,0.75,0.70,14.63,0.55,Neutro
2025-02-14,0.81,0.75,0.70,14.59,0.55,Neutro
2025-02-18,0.81,0.75,0.70,14.58,0.36,Neutro
2025-02-19,0.81,0.75,0.70,14.63,0.18,Neutro
2025-02-20,0.81,0.75,0.70,14.63,0.45,Neutro
2025-02-21,0.81,0.75,0.70,14.60,0.73,Neutro
2025-02-24,0.81,0.75,0.70,14.60,0.45,Neutro
2025-02-25,0.81,0.75,0.70,14.58,0.45,Neutro
2025-02-26,0.81,0.75,0.70,14.58,0.27,Neutro
2025-02-27,0.81,0.76,0.70,14.55,0.36,Neutro
2025-02-28,0.80,0.76,0.71,11.89,0.11,Neutro
2025-03-03,0.81,0.75,0.70,14.63,0.00,Sobrevendido
2025-03-04,0.81,0.75,0.69,16.01,0.00,Sobrevendido
2025-03-05,0.81,0.75,0.68,17.38,0.23,Neutro
2025-03-06,0.81,0.74,0.68,17.50,0.08,Neutro
2025-03-07,0.81,0.74,0.67,18.96,0.14,Neutro
2025-03-10,0.80,0.73,0.66,19.09,0.14,Neutro
2025-03-11,0.80,0.73,0.66,19.22,0.21,Neutro
2025-03-12,0.79,0.72,0.66,17.96,0.23,Neutro
2025-03-13,0.79,0.72,0.65,19.46,0.14,Neutro
2025-03-14,0.78,0.72,0.65,18.16,0.31,Neutro
2025-03-17,0.77,0.71,0.65,16.82,0.50,Neutro
2025-03-18,0.77,0.71,0.65,16.87,0.42,Neutro
2025-03-19,0.77,0.71,0.65,16.89,0.42,Neutro
2025-03-20,0.77,0.71,0.65,16.97,0.25,Neutro
2025-03-21,0.75,0.70,0.66,12.80,0.44,Neutro
2025-03-24,0.74,0.70,0.66,11.44,0.13,Neutro
2025-03-25,0.74,0.69,0.65,12.98,0.00,Sobrevendido
2025-03-26,0.74,0.69,0.64,14.52,0.00,Sobrevendido
2025-03-27,0.73,0.68,0.64,13.14,0.33,Neutro
2025-03-28,0.73,0.68,0.63,14.70,0.00,Neutro
2025-03-31,0.73,0.68,0.62,16.26,0.00,Sobrevendido
2025-04-01,0.74,0.67,0.60,20.83,0.00,Sobrevendido
2025-04-02,0.74,0.67,0.60,20.99,0.07,Neutro
2025-04-03,0.74,0.66,0.58,24.21,0.00,Sobrevendido
2025-04-04,0.75,0.65,0.55,30.65,0.00,Sobrevendido
2025-04-07,0.76,0.64,0.52,37.27,0.00,Sobrevendido
2025-04-08,0.77,0.63,0.50,42.62,0.00,Sobrevendido
2025-04-09,0.77,0.63,0.48,46.33,0.21,Neutro
2025-04-10,0.77,0.62,0.47,48.54,0.13,Neutro
2025-04-11,0.76,0.61,0.45,50.94,0.16,Neutro
2025-04-14,0.75,0.60,0.45,50.00,0.30,Neutro
2025-04-15,0.73,0.59,0.45,47.18,0.43,Neutro
2025-04-16,0.72,0.59,0.46,44.18,0.54,Neutro
2025-04-17,0.71,0.58,0.46,42.84,0.48,Neutro
2025-04-21,0.69,0.58,0.47,38.00,0.64,Neutro
2025-04-22,0.69,0.58,0.47,38.10,0.77,Neutro
2025-04-23,0.68,0.58,0.47,36.46,0.67,Neutro
2025-04-24,0.69,0.58,0.47,38.06,0.91,Neutro
2025-04-25,0.70,0.58,0.46,41.38,1.00,Sobrecomprado
2025-04-28,0.72,0.58,0.45,46.23,0.96,Neutro
2025-04-29,0.74,0.59,0.44,50.85,0.97,Neutro
2025-04-30,0.76,0.60,0.44,53.56,0.94,Neutro
2025-05-01,0.78,0.60,0.43,57.95,0.89,Neutro
2025-05-02,0.79,0.61,0.43,58.92,0.78,Neutro
2025-05-05,0.80,0.62,0.44,58.11,0.69,Neutro
2025-05-06,0.80,0.63,0.46,54.23,0.59,Neutro
2025-05-07,0.79,0.64,0.48,48.78,0.55,Neutro
2025-05-08,0.79,0.64,0.49,46.80,0.53,Neutro
2025-05-09,0.78,0.65,0.51,41.60,0.59,Neutro
2025-05-12,0.78,0.66,0.54,36.42,0.67,Neutro
2025-05-13,0.85,0.68,0.51,50.00,1.00,Sobrecomprado
2025-05-14,0.91,0.70,0.49,59.87,1.00,Sobrecomprado
2025-05-15,0.95,0.72,0.49,64.07,0.96,Neutro
2025-05-16,1.01,0.74,0.48,71.48,1.00,Sobrecomprado
2025-05-19,1.05,0.76,0.48,74.75,0.96,Neutro
2025-05-20,1.10,0.78,0.47,80.25,0.98,Neutro
2025-05-21,1.13,0.81,0.48,80.50,0.89,Neutro
2025-05-22,1.20,0.83,0.47,87.48,1.00,Sobrecomprado
2025-05-23,1.26,0.86,0.46,92.92,0.98,Neutro
2025-05-27,1.31,0.89,0.46,95.99,0.87,Neutro
2025-05-28,1.35,0.91,0.47,96.76,0.84,Neutro
2025-05-29,1.38,0.93,0.48,96.51,0.80,Neutro
2025-05-30,1.41,0.95,0.50,95.29,0.76,Neutro
2025-06-02,1.43,0.98,0.53,91.84,0.76,Neutro
2025-06-03,1.46,1.01,0.56,89.24,0.78,Neutro
2025-06-04,1.47,1.04,0.61,82.81,0.76,Neutro
2025-06-05,1.47,1.07,0.67,74.91,0.71,Neutro
2025-06-06,1.44,1.10,0.75,63.01,0.64,Neutro
2025-06-09,1.41,1.12,0.83,51.74,0.62,Neutro
2025-06-10,1.35,1.14,0.94,35.87,0.49,Neutro
2025-06-11,1.34,1.15,0.96,33.00,0.45,Neutro
2025-06-12,1.33,1.16,0.98,30.21,0.46,Neutro
2025-06-13,1.31,1.17,1.02,24.88,0.17,Neutro
2025-06-16,1.31,1.17,1.02,24.87,0.14,Neutro
2025-06-17,1.30,1.17,1.03,23.11,0.19,Neutro
2025-06-18,1.30,1.17,1.03,23.12,0.19,Neutro
2025-06-20,1.30,1.17,1.03,23.13,0.07,Neutro
2025-06-23,1.30,1.16,1.01,25.01,0.14,Neutro
2025-06-24,1.30,1.15,1.00,26.09,0.17,Neutro
2025-06-25,1.30,1.14,0.99,27.16,0.13,Neutro
2025-06-26,1.29,1.14,0.98,27.26,0.45,Neutro
2025-06-27,1.28,1.13,0.98,26.54,0.30,Neutro
2025-06-30,1.28,1.13,0.98,26.64,0.40,Neutro
2025-07-01,1.27,1.12,0.98,25.84,0.55,Neutro
2025-07-02,1.26,1.12,0.98,24.97,0.93,Neutro
2025-07-03,1.27,1.12,0.98,25.85,1.00,Neutro
2025-07-07,1.27,1.12,0.98,25.84,0.93,Neutro
2025-07-08,1.30,1.13,0.96,30.12,1.00,Sobrecomprado
2025-07-09,1.34,1.14,0.94,35.12,1.00,Sobrecomprado
2025-07-10,1.36,1.15,0.93,37.49,0.86,Neutro
2025-07-11,1.39,1.16,0.92,40.57,0.94,Neutro
2025-07-14,1.41,1.17,0.92,41.97,0.82,Neutro
2025-07-15,1.43,1.18,0.93,42.43,0.72,Neutro
2025-07-16,1.44,1.19,0.94,42.02,0.70,Neutro
2025-07-17,1.45,1.20,0.95,41.55,0.80,Neutro
2025-07-18,1.46,1.22,0.97,40.30,0.73,Neutro
2025-07-21,1.48,1.23,0.99,39.76,0.80,Neutro
2025-07-22,1.49,1.25,1.01,38.42,0.79,Neutro
2025-07-23,1.50,1.27,1.04,36.31,0.78,Neutro
2025-07-24,1.49,1.29,1.08,31.88,0.80,Neutro
2025-07-25,1.52,1.31,1.09,32.92,1.00,Neutro
2025-07-28,1.53,1.33,1.13,30.17,0.85,Neutro
2025-07-29,1.51,1.34,1.17,25.37,0.62,Neutro
2025-07-30,1.49,1.35,1.21,20.72,0.57,Neutro
2025-07-31,1.49,1.36,1.23,19.11,0.73,Neutro
2025-08-01,1.52,1.37,1.22,21.83,1.00,Sobrecomprado
2025-08-04,1.58,1.39,1.21,26.54,1.00,Sobrecomprado
2025-08-05,1.63,1.41,1.19,31.15,1.00,Sobrecomprado
2025-08-06,1.69,1.43,1.17,36.40,1.00,Sobrecomprado
2025-08-07,1.72,1.45,1.17,38.01,0.91,Neutro
2025-08-08,1.76,1.46,1.17,40.27,0.93,Neutro
2025-08-11,1.99,1.51,1.04,62.73,1.00,Sobrecomprado
2025-08-12,2.20,1.57,0.95,79.42,1.00,Sobrecomprado
2025-08-13,2.40,1.64,0.88,92.71,1.00,Sobrecomprado
2025-08-14,2.63,1.71,0.80,106.83,1.00,Sobrecomprado
2025-08-15,2.74,1.78,0.81,108.73,0.91,Neutro
2025-08-18,2.92,1.85,0.78,115.61,0.99,Neutro
2025-08-19,3.04,1.92,0.80,116.76,0.87,Neutro
2025-08-20,3.16,1.99,0.83,117.00,0.87,Neutro
2025-08-21,3.26,2.06,0.87,115.74,0.84,Neutro
2025-08-22,3.37,2.14,0.91,115.11,0.83,Neutro
2025-08-25,3.45,2.21,0.97,112.24,0.79,Neutro
2025-08-26,3.50,2.29,1.07,106.18,0.78,Neutro
2025-08-27,3.55,2.37,1.19,99.52,0.78,Neutro
2025-08-28,3.59,2.46,1.32,92.35,0.81,Neutro
2025-08-29,3.65,2.54,1.44,86.85,0.83,Neutro
2025-09-02,3.62,2.60,1.57,78.91,0.56,Neutro
2025-09-03,3.57,2.64,1.71,70.39,0.47,Neutro
2025-09-04,3.51,2.69,1.87,60.97,0.48,Neutro
2025-09-05,3.41,2.74,2.07,48.91,0.45,Neutro
2025-09-08,3.26,2.78,2.31,34.15,0.25,Neutro
2025-09-09,3.23,2.80,2.37,30.76,0.27,Neutro
2025-09-10,3.22,2.80,2.37,30.38,0.18,Neutro
2025-09-11,3.23,2.79,2.36,31.15,0.16,Neutro
2025-09-12,3.22,2.78,2.34,31.61,0.34,Neutro
2025-09-15,3.22,2.79,2.35,31.21,0.33,Neutro
2025-09-16,3.21,2.77,2.34,31.36,0.33,Neutro
2025-09-17,3.21,2.77,2.32,32.18,0.28,Neutro
2025-09-18,3.20,2.76,2.31,32.27,0.45,Neutro
2025-09-19,3.19,2.75,2.30,32.42,0.37,Neutro
2025-09-22,3.18,2.74,2.30,32.09,0.67,Neutro
2025-09-23,3.16,2.73,2.30,31.47,0.51,Neutro
2025-09-24,3.14,2.73,2.31,30.45,0.61,Neutro
2025-09-25,3.11,2.71,2.32,29.12,0.56,Neutro
2025-09-26,3.02,2.69,2.35,24.93,0.43,Neutro
2025-09-29,3.05,2.69,2.33,26.77,1.00,Sobrecomprado
2025-09-30,3.12,2.71,2.30,30.25,1.00,Sobrecomprado
2025-10-01,3.14,2.73,2.31,30.43,0.75,Neutro
2025-10-02,3.15,2.74,2.32,30.33,0.61,Neutro
2025-10-03,3.16,2.74,2.33,30.24,0.61,Neutro
2025-10-06,3.25,2.78,2.31,33.80,1.00,Sobrecomprado
2025-10-07,3.33,2.82,2.30,36.57,0.98,Neutro
2025-10-08,3.46,2.87,2.28,41.15,1.00,Sobrecomprado
2025-10-09,3.58,2.92,2.27,44.79,1.00,Sobrecomprado
2025-10-10,3.62,2.96,2.29,44.96,0.77,Neutro
2025-10-13,3.68,3.00,2.32,45.34,0.84,Neutro
2025-10-14,3.70,3.03,2.36,44.23,0.65,Neutro
2025-10-15,3.72,3.07,2.42,42.34,0.75,Neutro
2025-10-16,3.73,3.10,2.47,40.64,0.67,Neutro
2025-10-17,3.72,3.12,2.53,38.08,0.50,Neutro
2025-10-20,3.74,3.15,2.56,37.50,0.64,Neutro
2025-10-21,3.72,3.17,2.61,35.06,0.47,Neutro
2025-10-22,3.71,3.18,2.64,33.67,0.39,Neutro
2025-10-23,3.70,3.20,2.70,31.27,0.46,Neutro
2025-10-24,3.66,3.23,2.80,26.62,0.58,Neutro
2025-10-27,3.65,3.22,2.80,26.39,0.39,Neutro
2025-10-28,3.65,3.22,2.78,27.06,0.28,Neutro
2025-10-29,3.64,3.22,2.81,25.75,0.33,Neutro
2025-10-30,3.62,3.24,2.85,23.80,0.29,Neutro
2025-10-31,3.59,3.25,2.92,20.61,0.37,Neutro
2025-11-03,3.58,3.25,2.91,20.64,0.39,Neutro
2025-11-04,3.58,3.23,2.88,21.67,0.17,Neutro
2025-11-05,3.54,3.21,2.88,20.57,0.33,Neutro
2025-11-06,3.45,3.18,2.90,17.32,0.13,Neutro
2025-11-07,3.44,3.16,2.88,17.74,0.14,Neutro
2025-11-10,3.44,3.16,2.88,17.74,1.00,Sobrecomprado
2025-11-11,3.52,3.18,2.83,21.72,1.00,Sobrecomprado
2025-11-12,3.54,3.18,2.82,22.63,0.94,Neutro
2025-11-13,3.59,3.20,2.80,24.73,0.97,Neutro
2025-11-14,3.69,3.23,2.76,28.82,1.00,Sobrecomprado
2025-11-17,3.79,3.25,2.72,32.91,1.00,Sobrecomprado
2025-11-18,3.93,3.30,2.67,38.23,1.00,Sobrecomprado
2025-11-19,4.01,3.34,2.67,40.16,0.90,Neutro
2025-11-20,4.03,3.36,2.68,40.23,0.64,Neutro
2025-11-21,4.04,3.37,2.69,40.10,0.61,Neutro
2025-11-24,4.08,3.40,2.71,40.32,0.76,Neutro
2025-11-25,4.12,3.44,2.75,39.85,0.78,Neutro
2025-11-26,4.19,3.48,2.78,40.47,0.87,Neutro
2025-11-28,4.24,3.53,2.82,40.24,0.80,Neutro
2025-12-01,4.29,3.57,2.85,40.35,0.78,Neutro
2025-12-02,4.28,3.59,2.90,38.43,0.51,Neutro
2025-12-03,4.26,3.62,2.99,35.07,0.48,Neutro
2025-12-04,4.23,3.65,3.06,32.09,0.46,Neutro
2025-12-05,4.18,3.66,3.15,28.10,0.19,Neutro
2025-12-08,4.13,3.68,3.23,24.47,0.00,Sobrevendido
2025-12-09,4.13,3.67,3.21,25.05,0.17,Neutro
2025-12-10,4.13,3.67,3.21,25.07,0.37,Neutro
2025-12-11,4.13,3.67,3.20,25.35,0.29,Neutro
2025-12-12,4.19,3.69,3.20,26.80,0.89,Neutro
2025-12-15,4.19,3.70,3.20,26.79,0.59,Neutro
2025-12-16,4.25,3.71,3.18,28.83,0.90,Neutro
2025-12-17,4.28,3.72,3.16,30.11,0.91,Neutro
2025-12-18,4.31,3.73,3.15,31.10,0.79,Neutro
2025-12-19,4.34,3.75,3.17,31.18,0.73,Neutro
2025-12-22,4.33,3.76,3.18,30.61,0.37,Neutro
2025-12-23,4.33,3.75,3.17,30.91,0.41,Neutro
2025-12-24,4.33,3.75,3.17,30.92,0.54,Neutro
2025-12-26,4.31,3.74,3.17,30.47,0.55,Neutro
2025-12-29,4.29,3.73,3.17,30.05,0.46,Neutro
2025-12-30,4.26,3.71,3.16,29.65,0.43,Neutro
2025-12-31,4.26,3.71,3.17,29.36,0.44,Neutro
2026-01-02,4.26,3.72,3.17,29.33,0.48,Neutro
2026-01-05,4.26,3.72,3.17,29.33,0.39,Neutro
2026-01-06,4.25,3.72,3.20,28.20,0.30,Neutro
2026-01-07,4.22,3.74,3.25,25.96,0.22,Neutro
2026-01-08,4.21,3.74,3.28,24.85,0.24,Neutro
2026-01-09,4.22,3.74,3.26,25.69,0.18,Neutro
2026-01-12,4.22,3.74,3.26,25.69,0.23,Neutro
2026-01-13,4.17,3.71,3.25,24.81,0.27,Neutro
2026-01-14,4.16,3.70,3.23,25.16,0.32,Neutro
2026-01-15,4.09,3.66,3.23,23.49,0.23,Neutro
2026-01-16,3.99,3.62,3.25,20.43,0.23,Neutro
2026-01-20,3.90,3.60,3.29,16.96,0.46,Neutro
2026-01-21,3.81,3.57,3.33,13.45,0.19,Neutro
2026-01-22,3.81,3.56,3.31,14.06,0.16,Neutro
2026-01-23,3.80,3.54,3.29,14.39,0.22,Neutro
2026-01-26,3.76,3.52,3.29,13.34,0.19,Neutro
2026-01-27,3.70,3.50,3.30,11.42,0.25,Neutro
2026-01-28,3.68,3.49,3.30,10.89,0.26,Neutro
2026-01-29,3.66,3.48,3.29,10.64,0.24,Neutro
2026-01-30,3.64,3.46,3.28,10.41,0.06,Neutro
2026-02-02,3.60,3.44,3.28,9.31,0.00,Sobrevendido
2026-02-03,3.59,3.42,3.25,9.94,0.00,Sobrevendido
2026-02-04,3.60,3.40,3.21,11.46,0.00,Sobrevendido
2026-02-05,3.64,3.38,3.12,15.38,0.00,Sobrevendido
2026-02-06,3.63,3.37,3.10,15.74,0.26,Neutro
2026-02-09,3.63,3.36,3.09,16.08,0.30,Neutro
2026-02-10,3.62,3.34,3.06,16.76,0.12,Neutro
2026-02-11,3.61,3.32,3.04,17.16,0.16,Neutro
2026-02-12,3.59,3.30,3.02,17.27,0.14,Neutro
2026-02-13,3.57,3.29,3.01,17.03,0.32,Neutro
2026-02-17,3.56,3.28,3.00,17.08,0.37,Neutro
2026-02-18,3.50,3.26,3.02,14.71,0.52,Neutro
2026-02-19,3.51,3.27,3.02,15.01,0.90,Neutro
2026-02-20,3.57,3.28,2.99,17.70,1.00,Sobrecomprado
2026-02-23,3.58,3.28,2.98,18.29,0.78,Neutro
2026-02-24,3.58,3.28,2.98,18.28,0.77,Neutro
2026-02-25,3.62,3.29,2.96,20.05,0.95,Neutro
2026-02-26,3.64,3.30,2.96,20.61,0.85,Neutro
2026-02-27,3.67,3.31,2.95,21.76,0.88,Neutro
2026-03-02,3.69,3.32,2.95,22.31,0.68,Neutro
2026-03-03,3.69,3.32,2.95,22.29,0.53,Neutro
2026-03-04,3.70,3.33,2.96,22.22,0.64,Neutro
2026-03-05,3.70,3.34,2.98,21.55,0.56,Neutro
2026-03-06,3.69,3.36,3.03,19.64,0.55,Neutro
2026-03-09,3.69,3.37,3.05,19.01,0.52,Neutro
2026-03-10,3.71,3.38,3.06,19.23,0.72,Neutro
2026-03-11,3.71,3.40,3.09,18.24,0.68,Neutro
2026-03-12,3.72,3.40,3.07,19.14,0.00,Sobrevendido
2026-03-13,3.76,3.38,3.01,22.16,0.00,Sobrevendido
2026-03-16,3.83,3.36,2.90,27.65,0.00,Sobrevendido
2026-03-17,3.88,3.34,2.80,32.35,0.00,Sobrevendido
2026-03-18,3.92,3.31,2.71,36.53,0.02,Neutro
2026-03-19,3.94,3.27,2.61,40.64,0.05,Neutro
2026-03-20,3.94,3.22,2.50,44.74,0.03,Neutro
2026-03-23,3.93,3.18,2.43,47.17,0.17,Neutro
2026-03-24,3.90,3.15,2.40,47.64,0.27,Neutro
2026-03-25,3.85,3.11,2.38,47.24,0.32,Neutro
2026-03-26,3.80,3.07,2.35,47.22,0.26,Neutro
2026-03-27,3.73,3.03,2.32,46.60,0.26,Neutro
2026-03-30,3.68,2.99,2.29,46.55,0.26,Neutro
2026-03-31,3.63,2.96,2.29,45.25,0.41,Neutro
2026-04-01,3.57,2.93,2.28,44.07,0.36,Neutro
2026-04-02,3.51,2.90,2.28,42.49,0.37,Neutro
2026-04-06,3.43,2.86,2.29,39.84,0.38,Neutro
2026-04-07,3.34,2.83,2.31,36.45,0.35,Neutro
2026-04-08,3.18,2.78,2.38,28.75,0.35,Neutro
2026-04-09,2.95,2.74,2.53,15.31,0.43,Neutro
2026-04-10,2.88,2.73,2.57,11.37,0.52,Neutro
2026-04-13,2.86,2.72,2.58,10.31,0.32,Neutro
2026-04-14,2.85,2.71,2.57,10.32,0.36,Neutro
2026-04-15,2.88,2.72,2.56,11.77,1.00,Neutro
2026-04-16,2.89,2.72,2.56,12.12,0.76,Neutro
2026-04-17,2.94,2.74,2.54,14.61,1.00,Sobrecomprado
2026-04-20,2.97,2.76,2.56,14.85,1.00,Sobrecomprado
2026-04-21,2.98,2.77,2.56,15.16,0.74,Neutro
2026-04-22,3.04,2.78,2.53,18.31,1.00,Sobrecomprado
2026-04-23,3.04,2.78,2.53,18.33,0.55,Neutro
2026-04-24,3.04,2.79,2.54,17.93,0.60,Neutro
2026-04-27,3.05,2.80,2.55,17.86,0.68,Neutro
2026-04-28,3.05,2.81,2.57,17.10,0.48,Neutro
2026-04-29,3.05,2.81,2.56,17.47,0.53,Neutro
2026-04-30,3.05,2.81,2.57,17.08,0.58,Neutro
2026-05-01,3.05,2.82,2.58,16.69,0.57,Neutro
2026-05-04,3.05,2.82,2.58,16.67,0.43,Neutro
2026-05-05,3.05,2.82,2.60,15.94,0.31,Neutro
2026-05-06,3.05,2.82,2.60,15.93,0.20,Neutro
2026-05-07,3.05,2.83,2.61,15.57,0.34,Neutro
2026-05-08,3.06,2.82,2.57,17.39,0.00,Neutro
2026-05-11,3.07,2.82,2.57,17.75,0.14,Neutro
2026-05-12,3.07,2.82,2.57,17.75,0.20,Neutro
2026-05-13,3.07,2.80,2.54,18.91,0.11,Neutro
2026-05-14,3.07,2.79,2.52,19.68,0.22,Neutro
2026-05-15,3.05,2.78,2.50,19.81,0.20,Neutro
2026-05-18,3.02,2.75,2.48,19.61,0.11,Neutro
2026-05-19,3.02,2.74,2.45,20.84,0.09,Neutro
2026-05-20,2.95,2.71,2.47,17.72,0.23,Neutro
2026-05-21,2.94,2.70,2.46,17.78,0.33,Neutro
2026-05-22,2.92,2.69,2.46,17.12,0.30,Neutro
2026-05-26,2.89,2.67,2.45,16.48,0.20,Neutro
2026-05-27,2.88,2.66,2.43,16.95,0.18,Neutro
2026-05-28,2.85,2.64,2.43,15.89,0.36,Neutro
2026-05-29,2.82,2.63,2.44,14.46,0.24,Neutro
2026-06-01,2.78,2.61,2.45,12.64,0.24,Neutro
2026-06-02,2.75,2.60,2.45,11.55,0.17,Neutro
2026-06-03,2.74,2.58,2.42,12.40,0.00,Sobrevendido
2026-06-04,2.73,2.57,2.41,12.45,0.19,Neutro
2026-06-05,2.78,2.54,2.29,19.32,0.00,Sobrevendido
2026-06-08,2.81,2.52,2.22,23.45,0.00,Sobrevendido
2026-06-09,2.84,2.49,2.14,28.14,0.00,Sobrevendido
2026-06-10,2.84,2.46,2.08,30.91,0.00,Neutro
2026-06-11,2.84,2.43,2.02,33.71,0.07,Neutro
2026-06-12,2.84,2.40,1.97,36.22,0.07,Neutro
2026-06-15,2.82,2.37,1.92,37.91,0.14,Neutro
2026-06-16,2.82,2.35,1.87,40.49,0.12,Neutro
2026-06-17,2.82,2.32,1.82,43.12,0.14,Neutro
2026-06-18,2.80,2.29,1.77,45.07,0.14,Neutro
2026-06-22,2.77,2.25,1.73,46.26,0.13,Neutro
2026-06-23,2.73,2.21,1.69,47.01,0.19,Neutro
