Price,Close,High,Low,Open,Volume
Ticker,CHSCM,CHSCM,CHSCM,CHSCM,CHSCM
Date,,,,,
2016-01-04,13.773048400878906,13.793651787204759,13.59277270022182,13.731842610650732,35900
2016-01-05,13.870912551879883,13.906967495606652,13.716390101363466,13.773048431461838,20600
2016-01-06,13.968770980834961,13.979071687400287,13.747289579698712,13.747289579698712,21700
2016-01-07,13.901814460754395,13.973924336857252,13.742142171202337,13.762744571907419,61500
2016-01-08,13.896662712097168,13.937868493253546,13.819401995231877,13.932717647806085,49000
2016-01-11,13.870912551879883,13.984228229653093,13.74214433432797,13.937871592740523,301000
2016-01-12,13.623673439025879,13.994010643153965,13.623673439025879,13.906963033781775,43300
2016-01-13,13.628820419311523,13.876056012045975,13.603067182479377,13.603067182479377,178000
2016-01-14,13.597923278808594,13.769442635139155,13.556717489392526,13.731842340016698,75000
2016-01-15,13.520658493041992,13.685481601293267,13.448548628787867,13.62367342691065,43000
2016-01-19,13.458850860595703,13.649428215110683,13.30948027023387,13.582469188208481,56800
2016-01-20,13.077696800231934,13.433097272595969,12.444157553895877,13.433097272595969,158900
2016-01-21,13.088001251220703,13.30742259537954,12.995287979536027,13.154961272958976,56900
2016-01-22,13.196163177490234,13.278574731965692,13.10860077805716,13.257971352135216,33900
2016-01-25,13.03133773803711,13.232216740910621,13.031337738037108,13.232216740910621,109700
2016-01-26,13.227069854736328,13.237371546668687,13.041643329647536,13.087999960919735,193400
2016-01-27,13.196163177490234,13.299177129372945,13.10860077805716,13.237368954727964,71700
2016-01-28,13.288873672485352,13.288873672485352,13.206462128967853,13.278572966362985,86900
2016-01-29,13.29403018951416,13.38159261466855,13.268276939584316,13.28372947899633,101400
2016-02-01,13.288873672485352,13.335230288516833,13.196161422845485,13.257969589272063,36400
2016-02-02,13.309478759765625,13.34553369188449,13.242518758039262,13.283725517515927,86700
2016-02-03,13.191017150878906,13.314634527746406,13.165262916683439,13.314634527746406,25600
2016-02-04,13.077696800231934,13.24458104703845,13.04679271032911,13.185862588526772,50500
2016-02-05,13.082842826843262,13.17555604482617,12.887115686319412,13.036486217851808,68400
2016-02-08,12.897420883178711,13.046791455360514,12.78925510528832,13.031338920683828,103700
2016-02-09,12.748052597045898,12.876820805096866,12.624435235207784,12.876820805096866,70500
2016-02-10,12.815010070800781,12.941203331573943,12.748051043042988,12.876819235396958,80700
2016-02-11,12.717148780822754,12.87167024090007,12.490516454609006,12.79956035718712,133600
2016-02-12,12.701180458068848,12.825312602807545,12.61155790034618,12.768655262505174,63400
2016-02-16,13.046791076660156,13.08284600743601,12.754229382782077,12.830460509581865,40100
2016-02-17,13.175559043884277,13.242518059656142,13.000434255037037,13.129202424340997,42700
2016-02-18,13.572163581848145,13.613369351690848,13.179162925678686,13.242516440683485,37200
2016-02-19,13.572163581848145,13.582465269914582,13.184313769711904,13.582465269914582,34000
2016-02-22,13.263121604919434,13.5052054125796,13.22706667424911,13.484603016092205,19400
2016-02-23,13.196163177490234,13.331111778656249,12.876817667080424,13.185861487574998,45700
2016-02-24,13.247668266296387,13.342957414336764,13.051941090647002,13.077694330298224,17100
2016-02-25,13.263121604919434,13.371286396930408,12.990132728893409,13.149805968180816,28700
2016-02-26,13.453699111938477,13.500054750267275,13.082846145922547,13.22191600817852,35600
2016-02-29,13.314631462097168,13.757593381609315,13.278576524948623,13.366138936205097,188300
2016-03-01,13.613374710083008,13.62367640220432,13.268275883406584,13.34038576340889,182500
2016-03-02,13.417643547058105,13.623673414609385,13.273423818680072,13.60307003488497,131100
2016-03-03,13.397042274475098,13.536112152020541,13.371288047657442,13.464001299354404,61200
2016-03-04,13.402196884155273,13.489759315082635,13.324936146848442,13.489759315082635,27500
2016-03-07,13.39034366607666,13.407341550957854,13.34553240014868,13.397039862085805,15500
2016-03-08,13.366141319274902,13.443402053000055,13.345537932988979,13.345537932988979,24700
2016-03-09,13.381590843200684,13.391892534778279,13.340385059313688,13.340385059313688,22900
2016-03-10,13.386738777160645,13.422793707416325,13.273423141725202,13.376437087823833,25500
2016-03-11,13.438251495361328,13.529934208488463,13.396015142021188,13.397045704327054,55300
2016-03-14,13.448555946350098,13.515515002101903,13.350691804167841,13.489761745833613,18800
2016-03-15,13.549068450927734,13.570010304102189,13.481532671996407,13.50718574314135,10000
2016-03-16,13.53336238861084,13.559538705218536,13.371067028805681,13.559538705218536,55300
2016-03-17,13.653775215148926,13.659010678249082,13.454832610155425,13.454832610155425,33100
2016-03-18,13.690421104431152,13.721832881363268,13.554302072975469,13.685185641848735,38300
2016-03-21,13.659013748168945,13.70613192809787,13.533365601212717,13.70613192809787,30600
2016-03-22,13.753246307373047,13.784658085790909,13.580480028231152,13.590949955328819,30400
2016-03-23,13.768953323364258,13.768953323364256,13.59095156037095,13.748012468133453,17000
2016-03-24,13.768953323364258,13.768953323364256,13.580481632036824,13.585717095485162,16400
2016-03-28,13.842249870300293,13.86842619097869,13.737542590461455,13.768954374988056,39400
2016-03-29,13.779417991638184,13.863183371640195,13.748006223777955,13.784653452708572,17200
2016-03-30,13.967896461486816,14.172074536162313,13.791988690188496,13.810835559106614,66200
2016-03-31,13.910308837890625,14.046427901616964,13.878897053511508,13.978368869035105,30500
2016-04-01,13.826539993286133,14.046424426667926,13.826539993286133,13.873658157479543,18600
2016-04-04,13.768953323364258,13.967896940150917,13.695658832212619,13.78465971370927,20300
2016-04-05,13.716597557067871,13.810832881953983,13.669479395343654,13.805598418262244,26800
2016-04-06,13.967896461486816,13.994072779268926,13.669482045095704,13.669482045095704,19800
2016-04-07,13.664244651794434,13.842246383545627,13.622361950121352,13.774186369225385,28700
2016-04-08,13.737544059753418,13.789897705272294,13.695661343050864,13.716603200683506,18900
2016-04-11,13.852712631225586,13.87365447578186,13.805595478098184,13.821300862953281,16200
2016-04-12,14.030718803405762,14.05951334959947,13.83701167211388,13.83701167211388,30600
2016-04-13,13.999311447143555,14.056900557722033,13.962664194434613,13.962664194434613,19300
2016-04-14,13.952189445495605,14.046425782981826,13.873659497111243,13.962660371563512,108900
2016-04-15,13.868420600891113,14.056893229206363,13.805597057160846,13.926009681445711,94300
2016-04-18,13.941718101501465,14.03228971200513,13.847482765402573,13.878894544102204,17000
2016-04-19,13.983597755432129,14.041186835953756,13.926009673472725,13.946950521850082,25800
2016-04-20,13.988839149475098,14.030721862553424,13.826543761116918,14.030721862553424,107200
2016-04-21,13.936482429504395,14.02967126408996,13.884128803833484,13.899834192541109,28900
2016-04-22,14.020247459411621,14.051659234556356,13.920775673130578,13.967893835128844,23900
2016-04-25,13.884129524230957,14.040142917429058,13.884129524230957,13.931247689923334,9500
2016-04-26,13.910308837890625,13.983603334296108,13.873661589687885,13.95219154991699,29900
2016-04-27,14.004541397094727,14.004541397094728,13.931246920537737,13.957423234004562,28400
2016-04-28,13.973133087158203,14.030721190782009,13.899837593858436,13.899837593858436,20100
2016-04-29,13.99406909942627,13.994069099426271,13.89983278249078,13.978363712311857,12900
2016-05-02,14.00977897644043,14.051661683453425,13.957425343033563,13.999308050046556,28700
2016-05-03,14.041189193725586,14.04642465633961,13.97313017686804,13.988835566147724,13000
2016-05-04,14.056893348693848,14.056893348693846,13.99616279086784,14.041186963346659,21500
2016-05-05,13.99406909942627,14.056893643570682,13.994069099426271,14.056893643570682,11100
2016-05-06,14.098782539367676,14.119723397581987,13.999310716802297,14.030722503405109,24600
2016-05-09,14.119719505310059,14.135425893563154,14.03071863566735,14.03071863566735,15000
2016-05-10,14.135425567626953,14.1563674181482,14.063701826572704,14.083071939886226,33500
2016-05-11,14.130191802978516,14.151133656016281,14.046426387952476,14.098780021984378,108100
2016-05-12,14.051658630371094,14.156365874434503,14.041187706252295,14.135424026196906,26700
2016-05-13,14.151135444641113,14.161605373920825,14.093546340070827,14.130193588956413,12300
2016-05-16,14.166839599609375,14.224428699146168,14.14589874431762,14.161604136145797,30400
2016-05-17,14.213958740234375,14.334371412409466,14.114486924777175,14.114486924777175,47100
2016-05-18,14.240133285522461,14.29248591640082,14.193015118881997,14.193015118881997,14300
2016-05-19,14.208715438842773,14.25059812773856,14.161597289014756,14.161597289014756,14400
2016-05-20,14.245366096496582,14.282014331845573,14.166836160730508,14.166836160730508,20200
2016-05-23,14.355316162109375,14.38672795280099,14.145902559893903,14.282021650974665,19500
2016-05-24,14.376250267028809,14.402427579105657,14.20871946398639,14.282014939239211,39300
2016-05-25,14.449544906616211,14.449544906616211,14.193013254473295,14.360544047826847,23500
2016-05-26,14.491429328918457,14.538547494974816,14.350074830749385,14.44954662559752,26300
2016-05-27,14.208715438842773,14.549013409503361,14.17206821087922,14.460012570779558,108700
2016-05-31,14.344840049743652,14.360546438696344,14.231233598529466,14.240133785746412,23000
2016-06-01,14.36054515838623,14.433839636505995,14.276779755231532,14.276779755231532,39800
2016-06-02,14.372062683105469,14.41813435417503,14.269450412978715,14.41813435417503,21500
2016-06-03,14.470483779907227,14.470483779907227,14.302953009437553,14.302953009437553,19700
2016-06-06,14.397194862365723,14.517607525195952,14.365783080445345,14.365783080445345,20400
2016-06-07,14.617074966430664,14.617074966430662,14.371014250861156,14.371014250861156,29600
2016-06-08,14.538543701171875,14.69036808663111,14.402424701258193,14.575190932194374,37800
2016-06-09,14.538543701171875,14.601367240478403,14.423365548172985,14.549014623910347,22900
2016-06-10,14.559492111206055,14.590904895739255,14.41813857505734,14.501904003353864,29000
2016-06-13,14.522841453552246,14.632784176496486,14.439076044910177,14.480958749231212,37700
2016-06-14,14.672760963439941,14.694025306833753,14.478719140276679,14.52390650373106,25300
2016-06-15,14.699339866638184,14.747185900966953,14.56643444105558,14.678075525818688,48700
2016-06-16,14.651495933532715,14.699341974723257,14.50264248448487,14.624915250199335,27300
2016-06-17,14.65681266784668,14.656812667846681,14.492010195966241,14.561120582887684,18800
2016-06-20,14.70466136932373,14.725926731599124,14.518593505367182,14.694028688186036,40800
2016-06-21,14.747188568115234,14.757821247441951,14.60896677883225,14.678078180467798,11500
2016-06-22,14.779085159301758,14.8269312008827,14.731771461463238,14.75782081525916,21700
2016-06-23,14.82692813873291,14.832244477142616,14.73921108994244,14.800347460672251,19100
2016-06-24,14.747188568115234,14.789718271433992,14.619599458158966,14.619599458158966,21300
2016-06-27,14.837559700012207,14.842876038022213,14.597798229896302,14.635543925571,18400
2016-06-28,14.789715766906738,14.943886549072136,14.779083089380586,14.858827156838792,44400
2016-06-29,14.736555099487305,15.08742538657119,14.736555099487306,14.906674917638693,34300
2016-06-30,15.151220321655273,15.183117343678946,14.89604211748979,15.018314880237243,55400
2016-07-01,15.103371620178223,15.177798329781005,15.012995895380039,15.177798329781005,27900
2016-07-05,15.140582084655762,15.151214759422924,15.042232378028688,15.151214759422924,10000
2016-07-06,15.172487258911133,15.252230329268004,15.018316444098112,15.039581803653626,29200
2016-07-07,15.183116912841797,15.230962951513648,15.140587213354374,15.140587213354374,34000
2016-07-08,15.318679809570312,15.379816184350208,15.151218687528376,15.151218687528376,33800
2016-07-11,15.257547378540039,15.353238459024448,15.215017671439792,15.316025092060256,37200
2016-07-12,15.252227783203125,15.34791985725269,15.241595105200288,15.241595105200288,31400
2016-07-13,15.27880859375,15.321338292133914,15.135270481458793,15.252227912505552,36500
2016-07-14,15.140582084655762,15.316017162363256,15.114001411725527,15.257539479119208,40100
2016-07-15,15.145904541015625,15.209699601404264,15.14058820148423,15.209699601404264,64800
2016-07-18,15.188434600830078,15.257546002377065,15.124640552927747,15.124640552927747,26500
2016-07-19,15.310699462890625,15.31601579980125,15.161846085343514,15.183110418998421,35400
2016-07-20,15.262859344482422,15.316021720150783,15.241595002607864,15.246911341573497,20400
2016-07-21,15.326655387878418,15.326655387878418,15.252228665529017,15.321339048569456,41300
2016-07-22,15.294759750366211,15.326656775118998,15.252230046033114,15.268178051415441,29100
2016-07-25,15.289443016052246,15.358553403564676,15.2788103367463,15.284126676399273,27200
2016-07-26,15.257547378540039,15.353238459024448,15.257547378540039,15.28412806523212,30500
2016-07-27,15.342599868774414,15.369180543470893,15.257540492960386,15.310701842353346,19000
2016-07-28,15.334628105163574,15.401080819976364,15.268175390350786,15.273491729214365,30000
2016-07-29,15.549934387207031,15.688156147882976,15.399484946437253,15.454242321047694,66900
2016-08-01,15.613726615905762,15.682836976767428,15.369180156113062,15.50208555422126,29400
2016-08-02,15.443607330322266,15.672204784348413,15.36918062956501,15.48613701846752,47000
2016-08-03,15.581836700439453,15.64563177089052,15.38673218020261,15.496777282496863,22400
2016-08-04,15.656261444091797,15.672209448149799,15.480826301537435,15.549936685094224,32300
2016-08-05,15.597784996032715,15.70410977050948,15.50209290180127,15.656263723393756,34100
2016-08-08,15.666891098022461,15.666891098022461,15.523354009982576,15.629677741345901,36000
2016-08-09,15.682839393615723,15.709420071738565,15.583425994496174,15.656258715492879,54000
2016-08-10,15.741321563720703,15.83169730879463,15.640313139464403,15.682842842205778,46200
2016-08-11,15.61904525756836,15.682840308367254,15.4223457944153,15.682840308367254,57500
2016-08-12,15.61904525756836,15.682840308367254,15.417029455683064,15.459559151553016,30200
2016-08-15,15.528672218322754,15.677526686659068,15.467004503519656,15.677526686659068,16300
2016-08-16,15.464881896972656,15.61267272739563,15.422352183483778,15.58183835556998,27900
2016-08-17,15.443607330322266,15.493048358962909,15.417026655476889,15.42765933101014,25400
2016-08-18,15.61904525756836,15.666891292170547,15.491456169958498,15.491456169958498,28500
2016-08-19,15.661574363708496,15.704105071964907,15.549934296499103,15.61904466943998,19300
2016-08-22,15.55525016784668,15.682839246820231,15.46487444349193,15.619044200339523,41100
2016-08-23,15.533988952636719,15.643503727104523,15.499434264992612,15.555254311791368,31300
2016-08-24,15.571200370788574,15.60841372824614,15.480824639539652,15.523354335775148,17200
2016-08-25,15.544617652893066,15.576514669471479,15.486138944176082,15.512720636314654,29500
2016-08-26,15.70410442352295,15.720052424472696,15.533984639485448,15.533984639485448,22400
2016-08-29,15.666891098022461,15.693472791354234,15.60309706200205,15.682840114021525,27100
2016-08-30,15.666891098022461,15.736002486697148,15.624361402679547,15.698789130020588,13900
2016-08-31,15.682839393615723,15.741318102271425,15.581830991570744,15.677523055193578,38200
2016-09-01,15.597784996032715,15.682844410018847,15.422349827937795,15.656263723393756,43200
2016-09-02,15.61904525756836,15.672207630902783,15.521226855668672,15.565883898221866,15900
2016-09-06,15.666891098022461,15.666891098022461,15.528669334661009,15.640310418678611,29200
2016-09-07,15.576519012451172,15.677527442764744,15.438298230743955,15.677527442764744,47200
2016-09-08,15.491455078125,15.581830802227485,15.475507077040236,15.475507077040236,33700
2016-09-09,15.331974029541016,15.518041877343776,15.220332915264082,15.491460176807271,25300
2016-09-12,15.411712646484375,15.411712646484377,15.257542883907542,15.257542883907542,10700
2016-09-13,15.230962753295898,15.41171422726212,15.018314258626225,15.41171422726212,54900
2016-09-14,15.129520416259766,15.323764622717468,15.048584215326965,15.280599129155028,28200
2016-09-15,15.221247673034668,15.366931613936163,15.086355363862165,15.113334443184653,23900
2016-09-16,15.323771476745605,15.323771476745607,15.156505243019506,15.221252997750316,14500
2016-09-19,15.27520751953125,15.323768841802675,15.1888765086369,15.1888765086369,14400
2016-09-20,15.372332572937012,15.415498085148274,15.248231853973007,15.248231853973007,23400
2016-09-21,15.404704093933105,15.755424984803453,15.291934300577681,15.302186661326447,24200
2016-09-22,15.669095993041992,15.771613438861264,15.415497714396398,15.415497714396398,35000
2016-09-23,15.501824378967285,15.598947009091013,15.39660853938214,15.534199275106312,17700
2016-09-26,15.696076393127441,15.803990701732287,15.436003712124512,15.523414322677379,19200
2016-09-27,15.830965995788574,15.888159807778214,15.647512320731007,15.701469465597398,31800
2016-09-28,15.820173263549805,15.863338770619162,15.697691407391549,15.782403573507473,31700
2016-09-29,15.58276081085205,15.820171589179964,15.364235904693338,15.679883448765596,26600
2016-09-30,15.447874069213867,15.809385669225922,15.3561472146094,15.62593196001699,43000
2016-10-03,15.620534896850586,15.625929685323934,15.377728249670676,15.464059273301983,12000
2016-10-04,15.285999298095703,15.625927528071477,15.226646341613094,15.598949472841293,30700
2016-10-05,15.404704093933105,15.491035105152838,15.307582478171033,15.318373082713375,14000
2016-10-06,15.324843406677246,15.43707388997777,15.12412382051177,15.404698999616587,30700
2016-10-07,15.420891761779785,15.485640535680448,15.199668413768366,15.307582693887188,20700
2016-10-10,14.962255477905273,15.415493743032407,14.606139845183481,15.415493743032407,44400
2016-10-11,14.83276081085205,15.323768820563165,14.789595305464706,14.956861510197315,32200
2016-10-12,14.660099029541016,14.854344321540625,14.584559651161987,14.82196942010946,22100
2016-10-13,14.859736442565918,15.027002608437495,14.562972761471698,14.649303752189068,37900
2016-10-14,15.156501770019531,15.221249509913877,14.826285620776762,14.902904568664262,13000
2016-10-17,14.913694381713867,15.215853915687306,14.85973827771199,15.08096159738918,14500
2016-10-18,15.156501770019531,15.325386813287196,14.827364166591831,14.865133853054662,47300
2016-10-19,15.442472457885742,15.453263060783227,14.880240366486351,15.145708751551346,29500
2016-10-20,15.56657600402832,15.61513732801823,15.24283418714455,15.426287849073791,31800
2016-10-21,15.793193817138672,15.820171870751816,15.426286524777971,15.453264578391115,60200
2016-10-24,15.733840942382812,15.93887785578977,15.71225870521443,15.72304930922523,49300
2016-10-25,15.62592887878418,15.868735513431508,15.561181128976177,15.62592887878418,57700
2016-10-26,15.544992446899414,15.78240324541897,15.4802447022148,15.4802447022148,21700
2016-10-27,15.399312019348145,15.550390801026925,15.31297996377125,15.496433652221496,34500
2016-10-28,15.285999298095703,15.474848772147507,15.1403153299003,15.215855737009123,23200
2016-10-31,15.161896705627441,15.356140943171638,15.13491762461664,15.291393207039143,24000
2016-11-01,15.124129295349121,15.390676275102908,15.00002756233354,15.151107351269498,23800
2016-11-02,15.043190002441406,15.366931753219072,14.875923825712498,15.037795215674658,21800
2016-11-03,14.757221221923828,15.043192305080838,14.633120524359585,15.043192305080838,29800
2016-11-04,14.681683540344238,14.821971714151584,14.568374455238501,14.730244870860128,21400
2016-11-07,14.724849700927734,14.854346235900778,14.59535213680771,14.746431942183085,23400
2016-11-08,14.595353126525879,14.741037124179575,14.51441791532284,14.735641306213099,28900
2016-11-09,14.465849876403809,14.660095116556645,14.163691414391169,14.48743313826371,40200
2016-11-10,14.341754913330078,14.39031624268609,13.910099795884403,14.298589401585511,83500
2016-11-11,14.390314102172852,14.390314102172852,14.055780664052998,14.255421769392509,44100
2016-11-14,13.877720832824707,14.255419722023124,13.682397026472845,14.255419722023124,94300
2016-11-15,14.422688484191895,14.487437259042046,13.764414247425195,13.785996486277337,33000
2016-11-16,14.85434341430664,14.859739230882282,14.175564508804433,14.357939609962102,28400
2016-11-17,14.363334655761719,14.827363535751333,14.363334655761719,14.827363535751333,33300
2016-11-18,14.018011093139648,14.708120940320581,13.89930620978995,14.417292278021543,31300
2016-11-21,14.082759857177734,14.287795751767394,13.99534927083251,14.082759857177734,31600
2016-11-22,14.17988109588623,14.277002702124848,14.028801326492717,14.028801326492717,70200
2016-11-23,14.163694381713867,14.255421205542266,14.082759191076287,14.088155007671697,16000
2016-11-25,14.08815860748291,14.233302303143502,14.08276278950876,14.142114728930327,7800
2016-11-28,14.147501945495605,14.158293574882805,13.958653576951724,14.120523901174028,29900
2016-11-29,14.266212463378906,14.277003067139033,14.115132690122799,14.115132690122799,24300
2016-11-30,14.277002334594727,14.277002334594727,13.980239648909423,14.196067150239344,28100
2016-12-01,14.314772605895996,14.410815660922035,14.007217268205862,14.266211290952642,25400
2016-12-02,14.061177253723145,14.325566117006918,14.044990831553797,14.271610004246588,23600
2016-12-05,14.212254524230957,14.356319625035454,14.04498834022086,14.04498834022086,35200
2016-12-06,14.287796020507812,14.29319183745993,14.071968488157378,14.201465007567638,19200
2016-12-07,14.33635139465332,14.401100142062543,14.2068549289813,14.2068549289813,18200
2016-12-08,14.233839988708496,14.390315605066144,14.14211315167224,14.250027440825578,32700
2016-12-09,14.082759857177734,14.244630246109212,14.081141009207862,14.244630246109212,15700
2016-12-12,14.061177253723145,14.120530212735767,13.980242055435765,14.082760522144783,40100
2016-12-13,14.303589820861816,14.309074451707636,14.073240555769274,14.073240555769274,30400
2016-12-14,14.199384689331055,14.363920485280463,14.144540470101013,14.182931841996613,32900
2016-12-15,14.462639808654785,14.533937911717318,14.078724049156039,14.150022152218572,40000
2016-12-16,14.479093551635742,14.567942895931045,14.325528075182566,14.462640705493675,22800
2016-12-19,14.391342163085938,14.609625873139622,14.22680741815979,14.440702795781059,45400
2016-12-20,14.418766021728516,14.457157394346032,14.177447477450135,14.369405386624155,20000
2016-12-21,14.627176284790039,14.643630177964887,14.343079090923993,14.37488848654106,27200
2016-12-22,14.49554443359375,14.63814166503469,14.394629550272944,14.63814166503469,17000
2016-12-23,14.391342163085938,14.654598173402329,14.380372901134487,14.440702795781059,7400
2016-12-27,14.303589820861816,14.53393908595436,14.160992557129637,14.374887929684721,27200
2016-12-28,14.39682674407959,14.473609485300369,14.193899583027884,14.292620848075396,20100
2016-12-29,14.276167869567871,14.555877769259517,14.248744715037484,14.391341980336346,12600
2016-12-30,14.41328239440918,14.555879678411126,14.305785497506243,14.352952492615833,23800
2017-01-03,14.643632888793945,14.703413600048938,14.372697504008533,14.396829675915045,12500
2017-01-04,14.699024200439453,14.764289534388816,14.621692259227617,14.714928898906614,12400
2017-01-05,14.671050071716309,14.863007945423306,14.440700832485163,14.638143336422218,17300
2017-01-06,14.8849458694458,14.8849458694458,14.63265914776733,14.63265914776733,47500
2017-01-09,14.747836112976074,14.923340135385487,14.735222402093374,14.79171211857843,17400
2017-01-10,14.857525825500488,14.884947935197724,14.627176547349844,14.720413184841448,32100
2017-01-11,14.879461288452148,14.884945918865927,14.703957299556377,14.835585291228204,24300
2017-01-12,14.904145240783691,14.945279455885885,14.819136063832756,14.824620695585484,14900
2017-01-13,14.92334270477295,14.928827337178356,14.82462245973562,14.82462245973562,9600
2017-01-17,14.86301326751709,14.924439474350999,14.786229462888071,14.846559370935164,31200
2017-01-18,14.720412254333496,14.867944952603978,14.484578359933671,14.8630095171354,13700
2017-01-19,14.391342163085938,14.649113542426605,14.298105528671414,14.583300062890704,36600
2017-01-20,14.204870223999023,14.539973571554686,14.204870223999025,14.298106867141588,79000
2017-01-23,14.34197998046875,14.407794498978541,14.276166508045238,14.276166508045238,17100
2017-01-24,14.331012725830078,14.457157150124988,14.292621353861097,14.374888728949829,13800
2017-01-25,14.226804733276367,14.41218062249156,14.188413369777914,14.265196096774822,39200
2017-01-26,14.336495399475098,14.38585602700592,14.232290560097839,14.232290560097839,9800
2017-01-27,14.67653751373291,14.67653751373291,14.232292840850716,14.369405484611951,16000
2017-01-30,14.660083770751953,14.698475144026338,14.48457975230536,14.57781639286592,19300
2017-01-31,14.786226272583008,14.78622627258301,14.61620689560002,14.61620689560002,33400
2017-02-01,14.791712760925293,14.791712760925293,14.698476114210575,14.736868536105545,25400
2017-02-02,14.89592456817627,14.89592456817627,14.753327225801785,14.753327225801785,21500
2017-02-03,14.928829193115234,15.023163208477083,14.84107715589281,14.84107715589281,48600
2017-02-06,15.016578674316406,15.044001835084877,14.871787732936067,14.961734444952707,38000
2017-02-07,15.153688430786133,15.153688430786133,14.846556411746938,14.863010305049302,46800
2017-02-08,15.192084312438965,15.230475692811682,15.000126364488729,15.000126364488729,25500
2017-02-09,15.208532333374023,15.241440117030976,15.033028338215592,15.115295705185318,18500
2017-02-10,15.120782852172852,15.22114962146542,15.054969366079023,15.054969366079023,68400
2017-02-13,15.12626838684082,15.16465976370221,15.104330905528553,15.16465976370221,45400
2017-02-14,15.120782852172852,15.274349396535957,14.972700939331983,15.274349396535957,41900
2017-02-15,15.214021682739258,15.219506315049852,15.098847542476689,15.104332174787285,26900
2017-02-16,15.170145988464355,15.214022001782569,15.093363226679148,15.214022001782569,17800
2017-02-17,15.098844528198242,15.252410017891076,15.001219557080434,15.252410017891076,12400
2017-02-21,14.994640350341797,15.235958921129287,14.98915571849588,15.131753008230008,14200
2017-02-22,14.994640350341797,15.082392367703326,14.956248973506947,15.07690773585741,17700
2017-02-23,15.022056579589844,15.203045175268537,14.961727745087716,15.01657194989217,30300
2017-02-24,15.142722129821777,15.197566355593153,14.993542864837833,15.033031586105926,8000
2017-02-27,15.137234687805176,15.164656795599956,15.043998056782012,15.148203949357631,18900
2017-02-28,15.27983570098877,15.356618458533722,15.038517118021845,15.192083679198365,12500
2017-03-01,15.170145988464355,15.214022001782569,15.054971845786545,15.214022001782569,11400
2017-03-02,15.138336181640625,15.274352560963344,15.071425336945653,15.20305338248954,5400
2017-03-03,15.23047161102295,15.230471611022947,15.064839524314117,15.219502349260049,4700
2017-03-06,15.147112846374512,15.274353612990037,15.09336490714069,15.274353612990037,7500
2017-03-07,15.127911567687988,15.21950270879047,15.08239007177434,15.08239007177434,9900
2017-03-08,14.692992210388184,15.16465901935952,14.692992210388182,15.16465901935952,17000
2017-03-09,14.621688842773438,14.873976592521155,14.413826282231337,14.873976592521155,25300
2017-03-10,14.764288902282715,14.857525537969954,14.561361737756457,14.583300261958824,26100
2017-03-13,14.86301326751709,14.873982531905037,14.29756055518383,14.873982531905037,17900
2017-03-14,14.972705841064453,14.978190474382236,14.731388251603036,14.731388251603036,8400
2017-03-15,15.29691219329834,15.302482937224724,14.873546280000795,14.990528714922569,48600
2017-03-16,15.224493026733398,15.358187679203438,15.224493026733397,15.23563451340023,17200
2017-03-17,15.218923568725586,15.274629944253823,15.207782081117792,15.23006505633338,8200
2017-03-20,15.202211380004883,15.340918960127185,15.113080547632482,15.21892254778479,10700
2017-03-21,15.157642364501953,15.308049219141244,15.001665830070497,15.308049219141244,18400
2017-03-22,15.18549919128418,15.207781102555275,15.074086447396692,15.179928447838739,8300
2017-03-23,15.302478790283203,15.335903244783546,15.224490521470022,15.224490521470022,13600
2017-03-24,15.29691219329834,15.335907400783027,15.23229347627166,15.269059536177185,16500
2017-03-27,15.335905075073242,15.33590507507324,15.17992745632099,15.308051359665374,14700
2017-03-28,15.302478790283203,15.374897379190136,15.302478790283205,15.369326636773414,13000
2017-03-29,15.386040687561035,15.386040687561035,15.299139008079505,15.369328458330148,19100
2017-03-30,15.37490177154541,15.386043259561797,15.29134273644407,15.308053905957873,12400
2017-03-31,15.59215259552002,15.59215259552002,15.341475536514773,15.386040417838633,21700
2017-04-03,15.725850105285645,15.842833604148334,15.469602256603867,15.469602256603867,30500
2017-04-04,15.419461250305176,15.759269077988604,15.419461250305176,15.759269077988604,18900
2017-04-05,15.3470458984375,15.569871377461492,15.3470458984375,15.52530649415882,12200
2017-04-06,15.3693265914917,15.369326591491697,15.22449047661503,15.324761714799683,17100
2017-04-07,15.191072463989258,15.380473522626188,15.191072463989258,15.380473522626188,19000
2017-04-10,15.191072463989258,15.274074748877782,15.191072463989258,15.224495867716113,20200
2017-04-11,15.096366882324219,15.218920029981359,15.096366882324219,15.218920029981359,32500
2017-04-12,15.191072463989258,15.191072463989258,15.001671405352326,15.096371934670792,16300
2017-04-13,15.163215637207031,15.202210839832777,14.996097590282066,15.05737470332618,15400
2017-04-17,15.179927825927734,15.252345362730237,15.051803919463739,15.05737466268095,33400
2017-04-18,15.280200958251953,15.280200958251955,15.07965842780848,15.124223316516945,16700
2017-04-19,15.285774230957031,15.355406947490623,15.13536730824185,15.18550294914691,4400
2017-04-20,15.224493026733398,15.35763092362329,15.213351540066565,15.230063770066813,23500
2017-04-21,15.224493026733398,15.35261693587002,15.124221771753206,15.252345680889828,33800
2017-04-24,15.196637153625488,15.363755168186442,15.157641958551539,15.235631286189017,9700
2017-04-25,15.174360275268555,15.30248420868875,15.113083149497657,15.202213997214804,21700
2017-04-26,15.057369232177734,15.285764309158651,15.01280436502317,15.174351610017121,56400
2017-04-27,15.101937294006348,15.22449043897881,15.035089447878342,15.113077716268958,28900
2017-04-28,15.11864948272705,15.269056349820119,15.062944180109357,15.174355847855283,17000
2017-05-01,15.135363578796387,15.213351862093724,15.068515719891048,15.191069950799058,21900
2017-05-02,15.124220848083496,15.174356472511699,15.068514480662095,15.174356472511699,29600
2017-05-03,15.174360275268555,15.174360275268555,15.040665597459109,15.146507615833155,43700
2017-05-04,15.068512916564941,15.146502247863918,15.057372494245492,15.146502247863918,27600
2017-05-05,15.241203308105469,15.24120330810547,15.040660823784972,15.107508672728642,25900
2017-05-08,15.196637153625488,15.238416126010515,15.107507404191592,15.20220789577891,15300
2017-05-09,15.386040687561035,15.436175250232496,15.235633812014855,15.235633812014855,10500
2017-05-10,15.3693265914917,15.447314860075108,15.285767580507978,15.441744117674798,12600
2017-05-11,15.335905075073242,15.33590507507324,15.207780109218255,15.324763588910095,14100
2017-05-12,15.324761390686035,15.368211692974842,15.16878379430762,15.16878379430762,35100
2017-05-15,15.358185768127441,15.402750646738747,15.255129685559515,15.347044282846985,15700
2017-05-16,15.341475486755371,15.374898882012214,15.19663935729495,15.374898882012214,17600
2017-05-17,15.335905075073242,15.358186984888933,15.277412803972021,15.341475818154814,13200
2017-05-18,15.402751922607422,15.40275192260742,15.28019876190241,15.358187040304635,10900
2017-05-19,15.49744987487793,15.540901238901874,15.374896734381197,15.402749382786228,13500
2017-05-22,15.60719108581543,15.608862414702251,15.48018071552101,15.608862414702251,6300
2017-05-23,15.731422424316406,15.731422424316404,15.596613168680665,15.675716041304959,13700
2017-05-24,15.764840126037598,15.78155235364849,15.648414475793404,15.78155235364849,11300
2017-05-25,15.759271621704102,15.79269501690888,15.675711539926294,15.709135997641647,13200
2017-05-26,15.81497859954834,15.814978599548342,15.73699031498194,15.73699031498194,7000
2017-05-30,15.809406280517578,15.81497702350441,15.733646088415727,15.781553628094006,12200
2017-05-31,15.69800090789795,15.848407841368724,15.692430162675587,15.848407841368724,23800
2017-06-01,15.803838729858398,15.809408411085249,15.67627156704685,15.709138211341045,19700
2017-06-02,15.862325668334961,15.865110508197501,15.759269593253896,15.865110508197501,13200
2017-06-05,15.920819282531738,15.926390025612097,15.853971428078022,15.853971428078022,11700
2017-06-06,15.930288314819336,16.015518659161327,15.850070895138325,16.015518659161327,13500
2017-06-07,15.937529563903809,15.98097986710532,15.82723141441866,15.87625246001968,13300
2017-06-08,15.853973388671875,15.98209837034362,15.759273932126481,15.98209837034362,14800
2017-06-09,15.85954475402832,15.90410964341839,15.792697951198601,15.90410964341839,17300
2017-06-12,15.915247917175293,15.915247917175293,15.7865672633353,15.892966008235664,12100
2017-06-13,15.98766803741455,16.004379205086206,15.837817908891907,15.948672833655817,10600
2017-06-14,16.17536735534668,16.192327902882052,15.963916948243035,16.079253631969245,13900
2017-06-15,16.19232749938965,16.26017292293987,16.13692103253738,16.158405326797748,18100
2017-06-16,16.147666931152344,16.254522281338755,16.113178609327115,16.158408541236174,9800
2017-06-19,16.265832901000977,16.265832901000977,15.98371057136792,16.197987451995306,17600
2017-06-20,16.254520416259766,16.28278871607187,16.03063211724435,16.265828167531215,9500
2017-06-21,16.276575088500977,16.288447907700927,16.165195966696547,16.271487353624924,7200
2017-06-22,16.265832901000977,16.36760053532607,16.24321739187681,16.28279345447727,18300
2017-06-23,16.107526779174805,16.158410593832077,16.068515782713114,16.158410593832077,20100
2017-06-26,16.07925796508789,16.20929389694525,16.011412521563717,16.20929389694525,21200
2017-06-27,16.022724151611328,16.294103834629787,16.000108638842953,16.14710623673637,19500
2017-06-28,16.022724151611328,16.045338586012697,16.000108638842953,16.045338586012697,14000
2017-06-29,16.00575828552246,16.02837379231187,15.90399066170354,16.02271991561452,18800
2017-06-30,15.988799095153809,16.03968291139574,15.974663863023531,16.005759648323245,25700
2017-07-03,16.03403091430664,16.03403091430664,15.896644810017415,16.005761525098137,2900
2017-07-05,16.130142211914062,16.265832024244663,15.80787769446627,15.80787769446627,12200
2017-07-06,16.084911346435547,16.107525774669167,16.045900352406676,16.096218021369,7200
2017-07-07,16.056638717651367,16.079254219680415,15.966178866268152,15.977486617282677,24300
2017-07-10,16.22060203552246,16.24321646498935,15.85876145875132,15.85876145875132,13200
2017-07-11,16.1810245513916,16.237561159267482,16.12448686514905,16.12448686514905,16500
2017-07-12,16.158409118652344,16.215511869289333,16.0962175556675,16.16971687162535,7100
2017-07-13,16.141450881958008,16.169720270332448,16.11318257195047,16.169720270332448,13900
2017-07-14,16.17536735534668,16.2262511546857,16.11882968070705,16.124483556007657,21300
2017-07-17,16.113178253173828,16.164062060242653,16.113178253173828,16.164062060242653,9200
2017-07-18,16.19798469543457,16.19798469543457,16.000103337740725,16.158408639569128,27000
2017-07-19,16.130142211914062,16.390214082622684,16.130142211914062,16.254524270292087,13200
2017-07-20,16.25848388671875,16.282794590192744,16.135798084100053,16.169720271785526,12500
2017-07-21,16.373252868652344,16.37890674577261,16.090565482839697,16.209294745631745,44400
2017-07-24,16.26017951965332,16.339331647268377,16.141450249863876,16.339331647268377,32800
2017-07-25,16.311063766479492,16.316717644081372,16.175373939135046,16.209296126379435,38900
2017-07-26,16.147106170654297,16.27714321180626,16.135799492683386,16.27714321180626,6700
2017-07-27,16.214946746826172,16.230777169584766,16.113179127168543,16.15275518406503,6600
2017-07-28,16.24886703491211,16.270916395705612,16.12052739701329,16.192329355201515,7400
2017-07-31,16.328020095825195,16.328020095825195,16.316713421914077,16.316713421914077,9300
2017-08-01,16.33367347717285,16.339327353140444,16.254521370359708,16.32801960120526,9800
2017-08-02,16.34498405456543,16.373252360923384,16.214948119932014,16.36194568540026,16700
2017-08-03,16.356290817260742,16.378905245303315,16.237561565345466,16.333675310851472,10900
2017-08-04,16.34498405456543,16.37890623786833,16.2941002404277,16.37890623786833,4400
2017-08-07,16.361942291259766,16.361942291259766,16.265828559867195,16.361942291259766,5600
2017-08-08,16.38456153869629,16.38456153869629,16.28279390157682,16.350639352445416,12700
2017-08-09,16.24886703491211,16.373249067582183,16.135792753857466,16.373249067582183,17400
2017-08-10,15.988799095153809,16.186679404575976,15.8587620767762,16.186679404575976,30700
2017-08-11,15.813538551330566,16.084919374142466,15.56477432477326,16.073611615198793,36800
2017-08-14,16.039684295654297,16.039684295654297,15.894382982557747,16.039684295654297,6800
2017-08-15,15.954873085021973,16.08491008101022,15.915297029951617,16.08491008101022,16100
2017-08-16,16.050989151000977,16.05664302802601,15.971837029384053,16.028374721267618,15200
2017-08-17,16.050989151000977,16.18102616584321,16.034028598292654,16.18102616584321,6600
2017-08-18,16.135799407958984,16.14710608587053,16.056646192376228,16.14710608587053,9600
2017-08-21,16.03403091430664,16.135798558723394,16.018200487696653,16.135798558723394,7400
2017-08-22,15.920948028564453,16.101867720967117,15.9068138797892,16.101867720967117,11000
2017-08-23,15.892684936523438,16.017066996198913,15.892684936523436,15.966183181248313,9900
2017-08-24,15.926607131958008,16.011413130815125,15.876288381164281,15.937914886036765,8300
2017-08-25,15.932262420654297,16.01706842702554,15.926608543113964,15.977492362610086,9100
2017-08-28,16.056638717651367,16.101868643342975,15.972397805816193,16.101868643342975,9600
2017-08-29,16.06229591369629,16.10752584873822,15.954874413584179,16.10752584873822,7400
2017-08-30,16.141450881958008,16.141450881958008,15.966184987504088,16.141450881958008,5800
2017-08-31,16.22060203552246,16.225689769928294,16.000105147611375,16.164064344305086,11700
2017-09-01,16.19232749938965,16.24886517262043,16.00010005742485,16.24886517262043,4700
2017-09-05,16.214946746826172,16.254522803722654,16.067949193805894,16.254522803722654,11600
2017-09-06,16.16971778869629,16.226255478401185,16.09056459176274,16.226255478401185,19300
2017-09-07,16.06229591369629,16.18102516716056,16.022719855330436,16.18102516716056,31400
2017-09-08,16.00010108947754,16.243212345194777,16.00010108947754,16.034024342624008,25000
2017-09-11,16.022724151611328,16.14032222992606,16.000108638842953,16.08491573335735,16700
2017-09-12,16.00575828552246,16.062295974129274,15.983143857099765,16.045334344037215,11800
2017-09-13,15.892684936523438,16.03968250433997,15.892684936523436,16.017066996198913,19800
2017-09-14,15.875720977783203,15.994450221382591,15.870067101576886,15.95487308793838,14300
2017-09-15,15.928531646728516,15.974451694169515,15.928531646728514,15.962971408604192,7200
2017-09-18,15.888345718383789,16.008885386659074,15.809133310762961,15.980185778446828,31400
2017-09-19,15.756331443786621,15.945751772741836,15.756331443786621,15.922791202046527,24300
2017-09-20,15.762066841125488,15.934841482685966,15.723609098420004,15.83668758378271,45700
2017-09-21,15.750587463378906,15.894087710798999,15.750587463378906,15.767806792384516,104200
2017-09-22,15.68744945526123,15.802250109062362,15.574945734185066,15.704669881777452,45400
2017-09-25,15.727627754211426,15.78445438955458,15.602495295169993,15.756328462149405,11400
2017-09-26,15.767814636230469,15.767814636230469,15.650719199390101,15.756335442789632,5900
2017-09-27,15.84931755065918,15.871129653022836,15.630049155478329,15.790769852114725,25700
2017-09-28,15.802250862121582,15.87113038182859,15.693190345295225,15.87113038182859,11600
2017-09-29,15.813730239868164,15.813730239868164,15.704670816567727,15.802251049660912,16500
2017-10-02,15.767814636230469,15.91705509916682,15.756335442789632,15.813734694455459,44100
2017-10-03,15.807988166809082,15.849315433286366,15.71098163808651,15.84242792048016,15100
2017-10-04,15.825213432312012,15.90557325262771,15.733373324859658,15.813733145175357,17700
2017-10-05,15.68860149383545,15.865393095781078,15.658753404636517,15.865393095781078,26200
2017-10-06,15.463592529296875,15.67023221541251,15.383231617365977,15.641532593536015,40300
2017-10-09,15.360270500183105,15.489994660316867,15.285649739552188,15.469331022355837,36700
2017-10-10,15.50090217590332,15.589872757482915,15.354532349248295,15.38323197178601,24900
2017-10-11,15.446372032165527,15.595612473879735,15.38897169384154,15.572651900621983,36300
2017-10-12,15.60708999633789,15.618569186113296,15.452109438757844,15.475068913128851,30000
2017-10-13,15.693187713623047,15.719591488588938,15.572646932119556,15.612827922500747,24500
2017-10-16,15.744274139404297,15.744274139404295,15.62430704411395,15.62430704411395,11800
2017-10-17,15.675966262817383,15.74484686128383,15.647266652101344,15.687446545031785,11300
2017-10-18,15.641531944274902,15.67023156496011,15.475071078803714,15.67023156496011,25500
2017-10-19,15.615119934082031,15.64152370257842,15.57838325655596,15.64152370257842,19100
2017-10-20,15.704670906066895,15.704670906066895,15.543950199226824,15.612830814964067,35900
2017-10-23,15.647273063659668,15.732799340007896,15.615702822043959,15.710413546891083,63000
2017-10-24,15.675966262817383,15.71155448079005,15.653006793208545,15.653006793208545,30000
2017-10-25,15.603072166442871,15.688023645754246,15.526729258436308,15.66449048535785,18800
2017-10-26,15.698931694030762,15.744851742303958,15.587001644791115,15.630051074210812,29500
2017-10-27,15.675966262817383,15.710407109460592,15.601346618063701,15.647266652101344,19000
2017-10-30,15.463592529296875,15.70467307544878,15.452112242618119,15.70467307544878,115700
2017-10-31,15.670231819152832,15.785032493396592,15.525010466138383,15.543951953340994,55000
2017-11-01,15.647273063659668,15.687452973054052,15.618572346363377,15.675972686135536,6700
2017-11-02,15.681713104248047,15.681713104248047,15.580688548272496,15.653013481269525,39800
2017-11-03,15.624309539794922,15.733370055288253,15.624309539794922,15.716149628161869,36100
2017-11-06,15.589869499206543,15.724760105546654,15.561169882667034,15.63004940028993,23200
2017-11-07,15.601349830627441,15.632345285204817,15.538209360266576,15.555429787134138,17000
2017-11-08,15.566913604736328,15.63005299460694,15.4750724020855,15.572652653507838,18000
2017-11-09,15.434891700744629,15.587002761084825,15.394711792480559,15.45211213063797,29700
2017-11-10,15.142152786254883,15.377494310543216,14.952732413882728,15.377494310543216,40200
2017-11-13,15.320090293884277,15.34878991213327,15.131243652723551,15.188069203406231,25700
2017-11-14,15.35452938079834,15.360269523160241,15.176589346860242,15.30860933672334,21700
2017-11-15,15.274164199829102,15.4348837500973,15.165103722990093,15.383223581848286,15200
2017-11-16,15.469330787658691,15.498030406038064,15.337309696580892,15.337309696580892,10800
2017-11-17,15.469330787658691,15.526730024417436,15.388969885519973,15.469330787658691,14400
2017-11-20,15.53189754486084,15.589871566227814,15.31492495542251,15.515251896439345,24500
2017-11-21,15.469330787658691,15.601350783916226,15.434889931819127,15.57265007071659,91200
2017-11-22,15.492286682128906,15.54968700043899,15.406186752073786,15.54394685912598,16500
2017-11-24,15.612831115722656,15.612831115722656,15.498604138042154,15.54969064131556,5600
2017-11-27,15.618572235107422,15.640959122885183,15.503772651201276,15.62431237852579,14700
2017-11-28,15.503769874572754,15.675969767002249,15.463589972660552,15.675969767002249,13300
2017-11-29,15.245463371276855,15.532463817019071,15.113443428992195,15.463584323140037,140600
2017-11-30,15.153632164001465,15.434892633670477,15.084752629905623,15.245472272676226,99300
2017-12-01,15.343046188354492,15.354526470902622,15.155348057454583,15.245465976335396,15000
2017-12-04,15.371746063232422,15.485971912393573,15.27416585649166,15.35452564034172,31100
2017-12-05,15.382655143737793,15.406189398718102,15.329847586298262,15.366009497444503,12800
2017-12-06,15.44062614440918,15.475065896662647,15.314346322933144,15.377486781081155,19700
2017-12-07,15.543378829956055,15.549692659252079,15.457852554461683,15.469332841265585,24400
2017-12-08,15.572653770446777,15.60135449046509,15.50951437604753,15.584134058454103,22700
2017-12-11,15.624309539794922,15.687450011104778,15.543949736178895,15.572649353235986,83500
2017-12-12,15.56346321105957,15.66448772807953,15.429146312158709,15.66448772807953,44100
2017-12-13,15.406187057495117,15.607087628153174,15.302866701452684,15.601347486726368,31800
2017-12-14,15.553146362304688,15.611463593832086,15.343204773729525,15.529819024770259,28700
2017-12-15,15.477334022521973,15.60563103608842,15.471502188408685,15.599799201975133,20100
2017-12-18,15.553146362304688,15.57064186545551,15.439428372596034,15.512324633928113,27000
2017-12-19,15.570062637329102,15.5700626373291,15.465675773358129,15.547319254934198,18100
2017-12-20,15.535650253295898,15.675610936118273,15.45400679972667,15.535650253295898,29900
2017-12-21,15.611465454101562,15.652287187342475,15.485500930869943,15.588138113787437,37200
2017-12-22,15.518157005310059,15.623127803230103,15.437096395497601,15.523988839895473,112300
2017-12-26,15.553146362304688,15.593968090681264,15.477334739935143,15.477334739935143,12100
2017-12-27,15.529824256896973,15.56481527498738,15.50124903740614,15.56481527498738,3600
2017-12-28,15.384028434753418,15.558980151314248,15.384028434753418,15.459841178955756,190500
2017-12-29,15.436515808105469,15.580558705698415,15.319882427825284,15.506496726120744,63000
2018-01-02,15.279060363769531,15.564813640988435,15.229490316166524,15.535654462307567,20000
2018-01-03,15.35487174987793,15.529822369835149,15.240570885803542,15.308218177068744,228500
2018-01-04,15.31405258178711,15.486670718908547,15.302388908550892,15.384032396586214,19900
2018-01-05,15.389862060546875,15.457510465919421,15.308218584037537,15.308218584037537,18800
2018-01-08,15.471503257751465,15.509408513644791,15.346121596421353,15.360700626557918,39600
2018-01-09,15.611465454101562,15.611465454101562,15.395692005431128,15.40735567558819,143300
2018-01-10,15.72810173034668,15.733933566504806,15.541487422522687,15.58230916332056,71800
2018-01-11,15.722265243530273,15.733928912396404,15.644703958957006,15.733928912396404,17200
2018-01-12,15.798080444335938,15.803912279679134,15.687277797432952,15.687277797432952,18500
2018-01-16,15.768924713134766,15.798082781856177,15.663953886043252,15.798082781856177,50800
2018-01-17,15.67561149597168,15.780582289914644,15.658117105186966,15.768919733494393,30700
2018-01-18,15.658702850341797,15.710605407166605,15.634792658718933,15.658120000490179,18900
2018-01-19,15.628959655761719,15.751425966294526,15.598051931301676,15.751425966294526,40500
2018-01-22,15.640624046325684,15.70477312205096,15.599802311703725,15.70477312205096,8300
2018-01-23,15.786413192749023,15.891383980497833,15.599798953332737,15.640620679166473,57100
2018-01-24,15.722265243530273,15.798077978851438,15.658700139134627,15.78641430998531,23000
2018-01-25,15.696022987365723,15.773584268629799,15.652284787138187,15.69310651411928,8600
2018-01-26,15.704773902893066,15.728100132847318,15.640624823978294,15.640624823978294,17000
2018-01-29,15.541486740112305,15.628962054025227,15.4656750980035,15.605635822725965,64600
2018-01-30,15.407353401184082,15.599799481131868,15.360699839751547,15.424848903837024,38600
2018-01-31,15.378198623657227,15.448178424583325,15.31463239573777,15.448178424583325,31700
2018-02-01,15.308215141296387,15.424849606344027,15.308215141296387,15.308215141296387,40200
2018-02-02,15.244067192077637,15.337374326034121,15.168255562853783,15.284888924145001,55800
2018-02-05,15.168252944946289,15.273223730607492,15.098272050402628,15.098272050402628,23400
2018-02-06,15.296551704406738,15.297135666480008,15.086611221367972,15.133264785633111,39200
2018-02-07,15.360701560974121,15.465672364036847,15.279058097395898,15.290720654829382,20100
2018-02-08,15.1915864944458,15.419023677163569,15.151931562004496,15.419023677163569,23200
2018-02-09,15.104105949401855,15.244066645316593,15.045788714693531,15.244066645316593,76300
2018-02-12,14.999137878417969,15.290722992703529,14.993306042655185,15.115772369055767,36000
2018-02-13,15.028301239013672,15.140852474858036,14.993310214700353,15.098281063021819,40300
2018-02-14,14.905828475952148,15.092442742895404,14.905828475952148,15.051621011040163,69700
2018-02-15,14.9740571975708,15.03995591954026,14.91748963229983,15.016628583948338,34400
2018-02-16,15.098275184631348,15.14492875324234,14.981641819258272,14.981641819258272,63600
2018-02-20,15.10993766784668,15.156591232792637,15.074947772214395,15.09827399853301,66800
2018-02-21,15.121599197387695,15.185748257226786,15.109935529724485,15.109935529724485,51300
2018-02-22,15.15658950805664,15.279055797296746,15.063282388782559,15.063282388782559,63800
2018-02-23,15.331542015075684,15.331542015075685,15.16825399141418,15.232403056479175,85900
2018-02-26,15.42485237121582,15.471505943135691,15.29072237867591,15.29072237867591,41700
2018-02-27,15.42485237121582,15.50649584399837,15.302386049733101,15.343207786124378,24300
2018-02-28,15.529824256896973,15.628963250201695,15.36070545202953,15.36070545202953,17700
2018-03-01,15.698941230773926,15.891387344954415,15.529821345304699,15.529821345304699,26200
2018-03-02,15.850568771362305,15.862232444198298,15.506498208863901,15.669786291640637,23100
2018-03-05,15.833067893981934,15.856395231744902,15.754339797494952,15.768919939751148,48100
2018-03-06,15.827238082885742,15.870976290628429,15.67561370496895,15.803911854449451,25800
2018-03-07,15.932208061218262,15.93803989610058,15.821405423071745,15.821405423071745,26800
2018-03-08,15.978862762451172,16.06633806727907,15.900134654413407,15.920545521796289,19600
2018-03-09,16.05467414855957,16.11299027196403,15.996356912846354,16.037178644152977,18900
2018-03-12,15.932208061218262,16.010936163666408,15.897218164233118,15.897218164233118,946100
2018-03-13,16.04884147644043,16.077999536621398,15.893717793259777,15.932207011099173,16900
2018-03-14,16.043014526367188,16.112994337030898,16.025519017546742,16.078004431699043,36400
2018-03-15,16.038270950317383,16.136585531508068,16.026425575071894,16.109342072153165,24700
2018-03-16,16.061960220336914,16.10934058731455,16.01457985335928,16.07380446485353,16800
2018-03-19,16.05011749267578,16.06196286878263,15.967200989565086,16.06196286878263,47900
2018-03-20,16.038270950317383,16.085651321662187,15.99089057897258,16.085651321662187,9800
2018-03-21,15.913896560668945,16.06788190736032,15.854670819059997,16.06788190736032,52800
2018-03-22,15.937589645385742,15.961280399036038,15.87007235304717,15.961280399036038,8700
2018-03-23,15.945286750793457,16.002735576778225,15.896129461357537,15.984967514329067,17400
2018-03-26,15.990891456604004,16.032349142601394,15.955948388458031,16.02050376670579,18700
2018-03-27,16.032352447509766,16.097500898728057,15.919823612579293,15.949437058422813,13000
2018-03-28,15.990891456604004,16.067884140650982,15.931665706763212,15.996814144551806,12300
2018-03-29,15.949435234069824,16.071439454004985,15.937589857087332,15.996815612362468,33200
2018-04-02,15.979048728942871,16.07380949253811,15.890210654277011,15.890210654277011,27900
2018-04-03,15.896135330200195,16.03827649336049,15.670485711225856,16.03827649336049,31300
2018-04-04,15.913896560668945,15.919818118156483,15.82505738343699,15.836902757686193,23100
2018-04-05,15.949435234069824,15.95535792256107,15.81913834653706,15.896132167285934,15500
2018-04-06,15.890206336975098,15.937586705899673,15.830980593410107,15.937586705899673,13100
2018-04-09,15.913896560668945,15.931663492405685,15.866516193309199,15.89020581217054,30400
2018-04-10,15.943509101867676,15.955354476291632,15.866516427386122,15.93166372744372,34500
2018-04-11,15.759916305541992,15.919824402481431,15.700690540553767,15.919824402481431,38900
2018-04-12,15.68292236328125,15.819140831062157,15.63554197754713,15.75399350670118,23000
2018-04-13,15.55262565612793,15.641463732869358,15.53485758892467,15.605928728100274,21600
2018-04-16,15.546693801879883,15.585190693306643,15.52300305957518,15.570384544184586,8700
2018-04-17,15.576312065124512,15.576312065124512,15.416404011877512,15.534854379851689,46600
2018-04-18,15.641461372375488,15.641461372375488,15.469707933880146,15.499320245112605,46100
2018-04-19,15.635542869567871,15.635542869567871,15.573356321551076,15.594085170890008,14400
2018-04-20,15.842825889587402,15.84874857687828,15.600001358846939,15.665149789409487,90700
2018-04-23,15.836906433105469,15.866519875601144,15.75399105339223,15.789526054749714,226600
2018-04-24,15.80136775970459,15.890205807272096,15.745102796856756,15.890205807272096,143600
2018-04-25,15.73029899597168,15.765835124021939,15.706609373575404,15.765835124021939,21100
2018-04-26,15.718452453613281,15.789522440058215,15.688839017897005,15.742142072549237,25000
2018-04-27,15.68292236328125,15.736225438436822,15.558549274343248,15.736225438436822,24900
2018-04-30,15.582234382629395,15.671072438907935,15.55262207374894,15.671072438907935,9700
2018-05-01,15.605928421020508,15.606520351024406,15.552625350097015,15.600005732069297,14100
2018-05-02,15.605928421020508,15.635540736139154,15.552625350097015,15.558548039048226,13200
2018-05-03,15.676996231079102,15.682918919199889,15.588158168541788,15.605926232904151,10700
2018-05-04,15.653304100036621,15.777677141732577,15.65330410003662,15.688839093430168,14500
2018-05-07,15.777679443359375,15.795447507466667,15.617771384942696,15.653306383520043,12900
2018-05-08,15.736225128173828,15.753993196087862,15.69476743267856,15.69476743267856,6800
2018-05-09,15.70068645477295,15.753989516427575,15.544923038390277,15.753989516427575,25500
2018-05-10,15.736225128173828,15.753993196087862,15.713719360671043,15.748070506783185,9400
2018-05-11,15.718452453613281,15.736219385405983,15.642050580211231,15.706607079326771,19500
2018-05-14,15.795449256896973,15.866520391560412,15.756952345219387,15.78952656820524,27900
2018-05-15,15.659228324890137,15.813214817565882,15.653305637136778,15.795446754305809,20400
2018-05-16,15.736225128173828,15.759915885392541,15.647387047878615,15.742147817478507,13400
2018-05-17,15.600003242492676,15.7125320553326,15.552622868081743,15.676995927296478,16100
2018-05-18,15.611852645874023,15.629619584838165,15.564472259240434,15.594084577272355,6300
2018-05-21,15.605928421020508,15.692989576364754,15.564470727999439,15.641463425090366,15200
2018-05-22,15.629615783691406,15.629615783691406,15.552623097750635,15.629615783691406,12600
2018-05-23,15.600003242492676,15.647383616903607,15.576312490468593,15.647383616903607,10100
2018-05-24,15.78952407836914,15.801369453884721,15.659228336609313,15.659228336609313,7400
2018-05-25,15.848752975463867,15.91982298340462,15.6769983852718,15.6769983852718,17500
2018-05-29,15.771758079528809,15.872441525315757,15.771758079528809,15.836906523754873,13400
2018-05-30,15.813216209411621,15.890208897707634,15.771757391489,15.866519274246278,29500
2018-05-31,15.70068645477295,15.82505951220893,15.653306081039641,15.82505951220893,11900
2018-06-01,15.80136775970459,15.801367759704592,15.64738128342362,15.676993589400434,14900
2018-06-04,15.80136775970459,15.801367759704592,15.724373956745573,15.801367759704592,16700
2018-06-05,15.961277961730957,15.990890269634686,15.772348409877646,15.801368787921698,22200
2018-06-06,15.990891456604004,16.044194518496997,15.937588394711014,15.9731233927606,80900
2018-06-07,16.038270950317383,16.061961700808364,15.984967891349836,16.008658641840817,39600
2018-06-08,16.08565330505371,16.091575993406735,16.050118304572866,16.061963681278915,10900
2018-06-11,16.079730987548828,16.09394521399645,16.032350609269198,16.032350609269198,5400
2018-06-12,16.127107620239258,16.150798368695458,16.067881878735818,16.115262246011156,50200
2018-06-13,16.00865936279297,16.15080048322872,15.963647838542732,16.15080048322872,16100
2018-06-14,16.032352447509766,16.07381014205324,15.963651286500212,15.984972063797585,10200
2018-06-15,16.11778450012207,16.11958841167707,16.033554912304904,16.111768019026098,18400
2018-06-18,16.099733352661133,16.137034842991895,16.045586176055355,16.105749833120253,9300
2018-06-19,16.09371566772461,16.141846360269092,16.02753553515361,16.135829880260253,14600
2018-06-20,16.08770179748535,16.129816016852825,16.015506320720093,16.129816016852825,12800
2018-06-21,15.98542594909668,16.06303661287808,15.97940946734656,16.027540173820963,10700
2018-06-22,15.973387718200684,16.10574797800299,15.955339426428498,16.10574797800299,12600
2018-06-25,15.991436958312988,16.02151820924273,15.907208537688783,16.02151820924273,15400
2018-06-26,15.841032981872559,15.91924494538515,15.829000019016313,15.871114241486671,25200
2018-06-27,15.798916816711426,15.949325391340217,15.798916816711426,15.822981591938326,16300
2018-06-28,15.847046852111816,15.8735191365283,15.768833753960248,15.780866714833769,13300
2018-06-29,15.919243812561035,15.949326217560962,15.835015373614072,15.835015373614072,14300
2018-07-02,16.15388298034668,16.232094943129972,15.889163537610205,15.889163537610205,39100
2018-07-03,16.412582397460938,16.59307220953935,16.060024468374515,16.159895972035415,32500
2018-07-05,16.56900405883789,16.56900405883789,16.359033192951923,16.430627340427428,31700
2018-07-06,16.532909393310547,16.671284999410965,16.466730404212168,16.53892587368791,36000
2018-07-09,16.56900405883789,16.63518303109402,16.4607097346584,16.562987579991695,41900
2018-07-10,16.641199111938477,16.641199111938477,16.502823544363498,16.57501899373915,36400
2018-07-11,16.68933868408203,16.74950235562695,16.587060786713646,16.587060786713646,22500
2018-07-12,16.629169464111328,16.683316635682555,16.502826828795936,16.671283675883124,18400
2018-07-13,16.430635452270508,16.61112646418716,16.336780401480226,16.593077018737524,17000
2018-07-16,16.304288864135742,16.406566735420085,16.189978032105877,16.406566735420085,25200
2018-07-17,16.364450454711914,16.447475119313,16.274204408038226,16.274204408038226,12100
2018-07-18,16.328353881835938,16.39453401939789,16.274206705199123,16.352419803686217,8200
2018-07-19,16.442663192749023,16.442663192749023,16.322335889694266,16.388516021127003,6200
2018-07-20,16.695348739624023,16.719414657989184,16.37949102000123,16.502825982807316,46300
2018-07-23,16.562992095947266,16.641204047220533,16.448681261754345,16.635187566733926,11200
2018-07-24,16.496810913085938,16.56900752682543,16.447476464736766,16.56900752682543,34200
2018-07-25,16.250141143798828,16.520875866343534,16.226075223114183,16.520875866343534,22900
2018-07-26,16.34640121459961,16.394531904565174,16.21404210407584,16.304287004320507,19000
2018-07-27,16.34038734436035,16.38009519861117,16.268191871645964,16.376485080717547,10800
2018-07-30,16.15388298034668,16.286242127951674,16.129817054858595,16.286242127951674,9400
2018-07-31,16.027538299560547,16.238110546084194,15.985424079761103,16.16591506857841,30700
2018-08-01,15.81094741821289,16.117781002362104,15.77484853947097,16.03355143282381,33100
2018-08-02,15.997454643249512,15.99745464324951,15.798915388587279,15.847046082216721,14800
2018-08-03,15.973387718200684,16.085893480022172,15.859078045222917,15.973387718200682,13300
2018-08-06,15.973387718200684,16.00286881331253,15.895175776293465,15.937289987130134,17200
2018-08-07,15.973387718200684,15.983014315331713,15.92646078256159,15.973387718200682,5900
2018-08-08,16.021516799926758,16.0395662374126,15.913223617589889,15.913223617589889,8300
2018-08-09,15.997454643249512,16.045585336878954,15.901193255990625,15.99745464324951,14500
2018-08-10,15.934280395507812,15.961353977420691,15.883140897438581,15.961353977420691,8100
2018-08-13,15.901198387145996,16.003476287553383,15.853067677985262,16.003476287553383,17500
2018-08-14,15.973387718200684,16.075665579172384,15.884947875443677,15.937289987130134,10700
2018-08-15,16.09371566772461,16.111765107751125,15.961356550108839,16.039568495171288,8700
2018-08-16,16.12981605529785,16.165312489924528,16.02753817336461,16.093718316829182,9900
2018-08-17,16.15388298034668,16.15388298034668,16.051605092075302,16.15388298034668,6500
2018-08-20,16.171934127807617,16.298277963839617,15.995054363900186,16.153885828036397,28000
2018-08-21,16.22005844116211,16.286238574287317,16.069649882260265,16.226074921221333,18600
2018-08-22,16.147863388061523,16.286238990380244,16.12981394742272,16.286238990380244,16200
2018-08-23,16.105749130249023,16.15989630449176,16.099732650052466,16.15989630449176,18400
2018-08-24,16.12380027770996,16.220061682843486,16.099735500189812,16.099735500189812,14500
2018-08-27,16.12380027770996,16.2140463491083,16.099735500189812,16.117784943974772,21700
2018-08-28,16.394529342651367,16.394529342651367,16.159892409175864,16.18395717663505,29700
2018-08-29,16.44868278503418,16.514862928989363,16.340388421298943,16.340388421298943,22700
2018-08-30,16.45469856262207,16.468535435657447,16.424616158689215,16.424616158689215,6500
2018-08-31,16.490793228149414,16.514859146813052,16.451686684084088,16.484776748483505,21000
2018-09-04,16.372873306274414,16.454695363516546,16.316319774907374,16.454695363516546,23200
2018-09-05,16.268192291259766,16.352420727441213,16.135832008658774,16.352420727441213,23200
2018-09-06,16.105749130249023,16.274205985647527,15.961357048110475,16.274205985647527,23000
2018-09-07,15.961357116699219,16.045585544760417,15.9493241562544,16.045585544760417,40800
2018-09-10,16.039573669433594,16.087704377504732,15.963166758478048,16.051606633333027,26700
2018-09-11,16.098529815673828,16.147864267591252,16.01550513827623,16.03355343237181,32000
2018-09-12,16.08770179748535,16.111767721424716,16.041376156181133,16.105751240439876,8200
2018-09-13,16.095035552978516,16.198953413969342,16.05835900378366,16.198953413969342,29200
2018-09-14,16.12560272216797,16.137828629916978,16.03391074590387,16.08281321097317,19000
2018-09-17,16.137828826904297,16.16839359664991,16.05224980347008,16.162280642700786,12700
2018-09-18,16.095035552978516,16.15616391225426,16.074251747595056,16.095035552978516,9800
2018-09-19,16.058361053466797,16.095648552895096,15.954443179211934,16.095037607343034,23700
2018-09-20,16.04002571105957,16.077925330277743,16.026577910405464,16.070590484264653,8700
2018-09-21,16.033912658691406,16.16228237351657,16.02168674948389,16.04613856789892,53200
2018-09-24,16.107263565063477,16.13599316314761,16.046135197791326,16.046135197791326,8700
2018-09-25,16.015567779541016,16.15004922274255,16.015567779541016,16.143936270879795,20900
2018-09-26,15.972782135009766,16.064475275833907,15.960557393369704,16.040023460700343,87600
2018-09-27,16.015567779541016,16.076694966315852,15.972777116501739,15.99111597209,31800
2018-09-28,16.033912658691406,16.119492857217143,15.972784278580702,16.10115399340587,27500
2018-10-01,16.00334358215332,16.137825039693784,15.9850047246097,16.113374395562097,27200
2018-10-02,15.966667175292969,16.076696823755892,15.905538815529244,16.064472084544335,28900
2018-10-03,15.654913902282715,16.0950360026981,15.37983686081903,16.009456996876736,53700
2018-10-04,15.532655715942383,15.703814877375244,15.495979169180485,15.654912426383913,54000
2018-10-05,15.410400390625,15.587672520106226,15.312595479851396,15.538770064719422,86300
2018-10-08,15.679363250732422,15.703815059474827,15.416512136383625,15.416512136383625,86000
2018-10-09,15.569331169128418,15.691587870982746,15.5265416732573,15.691587870982746,42300
2018-10-10,15.465418815612793,15.672032691816872,15.34316323625987,15.544886049822587,45000
2018-10-11,15.471529960632324,15.673252750610839,15.355387348714746,15.459305220274986,58800
2018-10-12,15.447078704833984,15.629851682642713,15.416513940329477,15.49598116211465,39700
2018-10-15,15.428738594055176,15.523487607440236,15.392062045552697,15.495979904581764,70400
2018-10-16,15.312594413757324,15.49597948313507,15.312594413757326,15.465414721942235,54400
2018-10-17,15.312594413757324,15.428738174437255,15.208676557554531,15.312594413757326,199300
2018-10-18,15.300369262695312,15.392061211948878,15.294256310621556,15.349271713358974,95200
2018-10-19,15.392060279846191,15.398173231549764,15.190337537333589,15.312593073626072,93400
2018-10-22,15.502096176147461,15.514320917648094,15.251470903520536,15.349275831085837,88700
2018-10-23,15.575448989868164,15.575448989868166,15.343162582841273,15.41040274054747,15500
2018-10-24,15.602957725524902,15.728270367684527,15.447081479297765,15.636578389555224,24500
2018-10-25,15.654913902282715,15.703816357884424,15.557108991079295,15.599898493989977,19600
2018-10-26,15.587674140930176,15.664084308287677,15.465417406787525,15.642689554701708,29300
2018-10-29,15.447078704833984,15.612124935378683,15.29731427357827,15.434852799032182,42900
2018-10-30,15.465418815612793,15.610904319177045,15.404291608899698,15.404291608899698,23800
2018-10-31,15.404285430908203,15.52042800982471,15.349270034189324,15.52042800982471,39200
2018-11-01,15.53877067565918,15.544883628563685,15.404289209539673,15.416513949422137,22500
2018-11-02,15.373723983764648,15.544883162175967,15.367611031043547,15.477641848170357,37200
2018-11-05,15.465418815612793,15.569336699322479,15.373726839616419,15.373726839616419,11800
2018-11-06,15.465418815612793,15.514321280539308,15.404291608899698,15.48375767718276,39100
2018-11-07,15.444018363952637,15.563830116685521,15.416510664706554,15.46541311159667,23400
2018-11-08,15.520430564880371,15.520430564880371,15.410399753328758,15.483754016338652,16800
2018-11-09,15.520430564880371,15.575445970656178,15.434851562974208,15.575445970656178,13900
2018-11-12,15.514317512512207,15.550995226744073,15.441575361360638,15.550995226744073,6700
2018-11-13,15.581560134887695,15.587673087774478,15.453191622044882,15.569334229114128,8800
2018-11-14,15.392060279846191,15.569331215544505,15.282029481034531,15.569331215544505,105200
2018-11-15,15.282032012939453,15.336436475966476,15.19034005404712,15.25146841528418,41200
2018-11-16,15.330934524536133,15.398175838734256,15.288145021292426,15.288145021292426,10700
2018-11-19,15.330934524536133,15.40428879147286,15.288145021292426,15.300370926769633,29300
2018-11-20,15.30648422241211,15.337047820863312,15.197064348014903,15.312596009361114,37600
2018-11-21,15.324819564819336,15.361496110521186,15.263691211365346,15.269804163303382,21300
2018-11-23,15.312594413757324,15.36149686573944,15.294256722968047,15.36149686573944,5200
2018-11-26,15.392060279846191,15.428736824141305,15.30036833614525,15.392060279846191,51700
2018-11-27,15.343160629272461,15.39206308588986,15.315652924554765,15.361498321799901,21000
2018-11-28,15.288146018981934,15.434853396502849,15.288146018981935,15.434853396502849,36800
2018-11-29,15.135320663452148,15.404284682575382,15.129207712344096,15.306479796698971,45700
2018-11-30,14.994725227355957,15.206839835535973,14.994725227355957,15.153658447168514,32100
2018-12-03,15.08030891418457,15.33704709314307,15.049745317183566,15.17811382369957,32400
2018-12-04,15.068084716796875,15.25146981736683,14.866361922318559,15.190341450510179,57300
2018-12-06,15.100482940673828,15.196455028570044,14.885923285267683,15.006956966930806,43500
2018-12-07,15.251469612121582,15.373725178263019,15.104761067269285,15.104761067269285,20400
2018-12-10,15.159777641296387,15.251470780334117,15.074198621849646,15.251470780334117,37000
2018-12-11,15.00084114074707,15.343158284761097,15.00084114074707,15.214788627051865,47100
2018-12-12,14.79300594329834,15.313817102692761,14.79300594329834,15.086420648142342,31600
2018-12-13,14.872474670410156,15.159776474968078,14.811346304396857,14.811346304396857,38200
2018-12-14,14.88615894317627,15.121301938170904,14.823951607031162,14.929703722525971,54400
2018-12-17,14.600008964538574,14.898604008081858,14.550243321699112,14.879941447077115,61800
2018-12-18,14.500476837158203,14.867498876734842,14.316344087991105,14.63111238359543,64700
2018-12-19,14.245424270629883,14.711977475038108,14.089906535827142,14.52535666787728,81500
2018-12-20,13.828640937805176,14.43205069338571,13.828640937805174,14.226767267906384,63700
2018-12-21,14.257867813110352,14.307633447205596,13.786338341069927,13.996597937483735,90500
2018-12-24,14.749302864074707,14.774186273637529,14.25786739027171,14.25786739027171,32700
2018-12-26,14.792848587036133,14.923482925569385,14.567658005626129,14.618668282485544,31500
2018-12-27,14.618670463562012,14.925973256108843,14.507942123926773,14.7804090876673,46000
2018-12-28,14.525360107421875,14.923485223109289,14.463152761469109,14.56268404039096,51900
2018-12-31,14.967025756835938,15.240737289356288,14.618666379586644,14.71197677875087,57700
2019-01-02,15.458467483520508,15.533115353062637,14.836396366972451,14.836396366972451,47800
2019-01-03,15.427362442016602,15.563595924279252,15.265625003951902,15.439804148485097,27200
2019-01-04,15.533112525939941,15.669968906035962,15.427360407914053,15.439802112742106,35700
2019-01-07,15.6450834274292,15.77571893783558,15.495786548754852,15.613980355978505,49800
2019-01-08,15.651305198669434,15.65877069562018,15.45535251479902,15.564215644285335,26400
2019-01-09,15.489570617675781,15.719737453647939,15.458467536344692,15.719737453647939,45600
2019-01-10,15.657526969909668,15.694850897336185,15.302946693092101,15.545554001123856,41000
2019-01-11,15.931239128112793,16.018328690827506,15.638864990702587,15.645085843254538,57800
2019-01-14,16.0494327545166,16.0494327545166,15.862811912501487,15.862811912501487,34000
2019-01-15,15.763277053833008,16.043209439702643,15.738393647752993,16.043209439702643,49500
2019-01-16,15.719735145568848,15.81304556236814,15.595320465498906,15.769500780295559,44600
2019-01-17,15.906354904174805,15.925017460875928,15.57665804133198,15.781941419019372,30300
2019-01-18,16.117860794067383,16.117860794067383,15.734042595912655,15.869032611623572,70700
2019-01-22,16.11164093017578,16.173848276231805,15.925020078514143,16.030772210857453,46800
2019-01-23,16.099199295043945,16.148964934808127,16.036993135218548,16.148964934808127,18500
2019-01-24,16.080535888671875,16.13652237464164,15.881473354782184,16.13652237464164,25400
2019-01-25,16.074312210083008,16.161401756721602,16.0512951785402,16.161401756721602,21200
2019-01-28,16.11164093017578,16.11164093017578,15.887696145483103,16.0369930641137,26300
2019-01-29,16.061874389648438,16.11164002640039,15.925640914545983,16.11164002640039,6800
2019-01-30,16.074312210083008,16.14896005391435,15.990954225081724,16.08675391289026,62800
2019-01-31,15.769497871398926,16.229830204333076,15.769497871398926,16.124078101732927,123500
2019-02-01,15.545551300048828,16.00588361334629,15.520669081589913,16.00588361334629,79000
2019-02-04,15.757057189941406,15.819264522534398,15.439800861572712,15.570436378668612,50700
2019-02-05,15.850371360778809,15.912578708148942,15.613984864580063,15.757060932976843,32700
2019-02-06,15.757057189941406,15.912574928170795,15.654416099693224,15.912574928170795,28300
2019-02-07,15.763277053833008,15.844145750580843,15.645083247965152,15.738393647752993,19900
2019-02-08,15.651305198669434,15.800602086116259,15.576034432449095,15.676188606497,21900
2019-02-11,15.825483322143555,15.825483322143555,15.626420832866005,15.626420832866005,10700
2019-02-12,15.862814903259277,15.893917987290479,15.71351796419763,15.71351796419763,22900
2019-02-13,15.884578704833984,15.956116708604503,15.806819850321773,15.86280632049104,17000
2019-02-14,15.925017356872559,16.01210691456322,15.806823538216493,15.806823538216493,17300
2019-02-15,15.999667167663574,15.999667167663574,15.806825472109706,15.862811962190891,34100
2019-02-19,16.086753845214844,16.086753845214844,15.832326600455495,15.981001744810262,11200
2019-02-20,16.036991119384766,16.1738463149071,15.893913884854266,16.018328561879144,17000
2019-02-21,16.148962020874023,16.267155838926872,16.018327685004742,16.018327685004742,41300
2019-02-22,16.229833602905273,16.248496161333094,16.04383449398151,16.248496161333094,24700
2019-02-25,16.273374557495117,16.273374557495117,16.14585007117305,16.26093285480368,180300
2019-02-26,16.173851013183594,16.32314795707834,16.173851013183594,16.32314795707834,11000
2019-02-27,16.129676818847656,16.298257974971705,16.080532923734257,16.279595420920696,17800
2019-02-28,16.2111759185791,16.2111759185791,16.028287774325445,16.204955063899448,29300
2019-03-01,16.472436904907227,16.472436904907227,16.197481922357976,16.298257814833523,37400
2019-03-04,16.3480224609375,16.47243591976294,16.254710883685927,16.47243591976294,7300
2019-03-05,16.42267608642578,16.42267608642578,16.273379171318123,16.379131301166016,21500
2019-03-06,16.497323989868164,16.609296965037956,16.267157186851783,16.348027085143887,14000
2019-03-07,16.42267608642578,16.57197300153344,16.379753030525038,16.497325137232814,18100
2019-03-08,16.3604679107666,16.42267525219475,16.34118362305881,16.3604679107666,9500
2019-03-11,16.416452407836914,16.528425371522296,16.369797797305477,16.42267325987568,23100
2019-03-12,16.44755744934082,16.57819178884183,16.428894892337993,16.428894892337993,12200
2019-03-13,16.640399932861328,16.671503009535176,16.447558247169564,16.447558247169564,23800
2019-03-14,16.78703498840332,16.805996682172935,16.46090205313212,16.749112806388528,19500
2019-03-15,16.69222640991211,16.787032453394655,16.590468108087894,16.69854697354751,10800
2019-03-18,16.641664505004883,16.79335442843061,16.622702812505032,16.685907248646842,13200
2019-03-19,16.660629272460938,16.749114776076116,16.641667576461437,16.641667576461437,9000
2019-03-20,16.603740692138672,16.72382778291777,16.553177389304253,16.666945122062753,7300
2019-03-21,16.67326545715332,16.736469890781244,16.53421666759133,16.53421666759133,13400
2019-03-22,16.698549270629883,16.749112581144438,16.6543065246202,16.6732670126104,13700
2019-03-25,16.53421401977539,16.674527381860138,16.522205794126496,16.647981740981844,11400
2019-03-26,16.59110450744629,16.692231143240186,16.584783942018596,16.692231143240186,9000
2019-03-27,16.439407348632812,16.696648100620077,16.43308678597532,16.692223827312237,16100
2019-03-28,16.180273056030273,16.717508917943196,16.161311364836546,16.43941014138987,26400
2019-03-29,16.325639724731445,16.70486504767023,16.243474820764675,16.350921975505262,102900
2019-04-01,16.58478546142578,16.64798991596856,16.35724990728166,16.40781322981094,35900
2019-04-02,16.768068313598633,16.79651024099722,16.45204743384722,16.515250645378313,11700
2019-04-03,16.88815689086914,16.90711857933932,16.72382587403323,16.774390376620367,28900
2019-04-04,16.964004516601562,17.027208947051268,16.80599404323942,16.81863517043421,20100
2019-04-05,17.09672737121582,17.09672737121582,16.90079478327038,16.92607702972727,33400
2019-04-08,16.647981643676758,17.185217432053772,16.62269939221238,17.00824528837543,44500
2019-04-09,16.483652114868164,16.692225886195487,16.452050503206895,16.692225886195487,23700
2019-04-10,16.54053497314453,16.647982133984414,16.467218611681943,16.496292237302956,18500
2019-04-11,16.546857833862305,16.64798444569219,16.540537269932397,16.540537269932397,19800
2019-04-12,16.58478546142578,16.696025253200084,16.572144329412286,16.58478546142578,33500
2019-04-15,16.527894973754883,16.660624395851972,16.527894973754883,16.660624395851972,24500
2019-04-16,16.502614974975586,16.52789602499182,16.445731105533692,16.52789602499182,29600
2019-04-17,16.471010208129883,16.606899301782885,16.458370287378372,16.54053519712188,10900
2019-04-18,16.477331161499023,16.591098889626043,16.404646491978802,16.439408987298076,21000
2019-04-22,16.439407348632812,16.546222808153544,16.439407348632812,16.458369036605294,16600
2019-04-23,16.50893211364746,16.559495408713534,16.49629098849993,16.49629098849993,59300
2019-04-24,16.471010208129883,16.546855760259714,16.388845298386375,16.546855760259714,35300
2019-04-25,16.407804489135742,16.4773294726483,16.357241193542258,16.376202881461335,27100
2019-04-26,16.369884490966797,16.46469053209403,16.2940401402747,16.407806666312844,31000
2019-04-29,16.502614974975586,16.583516504971264,16.36356498055127,16.36356498055127,21700
2019-04-30,16.433090209960938,16.584780128774582,16.34460472536739,16.502615208155476,51600
2019-05-01,16.45836639404297,16.550011524051886,16.42676358582966,16.42676358582966,12500
2019-05-02,16.46468734741211,16.546853451213824,16.433085741656978,16.4899695964354,7700
2019-05-03,16.452049255371094,16.546855288688374,16.43308756649799,16.54053472573067,11900
2019-05-06,16.46468734741211,16.502610720947047,16.3382797188676,16.41412405488951,8100
2019-05-07,16.395166397094727,16.553176864129693,16.338282532520203,16.471010746177964,18900
2019-05-08,16.401487350463867,16.514622182101878,16.33828292104205,16.33828292104205,14600
2019-05-09,16.422344207763672,16.474172105366012,16.350924130410842,16.414127354626867,14800
2019-05-10,16.401487350463867,16.489972828339877,16.382525659980057,16.47733170135067,17100
2019-05-13,16.401487350463867,16.433088962412665,16.36988453299085,16.382525659980057,8800
2019-05-14,16.483652114868164,16.52157428996653,16.40148720123434,16.40148720123434,15600
2019-05-15,16.477331161499023,16.543063573060227,16.45205011387312,16.45205011387312,12200
2019-05-16,16.55949592590332,16.597418097006255,16.483650378173362,16.483650378173362,7200
2019-05-17,16.53421401977539,16.595522153858333,16.521572893969317,16.521572893969317,10400
2019-05-20,16.46468734741211,16.616378430503897,16.46468734741211,16.540532888958,31400
2019-05-21,16.503875732421875,16.591097812392626,16.471009528775223,16.54053451489963,9400
2019-05-22,16.471010208129883,16.54053519712188,16.471010208129883,16.54053519712188,8200
2019-05-23,16.46468734741211,16.553174013469647,16.46468734741211,16.471007909667932,14300
2019-05-24,16.50893211364746,16.54053372099224,16.4836498633524,16.54053372099224,10500
2019-05-28,16.489974975585938,16.578460464984104,16.483654411268297,16.50261610422121,12700
2019-05-29,16.527894973754883,16.591099403061868,16.464690544447897,16.464690544447897,20100
2019-05-30,16.56581687927246,16.584778569412936,16.499452772067098,16.52789470451571,18500
2019-05-31,16.331958770751953,16.56581354107242,16.331958770751953,16.56581354107242,119300
2019-06-03,16.407804489135742,16.464688347368917,16.31931902322816,16.439407302334203,27300
2019-06-04,16.56581687927246,16.591099132793094,16.48997252975896,16.48997252975896,18900
2019-06-05,16.53421401977539,16.6012110221283,16.527893456872356,16.58477731747558,17600
2019-06-06,16.55949592590332,16.604370354397318,16.502612066486872,16.553175363132148,12900
2019-06-07,16.55949592590332,16.597418097006255,16.54685480036098,16.584776971463917,11700
2019-06-10,16.58478546142578,16.629028217948317,16.562664083164513,16.603747159446026,68100
2019-06-11,16.572139739990234,16.616383689784726,16.56581917573388,16.584780868502946,20900
2019-06-12,16.578458786010742,16.60374104072085,16.572138222333216,16.578458786010742,18100
2019-06-13,16.695369720458984,16.695369720458984,16.62470789377685,16.656827462830673,24700
2019-06-14,16.733911514282227,16.76603108244581,16.66389293858723,16.682521430456738,12200
2019-06-17,16.84954261779785,16.84954261779785,16.701796252696138,16.74676243118479,19400
2019-06-18,16.830272674560547,16.920205034615595,16.785305269296508,16.88166276962579,16000
2019-06-19,16.90092658996582,16.920198327439653,16.778875928339634,16.778875928339634,22500
2019-06-20,16.95874786376953,17.046110905763086,16.93305342800039,16.93305342800039,15800
2019-06-21,16.97801971435547,16.990867544937643,16.843119943715745,16.97159579906438,18500
2019-06-24,16.817424774169922,16.978018973731917,16.817424774169922,16.978018973731917,17400
2019-06-25,16.804576873779297,16.881662628350323,16.804576873779297,16.81100078876326,15400
2019-06-26,16.759607315063477,16.8495396562338,16.57974140748657,16.8495396562338,36400
2019-06-27,16.636917114257812,16.759611075197242,16.59259295752622,16.759611075197242,37200
2019-06-28,16.592592239379883,16.79172869884564,16.592592239379883,16.7274920007987,134100
2019-07-01,16.759607315063477,16.772455142441025,16.682521576034443,16.746759487685928,27100
2019-07-02,16.86239242553711,16.906716585314523,16.749976966128177,16.791730579487716,28200
2019-07-03,16.827058792114258,16.926627629578967,16.701795521739044,16.926627629578967,10800
2019-07-05,16.74675750732422,16.8238432372376,16.639480734403676,16.759605333182467,14500
2019-07-08,16.78530502319336,16.798152853080428,16.741624116908426,16.746762758768654,7300
2019-07-09,16.71464729309082,16.81357290476873,16.68252771283151,16.74034173206156,21400
2019-07-10,16.733911514282227,16.805858611826906,16.688945344089454,16.740335427914943,9300
2019-07-11,16.76603126525879,16.798149608536338,16.656827182784358,16.70179335346743,18200
2019-07-12,16.888084411621094,16.926626671423325,16.75960857863186,16.75960857863186,13000
2019-07-15,16.84954261779785,16.8880861067051,16.79815252449132,16.8880861067051,10500
2019-07-16,16.9073543548584,16.9073543548584,16.7403362677376,16.9073543548584,24900
2019-07-17,16.92662811279297,16.971594290597345,16.766033920499364,16.907356368632612,11100
2019-07-18,17.151460647583008,17.151460647583008,16.92662852781208,16.92662852781208,22000
2019-07-19,17.190000534057617,17.22854279275609,16.99279017282387,17.151458275359147,22100
2019-07-22,17.04225730895996,17.206704881298954,17.04225730895996,17.19000368205778,17600
2019-07-23,17.00370979309082,17.08079553159413,16.913777452533832,17.08079553159413,17300
2019-07-24,16.965167999267578,17.02298199841317,16.952320171627164,17.003710256952544,40900
2019-07-25,16.91377830505371,17.00949254028641,16.888083874415006,16.95232056362992,19500
2019-07-26,16.94589614868164,17.00371014745493,16.913777805023713,16.913777805023713,11400
2019-07-29,17.132186889648438,17.164305235025665,16.99728714354413,16.99728714354413,23600
2019-07-30,16.990861892700195,17.106488653765307,16.92020007324139,17.10006596584737,32900
2019-07-31,16.90092658996582,17.01013065184548,16.87523216523674,16.971588402133843,94900
2019-08-01,17.010135650634766,17.067949654810107,16.93305112855857,16.93305112855857,21000
2019-08-02,17.016555786132812,17.02297969908533,16.94396789771799,17.010131873180296,11400
2019-08-05,16.86239242553711,16.945900877492804,16.843120678822743,16.945900877492804,11400
2019-08-06,16.79815101623535,16.92148698404976,16.76603267026626,16.836693276445537,39000
2019-08-07,16.8238468170166,16.827058161546418,16.637556978141568,16.7339132421089,15700
2019-08-08,16.94589614868164,17.00371014745493,16.823845462592498,16.8244874863995,11200
2019-08-09,17.010135650634766,17.022983479392927,16.92020329980041,16.997287821876604,11000
2019-08-12,17.022985458374023,17.05510380876691,16.90286081851672,16.90286081851672,11600
2019-08-13,17.055099487304688,17.22211756254862,16.9523193218063,16.9523193218063,14000
2019-08-14,17.190000534057617,17.190000534057617,17.061524704747626,17.08079644671502,29800
2019-08-15,17.202850341796875,17.27993486806496,17.125764590292334,17.125764590292334,13900
2019-08-16,17.125764846801758,17.324901305419505,17.08722258309043,17.20927451428552,18300
2019-08-19,17.119342803955078,17.209276396097597,17.093648367083365,17.164308987408035,12200
2019-08-20,17.02940559387207,17.254237672431028,17.003709939071616,17.202847588066373,17900
2019-08-21,16.84954261779785,17.05510299102397,16.79815252449132,17.02940855698894,32700
2019-08-22,16.933053970336914,16.97159623784334,16.868816041001807,16.888087787373316,17400
2019-08-23,16.85596466064453,17.063452307796723,16.830270229463046,16.97159266405205,17100
2019-08-26,16.9073543548584,17.136041035758044,16.836692526589825,16.891937206413683,16200
2019-08-27,17.016555786132812,17.061521951564316,16.849537725075717,16.952317881843758,27200
2019-08-28,17.132186889648438,17.257450151950504,17.00692362734637,17.022982800034985,60600
2019-08-29,16.85596466064453,17.138610755058878,16.84311683243562,17.138610755058878,60100
2019-08-30,16.79815101623535,16.93305076482554,16.77245658450735,16.843117190686627,129800
2019-09-03,16.894506454467773,16.92020211017749,16.810998023883794,16.875235937921786,37900
2019-09-04,16.95231819152832,17.003708270851135,16.91056459442838,16.920199851415113,20600
2019-09-05,16.95874786376953,17.04161428761075,16.945900033266685,16.984443524775223,17500
2019-09-06,16.92662811279297,17.061526646206097,16.92662811279297,17.01656046840172,13700
2019-09-09,16.98444366455078,17.042257677052824,16.92662965204874,16.92662965204874,15000
2019-09-10,16.894506454467773,17.035830110398614,16.862388110066927,16.98444002421548,28500
2019-09-11,17.010135650634766,17.022983479392927,16.92662721417949,16.945897732080347,21600
2019-09-12,16.997285842895508,17.003709756526657,16.900929588900755,17.003709756526657,15800
2019-09-13,16.98358154296875,17.129152953932234,16.80993948760953,17.03776305379265,79000
2019-09-16,17.096511840820312,17.129150730893112,17.011648734480886,17.011648734480886,15000
2019-09-17,17.070398330688477,17.096510436677193,17.051467925412275,17.063870304191298,20500
2019-09-18,17.0051212310791,17.161791394515575,17.0051212310791,17.096512367266026,35000
2019-09-19,17.083457946777344,17.181375874470277,17.057345835342428,17.096514002494803,16400
2019-09-20,17.109569549560547,17.233599594026987,17.070402625816325,17.161793774678255,15100
2019-09-23,17.240121841430664,17.298872829894403,17.14220394235565,17.14220394235565,19600
2019-09-24,17.200958251953125,17.305404197145215,17.1813741703194,17.272764061089013,15100
2019-09-25,17.17483901977539,17.22706197071176,17.116088044335303,17.168310995271675,18700
2019-09-26,17.195079803466797,17.259706390579066,17.13241299379629,17.155260462701214,12400
2019-09-27,17.089982986450195,17.23947143652321,17.071051335441883,17.161790035246742,21000
2019-09-30,17.181373596191406,17.208138133334973,17.08149714887524,17.18790162318451,103700
2019-10-01,17.409849166870117,17.42943324740655,17.22054012363269,17.22054012363269,29400
2019-10-02,17.403322219848633,17.409850247099154,17.279945866567257,17.370683328689907,10400
2019-10-03,17.357624053955078,17.409847017176823,17.345220430952075,17.396790965097974,12200
2019-10-04,17.37721061706543,17.53387952913478,17.305403565456793,17.305403565456793,8800
2019-10-07,17.475128173828125,17.492100047535388,17.257097306787823,17.39026507001038,8300
2019-10-08,17.383731842041016,17.462066895581934,17.181368050942677,17.462066895581934,11000
2019-10-09,17.4163761138916,17.488183159645974,17.370681173900177,17.370681173900177,23800
2019-10-10,17.324987411499023,17.43596013325324,17.29887530396122,17.43596013325324,11300
2019-10-11,17.43596076965332,17.4620728781442,17.331514825877537,17.331514825877537,7000
2019-10-14,17.220537185668945,17.4229022480722,17.220537185668945,17.377207313043595,56300
2019-10-15,17.2531795501709,17.405278958659686,17.22053941728234,17.2531795501709,22600
2019-10-16,17.442489624023438,17.46207370632041,17.27929267349708,17.357627757591057,21100
2019-10-17,17.19443130493164,17.46207421193699,17.19443130493164,17.46207421193699,45100
2019-10-18,17.15526008605957,17.323678923173595,17.083453045309938,17.2140110748377,24700
2019-10-21,17.233598709106445,17.264280315278235,17.18464036821362,17.200959815177896,13100
2019-10-22,17.331514358520508,17.351098439360566,17.14873458438861,17.14873458438861,51900
2019-10-23,17.25971031188965,17.396795156464112,17.25971031188965,17.272765122020104,18200
2019-10-24,17.442489624023438,17.455545678888086,17.30540478322638,17.30540478322638,25500
2019-10-25,17.403322219848633,17.42943432885072,17.370683328689907,17.42943432885072,21200
2019-10-28,17.34457015991211,17.39679312963151,17.33804213306046,17.39679312963151,9800
2019-10-29,17.338041305541992,17.39679229930895,17.331513279001914,17.331513279001914,18300
2019-10-30,17.42943572998047,17.45554659598769,17.2858216091118,17.364156697321437,28600
2019-10-31,17.331514358520508,17.462072407266575,17.331514358520508,17.377210547147314,192500
2019-11-01,17.2662353515625,17.4033201724143,17.2662353515625,17.370681285095415,16400
2019-11-04,17.380474090576172,17.40332156254313,17.233596595721547,17.383737481531234,17300
2019-11-05,17.409849166870117,17.409849166870117,17.360237158919535,17.390265086333685,21400
2019-11-06,17.462072372436523,17.462072372436523,17.351098404751866,17.42290545592836,45900
2019-11-07,17.462072372436523,17.497323468859552,17.305403461310036,17.429433482862024,31800
2019-11-08,17.494712829589844,17.50124085710844,17.37068404201833,17.44248985453501,16800
2019-11-11,17.494712829589844,17.511033520933303,17.383738851961585,17.4620739370908,15500
2019-11-12,17.452932357788086,17.500585831018117,17.396792325533784,17.462071345939222,8100
2019-11-13,17.51429557800293,17.527351632045583,17.422905689892037,17.47512866096881,15000
2019-11-14,17.396799087524414,17.533885208169444,17.298881141403243,17.48819024965251,28800
2019-11-15,17.42943572998047,17.533881684197326,17.351753071020166,17.39679559110396,13300
2019-11-18,17.42943572998047,17.494713517545513,17.40332361887926,17.40332361887926,14400
2019-11-19,17.390270233154297,17.481661390945284,17.390270233154297,17.40332629070932,15700
2019-11-20,17.379165649414062,17.462070211609458,17.26623440820832,17.318457372121532,20300
2019-11-21,17.272764205932617,17.39418327191089,17.272764205932617,17.39026620653252,8000
2019-11-22,17.311933517456055,17.39026735965426,17.29887746205836,17.39026735965426,6800
2019-11-25,17.2662353515625,17.396792145931776,17.168316199418367,17.298874238881382,58200
2019-11-26,17.233598709106445,17.31846182547106,17.207487842982406,17.240126736910955,12100
2019-11-27,17.214012145996094,17.416375983772127,17.214012145996094,17.311930051688126,35500
2019-11-29,17.135679244995117,17.397446537474753,17.135679244995117,17.298876190185545,94900
2019-12-02,17.122623443603516,17.240125445092147,17.103040606751346,17.16831838971712,25800
2019-12-03,17.116090774536133,17.194425835982653,17.091938449622525,17.135674851171153,25100
2019-12-04,17.109569549560547,17.174848585863625,17.06322216839086,17.148737718398827,20100
2019-12-05,17.070398330688477,17.200956370444576,17.037759443296324,17.168316237958678,21700
2019-12-06,17.103044509887695,17.138946800674677,17.044293495735637,17.06387633705687,15900
2019-12-09,17.161792755126953,17.168319537784864,17.08998569495009,17.135680644119372,15600
2019-12-10,17.161792755126953,17.21401573204813,17.126541654285518,17.168319537784864,19800
2019-12-11,17.25971031188965,17.25971031188965,17.19443128086154,17.21401536369816,19400
2019-12-12,17.148733139038086,17.292345984479542,17.13567708624512,17.292345984479542,23900
2019-12-13,17.2792911529541,17.285819179811973,17.168317186557907,17.168317186557907,13700
2019-12-16,17.545961380004883,17.545961380004883,17.39338684558682,17.42655577274953,16600
2019-12-17,17.579132080078125,17.579132080078125,17.48626159850227,17.48626159850227,22100
2019-12-18,17.658733367919922,17.658733367919922,17.575812947131027,17.632198225940176,13900
2019-12-19,17.486263275146484,17.711142714991023,17.486263275146484,17.638836585297632,27500
2019-12-20,17.572498321533203,17.572498321533203,17.46636026662992,17.552596961764305,15100
2019-12-23,17.5924015045166,17.60566907907087,17.572500142685197,17.57913392996233,19700
2019-12-24,17.632200241088867,17.691903052101402,17.62556645483577,17.62556645483577,4500
2019-12-26,17.64546775817871,17.685269210306952,17.559229802424614,17.622250138998456,9100
2019-12-27,17.67200469970703,17.67200469970703,17.545966535252578,17.61893566591948,11100
2019-12-30,17.579132080078125,17.67863634823303,17.579132080078125,17.67863634823303,8600
2019-12-31,17.711807250976562,17.77814259361382,17.573163247006118,17.711807250976562,30100
2020-01-02,17.811311721801758,17.831211818700783,17.6474610956365,17.67200471718071,35100
2020-01-03,17.8444766998291,17.8444766998291,17.778140101226278,17.778140101226278,27800
2020-01-06,17.831209182739258,17.874328161755553,17.77814015674435,17.784773943151883,25600
2020-01-07,17.652101516723633,17.85111004231804,17.652101516723633,17.685269182567584,27600
2020-01-08,17.85774803161621,17.85774803161621,17.672005769483075,17.672005769483075,22400
2020-01-09,17.85774803161621,17.85774803161621,17.778143843483253,17.804678994616122,16700
2020-01-10,17.910816192626953,17.910816192626953,17.798044336359048,17.798044336359048,33700
2020-01-13,17.87101173400879,17.9108131868163,17.84447658862687,17.87101173400879,11900
2020-01-14,17.943984985351562,17.943984985351562,17.84448069778663,17.84448069778663,24600
2020-01-15,17.970516204833984,17.970516204833984,17.861060626775846,17.91081339230507,11700
2020-01-16,17.9605655670166,17.990416972299087,17.91081280312401,17.97051561368898,17300
2020-01-17,17.910816192626953,17.95725143957275,17.88892456748646,17.904182405168186,11500
2020-01-21,17.912805557250977,17.977151900582598,17.778142082594545,17.930716655965043,21300
2020-01-22,17.864377975463867,17.963882240270177,17.864377975463867,17.937348360112335,10000
2020-01-23,17.784770965576172,17.904176570389843,17.744969519060007,17.904176570389843,7800
2020-01-24,17.87101173400879,17.936021068822978,17.83518954079627,17.86437794766331,6000
2020-01-27,17.943984985351562,17.943984985351562,17.80467923581379,17.82458059943304,5300
2020-01-28,17.990421295166016,17.990421295166016,17.91081710686307,17.937352258052602,10800
2020-01-29,18.288930892944336,18.288930892944336,17.92142822441966,17.99041808689053,16700
2020-01-30,18.329397201538086,18.354605085377667,18.12574386824654,18.275663907812277,16500
2020-01-31,18.288930892944336,18.44150418927842,18.129723809995888,18.23586186529485,30600
2020-02-03,18.322099685668945,18.341999780094177,18.233208464035894,18.288930752851204,9400
2020-02-04,18.36189842224121,18.46803646101883,18.282294260525386,18.36189842224121,20600
2020-02-05,18.560909271240234,18.56754305765925,18.328731807636178,18.36853452615028,12000
2020-02-06,18.481307983398438,18.54764332286771,18.359912085302394,18.54764332286771,8500
2020-02-07,18.351289749145508,18.517794908282212,18.33006238792271,18.50784359422026,36600
2020-02-10,18.438190460205078,18.497893282666244,18.182795334180227,18.368537589088916,14700
2020-02-11,18.408340454101562,18.441508128993664,18.25908338655571,18.3685389911779,21800
2020-02-12,18.47467803955078,18.50784571618505,18.324093700382758,18.38180626749647,12100
2020-02-13,18.50120735168457,18.567543953811054,18.428238228084343,18.428238228084343,31000
2020-02-14,18.41497230529785,18.560911830845566,18.388437155962507,18.560911830845566,10000
2020-02-18,18.46803855895996,18.647146994218097,18.42160331987793,18.42160331987793,28100
2020-02-19,18.580812454223633,18.659752369406817,18.428239147407165,18.441505456281917,58200
2020-02-20,18.700218200683594,18.700218200683594,18.418287942243545,18.574178776142567,16700
2020-02-21,18.41497230529785,18.66041611032199,18.375170846560394,18.600714554848583,17200
2020-02-24,18.23586082458496,18.499215685292015,18.21595946587763,18.414969257154887,44900
2020-02-25,17.789419174194336,18.44150538397171,17.67200380057099,18.26239819484252,54400
2020-02-26,17.831209182739258,18.33536556232358,17.603012244434613,17.86437811477694,34900
2020-02-27,17.579132080078125,17.804675762704136,17.579132080078125,17.804675762704136,41400
2020-02-28,17.273988723754883,17.5459676980995,17.273988723754883,17.5459676980995,122700
2020-03-02,17.585763931274414,17.75823856755193,17.346952701772427,17.386754151600996,36000
2020-03-03,17.572498321533203,17.970516660053217,17.373489784905903,17.685270163026118,36300
2020-03-04,17.658733367919922,17.814622898622705,17.572495421750954,17.572495421750954,40700
2020-03-05,17.63883399963379,17.811308646147364,17.559229829987004,17.57249740247236,15800
2020-03-06,17.51279067993164,17.645463844620885,17.406652654286273,17.42655400856918,24100
2020-03-09,17.002004623413086,17.486260902279486,16.948935598159075,17.35358770651177,67300
2020-03-10,16.929035186767578,17.50616066741571,16.650422493096478,17.167845163296136,210600
2020-03-11,16.915771484375,17.10151374440494,16.69022776336208,16.895870121250695,57200
2020-03-12,16.252403259277344,16.88724251734853,14.972111698042848,16.58408495844627,83300
2020-03-13,16.856067657470703,17.055076215811848,16.286238865587176,17.055076215811848,86000
2020-03-16,15.508285522460938,16.526881212831487,9.160614106504108,16.196343742970896,81700
2020-03-17,14.921408653259277,15.508280673965837,14.704872138518192,15.461061233981773,81200
2020-03-18,10.752588272094727,14.833715173573744,10.58394666991226,14.186132038777066,187000
2020-03-19,12.634626388549805,15.177741627879838,10.125240235928255,10.482760191923012,103300
2020-03-20,14.05121898651123,15.491418499816502,12.641375014671725,12.97865823689872,68100
2020-03-23,12.175925254821777,13.5743016294895,11.649764189060003,13.525058304071106,62500
2020-03-24,13.734174728393555,14.503180147761432,12.58741113228924,12.58741113228924,46400
2020-03-25,15.818586349487305,16.122140529561523,14.17938940253227,14.17938940253227,36600
2020-03-26,16.0546817779541,16.182849769959176,15.703908184696543,15.865803986192368,44000
2020-03-27,15.110289573669434,15.888740160308375,15.077910154726943,15.616214456403679,55500
2020-03-30,15.515027046203613,16.088408737846493,15.042830056231058,15.069813329547564,44500
2020-03-31,15.02259635925293,16.020954476804945,15.002358900936274,15.933261397366437,68000
2020-04-01,14.06470775604248,15.758543536496054,13.82860929130336,14.907915639658539,54800
2020-04-02,14.354772567749023,14.97537366884763,13.828610345089372,14.1051824490605,32500
2020-04-03,14.597620010375977,14.955140751924166,14.294065829031538,14.300811649057009,15700
2020-04-06,14.921408653259277,15.508280673965837,14.760187074861376,14.840460122834283,34900
2020-04-07,15.872550010681152,16.08841108213377,14.725786460297279,15.144018251211833,54500
2020-04-08,16.358234405517578,16.769720301255294,15.778106917970401,15.778106917970401,37300
2020-04-09,16.965349197387695,16.999078298303694,16.66853954249511,16.66853954249511,37200
2020-04-13,16.19634246826172,17.120497889770924,15.761246749538666,17.120497889770924,98100
2020-04-14,16.371728897094727,16.702266320295262,16.20983309511692,16.702266320295262,34000
2020-04-15,16.331256866455078,16.590965163410193,16.106627350423437,16.203090138061924,20700
2020-04-16,16.18959617614746,16.55386270769486,16.15586836543389,16.32450999226876,26400
2020-04-17,16.391963958740234,16.843923524492553,16.189594541623293,16.74948463472243,23900
2020-04-20,16.25030517578125,16.56735093028689,16.189594094994355,16.459420405917594,13200
2020-04-21,16.074918746948242,16.189595097017452,16.034445119463054,16.182849277997683,56900
2020-04-22,16.675281524658203,16.830432779894554,16.122137263285158,16.122137263285158,13500
2020-04-23,16.810195922851562,16.830433379464207,15.852311515954106,16.54711542005416,38700
2020-04-24,16.916776657104492,16.93161797317203,16.634808378055244,16.830433264069352,18300
2020-04-27,16.93836212158203,17.005817729909275,16.850667772143407,16.95185247126753,15400
2020-04-28,17.05978775024414,17.05978775024414,16.81694339357252,16.82368921310601,22300
2020-04-29,17.127243041992188,17.174462491182425,16.897890328810895,17.07327777339856,30000
2020-04-30,17.080020904541016,17.268899958207385,16.857414045799683,17.107004177907623,43400
2020-05-01,16.98558235168457,17.120494861244083,16.816940749760192,16.816940749760192,20200
2020-05-04,16.668537139892578,16.995702295135164,16.661792607315178,16.911381484949626,24700
2020-05-05,16.614572525024414,17.075301830807064,16.614572525024414,16.729248882843564,35100
2020-05-06,16.80345344543457,17.032806186118943,16.62064596357167,16.695522895304705,16200
2020-05-07,16.904634475708008,16.938363569387878,16.796703949199156,16.86416084992553,17000
2020-05-08,17.127243041992188,17.167717958412528,16.918127787021064,16.972093055614693,8400
2020-05-11,17.282390594482422,17.282390594482422,16.93161578082124,17.032800476822253,17700
2020-05-12,17.297231674194336,17.370084711212083,17.145453977643495,17.174459838628042,7100
2020-05-13,16.97344207763672,17.295883998192753,16.863487670218,17.228428380034938,21300
2020-05-14,16.688772201538086,16.924870693487897,16.364980645704026,16.924870693487897,42800
2020-05-15,16.80345344543457,16.972095090841687,16.67528543466774,16.67528543466774,15900
2020-05-18,16.87090492248535,17.005817423340993,16.864159104447584,16.931615998192022,9200
2020-05-19,16.99233055114746,17.22168326483251,16.870908374886728,16.999076370565668,40500
2020-05-20,16.884395599365234,17.201441309329645,16.72519790529094,17.03954554552017,35700
2020-05-21,16.897890090942383,17.167717716745702,16.796705374582878,16.9451108261014,40200
2020-05-22,16.918127059936523,16.931618698163476,16.850670155435186,16.911381240823044,12500
2020-05-26,16.86416244506836,17.167717883732983,16.803451357335433,16.93161935217533,48700
2020-05-27,16.86416244506836,16.884399903190495,16.725876364484137,16.884399903190495,40300
2020-05-28,16.884395599365234,17.06652752950517,16.816938709452995,16.864158146401614,33900
2020-05-29,16.810195922851562,16.918126451518877,16.810195922851562,16.830433379464207,27500
2020-06-01,16.85741424560547,16.97951059977996,16.830432258552342,16.830432258552342,29900
2020-06-02,16.86416244506836,16.94511099092342,16.803451357335433,16.86416244506836,24200
2020-06-03,16.86416244506836,16.9990762592823,16.86416244506836,16.93161935217533,99700
2020-06-04,16.93836212158203,16.97883574390503,16.864159408462157,16.918124667103907,41700
2020-06-05,17.01256561279297,17.167716876021977,16.95860034760174,17.03280306972721,26300
2020-06-08,17.295879364013672,17.295879364013672,17.03279892111313,17.039544738448157,22900
2020-06-09,17.322866439819336,17.336358077453994,17.194698455556846,17.194698455556846,22200
2020-06-10,17.200096130371094,17.3228679851855,17.174462531231832,17.316122165766377,10800
2020-06-11,17.066530227661133,17.208189847536016,16.931617713140643,17.005819145805233,24700
2020-06-12,16.965349197387695,17.309378306929034,16.965349197387695,17.20144775726512,26200
2020-06-15,16.904970169067383,17.26859216660248,16.904970169067383,17.04904730340793,51400
2020-06-16,17.049047470092773,17.100502561824843,16.96671749129459,17.055908410708508,36400
2020-06-17,17.076486587524414,17.083347526799642,16.925549849240483,17.06276601756432,14100
2020-06-18,17.035324096679688,17.162248215476495,16.98729882516687,17.097071248222026,9100
2020-06-19,17.049047470092773,17.282314216665227,16.911831274959344,17.282314216665227,16700
2020-06-22,17.038753509521484,17.17253987376026,16.911829393725718,17.110792723677896,40700
2020-06-23,17.049047470092773,17.090211805196553,16.996905368285695,17.076489923965088,32100
2020-06-24,16.94613265991211,17.134803909834964,16.94613265991211,17.028461313999365,16900
2020-06-25,16.870670318603516,17.04905088456562,16.863809376613716,16.95985994728913,15600
2020-06-26,16.637399673461914,16.9660312597212,16.55506969723606,16.918691686965158,20600
2020-06-29,16.520767211914062,16.706008687161432,16.500184389578582,16.68542586482595,21200
2020-06-30,16.342388153076172,16.795199816618023,16.342388153076172,16.70601019562556,125200
2020-07-01,16.520767211914062,16.561931547994373,16.397272895082484,16.45902005349827,28300
2020-07-02,16.47960090637207,16.603095208444962,16.459703787915128,16.603095208444962,23700
2020-07-06,16.5482120513916,16.850085613736503,16.537919985259098,16.68542695011454,10100
2020-07-07,16.788341522216797,16.81578529213582,16.50018848102191,16.50018848102191,20300
2020-07-08,16.87752914428711,16.87752914428711,16.723161240350347,16.87752914428711,22400
2020-07-09,16.719728469848633,16.891248042007728,16.6785628303453,16.829500891343216,18900
2020-07-10,16.86380386352539,16.87066480327222,16.74030956526335,16.74030956526335,19700
2020-07-13,16.85694694519043,16.94613787458626,16.7540354416182,16.94613787458626,18800
2020-07-14,16.685426712036133,16.84322443218178,16.651123314992546,16.78833821175761,17100
2020-07-15,16.86380386352539,16.877525743019053,16.73344862551652,16.74030956526335,22900
2020-07-16,16.85008430480957,16.946136165904054,16.808919969249438,16.856945245501365,31500
2020-07-17,16.87752914428711,16.87752914428711,16.808921041582913,16.822642923841894,14000
2020-07-20,16.87752914428711,16.91869348247334,16.826072740111282,16.91869348247334,15700
2020-07-21,16.95093536376953,17.014739613347615,16.8809545676143,16.946132837087724,30100
2020-07-22,16.94613265991211,16.987296986955737,16.822638370190862,16.90496702427812,40700
2020-07-23,17.06962776184082,17.076488701965584,16.925551944992392,16.973577217275203,15800
2020-07-24,16.959856033325195,17.049046950018376,16.959856033325195,17.049046950018376,14200
2020-07-27,17.035324096679688,17.076488428177747,16.959855065107828,17.069627488162986,12600
2020-07-28,17.145097732543945,17.145097732543945,16.99690508179569,17.06276906372407,14700
2020-07-29,17.193124771118164,17.193124771118164,17.06963044662975,17.151960432485602,23700
2020-07-30,17.19998550415039,17.289176430130645,17.103934945640006,17.145099283774353,19800
2020-07-31,17.220569610595703,17.29603735136656,17.19106743071883,17.25487301016511,28100
2020-08-03,17.241146087646484,17.289172665033547,17.172539308560108,17.282311725406824,15500
2020-08-04,17.19998550415039,17.289176430130645,17.165682107136888,17.241149842284738,19900
2020-08-05,17.213703155517578,17.323475569289208,17.213703155517578,17.268589362403393,20000
2020-08-06,17.268590927124023,17.48813577456042,17.227426595377327,17.23428753543353,15300
2020-08-07,17.220569610595703,17.27545583506124,17.186264902435482,17.268594893429196,18300
2020-08-10,17.426387786865234,17.481273996091957,17.330337247866083,17.330337247866083,25600
2020-08-11,17.426387786865234,17.488134935819104,17.330337247866083,17.488134935819104,16800
2020-08-12,17.54302406311035,17.573897642722724,17.391401588268376,17.419529744660863,20400
2020-08-13,17.831180572509766,17.831180572509766,17.58419188663352,17.58419188663352,21900
2020-08-14,17.886064529418945,18.07816696164941,17.803735850313576,17.831178307151777,18300
2020-08-17,17.97525405883789,18.009557454362316,17.838037859558867,17.97525405883789,26100
2020-08-18,18.016414642333984,18.050718030712954,17.844895083258365,17.961528435773403,26600
2020-08-19,18.023279190063477,18.037001071598397,17.91350675496541,17.988974486226176,20700
2020-08-20,18.002695083618164,18.078164118086324,17.982112262783968,18.043859416695998,17100
2020-08-21,18.104923248291016,18.104923248291016,18.05758367016495,18.071305552524247,7300
2020-08-24,18.11589813232422,18.146771708423017,18.074046790367213,18.085024556225424,15200
2020-08-25,18.17421531677246,18.217438064343327,17.940948573312347,18.08502570713917,16000
2020-08-26,18.35260009765625,18.35260009765625,18.153636702118774,18.153636702118774,15700
2020-08-27,18.386899948120117,18.462368988207604,18.304571275834363,18.42806559285365,22400
2020-08-28,18.482954025268555,18.496674599899794,18.32515498539661,18.345737810229682,9600
2020-08-31,18.078168869018555,18.386903411123413,18.071307926937436,18.366321893470964,42400
2020-09-01,18.071304321289062,18.23596297260991,18.057582439864667,18.112468656971615,9500
2020-09-02,17.879201889038086,18.194798618526857,17.851759434807683,18.18107673711634,13500
2020-09-03,17.851760864257812,18.00955858734227,17.838038981748536,17.920368968213456,21500
2020-09-04,17.639759063720703,17.916934229836055,17.60476866295607,17.913504414195828,23100
2020-09-08,17.59790802001953,17.7522758982441,17.59790802001953,17.59790802001953,7500
2020-09-09,17.927223205566406,17.927223205566406,17.632210671947288,17.632210671947288,6800
2020-09-10,18.35260009765625,18.469233496414898,17.8449021585277,17.96839649940049,16000
2020-09-11,18.24968147277832,18.38003670497692,18.17421244751749,18.318289558598128,13000
2020-09-14,18.469226837158203,18.469226837158203,18.338871601172094,18.338871601172094,15800
2020-09-15,18.583538055419922,18.610024306026162,18.44971222943856,18.610024306026162,14300
2020-09-16,18.55426788330078,18.596087797983476,18.435777017173887,18.449716102447372,13000
2020-09-17,18.400922775268555,18.50547320847985,18.052420444943657,18.50547320847985,15200
2020-09-18,18.561237335205078,18.64487849658808,18.296376094782694,18.40092654943808,22200
2020-09-21,18.42183494567871,18.623965622992117,18.24061355911059,18.352830829698675,9700
2020-09-22,18.644878387451172,18.710396742888033,18.442746357460262,18.442746357460262,11500
2020-09-23,18.101215362548828,18.60305970224211,17.98272448561361,18.55426957575665,25000
2020-09-24,18.02454376220703,18.31031561130821,17.9827225188524,18.087274297807884,8800
2020-09-25,18.296375274658203,18.378621859068517,17.95484309572965,18.05242333844321,23300
2020-09-28,18.359102249145508,18.38558849980571,18.254551819457696,18.36607245504881,20700
2020-09-29,18.470624923706055,18.477595130378795,18.27964551505215,18.352134069131456,17700
2020-09-30,18.296375274658203,18.55426762538402,18.233644738790602,18.55426762538402,66600
2020-10-01,18.526386260986328,18.547296882148288,18.240614418928207,18.414865606984677,18700
2020-10-02,18.623964309692383,18.623964309692383,18.240612272843556,18.41486344039864,16100
2020-10-05,18.456684112548828,18.634421055295313,18.275462731256567,18.5751749645695,13300
2020-10-06,18.756393432617188,18.763363638057083,18.478985105604785,18.610023106671708,30900
2020-10-07,18.902761459350586,18.944581354531287,18.763360036174248,18.763360036174248,34900
2020-10-08,18.937618255615234,19.042168697508416,18.902768551461175,18.902768551461175,12100
2020-10-09,18.954341888427734,19.04913428381117,18.725723683627056,18.876277719221456,5800
2020-10-12,18.986404418945312,19.010799472658647,18.47759139945185,18.819123480869273,24000
2020-10-13,18.965496063232422,19.021257712000168,18.812155517413757,19.007317299808232,13700
2020-10-14,18.90973663330078,18.9724671616841,18.61420679397227,18.958528078267427,10300
2020-10-15,18.930646896362305,18.972466804687297,18.707605612721128,18.819126254541715,7000
2020-10-16,18.575172424316406,18.85327737820653,18.56123201317782,18.84003491822642,15900
2020-10-19,18.540319442749023,18.603049952333453,18.50546842107404,18.582139339328464,11900
2020-10-20,18.843521118164062,18.843521118164062,18.491534345304085,18.491534345304085,15600
2020-10-21,18.359102249145508,18.7354840619078,18.33888958262753,18.728515185435345,18000
2020-10-22,18.578659057617188,18.69366413129303,18.359102224960424,18.470622860404625,7700
2020-10-23,18.937618255615234,18.95155866904926,18.48735327125807,18.679725924809798,9300
2020-10-26,18.55426788330078,18.844220798456053,18.48456713920888,18.71457866411037,16500
2020-10-27,18.51523208618164,18.69715141709839,18.491534979534528,18.616994707523013,8600
2020-10-28,17.968778610229492,18.658812987172514,17.968778610229492,18.428801528191507,21300
2020-10-29,18.12908935546875,18.303340501142888,17.954838209794616,17.954838209794616,25300
2020-10-30,18.463655471801758,18.491536299632447,18.18485384065009,18.18485384065009,40700
2020-11-02,18.55426788330078,18.57517717592657,18.2057654922724,18.477596931856578,10000
2020-11-03,18.756393432617188,18.923674374882346,18.610023106671708,18.610023106671708,12600
2020-11-04,19.146717071533203,19.167627689425863,18.735484225660144,18.735484225660144,29800
2020-11-05,18.993379592895508,19.195511610176172,18.826098611058615,19.097930040364684,22300
2020-11-06,18.88882827758789,19.139749074099257,18.77242861635887,19.139749074099257,12100
2020-11-09,19.293088912963867,19.293088912963867,19.06516862653245,19.083986720432645,19700
2020-11-10,19.251270294189453,19.350243769880723,18.95852826860524,19.216419261720525,22200
2020-11-11,19.167625427246094,19.341876567493784,19.028223983275662,19.341876567493784,7000
2020-11-12,19.090957641601562,19.160658375056272,19.010802263429465,19.160658375056272,14800
2020-11-13,19.153690338134766,19.167630752290798,18.849099068923927,19.111870425097738,16000
2020-11-16,19.063074111938477,19.195505344535544,18.770332156920595,19.195505344535544,24900
2020-11-17,18.97246742248535,19.11883910053548,18.930647512798583,18.937617719318204,18500
2020-11-18,18.7982177734375,19.103506994277744,18.7982177734375,18.93761925628173,16900
2020-11-19,18.853971481323242,19.021253733778288,18.784272093802674,18.847002606115666,28500
2020-11-20,18.81912612915039,18.951557388966545,18.70760548807286,18.90276727467399,23800
2020-11-23,18.874889373779297,19.028229946658634,18.791248215298044,18.853978751801208,17900
2020-11-24,18.916709899902344,19.021261683741965,18.721549406188185,18.853979361371035,10900
2020-11-25,19.09792709350586,19.09792709350586,18.902766642858776,18.951556755520546,10500
2020-11-27,18.940404891967773,19.202478266925073,18.940404891967773,19.090957625265332,10500
2020-11-30,18.812156677246094,19.0282277618191,18.77730697404853,19.00034826514724,37400
2020-12-01,19.12580680847168,19.160656507086085,18.927857223353517,19.028225259375937,9200
2020-12-02,19.07004737854004,19.14671698493801,18.918796701605302,19.14671698493801,19100
2020-12-03,19.24430274963379,19.272182250034366,18.97944018395706,19.132782089169208,11800
2020-12-04,19.3627872467041,19.432486639488225,19.223385802274446,19.28611631932472,22900
2020-12-07,19.313997268676758,19.369758914202947,19.125807032749076,19.369758914202947,19600
2020-12-08,19.318178176879883,19.36975742915094,19.265205681235972,19.265205681235972,30000
2020-12-09,19.446430206298828,19.446430206298828,19.29308965608103,19.411580504250075,13700
2020-12-10,19.5091552734375,19.557945374423067,19.3000544608049,19.467335376797088,13800
2020-12-11,19.488248825073242,19.550979348154748,19.307028791094258,19.425519631422564,9200
2020-12-14,19.502187728881836,19.550977836521604,19.477792675061952,19.550977836521604,14600
2020-12-15,19.585830688476562,19.642287628374483,19.495219340616757,19.550979658749387,12400
2020-12-16,19.771230697631836,19.863222227656397,19.620504255388738,19.7783071768184,15000
2020-12-17,19.849069595336914,19.849069595336914,19.495962321119574,19.8207650278261,22000
2020-12-18,19.587242126464844,19.735844108710225,19.389104800437558,19.658005553596027,30000
2020-12-21,19.79245948791504,19.79245948791504,19.488886213329973,19.53063649722213,12900
2020-12-22,19.558942794799805,19.86322468902551,19.39265023726061,19.86322468902551,15300
2020-12-23,19.686315536499023,19.700468495763193,19.28296564537356,19.544789992958776,10400
2020-12-24,19.693389892578125,19.700466371447146,19.311269481553246,19.672160455971056,8400
2020-12-28,19.73584747314453,19.75707690981297,19.47402450273549,19.566016028898044,9000
2020-12-29,19.587242126464844,19.76415001944274,19.488174138301257,19.76415001944274,14500
2020-12-30,19.594324111938477,19.672162688932406,19.46695017723869,19.672162688932406,12600
2020-12-31,19.7641544342041,19.806611960086595,19.474025532889648,19.74292499641265,47900
2021-01-04,19.38910484313965,19.693386635683794,19.325417893551332,19.693386635683794,17400
2021-01-05,19.693389892578125,19.693389892578125,19.389108049711826,19.396184528580847,9200
2021-01-06,19.445716857910156,19.686311719955498,19.396182859789096,19.686311719955498,13000
2021-01-07,19.510112762451172,19.55893952192824,19.329667274979695,19.55893952192824,13200
2021-01-08,19.403261184692383,19.580169108932942,19.31834478718876,19.580169108932942,12400
2021-01-11,19.2794246673584,19.459870142080494,19.155588320270468,19.389106707987423,39700
2021-01-12,18.99991798400879,19.353733956337813,18.89377346225025,19.353733956337813,39500
2021-01-13,19.417415618896484,19.431567228139432,19.04944678457079,19.04944678457079,13300
2021-01-14,19.615554809570312,19.636784251410024,19.432986198731072,19.530639741612806,18100
2021-01-15,19.619091033935547,19.764155492359397,19.459873616226325,19.63678155819202,15800
2021-01-19,19.65801239013672,19.700469921300996,19.37495858317331,19.68631696101271,9300
2021-01-20,19.781843185424805,19.785380749889608,19.42448978766698,19.672159791211865,10300
2021-01-21,19.785383224487305,19.799536183517237,19.566017758325234,19.799536183517237,11700
2021-01-22,19.742921829223633,19.856142779880813,19.601396315752254,19.785379348295027,7400
2021-01-25,19.70754623413086,19.91275875776647,19.523561801046878,19.841996656326955,10700
2021-01-26,19.544788360595703,19.863221819241353,19.530635402513578,19.707543329439062,15600
2021-01-27,19.2829647064209,19.530636082681987,19.23413794412739,19.502330165531955,29800
2021-01-28,19.37495994567871,19.438646921754078,19.19805197873617,19.438646921754078,11600
2021-01-29,19.58016586303711,19.6013952963188,19.29852798684724,19.37495205708115,43600
2021-02-01,19.488182067871094,19.601403057469565,19.327548793474026,19.5801736157821,8600
2021-02-02,19.629703521728516,19.629703521728516,19.431566156548925,19.566016559695804,7400
2021-02-03,19.452796936035156,19.636781355746752,19.360805401029594,19.636781355746752,11600
2021-02-04,19.5235595703125,19.6226275807689,19.29711763229763,19.35372811680135,13200
2021-02-05,19.622623443603516,19.643852876954124,19.50586493442549,19.50586493442549,7900
2021-02-08,19.541250228881836,19.64385715453627,19.468363706569995,19.64385715453627,5900
2021-02-09,19.643857955932617,19.721697881977136,19.601400427954008,19.622628517093073,16500
2021-02-10,19.49525260925293,19.6721605325663,19.374955167411827,19.6721605325663,15200
2021-02-11,19.325424194335938,19.530638065405427,19.325424194335938,19.530638065405427,30500
2021-02-12,19.127288818359375,19.31127325581148,18.985761912719113,19.304196775559404,20900
2021-02-16,18.929147720336914,19.282963565576857,18.929147720336914,19.24050604206416,19300
2021-02-17,18.936222076416016,19.198045016710488,18.92914559834046,19.02113711392226,15300
2021-02-18,18.964529037475586,19.120208875426286,18.850600830361053,18.99991143232818,24500
2021-02-19,18.86546516418457,19.091907142046846,18.85838868366379,18.985762633636487,8600
2021-02-22,18.76639175415039,18.91145618897066,18.759315275659127,18.86545975362757,14700
2021-02-23,19.04024887084961,19.042371949844544,18.808853505910573,18.851311036707504,21200
2021-02-24,18.893766403198242,19.070674323266765,18.7522395272633,19.070674323266765,61000
2021-02-25,18.872539520263672,19.02114154537023,18.815929032170626,18.992836976173958,92300
2021-02-26,19.10605812072754,19.10605812072754,18.9362266549518,18.978684183970607,17700
2021-03-01,19.042369842529297,19.10605680652709,19.006988795730713,19.10605680652709,15300
2021-03-02,19.339574813842773,19.353727772141763,19.02821647976693,19.098979921561494,8000
2021-03-03,19.516483306884766,19.516483306884766,19.11171759587135,19.37495641921001,11300
2021-03-04,19.481101989746094,19.629704005014098,19.374956150611332,19.55894056215773,16700
2021-03-05,19.742921829223633,19.764151263609428,19.58016688136646,19.58724335949506,13300
2021-03-08,19.82784080505371,19.854022292876593,19.615550482587604,19.764153843283918,13700
2021-03-09,19.771230697631836,19.89152814440266,19.686314297093443,19.827841181423967,12100
2021-03-10,19.813690185546875,19.834919625209295,19.68631624697342,19.813690185546875,18700
2021-03-11,19.820768356323242,19.849072928587237,19.516486443706576,19.735851940129965,14000
2021-03-12,19.799537658691406,19.81369061877581,19.650935626906858,19.81369061877581,6500
2021-03-15,19.70542335510254,19.813690937056332,19.643859462417062,19.813690937056332,13300
2021-03-16,20.017980575561523,20.018698701330802,19.68746044931299,19.90301741090178,15000
2021-03-17,20.111385345458984,20.111385345458984,19.919540260767043,19.967682091213582,13400
2021-03-18,19.788053512573242,19.903016672970573,19.640037381448224,19.895831304137115,13300
2021-03-19,19.94612693786621,19.94612693786621,19.644348307945428,19.874274622081465,14700
2021-03-22,19.856311798095703,19.946126849812906,19.752126009191205,19.86708916575171,15700
2021-03-23,19.845535278320312,19.946127701991234,19.66590516721139,19.66590516721139,11900
2021-03-24,20.01079750061035,20.06899721538184,19.766500405083566,19.766500405083566,19000
2021-03-25,19.917387008666992,20.032350174654496,19.85990542567324,20.010795437574988,6900
2021-03-26,19.90301513671875,19.996422183405915,19.7629025109847,19.996422183405915,9500
2021-03-29,19.752126693725586,19.953312909913294,19.594052690593873,19.953312909913294,16200
2021-03-30,19.709016799926758,19.752127644589123,19.558126787904914,19.752127644589123,15600
2021-03-31,19.845535278320312,19.982053176025424,19.68745990344431,19.982053176025424,39400
2021-04-01,20.025163650512695,20.025163650512695,19.744939769597543,19.76649587442759,31900
2021-04-05,19.982046127319336,20.068269153242632,19.75930525184787,20.068269153242632,23500
2021-04-06,20.12934684753418,20.12934684753418,19.845532355340563,20.017977072150067,21800
2021-04-07,20.089828491210938,20.154495432873237,20.039532285577774,20.154495432873237,15800
2021-04-08,20.118572235107422,20.132942972759338,19.967683601169224,20.046719917316814,16100
2021-04-09,19.969120025634766,20.140128516048385,19.88864608683729,20.11857240938378,10200
2021-04-12,20.085519790649414,20.098452905804944,19.967682761888366,20.061089811761793,9900
2021-04-13,20.1329402923584,20.14012566022773,19.95259071091635,19.974864940170647,6800
2021-04-14,20.06108856201172,20.17605171029509,19.938940045652036,20.154495606066146,10900
2021-04-15,20.118572235107422,20.197609921723984,20.000015705182573,20.053905286142772,13500
2021-04-16,20.204792022705078,20.204792022705078,19.928879660382975,20.046716675038443,18200
2021-04-19,20.097015380859375,20.211978536859206,19.98923759341815,20.211978536859206,12500
2021-04-20,19.99641990661621,20.118568412510918,19.946123704859925,20.118568412510918,10200
2021-04-21,20.104198455810547,20.118569191288255,19.98779906165989,20.01797678388182,6800
2021-04-22,20.01079750061035,20.10420456867921,19.946130541766838,19.996426760763086,15300
2021-04-23,20.111385345458984,20.118570713741587,19.974866089027312,19.974866089027312,10100
2021-04-26,20.14012908935547,20.176054564350142,20.04959453516218,20.176054564350142,7600
2021-04-27,20.161680221557617,20.176050957173825,20.032346341949328,20.176050957173825,8600
2021-04-28,20.097015380859375,20.176053064535104,19.968400983926443,20.176053064535104,9000
2021-04-29,20.111385345458984,20.118570713741587,19.967682091213582,20.05390376966705,7100
2021-04-30,19.795236587524414,20.11138594910374,19.759311115501973,20.11138594910374,62800
2021-05-03,19.895830154418945,19.97486646608174,19.845533945960195,19.881459417582477,29200
2021-05-04,19.867088317871094,19.900859411773077,19.773681271077923,19.823977478618005,21700
2021-05-05,19.859901428222656,19.974864571070093,19.8096052245355,19.946124470592615,13100
2021-05-06,19.809606552124023,19.924569702675992,19.665903299168495,19.83116265677834,15100
2021-05-07,19.888641357421875,19.90301209178099,19.83834515763363,19.8670852558832,17100
2021-05-10,19.766496658325195,19.895830551496857,19.754999794532786,19.895830551496857,11300
2021-05-11,19.73775291442871,19.780865120841064,19.565308200185605,19.744938282164103,14300
2021-05-12,19.57249641418457,19.72338641763293,19.50064409685054,19.72338641763293,15700
2021-05-13,19.464717864990234,19.67308806962408,19.435976390988927,19.558124914556668,20500
2021-05-14,19.522201538085938,19.704705532084166,19.45753458511039,19.52938690735756,9200
2021-05-17,19.709016799926758,19.752127644589123,19.550223292938202,19.550223292938202,7900
2021-05-18,19.71619987487793,19.75212534617133,19.5775248695664,19.594051353823936,11600
2021-05-19,19.694644927978516,19.73919339210212,19.56531103096649,19.68027419042852,8300
2021-05-20,19.71619987487793,19.744939977818873,19.615606088412424,19.737754609466418,12900
2021-05-21,19.67308807373047,19.85271817486941,19.644347970192072,19.658718707195725,24300
2021-05-24,19.823976516723633,19.823976516723633,19.660153416854467,19.723384106524392,11100
2021-05-25,19.838346481323242,19.85990121383147,19.716197972057863,19.823975746005257,21700
2021-05-26,19.790206909179688,19.831163372454057,19.759311058148825,19.780867163581068,8700
2021-05-27,19.701826095581055,19.81678923052861,19.673084626609832,19.81678923052861,15300
2021-05-28,19.744937896728516,19.809604834615932,19.701827061626485,19.701827061626485,38200
2021-06-01,19.91020393371582,19.924574673737443,19.762189148806858,19.766500644907186,31700
2021-06-02,19.967679977416992,19.967679977416992,19.78804990077439,19.888642305144256,10300
2021-06-03,20.01079750061035,20.014389500337575,19.874278212999695,19.967686651537736,13500
2021-06-04,20.089828491210938,20.11138459525464,19.915947518946123,19.982050711930043,7400
2021-06-07,19.993547439575195,20.082644357790453,19.993547439575195,20.075458989824497,7000
2021-06-08,20.053903579711914,20.097014418530293,19.95474741700767,20.032347475068295,15000
2021-06-09,20.17605209350586,20.17605209350586,20.010792736018292,20.10419978184683,8500
2021-06-10,20.219881057739258,20.233532297089926,20.104198418965105,20.168865358027517,11200
2021-06-11,20.194726943969727,20.26226773592179,20.10419243395319,20.190415450524092,6600
2021-06-14,20.355680465698242,20.355680465698242,20.21916122214002,20.247902692560167,13400
2021-06-15,20.51030921936035,20.63430473956101,20.427888070303503,20.605128668364788,9900
2021-06-16,20.451963424682617,20.503020170457937,20.284203757031154,20.503020170457937,19500
2021-06-17,20.53948974609375,20.53948974609375,20.262323946790413,20.451964289973557,4500
2021-06-18,20.590543746948242,20.590543746948242,20.432996833997333,20.495724283603003,8100
2021-06-21,20.554073333740234,20.60513007061657,20.41694912864615,20.546779315444795,8800
2021-06-22,20.583251953125,20.583251953125,20.41549367381443,20.583251953125,10000
2021-06-23,20.517602920532227,20.605129747513278,20.459252166275434,20.57595367478902,18300
2021-06-24,20.39361000061035,20.60513238132348,20.371729334462024,20.56136965783493,15600
2021-06-25,20.349843978881836,20.536566942584276,20.240436492296944,20.444664820795968,14100
2021-06-28,20.444669723510742,20.445398708121175,20.24262969106023,20.386318957259938,7900
2021-06-29,20.415494918823242,20.47384568871544,20.320675439445452,20.47384568871544,10300
2021-06-30,20.692657470703125,20.692657470703125,20.466547070872345,20.5905426029373,70800
2021-07-01,20.65618896484375,20.71453972610973,20.539487442311785,20.678071022015448,24100
2021-07-02,20.74371337890625,20.74371337890625,20.580330431733962,20.71453730608588,14200
2021-07-06,20.685361862182617,20.743712614481357,20.656185790437412,20.743712614481357,16900
2021-07-07,20.699953079223633,20.71454111831855,20.65619035313086,20.71454111831855,12300
2021-07-08,20.611696243286133,20.75100880068538,20.60513120909998,20.67077598619423,20800
2021-07-09,20.524900436401367,20.699952729002746,20.524900436401367,20.699952729002746,17100
2021-07-12,20.481138229370117,20.621910164552155,20.451963542127533,20.56866507348185,13800
2021-07-13,20.327966690063477,20.444668213948255,20.322130640034906,20.43737419480647,12800
2021-07-14,20.386316299438477,20.4227850018937,20.319212161843005,20.4227850018937,11800
2021-07-15,20.357141494750977,20.473843019319737,20.342553456381903,20.342553456381903,7400
2021-07-16,20.327966690063477,20.459254861039927,20.313378651779903,20.400904099097538,10500
2021-07-19,20.35349464416504,20.451961813772474,20.291496178326934,20.40090368082679,13200
2021-07-20,20.444669723510742,20.495726470081195,20.31338015164843,20.473844411040144,18900
2021-07-21,20.60512924194336,20.60512924194336,20.400900911459694,20.422782965465984,16400
2021-07-22,20.583251953125,20.634310090960046,20.379024966552834,20.627016071269328,7300
2021-07-23,20.692657470703125,20.707244116505287,20.5066634770098,20.641599341224325,19000
2021-07-26,20.65618896484375,20.65618896484375,20.459254623874106,20.648894945786516,9900
2021-07-27,20.64889144897461,20.64889144897461,20.466545176999087,20.64889144897461,8300
2021-07-28,20.439558029174805,20.618985573938403,20.38631295326232,20.590539879397014,6000
2021-07-29,20.60512924194336,20.67077401277055,20.430076983468084,20.430076983468084,10000
2021-07-30,20.546781539916992,20.60513230140604,20.38631729362008,20.528547187800143,23200
2021-08-02,20.692657470703125,20.692657470703125,20.45852406788321,20.466547070872345,15200
2021-08-03,20.685361862182617,20.70724252479985,20.55553029058479,20.605129056074972,13300
2021-08-04,20.71453857421875,20.71453857421875,20.437372821415902,20.685363890804044,12600
2021-08-05,20.918766021728516,20.945752359266006,20.68536299969841,20.68536299969841,20700
2021-08-06,20.94794464111328,20.98441473965499,20.714541575214394,20.853125167288862,20200
2021-08-09,20.86041831970215,20.969825828394512,20.86041831970215,20.969825828394512,13600
2021-08-10,20.524900436401367,20.904181099300338,20.33526010495188,20.904181099300338,50400
2021-08-11,20.517602920532227,20.656915468049597,20.47384020263756,20.532190956894354,9900
2021-08-12,20.56866455078125,20.61972129555229,20.51031378658693,20.51031378658693,7000
2021-08-13,20.751007080078125,20.751007080078125,20.50301602966066,20.619717536775738,15000
2021-08-16,20.875003814697266,20.911472516086683,20.656187432785416,20.656187432785416,18800
2021-08-17,20.721834182739258,20.867711784580575,20.640872378043788,20.86041776536932,4900
2021-08-18,20.751007080078125,20.85749724010042,20.590541464401117,20.802063815542006,7100
2021-08-19,20.678071975708008,20.782373809772363,20.515419377686477,20.699952642696978,11200
2021-08-20,20.882299423217773,20.882299423217773,20.627015694663505,20.627015694663505,15900
2021-08-23,20.77799415588379,20.926060085188148,20.77799415588379,20.845827274495388,15100
2021-08-24,20.875003814697266,20.918766534602923,20.80206502072665,20.81665305775913,21200
2021-08-25,20.875003814697266,20.904907482064534,20.78747698369417,20.78747698369417,11900
2021-08-26,20.727664947509766,20.933352633525548,20.727664947509766,20.80935711261313,7000
2021-08-27,20.875003814697266,20.911472516086683,20.656916417279504,20.77288894666169,24600
2021-08-30,20.845827102661133,20.918765894399513,20.83853308436812,20.853121120954146,15300
2021-08-31,20.678071975708008,20.82394819000497,20.663483936920727,20.82394819000497,92900
2021-09-01,20.86771011352539,20.882296759587913,20.74371457924722,20.74371457924722,18100
2021-09-02,20.875003814697266,20.889590460537963,20.823945685083586,20.889590460537963,13300
2021-09-03,20.889589309692383,20.896883327806783,20.845826592197696,20.889589309692383,6200
2021-09-07,20.823945999145508,20.875004129529234,20.765595241327336,20.838534036398,8700
2021-09-08,20.807170867919922,20.807170867919922,20.707974719417834,20.77288911972716,11500
2021-09-09,20.772891998291016,20.896887548899024,20.714541232780896,20.8385367833889,21700
2021-09-10,20.80936050415039,20.882297912063766,20.71453964795599,20.823947151017936,13100
2021-09-13,20.853124618530273,20.889593324920284,20.758303756009095,20.889593324920284,4000
2021-09-14,20.823945999145508,20.889590775589923,20.714538502135415,20.7437145766404,6500
2021-09-15,20.753929138183594,20.872088641126865,20.71454170974116,20.86041932247134,11000
2021-09-16,20.833881378173828,21.026376546770557,20.722826853404342,20.870900494520253,32000
2021-09-17,20.5821590423584,20.83388340951813,20.5821590423584,20.83388340951813,21000
2021-09-20,20.493314743041992,20.63916710139001,20.293415743738812,20.58215780130899,16900
2021-09-21,20.463699340820312,20.64212823939615,20.43408545893265,20.545139987247538,15900
2021-09-22,20.811670303344727,20.83388035993218,20.54513832721661,20.58955985252635,18000
2021-09-23,20.67840576171875,20.833881817245693,20.5673512346088,20.833881817245693,11500
2021-09-24,20.64879035949707,20.678405653042706,20.497756881246065,20.678405653042706,4900
2021-09-27,20.58956527709961,20.66360211354498,20.545143740086466,20.61918057653184,11900
2021-09-28,20.508121490478516,20.596964544848138,20.382259320009144,20.55254301766333,21000
2021-09-29,20.66360092163086,20.66360092163086,20.40447271508665,20.619179387180033,14300
2021-09-30,20.819080352783203,20.841290416013205,20.614738733401587,20.841290416013205,29900
2021-10-01,20.73763656616211,20.823518382799943,20.656195914220433,20.811673394096815,8400
2021-10-04,20.42298126220703,20.78205897495361,20.397068583156774,20.78205897495361,21000
2021-10-05,20.411874771118164,20.545140775060155,20.35486688128709,20.545140775060155,20500
2021-10-06,20.382261276245117,20.426682807693393,20.33043450873127,20.33043450873127,16400
2021-10-07,20.36005401611328,20.442974601872265,20.345246365189087,20.345246365189087,5900
2021-10-08,20.351911544799805,20.5755020044935,20.308229960249925,20.5755020044935,9500
2021-10-11,20.397069931030273,20.537739778123882,20.308226857597084,20.404473755838904,5400
2021-10-12,20.493314743041992,20.594744160121557,20.315627214373038,20.330433449327572,12000
2021-10-13,20.552549362182617,20.804273780828044,20.552549362182617,20.589567077574753,21100
2021-10-14,20.819080352783203,20.826482765769704,20.61844135203009,20.685814324862193,11700
2021-10-15,20.726531982421875,20.752444660936614,20.633986298544922,20.752444660936614,6600
2021-10-18,20.752445220947266,20.81907822810759,20.62658303099278,20.73023374784879,8700
2021-10-19,20.715425491333008,20.74504078792874,20.582159480922343,20.715425491333008,15100
2021-10-20,20.73763656616211,20.80426957008984,20.603630599546463,20.663599738227408,19800
2021-10-21,20.782058715820312,20.833884073274614,20.73023335836601,20.737637182593065,5300
2021-10-22,20.682111740112305,20.79686891148454,20.626585169811094,20.79686891148454,7200
2021-10-25,20.789459228515625,20.84128457771472,20.58215641958439,20.656193237926605,1800
2021-10-26,20.819080352783203,20.841290416013205,20.663602849496943,20.663602849496943,9700
2021-10-27,20.75985336303711,20.84129262373273,20.70802658169484,20.811678732243976,13700
2021-10-28,20.66360092163086,20.83388464713829,20.66360092163086,20.68581239492383,25300
2021-10-29,20.819080352783203,20.841290416013205,20.559952122062935,20.715428213213944,42700
2021-11-01,20.789459228515625,20.84128457771472,20.700614764077994,20.804266874611038,13300
2021-11-02,20.811670303344727,20.83388035993218,20.748738514698996,20.83388035993218,9200
2021-11-03,20.752445220947266,20.82648064033864,20.6724858947819,20.796866755009113,7900
2021-11-04,20.70802116394043,20.84128717111248,20.70802116394043,20.833883347143473,16300
2021-11-05,20.730234146118164,20.841288689473913,20.685071240257457,20.819078628083844,27500
2021-11-08,20.730234146118164,20.813154721196042,20.68581261120289,20.80427097906704,11600
2021-11-09,20.76725196838379,20.822039987614037,20.67840889807471,20.745041906874093,11100
2021-11-10,20.54514503479004,20.75985173279837,20.522933558816156,20.75985173279837,7700
2021-11-11,20.633989334106445,20.73764006341395,20.45111781577781,20.62658550885087,17900
2021-11-12,20.50072479248047,20.69099873774655,20.45630183772115,20.57476163827729,5800
2021-11-15,20.448894500732422,20.611774392561724,20.448894500732422,20.611774392561724,5600
2021-11-16,20.548845291137695,20.556249116119943,20.43408953425088,20.515528784785182,9300
2021-11-17,20.67840576171875,20.68580958514407,20.42668141379757,20.54513976433284,18200
2021-11-18,20.52589225769043,20.685810899863434,20.367453533015595,20.685810899863434,11500
2021-11-19,20.64879035949707,20.64879035949707,20.47110283462801,20.58215736115431,7800
2021-11-22,20.58808135986328,20.715423451132214,20.537735925462933,20.70061580429271,13400
2021-11-23,20.68581771850586,20.68581771850586,20.360056420381813,20.522936363376093,30400
2021-11-24,20.730234146118164,20.767251856525036,20.525893955799802,20.656197313169287,10800
2021-11-26,20.508121490478516,20.70801906887761,20.508121490478516,20.67100136491275,4500
2021-11-29,20.819080352783203,20.819080352783203,20.438532496763777,20.574759772306436,8800
2021-11-30,20.441492080688477,20.841288719777513,20.426684431650145,20.841288719777513,27500
2021-12-01,20.563650131225586,20.61399556937145,20.530333629425538,20.56735274927839,13200
2021-12-02,20.70802116394043,20.70802116394043,20.382261382114333,20.493315917379366,12600
2021-12-03,20.568092346191406,20.811672925638366,20.467402883806084,20.69321456846328,27300
2021-12-06,20.567354202270508,20.77465563955127,20.400771681501944,20.47850972048223,13000
2021-12-07,20.885711669921875,20.90792314498437,20.72283175586928,20.72283175586928,26700
2021-12-08,20.885711669921875,20.930134620046864,20.70506285824633,20.710986765544135,12300
2021-12-09,20.683591842651367,20.922729872957966,20.619180121157523,20.774656203337432,9400
2021-12-10,20.80427360534668,20.906444419471217,20.68137264483575,20.848695145869616,9200
2021-12-13,20.673227310180664,20.893115119594587,20.656198371725154,20.796868220323333,7400
2021-12-14,20.574756622314453,20.90569894056446,20.493315970578998,20.663599685903097,16900
2021-12-15,20.596965789794922,20.626581084464764,20.441489729183164,20.626581084464764,14000
2021-12-16,20.876628875732422,20.876628875732422,20.602984674252557,20.876628875732422,15400
2021-12-17,20.613506317138672,20.803704071728628,20.53156405710963,20.733789244060404,15000
2021-12-20,20.636064529418945,20.757850195742428,20.43308650703192,20.598475210151395,25100
2021-12-21,20.833776473999023,20.857834209248782,20.62854440543912,20.63606226846895,130700
2021-12-22,20.748825073242188,20.891661587390605,20.748825073242188,20.891661587390605,12700
2021-12-23,20.772132873535156,20.895422676131044,20.455636996817905,20.748827927655263,935500
2021-12-27,20.636064529418945,20.95180764183679,20.636064529418945,20.756347483303276,7200
2021-12-28,20.636064529418945,20.767623562140585,20.590957346297888,20.726276027889238,13900
2021-12-29,20.598468780517578,20.77137529351929,20.58343305750383,20.77137529351929,7400
2021-12-30,20.673646926879883,20.696951868473576,20.598469742186847,20.605987604044707,9400
2021-12-31,20.854074478149414,20.891663793149604,20.649593766537095,20.7112379489202,50000
2022-01-03,20.83152198791504,20.8916648950876,20.718756904738143,20.8916648950876,10000
2022-01-04,20.714996337890625,20.861591072764018,20.621025206932227,20.861591072764018,6600
2022-01-05,20.59095573425293,20.84655734971782,20.50826210611015,20.70372224934129,16000
2022-01-06,20.763866424560547,20.816490040379758,20.410533974541295,20.688689216010538,19200
2022-01-07,20.748825073242188,20.772130015916023,20.628542145712657,20.65861216065224,19300
2022-01-10,20.808969497680664,20.808969497680664,20.538332155290483,20.5984736276121,23400
2022-01-11,21.011947631835938,21.01946406127162,20.67365095179765,20.748828151126805,34900
2022-01-12,20.861591339111328,21.039760238608462,20.750328979495052,20.89917921842032,9800
2022-01-13,20.936767578125,21.011944767204987,20.666130270991285,20.808966786854704,9500
2022-01-14,20.974355697631836,20.974355697631836,20.6450810682271,20.884144216803882,7800
2022-01-18,20.823999404907227,20.86684963633101,20.673645049177228,20.793927960207064,18300
2022-01-19,20.756345748901367,20.869110829509527,20.596970776627717,20.869110829509527,11600
2022-01-20,20.64357566833496,20.854822856651364,20.605987792587285,20.78641217717011,11000
2022-01-21,20.70372200012207,20.831521372430338,20.58343762321668,20.64357909472648,11900
2022-01-24,20.805206298828125,20.824001670753542,20.587945392605437,20.68868302264969,58200
2022-01-25,20.583433151245117,20.77889324965762,20.56839886204837,20.77889324965762,20100
2022-01-26,20.470670700073242,20.68793162087396,20.3315938285837,20.681166548346173,47200
2022-01-27,20.10982322692871,20.49322563621869,19.703867228662,20.4781899102342,27400
2022-01-28,20.09478759765625,20.315056826120454,19.92188104965971,20.01961040125774,18100
2022-01-31,20.478187561035156,20.478187561035156,20.03464373257505,20.139892368506903,42900
2022-02-01,20.523296356201172,20.523296356201172,20.320319784011744,20.433084864980493,5500
2022-02-02,20.37444496154785,20.618019128720338,20.10230492307137,20.5157787752624,35600
2022-02-03,19.98953628540039,20.184996382415093,19.899323381437654,20.184996382415093,22300
2022-02-04,19.816633224487305,20.327836423584202,19.651243110729066,19.914362573074317,23900
2022-02-07,19.776037216186523,20.057199264798953,19.707626528219638,19.741456194142984,15600
2022-02-08,19.598615646362305,19.74145214360776,19.373085542404578,19.74145214360776,36500
2022-02-09,19.741456985473633,19.821143753980614,19.62869190583757,19.62869190583757,40400
2022-02-10,19.636207580566406,19.809114112330526,19.45578175259401,19.66627759597139,651300
2022-02-11,19.583581924438477,19.69108606175256,19.43097348238739,19.553511909985282,52600
2022-02-14,19.561031341552734,19.68131427678758,19.28287615764359,19.545995616176953,29100
2022-02-15,19.681316375732422,19.93541385258467,19.56103342766981,19.621174901701117,15600
2022-02-16,19.771526336669922,19.88429284638435,19.545996185012534,19.545996185012534,16400
2022-02-17,19.9594669342041,19.9594669342041,19.658759612578084,19.658759612578084,17600
2022-02-18,20.117340087890625,20.117340087890625,19.76400914816879,19.944433549338598,17200
2022-02-22,20.00457763671875,20.198533642451864,19.6798125249648,19.997059773116227,11800
2022-02-23,20.1774845123291,20.1774845123291,19.90308893904777,20.079753717859326,23800
2022-02-24,20.147411346435547,20.1774827987604,19.726421051087954,20.05719985723252,22600
2022-02-25,20.30678367614746,20.498485575086285,20.17447331799615,20.177480176060648,7000
2022-02-28,20.20003890991211,20.42556909496215,20.20003890991211,20.282732546357952,16500
2022-03-01,20.282726287841797,20.53832785010161,20.23010268982692,20.31279773464201,11400
2022-03-02,20.418048858642578,20.418048858642578,20.15643353024805,20.30528377921933,10500
2022-03-03,20.380462646484375,20.514277180125884,20.335355463911004,20.335355463911004,8500
2022-03-04,20.260175704956055,20.50825942471984,20.102303464805132,20.372940771414935,17100
2022-03-07,19.974502563476562,20.20755055738936,19.86173749764041,20.20755055738936,19500
2022-03-08,20.1774845123291,20.1774845123291,19.959470766116436,19.997060084714768,18000
2022-03-09,20.21506690979004,20.583433528747594,20.088770274908192,20.583433528747594,6800
2022-03-10,20.27521324157715,20.27521324157715,20.050434428736136,20.145158361545683,8300
2022-03-11,20.147411346435547,20.25265999568677,20.042164131070088,20.087269875671605,11600
2022-03-14,19.906845092773438,20.057199483827024,19.670790218738194,20.057199483827024,33600
2022-03-15,19.80159568786621,20.07148019832531,19.75648994909642,19.884290737182152,8300
2022-03-16,19.879526138305664,20.085809038499306,19.696164046099884,20.085809038499306,28300
2022-03-17,20.185131072998047,20.208051882629796,19.94064826585597,20.078170209181508,12500
2022-03-18,20.456350326538086,20.475450269095365,20.07052624084511,20.07052624084511,19000
2022-03-21,20.44489097595215,20.528932473212624,20.322649592972674,20.345568941511182,8300
2022-03-22,20.55185317993164,20.76042830025569,20.437252057968937,20.444892327064093,26200
2022-03-23,20.307373046875,20.537340367771364,20.208052450146422,20.475454617197407,9900
2022-03-24,20.238611221313477,20.322652731553116,20.208051599465172,20.307372192012735,6200
2022-03-25,19.841327667236328,20.330294774549465,19.64268500758296,20.14693265576926,75300
2022-03-28,19.88716697692871,20.105673148518314,19.810765738681134,19.864246168284712,25600
2022-03-29,19.99183464050293,20.25083437386592,19.887166012956914,19.90244509407989,16500
2022-03-30,20.001768112182617,20.131649780075975,19.94064741301118,20.055248541803575,12700
2022-03-31,20.0858097076416,20.42197282593501,19.92536696084629,20.0858097076416,93900
2022-04-01,20.024686813354492,20.37613191510235,19.910085688283456,20.308134538373782,11900
2022-04-04,20.11636734008789,20.36849038249987,19.98648568446764,19.98648568446764,44100
2022-04-05,20.108728408813477,20.1881854612365,19.994127283227442,20.070528519362256,14000
2022-04-06,19.92536735534668,20.20805150661505,19.86806606094976,19.91772708561159,19500
2022-04-07,20.097265243530273,20.2118663492158,19.963562739203724,19.963562739203724,13900
2022-04-08,19.95592498779297,20.215686827761388,19.833682150376035,20.131646789654503,11900
2022-04-11,19.933008193969727,20.009409436268623,19.837507005404227,20.009409436268623,24700
2022-04-12,20.070528030395508,20.215688772559574,19.826045246506197,19.978846257820848,32100
2022-04-13,19.88716697692871,20.026216093898018,19.883346113538504,20.00940837523187,18200
2022-04-14,20.101089477539062,20.139290826765592,19.810766509579793,19.90244683325852,149500
2022-04-18,19.87188720703125,20.03232850205233,19.79548596582634,20.03232850205233,36300
2022-04-19,19.88716697692871,20.007879738429303,19.833685090092715,19.833685090092715,8900
2022-04-20,19.841327667236328,20.04761059732628,19.834452443906212,19.902448373496398,19400
2022-04-21,19.719085693359375,19.871888183275907,19.711445423140294,19.871888183275907,23400
2022-04-22,19.749643325805664,19.87570411932802,19.711441981380492,19.787843212998553,7400
2022-04-25,19.76492691040039,19.787846263356297,19.67324512687923,19.719085290023557,12500
2022-04-26,19.787845611572266,19.87188712226241,19.67324447887,19.742005449937853,14900
2022-04-27,19.657960891723633,19.871884041574365,19.558640314041078,19.76492319526512,13700
2022-04-28,20.307373046875,20.315013316966816,19.665604931487593,19.665604931487593,23600
2022-04-29,20.230966567993164,20.30736779190836,19.82451392202148,20.013224027035758,75500
2022-05-02,19.933008193969727,20.09421453834623,19.79548624927821,20.085810678567523,8200
2022-05-03,19.80312728881836,20.076642551947092,19.711445503050257,19.90244788760397,22600
2022-05-04,19.8260440826416,20.00940615979453,19.642680548256422,19.80312327653539,9300
2022-05-05,19.72672462463379,19.780205055304847,19.642683115160732,19.780205055304847,60100
2022-05-06,19.577741622924805,19.749644035938417,19.577741622924805,19.749644035938417,18900
2022-05-09,19.376808166503906,19.93300756066821,19.3676407171909,19.528082009411882,11800
2022-05-10,19.230117797851562,19.79090015950637,19.230117797851562,19.421120159190085,21300
2022-05-11,19.39055824279785,19.6915787206597,19.26067658441886,19.27595712240046,21500
2022-05-12,19.337081909179688,19.848968382029533,19.253041846961064,19.291241742766566,48200
2022-05-13,18.75642967224121,19.413478204519492,18.542507978742044,19.291236820453616,58500
2022-05-16,19.337081909179688,19.42112342863093,18.56543206460111,18.64183331344473,84100
2022-05-17,19.306522369384766,19.48224422243957,19.100239433764283,19.352362536000665,19600
2022-05-18,19.306522369384766,19.48988449308099,19.100239433764283,19.199560037637504,22600
2022-05-19,19.46695899963379,19.474599268437835,19.138434727221174,19.2377567644415,6000
2022-05-20,19.665605545043945,19.665605545043945,19.367642288329396,19.466962888156726,9000
2022-05-23,19.4364013671875,19.764925673160718,19.400492245863393,19.650323086625004,14000
2022-05-24,19.619762420654297,19.77256343251035,19.337078290010464,19.543361186110097,12300
2022-05-25,19.96356773376465,19.971208003686105,19.601427974329034,19.772565357425698,13800
2022-05-26,20.200410842895508,20.200410842895508,19.841325458512255,20.009408474940987,18000
2022-05-27,20.0858097076416,20.230970458036854,20.055248629306334,20.200410836934008,32200
2022-05-31,20.101089477539062,20.315012661510213,19.803126239734485,19.97884807447911,85600
2022-06-01,19.97197151184082,20.253890601227162,19.80312491122149,20.253890601227162,7300
2022-06-02,19.65032386779785,19.940648294622246,19.48224230195332,19.940648294622246,39100
2022-06-03,19.405839920043945,19.764925297530965,19.405839920043945,19.551002124926622,43000
2022-06-06,19.451677322387695,19.673240733027217,19.4134774378378,19.4134774378378,16200
2022-06-07,19.627405166625977,19.75499461780547,19.50516375882248,19.512804028964265,17300
2022-06-08,19.558645248413086,19.72672682890828,19.520443895641947,19.72672682890828,5400
2022-06-09,19.48223876953125,19.596839882611462,19.405837541733703,19.48987903803423,26000
2022-06-10,19.39820098876953,19.445569788221693,19.184279258640412,19.413481528702324,36500
2022-06-13,19.39820098876953,19.589203366231956,19.230119421206297,19.413481528702324,40300
2022-06-14,19.375280380249023,19.55864247586001,19.36764011077785,19.466960699438317,17300
2022-06-15,19.772567749023438,19.940650793161048,19.405843491831195,19.405843491831195,25800
2022-06-16,19.836252212524414,19.983819187635262,19.510825360963125,19.688683756025654,8600
2022-06-17,19.61101722717285,19.921686510731654,19.54888337046109,19.921686510731654,23000
2022-06-21,19.805185317993164,19.940326416600488,19.53334914480194,19.79741840088622,14100
2022-06-22,19.805185317993164,19.88285300767465,19.626550668697316,19.711983794097783,12300
2022-06-23,19.805185317993164,19.88285300767465,19.649849938630187,19.805185317993164,69900
2022-06-24,19.844018936157227,19.894503157966074,19.62499720106475,19.882853522697882,11200
2022-06-27,19.78965187072754,19.991587275292677,19.555096302508186,19.944987253127795,13400
2022-06-28,19.798973083496094,20.04595453820477,19.727518332394727,19.921686822834413,16800
2022-06-29,19.6420841217041,19.983819579449612,19.556649516573753,19.983819579449612,12200
2022-06-30,19.91391372680664,20.069249063518065,19.624215057063278,19.92168064178097,109300
2022-07-01,19.92168426513672,20.069252713713567,19.665381949917897,19.976051198457707,11700
2022-07-05,19.92168426513672,20.02731166150147,19.69644961546579,19.781882732946848,24100
2022-07-06,19.711984634399414,20.061488512171117,19.711984634399414,19.88285385526026,14200
2022-07-07,19.875083923339844,20.053718553156934,19.762465859651236,20.02265236950465,6700
2022-07-08,19.92168426513672,19.964401564571162,19.882851164589677,19.92168426513672,11000
2022-07-11,19.805185317993164,20.01488763571679,19.805185317993164,19.869649396731642,12500
2022-07-12,19.781883239746094,19.976051710231427,19.781883239746094,19.89061859056163,8300
2022-07-13,19.871200561523438,19.952752444994864,19.72751630813033,19.72751630813033,8200
2022-07-14,19.77411651611328,19.875084951328095,19.68091647894809,19.875084951328095,6400
2022-07-15,19.75858497619629,19.88285268511549,19.582279071643562,19.688684204755745,5900
2022-07-18,19.69645118713379,19.94498660579739,19.611016581447696,19.781884311431934,18900
2022-07-19,19.718975067138672,19.998578165990253,19.64985053974383,19.64985053974383,14800
2022-07-20,20.061491012573242,20.10809104162154,19.677036699107173,19.83625630434961,17700
2022-07-21,20.302257537841797,20.302257537841797,19.864990296659315,20.146923629338097,11200
2022-07-22,20.22303581237793,20.38769060209234,20.154689016337898,20.302255996001332,7600
2022-07-25,20.310022354125977,20.403223874695684,20.059156717936254,20.278956168194686,11100
2022-07-26,20.15080451965332,20.37992338419769,20.103428252191428,20.18575490513934,4500
2022-07-27,20.15468978881836,20.278957503502003,20.07080767408829,20.278957503502003,8100
2022-07-28,20.3255558013916,20.348856551438054,20.014886541045012,20.193521180570816,16300
2022-07-29,20.729429244995117,20.729429244995117,20.34885916698045,20.34885916698045,48300
2022-08-01,20.643991470336914,20.776026087908107,20.5430245187297,20.651758386827908,27700
2022-08-02,20.643991470336914,20.651758386827908,20.372155318703538,20.651758386827908,14900
2022-08-03,20.146923065185547,20.581860070760133,20.069255372414506,20.410992331774263,30100
2022-08-04,20.504192352294922,20.504192352294922,19.96828690237313,20.271190755661806,38200
2022-08-05,20.35662078857422,20.387688453474226,20.00789469398207,20.294486940162,9700
2022-08-08,20.271190643310547,20.426524546409023,20.115855258824052,20.356623771528902,12500
2022-08-09,20.03818702697754,20.333323953276604,19.99935392259565,20.333323953276604,16300
2022-08-10,20.193523406982422,20.193523406982422,20.045954936527355,20.13138954806261,23400
2022-08-11,20.23235321044922,20.30380795130577,20.115852429166296,20.247887042990357,6800
2022-08-12,20.27895736694336,20.37604161097294,20.177988923575313,20.263423532365508,5300
2022-08-15,20.23235321044922,20.42652167305003,20.170219361672473,20.2867216243432,17900
2022-08-16,20.18575668334961,20.271191295705552,20.01488894002578,20.232356707640097,20000
2022-08-17,19.937223434448242,20.20905965520261,19.828489538701785,20.20905965520261,13000
2022-08-18,20.03818702697754,20.051390638000495,19.88285312806201,19.93722006675184,11100
2022-08-19,19.898386001586914,19.96828528982167,19.64984910882418,19.96828528982167,9300
2022-08-22,19.69645118713379,19.93721968879066,19.649849685093404,19.93721968879066,14700
2022-08-23,19.59547996520996,20.09255221334932,19.53334611936601,19.766349152321634,61800
2022-08-24,19.68868637084961,19.844020283394038,19.61101867388334,19.735286396474127,9800
2022-08-25,19.805185317993164,19.92634655836317,19.704218358378807,19.789651483779274,6800
2022-08-26,19.92168426513672,20.146920396195476,19.72596330518116,19.952751930684613,8100
2022-08-29,19.952754974365234,20.045955022450407,19.82460305651305,19.906153468934594,11600
2022-08-30,19.917802810668945,20.09255473698769,19.805184737998207,19.999353215821717,7500
2022-08-31,19.98381805419922,20.162452686394026,19.688682639329013,19.90615037195301,35800
2022-09-01,20.100322723388672,20.170223502787202,19.825380052791292,19.921688056653817,6000
2022-09-02,19.882854461669922,20.170223008701786,19.867320626320073,20.112749595573028,11400
2022-09-06,19.960521697998047,20.052945497844455,19.875087086926687,19.882854004422995,7400
2022-09-07,19.97605323791504,20.111972066481986,19.906152464683576,19.92168629904345,9200
2022-09-08,19.960521697998047,20.03818791018506,19.882854004422995,19.95275478050174,5100
2022-09-09,19.952754974365234,20.278958105439447,19.8906211151791,19.983821163264274,11800
2022-09-12,20.146923065185547,20.3022569693396,19.931784045067815,20.243229582089132,11800
2022-09-13,20.100322723388672,20.193524256382748,19.96052264597973,19.96052264597973,8500
2022-09-14,20.115854263305664,20.292936415090043,19.898386513452504,19.898386513452504,11400
2022-09-15,20.03818702697754,20.285946203053765,19.921686232443896,20.11585471712929,36400
2022-09-16,20.031869888305664,20.213474963277637,19.818680536284017,20.213474963277637,26200
2022-09-19,19.92922019958496,20.01607544545123,19.881845295485654,20.01607544545123,13700
2022-09-20,19.881853103637695,20.110833151728663,19.621288769729137,19.8581648892745,18200
2022-09-21,19.779205322265625,19.937123736448118,19.747622543042095,19.78710139357691,26100
2022-09-22,19.625234603881836,19.791049080141924,19.542328118762555,19.779204220823793,38800
2022-09-23,19.700244903564453,19.739723748653198,19.479159455411832,19.668660622676335,37100
2022-09-26,19.58970069885254,19.73182694552724,19.55811792515891,19.621284978567516,21200
2022-09-27,19.534433364868164,19.78710162570701,19.400203163044825,19.589704358673956,146100
2022-09-28,19.408096313476562,19.625232973328924,19.281762202070773,19.48705550961053,61600
2022-09-29,19.28965950012207,19.6686618584639,19.21070029896215,19.344930489127567,33800
2022-09-30,19.542325973510742,19.739723205566406,19.123843299385044,19.70024436156382,286400
2022-10-03,19.415992736816406,19.905537050911974,19.265970412035507,19.34492960960553,74100
2022-10-04,19.700244903564453,19.755515889097257,19.344929273680133,19.463367314967773,122600
2022-10-05,19.597597122192383,19.755515511572373,19.550222207786934,19.652868106668965,40700
2022-10-06,19.439678192138672,19.601543846501613,19.384405707460044,19.566012287933106,16200
2022-10-07,19.47126007080078,19.613386298561846,19.47126007080078,19.50284434631264,16300
2022-10-10,19.313343048095703,19.479157494019358,19.17911438590114,19.471261424592395,35200
2022-10-11,19.202800750732422,19.494949290311343,19.147529771736167,19.344926985877777,31200
2022-10-12,19.360719680786133,19.392302452825287,19.1712185304874,19.187009163496345,13900
2022-10-13,19.431781768798828,19.66076174849564,19.2817594680188,19.2817594680188,31800
2022-10-14,19.021194458007812,19.518634743164306,18.93433920741655,19.479155905270712,37300
2022-10-17,19.3844051361084,19.56601171122864,19.12384088295981,19.12384088295981,34800
2022-10-18,19.3844051361084,19.652865458264053,19.363876561506956,19.55811564222157,17200
2022-10-19,19.131738662719727,19.54864150503676,19.02909276849162,19.38440686945474,34600
2022-10-20,19.02909278869629,19.16332296191945,18.950133597502433,19.108051979890146,26100
2022-10-21,18.492170333862305,19.147528998092245,18.269506610607742,19.076465883390828,233600
2022-10-24,18.965925216674805,19.0054040581781,18.60271354955517,18.61060961906008,24700
2022-10-25,19.14752960205078,19.17121780970549,18.934340251222032,18.934340251222032,22000
2022-10-26,19.273862838745117,19.37651022798748,19.044882865703407,19.068569566281532,24700
2022-10-27,19.00540542602539,19.327558458518077,18.98961328587898,19.139635605227113,26300
2022-10-28,19.14752960205078,19.226488788211935,18.99750729894671,19.052778277453154,17900
2022-10-31,19.28965950012207,19.36072263056385,18.95013598934945,19.139637168520366,40100
2022-11-01,19.32124137878418,19.34492958983741,19.187011194858737,19.289658603401303,28300
2022-11-02,19.427833557128906,19.50284546275305,19.281760039577453,19.423886275474533,22300
2022-11-03,19.02909278869629,19.36861625661495,19.02119671897477,19.36861625661495,22900
2022-11-04,19.218597412109375,19.297556617552097,18.981721301802793,19.068575072370365,31000
2022-11-07,19.250179290771484,19.447576542139625,19.060678110180653,19.09226239328988,18300
2022-11-08,19.313343048095703,19.430991922321276,19.22648929644165,19.368615534084423,16100
2022-11-09,19.344928741455078,19.510741693491582,19.187010353402002,19.187010353402002,32300
2022-11-10,19.96080780029297,20.080824143615498,19.550221213601606,19.660763176933397,27300
2022-11-11,19.9844970703125,20.055560200445736,19.676557843749475,19.88974723414918,9500
2022-11-14,19.779205322265625,20.05556179407418,19.779205322265625,19.952915879070687,20000
2022-11-15,19.794992446899414,19.937118682430633,19.779200308280117,19.83447279344766,13400
2022-11-16,19.621286392211914,19.77920328410011,19.54232719325709,19.77920328410011,21700
2022-11-17,19.542325973510742,19.739723205566406,19.344928741455078,19.542325973510742,46900
2022-11-18,19.50284767150879,19.68445276860183,19.431784545512137,19.50284767150879,27500
2022-11-21,19.42388916015625,19.757094901647356,19.38440880764307,19.57312082639815,15100
2022-11-22,19.77130699157715,19.77130699157715,19.431783519961368,19.431783519961368,17400
2022-11-23,19.635501861572266,19.802894667276266,19.558122466732264,19.7871025237517,8300
2022-11-25,19.75551414489746,19.794992986500645,19.55022085531409,19.573909063888767,10900
2022-11-28,19.787097930908203,19.842368914393372,19.660763824078852,19.83447435048522,33900
2022-11-29,19.652868270874023,19.82657880184769,19.652868270874023,19.747619606497967,25600
2022-11-30,19.77130699157715,19.794993694978317,19.463366293170033,19.56601369464618,69200
2022-12-01,19.72393035888672,19.81868168952808,19.621284464544775,19.787097410640524,20600
2022-12-02,19.684452056884766,19.73972304043457,19.58180465370255,19.58180465370255,22100
2022-12-05,19.64497184753418,19.84315974056319,19.558118089630305,19.75551532144485,24200
2022-12-06,19.684452056884766,19.749197420748242,19.58180465370255,19.749197420748242,26400
2022-12-07,19.66866111755371,19.731828174897874,19.494952086362627,19.63707834189235,35000
2022-12-08,19.58180046081543,19.82657405844087,19.542321625596376,19.637072938551547,21500
2022-12-09,19.566011428833008,19.6291784739567,19.51073894658127,19.51073894658127,14900
2022-12-12,19.621286392211914,19.787099354597736,19.566015404749976,19.566015404749976,38900
2022-12-13,19.802892684936523,19.937122879415032,19.668662490458015,19.771309907070634,13500
2022-12-14,19.74761962890625,19.913432583909568,19.686030884175455,19.75551569905232,15800
2022-12-15,19.612688064575195,19.877724327669373,19.612688064575195,19.845597977297373,24500
2022-12-16,19.556467056274414,19.733157374821356,19.492215892087472,19.61991552132124,34800
2022-12-19,19.781349182128906,19.82953871346951,19.492219653429693,19.492219653429693,17000
2022-12-20,19.435998916625977,19.821505953351913,19.411904152379808,19.660877255448376,27600
2022-12-21,19.805442810058594,19.846403449784425,19.4440290051102,19.4440290051102,29400
2022-12-22,19.44403076171875,19.82150777695987,19.44403076171875,19.644815886636305,20900
2022-12-23,19.532377243041992,19.651242616238743,19.444031295455126,19.476157651620888,19500
2022-12-27,19.395843505859375,19.615904146028313,19.395843505859375,19.452063097897245,22300
2022-12-28,19.299467086791992,19.411906268460122,19.275372319919267,19.355686677626057,22400
2022-12-29,19.37175178527832,19.556473754096935,19.299469009328583,19.36372019552067,25400
2022-12-30,19.299467086791992,19.683367235002727,19.283403908876842,19.49222062616691,59800
2023-01-03,19.741195678710938,19.75725885819027,19.347656972681975,19.347656972681975,19100
2023-01-04,19.857650756835938,19.933145859578513,19.684975412978048,19.741195007374746,13400
2023-01-05,19.87772560119629,19.98213318285707,19.741191667105237,19.757254843320375,13000
2023-01-06,19.701038360595703,19.87772873117776,19.701038360595703,19.789382779952213,23300
2023-01-09,19.829538345336914,19.91788275408349,19.684972817736707,19.684972817736707,23500
2023-01-10,19.917882919311523,19.950009273208675,19.72352399296168,19.87772650880895,14000
2023-01-11,19.882549285888672,19.982137630477506,19.766093530211442,19.91788644318475,17900
2023-01-12,19.92591667175293,19.98213626530956,19.877728667542822,19.885760256889345,39500
2023-01-13,19.87772560119629,19.966071538510732,19.797411251989413,19.93956714456888,19900
2023-01-17,19.938764572143555,19.982133309957717,19.853630963156867,19.982133309957717,37400
2023-01-18,20.134727478027344,20.158822238981237,19.8857544089781,19.990161976041144,38000
2023-01-19,19.990169525146484,20.070483893454206,19.877730328637174,20.006232705181862,26200
2023-01-20,20.134727478027344,20.134727478027344,19.877722821993473,19.901817582947366,36400
2023-01-23,20.166858673095703,20.239141441462056,20.038356314193063,20.038356314193063,33600
2023-01-24,20.07048225402832,20.231110977523056,20.038357428450798,20.231110977523056,22600
2023-01-25,19.93394660949707,20.18372396231115,19.893790197960595,20.078512142018628,31800
2023-01-26,20.046384811401367,20.110637517722044,19.919489392903227,19.950008815658016,41900
2023-01-27,19.974103927612305,20.110637867178585,19.974103927612305,20.07047992503035,34600
2023-01-30,20.110637664794922,20.110637664794922,19.917882608160905,19.99819695978027,44300
2023-01-31,20.335519790649414,20.359614560174137,20.062451863512425,20.062451863512425,55700
2023-02-01,20.263233184814453,20.451971680752823,20.190950421768644,20.190950421768644,18000
2023-02-02,20.431894302368164,20.431894302368164,20.24717082718505,20.399767947773224,20800
2023-02-03,20.431894302368164,20.511404425813513,20.30098231794469,20.399767947773224,40900
2023-02-06,20.255203247070312,20.37567554987641,20.255203247070312,20.335517604984723,23500
2023-02-07,20.247169494628906,20.35961019644208,20.207013085897,20.35961019644208,15300
2023-02-08,20.247169494628906,20.319452255841373,20.231107850257423,20.29294939372683,17700
2023-02-09,20.263233184814453,20.38370394593452,20.215045186740195,20.215045186740195,14800
2023-02-10,20.3596134185791,20.38370665488375,20.229504121431646,20.311425414100764,8400
2023-02-13,20.3596134185791,20.38290395550534,20.239142641448737,20.239142641448737,7500
2023-02-14,20.423860549926758,20.431892137724592,20.359609379412824,20.367640967210658,8600
2023-02-15,20.323469161987305,20.4318933056527,20.259217987800646,20.399766952624955,25100
2023-02-16,20.158824920654297,20.327483674162018,20.158824920654297,20.327483674162018,28600
2023-02-17,20.255203247070312,20.318651727690902,20.07851288515379,20.158827243068195,15000
2023-02-21,20.118667602539062,20.287327893131224,20.102605957805057,20.19898195368443,45500
2023-02-22,20.263233184814453,20.295359538109853,20.086542837296278,20.086542837296278,16900
2023-02-23,20.28732681274414,20.359609571738726,20.102604887255207,20.311421576365255,11300
2023-02-24,20.28732681274414,20.43992391860701,20.21504405374956,20.271263636996732,19600
2023-02-27,20.480083465576172,20.552366235651256,20.320258978434996,20.43189546281578,24600
2023-02-28,20.64071273803711,20.712995510052625,20.327486882013527,20.444745328728647,46200
2023-03-01,20.43992805480957,20.5764620125539,20.352384801579163,20.46402129143741,9200
2023-03-02,20.60055160522461,20.60055160522461,20.35961009035109,20.35961009035109,6800
2023-03-03,20.520240783691406,20.65677474075461,20.458399229913834,20.632681504246964,14200
2023-03-06,20.60055160522461,20.656771189903843,20.48008084778785,20.520237256310505,8500
2023-03-07,20.447956085205078,20.655970096559127,20.447956085205078,20.600553206818688,14000
2023-03-08,20.62464714050293,20.648740373769723,20.314635182061494,20.439925203402897,16500
2023-03-09,20.399765014648438,20.632676456366525,20.336316545754425,20.528267350814044,46500
2023-03-10,20.520240783691406,20.591720857567285,20.35961359012056,20.44635261166001,15700
2023-03-13,19.941978454589844,20.48008264818958,19.941978454589844,20.48008264818958,53600
2023-03-14,20.215045928955078,20.472050637279086,19.99819763185586,19.99819763185586,23200
2023-03-15,20.046384811401367,20.12589646316502,19.885757641206173,19.909852406076425,21800
2023-03-16,20.186901092529297,20.587209299120783,20.048020625125048,20.048020625125048,32400
2023-03-17,20.080699920654297,20.338040490991578,20.048022618666764,20.14605608284318,10700
2023-03-20,19.835613250732422,20.072528737003093,19.835613250732422,20.05618930809789,18800
2023-03-21,20.015344619750977,20.195073683950923,19.89280200515038,20.015344619750977,26500
2023-03-22,20.088871002197266,20.2195833354664,20.015345119956635,20.097040717803324,9400
2023-03-23,19.90913963317871,20.261246076583337,19.90913963317871,20.137885410863156,19800
2023-03-24,20.284936904907227,20.42381893600058,19.900969669867354,19.9091393844274,18600
2023-03-27,20.281667709350586,20.605180900639994,20.123995191552552,20.605180900639994,9300
2023-03-28,20.211408615112305,20.465481565441333,20.13788275107815,20.13788275107815,14300
2023-03-29,19.917306900024414,20.611717033151674,19.811103730587856,20.382971265684112,51300
2023-03-30,20.048025131225586,20.24409364236492,19.917311232252015,19.99083711870602,34700
2023-03-31,20.42382049560547,20.546363106936333,20.01534408569336,20.162395842575933,137000
2023-04-03,20.35437774658203,20.423817979770696,20.105206917914643,20.423817979770696,36200
2023-04-04,20.403392791748047,20.423816296401746,20.301273710266038,20.39113744238501,19600
2023-04-05,20.350292205810547,20.415648361323726,20.154223739271007,20.268596621865658,16500
2023-04-06,20.382972717285156,20.415650018587534,20.226116684749627,20.293107411829492,15800
2023-04-10,20.415651321411133,20.42218647044589,20.25226168804497,20.382974018023454,15800
2023-04-11,20.448326110839844,20.448326110839844,20.24408794114465,20.399307828199223,23200
2023-04-12,20.64439582824707,20.722005776516752,20.3911393604359,20.3911393604359,19300
2023-04-13,20.505512237548828,20.587207815828616,20.325781653690587,20.448325800217045,26800
2023-04-14,20.317615509033203,20.587209853288023,20.317615509033203,20.563517213896095,23400
2023-04-17,20.489173889160156,20.53819061542371,20.342122152155866,20.52185274547828,11900
2023-04-18,20.53002166748047,20.538191381864877,20.464665510618904,20.464665510618904,7600
2023-04-19,20.603548049926758,20.619887479100974,20.46466601837338,20.562701035204945,9000
2023-04-20,20.548809051513672,20.60354441555713,20.4728321216479,20.58720654747857,16400
2023-04-21,20.505512237548828,20.587207815828616,20.472833382951492,20.579038102179283,14400
2023-04-24,20.431987762451172,20.587209215917667,20.431987762451172,20.50551363208195,18400
2023-04-25,20.407480239868164,20.554531990803312,20.383789157542708,20.42381966957513,35700
2023-04-26,20.436071395874023,20.482638610007765,20.333952307854325,20.333952307854325,18300
2023-04-27,20.440156936645508,20.489173662366497,20.325782499011712,20.382970496935418,39200
2023-04-28,20.489173889160156,20.489173889160156,20.342122152155866,20.468750383068148,69300
2023-05-01,20.2800350189209,20.43198890685918,20.211411285612158,20.43198890685918,27000
2023-05-02,20.178735733032227,20.342125365794157,20.039853688166954,20.3176177778975,31800
2023-05-03,20.10521125793457,20.34621242444823,20.031685372678606,20.244093312505388,13800
2023-05-04,19.97449493408203,20.359278661389638,19.933646362526428,20.05618896076588,16900
2023-05-05,20.11337661743164,20.21957978523503,19.946717876401202,19.974494592941884,17200
2023-05-08,20.195072174072266,20.22366539673418,20.056190139051363,20.22366539673418,13100
2023-05-09,20.170562744140625,20.333952350385726,20.09458580592091,20.333952350385726,17200
2023-05-10,20.170562744140625,20.333952350385726,20.141969524092392,20.211409756148495,10000
2023-05-11,20.178735733032227,20.21141303629906,20.031683972796777,20.137887156181336,16400
2023-05-12,20.121545791625977,20.178733793721076,20.03985176220329,20.064359347744606,13100
2023-05-15,20.07416534423828,20.19098931218265,20.032500263757782,20.113379354312418,17400
2023-05-16,20.015344619750977,20.097040215556003,19.90914143595416,20.097040215556003,24800
2023-05-17,20.121545791625977,20.203241379262387,19.90096973068551,19.94753538978499,27800
2023-05-18,20.18281364440918,20.24408571185586,20.01533842603012,20.031677851777687,32500
2023-05-19,20.039852142333984,20.1705644617462,20.015342998114033,20.088868872560123,17000
2023-05-22,20.088871002197266,20.15422716883183,20.015345119956635,20.03985426677482,19300
2023-05-23,20.342124938964844,20.366634084561117,20.114195650310755,20.21958232741118,19700
2023-05-24,20.219579696655273,20.382970862944006,20.129714399375107,20.276766137392237,11300
2023-05-25,20.342124938964844,20.41565081753981,20.27513576747719,20.325785508567332,8300
2023-05-26,20.407480239868164,20.407480239868164,20.227751187732864,20.34702621980892,15100
2023-05-30,20.36663246154785,20.530022077860963,20.27676715973672,20.399309761524982,15600
2023-05-31,20.62805938720703,20.677076121728227,20.268599698219177,20.276769413675023,119700
2023-06-01,20.521852493286133,20.652564800525045,20.423817483750142,20.579038932926455,28600
2023-06-02,20.505512237548828,20.62805482586173,20.48917281025016,20.587207815828616,9600
2023-06-05,20.58721160888672,20.61988891129108,20.505516015555056,20.505516015555056,10900
2023-06-06,20.570871353149414,20.652566943202952,20.51368490757607,20.51368490757607,10000
2023-06-07,20.610902786254883,20.668089234384176,20.596197922195042,20.65746844881335,15000
2023-06-08,20.55453109741211,20.636226684182315,20.521853797632257,20.62805696968392,8600
2023-06-09,20.652568817138672,20.677076405628814,20.51368676891016,20.51368676891016,10000
2023-06-12,20.59537696838379,20.726090834888055,20.505513230317494,20.664818758658356,29900
2023-06-13,20.58721160888672,20.750601237336202,20.54636303311397,20.54636303311397,24000
2023-06-14,20.954452514648438,20.971070224953376,20.771662455550345,20.85474942232296,29900
2023-06-15,21.06246566772461,21.128934922995747,20.76335322662846,20.77166208163136,33400
2023-06-16,21.02923011779785,21.120625937513058,20.937835882834687,21.11231708256149,155500
2023-06-20,20.65534210205078,21.08323785081864,20.65534210205078,21.0292310835293,26400
2023-06-21,20.674448013305664,20.771659863230152,20.505782870541108,20.64703022100115,15800
2023-06-22,20.50578498840332,20.66365006339889,20.497476133429654,20.66365006339889,20200
2023-06-23,20.705190658569336,20.705190658569336,20.493320424809976,20.52240062189946,27800
2023-06-26,20.522403717041016,20.813205731793936,20.47255058472441,20.71350263666497,28600
2023-06-27,20.630413055419922,20.75504270092711,20.522401118580873,20.530708388163017,17100
2023-06-28,20.630413055419922,20.85474736818401,20.555634951165224,20.63872190975399,36100
2023-06-29,20.771663665771484,20.771663665771484,20.56394702911377,20.56394702911377,12000
2023-06-30,20.979381561279297,21.079086250148652,20.746738343752313,21.020924257202704,92600
2023-07-03,20.946142196655273,21.08738955487864,20.86305682043727,20.86305682043727,7500
2023-07-05,20.962759017944336,21.054154829615534,20.838129374143914,20.971067872164618,19200
2023-07-06,20.76335334777832,20.92952727930178,20.705192947170726,20.896291859096266,13400
2023-07-07,20.5888729095459,20.971070747571748,20.580564054186365,20.71350257043467,28700
2023-07-10,20.746734619140625,20.879673123932122,20.59717998981418,20.59717998981418,32100
2023-07-11,20.90210723876953,20.954451597662583,20.800741745948574,20.929526618047994,11900
2023-07-12,20.80489730834961,20.937835817656786,20.792433233585037,20.89629154302827,17500
2023-07-13,20.871366500854492,20.966083960270986,20.80489724639883,20.80489724639883,22900
2023-07-14,20.87967300415039,20.937834986320993,20.788278773100533,20.863056879710765,15000
2023-07-17,20.921220779418945,20.937838491392412,20.779973397148954,20.804899965109154,29300
2023-07-18,20.904600143432617,20.937835562730776,20.796588200217638,20.887982433783538,19500
2023-07-19,20.854747772216797,20.93783473241526,20.8048962299985,20.88133515574976,24600
2023-07-20,20.854747772216797,20.93783473241526,20.771660812018332,20.82151235423663,29600
2023-07-21,20.896289825439453,20.937002101902593,20.863055993220364,20.863055993220364,12800
2023-07-24,20.91706085205078,20.93783377971917,20.854746823301262,20.921216071485212,10500
2023-07-25,20.896289825439453,20.896289825439453,20.788277889787523,20.788277889787523,18100
2023-07-26,20.934511184692383,21.029230229942925,20.788279774070677,20.788279774070677,23000
2023-07-27,20.81985092163086,21.01178022513797,20.81320288737925,20.94614138588472,12100
2023-07-28,20.912906646728516,20.97854548313528,20.779968153988037,20.81320198479724,22000
2023-07-31,20.995994567871094,21.02091954593798,20.80489567384938,20.962759150779362,44000
2023-08-01,20.887983322143555,20.995996854704337,20.81320521029442,20.995996854704337,8700
2023-08-02,20.788278579711914,20.887981664430058,20.771660870674904,20.887981664430058,17300
2023-08-03,20.771663665771484,20.821515214838726,20.771663665771484,20.821515214838726,10700
2023-08-04,20.912906646728516,20.946140477537718,20.775812934666988,20.81320198479724,7200
2023-08-07,20.962759017944336,20.995994434825462,20.819850845710437,20.82151166570335,14100
2023-08-08,20.9710693359375,20.98768704553797,20.824005933952538,20.879673517886907,15200
2023-08-09,20.979381561279297,21.020924257202704,20.80490033669826,20.999322499053168,9100
2023-08-10,20.979381561279297,20.995999273549568,20.890478543860844,20.925374788777052,6700
2023-08-11,20.842283248901367,20.971068113670988,20.842283248901367,20.92952542684307,16000
2023-08-14,20.937837600708008,20.956946542387595,20.81320635096099,20.81320635096099,10200
2023-08-15,20.896289825439453,20.946141366144047,20.821511722006615,20.9378340966532,15100
2023-08-16,20.82151222229004,20.904599181961977,20.82151222229004,20.904599181961977,15700
2023-08-17,20.788278579711914,21.029229021740726,20.784123360076684,20.854747831107996,14600
2023-08-18,20.896289825439453,20.896289825439453,20.771660181302025,20.779969035544774,22000
2023-08-21,20.87967300415039,21.012613092931225,20.83813031592336,20.83813031592336,11600
2023-08-22,20.829818725585938,20.979374919164023,20.8048937498241,20.81320101857687,12900
2023-08-23,20.829818725585938,21.010117518655623,20.796584896319565,20.796584896319565,12900
2023-08-24,20.887983322143555,20.92952759803312,20.81320521029442,20.821514065472336,12200
2023-08-25,20.82151222229004,20.89629032751959,20.82151222229004,20.89629032751959,13500
2023-08-28,20.921220779418945,20.921220779418945,20.813207236343647,20.854751516277314,11000
2023-08-29,20.928693771362305,21.02091999558714,20.83812995192838,20.83812995192838,16400
2023-08-30,21.02092170715332,21.02923056228051,20.89629204974966,20.904600904876848,13500
2023-08-31,21.02092170715332,21.112317528800308,20.954452450887896,21.012614436778208,146100
2023-09-01,20.962759017944336,21.004303289045744,20.904598623154268,20.971067872164618,10400
2023-09-05,20.958606719970703,21.01261348347119,20.90459995647022,21.01261348347119,10100
2023-09-06,20.962759017944336,21.03753712117497,20.929525185815113,20.946141309503773,9900
2023-09-07,21.104007720947266,21.112316575699356,20.93783538016148,20.962760359665747,10400
2023-09-08,21.104007720947266,21.104007720947266,21.00845826842624,21.04584732243464,12600
2023-09-11,21.13724136352539,21.13724136352539,21.054154407739343,21.126439694780274,12300
2023-09-12,21.320032119750977,21.320032119750977,21.066617609168375,21.066617609168375,15100
2023-09-13,21.12893295288086,21.261871451027616,21.11231524442454,21.261871451027616,8500
2023-09-14,21.12893295288086,21.261871451027616,21.12893295288086,21.261871451027616,9300
2023-09-15,21.240461349487305,21.37564315765712,21.12217767021228,21.206666703191985,34400
2023-09-18,21.15597152709961,21.22356242351391,21.139073400122513,21.22356242351391,25000
2023-09-19,21.15597152709961,21.189766169559718,21.131468759534595,21.14752246361106,13600
2023-09-20,21.136539459228516,21.17709432117816,21.063034376255093,21.17286898349907,45300
2023-09-21,21.054584503173828,21.167800020807388,20.97009547927503,20.97009547927503,22500
2023-09-22,21.160198211669922,21.18976913226734,21.105280097062867,21.164421938257707,14700
2023-09-25,21.122177124023438,21.169490594509988,21.05796552507905,21.11372805979452,16100
2023-09-26,21.063034057617188,21.122175892276502,20.961646904276844,21.054584993880983,15900
2023-09-27,20.995441436767578,21.041910477757355,20.92362520664865,21.041910477757355,42500
2023-09-28,21.16442108154297,21.20666640318231,20.885608404700285,20.986995565140464,44800
2023-09-29,21.14752197265625,21.248907509176924,21.04613482464153,21.206663804208983,69400
2023-10-02,21.09682846069336,21.29537742749664,21.079931944907596,21.282704637783787,31700
2023-10-03,20.978544235229492,21.12217509030332,20.927851466231104,21.12217509030332,174900
2023-10-04,20.974323272705078,21.037688839428167,20.919405159016307,20.953199805636434,11700
2023-10-05,20.860261917114258,21.003892781460713,20.834914725231645,20.944750945228794,11700
2023-10-06,20.67438507080078,20.9067302935477,20.67438507080078,20.73352851663262,15100
2023-10-09,20.87715721130371,20.936300655567297,20.794358645426403,20.86026069586534,12100
2023-10-10,20.92784881591797,20.944746940608802,20.818012616921422,20.87715444184547,14600
2023-10-11,20.856035232543945,20.944749592656997,20.809566189507127,20.809566189507127,13300
2023-10-12,20.615245819091797,20.902507574571704,20.496962135598068,20.775774826329233,53100
2023-10-13,20.51386070251465,20.818018982483313,20.42092259979109,20.61524625867275,29000
2023-10-16,20.496957778930664,20.59834331137722,20.488508715977787,20.530752419248188,17300
2023-10-17,20.51386070251465,20.589900675380406,20.27729171898848,20.361780756783137,34500
2023-10-18,20.36177635192871,20.539201842570186,20.36177635192871,20.395570992839176,14100
2023-10-19,20.31953239440918,20.52230669939975,20.29418681490595,20.395572355907113,22200
2023-10-20,20.387123107910156,20.530753965941596,20.27728850423628,20.27728850423628,18500
2023-10-23,20.404020309448242,20.680298069161992,20.20969669019017,20.2688385211388,13500
2023-10-24,20.547653198242188,20.606795035054667,20.44626765270485,20.44626765270485,12300
2023-10-25,20.42091941833496,20.55610121314816,20.36177758454095,20.55610121314816,15900
2023-10-26,20.624536514282227,20.733528306737355,20.446266590153,20.446266590153,15200
2023-10-27,20.488510131835938,20.681989335793443,20.395572044425787,20.572999155709336,20600
2023-10-30,20.378677368164062,20.657490044065202,20.32798298236804,20.49696104536629,20000
2023-10-31,19.981576919555664,20.530753138787738,19.863293257057872,20.530753138787738,278700
2023-11-01,20.16745376586914,20.240958845962403,19.981577591132165,20.082964742033614,65200
2023-11-02,20.26038932800293,20.46062712907174,20.175900307977848,20.285736517458663,55300
2023-11-03,20.488510131835938,20.60679379836224,20.268839314362733,20.378675528846383,49100
2023-11-06,20.378677368164062,20.64059191546653,20.370228303864724,20.38712482096916,32500
2023-11-07,20.547653198242188,20.606795035054667,20.44626765270485,20.547653198242188,37900
2023-11-08,20.767322540283203,20.767322540283203,20.533288478677374,20.533288478677374,19200
2023-11-09,20.615245819091797,20.82646760332736,20.53075678309871,20.82646760332736,23100
2023-11-10,20.665935516357422,20.741975476269946,20.56539440037085,20.741975476269946,14000
2023-11-13,20.83491325378418,20.894055085839263,20.657487757618938,20.66593520948904,18500
2023-11-14,21.105276107788086,21.105276107788086,20.88138157658647,20.927850617740162,18500
2023-11-15,21.122177124023438,21.122177124023438,21.020789964770664,21.071484350144164,29000
2023-11-16,20.95319938659668,21.122177450800788,20.91095567629278,21.105279322081525,17200
2023-11-17,20.98699378967285,21.012340980512125,20.65326302867926,20.95319753522049,27100
2023-11-20,20.961647033691406,21.09682883131704,20.92785239003207,20.97009609747978,25000
2023-11-21,21.037687301635742,21.11203841945488,20.927852693781066,20.927852693781066,12000
2023-11-22,21.003890991210938,21.10527652711152,20.910952907057034,21.072326308518534,19300
2023-11-24,20.970094680786133,21.215112679613554,20.91940191297475,20.91940191297475,12100
2023-11-27,21.29960060119629,21.37141683452627,20.96249215622158,20.978544248675295,22800
2023-11-28,21.33340072631836,21.350298856226566,21.164422650225024,21.215117039949643,17100
2023-11-29,21.3671932220459,21.392538800948913,21.20666423918578,21.20666423918578,80600
2023-11-30,21.41788673400879,21.58686317469976,21.22356310204181,21.32241376388055,132900
2023-12-01,21.44322967529297,21.544616816427606,21.33339508293322,21.33339508293322,25000
2023-12-04,21.451683044433594,21.5277230126761,21.25144521342565,21.39676654297621,22000
2023-12-05,21.42633628845215,21.535326473894933,21.359589811275995,21.359589811275995,23300
2023-12-06,21.30805015563965,21.50237539580851,21.291153639902706,21.3587445373328,36200
2023-12-07,21.257356643676758,21.502374645494896,21.257356643676758,21.39253843381985,133000
2023-12-08,21.502376556396484,21.502376556396484,21.18807717431347,21.257358532803764,19500
2023-12-11,21.460128784179688,21.527719677535607,21.367192312999055,21.527719677535607,16100
2023-12-12,21.375642776489258,21.485479000852568,21.24891003502672,21.358746259390028,198600
2023-12-13,21.514833450317383,21.617938759395695,21.447813524470074,21.49764868586122,33500
2023-12-14,21.5921630859375,21.617940234380512,21.394543197696077,21.54061042788092,39000
2023-12-15,21.557798385620117,21.60075866722358,21.317216547683522,21.48046856767013,30400
2023-12-18,21.351581573486328,21.5947396003348,21.26565938960086,21.471871647628376,27600
2023-12-19,21.3258056640625,21.364470567112953,21.26566062350167,21.351582812372616,20400
2023-12-20,21.351581573486328,21.552638074385086,21.28284415414382,21.325804426671883,34400
2023-12-21,21.28284454345703,21.50194455948495,21.233009380902576,21.35158196405691,42000
2023-12-22,21.265663146972656,21.416025766217377,21.20551809927477,21.23129361181407,56700
2023-12-26,21.162553787231445,21.549202819894465,21.15396304324289,21.351582931568675,55100
2023-12-27,21.265663146972656,21.351585346039485,21.22270286685406,21.22270286685406,34100
2023-12-28,21.265663146972656,21.43750754510631,21.24504175364343,21.265663146972656,34600
2023-12-29,21.162553787231445,21.506242544633885,21.162553787231445,21.36876769720469,83500
2024-01-02,21.265663146972656,21.332681446170405,21.162556180326536,21.162556180326536,14200
2024-01-03,21.30862045288086,21.351582365832563,21.248475413577882,21.248475413577882,44900
2024-01-04,21.34299087524414,21.46585883764524,21.265661067528587,21.265661067528587,68600
2024-01-05,21.377357482910156,21.403134630208662,21.30862006227685,21.30862006227685,19000
2024-01-08,21.351581573486328,21.480464029899856,21.30861966212892,21.480464029899856,47800
2024-01-09,21.39454460144043,21.446097262879494,21.325807173245156,21.347287312275636,17600
2024-01-10,21.39454460144043,21.43750651833095,21.35158432337947,21.35158432337947,73400
2024-01-11,21.41172981262207,21.437506963291415,21.358458017869843,21.38595266195272,20600
2024-01-12,21.4375057220459,21.446096466275346,21.351583530285954,21.351583530285954,55100
2024-01-16,21.41172981262207,21.45469009157472,21.36876953366942,21.394545045509172,48800
2024-01-17,21.420320510864258,21.443519780758432,21.36017546953082,21.36017546953082,64200
2024-01-18,21.463279724121094,21.48046448903137,21.39454230330937,21.39454230330937,90500
2024-01-19,21.463279724121094,21.47187210657623,21.420319450674782,21.420319450674782,22000
2024-01-22,21.56638526916504,21.56638526916504,21.428910436501507,21.428910436501507,25100
2024-01-23,21.44609832763672,21.53202052685407,21.44609832763672,21.506245014269613,28000
2024-01-24,21.463279724121094,21.549201909843095,21.446094959210814,21.47187210657623,25400
2024-01-25,21.497648239135742,21.549200892603626,21.454686328888084,21.48905585708621,42400
2024-01-26,21.463279724121094,21.56638667475337,21.4332072049428,21.497649253941645,52300
2024-01-29,21.56638526916504,21.609345539811414,21.428910436501507,21.480463089043013,48700
2024-01-30,21.4375057220459,21.65231038203101,21.4375057220459,21.566388190271066,55200
2024-01-31,21.39454460144043,21.52342707445287,21.368769090135675,21.4632820296357,43400
2024-02-01,21.540611267089844,21.626533459751247,21.394544031214306,21.394544031214306,34700
2024-02-02,21.557798385620117,21.66949610108694,21.506245719930025,21.506245719930025,28600
2024-02-05,21.4375057220459,21.635125615913122,21.4375057220459,21.566388190271066,32500
2024-02-06,21.557798385620117,21.635128203570105,21.446099031323605,21.4718761835835,15600
2024-02-07,21.60075569152832,21.607630581148364,21.463280842739984,21.48905799144885,19000
2024-02-08,21.729637145996094,21.738227889021815,21.532015640989908,21.592160675145557,21900
2024-02-09,21.80696678161621,21.864535580059776,21.669491940286303,21.73822936095126,32800
2024-02-12,21.867115020751953,21.875705764973045,21.755415679923797,21.755415679923797,23000
2024-02-13,21.772602081298828,21.850790642453347,21.69527226686502,21.72104941795283,9400
2024-02-14,21.78118896484375,21.85250425656494,21.710732419626417,21.710732419626417,10800
2024-02-15,21.798377990722656,21.82415350151264,21.75541607469014,21.75541607469014,9900
2024-02-16,21.597320556640625,21.815561853182977,21.566389287118888,21.815561853182977,28500
2024-02-20,21.789785385131836,21.789785385131836,21.652310532889892,21.652310532889892,16700
2024-02-21,21.732213973999023,21.824150659624355,21.660898677618125,21.742525488035895,17200
2024-02-22,21.703861236572266,21.806966547045935,21.703861236572266,21.73822912712037,18300
2024-02-23,21.764007568359375,21.781192334070006,21.695270144346306,21.781192334070006,17800
2024-02-26,21.815561294555664,21.867115594211192,21.67035444203234,21.79837816683336,10800
2024-02-27,21.884300231933594,21.901484999671172,21.703865087177967,21.764010135429842,22500
2024-02-28,21.90148162841797,21.90148162841797,21.74596327363972,21.824151824331743,18700
2024-02-29,22.038955688476562,22.038955688476562,21.867112960146546,21.867112960146546,52600
2024-03-01,21.99599838256836,22.107696089105396,21.932415073176458,22.030366277337617,14000
2024-03-04,21.815561294555664,22.03036595996509,21.789785783557438,22.03036595996509,20000
2024-03-05,22.021770477294922,22.021770477294922,21.789782716813683,21.789782716813683,21500
2024-03-06,21.99599838256836,22.02177389393791,21.914371559685947,22.02177389393791,35400
2024-03-07,21.98740577697754,21.995998160290416,21.944445499242708,21.995998160290416,28600
2024-03-08,22.107694625854492,22.13261302771322,21.970219778217444,21.995996926710436,21400
2024-03-11,22.004589080810547,22.099102013310176,21.97021954984382,22.03895697294784,19500
2024-03-12,22.021770477294922,22.03036285936153,21.849927752450643,21.95303305959135,25000
2024-03-13,22.038955688476562,22.038955688476562,21.901480850280812,21.970218269378687,21900
2024-03-14,22.13680076599121,22.154272989593302,22.023232978820577,22.154272989593302,20700
2024-03-15,22.03196907043457,22.14553685750115,21.953345730540157,22.093121852985856,17900
2024-03-18,22.12806510925293,22.224160674797677,21.99702676202836,22.145537333214335,22900
2024-03-19,22.346460342407227,22.363932564361054,22.084383678070996,22.084383678070996,28600
2024-03-20,22.529916763305664,22.599803989291882,22.285310639232453,22.398876756618968,38500
2024-03-21,22.44256019592285,22.652221900802406,22.363936848312633,22.46003075498048,22600
2024-03-22,22.46876335144043,22.477499462723664,22.241629456804862,22.477499462723664,18900
2024-03-25,22.145536422729492,22.381406437782026,22.088752530311012,22.381406437782026,22400
2024-03-26,21.944612503051758,22.128065862159556,21.944612503051758,22.119329749881608,48400
2024-03-27,21.91840362548828,22.057304974667783,21.892195289300997,22.02323363775141,54700
2024-03-28,21.944612503051758,22.267840326120655,21.909668053939964,22.18048086958421,74700
2024-04-01,21.9708194732666,22.110593939133853,21.909668352730062,21.9708194732666,45900
2024-04-02,21.892194747924805,22.013623869976605,21.874724190474982,21.91840308346398,40000
2024-04-03,21.90966796875,22.014499649434732,21.865989073773132,21.883459632018056,33600
2024-04-04,21.97955322265625,22.04070433661847,21.892193774320408,21.93587433160977,22300
2024-04-05,21.900930404663086,22.049440970479715,21.874723735911456,21.98828985506868,49700
2024-04-08,21.831045150756836,21.90093238414939,21.826677927651147,21.88346015924048,28600
2024-04-09,21.93587303161621,21.93587303161621,21.8310413665773,21.8310413665773,17100
2024-04-10,21.839780807495117,21.89044959217645,21.779502799187323,21.874725256583773,39200
2024-04-11,21.804832458496094,21.83104079062508,21.73494523906153,21.813568569205756,17800
2024-04-12,21.778627395629883,21.900929622081758,21.73494683886645,21.73494683886645,21600
2024-04-15,21.595172882080078,21.77862789218354,21.568966213667373,21.77862789218354,36200
2024-04-16,21.630117416381836,21.752419646120316,21.568966301512596,21.568966301512596,22700
2024-04-17,21.708740234375,21.7768795703847,21.59517245270167,21.769891347779314,10400
2024-04-18,21.70000648498535,21.796102054362095,21.603910915608612,21.708742597314426,24300
2024-04-19,21.796098709106445,21.892192597491682,21.708739265466665,21.730578709815912,17200
2024-04-22,21.8703556060791,22.005762842219912,21.752420593874458,21.752420593874458,26000
2024-04-23,21.93587303161621,22.02323080853205,21.761154145298956,21.761154145298956,14800
2024-04-24,21.962081909179688,21.99702635645821,21.92713912814412,21.92713912814412,13400
2024-04-25,21.900930404663086,21.98828985506868,21.853757401164398,21.91840262799279,11600
2024-04-26,21.874723434448242,21.97081732895146,21.796100096791037,21.796100096791037,21000
2024-04-29,22.03196907043457,22.03196907043457,21.83977960971653,21.83977960971653,32200
2024-04-30,22.1105899810791,22.12806220274554,21.865985542720004,21.989160873110045,33900
2024-05-01,22.215423583984375,22.224159695580155,21.979553569627008,21.979553569627008,17900
2024-05-02,22.13680076599121,22.267839110520985,22.11932854238912,22.267839110520985,11500
2024-05-03,22.184846878051758,22.248618989780976,22.13679909988376,22.232894656219756,5500
2024-05-06,22.145536422729492,22.232895872701867,22.13680031110796,22.145536422729492,15300
2024-05-07,22.18048095703125,22.202322070933754,22.140296173388688,22.202322070933754,11900
2024-05-08,22.171741485595703,22.180477596584534,22.031967042260028,22.11233826361158,31800
2024-05-09,22.13680076599121,22.24163077511785,22.058177426024756,22.189215770554533,7600
2024-05-10,22.171741485595703,22.197949818562194,21.98828815355868,22.084383708193005,11300
2024-05-13,22.18921661376953,22.18921661376953,22.03808503972989,22.180480501636506,18200
2024-05-14,22.18921661376953,22.215424950168615,22.11932938294833,22.136801607214384,19100
2024-05-15,22.163007736206055,22.189214403751972,21.93587384209864,22.176111069979015,42400
2024-05-16,22.18048095703125,22.181355734632625,22.101857612462776,22.101857612462776,22100
2024-05-17,22.206689834594727,22.2154259471198,22.10185815053693,22.110594263062005,16800
2024-05-20,22.224157333374023,22.232893444041245,22.128061782277335,22.19794900137236,8200
2024-05-21,22.13680076599121,22.17261832450261,22.11932854238912,22.154272989593302,20100
2024-05-22,22.163007736206055,22.189214403751972,22.101854957365603,22.119327179891446,26600
2024-05-23,22.171741485595703,22.171741485595703,21.92713704287967,22.110590374916697,28500
2024-05-24,22.101856231689453,22.180479571346076,21.970817887676066,22.171743459579456,13800
2024-05-28,22.05817985534668,22.05817985534668,21.97955650672124,22.04070762982033,9800
2024-05-29,22.00576400756836,22.05817901590959,21.97081955784549,22.023234566186723,25200
2024-05-30,22.154272079467773,22.18047874755135,22.00576151743691,22.014497628879063,13100
2024-05-31,22.538650512695312,22.783256629216147,22.136799392242715,22.15427161476053,216200
2024-06-03,22.4512939453125,22.53865173013455,22.381406717709098,22.494972837723527,60700
2024-06-04,22.42508888244629,22.582335584060523,22.39888054342952,22.39888054342952,18600
2024-06-05,22.38140869140625,22.503710933936656,22.311521457639863,22.49497482143547,18300
2024-06-06,22.4512939453125,22.494972837723527,22.3027833783749,22.3027833783749,9900
2024-06-07,22.206689834594727,22.486238770424723,22.198826833449232,22.355200415034798,46100
2024-06-10,22.206689834594727,22.319382853554924,22.171745384494432,22.206689834594727,11700
2024-06-11,22.206689834594727,22.280071180313637,22.154274825687374,22.154274825687374,27300
2024-06-12,22.215423583984375,22.398876928767052,22.163008580652598,22.206687472388595,46200
2024-06-13,22.181665420532227,22.297149612624363,22.14613299598391,22.297149612624363,31900
2024-06-14,22.20831871032715,22.279385262425787,22.181668117905065,22.22608577194187,27600
2024-06-17,22.132810592651367,22.297151671880172,22.11948444964997,22.297151671880172,44200
2024-06-18,22.26161766052246,22.288268252297737,22.13458639234472,22.199434640740364,21900
2024-06-20,22.221643447875977,22.261618489847997,22.208318998672063,22.234969591440166,21100
2024-06-21,22.16390037536621,22.27049934490993,22.16390037536621,22.21719986013807,30000
2024-06-24,22.20831871032715,22.261618200811064,22.12836862742115,22.12836862742115,25500
2024-06-25,22.226083755493164,22.279383241141513,22.172782575484717,22.172782575484717,26700
2024-06-26,22.19943618774414,22.248294762223495,22.1816691253225,22.1816691253225,12300
2024-06-27,22.27050018310547,22.292708161399577,22.172783045379216,22.199433635948232,19300
2024-06-28,22.28826904296875,22.483701639839722,22.208318959166927,22.4037515560379,43300
2024-07-01,22.27494239807129,22.358445547132625,22.208316770017195,22.208316770017195,8000
2024-07-02,22.28826904296875,22.385096649441493,22.172784835539332,22.243853082794526,30100
2024-07-03,22.181665420532227,22.331794192507985,22.181665420532227,22.243850128621865,20600
2024-07-05,22.19943618774414,22.28826980549203,22.1816691253225,22.217203250165785,16200
2024-07-08,22.20831871032715,22.3326847529097,22.155019219843236,22.30603585484787,32700
2024-07-09,22.19943618774414,22.261619211859564,22.14613669483954,22.19943618774414,22500
2024-07-10,22.20387840270996,22.279385875108606,22.181668727900664,22.230527301504633,21100
2024-07-11,22.226083755493164,22.377100376796903,22.190549635487532,22.226083755493164,31800
2024-07-12,22.20831871032715,22.38598593775387,22.181668117905065,22.38598593775387,36400
2024-07-15,22.1905517578125,22.264283538951872,22.181668226961463,22.199435288663537,42400
2024-07-16,22.314918518066406,22.37710153694005,22.19943431642091,22.208317846882885,39500
2024-07-17,22.46593475341797,22.474816589364078,22.243851578841802,22.243851578841802,18000
2024-07-18,22.457050323486328,22.510349808828597,22.26161605329786,22.492582748927813,11500
2024-07-19,22.27050018310547,22.40374974723027,22.217200696327573,22.40374974723027,29800
2024-07-22,22.36821746826172,22.403749894894464,22.270500329891412,22.270500329891412,11500
2024-07-23,22.37710189819336,22.403750795649316,22.29715181710506,22.3415677757718,8600
2024-07-24,22.26161766052246,22.504133132032848,22.26161766052246,22.504133132032848,13400
2024-07-25,22.27050018310547,22.47304060496565,22.261616652915794,22.27050018310547,28600
2024-07-26,22.27938461303711,22.341567632515904,22.2438521852036,22.27938461303711,10100
2024-07-29,22.26161766052246,22.377101863855106,22.2527341299307,22.2527341299307,12100
2024-07-30,22.252735137939453,22.33268522252666,22.23496977031141,22.261618668933618,22600
2024-07-31,21.9951171875,22.288266901824883,21.959583067286022,22.252732781610906,217400
2024-08-01,22.16390037536621,22.172782210861463,22.057299711462424,22.057299711462424,46300
2024-08-02,22.119482040405273,22.190548582684777,22.075066086865593,22.137249099565153,26500
2024-08-05,21.99067497253418,22.155017739952363,21.813009451335255,21.94181809789757,64800
2024-08-06,22.101716995239258,22.14435726336451,21.986234488896862,22.030650446483897,17600
2024-08-07,22.226083755493164,22.288266771142922,22.128366619837777,22.137250149839183,28200
2024-08-08,22.27050018310547,22.28826724348481,22.208317166137903,22.230525144432015,13700
2024-08-09,22.219865798950195,22.332683073563654,22.155017553857068,22.155017553857068,11000
2024-08-12,22.310476303100586,22.35045134371151,22.181667650647586,22.266060344359655,11400
2024-08-13,22.36821746826172,22.412633425142687,22.22608437301044,22.34156687751705,19300
2024-08-14,22.332683563232422,22.421517172213555,22.25273348458542,22.412633641879424,15600
2024-08-15,22.306032180786133,22.314915710130276,22.119481453279118,22.24384916973712,36200
2024-08-16,22.323801040649414,22.323801040649414,22.208318529812892,22.217202060548047,9700
2024-08-19,22.359333038330078,22.421516053205405,22.261615903891663,22.377100098111622,13800
2024-08-20,22.412633895874023,22.474816914557465,22.359334407625386,22.474816914557465,11600
2024-08-21,22.56365203857422,22.56365203857422,22.3593359079446,22.3593359079446,20100
2024-08-22,22.53700065612793,22.56364955192344,22.43128783456272,22.545882491819693,12800
2024-08-23,22.52811622619629,22.55121204792051,22.474815048014154,22.55121204792051,11000
2024-08-26,22.52811622619629,22.599182769412426,22.439282623586106,22.563648650624337,12300
2024-08-27,22.634716033935547,22.634716033935547,22.493470786922593,22.562761643387105,7200
2024-08-28,22.6169490814209,22.64359967162783,22.492583049175447,22.64359967162783,8300
2024-08-29,22.501468658447266,22.643601763964195,22.501468658447266,22.62583470218451,15000
2024-08-30,22.56365203857422,22.625835061430163,22.430402461831438,22.501469015718275,53000
2024-09-03,22.603626251220703,22.63471776150726,22.563651210229384,22.608068863753203,9000
2024-09-04,22.732433319091797,22.732433319091797,22.608067286621303,22.608067286621303,26200
2024-09-05,22.679134368896484,22.77684981342104,22.66136730830651,22.72355032601127,22800
2024-09-06,22.670249938964844,22.762636617134298,22.670249938964844,22.679133468907303,16000
2024-09-09,22.652484893798828,22.730657592141036,22.60806893449626,22.634717832333706,33400
2024-09-10,22.625835418701172,22.741319629566007,22.625835418701172,22.65248601221467,20300
2024-09-11,22.741317749023438,22.741317749023438,22.62583354770831,22.62583354770831,21100
2024-09-12,22.78573226928711,22.78573226928711,22.652482709865797,22.652482709865797,21200
2024-09-13,22.87456703186035,22.87456703186035,22.68801797809728,22.696899814063002,19700
2024-09-16,22.939594268798828,23.066034150627623,22.805931564058792,22.984751984662942,32700
2024-09-17,23.066030502319336,23.066030502319336,22.89443465435813,22.957653723977927,20000
2024-09-18,23.219562530517578,23.22859407264554,22.89443562686358,22.90346716899154,20200
2024-09-19,23.165374755859375,23.183437839924668,23.056999696648646,23.17440629789202,33000
2024-09-20,23.38212776184082,23.4814730065591,23.029906217971423,23.04796930293667,36400
2024-09-23,23.300844192504883,23.391157889277014,23.075060811869793,23.391157889277014,33000
2024-09-24,23.60791015625,23.60791015625,23.120218940977995,23.19246955518831,22000
2024-09-25,23.364065170288086,23.535659300658647,23.13828178787266,23.535659300658647,24400
2024-09-26,23.48147201538086,23.526628003297308,23.182535378963973,23.336970786939602,44200
2024-09-27,23.535661697387695,23.571787869096475,23.298138836506116,23.526630154460502,57900
2024-09-30,23.490503311157227,23.653067622096597,23.300844374197798,23.653067622096597,284600
2024-10-01,23.373098373413086,23.49050671391692,23.13828513758693,23.40470963631085,16100
2024-10-02,23.300844192504883,23.4182525150858,23.246656663477797,23.246656663477797,16900
2024-10-03,23.264720916748047,23.391159065030134,23.13828276846596,23.22859474718712,11100
2024-10-04,23.129249572753906,23.260202621575054,23.129249572753906,23.183437100631295,9100
2024-10-07,22.948623657226562,23.30084519494143,22.948623657226562,23.30084519494143,21000
2024-10-08,23.120220184326172,23.120220184326172,22.939592777791425,23.0299064810588,11800
2024-10-09,23.161766052246094,23.20150449879439,22.99378244521949,23.120222330567422,8300
2024-10-10,23.29181480407715,23.29181480407715,23.138282033501184,23.16989156956766,6500
2024-10-11,23.264720916748047,23.300845363718395,23.057000609544453,23.246657831967582,13800
2024-10-14,23.355031967163086,23.391156410033155,23.14730996094626,23.14730996094626,14900
2024-10-15,23.44534683227539,23.44534683227539,23.287299145335286,23.30987714024236,15700
2024-10-16,23.45438003540039,23.45438003540039,23.291817427005164,23.420965220704662,9700
2024-10-17,23.32794189453125,23.414643330480153,23.20421337112861,23.37309788757672,7200
2024-10-18,23.165374755859375,23.367677507691518,23.147311671794085,23.355033693363914,9100
2024-10-21,23.075063705444336,23.237628035501373,23.047970798828633,23.138284506925956,13200
2024-10-22,22.98474884033203,23.111186982273267,22.93959113064553,23.04796791130265,18400
2024-10-23,22.89443588256836,23.075061559373403,22.84927817142419,22.91249896702603,18800
2024-10-24,22.921527862548828,23.016358190833085,22.894434959545162,23.016358190833085,11500
2024-10-25,22.97571563720703,23.047966244891096,22.91249657080727,23.047966244891096,6800
2024-10-28,23.0028133392334,23.02990796874105,22.894438266384245,22.894438266384245,7400
2024-10-29,22.939594268798828,23.011844891590684,22.849280559661324,22.966688898317297,21800
2024-10-30,22.939594268798828,23.011844891590684,22.813156109560758,23.011844891590684,13600
2024-10-31,22.885404586791992,23.016359366634518,22.786059343795518,22.984749829788466,41400
2024-11-01,23.13828468322754,23.278269295383826,22.83121910691139,22.953142355383157,23800
2024-11-04,23.20150375366211,23.264722833010367,23.084095415509022,23.22859666047381,13700
2024-11-05,23.120220184326172,23.210533887593545,22.96668740554882,23.084094013982977,16500
2024-11-06,23.120220184326172,23.264721420517724,23.0299064810588,23.0299064810588,19900
2024-11-07,23.0479679107666,23.09854316754192,23.03893636882951,23.03893636882951,10200
2024-11-08,23.174406051635742,23.23311021292888,23.038936367766603,23.038936367766603,14900
2024-11-11,23.0389347076416,23.174404381749152,23.0389347076416,23.111185315338318,8400
2024-11-12,22.876375198364258,23.08048325089797,22.849280568834914,23.08048325089797,10900
2024-11-13,22.85379409790039,23.003714593605142,22.81315302042128,23.00281023359681,12400
2024-11-14,22.768901824951172,22.975719504176556,22.75896764464356,22.975719504176556,22200
2024-11-15,22.777027130126953,22.993778971792867,22.76799558806706,22.89443545431506,12500
2024-11-18,22.767995834350586,22.991973945641515,22.758966014783528,22.767995834350586,21500
2024-11-19,22.749935150146484,22.858310214084028,22.69574589558713,22.822185766968374,32100
2024-11-20,22.69574737548828,22.777029540036825,22.686717555063506,22.75896817659658,11900
2024-11-21,22.813154220581055,22.930560826924776,22.69845552663331,22.69845552663331,11500
2024-11-22,22.767995834350586,22.86734107549353,22.695745219680404,22.849277991178354,13600
2024-11-25,22.89443588256836,22.94862341335082,22.76799601395523,22.804122182870564,9200
2024-11-26,22.614463806152344,22.79508947371076,22.587369180852875,22.79508947371076,33600
2024-11-27,22.731870651245117,22.76799509611363,22.578337884725368,22.578337884725368,20900
2024-11-29,22.69574737548828,22.921530783102966,22.686717555063506,22.75896817659658,160600
2024-12-02,22.767995834350586,23.129250630292017,22.713808303995584,22.72283984615317,24400
2024-12-03,22.749935150146484,22.869148754032132,22.677684533324594,22.70477743801369,20700
2024-12-04,22.740903854370117,22.939592622137667,22.677684779289105,22.677684779289105,18300
2024-12-05,22.767995834350586,22.831216629453706,22.713808303995584,22.758966014783528,23600
2024-12-06,22.731870651245117,22.876371875900123,22.69574448378613,22.76799509611363,30400
2024-12-09,22.731870651245117,22.79508972170787,22.65058849705287,22.731870651245117,13000
2024-12-10,22.749935150146484,22.78605959726214,22.668652990898035,22.668652990898035,14300
2024-12-11,22.731870651245117,22.831215889166863,22.69574448378613,22.74993373497461,13700
2024-12-12,22.713809967041016,22.77702904418234,22.677685518356252,22.731873052678726,26600
2024-12-13,22.668651580810547,22.749933735002898,22.64155695521627,22.695744483814348,32500
2024-12-16,22.686716079711914,22.777932418868332,22.650589909999372,22.71380898440574,27600
2024-12-17,22.922786712646484,22.96412220269227,22.780408524261336,22.853893645229014,52400
2024-12-18,22.927377700805664,23.02290852882686,22.872264300646794,22.88145015934384,56600
2024-12-19,22.642623901367188,22.96412195920069,22.642623901367188,22.918194416091673,60700
2024-12-20,22.807968139648438,22.96412425466108,22.660997884580496,22.78041055981433,51300
2024-12-23,22.85389518737793,22.95493789253551,22.78041006145158,22.78041006145158,42500
2024-12-24,22.826339721679688,22.94116034225954,22.68855532738859,22.93748634870858,27500
2024-12-26,22.964120864868164,22.964120864868164,22.6885521152991,22.826336490083634,26600
2024-12-27,22.734481811523438,22.95218124944303,22.734481811523438,22.89247579099093,25500
2024-12-30,22.918193817138672,22.9641213590474,22.734480145456924,22.734480145456924,42300
2024-12-31,22.762039184570312,23.074351395285312,22.734481606440095,23.037607957778356,211300
2025-01-02,22.99167823791504,23.07434921246152,22.78959285479104,22.807964571806558,50900
2025-01-03,22.973308563232422,23.065165404452756,22.936565125934877,23.000866141205577,28100
2025-01-06,22.973308563232422,23.074351263777142,22.89063758133647,22.964122703908036,20800
2025-01-07,22.927377700805664,23.074349687934998,22.915437661320567,22.91819359413202,27700
2025-01-08,23.000864028930664,23.095475042438583,22.931970966336298,22.931970966336298,19500
2025-01-10,22.79878044128418,22.964122402908885,22.752852897287763,22.9549365437049,37100
2025-01-13,22.706924438476562,23.000866687771243,22.705088317782167,22.743667876647233,26900
2025-01-14,22.743669509887695,22.899825629279615,22.688556100697514,22.688556100697514,29000
2025-01-15,22.927377700805664,22.96412113559385,22.807965041790876,22.826336759184965,24800
2025-01-16,22.982494354248047,23.01005018011578,22.849302022475612,22.96412263565388,15100
2025-01-17,23.065162658691406,23.175389453415193,22.872263139889814,22.93656239548257,30400
2025-01-21,23.157018661499023,23.17539037869425,23.00086432140974,23.00086432140974,29800
2025-01-22,23.134056091308594,23.168043594680842,23.025665407065727,23.025665407065727,13900
2025-01-23,23.101905822753906,23.147835116856946,23.046792421853684,23.138649258036338,21200
2025-01-24,23.14783477783203,23.191006386430825,23.101905484401676,23.157018884494704,25700
2025-01-27,23.120277404785156,23.19376252289557,23.1019056872517,23.157019087828658,28600
2025-01-28,23.175392150878906,23.201111856109616,23.028421906125278,23.028421906125278,12500
2025-01-29,23.055978775024414,23.16620557918826,23.037607056989287,23.037607056989287,13400
2025-01-30,23.1845760345459,23.193761893063183,23.101905059913705,23.1845760345459,13800
2025-01-31,22.872264862060547,23.174473138124654,22.872264862060547,23.14783537366576,58100
2025-02-03,23.09272003173828,23.09272003173828,22.87226467546667,22.87226467546667,29900
2025-02-04,23.0164794921875,23.08537255906534,22.996271653487305,23.037607143209318,13500
2025-02-05,23.120277404785156,23.20662237476431,23.069756057579855,23.074349862974927,8800
2025-02-06,23.212135314941406,23.27643457726157,23.11109261585344,23.129464334237344,15500
2025-02-07,23.23969078063965,23.258062498739076,23.065164714765505,23.065164714765505,7600
2025-02-10,23.14783477783203,23.239689860645942,23.065163801680793,23.222237955558786,11200
2025-02-11,23.074350357055664,23.19376301953324,23.05597863912882,23.152427530209568,8800
2025-02-12,22.982494354248047,23.09272116176602,22.982494354248047,23.0559794766012,16800
2025-02-13,23.120277404785156,23.21029636786632,22.982493027331056,23.202948381662303,10700
2025-02-14,23.175392150878906,23.19376386947899,23.04679362472536,23.19376386947899,35700
2025-02-18,23.10466194152832,23.175391127790395,23.09455802235137,23.175391127790395,8400
2025-02-19,23.157018661499023,23.239689636854163,23.111091120534336,23.129462837729566,19800
2025-02-20,23.230506896972656,23.26724858150131,23.111092480201698,23.12027833933973,11100
2025-02-21,23.2580623626709,23.349919200607165,23.193763101722553,23.193763101722553,31300
2025-02-24,23.391254425048828,23.40503233737495,23.221320415607376,23.258062099151516,14300
2025-02-25,23.52444839477539,23.588747659488284,23.31501500226177,23.31501500226177,20000
2025-02-26,23.542816162109375,23.542816162109375,23.386660068672608,23.450961079401136,14600
2025-02-27,23.45096206665039,23.51526132806242,23.439938334966346,23.49688960993799,5800
2025-02-28,23.496889114379883,23.515260832116844,23.313175441057133,23.42340399545547,38100
2025-03-03,23.45096206665039,23.552003012287802,23.38666105321489,23.552003012287802,22200
2025-03-04,23.46933364868164,23.506077087460387,23.40136038936927,23.45096368131586,21000
2025-03-05,23.3682918548584,23.460148696474942,23.294806731969867,23.460148696474942,10400
2025-03-06,23.193763732910156,23.322362258306494,23.193763732910156,23.322362258306494,13000
2025-03-07,23.2580623626709,23.362779052796835,23.202948960718523,23.28561993965882,8100
2025-03-10,23.157018661499023,23.238771576601415,23.12027697913195,23.138648696327177,14700
2025-03-11,23.23969078063965,23.257144438441145,23.120278117040314,23.147835694189457,17000
2025-03-12,23.175392150878906,23.258063132555762,23.063327470656027,23.23969141395568,16500
2025-03-13,23.212135314941406,23.25806285887767,23.10190675666149,23.10190675666149,13600
2025-03-14,23.1845760345459,23.258061150660808,23.157018458994045,23.16620431751133,7800
2025-03-17,23.36581039428711,23.57600215963488,23.3546009983154,23.3546009983154,12900
2025-03-18,23.391969680786133,23.52182120790331,23.363943517577038,23.37328557198007,11200
2025-03-19,23.289207458496094,23.401308540936995,23.27986540465692,23.38262621507323,34700
2025-03-20,23.307891845703125,23.413453669904055,23.298549791751913,23.335916225742153,17800
2025-03-21,23.307891845703125,23.383560166348943,23.298549791751913,23.298549791751913,14800
2025-03-24,23.354598999023438,23.419991591130383,23.30789051375119,23.30789051375119,17700
2025-03-25,23.335914611816406,23.471371712018755,23.298548180410453,23.345256665121514,15300
2025-03-26,23.233156204223633,23.373283443881387,23.223814150671178,23.35459933677648,17100
2025-03-27,23.26118278503418,23.33591743871387,23.20513224022808,23.23315840353848,26000
2025-03-28,23.26118278503418,23.33591743871387,23.16776402248089,23.317233329840274,26600
2025-03-31,22.91553497314453,23.44801958691534,22.91553497314453,23.354600827243438,166000
2025-04-01,23.018293380737305,23.31069271858122,23.00895132684207,23.018293380737305,32000
2025-04-02,23.135066986083984,23.298550260799512,23.05566219862202,23.05566219862202,53600
2025-04-03,23.167762756347656,23.35460027124344,22.934216753635223,22.999611131118964,57200
2025-04-04,23.074344635009766,23.25651022299011,23.00054365992704,23.214471873316604,33500
2025-04-07,22.831459045410156,23.046320952704885,22.710014119155083,23.046320952704885,41300
2025-04-08,22.429758071899414,23.02763526220073,22.429758071899414,22.89685007227596,43700
2025-04-09,22.66330337524414,22.88750731471339,22.233577821567195,22.355022735747113,37100
2025-04-10,22.653963088989258,22.79409033936234,22.485809675815695,22.663305143256085,31900
2025-04-11,22.7193546295166,22.78474722452588,22.63527792684337,22.63527792684337,20500
2025-04-14,22.87069320678711,22.887508191073604,22.691330404706832,22.756723000162424,10900
2025-04-15,22.74738121032715,22.88750845676072,22.74738121032715,22.756723264331335,18000
2025-04-16,22.95757293701172,23.04631977719863,22.65396241867477,22.8407999348536,23300
2025-04-17,22.700672149658203,23.018294875463077,22.569886950261388,23.008952820961202,45600
2025-04-21,22.523178100585938,22.65396329789826,22.421350955408762,22.429759338870845,51900
2025-04-22,22.691329956054688,22.86882363112058,22.467124230619095,22.467124230619095,20700
2025-04-23,22.681989669799805,22.887509522013577,22.635279397604837,22.80343281387733,18600
2025-04-24,22.756723403930664,22.859482434977856,22.719355187684684,22.74738134986917,17200
2025-04-25,22.91553497314453,22.97158551622182,22.747381562098035,22.794090051026668,18200
2025-04-28,22.822114944458008,22.88750753804782,22.72869618998062,22.878165484418627,20800
2025-04-29,22.80343246459961,22.95290176970471,22.775406301711904,22.840800681783218,12300
2025-04-30,22.859481811523438,22.887507972943556,22.700670460438594,22.700670460438594,19900
2025-05-01,22.850139617919922,22.91086207638472,22.767932039464263,22.779143216689548,15500
2025-05-02,22.822114944458008,22.980926292525208,22.820245821006356,22.943558078008436,8000
2025-05-05,22.84079933166504,23.069673412034575,22.76606468353005,23.027635061095232,19200
2025-05-06,22.80343246459961,22.87816711715216,22.766066029230668,22.831458627487315,15900
2025-05-07,22.808101654052734,22.924874646059603,22.774469906248022,22.831455896091217,5800
2025-05-08,22.756723403930664,22.910862841408765,22.72028885854645,22.878166543100846,18200
2025-05-09,22.700672149658203,22.76606653117132,22.653963658963544,22.747382422167572,16100
2025-05-12,22.775405883789062,22.88750875146816,22.69133096029803,22.840800262660405,19800
2025-05-13,22.906192779541016,22.906192779541016,22.780077722023943,22.8688245631739,12200
2025-05-14,22.952899932861328,23.027634579433116,22.794088586169465,22.9155335004827,24500
2025-05-15,23.11171531677246,23.12105737195265,22.93421983197861,22.99961421823991,14800
2025-05-16,23.130395889282227,23.17710437622414,22.95290043163674,22.989333193996597,13000
2025-05-19,23.26118278503418,23.354601547587468,23.149081695421987,23.149081695421987,28200
2025-05-20,23.289207458496094,23.401308540936995,23.261181296978577,23.261181296978577,24500
2025-05-21,23.382625579833984,23.39196763341936,23.027634670847863,23.26118066503864,19400
2025-05-22,23.307891845703125,23.354600333644573,23.158422546112966,23.289207737800705,16400
2025-05-23,23.3732852935791,23.4480199460985,23.214473934248545,23.3732852935791,14900
2025-05-27,23.391969680786133,23.419994062180542,23.317233245561876,23.363943517577038,8800
2025-05-28,23.158422470092773,23.485385448238823,23.14908041617223,23.354600256980405,13400
2025-05-29,23.317232131958008,23.43867705158267,23.167762832277347,23.279865697945144,12800
2025-05-30,23.354598999023438,23.47604212981998,23.23782600402832,23.23782600402832,64400
2025-06-02,23.345258712768555,23.410651309825514,23.25744554217569,23.354600766893068,19400
2025-06-03,23.130395889282227,23.47604296900734,23.004280836361584,23.34525778011833,22500
2025-06-04,23.177106857299805,23.235960198600026,23.09303014635242,23.09303014635242,10100
2025-06-05,23.345258712768555,23.354600766893068,23.16776324803207,23.30695682540244,10700
2025-06-06,23.130395889282227,23.34525778011833,23.02763507983254,23.261181078171237,21900
2025-06-09,23.205129623413086,23.386361539057337,23.1126445421885,23.149079084927745,22100
2025-06-10,23.130395889282227,23.292010033731966,23.074345348589016,23.27612872053622,16100
2025-06-11,23.130395889282227,23.330311919567908,23.074345348589016,23.13973794303352,20700
2025-06-12,23.205129623413086,23.25651002611402,23.093026764627908,23.149079084927745,18100
2025-06-13,23.016965866088867,23.2830586171092,22.96945014497493,23.2830586171092,33000
2025-06-16,23.04547691345215,23.16901887873936,22.874417413355538,23.04547691345215,49200
2025-06-17,22.94093894958496,23.151912080321633,22.82690049722426,22.97895297544421,26500
2025-06-18,22.969449996948242,23.049277277957323,22.81739751523326,22.955195643227636,30900
2025-06-20,22.722362518310547,22.99795875316236,22.63683277732953,22.85540797645505,169800
2025-06-23,22.93143653869629,22.955196212297725,22.731868331226195,22.731868331226195,46800
2025-06-24,22.98845672607422,23.01696543316293,22.86776418655858,22.8839199664595,27200
2025-06-25,22.921934127807617,23.007462062186335,22.80789386095508,22.988456861551366,23700
2025-06-26,22.845909118652344,22.912431855981133,22.674849615459085,22.902928348847215,38100
2025-06-27,22.893423080444336,22.951392113110252,22.779382816219453,22.845907361038932,19600
2025-06-30,22.617826461791992,22.99795946123735,22.541800224424616,22.97895244874339,284000
2025-07-01,22.741371154785156,22.760378168051716,22.665344914327466,22.674848420960746,40700
2025-07-02,22.826900482177734,22.86111165534169,22.674848004058013,22.674848004058013,47600
2025-07-03,22.807893753051758,22.874416486480794,22.76322745340167,22.807893753051758,13500
2025-07-07,22.75087547302246,22.807894702247665,22.617828188018823,22.712861445133246,65200
2025-07-08,22.883920669555664,22.902927683271145,22.711911364430325,22.711911364430325,31800
2025-07-09,22.912431716918945,22.99796146799647,22.855410674461506,22.883921195690224,24300
2025-07-10,22.959945678710938,22.9979597041003,22.87441593419337,22.99130743091801,35700
2025-07-11,22.864913940429688,22.988457718509416,22.836405232110224,22.902927968333792,28700
2025-07-14,22.78888702392578,22.988457039308752,22.74137130305813,22.90292729166013,37000
2025-07-15,22.769880294799805,22.864913550330087,22.722364573338957,22.798390815241465,38000
2025-07-16,22.75087547302246,22.845908730136884,22.674849229852647,22.798391195275364,26600
2025-07-17,22.855409622192383,22.88392014210847,22.760378181022528,22.779383381691368,35900
2025-07-18,22.826900482177734,22.874416201861955,22.80789346926064,22.826900482177734,20300
2025-07-21,22.912431716918945,22.98845796092023,22.8459089799939,22.864914181537745,26500
2025-07-22,22.921934127807617,22.988456861551366,22.883920101320587,22.91243062118586,23000
2025-07-23,22.87441635131836,22.978953110436883,22.845907644364964,22.978953110436883,30100
2025-07-24,22.912431716918945,22.945693085381468,22.80789495168894,22.80789495168894,20800
2025-07-25,22.94093894958496,22.969449468979395,22.893423229869423,22.902926736334233,14100
2025-07-28,22.969449996948242,22.98940681720051,22.874416742724236,22.950442983581727,16400
2025-07-29,23.216535568237305,23.226039074853162,22.91243060696403,22.91243060696403,37600
2025-07-30,23.264053344726562,23.40660233134546,23.188027097689236,23.188027097689236,27200
2025-07-31,23.33057403564453,23.435110795869722,23.254547795283088,23.32107234163183,64500
2025-08-01,23.311569213867188,23.314420447160757,23.188025438391684,23.235542972270178,17900
2025-08-04,23.492130279541016,23.52064079971612,23.23554284839935,23.237442462179217,20900
2025-08-05,23.28306007385254,23.520642319504095,23.28306007385254,23.482628290147677,16900
2025-08-06,23.254547119140625,23.454117127167116,23.245043612795698,23.454117127167116,9400
2025-08-07,23.44461441040039,23.4826266244518,23.254547902317682,23.254547902317682,30500
2025-08-08,23.463621139526367,23.473124646076247,23.330573860436587,23.378091393185986,16500
2025-08-11,23.28306007385254,23.45411958073905,23.183275965704972,23.425609058721736,24900
2025-08-12,23.33057403564453,23.34958104888703,23.20703207478539,23.32582318863818,9800
2025-08-13,23.482627868652344,23.482627868652344,23.197529904031242,23.340078886341793,18300
2025-08-14,23.511138916015625,23.520642423396705,23.398050259615523,23.47312669909999,21400
2025-08-15,23.44461441040039,23.520640651111766,23.40184953671221,23.520640651111766,10800
2025-08-18,23.577659606933594,23.64418234021379,23.4731246600398,23.4731246600398,16000
2025-08-19,23.758222579956055,23.758222579956055,23.52539120112473,23.5301438607015,19700
2025-08-20,23.79623794555664,23.805739640027937,23.701204687365966,23.701204687365966,27300
2025-08-21,23.758222579956055,23.79623660613608,23.710706859839554,23.742066800090395,19800
2025-08-22,23.79623794555664,23.815243147107868,23.56815740085557,23.701204687365966,36100
2025-08-25,23.61567497253418,23.777230967923924,23.59666795834512,23.777230967923924,16200
2025-08-26,23.71070671081543,23.72971191117746,23.587162939115366,23.59666644560064,17600
2025-08-27,23.7772274017334,23.78673090740256,23.651784027073845,23.651784027073845,20500
2025-08-28,23.71070671081543,23.77722944360384,23.6441821654185,23.739215417662738,13300
2025-08-29,23.35908317565918,23.701202143380574,23.29256044584856,23.701202143380574,98000
2025-09-02,23.35908317565918,23.568154871150895,23.311567457968295,23.425605905469798,46500
2025-09-03,23.520641326904297,23.587164062862,23.416104563194413,23.416104563194413,22200
2025-09-04,23.7202091217041,23.74871964202174,23.482626890216157,23.482626890216157,46000
2025-09-05,23.644182205200195,23.767725977108125,23.520640245900793,23.75822247060686,44300
2025-09-08,23.79623794555664,23.815243147107868,23.57005882731501,23.663190659046244,13400
2025-09-09,23.853256225585938,23.853256225585938,23.701203743579075,23.796236997985506,24300
2025-09-10,23.824745178222656,23.843752191205017,23.767725951884103,23.843752191205017,12700
2025-09-11,23.967294692993164,23.986301706405843,23.817143637293555,23.85325623773422,41800
2025-09-12,23.995805740356445,23.995805740356445,23.862760268761498,23.862760268761498,7700
2025-09-15,23.886518478393555,23.995806090600084,23.798137494140356,23.995806090600084,31300
2025-09-16,23.999605178833008,24.1252567511876,23.92228070887,23.960943865631897,33000
2025-09-17,24.192914962768555,24.192914962768555,23.984137254622098,23.99960288456056,23200
2025-09-18,24.192914962768555,24.192914962768555,24.076927347131637,24.163917597969174,19500
2025-09-19,24.21224594116211,24.21224594116211,24.0208677481876,24.0208677481876,24500
2025-09-22,24.20258331298828,24.212247258717106,24.06726410649429,24.16875212869418,21500
2025-09-23,24.29923439025879,24.29923439025879,24.06726100785648,24.115589948082317,23800
2025-09-24,24.086593627929688,24.21224519084183,24.067262051001467,24.173583880546033,21500
2025-09-25,24.173583984375,24.30890133633246,24.083693810477264,24.1155910969019,21400
2025-09-26,24.159088134765625,24.231578788952007,24.125256950539022,24.125256950539022,12100
2025-09-29,24.20258331298828,24.260576205165247,24.11559305294243,24.260576205165247,24800
2025-09-30,23.94161033630371,24.221910825743272,23.94161033630371,24.221910825743272,132400
2025-10-01,24.09626007080078,24.15425295959977,23.970606660915497,23.970606660915497,23400
2025-10-02,24.125255584716797,24.192916105778686,24.047931118492475,24.09626006210811,22200
2025-10-03,24.20258331298828,24.20258331298828,24.06726410649429,24.1610202346868,20900
2025-10-06,24.25090789794922,24.27023947452131,24.160051700333103,24.17358343522145,21500
2025-10-07,24.25090789794922,24.27023947452131,24.06822763339596,24.27023947452131,20200
2025-10-08,24.076927185058594,24.173583223511955,24.067261396857198,24.173583223511955,14700
2025-10-09,24.173583984375,24.318567124838086,24.047930577362514,24.08659373138502,71400
2025-10-10,24.047929763793945,24.237375893685865,24.047929763793945,24.115590281044298,18700
2025-10-13,24.163917541503906,24.212244639162673,24.067261502625772,24.067261502625772,9500
2025-10-14,24.047929763793945,24.163917378376816,24.047929763793945,24.163917378376816,19200
2025-10-15,24.047929763793945,24.13492001384095,24.018934242818673,24.096258704687052,24300
2025-10-16,24.05759620666504,24.15425224752102,24.05759620666504,24.084659676877436,18600
2025-10-17,24.067262649536133,24.163918693020353,24.05759686083164,24.076928438240625,10200
2025-10-20,24.21224594116211,24.21224594116211,24.06726279682882,24.105925951883407,18300
2025-10-21,24.21224594116211,24.21224594116211,24.173584629668227,24.198714205605143,14500
2025-10-22,24.115591049194336,24.202581302012224,24.086593683734822,24.16391814806621,18900
2025-10-23,24.067262649536133,24.163918693020353,24.067262649536133,24.086594226945117,22100
2025-10-24,24.18324851989746,24.202580095907106,24.115589847424264,24.115589847424264,11500
2025-10-27,24.115591049194336,24.21224524693808,24.09142565619775,24.21224524693808,10700
2025-10-28,24.076927185058594,24.16391743531056,24.067261396857198,24.115590337864177,11000
2025-10-29,24.163917541503906,24.212244639162673,24.067261502625772,24.163917541503906,12500
2025-10-30,24.076927185058594,24.21224453275694,24.067261396857198,24.154251647109163,15400
2025-10-31,24.086593627929688,24.183249669010145,24.076927839465576,24.1445865151537,42600
2025-11-03,24.105926513671875,24.113658407438702,24.03826783431027,24.076929146705154,18600
2025-11-04,24.076927185058594,24.115590337864177,24.047929820454407,24.047929820454407,11800
2025-11-05,24.18324851989746,24.202580095907106,24.038265386946247,24.067260907400154,18200
2025-11-06,24.163917541503906,24.23157621565042,24.163917541503906,24.163917541503906,14900
2025-11-07,24.18324851989746,24.184214545629775,24.087558509142113,24.09625827141462,10600
2025-11-10,24.163917541503906,24.241242003894296,24.096258867357392,24.096258867357392,10600
2025-11-11,24.18324851989746,24.202580095907106,24.163916943887816,24.17358273189264,2700
2025-11-12,24.14458656311035,24.212245238932862,24.13492077462704,24.14458656311035,8700
2025-11-13,24.21224594116211,24.21224594116211,24.13492147461364,24.13492147461364,14600
2025-11-14,24.173583984375,24.21224529483685,24.12525504184687,24.14458661885812,15900
2025-11-17,24.173583984375,24.250908448859356,24.12525504184687,24.192915561386254,14700
2025-11-18,24.173583984375,24.221911083342476,24.1155910969019,24.207413322364367,17700
2025-11-19,24.231576919555664,24.24124270808032,24.163918243443728,24.163918243443728,18100
2025-11-20,24.163917541503906,24.250907792138168,24.163917541503906,24.183249117991654,30200
2025-11-21,24.163917541503906,24.260573580382044,24.13202025594306,24.163917541503906,15100
2025-11-24,24.14458656311035,24.183249717043584,24.14458656311035,24.15425235159366,16400
2025-11-25,24.115591049194336,24.19291551352572,24.115591049194336,24.16391814806621,15800
2025-11-26,24.125255584716797,24.202581894501815,24.105925850831238,24.134921373439923,25700
2025-11-28,24.086593627929688,24.213213060180692,24.067262051001467,24.12525493822548,55300
2025-12-01,24.192914962768555,24.221910484007328,24.115590500197477,24.14458602143625,31900
2025-12-02,24.231576919555664,24.231576919555664,24.163918243443728,24.173584031968385,13600
2025-12-03,24.20258331298828,24.308903308052585,24.15425436654014,24.15425436654014,25200
2025-12-04,24.18324851989746,24.26057298037548,24.125253791868527,24.26057298037548,32800
2025-12-05,24.192914962768555,24.231576272273788,24.130088260816866,24.173583386235634,21400
2025-12-08,24.221912384033203,24.231578173057873,24.163919493445942,24.163919493445942,7100
2025-12-09,24.241243362426758,24.26057493999789,24.20451410246589,24.26057493999789,12200
2025-12-10,24.18324851989746,24.250907192370658,24.163916943887816,24.192914307902285,27800
2025-12-11,24.308902740478516,24.308902740478516,24.163919591640823,24.250909849655592,18800
2025-12-12,24.18324851989746,24.30890007683903,24.18324851989746,24.192914307902285,15700
2025-12-15,24.190982818603516,24.2122464481924,24.144587768990732,24.2122464481924,15500
2025-12-16,24.253904342651367,24.371881191731376,24.22244447462283,24.332554950311906,47000
2025-12-17,24.253904342651367,24.322723389957037,24.214578101231897,24.214578101231897,35200
2025-12-18,24.322723388671875,24.34238650938057,24.25390434136984,24.25390434136984,26300
2025-12-19,24.283397674560547,24.371879837659993,24.234239875517357,24.322722038616803,25800
2025-12-22,24.322723388671875,24.38171087561956,24.267668150830247,24.28339902243288,24700
2025-12-23,24.293228149414062,24.371880630441616,24.283398464463975,24.283398464463975,17800
2025-12-24,24.253904342651367,24.362049631376507,24.2440727822965,24.293228708892435,18900
2025-12-26,24.27356719970703,24.381710612079143,24.253904079210873,24.253904079210873,21200
2025-12-29,24.312891006469727,24.362048806579786,24.23424040147197,24.362048806579786,24800
2025-12-30,24.352216720581055,24.352216720581055,24.24407143785306,24.312890481342404,25300
2025-12-31,24.293228149414062,24.460360921240902,24.263735344207085,24.381710315391704,82000
2026-01-02,24.33255386352539,24.46036039207353,24.303059183778135,24.303059183778135,12500
2026-01-05,24.421035766601562,24.460360130665993,24.381709527358836,24.430867326412244,25800
2026-01-06,24.455446243286133,24.46036108579424,24.420054126728324,24.430868280388854,22500
2026-01-07,24.293228149414062,24.470192481369345,24.293228149414062,24.450531236290814,22000
2026-01-08,24.421035766601562,24.430867326412244,24.33255360348372,24.33255360348372,12600
2026-01-09,24.362049102783203,24.48002407412506,24.342385982500105,24.42103658845413,22700
2026-01-12,24.480024337768555,24.480024337768555,24.332554684413843,24.36204936515614,14100
2026-01-13,24.460359573364258,24.48002269253762,24.381708971849065,24.47019113295094,16300
2026-01-14,24.470191955566406,24.470191955566406,24.342385426999584,24.4013729113244,21800
2026-01-15,24.48985481262207,24.48985481262207,24.362048285426624,24.450530448553586,24700
2026-01-16,24.568506240844727,24.568506240844727,24.406290186450963,24.499687195030504,23600
2026-01-20,24.5291805267334,24.57833644956122,24.412186280103718,24.4308668058995,13500
2026-01-21,24.519350051879883,24.57833753691855,24.435782729161623,24.52918161191605,16600
2026-01-22,24.676651000976562,24.755301605255298,24.480023552690565,24.480023552690565,24400
2026-01-23,24.6569881439209,24.676651263994742,24.480023813612977,24.65010623941289,18100
2026-01-26,24.58816909790039,24.656988142977877,24.53901129771766,24.548842857754206,18700
2026-01-27,24.597999572753906,24.656004461785706,24.532128310932904,24.539010215137044,15300
2026-01-28,24.578336715698242,24.656987318181347,24.56850515599057,24.56850515599057,19800
2026-01-29,24.64715576171875,24.656987321427717,24.5291807955677,24.56850515922529,20100
2026-01-30,24.6569881439209,24.942097759456626,24.560641480808737,24.647156583883977,24600
2026-02-02,24.735637664794922,24.75530078400687,24.578336461455866,24.681565024551197,37100
2026-02-03,24.75530242919922,24.75530242919922,24.676651822302713,24.75530242919922,8700
2026-02-04,24.735637664794922,24.75530078400687,24.656987063125396,24.67665018233734,7500
2026-02-05,24.735637664794922,24.744486630993777,24.548841782637947,24.706142985977003,12500
2026-02-06,24.715974807739258,24.75038432913601,24.65698732465601,24.69631356349703,11800
2026-02-09,24.597999572753906,24.71499194422431,24.597999572753906,24.67665017439813,13600
2026-02-10,24.725807189941406,24.725807189941406,24.578337539738644,24.578337539738644,8400
2026-02-11,24.725807189941406,24.725807189941406,24.627493464746784,24.627493464746784,14900
2026-02-12,24.711061477661133,24.77496568209925,24.627494152599226,24.666820393846802,18900
2026-02-13,24.676651000976562,24.76513316518743,24.627493201315904,24.627493201315904,10500
2026-02-17,24.765132904052734,24.765132904052734,24.676650740774864,24.725806664738883,21200
2026-02-18,24.765132904052734,24.765132904052734,24.676650740774864,24.725806664738883,10300
2026-02-19,24.696313858032227,24.765132901646485,24.676650738377212,24.745469781991467,12600
2026-02-20,24.725807189941406,24.725807189941406,24.676651264933266,24.676651264933266,11500
2026-02-23,24.706144332885742,24.72580745316967,24.666819967496256,24.676651527638217,20000
2026-02-24,24.676651000976562,24.7258069254589,24.627493201315904,24.7258069254589,12500
2026-02-25,24.68648338317871,24.725807749038754,24.659938357995614,24.725807749038754,14900
2026-02-26,24.715974807739258,24.725806367449515,24.676650444076518,24.70122840576302,11600
2026-02-27,24.715974807739258,24.715974807739258,24.52918079877926,24.676650444076518,176400
2026-03-02,24.824121475219727,24.97159112874971,24.558674973758723,24.666820261430626,30900
2026-03-03,24.853614807128906,24.942096969480424,24.735637965600787,24.784793889050174,14400
2026-03-04,24.820188522338867,24.90277137595963,24.804457651334676,24.863447011216646,8000
2026-03-05,24.784793853759766,24.922433814542966,24.77496416922651,24.784793853759766,8400
2026-03-06,24.68648338317871,24.81428991619683,24.61766433653985,24.74547086955797,8500
2026-03-09,24.725807189941406,24.804457795061438,24.617663779887828,24.617663779887828,16200
2026-03-10,24.735637664794922,24.824119826070426,24.627492384307473,24.627492384307473,7800
2026-03-11,24.735637664794922,24.9224335469519,24.67665018233734,24.9224335469519,11100
2026-03-12,24.696313858032227,24.848698347412853,24.61766325459046,24.61766325459046,13700
2026-03-13,24.578336715698242,24.824120082855224,24.578336715698242,24.706143241541433,13500
2026-03-16,24.597999572753906,24.715974537631112,24.48002273269844,24.607831132356715,16900
2026-03-17,24.700000762939453,24.888999938964844,24.649999618530273,24.670000076293945,25700
2026-03-18,24.6299991607666,24.809999465942383,24.600000381469727,24.739999771118164,19800
2026-03-19,24.8700008392334,24.93000030517578,24.600000381469727,24.649999618530273,32800
2026-03-20,24.600000381469727,24.860000610351562,24.549999237060547,24.600000381469727,22500
2026-03-23,24.8700008392334,24.920000076293945,24.649999618530273,24.739999771118164,19600
2026-03-24,24.65999984741211,24.920000076293945,24.65999984741211,24.829999923706055,14600
2026-03-25,24.600000381469727,24.889999389648438,24.600000381469727,24.805999755859375,16500
2026-03-26,24.200000762939453,24.81100082397461,24.200000762939453,24.56999969482422,32200
2026-03-27,24.350000381469727,24.565000534057617,24.299999237060547,24.565000534057617,15700
2026-03-30,24.329999923706055,24.594999313354492,24.31999969482422,24.420000076293945,23000
2026-03-31,24.209999084472656,24.68000030517578,24.209999084472656,24.489999771118164,263400
2026-04-01,24.420000076293945,24.62700080871582,24.350000381469727,24.389999389648438,21900
2026-04-02,24.510000228881836,24.6299991607666,24.413000106811523,24.420000076293945,27000
2026-04-06,24.59000015258789,24.649999618530273,24.5,24.56999969482422,21900
2026-04-07,24.6299991607666,24.639999389648438,24.5,24.520000457763672,15500
2026-04-08,24.8700008392334,24.871000289916992,24.540000915527344,24.68000030517578,18700
2026-04-09,24.780000686645508,24.850000381469727,24.75,24.799999237060547,5700
2026-04-10,24.829999923706055,24.850000381469727,24.687999725341797,24.75,8900
2026-04-13,24.8700008392334,24.8799991607666,24.829999923706055,24.829999923706055,10600
2026-04-14,24.93000030517578,25.0,24.760000228881836,24.760000228881836,15100
2026-04-15,24.985000610351562,25.0,24.8700008392334,24.920000076293945,16600
2026-04-16,24.920000076293945,24.989999771118164,24.8799991607666,24.959999084472656,7700
2026-04-17,25.0,25.010000228881836,24.850000381469727,24.920000076293945,23200
2026-04-20,24.9950008392334,25.049999237060547,24.8700008392334,24.8700008392334,12900
2026-04-21,24.941999435424805,25.049999237060547,24.86199951171875,24.90999984741211,23200
2026-04-22,25.079999923706055,25.079999923706055,24.8700008392334,24.899999618530273,21200
2026-04-23,25.1299991607666,25.200000762939453,24.950000762939453,25.079999923706055,69700
2026-04-24,25.149999618530273,25.149999618530273,25.059999465942383,25.114999771118164,7600
2026-04-27,25.100000381469727,25.100000381469727,25.049999237060547,25.100000381469727,6400
2026-04-28,25.049999237060547,25.149999618530273,25.0,25.059999465942383,13900
2026-04-29,24.950000762939453,25.149999618530273,24.950000762939453,25.040000915527344,10200
2026-04-30,24.950000762939453,25.1299991607666,24.871999740600586,24.989999771118164,25500
2026-05-01,24.90999984741211,25.1200008392334,24.90999984741211,25.030000686645508,21900
2026-05-04,25.055999755859375,25.055999755859375,24.90999984741211,24.979999542236328,26700
2026-05-05,25.079999923706055,25.100000381469727,24.979999542236328,25.059999465942383,10500
2026-05-06,25.079999923706055,25.139999389648438,24.920000076293945,25.010000228881836,27800
2026-05-07,24.959999084472656,25.059999465942383,24.93000030517578,24.959999084472656,15700
2026-05-08,25.010000228881836,25.040000915527344,24.90999984741211,24.90999984741211,47600
2026-05-11,25.09000015258789,25.100000381469727,24.979999542236328,25.0,21900
2026-05-12,25.135000228881836,25.139999389648438,25.0,25.024999618530273,11600
2026-05-13,25.1200008392334,25.15999984741211,25.049999237060547,25.1200008392334,13800
2026-05-14,25.156999588012695,25.190000534057617,25.04199981689453,25.106000900268555,6800
2026-05-15,24.8799991607666,25.09000015258789,24.8799991607666,25.020000457763672,26000
2026-05-18,24.81999969482422,25.018999099731445,24.81999969482422,24.899999618530273,30400
2026-05-19,24.850000381469727,24.972999572753906,24.799999237060547,24.799999237060547,25000
2026-05-20,24.989999771118164,24.989999771118164,24.799999237060547,24.799999237060547,10600
2026-05-21,25.049999237060547,25.100000381469727,24.899999618530273,24.899999618530273,12700
2026-05-22,25.06599998474121,25.110000610351562,24.940000534057617,25.100000381469727,9100
2026-05-26,25.049999237060547,25.09000015258789,24.989999771118164,24.989999771118164,14200
2026-05-27,25.100000381469727,25.100000381469727,24.940000534057617,25.0,10200
2026-05-28,25.1200008392334,25.18000030517578,25.020000457763672,25.020000457763672,13500
2026-05-29,24.90999984741211,25.149999618530273,24.889999389648438,25.1299991607666,49700
2026-06-01,24.989999771118164,25.010000228881836,24.899999618530273,25.010000228881836,15300
2026-06-02,24.989999771118164,25.006999969482422,24.920000076293945,24.920000076293945,20300
2026-06-03,24.899999618530273,25.049999237060547,24.8700008392334,24.985000610351562,11800
