Price,Close,High,Low,Open,Volume
Ticker,MASI,MASI,MASI,MASI,MASI
Date,,,,,
2016-01-04,39.189998626708984,40.900001525878906,39.029998779296875,40.900001525878906,628600
2016-01-05,39.2599983215332,40.279998779296875,38.689998626708984,39.310001373291016,443600
2016-01-06,38.279998779296875,38.790000915527344,36.70000076293945,36.9900016784668,951600
2016-01-07,37.91999816894531,38.04999923706055,36.5,37.56999969482422,579200
2016-01-08,36.150001525878906,38.560001373291016,36.06999969482422,38.150001525878906,1033200
2016-01-11,35.310001373291016,36.54999923706055,34.900001525878906,36.529998779296875,497200
2016-01-12,35.68000030517578,36.22999954223633,35.20000076293945,35.81999969482422,391600
2016-01-13,35.709999084472656,36.7400016784668,35.540000915527344,36.0,584300
2016-01-14,37.349998474121094,37.529998779296875,35.38999938964844,36.06999969482422,587100
2016-01-15,36.66999816894531,36.939998626708984,35.66999816894531,36.400001525878906,476000
2016-01-19,36.970001220703125,37.779998779296875,36.58000183105469,37.11000061035156,379700
2016-01-20,37.29999923706055,37.75,35.90999984741211,36.41999816894531,350000
2016-01-21,36.529998779296875,37.72999954223633,36.4900016784668,37.38999938964844,291200
2016-01-22,37.189998626708984,37.58000183105469,36.709999084472656,37.119998931884766,253200
2016-01-25,36.880001068115234,37.560001373291016,36.79999923706055,37.11000061035156,241600
2016-01-26,37.040000915527344,37.2400016784668,36.560001373291016,37.15999984741211,182400
2016-01-27,36.25,37.09000015258789,36.130001068115234,37.029998779296875,228200
2016-01-28,35.58000183105469,36.86000061035156,35.150001525878906,36.560001373291016,265200
2016-01-29,36.75,36.790000915527344,35.58000183105469,35.58000183105469,365600
2016-02-01,36.65999984741211,37.66999816894531,36.529998779296875,36.650001525878906,343700
2016-02-02,37.380001068115234,37.529998779296875,36.099998474121094,36.2599983215332,444500
2016-02-03,37.189998626708984,37.900001525878906,36.58000183105469,37.75,522700
2016-02-04,36.77000045776367,37.36000061035156,36.27000045776367,37.09000015258789,266200
2016-02-05,35.189998626708984,37.31999969482422,35.13999938964844,36.5099983215332,248600
2016-02-08,35.119998931884766,35.310001373291016,33.849998474121094,34.88999938964844,415400
2016-02-09,35.220001220703125,35.599998474121094,34.52000045776367,34.720001220703125,231100
2016-02-10,35.36000061035156,36.38999938964844,35.279998779296875,35.5,223700
2016-02-11,35.16999816894531,35.380001068115234,34.70000076293945,34.77000045776367,244800
2016-02-12,35.40999984741211,35.939998626708984,34.7599983215332,35.790000915527344,235000
2016-02-16,36.470001220703125,36.86000061035156,35.810001373291016,36.0,227400
2016-02-17,36.77000045776367,37.41999816894531,36.54999923706055,36.86000061035156,291700
2016-02-18,37.220001220703125,37.66999816894531,36.689998626708984,36.83000183105469,242000
2016-02-19,36.65999984741211,37.18000030517578,36.40999984741211,37.0,346300
2016-02-22,35.47999954223633,37.189998626708984,35.150001525878906,36.959999084472656,623200
2016-02-23,35.459999084472656,36.06999969482422,34.66999816894531,35.22999954223633,695700
2016-02-24,37.5,38.349998474121094,33.029998779296875,35.0,1521200
2016-02-25,38.54999923706055,38.650001525878906,36.380001068115234,37.349998474121094,393700
2016-02-26,38.75,39.47999954223633,38.70000076293945,39.47999954223633,326600
2016-02-29,37.84000015258789,38.7400016784668,37.79999923706055,38.65999984741211,353000
2016-03-01,38.2599983215332,38.630001068115234,37.70000076293945,38.27000045776367,270400
2016-03-02,38.0099983215332,38.27000045776367,37.56999969482422,38.27000045776367,345800
2016-03-03,38.18000030517578,38.2400016784668,37.4900016784668,38.08000183105469,262300
2016-03-04,38.380001068115234,38.59000015258789,37.86000061035156,38.06999969482422,226300
2016-03-07,38.5,39.0099983215332,38.130001068115234,38.29999923706055,258700
2016-03-08,38.119998931884766,39.040000915527344,38.08000183105469,38.400001525878906,253800
2016-03-09,37.880001068115234,38.310001373291016,37.61000061035156,38.310001373291016,131800
2016-03-10,37.52000045776367,38.04999923706055,37.15999984741211,38.04999923706055,175300
2016-03-11,38.72999954223633,38.7599983215332,37.56999969482422,37.91999816894531,235800
2016-03-14,39.27000045776367,39.529998779296875,37.29999923706055,38.720001220703125,359400
2016-03-15,38.97999954223633,39.630001068115234,38.79999923706055,39.15999984741211,384000
2016-03-16,39.09000015258789,39.5099983215332,38.68000030517578,38.959999084472656,364900
2016-03-17,38.65999984741211,39.09000015258789,37.90999984741211,38.939998626708984,246400
2016-03-18,39.84000015258789,40.22999954223633,38.16999816894531,38.84000015258789,654900
2016-03-21,40.02000045776367,40.209999084472656,39.41999816894531,39.810001373291016,360700
2016-03-22,39.959999084472656,40.22999954223633,39.880001068115234,39.93000030517578,294700
2016-03-23,39.83000183105469,40.16999816894531,39.779998779296875,39.95000076293945,393400
2016-03-24,39.58000183105469,39.869998931884766,39.2400016784668,39.66999816894531,295500
2016-03-28,40.0099983215332,40.27000045776367,39.529998779296875,39.66999816894531,167600
2016-03-29,40.81999969482422,41.06999969482422,39.95000076293945,40.0,370200
2016-03-30,40.79999923706055,41.2599983215332,39.849998474121094,41.040000915527344,244100
2016-03-31,41.84000015258789,41.93000030517578,40.470001220703125,40.68000030517578,383400
2016-04-01,42.470001220703125,42.900001525878906,41.380001068115234,41.650001525878906,357600
2016-04-04,42.5,43.369998931884766,42.099998474121094,42.40999984741211,387900
2016-04-05,41.61000061035156,42.290000915527344,41.310001373291016,42.11000061035156,231200
2016-04-06,42.310001373291016,42.349998474121094,41.619998931884766,41.77000045776367,252600
2016-04-07,42.36000061035156,42.38999938964844,41.779998779296875,42.18000030517578,353000
2016-04-08,41.810001373291016,42.63999938964844,41.63999938964844,42.63999938964844,152900
2016-04-11,41.84000015258789,42.459999084472656,41.7400016784668,41.97999954223633,159300
2016-04-12,41.86000061035156,42.13999938964844,41.189998626708984,41.959999084472656,186500
2016-04-13,42.779998779296875,42.849998474121094,41.83000183105469,42.060001373291016,312100
2016-04-14,42.689998626708984,42.93000030517578,42.52000045776367,42.779998779296875,165600
2016-04-15,42.91999816894531,42.9900016784668,42.209999084472656,42.52000045776367,217100
2016-04-18,43.380001068115234,43.4900016784668,42.72999954223633,42.72999954223633,181300
2016-04-19,42.91999816894531,43.5,42.54999923706055,43.5,224900
2016-04-20,43.09000015258789,43.279998779296875,41.900001525878906,42.97999954223633,264100
2016-04-21,43.029998779296875,43.470001220703125,42.7400016784668,43.20000076293945,151200
2016-04-22,43.33000183105469,43.52000045776367,42.77000045776367,43.099998474121094,271700
2016-04-25,43.13999938964844,43.45000076293945,42.91999816894531,43.25,265700
2016-04-26,43.41999816894531,43.599998474121094,42.529998779296875,43.189998626708984,251900
2016-04-27,44.63999938964844,44.72999954223633,42.630001068115234,43.54999923706055,412500
2016-04-28,42.540000915527344,45.08000183105469,42.33000183105469,44.25,495000
2016-04-29,43.349998474121094,43.56999969482422,41.83000183105469,42.560001373291016,471400
2016-05-02,42.79999923706055,43.5099983215332,42.43000030517578,43.43000030517578,253400
2016-05-03,42.4900016784668,43.369998931884766,42.02000045776367,42.619998931884766,218000
2016-05-04,42.439998626708984,42.779998779296875,42.0099983215332,42.38999938964844,339100
2016-05-05,45.75,48.099998474121094,44.77000045776367,45.0,1491200
2016-05-06,46.09000015258789,46.119998931884766,45.029998779296875,45.540000915527344,504100
2016-05-09,46.619998931884766,47.25,45.970001220703125,46.290000915527344,434800
2016-05-10,46.400001525878906,46.689998626708984,45.959999084472656,46.5099983215332,288500
2016-05-11,46.290000915527344,47.25,46.029998779296875,46.4900016784668,351400
2016-05-12,46.459999084472656,46.790000915527344,45.7400016784668,46.52000045776367,329400
2016-05-13,46.869998931884766,46.97999954223633,46.08000183105469,46.5,327100
2016-05-16,47.79999923706055,48.20000076293945,46.900001525878906,46.900001525878906,392800
2016-05-17,47.689998626708984,48.5,47.279998779296875,47.93000030517578,449300
2016-05-18,48.5099983215332,48.869998931884766,47.29999923706055,47.52000045776367,386600
2016-05-19,48.29999923706055,48.7400016784668,47.90999984741211,48.459999084472656,281200
2016-05-20,48.630001068115234,48.84000015258789,48.380001068115234,48.61000061035156,402600
2016-05-23,48.029998779296875,48.70000076293945,47.95000076293945,48.70000076293945,369800
2016-05-24,49.56999969482422,49.68000030517578,48.29999923706055,48.400001525878906,558300
2016-05-25,49.349998474121094,49.939998626708984,49.2599983215332,49.58000183105469,340100
2016-05-26,49.029998779296875,49.630001068115234,48.939998626708984,49.470001220703125,234000
2016-05-27,49.65999984741211,49.720001220703125,48.36000061035156,49.20000076293945,221400
2016-05-31,49.7400016784668,49.84000015258789,49.15999984741211,49.70000076293945,321300
2016-06-01,50.029998779296875,50.40999984741211,49.5,49.65999984741211,557400
2016-06-02,50.099998474121094,50.29999923706055,49.58000183105469,50.060001373291016,455100
2016-06-03,49.939998626708984,50.02000045776367,49.40999984741211,50.0,509700
2016-06-06,49.869998931884766,50.060001373291016,49.65999984741211,49.83000183105469,1003800
2016-06-07,51.56999969482422,51.79999923706055,49.81999969482422,49.91999816894531,666800
2016-06-08,52.13999938964844,52.72999954223633,51.20000076293945,51.470001220703125,507200
2016-06-09,52.41999816894531,53.54999923706055,52.22999954223633,52.33000183105469,492000
2016-06-10,52.099998474121094,52.4900016784668,51.849998474121094,52.0,587600
2016-06-13,51.65999984741211,52.20000076293945,50.290000915527344,52.130001068115234,324800
2016-06-14,51.540000915527344,51.720001220703125,51.11000061035156,51.400001525878906,279200
2016-06-15,51.400001525878906,51.90999984741211,51.349998474121094,51.90999984741211,301200
2016-06-16,51.52000045776367,51.59000015258789,50.7599983215332,51.029998779296875,221500
2016-06-17,50.5,51.5,50.2400016784668,51.5,460500
2016-06-20,51.439998626708984,51.77000045776367,50.95000076293945,50.95000076293945,227900
2016-06-21,51.689998626708984,51.849998474121094,51.119998931884766,51.33000183105469,289300
2016-06-22,51.689998626708984,51.95000076293945,51.22999954223633,51.720001220703125,256800
2016-06-23,52.380001068115234,52.45000076293945,51.18000030517578,51.95000076293945,151800
2016-06-24,50.959999084472656,51.779998779296875,48.06999969482422,48.290000915527344,796000
2016-06-27,50.16999816894531,50.90999984741211,49.650001525878906,50.70000076293945,244600
2016-06-28,50.61000061035156,51.04999923706055,50.349998474121094,50.349998474121094,304600
2016-06-29,51.560001373291016,51.61000061035156,51.060001373291016,51.209999084472656,370000
2016-06-30,52.52000045776367,52.529998779296875,51.529998779296875,51.720001220703125,317400
2016-07-01,52.470001220703125,53.33000183105469,52.29999923706055,52.7599983215332,347200
2016-07-05,51.93000030517578,52.5,51.33000183105469,51.849998474121094,355600
2016-07-06,51.869998931884766,52.150001525878906,51.75,51.84000015258789,522600
2016-07-07,51.9900016784668,52.34000015258789,51.689998626708984,52.130001068115234,338000
2016-07-08,52.33000183105469,52.66999816894531,52.06999969482422,52.119998931884766,711000
2016-07-11,52.45000076293945,52.689998626708984,52.0,52.40999984741211,541600
2016-07-12,52.52000045776367,52.91999816894531,52.20000076293945,52.61000061035156,402300
2016-07-13,52.66999816894531,53.06999969482422,52.41999816894531,52.70000076293945,309400
2016-07-14,52.63999938964844,53.79999923706055,52.61000061035156,53.150001525878906,299400
2016-07-15,52.470001220703125,53.029998779296875,52.34000015258789,52.959999084472656,169800
2016-07-18,52.630001068115234,53.189998626708984,52.630001068115234,52.779998779296875,205300
2016-07-19,52.90999984741211,52.95000076293945,52.619998931884766,52.689998626708984,186200
2016-07-20,52.97999954223633,53.970001220703125,52.97999954223633,53.16999816894531,419000
2016-07-21,52.41999816894531,53.939998626708984,52.099998474121094,53.04999923706055,254800
2016-07-22,51.79999923706055,52.279998779296875,51.619998931884766,52.279998779296875,274500
2016-07-25,51.5,52.279998779296875,51.099998474121094,51.93000030517578,306300
2016-07-26,52.060001373291016,52.060001373291016,51.470001220703125,51.529998779296875,238700
2016-07-27,52.22999954223633,52.45000076293945,51.66999816894531,52.27000045776367,208400
2016-07-28,52.58000183105469,53.09000015258789,52.310001373291016,52.310001373291016,203500
2016-07-29,52.970001220703125,53.220001220703125,52.040000915527344,52.369998931884766,317800
2016-08-01,52.93000030517578,53.65999984741211,52.86000061035156,53.06999969482422,301900
2016-08-02,52.540000915527344,53.15999984741211,52.439998626708984,53.15999984741211,225100
2016-08-03,53.18000030517578,53.310001373291016,52.06999969482422,52.54999923706055,558100
2016-08-04,57.43000030517578,59.18000030517578,54.970001220703125,55.0,1246200
2016-08-05,55.97999954223633,58.34000015258789,55.70000076293945,57.86000061035156,585300
2016-08-08,55.720001220703125,56.25,55.689998626708984,56.150001525878906,273700
2016-08-09,57.31999969482422,57.54999923706055,55.810001373291016,55.810001373291016,487500
2016-08-10,57.630001068115234,57.97999954223633,57.2599983215332,57.2599983215332,452900
2016-08-11,58.119998931884766,58.439998626708984,57.68000030517578,57.880001068115234,485600
2016-08-12,58.2400016784668,58.61000061035156,57.72999954223633,58.11000061035156,404400
2016-08-15,59.029998779296875,59.720001220703125,58.470001220703125,58.52000045776367,550200
2016-08-16,58.779998779296875,59.0,58.36000061035156,59.0,295500
2016-08-17,57.9900016784668,58.880001068115234,57.79999923706055,58.61000061035156,312400
2016-08-18,58.29999923706055,58.65999984741211,58.0,58.13999938964844,367000
2016-08-19,58.0099983215332,58.209999084472656,57.779998779296875,58.0,280100
2016-08-22,58.310001373291016,58.70000076293945,57.52000045776367,57.81999969482422,308900
2016-08-23,58.63999938964844,58.88999938964844,58.22999954223633,58.22999954223633,308700
2016-08-24,58.0099983215332,58.7599983215332,57.900001525878906,58.459999084472656,274100
2016-08-25,57.880001068115234,58.36000061035156,57.369998931884766,57.90999984741211,460700
2016-08-26,58.970001220703125,59.08000183105469,57.720001220703125,57.779998779296875,530200
2016-08-29,59.650001525878906,59.720001220703125,58.630001068115234,59.2599983215332,425600
2016-08-30,58.9900016784668,59.75,58.939998626708984,59.45000076293945,264800
2016-08-31,59.13999938964844,59.31999969482422,58.709999084472656,59.16999816894531,408700
2016-09-01,59.43000030517578,59.5,58.630001068115234,59.349998474121094,266100
2016-09-02,59.900001525878906,59.900001525878906,59.130001068115234,59.5,269500
2016-09-06,59.540000915527344,60.0,59.279998779296875,60.0,280000
2016-09-07,59.95000076293945,60.02000045776367,59.5,59.72999954223633,392700
2016-09-08,59.310001373291016,59.95000076293945,59.279998779296875,59.79999923706055,245400
2016-09-09,57.540000915527344,58.939998626708984,57.52000045776367,58.939998626708984,267100
2016-09-12,58.400001525878906,58.40999984741211,56.790000915527344,57.11000061035156,288500
2016-09-13,57.310001373291016,58.459999084472656,57.0,58.41999816894531,216200
2016-09-14,57.369998931884766,57.97999954223633,57.29999923706055,57.56999969482422,304900
2016-09-15,58.619998931884766,58.65999984741211,57.09000015258789,57.09000015258789,184400
2016-09-16,59.34000015258789,59.619998931884766,58.59000015258789,58.83000183105469,632000
2016-09-19,59.84000015258789,60.04999923706055,59.38999938964844,59.75,338100
2016-09-20,59.310001373291016,60.459999084472656,59.25,60.220001220703125,196600
2016-09-21,59.849998474121094,59.900001525878906,58.869998931884766,59.61000061035156,168600
2016-09-22,60.31999969482422,60.52000045776367,59.810001373291016,59.93000030517578,307200
2016-09-23,59.77000045776367,60.27000045776367,59.599998474121094,60.20000076293945,243200
2016-09-26,59.15999984741211,59.72999954223633,59.060001373291016,59.650001525878906,169400
2016-09-27,59.630001068115234,60.04999923706055,58.880001068115234,59.310001373291016,218600
2016-09-28,59.81999969482422,59.84000015258789,59.27000045776367,59.63999938964844,156400
2016-09-29,58.58000183105469,59.65999984741211,58.220001220703125,59.65999984741211,320100
2016-09-30,59.4900016784668,59.79999923706055,58.54999923706055,58.88999938964844,257700
2016-10-03,60.0,60.040000915527344,58.72999954223633,59.15999984741211,363900
2016-10-04,59.2400016784668,60.2400016784668,58.959999084472656,60.0099983215332,203600
2016-10-05,59.66999816894531,59.88999938964844,59.09000015258789,59.209999084472656,144300
2016-10-06,59.849998474121094,60.209999084472656,59.189998626708984,59.93000030517578,356500
2016-10-07,59.970001220703125,60.20000076293945,59.52000045776367,59.869998931884766,338600
2016-10-10,60.36000061035156,60.810001373291016,59.93000030517578,60.0,552000
2016-10-11,58.65999984741211,60.27000045776367,58.29999923706055,60.27000045776367,293400
2016-10-12,58.91999816894531,59.279998779296875,57.9900016784668,58.81999969482422,247900
2016-10-13,58.439998626708984,58.939998626708984,58.09000015258789,58.529998779296875,140100
2016-10-14,58.439998626708984,58.91999816894531,58.189998626708984,58.7599983215332,146200
2016-10-17,58.88999938964844,59.09000015258789,58.22999954223633,58.22999954223633,229500
2016-10-18,59.08000183105469,59.70000076293945,59.0099983215332,59.619998931884766,280000
2016-10-19,59.09000015258789,59.36000061035156,58.630001068115234,59.31999969482422,185400
2016-10-20,59.2599983215332,59.40999984741211,58.61000061035156,58.88999938964844,214800
2016-10-21,58.959999084472656,59.38999938964844,58.5,58.880001068115234,194200
2016-10-24,59.56999969482422,59.95000076293945,58.970001220703125,58.970001220703125,248900
2016-10-25,58.58000183105469,59.810001373291016,58.38999938964844,59.56999969482422,286900
2016-10-26,56.470001220703125,58.63999938964844,55.90999984741211,58.43000030517578,667800
2016-10-27,56.130001068115234,56.91999816894531,56.0099983215332,56.61000061035156,423300
2016-10-28,56.29999923706055,57.15999984741211,55.56999969482422,55.900001525878906,409600
2016-10-31,55.0,56.150001525878906,54.68000030517578,56.150001525878906,708300
2016-11-01,54.61000061035156,55.45000076293945,53.83000183105469,55.0,593600
2016-11-02,54.349998474121094,54.72999954223633,53.779998779296875,54.47999954223633,582500
2016-11-03,57.599998474121094,59.25,56.869998931884766,59.25,796100
2016-11-04,57.18000030517578,58.65999984741211,57.06999969482422,57.91999816894531,403500
2016-11-07,60.470001220703125,60.63999938964844,57.310001373291016,58.349998474121094,770300
2016-11-08,60.400001525878906,60.88999938964844,59.18000030517578,59.709999084472656,226800
2016-11-09,61.029998779296875,61.18000030517578,59.2599983215332,60.20000076293945,345800
2016-11-10,60.97999954223633,61.9900016784668,60.290000915527344,61.88999938964844,311700
2016-11-11,61.16999816894531,62.0,60.689998626708984,61.220001220703125,411600
2016-11-14,60.40999984741211,61.959999084472656,60.13999938964844,61.25,543500
2016-11-15,61.279998779296875,61.709999084472656,60.040000915527344,60.560001373291016,335900
2016-11-16,61.65999984741211,61.93000030517578,61.15999984741211,61.279998779296875,298500
2016-11-17,61.70000076293945,62.150001525878906,61.63999938964844,62.0,647200
2016-11-18,61.90999984741211,62.0,61.220001220703125,61.90999984741211,337800
2016-11-21,61.9900016784668,62.25,61.47999954223633,61.970001220703125,504400
2016-11-22,61.779998779296875,62.0,60.9900016784668,62.0,385900
2016-11-23,62.09000015258789,62.290000915527344,61.400001525878906,61.790000915527344,229400
2016-11-25,62.599998474121094,62.619998931884766,61.9900016784668,62.099998474121094,126800
2016-11-28,61.77000045776367,62.599998474121094,61.630001068115234,62.34000015258789,275600
2016-11-29,62.13999938964844,62.4900016784668,61.869998931884766,61.9900016784668,297300
2016-11-30,61.869998931884766,62.40999984741211,61.58000183105469,62.2400016784668,408900
2016-12-01,61.130001068115234,62.25,60.619998931884766,61.939998626708984,398300
2016-12-02,61.310001373291016,61.599998474121094,60.880001068115234,61.040000915527344,306400
2016-12-05,62.130001068115234,62.209999084472656,61.5099983215332,61.560001373291016,314400
2016-12-06,62.97999954223633,63.0,60.310001373291016,62.20000076293945,278100
2016-12-07,63.279998779296875,63.45000076293945,62.16999816894531,62.77000045776367,285800
2016-12-08,63.7400016784668,64.47000122070312,62.959999084472656,63.08000183105469,273000
2016-12-09,64.69000244140625,64.70999908447266,63.709999084472656,64.05999755859375,272400
2016-12-12,64.80000305175781,65.23999786376953,64.12000274658203,64.76000213623047,247400
2016-12-13,65.13999938964844,65.3499984741211,64.31999969482422,64.86000061035156,385000
2016-12-14,65.18000030517578,65.77999877929688,64.80000305175781,65.30999755859375,231800
2016-12-15,65.69999694824219,65.80999755859375,64.29000091552734,65.41999816894531,354100
2016-12-16,66.55000305175781,67.0,65.16000366210938,65.58999633789062,889800
2016-12-19,66.52999877929688,67.94999694824219,66.33999633789062,67.79000091552734,714900
2016-12-20,67.19999694824219,67.23999786376953,66.55000305175781,67.20999908447266,408900
2016-12-21,67.54000091552734,68.0199966430664,66.9000015258789,67.41999816894531,361600
2016-12-22,67.16000366210938,67.97000122070312,67.08999633789062,67.93000030517578,280300
2016-12-23,67.5,67.54000091552734,66.87000274658203,67.25,223600
2016-12-27,67.8499984741211,68.87999725341797,67.75,68.11000061035156,336600
2016-12-28,67.06999969482422,68.08999633789062,66.8499984741211,67.8499984741211,224500
2016-12-29,67.44999694824219,67.88999938964844,67.16999816894531,67.36000061035156,193300
2016-12-30,67.4000015258789,67.91999816894531,66.91000366210938,67.88999938964844,204700
2017-01-03,67.4000015258789,68.26000213623047,66.79000091552734,68.26000213623047,433400
2017-01-04,67.72000122070312,67.93000030517578,67.29000091552734,67.41000366210938,436700
2017-01-05,67.5199966430664,67.98999786376953,67.5,67.8499984741211,386400
2017-01-06,67.83000183105469,68.30000305175781,67.25,67.52999877929688,455200
2017-01-09,68.80999755859375,68.97000122070312,67.8499984741211,68.26000213623047,349200
2017-01-10,70.63999938964844,70.7699966430664,68.87000274658203,68.94000244140625,591200
2017-01-11,70.45999908447266,71.06999969482422,69.56999969482422,70.86000061035156,453000
2017-01-12,71.29000091552734,71.33999633789062,69.69999694824219,70.4000015258789,411600
2017-01-13,71.5199966430664,72.12999725341797,71.02999877929688,71.69000244140625,502300
2017-01-17,71.56999969482422,71.97000122070312,70.66000366210938,71.97000122070312,369000
2017-01-18,72.19000244140625,72.19999694824219,71.5,71.81999969482422,382200
2017-01-19,71.79000091552734,72.5,71.27999877929688,72.36000061035156,477800
2017-01-20,71.52999877929688,72.5,71.0,72.11000061035156,508400
2017-01-23,71.3499984741211,72.0199966430664,71.01000213623047,71.5199966430664,316500
2017-01-24,71.68000030517578,71.87999725341797,70.4800033569336,71.47000122070312,344300
2017-01-25,72.30000305175781,72.5,71.27999877929688,71.70999908447266,409700
2017-01-26,72.11000061035156,72.26000213623047,71.6500015258789,72.20999908447266,456400
2017-01-27,72.58000183105469,72.88999938964844,72.11000061035156,72.11000061035156,238900
2017-01-30,71.77999877929688,72.5,71.1500015258789,72.5,276300
2017-01-31,73.58000183105469,73.72000122070312,71.55000305175781,71.81999969482422,496400
2017-02-01,73.97000122070312,74.81999969482422,73.62000274658203,74.0,432900
2017-02-02,74.48999786376953,74.5999984741211,73.69999694824219,74.13999938964844,420900
2017-02-03,75.08000183105469,75.19999694824219,74.31999969482422,74.63999938964844,375000
2017-02-06,75.41000366210938,75.66999816894531,74.66000366210938,75.22000122070312,510900
2017-02-07,76.19000244140625,76.25,75.37999725341797,75.66999816894531,401700
2017-02-08,75.6500015258789,76.30999755859375,75.58999633789062,76.30999755859375,488300
2017-02-09,76.87999725341797,77.18000030517578,75.66999816894531,75.79000091552734,479700
2017-02-10,76.63999938964844,77.13999938964844,76.05000305175781,77.05999755859375,386600
2017-02-13,75.69000244140625,76.29000091552734,75.2300033569336,76.0,626500
2017-02-14,76.98999786376953,77.16999816894531,75.05999755859375,75.38999938964844,759100
2017-02-15,80.0199966430664,80.62000274658203,76.05000305175781,77.47000122070312,2547500
2017-02-16,81.75,81.7699966430664,79.80999755859375,80.18000030517578,1301200
2017-02-17,84.11000061035156,84.1500015258789,81.66999816894531,81.8499984741211,1266200
2017-02-21,85.31999969482422,85.94000244140625,84.37000274658203,84.54000091552734,1572500
2017-02-22,87.05000305175781,87.6500015258789,85.30000305175781,85.3499984741211,1246200
2017-02-23,87.16000366210938,87.7300033569336,86.5999984741211,87.5,798200
2017-02-24,88.52999877929688,88.62999725341797,86.69000244140625,86.79000091552734,764500
2017-02-27,90.19000244140625,90.4800033569336,88.5,89.02999877929688,1530700
2017-02-28,90.36000061035156,91.77999877929688,90.0,90.08000183105469,1255000
2017-03-01,92.77999877929688,92.93000030517578,90.9000015258789,91.0,1150800
2017-03-02,93.01000213623047,93.30999755859375,92.06999969482422,93.0,1076200
2017-03-03,93.27999877929688,93.48999786376953,92.23999786376953,93.05000305175781,724300
2017-03-06,93.58000183105469,94.18000030517578,92.5,93.27999877929688,897300
2017-03-07,94.31999969482422,94.7300033569336,93.04000091552734,93.43000030517578,1092000
2017-03-08,94.18000030517578,94.73999786376953,93.94999694824219,94.38999938964844,968600
2017-03-09,94.79000091552734,94.81999969482422,93.55000305175781,94.0,1162000
2017-03-10,95.37000274658203,95.6500015258789,94.69999694824219,94.91000366210938,663300
2017-03-13,96.27999877929688,96.68000030517578,95.18000030517578,95.58000183105469,851100
2017-03-14,95.80999755859375,96.4800033569336,95.30000305175781,96.2300033569336,738400
2017-03-15,96.47000122070312,96.5,95.05999755859375,95.83000183105469,1030600
2017-03-16,92.30000305175781,95.62000274658203,91.05000305175781,95.47000122070312,1783600
2017-03-17,93.22000122070312,94.23999786376953,91.51000213623047,91.83999633789062,8019100
2017-03-20,92.62999725341797,93.7300033569336,91.68000030517578,93.4000015258789,1119200
2017-03-21,92.20999908447266,93.98999786376953,91.81999969482422,92.9000015258789,752500
2017-03-22,93.2699966430664,93.93000030517578,91.58999633789062,91.8499984741211,918800
2017-03-23,92.95999908447266,93.8499984741211,92.12000274658203,93.30000305175781,627300
2017-03-24,93.22000122070312,94.0,93.01000213623047,93.26000213623047,705400
2017-03-27,93.2699966430664,93.56999969482422,91.81999969482422,92.41999816894531,680400
2017-03-28,93.54000091552734,93.69999694824219,92.95999908447266,93.2699966430664,642400
2017-03-29,93.54000091552734,93.8499984741211,92.8499984741211,93.20999908447266,438500
2017-03-30,93.72000122070312,93.97000122070312,93.18000030517578,93.5999984741211,306700
2017-03-31,93.26000213623047,93.55000305175781,92.73999786376953,93.38999938964844,792000
2017-04-03,93.1500015258789,94.94999694824219,92.7300033569336,93.38999938964844,948400
2017-04-04,93.62000274658203,93.83000183105469,92.86000061035156,93.23999786376953,700100
2017-04-05,92.97000122070312,94.69999694824219,92.87999725341797,93.93000030517578,776900
2017-04-06,92.7300033569336,93.23999786376953,92.13999938964844,92.98999786376953,453100
2017-04-07,92.98999786376953,93.5999984741211,92.44000244140625,92.52999877929688,411200
2017-04-10,93.12000274658203,93.58999633789062,92.58999633789062,93.12999725341797,467500
2017-04-11,94.5,94.5,92.6500015258789,92.6500015258789,647000
2017-04-12,93.88999938964844,94.73999786376953,93.37999725341797,94.4000015258789,421100
2017-04-13,92.55999755859375,93.97000122070312,92.5199966430664,93.55000305175781,555800
2017-04-17,94.2300033569336,94.3499984741211,92.51000213623047,92.6500015258789,478500
2017-04-18,93.98999786376953,94.26000213623047,92.56999969482422,93.41000366210938,447400
2017-04-19,94.88999938964844,95.13999938964844,94.01000213623047,94.4000015258789,430100
2017-04-20,97.38999938964844,97.62000274658203,94.72000122070312,95.25,690700
2017-04-21,97.52999877929688,98.08999633789062,97.01000213623047,97.61000061035156,600200
2017-04-24,99.70999908447266,99.95999908447266,98.41999816894531,98.68000030517578,903600
2017-04-25,99.9000015258789,101.0,99.79000091552734,99.79000091552734,1030700
2017-04-26,100.98999786376953,101.0,99.9000015258789,100.19000244140625,662600
2017-04-27,101.86000061035156,102.0,100.5,100.9800033569336,504500
2017-04-28,102.73999786376953,102.94999694824219,101.73999786376953,101.9000015258789,718800
2017-05-01,104.45999908447266,104.62000274658203,102.36000061035156,102.98999786376953,913300
2017-05-02,103.41999816894531,104.70999908447266,102.8499984741211,104.70999908447266,925600
2017-05-03,103.4800033569336,103.97000122070312,101.68000030517578,103.45999908447266,821200
2017-05-04,88.75,101.62999725341797,86.61000061035156,101.37000274658203,3685000
2017-05-05,88.41000366210938,89.80999755859375,87.25,89.75,1620200
2017-05-08,85.79000091552734,88.6500015258789,85.58000183105469,88.25,1413300
2017-05-09,85.69999694824219,86.61000061035156,84.27999877929688,85.47000122070312,839700
2017-05-10,85.43000030517578,85.72000122070312,84.02999877929688,85.08000183105469,1111600
2017-05-11,85.12999725341797,85.51000213623047,84.23999786376953,85.0999984741211,690400
2017-05-12,84.83000183105469,85.12000274658203,84.2699966430664,85.0199966430664,400200
2017-05-15,86.06999969482422,88.61000061035156,85.30999755859375,88.29000091552734,692500
2017-05-16,85.62999725341797,86.2300033569336,83.23999786376953,86.1500015258789,1020400
2017-05-17,83.66999816894531,85.29000091552734,83.30999755859375,84.63999938964844,867600
2017-05-18,84.88999938964844,85.30000305175781,82.70999908447266,83.4000015258789,602900
2017-05-19,85.66999816894531,86.44999694824219,84.47000122070312,84.7699966430664,489800
2017-05-22,85.93000030517578,86.08999633789062,85.38999938964844,85.51000213623047,503600
2017-05-23,85.83000183105469,86.27999877929688,85.26000213623047,86.0,335100
2017-05-24,85.83999633789062,86.41000366210938,85.37999725341797,86.0199966430664,370800
2017-05-25,87.5999984741211,87.9800033569336,85.83999633789062,86.04000091552734,472500
2017-05-26,87.44000244140625,87.91999816894531,86.91000366210938,87.66000366210938,348800
2017-05-30,87.01000213623047,87.87999725341797,86.66000366210938,87.30999755859375,328700
2017-05-31,87.04000091552734,87.95999908447266,86.58999633789062,87.48999786376953,398200
2017-06-01,88.4000015258789,88.43000030517578,86.12000274658203,87.23999786376953,498000
2017-06-02,90.5,90.9800033569336,88.4800033569336,88.58000183105469,706200
2017-06-05,90.87000274658203,91.13999938964844,90.19000244140625,90.52999877929688,386700
2017-06-06,89.08999633789062,90.37999725341797,88.76000213623047,90.37999725341797,523300
2017-06-07,91.97000122070312,92.29000091552734,88.76000213623047,88.95999908447266,613000
2017-06-08,91.79000091552734,92.58000183105469,90.93000030517578,92.31999969482422,597000
2017-06-09,88.91000366210938,92.19999694824219,88.13999938964844,91.66999816894531,745900
2017-06-12,89.05999755859375,89.12999725341797,85.0999984741211,88.38999938964844,568200
2017-06-13,90.87999725341797,91.58000183105469,89.11000061035156,89.70999908447266,418300
2017-06-14,90.3499984741211,91.69999694824219,89.4800033569336,91.0,309600
2017-06-15,90.8499984741211,90.91000366210938,88.04000091552734,89.27999877929688,307300
2017-06-16,91.11000061035156,91.69999694824219,89.94999694824219,89.98999786376953,639700
2017-06-19,93.08000183105469,93.30000305175781,91.29000091552734,91.8499984741211,270900
2017-06-20,92.87999725341797,94.08000183105469,92.66999816894531,92.69000244140625,517200
2017-06-21,93.4800033569336,94.0,92.69000244140625,92.98999786376953,310500
2017-06-22,93.29000091552734,93.80999755859375,92.22000122070312,93.4800033569336,286100
2017-06-23,93.94000244140625,94.02999877929688,92.93000030517578,93.41999816894531,379100
2017-06-26,93.5,94.73999786376953,93.08999633789062,94.0,343700
2017-06-27,92.4000015258789,93.4000015258789,91.75,93.4000015258789,365300
2017-06-28,94.3499984741211,94.4800033569336,92.22000122070312,93.0,383500
2017-06-29,91.30000305175781,94.37000274658203,90.0,94.30000305175781,428600
2017-06-30,91.18000030517578,92.0,90.66000366210938,91.69999694824219,477300
2017-07-03,90.37999725341797,91.94000244140625,90.16000366210938,91.70999908447266,240600
2017-07-05,91.58999633789062,91.91999816894531,90.2300033569336,90.2699966430664,311800
2017-07-06,88.97000122070312,91.4800033569336,88.75,91.12999725341797,327500
2017-07-07,91.04000091552734,91.33999633789062,89.06999969482422,89.44999694824219,277700
2017-07-10,91.27999877929688,91.68000030517578,89.9000015258789,90.93000030517578,303400
2017-07-11,93.29000091552734,93.83999633789062,91.41999816894531,92.0,716800
2017-07-12,92.91000366210938,93.94999694824219,92.55999755859375,93.91000366210938,437300
2017-07-13,92.25,92.9000015258789,91.05000305175781,92.9000015258789,394000
2017-07-14,94.31999969482422,94.98999786376953,91.91999816894531,92.4000015258789,534800
2017-07-17,95.5999984741211,96.16999816894531,94.5,94.66999816894531,611000
2017-07-18,95.13999938964844,96.16999816894531,94.68000030517578,95.88999938964844,628200
2017-07-19,96.06999969482422,97.2300033569336,95.20999908447266,95.75,737000
2017-07-20,97.2699966430664,97.6500015258789,96.0199966430664,96.22000122070312,409200
2017-07-21,96.19000244140625,97.79000091552734,96.01000213623047,97.77999877929688,335500
2017-07-24,98.36000061035156,98.5,96.41999816894531,96.41999816894531,404600
2017-07-25,98.7699966430664,98.88999938964844,97.31999969482422,98.36000061035156,460400
2017-07-26,96.86000061035156,99.5,96.69999694824219,98.83000183105469,414500
2017-07-27,95.52999877929688,97.3499984741211,94.51000213623047,97.22000122070312,458400
2017-07-28,96.36000061035156,96.7699966430664,94.5,95.30999755859375,351800
2017-07-31,94.5999984741211,96.79000091552734,94.43000030517578,96.69000244140625,409000
2017-08-01,96.62000274658203,96.70999908447266,95.0199966430664,95.61000061035156,481200
2017-08-02,96.08000183105469,96.81999969482422,93.66999816894531,96.58000183105469,873800
2017-08-03,86.66000366210938,100.0,85.5,97.26000213623047,1624000
2017-08-04,85.29000091552734,87.66999816894531,84.27999877929688,87.04000091552734,1120100
2017-08-07,86.16999816894531,87.4000015258789,85.20999908447266,85.37000274658203,608300
2017-08-08,85.38999938964844,86.0999984741211,85.05000305175781,85.97000122070312,604400
2017-08-09,84.05000305175781,85.0999984741211,83.30000305175781,84.69999694824219,571100
2017-08-10,82.04000091552734,83.69999694824219,81.37000274658203,83.36000061035156,784900
2017-08-11,83.58000183105469,84.58999633789062,82.13999938964844,82.19999694824219,604700
2017-08-14,85.54000091552734,86.98999786376953,84.41999816894531,86.72000122070312,664100
2017-08-15,85.30000305175781,85.91999816894531,84.54000091552734,85.73999786376953,377700
2017-08-16,86.44999694824219,86.77999877929688,85.37999725341797,85.81999969482422,425800
2017-08-17,87.25,87.5999984741211,86.05999755859375,86.30999755859375,725000
2017-08-18,85.77999877929688,87.02999877929688,85.5999984741211,86.76000213623047,497500
2017-08-21,86.38999938964844,86.62999725341797,85.66000366210938,85.9000015258789,302100
2017-08-22,86.63999938964844,87.05999755859375,86.11000061035156,86.54000091552734,476300
2017-08-23,84.4800033569336,86.33000183105469,84.26000213623047,86.33000183105469,469600
2017-08-24,84.2300033569336,85.0,83.77999877929688,84.80999755859375,537600
2017-08-25,81.97000122070312,84.19000244140625,81.41000366210938,84.0,833900
2017-08-28,81.79000091552734,82.73999786376953,81.31999969482422,82.36000061035156,995700
2017-08-29,82.0,82.30000305175781,81.01000213623047,81.25,721100
2017-08-30,83.25,83.66000366210938,81.62000274658203,82.0,613800
2017-08-31,84.37999725341797,84.38999938964844,82.7699966430664,83.61000061035156,479600
2017-09-01,85.55000305175781,85.87000274658203,84.3499984741211,84.47000122070312,418600
2017-09-05,85.31999969482422,86.9000015258789,85.0,85.41999816894531,428500
2017-09-06,86.19000244140625,86.38999938964844,84.01000213623047,85.33999633789062,533300
2017-09-07,86.05999755859375,86.7300033569336,85.76000213623047,86.19999694824219,380200
2017-09-08,86.13999938964844,86.7300033569336,85.44000244140625,85.98999786376953,399000
2017-09-11,86.86000061035156,88.25,86.44000244140625,87.4800033569336,374200
2017-09-12,87.19999694824219,87.58000183105469,86.43000030517578,87.04000091552734,269000
2017-09-13,85.55999755859375,87.3499984741211,85.29000091552734,87.01000213623047,387000
2017-09-14,85.36000061035156,85.63999938964844,84.9000015258789,85.55000305175781,470000
2017-09-15,85.58000183105469,86.0,84.94999694824219,85.51000213623047,930500
2017-09-18,85.63999938964844,86.11000061035156,85.06999969482422,85.47000122070312,345600
2017-09-19,85.3499984741211,86.0199966430664,84.9000015258789,85.62999725341797,326100
2017-09-20,85.7699966430664,85.98999786376953,85.11000061035156,85.56999969482422,365700
2017-09-21,84.91000366210938,85.58999633789062,84.7699966430664,85.51000213623047,395400
2017-09-22,84.9800033569336,85.22000122070312,84.18000030517578,84.48999786376953,285700
2017-09-25,84.7300033569336,85.44999694824219,84.29000091552734,84.9800033569336,388600
2017-09-26,84.3499984741211,84.87000274658203,84.01000213623047,84.77999877929688,555100
2017-09-27,85.62999725341797,85.87999725341797,84.5999984741211,84.5999984741211,423500
2017-09-28,84.91000366210938,85.73999786376953,84.87000274658203,85.7300033569336,362000
2017-09-29,86.55999755859375,86.72000122070312,84.94000244140625,85.1500015258789,480300
2017-10-02,86.88999938964844,87.86000061035156,86.63999938964844,87.2300033569336,351400
2017-10-03,85.44999694824219,87.08000183105469,85.02999877929688,86.80000305175781,287900
2017-10-04,86.5999984741211,86.62999725341797,85.2300033569336,85.44999694824219,243200
2017-10-05,87.11000061035156,87.19000244140625,86.1500015258789,86.68000030517578,311200
2017-10-06,87.13999938964844,87.4800033569336,86.86000061035156,87.0999984741211,230300
2017-10-09,85.94000244140625,87.30999755859375,85.91999816894531,87.1500015258789,147200
2017-10-10,85.08000183105469,86.1500015258789,84.94999694824219,85.88999938964844,269900
2017-10-11,85.16999816894531,85.52999877929688,84.9000015258789,85.08000183105469,395900
2017-10-12,85.51000213623047,85.83999633789062,84.79000091552734,84.95999908447266,229800
2017-10-13,85.01000213623047,85.44000244140625,84.94999694824219,85.38999938964844,215800
2017-10-16,84.97000122070312,85.73999786376953,84.58000183105469,84.93000030517578,356000
2017-10-17,85.5,85.80000305175781,84.75,84.91000366210938,253800
2017-10-18,86.61000061035156,87.12999725341797,85.36000061035156,85.36000061035156,560900
2017-10-19,85.83999633789062,86.77999877929688,85.41000366210938,86.4800033569336,247000
2017-10-20,86.62999725341797,86.8499984741211,86.23999786376953,86.52999877929688,221100
2017-10-23,88.6500015258789,89.13999938964844,86.41000366210938,86.80999755859375,543400
2017-10-24,87.13999938964844,88.91999816894531,85.75,88.5,481400
2017-10-25,86.58999633789062,87.05999755859375,85.62999725341797,87.0,298500
2017-10-26,87.08000183105469,87.63999938964844,86.26000213623047,86.72000122070312,344600
2017-10-27,88.20999908447266,88.33000183105469,86.2300033569336,87.44999694824219,328200
2017-10-30,86.83999633789062,88.2300033569336,86.3499984741211,88.0,431400
2017-10-31,87.76000213623047,88.0999984741211,86.51000213623047,86.9000015258789,442900
2017-11-01,87.93000030517578,91.04000091552734,86.06999969482422,89.51000213623047,970800
2017-11-02,84.48999786376953,88.81999969482422,84.44999694824219,88.30000305175781,715500
2017-11-03,86.0,86.19999694824219,84.05000305175781,84.63999938964844,385300
2017-11-06,86.86000061035156,86.9800033569336,85.69999694824219,85.83000183105469,268800
2017-11-07,87.75,87.80999755859375,86.54000091552734,87.04000091552734,359400
2017-11-08,90.08999633789062,90.11000061035156,87.5,87.79000091552734,572700
2017-11-09,89.08000183105469,90.41999816894531,88.11000061035156,89.18000030517578,676900
2017-11-10,86.48999786376953,89.04000091552734,86.16000366210938,89.04000091552734,364600
2017-11-13,85.68000030517578,85.94000244140625,85.0,85.94000244140625,368100
2017-11-14,86.43000030517578,86.75,84.9000015258789,85.19999694824219,396600
2017-11-15,86.37000274658203,86.51000213623047,84.9000015258789,86.0999984741211,619300
2017-11-16,86.48999786376953,87.12000274658203,85.4800033569336,86.5,478200
2017-11-17,86.55000305175781,86.79000091552734,85.9000015258789,86.16999816894531,205500
2017-11-20,87.33000183105469,87.80000305175781,86.70999908447266,86.88999938964844,176700
2017-11-21,88.58000183105469,88.58000183105469,87.43000030517578,87.5999984741211,184500
2017-11-22,87.83999633789062,88.98999786376953,87.48999786376953,88.56999969482422,290600
2017-11-24,87.97000122070312,88.70999908447266,87.51000213623047,88.16000366210938,87200
2017-11-27,87.2699966430664,88.48999786376953,87.0999984741211,88.04000091552734,338600
2017-11-28,87.25,87.56999969482422,86.69000244140625,87.55999755859375,280300
2017-11-29,88.3499984741211,88.44000244140625,86.91999816894531,87.37999725341797,218000
2017-11-30,88.83999633789062,89.63999938964844,88.0199966430664,88.70999908447266,507200
2017-12-01,88.87999725341797,89.05999755859375,85.37999725341797,89.05999755859375,525900
2017-12-04,88.47000122070312,90.0999984741211,88.1500015258789,89.08999633789062,559400
2017-12-05,88.11000061035156,89.27999877929688,87.81999969482422,88.7300033569336,564900
2017-12-06,87.11000061035156,88.16999816894531,86.4000015258789,88.16999816894531,269500
2017-12-07,85.5199966430664,87.27999877929688,85.31999969482422,87.25,373900
2017-12-08,86.0,86.2300033569336,85.0,85.52999877929688,423600
2017-12-11,85.5,86.33000183105469,85.04000091552734,85.97000122070312,188600
2017-12-12,85.11000061035156,86.33999633789062,84.8499984741211,85.73999786376953,236500
2017-12-13,85.9800033569336,86.61000061035156,84.8499984741211,85.0999984741211,272900
2017-12-14,84.66000366210938,85.97000122070312,84.58999633789062,85.97000122070312,396900
2017-12-15,86.86000061035156,87.08999633789062,84.75,84.75,691600
2017-12-18,87.22000122070312,87.83999633789062,86.4000015258789,87.05000305175781,338300
2017-12-19,87.30000305175781,87.7300033569336,86.48999786376953,87.30000305175781,278000
2017-12-20,87.2699966430664,87.73999786376953,86.55000305175781,87.43000030517578,268500
2017-12-21,85.08999633789062,87.3499984741211,84.97000122070312,87.3499984741211,224700
2017-12-22,86.33999633789062,86.51000213623047,84.87999725341797,85.30999755859375,193500
2017-12-26,86.75,87.0,85.94000244140625,86.31999969482422,301400
2017-12-27,86.52999877929688,87.08999633789062,86.22000122070312,86.87999725341797,294700
2017-12-28,85.69999694824219,86.68000030517578,85.25,86.5199966430664,230300
2017-12-29,84.80000305175781,85.81999969482422,84.5999984741211,84.80999755859375,314900
2018-01-02,86.04000091552734,86.66999816894531,84.94999694824219,85.3499984741211,378300
2018-01-03,86.4800033569336,86.94000244140625,85.7699966430664,86.05000305175781,269800
2018-01-04,87.79000091552734,88.3499984741211,86.54000091552734,86.76000213623047,334000
2018-01-05,89.08999633789062,89.19999694824219,87.70999908447266,87.83000183105469,429500
2018-01-08,87.69999694824219,89.5,87.48999786376953,89.1500015258789,538600
2018-01-09,88.47000122070312,89.23999786376953,87.13999938964844,88.18000030517578,913200
2018-01-10,86.0999984741211,88.44000244140625,84.95999908447266,88.25,539300
2018-01-11,85.77999877929688,86.5,85.37000274658203,86.25,413800
2018-01-12,85.66999816894531,86.06999969482422,85.30999755859375,86.05000305175781,357400
2018-01-16,86.63999938964844,87.12000274658203,85.83999633789062,85.9800033569336,432100
2018-01-17,86.61000061035156,87.11000061035156,86.2300033569336,86.93000030517578,461600
2018-01-18,86.30000305175781,86.73999786376953,86.05999755859375,86.61000061035156,407400
2018-01-19,88.55999755859375,88.62000274658203,86.0999984741211,86.29000091552734,453300
2018-01-22,88.16999816894531,88.45999908447266,86.93000030517578,88.44999694824219,316000
2018-01-23,87.9000015258789,88.55999755859375,87.43000030517578,88.05000305175781,336200
2018-01-24,89.54000091552734,89.88999938964844,88.08000183105469,88.08000183105469,451900
2018-01-25,91.19999694824219,91.25,89.41999816894531,89.54000091552734,507400
2018-01-26,91.54000091552734,91.83000183105469,89.88999938964844,91.5,348000
2018-01-29,94.08000183105469,94.98999786376953,91.16999816894531,91.54000091552734,718400
2018-01-30,95.19000244140625,95.73999786376953,92.58000183105469,93.19000244140625,842400
2018-01-31,94.23999786376953,96.44999694824219,94.23999786376953,95.6500015258789,685900
2018-02-01,92.93000030517578,94.23999786376953,92.25,93.66000366210938,540000
2018-02-02,92.87999725341797,93.3499984741211,91.37000274658203,92.52999877929688,659300
2018-02-05,89.41999816894531,92.79000091552734,88.41999816894531,92.19999694824219,815500
2018-02-06,87.05999755859375,88.8499984741211,84.91999816894531,87.98999786376953,1145700
2018-02-07,85.68000030517578,87.37000274658203,85.29000091552734,86.58000183105469,551200
2018-02-08,82.05999755859375,85.56999969482422,82.05000305175781,85.12999725341797,805500
2018-02-09,83.47000122070312,84.05999755859375,80.69000244140625,82.80000305175781,610900
2018-02-12,84.86000061035156,85.88999938964844,83.83000183105469,83.83000183105469,487700
2018-02-13,84.5,84.66999816894531,83.19999694824219,84.66999816894531,477600
2018-02-14,84.87000274658203,85.33000183105469,83.66000366210938,83.9800033569336,433300
2018-02-15,85.94000244140625,85.95999908447266,84.30999755859375,85.11000061035156,339800
2018-02-16,86.68000030517578,87.3499984741211,85.41999816894531,85.7699966430664,340600
2018-02-20,85.58000183105469,86.63999938964844,85.29000091552734,86.61000061035156,232900
2018-02-21,85.4000015258789,86.87999725341797,85.33999633789062,85.7699966430664,341400
2018-02-22,83.95999908447266,86.1500015258789,83.76000213623047,85.66000366210938,377600
2018-02-23,84.62000274658203,84.63999938964844,83.01000213623047,84.5999984741211,379700
2018-02-26,85.63999938964844,85.69000244140625,84.0,84.87000274658203,399800
2018-02-27,86.08000183105469,86.79000091552734,85.51000213623047,85.87000274658203,689300
2018-02-28,87.52999877929688,90.08000183105469,86.5,90.08000183105469,1246100
2018-03-01,82.11000061035156,87.70999908447266,81.5999984741211,87.70999908447266,1150700
2018-03-02,84.47000122070312,84.69999694824219,81.55999755859375,81.55999755859375,1041100
2018-03-05,83.58000183105469,84.9800033569336,82.1500015258789,83.9800033569336,909300
2018-03-06,88.44999694824219,88.70999908447266,83.54000091552734,83.69999694824219,1161400
2018-03-07,86.30000305175781,89.0,86.06999969482422,87.9800033569336,935600
2018-03-08,86.48999786376953,87.06999969482422,85.43000030517578,86.43000030517578,991400
2018-03-09,88.3499984741211,88.80000305175781,86.9800033569336,87.45999908447266,773500
2018-03-12,88.95999908447266,89.80999755859375,88.41000366210938,88.62000274658203,625800
2018-03-13,89.44000244140625,90.08999633789062,88.83999633789062,89.31999969482422,652600
2018-03-14,87.86000061035156,89.9000015258789,87.54000091552734,89.75,546100
2018-03-15,86.61000061035156,88.58000183105469,86.37000274658203,87.86000061035156,421300
2018-03-16,86.94999694824219,87.56999969482422,85.79000091552734,86.62000274658203,716700
2018-03-19,85.5,86.5,84.54000091552734,86.5,453100
2018-03-20,86.87000274658203,87.06999969482422,85.01000213623047,85.63999938964844,430600
2018-03-21,87.25,87.68000030517578,86.87000274658203,86.95999908447266,438400
2018-03-22,85.66999816894531,87.02999877929688,85.52999877929688,86.79000091552734,494500
2018-03-23,84.36000061035156,86.47000122070312,84.33000183105469,85.70999908447266,619700
2018-03-26,86.27999877929688,86.3499984741211,84.0199966430664,85.44000244140625,590500
2018-03-27,85.62000274658203,86.70999908447266,84.81999969482422,86.31999969482422,471500
2018-03-28,85.83000183105469,86.11000061035156,84.66999816894531,85.7300033569336,472700
2018-03-29,87.94999694824219,88.8499984741211,85.47000122070312,86.3499984741211,586400
2018-04-02,85.43000030517578,88.1500015258789,85.0999984741211,87.73999786376953,601100
2018-04-03,85.70999908447266,86.93000030517578,84.48999786376953,85.83000183105469,437100
2018-04-04,86.29000091552734,86.58000183105469,84.20999908447266,85.16000366210938,384700
2018-04-05,86.68000030517578,86.93000030517578,86.05999755859375,86.81999969482422,360800
2018-04-06,83.87999725341797,86.48999786376953,83.16000366210938,86.0999984741211,282600
2018-04-09,84.31999969482422,85.2300033569336,83.9000015258789,84.5199966430664,257200
2018-04-10,85.44999694824219,85.86000061035156,84.83999633789062,85.12999725341797,681700
2018-04-11,84.98999786376953,85.38999938964844,84.45999908447266,85.0999984741211,283700
2018-04-12,85.69999694824219,86.05999755859375,84.52999877929688,85.2300033569336,312300
2018-04-13,85.81999969482422,86.12999725341797,85.06999969482422,86.12999725341797,268100
2018-04-16,86.7300033569336,87.19999694824219,85.62000274658203,86.26000213623047,237700
2018-04-17,88.41000366210938,88.69000244140625,86.11000061035156,87.08999633789062,413000
2018-04-18,88.7300033569336,89.19000244140625,87.86000061035156,88.5,296200
2018-04-19,89.22000122070312,89.31999969482422,88.27999877929688,88.54000091552734,311600
2018-04-20,89.66000366210938,89.70999908447266,88.61000061035156,88.87000274658203,376500
2018-04-23,89.76000213623047,90.25,89.18000030517578,90.0,453900
2018-04-24,88.83000183105469,90.56999969482422,88.37000274658203,90.06999969482422,538900
2018-04-25,88.83999633789062,89.12999725341797,88.08999633789062,88.81999969482422,354500
2018-04-26,90.62999725341797,90.81999969482422,88.4000015258789,88.80999755859375,385400
2018-04-27,91.12999725341797,91.41999816894531,89.9800033569336,91.01000213623047,320000
2018-04-30,89.7300033569336,91.31999969482422,89.7300033569336,91.27999877929688,406700
2018-05-01,91.6500015258789,91.9000015258789,89.16000366210938,89.37000274658203,397000
2018-05-02,91.75,92.37000274658203,89.41999816894531,91.02999877929688,757500
2018-05-03,95.61000061035156,95.91999816894531,91.06999969482422,92.5,1383400
2018-05-04,97.8499984741211,98.55999755859375,94.45999908447266,95.05999755859375,668400
2018-05-07,98.62000274658203,98.91000366210938,96.80999755859375,97.83999633789062,518500
2018-05-08,98.44000244140625,98.7699966430664,97.88999938964844,98.7699966430664,426100
2018-05-09,97.69000244140625,98.55999755859375,97.25,98.43000030517578,644700
2018-05-10,98.4800033569336,99.20999908447266,97.41999816894531,98.0,466100
2018-05-11,98.3499984741211,99.30000305175781,97.4800033569336,98.19000244140625,534200
2018-05-14,96.63999938964844,98.97000122070312,96.25,98.62000274658203,481900
2018-05-15,96.19999694824219,96.87999725341797,95.52999877929688,96.31999969482422,621400
2018-05-16,96.4000015258789,97.1500015258789,96.04000091552734,96.41000366210938,425200
2018-05-17,96.7699966430664,97.29000091552734,95.8499984741211,96.52999877929688,449900
2018-05-18,97.06999969482422,97.80000305175781,96.72000122070312,97.12000274658203,418200
2018-05-21,97.73999786376953,98.04000091552734,97.08999633789062,97.62000274658203,311600
2018-05-22,97.9000015258789,98.43000030517578,97.41000366210938,97.98999786376953,291400
2018-05-23,98.48999786376953,98.61000061035156,97.5,97.58000183105469,253300
2018-05-24,98.9800033569336,99.30999755859375,98.12999725341797,98.68000030517578,301000
2018-05-25,99.12000274658203,99.63999938964844,98.69999694824219,98.87000274658203,193700
2018-05-29,98.69000244140625,98.93000030517578,97.12000274658203,98.56999969482422,382300
2018-05-30,100.22000122070312,101.05999755859375,97.79000091552734,99.25,626500
2018-05-31,99.05000305175781,100.66999816894531,98.9800033569336,99.77999877929688,327600
2018-06-01,101.0,101.12000274658203,99.19000244140625,99.80000305175781,362500
2018-06-04,99.7300033569336,101.3499984741211,98.86000061035156,101.12000274658203,502700
2018-06-05,101.16000366210938,101.6500015258789,99.9000015258789,99.97000122070312,401700
2018-06-06,102.20999908447266,102.31999969482422,100.83999633789062,101.38999938964844,322900
2018-06-07,100.30000305175781,102.30999755859375,99.4000015258789,102.30999755859375,238000
2018-06-08,101.87999725341797,102.05999755859375,100.30999755859375,100.5,281700
2018-06-11,101.13999938964844,102.08000183105469,100.36000061035156,101.58000183105469,361700
2018-06-12,101.37999725341797,101.7699966430664,100.77999877929688,101.08000183105469,317000
2018-06-13,100.91999816894531,101.69999694824219,100.61000061035156,101.37999725341797,312600
2018-06-14,101.54000091552734,101.63999938964844,100.66999816894531,100.95999908447266,412200
2018-06-15,101.2699966430664,101.55000305175781,100.26000213623047,101.3499984741211,676600
2018-06-18,100.30999755859375,100.66000366210938,99.04000091552734,100.66000366210938,508200
2018-06-19,100.98999786376953,101.27999877929688,98.83999633789062,100.31999969482422,659900
2018-06-20,101.19000244140625,101.56999969482422,100.43000030517578,101.13999938964844,620400
2018-06-21,100.94000244140625,101.80000305175781,99.79000091552734,101.41000366210938,482500
2018-06-22,99.9800033569336,101.9000015258789,99.87999725341797,101.12999725341797,5581000
2018-06-25,97.47000122070312,100.4000015258789,96.83999633789062,99.97000122070312,766800
2018-06-26,100.05000305175781,100.37999725341797,96.69999694824219,97.70999908447266,579900
2018-06-27,97.54000091552734,100.76000213623047,97.44000244140625,100.5,751400
2018-06-28,98.69999694824219,98.91000366210938,96.62000274658203,97.37999725341797,427600
2018-06-29,97.6500015258789,99.22000122070312,97.6500015258789,98.91000366210938,399600
2018-07-02,97.8499984741211,98.02999877929688,96.36000061035156,96.72000122070312,526700
2018-07-03,97.45999908447266,98.33999633789062,96.3499984741211,97.8499984741211,190600
2018-07-05,98.47000122070312,98.94000244140625,96.98999786376953,97.62000274658203,846400
2018-07-06,99.97000122070312,100.31999969482422,97.94999694824219,98.5999984741211,330200
2018-07-09,99.37999725341797,100.31999969482422,98.93000030517578,100.2300033569336,540100
2018-07-10,98.80999755859375,99.76000213623047,98.51000213623047,99.44000244140625,998200
2018-07-11,98.63999938964844,98.88999938964844,97.88999938964844,98.47000122070312,391300
2018-07-12,99.80999755859375,100.3499984741211,98.3499984741211,98.72000122070312,324400
2018-07-13,99.48999786376953,100.13999938964844,99.37999725341797,100.08000183105469,264500
2018-07-16,99.37999725341797,99.83000183105469,98.76000213623047,99.63999938964844,352300
2018-07-17,101.02999877929688,101.11000061035156,99.26000213623047,99.26000213623047,349800
2018-07-18,101.08999633789062,101.31999969482422,100.61000061035156,100.86000061035156,524800
2018-07-19,101.86000061035156,102.7300033569336,100.70999908447266,101.0999984741211,365700
2018-07-20,102.33999633789062,103.0999984741211,102.05000305175781,102.05000305175781,421100
2018-07-23,102.33000183105469,102.95999908447266,101.52999877929688,102.05000305175781,430000
2018-07-24,99.73999786376953,102.69000244140625,99.41000366210938,102.68000030517578,524200
2018-07-25,100.19999694824219,100.44999694824219,99.25,99.25,342600
2018-07-26,99.95999908447266,100.62999725341797,99.51000213623047,100.27999877929688,342300
2018-07-27,97.95999908447266,100.9800033569336,97.27999877929688,100.31999969482422,254100
2018-07-30,97.19000244140625,98.63999938964844,96.13999938964844,97.77999877929688,469300
2018-07-31,99.41999816894531,99.70999908447266,97.61000061035156,97.76000213623047,635600
2018-08-01,100.05999755859375,101.16000366210938,99.41000366210938,99.72000122070312,430400
2018-08-02,108.26000213623047,109.47000122070312,101.02999877929688,101.5,1630700
2018-08-03,108.26000213623047,108.62000274658203,105.66999816894531,108.2699966430664,727300
2018-08-06,108.47000122070312,109.2300033569336,107.8499984741211,108.1500015258789,452900
2018-08-07,108.12999725341797,108.69999694824219,107.22000122070312,108.69999694824219,490600
2018-08-08,108.66000366210938,109.12999725341797,107.44000244140625,108.18000030517578,346900
2018-08-09,109.05999755859375,110.37000274658203,108.36000061035156,108.98999786376953,482000
2018-08-10,109.62999725341797,110.72000122070312,108.93000030517578,109.05999755859375,332800
2018-08-13,109.04000091552734,109.98999786376953,108.77999877929688,109.63999938964844,264400
2018-08-14,112.19999694824219,113.2699966430664,109.13999938964844,109.41999816894531,660400
2018-08-15,112.26000213623047,112.63999938964844,110.7300033569336,111.91999816894531,396000
2018-08-16,113.5199966430664,114.0199966430664,111.83999633789062,112.79000091552734,415800
2018-08-17,113.80999755859375,113.9800033569336,112.43000030517578,113.36000061035156,262700
2018-08-20,114.1500015258789,114.8499984741211,113.19000244140625,114.0,400800
2018-08-21,115.23999786376953,115.68000030517578,114.1500015258789,114.1500015258789,408500
2018-08-22,116.33000183105469,116.75,114.58999633789062,115.0,206500
2018-08-23,116.66000366210938,116.9800033569336,115.70999908447266,116.37000274658203,319300
2018-08-24,117.30000305175781,118.08999633789062,116.31999969482422,117.5,284400
2018-08-27,117.87999725341797,118.62999725341797,117.51000213623047,118.19000244140625,316200
2018-08-28,117.47000122070312,118.58999633789062,116.79000091552734,118.2300033569336,371000
2018-08-29,118.25,119.18000030517578,117.4800033569336,117.4800033569336,596000
2018-08-30,118.27999877929688,118.66999816894531,117.08999633789062,118.08000183105469,384400
2018-08-31,117.88999938964844,119.26000213623047,117.37000274658203,117.94000244140625,447800
2018-09-04,120.0999984741211,120.44999694824219,117.2699966430664,118.06999969482422,470800
2018-09-05,118.81999969482422,120.19999694824219,116.12999725341797,120.05999755859375,492200
2018-09-06,118.91999816894531,119.02999877929688,117.23999786376953,118.5999984741211,405500
2018-09-07,118.19999694824219,119.91999816894531,117.80000305175781,118.83999633789062,354100
2018-09-10,118.0199966430664,118.61000061035156,117.47000122070312,118.61000061035156,275000
2018-09-11,118.41000366210938,119.16000366210938,117.02999877929688,118.0199966430664,447900
2018-09-12,118.94000244140625,119.3499984741211,117.0999984741211,118.45999908447266,426700
2018-09-13,121.55000305175781,121.95999908447266,119.19000244140625,119.4000015258789,607900
2018-09-14,123.5199966430664,124.0,121.73999786376953,122.0,1361900
2018-09-17,121.01000213623047,124.0,120.41000366210938,124.0,737700
2018-09-18,123.08999633789062,123.27999877929688,120.5199966430664,120.73999786376953,357500
2018-09-19,121.0,123.5999984741211,120.30999755859375,123.41000366210938,565000
2018-09-20,122.0,122.08999633789062,120.54000091552734,121.63999938964844,378900
2018-09-21,122.5,123.93000030517578,121.9000015258789,122.44999694824219,635000
2018-09-24,123.81999969482422,123.94999694824219,122.0,122.55999755859375,447800
2018-09-25,123.9800033569336,124.37999725341797,123.25,123.93000030517578,587600
2018-09-26,123.62999725341797,124.3499984741211,123.22000122070312,124.0,579800
2018-09-27,123.25,124.6500015258789,122.91999816894531,123.62999725341797,396500
2018-09-28,124.54000091552734,124.73999786376953,122.8499984741211,122.94000244140625,415000
2018-10-01,124.36000061035156,125.1500015258789,123.86000061035156,125.0,355800
2018-10-02,125.31999969482422,126.88999938964844,124.94999694824219,125.4800033569336,646000
2018-10-03,122.27999877929688,125.86000061035156,121.9000015258789,125.44000244140625,586700
2018-10-04,119.58000183105469,122.0199966430664,119.02999877929688,122.0,385200
2018-10-05,120.61000061035156,121.33999633789062,118.79000091552734,119.58000183105469,356000
2018-10-08,119.5,121.44999694824219,117.80999755859375,120.41000366210938,522800
2018-10-09,119.23999786376953,120.20999908447266,118.26000213623047,119.08999633789062,368700
2018-10-10,115.41999816894531,119.93000030517578,115.12999725341797,118.83999633789062,512800
2018-10-11,114.62000274658203,116.51000213623047,114.0,114.9000015258789,463100
2018-10-12,117.12999725341797,118.45999908447266,114.73999786376953,116.55000305175781,442700
2018-10-15,116.62999725341797,117.54000091552734,115.33000183105469,117.11000061035156,297000
2018-10-16,120.61000061035156,120.83000183105469,117.37000274658203,117.37000274658203,331200
2018-10-17,120.04000091552734,120.58000183105469,118.55999755859375,120.58000183105469,255100
2018-10-18,117.19000244140625,120.08999633789062,116.75,119.91000366210938,251700
2018-10-19,115.97000122070312,118.16999816894531,115.16000366210938,117.9800033569336,539400
2018-10-22,115.81999969482422,116.43000030517578,114.30999755859375,115.9800033569336,177400
2018-10-23,115.76000213623047,116.9800033569336,112.86000061035156,114.44999694824219,362200
2018-10-24,113.8499984741211,117.61000061035156,113.38999938964844,116.16999816894531,771900
2018-10-25,114.58999633789062,115.48999786376953,112.05000305175781,114.18000030517578,324300
2018-10-26,113.5199966430664,114.5199966430664,111.02999877929688,113.19999694824219,360700
2018-10-29,112.80999755859375,116.05000305175781,111.2300033569336,114.25,482000
2018-10-30,115.56999969482422,115.7699966430664,112.55999755859375,113.26000213623047,400900
2018-10-31,115.5999984741211,118.02999877929688,115.18000030517578,116.47000122070312,662700
2018-11-01,113.02999877929688,119.36000061035156,108.19999694824219,116.69000244140625,1488800
2018-11-02,111.3499984741211,114.75,109.88999938964844,112.93000030517578,760900
2018-11-05,111.75,112.61000061035156,110.36000061035156,110.97000122070312,776300
2018-11-06,114.83999633789062,115.01000213623047,111.5,111.76000213623047,635700
2018-11-07,117.54000091552734,118.2300033569336,115.06999969482422,115.23999786376953,577400
2018-11-08,118.9800033569336,121.12999725341797,116.38999938964844,117.55999755859375,615900
2018-11-09,115.48999786376953,119.02999877929688,115.2699966430664,118.91999816894531,628700
2018-11-12,111.1500015258789,115.51000213623047,111.0,115.51000213623047,432300
2018-11-13,110.58999633789062,113.0,110.4000015258789,111.62000274658203,451000
2018-11-14,108.41999816894531,112.33000183105469,108.26000213623047,111.05000305175781,343300
2018-11-15,108.79000091552734,109.01000213623047,106.33999633789062,107.97000122070312,482600
2018-11-16,109.6500015258789,110.5199966430664,107.94000244140625,107.94000244140625,411200
2018-11-19,104.12000274658203,109.62000274658203,102.87999725341797,109.04000091552734,689400
2018-11-20,102.41000366210938,104.58000183105469,101.08000183105469,101.29000091552734,534500
2018-11-21,103.27999877929688,105.01000213623047,101.80000305175781,102.86000061035156,260800
2018-11-23,102.97000122070312,104.0,102.0999984741211,102.66999816894531,203100
2018-11-26,104.38999938964844,105.0,102.51000213623047,103.91999816894531,474200
2018-11-27,104.94000244140625,106.22000122070312,103.5999984741211,104.16999816894531,572600
2018-11-28,109.91000366210938,110.43000030517578,103.9000015258789,105.38999938964844,651700
2018-11-29,109.45999908447266,111.06999969482422,109.08999633789062,109.33000183105469,492100
2018-11-30,110.41999816894531,111.69999694824219,109.62000274658203,109.62000274658203,463400
2018-12-03,112.22000122070312,112.63999938964844,109.8499984741211,111.83000183105469,428700
2018-12-04,108.2699966430664,112.88999938964844,107.55000305175781,111.9000015258789,468600
2018-12-06,108.04000091552734,108.19999694824219,105.73999786376953,106.98999786376953,523000
2018-12-07,105.30000305175781,108.58000183105469,104.83999633789062,107.33999633789062,331700
2018-12-10,108.1500015258789,108.87000274658203,104.83000183105469,104.88999938964844,472000
2018-12-11,109.08999633789062,110.22000122070312,107.30999755859375,109.33999633789062,517500
2018-12-12,111.41000366210938,112.87000274658203,109.68000030517578,109.68000030517578,793100
2018-12-13,110.41999816894531,112.5999984741211,109.9800033569336,111.5,439000
2018-12-14,107.04000091552734,109.54000091552734,106.62000274658203,109.51000213623047,311000
2018-12-17,104.83999633789062,107.37000274658203,102.88999938964844,106.43000030517578,470800
2018-12-18,105.25,107.12999725341797,104.2300033569336,105.63999938964844,529000
2018-12-19,103.77999877929688,109.45999908447266,103.20999908447266,108.93000030517578,459100
2018-12-20,100.51000213623047,104.69999694824219,99.2699966430664,103.56999969482422,515500
2018-12-21,101.23999786376953,103.0,99.62000274658203,100.51000213623047,715400
2018-12-24,98.37999725341797,100.94000244140625,98.2300033569336,100.91000366210938,211200
2018-12-26,103.93000030517578,103.97000122070312,98.55999755859375,98.56999969482422,341700
2018-12-27,104.6500015258789,104.66999816894531,100.80999755859375,102.61000061035156,366800
2018-12-28,105.55999755859375,106.69999694824219,103.77999877929688,104.69999694824219,326000
2018-12-31,107.37000274658203,107.5,105.01000213623047,105.5,358000
2019-01-02,105.5199966430664,106.5999984741211,103.94999694824219,105.55000305175781,382100
2019-01-03,102.77999877929688,105.98999786376953,101.87000274658203,105.36000061035156,308500
2019-01-04,105.87999725341797,106.73999786376953,103.86000061035156,104.19000244140625,710000
2019-01-07,104.0999984741211,107.30999755859375,103.30000305175781,106.41000366210938,464300
2019-01-08,105.94000244140625,106.62000274658203,104.68000030517578,105.36000061035156,370100
2019-01-09,112.11000061035156,113.9800033569336,106.70999908447266,106.70999908447266,657500
2019-01-10,113.16000366210938,113.93000030517578,111.29000091552734,111.97000122070312,403400
2019-01-11,113.37999725341797,113.94999694824219,112.1500015258789,112.91999816894531,390300
2019-01-14,111.31999969482422,113.2300033569336,110.9800033569336,113.2300033569336,369700
2019-01-15,115.98999786376953,116.11000061035156,111.33000183105469,111.33000183105469,466900
2019-01-16,116.16999816894531,118.0,115.72000122070312,115.9800033569336,543500
2019-01-17,117.7699966430664,118.98999786376953,116.22000122070312,116.22000122070312,454600
2019-01-18,120.62000274658203,120.7300033569336,117.19000244140625,118.80999755859375,790200
2019-01-22,120.38999938964844,121.66999816894531,119.5999984741211,120.0,1357400
2019-01-23,120.48999786376953,120.95999908447266,118.9000015258789,120.5,719400
2019-01-24,121.31999969482422,121.69000244140625,120.19999694824219,120.63999938964844,376400
2019-01-25,121.87999725341797,122.36000061035156,121.01000213623047,122.12999725341797,294300
2019-01-28,121.94000244140625,122.66999816894531,118.63999938964844,121.52999877929688,344300
2019-01-29,121.94000244140625,122.73999786376953,120.62999725341797,122.31999969482422,247300
2019-01-30,123.01000213623047,123.52999877929688,121.11000061035156,121.93000030517578,252800
2019-01-31,124.38999938964844,125.06999969482422,122.47000122070312,123.0,296800
2019-02-01,125.0199966430664,125.69999694824219,123.62000274658203,124.36000061035156,462800
2019-02-04,125.7300033569336,125.91999816894531,124.13999938964844,124.73999786376953,299400
2019-02-05,126.73999786376953,128.4199981689453,126.19000244140625,126.19000244140625,373200
2019-02-06,126.80000305175781,127.29000091552734,125.83999633789062,127.05000305175781,247100
2019-02-07,125.8499984741211,126.72000122070312,124.7699966430664,125.87000274658203,393600
2019-02-08,127.29000091552734,127.58000183105469,124.98999786376953,125.0,231200
2019-02-11,128.07000732421875,128.9499969482422,126.94999694824219,127.98999786376953,279400
2019-02-12,129.74000549316406,129.82000732421875,128.2899932861328,128.77999877929688,229400
2019-02-13,128.42999267578125,130.0,127.08999633789062,130.0,383600
2019-02-14,128.80999755859375,129.52999877929688,127.31999969482422,128.1999969482422,392100
2019-02-15,129.6199951171875,129.6199951171875,128.60000610351562,129.47999572753906,368400
2019-02-19,129.55999755859375,130.0,128.7100067138672,129.52999877929688,427500
2019-02-20,128.7899932861328,129.64999389648438,127.7699966430664,129.55999755859375,230000
2019-02-21,128.80999755859375,129.47999572753906,127.66999816894531,128.4199981689453,284100
2019-02-22,128.8800048828125,129.3800048828125,128.27000427246094,128.75,243700
2019-02-25,129.41000366210938,130.39999389648438,128.8699951171875,129.52999877929688,436600
2019-02-26,127.93000030517578,129.1999969482422,126.93000030517578,128.77999877929688,371100
2019-02-27,131.0500030517578,135.75,129.6300048828125,131.39999389648438,1024000
2019-02-28,131.27999877929688,134.1699981689453,130.36000061035156,130.77999877929688,497300
2019-03-01,134.4499969482422,135.13999938964844,132.0500030517578,132.3699951171875,476400
2019-03-04,133.67999267578125,134.92999267578125,132.08999633789062,134.35000610351562,515100
2019-03-05,132.52999877929688,133.60000610351562,131.94000244140625,133.2899932861328,404200
2019-03-06,130.41000366210938,133.16000366210938,129.27000427246094,132.52000427246094,323400
2019-03-07,129.75,130.64999389648438,128.6300048828125,130.0399932861328,388900
2019-03-08,128.64999389648438,129.72999572753906,127.79000091552734,129.0800018310547,367600
2019-03-11,130.9199981689453,131.2100067138672,128.5,129.14999389648438,271500
2019-03-12,131.83999633789062,132.33999633789062,130.83999633789062,130.9600067138672,223400
2019-03-13,133.1300048828125,134.2899932861328,132.0800018310547,132.8699951171875,344700
2019-03-14,133.3699951171875,133.85000610351562,131.77999877929688,133.02000427246094,275600
2019-03-15,133.5,134.38999938964844,133.0,133.69000244140625,472800
2019-03-18,132.25999450683594,133.5500030517578,131.2899932861328,133.5,424100
2019-03-19,133.08999633789062,133.52000427246094,131.60000610351562,132.25999450683594,259400
2019-03-20,133.60000610351562,134.89999389648438,132.2899932861328,133.0500030517578,271800
2019-03-21,137.0500030517578,137.6999969482422,133.02999877929688,133.07000732421875,441000
2019-03-22,133.67999267578125,136.7899932861328,133.6699981689453,136.77999877929688,324500
2019-03-25,134.52999877929688,134.92999267578125,132.5,133.36000061035156,306200
2019-03-26,134.72999572753906,136.52000427246094,133.97999572753906,135.4199981689453,342400
2019-03-27,134.2899932861328,135.4499969482422,132.25999450683594,134.3800048828125,362700
2019-03-28,136.5800018310547,136.67999267578125,134.3000030517578,134.86000061035156,276300
2019-03-29,138.27999877929688,139.47999572753906,135.97999572753906,136.99000549316406,635600
2019-04-01,139.8000030517578,141.0500030517578,138.89999389648438,138.9600067138672,678700
2019-04-02,136.39999389648438,139.88999938964844,136.16000366210938,139.88999938964844,584000
2019-04-03,138.61000061035156,139.47999572753906,136.52000427246094,136.64999389648438,501300
2019-04-04,136.1199951171875,139.05999755859375,135.63999938964844,138.88999938964844,528500
2019-04-05,135.8000030517578,137.7100067138672,135.17999267578125,136.08999633789062,455900
2019-04-08,136.9199981689453,137.02999877929688,133.72000122070312,135.5800018310547,481500
2019-04-09,134.17999267578125,137.32000732421875,133.88999938964844,136.22000122070312,406100
2019-04-10,135.13999938964844,136.22000122070312,134.0,134.0500030517578,274100
2019-04-11,136.0800018310547,136.1199951171875,134.42999267578125,135.5800018310547,268600
2019-04-12,135.7100067138672,137.24000549316406,133.5,136.4600067138672,349600
2019-04-15,136.14999389648438,137.11000061035156,135.13999938964844,136.0,573600
2019-04-16,132.33999633789062,137.3000030517578,131.97000122070312,135.1199951171875,546200
2019-04-17,122.29000091552734,132.85000610351562,121.79000091552734,132.6199951171875,1231700
2019-04-18,122.47000122070312,123.12999725341797,118.93000030517578,122.29000091552734,791200
2019-04-22,123.58000183105469,124.98999786376953,121.33000183105469,121.97000122070312,499600
2019-04-23,127.08999633789062,127.72000122070312,123.41999816894531,124.0199966430664,676400
2019-04-24,126.77999877929688,128.72999572753906,126.55000305175781,127.52999877929688,471800
2019-04-25,128.5500030517578,128.97000122070312,125.5,126.3499984741211,305800
2019-04-26,130.47999572753906,131.39999389648438,128.02000427246094,128.5500030517578,613900
2019-04-29,129.2100067138672,131.05999755859375,128.25999450683594,130.49000549316406,357100
2019-04-30,130.14999389648438,131.07000732421875,129.25,129.41000366210938,419100
2019-05-01,129.13999938964844,130.8800048828125,128.4499969482422,130.86000061035156,273000
2019-05-02,133.86000061035156,134.10000610351562,128.25,129.1699981689453,344400
2019-05-03,138.49000549316406,139.1699981689453,133.13999938964844,134.77999877929688,650900
2019-05-06,139.57000732421875,140.05999755859375,134.52999877929688,136.77000427246094,850700
2019-05-07,136.44000244140625,143.10000610351562,135.07000732421875,138.8699951171875,1042200
2019-05-08,136.7100067138672,137.7899932861328,135.83999633789062,136.83999633789062,414700
2019-05-09,140.22999572753906,140.66000366210938,135.05999755859375,135.32000732421875,453300
2019-05-10,140.02999877929688,140.63999938964844,135.66000366210938,139.5,668200
2019-05-13,136.9499969482422,139.32000732421875,136.13999938964844,137.1999969482422,322100
2019-05-14,139.0,139.75,137.25,137.5399932861328,445500
2019-05-15,141.39999389648438,142.1300048828125,138.50999450683594,138.6999969482422,309300
2019-05-16,145.5800018310547,147.91000366210938,141.6199951171875,141.6199951171875,703400
2019-05-17,140.77000427246094,145.0,140.61000061035156,144.60000610351562,410600
2019-05-20,138.5,140.05999755859375,137.75,139.8000030517578,524600
2019-05-21,138.92999267578125,139.99000549316406,137.9499969482422,139.6699981689453,383000
2019-05-22,140.5800018310547,140.94000244140625,138.6199951171875,138.6199951171875,373600
2019-05-23,137.72000122070312,139.5,136.5500030517578,139.47000122070312,398200
2019-05-24,138.97000122070312,139.74000549316406,137.66000366210938,138.7100067138672,449600
2019-05-28,139.27999877929688,141.19000244140625,138.75999450683594,139.3000030517578,367300
2019-05-29,137.13999938964844,139.14999389648438,136.8000030517578,138.27999877929688,303800
2019-05-30,137.9499969482422,139.19000244140625,136.5,137.27000427246094,232300
2019-05-31,130.74000549316406,137.02999877929688,128.64999389648438,137.02999877929688,675600
2019-06-03,129.16000366210938,131.9199981689453,128.36000061035156,130.33999633789062,719200
2019-06-04,132.5,132.63999938964844,129.97999572753906,130.7100067138672,465900
2019-06-05,134.5399932861328,135.36000061035156,133.27999877929688,133.6300048828125,620700
2019-06-06,137.05999755859375,137.8300018310547,134.13999938964844,134.52000427246094,442500
2019-06-07,137.92999267578125,139.2100067138672,136.9499969482422,137.61000061035156,562100
2019-06-10,142.07000732421875,143.5800018310547,138.11000061035156,138.39999389648438,473600
2019-06-11,141.32000732421875,143.66000366210938,139.67999267578125,142.72999572753906,285600
2019-06-12,144.32000732421875,144.72000122070312,141.5,142.25999450683594,252000
2019-06-13,144.5399932861328,145.6300048828125,143.6699981689453,144.80999755859375,346000
2019-06-14,141.0800018310547,144.77000427246094,140.77999877929688,144.77000427246094,253200
2019-06-17,141.86000061035156,142.94000244140625,141.1999969482422,141.8300018310547,284500
2019-06-18,144.38999938964844,146.8699951171875,142.6699981689453,142.75999450683594,423300
2019-06-19,145.61000061035156,145.85000610351562,143.39999389648438,144.25,333600
2019-06-20,147.02999877929688,148.6300048828125,145.7100067138672,147.52999877929688,469400
2019-06-21,144.3699951171875,147.0399932861328,143.67999267578125,147.0399932861328,535800
2019-06-24,144.69000244140625,146.4600067138672,144.0399932861328,144.99000549316406,394700
2019-06-25,144.39999389648438,146.22999572753906,144.17999267578125,144.7100067138672,189300
2019-06-26,141.8000030517578,145.91000366210938,141.47999572753906,145.00999450683594,210900
2019-06-27,145.72000122070312,146.00999450683594,141.75999450683594,142.55999755859375,371000
2019-06-28,148.82000732421875,148.92999267578125,144.27000427246094,146.39999389648438,524000
2019-07-01,150.1199951171875,150.75,149.24000549316406,150.0,676900
2019-07-02,149.6300048828125,152.0800018310547,148.8800048828125,151.0,421900
2019-07-03,150.50999450683594,151.77999877929688,149.52999877929688,150.0,97100
2019-07-05,149.8699951171875,149.92999267578125,146.4499969482422,149.7899932861328,320400
2019-07-08,148.1300048828125,149.8000030517578,147.07000732421875,149.08999633789062,253900
2019-07-09,148.99000549316406,149.0800018310547,147.36000061035156,148.08999633789062,305700
2019-07-10,149.67999267578125,150.80999755859375,149.05999755859375,149.57000732421875,150300
2019-07-11,152.66000366210938,152.7899932861328,149.0,150.77999877929688,435600
2019-07-12,152.0399932861328,153.63999938964844,150.5,152.4499969482422,334400
2019-07-15,154.42999267578125,155.1300048828125,151.32000732421875,153.0,526500
2019-07-16,152.0399932861328,154.30999755859375,150.61000061035156,154.00999450683594,319100
2019-07-17,152.77999877929688,153.55999755859375,151.8300018310547,151.8300018310547,214400
2019-07-18,154.17999267578125,154.97000122070312,152.1999969482422,152.30999755859375,184500
2019-07-19,153.39999389648438,155.3000030517578,152.9499969482422,154.6199951171875,259200
2019-07-22,154.5500030517578,156.82000732421875,153.60000610351562,154.4199981689453,264500
2019-07-23,155.0,155.4199981689453,152.75,155.13999938964844,188300
2019-07-24,157.3300018310547,157.7100067138672,154.5399932861328,154.99000549316406,279400
2019-07-25,156.2899932861328,158.08999633789062,156.0,158.08999633789062,275900
2019-07-26,159.8699951171875,160.1300048828125,156.00999450683594,156.9600067138672,722200
2019-07-29,157.30999755859375,159.58999633789062,156.64999389648438,159.5800018310547,491800
2019-07-30,158.25,158.38999938964844,155.7899932861328,156.3000030517578,416800
2019-07-31,157.85000610351562,160.25,155.80999755859375,158.3300018310547,725100
2019-08-01,153.75,160.0,150.3000030517578,160.0,906900
2019-08-02,151.50999450683594,154.10000610351562,149.52999877929688,152.75,384900
2019-08-05,145.8699951171875,149.97999572753906,144.85000610351562,148.4600067138672,662600
2019-08-06,151.44000244140625,151.6300048828125,146.17999267578125,146.47000122070312,371600
2019-08-07,149.58999633789062,151.08999633789062,147.05999755859375,151.08999633789062,402300
2019-08-08,155.88999938964844,156.08999633789062,149.72000122070312,150.25,522500
2019-08-09,154.8000030517578,156.5800018310547,153.8300018310547,155.4499969482422,166500
2019-08-12,152.55999755859375,154.8699951171875,151.8300018310547,153.3300018310547,206900
2019-08-13,153.6300048828125,155.2100067138672,151.38999938964844,152.0500030517578,271300
2019-08-14,147.3800048828125,152.1999969482422,147.19000244140625,151.75999450683594,246800
2019-08-15,149.30999755859375,150.16000366210938,147.67999267578125,148.44000244140625,220900
2019-08-16,151.25,152.24000549316406,150.47000122070312,150.47000122070312,179800
2019-08-19,152.2100067138672,153.5399932861328,151.69000244140625,152.60000610351562,204900
2019-08-20,152.32000732421875,154.0,151.44000244140625,152.58999633789062,268100
2019-08-21,151.13999938964844,153.8300018310547,151.13999938964844,153.4199981689453,225800
2019-08-22,150.38999938964844,152.27000427246094,148.80999755859375,151.30999755859375,202400
2019-08-23,146.5500030517578,151.30999755859375,145.9499969482422,150.52999877929688,253000
2019-08-26,149.27999877929688,149.89999389648438,147.25,148.08999633789062,224300
2019-08-27,150.77000427246094,152.58999633789062,149.7100067138672,150.47999572753906,261500
2019-08-28,152.5,153.05999755859375,149.6699981689453,149.77999877929688,250300
2019-08-29,154.1999969482422,155.60000610351562,153.0399932861328,154.02999877929688,260000
2019-08-30,153.25,155.61000061035156,151.57000732421875,155.02000427246094,184800
2019-09-03,152.08999633789062,153.77999877929688,149.86000061035156,152.3800048828125,287300
2019-09-04,152.39999389648438,153.97999572753906,151.58999633789062,153.89999389648438,287300
2019-09-05,155.60000610351562,156.14999389648438,152.85000610351562,153.4600067138672,404600
2019-09-06,157.61000061035156,158.94000244140625,156.30999755859375,156.30999755859375,456400
2019-09-09,149.32000732421875,158.8800048828125,149.22999572753906,157.6999969482422,589900
2019-09-10,145.61000061035156,148.00999450683594,139.36000061035156,148.0,673000
2019-09-11,148.57000732421875,149.0500030517578,142.24000549316406,145.3000030517578,399500
2019-09-12,150.42999267578125,151.86000061035156,148.92999267578125,149.89999389648438,366500
2019-09-13,151.00999450683594,152.64999389648438,149.02000427246094,150.0800018310547,419000
2019-09-16,150.25999450683594,150.69000244140625,148.3300018310547,149.94000244140625,301000
2019-09-17,153.60000610351562,153.86000061035156,149.32000732421875,149.88999938964844,327900
2019-09-18,152.3300018310547,153.6999969482422,150.19000244140625,153.6999969482422,357600
2019-09-19,151.5,153.49000549316406,150.52000427246094,151.7100067138672,226000
2019-09-20,151.97999572753906,152.64999389648438,147.3699951171875,151.60000610351562,563400
2019-09-23,151.0800018310547,153.0399932861328,150.85000610351562,151.39999389648438,336000
2019-09-24,149.27000427246094,153.60000610351562,147.8000030517578,152.72999572753906,302900
2019-09-25,149.1699981689453,149.72999572753906,147.5500030517578,148.6699981689453,391300
2019-09-26,149.5800018310547,150.64999389648438,147.85000610351562,149.49000549316406,219100
2019-09-27,146.61000061035156,151.0399932861328,146.27000427246094,150.75999450683594,215600
2019-09-30,148.7899932861328,149.14999389648438,146.49000549316406,146.49000549316406,245700
2019-10-01,146.27999877929688,150.1999969482422,146.1999969482422,148.8699951171875,278400
2019-10-02,143.3699951171875,146.08999633789062,140.16000366210938,145.86000061035156,415500
2019-10-03,145.52999877929688,145.52999877929688,141.5399932861328,143.13999938964844,321800
2019-10-04,148.6999969482422,149.11000061035156,146.42999267578125,146.42999267578125,172100
2019-10-07,146.85000610351562,148.1699981689453,146.47999572753906,147.75999450683594,234800
2019-10-08,142.97999572753906,146.14999389648438,142.7100067138672,146.14999389648438,155700
2019-10-09,144.64999389648438,145.55999755859375,143.75999450683594,143.75999450683594,150800
2019-10-10,144.5800018310547,145.08999633789062,143.2100067138672,144.22000122070312,120900
2019-10-11,145.41000366210938,148.47000122070312,145.24000549316406,146.22999572753906,168100
2019-10-14,144.94000244140625,146.92999267578125,144.17999267578125,145.6300048828125,123000
2019-10-15,146.17999267578125,147.22000122070312,144.92999267578125,145.72999572753906,220800
2019-10-16,145.99000549316406,147.38999938964844,144.7100067138672,145.74000549316406,194600
2019-10-17,148.0,148.66000366210938,146.55999755859375,146.94000244140625,191400
2019-10-18,147.8699951171875,148.69000244140625,146.5,147.5800018310547,182900
2019-10-21,145.42999267578125,149.77000427246094,145.10000610351562,148.7899932861328,213100
2019-10-22,142.63999938964844,146.74000549316406,142.57000732421875,146.1699981689453,271100
2019-10-23,142.4499969482422,143.85000610351562,141.77999877929688,142.3699951171875,246400
2019-10-24,142.52999877929688,144.5,142.02000427246094,143.97000122070312,223900
2019-10-25,143.74000549316406,145.39999389648438,142.0,142.75999450683594,158100
2019-10-28,145.52999877929688,146.3699951171875,143.7100067138672,143.7100067138672,241000
2019-10-29,148.0399932861328,149.1699981689453,144.99000549316406,145.3300018310547,249700
2019-10-30,147.4199981689453,149.02999877929688,145.50999450683594,148.1300048828125,271900
2019-10-31,145.7899932861328,148.89999389648438,140.5800018310547,148.89999389648438,836600
2019-11-01,147.50999450683594,149.05999755859375,146.10000610351562,146.4600067138672,363000
2019-11-04,144.83999633789062,148.25,143.77999877929688,148.0,294600
2019-11-05,142.19000244140625,145.4199981689453,141.5500030517578,145.4199981689453,441900
2019-11-06,140.80999755859375,143.3000030517578,140.52999877929688,141.75,233200
2019-11-07,141.3800048828125,142.8000030517578,140.8000030517578,141.58999633789062,344100
2019-11-08,142.9499969482422,143.39999389648438,141.00999450683594,141.00999450683594,310600
2019-11-11,144.72000122070312,145.80999755859375,142.24000549316406,142.24000549316406,215400
2019-11-12,145.82000732421875,146.24000549316406,144.3800048828125,144.3800048828125,315700
2019-11-13,145.6999969482422,146.3300018310547,144.50999450683594,145.02000427246094,312200
2019-11-14,146.4600067138672,147.3300018310547,145.02000427246094,145.3800048828125,293300
2019-11-15,149.77000427246094,149.7899932861328,146.77999877929688,146.77999877929688,220200
2019-11-18,149.8699951171875,151.80999755859375,149.5,149.89999389648438,233100
2019-11-19,153.22000122070312,153.39999389648438,149.11000061035156,151.07000732421875,516300
2019-11-20,155.42999267578125,156.39999389648438,152.6999969482422,153.14999389648438,664400
2019-11-21,156.00999450683594,156.14999389648438,152.82000732421875,155.9199981689453,211800
2019-11-22,153.35000610351562,156.4199981689453,152.50999450683594,155.91000366210938,304000
2019-11-25,153.72999572753906,155.97000122070312,153.4199981689453,154.1999969482422,190600
2019-11-26,154.89999389648438,155.3300018310547,153.7899932861328,153.7899932861328,141400
2019-11-27,156.2899932861328,156.77000427246094,155.22999572753906,155.3000030517578,134700
2019-11-29,155.07000732421875,156.38999938964844,155.00999450683594,156.2100067138672,69100
2019-12-02,155.25,155.5500030517578,153.05999755859375,155.32000732421875,181500
2019-12-03,155.61000061035156,155.85000610351562,153.1199951171875,153.77000427246094,185900
2019-12-04,157.3699951171875,157.77000427246094,155.6199951171875,156.35000610351562,269400
2019-12-05,155.5500030517578,156.77000427246094,155.17999267578125,156.77000427246094,230300
2019-12-06,155.47999572753906,157.0800018310547,155.25999450683594,156.83999633789062,246800
2019-12-09,152.2100067138672,155.69000244140625,152.16000366210938,155.10000610351562,256600
2019-12-10,152.69000244140625,152.88999938964844,151.41000366210938,151.6999969482422,254100
2019-12-11,154.2100067138672,154.58999633789062,151.6300048828125,152.05999755859375,279800
2019-12-12,157.27000427246094,157.66000366210938,153.85000610351562,154.64999389648438,291600
2019-12-13,156.6199951171875,158.52999877929688,155.8800048828125,156.92999267578125,344800
2019-12-16,157.05999755859375,158.13999938964844,156.02999877929688,157.41000366210938,759100
2019-12-17,158.61000061035156,159.0,156.8000030517578,157.82000732421875,225400
2019-12-18,158.88999938964844,159.00999450683594,156.9499969482422,158.69000244140625,781400
2019-12-19,157.22000122070312,159.33999633789062,155.6199951171875,159.33999633789062,214300
2019-12-20,158.5800018310547,159.97999572753906,157.10000610351562,158.50999450683594,552000
2019-12-23,159.3000030517578,160.05999755859375,157.57000732421875,159.66000366210938,240000
2019-12-24,159.38999938964844,159.97999572753906,158.4600067138672,159.10000610351562,82100
2019-12-26,158.52000427246094,159.44000244140625,158.19000244140625,159.4199981689453,81800
2019-12-27,159.49000549316406,159.69000244140625,157.67999267578125,159.0399932861328,227400
2019-12-30,158.60000610351562,159.38999938964844,157.33999633789062,158.80999755859375,217800
2019-12-31,158.05999755859375,158.99000549316406,157.7100067138672,158.32000732421875,195400
2020-01-02,158.5800018310547,158.66000366210938,156.52999877929688,158.10000610351562,325300
2020-01-03,157.60000610351562,158.36000061035156,156.24000549316406,156.75,164700
2020-01-06,158.32000732421875,158.67999267578125,155.6699981689453,156.30999755859375,217500
2020-01-07,157.91000366210938,159.13999938964844,156.91000366210938,158.17999267578125,362000
2020-01-08,158.99000549316406,159.99000549316406,158.38999938964844,158.38999938964844,760900
2020-01-09,162.6300048828125,163.57000732421875,159.82000732421875,160.24000549316406,348100
2020-01-10,164.4600067138672,165.1699981689453,163.0,163.39999389648438,304400
2020-01-13,165.0,165.47999572753906,164.02999877929688,164.35000610351562,296700
2020-01-14,164.02999877929688,165.47000122070312,160.66000366210938,164.14999389648438,713600
2020-01-15,167.22000122070312,167.8699951171875,164.4199981689453,164.4199981689453,343100
2020-01-16,169.8300018310547,170.10000610351562,166.9199981689453,166.9199981689453,278900
2020-01-17,169.74000549316406,170.77999877929688,168.49000549316406,170.2899932861328,321700
2020-01-21,173.67999267578125,174.25,169.1999969482422,169.42999267578125,1067200
2020-01-22,171.05999755859375,175.25,170.35000610351562,174.0,328200
2020-01-23,170.0,170.9199981689453,168.1999969482422,170.4600067138672,532100
2020-01-24,169.0800018310547,170.49000549316406,168.3699951171875,170.11000061035156,236400
2020-01-27,167.72000122070312,168.77000427246094,165.38999938964844,166.3300018310547,247400
2020-01-28,169.91000366210938,170.33999633789062,168.3699951171875,168.3699951171875,167200
2020-01-29,171.57000732421875,172.3000030517578,169.4499969482422,169.5399932861328,206200
2020-01-30,172.25,172.4499969482422,170.0,170.3300018310547,140400
2020-01-31,170.60000610351562,172.5,168.9600067138672,172.14999389648438,426200
2020-02-03,173.00999450683594,174.9600067138672,172.0500030517578,172.25,352400
2020-02-04,175.61000061035156,176.05999755859375,173.77000427246094,175.0800018310547,203900
2020-02-05,175.27000427246094,177.50999450683594,174.55999755859375,177.50999450683594,175700
2020-02-06,175.39999389648438,176.22000122070312,174.05999755859375,175.6699981689453,348300
2020-02-07,175.35000610351562,175.77999877929688,174.0399932861328,174.99000549316406,220800
2020-02-10,178.7100067138672,179.0,174.97000122070312,175.07000732421875,443700
2020-02-11,180.8800048828125,180.99000549316406,179.3000030517578,179.6999969482422,206200
2020-02-12,181.75999450683594,181.94000244140625,178.83999633789062,180.89999389648438,346600
2020-02-13,183.9600067138672,184.38999938964844,180.9600067138672,180.9600067138672,234400
2020-02-14,183.57000732421875,184.4499969482422,181.97999572753906,184.1199951171875,502300
2020-02-18,181.49000549316406,184.24000549316406,181.1300048828125,184.24000549316406,600300
2020-02-19,182.22999572753906,183.25,178.4600067138672,182.32000732421875,942600
2020-02-20,181.80999755859375,186.91000366210938,179.27999877929688,180.1999969482422,410100
2020-02-21,178.3699951171875,181.61000061035156,176.14999389648438,181.49000549316406,373300
2020-02-24,173.27999877929688,174.60000610351562,170.58999633789062,172.6199951171875,574200
2020-02-25,168.85000610351562,175.10000610351562,167.75999450683594,174.16000366210938,513700
2020-02-26,167.41000366210938,173.44000244140625,167.14999389648438,169.0,273800
2020-02-27,167.16000366210938,170.57000732421875,162.50999450683594,164.36000061035156,595800
2020-02-28,163.3300018310547,165.61000061035156,159.3000030517578,162.5399932861328,573500
2020-03-02,178.05999755859375,178.42999267578125,165.4499969482422,165.8000030517578,553900
2020-03-03,171.1999969482422,180.80999755859375,168.1699981689453,177.86000061035156,545900
2020-03-04,182.25,182.6199951171875,173.35000610351562,174.41000366210938,477900
2020-03-05,178.67999267578125,181.97000122070312,176.3300018310547,179.2100067138672,320200
2020-03-06,180.0,180.7100067138672,171.22999572753906,173.36000061035156,642200
2020-03-09,173.32000732421875,176.77999877929688,168.8000030517578,170.0,463700
2020-03-10,182.41000366210938,182.44000244140625,172.1999969482422,173.49000549316406,644400
2020-03-11,182.63999938964844,185.57000732421875,177.16000366210938,178.5800018310547,885000
2020-03-12,179.4199981689453,187.85000610351562,159.16000366210938,172.3000030517578,1016400
2020-03-13,186.77999877929688,187.16000366210938,175.92999267578125,179.4199981689453,658400
2020-03-16,174.19000244140625,180.4600067138672,168.63999938964844,174.83999633789062,852800
2020-03-17,172.6999969482422,178.9499969482422,167.24000549316406,176.92999267578125,804000
2020-03-18,161.3800048828125,169.61000061035156,143.89999389648438,168.25999450683594,777500
2020-03-19,164.38999938964844,171.30999755859375,151.3300018310547,159.39999389648438,641400
2020-03-20,155.10000610351562,172.22000122070312,150.60000610351562,165.0,745700
2020-03-23,148.3800048828125,154.3000030517578,144.07000732421875,154.3000030517578,574000
2020-03-24,155.39999389648438,158.4499969482422,150.05999755859375,153.16000366210938,541700
2020-03-25,159.80999755859375,169.99000549316406,153.00999450683594,156.52999877929688,641500
2020-03-26,173.8800048828125,174.88999938964844,160.92999267578125,161.16000366210938,596900
2020-03-27,179.02999877929688,182.0,166.82000732421875,171.1199951171875,683100
2020-03-30,179.75999450683594,184.02000427246094,176.66000366210938,180.0,627600
2020-03-31,177.1199951171875,180.92999267578125,173.27999877929688,179.5399932861328,443500
2020-04-01,178.49000549316406,183.47000122070312,173.14999389648438,175.25,574400
2020-04-02,183.82000732421875,184.60000610351562,176.00999450683594,178.16000366210938,468400
2020-04-03,182.1199951171875,185.52000427246094,180.0,184.17999267578125,551000
2020-04-06,185.1300048828125,188.02999877929688,182.82000732421875,184.0,401800
2020-04-07,183.25999450683594,189.0,182.30999755859375,187.11000061035156,519600
2020-04-08,185.17999267578125,186.4499969482422,180.63999938964844,183.55999755859375,417700
2020-04-09,185.4199981689453,187.97999572753906,182.0,185.7100067138672,474800
2020-04-13,182.86000061035156,184.0,179.0,180.0,310600
2020-04-14,192.7100067138672,193.6699981689453,182.49000549316406,184.0,633800
2020-04-15,200.6300048828125,202.52000427246094,189.82000732421875,191.2100067138672,660300
2020-04-16,205.02999877929688,206.5500030517578,201.5,203.1999969482422,586600
2020-04-17,199.6999969482422,208.58999633789062,198.02999877929688,208.58999633789062,1028000
2020-04-20,198.25,199.75,194.3000030517578,196.0,669100
2020-04-21,197.24000549316406,199.0,194.4499969482422,198.2100067138672,412400
2020-04-22,200.9499969482422,202.14999389648438,196.92999267578125,198.99000549316406,321400
2020-04-23,204.0500030517578,205.69000244140625,199.0,201.47999572753906,543500
2020-04-24,208.07000732421875,210.3800048828125,206.00999450683594,208.25999450683594,476600
2020-04-27,214.3300018310547,221.1300048828125,211.02000427246094,221.1300048828125,614200
2020-04-28,212.55999755859375,219.39999389648438,212.14999389648438,218.27000427246094,704000
2020-04-29,212.9499969482422,225.7899932861328,212.00999450683594,220.11000061035156,854000
2020-04-30,213.91000366210938,219.9199981689453,211.5,212.5399932861328,529000
2020-05-01,218.0,219.64999389648438,211.63999938964844,211.92999267578125,542200
2020-05-04,225.72999572753906,226.3800048828125,218.1199951171875,218.47999572753906,546400
2020-05-05,234.0,236.92999267578125,227.55999755859375,227.55999755859375,508800
2020-05-06,240.07000732421875,243.00999450683594,234.5,235.85000610351562,757400
2020-05-07,233.41000366210938,244.74000549316406,233.10000610351562,243.7100067138672,988600
2020-05-08,237.13999938964844,239.5399932861328,232.35000610351562,235.7100067138672,481800
2020-05-11,250.38999938964844,251.50999450683594,237.5800018310547,238.4499969482422,1043500
2020-05-12,243.6199951171875,258.0,243.27999877929688,257.8500061035156,945800
2020-05-13,241.10000610351562,249.5800018310547,238.88999938964844,246.8000030517578,638300
2020-05-14,246.1199951171875,247.05999755859375,239.00999450683594,240.80999755859375,616000
2020-05-15,248.82000732421875,252.1999969482422,244.72000122070312,244.72000122070312,1006600
2020-05-18,246.82000732421875,254.66000366210938,246.60000610351562,250.1999969482422,630700
2020-05-19,246.02000427246094,250.47999572753906,243.3800048828125,247.72999572753906,502900
2020-05-20,248.9499969482422,249.57000732421875,244.16000366210938,248.99000549316406,523400
2020-05-21,242.6199951171875,250.55999755859375,241.66000366210938,249.97999572753906,615400
2020-05-22,246.67999267578125,246.72999572753906,240.08999633789062,242.77999877929688,460500
2020-05-26,235.1199951171875,250.0,234.10000610351562,250.0,1073000
2020-05-27,224.25,231.74000549316406,217.47999572753906,231.0,1043100
2020-05-28,234.36000061035156,239.1999969482422,225.3800048828125,225.3800048828125,927000
2020-05-29,240.19000244140625,243.0,235.3699951171875,238.3000030517578,3178200
2020-06-01,236.94000244140625,240.61000061035156,232.5500030517578,239.5399932861328,658900
2020-06-02,234.60000610351562,235.99000549316406,229.00999450683594,235.8300018310547,698800
2020-06-03,226.99000549316406,234.4499969482422,225.60000610351562,232.52999877929688,908300
2020-06-04,218.61000061035156,228.3699951171875,216.27999877929688,225.3699951171875,947400
2020-06-05,220.24000549316406,223.10000610351562,212.27000427246094,216.08999633789062,860700
2020-06-08,214.44000244140625,217.35000610351562,211.8300018310547,216.00999450683594,707800
2020-06-09,215.77999877929688,219.4499969482422,213.5800018310547,216.4499969482422,558500
2020-06-10,225.69000244140625,226.52999877929688,217.5500030517578,218.66000366210938,759600
2020-06-11,220.8300018310547,227.7899932861328,219.05999755859375,225.85000610351562,553500
2020-06-12,217.38999938964844,224.35000610351562,211.75999450683594,222.94000244140625,561200
2020-06-15,224.19000244140625,224.55999755859375,215.0,216.2100067138672,529700
2020-06-16,223.4499969482422,227.3800048828125,220.94000244140625,225.8000030517578,524200
2020-06-17,224.80999755859375,226.94000244140625,222.9499969482422,222.9499969482422,336500
2020-06-18,221.41000366210938,226.27999877929688,220.13999938964844,224.83999633789062,419300
2020-06-19,226.02999877929688,226.8699951171875,220.35000610351562,223.1300048828125,878600
2020-06-22,229.02999877929688,232.77999877929688,225.8000030517578,226.6300048828125,771200
2020-06-23,228.22000122070312,232.41000366210938,227.47000122070312,230.0,328500
2020-06-24,222.07000732421875,230.8699951171875,220.60000610351562,228.9199981689453,541800
2020-06-25,220.5500030517578,222.44000244140625,216.97999572753906,222.44000244140625,478900
2020-06-26,217.5,221.92999267578125,216.4600067138672,220.0800018310547,795500
2020-06-29,219.72999572753906,220.1300048828125,212.5800018310547,216.64999389648438,435300
2020-06-30,227.99000549316406,228.6199951171875,220.0399932861328,220.85000610351562,535900
2020-07-01,229.6999969482422,230.7899932861328,224.61000061035156,229.0,495400
2020-07-02,231.72000122070312,232.4600067138672,227.92999267578125,230.0,538800
2020-07-06,234.60000610351562,238.02000427246094,233.0,233.69000244140625,505300
2020-07-07,233.88999938964844,241.13999938964844,233.69000244140625,234.33999633789062,586000
2020-07-08,234.49000549316406,238.0,232.2899932861328,234.9499969482422,434300
2020-07-09,236.47000122070312,236.85000610351562,230.55999755859375,234.97000122070312,274200
2020-07-10,231.1300048828125,237.5800018310547,230.3000030517578,235.66000366210938,255200
2020-07-13,220.52999877929688,234.60000610351562,218.99000549316406,232.4499969482422,445000
2020-07-14,224.35000610351562,224.5800018310547,215.24000549316406,220.0399932861328,368400
2020-07-15,229.75,232.5399932861328,224.94000244140625,227.3699951171875,401200
2020-07-16,227.61000061035156,230.0,225.27000427246094,229.08999633789062,286100
2020-07-17,234.9499969482422,236.0,228.30999755859375,228.30999755859375,390000
2020-07-20,246.80999755859375,247.4199981689453,234.5500030517578,234.5500030517578,822000
2020-07-21,245.25,248.8800048828125,240.60000610351562,247.9600067138672,613400
2020-07-22,240.32000732421875,247.24000549316406,236.57000732421875,246.25,424200
2020-07-23,237.9600067138672,246.0,237.0500030517578,242.4600067138672,272900
2020-07-24,233.4600067138672,235.2899932861328,226.42999267578125,235.2899932861328,411000
2020-07-27,235.7100067138672,237.91000366210938,233.57000732421875,234.3699951171875,343100
2020-07-28,235.35000610351562,238.67999267578125,234.1300048828125,235.5,369900
2020-07-29,218.77000427246094,226.0,212.88999938964844,223.42999267578125,1613900
2020-07-30,220.10000610351562,221.0500030517578,213.2100067138672,216.3000030517578,608200
2020-07-31,220.1199951171875,223.27000427246094,214.32000732421875,221.86000061035156,465100
2020-08-03,218.25,223.89999389648438,217.50999450683594,222.14999389648438,400200
2020-08-04,217.19000244140625,219.05999755859375,214.22999572753906,219.05999755859375,535000
2020-08-05,225.10000610351562,226.5,215.2100067138672,217.9499969482422,645900
2020-08-06,219.24000549316406,227.0,214.60000610351562,226.24000549316406,444500
2020-08-07,217.0800018310547,220.41000366210938,214.14999389648438,219.3800048828125,381700
2020-08-10,211.6300048828125,217.1300048828125,209.57000732421875,216.3699951171875,493900
2020-08-11,209.49000549316406,212.5800018310547,205.00999450683594,210.14999389648438,390900
2020-08-12,211.36000061035156,213.6699981689453,209.82000732421875,210.52999877929688,306300
2020-08-13,213.9499969482422,216.17999267578125,210.88999938964844,211.5800018310547,330100
2020-08-14,214.08999633789062,216.74000549316406,212.22000122070312,215.39999389648438,264500
2020-08-17,220.0500030517578,220.14999389648438,214.4600067138672,214.4600067138672,513600
2020-08-18,218.88999938964844,222.0,217.0,220.74000549316406,425200
2020-08-19,218.16000366210938,221.3300018310547,216.49000549316406,220.3000030517578,426600
2020-08-20,223.0,223.5,217.14999389648438,218.5,356900
2020-08-21,219.19000244140625,223.0,218.42999267578125,222.6199951171875,410800
2020-08-24,214.3300018310547,221.6999969482422,213.2899932861328,220.5500030517578,277600
2020-08-25,218.82000732421875,219.2899932861328,212.50999450683594,213.25,265100
2020-08-26,218.22999572753906,218.6699981689453,213.67999267578125,218.39999389648438,249600
2020-08-27,219.88999938964844,221.85000610351562,215.75999450683594,219.1699981689453,342600
2020-08-28,219.77999877929688,221.05999755859375,216.4600067138672,220.13999938964844,312500
2020-08-31,224.0,225.08999633789062,216.7899932861328,216.7899932861328,414200
2020-09-01,223.64999389648438,225.49000549316406,221.72999572753906,224.0,278700
2020-09-02,232.4600067138672,232.97000122070312,224.24000549316406,225.0,401600
2020-09-03,217.99000549316406,229.64999389648438,216.61000061035156,229.64999389648438,536200
2020-09-04,213.72000122070312,217.6999969482422,203.80999755859375,216.94000244140625,496600
2020-09-08,215.5399932861328,217.32000732421875,208.30999755859375,209.1699981689453,517400
2020-09-09,221.4199981689453,223.38999938964844,218.0,219.4199981689453,453700
2020-09-10,215.14999389648438,224.82000732421875,215.00999450683594,222.88999938964844,343100
2020-09-11,214.05999755859375,217.7100067138672,212.16000366210938,216.0800018310547,276900
2020-09-14,220.99000549316406,221.5800018310547,214.92999267578125,215.99000549316406,214600
2020-09-15,223.38999938964844,227.74000549316406,221.74000549316406,223.75,394200
2020-09-16,224.77000427246094,226.2100067138672,220.69000244140625,223.77999877929688,382100
2020-09-17,224.94000244140625,226.60000610351562,220.58999633789062,222.19000244140625,458000
2020-09-18,223.2899932861328,226.8699951171875,220.02000427246094,226.2100067138672,1054400
2020-09-21,219.7899932861328,221.25,216.47999572753906,220.69000244140625,379800
2020-09-22,220.22999572753906,220.9199981689453,214.4499969482422,220.83999633789062,366900
2020-09-23,217.60000610351562,221.36000061035156,215.85000610351562,219.0,322900
2020-09-24,217.9499969482422,220.24000549316406,214.63999938964844,215.22999572753906,279100
2020-09-25,225.89999389648438,226.32000732421875,216.47999572753906,217.80999755859375,252500
2020-09-28,230.75999450683594,232.5,226.50999450683594,227.00999450683594,367300
2020-09-29,232.30999755859375,237.6999969482422,230.94000244140625,232.0,321600
2020-09-30,236.05999755859375,238.72000122070312,231.64999389648438,232.77999877929688,351800
2020-10-01,236.44000244140625,241.75,228.19000244140625,238.0,471700
2020-10-02,234.25,237.97000122070312,232.19000244140625,233.3699951171875,272700
2020-10-05,239.61000061035156,239.97000122070312,234.75,234.75,259400
2020-10-06,240.1300048828125,243.8699951171875,238.1300048828125,238.94000244140625,332500
2020-10-07,245.74000549316406,254.0,245.74000549316406,249.0,727500
2020-10-08,241.05999755859375,247.60000610351562,239.14999389648438,246.0,507200
2020-10-09,242.42999267578125,244.42999267578125,241.36000061035156,242.75999450683594,230900
2020-10-12,232.77999877929688,244.19000244140625,232.36000061035156,239.33999633789062,436900
2020-10-13,232.75999450683594,236.99000549316406,230.32000732421875,233.63999938964844,321700
2020-10-14,231.88999938964844,235.0,229.6300048828125,234.0399932861328,286200
2020-10-15,232.75,234.0800018310547,228.36000061035156,229.22000122070312,180600
2020-10-16,237.3000030517578,238.22000122070312,233.41000366210938,233.85000610351562,307700
2020-10-19,235.74000549316406,242.11000061035156,234.05999755859375,238.0,163500
2020-10-20,236.3300018310547,240.10000610351562,235.27999877929688,235.74000549316406,217600
2020-10-21,234.16000366210938,238.44000244140625,231.39999389648438,235.5399932861328,220700
2020-10-22,239.66000366210938,240.97000122070312,235.24000549316406,235.75,270300
2020-10-23,244.77000427246094,245.7899932861328,240.67999267578125,240.67999267578125,274600
2020-10-26,246.0399932861328,249.4199981689453,242.3000030517578,242.3000030517578,264800
2020-10-27,251.17999267578125,251.22999572753906,246.35000610351562,247.97999572753906,420800
2020-10-28,233.60000610351562,249.0,233.32000732421875,249.0,509100
2020-10-29,225.67999267578125,237.25,225.50999450683594,237.25,379400
2020-10-30,223.82000732421875,226.30999755859375,218.22999572753906,224.42999267578125,373800
2020-11-02,225.36000061035156,232.33999633789062,223.9600067138672,226.94000244140625,306400
2020-11-03,235.0,236.14999389648438,225.10000610351562,226.6300048828125,287300
2020-11-04,244.6199951171875,244.6300048828125,234.63999938964844,239.72000122070312,363800
2020-11-05,249.99000549316406,252.25999450683594,247.92999267578125,249.99000549316406,290000
2020-11-06,254.94000244140625,259.2900085449219,245.5399932861328,249.0,406200
2020-11-09,242.1999969482422,255.72000122070312,240.89999389648438,254.94000244140625,672700
2020-11-10,243.0399932861328,244.77999877929688,236.61000061035156,242.1199951171875,596400
2020-11-11,244.80999755859375,250.74000549316406,243.0,245.77999877929688,263900
2020-11-12,246.4600067138672,248.25,243.69000244140625,246.36000061035156,233700
2020-11-13,245.5399932861328,248.97999572753906,243.52999877929688,248.11000061035156,227700
2020-11-16,244.77000427246094,248.5,242.05999755859375,244.64999389648438,319700
2020-11-17,247.85000610351562,249.00999450683594,242.52000427246094,244.99000549316406,194600
2020-11-18,244.35000610351562,248.0,243.80999755859375,246.99000549316406,262000
2020-11-19,246.47000122070312,251.85000610351562,244.9499969482422,245.9499969482422,319400
2020-11-20,247.9600067138672,250.72000122070312,246.0399932861328,247.07000732421875,257000
2020-11-23,245.5,250.63999938964844,244.07000732421875,249.7100067138672,253000
2020-11-24,244.0500030517578,245.75,240.88999938964844,244.5800018310547,376500
2020-11-25,245.41000366210938,246.6699981689453,242.94000244140625,245.02000427246094,272600
2020-11-27,254.41000366210938,254.58999633789062,246.33999633789062,247.3699951171875,170400
2020-11-30,254.49000549316406,256.9700012207031,248.1999969482422,254.0,1305000
2020-12-01,253.07000732421875,255.99000549316406,249.4499969482422,255.99000549316406,329000
2020-12-02,254.52999877929688,254.99000549316406,250.6699981689453,253.36000061035156,190600
2020-12-03,261.4700012207031,266.69000244140625,253.92999267578125,254.52999877929688,504900
2020-12-04,265.239990234375,267.9700012207031,259.4100036621094,262.04998779296875,389400
2020-12-07,267.5299987792969,268.1700134277344,263.3399963378906,265.8599853515625,261700
2020-12-08,271.3500061035156,272.5799865722656,268.2699890136719,268.5,419600
2020-12-09,267.8699951171875,271.8699951171875,265.55999755859375,270.4100036621094,341900
2020-12-10,270.45001220703125,272.3399963378906,267.0,268.8399963378906,319700
2020-12-11,265.0,273.3299865722656,264.9599914550781,271.3299865722656,393000
2020-12-14,263.0,271.55999755859375,262.5899963378906,268.57000732421875,349000
2020-12-15,266.0799865722656,268.0,261.20001220703125,263.6099853515625,391700
2020-12-16,264.739990234375,269.5899963378906,262.760009765625,265.2799987792969,215300
2020-12-17,267.7200012207031,270.239990234375,266.1300048828125,267.6400146484375,442700
2020-12-18,265.6600036621094,267.9800109863281,262.1300048828125,267.9100036621094,646400
2020-12-21,265.29998779296875,265.29998779296875,258.010009765625,263.7699890136719,229300
2020-12-22,266.5899963378906,268.9100036621094,265.44000244140625,265.6099853515625,270800
2020-12-23,265.489990234375,268.5400085449219,265.3500061035156,267.6400146484375,145400
2020-12-24,265.94000244140625,269.3299865722656,265.32000732421875,266.54998779296875,90800
2020-12-28,265.1099853515625,268.3500061035156,263.0400085449219,264.0199890136719,198500
2020-12-29,266.7799987792969,268.1499938964844,263.4200134277344,266.6600036621094,208500
2020-12-30,267.5199890136719,270.6499938964844,266.9200134277344,268.8399963378906,121800
2020-12-31,268.3800048828125,269.4599914550781,263.7200012207031,266.989990234375,234100
2021-01-04,265.8999938964844,273.989990234375,263.25,270.8900146484375,244400
2021-01-05,268.989990234375,271.80999755859375,264.1199951171875,266.67999267578125,236400
2021-01-06,274.3599853515625,274.9200134277344,264.5899963378906,264.5899963378906,336900
2021-01-07,280.0199890136719,280.3500061035156,274.3599853515625,275.0,205800
2021-01-08,283.75,284.8599853515625,278.2699890136719,280.20001220703125,350100
2021-01-11,279.9200134277344,283.80999755859375,277.9700012207031,282.6099853515625,190000
2021-01-12,278.1099853515625,281.5199890136719,275.3900146484375,280.0,197200
2021-01-13,276.2699890136719,279.45001220703125,274.1300048828125,278.6199951171875,221200
2021-01-14,261.760009765625,279.79998779296875,261.3900146484375,277.1700134277344,454500
2021-01-15,261.3699951171875,266.6000061035156,260.5799865722656,263.07000732421875,277500
2021-01-19,261.0,264.3599853515625,258.010009765625,263.3900146484375,295200
2021-01-20,263.5299987792969,264.6099853515625,260.29998779296875,260.30999755859375,463900
2021-01-21,261.30999755859375,265.0,260.2099914550781,265.0,215900
2021-01-22,263.67999267578125,264.5299987792969,260.30999755859375,262.5899963378906,227400
2021-01-25,257.0899963378906,265.1499938964844,255.89999389648438,264.5899963378906,298400
2021-01-26,251.05999755859375,258.70001220703125,249.36000061035156,257.95001220703125,305000
2021-01-27,251.0,252.99000549316406,243.4499969482422,248.80999755859375,341500
2021-01-28,257.57000732421875,260.6400146484375,248.0500030517578,251.39999389648438,502600
2021-01-29,255.9199981689453,262.3999938964844,253.72000122070312,262.3999938964844,413300
2021-02-01,259.4800109863281,264.1199951171875,258.8299865722656,263.2200012207031,546800
2021-02-02,264.05999755859375,267.760009765625,263.1700134277344,265.29998779296875,251800
2021-02-03,258.7300109863281,265.95001220703125,256.5899963378906,265.010009765625,262900
2021-02-04,256.6099853515625,259.7699890136719,255.1999969482422,259.7699890136719,352300
2021-02-05,260.2900085449219,262.2099914550781,257.25,259.19000244140625,206700
2021-02-08,261.82000732421875,265.6499938964844,260.25,262.9599914550781,284500
2021-02-09,266.32000732421875,268.6700134277344,261.57000732421875,263.9800109863281,253700
2021-02-10,266.8699951171875,268.8900146484375,262.8599853515625,268.1700134277344,202400
2021-02-11,270.7900085449219,271.0899963378906,266.6700134277344,269.3399963378906,245800
2021-02-12,275.7200012207031,276.2699890136719,270.5,272.0,236000
2021-02-16,273.5199890136719,278.3299865722656,268.5,278.30999755859375,222000
2021-02-17,267.3800048828125,272.29998779296875,263.5,271.6700134277344,271300
2021-02-18,266.2900085449219,266.8699951171875,261.04998779296875,264.6700134277344,168700
2021-02-19,259.3500061035156,267.8699951171875,258.75,266.55999755859375,242400
2021-02-22,250.02000427246094,259.2900085449219,249.0800018310547,259.2900085449219,295200
2021-02-23,248.22000122070312,251.74000549316406,243.0,247.57000732421875,455700
2021-02-24,251.1999969482422,251.55999755859375,243.69000244140625,244.8699951171875,551100
2021-02-25,246.11000061035156,254.44000244140625,244.97000122070312,251.30999755859375,323400
2021-02-26,250.72999572753906,251.75999450683594,244.9600067138672,247.08999633789062,397900
2021-03-01,256.0799865722656,256.8900146484375,251.00999450683594,253.8300018310547,213800
2021-03-02,251.30999755859375,257.4100036621094,249.42999267578125,256.0299987792969,197700
2021-03-03,241.24000549316406,250.6300048828125,240.16000366210938,250.6300048828125,311500
2021-03-04,230.2100067138672,243.32000732421875,228.32000732421875,240.3000030517578,505900
2021-03-05,230.2100067138672,231.1300048828125,221.38999938964844,229.17999267578125,440200
2021-03-08,224.6300048828125,231.33999633789062,223.72999572753906,230.2100067138672,326200
2021-03-09,230.49000549316406,233.5,229.6300048828125,229.74000549316406,523500
2021-03-10,229.19000244140625,235.0,228.02999877929688,232.72999572753906,311300
2021-03-11,232.99000549316406,234.6699981689453,230.63999938964844,231.41000366210938,271300
2021-03-12,230.39999389648438,232.4499969482422,228.3699951171875,231.22000122070312,454900
2021-03-15,234.8000030517578,235.8699951171875,229.6699981689453,233.1999969482422,707000
2021-03-16,229.77000427246094,236.9199981689453,226.67999267578125,236.9199981689453,603700
2021-03-17,232.00999450683594,232.07000732421875,225.94000244140625,228.80999755859375,390200
2021-03-18,222.74000549316406,230.16000366210938,222.24000549316406,230.16000366210938,374300
2021-03-19,220.30999755859375,223.97999572753906,219.0,223.39999389648438,825300
2021-03-22,230.0,230.6300048828125,219.97000122070312,219.99000549316406,617800
2021-03-23,227.91000366210938,230.97000122070312,225.7100067138672,229.86000061035156,315500
2021-03-24,225.6199951171875,230.1300048828125,225.57000732421875,227.9499969482422,333400
2021-03-25,225.9499969482422,227.35000610351562,217.64999389648438,226.52999877929688,346500
2021-03-26,229.4600067138672,229.6999969482422,224.0800018310547,226.1199951171875,285300
2021-03-29,226.50999450683594,231.5800018310547,225.83999633789062,227.5800018310547,289500
2021-03-30,226.1300048828125,228.61000061035156,224.33999633789062,225.2899932861328,171200
2021-03-31,229.66000366210938,231.67999267578125,224.97999572753906,225.9199981689453,412200
2021-04-01,233.6699981689453,235.13999938964844,230.14999389648438,231.25,308300
2021-04-05,233.64999389648438,234.72000122070312,231.57000732421875,233.27999877929688,249400
2021-04-06,234.50999450683594,237.41000366210938,232.75999450683594,233.69000244140625,286900
2021-04-07,233.3800048828125,234.5399932861328,230.02000427246094,234.44000244140625,261600
2021-04-08,237.2899932861328,239.99000549316406,235.64999389648438,235.72999572753906,257700
2021-04-09,234.1699981689453,239.77000427246094,231.10000610351562,238.77000427246094,298700
2021-04-12,234.7100067138672,237.0,232.39999389648438,234.1699981689453,273200
2021-04-13,239.22000122070312,240.63999938964844,235.49000549316406,235.92999267578125,298300
2021-04-14,239.5500030517578,241.41000366210938,236.4600067138672,239.2899932861328,227500
2021-04-15,244.08999633789062,244.8800048828125,241.6300048828125,241.8699951171875,140200
2021-04-16,245.74000549316406,246.5,241.3300018310547,243.27000427246094,266800
2021-04-19,242.97999572753906,246.27000427246094,241.3699951171875,246.27000427246094,196100
2021-04-20,243.50999450683594,246.5800018310547,241.63999938964844,241.63999938964844,124800
2021-04-21,247.05999755859375,248.63999938964844,244.25,244.25,197300
2021-04-22,245.36000061035156,247.67999267578125,244.42999267578125,247.19000244140625,242900
2021-04-23,246.27999877929688,247.94000244140625,244.27999877929688,244.88999938964844,343000
2021-04-26,242.6699981689453,247.35000610351562,241.41000366210938,247.35000610351562,344300
2021-04-27,229.32000732421875,243.77000427246094,225.52000427246094,243.77000427246094,985000
2021-04-28,232.44000244140625,234.60000610351562,228.22999572753906,228.47000122070312,381200
2021-04-29,233.4199981689453,233.49000549316406,229.1699981689453,232.89999389648438,351700
2021-04-30,232.6699981689453,233.3699951171875,230.24000549316406,233.24000549316406,310900
2021-05-03,228.91000366210938,237.47999572753906,227.94000244140625,234.61000061035156,274200
2021-05-04,223.47999572753906,228.99000549316406,222.02000427246094,227.77999877929688,227800
2021-05-05,221.3300018310547,226.22000122070312,220.25999450683594,225.44000244140625,454000
2021-05-06,221.4499969482422,221.89999389648438,216.11000061035156,220.30999755859375,290400
2021-05-07,224.16000366210938,225.67999267578125,218.74000549316406,219.11000061035156,430000
2021-05-10,216.8800048828125,224.35000610351562,216.11000061035156,224.14999389648438,290900
2021-05-11,215.47000122070312,217.50999450683594,211.33999633789062,214.39999389648438,295500
2021-05-12,214.92999267578125,217.57000732421875,212.66000366210938,213.39999389648438,313200
2021-05-13,219.1199951171875,220.27000427246094,214.75,217.22000122070312,350700
2021-05-14,219.9199981689453,221.1999969482422,215.9199981689453,220.27000427246094,325800
2021-05-17,213.0399932861328,217.8300018310547,211.88999938964844,217.4499969482422,335700
2021-05-18,212.9600067138672,216.8800048828125,211.8300018310547,215.17999267578125,259100
2021-05-19,213.52999877929688,213.9199981689453,208.1199951171875,210.25999450683594,279500
2021-05-20,219.1999969482422,219.8699951171875,214.0,214.25,349800
2021-05-21,217.9199981689453,222.5500030517578,217.7100067138672,220.4499969482422,463700
2021-05-24,218.2100067138672,221.10000610351562,217.3800048828125,219.3300018310547,198800
2021-05-25,218.86000061035156,221.11000061035156,217.0399932861328,218.2100067138672,195900
2021-05-26,215.80999755859375,218.6300048828125,214.11000061035156,218.6300048828125,336600
2021-05-27,216.7899932861328,218.1300048828125,213.9499969482422,215.0,677700
2021-05-28,215.60000610351562,222.5399932861328,215.27999877929688,218.19000244140625,331100
2021-06-01,212.97999572753906,218.6999969482422,210.5800018310547,216.47000122070312,288300
2021-06-02,210.3300018310547,214.08999633789062,209.9499969482422,211.9600067138672,239700
2021-06-03,209.17999267578125,211.5500030517578,207.57000732421875,209.10000610351562,662800
2021-06-04,211.22000122070312,213.30999755859375,209.19000244140625,209.5800018310547,240900
2021-06-07,209.11000061035156,212.7899932861328,208.19000244140625,211.10000610351562,277000
2021-06-08,208.49000549316406,210.8000030517578,205.10000610351562,210.27999877929688,404900
2021-06-09,212.6199951171875,213.3000030517578,209.3800048828125,209.38999938964844,247200
2021-06-10,218.6300048828125,218.8800048828125,212.4600067138672,213.52000427246094,334200
2021-06-11,222.0,222.1199951171875,217.94000244140625,219.8699951171875,413300
2021-06-14,225.42999267578125,225.55999755859375,220.69000244140625,221.0500030517578,358700
2021-06-15,224.58999633789062,227.0,223.97999572753906,226.02999877929688,313200
2021-06-16,224.50999450683594,225.8000030517578,222.02000427246094,224.25999450683594,320400
2021-06-17,230.0,230.66000366210938,223.77000427246094,224.1999969482422,244100
2021-06-18,240.0500030517578,241.9199981689453,229.55999755859375,229.6999969482422,1185400
2021-06-21,240.66000366210938,241.1999969482422,233.10000610351562,239.97000122070312,638000
2021-06-22,238.49000549316406,241.74000549316406,236.16000366210938,241.47999572753906,304400
2021-06-23,239.6999969482422,240.75999450683594,237.22999572753906,238.02999877929688,212600
2021-06-24,241.52999877929688,241.67999267578125,238.17999267578125,240.02000427246094,251100
2021-06-25,244.13999938964844,244.47000122070312,240.1300048828125,240.1300048828125,641400
2021-06-28,248.1999969482422,248.97999572753906,244.08999633789062,244.97999572753906,195800
2021-06-29,246.88999938964844,250.49000549316406,246.11000061035156,248.89999389648438,420000
2021-06-30,242.4499969482422,248.67999267578125,241.35000610351562,246.97999572753906,325200
2021-07-01,249.0,249.02999877929688,241.4199981689453,241.77000427246094,429900
2021-07-02,252.02999877929688,252.4499969482422,248.49000549316406,250.0,199400
2021-07-06,257.25,257.6300048828125,249.58999633789062,250.8800048828125,445900
2021-07-07,261.25,263.5400085449219,257.17999267578125,257.9100036621094,516100
2021-07-08,261.3399963378906,262.489990234375,255.97999572753906,257.989990234375,240800
2021-07-09,260.3299865722656,261.6199951171875,258.739990234375,260.6099853515625,210700
2021-07-12,260.4599914550781,262.42999267578125,258.7200012207031,261.0,282700
2021-07-13,261.4599914550781,263.4200134277344,259.3999938964844,260.32000732421875,169800
2021-07-14,261.7799987792969,263.0,259.989990234375,262.8999938964844,159400
2021-07-15,266.0,266.0199890136719,259.07000732421875,261.4200134277344,276200
2021-07-16,261.45001220703125,266.5,259.0899963378906,266.0,634500
2021-07-19,262.8299865722656,265.3999938964844,258.1600036621094,260.0,183200
2021-07-20,267.0199890136719,269.5400085449219,262.1099853515625,263.8999938964844,319600
2021-07-21,267.9800109863281,268.3500061035156,264.1099853515625,266.8299865722656,250200
2021-07-22,270.6700134277344,274.2200012207031,267.94000244140625,269.0,246900
2021-07-23,274.5400085449219,275.3299865722656,270.05999755859375,271.0,216400
2021-07-26,266.20001220703125,274.9599914550781,263.69000244140625,273.95001220703125,269000
2021-07-27,268.79998779296875,269.6199951171875,263.9700012207031,266.0299987792969,200800
2021-07-28,264.6600036621094,271.5,253.9600067138672,256.3599853515625,636900
2021-07-29,272.79998779296875,273.4200134277344,262.8399963378906,265.05999755859375,370500
2021-07-30,272.3900146484375,274.80999755859375,270.1700134277344,272.79998779296875,193200
2021-08-02,274.0899963378906,275.8399963378906,268.3999938964844,273.0,165800
2021-08-03,276.9200134277344,277.2900085449219,272.82000732421875,274.8699951171875,191800
2021-08-04,279.489990234375,280.9599914550781,275.7099914550781,277.30999755859375,189100
2021-08-05,279.8399963378906,280.79998779296875,275.29998779296875,279.5899963378906,137500
2021-08-06,276.05999755859375,279.8999938964844,273.3299865722656,279.8999938964844,120000
2021-08-09,274.760009765625,278.5,273.8699951171875,278.5,144400
2021-08-10,266.1000061035156,274.760009765625,265.44000244140625,274.760009765625,199400
2021-08-11,261.3599853515625,265.30999755859375,260.3599853515625,265.0,227500
2021-08-12,263.95001220703125,266.6400146484375,260.0,260.4200134277344,192100
2021-08-13,264.2200012207031,265.6000061035156,261.5299987792969,263.510009765625,120200
2021-08-16,269.4800109863281,270.44000244140625,263.44000244140625,264.2200012207031,278300
2021-08-17,275.7099914550781,276.4599914550781,265.9599914550781,268.3800048828125,182200
2021-08-18,273.1700134277344,276.75,273.010009765625,276.1099853515625,177100
2021-08-19,278.0400085449219,282.6600036621094,272.3999938964844,273.3900146484375,267700
2021-08-20,282.0,283.3399963378906,278.0400085449219,279.0,148900
2021-08-23,282.3999938964844,284.95001220703125,278.8299865722656,281.739990234375,163200
2021-08-24,285.239990234375,287.3399963378906,281.8900146484375,283.6000061035156,125000
2021-08-25,280.5799865722656,285.69000244140625,280.05999755859375,285.239990234375,177700
2021-08-26,276.32000732421875,280.5799865722656,276.1199951171875,279.8399963378906,235500
2021-08-27,277.2799987792969,282.4200134277344,276.1099853515625,276.7699890136719,236900
2021-08-30,276.45001220703125,282.6600036621094,276.1000061035156,278.75,212300
2021-08-31,271.5400085449219,278.54998779296875,270.0,277.5199890136719,312100
2021-09-01,275.1400146484375,277.4100036621094,269.9700012207031,271.05999755859375,406200
2021-09-02,278.6000061035156,279.489990234375,275.0,276.8999938964844,151100
2021-09-03,276.9800109863281,278.82000732421875,275.5199890136719,277.7799987792969,108500
2021-09-07,272.4800109863281,275.0,269.739990234375,275.0,177200
2021-09-08,273.4700012207031,274.989990234375,271.79998779296875,273.239990234375,212300
2021-09-09,272.6400146484375,274.1600036621094,270.1099853515625,273.4800109863281,155500
2021-09-10,274.3500061035156,275.989990234375,273.17999267578125,274.07000732421875,359400
2021-09-13,269.7799987792969,276.7900085449219,268.1700134277344,276.7900085449219,218800
2021-09-14,271.6199951171875,272.94000244140625,268.0199890136719,271.3399963378906,194000
2021-09-15,272.739990234375,274.0,270.010009765625,272.25,216300
2021-09-16,273.9599914550781,274.6499938964844,271.5400085449219,272.82000732421875,194200
2021-09-17,274.45001220703125,275.6300048828125,271.6300048828125,272.8800048828125,614700
2021-09-20,273.1099853515625,276.1099853515625,269.6700134277344,272.2300109863281,168300
2021-09-21,275.3999938964844,277.7099914550781,274.1600036621094,274.1600036621094,114400
2021-09-22,276.57000732421875,279.0,271.4700012207031,275.3999938964844,221800
2021-09-23,284.7699890136719,285.32000732421875,277.4800109863281,277.57000732421875,303000
2021-09-24,283.54998779296875,288.2699890136719,281.7200012207031,284.57000732421875,219300
2021-09-27,275.69000244140625,282.3599853515625,273.2799987792969,282.3599853515625,279600
2021-09-28,271.8500061035156,273.3699951171875,268.05999755859375,273.19000244140625,308600
2021-09-29,270.42999267578125,275.3900146484375,269.5400085449219,272.4100036621094,237800
2021-09-30,270.7099914550781,275.0199890136719,269.3399963378906,272.0,277800
2021-10-01,270.4599914550781,272.989990234375,262.5199890136719,272.0199890136719,226600
2021-10-04,266.4100036621094,271.7099914550781,263.8699951171875,270.67999267578125,307800
2021-10-05,268.80999755859375,272.79998779296875,267.010009765625,267.010009765625,247500
2021-10-06,270.6600036621094,271.1300048828125,265.6600036621094,268.0400085449219,120600
2021-10-07,276.0400085449219,277.9200134277344,270.92999267578125,272.6099853515625,221800
2021-10-08,271.5299987792969,279.0899963378906,270.1000061035156,276.9599914550781,106200
2021-10-11,270.2200012207031,273.3500061035156,268.010009765625,270.4599914550781,169300
2021-10-12,270.989990234375,275.9800109863281,270.2200012207031,272.0199890136719,179100
2021-10-13,278.6400146484375,278.95001220703125,272.5299987792969,272.5299987792969,181100
2021-10-14,285.1499938964844,285.5799865722656,278.510009765625,279.0,279900
2021-10-15,286.1199951171875,287.5899963378906,284.4100036621094,285.0,176500
2021-10-18,277.489990234375,285.2900085449219,275.69000244140625,285.239990234375,149300
2021-10-19,280.989990234375,284.2799987792969,279.32000732421875,279.32000732421875,160700
2021-10-20,280.7799987792969,284.1700134277344,280.44000244140625,283.1099853515625,172300
2021-10-21,282.4599914550781,283.25,278.260009765625,281.6300048828125,314400
2021-10-22,283.3500061035156,285.1499938964844,282.04998779296875,283.6700134277344,221200
2021-10-25,285.4700012207031,285.6600036621094,279.3699951171875,283.3500061035156,348500
2021-10-26,289.010009765625,290.42999267578125,285.7200012207031,286.1199951171875,277100
2021-10-27,289.3699951171875,294.94000244140625,278.1600036621094,290.1000061035156,542200
2021-10-28,289.6199951171875,293.9700012207031,287.44000244140625,291.4800109863281,268300
2021-10-29,283.5400085449219,292.79998779296875,281.2300109863281,287.55999755859375,526100
2021-11-01,289.55999755859375,290.32000732421875,285.0,285.0,175400
2021-11-02,289.9800109863281,292.8299865722656,286.510009765625,289.5299987792969,219600
2021-11-03,289.05999755859375,291.9200134277344,286.5299987792969,290.6700134277344,165500
2021-11-04,292.8299865722656,296.32000732421875,289.3599853515625,289.69000244140625,177000
2021-11-05,280.3299865722656,293.0400085449219,278.3800048828125,293.0400085449219,325800
2021-11-08,287.510009765625,288.1400146484375,278.0799865722656,279.7099914550781,201700
2021-11-09,287.7900085449219,290.6700134277344,285.05999755859375,287.0199890136719,155800
2021-11-10,286.20001220703125,291.30999755859375,283.82000732421875,287.760009765625,130500
2021-11-11,297.0,297.2300109863281,284.7900085449219,287.69000244140625,264800
2021-11-12,299.8599853515625,300.2900085449219,293.25,297.0,337000
2021-11-15,298.7799987792969,303.989990234375,298.0,300.9200134277344,241600
2021-11-16,298.5199890136719,301.45001220703125,298.0,298.8999938964844,268600
2021-11-17,300.2200012207031,302.0400085449219,295.1099853515625,298.5199890136719,282300
2021-11-18,299.8800048828125,300.6099853515625,298.0199890136719,300.1099853515625,207800
2021-11-19,303.2900085449219,305.2099914550781,299.6199951171875,300.0,248700
2021-11-22,298.6600036621094,305.0,297.17999267578125,303.7799987792969,254400
2021-11-23,286.1600036621094,298.44000244140625,282.1700134277344,297.82000732421875,324100
2021-11-24,285.7900085449219,289.989990234375,281.1700134277344,285.82000732421875,192400
2021-11-26,284.1499938964844,292.5,283.3599853515625,285.7900085449219,193500
2021-11-29,288.2900085449219,292.19000244140625,284.4200134277344,286.3299865722656,242700
2021-11-30,278.1199951171875,292.1700134277344,274.1400146484375,287.489990234375,368900
2021-12-01,275.05999755859375,286.7799987792969,275.0,278.8699951171875,267200
2021-12-02,281.5299987792969,282.2200012207031,274.25,274.8699951171875,188800
2021-12-03,276.9700012207031,283.0,272.45001220703125,282.79998779296875,163700
2021-12-06,280.489990234375,281.8900146484375,274.70001220703125,275.4700012207031,237900
2021-12-07,282.9800109863281,288.42999267578125,281.7300109863281,285.7099914550781,195000
2021-12-08,286.4700012207031,288.3500061035156,281.1099853515625,284.8800048828125,152100
2021-12-09,276.7699890136719,288.1300048828125,275.8399963378906,284.989990234375,266600
2021-12-10,277.3500061035156,281.67999267578125,276.0,279.8299865722656,197600
2021-12-13,276.9700012207031,282.55999755859375,276.6000061035156,276.69000244140625,300500
2021-12-14,278.5,280.3999938964844,269.1300048828125,275.010009765625,365100
2021-12-15,283.8699951171875,284.3999938964844,275.3800048828125,279.2099914550781,232700
2021-12-16,273.7799987792969,285.70001220703125,272.8399963378906,282.8599853515625,316700
2021-12-17,280.0799865722656,285.5,270.989990234375,271.32000732421875,529900
2021-12-20,278.3699951171875,279.9800109863281,273.8399963378906,277.6199951171875,217200
2021-12-21,283.07000732421875,283.8699951171875,277.8399963378906,280.3599853515625,253500
2021-12-22,289.8900146484375,290.9599914550781,283.0,283.0199890136719,243300
2021-12-23,293.3399963378906,294.8999938964844,288.8999938964844,290.29998779296875,116100
2021-12-27,294.7200012207031,296.7900085449219,292.8999938964844,295.79998779296875,177600
2021-12-28,294.0,297.3699951171875,292.69000244140625,295.2300109863281,132500
2021-12-29,293.0,295.739990234375,290.5400085449219,295.7099914550781,146800
2021-12-30,297.2300109863281,299.44000244140625,292.0400085449219,293.1700134277344,133100
2021-12-31,292.7799987792969,299.7799987792969,292.1499938964844,296.82000732421875,211400
2022-01-03,284.8699951171875,291.1499938964844,281.8399963378906,291.0400085449219,166300
2022-01-04,279.75,287.1700134277344,277.1700134277344,283.8500061035156,274200
2022-01-05,262.1300048828125,281.8299865722656,261.80999755859375,277.32000732421875,417600
2022-01-06,259.1199951171875,265.3800048828125,258.2699890136719,260.0,448200
2022-01-07,254.0,261.1600036621094,251.9499969482422,257.75,566100
2022-01-10,254.3800048828125,255.0500030517578,244.3300018310547,250.1300048828125,364200
2022-01-11,256.8699951171875,257.1400146484375,243.5,255.60000610351562,623300
2022-01-12,255.69000244140625,262.2799987792969,254.8300018310547,257.25,280800
2022-01-13,237.69000244140625,254.7100067138672,237.41000366210938,254.7100067138672,464900
2022-01-14,233.0800018310547,239.83999633789062,228.89999389648438,236.25,364200
2022-01-18,223.64999389648438,229.49000549316406,223.4199981689453,228.6999969482422,309500
2022-01-19,223.25,228.9600067138672,221.8699951171875,223.75,399400
2022-01-20,221.66000366210938,231.11000061035156,220.72000122070312,224.91000366210938,177900
2022-01-21,217.91000366210938,225.33999633789062,217.91000366210938,220.3000030517578,279800
2022-01-24,223.50999450683594,224.07000732421875,208.5,214.8000030517578,498400
2022-01-25,212.97999572753906,220.75,209.36000061035156,218.61000061035156,498300
2022-01-26,205.44000244140625,218.1199951171875,202.92999267578125,214.5800018310547,736900
2022-01-27,199.49000549316406,211.1699981689453,198.89999389648438,206.6699981689453,971700
2022-01-28,211.5399932861328,211.6199951171875,198.24000549316406,200.77000427246094,879300
2022-01-31,219.8699951171875,220.72999572753906,210.66000366210938,212.4600067138672,720200
2022-02-01,222.10000610351562,224.11000061035156,218.42999267578125,221.27000427246094,324800
2022-02-02,224.6699981689453,225.8699951171875,221.7100067138672,222.2899932861328,348000
2022-02-03,222.08999633789062,224.16000366210938,217.97000122070312,219.35000610351562,292900
2022-02-04,222.35000610351562,223.89999389648438,218.22999572753906,220.77999877929688,254300
2022-02-07,221.49000549316406,224.52000427246094,219.94000244140625,222.0,201300
2022-02-08,224.52000427246094,225.3800048828125,217.82000732421875,220.3699951171875,383500
2022-02-09,232.17999267578125,233.91000366210938,228.16000366210938,228.16000366210938,445100
2022-02-10,233.94000244140625,237.85000610351562,225.9199981689453,226.00999450683594,468600
2022-02-11,231.07000732421875,236.07000732421875,229.4199981689453,236.07000732421875,386400
2022-02-14,224.58999633789062,232.88999938964844,223.86000061035156,230.88999938964844,386000
2022-02-15,228.83999633789062,230.82000732421875,226.36000061035156,228.72000122070312,549800
2022-02-16,144.1999969482422,172.5,133.94000244140625,172.5,8478100
2022-02-17,152.3699951171875,161.9600067138672,147.1999969482422,148.44000244140625,3601900
2022-02-18,154.33999633789062,162.27000427246094,153.80999755859375,155.1999969482422,1650700
2022-02-22,157.52999877929688,159.63999938964844,151.07000732421875,152.75999450683594,880900
2022-02-23,152.69000244140625,158.97000122070312,150.49000549316406,157.69000244140625,981200
2022-02-24,154.00999450683594,155.8000030517578,147.1999969482422,149.39999389648438,1651200
2022-02-25,153.2100067138672,154.67999267578125,147.1300048828125,154.25,1512900
2022-02-28,157.4499969482422,157.60000610351562,151.5800018310547,152.89999389648438,1320200
2022-03-01,154.63999938964844,161.8000030517578,154.25999450683594,157.0,1159700
2022-03-02,153.6300048828125,155.89999389648438,151.8300018310547,154.92999267578125,1650700
2022-03-03,152.4600067138672,156.0,151.1999969482422,155.42999267578125,982500
2022-03-04,149.57000732421875,152.7899932861328,147.33999633789062,152.4600067138672,983000
2022-03-07,144.32000732421875,150.75,143.10000610351562,149.50999450683594,812300
2022-03-08,141.02000427246094,144.83999633789062,138.82000732421875,143.61000061035156,833000
2022-03-09,143.5,145.49000549316406,141.67999267578125,143.30999755859375,1109300
2022-03-10,141.44000244140625,141.75,139.25,141.02999877929688,786800
2022-03-11,136.72000122070312,142.49000549316406,136.58999633789062,142.25999450683594,716200
2022-03-14,135.7100067138672,140.7100067138672,134.91000366210938,136.8000030517578,745000
2022-03-15,138.74000549316406,139.5,135.25,135.25,997200
2022-03-16,149.4199981689453,149.5800018310547,140.30999755859375,140.30999755859375,1711400
2022-03-17,157.39999389648438,157.57000732421875,144.36000061035156,147.4600067138672,1465900
2022-03-18,157.67999267578125,159.80999755859375,155.5399932861328,156.35000610351562,1964500
2022-03-21,158.1300048828125,158.69000244140625,154.27999877929688,157.1300048828125,703200
2022-03-22,159.8800048828125,163.30999755859375,157.30999755859375,158.6199951171875,402600
2022-03-23,153.6199951171875,158.08999633789062,151.9199981689453,158.02999877929688,353500
2022-03-24,156.72000122070312,156.74000549316406,153.2100067138672,154.86000061035156,567100
2022-03-25,153.99000549316406,157.5800018310547,152.74000549316406,156.86000061035156,687200
2022-03-28,155.02999877929688,156.99000549316406,151.10000610351562,154.60000610351562,420000
2022-03-29,159.2899932861328,159.6300048828125,155.5800018310547,157.32000732421875,377200
2022-03-30,155.39999389648438,158.47000122070312,155.02999877929688,157.94000244140625,363100
2022-03-31,145.5399932861328,153.47000122070312,142.6999969482422,149.30999755859375,2209500
2022-04-01,151.7100067138672,151.8800048828125,146.50999450683594,147.97000122070312,1846600
2022-04-04,150.47000122070312,154.50999450683594,149.22999572753906,152.6999969482422,1903600
2022-04-05,145.0500030517578,151.74000549316406,143.33999633789062,151.25,1679100
2022-04-06,146.2100067138672,147.0500030517578,140.97999572753906,144.52999877929688,1194000
2022-04-07,147.25999450683594,149.10000610351562,145.0,145.0,792200
2022-04-08,144.0,147.22000122070312,143.89999389648438,147.22000122070312,311500
2022-04-11,139.72999572753906,143.36000061035156,139.52999877929688,142.47000122070312,316400
2022-04-12,137.4499969482422,143.1199951171875,137.11000061035156,140.9600067138672,870700
2022-04-13,137.77999877929688,138.8699951171875,136.14999389648438,136.75999450683594,841600
2022-04-14,134.8699951171875,138.88999938964844,134.6199951171875,138.88999938964844,413400
2022-04-18,130.05999755859375,134.75,129.67999267578125,134.1199951171875,545600
2022-04-19,136.3300018310547,137.63999938964844,130.36000061035156,130.36000061035156,780000
2022-04-20,136.22000122070312,139.5500030517578,135.0500030517578,139.2899932861328,454100
2022-04-21,130.38999938964844,138.13999938964844,130.1699981689453,137.4199981689453,414700
2022-04-22,124.91999816894531,130.6699981689453,124.6500015258789,130.3000030517578,663200
2022-04-25,123.79000091552734,126.81999969482422,122.72000122070312,125.2300033569336,826000
2022-04-26,118.63999938964844,124.5,118.1500015258789,123.5199966430664,861800
2022-04-27,117.0999984741211,120.51000213623047,116.75,118.69000244140625,714400
2022-04-28,118.26000213623047,120.3499984741211,113.6500015258789,119.83999633789062,1078700
2022-04-29,112.97000122070312,120.26000213623047,112.80999755859375,118.4800033569336,917900
2022-05-02,119.1500015258789,119.37000274658203,112.06999969482422,112.54000091552734,1657800
2022-05-03,117.97000122070312,121.41999816894531,116.98999786376953,119.31999969482422,952100
2022-05-04,128.10000610351562,130.47000122070312,112.69999694824219,115.0,2462400
2022-05-05,124.80000305175781,126.73999786376953,121.33000183105469,126.05999755859375,1106300
2022-05-06,129.22999572753906,129.72000122070312,121.51000213623047,124.19000244140625,1475900
2022-05-09,120.51000213623047,126.81999969482422,119.80999755859375,125.27999877929688,1916300
2022-05-10,127.98999786376953,129.3300018310547,120.98999786376953,123.08000183105469,1334900
2022-05-11,122.72000122070312,127.55000305175781,122.33999633789062,126.25,1735300
2022-05-12,128.17999267578125,128.6300048828125,121.9000015258789,121.9000015258789,1168900
2022-05-13,136.0399932861328,137.17999267578125,128.9499969482422,129.7100067138672,1030000
2022-05-16,134.92999267578125,137.5500030517578,133.22999572753906,133.97000122070312,859500
2022-05-17,139.97999572753906,140.57000732421875,136.5,136.91000366210938,1371200
2022-05-18,136.85000610351562,140.8000030517578,136.5500030517578,137.17999267578125,1086600
2022-05-19,141.3800048828125,143.80999755859375,135.0,135.57000732421875,1427400
2022-05-20,141.22999572753906,143.16000366210938,137.3300018310547,142.3800048828125,1525900
2022-05-23,142.30999755859375,144.13999938964844,138.35000610351562,142.17999267578125,1094100
2022-05-24,141.4600067138672,142.85000610351562,137.63999938964844,140.1199951171875,916600
2022-05-25,137.80999755859375,142.55999755859375,135.8000030517578,139.7899932861328,1429600
2022-05-26,139.33999633789062,140.39999389648438,137.0500030517578,138.91000366210938,664000
2022-05-27,143.5,144.63999938964844,140.14999389648438,140.8300018310547,950700
2022-05-31,140.42999267578125,143.97000122070312,139.3300018310547,143.0,1850600
2022-06-01,136.88999938964844,144.3699951171875,136.07000732421875,142.36000061035156,530900
2022-06-02,142.72000122070312,142.75,136.49000549316406,142.44000244140625,411500
2022-06-03,140.0,141.14999389648438,137.61000061035156,140.4600067138672,650300
2022-06-06,140.58999633789062,143.5399932861328,139.6199951171875,142.57000732421875,485600
2022-06-07,141.25999450683594,142.2899932861328,137.97999572753906,138.52000427246094,513400
2022-06-08,140.00999450683594,142.44000244140625,139.5500030517578,140.66000366210938,433300
2022-06-09,139.4199981689453,141.6199951171875,137.4600067138672,138.3000030517578,539200
2022-06-10,138.63999938964844,139.52000427246094,136.00999450683594,136.52000427246094,674800
2022-06-13,129.4199981689453,135.44000244140625,128.30999755859375,133.77999877929688,1068500
2022-06-14,123.05999755859375,130.1699981689453,121.73999786376953,129.11000061035156,1055600
2022-06-15,126.52999877929688,128.38999938964844,122.8499984741211,124.19000244140625,509300
2022-06-16,122.0199966430664,123.51000213623047,120.72000122070312,122.62999725341797,525200
2022-06-17,124.75,127.45999908447266,122.04000091552734,122.04000091552734,1196900
2022-06-21,126.87999725341797,128.4600067138672,125.87999725341797,127.68000030517578,654400
2022-06-22,127.69000244140625,129.83999633789062,125.73999786376953,125.75,367100
2022-06-23,135.6300048828125,136.0399932861328,127.7699966430664,128.02000427246094,472500
2022-06-24,138.60000610351562,139.33999633789062,135.2899932861328,136.5399932861328,449700
2022-06-27,139.8000030517578,141.0800018310547,138.00999450683594,140.1699981689453,755700
2022-06-28,137.07000732421875,140.77000427246094,136.22999572753906,139.52999877929688,550600
2022-06-29,136.11000061035156,138.27999877929688,134.9600067138672,137.52000427246094,621000
2022-06-30,130.6699981689453,136.0500030517578,126.5199966430664,134.08999633789062,822100
2022-07-01,135.89999389648438,136.13999938964844,130.75,131.8699951171875,456500
2022-07-05,136.64999389648438,136.77999877929688,130.86000061035156,133.11000061035156,503000
2022-07-06,137.44000244140625,138.16000366210938,135.27999877929688,136.8000030517578,530900
2022-07-07,137.6999969482422,140.22000122070312,135.92999267578125,136.55999755859375,354600
2022-07-08,136.5,138.7899932861328,135.38999938964844,136.58999633789062,305400
2022-07-11,131.82000732421875,136.25,131.5399932861328,135.07000732421875,320100
2022-07-12,131.4499969482422,133.39999389648438,129.6699981689453,131.82000732421875,453300
2022-07-13,126.05000305175781,129.5,122.68000030517578,128.27000427246094,674900
2022-07-14,125.58000183105469,126.77999877929688,123.0,126.05000305175781,459100
2022-07-15,127.8499984741211,128.2100067138672,125.05000305175781,127.47000122070312,489900
2022-07-18,126.30999755859375,129.25999450683594,124.83999633789062,128.19000244140625,1079900
2022-07-19,133.5800018310547,133.6300048828125,127.4800033569336,128.13999938964844,932600
2022-07-20,138.0399932861328,140.1300048828125,134.77000427246094,134.77000427246094,1324000
2022-07-21,142.4499969482422,143.27999877929688,136.25,138.83999633789062,680400
2022-07-22,138.9199981689453,143.89999389648438,136.3699951171875,142.83999633789062,683800
2022-07-25,138.82000732421875,139.5500030517578,134.99000549316406,138.10000610351562,1272400
2022-07-26,139.8800048828125,140.91000366210938,136.6199951171875,139.5800018310547,889100
2022-07-27,142.60000610351562,143.30999755859375,138.74000549316406,140.5399932861328,734400
2022-07-28,145.14999389648438,145.2899932861328,139.36000061035156,143.6300048828125,518400
2022-07-29,144.5800018310547,144.9499969482422,141.4499969482422,144.10000610351562,586800
2022-08-01,144.7899932861328,145.6199951171875,140.89999389648438,144.14999389648438,902100
2022-08-02,145.63999938964844,147.1699981689453,144.16000366210938,144.47999572753906,713600
2022-08-03,150.25999450683594,151.50999450683594,146.02999877929688,146.22000122070312,1532300
2022-08-04,150.75999450683594,151.5399932861328,148.41000366210938,149.99000549316406,684500
2022-08-05,153.4600067138672,153.60000610351562,147.86000061035156,148.3699951171875,925700
2022-08-08,154.61000061035156,157.88999938964844,152.8699951171875,152.8699951171875,1922300
2022-08-09,148.1699981689453,154.24000549316406,147.6999969482422,153.3300018310547,1076400
2022-08-10,157.77999877929688,160.47999572753906,153.0,153.19000244140625,2406800
2022-08-11,153.2100067138672,158.52999877929688,152.57000732421875,156.77000427246094,1878400
2022-08-12,154.3699951171875,155.25999450683594,150.6699981689453,152.4499969482422,1680100
2022-08-15,159.77000427246094,160.3000030517578,153.89999389648438,154.5,2249500
2022-08-16,169.3800048828125,172.74000549316406,164.5500030517578,164.55999755859375,2139400
2022-08-17,165.5399932861328,169.4499969482422,164.8300018310547,167.6300048828125,956800
2022-08-18,159.92999267578125,165.97999572753906,159.50999450683594,165.36000061035156,1084100
2022-08-19,155.72000122070312,160.39999389648438,154.19000244140625,158.97999572753906,651000
2022-08-22,152.61000061035156,155.32000732421875,152.0800018310547,154.11000061035156,1446400
2022-08-23,149.6699981689453,152.10000610351562,147.63999938964844,151.69000244140625,792300
2022-08-24,153.02000427246094,154.0,149.58999633789062,149.91000366210938,769000
2022-08-25,157.35000610351562,157.60000610351562,152.22000122070312,153.49000549316406,588700
2022-08-26,151.7899932861328,157.1999969482422,151.0399932861328,156.47999572753906,733800
2022-08-29,150.2899932861328,151.1999969482422,148.77000427246094,150.02000427246094,1115200
2022-08-30,149.52999877929688,151.5399932861328,147.5500030517578,150.67999267578125,772500
2022-08-31,146.88999938964844,152.69000244140625,146.74000549316406,149.52999877929688,756700
2022-09-01,146.1699981689453,146.3800048828125,142.61000061035156,146.3800048828125,512400
2022-09-02,144.27000427246094,147.77000427246094,143.22000122070312,147.2100067138672,420400
2022-09-06,142.1300048828125,143.4199981689453,140.91000366210938,143.25,1442100
2022-09-07,147.44000244140625,147.50999450683594,141.27000427246094,142.16000366210938,842800
2022-09-08,154.00999450683594,154.2100067138672,143.07000732421875,143.07000732421875,511400
2022-09-09,156.25,157.3300018310547,153.92999267578125,154.94000244140625,609600
2022-09-12,156.5,157.69000244140625,155.6999969482422,156.72000122070312,1285700
2022-09-13,146.3699951171875,151.72999572753906,146.02999877929688,151.27999877929688,1277200
2022-09-14,150.6699981689453,150.9499969482422,146.38999938964844,148.38999938964844,1211600
2022-09-15,155.25,156.99000549316406,151.5500030517578,153.0800018310547,851300
2022-09-16,153.5500030517578,153.72999572753906,150.91000366210938,152.89999389648438,1365500
2022-09-19,152.72000122070312,152.8000030517578,147.13999938964844,152.67999267578125,692500
2022-09-20,151.63999938964844,152.69000244140625,149.60000610351562,151.67999267578125,1193000
2022-09-21,148.16000366210938,154.27999877929688,147.6999969482422,152.0399932861328,380700
2022-09-22,142.4199981689453,147.33999633789062,142.25,146.9600067138672,435900
2022-09-23,142.27999877929688,142.77999877929688,139.5500030517578,141.42999267578125,579700
2022-09-26,140.07000732421875,144.14999389648438,139.41000366210938,141.42999267578125,936200
2022-09-27,140.00999450683594,142.97000122070312,138.3000030517578,142.60000610351562,1092100
2022-09-28,144.3300018310547,145.07000732421875,141.0800018310547,142.19000244140625,359900
2022-09-29,142.4199981689453,145.08999633789062,142.0399932861328,144.5500030517578,390900
2022-09-30,141.16000366210938,146.57000732421875,140.9499969482422,143.0399932861328,404100
2022-10-03,144.5399932861328,145.52999877929688,140.3000030517578,141.77000427246094,545400
2022-10-04,146.92999267578125,148.97000122070312,145.72999572753906,146.0500030517578,981400
2022-10-05,146.0,146.97000122070312,143.77000427246094,145.0399932861328,387300
2022-10-06,143.0,147.19000244140625,141.91000366210938,146.13999938964844,613700
2022-10-07,134.2899932861328,141.17999267578125,133.97000122070312,141.17999267578125,1035800
2022-10-10,130.33999633789062,134.25,130.02000427246094,134.13999938964844,1017800
2022-10-11,129.6300048828125,130.64999389648438,125.33999633789062,130.25999450683594,872300
2022-10-12,133.6300048828125,134.35000610351562,128.5800018310547,130.99000549316406,629900
2022-10-13,135.9499969482422,136.85000610351562,128.75999450683594,129.57000732421875,357300
2022-10-14,132.3300018310547,139.13999938964844,131.9499969482422,137.82000732421875,1074200
2022-10-17,137.92999267578125,138.82000732421875,134.2100067138672,134.35000610351562,1030900
2022-10-18,138.72000122070312,143.10000610351562,138.17999267578125,141.36000061035156,605500
2022-10-19,135.0800018310547,139.58999633789062,134.08999633789062,138.25,522800
2022-10-20,135.19000244140625,137.4199981689453,133.97999572753906,135.69000244140625,394400
2022-10-21,135.9600067138672,136.55999755859375,131.11000061035156,135.1999969482422,1079800
2022-10-24,136.0,137.0500030517578,133.8300018310547,137.0500030517578,1124600
2022-10-25,134.97999572753906,138.8800048828125,134.1999969482422,137.7899932861328,778100
2022-10-26,134.5500030517578,140.24000549316406,134.11000061035156,135.88999938964844,927800
2022-10-27,132.7100067138672,136.17999267578125,131.6999969482422,135.5800018310547,528900
2022-10-28,134.02999877929688,135.25999450683594,131.1300048828125,132.91000366210938,359700
2022-10-31,131.60000610351562,135.16000366210938,130.58999633789062,133.8699951171875,423700
2022-11-01,131.6300048828125,133.75,129.17999267578125,133.07000732421875,377600
2022-11-02,126.80000305175781,132.0500030517578,126.75,131.4199981689453,417400
2022-11-03,125.13999938964844,125.29000091552734,122.94000244140625,124.52999877929688,652000
2022-11-04,125.08999633789062,127.72000122070312,122.30999755859375,127.72000122070312,660700
2022-11-07,126.12999725341797,126.98999786376953,122.80000305175781,124.3499984741211,602800
2022-11-08,123.06999969482422,127.4800033569336,122.31999969482422,125.83000183105469,787100
2022-11-09,110.87999725341797,119.5999984741211,108.88999938964844,115.20999908447266,1699000
2022-11-10,121.58000183105469,121.61000061035156,117.11000061035156,117.62999725341797,849800
2022-11-11,130.0,130.82000732421875,121.11000061035156,121.37999725341797,1012200
2022-11-14,122.12999725341797,130.0800018310547,122.05999755859375,129.05999755859375,688900
2022-11-15,126.58000183105469,129.1999969482422,123.5,124.44999694824219,792000
2022-11-16,132.4499969482422,137.0399932861328,130.0,130.00999450683594,940200
2022-11-17,137.02000427246094,138.77999877929688,129.91000366210938,129.91000366210938,1005200
2022-11-18,141.4600067138672,142.4199981689453,137.77000427246094,137.77000427246094,676500
2022-11-21,138.97000122070312,142.14999389648438,138.85000610351562,140.74000549316406,775100
2022-11-22,142.02999877929688,142.52999877929688,137.3300018310547,138.47000122070312,758400
2022-11-23,143.02000427246094,144.38999938964844,141.91000366210938,142.99000549316406,441600
2022-11-25,144.85000610351562,145.74000549316406,142.13999938964844,142.50999450683594,181600
2022-11-28,141.9600067138672,145.22000122070312,140.7899932861328,144.0,342800
2022-11-29,140.64999389648438,144.10000610351562,140.19000244140625,142.75999450683594,275800
2022-11-30,144.94000244140625,145.05999755859375,139.82000732421875,140.3800048828125,703700
2022-12-01,145.74000549316406,149.27000427246094,144.30999755859375,146.19000244140625,619700
2022-12-02,145.5,146.19000244140625,143.42999267578125,144.0,299000
2022-12-05,142.5500030517578,146.08999633789062,141.35000610351562,145.0399932861328,495800
2022-12-06,138.64999389648438,142.5500030517578,136.82000732421875,142.5500030517578,316500
2022-12-07,139.38999938964844,140.33999633789062,137.14999389648438,138.3699951171875,273300
2022-12-08,138.8699951171875,141.80999755859375,137.94000244140625,140.52000427246094,266000
2022-12-09,138.49000549316406,140.3800048828125,137.72000122070312,137.77999877929688,656500
2022-12-12,143.36000061035156,143.6199951171875,138.97999572753906,139.27000427246094,382200
2022-12-13,150.36000061035156,150.8699951171875,145.3699951171875,148.1999969482422,1000500
2022-12-14,145.0,149.35000610351562,144.25,145.69000244140625,844400
2022-12-15,144.30999755859375,146.6999969482422,140.2899932861328,145.7899932861328,686300
2022-12-16,142.58999633789062,144.6999969482422,141.13999938964844,142.35000610351562,851200
2022-12-19,138.72000122070312,142.16000366210938,138.50999450683594,142.16000366210938,441800
2022-12-20,145.72000122070312,145.85000610351562,140.0399932861328,140.0399932861328,508200
2022-12-21,146.8300018310547,149.25,145.91000366210938,146.19000244140625,550200
2022-12-22,149.77000427246094,150.2100067138672,145.0,145.5500030517578,498500
2022-12-23,148.08999633789062,149.41000366210938,146.6300048828125,149.11000061035156,221200
2022-12-27,145.35000610351562,147.61000061035156,144.77999877929688,147.4600067138672,234000
2022-12-28,145.00999450683594,147.85000610351562,144.60000610351562,145.77000427246094,252000
2022-12-29,146.85000610351562,148.3000030517578,145.88999938964844,146.1199951171875,239900
2022-12-30,147.9499969482422,148.27000427246094,144.00999450683594,146.0,268500
2023-01-03,146.02999877929688,151.2899932861328,144.50999450683594,149.47000122070312,398000
2023-01-04,151.36000061035156,151.52999877929688,147.1300048828125,147.85000610351562,289300
2023-01-05,151.58999633789062,152.19000244140625,148.97999572753906,150.97999572753906,391000
2023-01-06,154.35000610351562,155.94000244140625,149.2899932861328,152.25999450683594,392900
2023-01-09,154.63999938964844,155.80999755859375,152.8699951171875,154.74000549316406,420400
2023-01-10,153.4499969482422,155.1199951171875,152.30999755859375,154.5,486700
2023-01-11,156.75999450683594,161.4199981689453,155.5,156.30999755859375,911900
2023-01-12,154.91000366210938,156.86000061035156,152.82000732421875,156.44000244140625,449300
2023-01-13,156.75,156.85000610351562,151.88999938964844,153.4499969482422,264000
2023-01-17,162.0,162.1199951171875,155.00999450683594,156.89999389648438,513000
2023-01-18,163.66000366210938,167.16000366210938,162.77999877929688,162.77999877929688,617600
2023-01-19,163.0,165.02000427246094,161.32000732421875,161.83999633789062,584400
2023-01-20,168.47999572753906,169.47999572753906,162.94000244140625,163.55999755859375,403500
2023-01-23,172.75999450683594,173.2899932861328,167.8699951171875,168.5,533600
2023-01-24,167.5800018310547,174.60000610351562,167.2100067138672,172.13999938964844,511300
2023-01-25,166.4499969482422,166.66000366210938,162.7100067138672,165.7100067138672,233900
2023-01-26,170.00999450683594,170.16000366210938,165.89999389648438,168.75999450683594,225700
2023-01-27,171.38999938964844,171.9600067138672,169.4499969482422,169.9499969482422,241800
2023-01-30,170.07000732421875,173.85000610351562,168.89999389648438,170.69000244140625,471800
2023-01-31,170.0800018310547,172.47999572753906,168.4199981689453,170.7100067138672,351000
2023-02-01,171.32000732421875,172.72999572753906,167.75999450683594,171.38999938964844,340400
2023-02-02,174.72000122070312,176.4199981689453,173.72000122070312,173.9499969482422,499600
2023-02-03,169.4499969482422,173.60000610351562,168.49000549316406,171.32000732421875,402000
2023-02-06,169.07000732421875,170.75999450683594,168.1199951171875,168.9199981689453,240400
2023-02-07,173.19000244140625,173.42999267578125,167.52999877929688,168.63999938964844,188600
2023-02-08,169.72000122070312,173.25999450683594,169.72000122070312,172.77000427246094,199100
2023-02-09,165.32000732421875,171.8000030517578,163.5800018310547,170.19000244140625,432400
2023-02-10,164.72000122070312,166.1999969482422,163.41000366210938,164.8000030517578,234800
2023-02-13,165.39999389648438,166.75999450683594,164.0,164.8000030517578,173300
2023-02-14,165.17999267578125,167.5399932861328,162.75,163.52000427246094,193300
2023-02-15,167.85000610351562,168.2899932861328,163.58999633789062,165.49000549316406,163700
2023-02-16,164.89999389648438,167.6199951171875,164.6699981689453,166.10000610351562,209800
2023-02-17,164.75,165.00999450683594,162.83999633789062,163.6699981689453,210100
2023-02-21,160.88999938964844,163.17999267578125,160.47999572753906,163.02000427246094,228200
2023-02-22,166.14999389648438,168.3800048828125,163.88999938964844,165.11000061035156,336700
2023-02-23,166.50999450683594,168.17999267578125,163.50999450683594,166.64999389648438,224900
2023-02-24,166.08999633789062,166.75,164.19000244140625,164.19000244140625,384600
2023-02-27,169.0800018310547,169.4499969482422,167.4499969482422,167.7100067138672,386500
2023-02-28,167.30999755859375,170.69000244140625,166.55999755859375,167.42999267578125,576900
2023-03-01,175.92999267578125,184.97000122070312,172.64999389648438,180.8699951171875,641800
2023-03-02,179.9199981689453,180.6300048828125,173.6999969482422,174.3800048828125,566700
2023-03-03,182.42999267578125,182.74000549316406,180.33999633789062,180.77000427246094,306100
2023-03-06,181.00999450683594,183.05999755859375,180.05999755859375,181.92999267578125,347700
2023-03-07,177.0399932861328,181.5800018310547,176.22000122070312,181.27999877929688,270400
2023-03-08,175.83999633789062,177.1699981689453,175.25999450683594,176.72000122070312,193000
2023-03-09,174.25,176.9499969482422,173.58999633789062,176.9499969482422,256700
2023-03-10,172.8699951171875,174.80999755859375,170.1300048828125,174.0,396900
2023-03-13,175.66000366210938,176.57000732421875,170.39999389648438,170.39999389648438,334600
2023-03-14,178.8800048828125,179.10000610351562,175.19000244140625,178.0,268800
2023-03-15,173.13999938964844,176.83999633789062,171.11000061035156,176.41000366210938,331300
2023-03-16,175.16000366210938,176.27000427246094,170.88999938964844,172.4199981689453,343700
2023-03-17,171.72999572753906,175.2100067138672,171.3699951171875,175.19000244140625,569400
2023-03-20,174.72000122070312,175.24000549316406,171.72999572753906,171.72999572753906,345100
2023-03-21,176.6300048828125,177.08999633789062,175.3000030517578,175.35000610351562,282900
2023-03-22,174.13999938964844,178.32000732421875,174.00999450683594,176.3699951171875,254600
2023-03-23,174.4199981689453,175.99000549316406,172.74000549316406,175.00999450683594,197300
2023-03-24,172.8800048828125,174.14999389648438,172.33999633789062,173.72000122070312,150700
2023-03-27,173.57000732421875,174.7899932861328,173.27000427246094,173.6699981689453,167500
2023-03-28,172.63999938964844,173.99000549316406,171.8699951171875,173.3300018310547,141200
2023-03-29,176.2899932861328,176.3000030517578,173.30999755859375,173.89999389648438,219200
2023-03-30,178.5399932861328,179.5,177.17999267578125,177.89999389648438,219900
2023-03-31,184.5399932861328,184.7100067138672,178.50999450683594,179.9600067138672,323500
2023-04-03,184.49000549316406,185.77000427246094,183.8000030517578,184.9600067138672,307200
2023-04-04,182.1999969482422,185.5500030517578,181.0399932861328,185.02999877929688,298000
2023-04-05,182.8000030517578,183.52999877929688,181.0500030517578,181.75,337600
2023-04-06,186.8000030517578,186.8800048828125,181.4199981689453,182.32000732421875,206600
2023-04-10,186.8300018310547,186.8699951171875,183.02000427246094,185.77000427246094,144400
2023-04-11,189.07000732421875,190.69000244140625,187.0,187.0,212100
2023-04-12,191.16000366210938,192.5500030517578,189.72000122070312,190.38999938964844,406200
2023-04-13,196.3000030517578,196.91000366210938,191.69000244140625,191.8300018310547,493900
2023-04-14,191.6699981689453,195.86000061035156,191.0,195.86000061035156,473900
2023-04-17,192.2100067138672,194.30999755859375,190.89999389648438,192.4499969482422,274500
2023-04-18,192.11000061035156,194.10000610351562,191.77000427246094,193.02999877929688,253900
2023-04-19,196.47000122070312,196.5500030517578,191.22000122070312,191.6699981689453,278500
2023-04-20,195.61000061035156,196.91000366210938,193.0500030517578,195.41000366210938,142900
2023-04-21,196.02999877929688,198.0,195.58999633789062,196.6300048828125,177600
2023-04-24,196.05999755859375,196.8300018310547,195.0,196.02999877929688,199100
2023-04-25,190.94000244140625,195.82000732421875,190.5,195.27000427246094,260800
2023-04-26,186.91000366210938,191.0,186.52999877929688,190.19000244140625,453900
2023-04-27,187.85000610351562,188.64999389648438,185.74000549316406,187.0,525400
2023-04-28,189.13999938964844,190.55999755859375,186.66000366210938,186.66000366210938,395500
2023-05-01,189.05999755859375,190.82000732421875,188.30999755859375,189.02000427246094,268000
2023-05-02,183.33999633789062,183.97999572753906,178.50999450683594,180.0,691400
2023-05-03,186.75999450683594,189.3000030517578,183.1699981689453,183.6199951171875,330600
2023-05-04,184.6999969482422,186.30999755859375,183.47999572753906,186.27000427246094,285900
2023-05-05,187.89999389648438,188.75999450683594,183.9499969482422,185.5500030517578,295200
2023-05-08,187.69000244140625,188.1300048828125,184.6300048828125,187.0500030517578,304400
2023-05-09,184.25,188.13999938964844,183.5399932861328,186.1999969482422,436200
2023-05-10,174.5500030517578,176.2899932861328,160.3800048828125,175.7899932861328,1527600
2023-05-11,172.75999450683594,174.05999755859375,170.0500030517578,173.0,870100
2023-05-12,172.6300048828125,174.69000244140625,170.33999633789062,172.5399932861328,605200
2023-05-15,173.3000030517578,173.9199981689453,171.60000610351562,172.6300048828125,276100
2023-05-16,170.3800048828125,172.57000732421875,170.3000030517578,171.94000244140625,386800
2023-05-17,167.9199981689453,171.1199951171875,167.0,170.6300048828125,484600
2023-05-18,163.3000030517578,168.5,162.91000366210938,167.80999755859375,562200
2023-05-19,163.4600067138672,166.38999938964844,162.94000244140625,163.99000549316406,573900
2023-05-22,162.8699951171875,165.17999267578125,162.58999633789062,163.91000366210938,390100
2023-05-23,155.24000549316406,161.7899932861328,155.10000610351562,161.58999633789062,625600
2023-05-24,158.50999450683594,158.64999389648438,153.35000610351562,153.89999389648438,593500
2023-05-25,157.97000122070312,158.3000030517578,155.8800048828125,158.02999877929688,390600
2023-05-26,157.35000610351562,158.5399932861328,156.64999389648438,158.5,368200
2023-05-30,156.1300048828125,159.1199951171875,155.3699951171875,157.8699951171875,325000
2023-05-31,161.83999633789062,162.30999755859375,157.6999969482422,157.89999389648438,1044800
2023-06-01,165.32000732421875,166.02000427246094,160.86000061035156,161.82000732421875,471700
2023-06-02,163.3000030517578,166.3000030517578,162.5399932861328,165.4199981689453,373200
2023-06-05,164.7100067138672,164.8000030517578,160.77000427246094,160.8000030517578,320800
2023-06-06,166.17999267578125,169.5800018310547,165.1300048828125,165.1300048828125,565500
2023-06-07,164.1699981689453,167.3300018310547,164.0500030517578,166.10000610351562,399900
2023-06-08,157.39999389648438,164.83999633789062,156.8000030517578,164.1699981689453,657900
2023-06-09,156.33999633789062,158.7100067138672,154.8699951171875,157.3699951171875,620800
2023-06-12,156.8800048828125,157.5800018310547,155.27999877929688,156.55999755859375,386900
2023-06-13,160.02000427246094,160.9199981689453,156.14999389648438,156.63999938964844,473700
2023-06-14,161.35000610351562,165.64999389648438,160.75,161.0,409100
2023-06-15,163.27000427246094,164.1999969482422,160.83999633789062,161.44000244140625,388100
2023-06-16,161.47000122070312,165.0800018310547,160.64999389648438,164.82000732421875,545600
2023-06-20,164.33999633789062,164.8300018310547,159.38999938964844,159.92999267578125,325300
2023-06-21,163.10000610351562,165.33999633789062,162.52999877929688,164.3300018310547,309500
2023-06-22,162.1300048828125,164.49000549316406,161.1699981689453,162.88999938964844,211500
2023-06-23,162.0,163.86000061035156,160.5,162.1300048828125,691000
2023-06-26,162.75999450683594,164.41000366210938,159.6999969482422,161.35000610351562,614400
2023-06-27,162.1999969482422,162.49000549316406,158.72000122070312,161.94000244140625,560700
2023-06-28,160.1999969482422,162.27999877929688,159.9199981689453,162.1999969482422,300400
2023-06-29,165.6300048828125,165.92999267578125,160.50999450683594,162.5,475600
2023-06-30,164.5500030517578,167.0399932861328,164.32000732421875,166.0,439800
2023-07-03,160.9499969482422,164.16000366210938,160.6999969482422,164.16000366210938,189000
2023-07-05,161.1699981689453,161.30999755859375,159.82000732421875,160.7100067138672,454900
2023-07-06,158.22999572753906,159.83999633789062,157.1199951171875,159.4600067138672,553100
2023-07-07,158.61000061035156,159.0399932861328,155.0399932861328,158.11000061035156,429300
2023-07-10,159.6199951171875,162.0,158.52999877929688,159.0399932861328,315400
2023-07-11,154.75999450683594,161.1999969482422,154.4499969482422,159.22999572753906,802400
2023-07-12,146.3300018310547,156.3000030517578,145.92999267578125,155.6699981689453,1048000
2023-07-13,147.2899932861328,147.9600067138672,145.19000244140625,147.0,677000
2023-07-14,149.57000732421875,152.08999633789062,146.6699981689453,148.36000061035156,505800
2023-07-17,147.16000366210938,149.0399932861328,146.75999450683594,149.0399932861328,528600
2023-07-18,117.7300033569336,120.80000305175781,105.5,107.0,7133800
2023-07-19,112.27999877929688,118.1500015258789,111.62000274658203,117.97000122070312,2512500
2023-07-20,112.02999877929688,113.87000274658203,110.76000213623047,113.0,1270100
2023-07-21,114.30000305175781,114.98999786376953,110.3499984741211,112.0999984741211,1994100
2023-07-24,112.72000122070312,114.2300033569336,111.80999755859375,113.9000015258789,983200
2023-07-25,115.5,115.55999755859375,112.29000091552734,112.68000030517578,813700
2023-07-26,119.86000061035156,121.19999694824219,114.66999816894531,115.0,1330600
2023-07-27,117.5,121.0,116.29000091552734,120.75,1183000
2023-07-28,123.23999786376953,123.80999755859375,117.12999725341797,118.26000213623047,1110200
2023-07-31,122.30000305175781,124.62999725341797,121.7300033569336,123.61000061035156,783600
2023-08-01,121.44000244140625,122.95999908447266,120.5,121.5,757200
2023-08-02,119.5199966430664,120.37999725341797,117.87999725341797,120.0,873500
2023-08-03,119.16000366210938,119.5,117.77999877929688,119.16999816894531,740800
2023-08-04,119.95999908447266,120.30999755859375,118.20999908447266,120.2300033569336,801900
2023-08-07,122.9800033569336,123.88999938964844,119.69000244140625,119.91000366210938,1290700
2023-08-08,120.0,122.16000366210938,118.1500015258789,122.06999969482422,1287600
2023-08-09,117.95999908447266,122.62999725341797,114.4800033569336,118.0,1632600
2023-08-10,114.1500015258789,118.80000305175781,113.48999786376953,118.68000030517578,1180000
2023-08-11,113.62000274658203,114.47000122070312,111.83999633789062,113.0999984741211,789900
2023-08-14,112.83999633789062,113.38999938964844,112.16999816894531,113.11000061035156,710000
2023-08-15,110.79000091552734,112.80000305175781,109.81999969482422,112.05999755859375,997000
2023-08-16,109.0,110.41000366210938,107.23999786376953,110.13999938964844,981000
2023-08-17,111.22000122070312,111.4800033569336,108.29000091552734,108.30000305175781,959700
2023-08-18,109.68000030517578,112.12000274658203,109.55999755859375,110.3499984741211,914200
2023-08-21,110.19999694824219,110.30000305175781,107.98999786376953,108.75,689100
2023-08-22,110.51000213623047,111.69000244140625,108.8499984741211,110.13999938964844,649800
2023-08-23,110.54000091552734,110.76000213623047,109.19000244140625,110.51000213623047,497700
2023-08-24,109.08000183105469,110.41000366210938,108.83000183105469,110.1500015258789,504500
2023-08-25,110.75,110.9000015258789,108.6500015258789,109.55000305175781,386100
2023-08-28,111.7699966430664,112.11000061035156,111.06999969482422,111.0999984741211,512500
2023-08-29,114.62000274658203,114.9000015258789,111.5199966430664,111.7699966430664,534200
2023-08-30,114.44999694824219,115.70999908447266,114.30999755859375,114.79000091552734,585300
2023-08-31,114.27999877929688,116.05999755859375,113.79000091552734,115.08000183105469,2887500
2023-09-01,113.58999633789062,115.48999786376953,112.87999725341797,115.48999786376953,426500
2023-09-05,112.87999725341797,113.19999694824219,111.73999786376953,113.1500015258789,578900
2023-09-06,110.36000061035156,112.66000366210938,110.01000213623047,112.66000366210938,458600
2023-09-07,108.44000244140625,110.0,106.9000015258789,110.0,638500
2023-09-08,105.37000274658203,108.23999786376953,105.0999984741211,108.23999786376953,544900
2023-09-11,105.0999984741211,106.27999877929688,103.3499984741211,105.5999984741211,656700
2023-09-12,98.47000122070312,104.86000061035156,98.04000091552734,104.62000274658203,1553600
2023-09-13,101.30999755859375,101.38999938964844,96.76000213623047,97.76000213623047,3015400
2023-09-14,102.3499984741211,103.36000061035156,100.02999877929688,101.66999816894531,1791800
2023-09-15,101.12000274658203,103.06999969482422,99.75,102.08000183105469,2019300
2023-09-18,99.80999755859375,101.33999633789062,98.95999908447266,101.33999633789062,1098400
2023-09-19,101.76000213623047,101.83999633789062,99.12000274658203,99.33999633789062,600300
2023-09-20,99.87000274658203,103.0999984741211,99.8499984741211,102.25,374600
2023-09-21,97.02999877929688,99.51000213623047,97.0199966430664,98.86000061035156,459200
2023-09-22,95.41000366210938,97.6500015258789,95.30999755859375,97.0199966430664,467900
2023-09-25,91.37000274658203,95.4000015258789,90.87000274658203,95.0,1273300
2023-09-26,88.55000305175781,91.80999755859375,88.2699966430664,91.19999694824219,1098800
2023-09-27,84.16999816894531,89.3499984741211,83.97000122070312,89.0,1546500
2023-09-28,88.38999938964844,90.06999969482422,83.02999877929688,84.30000305175781,2261700
2023-09-29,87.68000030517578,90.41000366210938,87.2699966430664,89.18000030517578,1208000
2023-10-02,87.70999908447266,88.27999877929688,86.27999877929688,87.7300033569336,1169800
2023-10-03,84.62999725341797,87.0999984741211,84.2300033569336,86.95999908447266,792900
2023-10-04,82.75,84.16999816894531,82.41000366210938,83.9000015258789,750800
2023-10-05,85.61000061035156,86.62999725341797,82.44000244140625,82.72000122070312,754100
2023-10-06,84.05000305175781,85.20999908447266,83.48999786376953,84.62000274658203,585500
2023-10-09,83.91000366210938,84.66000366210938,82.22000122070312,82.93000030517578,481000
2023-10-10,85.83000183105469,87.11000061035156,83.69000244140625,84.0,774500
2023-10-11,81.75,85.5999984741211,80.19000244140625,85.5999984741211,889300
2023-10-12,78.5199966430664,82.02999877929688,78.02999877929688,81.81999969482422,762700
2023-10-13,77.3499984741211,78.76000213623047,76.9000015258789,78.5199966430664,1087000
2023-10-16,76.7300033569336,77.94999694824219,75.94000244140625,77.08999633789062,1022700
2023-10-17,78.45999908447266,81.01000213623047,75.22000122070312,75.2300033569336,1131600
2023-10-18,79.23999786376953,80.61000061035156,77.48999786376953,78.45999908447266,921900
2023-10-19,80.0,80.81999969482422,78.95999908447266,79.4000015258789,829500
2023-10-20,83.18000030517578,83.80999755859375,77.55000305175781,79.94000244140625,1378900
2023-10-23,78.98999786376953,82.7699966430664,78.69000244140625,81.73999786376953,1016900
2023-10-24,80.54000091552734,81.23999786376953,79.19999694824219,79.33000183105469,903300
2023-10-25,82.33999633789062,83.56999969482422,79.66999816894531,80.06999969482422,1342800
2023-10-26,80.8499984741211,83.37000274658203,80.83999633789062,82.01000213623047,1232100
2023-10-27,82.58000183105469,86.5,81.94999694824219,85.4800033569336,1434300
2023-10-30,80.08999633789062,83.30000305175781,79.83000183105469,83.19000244140625,1023600
2023-10-31,81.12999725341797,81.37000274658203,79.3499984741211,80.58000183105469,651200
2023-11-01,78.56999969482422,81.4000015258789,77.9000015258789,80.8499984741211,904700
2023-11-02,79.37000274658203,80.0,78.51000213623047,79.04000091552734,445700
2023-11-03,82.27999877929688,82.51000213623047,80.4000015258789,80.58999633789062,532100
2023-11-06,81.56999969482422,82.91000366210938,80.75,82.0,668800
2023-11-07,80.5999984741211,82.25,79.7699966430664,81.58999633789062,1291200
2023-11-08,83.58999633789062,83.77999877929688,75.36000061035156,78.19999694824219,2343600
2023-11-09,84.8499984741211,85.16000366210938,81.81999969482422,84.0,1455500
2023-11-10,86.95999908447266,87.11000061035156,83.58999633789062,86.16999816894531,1374400
2023-11-13,88.25,89.0,86.94000244140625,87.8499984741211,909300
2023-11-14,89.12000274658203,92.31999969482422,88.9000015258789,89.5999984741211,1041600
2023-11-15,91.1500015258789,93.37999725341797,89.18000030517578,89.18000030517578,1578300
2023-11-16,93.05999755859375,93.55000305175781,91.25,91.33999633789062,785800
2023-11-17,93.79000091552734,94.33999633789062,92.80000305175781,93.13999938964844,821000
2023-11-20,94.69000244140625,95.12999725341797,92.7699966430664,93.80000305175781,661600
2023-11-21,94.38999938964844,95.11000061035156,93.33999633789062,94.69999694824219,661100
2023-11-22,92.63999938964844,95.5999984741211,92.4800033569336,94.87999725341797,1757800
2023-11-24,94.06999969482422,94.66999816894531,92.36000061035156,92.5,264100
2023-11-27,95.27999877929688,96.0,93.43000030517578,93.43000030517578,924800
2023-11-28,92.88999938964844,94.6500015258789,92.51000213623047,94.6500015258789,457300
2023-11-29,93.69999694824219,95.29000091552734,92.55999755859375,93.3499984741211,870400
2023-11-30,93.76000213623047,94.06999969482422,91.5999984741211,93.55000305175781,702300
2023-12-01,96.70999908447266,96.77999877929688,93.2300033569336,93.87000274658203,506000
2023-12-04,101.37000274658203,101.9800033569336,96.4000015258789,96.4000015258789,1346300
2023-12-05,101.41000366210938,102.19000244140625,99.38999938964844,100.68000030517578,1153200
2023-12-06,103.62000274658203,106.18000030517578,101.12000274658203,101.66000366210938,980300
2023-12-07,106.4800033569336,107.02999877929688,103.30999755859375,103.72000122070312,798200
2023-12-08,104.36000061035156,106.88999938964844,104.19999694824219,106.48999786376953,550000
2023-12-11,102.55000305175781,104.31999969482422,101.3499984741211,104.01000213623047,952500
2023-12-12,107.23999786376953,109.05000305175781,101.76000213623047,102.91999816894531,1065700
2023-12-13,111.66000366210938,111.83000183105469,106.97000122070312,107.08999633789062,775700
2023-12-14,112.30000305175781,115.58000183105469,111.5,113.05000305175781,1030400
2023-12-15,111.69000244140625,112.8499984741211,110.44000244140625,112.0999984741211,1096600
2023-12-18,115.22000122070312,118.45999908447266,111.69000244140625,111.69000244140625,1273600
2023-12-19,115.87000274658203,116.61000061035156,113.58999633789062,115.83000183105469,940100
2023-12-20,113.73999786376953,117.18000030517578,113.62000274658203,115.87000274658203,612500
2023-12-21,117.8499984741211,118.2300033569336,114.80999755859375,114.80999755859375,582700
2023-12-22,118.02999877929688,118.25,116.44999694824219,118.02999877929688,415200
2023-12-26,120.62000274658203,122.0,118.55000305175781,119.0,733300
2023-12-27,115.11000061035156,122.5999984741211,112.37999725341797,121.0,1913100
2023-12-28,118.25,119.41999816894531,115.11000061035156,115.30999755859375,570200
2023-12-29,117.20999908447266,118.30000305175781,116.23999786376953,117.61000061035156,381700
2024-01-02,114.61000061035156,116.9800033569336,114.16000366210938,116.80999755859375,551100
2024-01-03,109.16999816894531,112.80000305175781,108.45999908447266,112.54000091552734,771500
2024-01-04,110.05999755859375,111.51000213623047,108.02999877929688,108.91999816894531,629500
2024-01-05,111.62000274658203,113.18000030517578,107.56999969482422,108.94000244140625,479100
2024-01-08,114.5199966430664,114.83000183105469,111.4800033569336,111.80999755859375,400700
2024-01-09,113.5199966430664,116.38999938964844,112.87999725341797,113.33000183105469,420500
2024-01-10,120.95999908447266,121.3499984741211,114.04000091552734,114.87999725341797,1404200
2024-01-11,120.36000061035156,122.7699966430664,120.12999725341797,121.44999694824219,960200
2024-01-12,118.31999969482422,120.97000122070312,117.69999694824219,120.18000030517578,812700
2024-01-16,120.0999984741211,120.44000244140625,114.31999969482422,115.98999786376953,755700
2024-01-17,122.56999969482422,123.5,118.0,118.5,1085400
2024-01-18,122.41000366210938,124.7699966430664,120.48999786376953,122.94000244140625,734200
2024-01-19,125.0,125.37999725341797,121.20999908447266,122.66999816894531,702400
2024-01-22,125.56999969482422,126.97000122070312,125.12000274658203,126.4800033569336,587800
2024-01-23,125.0,126.9000015258789,123.87999725341797,126.51000213623047,496600
2024-01-24,122.38999938964844,126.4800033569336,122.38999938964844,126.04000091552734,579600
2024-01-25,124.33000183105469,124.41999816894531,122.0999984741211,124.19000244140625,320100
2024-01-26,127.27999877929688,127.41000366210938,124.38999938964844,125.0,518800
2024-01-29,130.25,132.3300018310547,126.77999877929688,127.36000061035156,1120600
2024-01-30,128.9499969482422,130.02999877929688,127.62000274658203,128.55999755859375,622600
2024-01-31,128.94000244140625,134.11000061035156,128.5,130.67999267578125,759600
2024-02-01,133.32000732421875,134.33999633789062,128.4199981689453,128.7899932861328,708200
2024-02-02,134.47999572753906,135.25,131.4199981689453,132.92999267578125,434400
2024-02-05,133.13999938964844,134.4600067138672,131.8800048828125,133.5,332000
2024-02-06,134.77000427246094,135.74000549316406,133.63999938964844,133.77000427246094,448300
2024-02-07,135.13999938964844,138.32000732421875,134.0500030517578,135.75,516900
2024-02-08,136.6699981689453,137.07000732421875,134.38999938964844,135.13999938964844,496700
2024-02-09,135.07000732421875,138.0,134.4499969482422,137.16000366210938,359200
2024-02-12,136.3800048828125,137.47999572753906,133.94000244140625,134.8300018310547,499600
2024-02-13,135.13999938964844,136.1199951171875,133.00999450683594,133.85000610351562,277300
2024-02-14,132.64999389648438,136.25,131.4199981689453,135.66000366210938,626300
2024-02-15,134.13999938964844,136.11000061035156,133.08999633789062,134.0,651800
2024-02-16,134.69000244140625,136.58999633789062,132.38999938964844,132.92999267578125,329400
2024-02-20,131.49000549316406,134.36000061035156,129.6199951171875,134.36000061035156,581500
2024-02-21,132.08999633789062,132.4600067138672,129.00999450683594,130.3699951171875,597700
2024-02-22,131.00999450683594,134.0399932861328,130.8800048828125,132.3300018310547,423900
2024-02-23,132.2100067138672,132.6199951171875,130.0,130.14999389648438,380000
2024-02-26,130.69000244140625,132.2100067138672,128.4600067138672,132.2100067138672,718600
2024-02-27,130.10000610351562,132.22999572753906,129.41000366210938,130.69000244140625,829600
2024-02-28,128.6999969482422,134.08999633789062,120.8499984741211,124.0,1114800
2024-02-29,128.5399932861328,130.25,125.70999908447266,129.77000427246094,704200
2024-03-01,126.48999786376953,128.9600067138672,125.98999786376953,128.57000732421875,467300
2024-03-04,126.87000274658203,127.26000213623047,124.0199966430664,126.2699966430664,514600
2024-03-05,129.5500030517578,131.72000122070312,125.69999694824219,126.33999633789062,650400
2024-03-06,129.6699981689453,131.72999572753906,128.55999755859375,130.74000549316406,855400
2024-03-07,134.1699981689453,134.1999969482422,130.4600067138672,130.99000549316406,727900
2024-03-08,134.4199981689453,137.41000366210938,134.13999938964844,134.2899932861328,384700
2024-03-11,129.2899932861328,134.36000061035156,128.89999389648438,133.38999938964844,356200
2024-03-12,129.07000732421875,129.8000030517578,127.0,128.6699981689453,335700
2024-03-13,134.1199951171875,134.33999633789062,127.98999786376953,128.72999572753906,616300
2024-03-14,132.1999969482422,135.6699981689453,130.94000244140625,134.5500030517578,444300
2024-03-15,132.67999267578125,133.1699981689453,129.42999267578125,131.08999633789062,1052900
2024-03-18,133.44000244140625,134.13999938964844,132.5,133.0,368700
2024-03-19,135.3800048828125,136.75,133.11000061035156,133.11000061035156,495000
2024-03-20,132.9499969482422,135.22999572753906,130.9600067138672,134.86000061035156,291800
2024-03-21,133.07000732421875,134.63999938964844,132.85000610351562,133.8300018310547,287500
2024-03-22,134.92999267578125,135.5,131.52000427246094,132.9199981689453,339200
2024-03-25,139.42999267578125,153.92999267578125,138.11000061035156,153.75999450683594,1893700
2024-03-26,140.64999389648438,140.91000366210938,136.4600067138672,139.42999267578125,658000
2024-03-27,144.47999572753906,145.25999450683594,141.3300018310547,141.52000427246094,512100
2024-03-28,146.85000610351562,147.88999938964844,143.77999877929688,144.47999572753906,610400
2024-04-01,144.8300018310547,147.88999938964844,142.66000366210938,146.1300048828125,471200
2024-04-02,140.44000244140625,144.30999755859375,140.35000610351562,143.75,498800
2024-04-03,140.63999938964844,143.0399932861328,139.47000122070312,140.3800048828125,494600
2024-04-04,140.3000030517578,144.85000610351562,140.13999938964844,140.85000610351562,718500
2024-04-05,142.5,143.4199981689453,139.91000366210938,140.0,466000
2024-04-08,143.1300048828125,144.1999969482422,141.55999755859375,142.77999877929688,326400
2024-04-09,144.91000366210938,144.97000122070312,142.3699951171875,143.0,386000
2024-04-10,142.82000732421875,144.10000610351562,140.8699951171875,143.1699981689453,401100
2024-04-11,142.75,144.2899932861328,141.60000610351562,144.2899932861328,354200
2024-04-12,137.9199981689453,142.0,136.9199981689453,141.44000244140625,510500
2024-04-15,138.11000061035156,143.57000732421875,137.39999389648438,142.13999938964844,460100
2024-04-16,138.17999267578125,138.3699951171875,135.6999969482422,138.11000061035156,346300
2024-04-17,136.6199951171875,138.99000549316406,136.17999267578125,138.19000244140625,221300
2024-04-18,135.9199981689453,138.3300018310547,135.3800048828125,136.82000732421875,238500
2024-04-19,134.77000427246094,137.44000244140625,133.63999938964844,136.35000610351562,353000
2024-04-22,134.32000732421875,135.85000610351562,133.52000427246094,135.08999633789062,201000
2024-04-23,136.9499969482422,138.17999267578125,134.42999267578125,134.42999267578125,317000
2024-04-24,135.9199981689453,137.75999450683594,131.22999572753906,136.25,234400
2024-04-25,135.24000549316406,136.0,132.75999450683594,135.27999877929688,218700
2024-04-26,136.13999938964844,137.89999389648438,135.44000244140625,135.44000244140625,303500
2024-04-29,136.1999969482422,137.6199951171875,135.2100067138672,136.47999572753906,391200
2024-04-30,134.41000366210938,137.1199951171875,134.25,135.2100067138672,417100
2024-05-01,134.00999450683594,135.67999267578125,132.1699981689453,133.77999877929688,296200
2024-05-02,136.25,137.2899932861328,132.52000427246094,134.69000244140625,431400
2024-05-03,137.0,137.85000610351562,136.17999267578125,137.02000427246094,611100
2024-05-06,138.0,139.5,135.86000061035156,138.63999938964844,802400
2024-05-07,136.0,139.1999969482422,135.69000244140625,138.5,1327800
2024-05-08,120.0199966430664,130.10000610351562,114.31999969482422,130.0,2332500
2024-05-09,124.16000366210938,127.88999938964844,119.62999725341797,120.38999938964844,1208300
2024-05-10,121.76000213623047,124.9000015258789,119.56999969482422,123.61000061035156,675400
2024-05-13,116.16000366210938,123.05999755859375,116.0,121.86000061035156,752800
2024-05-14,115.23999786376953,117.6500015258789,115.12000274658203,116.38999938964844,661500
2024-05-15,116.1500015258789,117.69000244140625,112.8499984741211,115.9000015258789,1087000
2024-05-16,120.61000061035156,121.16999816894531,115.61000061035156,115.7300033569336,1509200
2024-05-17,124.0999984741211,124.44999694824219,119.5,120.69999694824219,1153300
2024-05-20,126.6500015258789,127.62000274658203,122.37000274658203,124.0999984741211,820500
2024-05-21,124.5199966430664,126.55999755859375,123.16000366210938,126.27999877929688,583200
2024-05-22,126.5999984741211,127.30000305175781,123.9800033569336,124.62999725341797,329000
2024-05-23,124.75,127.2699966430664,124.4800033569336,127.2699966430664,777800
2024-05-24,127.0,127.44999694824219,124.62999725341797,125.1500015258789,606500
2024-05-28,127.18000030517578,128.75,125.98999786376953,127.0,706300
2024-05-29,126.93000030517578,127.30999755859375,124.88999938964844,126.11000061035156,863900
2024-05-30,126.16999816894531,130.67999267578125,126.01000213623047,127.47000122070312,786000
2024-05-31,124.5,127.25,123.44999694824219,126.5,1191500
2024-06-03,128.25,130.3300018310547,125.12000274658203,125.52999877929688,1133600
2024-06-04,130.02000427246094,130.4199981689453,127.51000213623047,128.61000061035156,818000
2024-06-05,124.62000274658203,131.02000427246094,122.9000015258789,130.0,1221000
2024-06-06,124.80000305175781,125.52999877929688,114.45999908447266,123.45999908447266,1002600
2024-06-07,125.45999908447266,127.23999786376953,124.62000274658203,124.91999816894531,486700
2024-06-10,127.16000366210938,127.29000091552734,123.06999969482422,124.0999984741211,643800
2024-06-11,124.16999816894531,126.5999984741211,122.9000015258789,126.48999786376953,499300
2024-06-12,132.58999633789062,132.63999938964844,124.30000305175781,124.68000030517578,1009800
2024-06-13,133.85000610351562,134.6699981689453,130.44000244140625,132.1999969482422,824800
2024-06-14,135.69000244140625,136.35000610351562,132.13999938964844,133.64999389648438,680600
2024-06-17,135.33999633789062,138.08999633789062,135.22000122070312,135.91000366210938,696000
2024-06-18,135.8000030517578,136.80999755859375,133.52999877929688,135.0,531300
2024-06-20,130.38999938964844,136.67999267578125,130.2899932861328,135.3300018310547,500900
2024-06-21,131.1699981689453,132.85000610351562,129.22000122070312,130.66000366210938,911400
2024-06-24,128.72999572753906,131.16000366210938,125.69999694824219,130.6300048828125,646800
2024-06-25,132.42999267578125,133.0399932861328,129.22999572753906,129.3300018310547,464900
2024-06-26,131.86000061035156,132.52999877929688,128.97000122070312,130.94000244140625,434300
2024-06-27,131.5,132.8699951171875,130.7100067138672,131.89999389648438,324500
2024-06-28,125.94000244140625,131.6999969482422,124.20999908447266,131.6999969482422,1123800
2024-07-01,116.4000015258789,125.08000183105469,115.16999816894531,124.5999984741211,1159700
2024-07-02,113.41999816894531,117.37000274658203,112.06999969482422,117.37000274658203,805800
2024-07-03,114.16999816894531,115.3499984741211,112.69999694824219,114.08999633789062,362500
2024-07-05,114.76000213623047,115.86000061035156,113.55999755859375,114.08000183105469,386600
2024-07-08,112.6500015258789,116.7699966430664,112.58999633789062,114.80000305175781,359900
2024-07-09,106.93000030517578,111.44999694824219,106.77999877929688,111.0,786800
2024-07-10,107.0,107.87000274658203,105.30000305175781,107.0999984741211,493600
2024-07-11,111.30999755859375,112.41000366210938,107.11000061035156,107.11000061035156,561500
2024-07-12,111.95999908447266,114.70999908447266,109.16999816894531,110.93000030517578,679800
2024-07-15,108.87999725341797,113.37000274658203,107.69999694824219,111.81999969482422,565800
2024-07-16,109.87999725341797,110.87999725341797,102.41999816894531,108.0999984741211,1060800
2024-07-17,108.97000122070312,114.25,108.3499984741211,109.98999786376953,1009300
2024-07-18,107.41000366210938,111.76000213623047,106.30000305175781,109.18000030517578,537100
2024-07-19,106.76000213623047,109.13999938964844,105.93000030517578,107.9800033569336,604100
2024-07-22,107.44999694824219,108.23999786376953,106.02999877929688,107.80000305175781,411800
2024-07-23,109.63999938964844,109.95999908447266,107.30999755859375,107.94000244140625,528700
2024-07-24,109.2699966430664,111.26000213623047,108.0,108.91000366210938,932900
2024-07-25,109.77999877929688,111.16000366210938,108.43000030517578,108.43000030517578,1035400
2024-07-26,108.98999786376953,112.54000091552734,108.30999755859375,111.05000305175781,915700
2024-07-29,108.08999633789062,110.36000061035156,106.04000091552734,109.08999633789062,1053600
2024-07-30,106.44000244140625,109.26000213623047,105.68000030517578,107.91000366210938,1208500
2024-07-31,106.9800033569336,108.4000015258789,104.88999938964844,106.66000366210938,1204400
2024-08-01,107.33000183105469,108.76000213623047,105.38999938964844,106.12999725341797,925900
2024-08-02,106.33999633789062,107.86000061035156,104.58000183105469,106.08000183105469,847700
2024-08-05,104.79000091552734,106.91000366210938,101.61000061035156,102.80000305175781,1160600
2024-08-06,110.31999969482422,110.68000030517578,105.58000183105469,106.12999725341797,1382100
2024-08-07,122.7699966430664,124.98999786376953,117.44000244140625,118.56999969482422,1591100
2024-08-08,127.94000244140625,128.0399932861328,121.41999816894531,123.02999877929688,1053700
2024-08-09,126.87000274658203,130.42999267578125,126.26000213623047,128.72000122070312,659400
2024-08-12,127.7699966430664,128.7899932861328,126.16000366210938,126.16000366210938,610000
2024-08-13,128.38999938964844,129.42999267578125,127.23999786376953,128.3699951171875,492400
2024-08-14,123.93000030517578,128.8300018310547,123.04000091552734,128.3000030517578,620200
2024-08-15,121.56999969482422,126.58000183105469,121.02999877929688,124.62999725341797,713100
2024-08-16,123.43000030517578,124.29000091552734,120.23999786376953,120.23999786376953,731800
2024-08-19,122.08000183105469,123.87000274658203,121.02999877929688,123.29000091552734,371900
2024-08-20,121.69999694824219,123.0,121.44999694824219,122.80999755859375,275300
2024-08-21,123.3499984741211,123.4800033569336,121.27999877929688,121.48999786376953,318000
2024-08-22,122.11000061035156,123.94000244140625,121.68000030517578,123.87000274658203,327200
2024-08-23,119.94000244140625,122.61000061035156,119.05999755859375,122.5999984741211,319800
2024-08-26,118.5199966430664,121.19000244140625,117.95999908447266,119.87000274658203,455500
2024-08-27,116.54000091552734,117.91999816894531,115.06999969482422,117.91999816894531,447800
2024-08-28,116.37999725341797,117.91000366210938,115.44999694824219,116.54000091552734,246700
2024-08-29,117.12999725341797,117.91999816894531,116.79000091552734,116.79000091552734,219600
2024-08-30,117.5199966430664,118.54000091552734,117.1500015258789,117.38999938964844,227300
2024-09-03,114.0199966430664,117.45999908447266,113.54000091552734,116.38999938964844,427400
2024-09-04,115.05000305175781,115.63999938964844,113.47000122070312,113.47000122070312,306400
2024-09-05,114.2699966430664,115.41000366210938,112.73999786376953,114.9000015258789,224000
2024-09-06,111.52999877929688,116.04000091552734,110.19000244140625,114.26000213623047,316000
2024-09-09,111.36000061035156,112.30000305175781,107.9800033569336,111.20999908447266,726900
2024-09-10,114.98999786376953,116.25,110.77999877929688,111.16999816894531,681400
2024-09-11,114.19000244140625,115.44999694824219,112.44000244140625,114.98999786376953,464400
2024-09-12,113.0,114.30000305175781,111.13999938964844,114.30000305175781,466200
2024-09-13,112.80000305175781,113.26000213623047,111.25,112.31999969482422,591700
2024-09-16,113.97000122070312,114.98999786376953,112.97000122070312,113.80000305175781,321800
2024-09-17,115.01000213623047,116.52999877929688,113.76000213623047,113.95999908447266,591200
2024-09-18,114.30999755859375,115.73999786376953,113.62000274658203,115.02999877929688,478000
2024-09-19,111.7300033569336,116.68000030517578,111.02999877929688,115.83999633789062,986900
2024-09-20,121.41999816894531,123.06999969482422,113.54000091552734,113.7699966430664,2572600
2024-09-23,125.0,125.33999633789062,119.7300033569336,120.97000122070312,1659100
2024-09-24,126.18000030517578,126.30000305175781,122.94000244140625,125.0,513300
2024-09-25,133.77000427246094,135.4499969482422,128.77000427246094,130.0,1400700
2024-09-26,133.10000610351562,135.77999877929688,132.1199951171875,134.0,885300
2024-09-27,133.1999969482422,135.27000427246094,131.00999450683594,132.0,607500
2024-09-30,133.3300018310547,134.6699981689453,131.86000061035156,133.36000061035156,436000
2024-10-01,134.39999389648438,134.75,131.91000366210938,134.19000244140625,698700
2024-10-02,135.5399932861328,137.5,133.80999755859375,134.0399932861328,1071600
2024-10-03,132.4199981689453,136.6999969482422,131.60000610351562,135.5399932861328,720300
2024-10-04,138.8300018310547,139.6199951171875,132.6699981689453,133.13999938964844,2475400
2024-10-07,135.6699981689453,139.5,133.1699981689453,138.6999969482422,2128300
2024-10-08,139.94000244140625,141.75999450683594,135.86000061035156,135.9199981689453,992700
2024-10-09,143.49000549316406,143.72999572753906,138.8300018310547,139.80999755859375,737900
2024-10-10,141.99000549316406,145.1199951171875,141.16000366210938,142.92999267578125,876800
2024-10-11,140.6199951171875,143.5,140.30999755859375,141.99000549316406,430700
2024-10-14,144.35000610351562,145.24000549316406,140.94000244140625,141.5500030517578,652000
2024-10-15,143.92999267578125,146.10000610351562,143.02000427246094,143.14999389648438,455100
2024-10-16,144.55999755859375,145.55999755859375,142.8000030517578,143.16000366210938,763100
2024-10-17,142.9499969482422,145.75,141.02999877929688,144.35000610351562,549300
2024-10-18,144.66000366210938,146.80999755859375,140.52999877929688,143.3699951171875,608800
2024-10-21,144.0500030517578,145.02000427246094,143.27999877929688,144.85000610351562,417200
2024-10-22,143.72999572753906,144.60000610351562,142.0,143.0399932861328,759600
2024-10-23,141.99000549316406,143.91000366210938,140.47000122070312,143.91000366210938,283200
2024-10-24,140.74000549316406,143.52999877929688,140.6999969482422,142.02999877929688,535900
2024-10-25,139.3300018310547,141.6300048828125,139.13999938964844,140.77999877929688,357000
2024-10-28,140.7100067138672,142.0800018310547,139.00999450683594,139.4600067138672,401100
2024-10-29,141.0500030517578,142.7100067138672,137.75999450683594,138.72000122070312,273700
2024-10-30,142.88999938964844,145.57000732421875,139.42999267578125,140.10000610351562,617900
2024-10-31,144.00999450683594,144.24000549316406,140.8300018310547,141.89999389648438,655800
2024-11-01,144.22000122070312,144.94000244140625,142.58999633789062,143.82000732421875,388500
2024-11-04,147.38999938964844,147.72000122070312,143.8699951171875,143.97999572753906,730100
2024-11-05,151.55999755859375,153.16000366210938,147.47999572753906,147.6999969482422,1309900
2024-11-06,167.6300048828125,173.89999389648438,152.97999572753906,173.89999389648438,2121400
2024-11-07,161.35000610351562,169.72999572753906,159.6699981689453,167.39999389648438,952800
2024-11-08,162.41000366210938,164.55999755859375,159.67999267578125,162.74000549316406,368900
2024-11-11,161.6300048828125,164.1199951171875,160.89999389648438,163.25,482700
2024-11-12,160.85000610351562,162.58999633789062,159.5800018310547,161.0,485300
2024-11-13,161.67999267578125,164.14999389648438,160.07000732421875,161.13999938964844,464600
2024-11-14,160.14999389648438,163.10000610351562,157.5500030517578,161.38999938964844,855900
2024-11-15,161.07000732421875,163.3000030517578,156.52999877929688,159.66000366210938,542000
2024-11-18,160.8300018310547,162.6199951171875,158.72000122070312,160.1699981689453,522900
2024-11-19,163.5,164.57000732421875,158.91000366210938,159.6199951171875,359700
2024-11-20,164.9499969482422,165.63999938964844,161.02000427246094,162.66000366210938,526600
2024-11-21,169.1199951171875,169.89999389648438,163.8000030517578,164.9499969482422,543300
2024-11-22,172.9600067138672,174.33999633789062,169.0800018310547,170.0,1036200
2024-11-25,177.6999969482422,178.11000061035156,174.19000244140625,174.19000244140625,545900
2024-11-26,172.25999450683594,178.27999877929688,172.00999450683594,177.7100067138672,834300
2024-11-27,170.88999938964844,175.0,170.5500030517578,173.1199951171875,534500
2024-11-29,172.5399932861328,174.72000122070312,171.17999267578125,171.17999267578125,241000
2024-12-02,171.69000244140625,174.0500030517578,171.27000427246094,172.39999389648438,341100
2024-12-03,174.19000244140625,174.72999572753906,170.11000061035156,171.49000549316406,311800
2024-12-04,171.7100067138672,174.1699981689453,170.47999572753906,173.07000732421875,325900
2024-12-05,169.38999938964844,172.22999572753906,169.22000122070312,171.58999633789062,272500
2024-12-06,169.7899932861328,172.64999389648438,168.9199981689453,169.3699951171875,253400
2024-12-09,169.52000427246094,174.72999572753906,167.82000732421875,170.41000366210938,454800
2024-12-10,174.64999389648438,176.14999389648438,169.1199951171875,169.8000030517578,799000
2024-12-11,174.3800048828125,178.8699951171875,173.8300018310547,175.94000244140625,489500
2024-12-12,175.0800018310547,176.7899932861328,173.42999267578125,174.1300048828125,350600
2024-12-13,176.13999938964844,177.02000427246094,172.92999267578125,173.92999267578125,595500
2024-12-16,177.25999450683594,180.97000122070312,175.3800048828125,176.0,693400
2024-12-17,174.07000732421875,179.3800048828125,173.44000244140625,176.11000061035156,475600
2024-12-18,170.6300048828125,176.64999389648438,170.25,176.47000122070312,550200
2024-12-19,170.0,173.1199951171875,167.97999572753906,170.75,548600
2024-12-20,169.52000427246094,173.25999450683594,166.97000122070312,168.92999267578125,1105200
2024-12-23,167.50999450683594,169.9600067138672,165.85000610351562,168.9499969482422,328600
2024-12-24,168.30999755859375,168.75999450683594,166.7899932861328,166.7899932861328,137200
2024-12-26,171.02000427246094,172.3000030517578,166.6999969482422,167.6199951171875,360100
2024-12-27,170.97000122070312,172.52000427246094,168.24000549316406,170.3699951171875,424700
2024-12-30,168.58999633789062,171.0,166.80999755859375,170.24000549316406,324900
2024-12-31,165.3000030517578,168.58999633789062,165.1699981689453,168.58999633789062,336100
2025-01-02,168.57000732421875,170.6999969482422,165.41000366210938,167.3300018310547,342600
2025-01-03,171.22999572753906,172.07000732421875,168.47999572753906,169.0,294900
2025-01-06,171.89999389648438,175.17999267578125,171.16000366210938,171.16000366210938,462800
2025-01-07,165.5500030517578,173.27000427246094,164.52999877929688,171.63999938964844,664200
2025-01-08,168.8000030517578,169.66000366210938,163.66000366210938,165.69000244140625,634300
2025-01-10,166.4199981689453,168.4499969482422,165.55999755859375,166.74000549316406,442300
2025-01-13,165.57000732421875,166.52999877929688,163.5399932861328,164.6199951171875,447500
2025-01-14,166.08999633789062,169.58999633789062,164.7100067138672,167.0,349600
2025-01-15,172.07000732421875,173.86000061035156,166.64999389648438,167.72000122070312,723000
2025-01-16,169.94000244140625,176.0,164.72000122070312,172.0,994300
2025-01-17,172.2899932861328,173.3699951171875,169.5500030517578,172.0,616400
2025-01-21,176.07000732421875,177.0800018310547,172.99000549316406,172.99000549316406,415200
2025-01-22,173.16000366210938,176.72999572753906,172.32000732421875,176.17999267578125,550100
2025-01-23,168.0800018310547,173.02999877929688,167.82000732421875,173.02999877929688,587900
2025-01-24,170.24000549316406,171.58999633789062,168.0,168.0,337900
2025-01-27,170.5399932861328,173.8699951171875,169.4499969482422,169.5,437400
2025-01-28,175.17999267578125,175.39999389648438,170.9600067138672,171.0500030517578,624700
2025-01-29,177.60000610351562,178.30999755859375,175.1699981689453,175.94000244140625,470100
2025-01-30,181.6999969482422,183.13999938964844,179.19000244140625,179.19000244140625,442800
2025-01-31,174.22999572753906,182.47000122070312,173.80999755859375,181.75,555500
2025-02-03,172.13999938964844,174.6699981689453,171.0399932861328,171.5800018310547,251600
2025-02-04,175.6999969482422,176.88999938964844,172.0,172.00999450683594,301700
2025-02-05,177.94000244140625,178.19000244140625,176.2899932861328,176.7100067138672,264900
2025-02-06,180.02000427246094,180.3000030517578,176.52000427246094,177.64999389648438,319200
2025-02-07,176.16000366210938,181.4199981689453,174.2899932861328,179.89999389648438,325800
2025-02-10,178.41000366210938,180.72999572753906,176.8000030517578,177.77000427246094,429100
2025-02-11,176.89999389648438,178.85000610351562,175.1300048828125,176.80999755859375,347800
2025-02-12,179.50999450683594,180.0,173.13999938964844,173.8699951171875,284000
2025-02-13,179.58999633789062,181.4600067138672,179.39999389648438,179.99000549316406,290000
2025-02-14,181.30999755859375,181.5399932861328,179.57000732421875,180.52999877929688,498400
2025-02-18,180.36000061035156,181.5,178.0500030517578,180.97000122070312,429900
2025-02-19,179.42999267578125,184.50999450683594,179.08999633789062,180.7899932861328,694400
2025-02-20,177.2100067138672,178.8699951171875,169.0,177.1699981689453,720100
2025-02-21,169.9600067138672,179.27000427246094,169.39999389648438,178.57000732421875,603600
2025-02-24,170.72000122070312,171.9600067138672,166.61000061035156,169.25,591000
2025-02-25,169.5399932861328,172.72000122070312,166.83999633789062,171.97000122070312,689200
2025-02-26,190.47000122070312,191.10000610351562,175.99000549316406,188.60000610351562,1509100
2025-02-27,186.1999969482422,192.6199951171875,183.5500030517578,191.3699951171875,912200
2025-02-28,188.77000427246094,189.0,183.35000610351562,186.42999267578125,698000
2025-03-03,190.6300048828125,194.8800048828125,186.49000549316406,188.99000549316406,896900
2025-03-04,183.4600067138672,187.25,175.50999450683594,187.25,619800
2025-03-05,186.19000244140625,186.27000427246094,181.61000061035156,183.14999389648438,378700
2025-03-06,175.61000061035156,183.5,174.61000061035156,181.5,498200
2025-03-07,174.52000427246094,176.80999755859375,170.5,176.0,630700
2025-03-10,165.4499969482422,172.8300018310547,162.7100067138672,172.0,820600
2025-03-11,166.52000427246094,171.38999938964844,163.3800048828125,165.75,700200
2025-03-12,167.6699981689453,171.80999755859375,164.47000122070312,170.2100067138672,943100
2025-03-13,165.69000244140625,167.67999267578125,161.02999877929688,167.16000366210938,450700
2025-03-14,168.2100067138672,171.3300018310547,165.9600067138672,167.94000244140625,473000
2025-03-17,172.77999877929688,173.1199951171875,167.66000366210938,167.85000610351562,462500
2025-03-18,168.16000366210938,173.49000549316406,166.82000732421875,171.97999572753906,370500
2025-03-19,172.74000549316406,175.36000061035156,166.5,169.22999572753906,850300
2025-03-20,169.5,175.39999389648438,168.57000732421875,170.99000549316406,535700
2025-03-21,165.82000732421875,168.64999389648438,164.41000366210938,168.0,701700
2025-03-24,167.61000061035156,170.6699981689453,166.2100067138672,169.25,520200
2025-03-25,169.6999969482422,170.8000030517578,167.75999450683594,169.14999389648438,477000
2025-03-26,166.4199981689453,169.77999877929688,166.0399932861328,169.1699981689453,304200
2025-03-27,168.47000122070312,169.82000732421875,165.0399932861328,167.0399932861328,413600
2025-03-28,163.5500030517578,168.72000122070312,163.10000610351562,167.3800048828125,594400
2025-03-31,166.60000610351562,167.75,159.2899932861328,161.25,445500
2025-04-01,167.61000061035156,168.64999389648438,163.83999633789062,166.27000427246094,373900
2025-04-02,171.47999572753906,171.55999755859375,163.75,164.86000061035156,350800
2025-04-03,152.3699951171875,163.0,151.83999633789062,163.0,981300
2025-04-04,144.39999389648438,149.3699951171875,141.3699951171875,146.91000366210938,1161400
2025-04-07,150.36000061035156,153.3800048828125,133.6999969482422,138.75999450683594,1133100
2025-04-08,145.05999755859375,160.6199951171875,142.25,155.9499969482422,761700
2025-04-09,164.57000732421875,169.02000427246094,135.80999755859375,143.92999267578125,1467100
2025-04-10,151.49000549316406,161.0,148.50999450683594,158.5500030517578,1109400
2025-04-11,153.89999389648438,156.52000427246094,149.52000427246094,154.52999877929688,729400
2025-04-14,153.61000061035156,158.85000610351562,152.47999572753906,158.85000610351562,720800
2025-04-15,152.05999755859375,155.61000061035156,149.7899932861328,153.1300048828125,315200
2025-04-16,151.67999267578125,154.30999755859375,149.0800018310547,150.8699951171875,347800
2025-04-17,152.14999389648438,153.7100067138672,150.0,151.67999267578125,457400
2025-04-21,149.24000549316406,151.36000061035156,146.11000061035156,150.89999389648438,355800
2025-04-22,152.07000732421875,153.5,149.80999755859375,152.69000244140625,471200
2025-04-23,157.92999267578125,165.72999572753906,153.8699951171875,153.8699951171875,475000
2025-04-24,162.6300048828125,163.9499969482422,158.4199981689453,159.27000427246094,670500
2025-04-25,163.74000549316406,163.88999938964844,161.47999572753906,162.24000549316406,324500
2025-04-28,164.0399932861328,165.10000610351562,160.6999969482422,163.69000244140625,352500
2025-04-29,163.13999938964844,165.39999389648438,161.75,163.97999572753906,344200
2025-04-30,160.9600067138672,162.94000244140625,158.36000061035156,162.94000244140625,347500
2025-05-01,163.64999389648438,165.8300018310547,160.7100067138672,163.5399932861328,385600
2025-05-02,166.4199981689453,168.6199951171875,164.82000732421875,165.4499969482422,511600
2025-05-05,162.86000061035156,164.07000732421875,160.00999450683594,164.07000732421875,529100
2025-05-06,161.47000122070312,163.38999938964844,159.41000366210938,162.47999572753906,909900
2025-05-07,150.11000061035156,154.0,142.8000030517578,143.57000732421875,1804200
2025-05-08,153.5800018310547,158.77999877929688,152.00999450683594,152.77999877929688,905900
2025-05-09,156.57000732421875,159.17999267578125,154.4600067138672,154.7899932861328,1594600
2025-05-12,163.55999755859375,165.27999877929688,161.72000122070312,162.41000366210938,614500
2025-05-13,161.55999755859375,165.27000427246094,161.3699951171875,163.89999389648438,536900
2025-05-14,153.14999389648438,161.3300018310547,151.1300048828125,160.8000030517578,1046300
2025-05-15,154.38999938964844,155.1699981689453,151.38999938964844,152.41000366210938,745400
2025-05-16,155.6199951171875,156.13999938964844,152.97000122070312,154.6300048828125,537600
2025-05-19,155.1300048828125,155.1999969482422,152.83999633789062,152.83999633789062,447200
2025-05-20,156.1699981689453,156.41000366210938,153.6699981689453,155.08999633789062,524500
2025-05-21,149.38999938964844,155.60000610351562,148.58999633789062,154.89999389648438,811200
2025-05-22,149.91000366210938,151.0,147.66000366210938,150.24000549316406,506600
2025-05-23,150.1300048828125,150.8800048828125,146.97999572753906,148.5,311100
2025-05-27,157.25,157.82000732421875,150.77999877929688,152.1199951171875,690600
2025-05-28,155.00999450683594,157.05999755859375,154.97999572753906,156.94000244140625,569400
2025-05-29,156.97000122070312,157.2100067138672,152.41000366210938,155.97000122070312,728600
2025-05-30,162.5,163.07000732421875,154.3800048828125,155.60000610351562,1085700
2025-06-02,165.02999877929688,165.14999389648438,159.75999450683594,161.22999572753906,881300
2025-06-03,163.8300018310547,167.4499969482422,163.69000244140625,165.77000427246094,531700
2025-06-04,162.9600067138672,164.3699951171875,160.22999572753906,163.22000122070312,439900
2025-06-05,164.72000122070312,165.44000244140625,161.85000610351562,163.8000030517578,825300
2025-06-06,171.97000122070312,173.3699951171875,165.60000610351562,166.86000061035156,910100
2025-06-09,171.8800048828125,173.39999389648438,169.5399932861328,172.4199981689453,787500
2025-06-10,168.02999877929688,174.5,167.5399932861328,171.8800048828125,654100
2025-06-11,167.00999450683594,168.86000061035156,165.49000549316406,168.85000610351562,617700
2025-06-12,165.33999633789062,166.7899932861328,164.7100067138672,165.7899932861328,466200
2025-06-13,161.1999969482422,163.24000549316406,157.5399932861328,160.14999389648438,547200
2025-06-16,162.5399932861328,164.97000122070312,161.4499969482422,161.77999877929688,429000
2025-06-17,159.32000732421875,162.77999877929688,159.22999572753906,161.60000610351562,349200
2025-06-18,162.77000427246094,163.25,158.6300048828125,159.85000610351562,362300
2025-06-20,165.17999267578125,167.66000366210938,163.3699951171875,164.5399932861328,630800
2025-06-23,168.1199951171875,168.47999572753906,162.99000549316406,164.9600067138672,404000
2025-06-24,170.27000427246094,171.22999572753906,166.58999633789062,168.57000732421875,863100
2025-06-25,169.3000030517578,173.99000549316406,168.27999877929688,170.4199981689453,726900
2025-06-26,166.7100067138672,171.82000732421875,165.72000122070312,171.33999633789062,590100
2025-06-27,168.2100067138672,168.75999450683594,165.08999633789062,167.1999969482422,1215600
2025-06-30,168.22000122070312,169.1699981689453,166.5399932861328,168.47999572753906,394500
2025-07-01,169.00999450683594,171.1199951171875,163.2899932861328,168.0399932861328,539400
2025-07-02,171.33999633789062,172.5500030517578,167.57000732421875,168.6699981689453,431800
2025-07-03,167.57000732421875,171.72000122070312,165.52999877929688,171.72000122070312,498700
2025-07-07,162.4499969482422,167.94000244140625,161.8800048828125,166.75999450683594,832100
2025-07-08,162.35000610351562,165.5,161.17999267578125,162.63999938964844,868100
2025-07-09,165.41000366210938,166.16000366210938,162.0399932861328,162.57000732421875,389100
2025-07-10,166.32000732421875,168.80999755859375,165.58999633789062,166.13999938964844,356300
2025-07-11,162.99000549316406,165.75,161.02999877929688,165.75,459100
2025-07-14,161.69000244140625,163.5,160.8300018310547,162.67999267578125,556000
2025-07-15,160.0399932861328,161.69000244140625,159.7899932861328,161.16000366210938,461300
2025-07-16,159.4499969482422,161.08999633789062,158.0500030517578,160.5399932861328,418400
2025-07-17,158.35000610351562,159.94000244140625,155.8699951171875,158.5800018310547,491400
2025-07-18,154.47000122070312,160.74000549316406,154.14999389648438,160.74000549316406,509200
2025-07-21,155.1300048828125,155.75999450683594,153.36000061035156,154.66000366210938,412300
2025-07-22,158.22999572753906,158.47999572753906,154.5399932861328,155.80999755859375,571800
2025-07-23,165.0,165.60000610351562,158.80999755859375,159.97999572753906,631400
2025-07-24,161.3800048828125,166.9600067138672,161.19000244140625,164.80999755859375,454300
2025-07-25,164.6199951171875,165.1999969482422,161.97999572753906,162.74000549316406,561600
2025-07-28,162.17999267578125,164.77000427246094,161.77999877929688,164.77000427246094,549000
2025-07-29,158.94000244140625,162.64999389648438,158.86000061035156,162.16000366210938,488000
2025-07-30,156.02000427246094,162.0,155.27000427246094,159.47000122070312,861600
2025-07-31,153.7899932861328,158.80999755859375,152.72999572753906,155.25,633400
2025-08-01,153.9499969482422,157.1699981689453,150.4199981689453,153.80999755859375,476000
2025-08-04,161.27000427246094,162.67999267578125,153.47999572753906,154.3800048828125,962000
2025-08-05,163.8800048828125,164.32000732421875,159.22999572753906,161.16000366210938,1142000
2025-08-06,144.64999389648438,162.97999572753906,135.8300018310547,162.97999572753906,3725100
2025-08-07,144.89999389648438,148.0800018310547,144.27999877929688,146.22999572753906,888300
2025-08-08,144.72999572753906,147.39999389648438,144.1699981689453,145.1199951171875,903400
2025-08-11,147.3699951171875,149.66000366210938,144.27000427246094,144.97000122070312,871200
2025-08-12,150.1300048828125,151.5399932861328,147.47000122070312,148.99000549316406,652700
2025-08-13,155.9600067138672,156.7100067138672,151.7100067138672,152.74000549316406,904100
2025-08-14,151.8699951171875,152.02000427246094,147.2100067138672,151.8000030517578,970200
2025-08-15,153.8699951171875,158.2899932861328,152.9199981689453,152.9199981689453,441000
2025-08-18,153.92999267578125,155.8800048828125,153.4499969482422,153.4499969482422,528900
2025-08-19,146.75999450683594,154.6999969482422,146.49000549316406,153.74000549316406,1023000
2025-08-20,145.64999389648438,147.11000061035156,144.02000427246094,146.0,667800
2025-08-21,144.24000549316406,146.16000366210938,143.11000061035156,144.38999938964844,721400
2025-08-22,148.6300048828125,149.58999633789062,144.2899932861328,145.1199951171875,430000
2025-08-25,145.14999389648438,147.6699981689453,144.66000366210938,146.67999267578125,467400
2025-08-26,143.25,145.7899932861328,142.86000061035156,145.58999633789062,575700
2025-08-27,142.49000549316406,144.0800018310547,141.1699981689453,142.3300018310547,777600
2025-08-28,140.9499969482422,142.75,139.44000244140625,142.5,668100
2025-08-29,139.7100067138672,141.92999267578125,138.77000427246094,141.25999450683594,459900
2025-09-02,137.74000549316406,138.1999969482422,135.33999633789062,137.0,681900
2025-09-03,136.77000427246094,138.5,135.72999572753906,137.4600067138672,536800
2025-09-04,143.00999450683594,143.33999633789062,136.35000610351562,137.5500030517578,709700
2025-09-05,147.19000244140625,148.0800018310547,142.07000732421875,142.52999877929688,694000
2025-09-08,148.7899932861328,149.9499969482422,145.9199981689453,147.19000244140625,740300
2025-09-09,148.1199951171875,149.4600067138672,147.1699981689453,149.4600067138672,357200
2025-09-10,145.82000732421875,148.4600067138672,144.6300048828125,147.6300048828125,360600
2025-09-11,146.2100067138672,149.35000610351562,144.85000610351562,148.0500030517578,646700
2025-09-12,147.44000244140625,148.39999389648438,143.89999389648438,145.50999450683594,699200
2025-09-15,145.72000122070312,148.9499969482422,145.14999389648438,148.07000732421875,547400
2025-09-16,143.0,145.7100067138672,141.72999572753906,145.16000366210938,770700
2025-09-17,141.22999572753906,144.58999633789062,140.11000061035156,143.9499969482422,997600
2025-09-18,143.0,144.02000427246094,140.57000732421875,141.97000122070312,566800
2025-09-19,140.42999267578125,143.22999572753906,140.16000366210938,143.0,1106200
2025-09-22,142.1300048828125,142.32000732421875,137.83999633789062,139.99000549316406,441200
2025-09-23,140.36000061035156,143.97000122070312,140.25,141.82000732421875,727200
2025-09-24,140.4199981689453,143.0500030517578,139.22999572753906,140.47000122070312,715100
2025-09-25,139.75,139.8000030517578,136.63999938964844,138.11000061035156,738000
2025-09-26,141.39999389648438,142.80999755859375,139.60000610351562,140.19000244140625,652000
2025-09-29,142.94000244140625,143.0500030517578,140.50999450683594,142.72000122070312,664700
2025-09-30,147.5500030517578,148.4199981689453,142.6699981689453,142.72999572753906,672400
2025-10-01,142.5399932861328,149.19000244140625,140.82000732421875,147.25999450683594,983600
2025-10-02,146.0500030517578,146.1199951171875,140.88999938964844,141.6300048828125,622600
2025-10-03,147.2899932861328,148.97999572753906,145.77000427246094,146.1699981689453,545300
2025-10-06,148.1300048828125,149.3699951171875,146.42999267578125,147.47999572753906,883900
2025-10-07,150.25,152.42999267578125,148.49000549316406,149.35000610351562,1130300
2025-10-08,153.72000122070312,154.22999572753906,148.99000549316406,150.83999633789062,633200
2025-10-09,150.52999877929688,155.99000549316406,149.6999969482422,155.08999633789062,624500
2025-10-10,144.63999938964844,151.16000366210938,144.10000610351562,151.1300048828125,591900
2025-10-13,148.00999450683594,148.24000549316406,145.30999755859375,146.3300018310547,584700
2025-10-14,147.4499969482422,151.67999267578125,145.72000122070312,146.2100067138672,500300
2025-10-15,148.55999755859375,149.3000030517578,145.8800048828125,147.47999572753906,447000
2025-10-16,147.22000122070312,150.0,145.5800018310547,149.33999633789062,491900
2025-10-17,146.77999877929688,147.88999938964844,145.0,145.9600067138672,588400
2025-10-20,147.00999450683594,149.0500030517578,146.66000366210938,148.10000610351562,625300
2025-10-21,148.3300018310547,149.0800018310547,146.3800048828125,147.0,743200
2025-10-22,147.22999572753906,150.66000366210938,146.22000122070312,148.85000610351562,657300
2025-10-23,148.72999572753906,150.0800018310547,146.55999755859375,147.36000061035156,438700
2025-10-24,147.77999877929688,149.85000610351562,147.64999389648438,149.14999389648438,336900
2025-10-27,148.0,148.8300018310547,147.16000366210938,147.97999572753906,420800
2025-10-28,146.41000366210938,148.60000610351562,146.00999450683594,147.58999633789062,418100
2025-10-29,142.91000366210938,147.1699981689453,141.66000366210938,146.39999389648438,653100
2025-10-30,141.5399932861328,146.75999450683594,141.41000366210938,143.24000549316406,359000
2025-10-31,140.64999389648438,142.02000427246094,138.67999267578125,141.6699981689453,787000
2025-11-03,144.9600067138672,145.61000061035156,140.10000610351562,140.10000610351562,983800
2025-11-04,149.00999450683594,152.35000610351562,142.9499969482422,143.52000427246094,1440500
2025-11-05,142.13999938964844,157.72000122070312,138.5500030517578,150.97999572753906,2594400
2025-11-06,143.83999633789062,143.97000122070312,139.0,139.49000549316406,620700
2025-11-07,143.16000366210938,146.17999267578125,141.97000122070312,143.13999938964844,585500
2025-11-10,144.5,146.91000366210938,142.67999267578125,143.1699981689453,692000
2025-11-11,146.67999267578125,151.39999389648438,143.85000610351562,144.47000122070312,1498900
2025-11-12,149.7899932861328,152.85000610351562,145.6699981689453,145.6699981689453,520500
2025-11-13,152.42999267578125,152.5800018310547,148.33999633789062,149.1199951171875,688200
2025-11-14,151.1199951171875,153.57000732421875,150.14999389648438,151.22000122070312,680000
2025-11-17,147.02999877929688,152.25999450683594,146.82000732421875,152.25999450683594,704400
2025-11-18,143.8800048828125,147.97000122070312,141.5,145.57000732421875,969300
2025-11-19,140.94000244140625,144.10000610351562,139.75999450683594,144.10000610351562,883700
2025-11-20,143.0,145.91000366210938,141.4499969482422,141.5800018310547,589400
2025-11-21,149.25,150.83999633789062,143.8800048828125,143.8800048828125,1011400
2025-11-24,145.6199951171875,151.3699951171875,145.0800018310547,149.4499969482422,769400
2025-11-25,146.49000549316406,148.67999267578125,144.4600067138672,145.77000427246094,820100
2025-11-26,143.9600067138672,147.14999389648438,143.64999389648438,145.72999572753906,467500
2025-11-28,142.42999267578125,143.8000030517578,142.02999877929688,142.7899932861328,260400
2025-12-01,144.02000427246094,144.4499969482422,141.8800048828125,142.24000549316406,689000
2025-12-02,142.19000244140625,144.38999938964844,141.5,143.83999633789062,549100
2025-12-03,138.08999633789062,149.83999633789062,136.99000549316406,143.1999969482422,1219200
2025-12-04,142.25999450683594,142.2899932861328,135.2899932861328,138.27000427246094,1043800
2025-12-05,141.67999267578125,147.82000732421875,140.8300018310547,142.82000732421875,840700
2025-12-08,140.85000610351562,141.9499969482422,139.0,140.72000122070312,594200
2025-12-09,138.6199951171875,142.6999969482422,138.52999877929688,141.02999877929688,1068100
2025-12-10,139.77000427246094,141.02999877929688,138.5,138.99000549316406,721200
2025-12-11,141.27999877929688,142.0399932861328,137.0,140.74000549316406,1178700
2025-12-12,138.33999633789062,142.6300048828125,138.00999450683594,142.0,540800
2025-12-15,137.39999389648438,138.25999450683594,136.22999572753906,137.9499969482422,695300
2025-12-16,134.52000427246094,137.8800048828125,132.89999389648438,137.19000244140625,976800
2025-12-17,135.72000122070312,137.11000061035156,133.97999572753906,134.52000427246094,985800
2025-12-18,136.66000366210938,137.52999877929688,135.5800018310547,135.72000122070312,785600
2025-12-19,134.0399932861328,137.7899932861328,131.47000122070312,136.49000549316406,1498300
2025-12-22,137.0,137.4499969482422,133.99000549316406,134.0,806000
2025-12-23,133.8699951171875,136.5,133.58999633789062,135.9600067138672,536700
2025-12-24,133.27999877929688,134.80999755859375,133.2100067138672,133.67999267578125,257200
2025-12-26,132.75999450683594,133.67999267578125,131.9199981689453,132.82000732421875,304900
2025-12-29,130.82000732421875,133.8000030517578,130.52999877929688,132.60000610351562,533000
2025-12-30,131.07000732421875,131.2899932861328,129.8300018310547,130.4499969482422,627100
2025-12-31,130.05999755859375,131.9499969482422,129.77000427246094,130.47999572753906,600300
2026-01-02,127.4000015258789,130.58999633789062,126.56999969482422,130.58999633789062,601400
2026-01-05,134.0,134.8800048828125,125.94000244140625,127.0199966430664,1022200
2026-01-06,136.60000610351562,137.3800048828125,133.6199951171875,133.6199951171875,643000
2026-01-07,137.0800018310547,138.19000244140625,135.47999572753906,136.8300018310547,523300
2026-01-08,137.91000366210938,138.6199951171875,135.47000122070312,136.14999389648438,608900
2026-01-09,138.9199981689453,140.33999633789062,135.1999969482422,138.41000366210938,542900
2026-01-12,132.22999572753906,139.85000610351562,130.57000732421875,139.85000610351562,587600
2026-01-13,129.8300018310547,133.4600067138672,129.77000427246094,131.38999938964844,509000
2026-01-14,138.41000366210938,138.99000549316406,128.88999938964844,129.25999450683594,1287600
2026-01-15,139.8699951171875,143.9499969482422,137.72999572753906,138.07000732421875,1292500
2026-01-16,142.0500030517578,144.2899932861328,139.35000610351562,139.35000610351562,864000
2026-01-20,142.6999969482422,143.52999877929688,138.83999633789062,140.13999938964844,1033200
2026-01-21,146.2100067138672,148.75999450683594,142.97000122070312,144.1300048828125,1075600
2026-01-22,143.92999267578125,146.6999969482422,142.1300048828125,146.33999633789062,1022100
2026-01-23,141.4600067138672,144.58999633789062,141.39999389648438,143.50999450683594,702500
2026-01-26,140.1999969482422,142.47999572753906,139.63999938964844,141.89999389648438,553400
2026-01-27,137.9199981689453,139.6199951171875,137.4499969482422,139.3000030517578,528200
2026-01-28,137.6699981689453,138.77000427246094,135.91000366210938,137.8000030517578,1136300
2026-01-29,136.25,138.94000244140625,135.63999938964844,138.1699981689453,547800
2026-01-30,137.3300018310547,138.25999450683594,133.99000549316406,136.35000610351562,629900
2026-02-02,138.4199981689453,138.52000427246094,135.74000549316406,136.4600067138672,451800
2026-02-03,139.1300048828125,141.75,136.8000030517578,138.3300018310547,715500
2026-02-04,136.6199951171875,142.0500030517578,135.50999450683594,139.77999877929688,711300
2026-02-05,135.3300018310547,138.0399932861328,133.72999572753906,136.80999755859375,592200
2026-02-06,139.14999389648438,139.32000732421875,134.4499969482422,136.0800018310547,558900
2026-02-09,134.8000030517578,139.22000122070312,134.30999755859375,138.2100067138672,621800
2026-02-10,134.10000610351562,136.50999450683594,133.8300018310547,134.75999450683594,764700
2026-02-11,135.0399932861328,135.91000366210938,130.22999572753906,134.00999450683594,534000
2026-02-12,132.9600067138672,135.8699951171875,130.6699981689453,135.0399932861328,704500
2026-02-13,130.14999389648438,133.82000732421875,129.2100067138672,133.3300018310547,906000
2026-02-17,174.69000244140625,175.25,174.3699951171875,175.0,14818200
2026-02-18,175.61000061035156,175.8000030517578,174.6999969482422,174.8000030517578,5156700
2026-02-19,175.3300018310547,175.6999969482422,175.0,175.58999633789062,3876400
2026-02-20,175.10000610351562,175.55999755859375,175.02999877929688,175.27999877929688,4761100
2026-02-23,175.25,175.69000244140625,175.1999969482422,175.1999969482422,2268000
2026-02-24,175.35000610351562,175.89999389648438,175.2100067138672,175.33999633789062,1950800
2026-02-25,175.10000610351562,175.55999755859375,175.10000610351562,175.55999755859375,1712700
2026-02-26,175.22000122070312,175.42999267578125,175.13999938964844,175.27999877929688,2052700
2026-02-27,175.35000610351562,175.6199951171875,175.14999389648438,175.25,922900
2026-03-02,175.39999389648438,175.64999389648438,175.1300048828125,175.22000122070312,916800
2026-03-03,175.36000061035156,175.5,175.22000122070312,175.33999633789062,1600300
2026-03-04,175.3699951171875,175.5800018310547,175.2899932861328,175.35000610351562,1579400
2026-03-05,175.4600067138672,175.61000061035156,175.35000610351562,175.39999389648438,1579400
2026-03-06,175.4199981689453,175.58999633789062,175.35000610351562,175.55999755859375,2488000
2026-03-09,175.4499969482422,175.8000030517578,175.3000030517578,175.33999633789062,2961100
2026-03-10,175.49000549316406,175.72999572753906,175.41000366210938,175.58999633789062,2607500
2026-03-11,175.47000122070312,175.57000732421875,175.4499969482422,175.47999572753906,1031600
2026-03-12,175.5,175.5500030517578,175.42999267578125,175.42999267578125,2284000
2026-03-13,175.49000549316406,175.57000732421875,175.4600067138672,175.57000732421875,1814200
2026-03-16,175.39999389648438,175.5800018310547,175.3699951171875,175.50999450683594,1915500
2026-03-17,175.97000122070312,176.19000244140625,175.4499969482422,175.49000549316406,3642100
2026-03-18,176.07000732421875,176.4199981689453,175.80999755859375,176.0,2676400
2026-03-19,178.6999969482422,178.8699951171875,177.5399932861328,178.14999389648438,3068600
2026-03-20,178.24000549316406,178.8300018310547,178.0,178.5,2366600
2026-03-23,178.44000244140625,178.75,177.5800018310547,178.75,1744300
2026-03-24,178.69000244140625,179.0,177.83999633789062,177.83999633789062,1680800
2026-03-25,178.08999633789062,178.77000427246094,178.00999450683594,178.64999389648438,1021400
2026-03-26,176.88999938964844,178.16000366210938,176.8000030517578,178.08999633789062,1630100
2026-03-27,177.11000061035156,177.50999450683594,176.67999267578125,176.75999450683594,1134900
2026-03-30,177.32000732421875,177.85000610351562,176.75999450683594,177.14999389648438,1590500
2026-03-31,177.8699951171875,178.2100067138672,176.94000244140625,177.85000610351562,1328200
2026-04-01,178.00999450683594,178.27000427246094,177.5500030517578,177.8699951171875,771300
2026-04-02,178.58999633789062,178.64999389648438,177.8000030517578,178.00999450683594,1009000
2026-04-06,178.49000549316406,178.58999633789062,178.19000244140625,178.35000610351562,1254400
2026-04-07,178.72999572753906,178.72999572753906,178.25,178.25,720400
2026-04-08,178.3000030517578,178.85000610351562,178.2899932861328,178.63999938964844,787700
2026-04-09,178.3300018310547,178.61000061035156,178.25,178.4600067138672,627500
2026-04-10,178.32000732421875,178.49000549316406,178.22000122070312,178.47000122070312,494500
2026-04-13,178.47000122070312,178.5,178.22999572753906,178.3000030517578,354900
2026-04-14,178.38999938964844,178.5,178.2899932861328,178.39999389648438,505300
2026-04-15,178.38999938964844,178.5,178.32000732421875,178.32000732421875,506900
2026-04-16,178.2899932861328,178.44000244140625,178.25,178.38999938964844,566700
2026-04-17,178.38999938964844,178.52999877929688,178.3000030517578,178.4499969482422,456400
2026-04-20,178.4499969482422,178.5,178.25,178.47999572753906,612600
2026-04-21,178.42999267578125,178.55999755859375,178.36000061035156,178.49000549316406,674000
2026-04-22,178.52999877929688,178.52999877929688,178.3699951171875,178.49000549316406,606200
2026-04-23,178.7100067138672,178.75999450683594,178.3300018310547,178.41000366210938,623900
2026-04-24,178.6300048828125,178.72999572753906,178.44000244140625,178.50999450683594,576600
2026-04-27,178.66000366210938,178.75999450683594,178.52000427246094,178.58999633789062,523500
2026-04-28,178.50999450683594,178.75,178.39999389648438,178.67999267578125,955300
2026-04-29,178.4600067138672,178.60000610351562,178.4199981689453,178.5,640500
2026-04-30,178.42999267578125,178.5500030517578,178.3000030517578,178.5,921600
2026-05-01,178.47999572753906,178.58999633789062,178.3699951171875,178.49000549316406,1040800
2026-05-04,178.2100067138672,178.5,178.1699981689453,178.44000244140625,888400
2026-05-05,178.5800018310547,178.5800018310547,178.19000244140625,178.4499969482422,1145300
2026-05-06,178.49000549316406,178.74000549316406,178.25,178.52999877929688,1019000
2026-05-07,178.5,178.64999389648438,178.30999755859375,178.4499969482422,1241500
2026-05-08,178.30999755859375,178.5800018310547,178.25999450683594,178.5800018310547,757800
2026-05-11,178.5,178.75,178.30999755859375,178.35000610351562,833100
2026-05-12,178.5500030517578,178.64999389648438,178.47999572753906,178.64999389648438,823700
2026-05-13,178.41000366210938,178.6699981689453,178.27999877929688,178.64999389648438,752800
2026-05-14,178.35000610351562,178.4499969482422,178.3300018310547,178.4499969482422,585700
2026-05-15,178.47000122070312,178.50999450683594,178.35000610351562,178.4499969482422,662200
2026-05-18,178.8000030517578,178.94000244140625,178.36000061035156,178.49000549316406,1578400
2026-05-19,178.8000030517578,178.94000244140625,178.50999450683594,178.75999450683594,733500
2026-05-20,178.7899932861328,178.88999938964844,178.63999938964844,178.88999938964844,750300
2026-05-21,178.63999938964844,178.8800048828125,178.60000610351562,178.7899932861328,1180200
2026-05-22,178.80999755859375,178.83999633789062,178.36000061035156,178.67999267578125,677300
2026-05-26,178.6699981689453,178.77999877929688,178.50999450683594,178.69000244140625,910600
2026-05-27,178.77999877929688,178.8000030517578,178.38999938964844,178.57000732421875,790300
2026-05-28,178.4499969482422,178.64999389648438,178.4199981689453,178.5800018310547,1292200
2026-05-29,178.4499969482422,178.6199951171875,178.3800048828125,178.50999450683594,824700
2026-06-01,178.58999633789062,178.72000122070312,178.3000030517578,178.41000366210938,668500
2026-06-02,178.72999572753906,178.8800048828125,178.60000610351562,178.60000610351562,1021300
2026-06-03,178.77999877929688,178.9199981689453,178.6300048828125,178.7899932861328,844300
