Date,Fib_0,Fib_236,Fib_382,Fib_50,Fib_618,Fib_786,Fib_1,Fib_1_272,Fib_1_618,Fib_Position,Fib_Level_Current,Fib_Distance_Next,Fib_Zone,Fib_Buy_Signal,Fib_Sell_Signal
2000-01-03,23.41,23.62,23.75,23.86,23.97,24.12,24.31,24.55,24.87,0.03,0.00,0.21,Suporte Forte,0,0
2000-01-04,23.21,23.47,23.63,23.76,23.89,24.07,24.31,24.61,24.99,0.21,0.00,0.03,Suporte Forte,1,0
2000-01-05,22.76,23.13,23.35,23.54,23.72,23.98,24.31,24.73,25.27,0.29,0.24,0.09,Suporte,1,0
2000-01-06,22.76,23.13,23.35,23.54,23.72,23.98,24.31,24.73,25.27,0.49,0.38,0.01,Zona de Consolidação,1,0
2000-01-07,22.76,23.13,23.35,23.54,23.72,23.98,24.31,24.73,25.27,0.84,0.79,0.16,Resistência Forte,0,1
2000-01-10,22.76,23.21,23.49,23.72,23.95,24.27,24.68,25.20,25.87,0.98,0.79,0.02,Resistência Forte,0,1
2000-01-11,22.76,23.21,23.49,23.72,23.95,24.27,24.68,25.20,25.87,0.73,0.62,0.06,Resistência,1,1
2000-01-12,22.76,23.21,23.49,23.72,23.95,24.27,24.68,25.20,25.87,0.62,0.62,0.17,Resistência,1,0
2000-01-13,22.76,23.21,23.49,23.72,23.95,24.27,24.68,25.20,25.87,0.55,0.50,0.07,Zona de Consolidação,1,0
2000-01-14,22.76,23.21,23.49,23.72,23.95,24.27,24.68,25.20,25.87,0.41,0.38,0.09,Zona de Consolidação,1,0
2000-01-18,22.12,22.72,23.10,23.40,23.70,24.13,24.68,25.38,26.26,0.03,0.00,0.21,Suporte Forte,0,0
2000-01-19,22.12,22.72,23.10,23.40,23.70,24.13,24.68,25.38,26.26,0.88,0.79,0.12,Resistência Forte,0,1
2000-01-20,22.12,22.72,23.10,23.40,23.70,24.13,24.68,25.38,26.26,0.30,0.24,0.08,Suporte,1,0
2000-01-21,22.12,22.72,23.10,23.40,23.70,24.13,24.68,25.38,26.26,0.26,0.24,0.12,Suporte,0,0
2000-01-24,22.12,22.72,23.10,23.40,23.70,24.13,24.68,25.38,26.26,0.16,0.00,0.08,Suporte Forte,0,0
2000-01-25,22.12,22.72,23.10,23.40,23.70,24.13,24.68,25.38,26.26,0.35,0.24,0.03,Suporte,1,0
2000-01-26,22.12,22.72,23.10,23.40,23.70,24.13,24.68,25.38,26.26,0.34,0.24,0.04,Suporte,1,0
2000-01-27,21.44,22.20,22.68,23.06,23.44,23.99,24.68,25.56,26.68,0.36,0.24,0.02,Suporte,1,0
2000-01-28,21.44,22.20,22.68,23.06,23.44,23.99,24.68,25.56,26.68,0.19,0.00,0.05,Suporte Forte,0,0
2000-01-31,21.10,21.94,22.47,22.89,23.31,23.91,24.68,25.65,26.89,0.08,0.00,0.16,Suporte Forte,0,0
2000-02-01,21.04,21.90,22.43,22.86,23.29,23.90,24.68,25.67,26.93,0.19,0.00,0.05,Suporte Forte,0,0
2000-02-02,19.95,21.07,21.76,22.32,22.87,23.67,24.68,25.97,27.60,0.12,0.00,0.12,Suporte Forte,0,0
2000-02-03,19.95,21.07,21.76,22.32,22.87,23.67,24.68,25.97,27.60,0.42,0.38,0.08,Zona de Consolidação,1,0
2000-02-04,19.95,21.07,21.76,22.32,22.87,23.67,24.68,25.97,27.60,0.36,0.24,0.02,Suporte,1,0
2000-02-07,19.95,21.07,21.76,22.32,22.87,23.67,24.68,25.97,27.60,0.21,0.00,0.03,Suporte Forte,0,0
2000-02-08,19.95,21.07,21.76,22.32,22.87,23.67,24.68,25.97,27.60,0.22,0.00,0.02,Suporte Forte,0,0
2000-02-09,19.95,21.07,21.76,22.32,22.87,23.67,24.68,25.97,27.60,0.07,0.00,0.17,Suporte Forte,0,0
2000-02-10,19.95,21.07,21.76,22.32,22.87,23.67,24.68,25.97,27.60,0.30,0.24,0.08,Suporte,0,0
2000-02-11,19.95,21.07,21.76,22.32,22.87,23.67,24.68,25.97,27.60,0.15,0.00,0.09,Suporte Forte,0,0
2000-02-14,19.95,21.07,21.76,22.32,22.87,23.67,24.68,25.97,27.60,0.20,0.00,0.04,Suporte Forte,0,0
2000-02-15,19.95,21.07,21.76,22.32,22.87,23.67,24.68,25.97,27.60,0.17,0.00,0.07,Suporte Forte,0,0
2000-02-16,19.95,21.07,21.76,22.32,22.87,23.67,24.68,25.97,27.60,0.14,0.00,0.10,Suporte Forte,0,0
2000-02-17,19.95,21.07,21.76,22.32,22.87,23.67,24.68,25.97,27.60,0.11,0.00,0.13,Suporte Forte,0,0
2000-02-18,19.66,20.84,21.58,22.17,22.76,23.61,24.68,26.05,27.78,0.08,0.00,0.16,Suporte Forte,0,0
2000-02-22,18.03,19.60,20.57,21.36,22.14,23.26,24.68,26.49,28.79,0.13,0.00,0.11,Suporte Forte,0,0
2000-02-23,18.03,19.60,20.57,21.36,22.14,23.26,24.68,26.49,28.79,0.23,0.00,0.01,Suporte Forte,0,0
2000-02-24,18.03,19.60,20.57,21.36,22.14,23.26,24.68,26.49,28.79,0.31,0.24,0.07,Suporte,0,0
2000-02-25,18.03,19.60,20.57,21.36,22.14,23.26,24.68,26.49,28.79,0.20,0.00,0.04,Suporte Forte,0,0
2000-02-28,18.03,19.60,20.57,21.36,22.14,23.26,24.68,26.49,28.79,0.31,0.24,0.07,Suporte,0,0
2000-02-29,18.03,19.60,20.57,21.36,22.14,23.26,24.68,26.49,28.79,0.24,0.24,0.14,Suporte,0,0
2000-03-01,18.03,19.60,20.57,21.36,22.14,23.26,24.68,26.49,28.79,0.29,0.24,0.09,Suporte,0,0
2000-03-02,18.03,19.60,20.57,21.36,22.14,23.26,24.68,26.49,28.79,0.22,0.00,0.02,Suporte Forte,0,0
2000-03-03,18.03,19.60,20.57,21.36,22.14,23.26,24.68,26.49,28.79,0.22,0.00,0.02,Suporte Forte,0,0
2000-03-06,18.03,19.60,20.57,21.36,22.14,23.26,24.68,26.49,28.79,0.27,0.24,0.11,Suporte,0,0
2000-03-07,18.03,19.60,20.57,21.36,22.14,23.26,24.68,26.49,28.79,0.24,0.24,0.14,Suporte,0,0
2000-03-08,18.03,19.60,20.57,21.36,22.14,23.26,24.68,26.49,28.79,0.23,0.00,0.01,Suporte Forte,0,0
2000-03-09,18.03,19.60,20.57,21.36,22.14,23.26,24.68,26.49,28.79,0.28,0.24,0.10,Suporte,0,0
2000-03-10,18.03,19.60,20.57,21.36,22.14,23.26,24.68,26.49,28.79,0.29,0.24,0.09,Suporte,0,0
2000-03-13,18.03,19.60,20.57,21.36,22.14,23.26,24.68,26.49,28.79,0.35,0.24,0.03,Suporte,0,0
2000-03-14,18.03,19.60,20.57,21.36,22.14,23.26,24.68,26.49,28.79,0.50,0.50,0.12,Zona de Consolidação,0,0
2000-03-15,18.03,19.60,20.57,21.36,22.14,23.26,24.68,26.49,28.79,0.63,0.62,0.16,Resistência,1,0
2000-03-16,18.03,19.68,20.71,21.54,22.36,23.54,25.04,26.95,29.37,0.96,0.79,0.04,Resistência Forte,0,0
2000-03-17,18.03,19.68,20.71,21.54,22.36,23.54,25.04,26.95,29.37,0.91,0.79,0.09,Resistência Forte,0,0
2000-03-20,18.03,19.68,20.71,21.54,22.36,23.54,25.04,26.95,29.37,0.79,0.79,0.21,Resistência Forte,0,1
2000-03-21,18.03,19.68,20.71,21.54,22.36,23.54,25.04,26.95,29.37,0.81,0.79,0.19,Resistência Forte,0,1
2000-03-22,18.03,19.68,20.71,21.54,22.36,23.54,25.04,26.95,29.37,0.74,0.62,0.05,Resistência,0,0
2000-03-23,18.03,19.68,20.71,21.54,22.36,23.54,25.04,26.95,29.37,0.74,0.62,0.05,Resistência,0,0
2000-03-24,18.03,19.68,20.71,21.54,22.36,23.54,25.04,26.95,29.37,0.78,0.62,0.01,Resistência,0,1
2000-03-27,18.03,19.68,20.71,21.54,22.36,23.54,25.04,26.95,29.37,0.77,0.62,0.02,Resistência,0,1
2000-03-28,18.03,19.68,20.71,21.54,22.36,23.54,25.04,26.95,29.37,0.55,0.50,0.07,Zona de Consolidação,0,0
2000-03-29,18.03,19.68,20.71,21.54,22.36,23.54,25.04,26.95,29.37,0.50,0.50,0.12,Zona de Consolidação,0,0
2000-03-30,18.03,19.68,20.71,21.54,22.36,23.54,25.04,26.95,29.37,0.49,0.38,0.01,Zona de Consolidação,0,0
2000-03-31,18.03,19.68,20.71,21.54,22.36,23.54,25.04,26.95,29.37,0.54,0.50,0.08,Zona de Consolidação,0,0
2000-04-03,18.03,19.68,20.71,21.54,22.36,23.54,25.04,26.95,29.37,0.65,0.62,0.14,Resistência,1,0
2000-04-04,18.03,19.68,20.71,21.54,22.36,23.54,25.04,26.95,29.37,0.71,0.62,0.08,Resistência,0,0
2000-04-05,18.03,19.68,20.71,21.54,22.36,23.54,25.04,26.95,29.37,0.66,0.62,0.13,Resistência,0,0
2000-04-06,18.03,19.68,20.71,21.54,22.36,23.54,25.04,26.95,29.37,0.81,0.79,0.19,Resistência Forte,0,1
2000-04-07,18.03,19.68,20.71,21.54,22.36,23.54,25.04,26.95,29.37,0.79,0.79,0.21,Resistência Forte,0,1
2000-04-10,18.03,19.68,20.71,21.54,22.36,23.54,25.04,26.95,29.37,0.77,0.62,0.02,Resistência,0,1
2000-04-11,18.03,19.68,20.71,21.54,22.36,23.54,25.04,26.95,29.37,0.71,0.62,0.08,Resistência,0,0
2000-04-12,18.03,19.68,20.71,21.54,22.36,23.54,25.04,26.95,29.37,0.63,0.62,0.16,Resistência,1,0
2000-04-13,18.03,19.68,20.71,21.54,22.36,23.54,25.04,26.95,29.37,0.51,0.50,0.11,Zona de Consolidação,0,0
2000-04-14,18.03,19.68,20.71,21.54,22.36,23.54,25.04,26.95,29.37,0.39,0.38,0.11,Zona de Consolidação,1,0
2000-04-17,18.03,19.68,20.71,21.54,22.36,23.54,25.04,26.95,29.37,0.43,0.38,0.07,Zona de Consolidação,0,0
2000-04-18,18.03,19.68,20.71,21.54,22.36,23.54,25.04,26.95,29.37,0.58,0.50,0.04,Zona de Consolidação,0,0
2000-04-19,18.03,19.68,20.71,21.54,22.36,23.54,25.04,26.95,29.37,0.59,0.50,0.03,Zona de Consolidação,1,0
2000-04-20,18.03,19.68,20.71,21.54,22.36,23.54,25.04,26.95,29.37,0.69,0.62,0.10,Resistência,0,0
2000-04-24,18.03,19.68,20.71,21.54,22.36,23.54,25.04,26.95,29.37,0.90,0.79,0.10,Resistência Forte,0,0
2000-04-25,18.03,19.68,20.71,21.54,22.36,23.54,25.04,26.95,29.37,0.90,0.79,0.10,Resistência Forte,0,0
2000-04-26,18.03,19.68,20.71,21.54,22.36,23.54,25.04,26.95,29.37,0.86,0.79,0.14,Resistência Forte,0,0
2000-04-27,18.03,19.68,20.71,21.54,22.36,23.54,25.04,26.95,29.37,0.92,0.79,0.08,Resistência Forte,0,0
2000-04-28,18.03,19.68,20.71,21.54,22.36,23.54,25.04,26.95,29.37,0.90,0.79,0.10,Resistência Forte,0,0
2000-05-01,18.03,19.74,20.80,21.66,22.52,23.74,25.29,27.26,29.78,0.87,0.79,0.13,Resistência Forte,0,0
2000-05-02,18.03,19.74,20.80,21.66,22.52,23.74,25.29,27.26,29.78,0.83,0.79,0.17,Resistência Forte,0,0
2000-05-03,18.85,20.37,21.31,22.07,22.83,23.91,25.29,27.04,29.27,0.73,0.62,0.06,Resistência,0,0
2000-05-04,19.16,20.61,21.50,22.22,22.95,23.98,25.29,26.96,29.08,0.72,0.62,0.07,Resistência,0,0
2000-05-05,19.16,20.61,21.50,22.22,22.95,23.98,25.29,26.96,29.08,0.69,0.62,0.10,Resistência,0,0
2000-05-08,19.16,20.61,21.50,22.22,22.95,23.98,25.29,26.96,29.08,0.71,0.62,0.08,Resistência,0,0
2000-05-09,19.16,20.61,21.50,22.22,22.95,23.98,25.29,26.96,29.08,0.60,0.50,0.02,Zona de Consolidação,1,0
2000-05-10,19.16,20.61,21.50,22.22,22.95,23.98,25.29,26.96,29.08,0.64,0.62,0.15,Resistência,1,0
2000-05-11,19.16,20.61,21.50,22.22,22.95,23.98,25.29,26.96,29.08,0.76,0.62,0.03,Resistência,0,1
2000-05-12,19.16,20.61,21.50,22.22,22.95,23.98,25.29,26.96,29.08,0.69,0.62,0.10,Resistência,0,0
2000-05-15,19.47,20.84,21.69,22.38,23.07,24.04,25.29,26.87,28.89,0.68,0.62,0.11,Resistência,0,0
2000-05-16,19.48,20.85,21.70,22.38,23.07,24.05,25.29,26.87,28.88,0.80,0.79,0.20,Resistência Forte,0,1
2000-05-17,19.48,20.85,21.70,22.38,23.07,24.05,25.29,26.87,28.88,0.73,0.62,0.06,Resistência,0,0
2000-05-18,19.48,20.85,21.70,22.38,23.07,24.05,25.29,26.87,28.88,0.65,0.62,0.14,Resistência,1,0
2000-05-19,19.70,21.02,21.84,22.49,23.15,24.09,25.29,26.81,28.74,0.61,0.50,0.01,Zona de Consolidação,1,0
2000-05-22,19.79,21.09,21.89,22.54,23.19,24.11,25.29,26.79,28.69,0.73,0.62,0.06,Resistência,0,0
2000-05-23,20.18,21.39,22.13,22.74,23.34,24.20,25.29,26.68,28.45,0.80,0.79,0.20,Resistência Forte,0,1
2000-05-24,20.18,21.39,22.13,22.74,23.34,24.20,25.29,26.68,28.45,0.96,0.79,0.04,Resistência Forte,0,1
2000-05-25,20.18,21.41,22.18,22.80,23.41,24.29,25.41,26.83,28.64,0.98,0.79,0.02,Resistência Forte,0,1
2000-05-26,20.18,21.41,22.18,22.80,23.41,24.29,25.41,26.83,28.64,0.77,0.62,0.02,Resistência,0,1
2000-05-30,20.18,21.41,22.18,22.80,23.41,24.29,25.41,26.83,28.64,0.96,0.79,0.04,Resistência Forte,0,1
2000-05-31,20.18,21.41,22.18,22.80,23.41,24.29,25.41,26.83,28.64,0.89,0.79,0.11,Resistência Forte,0,0
2000-06-01,20.18,21.41,22.18,22.80,23.41,24.29,25.41,26.83,28.64,0.90,0.79,0.10,Resistência Forte,0,0
2000-06-02,20.18,21.49,22.31,22.96,23.62,24.56,25.75,27.27,29.19,1.00,1.00,0.27,Resistência Forte,0,1
2000-06-05,20.18,21.59,22.47,23.18,23.88,24.89,26.17,27.80,29.87,0.94,0.79,0.06,Resistência Forte,0,0
2000-06-06,20.18,21.59,22.47,23.18,23.88,24.89,26.17,27.80,29.87,0.98,0.79,0.02,Resistência Forte,0,1
2000-06-07,20.18,21.59,22.47,23.18,23.88,24.89,26.17,27.80,29.87,0.96,0.79,0.04,Resistência Forte,0,1
2000-06-08,20.18,21.59,22.47,23.18,23.88,24.89,26.17,27.80,29.87,0.84,0.79,0.16,Resistência Forte,0,0
2000-06-09,20.18,21.59,22.47,23.18,23.88,24.89,26.17,27.80,29.87,0.87,0.79,0.13,Resistência Forte,0,0
2000-06-12,20.18,21.59,22.47,23.18,23.88,24.89,26.17,27.80,29.87,0.80,0.79,0.20,Resistência Forte,0,1
2000-06-13,20.18,21.59,22.47,23.18,23.88,24.89,26.17,27.80,29.87,0.72,0.62,0.07,Resistência,0,0
2000-06-14,20.18,21.59,22.47,23.18,23.88,24.89,26.17,27.80,29.87,0.75,0.62,0.04,Resistência,0,1
2000-06-15,20.18,21.59,22.47,23.18,23.88,24.89,26.17,27.80,29.87,0.76,0.62,0.03,Resistência,0,1
2000-06-16,20.18,21.59,22.47,23.18,23.88,24.89,26.17,27.80,29.87,0.77,0.62,0.02,Resistência,0,1
2000-06-19,20.18,21.59,22.47,23.18,23.88,24.89,26.17,27.80,29.87,0.76,0.62,0.03,Resistência,0,1
2000-06-20,20.18,21.59,22.47,23.18,23.88,24.89,26.17,27.80,29.87,0.58,0.50,0.04,Zona de Consolidação,0,0
2000-06-21,20.18,21.59,22.47,23.18,23.88,24.89,26.17,27.80,29.87,0.59,0.50,0.03,Zona de Consolidação,1,0
2000-06-22,20.18,21.59,22.47,23.18,23.88,24.89,26.17,27.80,29.87,0.61,0.50,0.01,Zona de Consolidação,1,0
2000-06-23,20.18,21.59,22.47,23.18,23.88,24.89,26.17,27.80,29.87,0.63,0.62,0.16,Resistência,1,0
2000-06-26,20.18,21.59,22.47,23.18,23.88,24.89,26.17,27.80,29.87,0.62,0.62,0.17,Resistência,1,0
2000-06-27,20.18,21.59,22.47,23.18,23.88,24.89,26.17,27.80,29.87,0.57,0.50,0.05,Zona de Consolidação,0,0
2000-06-28,21.71,22.76,23.41,23.94,24.47,25.22,26.17,27.38,28.93,0.59,0.50,0.03,Zona de Consolidação,1,0
2000-06-29,21.93,22.93,23.55,24.05,24.55,25.26,26.17,27.32,28.79,0.33,0.24,0.05,Suporte,1,0
2000-06-30,22.13,23.08,23.67,24.15,24.63,25.31,26.17,27.27,28.67,0.52,0.50,0.10,Zona de Consolidação,0,0
2000-07-03,22.13,23.08,23.67,24.15,24.63,25.31,26.17,27.27,28.67,0.38,0.24,0.00,Suporte,1,0
2000-07-05,22.13,23.08,23.67,24.15,24.63,25.31,26.17,27.27,28.67,0.37,0.24,0.01,Suporte,1,0
2000-07-06,22.13,23.08,23.67,24.15,24.63,25.31,26.17,27.27,28.67,0.43,0.38,0.07,Zona de Consolidação,1,0
2000-07-07,22.13,23.08,23.67,24.15,24.63,25.31,26.17,27.27,28.67,0.32,0.24,0.06,Suporte,0,0
2000-07-10,22.13,23.08,23.67,24.15,24.63,25.31,26.17,27.27,28.67,0.35,0.24,0.03,Suporte,1,0
2000-07-11,22.13,23.08,23.67,24.15,24.63,25.31,26.17,27.27,28.67,0.29,0.24,0.09,Suporte,0,0
2000-07-12,22.13,23.08,23.67,24.15,24.63,25.31,26.17,27.27,28.67,0.42,0.38,0.08,Zona de Consolidação,1,0
2000-07-13,22.13,23.08,23.67,24.15,24.63,25.31,26.17,27.27,28.67,0.51,0.50,0.11,Zona de Consolidação,0,0
2000-07-14,22.13,23.08,23.67,24.15,24.63,25.31,26.17,27.27,28.67,0.48,0.38,0.02,Zona de Consolidação,0,0
2000-07-17,22.13,23.08,23.67,24.15,24.63,25.31,26.17,27.27,28.67,0.53,0.50,0.09,Zona de Consolidação,0,0
2000-07-18,22.13,23.08,23.67,24.15,24.63,25.31,26.17,27.27,28.67,0.52,0.50,0.10,Zona de Consolidação,0,0
2000-07-19,22.13,23.08,23.67,24.15,24.63,25.31,26.17,27.27,28.67,0.61,0.50,0.01,Zona de Consolidação,1,0
2000-07-20,22.47,23.34,23.88,24.32,24.76,25.38,26.17,27.18,28.46,0.51,0.50,0.11,Zona de Consolidação,0,0
2000-07-21,22.47,23.34,23.88,24.32,24.76,25.38,26.17,27.18,28.46,0.40,0.38,0.10,Zona de Consolidação,1,0
2000-07-24,22.47,23.34,23.88,24.32,24.76,25.38,26.17,27.18,28.46,0.38,0.24,0.00,Suporte,1,0
2000-07-25,22.47,23.34,23.88,24.32,24.76,25.38,26.17,27.18,28.46,0.15,0.00,0.09,Suporte Forte,0,0
2000-07-26,22.39,23.28,23.83,24.28,24.73,25.36,26.17,27.20,28.51,0.02,0.00,0.22,Suporte Forte,0,0
2000-07-27,22.39,23.28,23.83,24.28,24.73,25.36,26.17,27.20,28.51,0.12,0.00,0.12,Suporte Forte,0,0
2000-07-28,22.39,23.28,23.83,24.28,24.73,25.36,26.17,27.20,28.51,0.04,0.00,0.20,Suporte Forte,0,0
2000-07-31,22.39,23.28,23.83,24.28,24.73,25.36,26.17,27.20,28.51,0.01,0.00,0.23,Suporte Forte,0,0
2000-08-01,22.39,23.28,23.83,24.28,24.73,25.36,26.17,27.20,28.51,0.12,0.00,0.12,Suporte Forte,0,0
2000-08-02,22.39,23.28,23.83,24.28,24.73,25.36,26.17,27.20,28.51,0.30,0.24,0.08,Suporte,0,0
2000-08-03,22.39,23.28,23.83,24.28,24.73,25.36,26.17,27.20,28.51,0.32,0.24,0.06,Suporte,1,0
2000-08-04,22.39,23.28,23.83,24.28,24.73,25.36,26.17,27.20,28.51,0.49,0.38,0.01,Zona de Consolidação,0,0
2000-08-07,22.39,23.28,23.83,24.28,24.73,25.36,26.17,27.20,28.51,0.48,0.38,0.02,Zona de Consolidação,0,0
2000-08-08,22.39,23.28,23.83,24.28,24.73,25.36,26.17,27.20,28.51,0.59,0.50,0.03,Zona de Consolidação,1,0
2000-08-09,22.39,23.28,23.83,24.28,24.73,25.36,26.17,27.20,28.51,0.61,0.50,0.01,Zona de Consolidação,1,0
2000-08-10,22.39,23.28,23.83,24.28,24.73,25.36,26.17,27.20,28.51,0.58,0.50,0.04,Zona de Consolidação,1,0
2000-08-11,22.39,23.28,23.83,24.28,24.73,25.36,26.17,27.20,28.51,0.79,0.79,0.21,Resistência Forte,0,1
2000-08-14,22.39,23.30,23.86,24.32,24.77,25.42,26.24,27.29,28.62,1.00,1.00,0.27,Resistência Forte,0,1
2000-08-15,22.39,23.37,23.98,24.47,24.96,25.66,26.55,27.68,29.12,0.94,0.79,0.06,Resistência Forte,0,1
2000-08-16,22.39,23.37,23.98,24.47,24.96,25.66,26.55,27.68,29.12,0.95,0.79,0.05,Resistência Forte,0,1
2000-08-17,22.39,23.37,23.98,24.47,24.96,25.66,26.55,27.68,29.12,0.82,0.79,0.18,Resistência Forte,0,1
2000-08-18,22.39,23.39,24.01,24.51,25.01,25.72,26.63,27.78,29.25,1.00,1.00,0.27,Resistência Forte,0,1
2000-08-21,22.39,23.44,24.09,24.61,25.13,25.88,26.83,28.04,29.57,0.98,0.79,0.02,Resistência Forte,0,1
2000-08-22,22.39,23.46,24.12,24.66,25.19,25.95,26.92,28.15,29.72,0.97,0.79,0.03,Resistência Forte,0,1
2000-08-23,22.39,23.46,24.12,24.66,25.19,25.95,26.92,28.15,29.72,0.92,0.79,0.08,Resistência Forte,0,0
2000-08-24,22.39,23.48,24.15,24.70,25.24,26.01,27.00,28.25,29.85,0.91,0.79,0.09,Resistência Forte,0,0
2000-08-25,22.39,23.48,24.15,24.70,25.24,26.01,27.00,28.25,29.85,0.88,0.79,0.12,Resistência Forte,0,0
2000-08-28,22.39,23.56,24.28,24.86,25.45,26.28,27.34,28.69,30.40,0.96,0.79,0.04,Resistência Forte,0,1
2000-08-29,22.39,23.56,24.28,24.86,25.45,26.28,27.34,28.69,30.40,0.90,0.79,0.10,Resistência Forte,0,0
2000-08-30,22.39,23.56,24.28,24.86,25.45,26.28,27.34,28.69,30.40,0.87,0.79,0.13,Resistência Forte,0,0
2000-08-31,22.39,23.58,24.32,24.92,25.52,26.37,27.45,28.83,30.58,0.91,0.79,0.09,Resistência Forte,0,0
2000-09-01,22.39,23.61,24.37,24.98,25.59,26.46,27.57,28.98,30.77,0.94,0.79,0.06,Resistência Forte,0,0
2000-09-05,22.39,23.69,24.49,25.14,25.78,26.71,27.88,29.37,31.27,0.97,0.79,0.03,Resistência Forte,0,1
2000-09-06,22.39,23.75,24.59,25.28,25.96,26.93,28.16,29.73,31.73,0.95,0.79,0.05,Resistência Forte,0,0
2000-09-07,22.39,23.75,24.59,25.28,25.96,26.93,28.16,29.73,31.73,0.97,0.79,0.03,Resistência Forte,0,1
2000-09-08,22.39,23.82,24.71,25.43,26.15,27.17,28.47,30.12,32.23,0.97,0.79,0.03,Resistência Forte,0,1
2000-09-11,22.39,23.88,24.80,25.54,26.29,27.35,28.70,30.42,32.60,0.97,0.79,0.03,Resistência Forte,0,1
2000-09-12,22.39,23.88,24.80,25.54,26.29,27.35,28.70,30.42,32.60,0.95,0.79,0.05,Resistência Forte,0,0
2000-09-13,22.39,23.93,24.89,25.66,26.43,27.53,28.93,30.71,32.97,1.00,1.00,0.27,Resistência Forte,0,1
2000-09-14,22.39,23.99,24.99,25.79,26.59,27.73,29.19,31.04,33.39,0.97,0.79,0.03,Resistência Forte,0,1
2000-09-15,22.39,23.99,24.99,25.79,26.59,27.73,29.19,31.04,33.39,0.93,0.79,0.07,Resistência Forte,0,0
2000-09-18,22.39,23.99,24.99,25.79,26.59,27.73,29.19,31.04,33.39,0.89,0.79,0.11,Resistência Forte,0,0
2000-09-19,22.39,23.99,24.99,25.79,26.59,27.73,29.19,31.04,33.39,0.91,0.79,0.09,Resistência Forte,0,0
2000-09-20,22.39,23.99,24.99,25.79,26.59,27.73,29.19,31.04,33.39,0.80,0.79,0.20,Resistência Forte,0,1
2000-09-21,22.39,23.99,24.99,25.79,26.59,27.73,29.19,31.04,33.39,0.85,0.79,0.15,Resistência Forte,0,0
2000-09-22,22.39,23.99,24.99,25.79,26.59,27.73,29.19,31.04,33.39,0.90,0.79,0.10,Resistência Forte,0,0
2000-09-25,22.39,24.00,25.00,25.80,26.61,27.76,29.22,31.08,33.44,0.99,0.79,0.01,Resistência Forte,0,1
2000-09-26,22.39,24.29,25.47,26.42,27.38,28.73,30.46,32.66,35.45,1.00,1.00,0.27,Resistência Forte,0,1
2000-09-27,22.39,24.36,25.58,26.57,27.56,28.96,30.75,33.02,35.92,0.92,0.79,0.08,Resistência Forte,0,0
2000-09-28,22.39,24.36,25.58,26.57,27.56,28.96,30.75,33.02,35.92,0.95,0.79,0.05,Resistência Forte,0,0
2000-09-29,22.39,24.36,25.58,26.57,27.56,28.96,30.75,33.02,35.92,0.94,0.79,0.06,Resistência Forte,0,0
2000-10-02,22.39,24.36,25.58,26.57,27.56,28.96,30.75,33.02,35.92,0.83,0.79,0.17,Resistência Forte,0,0
2000-10-03,22.39,24.36,25.58,26.57,27.56,28.96,30.75,33.02,35.92,0.78,0.62,0.01,Resistência,0,1
2000-10-04,22.39,24.36,25.58,26.57,27.56,28.96,30.75,33.02,35.92,0.73,0.62,0.06,Resistência,0,0
2000-10-05,22.39,24.36,25.58,26.57,27.56,28.96,30.75,33.02,35.92,0.78,0.62,0.01,Resistência,0,1
2000-10-06,22.39,24.36,25.58,26.57,27.56,28.96,30.75,33.02,35.92,0.77,0.62,0.02,Resistência,0,1
2000-10-09,22.39,24.36,25.58,26.57,27.56,28.96,30.75,33.02,35.92,0.77,0.62,0.02,Resistência,0,1
2000-10-10,22.73,24.62,25.79,26.74,27.69,29.03,30.75,32.93,35.71,0.83,0.79,0.17,Resistência Forte,0,0
2000-10-11,22.76,24.65,25.81,26.76,27.70,29.04,30.75,32.92,35.69,0.78,0.62,0.01,Resistência,0,1
2000-10-12,23.27,25.04,26.13,27.01,27.89,29.15,30.75,32.78,35.37,0.82,0.79,0.18,Resistência Forte,0,1
2000-10-13,23.52,25.23,26.28,27.14,27.99,29.20,30.75,32.72,35.22,0.71,0.62,0.08,Resistência,0,0
2000-10-16,23.66,25.33,26.37,27.20,28.04,29.23,30.75,32.68,35.13,0.52,0.50,0.10,Zona de Consolidação,0,0
2000-10-17,24.17,25.72,26.68,27.46,28.24,29.34,30.75,32.54,34.82,0.45,0.38,0.05,Zona de Consolidação,0,0
2000-10-18,24.17,25.72,26.68,27.46,28.24,29.34,30.75,32.54,34.82,0.49,0.38,0.01,Zona de Consolidação,0,0
2000-10-19,24.43,25.92,26.84,27.59,28.34,29.40,30.75,32.47,34.66,0.53,0.50,0.09,Zona de Consolidação,0,0
2000-10-20,24.51,25.98,26.89,27.63,28.37,29.41,30.75,32.45,34.61,0.62,0.62,0.17,Resistência,1,0
2000-10-23,24.51,25.98,26.89,27.63,28.37,29.41,30.75,32.45,34.61,0.53,0.50,0.09,Zona de Consolidação,0,0
2000-10-24,25.47,26.72,27.49,28.11,28.73,29.62,30.75,32.19,34.01,0.63,0.62,0.16,Resistência,1,0
2000-10-25,25.47,26.72,27.49,28.11,28.73,29.62,30.75,32.19,34.01,0.69,0.62,0.10,Resistência,0,0
2000-10-26,25.47,26.72,27.49,28.11,28.73,29.62,30.75,32.19,34.01,0.62,0.62,0.17,Resistência,1,0
2000-10-27,25.81,26.98,27.70,28.28,28.86,29.69,30.75,32.09,33.80,0.56,0.50,0.06,Zona de Consolidação,0,0
2000-10-30,26.24,27.30,27.96,28.49,29.03,29.78,30.75,31.98,33.54,0.81,0.79,0.19,Resistência Forte,0,1
2000-10-31,26.27,27.33,27.98,28.51,29.04,29.79,30.75,31.97,33.52,0.74,0.62,0.05,Resistência,0,1
2000-11-01,26.27,27.33,27.98,28.51,29.04,29.79,30.75,31.97,33.52,0.68,0.62,0.11,Resistência,1,0
2000-11-02,26.27,27.33,27.98,28.51,29.04,29.79,30.75,31.97,33.52,0.76,0.62,0.03,Resistência,0,1
2000-11-03,26.29,27.34,27.99,28.52,29.05,29.80,30.75,31.96,33.51,0.63,0.62,0.16,Resistência,1,0
2000-11-06,26.29,27.34,27.99,28.52,29.05,29.80,30.75,31.96,33.51,0.72,0.62,0.07,Resistência,0,0
2000-11-07,26.60,27.58,28.19,28.68,29.16,29.86,30.75,31.88,33.31,0.67,0.62,0.12,Resistência,1,0
2000-11-08,26.60,27.58,28.19,28.68,29.16,29.86,30.75,31.88,33.31,0.67,0.62,0.12,Resistência,1,0
2000-11-09,26.72,27.67,28.26,28.74,29.21,29.89,30.75,31.85,33.24,0.67,0.62,0.12,Resistência,1,0
2000-11-10,26.78,27.73,28.32,28.79,29.26,29.94,30.80,31.89,33.28,0.83,0.79,0.17,Resistência Forte,0,1
2000-11-13,26.78,27.73,28.32,28.79,29.26,29.94,30.80,31.89,33.28,0.67,0.62,0.12,Resistência,1,0
2000-11-14,26.78,27.73,28.32,28.79,29.26,29.94,30.80,31.89,33.28,0.88,0.79,0.12,Resistência Forte,0,0
2000-11-15,26.78,27.73,28.32,28.79,29.26,29.94,30.80,31.89,33.28,0.94,0.79,0.06,Resistência Forte,0,1
2000-11-16,26.78,27.73,28.32,28.79,29.26,29.94,30.80,31.89,33.28,0.90,0.79,0.10,Resistência Forte,0,0
2000-11-17,26.78,27.77,28.38,28.88,29.37,30.07,30.97,32.11,33.56,0.94,0.79,0.06,Resistência Forte,0,1
2000-11-20,26.78,27.83,28.48,29.01,29.53,30.28,31.23,32.44,33.98,0.99,0.79,0.01,Resistência Forte,0,1
2000-11-21,26.78,27.87,28.54,29.09,29.64,30.41,31.40,32.66,34.26,0.91,0.79,0.09,Resistência Forte,0,0
2000-11-22,26.78,27.87,28.54,29.09,29.64,30.41,31.40,32.66,34.26,0.91,0.79,0.09,Resistência Forte,0,0
2000-11-24,26.78,27.87,28.54,29.09,29.64,30.41,31.40,32.66,34.26,0.94,0.79,0.06,Resistência Forte,0,1
2000-11-27,26.78,27.87,28.54,29.09,29.64,30.41,31.40,32.66,34.26,0.85,0.79,0.15,Resistência Forte,0,0
2000-11-28,26.78,27.87,28.54,29.09,29.64,30.41,31.40,32.66,34.26,0.83,0.79,0.17,Resistência Forte,0,1
2000-11-29,26.78,27.87,28.54,29.09,29.64,30.41,31.40,32.66,34.26,0.72,0.62,0.07,Resistência,0,0
2000-11-30,26.78,27.87,28.54,29.09,29.64,30.41,31.40,32.66,34.26,0.68,0.62,0.11,Resistência,1,0
2000-12-01,26.78,27.87,28.54,29.09,29.64,30.41,31.40,32.66,34.26,0.57,0.50,0.05,Zona de Consolidação,1,0
2000-12-04,26.78,27.87,28.54,29.09,29.64,30.41,31.40,32.66,34.26,0.60,0.50,0.02,Zona de Consolidação,1,0
2000-12-05,26.78,27.87,28.54,29.09,29.64,30.41,31.40,32.66,34.26,0.61,0.50,0.01,Zona de Consolidação,1,0
2000-12-06,26.78,27.87,28.54,29.09,29.64,30.41,31.40,32.66,34.26,0.69,0.62,0.10,Resistência,0,0
2000-12-07,26.78,27.87,28.54,29.09,29.64,30.41,31.40,32.66,34.26,0.59,0.50,0.03,Zona de Consolidação,1,0
2000-12-08,26.78,27.87,28.54,29.09,29.64,30.41,31.40,32.66,34.26,0.39,0.38,0.11,Zona de Consolidação,1,0
2000-12-11,26.78,27.87,28.54,29.09,29.64,30.41,31.40,32.66,34.26,0.22,0.00,0.02,Suporte Forte,0,0
2000-12-12,26.78,27.87,28.54,29.09,29.64,30.41,31.40,32.66,34.26,0.27,0.24,0.11,Suporte,0,0
2000-12-13,26.78,27.87,28.54,29.09,29.64,30.41,31.40,32.66,34.26,0.32,0.24,0.06,Suporte,0,0
2000-12-14,26.78,27.87,28.54,29.09,29.64,30.41,31.40,32.66,34.26,0.42,0.38,0.08,Zona de Consolidação,1,0
2000-12-15,26.78,27.87,28.54,29.09,29.64,30.41,31.40,32.66,34.26,0.08,0.00,0.16,Suporte Forte,0,0
2000-12-18,26.78,27.87,28.54,29.09,29.64,30.41,31.40,32.66,34.26,0.08,0.00,0.16,Suporte Forte,0,0
2000-12-19,26.78,27.87,28.54,29.09,29.64,30.41,31.40,32.66,34.26,0.05,0.00,0.19,Suporte Forte,0,0
2000-12-20,26.57,27.71,28.42,28.98,29.55,30.37,31.40,32.71,34.38,0.04,0.00,0.20,Suporte Forte,0,0
2000-12-21,26.54,27.69,28.40,28.97,29.54,30.36,31.40,32.72,34.40,0.05,0.00,0.19,Suporte Forte,0,0
2000-12-22,26.54,27.69,28.40,28.97,29.54,30.36,31.40,32.72,34.40,0.09,0.00,0.15,Suporte Forte,0,0
2000-12-26,26.54,27.69,28.40,28.97,29.54,30.36,31.40,32.72,34.40,0.25,0.24,0.13,Suporte,0,0
2000-12-27,26.54,27.69,28.40,28.97,29.54,30.36,31.40,32.72,34.40,0.40,0.38,0.10,Zona de Consolidação,1,0
2000-12-28,26.54,27.69,28.40,28.97,29.54,30.36,31.40,32.72,34.40,0.45,0.38,0.05,Zona de Consolidação,0,0
2000-12-29,26.54,27.69,28.40,28.97,29.54,30.36,31.40,32.72,34.40,0.45,0.38,0.05,Zona de Consolidação,0,0
2001-01-02,26.54,27.69,28.40,28.97,29.54,30.36,31.40,32.72,34.40,0.33,0.24,0.05,Suporte,1,0
2001-01-03,26.54,27.69,28.40,28.97,29.54,30.36,31.40,32.72,34.40,0.21,0.00,0.03,Suporte Forte,0,0
2001-01-04,24.78,26.34,27.31,28.09,28.87,29.98,31.40,33.20,35.49,0.14,0.00,0.10,Suporte Forte,0,0
2001-01-05,24.61,26.21,27.20,28.00,28.81,29.95,31.40,33.25,35.60,0.04,0.00,0.20,Suporte Forte,0,0
2001-01-08,24.61,26.21,27.20,28.00,28.81,29.95,31.40,33.25,35.60,0.31,0.24,0.07,Suporte,0,0
2001-01-09,24.61,26.21,27.20,28.00,28.81,29.95,31.40,33.25,35.60,0.43,0.38,0.07,Zona de Consolidação,0,0
2001-01-10,24.61,26.21,27.20,28.00,28.81,29.95,31.40,33.25,35.60,0.44,0.38,0.06,Zona de Consolidação,0,0
2001-01-11,24.61,26.21,27.20,28.00,28.81,29.95,31.40,33.25,35.60,0.42,0.38,0.08,Zona de Consolidação,0,0
2001-01-12,24.61,26.21,27.20,28.00,28.81,29.95,31.40,33.25,35.60,0.51,0.50,0.11,Zona de Consolidação,0,0
2001-01-16,24.61,26.21,27.20,28.00,28.81,29.95,31.40,33.25,35.60,0.52,0.50,0.10,Zona de Consolidação,0,0
2001-01-17,24.61,26.21,27.20,28.00,28.81,29.95,31.40,33.25,35.60,0.41,0.38,0.09,Zona de Consolidação,1,0
2001-01-18,24.61,26.21,27.20,28.00,28.81,29.95,31.40,33.25,35.60,0.39,0.38,0.11,Zona de Consolidação,1,0
2001-01-19,24.61,26.21,27.20,28.00,28.81,29.95,31.40,33.25,35.60,0.38,0.24,0.00,Suporte,1,0
2001-01-22,24.61,26.21,27.20,28.00,28.81,29.95,31.40,33.25,35.60,0.30,0.24,0.08,Suporte,0,0
2001-01-23,24.61,26.21,27.20,28.00,28.81,29.95,31.40,33.25,35.60,0.35,0.24,0.03,Suporte,1,0
2001-01-24,24.61,26.21,27.20,28.00,28.81,29.95,31.40,33.25,35.60,0.39,0.38,0.11,Zona de Consolidação,1,0
2001-01-25,24.61,26.21,27.20,28.00,28.81,29.95,31.40,33.25,35.60,0.38,0.24,0.00,Suporte,1,0
2001-01-26,24.61,26.21,27.20,28.00,28.81,29.95,31.40,33.25,35.60,0.35,0.24,0.03,Suporte,1,0
2001-01-29,24.61,26.21,27.20,28.00,28.81,29.95,31.40,33.25,35.60,0.42,0.38,0.08,Zona de Consolidação,1,0
2001-01-30,24.61,26.21,27.20,28.00,28.81,29.95,31.40,33.25,35.60,0.39,0.38,0.11,Zona de Consolidação,1,0
2001-01-31,24.61,26.21,27.20,28.00,28.81,29.95,31.40,33.25,35.60,0.38,0.24,0.00,Suporte,1,0
2001-02-01,24.61,26.21,27.20,28.00,28.81,29.95,31.40,33.25,35.60,0.37,0.24,0.01,Suporte,1,0
2001-02-02,24.61,26.21,27.20,28.00,28.81,29.95,31.40,33.25,35.60,0.23,0.00,0.01,Suporte Forte,0,0
2001-02-05,24.61,26.18,27.15,27.94,28.72,29.84,31.26,33.07,35.37,0.32,0.24,0.06,Suporte,0,0
2001-02-06,24.61,26.18,27.15,27.94,28.72,29.84,31.26,33.07,35.37,0.37,0.24,0.01,Suporte,1,0
2001-02-07,24.61,26.17,27.14,27.92,28.70,29.81,31.23,33.03,35.32,0.37,0.24,0.01,Suporte,1,0
2001-02-08,24.61,26.13,27.06,27.82,28.58,29.66,31.03,32.78,35.00,0.40,0.38,0.10,Zona de Consolidação,1,0
2001-02-09,24.61,26.04,26.93,27.65,28.37,29.39,30.69,32.34,34.45,0.40,0.38,0.10,Zona de Consolidação,1,0
2001-02-12,24.61,25.91,26.71,27.36,28.02,28.94,30.12,31.62,33.53,0.39,0.38,0.11,Zona de Consolidação,1,0
2001-02-13,24.61,25.91,26.71,27.36,28.02,28.94,30.12,31.62,33.53,0.47,0.38,0.03,Zona de Consolidação,0,0
2001-02-14,24.61,25.91,26.71,27.36,28.02,28.94,30.12,31.62,33.53,0.40,0.38,0.10,Zona de Consolidação,1,0
2001-02-15,24.61,25.91,26.71,27.36,28.02,28.94,30.12,31.62,33.53,0.38,0.24,0.00,Suporte,1,0
2001-02-16,24.61,25.91,26.71,27.36,28.02,28.94,30.12,31.62,33.53,0.39,0.38,0.11,Zona de Consolidação,1,0
2001-02-20,24.61,25.83,26.59,27.20,27.82,28.69,29.80,31.21,33.01,0.24,0.24,0.14,Suporte,0,0
2001-02-21,24.61,25.75,26.45,27.02,27.59,28.40,29.43,30.74,32.41,0.32,0.24,0.06,Suporte,0,0
2001-02-22,24.61,25.68,26.34,26.88,27.42,28.18,29.15,30.38,31.96,0.28,0.24,0.10,Suporte,0,0
2001-02-23,24.61,25.68,26.34,26.88,27.42,28.18,29.15,30.38,31.96,0.24,0.24,0.14,Suporte,0,0
2001-02-26,24.61,25.68,26.34,26.88,27.42,28.18,29.15,30.38,31.96,0.33,0.24,0.05,Suporte,1,0
2001-02-27,24.61,25.68,26.34,26.88,27.42,28.18,29.15,30.38,31.96,0.37,0.24,0.01,Suporte,1,0
2001-02-28,24.61,25.66,26.30,26.82,27.35,28.09,29.04,30.24,31.78,0.49,0.38,0.01,Zona de Consolidação,0,0
2001-03-01,24.61,25.66,26.30,26.82,27.35,28.09,29.04,30.24,31.78,0.51,0.50,0.11,Zona de Consolidação,0,0
2001-03-02,24.61,25.66,26.30,26.82,27.35,28.09,29.04,30.24,31.78,0.48,0.38,0.02,Zona de Consolidação,0,0
2001-03-05,24.61,25.66,26.30,26.82,27.35,28.09,29.04,30.24,31.78,0.50,0.50,0.12,Zona de Consolidação,0,0
2001-03-06,24.61,25.66,26.30,26.82,27.35,28.09,29.04,30.24,31.78,0.46,0.38,0.04,Zona de Consolidação,0,0
2001-03-07,24.61,25.66,26.30,26.82,27.35,28.09,29.04,30.24,31.78,0.48,0.38,0.02,Zona de Consolidação,0,0
2001-03-08,24.61,25.66,26.30,26.82,27.35,28.09,29.04,30.24,31.78,0.55,0.50,0.07,Zona de Consolidação,0,0
2001-03-09,24.61,25.66,26.30,26.82,27.35,28.09,29.04,30.24,31.78,0.38,0.24,0.00,Suporte,1,0
2001-03-12,24.61,25.66,26.30,26.82,27.35,28.09,29.04,30.24,31.78,0.16,0.00,0.08,Suporte Forte,0,0
2001-03-13,24.61,25.66,26.30,26.82,27.35,28.09,29.04,30.24,31.78,0.21,0.00,0.03,Suporte Forte,0,0
2001-03-14,24.41,25.46,26.10,26.62,27.15,27.89,28.84,30.04,31.58,0.00,0.00,0.24,Suporte Forte,0,0
2001-03-15,23.34,24.54,25.29,25.89,26.49,27.35,28.44,29.83,31.59,0.06,0.00,0.18,Suporte Forte,0,0
2001-03-16,22.03,23.54,24.48,25.24,25.99,27.07,28.44,30.18,32.40,0.10,0.00,0.14,Suporte Forte,0,0
2001-03-19,22.03,23.54,24.48,25.24,25.99,27.07,28.44,30.18,32.40,0.23,0.00,0.01,Suporte Forte,0,0
2001-03-20,22.03,23.54,24.48,25.24,25.99,27.07,28.44,30.18,32.40,0.18,0.00,0.06,Suporte Forte,0,0
2001-03-21,22.03,23.54,24.48,25.24,25.99,27.07,28.44,30.18,32.40,0.29,0.24,0.09,Suporte,0,0
2001-03-22,22.03,23.54,24.48,25.24,25.99,27.07,28.44,30.18,32.40,0.27,0.24,0.11,Suporte,0,0
2001-03-23,22.03,23.54,24.48,25.24,25.99,27.07,28.44,30.18,32.40,0.22,0.00,0.02,Suporte Forte,0,0
2001-03-26,22.03,23.54,24.48,25.24,25.99,27.07,28.44,30.18,32.40,0.35,0.24,0.03,Suporte,1,0
2001-03-27,22.03,23.52,24.44,25.18,25.92,26.98,28.33,30.04,32.22,0.41,0.38,0.09,Zona de Consolidação,1,0
2001-03-28,22.03,23.50,24.40,25.14,25.87,26.91,28.24,29.93,32.08,0.36,0.24,0.02,Suporte,1,0
2001-03-29,22.03,23.48,24.37,25.10,25.82,26.85,28.16,29.83,31.95,0.34,0.24,0.04,Suporte,0,0
2001-03-30,22.03,23.48,24.37,25.10,25.82,26.85,28.16,29.83,31.95,0.44,0.38,0.06,Zona de Consolidação,0,0
2001-04-02,22.03,23.37,24.20,24.86,25.53,26.49,27.70,29.24,31.20,0.48,0.38,0.02,Zona de Consolidação,0,0
2001-04-03,22.03,23.37,24.20,24.86,25.53,26.49,27.70,29.24,31.20,0.33,0.24,0.05,Suporte,0,0
2001-04-04,22.03,23.37,24.20,24.86,25.53,26.49,27.70,29.24,31.20,0.29,0.24,0.09,Suporte,0,0
2001-04-05,22.03,23.37,24.20,24.86,25.53,26.49,27.70,29.24,31.20,0.40,0.38,0.10,Zona de Consolidação,1,0
2001-04-06,22.03,23.36,24.18,24.85,25.52,26.46,27.67,29.20,31.16,0.32,0.24,0.06,Suporte,0,0
2001-04-09,22.03,23.36,24.18,24.85,25.52,26.46,27.67,29.20,31.16,0.37,0.24,0.01,Suporte,1,0
2001-04-10,22.03,23.36,24.18,24.85,25.52,26.46,27.67,29.20,31.16,0.36,0.24,0.02,Suporte,1,0
2001-04-11,22.03,23.33,24.14,24.79,25.44,26.37,27.55,29.05,30.96,0.18,0.00,0.06,Suporte Forte,0,0
2001-04-12,22.03,23.33,24.14,24.79,25.44,26.37,27.55,29.05,30.96,0.25,0.24,0.13,Suporte,0,0
2001-04-16,22.03,23.33,24.14,24.79,25.44,26.37,27.55,29.05,30.96,0.16,0.00,0.08,Suporte Forte,0,0
2001-04-17,22.03,23.33,24.14,24.79,25.44,26.37,27.55,29.05,30.96,0.23,0.00,0.01,Suporte Forte,0,0
2001-04-18,22.03,23.33,24.14,24.79,25.44,26.37,27.55,29.05,30.96,0.48,0.38,0.02,Zona de Consolidação,0,0
2001-04-19,22.03,23.33,24.14,24.79,25.44,26.37,27.55,29.05,30.96,0.46,0.38,0.04,Zona de Consolidação,0,0
2001-04-20,22.03,23.33,24.14,24.79,25.44,26.37,27.55,29.05,30.96,0.40,0.38,0.10,Zona de Consolidação,1,0
2001-04-23,22.03,23.33,24.14,24.79,25.44,26.37,27.55,29.05,30.96,0.30,0.24,0.08,Suporte,0,0
2001-04-24,22.03,23.33,24.14,24.79,25.44,26.37,27.55,29.05,30.96,0.29,0.24,0.09,Suporte,0,0
2001-04-25,22.03,23.33,24.14,24.79,25.44,26.37,27.55,29.05,30.96,0.38,0.24,0.00,Suporte,1,0
2001-04-26,22.03,23.23,23.98,24.58,25.18,26.04,27.13,28.52,30.28,0.40,0.38,0.10,Zona de Consolidação,1,0
2001-04-27,22.03,23.23,23.98,24.58,25.18,26.04,27.13,28.52,30.28,0.56,0.50,0.06,Zona de Consolidação,0,0
2001-04-30,22.03,23.23,23.98,24.58,25.18,26.04,27.13,28.52,30.28,0.52,0.50,0.10,Zona de Consolidação,0,0
2001-05-01,22.03,23.23,23.98,24.58,25.18,26.04,27.13,28.52,30.28,0.49,0.38,0.01,Zona de Consolidação,0,0
2001-05-02,22.03,23.23,23.98,24.58,25.18,26.04,27.13,28.52,30.28,0.40,0.38,0.10,Zona de Consolidação,1,0
2001-05-03,22.03,23.23,23.98,24.58,25.18,26.04,27.13,28.52,30.28,0.35,0.24,0.03,Suporte,1,0
2001-05-04,22.03,23.23,23.98,24.58,25.18,26.04,27.13,28.52,30.28,0.34,0.24,0.04,Suporte,1,0
2001-05-07,22.03,23.23,23.98,24.58,25.18,26.04,27.13,28.52,30.28,0.37,0.24,0.01,Suporte,1,0
2001-05-08,22.03,23.23,23.98,24.58,25.18,26.04,27.13,28.52,30.28,0.40,0.38,0.10,Zona de Consolidação,1,0
2001-05-09,22.03,23.23,23.98,24.58,25.18,26.04,27.13,28.52,30.28,0.40,0.38,0.10,Zona de Consolidação,1,0
2001-05-10,22.03,23.23,23.98,24.58,25.18,26.04,27.13,28.52,30.28,0.44,0.38,0.06,Zona de Consolidação,0,0
2001-05-11,22.03,23.23,23.98,24.58,25.18,26.04,27.13,28.52,30.28,0.34,0.24,0.04,Suporte,1,0
2001-05-14,22.03,23.23,23.98,24.58,25.18,26.04,27.13,28.52,30.28,0.39,0.38,0.11,Zona de Consolidação,1,0
2001-05-15,22.03,23.23,23.98,24.58,25.18,26.04,27.13,28.52,30.28,0.38,0.24,0.00,Suporte,1,0
2001-05-16,22.03,23.21,23.94,24.54,25.13,25.97,27.04,28.40,30.14,0.65,0.62,0.14,Resistência,1,0
2001-05-17,22.03,23.21,23.94,24.54,25.13,25.97,27.04,28.40,30.14,0.64,0.62,0.15,Resistência,1,0
2001-05-18,22.03,23.21,23.94,24.53,25.12,25.96,27.03,28.39,30.12,0.66,0.62,0.13,Resistência,1,0
2001-05-21,22.03,22.95,23.51,23.97,24.43,25.08,25.91,26.97,28.31,0.97,0.79,0.03,Resistência Forte,0,1
2001-05-22,22.03,22.96,23.54,24.00,24.46,25.13,25.97,27.04,28.40,0.86,0.79,0.14,Resistência Forte,0,0
2001-05-23,22.03,22.96,23.54,24.00,24.46,25.13,25.97,27.04,28.40,0.80,0.79,0.20,Resistência Forte,0,1
2001-05-24,22.03,22.96,23.54,24.00,24.46,25.13,25.97,27.04,28.40,0.87,0.79,0.13,Resistência Forte,0,0
2001-05-25,22.03,22.96,23.54,24.00,24.46,25.13,25.97,27.04,28.40,0.87,0.79,0.13,Resistência Forte,0,0
2001-05-29,22.54,23.35,23.85,24.26,24.66,25.24,25.97,26.90,28.09,0.77,0.62,0.02,Resistência,0,1
2001-05-30,22.54,23.35,23.85,24.26,24.66,25.24,25.97,26.90,28.09,0.69,0.62,0.10,Resistência,0,0
2001-05-31,22.54,23.35,23.85,24.26,24.66,25.24,25.97,26.90,28.09,0.55,0.50,0.07,Zona de Consolidação,1,0
2001-06-01,22.54,23.35,23.85,24.26,24.66,25.24,25.97,26.90,28.09,0.67,0.62,0.12,Resistência,1,0
2001-06-04,22.54,23.35,23.85,24.26,24.66,25.24,25.97,26.90,28.09,0.75,0.62,0.04,Resistência,0,1
2001-06-05,22.54,23.35,23.85,24.26,24.66,25.24,25.97,26.90,28.09,0.97,0.79,0.03,Resistência Forte,0,1
2001-06-06,22.54,23.35,23.85,24.26,24.67,25.24,25.98,26.92,28.11,0.88,0.79,0.12,Resistência Forte,0,0
2001-06-07,22.54,23.35,23.85,24.26,24.67,25.24,25.98,26.92,28.11,0.79,0.79,0.21,Resistência Forte,0,1
2001-06-08,22.54,23.35,23.85,24.26,24.67,25.24,25.98,26.92,28.11,0.68,0.62,0.11,Resistência,1,0
2001-06-11,22.54,23.35,23.85,24.26,24.67,25.24,25.98,26.92,28.11,0.68,0.62,0.11,Resistência,1,0
2001-06-12,22.54,23.35,23.85,24.26,24.67,25.24,25.98,26.92,28.11,0.61,0.50,0.01,Zona de Consolidação,1,0
2001-06-13,22.54,23.35,23.85,24.26,24.67,25.24,25.98,26.92,28.11,0.51,0.50,0.11,Zona de Consolidação,0,0
2001-06-14,22.54,23.35,23.85,24.26,24.67,25.24,25.98,26.92,28.11,0.26,0.24,0.12,Suporte,0,0
2001-06-15,22.54,23.35,23.85,24.26,24.67,25.24,25.98,26.92,28.11,0.34,0.24,0.04,Suporte,1,0
2001-06-18,22.54,23.35,23.85,24.26,24.67,25.24,25.98,26.92,28.11,0.36,0.24,0.02,Suporte,1,0
2001-06-19,22.54,23.35,23.85,24.26,24.67,25.24,25.98,26.92,28.11,0.37,0.24,0.01,Suporte,1,0
2001-06-20,22.54,23.35,23.85,24.26,24.67,25.24,25.98,26.92,28.11,0.35,0.24,0.03,Suporte,1,0
2001-06-21,22.54,23.35,23.85,24.26,24.67,25.24,25.98,26.92,28.11,0.36,0.24,0.02,Suporte,1,0
2001-06-22,22.71,23.48,23.96,24.34,24.73,25.28,25.98,26.87,28.00,0.24,0.24,0.14,Suporte,0,0
2001-06-25,22.71,23.48,23.96,24.34,24.73,25.28,25.98,26.87,28.00,0.25,0.24,0.13,Suporte,0,0
2001-06-26,22.91,23.63,24.08,24.44,24.81,25.32,25.98,26.82,27.88,0.29,0.24,0.09,Suporte,0,0
2001-06-27,23.29,23.92,24.32,24.64,24.95,25.40,25.98,26.71,27.64,0.07,0.00,0.17,Suporte Forte,0,0
2001-06-28,23.29,23.92,24.32,24.64,24.95,25.40,25.98,26.71,27.64,0.10,0.00,0.14,Suporte Forte,0,0
2001-06-29,22.57,23.37,23.87,24.28,24.68,25.25,25.98,26.91,28.09,0.02,0.00,0.22,Suporte Forte,0,0
2001-07-02,22.57,23.37,23.87,24.28,24.68,25.25,25.98,26.91,28.09,0.28,0.24,0.10,Suporte,0,0
2001-07-03,22.57,23.37,23.87,24.28,24.68,25.25,25.98,26.91,28.09,0.30,0.24,0.08,Suporte,0,0
2001-07-05,22.57,23.37,23.87,24.28,24.68,25.25,25.98,26.91,28.09,0.28,0.24,0.10,Suporte,0,0
2001-07-06,22.57,23.37,23.87,24.28,24.68,25.25,25.98,26.91,28.09,0.21,0.00,0.03,Suporte Forte,0,0
2001-07-09,22.57,23.37,23.87,24.28,24.68,25.25,25.98,26.91,28.09,0.43,0.38,0.07,Zona de Consolidação,1,0
2001-07-10,22.57,23.37,23.87,24.28,24.68,25.25,25.98,26.91,28.09,0.38,0.24,0.00,Suporte,1,0
2001-07-11,22.57,23.37,23.87,24.28,24.68,25.25,25.98,26.91,28.09,0.33,0.24,0.05,Suporte,1,0
2001-07-12,22.57,23.37,23.87,24.28,24.68,25.25,25.98,26.91,28.09,0.57,0.50,0.05,Zona de Consolidação,1,0
2001-07-13,22.57,23.37,23.87,24.28,24.68,25.25,25.98,26.91,28.09,0.52,0.50,0.10,Zona de Consolidação,0,0
2001-07-16,22.57,23.37,23.87,24.28,24.68,25.25,25.98,26.91,28.09,0.46,0.38,0.04,Zona de Consolidação,0,0
2001-07-17,22.57,23.37,23.87,24.28,24.68,25.25,25.98,26.91,28.09,0.55,0.50,0.07,Zona de Consolidação,1,0
2001-07-18,22.57,23.37,23.87,24.28,24.68,25.25,25.98,26.91,28.09,0.47,0.38,0.03,Zona de Consolidação,0,0
2001-07-19,22.57,23.37,23.87,24.28,24.68,25.25,25.98,26.91,28.09,0.58,0.50,0.04,Zona de Consolidação,1,0
2001-07-20,22.57,23.37,23.87,24.28,24.68,25.25,25.98,26.91,28.09,0.50,0.50,0.12,Zona de Consolidação,0,0
2001-07-23,22.57,23.37,23.87,24.28,24.68,25.25,25.98,26.91,28.09,0.31,0.24,0.07,Suporte,0,0
2001-07-24,22.57,23.37,23.87,24.28,24.68,25.25,25.98,26.91,28.09,0.23,0.00,0.01,Suporte Forte,0,0
2001-07-25,22.57,23.37,23.87,24.28,24.68,25.25,25.98,26.91,28.09,0.27,0.24,0.11,Suporte,0,0
2001-07-26,22.57,23.37,23.87,24.28,24.68,25.25,25.98,26.91,28.09,0.20,0.00,0.04,Suporte Forte,0,0
2001-07-27,22.57,23.37,23.87,24.28,24.68,25.25,25.98,26.91,28.09,0.19,0.00,0.05,Suporte Forte,0,0
2001-07-30,22.57,23.37,23.87,24.28,24.68,25.25,25.98,26.91,28.09,0.17,0.00,0.07,Suporte Forte,0,0
2001-07-31,22.57,23.37,23.87,24.28,24.68,25.25,25.98,26.91,28.09,0.18,0.00,0.06,Suporte Forte,0,0
2001-08-01,22.57,23.37,23.87,24.28,24.68,25.25,25.98,26.91,28.09,0.06,0.00,0.18,Suporte Forte,0,0
2001-08-02,21.81,22.79,23.40,23.90,24.39,25.09,25.98,27.11,28.56,0.05,0.00,0.19,Suporte Forte,0,0
2001-08-03,21.33,22.43,23.11,23.66,24.20,24.98,25.98,27.24,28.85,0.01,0.00,0.23,Suporte Forte,0,0
2001-08-06,21.33,22.43,23.11,23.66,24.20,24.98,25.98,27.24,28.85,0.11,0.00,0.13,Suporte Forte,0,0
2001-08-07,21.33,22.43,23.11,23.66,24.20,24.98,25.98,27.24,28.85,0.14,0.00,0.10,Suporte Forte,0,0
2001-08-08,21.33,22.43,23.11,23.66,24.20,24.98,25.98,27.24,28.85,0.12,0.00,0.12,Suporte Forte,0,0
2001-08-09,21.33,22.43,23.11,23.66,24.20,24.98,25.98,27.24,28.85,0.18,0.00,0.06,Suporte Forte,0,0
2001-08-10,21.33,22.43,23.11,23.66,24.20,24.98,25.98,27.24,28.85,0.16,0.00,0.08,Suporte Forte,0,0
2001-08-13,21.33,22.43,23.11,23.66,24.20,24.98,25.98,27.24,28.85,0.14,0.00,0.10,Suporte Forte,0,0
2001-08-14,21.33,22.43,23.11,23.66,24.20,24.98,25.98,27.24,28.85,0.17,0.00,0.07,Suporte Forte,0,0
2001-08-15,21.33,22.43,23.11,23.66,24.20,24.98,25.98,27.24,28.85,0.27,0.24,0.11,Suporte,0,0
2001-08-16,21.33,22.35,22.98,23.48,23.99,24.72,25.64,26.81,28.30,0.34,0.24,0.04,Suporte,1,0
2001-08-17,21.33,22.26,22.84,23.30,23.76,24.43,25.27,26.34,27.70,0.32,0.24,0.06,Suporte,0,0
2001-08-20,21.33,22.21,22.75,23.18,23.62,24.25,25.04,26.05,27.33,0.40,0.38,0.10,Zona de Consolidação,1,0
2001-08-21,21.33,22.17,22.69,23.10,23.52,24.12,24.88,25.85,27.07,0.52,0.50,0.10,Zona de Consolidação,0,0
2001-08-22,21.33,22.13,22.62,23.02,23.41,23.98,24.70,25.62,26.78,0.58,0.50,0.04,Zona de Consolidação,1,0
2001-08-23,21.33,22.12,22.60,22.99,23.39,23.95,24.66,25.57,26.72,0.71,0.62,0.08,Resistência,0,0
2001-08-24,21.33,22.12,22.60,22.99,23.39,23.95,24.66,25.57,26.72,0.86,0.79,0.14,Resistência Forte,0,0
2001-08-27,21.33,22.12,22.60,22.99,23.39,23.95,24.66,25.57,26.72,0.84,0.79,0.16,Resistência Forte,0,1
2001-08-28,21.33,22.12,22.60,22.99,23.39,23.95,24.66,25.57,26.72,0.80,0.79,0.20,Resistência Forte,0,1
2001-08-29,21.33,22.12,22.60,22.99,23.39,23.95,24.66,25.57,26.72,0.96,0.79,0.04,Resistência Forte,0,1
2001-08-30,21.33,22.09,22.57,22.95,23.33,23.88,24.57,25.45,26.57,0.76,0.62,0.03,Resistência,0,1
2001-08-31,21.33,22.09,22.57,22.95,23.33,23.88,24.57,25.45,26.57,0.69,0.62,0.10,Resistência,0,0
2001-09-04,21.33,22.09,22.57,22.95,23.33,23.88,24.57,25.45,26.57,0.71,0.62,0.08,Resistência,0,0
2001-09-05,21.33,22.09,22.57,22.95,23.33,23.88,24.57,25.45,26.57,0.59,0.50,0.03,Zona de Consolidação,1,0
2001-09-06,21.33,22.09,22.57,22.95,23.33,23.88,24.57,25.45,26.57,0.44,0.38,0.06,Zona de Consolidação,1,0
2001-09-07,21.33,22.09,22.57,22.95,23.33,23.88,24.57,25.45,26.57,0.44,0.38,0.06,Zona de Consolidação,1,0
2001-09-10,21.33,22.09,22.57,22.95,23.33,23.88,24.57,25.45,26.57,0.58,0.50,0.04,Zona de Consolidação,1,0
2001-09-17,21.33,22.09,22.57,22.95,23.33,23.88,24.57,25.45,26.57,0.19,0.00,0.05,Suporte Forte,0,0
2001-09-18,21.33,22.09,22.57,22.95,23.33,23.88,24.57,25.45,26.57,0.47,0.38,0.03,Zona de Consolidação,0,0
2001-09-19,21.28,22.06,22.54,22.92,23.31,23.87,24.57,25.46,26.60,0.33,0.24,0.05,Suporte,1,0
2001-09-20,20.44,21.41,22.02,22.51,22.99,23.69,24.57,25.69,27.12,0.00,0.00,0.24,Suporte Forte,0,0
2001-09-21,18.74,20.12,20.97,21.66,22.34,23.32,24.57,26.16,28.17,0.23,0.00,0.01,Suporte Forte,0,0
2001-09-24,18.74,20.12,20.97,21.66,22.34,23.32,24.57,26.16,28.17,0.32,0.24,0.06,Suporte,0,0
2001-09-25,18.74,20.12,20.97,21.66,22.34,23.32,24.57,26.16,28.17,0.27,0.24,0.11,Suporte,0,0
2001-09-26,18.74,20.12,20.97,21.66,22.34,23.32,24.57,26.16,28.17,0.26,0.24,0.12,Suporte,0,0
2001-09-27,18.74,20.11,20.96,21.65,22.34,23.31,24.56,26.14,28.16,0.26,0.24,0.12,Suporte,0,0
2001-09-28,18.74,20.11,20.96,21.65,22.34,23.31,24.56,26.14,28.16,0.48,0.38,0.02,Zona de Consolidação,0,0
2001-10-01,18.74,20.11,20.96,21.65,22.34,23.31,24.56,26.14,28.16,0.47,0.38,0.03,Zona de Consolidação,0,0
2001-10-02,18.74,20.11,20.96,21.65,22.34,23.31,24.56,26.14,28.16,0.57,0.50,0.05,Zona de Consolidação,0,0
2001-10-03,18.74,20.11,20.96,21.65,22.34,23.31,24.56,26.14,28.16,0.71,0.62,0.08,Resistência,0,0
2001-10-04,18.74,20.11,20.95,21.64,22.32,23.29,24.53,26.10,28.11,0.66,0.62,0.13,Resistência,1,0
2001-10-05,18.74,20.11,20.95,21.64,22.32,23.29,24.53,26.10,28.11,0.62,0.62,0.17,Resistência,1,0
2001-10-08,18.74,20.11,20.95,21.64,22.32,23.29,24.53,26.10,28.11,0.57,0.50,0.05,Zona de Consolidação,0,0
2001-10-09,18.74,20.11,20.95,21.64,22.32,23.29,24.53,26.10,28.11,0.57,0.50,0.05,Zona de Consolidação,0,0
2001-10-10,18.74,20.11,20.95,21.64,22.32,23.29,24.53,26.10,28.11,0.72,0.62,0.07,Resistência,0,0
2001-10-11,18.74,20.11,20.95,21.64,22.32,23.29,24.53,26.10,28.11,0.75,0.62,0.04,Resistência,0,1
2001-10-12,18.74,20.11,20.95,21.64,22.32,23.29,24.53,26.10,28.11,0.64,0.62,0.15,Resistência,1,0
2001-10-15,18.74,20.11,20.95,21.64,22.32,23.29,24.53,26.10,28.11,0.63,0.62,0.16,Resistência,1,0
2001-10-16,18.74,20.11,20.95,21.64,22.32,23.29,24.53,26.10,28.11,0.66,0.62,0.13,Resistência,0,0
2001-10-17,18.74,20.11,20.95,21.64,22.32,23.29,24.53,26.10,28.11,0.61,0.50,0.01,Zona de Consolidação,1,0
2001-10-18,18.74,20.11,20.95,21.64,22.32,23.29,24.53,26.10,28.11,0.59,0.50,0.03,Zona de Consolidação,1,0
2001-10-19,18.74,20.11,20.95,21.64,22.32,23.29,24.53,26.10,28.11,0.63,0.62,0.16,Resistência,1,0
2001-10-22,18.74,20.11,20.95,21.64,22.32,23.29,24.53,26.10,28.11,0.70,0.62,0.09,Resistência,0,0
2001-10-23,18.74,20.11,20.95,21.64,22.32,23.29,24.53,26.10,28.11,0.71,0.62,0.08,Resistência,0,0
2001-10-24,18.74,20.11,20.95,21.64,22.32,23.29,24.53,26.10,28.11,0.74,0.62,0.05,Resistência,0,0
2001-10-25,18.74,20.11,20.95,21.64,22.32,23.29,24.53,26.10,28.11,0.81,0.79,0.19,Resistência Forte,0,1
2001-10-26,18.74,20.11,20.95,21.64,22.32,23.29,24.53,26.10,28.11,0.82,0.79,0.18,Resistência Forte,0,1
2001-10-29,18.74,20.11,20.95,21.64,22.32,23.29,24.53,26.10,28.11,0.77,0.62,0.02,Resistência,0,1
2001-10-30,18.74,20.11,20.95,21.64,22.32,23.29,24.53,26.10,28.11,0.79,0.79,0.21,Resistência Forte,0,1
2001-10-31,18.74,20.11,20.95,21.64,22.32,23.29,24.53,26.10,28.11,0.84,0.79,0.16,Resistência Forte,0,0
2001-11-01,18.74,20.11,20.95,21.64,22.32,23.29,24.53,26.10,28.11,0.94,0.79,0.06,Resistência Forte,0,0
2001-11-02,18.74,20.13,20.99,21.68,22.38,23.37,24.63,26.23,28.27,0.98,0.79,0.02,Resistência Forte,0,1
2001-11-05,18.74,20.19,21.08,21.80,22.53,23.56,24.87,26.54,28.66,1.00,1.00,0.27,Resistência Forte,0,1
2001-11-06,18.74,20.19,21.08,21.80,22.53,23.56,24.87,26.54,28.66,0.95,0.79,0.05,Resistência Forte,0,0
2001-11-07,18.74,20.19,21.08,21.80,22.53,23.56,24.87,26.54,28.66,0.96,0.79,0.04,Resistência Forte,0,0
2001-11-08,18.74,20.19,21.09,21.82,22.54,23.57,24.89,26.56,28.69,0.94,0.79,0.06,Resistência Forte,0,0
2001-11-09,18.74,20.20,21.10,21.83,22.56,23.60,24.92,26.60,28.74,0.99,0.79,0.01,Resistência Forte,0,1
2001-11-12,18.74,20.24,21.17,21.92,22.66,23.73,25.09,26.82,29.01,0.99,0.79,0.01,Resistência Forte,0,1
2001-11-13,18.74,20.30,21.27,22.06,22.84,23.95,25.37,27.17,29.47,1.00,1.00,0.27,Resistência Forte,0,1
2001-11-14,18.74,20.40,21.43,22.26,23.09,24.27,25.78,27.69,30.13,0.96,0.79,0.04,Resistência Forte,0,1
2001-11-15,18.74,20.46,21.52,22.38,23.23,24.45,26.01,27.99,30.50,0.94,0.79,0.06,Resistência Forte,0,0
2001-11-16,18.74,20.46,21.52,22.38,23.23,24.45,26.01,27.99,30.50,0.89,0.79,0.11,Resistência Forte,0,0
2001-11-19,18.74,20.46,21.53,22.39,23.25,24.48,26.04,28.03,30.55,1.00,1.00,0.27,Resistência Forte,0,1
2001-11-20,18.74,20.46,21.53,22.39,23.25,24.48,26.04,28.03,30.55,0.96,0.79,0.04,Resistência Forte,0,0
2001-11-21,18.74,20.46,21.53,22.39,23.25,24.48,26.04,28.03,30.55,0.94,0.79,0.06,Resistência Forte,0,0
2001-11-23,18.74,20.46,21.53,22.39,23.25,24.48,26.04,28.03,30.55,0.98,0.79,0.02,Resistência Forte,0,1
2001-11-26,18.74,20.46,21.53,22.39,23.25,24.48,26.04,28.03,30.55,0.98,0.79,0.02,Resistência Forte,0,1
2001-11-27,18.74,20.46,21.53,22.39,23.25,24.48,26.04,28.03,30.55,0.94,0.79,0.06,Resistência Forte,0,0
2001-11-28,18.74,20.46,21.53,22.39,23.25,24.48,26.04,28.03,30.55,0.91,0.79,0.09,Resistência Forte,0,0
2001-11-29,18.74,20.46,21.53,22.39,23.25,24.48,26.04,28.03,30.55,0.90,0.79,0.10,Resistência Forte,0,0
2001-11-30,18.74,20.46,21.53,22.39,23.25,24.48,26.04,28.03,30.55,0.91,0.79,0.09,Resistência Forte,0,0
2001-12-03,20.00,21.43,22.31,23.02,23.73,24.75,26.04,27.68,29.77,0.87,0.79,0.13,Resistência Forte,0,0
2001-12-04,20.00,21.43,22.31,23.02,23.73,24.75,26.04,27.68,29.77,0.93,0.79,0.07,Resistência Forte,0,0
2001-12-05,20.00,21.59,22.57,23.36,24.16,25.29,26.73,28.56,30.89,0.97,0.79,0.03,Resistência Forte,0,1
2001-12-06,20.00,21.74,22.82,23.69,24.56,25.80,27.38,29.39,31.94,0.97,0.79,0.03,Resistência Forte,0,1
2001-12-07,20.39,22.04,23.06,23.88,24.71,25.88,27.38,29.28,31.70,1.00,1.00,0.27,Resistência Forte,0,1
2001-12-10,21.35,22.77,23.65,24.36,25.08,26.09,27.38,29.02,31.11,0.89,0.79,0.11,Resistência Forte,0,0
2001-12-11,21.56,22.93,23.78,24.47,25.16,26.13,27.38,28.96,30.98,0.91,0.79,0.09,Resistência Forte,0,0
2001-12-12,21.77,23.09,23.91,24.58,25.24,26.18,27.38,28.91,30.85,0.98,0.79,0.02,Resistência Forte,0,1
2001-12-13,21.80,23.12,23.93,24.59,25.25,26.19,27.38,28.90,30.83,0.88,0.79,0.12,Resistência Forte,0,0
2001-12-14,21.80,23.12,23.93,24.59,25.25,26.19,27.38,28.90,30.83,0.82,0.79,0.18,Resistência Forte,0,1
2001-12-17,21.80,23.12,23.93,24.59,25.25,26.19,27.38,28.90,30.83,0.93,0.79,0.07,Resistência Forte,0,0
2001-12-18,21.83,23.14,23.95,24.60,25.26,26.19,27.38,28.89,30.81,0.93,0.79,0.07,Resistência Forte,0,0
2001-12-19,21.92,23.21,24.01,24.65,25.29,26.21,27.38,28.87,30.75,0.93,0.79,0.07,Resistência Forte,0,0
2001-12-20,21.94,23.25,24.05,24.70,25.36,26.29,27.47,28.97,30.89,0.96,0.79,0.04,Resistência Forte,0,1
2001-12-21,21.94,23.25,24.05,24.70,25.36,26.29,27.47,28.97,30.89,0.98,0.79,0.02,Resistência Forte,0,1
2001-12-24,22.06,23.34,24.13,24.76,25.40,26.31,27.47,28.94,30.81,0.92,0.79,0.08,Resistência Forte,0,0
2001-12-26,22.06,23.34,24.13,24.76,25.40,26.31,27.47,28.94,30.81,0.93,0.79,0.07,Resistência Forte,0,0
2001-12-27,22.06,23.34,24.13,24.76,25.40,26.31,27.47,28.94,30.81,0.98,0.79,0.02,Resistência Forte,0,1
2001-12-28,22.06,23.38,24.19,24.85,25.51,26.45,27.64,29.16,31.09,0.99,0.79,0.01,Resistência Forte,0,1
2001-12-31,22.07,23.39,24.20,24.86,25.52,26.46,27.65,29.17,31.10,0.88,0.79,0.12,Resistência Forte,0,0
2002-01-02,22.17,23.46,24.26,24.91,25.56,26.48,27.65,29.14,31.04,0.86,0.79,0.14,Resistência Forte,0,0
2002-01-03,22.76,23.91,24.63,25.20,25.78,26.60,27.65,28.98,30.67,0.83,0.79,0.17,Resistência Forte,0,1
2002-01-04,22.78,23.93,24.64,25.22,25.79,26.61,27.65,28.97,30.66,0.83,0.79,0.17,Resistência Forte,0,1
2002-01-07,22.78,23.93,24.64,25.22,25.79,26.61,27.65,28.97,30.66,0.71,0.62,0.08,Resistência,0,0
2002-01-08,23.04,24.13,24.80,25.34,25.89,26.66,27.65,28.90,30.50,0.69,0.62,0.10,Resistência,0,0
2002-01-09,23.04,24.13,24.80,25.34,25.89,26.66,27.65,28.90,30.50,0.63,0.62,0.16,Resistência,1,0
2002-01-10,23.04,24.13,24.80,25.34,25.89,26.66,27.65,28.90,30.50,0.68,0.62,0.11,Resistência,0,0
2002-01-11,23.32,24.34,24.97,25.48,26.00,26.72,27.65,28.83,30.33,0.64,0.62,0.15,Resistência,1,0
2002-01-14,23.32,24.34,24.97,25.48,26.00,26.72,27.65,28.83,30.33,0.67,0.62,0.12,Resistência,1,0
2002-01-15,23.95,24.82,25.36,25.80,26.24,26.86,27.65,28.66,29.94,0.74,0.62,0.05,Resistência,0,1
2002-01-16,24.34,25.12,25.60,25.99,26.39,26.94,27.65,28.55,29.70,0.62,0.62,0.17,Resistência,1,0
2002-01-17,24.34,25.12,25.60,25.99,26.39,26.94,27.65,28.55,29.70,0.63,0.62,0.16,Resistência,1,0
2002-01-18,24.45,25.21,25.67,26.05,26.43,26.97,27.65,28.52,29.63,0.56,0.50,0.06,Zona de Consolidação,1,0
2002-01-22,24.48,25.23,25.69,26.06,26.44,26.97,27.65,28.51,29.61,0.44,0.38,0.06,Zona de Consolidação,1,0
2002-01-23,24.48,25.23,25.69,26.06,26.44,26.97,27.65,28.51,29.61,0.36,0.24,0.02,Suporte,1,0
2002-01-24,24.53,25.27,25.72,26.09,26.46,26.98,27.65,28.50,29.58,0.35,0.24,0.03,Suporte,1,0
2002-01-25,24.82,25.49,25.90,26.24,26.57,27.04,27.65,28.42,29.40,0.39,0.38,0.11,Zona de Consolidação,1,0
2002-01-28,25.08,25.69,26.06,26.36,26.67,27.10,27.65,28.35,29.24,0.30,0.24,0.08,Suporte,1,0
2002-01-29,23.36,24.37,25.00,25.50,26.01,26.73,27.65,28.82,30.30,0.13,0.00,0.11,Suporte Forte,0,0
2002-01-30,23.36,24.37,25.00,25.50,26.01,26.73,27.65,28.82,30.30,0.31,0.24,0.07,Suporte,0,0
2002-01-31,23.36,24.37,25.00,25.50,26.01,26.73,27.65,28.82,30.30,0.32,0.24,0.06,Suporte,0,0
2002-02-01,23.36,24.37,25.00,25.50,26.01,26.73,27.65,28.82,30.30,0.27,0.24,0.11,Suporte,0,0
2002-02-04,23.36,24.37,25.00,25.50,26.01,26.73,27.65,28.82,30.30,0.20,0.00,0.04,Suporte Forte,0,0
2002-02-05,23.36,24.37,25.00,25.50,26.01,26.73,27.65,28.82,30.30,0.27,0.24,0.11,Suporte,0,0
2002-02-06,23.36,24.37,25.00,25.50,26.01,26.73,27.65,28.82,30.30,0.28,0.24,0.10,Suporte,0,0
2002-02-07,23.36,24.37,25.00,25.50,26.01,26.73,27.65,28.82,30.30,0.32,0.24,0.06,Suporte,0,0
2002-02-08,23.36,24.37,25.00,25.50,26.01,26.73,27.65,28.82,30.30,0.37,0.24,0.01,Suporte,1,0
2002-02-11,23.36,24.37,25.00,25.50,26.01,26.73,27.65,28.82,30.30,0.38,0.24,0.00,Suporte,1,0
2002-02-12,23.36,24.37,25.00,25.50,26.01,26.73,27.65,28.82,30.30,0.32,0.24,0.06,Suporte,0,0
2002-02-13,23.36,24.37,25.00,25.50,26.01,26.73,27.65,28.82,30.30,0.31,0.24,0.07,Suporte,0,0
2002-02-14,23.36,24.37,25.00,25.50,26.01,26.73,27.65,28.82,30.30,0.34,0.24,0.04,Suporte,1,0
2002-02-15,23.36,24.37,25.00,25.50,26.01,26.73,27.65,28.82,30.30,0.27,0.24,0.11,Suporte,0,0
2002-02-19,23.36,24.37,25.00,25.50,26.01,26.73,27.65,28.82,30.30,0.17,0.00,0.07,Suporte Forte,0,0
2002-02-20,23.36,24.37,25.00,25.50,26.01,26.73,27.65,28.82,30.30,0.22,0.00,0.02,Suporte Forte,0,0
2002-02-21,23.36,24.37,25.00,25.50,26.01,26.73,27.65,28.82,30.30,0.11,0.00,0.13,Suporte Forte,0,0
2002-02-22,23.36,24.37,25.00,25.50,26.01,26.73,27.65,28.82,30.30,0.18,0.00,0.06,Suporte Forte,0,0
2002-02-25,23.36,24.37,25.00,25.50,26.01,26.73,27.65,28.82,30.30,0.32,0.24,0.06,Suporte,0,0
2002-02-26,23.36,24.37,25.00,25.50,26.01,26.73,27.65,28.82,30.30,0.18,0.00,0.06,Suporte Forte,0,0
2002-02-27,23.36,24.37,25.00,25.50,26.01,26.73,27.65,28.82,30.30,0.12,0.00,0.12,Suporte Forte,0,0
2002-02-28,23.36,24.37,25.00,25.50,26.01,26.73,27.65,28.82,30.30,0.18,0.00,0.06,Suporte Forte,0,0
2002-03-01,23.36,24.37,25.00,25.50,26.01,26.73,27.65,28.82,30.30,0.37,0.24,0.01,Suporte,1,0
2002-03-04,23.36,24.37,25.00,25.50,26.01,26.73,27.65,28.82,30.30,0.57,0.50,0.05,Zona de Consolidação,1,0
2002-03-05,23.36,24.37,25.00,25.50,26.01,26.73,27.65,28.82,30.30,0.61,0.50,0.01,Zona de Consolidação,1,0
2002-03-06,23.36,24.37,25.00,25.50,26.01,26.73,27.65,28.82,30.30,0.69,0.62,0.10,Resistência,0,0
2002-03-07,23.36,24.37,25.00,25.50,26.01,26.73,27.65,28.82,30.30,0.65,0.62,0.14,Resistência,1,0
2002-03-08,23.36,24.37,25.00,25.50,26.01,26.73,27.65,28.82,30.30,0.77,0.62,0.02,Resistência,0,1
2002-03-11,23.36,24.37,25.00,25.50,26.01,26.73,27.65,28.82,30.30,0.68,0.62,0.11,Resistência,0,0
2002-03-12,23.36,24.37,25.00,25.50,26.01,26.73,27.65,28.82,30.30,0.74,0.62,0.05,Resistência,0,1
2002-03-13,23.36,24.37,25.00,25.50,26.01,26.73,27.65,28.82,30.30,0.53,0.50,0.09,Zona de Consolidação,0,0
2002-03-14,23.36,24.28,24.85,25.32,25.78,26.43,27.27,28.33,29.69,0.51,0.50,0.11,Zona de Consolidação,0,0
2002-03-15,23.36,24.24,24.78,25.22,25.65,26.28,27.07,28.08,29.36,0.67,0.62,0.12,Resistência,1,0
2002-03-18,23.36,24.22,24.76,25.19,25.62,26.24,27.02,28.02,29.28,0.81,0.79,0.19,Resistência Forte,0,1
2002-03-19,23.36,24.21,24.74,25.16,25.58,26.19,26.96,27.94,29.18,0.73,0.62,0.06,Resistência,0,1
2002-03-20,23.36,24.21,24.74,25.16,25.58,26.19,26.96,27.94,29.18,0.77,0.62,0.02,Resistência,0,1
2002-03-21,23.36,24.21,24.74,25.16,25.58,26.19,26.96,27.94,29.18,0.80,0.79,0.20,Resistência Forte,0,1
2002-03-22,23.36,24.21,24.74,25.16,25.58,26.19,26.96,27.94,29.18,0.71,0.62,0.08,Resistência,0,1
2002-03-25,23.36,24.21,24.74,25.16,25.58,26.19,26.96,27.94,29.18,0.52,0.50,0.10,Zona de Consolidação,0,0
2002-03-26,23.36,24.21,24.74,25.16,25.58,26.19,26.96,27.94,29.18,0.81,0.79,0.19,Resistência Forte,0,1
2002-03-27,23.36,24.21,24.74,25.16,25.58,26.19,26.96,27.94,29.18,0.82,0.79,0.18,Resistência Forte,0,1
2002-03-28,23.36,24.21,24.74,25.16,25.58,26.19,26.96,27.94,29.18,0.94,0.79,0.06,Resistência Forte,0,1
2002-04-01,23.36,24.21,24.74,25.16,25.58,26.19,26.96,27.94,29.18,0.81,0.79,0.19,Resistência Forte,0,1
2002-04-02,23.36,24.21,24.74,25.16,25.58,26.19,26.96,27.94,29.18,0.74,0.62,0.05,Resistência,0,1
2002-04-03,23.36,24.21,24.74,25.16,25.58,26.19,26.96,27.94,29.18,0.52,0.50,0.10,Zona de Consolidação,0,0
2002-04-04,23.36,24.21,24.74,25.16,25.58,26.19,26.96,27.94,29.18,0.52,0.50,0.10,Zona de Consolidação,0,0
2002-04-05,23.36,24.21,24.74,25.16,25.58,26.19,26.96,27.94,29.18,0.55,0.50,0.07,Zona de Consolidação,1,0
2002-04-08,23.36,24.21,24.74,25.16,25.58,26.19,26.96,27.94,29.18,0.64,0.62,0.15,Resistência,1,0
2002-04-09,23.36,24.21,24.74,25.16,25.58,26.19,26.96,27.94,29.18,0.63,0.62,0.16,Resistência,1,0
2002-04-10,23.36,24.21,24.74,25.16,25.58,26.19,26.96,27.94,29.18,0.72,0.62,0.07,Resistência,0,1
2002-04-11,23.66,24.44,24.92,25.31,25.70,26.25,26.96,27.86,29.00,0.58,0.50,0.04,Zona de Consolidação,1,0
2002-04-12,23.66,24.44,24.92,25.31,25.70,26.25,26.96,27.86,29.00,0.66,0.62,0.13,Resistência,1,0
2002-04-15,23.66,24.44,24.92,25.31,25.70,26.25,26.96,27.86,29.00,0.47,0.38,0.03,Zona de Consolidação,0,0
2002-04-16,23.66,24.44,24.92,25.31,25.70,26.25,26.96,27.86,29.00,0.24,0.24,0.14,Suporte,0,0
2002-04-17,23.43,24.26,24.78,25.20,25.61,26.20,26.96,27.92,29.14,0.00,0.00,0.24,Suporte Forte,0,0
2002-04-18,23.18,24.07,24.62,25.07,25.52,26.15,26.96,27.99,29.30,0.03,0.00,0.21,Suporte Forte,0,0
2002-04-19,23.18,24.07,24.62,25.07,25.52,26.15,26.96,27.99,29.30,0.14,0.00,0.10,Suporte Forte,0,0
2002-04-22,22.86,23.83,24.43,24.91,25.39,26.08,26.96,28.08,29.49,0.03,0.00,0.21,Suporte Forte,0,0
2002-04-23,22.86,23.83,24.43,24.91,25.39,26.08,26.96,28.08,29.49,0.10,0.00,0.14,Suporte Forte,0,0
2002-04-24,22.86,23.83,24.43,24.91,25.39,26.08,26.96,28.08,29.49,0.15,0.00,0.09,Suporte Forte,0,0
2002-04-25,22.86,23.83,24.43,24.91,25.39,26.08,26.96,28.08,29.49,0.18,0.00,0.06,Suporte Forte,0,0
2002-04-26,22.86,23.83,24.43,24.91,25.39,26.08,26.96,28.08,29.49,0.09,0.00,0.15,Suporte Forte,0,0
2002-04-29,22.86,23.83,24.43,24.91,25.39,26.08,26.96,28.08,29.49,0.01,0.00,0.23,Suporte Forte,0,0
2002-04-30,22.86,23.83,24.43,24.91,25.39,26.08,26.96,28.08,29.49,0.11,0.00,0.13,Suporte Forte,0,0
2002-05-01,22.81,23.79,24.40,24.88,25.37,26.07,26.96,28.09,29.52,0.18,0.00,0.06,Suporte Forte,0,0
2002-05-02,22.81,23.79,24.40,24.88,25.37,26.07,26.96,28.09,29.52,0.12,0.00,0.12,Suporte Forte,0,0
2002-05-03,22.81,23.79,24.40,24.88,25.37,26.07,26.96,28.09,29.52,0.05,0.00,0.19,Suporte Forte,0,0
2002-05-06,22.81,23.79,24.40,24.88,25.37,26.07,26.96,28.09,29.52,0.00,0.00,0.24,Suporte Forte,0,0
2002-05-07,22.81,23.79,24.40,24.88,25.37,26.07,26.96,28.09,29.52,0.05,0.00,0.19,Suporte Forte,0,0
2002-05-08,22.81,23.79,24.40,24.88,25.37,26.07,26.96,28.09,29.52,0.25,0.24,0.13,Suporte,0,0
2002-05-09,22.81,23.79,24.40,24.88,25.37,26.07,26.96,28.09,29.52,0.20,0.00,0.04,Suporte Forte,0,0
2002-05-10,22.81,23.79,24.40,24.88,25.37,26.07,26.96,28.09,29.52,0.15,0.00,0.09,Suporte Forte,0,0
2002-05-13,22.81,23.79,24.40,24.88,25.37,26.07,26.96,28.09,29.52,0.25,0.24,0.13,Suporte,0,0
2002-05-14,22.81,23.79,24.40,24.88,25.37,26.07,26.96,28.09,29.52,0.42,0.38,0.08,Zona de Consolidação,1,0
2002-05-15,22.81,23.79,24.40,24.88,25.37,26.07,26.96,28.09,29.52,0.38,0.24,0.00,Suporte,1,0
2002-05-16,22.81,23.79,24.40,24.88,25.37,26.07,26.96,28.09,29.52,0.52,0.50,0.10,Zona de Consolidação,0,0
2002-05-17,22.81,23.79,24.40,24.88,25.37,26.07,26.96,28.09,29.52,0.53,0.50,0.09,Zona de Consolidação,0,0
2002-05-20,22.81,23.77,24.36,24.84,25.33,26.01,26.88,27.99,29.40,0.37,0.24,0.01,Suporte,1,0
2002-05-21,22.81,23.77,24.36,24.84,25.33,26.01,26.88,27.99,29.40,0.32,0.24,0.06,Suporte,0,0
2002-05-22,22.81,23.77,24.36,24.84,25.33,26.01,26.88,27.99,29.40,0.29,0.24,0.09,Suporte,0,0
2002-05-23,22.81,23.77,24.36,24.84,25.33,26.01,26.88,27.99,29.40,0.43,0.38,0.07,Zona de Consolidação,1,0
2002-05-24,22.81,23.77,24.36,24.84,25.33,26.01,26.88,27.99,29.40,0.35,0.24,0.03,Suporte,1,0
2002-05-28,22.81,23.77,24.36,24.84,25.33,26.01,26.88,27.99,29.40,0.35,0.24,0.03,Suporte,1,0
2002-05-29,22.81,23.77,24.36,24.84,25.33,26.01,26.88,27.99,29.40,0.28,0.24,0.10,Suporte,0,0
2002-05-30,22.81,23.77,24.36,24.84,25.33,26.01,26.88,27.99,29.40,0.28,0.24,0.10,Suporte,0,0
2002-05-31,22.81,23.77,24.36,24.84,25.33,26.01,26.88,27.99,29.40,0.25,0.24,0.13,Suporte,0,0
2002-06-03,22.81,23.77,24.36,24.84,25.33,26.01,26.88,27.99,29.40,0.23,0.00,0.01,Suporte Forte,0,0
2002-06-04,22.81,23.77,24.36,24.84,25.33,26.01,26.88,27.99,29.40,0.28,0.24,0.10,Suporte,0,0
2002-06-05,22.81,23.77,24.36,24.84,25.33,26.01,26.88,27.99,29.40,0.29,0.24,0.09,Suporte,0,0
2002-06-06,22.81,23.77,24.36,24.84,25.33,26.01,26.88,27.99,29.40,0.30,0.24,0.08,Suporte,0,0
2002-06-07,22.81,23.77,24.36,24.84,25.33,26.01,26.88,27.99,29.40,0.15,0.00,0.09,Suporte Forte,0,0
2002-06-10,22.81,23.71,24.27,24.72,25.16,25.80,26.62,27.66,28.97,0.15,0.00,0.09,Suporte Forte,0,0
2002-06-11,22.81,23.62,24.12,24.53,24.94,25.51,26.25,27.19,28.38,0.13,0.00,0.11,Suporte Forte,0,0
2002-06-12,22.13,23.07,23.65,24.12,24.59,25.26,26.11,27.19,28.57,0.09,0.00,0.15,Suporte Forte,0,0
2002-06-13,22.06,23.02,23.61,24.08,24.56,25.24,26.11,27.21,28.61,0.00,0.00,0.24,Suporte Forte,0,0
2002-06-14,20.79,22.05,22.82,23.45,24.08,24.97,26.11,27.56,29.40,0.14,0.00,0.10,Suporte Forte,0,0
2002-06-17,20.79,22.05,22.82,23.45,24.08,24.97,26.11,27.56,29.40,0.26,0.24,0.12,Suporte,0,0
2002-06-18,20.79,22.05,22.82,23.45,24.08,24.97,26.11,27.56,29.40,0.25,0.24,0.13,Suporte,0,0
2002-06-19,20.79,22.05,22.82,23.45,24.08,24.97,26.11,27.56,29.40,0.15,0.00,0.09,Suporte Forte,0,0
2002-06-20,20.79,22.01,22.76,23.37,23.98,24.85,25.95,27.35,29.14,0.02,0.00,0.22,Suporte Forte,0,0
2002-06-21,19.96,21.37,22.25,22.96,23.66,24.67,25.95,27.58,29.65,0.04,0.00,0.20,Suporte Forte,0,0
2002-06-24,19.49,21.01,21.96,22.72,23.48,24.57,25.95,27.71,29.94,0.13,0.00,0.11,Suporte Forte,0,0
2002-06-25,19.49,20.88,21.74,22.44,23.13,24.12,25.38,26.98,29.02,0.07,0.00,0.17,Suporte Forte,0,0
2002-06-26,19.48,20.86,21.71,22.40,23.08,24.06,25.31,26.90,28.91,0.06,0.00,0.18,Suporte Forte,0,0
2002-06-27,19.48,20.86,21.71,22.40,23.08,24.06,25.31,26.90,28.91,0.09,0.00,0.15,Suporte Forte,0,0
2002-06-28,19.48,20.86,21.71,22.40,23.08,24.06,25.31,26.90,28.91,0.09,0.00,0.15,Suporte Forte,0,0
2002-07-01,19.32,20.73,21.61,22.32,23.02,24.03,25.31,26.94,29.01,0.02,0.00,0.22,Suporte Forte,0,0
2002-07-02,18.06,19.77,20.83,21.68,22.54,23.76,25.31,27.28,29.79,0.09,0.00,0.15,Suporte Forte,0,0
2002-07-03,18.06,19.77,20.83,21.68,22.54,23.76,25.31,27.28,29.79,0.09,0.00,0.15,Suporte Forte,0,0
2002-07-05,18.06,19.77,20.83,21.68,22.54,23.76,25.31,27.28,29.79,0.24,0.24,0.14,Suporte,0,0
2002-07-08,18.06,19.77,20.83,21.68,22.54,23.76,25.31,27.28,29.79,0.19,0.00,0.05,Suporte Forte,0,0
2002-07-09,18.06,19.77,20.83,21.68,22.54,23.76,25.31,27.28,29.79,0.07,0.00,0.17,Suporte Forte,0,0
2002-07-10,18.06,19.77,20.83,21.68,22.54,23.76,25.31,27.28,29.79,0.04,0.00,0.20,Suporte Forte,0,0
2002-07-11,17.96,19.69,20.77,21.64,22.50,23.74,25.31,27.31,29.85,0.09,0.00,0.15,Suporte Forte,0,0
2002-07-12,17.96,19.69,20.77,21.64,22.50,23.74,25.31,27.31,29.85,0.09,0.00,0.15,Suporte Forte,0,0
2002-07-15,17.84,19.60,20.69,21.58,22.46,23.71,25.31,27.34,29.93,0.09,0.00,0.15,Suporte Forte,0,0
2002-07-16,17.84,19.60,20.69,21.58,22.46,23.71,25.31,27.34,29.93,0.08,0.00,0.16,Suporte Forte,0,0
2002-07-17,17.84,19.60,20.69,21.58,22.46,23.71,25.31,27.34,29.93,0.16,0.00,0.08,Suporte Forte,0,0
2002-07-18,14.38,16.96,18.56,19.84,21.13,22.97,25.31,28.28,32.06,0.01,0.00,0.23,Suporte Forte,0,0
2002-07-19,14.33,16.92,18.52,19.82,21.12,22.96,25.31,28.30,32.10,0.04,0.00,0.20,Suporte Forte,0,0
2002-07-22,14.33,16.92,18.52,19.82,21.12,22.96,25.31,28.30,32.10,0.08,0.00,0.16,Suporte Forte,0,0
2002-07-23,14.33,16.92,18.52,19.82,21.12,22.96,25.31,28.30,32.10,0.14,0.00,0.10,Suporte Forte,0,0
2002-07-24,14.33,16.92,18.52,19.82,21.12,22.96,25.31,28.30,32.10,0.16,0.00,0.08,Suporte Forte,0,0
2002-07-25,14.33,16.92,18.52,19.82,21.12,22.96,25.31,28.30,32.10,0.15,0.00,0.09,Suporte Forte,0,0
2002-07-26,14.33,16.92,18.52,19.82,21.12,22.96,25.31,28.30,32.10,0.19,0.00,0.05,Suporte Forte,0,0
2002-07-29,14.33,16.90,18.50,19.78,21.07,22.91,25.24,28.21,31.98,0.25,0.24,0.13,Suporte,0,0
2002-07-30,14.33,16.79,18.32,19.55,20.78,22.54,24.77,27.61,31.22,0.27,0.24,0.11,Suporte,0,0
2002-07-31,14.33,16.77,18.29,19.51,20.73,22.47,24.69,27.51,31.09,0.27,0.24,0.11,Suporte,0,0
2002-08-01,14.33,16.77,18.29,19.51,20.73,22.47,24.69,27.51,31.09,0.23,0.00,0.01,Suporte Forte,0,0
2002-08-02,14.33,16.77,18.29,19.51,20.73,22.47,24.69,27.51,31.09,0.22,0.00,0.02,Suporte Forte,0,0
2002-08-05,14.33,16.77,18.29,19.51,20.73,22.47,24.69,27.51,31.09,0.16,0.00,0.08,Suporte Forte,0,0
2002-08-06,14.33,16.69,18.15,19.33,20.51,22.19,24.33,27.05,30.51,0.22,0.00,0.02,Suporte Forte,0,0
2002-08-07,14.33,16.69,18.15,19.33,20.51,22.19,24.33,27.05,30.51,0.25,0.24,0.13,Suporte,0,0
2002-08-08,14.33,16.69,18.15,19.33,20.51,22.19,24.33,27.05,30.51,0.31,0.24,0.07,Suporte,0,0
2002-08-09,14.33,16.69,18.15,19.32,20.50,22.18,24.32,27.04,30.49,0.29,0.24,0.09,Suporte,0,0
2002-08-12,14.33,16.68,18.14,19.32,20.49,22.17,24.30,27.01,30.46,0.26,0.24,0.12,Suporte,0,0
2002-08-13,14.33,16.68,18.14,19.32,20.49,22.17,24.30,27.01,30.46,0.23,0.00,0.01,Suporte Forte,0,0
2002-08-14,14.33,16.68,18.14,19.32,20.49,22.17,24.30,27.01,30.46,0.30,0.24,0.08,Suporte,0,0
2002-08-15,14.33,16.68,18.14,19.32,20.49,22.17,24.30,27.01,30.46,0.32,0.24,0.06,Suporte,0,0
2002-08-16,14.33,16.60,18.00,19.14,20.28,21.89,23.95,26.57,29.90,0.37,0.24,0.01,Suporte,1,0
2002-08-19,14.33,16.55,17.93,19.04,20.15,21.73,23.75,26.31,29.57,0.38,0.24,0.00,Suporte,1,0
2002-08-20,14.33,16.55,17.93,19.04,20.15,21.73,23.75,26.31,29.57,0.33,0.24,0.05,Suporte,0,0
2002-08-21,14.33,16.44,17.74,18.79,19.84,21.34,23.25,25.68,28.76,0.36,0.24,0.02,Suporte,1,0
2002-08-22,14.33,16.32,17.55,18.55,19.55,20.96,22.77,25.07,27.99,0.47,0.38,0.03,Zona de Consolidação,0,0
2002-08-23,14.33,16.25,17.43,18.39,19.35,20.71,22.45,24.66,27.47,0.44,0.38,0.06,Zona de Consolidação,0,0
2002-08-26,14.33,16.25,17.43,18.39,19.35,20.71,22.45,24.66,27.47,0.44,0.38,0.06,Zona de Consolidação,0,0
2002-08-27,14.33,16.25,17.43,18.39,19.35,20.71,22.45,24.66,27.47,0.42,0.38,0.08,Zona de Consolidação,0,0
2002-08-28,14.33,16.20,17.36,18.30,19.24,20.57,22.27,24.43,27.18,0.38,0.24,0.00,Suporte,1,0
2002-08-29,14.33,16.07,17.15,18.02,18.88,20.12,21.70,23.70,26.25,0.42,0.38,0.08,Zona de Consolidação,0,0
2002-08-30,14.33,15.82,16.74,17.48,18.22,19.28,20.63,22.34,24.52,0.48,0.38,0.02,Zona de Consolidação,0,0
2002-09-03,14.33,15.77,16.66,17.38,18.10,19.12,20.43,22.09,24.20,0.37,0.24,0.01,Suporte,1,0
2002-09-04,14.33,15.76,16.64,17.35,18.06,19.08,20.37,22.01,24.10,0.47,0.38,0.03,Zona de Consolidação,0,0
2002-09-05,14.33,15.71,16.56,17.25,17.94,18.92,20.17,21.76,23.78,0.41,0.38,0.09,Zona de Consolidação,0,0
2002-09-06,14.33,15.71,16.56,17.25,17.94,18.92,20.17,21.76,23.78,0.52,0.50,0.10,Zona de Consolidação,0,0
2002-09-09,14.33,15.71,16.56,17.25,17.94,18.92,20.17,21.76,23.78,0.57,0.50,0.05,Zona de Consolidação,0,0
2002-09-10,14.33,15.70,16.55,17.23,17.91,18.89,20.13,21.71,23.71,0.57,0.50,0.05,Zona de Consolidação,0,0
2002-09-11,14.33,15.68,16.51,17.18,17.85,18.81,20.03,21.58,23.55,0.58,0.50,0.04,Zona de Consolidação,0,0
2002-09-12,14.33,15.68,16.51,17.18,17.85,18.81,20.03,21.58,23.55,0.49,0.38,0.01,Zona de Consolidação,0,0
2002-09-13,14.33,15.68,16.51,17.18,17.85,18.81,20.03,21.58,23.55,0.53,0.50,0.09,Zona de Consolidação,0,0
2002-09-16,14.33,15.68,16.51,17.18,17.85,18.81,20.03,21.58,23.55,0.53,0.50,0.09,Zona de Consolidação,0,0
2002-09-17,14.33,15.49,16.20,16.78,17.36,18.18,19.23,20.56,22.26,0.50,0.50,0.12,Zona de Consolidação,0,0
2002-09-18,14.33,15.46,16.16,16.73,17.29,18.09,19.12,20.42,22.08,0.45,0.38,0.05,Zona de Consolidação,0,0
2002-09-19,14.33,15.46,16.16,16.72,17.28,18.09,19.11,20.41,22.06,0.40,0.38,0.10,Zona de Consolidação,1,0
2002-09-20,14.33,15.46,16.16,16.72,17.28,18.09,19.11,20.41,22.06,0.42,0.38,0.08,Zona de Consolidação,0,0
2002-09-23,14.33,15.46,16.16,16.72,17.28,18.09,19.11,20.41,22.06,0.39,0.38,0.11,Zona de Consolidação,1,0
2002-09-24,14.33,15.46,16.16,16.72,17.28,18.09,19.11,20.41,22.06,0.35,0.24,0.03,Suporte,0,0
2002-09-25,14.33,15.46,16.16,16.72,17.28,18.09,19.11,20.41,22.06,0.36,0.24,0.02,Suporte,1,0
2002-09-26,14.33,15.29,15.89,16.37,16.85,17.54,18.41,19.52,20.93,0.53,0.50,0.09,Zona de Consolidação,0,0
2002-09-27,14.33,15.29,15.89,16.37,16.85,17.54,18.41,19.52,20.93,0.47,0.38,0.03,Zona de Consolidação,0,0
2002-09-30,14.41,15.35,15.94,16.41,16.88,17.55,18.41,19.50,20.88,0.41,0.38,0.09,Zona de Consolidação,1,0
2002-10-01,15.34,16.06,16.51,16.88,17.24,17.75,18.41,19.25,20.31,0.53,0.50,0.09,Zona de Consolidação,0,0
2002-10-02,15.57,16.24,16.65,16.99,17.33,17.80,18.41,19.18,20.17,0.20,0.00,0.04,Suporte Forte,0,0
2002-10-03,15.57,16.24,16.65,16.99,17.33,17.80,18.41,19.18,20.17,0.24,0.24,0.14,Suporte,0,0
2002-10-04,15.69,16.33,16.73,17.05,17.37,17.83,18.41,19.15,20.09,0.07,0.00,0.17,Suporte Forte,0,0
2002-10-07,15.58,16.25,16.66,17.00,17.33,17.80,18.41,19.18,20.16,0.03,0.00,0.21,Suporte Forte,0,0
2002-10-08,15.58,16.25,16.66,17.00,17.33,17.80,18.41,19.18,20.16,0.28,0.24,0.10,Suporte,0,0
2002-10-09,15.58,16.25,16.66,17.00,17.33,17.80,18.41,19.18,20.16,0.14,0.00,0.10,Suporte Forte,0,0
2002-10-10,15.58,16.25,16.66,17.00,17.33,17.80,18.41,19.18,20.16,0.43,0.38,0.07,Zona de Consolidação,1,0
2002-10-11,15.58,16.25,16.66,17.00,17.33,17.80,18.41,19.18,20.16,0.75,0.62,0.04,Resistência,0,1
2002-10-14,15.58,16.25,16.66,17.00,17.33,17.80,18.41,19.18,20.16,0.89,0.79,0.11,Resistência Forte,0,0
2002-10-15,15.58,16.42,16.94,17.36,17.78,18.38,19.14,20.11,21.34,0.97,0.79,0.03,Resistência Forte,0,1
2002-10-16,15.58,16.43,16.96,17.38,17.80,18.41,19.18,20.16,21.40,0.71,0.62,0.08,Resistência,0,0
2002-10-17,15.58,16.53,17.12,17.59,18.06,18.74,19.60,20.69,22.08,0.97,0.79,0.03,Resistência Forte,0,1
2002-10-18,15.58,16.53,17.12,17.59,18.06,18.74,19.60,20.69,22.08,0.77,0.62,0.02,Resistência,0,1
2002-10-21,15.58,16.53,17.12,17.59,18.06,18.74,19.60,20.69,22.08,0.94,0.79,0.06,Resistência Forte,0,0
2002-10-22,15.58,16.53,17.12,17.59,18.06,18.74,19.60,20.69,22.08,0.94,0.79,0.06,Resistência Forte,0,0
2002-10-23,15.58,16.70,17.39,17.95,18.52,19.31,20.33,21.62,23.27,0.99,0.79,0.01,Resistência Forte,0,1
2002-10-24,15.58,16.71,17.40,17.96,18.53,19.33,20.35,21.65,23.30,0.81,0.79,0.19,Resistência Forte,0,1
2002-10-25,15.58,16.71,17.40,17.96,18.53,19.33,20.35,21.65,23.30,0.92,0.79,0.08,Resistência Forte,0,0
2002-10-28,15.58,16.71,17.40,17.96,18.53,19.33,20.35,21.65,23.30,0.84,0.79,0.16,Resistência Forte,0,0
2002-10-29,15.58,16.71,17.40,17.96,18.53,19.33,20.35,21.65,23.30,0.78,0.62,0.01,Resistência,0,1
2002-10-30,15.58,16.71,17.40,17.96,18.53,19.33,20.35,21.65,23.30,0.89,0.79,0.11,Resistência Forte,0,0
2002-10-31,15.58,16.71,17.40,17.96,18.53,19.33,20.35,21.65,23.30,0.85,0.79,0.15,Resistência Forte,0,0
2002-11-01,15.58,16.71,17.40,17.96,18.53,19.33,20.35,21.65,23.30,0.97,0.79,0.03,Resistência Forte,0,1
2002-11-04,15.58,16.91,17.73,18.40,19.06,20.01,21.21,22.74,24.69,0.90,0.79,0.10,Resistência Forte,0,0
2002-11-05,15.58,16.91,17.73,18.40,19.06,20.01,21.21,22.74,24.69,0.70,0.62,0.09,Resistência,0,0
2002-11-06,15.58,16.91,17.73,18.40,19.06,20.01,21.21,22.74,24.69,0.74,0.62,0.05,Resistência,0,0
2002-11-07,15.58,16.91,17.73,18.40,19.06,20.01,21.21,22.74,24.69,0.72,0.62,0.07,Resistência,0,0
2002-11-08,15.58,16.91,17.73,18.40,19.06,20.01,21.21,22.74,24.69,0.72,0.62,0.07,Resistência,0,0
2002-11-11,15.58,16.91,17.73,18.40,19.06,20.01,21.21,22.74,24.69,0.69,0.62,0.10,Resistência,0,0
2002-11-12,15.58,16.91,17.73,18.40,19.06,20.01,21.21,22.74,24.69,0.72,0.62,0.07,Resistência,0,0
2002-11-13,15.58,16.91,17.73,18.40,19.06,20.01,21.21,22.74,24.69,0.75,0.62,0.04,Resistência,0,0
2002-11-14,15.58,16.91,17.73,18.40,19.06,20.01,21.21,22.74,24.69,0.80,0.79,0.20,Resistência Forte,0,1
2002-11-15,15.58,16.91,17.73,18.40,19.06,20.01,21.21,22.74,24.69,0.86,0.79,0.14,Resistência Forte,0,0
2002-11-18,15.58,16.91,17.73,18.40,19.06,20.01,21.21,22.74,24.69,0.82,0.79,0.18,Resistência Forte,0,0
2002-11-19,15.58,16.91,17.73,18.40,19.06,20.01,21.21,22.74,24.69,0.76,0.62,0.03,Resistência,0,1
2002-11-20,15.58,16.91,17.73,18.40,19.06,20.01,21.21,22.74,24.69,0.81,0.79,0.19,Resistência Forte,0,1
2002-11-21,15.58,16.91,17.73,18.40,19.06,20.01,21.21,22.74,24.69,0.87,0.79,0.13,Resistência Forte,0,0
2002-11-22,15.58,16.91,17.73,18.40,19.06,20.01,21.21,22.74,24.69,0.83,0.79,0.17,Resistência Forte,0,0
2002-11-25,15.58,16.91,17.73,18.40,19.06,20.01,21.21,22.74,24.69,0.75,0.62,0.04,Resistência,0,0
2002-11-26,15.58,16.91,17.73,18.40,19.06,20.01,21.21,22.74,24.69,0.69,0.62,0.10,Resistência,0,0
2002-11-27,15.58,16.91,17.73,18.40,19.06,20.01,21.21,22.74,24.69,0.78,0.62,0.01,Resistência,0,1
2002-11-29,15.58,16.91,17.73,18.40,19.06,20.01,21.21,22.74,24.69,0.80,0.79,0.20,Resistência Forte,0,1
2002-12-02,15.58,16.91,17.73,18.40,19.06,20.01,21.21,22.74,24.69,0.82,0.79,0.18,Resistência Forte,0,1
2002-12-03,15.58,16.91,17.73,18.40,19.06,20.01,21.21,22.74,24.69,0.73,0.62,0.06,Resistência,0,0
2002-12-04,15.58,16.91,17.73,18.40,19.06,20.01,21.21,22.74,24.69,0.79,0.79,0.21,Resistência Forte,0,1
2002-12-05,15.58,16.91,17.73,18.40,19.06,20.01,21.21,22.74,24.69,0.72,0.62,0.07,Resistência,0,0
2002-12-06,15.58,16.91,17.73,18.40,19.06,20.01,21.21,22.74,24.69,0.69,0.62,0.10,Resistência,0,0
2002-12-09,15.58,16.91,17.73,18.40,19.06,20.01,21.21,22.74,24.69,0.66,0.62,0.13,Resistência,0,0
2002-12-10,15.58,16.91,17.73,18.40,19.06,20.01,21.21,22.74,24.69,0.65,0.62,0.14,Resistência,1,0
2002-12-11,15.58,16.91,17.73,18.40,19.06,20.01,21.21,22.74,24.69,0.64,0.62,0.15,Resistência,1,0
2002-12-12,15.58,16.91,17.73,18.40,19.06,20.01,21.21,22.74,24.69,0.64,0.62,0.15,Resistência,1,0
2002-12-13,15.58,16.91,17.73,18.40,19.06,20.01,21.21,22.74,24.69,0.58,0.50,0.04,Zona de Consolidação,1,0
2002-12-16,15.58,16.91,17.73,18.40,19.06,20.01,21.21,22.74,24.69,0.57,0.50,0.05,Zona de Consolidação,0,0
2002-12-17,15.67,16.98,17.79,18.44,19.09,20.02,21.21,22.72,24.63,0.53,0.50,0.09,Zona de Consolidação,0,0
2002-12-18,15.81,17.08,17.87,18.51,19.15,20.05,21.21,22.68,24.55,0.45,0.38,0.05,Zona de Consolidação,0,0
2002-12-19,15.81,17.08,17.87,18.51,19.15,20.05,21.21,22.68,24.55,0.39,0.38,0.11,Zona de Consolidação,1,0
2002-12-20,17.07,18.05,18.65,19.14,19.63,20.32,21.21,22.34,23.77,0.28,0.24,0.10,Suporte,0,0
2002-12-23,17.47,18.35,18.90,19.34,19.78,20.41,21.21,22.23,23.52,0.18,0.00,0.06,Suporte Forte,0,0
2002-12-24,17.84,18.64,19.13,19.52,19.92,20.49,21.21,22.13,23.29,0.08,0.00,0.16,Suporte Forte,0,0
2002-12-26,17.84,18.64,19.13,19.52,19.92,20.49,21.21,22.13,23.29,0.07,0.00,0.17,Suporte Forte,0,0
2002-12-27,17.72,18.54,19.05,19.46,19.88,20.46,21.21,22.16,23.37,0.05,0.00,0.19,Suporte Forte,0,0
2002-12-30,17.72,18.54,19.05,19.46,19.88,20.46,21.21,22.16,23.37,0.06,0.00,0.18,Suporte Forte,0,0
2002-12-31,17.72,18.54,19.05,19.46,19.88,20.46,21.21,22.16,23.37,0.13,0.00,0.11,Suporte Forte,0,0
2003-01-02,17.72,18.54,19.05,19.46,19.88,20.46,21.21,22.16,23.37,0.31,0.24,0.07,Suporte,0,0
2003-01-03,17.72,18.54,19.05,19.46,19.88,20.46,21.21,22.16,23.37,0.28,0.24,0.10,Suporte,0,0
2003-01-06,17.72,18.54,19.05,19.46,19.88,20.46,21.21,22.16,23.37,0.29,0.24,0.09,Suporte,0,0
2003-01-07,17.72,18.54,19.05,19.46,19.88,20.46,21.21,22.16,23.37,0.24,0.24,0.14,Suporte,0,0
2003-01-08,17.72,18.54,19.05,19.46,19.88,20.46,21.21,22.16,23.37,0.20,0.00,0.04,Suporte Forte,0,0
2003-01-09,17.72,18.54,19.05,19.46,19.88,20.46,21.21,22.16,23.37,0.28,0.24,0.10,Suporte,0,0
2003-01-10,17.72,18.54,19.05,19.46,19.88,20.46,21.21,22.16,23.37,0.22,0.00,0.02,Suporte Forte,0,0
2003-01-13,17.72,18.54,19.05,19.46,19.88,20.46,21.21,22.16,23.37,0.18,0.00,0.06,Suporte Forte,0,0
2003-01-14,17.72,18.54,19.05,19.46,19.88,20.46,21.21,22.16,23.37,0.16,0.00,0.08,Suporte Forte,0,0
2003-01-15,16.31,17.47,18.18,18.76,19.34,20.16,21.21,22.54,24.24,0.10,0.00,0.14,Suporte Forte,0,0
2003-01-16,16.31,17.43,18.12,18.68,19.24,20.04,21.05,22.34,23.98,0.10,0.00,0.14,Suporte Forte,0,0
2003-01-17,16.31,17.43,18.12,18.68,19.24,20.04,21.05,22.34,23.98,0.08,0.00,0.16,Suporte Forte,0,0
2003-01-21,16.31,17.43,18.12,18.68,19.24,20.04,21.05,22.34,23.98,0.04,0.00,0.20,Suporte Forte,0,0
2003-01-22,16.31,17.43,18.12,18.68,19.24,20.04,21.05,22.34,23.98,0.04,0.00,0.20,Suporte Forte,0,0
2003-01-23,16.25,17.38,18.08,18.65,19.22,20.02,21.05,22.36,24.02,0.05,0.00,0.19,Suporte Forte,0,0
2003-01-24,16.08,17.25,17.98,18.56,19.15,19.99,21.05,22.40,24.12,0.02,0.00,0.22,Suporte Forte,0,0
2003-01-27,15.87,17.09,17.85,18.46,19.07,19.94,21.05,22.46,24.25,0.02,0.00,0.22,Suporte Forte,0,0
2003-01-28,15.87,17.09,17.85,18.46,19.07,19.94,21.05,22.46,24.25,0.08,0.00,0.16,Suporte Forte,0,0
2003-01-29,15.87,17.09,17.85,18.46,19.07,19.94,21.05,22.46,24.25,0.08,0.00,0.16,Suporte Forte,0,0
2003-01-30,15.69,16.95,17.74,18.37,19.00,19.90,21.05,22.51,24.36,0.00,0.00,0.24,Suporte Forte,0,0
2003-01-31,15.59,16.88,17.68,18.32,18.96,19.88,21.05,22.54,24.42,0.08,0.00,0.16,Suporte Forte,0,0
2003-02-03,15.59,16.88,17.68,18.32,18.96,19.88,21.05,22.54,24.42,0.03,0.00,0.21,Suporte Forte,0,0
2003-02-04,15.29,16.65,17.49,18.17,18.85,19.82,21.05,22.62,24.61,0.04,0.00,0.20,Suporte Forte,0,0
2003-02-05,15.29,16.65,17.49,18.17,18.85,19.82,21.05,22.62,24.61,0.06,0.00,0.18,Suporte Forte,0,0
2003-02-06,15.29,16.65,17.49,18.17,18.85,19.82,21.05,22.62,24.61,0.01,0.00,0.23,Suporte Forte,0,0
2003-02-07,15.26,16.63,17.47,18.16,18.84,19.81,21.05,22.62,24.63,0.00,0.00,0.24,Suporte Forte,0,0
2003-02-10,15.22,16.60,17.45,18.14,18.82,19.80,21.05,22.64,24.65,0.03,0.00,0.21,Suporte Forte,0,0
2003-02-11,15.20,16.58,17.43,18.12,18.82,19.80,21.05,22.64,24.67,0.05,0.00,0.19,Suporte Forte,0,0
2003-02-12,15.17,16.56,17.42,18.11,18.80,19.79,21.05,22.65,24.68,0.01,0.00,0.23,Suporte Forte,0,0
2003-02-13,14.76,16.24,17.16,17.90,18.65,19.70,21.05,22.76,24.94,0.03,0.00,0.21,Suporte Forte,0,0
2003-02-14,14.71,16.21,17.13,17.88,18.63,19.69,21.05,22.77,24.97,0.07,0.00,0.17,Suporte Forte,0,0
2003-02-18,14.71,16.21,17.13,17.88,18.63,19.69,21.05,22.77,24.97,0.16,0.00,0.08,Suporte Forte,0,0
2003-02-19,14.71,16.21,17.13,17.88,18.63,19.69,21.05,22.77,24.97,0.14,0.00,0.10,Suporte Forte,0,0
2003-02-20,14.71,16.21,17.13,17.88,18.63,19.69,21.05,22.77,24.97,0.14,0.00,0.10,Suporte Forte,0,0
2003-02-21,14.71,16.21,17.13,17.88,18.63,19.69,21.05,22.77,24.97,0.16,0.00,0.08,Suporte Forte,0,0
2003-02-24,14.71,16.21,17.13,17.88,18.63,19.69,21.05,22.77,24.97,0.04,0.00,0.20,Suporte Forte,0,0
2003-02-25,14.53,15.67,16.37,16.93,17.50,18.31,19.34,20.65,22.31,0.13,0.00,0.11,Suporte Forte,0,0
2003-02-26,14.53,15.63,16.31,16.86,17.41,18.19,19.19,20.46,22.07,0.08,0.00,0.16,Suporte Forte,0,0
2003-02-27,14.53,15.57,16.21,16.73,17.24,17.98,18.92,20.11,21.63,0.11,0.00,0.13,Suporte Forte,0,0
2003-02-28,14.53,15.56,16.19,16.70,17.22,17.95,18.88,20.06,21.57,0.12,0.00,0.12,Suporte Forte,0,0
2003-03-03,14.53,15.56,16.19,16.70,17.22,17.95,18.88,20.06,21.57,0.10,0.00,0.14,Suporte Forte,0,0
2003-03-04,14.53,15.56,16.19,16.70,17.22,17.95,18.88,20.06,21.57,0.03,0.00,0.21,Suporte Forte,0,0
2003-03-05,14.48,15.52,16.16,16.68,17.20,17.94,18.88,20.08,21.60,0.05,0.00,0.19,Suporte Forte,0,0
2003-03-06,14.26,15.35,16.02,16.57,17.12,17.89,18.88,20.14,21.74,0.02,0.00,0.22,Suporte Forte,0,0
2003-03-07,14.06,15.20,15.90,16.47,17.04,17.85,18.88,20.19,21.86,0.04,0.00,0.20,Suporte Forte,0,0
2003-03-10,13.95,15.11,15.83,16.42,17.00,17.82,18.88,20.22,21.93,0.00,0.00,0.24,Suporte Forte,0,0
2003-03-11,13.93,15.10,15.82,16.40,16.99,17.82,18.88,20.23,21.94,0.02,0.00,0.22,Suporte Forte,0,0
2003-03-12,13.70,14.92,15.68,16.29,16.90,17.77,18.88,20.29,22.08,0.09,0.00,0.15,Suporte Forte,0,0
2003-03-13,12.65,14.12,15.03,15.76,16.50,17.55,18.88,20.57,22.73,0.00,0.00,0.24,Suporte Forte,0,0
2003-03-14,12.65,14.12,15.03,15.76,16.50,17.55,18.88,20.57,22.73,0.10,0.00,0.14,Suporte Forte,0,0
2003-03-17,12.65,14.12,15.03,15.76,16.50,17.55,18.88,20.57,22.73,0.16,0.00,0.08,Suporte Forte,0,0
2003-03-18,12.65,14.12,15.03,15.76,16.50,17.55,18.88,20.57,22.73,0.17,0.00,0.07,Suporte Forte,0,0
2003-03-19,12.65,14.10,15.00,15.72,16.44,17.48,18.79,20.46,22.58,0.24,0.24,0.14,Suporte,0,0
2003-03-20,12.65,14.10,15.00,15.72,16.44,17.48,18.79,20.46,22.58,0.27,0.24,0.11,Suporte,0,0
2003-03-21,12.65,14.10,15.00,15.72,16.44,17.48,18.79,20.46,22.58,0.39,0.38,0.11,Zona de Consolidação,1,0
2003-03-24,12.65,14.09,14.99,15.71,16.43,17.46,18.77,20.43,22.55,0.27,0.24,0.11,Suporte,0,0
2003-03-25,12.65,14.06,14.94,15.64,16.35,17.36,18.64,20.27,22.34,0.29,0.24,0.09,Suporte,0,0
2003-03-26,12.65,14.02,14.87,15.56,16.24,17.22,18.46,20.04,22.05,0.30,0.24,0.08,Suporte,0,0
2003-03-27,12.65,13.80,14.52,15.10,15.67,16.49,17.54,18.87,20.56,0.38,0.24,0.00,Suporte,1,0
2003-03-28,12.65,13.69,14.33,14.85,15.37,16.11,17.05,18.25,19.77,0.40,0.38,0.10,Zona de Consolidação,1,0
2003-03-31,12.65,13.65,14.27,14.76,15.26,15.97,16.88,18.03,19.49,0.39,0.38,0.11,Zona de Consolidação,1,0
2003-04-01,12.65,13.65,14.27,14.76,15.26,15.97,16.88,18.03,19.49,0.43,0.38,0.07,Zona de Consolidação,0,0
2003-04-02,12.65,13.60,14.18,14.66,15.13,15.80,16.66,17.75,19.14,0.50,0.50,0.12,Zona de Consolidação,0,0
2003-04-03,12.65,13.60,14.18,14.66,15.13,15.80,16.66,17.75,19.14,0.46,0.38,0.04,Zona de Consolidação,0,0
2003-04-04,12.65,13.54,14.08,14.52,14.97,15.60,16.40,17.42,18.72,0.52,0.50,0.10,Zona de Consolidação,0,0
2003-04-07,12.65,13.52,14.06,14.49,14.92,15.54,16.33,17.33,18.60,0.57,0.50,0.05,Zona de Consolidação,0,0
2003-04-08,12.65,13.52,14.06,14.49,14.92,15.54,16.33,17.33,18.60,0.57,0.50,0.05,Zona de Consolidação,0,0
2003-04-09,12.65,13.52,14.06,14.49,14.92,15.54,16.33,17.33,18.60,0.53,0.50,0.09,Zona de Consolidação,0,0
2003-04-10,12.65,13.50,14.03,14.46,14.89,15.50,16.27,17.25,18.51,0.55,0.50,0.07,Zona de Consolidação,0,0
2003-04-11,12.65,13.47,13.98,14.39,14.80,15.39,16.13,17.08,18.28,0.59,0.50,0.03,Zona de Consolidação,1,0
2003-04-14,12.65,13.47,13.98,14.39,14.80,15.39,16.13,17.08,18.28,0.65,0.62,0.14,Resistência,1,0
2003-04-15,12.65,13.41,13.87,14.25,14.63,15.17,15.85,16.72,17.83,0.68,0.62,0.11,Resistência,0,0
2003-04-16,12.65,13.41,13.87,14.25,14.63,15.17,15.85,16.72,17.83,0.64,0.62,0.15,Resistência,1,0
2003-04-17,12.65,13.41,13.87,14.25,14.63,15.17,15.85,16.72,17.83,0.81,0.79,0.19,Resistência Forte,0,1
2003-04-21,12.65,13.41,13.87,14.25,14.63,15.17,15.85,16.72,17.83,0.69,0.62,0.10,Resistência,0,0
2003-04-22,12.65,13.41,13.87,14.25,14.63,15.17,15.85,16.72,17.83,0.86,0.79,0.14,Resistência Forte,0,0
2003-04-23,12.65,13.41,13.87,14.25,14.63,15.17,15.85,16.72,17.83,0.96,0.79,0.04,Resistência Forte,0,1
2003-04-24,12.65,13.41,13.87,14.25,14.63,15.17,15.85,16.72,17.83,0.94,0.79,0.06,Resistência Forte,0,0
2003-04-25,12.65,13.41,13.87,14.25,14.63,15.17,15.85,16.72,17.83,0.85,0.79,0.15,Resistência Forte,0,0
2003-04-28,12.65,13.41,13.89,14.27,14.65,15.20,15.89,16.77,17.89,0.99,0.79,0.01,Resistência Forte,0,1
2003-04-29,12.65,13.41,13.89,14.27,14.65,15.20,15.89,16.77,17.89,0.93,0.79,0.07,Resistência Forte,0,0
2003-04-30,12.65,13.41,13.89,14.27,14.65,15.20,15.89,16.77,17.89,0.92,0.79,0.08,Resistência Forte,0,0
2003-05-01,12.65,13.41,13.89,14.27,14.65,15.20,15.89,16.77,17.89,0.96,0.79,0.04,Resistência Forte,0,1
2003-05-02,12.65,13.42,13.90,14.29,14.68,15.23,15.93,16.82,17.96,0.98,0.79,0.02,Resistência Forte,0,1
2003-05-05,12.65,13.42,13.90,14.29,14.68,15.23,15.93,16.82,17.96,0.92,0.79,0.08,Resistência Forte,0,0
2003-05-06,12.65,13.45,13.94,14.34,14.74,15.31,16.03,16.95,18.12,0.95,0.79,0.05,Resistência Forte,0,0
2003-05-07,12.65,13.45,13.94,14.34,14.74,15.31,16.03,16.95,18.12,0.99,0.79,0.01,Resistência Forte,0,1
2003-05-08,12.65,13.46,13.96,14.36,14.77,15.35,16.08,17.01,18.20,0.93,0.79,0.07,Resistência Forte,0,0
2003-05-09,12.65,13.46,13.96,14.36,14.77,15.35,16.08,17.01,18.20,1.00,1.00,0.27,Resistência Forte,0,1
2003-05-12,12.65,13.52,14.05,14.48,14.92,15.53,16.32,17.32,18.59,0.98,0.79,0.02,Resistência Forte,0,1
2003-05-13,12.65,13.52,14.05,14.48,14.92,15.53,16.32,17.32,18.59,0.84,0.79,0.16,Resistência Forte,0,0
2003-05-14,12.65,13.52,14.05,14.48,14.92,15.53,16.32,17.32,18.59,0.86,0.79,0.14,Resistência Forte,0,0
2003-05-15,12.65,13.52,14.05,14.48,14.92,15.53,16.32,17.32,18.59,0.89,0.79,0.11,Resistência Forte,0,0
2003-05-16,12.65,13.52,14.05,14.48,14.92,15.53,16.32,17.32,18.59,0.83,0.79,0.17,Resistência Forte,0,1
2003-05-19,12.65,13.52,14.05,14.48,14.92,15.53,16.32,17.32,18.59,0.77,0.62,0.02,Resistência,0,1
2003-05-20,12.65,13.52,14.05,14.48,14.92,15.53,16.32,17.32,18.59,0.76,0.62,0.03,Resistência,0,1
2003-05-21,12.65,13.52,14.05,14.48,14.92,15.53,16.32,17.32,18.59,0.77,0.62,0.02,Resistência,0,1
2003-05-22,12.65,13.52,14.05,14.48,14.92,15.53,16.32,17.32,18.59,0.75,0.62,0.04,Resistência,0,1
2003-05-23,12.66,13.52,14.06,14.49,14.92,15.54,16.32,17.32,18.58,0.76,0.62,0.03,Resistência,0,1
2003-05-27,13.10,13.86,14.33,14.71,15.09,15.63,16.32,17.20,18.31,0.77,0.62,0.02,Resistência,0,1
2003-05-28,13.66,14.29,14.68,14.99,15.30,15.75,16.32,17.04,17.96,0.79,0.79,0.21,Resistência Forte,0,1
2003-05-29,13.71,14.33,14.71,15.02,15.32,15.76,16.32,17.03,17.93,0.77,0.62,0.02,Resistência,0,1
2003-05-30,13.82,14.41,14.78,15.07,15.36,15.78,16.32,17.00,17.87,0.96,0.79,0.04,Resistência Forte,0,1
2003-06-02,13.82,14.51,14.94,15.29,15.64,16.13,16.76,17.56,18.58,0.93,0.79,0.07,Resistência Forte,0,0
2003-06-03,13.82,14.51,14.94,15.29,15.64,16.13,16.76,17.56,18.58,0.91,0.79,0.09,Resistência Forte,0,0
2003-06-04,13.82,14.51,14.94,15.29,15.64,16.13,16.76,17.56,18.58,0.88,0.79,0.12,Resistência Forte,0,0
2003-06-05,13.82,14.51,14.94,15.29,15.64,16.13,16.76,17.56,18.58,0.79,0.79,0.21,Resistência Forte,0,1
2003-06-06,14.18,14.79,15.17,15.47,15.77,16.21,16.76,17.46,18.35,0.83,0.79,0.17,Resistência Forte,0,1
2003-06-09,14.18,14.79,15.17,15.47,15.77,16.21,16.76,17.46,18.35,0.69,0.62,0.10,Resistência,0,0
2003-06-10,14.18,14.79,15.17,15.47,15.77,16.21,16.76,17.46,18.35,0.78,0.62,0.01,Resistência,0,1
2003-06-11,14.31,14.89,15.25,15.54,15.82,16.24,16.76,17.43,18.27,0.74,0.62,0.05,Resistência,0,1
2003-06-12,14.36,14.93,15.28,15.56,15.84,16.25,16.76,17.41,18.24,0.69,0.62,0.10,Resistência,0,0
2003-06-13,14.36,14.93,15.28,15.56,15.84,16.25,16.76,17.41,18.24,0.64,0.62,0.15,Resistência,1,0
2003-06-16,14.36,14.93,15.28,15.56,15.84,16.25,16.76,17.41,18.24,0.82,0.79,0.18,Resistência Forte,0,1
2003-06-17,14.36,14.93,15.28,15.56,15.84,16.25,16.76,17.41,18.24,0.89,0.79,0.11,Resistência Forte,0,0
2003-06-18,14.36,14.93,15.28,15.57,15.86,16.26,16.78,17.44,18.28,0.90,0.79,0.10,Resistência Forte,0,0
2003-06-19,14.36,14.93,15.28,15.57,15.86,16.26,16.78,17.44,18.28,0.81,0.79,0.19,Resistência Forte,0,1
2003-06-20,14.36,14.93,15.28,15.57,15.86,16.26,16.78,17.44,18.28,0.87,0.79,0.13,Resistência Forte,0,0
2003-06-23,14.36,14.93,15.28,15.57,15.86,16.26,16.78,17.44,18.28,0.79,0.79,0.21,Resistência Forte,0,1
2003-06-24,14.36,14.93,15.28,15.57,15.86,16.26,16.78,17.44,18.28,0.76,0.62,0.03,Resistência,0,1
2003-06-25,14.54,15.07,15.40,15.66,15.92,16.30,16.78,17.39,18.16,0.59,0.50,0.03,Zona de Consolidação,1,0
2003-06-26,14.54,15.07,15.40,15.66,15.92,16.30,16.78,17.39,18.16,0.65,0.62,0.14,Resistência,1,0
2003-06-27,14.54,15.07,15.40,15.66,15.92,16.30,16.78,17.39,18.16,0.51,0.50,0.11,Zona de Consolidação,0,0
2003-06-30,14.55,15.08,15.40,15.66,15.93,16.30,16.78,17.39,18.16,0.55,0.50,0.07,Zona de Consolidação,1,0
2003-07-01,14.87,15.32,15.60,15.82,16.05,16.37,16.78,17.30,17.96,0.59,0.50,0.03,Zona de Consolidação,1,0
2003-07-02,15.26,15.62,15.84,16.02,16.20,16.45,16.78,17.19,17.72,0.70,0.62,0.09,Resistência,1,1
2003-07-03,15.26,15.62,15.84,16.02,16.20,16.45,16.78,17.19,17.72,0.60,0.50,0.02,Zona de Consolidação,1,0
2003-07-07,15.26,15.62,15.84,16.02,16.20,16.45,16.78,17.19,17.72,0.85,0.79,0.15,Resistência Forte,0,1
2003-07-08,15.26,15.62,15.84,16.02,16.20,16.45,16.78,17.19,17.72,0.95,0.79,0.05,Resistência Forte,0,1
2003-07-09,15.26,15.65,15.90,16.10,16.29,16.57,16.93,17.38,17.96,0.93,0.79,0.07,Resistência Forte,0,1
2003-07-10,15.26,15.65,15.90,16.10,16.29,16.57,16.93,17.38,17.96,0.70,0.62,0.09,Resistência,1,1
2003-07-11,15.26,15.65,15.90,16.10,16.29,16.57,16.93,17.38,17.96,0.74,0.62,0.05,Resistência,0,1
2003-07-14,15.26,15.66,15.91,16.11,16.32,16.60,16.97,17.44,18.03,0.99,0.79,0.01,Resistência Forte,0,1
2003-07-15,15.26,15.70,15.97,16.20,16.42,16.73,17.13,17.64,18.29,0.91,0.79,0.09,Resistência Forte,0,1
2003-07-16,15.26,15.71,15.99,16.22,16.45,16.77,17.18,17.70,18.37,0.97,0.79,0.03,Resistência Forte,0,1
2003-07-17,15.26,15.71,15.99,16.22,16.45,16.77,17.18,17.70,18.37,0.78,0.62,0.01,Resistência,0,1
2003-07-18,15.26,15.71,15.99,16.22,16.45,16.77,17.18,17.70,18.37,0.85,0.79,0.15,Resistência Forte,0,1
2003-07-21,15.26,15.71,15.99,16.22,16.45,16.77,17.18,17.70,18.37,0.67,0.62,0.12,Resistência,1,0
2003-07-22,15.26,15.71,15.99,16.22,16.45,16.77,17.18,17.70,18.37,0.82,0.79,0.18,Resistência Forte,0,1
2003-07-23,15.26,15.71,15.99,16.22,16.45,16.77,17.18,17.70,18.37,0.77,0.62,0.02,Resistência,0,1
2003-07-24,15.26,15.71,15.99,16.22,16.45,16.77,17.18,17.70,18.37,0.70,0.62,0.09,Resistência,1,1
2003-07-25,15.26,15.73,16.02,16.25,16.48,16.82,17.24,17.78,18.46,0.96,0.79,0.04,Resistência Forte,0,1
2003-07-28,15.26,15.75,16.06,16.30,16.55,16.90,17.35,17.92,18.64,0.91,0.79,0.09,Resistência Forte,0,0
2003-07-29,15.26,15.75,16.06,16.30,16.55,16.90,17.35,17.92,18.64,0.71,0.62,0.08,Resistência,0,1
2003-07-30,15.26,15.75,16.06,16.30,16.55,16.90,17.35,17.92,18.64,0.77,0.62,0.02,Resistência,0,1
2003-07-31,15.26,15.82,16.17,16.45,16.73,17.13,17.64,18.29,19.11,0.85,0.79,0.15,Resistência Forte,0,1
2003-08-01,15.33,15.88,16.21,16.48,16.76,17.15,17.64,18.27,19.07,0.84,0.79,0.16,Resistência Forte,0,1
2003-08-04,15.33,15.88,16.21,16.48,16.76,17.15,17.64,18.27,19.07,0.87,0.79,0.13,Resistência Forte,0,0
2003-08-05,15.33,15.88,16.21,16.48,16.76,17.15,17.64,18.27,19.07,0.79,0.79,0.21,Resistência Forte,0,1
2003-08-06,15.49,16.00,16.31,16.57,16.82,17.18,17.64,18.22,18.97,0.80,0.79,0.20,Resistência Forte,0,1
2003-08-07,15.55,16.04,16.35,16.60,16.84,17.19,17.64,18.21,18.93,0.90,0.79,0.10,Resistência Forte,0,0
2003-08-08,15.59,16.11,16.43,16.69,16.95,17.32,17.79,18.39,19.15,0.97,0.79,0.03,Resistência Forte,0,1
2003-08-11,15.59,16.11,16.44,16.70,16.96,17.33,17.81,18.41,19.18,0.93,0.79,0.07,Resistência Forte,0,1
2003-08-12,15.59,16.11,16.44,16.70,16.96,17.33,17.81,18.41,19.18,0.97,0.79,0.03,Resistência Forte,0,1
2003-08-13,15.59,16.14,16.48,16.76,17.03,17.42,17.92,18.55,19.36,0.98,0.79,0.02,Resistência Forte,0,1
2003-08-14,15.59,16.29,16.72,17.07,17.42,17.92,18.55,19.36,20.38,0.89,0.79,0.11,Resistência Forte,0,0
2003-08-15,15.59,16.29,16.72,17.07,17.42,17.92,18.55,19.36,20.38,0.88,0.79,0.12,Resistência Forte,0,0
2003-08-18,15.59,16.29,16.72,17.07,17.42,17.92,18.55,19.36,20.38,0.86,0.79,0.14,Resistência Forte,0,0
2003-08-19,15.59,16.29,16.72,17.07,17.42,17.92,18.55,19.36,20.38,0.90,0.79,0.10,Resistência Forte,0,0
2003-08-20,15.59,16.29,16.72,17.07,17.42,17.92,18.55,19.36,20.38,0.88,0.79,0.12,Resistência Forte,0,0
2003-08-21,15.59,16.29,16.72,17.07,17.42,17.92,18.55,19.36,20.38,0.99,0.79,0.01,Resistência Forte,0,1
2003-08-22,15.59,16.31,16.76,17.12,17.48,18.00,18.65,19.48,20.54,0.90,0.79,0.10,Resistência Forte,0,0
2003-08-25,15.59,16.31,16.76,17.12,17.48,18.00,18.65,19.48,20.54,0.88,0.79,0.12,Resistência Forte,0,0
2003-08-26,15.59,16.31,16.76,17.12,17.48,18.00,18.65,19.48,20.54,0.91,0.79,0.09,Resistência Forte,0,0
2003-08-27,15.59,16.31,16.76,17.12,17.48,18.00,18.65,19.48,20.54,0.92,0.79,0.08,Resistência Forte,0,0
2003-08-28,15.59,16.31,16.76,17.12,17.48,18.00,18.65,19.48,20.54,0.89,0.79,0.11,Resistência Forte,0,0
2003-08-29,15.59,16.31,16.76,17.12,17.48,18.00,18.65,19.48,20.54,0.99,0.79,0.01,Resistência Forte,0,1
2003-09-02,15.59,16.37,16.85,17.24,17.62,18.18,18.88,19.77,20.91,0.99,0.79,0.01,Resistência Forte,0,1
2003-09-03,15.59,16.39,16.88,17.28,17.68,18.25,18.97,19.89,21.06,0.93,0.79,0.07,Resistência Forte,0,0
2003-09-04,15.59,16.39,16.88,17.28,17.68,18.25,18.97,19.89,21.06,0.93,0.79,0.07,Resistência Forte,0,0
2003-09-05,15.59,16.39,16.88,17.28,17.68,18.25,18.97,19.89,21.06,0.90,0.79,0.10,Resistência Forte,0,0
2003-09-08,15.59,16.39,16.88,17.28,17.68,18.25,18.97,19.89,21.06,0.97,0.79,0.03,Resistência Forte,0,1
2003-09-09,15.59,16.39,16.88,17.28,17.68,18.25,18.97,19.89,21.06,0.80,0.79,0.20,Resistência Forte,0,1
2003-09-10,15.59,16.39,16.88,17.28,17.68,18.25,18.97,19.89,21.06,0.70,0.62,0.09,Resistência,0,0
2003-09-11,15.99,16.69,17.13,17.48,17.83,18.33,18.97,19.78,20.81,0.63,0.62,0.16,Resistência,1,0
2003-09-12,16.09,16.77,17.19,17.53,17.87,18.35,18.97,19.75,20.75,0.69,0.62,0.10,Resistência,0,0
2003-09-15,16.20,16.85,17.26,17.58,17.91,18.38,18.97,19.72,20.68,0.54,0.50,0.08,Zona de Consolidação,0,0
2003-09-16,16.25,16.89,17.29,17.61,17.93,18.39,18.97,19.71,20.65,0.58,0.50,0.04,Zona de Consolidação,1,0
2003-09-17,16.25,16.89,17.29,17.61,17.93,18.39,18.97,19.71,20.65,0.55,0.50,0.07,Zona de Consolidação,0,0
2003-09-18,16.25,16.89,17.29,17.61,17.93,18.39,18.97,19.71,20.65,0.64,0.62,0.15,Resistência,1,0
2003-09-19,16.25,16.89,17.29,17.61,17.93,18.39,18.97,19.71,20.65,0.73,0.62,0.06,Resistência,0,1
2003-09-22,16.32,16.95,17.33,17.64,17.96,18.40,18.97,19.69,20.61,0.60,0.50,0.02,Zona de Consolidação,1,0
2003-09-23,16.32,16.95,17.33,17.64,17.96,18.40,18.97,19.69,20.61,0.45,0.38,0.05,Zona de Consolidação,0,0
2003-09-24,16.32,16.95,17.33,17.64,17.96,18.40,18.97,19.69,20.61,0.37,0.24,0.01,Suporte,1,0
2003-09-25,16.32,16.95,17.33,17.64,17.96,18.40,18.97,19.69,20.61,0.31,0.24,0.07,Suporte,0,0
2003-09-26,16.32,16.95,17.33,17.64,17.96,18.40,18.97,19.69,20.61,0.27,0.24,0.11,Suporte,0,0
2003-09-29,16.32,16.95,17.33,17.64,17.96,18.40,18.97,19.69,20.61,0.23,0.00,0.01,Suporte Forte,0,0
2003-09-30,16.32,16.95,17.33,17.64,17.96,18.40,18.97,19.69,20.61,0.17,0.00,0.07,Suporte Forte,0,0
2003-10-01,16.32,16.95,17.33,17.64,17.96,18.40,18.97,19.69,20.61,0.30,0.24,0.08,Suporte,0,0
2003-10-02,16.33,16.95,17.34,17.65,17.96,18.41,18.97,19.69,20.60,0.38,0.24,0.00,Suporte,1,0
2003-10-03,16.33,16.95,17.34,17.65,17.96,18.41,18.97,19.69,20.60,0.50,0.50,0.12,Zona de Consolidação,0,0
2003-10-06,16.33,16.95,17.34,17.65,17.96,18.41,18.97,19.69,20.60,0.49,0.38,0.01,Zona de Consolidação,0,0
2003-10-07,16.33,16.95,17.34,17.65,17.96,18.41,18.97,19.69,20.60,0.62,0.62,0.17,Resistência,1,0
2003-10-08,16.67,17.21,17.55,17.82,18.09,18.48,18.97,19.60,20.39,0.53,0.50,0.09,Zona de Consolidação,0,0
2003-10-09,16.67,17.21,17.55,17.82,18.09,18.48,18.97,19.60,20.39,0.59,0.50,0.03,Zona de Consolidação,1,0
2003-10-10,16.67,17.21,17.55,17.82,18.09,18.48,18.97,19.60,20.39,0.60,0.50,0.02,Zona de Consolidação,1,0
2003-10-13,16.67,17.21,17.55,17.82,18.09,18.48,18.97,19.60,20.39,0.65,0.62,0.14,Resistência,1,0
2003-10-14,16.67,17.21,17.55,17.82,18.09,18.48,18.97,19.60,20.39,0.65,0.62,0.14,Resistência,1,0
2003-10-15,16.67,17.21,17.55,17.82,18.09,18.48,18.97,19.60,20.39,0.66,0.62,0.13,Resistência,1,0
2003-10-16,16.67,17.21,17.55,17.82,18.09,18.48,18.97,19.60,20.39,0.48,0.38,0.02,Zona de Consolidação,0,0
2003-10-17,16.67,17.21,17.55,17.82,18.09,18.48,18.97,19.60,20.39,0.51,0.50,0.11,Zona de Consolidação,0,0
2003-10-20,16.67,17.21,17.55,17.82,18.09,18.48,18.97,19.60,20.39,0.48,0.38,0.02,Zona de Consolidação,0,0
2003-10-21,16.67,17.21,17.55,17.82,18.09,18.48,18.97,19.60,20.39,0.52,0.50,0.10,Zona de Consolidação,0,0
2003-10-22,16.67,17.21,17.55,17.82,18.09,18.48,18.97,19.60,20.39,0.26,0.24,0.12,Suporte,0,0
2003-10-23,16.67,17.21,17.55,17.82,18.09,18.48,18.97,19.60,20.39,0.28,0.24,0.10,Suporte,0,0
2003-10-24,16.67,17.21,17.55,17.82,18.09,18.48,18.97,19.60,20.39,0.23,0.00,0.01,Suporte Forte,0,0
2003-10-27,16.67,17.21,17.55,17.82,18.09,18.48,18.97,19.60,20.39,0.21,0.00,0.03,Suporte Forte,0,0
2003-10-28,16.67,17.21,17.55,17.82,18.09,18.48,18.97,19.60,20.39,0.34,0.24,0.04,Suporte,1,0
2003-10-29,16.67,17.21,17.55,17.82,18.09,18.48,18.97,19.60,20.39,0.26,0.24,0.12,Suporte,0,0
2003-10-30,16.67,17.21,17.55,17.82,18.09,18.48,18.97,19.60,20.39,0.24,0.24,0.14,Suporte,0,0
2003-10-31,16.67,17.21,17.55,17.82,18.09,18.48,18.97,19.60,20.39,0.43,0.38,0.07,Zona de Consolidação,1,0
2003-11-03,16.67,17.21,17.55,17.82,18.09,18.48,18.97,19.60,20.39,0.39,0.38,0.11,Zona de Consolidação,1,0
2003-11-04,16.67,17.21,17.55,17.82,18.09,18.48,18.97,19.60,20.39,0.30,0.24,0.08,Suporte,0,0
2003-11-05,16.67,17.21,17.55,17.82,18.09,18.48,18.97,19.60,20.39,0.28,0.24,0.10,Suporte,0,0
2003-11-06,16.67,17.21,17.55,17.82,18.09,18.48,18.97,19.60,20.39,0.33,0.24,0.05,Suporte,1,0
2003-11-07,16.67,17.21,17.55,17.82,18.09,18.48,18.97,19.60,20.39,0.53,0.50,0.09,Zona de Consolidação,0,0
2003-11-10,16.67,17.21,17.55,17.82,18.09,18.48,18.97,19.60,20.39,0.63,0.62,0.16,Resistência,1,0
2003-11-11,16.67,17.21,17.55,17.82,18.09,18.48,18.97,19.60,20.39,0.75,0.62,0.04,Resistência,0,1
2003-11-12,16.67,17.19,17.52,17.78,18.04,18.41,18.89,19.49,20.26,0.82,0.79,0.18,Resistência Forte,0,1
2003-11-13,16.67,17.19,17.52,17.78,18.04,18.41,18.89,19.49,20.26,0.82,0.79,0.18,Resistência Forte,0,1
2003-11-14,16.67,17.19,17.52,17.78,18.04,18.41,18.89,19.49,20.26,0.53,0.50,0.09,Zona de Consolidação,0,0
2003-11-17,16.67,17.15,17.45,17.70,17.94,18.28,18.72,19.28,19.99,0.52,0.50,0.10,Zona de Consolidação,0,0
2003-11-18,16.67,17.14,17.43,17.66,17.89,18.23,18.65,19.19,19.87,0.47,0.38,0.03,Zona de Consolidação,0,0
2003-11-19,16.67,17.14,17.43,17.66,17.89,18.23,18.65,19.19,19.87,0.55,0.50,0.07,Zona de Consolidação,1,0
2003-11-20,16.67,17.14,17.43,17.66,17.89,18.23,18.65,19.19,19.87,0.35,0.24,0.03,Suporte,1,0
2003-11-21,16.67,17.14,17.43,17.66,17.89,18.23,18.65,19.19,19.87,0.33,0.24,0.05,Suporte,1,0
2003-11-24,16.67,17.14,17.43,17.66,17.89,18.23,18.65,19.19,19.87,0.48,0.38,0.02,Zona de Consolidação,0,0
2003-11-25,16.67,17.14,17.43,17.66,17.89,18.23,18.65,19.19,19.87,0.43,0.38,0.07,Zona de Consolidação,1,0
2003-11-26,16.67,17.14,17.43,17.66,17.89,18.23,18.65,19.19,19.87,0.56,0.50,0.06,Zona de Consolidação,1,0
2003-11-28,16.67,17.14,17.43,17.66,17.89,18.23,18.65,19.19,19.87,0.61,0.50,0.01,Zona de Consolidação,1,0
2003-12-01,16.67,17.14,17.43,17.66,17.89,18.23,18.65,19.19,19.87,0.77,0.62,0.02,Resistência,0,1
2003-12-02,16.67,17.14,17.43,17.66,17.89,18.23,18.65,19.19,19.87,0.80,0.79,0.20,Resistência Forte,0,1
2003-12-03,16.67,17.14,17.43,17.66,17.89,18.23,18.65,19.19,19.87,0.66,0.62,0.13,Resistência,1,0
2003-12-04,16.67,17.14,17.43,17.66,17.89,18.23,18.65,19.19,19.87,0.76,0.62,0.03,Resistência,0,1
2003-12-05,16.67,17.14,17.43,17.66,17.89,18.23,18.65,19.19,19.87,0.76,0.62,0.03,Resistência,0,1
2003-12-08,16.67,17.14,17.43,17.66,17.89,18.23,18.65,19.19,19.87,0.72,0.62,0.07,Resistência,0,1
2003-12-09,16.67,17.14,17.43,17.66,17.89,18.23,18.65,19.19,19.87,0.70,0.62,0.09,Resistência,1,1
2003-12-10,16.77,17.21,17.49,17.71,17.93,18.25,18.65,19.16,19.81,0.67,0.62,0.12,Resistência,1,0
2003-12-11,17.07,17.44,17.67,17.86,18.05,18.31,18.65,19.08,19.63,0.76,0.62,0.03,Resistência,0,1
2003-12-12,17.07,17.44,17.67,17.86,18.05,18.31,18.65,19.08,19.63,0.72,0.62,0.07,Resistência,1,1
2003-12-15,17.07,17.44,17.67,17.86,18.05,18.31,18.65,19.08,19.63,0.72,0.62,0.07,Resistência,1,1
2003-12-16,17.07,17.44,17.67,17.86,18.05,18.31,18.65,19.08,19.63,0.83,0.79,0.17,Resistência Forte,0,1
2003-12-17,17.07,17.44,17.67,17.86,18.05,18.31,18.65,19.08,19.63,0.65,0.62,0.14,Resistência,1,0
2003-12-18,17.07,17.44,17.67,17.86,18.05,18.31,18.65,19.08,19.63,0.75,0.62,0.04,Resistência,0,1
2003-12-19,17.07,17.44,17.67,17.86,18.05,18.31,18.65,19.08,19.63,0.57,0.50,0.05,Zona de Consolidação,1,0
2003-12-22,17.07,17.44,17.67,17.86,18.05,18.31,18.65,19.08,19.63,0.60,0.50,0.02,Zona de Consolidação,1,0
2003-12-23,17.07,17.44,17.67,17.86,18.05,18.31,18.65,19.08,19.63,0.67,0.62,0.12,Resistência,1,1
2003-12-24,17.07,17.44,17.67,17.86,18.05,18.31,18.65,19.08,19.63,0.70,0.62,0.09,Resistência,1,1
2003-12-26,17.07,17.44,17.67,17.86,18.05,18.31,18.65,19.08,19.63,0.75,0.62,0.04,Resistência,0,1
2003-12-29,17.07,17.44,17.67,17.86,18.05,18.31,18.65,19.08,19.63,0.82,0.79,0.18,Resistência Forte,0,1
2003-12-30,17.07,17.44,17.67,17.86,18.05,18.31,18.65,19.08,19.63,0.84,0.79,0.16,Resistência Forte,0,1
2003-12-31,17.07,17.46,17.70,17.89,18.08,18.36,18.71,19.16,19.72,0.93,0.79,0.07,Resistência Forte,0,1
2004-01-02,17.07,17.49,17.75,17.96,18.17,18.47,18.85,19.33,19.95,0.94,0.79,0.06,Resistência Forte,0,1
2004-01-05,17.07,17.60,17.93,18.20,18.47,18.85,19.33,19.94,20.73,0.99,0.79,0.01,Resistência Forte,0,1
2004-01-06,17.07,17.64,18.00,18.28,18.57,18.98,19.50,20.16,21.00,1.00,1.00,0.27,Resistência Forte,0,1
2004-01-07,17.07,17.65,18.01,18.30,18.58,19.00,19.52,20.19,21.03,0.95,0.79,0.05,Resistência Forte,0,1
2004-01-08,17.07,17.65,18.01,18.30,18.58,19.00,19.52,20.19,21.03,0.93,0.79,0.07,Resistência Forte,0,1
2004-01-09,17.07,17.65,18.01,18.30,18.58,19.00,19.52,20.19,21.03,0.75,0.62,0.04,Resistência,0,1
2004-01-12,17.07,17.65,18.01,18.30,18.58,19.00,19.52,20.19,21.03,0.73,0.62,0.06,Resistência,0,1
2004-01-13,17.07,17.65,18.01,18.30,18.58,19.00,19.52,20.19,21.03,0.71,0.62,0.08,Resistência,0,1
2004-01-14,17.07,17.65,18.01,18.30,18.58,19.00,19.52,20.19,21.03,0.89,0.79,0.11,Resistência Forte,0,0
2004-01-15,17.07,17.65,18.01,18.30,18.58,19.00,19.52,20.19,21.03,0.90,0.79,0.10,Resistência Forte,0,0
2004-01-16,17.07,17.65,18.01,18.30,18.58,19.00,19.52,20.19,21.03,0.92,0.79,0.08,Resistência Forte,0,0
2004-01-20,17.21,17.76,18.09,18.37,18.64,19.03,19.52,20.15,20.95,0.86,0.79,0.14,Resistência Forte,0,1
2004-01-21,17.30,17.82,18.15,18.41,18.67,19.04,19.52,20.12,20.89,0.85,0.79,0.15,Resistência Forte,0,1
2004-01-22,17.30,17.91,18.29,18.60,18.91,19.34,19.90,20.61,21.51,0.92,0.79,0.08,Resistência Forte,0,0
2004-01-23,17.30,18.01,18.45,18.81,19.17,19.67,20.32,21.14,22.19,0.83,0.79,0.17,Resistência Forte,0,1
2004-01-26,17.30,18.01,18.45,18.81,19.17,19.67,20.32,21.14,22.19,0.85,0.79,0.15,Resistência Forte,0,1
2004-01-27,17.30,18.01,18.45,18.81,19.17,19.67,20.32,21.14,22.19,0.83,0.79,0.17,Resistência Forte,0,1
2004-01-28,17.30,18.01,18.45,18.81,19.17,19.67,20.32,21.14,22.19,0.83,0.79,0.17,Resistência Forte,0,1
2004-01-29,17.30,18.02,18.46,18.82,19.18,19.69,20.34,21.17,22.22,0.96,0.79,0.04,Resistência Forte,0,1
2004-01-30,17.30,18.02,18.46,18.82,19.18,19.69,20.34,21.17,22.22,0.91,0.79,0.09,Resistência Forte,0,0
2004-02-02,17.30,18.06,18.53,18.90,19.28,19.82,20.51,21.38,22.49,0.96,0.79,0.04,Resistência Forte,0,1
2004-02-03,17.30,18.06,18.53,18.90,19.28,19.82,20.51,21.38,22.49,0.91,0.79,0.09,Resistência Forte,0,0
2004-02-04,17.30,18.06,18.53,18.90,19.28,19.82,20.51,21.38,22.49,0.85,0.79,0.15,Resistência Forte,0,0
2004-02-05,17.37,18.11,18.57,18.94,19.31,19.84,20.51,21.36,22.45,0.83,0.79,0.17,Resistência Forte,0,1
2004-02-06,17.44,18.16,18.61,18.98,19.34,19.85,20.51,21.35,22.41,0.91,0.79,0.09,Resistência Forte,0,0
2004-02-09,17.56,18.26,18.69,19.05,19.40,19.89,20.53,21.34,22.37,0.96,0.79,0.04,Resistência Forte,0,1
2004-02-10,17.72,18.40,18.82,19.16,19.51,19.99,20.61,21.40,22.40,1.00,1.00,0.27,Resistência Forte,0,1
2004-02-11,17.85,18.59,19.04,19.41,19.78,20.30,20.97,21.82,22.90,0.98,0.79,0.02,Resistência Forte,0,1
2004-02-12,17.85,18.59,19.04,19.41,19.78,20.30,20.97,21.82,22.90,0.97,0.79,0.03,Resistência Forte,0,1
2004-02-13,17.85,18.59,19.04,19.41,19.78,20.30,20.97,21.82,22.90,0.87,0.79,0.13,Resistência Forte,0,0
2004-02-17,17.85,18.59,19.04,19.41,19.78,20.30,20.97,21.82,22.90,0.97,0.79,0.03,Resistência Forte,0,1
2004-02-18,17.85,18.59,19.04,19.41,19.78,20.30,20.97,21.82,22.90,0.93,0.79,0.07,Resistência Forte,0,0
2004-02-19,17.85,18.59,19.04,19.41,19.78,20.30,20.97,21.82,22.90,0.79,0.79,0.21,Resistência Forte,0,1
2004-02-20,17.85,18.59,19.04,19.41,19.78,20.30,20.97,21.82,22.90,0.76,0.62,0.03,Resistência,0,1
2004-02-23,17.85,18.59,19.04,19.41,19.78,20.30,20.97,21.82,22.90,0.67,0.62,0.12,Resistência,1,0
2004-02-24,17.85,18.59,19.04,19.41,19.78,20.30,20.97,21.82,22.90,0.59,0.50,0.03,Zona de Consolidação,1,0
2004-02-25,17.85,18.59,19.04,19.41,19.78,20.30,20.97,21.82,22.90,0.61,0.50,0.01,Zona de Consolidação,1,0
2004-02-26,17.85,18.59,19.04,19.41,19.78,20.30,20.97,21.82,22.90,0.58,0.50,0.04,Zona de Consolidação,1,0
2004-02-27,17.85,18.59,19.04,19.41,19.78,20.30,20.97,21.82,22.90,0.66,0.62,0.13,Resistência,1,0
2004-03-01,17.85,18.59,19.04,19.41,19.78,20.30,20.97,21.82,22.90,0.68,0.62,0.11,Resistência,1,0
2004-03-02,17.85,18.59,19.04,19.41,19.78,20.30,20.97,21.82,22.90,0.77,0.62,0.02,Resistência,0,1
2004-03-03,17.85,18.59,19.04,19.41,19.78,20.30,20.97,21.82,22.90,0.86,0.79,0.14,Resistência Forte,0,0
2004-03-04,17.85,18.59,19.04,19.41,19.78,20.30,20.97,21.82,22.90,0.97,0.79,0.03,Resistência Forte,0,1
2004-03-05,17.95,18.66,19.10,19.46,19.82,20.32,20.97,21.79,22.84,0.77,0.62,0.02,Resistência,0,1
2004-03-08,18.12,18.79,19.21,19.55,19.88,20.36,20.97,21.75,22.73,0.69,0.62,0.10,Resistência,0,0
2004-03-09,18.12,18.79,19.21,19.55,19.88,20.36,20.97,21.75,22.73,0.80,0.79,0.20,Resistência Forte,0,1
2004-03-10,18.12,18.79,19.21,19.55,19.88,20.36,20.97,21.75,22.73,0.74,0.62,0.05,Resistência,0,1
2004-03-11,18.17,18.83,19.24,19.57,19.90,20.37,20.97,21.73,22.70,0.58,0.50,0.04,Zona de Consolidação,1,0
2004-03-12,18.37,18.98,19.36,19.67,19.98,20.41,20.97,21.68,22.58,0.55,0.50,0.07,Zona de Consolidação,1,0
2004-03-15,18.59,19.15,19.50,19.78,20.06,20.46,20.97,21.62,22.44,0.33,0.24,0.05,Suporte,1,0
2004-03-16,18.71,19.24,19.57,19.84,20.11,20.49,20.97,21.58,22.37,0.37,0.24,0.01,Suporte,1,0
2004-03-17,18.71,19.24,19.57,19.84,20.11,20.49,20.97,21.58,22.37,0.42,0.38,0.08,Zona de Consolidação,1,0
2004-03-18,18.71,19.24,19.57,19.84,20.11,20.49,20.97,21.58,22.37,0.40,0.38,0.10,Zona de Consolidação,1,0
2004-03-19,18.71,19.24,19.57,19.84,20.11,20.49,20.97,21.58,22.37,0.33,0.24,0.05,Suporte,1,0
2004-03-22,18.71,19.24,19.57,19.84,20.11,20.49,20.97,21.58,22.37,0.19,0.00,0.05,Suporte Forte,0,0
2004-03-23,18.71,19.24,19.57,19.84,20.11,20.49,20.97,21.58,22.37,0.27,0.24,0.11,Suporte,0,0
2004-03-24,18.77,19.29,19.61,19.87,20.13,20.50,20.97,21.57,22.33,0.24,0.24,0.14,Suporte,0,0
2004-03-25,18.79,19.30,19.62,19.88,20.14,20.50,20.97,21.56,22.32,0.30,0.24,0.08,Suporte,1,0
2004-03-26,18.88,19.37,19.68,19.92,20.17,20.52,20.97,21.54,22.26,0.24,0.24,0.14,Suporte,0,0
2004-03-29,18.88,19.37,19.68,19.92,20.17,20.52,20.97,21.54,22.26,0.43,0.38,0.07,Zona de Consolidação,1,0
2004-03-30,18.88,19.37,19.68,19.92,20.17,20.52,20.97,21.54,22.26,0.43,0.38,0.07,Zona de Consolidação,1,0
2004-03-31,18.88,19.37,19.68,19.92,20.17,20.52,20.97,21.54,22.26,0.43,0.38,0.07,Zona de Consolidação,1,0
2004-04-01,18.99,19.46,19.75,19.98,20.21,20.55,20.97,21.51,22.19,0.43,0.38,0.07,Zona de Consolidação,1,0
2004-04-02,18.99,19.49,19.80,20.05,20.29,20.65,21.10,21.67,22.40,0.87,0.79,0.13,Resistência Forte,0,1
2004-04-05,18.99,19.52,19.85,20.11,20.37,20.75,21.23,21.84,22.61,1.00,1.00,0.27,Resistência Forte,0,1
2004-04-06,18.99,19.54,19.88,20.16,20.44,20.83,21.33,21.97,22.78,0.82,0.79,0.18,Resistência Forte,0,1
2004-04-07,18.99,19.54,19.88,20.16,20.44,20.83,21.33,21.97,22.78,0.72,0.62,0.07,Resistência,0,1
2004-04-08,18.99,19.54,19.88,20.16,20.44,20.83,21.33,21.97,22.78,0.80,0.79,0.20,Resistência Forte,0,1
2004-04-12,18.99,19.54,19.88,20.16,20.44,20.83,21.33,21.97,22.78,0.84,0.79,0.16,Resistência Forte,0,1
2004-04-13,18.99,19.54,19.88,20.16,20.44,20.83,21.33,21.97,22.78,0.76,0.62,0.03,Resistência,0,1
2004-04-14,18.99,19.54,19.88,20.16,20.44,20.83,21.33,21.97,22.78,0.81,0.79,0.19,Resistência Forte,0,1
2004-04-15,18.99,19.62,20.01,20.32,20.63,21.08,21.65,22.37,23.29,0.97,0.79,0.03,Resistência Forte,0,1
2004-04-16,18.99,19.62,20.01,20.32,20.63,21.08,21.65,22.37,23.29,0.94,0.79,0.06,Resistência Forte,0,1
2004-04-19,18.99,19.62,20.01,20.32,20.63,21.08,21.65,22.37,23.29,0.82,0.79,0.18,Resistência Forte,0,1
2004-04-20,18.99,19.62,20.01,20.32,20.63,21.08,21.65,22.37,23.29,0.76,0.62,0.03,Resistência,0,1
2004-04-21,18.99,19.62,20.01,20.32,20.63,21.08,21.65,22.37,23.29,0.85,0.79,0.15,Resistência Forte,0,1
2004-04-22,18.99,19.62,20.01,20.32,20.63,21.08,21.65,22.37,23.29,0.84,0.79,0.16,Resistência Forte,0,1
2004-04-23,18.99,19.62,20.01,20.32,20.63,21.08,21.65,22.37,23.29,0.88,0.79,0.12,Resistência Forte,0,0
2004-04-26,18.99,19.62,20.01,20.32,20.63,21.08,21.65,22.37,23.29,0.74,0.62,0.05,Resistência,0,1
2004-04-27,18.99,19.62,20.01,20.32,20.63,21.08,21.65,22.37,23.29,0.73,0.62,0.06,Resistência,0,1
2004-04-28,18.99,19.62,20.01,20.32,20.63,21.08,21.65,22.37,23.29,0.65,0.62,0.14,Resistência,1,0
2004-04-29,18.99,19.62,20.01,20.32,20.63,21.08,21.65,22.37,23.29,0.62,0.62,0.17,Resistência,1,0
2004-04-30,18.99,19.62,20.01,20.32,20.63,21.08,21.65,22.37,23.29,0.62,0.62,0.17,Resistência,1,0
2004-05-03,18.99,19.62,20.01,20.32,20.63,21.08,21.65,22.37,23.29,0.68,0.62,0.11,Resistência,1,0
2004-05-04,18.99,19.62,20.01,20.32,20.63,21.08,21.65,22.37,23.29,0.76,0.62,0.03,Resistência,0,1
2004-05-05,18.99,19.62,20.01,20.32,20.63,21.08,21.65,22.37,23.29,0.76,0.62,0.03,Resistência,0,1
2004-05-06,18.99,19.62,20.01,20.32,20.63,21.08,21.65,22.37,23.29,0.87,0.79,0.13,Resistência Forte,0,0
2004-05-07,18.99,19.67,20.09,20.43,20.78,21.26,21.88,22.67,23.67,0.93,0.79,0.07,Resistência Forte,0,1
2004-05-10,18.99,19.77,20.25,20.64,21.02,21.58,22.28,23.17,24.31,0.93,0.79,0.07,Resistência Forte,0,0
2004-05-11,18.99,19.77,20.25,20.64,21.02,21.58,22.28,23.17,24.31,0.93,0.79,0.07,Resistência Forte,0,0
2004-05-12,18.99,19.77,20.25,20.64,21.02,21.58,22.28,23.17,24.31,0.85,0.79,0.15,Resistência Forte,0,1
2004-05-13,18.99,19.77,20.25,20.64,21.02,21.58,22.28,23.17,24.31,0.79,0.79,0.21,Resistência Forte,0,1
2004-05-14,18.99,19.77,20.25,20.64,21.02,21.58,22.28,23.17,24.31,0.74,0.62,0.05,Resistência,0,1
2004-05-17,18.99,19.77,20.25,20.64,21.02,21.58,22.28,23.17,24.31,0.61,0.50,0.01,Zona de Consolidação,1,0
2004-05-18,18.99,19.77,20.25,20.64,21.02,21.58,22.28,23.17,24.31,0.61,0.50,0.01,Zona de Consolidação,1,0
2004-05-19,18.99,19.77,20.25,20.64,21.02,21.58,22.28,23.17,24.31,0.59,0.50,0.03,Zona de Consolidação,1,0
2004-05-20,18.99,19.77,20.25,20.64,21.02,21.58,22.28,23.17,24.31,0.56,0.50,0.06,Zona de Consolidação,1,0
2004-05-21,18.99,19.77,20.25,20.64,21.02,21.58,22.28,23.17,24.31,0.57,0.50,0.05,Zona de Consolidação,1,0
2004-05-24,18.99,19.77,20.25,20.64,21.02,21.58,22.28,23.17,24.31,0.56,0.50,0.06,Zona de Consolidação,1,0
2004-05-25,18.99,19.77,20.25,20.64,21.02,21.58,22.28,23.17,24.31,0.71,0.62,0.08,Resistência,0,0
2004-05-26,18.99,19.77,20.25,20.64,21.02,21.58,22.28,23.17,24.31,0.64,0.62,0.15,Resistência,1,0
2004-05-27,18.99,19.77,20.25,20.64,21.02,21.58,22.28,23.17,24.31,0.62,0.62,0.17,Resistência,1,0
2004-05-28,18.99,19.77,20.25,20.64,21.02,21.58,22.28,23.17,24.31,0.59,0.50,0.03,Zona de Consolidação,1,0
2004-06-01,18.99,19.77,20.25,20.64,21.02,21.58,22.28,23.17,24.31,0.54,0.50,0.08,Zona de Consolidação,0,0
2004-06-02,19.07,19.83,20.30,20.68,21.05,21.59,22.28,23.15,24.26,0.51,0.50,0.11,Zona de Consolidação,0,0
2004-06-03,19.19,19.92,20.37,20.74,21.10,21.62,22.28,23.12,24.19,0.56,0.50,0.06,Zona de Consolidação,1,0
2004-06-04,19.22,19.94,20.39,20.75,21.11,21.63,22.28,23.11,24.17,0.55,0.50,0.07,Zona de Consolidação,1,0
2004-06-07,19.25,19.97,20.41,20.76,21.12,21.63,22.28,23.10,24.15,0.64,0.62,0.15,Resistência,1,0
2004-06-08,19.41,20.09,20.51,20.84,21.18,21.67,22.28,23.06,24.05,0.60,0.50,0.02,Zona de Consolidação,1,0
2004-06-09,19.53,20.18,20.58,20.90,21.23,21.69,22.28,23.03,23.98,0.55,0.50,0.07,Zona de Consolidação,1,0
2004-06-10,19.53,20.18,20.58,20.90,21.23,21.69,22.28,23.03,23.98,0.57,0.50,0.05,Zona de Consolidação,1,0
2004-06-14,19.70,20.31,20.69,20.99,21.29,21.73,22.28,22.98,23.87,0.42,0.38,0.08,Zona de Consolidação,1,0
2004-06-15,20.43,20.87,21.14,21.36,21.57,21.88,22.28,22.78,23.42,0.26,0.24,0.12,Suporte,0,0
2004-06-16,20.50,20.92,21.18,21.39,21.60,21.90,22.28,22.76,23.38,0.12,0.00,0.12,Suporte Forte,0,0
2004-06-17,20.28,20.75,21.04,21.28,21.52,21.85,22.28,22.82,23.52,0.15,0.00,0.09,Suporte Forte,0,0
2004-06-18,20.28,20.75,21.04,21.28,21.52,21.85,22.28,22.82,23.52,0.14,0.00,0.10,Suporte Forte,0,0
2004-06-21,20.28,20.75,21.04,21.28,21.52,21.85,22.28,22.82,23.52,0.04,0.00,0.20,Suporte Forte,0,0
2004-06-22,20.28,20.75,21.04,21.28,21.52,21.85,22.28,22.82,23.52,0.15,0.00,0.09,Suporte Forte,0,0
2004-06-23,20.28,20.75,21.04,21.28,21.52,21.85,22.28,22.82,23.52,0.27,0.24,0.11,Suporte,1,0
2004-06-24,20.28,20.75,21.04,21.28,21.52,21.85,22.28,22.82,23.52,0.19,0.00,0.05,Suporte Forte,0,0
2004-06-25,19.96,20.51,20.85,21.12,21.39,21.78,22.28,22.91,23.71,0.03,0.00,0.21,Suporte Forte,0,0
2004-06-28,19.93,20.48,20.83,21.10,21.38,21.78,22.28,22.92,23.73,0.02,0.00,0.22,Suporte Forte,0,0
2004-06-29,19.93,20.48,20.83,21.10,21.38,21.78,22.28,22.92,23.73,0.00,0.00,0.24,Suporte Forte,0,0
2004-06-30,19.66,20.28,20.66,20.97,21.28,21.72,22.28,22.99,23.90,0.05,0.00,0.19,Suporte Forte,0,0
2004-07-01,19.47,20.13,20.54,20.88,21.21,21.68,22.28,23.04,24.02,0.05,0.00,0.19,Suporte Forte,0,0
2004-07-02,18.84,19.65,20.15,20.56,20.97,21.54,22.28,23.22,24.41,0.00,0.00,0.24,Suporte Forte,0,0
2004-07-06,18.84,19.65,20.15,20.56,20.97,21.54,22.28,23.22,24.41,0.12,0.00,0.12,Suporte Forte,0,0
2004-07-07,18.84,19.65,20.15,20.56,20.97,21.54,22.28,23.22,24.41,0.13,0.00,0.11,Suporte Forte,0,0
2004-07-08,18.84,19.65,20.15,20.56,20.97,21.54,22.28,23.22,24.41,0.08,0.00,0.16,Suporte Forte,0,0
2004-07-09,18.84,19.65,20.15,20.56,20.97,21.54,22.28,23.22,24.41,0.08,0.00,0.16,Suporte Forte,0,0
2004-07-12,18.84,19.65,20.15,20.56,20.97,21.54,22.28,23.22,24.41,0.08,0.00,0.16,Suporte Forte,0,0
2004-07-13,18.84,19.65,20.15,20.56,20.97,21.54,22.28,23.22,24.41,0.07,0.00,0.17,Suporte Forte,0,0
2004-07-14,18.43,19.34,19.90,20.36,20.81,21.46,22.28,23.33,24.66,0.03,0.00,0.21,Suporte Forte,0,0
2004-07-15,18.43,19.34,19.90,20.36,20.81,21.46,22.28,23.33,24.66,0.11,0.00,0.13,Suporte Forte,0,0
2004-07-16,18.43,19.34,19.90,20.36,20.81,21.46,22.28,23.33,24.66,0.12,0.00,0.12,Suporte Forte,0,0
2004-07-19,18.43,19.34,19.90,20.36,20.81,21.46,22.28,23.33,24.66,0.14,0.00,0.10,Suporte Forte,0,0
2004-07-20,18.43,19.34,19.90,20.36,20.81,21.46,22.28,23.33,24.66,0.14,0.00,0.10,Suporte Forte,0,0
2004-07-21,18.43,19.34,19.90,20.36,20.81,21.46,22.28,23.33,24.66,0.13,0.00,0.11,Suporte Forte,0,0
2004-07-22,18.43,19.28,19.81,20.24,20.67,21.28,22.05,23.03,24.29,0.12,0.00,0.12,Suporte Forte,0,0
2004-07-23,18.43,19.26,19.77,20.19,20.60,21.19,21.94,22.89,24.11,0.08,0.00,0.16,Suporte Forte,0,0
2004-07-26,18.35,19.17,19.68,20.10,20.51,21.09,21.84,22.79,24.00,0.09,0.00,0.15,Suporte Forte,0,0
2004-07-27,18.35,19.13,19.61,20.01,20.40,20.95,21.66,22.56,23.71,0.33,0.24,0.05,Suporte,1,0
2004-07-28,18.35,19.06,19.50,19.85,20.20,20.71,21.35,22.17,23.20,0.35,0.24,0.03,Suporte,1,0
2004-07-29,18.35,19.06,19.50,19.85,20.20,20.71,21.35,22.17,23.20,0.47,0.38,0.03,Zona de Consolidação,0,0
2004-07-30,18.35,19.06,19.50,19.85,20.20,20.71,21.35,22.17,23.20,0.49,0.38,0.01,Zona de Consolidação,0,0
2004-08-02,18.35,19.06,19.50,19.85,20.20,20.71,21.35,22.17,23.20,0.46,0.38,0.04,Zona de Consolidação,0,0
2004-08-03,18.35,19.06,19.50,19.85,20.20,20.71,21.35,22.17,23.20,0.40,0.38,0.10,Zona de Consolidação,1,0
2004-08-04,18.35,19.06,19.50,19.85,20.20,20.71,21.35,22.17,23.20,0.38,0.24,0.00,Suporte,1,0
2004-08-05,18.35,19.06,19.50,19.85,20.20,20.71,21.35,22.17,23.20,0.28,0.24,0.10,Suporte,0,0
2004-08-06,18.35,19.05,19.49,19.84,20.19,20.69,21.33,22.14,23.17,0.07,0.00,0.17,Suporte Forte,0,0
2004-08-09,18.25,18.96,19.39,19.74,20.10,20.60,21.24,22.05,23.09,0.04,0.00,0.20,Suporte Forte,0,0
2004-08-10,18.23,18.94,19.38,19.74,20.09,20.60,21.24,22.06,23.10,0.06,0.00,0.18,Suporte Forte,0,0
2004-08-11,18.23,18.94,19.38,19.74,20.09,20.60,21.24,22.06,23.10,0.10,0.00,0.14,Suporte Forte,0,0
2004-08-12,18.23,18.94,19.38,19.74,20.09,20.60,21.24,22.06,23.10,0.05,0.00,0.19,Suporte Forte,0,0
2004-08-13,18.23,18.94,19.38,19.74,20.09,20.60,21.24,22.06,23.10,0.09,0.00,0.15,Suporte Forte,0,0
2004-08-16,18.23,18.94,19.38,19.74,20.09,20.60,21.24,22.06,23.10,0.21,0.00,0.03,Suporte Forte,0,0
2004-08-17,18.23,18.94,19.38,19.74,20.09,20.60,21.24,22.06,23.10,0.21,0.00,0.03,Suporte Forte,0,0
2004-08-18,18.23,18.94,19.38,19.74,20.09,20.60,21.24,22.06,23.10,0.24,0.24,0.14,Suporte,0,0
2004-08-19,18.23,18.94,19.38,19.74,20.09,20.60,21.24,22.06,23.10,0.18,0.00,0.06,Suporte Forte,0,0
2004-08-20,18.23,18.94,19.38,19.73,20.08,20.59,21.23,22.05,23.08,0.21,0.00,0.03,Suporte Forte,0,0
2004-08-23,18.23,18.90,19.32,19.66,20.00,20.48,21.09,21.87,22.86,0.21,0.00,0.03,Suporte Forte,0,0
2004-08-24,18.23,18.89,19.30,19.63,19.96,20.43,21.03,21.79,22.76,0.29,0.24,0.09,Suporte,0,0
2004-08-25,18.23,18.88,19.28,19.61,19.94,20.40,20.99,21.74,22.70,0.34,0.24,0.04,Suporte,1,0
2004-08-26,18.23,18.87,19.27,19.60,19.92,20.38,20.96,21.70,22.65,0.25,0.24,0.13,Suporte,0,0
2004-08-27,18.23,18.87,19.27,19.60,19.92,20.38,20.96,21.70,22.65,0.22,0.00,0.02,Suporte Forte,0,0
2004-08-30,18.23,18.87,19.27,19.60,19.92,20.38,20.96,21.70,22.65,0.20,0.00,0.04,Suporte Forte,0,0
2004-08-31,18.23,18.87,19.27,19.60,19.92,20.38,20.96,21.70,22.65,0.20,0.00,0.04,Suporte Forte,0,0
2004-09-01,18.23,18.87,19.27,19.60,19.92,20.38,20.96,21.70,22.65,0.26,0.24,0.12,Suporte,0,0
2004-09-02,18.23,18.87,19.27,19.60,19.92,20.38,20.96,21.70,22.65,0.40,0.38,0.10,Zona de Consolidação,1,0
2004-09-03,18.23,18.79,19.13,19.41,19.69,20.08,20.59,21.23,22.05,0.51,0.50,0.11,Zona de Consolidação,0,0
2004-09-07,18.23,18.71,19.01,19.26,19.50,19.84,20.28,20.84,21.55,0.58,0.50,0.04,Zona de Consolidação,1,0
2004-09-08,18.23,18.66,18.93,19.14,19.36,19.67,20.06,20.56,21.19,0.72,0.62,0.07,Resistência,1,1
2004-09-09,18.23,18.65,18.91,19.12,19.33,19.63,20.01,20.49,21.11,0.60,0.50,0.02,Zona de Consolidação,1,0
2004-09-10,18.23,18.64,18.89,19.10,19.30,19.59,19.96,20.43,21.03,0.82,0.79,0.18,Resistência Forte,0,1
2004-09-13,18.23,18.67,18.94,19.16,19.38,19.69,20.09,20.60,21.24,0.76,0.62,0.03,Resistência,0,1
2004-09-14,18.23,18.75,19.07,19.34,19.60,19.97,20.44,21.04,21.81,0.93,0.79,0.07,Resistência Forte,0,1
2004-09-15,18.23,18.75,19.07,19.34,19.60,19.97,20.44,21.04,21.81,0.88,0.79,0.12,Resistência Forte,0,0
2004-09-16,18.23,18.75,19.07,19.34,19.60,19.97,20.44,21.04,21.81,0.87,0.79,0.13,Resistência Forte,0,1
2004-09-17,18.23,18.75,19.07,19.34,19.60,19.97,20.44,21.04,21.81,0.89,0.79,0.11,Resistência Forte,0,0
2004-09-20,18.23,18.75,19.07,19.34,19.60,19.97,20.44,21.04,21.81,0.84,0.79,0.16,Resistência Forte,0,1
2004-09-21,18.23,18.75,19.07,19.34,19.60,19.97,20.44,21.04,21.81,0.91,0.79,0.09,Resistência Forte,0,1
2004-09-22,18.23,18.75,19.07,19.34,19.60,19.97,20.44,21.04,21.81,0.76,0.62,0.03,Resistência,0,1
2004-09-23,18.23,18.75,19.07,19.34,19.60,19.97,20.44,21.04,21.81,0.66,0.62,0.13,Resistência,1,0
2004-09-24,18.23,18.75,19.07,19.34,19.60,19.97,20.44,21.04,21.81,0.66,0.62,0.13,Resistência,1,0
2004-09-27,18.23,18.75,19.07,19.34,19.60,19.97,20.44,21.04,21.81,0.56,0.50,0.06,Zona de Consolidação,1,0
2004-09-28,18.23,18.75,19.07,19.34,19.60,19.97,20.44,21.04,21.81,0.55,0.50,0.07,Zona de Consolidação,1,0
2004-09-29,18.23,18.75,19.07,19.34,19.60,19.97,20.44,21.04,21.81,0.72,0.62,0.07,Resistência,0,1
2004-09-30,18.23,18.75,19.07,19.34,19.60,19.97,20.44,21.04,21.81,0.61,0.50,0.01,Zona de Consolidação,1,0
2004-10-01,18.23,18.75,19.07,19.34,19.60,19.97,20.44,21.04,21.81,0.77,0.62,0.02,Resistência,0,1
2004-10-04,18.23,18.75,19.07,19.34,19.60,19.97,20.44,21.04,21.81,0.96,0.79,0.04,Resistência Forte,0,1
2004-10-05,18.23,18.81,19.17,19.46,19.76,20.17,20.70,21.37,22.23,0.99,0.79,0.01,Resistência Forte,0,1
2004-10-06,18.23,18.82,19.19,19.49,19.79,20.21,20.75,21.44,22.31,1.00,1.00,0.27,Resistência Forte,0,1
2004-10-07,18.23,18.82,19.19,19.49,19.79,20.21,20.75,21.44,22.31,0.82,0.79,0.18,Resistência Forte,0,1
2004-10-08,18.23,18.82,19.19,19.49,19.79,20.21,20.75,21.44,22.31,0.60,0.50,0.02,Zona de Consolidação,1,0
2004-10-11,18.23,18.82,19.19,19.49,19.79,20.21,20.75,21.44,22.31,0.68,0.62,0.11,Resistência,1,0
2004-10-12,18.23,18.82,19.19,19.49,19.79,20.21,20.75,21.44,22.31,0.63,0.62,0.16,Resistência,1,0
2004-10-13,18.23,18.82,19.19,19.49,19.79,20.21,20.75,21.44,22.31,0.52,0.50,0.10,Zona de Consolidação,0,0
2004-10-14,18.23,18.82,19.19,19.49,19.79,20.21,20.75,21.44,22.31,0.43,0.38,0.07,Zona de Consolidação,1,0
2004-10-15,18.23,18.82,19.19,19.49,19.79,20.21,20.75,21.44,22.31,0.45,0.38,0.05,Zona de Consolidação,1,0
2004-10-18,18.23,18.82,19.19,19.49,19.79,20.21,20.75,21.44,22.31,0.56,0.50,0.06,Zona de Consolidação,1,0
2004-10-19,18.23,18.82,19.19,19.49,19.79,20.21,20.75,21.44,22.31,0.45,0.38,0.05,Zona de Consolidação,1,0
2004-10-20,18.24,18.83,19.20,19.49,19.79,20.21,20.75,21.43,22.30,0.38,0.24,0.00,Suporte,1,0
2004-10-21,18.33,18.90,19.25,19.54,19.83,20.23,20.75,21.41,22.25,0.38,0.24,0.00,Suporte,1,0
2004-10-22,18.33,18.90,19.25,19.54,19.83,20.23,20.75,21.41,22.25,0.27,0.24,0.11,Suporte,0,0
2004-10-25,18.49,19.02,19.35,19.62,19.89,20.27,20.75,21.36,22.15,0.80,0.79,0.20,Resistência Forte,0,1
2004-10-26,18.59,19.10,19.42,19.67,19.92,20.29,20.75,21.34,22.08,0.74,0.62,0.05,Resistência,0,1
2004-10-27,18.59,19.10,19.42,19.67,19.92,20.29,20.75,21.34,22.08,0.88,0.79,0.12,Resistência Forte,0,0
2004-10-28,18.59,19.10,19.42,19.67,19.92,20.29,20.75,21.34,22.08,0.90,0.79,0.10,Resistência Forte,0,0
2004-10-29,18.59,19.10,19.42,19.67,19.92,20.29,20.75,21.34,22.08,0.91,0.79,0.09,Resistência Forte,0,1
2004-11-01,18.59,19.16,19.51,19.80,20.08,20.48,21.00,21.66,22.49,0.90,0.79,0.10,Resistência Forte,0,0
2004-11-02,18.59,19.18,19.55,19.84,20.13,20.56,21.09,21.77,22.64,0.95,0.79,0.05,Resistência Forte,0,1
2004-11-03,18.59,19.20,19.57,19.88,20.18,20.61,21.16,21.86,22.75,0.90,0.79,0.10,Resistência Forte,0,0
2004-11-04,18.59,19.21,19.59,19.90,20.22,20.66,21.22,21.94,22.85,1.00,1.00,0.27,Resistência Forte,0,1
2004-11-05,18.59,19.30,19.74,20.09,20.44,20.95,21.59,22.41,23.44,0.85,0.79,0.15,Resistência Forte,0,1
2004-11-08,18.59,19.30,19.74,20.09,20.44,20.95,21.59,22.41,23.44,0.91,0.79,0.09,Resistência Forte,0,0
2004-11-09,18.59,19.30,19.74,20.09,20.44,20.95,21.59,22.41,23.44,0.90,0.79,0.10,Resistência Forte,0,0
2004-11-10,18.71,19.39,19.81,20.15,20.49,20.97,21.59,22.37,23.37,0.90,0.79,0.10,Resistência Forte,0,0
2004-11-11,18.86,19.50,19.90,20.23,20.55,21.01,21.59,22.33,23.28,0.95,0.79,0.05,Resistência Forte,0,1
2004-11-12,18.86,19.50,19.90,20.23,20.55,21.01,21.59,22.33,23.28,0.97,0.79,0.03,Resistência Forte,0,1
2004-11-15,18.86,19.50,19.90,20.23,20.55,21.01,21.59,22.33,23.28,0.95,0.79,0.05,Resistência Forte,0,1
2004-11-16,18.86,19.50,19.90,20.23,20.55,21.01,21.59,22.33,23.28,0.85,0.79,0.15,Resistência Forte,0,1
2004-11-17,18.86,19.50,19.90,20.23,20.55,21.01,21.59,22.33,23.28,0.96,0.79,0.04,Resistência Forte,0,1
2004-11-18,18.86,19.50,19.90,20.23,20.55,21.01,21.59,22.33,23.28,0.98,0.79,0.02,Resistência Forte,0,1
2004-11-19,18.86,19.51,19.91,20.24,20.56,21.02,21.61,22.36,23.31,0.89,0.79,0.11,Resistência Forte,0,0
2004-11-22,18.86,19.51,19.91,20.24,20.56,21.02,21.61,22.36,23.31,0.97,0.79,0.03,Resistência Forte,0,1
2004-11-23,18.86,19.51,19.91,20.24,20.56,21.02,21.61,22.36,23.31,0.91,0.79,0.09,Resistência Forte,0,0
2004-11-24,18.86,19.51,19.91,20.24,20.56,21.02,21.61,22.36,23.31,0.96,0.79,0.04,Resistência Forte,0,1
2004-11-26,18.86,19.51,19.91,20.24,20.56,21.02,21.61,22.36,23.31,0.95,0.79,0.05,Resistência Forte,0,1
2004-11-29,18.86,19.51,19.91,20.24,20.56,21.02,21.61,22.36,23.31,0.93,0.79,0.07,Resistência Forte,0,1
2004-11-30,18.86,19.51,19.92,20.24,20.57,21.04,21.63,22.38,23.34,0.98,0.79,0.02,Resistência Forte,0,1
2004-12-01,18.86,19.59,20.04,20.40,20.77,21.29,21.95,22.79,23.86,0.99,0.79,0.01,Resistência Forte,0,1
2004-12-02,18.86,19.59,20.04,20.40,20.77,21.29,21.95,22.79,23.86,0.95,0.79,0.05,Resistência Forte,0,1
2004-12-03,18.86,19.59,20.04,20.40,20.77,21.29,21.95,22.79,23.86,0.95,0.79,0.05,Resistência Forte,0,1
2004-12-06,18.86,19.59,20.04,20.40,20.77,21.29,21.95,22.79,23.86,0.92,0.79,0.08,Resistência Forte,0,0
2004-12-07,18.86,19.59,20.04,20.40,20.77,21.29,21.95,22.79,23.86,0.85,0.79,0.15,Resistência Forte,0,1
2004-12-08,18.86,19.59,20.04,20.40,20.77,21.29,21.95,22.79,23.86,0.85,0.79,0.15,Resistência Forte,0,1
2004-12-09,18.86,19.59,20.04,20.40,20.77,21.29,21.95,22.79,23.86,0.81,0.79,0.19,Resistência Forte,0,1
2004-12-10,18.86,19.59,20.04,20.40,20.77,21.29,21.95,22.79,23.86,0.79,0.79,0.21,Resistência Forte,0,1
2004-12-13,18.86,19.59,20.04,20.40,20.77,21.29,21.95,22.79,23.86,0.84,0.79,0.16,Resistência Forte,0,1
2004-12-14,18.86,19.59,20.04,20.40,20.77,21.29,21.95,22.79,23.86,0.78,0.62,0.01,Resistência,0,1
2004-12-15,18.86,19.59,20.04,20.40,20.77,21.29,21.95,22.79,23.86,0.70,0.62,0.09,Resistência,0,0
2004-12-16,18.86,19.59,20.04,20.40,20.77,21.29,21.95,22.79,23.86,0.70,0.62,0.09,Resistência,0,0
2004-12-17,18.86,19.59,20.04,20.40,20.77,21.29,21.95,22.79,23.86,0.66,0.62,0.13,Resistência,1,0
2004-12-20,18.86,19.59,20.04,20.40,20.77,21.29,21.95,22.79,23.86,0.74,0.62,0.05,Resistência,0,1
2004-12-21,18.86,19.59,20.04,20.40,20.77,21.29,21.95,22.79,23.86,0.75,0.62,0.04,Resistência,0,1
2004-12-22,18.86,19.59,20.04,20.40,20.77,21.29,21.95,22.79,23.86,0.78,0.62,0.01,Resistência,0,1
2004-12-23,18.86,19.59,20.04,20.40,20.77,21.29,21.95,22.79,23.86,0.85,0.79,0.15,Resistência Forte,0,1
2004-12-27,18.86,19.59,20.04,20.40,20.77,21.29,21.95,22.79,23.86,0.74,0.62,0.05,Resistência,0,1
2004-12-28,18.86,19.59,20.04,20.40,20.77,21.29,21.95,22.79,23.86,0.78,0.62,0.01,Resistência,0,1
2004-12-29,18.86,19.59,20.04,20.40,20.77,21.29,21.95,22.79,23.86,0.76,0.62,0.03,Resistência,0,1
2004-12-30,18.86,19.59,20.04,20.40,20.77,21.29,21.95,22.79,23.86,0.72,0.62,0.07,Resistência,0,0
2004-12-31,18.86,19.59,20.04,20.40,20.77,21.29,21.95,22.79,23.86,0.72,0.62,0.07,Resistência,0,1
2005-01-03,18.86,19.59,20.04,20.40,20.77,21.29,21.95,22.79,23.86,0.64,0.62,0.15,Resistência,1,0
2005-01-04,19.43,20.02,20.39,20.69,20.99,21.41,21.95,22.64,23.51,0.43,0.38,0.07,Zona de Consolidação,1,0
2005-01-05,19.81,20.32,20.63,20.88,21.13,21.49,21.95,22.53,23.27,0.29,0.24,0.09,Suporte,1,0
2005-01-06,20.05,20.50,20.78,21.00,21.22,21.54,21.95,22.47,23.12,0.13,0.00,0.11,Suporte Forte,0,0
2005-01-07,19.98,20.44,20.73,20.96,21.20,21.53,21.95,22.49,23.17,0.14,0.00,0.10,Suporte Forte,0,0
2005-01-10,19.98,20.44,20.73,20.96,21.20,21.53,21.95,22.49,23.17,0.15,0.00,0.09,Suporte Forte,0,0
2005-01-11,19.98,20.44,20.73,20.96,21.20,21.53,21.95,22.49,23.17,0.17,0.00,0.07,Suporte Forte,0,0
2005-01-12,19.96,20.43,20.72,20.96,21.19,21.52,21.95,22.49,23.18,0.09,0.00,0.15,Suporte Forte,0,0
2005-01-13,19.74,20.26,20.58,20.84,21.11,21.48,21.95,22.55,23.32,0.00,0.00,0.24,Suporte Forte,0,0
2005-01-14,19.74,20.26,20.58,20.84,21.11,21.48,21.95,22.55,23.32,0.19,0.00,0.05,Suporte Forte,0,0
2005-01-18,19.74,20.26,20.58,20.84,21.11,21.48,21.95,22.55,23.32,0.57,0.50,0.05,Zona de Consolidação,1,0
2005-01-19,19.74,20.26,20.58,20.84,21.11,21.48,21.95,22.55,23.32,0.52,0.50,0.10,Zona de Consolidação,0,0
2005-01-20,19.74,20.26,20.58,20.84,21.11,21.48,21.95,22.55,23.32,0.43,0.38,0.07,Zona de Consolidação,1,0
2005-01-21,19.74,20.26,20.58,20.84,21.11,21.48,21.95,22.55,23.32,0.29,0.24,0.09,Suporte,0,0
2005-01-24,19.74,20.26,20.58,20.84,21.11,21.48,21.95,22.55,23.32,0.38,0.24,0.00,Suporte,1,0
2005-01-25,19.74,20.26,20.58,20.84,21.11,21.48,21.95,22.55,23.32,0.46,0.38,0.04,Zona de Consolidação,1,0
2005-01-26,19.74,20.26,20.58,20.84,21.11,21.48,21.95,22.55,23.32,0.44,0.38,0.06,Zona de Consolidação,1,0
2005-01-27,19.74,20.26,20.58,20.84,21.11,21.48,21.95,22.55,23.32,0.35,0.24,0.03,Suporte,1,0
2005-01-28,19.74,20.26,20.58,20.84,21.11,21.48,21.95,22.55,23.32,0.36,0.24,0.02,Suporte,1,0
2005-01-31,19.74,20.26,20.58,20.84,21.11,21.48,21.95,22.55,23.32,0.43,0.38,0.07,Zona de Consolidação,1,0
2005-02-01,19.74,20.26,20.58,20.84,21.11,21.48,21.95,22.55,23.32,0.53,0.50,0.09,Zona de Consolidação,1,0
2005-02-02,19.74,20.26,20.58,20.84,21.11,21.48,21.95,22.55,23.32,0.46,0.38,0.04,Zona de Consolidação,1,0
2005-02-03,19.74,20.26,20.58,20.84,21.11,21.48,21.95,22.55,23.32,0.56,0.50,0.06,Zona de Consolidação,1,0
2005-02-04,19.74,20.26,20.58,20.84,21.11,21.48,21.95,22.55,23.32,0.57,0.50,0.05,Zona de Consolidação,1,0
2005-02-07,19.74,20.26,20.58,20.84,21.11,21.48,21.95,22.55,23.32,0.48,0.38,0.02,Zona de Consolidação,0,0
2005-02-08,19.74,20.26,20.58,20.84,21.11,21.48,21.95,22.55,23.32,0.48,0.38,0.02,Zona de Consolidação,0,0
2005-02-09,19.74,20.26,20.58,20.84,21.11,21.48,21.95,22.55,23.32,0.29,0.24,0.09,Suporte,1,0
2005-02-10,19.74,20.26,20.58,20.84,21.11,21.48,21.95,22.55,23.32,0.22,0.00,0.02,Suporte Forte,0,0
2005-02-11,19.74,20.25,20.57,20.83,21.09,21.45,21.92,22.51,23.27,0.31,0.24,0.07,Suporte,1,0
2005-02-14,19.74,20.24,20.55,20.80,21.06,21.41,21.87,22.45,23.19,0.23,0.00,0.01,Suporte Forte,0,0
2005-02-15,19.74,20.23,20.53,20.78,21.02,21.37,21.81,22.37,23.09,0.22,0.00,0.02,Suporte Forte,0,0
2005-02-16,19.74,20.22,20.52,20.76,21.01,21.35,21.79,22.35,23.06,0.17,0.00,0.07,Suporte Forte,0,0
2005-02-17,19.74,20.18,20.46,20.68,20.90,21.22,21.62,22.13,22.78,0.22,0.00,0.02,Suporte Forte,0,0
2005-02-18,19.74,20.16,20.41,20.62,20.83,21.12,21.50,21.98,22.59,0.12,0.00,0.12,Suporte Forte,0,0
2005-02-22,19.74,20.16,20.41,20.62,20.83,21.12,21.50,21.98,22.59,0.06,0.00,0.18,Suporte Forte,0,0
2005-02-23,19.56,20.02,20.30,20.53,20.76,21.08,21.50,22.03,22.70,0.20,0.00,0.04,Suporte Forte,0,0
2005-02-24,19.56,20.02,20.30,20.53,20.76,21.08,21.50,22.03,22.70,0.37,0.24,0.01,Suporte,1,0
2005-02-25,19.56,20.02,20.30,20.53,20.76,21.08,21.50,22.03,22.70,0.46,0.38,0.04,Zona de Consolidação,1,0
2005-02-28,19.56,20.02,20.30,20.53,20.76,21.08,21.50,22.03,22.70,0.45,0.38,0.05,Zona de Consolidação,1,0
2005-03-01,19.56,20.02,20.30,20.53,20.76,21.08,21.50,22.03,22.70,0.46,0.38,0.04,Zona de Consolidação,1,0
2005-03-02,19.56,20.02,20.30,20.53,20.76,21.08,21.50,22.03,22.70,0.43,0.38,0.07,Zona de Consolidação,1,0
2005-03-03,19.56,20.02,20.30,20.53,20.76,21.08,21.50,22.03,22.70,0.38,0.24,0.00,Suporte,1,0
2005-03-04,19.56,20.02,20.30,20.53,20.76,21.08,21.50,22.03,22.70,0.42,0.38,0.08,Zona de Consolidação,1,0
2005-03-07,19.56,20.02,20.30,20.53,20.76,21.08,21.50,22.03,22.70,0.55,0.50,0.07,Zona de Consolidação,1,0
2005-03-08,19.56,20.01,20.28,20.50,20.73,21.05,21.45,21.96,22.62,0.57,0.50,0.05,Zona de Consolidação,1,0
2005-03-09,19.56,19.98,20.24,20.45,20.67,20.97,21.35,21.84,22.46,0.56,0.50,0.06,Zona de Consolidação,1,0
2005-03-10,19.56,19.98,20.24,20.45,20.67,20.97,21.35,21.84,22.46,0.67,0.62,0.12,Resistência,1,0
2005-03-11,19.56,19.96,20.21,20.41,20.61,20.90,21.26,21.72,22.31,0.71,0.62,0.08,Resistência,1,1
2005-03-14,19.56,19.96,20.21,20.41,20.61,20.90,21.26,21.72,22.31,0.82,0.79,0.18,Resistência Forte,0,1
2005-03-15,19.56,19.96,20.21,20.41,20.61,20.90,21.26,21.72,22.31,0.91,0.79,0.09,Resistência Forte,0,1
2005-03-16,19.56,19.95,20.20,20.40,20.59,20.87,21.23,21.68,22.26,0.98,0.79,0.02,Resistência Forte,0,1
2005-03-17,19.56,19.99,20.26,20.48,20.70,21.01,21.40,21.90,22.54,0.96,0.79,0.04,Resistência Forte,0,1
2005-03-18,19.56,20.01,20.29,20.52,20.74,21.06,21.47,21.99,22.65,0.95,0.79,0.05,Resistência Forte,0,1
2005-03-21,19.56,20.01,20.29,20.52,20.75,21.07,21.48,22.00,22.67,0.97,0.79,0.03,Resistência Forte,0,1
2005-03-22,19.56,20.07,20.38,20.64,20.89,21.25,21.71,22.29,23.04,0.88,0.79,0.12,Resistência Forte,0,1
2005-03-23,19.56,20.07,20.38,20.64,20.89,21.25,21.71,22.29,23.04,0.93,0.79,0.07,Resistência Forte,0,1
2005-03-24,19.56,20.07,20.39,20.64,20.89,21.26,21.72,22.31,23.05,0.92,0.79,0.08,Resistência Forte,0,1
2005-03-28,19.56,20.07,20.39,20.64,20.89,21.26,21.72,22.31,23.05,0.96,0.79,0.04,Resistência Forte,0,1
2005-03-29,19.56,20.07,20.39,20.64,20.89,21.26,21.72,22.31,23.05,0.88,0.79,0.12,Resistência Forte,0,1
2005-03-30,19.56,20.07,20.39,20.64,20.89,21.26,21.72,22.31,23.05,0.88,0.79,0.12,Resistência Forte,0,1
2005-03-31,19.56,20.07,20.39,20.64,20.89,21.26,21.72,22.31,23.05,0.88,0.79,0.12,Resistência Forte,0,1
2005-04-01,19.56,20.07,20.39,20.64,20.89,21.26,21.72,22.31,23.05,0.85,0.79,0.15,Resistência Forte,0,1
2005-04-04,19.56,20.07,20.39,20.64,20.89,21.26,21.72,22.31,23.05,0.86,0.79,0.14,Resistência Forte,0,1
2005-04-05,19.56,20.07,20.39,20.64,20.89,21.26,21.72,22.31,23.05,0.93,0.79,0.07,Resistência Forte,0,1
2005-04-06,19.56,20.07,20.39,20.64,20.90,21.27,21.73,22.32,23.07,0.94,0.79,0.06,Resistência Forte,0,1
2005-04-07,19.56,20.07,20.39,20.64,20.90,21.27,21.73,22.32,23.07,0.99,0.79,0.01,Resistência Forte,0,1
2005-04-08,19.56,20.07,20.39,20.65,20.91,21.27,21.74,22.33,23.09,0.93,0.79,0.07,Resistência Forte,0,1
2005-04-11,19.56,20.07,20.39,20.65,20.91,21.27,21.74,22.33,23.09,0.80,0.79,0.20,Resistência Forte,0,1
2005-04-12,19.56,20.07,20.39,20.65,20.91,21.27,21.74,22.33,23.09,0.85,0.79,0.15,Resistência Forte,0,1
2005-04-13,19.56,20.07,20.39,20.65,20.91,21.27,21.74,22.33,23.09,0.84,0.79,0.16,Resistência Forte,0,1
2005-04-14,19.56,20.07,20.39,20.65,20.91,21.27,21.74,22.33,23.09,0.78,0.62,0.01,Resistência,0,1
2005-04-15,19.56,20.07,20.39,20.65,20.91,21.27,21.74,22.33,23.09,0.54,0.50,0.08,Zona de Consolidação,1,0
2005-04-18,19.56,20.07,20.39,20.65,20.91,21.27,21.74,22.33,23.09,0.52,0.50,0.10,Zona de Consolidação,0,0
2005-04-19,19.56,20.07,20.39,20.65,20.91,21.27,21.74,22.33,23.09,0.47,0.38,0.03,Zona de Consolidação,1,0
2005-04-20,19.56,20.07,20.39,20.65,20.91,21.27,21.74,22.33,23.09,0.40,0.38,0.10,Zona de Consolidação,1,0
2005-04-21,19.56,20.07,20.39,20.65,20.91,21.27,21.74,22.33,23.09,0.75,0.62,0.04,Resistência,0,1
2005-04-22,19.56,20.07,20.39,20.65,20.91,21.27,21.74,22.33,23.09,0.73,0.62,0.06,Resistência,0,1
2005-04-25,19.56,20.07,20.39,20.65,20.91,21.27,21.74,22.33,23.09,0.78,0.62,0.01,Resistência,0,1
2005-04-26,19.56,20.07,20.39,20.65,20.91,21.27,21.74,22.33,23.09,0.58,0.50,0.04,Zona de Consolidação,1,0
2005-04-27,19.56,20.07,20.39,20.65,20.91,21.27,21.74,22.33,23.09,0.64,0.62,0.15,Resistência,1,0
2005-04-28,19.56,20.07,20.39,20.65,20.91,21.27,21.74,22.33,23.09,0.51,0.50,0.11,Zona de Consolidação,0,0
2005-04-29,19.56,20.07,20.39,20.65,20.91,21.27,21.74,22.33,23.09,0.54,0.50,0.08,Zona de Consolidação,1,0
2005-05-02,19.56,20.07,20.39,20.65,20.91,21.27,21.74,22.33,23.09,0.62,0.62,0.17,Resistência,1,0
2005-05-03,19.56,20.07,20.39,20.65,20.91,21.27,21.74,22.33,23.09,0.70,0.62,0.09,Resistência,1,1
2005-05-04,19.56,20.07,20.39,20.65,20.91,21.27,21.74,22.33,23.09,0.72,0.62,0.07,Resistência,0,1
2005-05-05,19.94,20.36,20.63,20.84,21.05,21.35,21.74,22.23,22.85,0.62,0.62,0.17,Resistência,1,0
2005-05-06,20.22,20.58,20.80,20.98,21.16,21.41,21.74,22.15,22.68,0.52,0.50,0.10,Zona de Consolidação,1,0
2005-05-09,20.22,20.58,20.80,20.98,21.16,21.41,21.74,22.15,22.68,0.49,0.38,0.01,Zona de Consolidação,1,0
2005-05-10,20.22,20.58,20.80,20.98,21.16,21.41,21.74,22.15,22.68,0.28,0.24,0.10,Suporte,1,0
2005-05-11,20.22,20.58,20.80,20.98,21.16,21.41,21.74,22.15,22.68,0.49,0.38,0.01,Zona de Consolidação,1,0
2005-05-12,20.22,20.58,20.80,20.98,21.16,21.41,21.74,22.15,22.68,0.50,0.50,0.12,Zona de Consolidação,1,0
2005-05-13,20.26,20.61,20.83,21.00,21.17,21.42,21.74,22.14,22.65,0.49,0.38,0.01,Zona de Consolidação,1,0
2005-05-16,20.35,20.68,20.88,21.04,21.21,21.44,21.74,22.12,22.60,0.47,0.38,0.03,Zona de Consolidação,1,0
2005-05-17,20.40,20.72,20.91,21.07,21.23,21.45,21.74,22.10,22.57,0.44,0.38,0.06,Zona de Consolidação,1,0
2005-05-18,20.40,20.72,20.91,21.07,21.23,21.45,21.74,22.10,22.57,0.54,0.50,0.08,Zona de Consolidação,1,0
2005-05-19,20.40,20.72,20.91,21.07,21.23,21.45,21.74,22.10,22.57,0.62,0.62,0.17,Resistência,1,0
2005-05-20,20.40,20.72,20.91,21.07,21.23,21.45,21.74,22.10,22.57,0.69,0.62,0.10,Resistência,1,1
2005-05-23,20.40,20.72,20.91,21.07,21.23,21.45,21.74,22.10,22.57,0.64,0.62,0.15,Resistência,1,1
2005-05-24,20.40,20.72,20.91,21.07,21.23,21.45,21.74,22.10,22.57,0.64,0.62,0.15,Resistência,1,1
2005-05-25,20.40,20.72,20.91,21.07,21.23,21.45,21.74,22.10,22.57,0.51,0.50,0.11,Zona de Consolidação,1,0
2005-05-26,20.40,20.72,20.91,21.07,21.23,21.45,21.74,22.10,22.57,0.57,0.50,0.05,Zona de Consolidação,1,0
2005-05-27,20.40,20.72,20.91,21.07,21.23,21.45,21.74,22.10,22.57,0.63,0.62,0.16,Resistência,1,1
2005-05-31,20.40,20.72,20.91,21.07,21.23,21.45,21.74,22.10,22.57,0.37,0.24,0.01,Suporte,1,0
2005-06-01,20.40,20.72,20.91,21.07,21.23,21.45,21.74,22.10,22.57,0.46,0.38,0.04,Zona de Consolidação,1,0
2005-06-02,20.40,20.72,20.91,21.07,21.23,21.45,21.74,22.10,22.57,0.51,0.50,0.11,Zona de Consolidação,1,0
2005-06-03,20.40,20.72,20.91,21.07,21.23,21.45,21.74,22.10,22.57,0.32,0.24,0.06,Suporte,1,0
2005-06-06,20.40,20.72,20.91,21.07,21.23,21.45,21.74,22.10,22.57,0.37,0.24,0.01,Suporte,1,0
2005-06-07,20.40,20.72,20.91,21.07,21.23,21.45,21.74,22.10,22.57,0.34,0.24,0.04,Suporte,1,0
2005-06-08,20.40,20.72,20.91,21.07,21.23,21.45,21.74,22.10,22.57,0.17,0.00,0.07,Suporte Forte,0,0
2005-06-09,20.40,20.72,20.91,21.07,21.23,21.45,21.74,22.10,22.57,0.21,0.00,0.03,Suporte Forte,0,0
2005-06-10,20.40,20.72,20.91,21.07,21.23,21.45,21.74,22.10,22.57,0.12,0.00,0.12,Suporte Forte,0,0
2005-06-13,20.40,20.72,20.91,21.07,21.23,21.45,21.74,22.10,22.57,0.10,0.00,0.14,Suporte Forte,0,0
2005-06-14,20.39,20.71,20.91,21.06,21.22,21.45,21.74,22.11,22.57,0.07,0.00,0.17,Suporte Forte,0,0
2005-06-15,20.33,20.66,20.87,21.03,21.20,21.44,21.74,22.12,22.61,0.04,0.00,0.20,Suporte Forte,0,0
2005-06-16,20.33,20.66,20.87,21.03,21.20,21.44,21.74,22.12,22.61,0.12,0.00,0.12,Suporte Forte,0,0
2005-06-17,20.33,20.66,20.87,21.03,21.20,21.44,21.74,22.12,22.61,0.11,0.00,0.13,Suporte Forte,0,0
2005-06-20,20.33,20.62,20.80,20.94,21.09,21.30,21.56,21.89,22.32,0.03,0.00,0.21,Suporte Forte,0,0
2005-06-21,20.16,20.49,20.69,20.86,21.03,21.26,21.56,21.94,22.43,0.06,0.00,0.18,Suporte Forte,0,0
2005-06-22,20.11,20.45,20.66,20.84,21.01,21.25,21.56,21.95,22.46,0.00,0.00,0.24,Suporte Forte,0,0
2005-06-23,19.72,20.13,20.39,20.60,20.80,21.10,21.47,21.95,22.55,0.02,0.00,0.22,Suporte Forte,0,0
2005-06-24,19.42,19.90,20.20,20.44,20.69,21.03,21.47,22.03,22.74,0.03,0.00,0.21,Suporte Forte,0,0
2005-06-27,19.34,19.84,20.15,20.40,20.66,21.01,21.47,22.05,22.79,0.17,0.00,0.07,Suporte Forte,0,0
2005-06-28,19.34,19.84,20.15,20.40,20.66,21.01,21.47,22.05,22.79,0.45,0.38,0.05,Zona de Consolidação,1,0
2005-06-29,19.34,19.84,20.15,20.40,20.66,21.01,21.47,22.05,22.79,0.40,0.38,0.10,Zona de Consolidação,1,0
2005-06-30,19.34,19.84,20.15,20.40,20.66,21.01,21.47,22.05,22.79,0.36,0.24,0.02,Suporte,1,0
2005-07-01,19.34,19.82,20.12,20.36,20.60,20.94,21.38,21.93,22.64,0.45,0.38,0.05,Zona de Consolidação,1,0
2005-07-05,19.34,19.82,20.12,20.36,20.60,20.94,21.38,21.93,22.64,0.42,0.38,0.08,Zona de Consolidação,1,0
2005-07-06,19.34,19.82,20.12,20.36,20.59,20.94,21.37,21.92,22.62,0.35,0.24,0.03,Suporte,1,0
2005-07-07,19.34,19.82,20.12,20.36,20.59,20.94,21.37,21.92,22.62,0.33,0.24,0.05,Suporte,1,0
2005-07-08,19.34,19.82,20.12,20.36,20.59,20.94,21.37,21.92,22.62,0.37,0.24,0.01,Suporte,1,0
2005-07-11,19.34,19.82,20.12,20.36,20.59,20.94,21.37,21.92,22.62,0.47,0.38,0.03,Zona de Consolidação,1,0
2005-07-12,19.34,19.82,20.12,20.36,20.59,20.94,21.37,21.92,22.62,0.48,0.38,0.02,Zona de Consolidação,1,0
2005-07-13,19.34,19.82,20.12,20.36,20.59,20.94,21.37,21.92,22.62,0.43,0.38,0.07,Zona de Consolidação,1,0
2005-07-14,19.34,19.82,20.12,20.36,20.59,20.94,21.37,21.92,22.62,0.49,0.38,0.01,Zona de Consolidação,0,0
2005-07-15,19.34,19.82,20.12,20.36,20.59,20.94,21.37,21.92,22.62,0.58,0.50,0.04,Zona de Consolidação,1,0
2005-07-18,19.34,19.82,20.12,20.36,20.59,20.94,21.37,21.92,22.62,0.55,0.50,0.07,Zona de Consolidação,1,0
2005-07-19,19.34,19.82,20.12,20.36,20.59,20.94,21.37,21.92,22.62,0.69,0.62,0.10,Resistência,1,1
2005-07-20,19.34,19.82,20.12,20.36,20.59,20.94,21.37,21.92,22.62,0.70,0.62,0.09,Resistência,1,1
2005-07-21,19.34,19.82,20.12,20.36,20.59,20.94,21.37,21.92,22.62,0.79,0.79,0.21,Resistência Forte,0,1
2005-07-22,19.34,19.82,20.12,20.36,20.59,20.94,21.37,21.92,22.62,0.84,0.79,0.16,Resistência Forte,0,1
2005-07-25,19.34,19.83,20.13,20.38,20.62,20.97,21.41,21.97,22.69,0.79,0.79,0.21,Resistência Forte,0,1
2005-07-26,19.34,19.83,20.13,20.38,20.62,20.97,21.41,21.97,22.69,0.80,0.79,0.20,Resistência Forte,0,1
2005-07-27,19.34,19.83,20.13,20.38,20.62,20.97,21.41,21.97,22.69,0.85,0.79,0.15,Resistência Forte,0,1
2005-07-28,19.34,19.87,20.20,20.46,20.73,21.11,21.59,22.20,22.98,0.96,0.79,0.04,Resistência Forte,0,1
2005-07-29,19.34,19.87,20.20,20.46,20.73,21.11,21.59,22.20,22.98,0.86,0.79,0.14,Resistência Forte,0,1
2005-08-01,19.34,19.87,20.20,20.46,20.73,21.11,21.59,22.20,22.98,0.85,0.79,0.15,Resistência Forte,0,1
2005-08-02,19.34,19.87,20.20,20.46,20.73,21.11,21.59,22.20,22.98,0.85,0.79,0.15,Resistência Forte,0,1
2005-08-03,19.34,19.87,20.20,20.46,20.73,21.11,21.59,22.20,22.98,0.85,0.79,0.15,Resistência Forte,0,1
2005-08-04,19.34,19.87,20.20,20.46,20.73,21.11,21.59,22.20,22.98,0.77,0.62,0.02,Resistência,0,1
2005-08-05,19.34,19.87,20.20,20.46,20.73,21.11,21.59,22.20,22.98,0.77,0.62,0.02,Resistência,0,1
2005-08-08,19.34,19.87,20.20,20.46,20.73,21.11,21.59,22.20,22.98,0.77,0.62,0.02,Resistência,0,1
2005-08-09,19.34,19.87,20.20,20.46,20.73,21.11,21.59,22.20,22.98,0.79,0.79,0.21,Resistência Forte,0,1
2005-08-10,19.34,19.87,20.20,20.46,20.73,21.11,21.59,22.20,22.98,0.85,0.79,0.15,Resistência Forte,0,1
2005-08-11,19.34,19.87,20.20,20.46,20.73,21.11,21.59,22.20,22.98,0.88,0.79,0.12,Resistência Forte,0,1
2005-08-12,19.34,19.87,20.20,20.46,20.73,21.11,21.59,22.20,22.98,0.88,0.79,0.12,Resistência Forte,0,1
2005-08-15,19.34,19.87,20.20,20.46,20.73,21.11,21.59,22.20,22.98,0.89,0.79,0.11,Resistência Forte,0,0
2005-08-16,19.34,19.87,20.20,20.46,20.73,21.11,21.59,22.20,22.98,0.80,0.79,0.20,Resistência Forte,0,1
2005-08-17,19.34,19.87,20.20,20.46,20.73,21.11,21.59,22.20,22.98,0.79,0.79,0.21,Resistência Forte,0,1
2005-08-18,19.34,19.87,20.20,20.46,20.73,21.11,21.59,22.20,22.98,0.79,0.79,0.21,Resistência Forte,0,1
2005-08-19,19.34,19.87,20.20,20.46,20.73,21.11,21.59,22.20,22.98,0.77,0.62,0.02,Resistência,0,1
2005-08-22,19.34,19.87,20.20,20.46,20.73,21.11,21.59,22.20,22.98,0.78,0.62,0.01,Resistência,0,1
2005-08-23,19.34,19.87,20.20,20.46,20.73,21.11,21.59,22.20,22.98,0.77,0.62,0.02,Resistência,0,1
2005-08-24,19.34,19.87,20.20,20.46,20.73,21.11,21.59,22.20,22.98,0.72,0.62,0.07,Resistência,0,1
2005-08-25,19.34,19.87,20.20,20.46,20.73,21.11,21.59,22.20,22.98,0.71,0.62,0.08,Resistência,0,1
2005-08-26,19.34,19.87,20.20,20.46,20.73,21.11,21.59,22.20,22.98,0.64,0.62,0.15,Resistência,1,0
2005-08-29,19.34,19.87,20.20,20.46,20.73,21.11,21.59,22.20,22.98,0.68,0.62,0.11,Resistência,1,0
2005-08-30,19.34,19.87,20.20,20.46,20.73,21.11,21.59,22.20,22.98,0.60,0.50,0.02,Zona de Consolidação,1,0
2005-08-31,19.34,19.87,20.20,20.46,20.73,21.11,21.59,22.20,22.98,0.51,0.50,0.11,Zona de Consolidação,0,0
2005-09-01,19.34,19.87,20.20,20.46,20.73,21.11,21.59,22.20,22.98,0.40,0.38,0.10,Zona de Consolidação,1,0
2005-09-02,19.34,19.87,20.20,20.46,20.73,21.11,21.59,22.20,22.98,0.44,0.38,0.06,Zona de Consolidação,1,0
2005-09-06,19.34,19.87,20.20,20.46,20.73,21.11,21.59,22.20,22.98,0.52,0.50,0.10,Zona de Consolidação,0,0
2005-09-07,19.74,20.18,20.45,20.66,20.88,21.19,21.59,22.09,22.73,0.35,0.24,0.03,Suporte,1,0
2005-09-08,19.74,20.18,20.45,20.66,20.88,21.19,21.59,22.09,22.73,0.34,0.24,0.04,Suporte,1,0
2005-09-09,19.74,20.18,20.45,20.66,20.88,21.19,21.59,22.09,22.73,0.42,0.38,0.08,Zona de Consolidação,1,0
2005-09-12,19.74,20.18,20.45,20.66,20.88,21.19,21.59,22.09,22.73,0.29,0.24,0.09,Suporte,1,0
2005-09-13,19.74,20.18,20.45,20.66,20.88,21.19,21.59,22.09,22.73,0.15,0.00,0.09,Suporte Forte,0,0
2005-09-14,19.74,20.18,20.45,20.66,20.88,21.19,21.59,22.09,22.73,0.18,0.00,0.06,Suporte Forte,0,0
2005-09-15,19.74,20.18,20.45,20.66,20.88,21.19,21.59,22.09,22.73,0.17,0.00,0.07,Suporte Forte,0,0
2005-09-16,19.84,20.25,20.51,20.72,20.92,21.22,21.59,22.07,22.67,0.12,0.00,0.12,Suporte Forte,0,0
2005-09-19,19.93,20.32,20.56,20.76,20.96,21.23,21.59,22.04,22.62,0.07,0.00,0.17,Suporte Forte,0,0
2005-09-20,19.93,20.32,20.56,20.76,20.96,21.23,21.59,22.04,22.62,0.26,0.24,0.12,Suporte,1,0
2005-09-21,19.93,20.32,20.56,20.76,20.96,21.23,21.59,22.04,22.62,0.28,0.24,0.10,Suporte,1,0
2005-09-22,19.93,20.32,20.56,20.76,20.96,21.23,21.59,22.04,22.62,0.25,0.24,0.13,Suporte,0,0
2005-09-23,19.93,20.32,20.56,20.76,20.96,21.23,21.59,22.04,22.62,0.17,0.00,0.07,Suporte Forte,0,0
2005-09-26,19.93,20.32,20.56,20.76,20.96,21.23,21.59,22.04,22.62,0.14,0.00,0.10,Suporte Forte,0,0
2005-09-27,19.93,20.32,20.56,20.76,20.96,21.23,21.59,22.04,22.62,0.22,0.00,0.02,Suporte Forte,0,0
2005-09-28,19.93,20.32,20.56,20.76,20.96,21.23,21.59,22.04,22.62,0.48,0.38,0.02,Zona de Consolidação,1,0
2005-09-29,19.93,20.32,20.56,20.76,20.96,21.23,21.59,22.04,22.62,0.43,0.38,0.07,Zona de Consolidação,1,0
2005-09-30,19.93,20.32,20.56,20.76,20.96,21.23,21.59,22.04,22.62,0.46,0.38,0.04,Zona de Consolidação,1,0
2005-10-03,19.93,20.32,20.56,20.76,20.96,21.23,21.59,22.04,22.62,0.45,0.38,0.05,Zona de Consolidação,1,0
2005-10-04,19.93,20.32,20.56,20.76,20.96,21.23,21.59,22.04,22.62,0.48,0.38,0.02,Zona de Consolidação,1,0
2005-10-05,19.93,20.32,20.56,20.76,20.96,21.23,21.59,22.04,22.62,0.46,0.38,0.04,Zona de Consolidação,1,0
2005-10-06,19.93,20.32,20.56,20.76,20.96,21.23,21.59,22.04,22.62,0.49,0.38,0.01,Zona de Consolidação,1,0
2005-10-07,19.93,20.31,20.54,20.73,20.92,21.19,21.53,21.97,22.52,0.51,0.50,0.11,Zona de Consolidação,1,0
2005-10-10,19.93,20.31,20.54,20.73,20.92,21.19,21.53,21.97,22.52,0.47,0.38,0.03,Zona de Consolidação,1,0
2005-10-11,19.93,20.31,20.54,20.73,20.92,21.19,21.53,21.97,22.52,0.37,0.24,0.01,Suporte,1,0
2005-10-12,19.93,20.31,20.54,20.73,20.92,21.19,21.53,21.97,22.52,0.30,0.24,0.08,Suporte,1,0
2005-10-13,19.93,20.31,20.54,20.73,20.92,21.19,21.53,21.97,22.52,0.39,0.38,0.11,Zona de Consolidação,1,0
2005-10-14,19.93,20.31,20.54,20.73,20.92,21.19,21.53,21.97,22.52,0.49,0.38,0.01,Zona de Consolidação,1,0
2005-10-17,19.93,20.31,20.54,20.73,20.92,21.19,21.53,21.97,22.52,0.28,0.24,0.10,Suporte,1,0
2005-10-18,19.93,20.31,20.54,20.73,20.92,21.19,21.53,21.97,22.52,0.36,0.24,0.02,Suporte,1,0
2005-10-19,19.93,20.31,20.54,20.73,20.92,21.19,21.53,21.97,22.52,0.52,0.50,0.10,Zona de Consolidação,1,0
2005-10-20,19.93,20.28,20.50,20.68,20.86,21.11,21.43,21.84,22.36,0.45,0.38,0.05,Zona de Consolidação,1,0
2005-10-21,19.93,20.28,20.50,20.68,20.86,21.11,21.43,21.84,22.36,0.39,0.38,0.11,Zona de Consolidação,1,0
2005-10-24,19.93,20.28,20.49,20.66,20.84,21.09,21.40,21.80,22.31,0.69,0.62,0.10,Resistência,1,1
2005-10-25,19.93,20.27,20.48,20.64,20.81,21.05,21.36,21.75,22.24,0.70,0.62,0.09,Resistência,1,1
2005-10-26,19.93,20.47,20.80,21.07,21.34,21.72,22.21,22.83,23.62,0.96,0.79,0.04,Resistência Forte,0,1
2005-10-27,19.93,20.58,20.98,21.31,21.64,22.10,22.69,23.44,24.40,0.90,0.79,0.10,Resistência Forte,0,0
2005-10-28,19.93,20.58,20.98,21.31,21.64,22.10,22.69,23.44,24.40,0.94,0.79,0.06,Resistência Forte,0,1
2005-10-31,19.93,20.58,20.98,21.31,21.64,22.10,22.69,23.44,24.40,0.91,0.79,0.09,Resistência Forte,0,0
2005-11-01,19.93,20.58,20.98,21.31,21.64,22.10,22.69,23.44,24.40,0.84,0.79,0.16,Resistência Forte,0,1
2005-11-02,19.93,20.58,20.98,21.31,21.64,22.10,22.69,23.44,24.40,0.89,0.79,0.11,Resistência Forte,0,0
2005-11-03,19.93,20.58,20.98,21.31,21.64,22.10,22.69,23.44,24.40,0.88,0.79,0.12,Resistência Forte,0,0
2005-11-04,19.93,20.58,20.98,21.31,21.64,22.10,22.69,23.44,24.40,0.89,0.79,0.11,Resistência Forte,0,0
2005-11-07,19.93,20.58,20.98,21.31,21.64,22.10,22.69,23.44,24.40,0.90,0.79,0.10,Resistência Forte,0,0
2005-11-08,19.93,20.58,20.98,21.31,21.64,22.10,22.69,23.44,24.40,0.86,0.79,0.14,Resistência Forte,0,1
2005-11-09,19.93,20.58,20.98,21.31,21.64,22.10,22.69,23.44,24.40,0.88,0.79,0.12,Resistência Forte,0,0
2005-11-10,19.93,20.66,21.11,21.48,21.84,22.36,23.02,23.86,24.93,1.00,1.00,0.27,Resistência Forte,0,1
2005-11-11,19.93,20.66,21.11,21.48,21.84,22.36,23.02,23.86,24.93,0.93,0.79,0.07,Resistência Forte,0,1
2005-11-14,19.93,20.66,21.11,21.48,21.84,22.36,23.02,23.86,24.93,0.94,0.79,0.06,Resistência Forte,0,1
2005-11-15,19.93,20.66,21.11,21.48,21.84,22.36,23.02,23.86,24.93,0.91,0.79,0.09,Resistência Forte,0,0
2005-11-16,19.93,20.66,21.11,21.48,21.84,22.36,23.02,23.86,24.93,0.95,0.79,0.05,Resistência Forte,0,1
2005-11-17,19.93,20.67,21.13,21.49,21.86,22.39,23.06,23.91,24.99,1.00,1.00,0.27,Resistência Forte,0,1
2005-11-18,19.93,20.69,21.15,21.53,21.91,22.45,23.13,24.00,25.11,0.94,0.79,0.06,Resistência Forte,0,1
2005-11-21,19.93,20.69,21.15,21.53,21.91,22.45,23.13,24.00,25.11,0.90,0.79,0.10,Resistência Forte,0,0
2005-11-22,19.95,20.70,21.16,21.54,21.92,22.45,23.13,23.99,25.10,0.82,0.79,0.18,Resistência Forte,0,1
2005-11-23,19.95,20.70,21.16,21.54,21.92,22.45,23.13,23.99,25.10,0.79,0.79,0.21,Resistência Forte,0,1
2005-11-25,19.95,20.70,21.16,21.54,21.92,22.45,23.13,23.99,25.10,0.84,0.79,0.16,Resistência Forte,0,1
2005-11-28,19.95,20.70,21.16,21.54,21.92,22.45,23.13,23.99,25.10,0.73,0.62,0.06,Resistência,0,1
2005-11-29,20.06,20.78,21.23,21.60,21.96,22.47,23.13,23.97,25.03,0.77,0.62,0.02,Resistência,0,1
2005-11-30,20.07,20.79,21.24,21.60,21.96,22.48,23.13,23.96,25.02,0.82,0.79,0.18,Resistência Forte,0,1
2005-12-01,20.07,20.79,21.24,21.60,21.96,22.48,23.13,23.96,25.02,0.91,0.79,0.09,Resistência Forte,0,0
2005-12-02,20.07,20.79,21.24,21.60,21.96,22.48,23.13,23.96,25.02,0.87,0.79,0.13,Resistência Forte,0,0
2005-12-05,20.12,20.83,21.27,21.62,21.98,22.49,23.13,23.95,24.99,0.80,0.79,0.20,Resistência Forte,0,1
2005-12-06,20.12,20.83,21.27,21.62,21.98,22.49,23.13,23.95,24.99,0.82,0.79,0.18,Resistência Forte,0,1
2005-12-07,20.28,20.95,21.37,21.70,22.04,22.52,23.13,23.91,24.89,0.81,0.79,0.19,Resistência Forte,0,1
2005-12-08,20.28,20.95,21.37,21.70,22.04,22.52,23.13,23.91,24.89,0.75,0.62,0.04,Resistência,0,1
2005-12-09,20.28,20.95,21.37,21.70,22.04,22.52,23.13,23.91,24.89,0.79,0.79,0.21,Resistência Forte,0,1
2005-12-12,20.28,20.95,21.37,21.70,22.04,22.52,23.13,23.91,24.89,0.72,0.62,0.07,Resistência,0,1
2005-12-13,20.28,20.95,21.37,21.70,22.04,22.52,23.13,23.91,24.89,0.76,0.62,0.03,Resistência,0,1
2005-12-14,20.28,20.95,21.37,21.70,22.04,22.52,23.13,23.91,24.89,0.83,0.79,0.17,Resistência Forte,0,1
2005-12-15,20.28,20.95,21.37,21.70,22.04,22.52,23.13,23.91,24.89,0.80,0.79,0.20,Resistência Forte,0,1
2005-12-16,20.28,20.95,21.37,21.70,22.04,22.52,23.13,23.91,24.89,0.78,0.62,0.01,Resistência,0,1
2005-12-19,20.28,20.95,21.37,21.70,22.04,22.52,23.13,23.91,24.89,0.74,0.62,0.05,Resistência,0,1
2005-12-20,20.28,20.95,21.37,21.70,22.04,22.52,23.13,23.91,24.89,0.75,0.62,0.04,Resistência,0,1
2005-12-21,20.28,20.95,21.37,21.70,22.04,22.52,23.13,23.91,24.89,0.74,0.62,0.05,Resistência,0,1
2005-12-22,20.28,20.95,21.37,21.70,22.04,22.52,23.13,23.91,24.89,0.77,0.62,0.02,Resistência,0,1
2005-12-23,20.32,20.98,21.39,21.72,22.06,22.53,23.13,23.89,24.87,0.75,0.62,0.04,Resistência,0,1
2005-12-27,20.32,20.98,21.39,21.72,22.06,22.53,23.13,23.89,24.87,0.78,0.62,0.01,Resistência,0,1
2005-12-28,20.32,20.98,21.39,21.72,22.06,22.53,23.13,23.89,24.87,0.78,0.62,0.01,Resistência,0,1
2005-12-29,20.38,21.03,21.43,21.76,22.08,22.54,23.13,23.88,24.83,0.73,0.62,0.06,Resistência,0,1
2005-12-30,20.38,21.03,21.43,21.76,22.08,22.54,23.13,23.88,24.83,0.64,0.62,0.15,Resistência,1,0
2006-01-03,20.38,21.03,21.43,21.76,22.08,22.54,23.13,23.88,24.83,0.72,0.62,0.07,Resistência,0,1
2006-01-04,20.72,21.29,21.64,21.92,22.21,22.61,23.13,23.79,24.62,0.71,0.62,0.08,Resistência,1,1
2006-01-05,20.72,21.29,21.64,21.92,22.21,22.61,23.13,23.79,24.62,0.63,0.62,0.16,Resistência,1,0
2006-01-06,21.25,21.69,21.97,22.19,22.41,22.73,23.13,23.64,24.29,0.63,0.62,0.16,Resistência,1,0
2006-01-09,21.66,22.01,22.22,22.40,22.57,22.82,23.13,23.53,24.04,0.49,0.38,0.01,Zona de Consolidação,1,0
2006-01-10,22.11,22.35,22.50,22.62,22.74,22.91,23.13,23.41,23.76,0.08,0.00,0.16,Suporte Forte,0,0
2006-01-11,22.11,22.35,22.50,22.62,22.74,22.91,23.13,23.41,23.76,0.15,0.00,0.09,Suporte Forte,0,0
2006-01-12,21.90,22.19,22.37,22.52,22.66,22.87,23.13,23.46,23.89,0.02,0.00,0.22,Suporte Forte,0,0
2006-01-13,21.90,22.19,22.37,22.52,22.66,22.87,23.13,23.46,23.89,0.15,0.00,0.09,Suporte Forte,0,0
2006-01-17,21.86,22.16,22.35,22.49,22.64,22.86,23.13,23.48,23.91,0.02,0.00,0.22,Suporte Forte,0,0
2006-01-18,21.60,21.96,22.18,22.36,22.55,22.80,23.13,23.55,24.08,0.22,0.00,0.02,Suporte Forte,0,0
2006-01-19,21.60,21.96,22.18,22.36,22.55,22.80,23.13,23.55,24.08,0.35,0.24,0.03,Suporte,1,0
2006-01-20,21.60,21.96,22.18,22.36,22.55,22.80,23.13,23.55,24.08,0.18,0.00,0.06,Suporte Forte,0,0
2006-01-23,21.60,21.96,22.18,22.36,22.55,22.80,23.13,23.55,24.08,0.20,0.00,0.04,Suporte Forte,0,0
2006-01-24,21.60,21.96,22.18,22.36,22.55,22.80,23.13,23.55,24.08,0.41,0.38,0.09,Zona de Consolidação,1,0
2006-01-25,21.60,21.96,22.18,22.36,22.55,22.80,23.13,23.55,24.08,0.18,0.00,0.06,Suporte Forte,0,0
2006-01-26,21.60,21.96,22.18,22.36,22.55,22.80,23.13,23.55,24.08,0.05,0.00,0.19,Suporte Forte,0,0
2006-01-27,21.41,21.82,22.07,22.27,22.47,22.76,23.13,23.60,24.19,0.12,0.00,0.12,Suporte Forte,0,0
2006-01-30,21.41,21.82,22.07,22.27,22.47,22.76,23.13,23.60,24.19,0.15,0.00,0.09,Suporte Forte,0,0
2006-01-31,21.21,21.66,21.94,22.17,22.40,22.72,23.13,23.65,24.32,0.00,0.00,0.24,Suporte Forte,0,0
2006-02-01,21.12,21.59,21.89,22.12,22.36,22.70,23.13,23.68,24.37,0.10,0.00,0.14,Suporte Forte,0,0
2006-02-02,21.12,21.56,21.83,22.05,22.27,22.58,22.98,23.49,24.13,0.10,0.00,0.14,Suporte Forte,0,0
2006-02-03,21.11,21.55,21.82,22.04,22.27,22.58,22.98,23.49,24.14,0.06,0.00,0.18,Suporte Forte,0,0
2006-02-06,20.87,21.37,21.68,21.92,22.17,22.53,22.98,23.55,24.28,0.18,0.00,0.06,Suporte Forte,0,0
2006-02-07,20.87,21.37,21.68,21.92,22.17,22.53,22.98,23.55,24.28,0.25,0.24,0.13,Suporte,0,0
2006-02-08,20.87,21.37,21.68,21.92,22.17,22.53,22.98,23.55,24.28,0.43,0.38,0.07,Zona de Consolidação,1,0
2006-02-09,20.87,21.37,21.68,21.92,22.17,22.53,22.98,23.55,24.28,0.55,0.50,0.07,Zona de Consolidação,1,0
2006-02-10,20.87,21.37,21.68,21.92,22.17,22.53,22.98,23.55,24.28,0.56,0.50,0.06,Zona de Consolidação,1,0
2006-02-13,20.87,21.37,21.68,21.92,22.17,22.53,22.98,23.55,24.28,0.49,0.38,0.01,Zona de Consolidação,0,0
2006-02-14,20.87,21.37,21.68,21.92,22.17,22.53,22.98,23.55,24.28,0.54,0.50,0.08,Zona de Consolidação,1,0
2006-02-15,20.87,21.33,21.62,21.85,22.08,22.41,22.83,23.36,24.04,0.44,0.38,0.06,Zona de Consolidação,1,0
2006-02-16,20.87,21.33,21.61,21.84,22.08,22.40,22.82,23.35,24.03,0.42,0.38,0.08,Zona de Consolidação,1,0
2006-02-17,20.87,21.32,21.60,21.83,22.06,22.38,22.79,23.31,23.98,0.40,0.38,0.10,Zona de Consolidação,1,0
2006-02-21,20.87,21.31,21.58,21.80,22.03,22.34,22.74,23.25,23.90,0.32,0.24,0.06,Suporte,1,0
2006-02-22,20.87,21.31,21.58,21.80,22.03,22.34,22.74,23.25,23.90,0.36,0.24,0.02,Suporte,1,0
2006-02-23,20.87,21.31,21.58,21.80,22.03,22.34,22.74,23.25,23.90,0.41,0.38,0.09,Zona de Consolidação,1,0
2006-02-24,20.87,21.31,21.58,21.80,22.03,22.34,22.74,23.25,23.90,0.42,0.38,0.08,Zona de Consolidação,1,0
2006-02-27,20.87,21.31,21.58,21.80,22.03,22.34,22.74,23.25,23.90,0.78,0.62,0.01,Resistência,0,1
2006-02-28,20.87,21.31,21.58,21.80,22.02,22.33,22.73,23.24,23.88,0.76,0.62,0.03,Resistência,0,1
2006-03-01,20.87,21.31,21.58,21.80,22.02,22.33,22.73,23.24,23.88,0.77,0.62,0.02,Resistência,0,1
2006-03-02,20.87,21.31,21.58,21.80,22.02,22.33,22.73,23.24,23.88,0.73,0.62,0.06,Resistência,1,1
2006-03-03,20.87,21.31,21.58,21.80,22.02,22.33,22.73,23.24,23.88,0.78,0.62,0.01,Resistência,0,1
2006-03-06,20.87,21.31,21.58,21.80,22.02,22.33,22.73,23.24,23.88,0.72,0.62,0.07,Resistência,1,1
2006-03-07,20.87,21.31,21.58,21.80,22.02,22.33,22.73,23.24,23.88,0.66,0.62,0.13,Resistência,1,0
2006-03-08,20.87,21.31,21.58,21.80,22.02,22.33,22.73,23.24,23.88,0.85,0.79,0.15,Resistência Forte,0,1
2006-03-09,20.87,21.35,21.65,21.88,22.12,22.47,22.90,23.45,24.15,0.95,0.79,0.05,Resistência Forte,0,1
2006-03-10,20.87,21.42,21.76,22.03,22.30,22.69,23.19,23.82,24.62,0.97,0.79,0.03,Resistência Forte,0,1
2006-03-13,20.87,21.42,21.76,22.03,22.30,22.69,23.19,23.82,24.62,0.94,0.79,0.06,Resistência Forte,0,1
2006-03-14,20.87,21.43,21.77,22.05,22.33,22.72,23.23,23.87,24.69,0.91,0.79,0.09,Resistência Forte,0,1
2006-03-15,20.87,21.43,21.77,22.05,22.33,22.72,23.23,23.87,24.69,0.80,0.79,0.20,Resistência Forte,0,1
2006-03-16,20.87,21.43,21.77,22.05,22.33,22.72,23.23,23.87,24.69,0.80,0.79,0.20,Resistência Forte,0,1
2006-03-17,20.87,21.43,21.77,22.05,22.33,22.72,23.23,23.87,24.69,0.84,0.79,0.16,Resistência Forte,0,1
2006-03-20,20.87,21.43,21.77,22.05,22.33,22.72,23.23,23.87,24.69,0.78,0.62,0.01,Resistência,0,1
2006-03-21,20.87,21.43,21.77,22.05,22.33,22.72,23.23,23.87,24.69,0.76,0.62,0.03,Resistência,0,1
2006-03-22,20.87,21.43,21.77,22.05,22.33,22.72,23.23,23.87,24.69,0.74,0.62,0.05,Resistência,0,1
2006-03-23,20.87,21.43,21.77,22.05,22.33,22.72,23.23,23.87,24.69,0.78,0.62,0.01,Resistência,0,1
2006-03-24,20.87,21.43,21.77,22.05,22.33,22.72,23.23,23.87,24.69,0.75,0.62,0.04,Resistência,0,1
2006-03-27,20.87,21.43,21.77,22.05,22.33,22.72,23.23,23.87,24.69,0.75,0.62,0.04,Resistência,0,1
2006-03-28,20.87,21.43,21.77,22.05,22.33,22.72,23.23,23.87,24.69,0.61,0.50,0.01,Zona de Consolidação,1,0
2006-03-29,20.87,21.43,21.77,22.05,22.33,22.72,23.23,23.87,24.69,0.67,0.62,0.12,Resistência,1,0
2006-03-30,20.87,21.43,21.77,22.05,22.33,22.72,23.23,23.87,24.69,0.64,0.62,0.15,Resistência,1,0
2006-03-31,20.87,21.43,21.77,22.05,22.33,22.72,23.23,23.87,24.69,0.53,0.50,0.09,Zona de Consolidação,1,0
2006-04-03,20.87,21.43,21.77,22.05,22.33,22.72,23.23,23.87,24.69,0.63,0.62,0.16,Resistência,1,0
2006-04-04,20.87,21.43,21.77,22.05,22.33,22.72,23.23,23.87,24.69,0.66,0.62,0.13,Resistência,1,0
2006-04-05,20.87,21.43,21.77,22.05,22.33,22.72,23.23,23.87,24.69,0.66,0.62,0.13,Resistência,1,0
2006-04-06,20.87,21.43,21.77,22.05,22.33,22.72,23.23,23.87,24.69,0.76,0.62,0.03,Resistência,0,1
2006-04-07,20.87,21.43,21.77,22.05,22.33,22.72,23.23,23.87,24.69,0.69,0.62,0.10,Resistência,1,1
2006-04-10,20.87,21.43,21.77,22.05,22.33,22.72,23.23,23.87,24.69,0.63,0.62,0.16,Resistência,1,0
2006-04-11,20.87,21.43,21.77,22.05,22.33,22.72,23.23,23.87,24.69,0.59,0.50,0.03,Zona de Consolidação,1,0
2006-04-12,20.87,21.43,21.77,22.05,22.33,22.72,23.23,23.87,24.69,0.60,0.50,0.02,Zona de Consolidação,1,0
2006-04-13,20.87,21.43,21.77,22.05,22.33,22.72,23.23,23.87,24.69,0.62,0.62,0.17,Resistência,1,0
2006-04-17,20.87,21.43,21.77,22.05,22.33,22.72,23.23,23.87,24.69,0.53,0.50,0.09,Zona de Consolidação,1,0
2006-04-18,20.87,21.43,21.77,22.05,22.33,22.72,23.23,23.87,24.69,0.73,0.62,0.06,Resistência,0,1
2006-04-19,21.31,21.76,22.04,22.27,22.50,22.82,23.23,23.75,24.42,0.56,0.50,0.06,Zona de Consolidação,1,0
2006-04-20,21.43,21.85,22.12,22.33,22.54,22.84,23.23,23.72,24.34,0.60,0.50,0.02,Zona de Consolidação,1,0
2006-04-21,21.43,21.85,22.12,22.33,22.54,22.84,23.23,23.72,24.34,0.40,0.38,0.10,Zona de Consolidação,1,0
2006-04-24,21.43,21.85,22.12,22.33,22.54,22.84,23.23,23.72,24.34,0.28,0.24,0.10,Suporte,1,0
2006-04-25,21.43,21.85,22.12,22.33,22.54,22.84,23.23,23.72,24.34,0.25,0.24,0.13,Suporte,0,0
2006-04-26,21.43,21.85,22.12,22.33,22.54,22.84,23.23,23.72,24.34,0.32,0.24,0.06,Suporte,1,0
2006-04-27,21.43,21.85,22.12,22.33,22.54,22.84,23.23,23.72,24.34,0.51,0.50,0.11,Zona de Consolidação,1,0
2006-04-28,21.08,21.59,21.90,22.16,22.41,22.77,23.23,23.81,24.56,0.13,0.00,0.11,Suporte Forte,0,0
2006-05-01,21.08,21.59,21.90,22.16,22.41,22.77,23.23,23.81,24.56,0.20,0.00,0.04,Suporte Forte,0,0
2006-05-02,21.08,21.59,21.90,22.16,22.41,22.77,23.23,23.81,24.56,0.22,0.00,0.02,Suporte Forte,0,0
2006-05-03,21.08,21.59,21.90,22.16,22.41,22.77,23.23,23.81,24.56,0.12,0.00,0.12,Suporte Forte,0,0
2006-05-04,21.08,21.59,21.90,22.16,22.41,22.77,23.23,23.81,24.56,0.13,0.00,0.11,Suporte Forte,0,0
2006-05-05,21.08,21.59,21.90,22.16,22.41,22.77,23.23,23.81,24.56,0.22,0.00,0.02,Suporte Forte,0,0
2006-05-08,21.08,21.59,21.90,22.16,22.41,22.77,23.23,23.81,24.56,0.08,0.00,0.16,Suporte Forte,0,0
2006-05-09,21.08,21.59,21.90,22.16,22.41,22.77,23.23,23.81,24.56,0.06,0.00,0.18,Suporte Forte,0,0
2006-05-10,21.08,21.59,21.90,22.16,22.41,22.77,23.23,23.81,24.56,0.15,0.00,0.09,Suporte Forte,0,0
2006-05-11,21.08,21.59,21.90,22.16,22.41,22.77,23.23,23.81,24.56,0.09,0.00,0.15,Suporte Forte,0,0
2006-05-12,21.08,21.59,21.90,22.16,22.41,22.77,23.23,23.81,24.56,0.11,0.00,0.13,Suporte Forte,0,0
2006-05-15,21.08,21.59,21.90,22.16,22.41,22.77,23.23,23.81,24.56,0.14,0.00,0.10,Suporte Forte,0,0
2006-05-16,21.08,21.59,21.90,22.16,22.41,22.77,23.23,23.81,24.56,0.09,0.00,0.15,Suporte Forte,0,0
2006-05-17,21.08,21.59,21.90,22.16,22.41,22.77,23.23,23.81,24.56,0.13,0.00,0.11,Suporte Forte,0,0
2006-05-18,20.99,21.52,21.85,22.11,22.37,22.75,23.23,23.84,24.61,0.25,0.24,0.13,Suporte,0,0
2006-05-19,20.99,21.52,21.85,22.11,22.37,22.75,23.23,23.84,24.61,0.45,0.38,0.05,Zona de Consolidação,1,0
2006-05-22,20.99,21.52,21.85,22.11,22.37,22.75,23.23,23.84,24.61,0.39,0.38,0.11,Zona de Consolidação,1,0
2006-05-23,20.99,21.52,21.85,22.11,22.37,22.75,23.23,23.84,24.61,0.42,0.38,0.08,Zona de Consolidação,1,0
2006-05-24,20.99,21.47,21.77,22.00,22.24,22.59,23.02,23.57,24.27,0.65,0.62,0.14,Resistência,1,0
2006-05-25,20.99,21.46,21.75,21.98,22.21,22.55,22.97,23.51,24.19,0.62,0.62,0.17,Resistência,1,0
2006-05-26,20.99,21.46,21.75,21.98,22.21,22.55,22.97,23.51,24.19,0.65,0.62,0.14,Resistência,1,0
2006-05-30,20.99,21.44,21.72,21.94,22.16,22.48,22.89,23.41,24.06,0.52,0.50,0.10,Zona de Consolidação,1,0
2006-05-31,20.99,21.44,21.72,21.94,22.16,22.48,22.89,23.41,24.06,0.55,0.50,0.07,Zona de Consolidação,1,0
2006-06-01,20.99,21.41,21.67,21.88,22.09,22.39,22.77,23.25,23.87,0.75,0.62,0.04,Resistência,0,1
2006-06-02,20.99,21.41,21.67,21.88,22.09,22.39,22.77,23.25,23.87,0.66,0.62,0.13,Resistência,1,1
2006-06-05,20.99,21.41,21.67,21.88,22.09,22.39,22.77,23.25,23.87,0.57,0.50,0.05,Zona de Consolidação,1,0
2006-06-06,20.99,21.41,21.67,21.88,22.09,22.39,22.77,23.25,23.87,0.65,0.62,0.14,Resistência,1,0
2006-06-07,20.99,21.40,21.66,21.86,22.07,22.37,22.74,23.22,23.82,0.66,0.62,0.13,Resistência,1,1
2006-06-08,20.99,21.40,21.66,21.86,22.07,22.37,22.74,23.22,23.82,0.51,0.50,0.11,Zona de Consolidação,1,0
2006-06-09,20.99,21.40,21.66,21.86,22.07,22.37,22.74,23.22,23.82,0.40,0.38,0.10,Zona de Consolidação,1,0
2006-06-12,20.99,21.40,21.66,21.86,22.07,22.37,22.74,23.22,23.82,0.43,0.38,0.07,Zona de Consolidação,1,0
2006-06-13,20.99,21.40,21.66,21.86,22.07,22.37,22.74,23.22,23.82,0.29,0.24,0.09,Suporte,1,0
2006-06-14,20.99,21.40,21.66,21.86,22.07,22.37,22.74,23.22,23.82,0.38,0.24,0.00,Suporte,1,0
2006-06-15,20.99,21.40,21.66,21.86,22.07,22.37,22.74,23.22,23.82,0.50,0.50,0.12,Zona de Consolidação,1,0
2006-06-16,20.99,21.40,21.66,21.86,22.07,22.37,22.74,23.22,23.82,0.49,0.38,0.01,Zona de Consolidação,1,0
2006-06-19,20.99,21.39,21.64,21.84,22.05,22.33,22.70,23.17,23.76,0.40,0.38,0.10,Zona de Consolidação,1,0
2006-06-20,20.99,21.38,21.62,21.82,22.02,22.29,22.65,23.10,23.68,0.40,0.38,0.10,Zona de Consolidação,1,0
2006-06-21,20.99,21.38,21.62,21.82,22.02,22.29,22.65,23.10,23.68,0.47,0.38,0.03,Zona de Consolidação,1,0
2006-06-22,20.99,21.38,21.62,21.82,22.02,22.29,22.65,23.10,23.68,0.39,0.38,0.11,Zona de Consolidação,1,0
2006-06-23,20.99,21.38,21.62,21.82,22.02,22.29,22.65,23.10,23.68,0.34,0.24,0.04,Suporte,1,0
2006-06-26,20.99,21.38,21.62,21.82,22.02,22.29,22.65,23.10,23.68,0.39,0.38,0.11,Zona de Consolidação,1,0
2006-06-27,20.99,21.38,21.62,21.82,22.02,22.29,22.65,23.10,23.68,0.38,0.24,0.00,Suporte,1,0
2006-06-28,20.99,21.38,21.62,21.82,22.02,22.29,22.65,23.10,23.68,0.51,0.50,0.11,Zona de Consolidação,1,0
2006-06-29,20.99,21.38,21.62,21.82,22.02,22.29,22.65,23.10,23.68,0.67,0.62,0.12,Resistência,1,1
2006-06-30,20.99,21.34,21.56,21.74,21.91,22.16,22.48,22.89,23.40,0.72,0.62,0.07,Resistência,1,1
2006-07-03,20.99,21.33,21.53,21.70,21.87,22.11,22.41,22.80,23.29,0.80,0.79,0.20,Resistência Forte,0,1
2006-07-05,20.99,21.33,21.53,21.70,21.87,22.11,22.41,22.80,23.29,0.75,0.62,0.04,Resistência,1,1
2006-07-06,20.99,21.33,21.53,21.70,21.87,22.11,22.41,22.80,23.29,0.77,0.62,0.02,Resistência,0,1
2006-07-07,20.99,21.33,21.53,21.70,21.87,22.11,22.41,22.80,23.29,0.30,0.24,0.08,Suporte,1,0
2006-07-10,20.99,21.33,21.53,21.70,21.87,22.11,22.41,22.80,23.29,0.43,0.38,0.07,Zona de Consolidação,1,0
2006-07-11,20.99,21.33,21.53,21.70,21.87,22.11,22.41,22.80,23.29,0.30,0.24,0.08,Suporte,1,0
2006-07-12,20.99,21.33,21.53,21.70,21.87,22.11,22.41,22.80,23.29,0.18,0.00,0.06,Suporte Forte,0,0
2006-07-13,20.87,21.23,21.46,21.64,21.82,22.08,22.41,22.83,23.36,0.01,0.00,0.23,Suporte Forte,0,0
2006-07-14,20.68,21.09,21.34,21.54,21.75,22.04,22.41,22.88,23.48,0.15,0.00,0.09,Suporte Forte,0,0
2006-07-17,20.68,21.09,21.34,21.54,21.75,22.04,22.41,22.88,23.48,0.24,0.24,0.14,Suporte,0,0
2006-07-18,20.68,21.09,21.34,21.54,21.75,22.04,22.41,22.88,23.48,0.25,0.24,0.13,Suporte,0,0
2006-07-19,20.68,21.09,21.34,21.54,21.75,22.04,22.41,22.88,23.48,0.34,0.24,0.04,Suporte,1,0
2006-07-20,20.68,21.09,21.34,21.54,21.75,22.04,22.41,22.88,23.48,0.20,0.00,0.04,Suporte Forte,0,0
2006-07-21,20.68,21.09,21.34,21.54,21.75,22.04,22.41,22.88,23.48,0.06,0.00,0.18,Suporte Forte,0,0
2006-07-24,20.68,21.09,21.34,21.54,21.75,22.04,22.41,22.88,23.48,0.14,0.00,0.10,Suporte Forte,0,0
2006-07-25,20.68,21.09,21.34,21.54,21.75,22.04,22.41,22.88,23.48,0.21,0.00,0.03,Suporte Forte,0,0
2006-07-26,20.68,21.09,21.34,21.54,21.75,22.04,22.41,22.88,23.48,0.03,0.00,0.21,Suporte Forte,0,0
2006-07-27,20.68,21.09,21.34,21.54,21.75,22.04,22.41,22.88,23.48,0.15,0.00,0.09,Suporte Forte,0,0
2006-07-28,20.68,21.09,21.34,21.54,21.75,22.04,22.41,22.88,23.48,0.39,0.38,0.11,Zona de Consolidação,1,0
2006-07-31,20.68,21.09,21.34,21.54,21.75,22.04,22.41,22.88,23.48,0.35,0.24,0.03,Suporte,1,0
2006-08-01,20.68,21.09,21.34,21.54,21.75,22.04,22.41,22.88,23.48,0.16,0.00,0.08,Suporte Forte,0,0
2006-08-02,20.68,21.09,21.34,21.54,21.75,22.04,22.41,22.88,23.48,0.65,0.62,0.14,Resistência,1,0
2006-08-03,20.68,21.09,21.34,21.54,21.75,22.04,22.41,22.88,23.48,0.88,0.79,0.12,Resistência Forte,0,1
2006-08-04,20.68,21.10,21.36,21.58,21.79,22.09,22.47,22.96,23.58,0.98,0.79,0.02,Resistência Forte,0,1
2006-08-07,20.68,21.10,21.36,21.58,21.79,22.09,22.47,22.96,23.58,0.85,0.79,0.15,Resistência Forte,0,1
2006-08-08,20.68,21.10,21.36,21.58,21.79,22.09,22.47,22.96,23.58,0.82,0.79,0.18,Resistência Forte,0,1
2006-08-09,20.68,21.10,21.36,21.58,21.79,22.09,22.47,22.96,23.58,0.86,0.79,0.14,Resistência Forte,0,1
2006-08-10,20.68,21.10,21.36,21.58,21.79,22.09,22.47,22.96,23.58,0.93,0.79,0.07,Resistência Forte,0,1
2006-08-11,20.68,21.10,21.36,21.58,21.79,22.09,22.47,22.96,23.58,0.98,0.79,0.02,Resistência Forte,0,1
2006-08-14,20.68,21.15,21.44,21.68,21.91,22.24,22.67,23.21,23.90,0.88,0.79,0.12,Resistência Forte,0,1
2006-08-15,20.68,21.17,21.47,21.71,21.95,22.30,22.74,23.30,24.01,0.93,0.79,0.07,Resistência Forte,0,1
2006-08-16,20.68,21.20,21.52,21.78,22.03,22.40,22.87,23.47,24.22,0.99,0.79,0.01,Resistência Forte,0,1
2006-08-17,20.68,21.21,21.54,21.80,22.06,22.44,22.92,23.53,24.30,0.98,0.79,0.02,Resistência Forte,0,1
2006-08-18,20.68,21.24,21.58,21.86,22.14,22.53,23.04,23.68,24.50,0.98,0.79,0.02,Resistência Forte,0,1
2006-08-21,20.68,21.24,21.58,21.86,22.14,22.53,23.04,23.68,24.50,0.87,0.79,0.13,Resistência Forte,0,1
2006-08-22,20.68,21.24,21.58,21.86,22.14,22.53,23.04,23.68,24.50,0.91,0.79,0.09,Resistência Forte,0,1
2006-08-23,20.68,21.24,21.58,21.86,22.14,22.53,23.04,23.68,24.50,0.90,0.79,0.10,Resistência Forte,0,1
2006-08-24,20.68,21.24,21.58,21.86,22.14,22.53,23.04,23.68,24.50,0.89,0.79,0.11,Resistência Forte,0,0
2006-08-25,20.68,21.24,21.58,21.86,22.14,22.53,23.04,23.68,24.50,0.84,0.79,0.16,Resistência Forte,0,1
2006-08-28,20.68,21.25,21.61,21.90,22.18,22.59,23.11,23.77,24.61,0.95,0.79,0.05,Resistência Forte,0,1
2006-08-29,20.68,21.28,21.65,21.94,22.24,22.67,23.21,23.90,24.77,0.98,0.79,0.02,Resistência Forte,0,1
2006-08-30,20.68,21.29,21.67,21.98,22.28,22.72,23.27,23.97,24.87,0.92,0.79,0.08,Resistência Forte,0,1
2006-08-31,20.68,21.29,21.67,21.98,22.29,22.72,23.28,23.99,24.89,0.88,0.79,0.12,Resistência Forte,0,0
2006-09-01,20.68,21.33,21.74,22.06,22.39,22.86,23.45,24.20,25.16,0.96,0.79,0.04,Resistência Forte,0,1
2006-09-05,20.68,21.33,21.74,22.06,22.39,22.86,23.45,24.20,25.16,0.93,0.79,0.07,Resistência Forte,0,1
2006-09-06,20.68,21.33,21.74,22.06,22.39,22.86,23.45,24.20,25.16,0.82,0.79,0.18,Resistência Forte,0,1
2006-09-07,20.68,21.33,21.74,22.06,22.39,22.86,23.45,24.20,25.16,0.80,0.79,0.20,Resistência Forte,0,1
2006-09-08,20.68,21.33,21.74,22.06,22.39,22.86,23.45,24.20,25.16,0.86,0.79,0.14,Resistência Forte,0,1
2006-09-11,20.68,21.33,21.74,22.06,22.39,22.86,23.45,24.20,25.16,0.87,0.79,0.13,Resistência Forte,0,0
2006-09-12,20.68,21.33,21.74,22.06,22.39,22.86,23.45,24.20,25.16,0.88,0.79,0.12,Resistência Forte,0,0
2006-09-13,20.68,21.33,21.74,22.06,22.39,22.86,23.45,24.20,25.16,0.85,0.79,0.15,Resistência Forte,0,1
2006-09-14,20.68,21.33,21.74,22.06,22.39,22.86,23.45,24.20,25.16,0.85,0.79,0.15,Resistência Forte,0,1
2006-09-15,20.68,21.33,21.74,22.06,22.39,22.86,23.45,24.20,25.16,0.89,0.79,0.11,Resistência Forte,0,0
2006-09-18,20.68,21.33,21.74,22.06,22.39,22.86,23.45,24.20,25.16,0.93,0.79,0.07,Resistência Forte,0,1
2006-09-19,20.68,21.33,21.74,22.06,22.39,22.86,23.45,24.20,25.16,0.82,0.79,0.18,Resistência Forte,0,1
2006-09-20,20.68,21.33,21.74,22.06,22.39,22.86,23.45,24.20,25.16,0.91,0.79,0.09,Resistência Forte,0,0
2006-09-21,20.68,21.33,21.74,22.06,22.39,22.86,23.45,24.20,25.16,0.85,0.79,0.15,Resistência Forte,0,1
2006-09-22,20.68,21.33,21.74,22.06,22.39,22.86,23.45,24.20,25.16,0.79,0.79,0.21,Resistência Forte,0,1
2006-09-25,20.71,21.36,21.76,22.08,22.40,22.86,23.45,24.20,25.14,0.94,0.79,0.06,Resistência Forte,0,1
2006-09-26,20.71,21.39,21.81,22.15,22.49,22.97,23.59,24.37,25.37,0.96,0.79,0.04,Resistência Forte,0,1
2006-09-27,20.71,21.39,21.81,22.15,22.49,22.97,23.59,24.37,25.37,0.85,0.79,0.15,Resistência Forte,0,1
2006-09-28,20.71,21.39,21.81,22.15,22.49,22.97,23.59,24.37,25.37,0.87,0.79,0.13,Resistência Forte,0,0
2006-09-29,20.71,21.39,21.81,22.15,22.49,22.97,23.59,24.37,25.37,0.84,0.79,0.16,Resistência Forte,0,1
2006-10-02,20.71,21.39,21.81,22.15,22.49,22.97,23.59,24.37,25.37,0.79,0.79,0.21,Resistência Forte,0,1
2006-10-03,20.71,21.39,21.81,22.15,22.49,22.97,23.59,24.37,25.37,0.90,0.79,0.10,Resistência Forte,0,0
2006-10-04,20.71,21.39,21.81,22.15,22.49,22.97,23.59,24.37,25.37,0.90,0.79,0.10,Resistência Forte,0,0
2006-10-05,20.71,21.39,21.81,22.15,22.49,22.97,23.59,24.37,25.37,0.90,0.79,0.10,Resistência Forte,0,0
2006-10-06,20.76,21.43,21.84,22.18,22.51,22.98,23.59,24.36,25.34,0.86,0.79,0.14,Resistência Forte,0,1
2006-10-09,20.76,21.43,21.84,22.18,22.51,22.98,23.59,24.36,25.34,0.87,0.79,0.13,Resistência Forte,0,0
2006-10-10,20.76,21.43,21.84,22.18,22.51,22.98,23.59,24.36,25.34,0.77,0.62,0.02,Resistência,0,1
2006-10-11,20.76,21.43,21.84,22.18,22.51,22.98,23.59,24.36,25.34,0.73,0.62,0.06,Resistência,0,1
2006-10-12,21.82,22.24,22.50,22.70,22.91,23.21,23.59,24.07,24.68,0.61,0.50,0.01,Zona de Consolidação,1,0
2006-10-13,21.97,22.35,22.59,22.78,22.97,23.24,23.59,24.03,24.59,0.46,0.38,0.04,Zona de Consolidação,1,0
2006-10-16,21.97,22.35,22.59,22.78,22.97,23.24,23.59,24.03,24.59,0.59,0.50,0.03,Zona de Consolidação,1,0
2006-10-17,21.97,22.35,22.59,22.78,22.97,23.24,23.59,24.03,24.59,0.64,0.62,0.15,Resistência,1,0
2006-10-18,22.14,22.48,22.69,22.86,23.04,23.28,23.59,23.98,24.49,0.69,0.62,0.10,Resistência,1,1
2006-10-19,22.14,22.48,22.69,22.86,23.04,23.28,23.59,23.98,24.49,0.69,0.62,0.10,Resistência,1,1
2006-10-20,22.19,22.52,22.72,22.89,23.06,23.29,23.59,23.97,24.46,0.69,0.62,0.10,Resistência,1,1
2006-10-23,22.41,22.69,22.86,23.00,23.14,23.34,23.59,23.91,24.32,0.84,0.79,0.16,Resistência Forte,0,1
2006-10-24,22.46,22.73,22.89,23.02,23.16,23.35,23.59,23.90,24.29,0.79,0.79,0.21,Resistência Forte,1,1
2006-10-25,22.46,22.73,22.89,23.02,23.16,23.35,23.59,23.90,24.29,0.71,0.62,0.08,Resistência,1,1
2006-10-26,22.46,22.73,22.89,23.02,23.16,23.35,23.59,23.90,24.29,0.71,0.62,0.08,Resistência,1,1
2006-10-27,22.46,22.73,22.89,23.02,23.16,23.35,23.59,23.90,24.29,0.73,0.62,0.06,Resistência,1,1
2006-10-30,22.46,22.86,23.11,23.31,23.51,23.80,24.16,24.62,25.21,0.87,0.79,0.13,Resistência Forte,0,1
2006-10-31,22.46,22.92,23.20,23.42,23.65,23.98,24.39,24.91,25.58,0.88,0.79,0.12,Resistência Forte,0,1
2006-11-01,22.46,22.92,23.20,23.42,23.65,23.98,24.39,24.91,25.58,0.70,0.62,0.09,Resistência,1,1
2006-11-02,22.46,22.92,23.20,23.42,23.65,23.98,24.39,24.91,25.58,0.54,0.50,0.08,Zona de Consolidação,1,0
2006-11-03,22.46,22.92,23.20,23.42,23.65,23.98,24.39,24.91,25.58,0.51,0.50,0.11,Zona de Consolidação,1,0
2006-11-06,22.59,23.01,23.28,23.49,23.70,24.00,24.39,24.88,25.50,0.47,0.38,0.03,Zona de Consolidação,1,0
2006-11-07,22.59,23.01,23.28,23.49,23.70,24.00,24.39,24.88,25.50,0.63,0.62,0.16,Resistência,1,0
2006-11-08,22.59,23.01,23.28,23.49,23.70,24.00,24.39,24.88,25.50,0.66,0.62,0.13,Resistência,1,1
2006-11-09,22.59,23.01,23.28,23.49,23.70,24.00,24.39,24.88,25.50,0.63,0.62,0.16,Resistência,1,0
2006-11-10,22.59,23.01,23.28,23.49,23.70,24.00,24.39,24.88,25.50,0.66,0.62,0.13,Resistência,1,1
2006-11-13,22.59,23.01,23.28,23.49,23.70,24.00,24.39,24.88,25.50,0.68,0.62,0.11,Resistência,1,1
2006-11-14,22.59,23.01,23.28,23.49,23.70,24.00,24.39,24.88,25.50,0.75,0.62,0.04,Resistência,0,1
2006-11-15,22.59,23.01,23.28,23.49,23.70,24.00,24.39,24.88,25.50,0.86,0.79,0.14,Resistência Forte,0,1
2006-11-16,22.59,23.01,23.28,23.49,23.70,24.00,24.39,24.88,25.50,0.96,0.79,0.04,Resistência Forte,0,1
2006-11-17,22.59,23.01,23.28,23.49,23.70,24.00,24.39,24.88,25.50,0.92,0.79,0.08,Resistência Forte,0,1
2006-11-20,22.59,23.01,23.28,23.49,23.70,24.00,24.39,24.88,25.50,0.85,0.79,0.15,Resistência Forte,0,1
2006-11-21,22.59,23.01,23.28,23.49,23.70,24.00,24.39,24.88,25.50,0.80,0.79,0.20,Resistência Forte,0,1
2006-11-22,22.59,23.01,23.28,23.49,23.70,24.00,24.39,24.88,25.50,0.89,0.79,0.11,Resistência Forte,0,1
2006-11-24,22.59,23.01,23.28,23.49,23.70,24.00,24.39,24.88,25.50,0.85,0.79,0.15,Resistência Forte,0,1
2006-11-27,22.59,23.01,23.28,23.49,23.70,24.00,24.39,24.88,25.50,0.61,0.50,0.01,Zona de Consolidação,1,0
2006-11-28,22.59,23.01,23.28,23.49,23.70,24.00,24.39,24.88,25.50,0.75,0.62,0.04,Resistência,0,1
2006-11-29,22.59,23.01,23.28,23.49,23.70,24.00,24.39,24.88,25.50,0.65,0.62,0.14,Resistência,1,1
2006-11-30,22.59,23.01,23.28,23.49,23.70,24.00,24.39,24.88,25.50,0.54,0.50,0.08,Zona de Consolidação,1,0
2006-12-01,22.59,23.01,23.28,23.49,23.70,24.00,24.39,24.88,25.50,0.44,0.38,0.06,Zona de Consolidação,1,0
2006-12-04,22.59,23.01,23.28,23.49,23.70,24.00,24.39,24.88,25.50,0.59,0.50,0.03,Zona de Consolidação,1,0
2006-12-05,22.59,23.01,23.28,23.49,23.70,24.00,24.39,24.88,25.50,0.49,0.38,0.01,Zona de Consolidação,1,0
2006-12-06,22.59,23.01,23.28,23.49,23.70,24.00,24.39,24.88,25.50,0.47,0.38,0.03,Zona de Consolidação,1,0
2006-12-07,22.59,23.01,23.28,23.49,23.70,24.00,24.39,24.88,25.50,0.53,0.50,0.09,Zona de Consolidação,1,0
2006-12-08,22.59,23.01,23.28,23.49,23.70,24.00,24.39,24.88,25.50,0.52,0.50,0.10,Zona de Consolidação,1,0
2006-12-11,22.59,23.01,23.28,23.49,23.70,24.00,24.39,24.88,25.50,0.61,0.50,0.01,Zona de Consolidação,1,0
2006-12-12,22.59,23.01,23.28,23.49,23.70,24.00,24.39,24.88,25.50,0.59,0.50,0.03,Zona de Consolidação,1,0
2006-12-13,22.59,23.01,23.28,23.49,23.70,24.00,24.39,24.88,25.50,0.67,0.62,0.12,Resistência,1,1
2006-12-14,22.59,23.01,23.28,23.49,23.70,24.00,24.39,24.88,25.50,0.82,0.79,0.18,Resistência Forte,0,1
2006-12-15,22.59,23.02,23.29,23.51,23.73,24.04,24.43,24.93,25.57,0.96,0.79,0.04,Resistência Forte,0,1
2006-12-18,22.59,23.02,23.29,23.51,23.73,24.04,24.43,24.93,25.57,0.90,0.79,0.10,Resistência Forte,0,1
2006-12-19,22.59,23.02,23.29,23.51,23.73,24.04,24.43,24.93,25.57,0.86,0.79,0.14,Resistência Forte,0,1
2006-12-20,22.59,23.02,23.29,23.51,23.73,24.04,24.43,24.93,25.57,0.90,0.79,0.10,Resistência Forte,0,1
2006-12-21,22.59,23.02,23.29,23.51,23.73,24.04,24.43,24.93,25.57,0.89,0.79,0.11,Resistência Forte,0,1
2006-12-22,22.59,23.02,23.29,23.51,23.73,24.04,24.43,24.93,25.57,0.79,0.79,0.21,Resistência Forte,0,1
2006-12-26,22.72,23.12,23.37,23.58,23.78,24.06,24.43,24.90,25.49,0.88,0.79,0.12,Resistência Forte,0,1
2006-12-27,22.78,23.17,23.41,23.60,23.80,24.08,24.43,24.88,25.45,0.87,0.79,0.13,Resistência Forte,0,1
2006-12-28,22.96,23.31,23.52,23.70,23.87,24.12,24.43,24.83,25.34,0.82,0.79,0.18,Resistência Forte,0,1
2006-12-29,23.03,23.36,23.56,23.73,23.90,24.13,24.43,24.81,25.30,0.81,0.79,0.19,Resistência Forte,0,1
2007-01-03,23.05,23.38,23.58,23.74,23.90,24.13,24.43,24.81,25.28,0.51,0.50,0.11,Zona de Consolidação,1,0
2007-01-04,23.05,23.38,23.58,23.74,23.90,24.13,24.43,24.81,25.28,0.69,0.62,0.10,Resistência,1,1
2007-01-05,23.12,23.43,23.62,23.78,23.93,24.15,24.43,24.79,25.24,0.62,0.62,0.17,Resistência,1,1
2007-01-08,23.12,23.43,23.62,23.78,23.93,24.15,24.43,24.79,25.24,0.63,0.62,0.16,Resistência,1,1
2007-01-09,23.12,23.43,23.62,23.78,23.93,24.15,24.43,24.79,25.24,0.56,0.50,0.06,Zona de Consolidação,1,0
2007-01-10,23.12,23.43,23.62,23.78,23.93,24.15,24.43,24.79,25.24,0.46,0.38,0.04,Zona de Consolidação,1,0
2007-01-11,23.20,23.49,23.67,23.82,23.96,24.17,24.43,24.76,25.19,0.44,0.38,0.06,Zona de Consolidação,1,0
2007-01-12,23.25,23.53,23.70,23.84,23.98,24.18,24.43,24.75,25.16,0.55,0.50,0.07,Zona de Consolidação,1,0
2007-01-16,23.25,23.53,23.70,23.84,23.98,24.18,24.43,24.75,25.16,0.51,0.50,0.11,Zona de Consolidação,1,0
2007-01-17,23.25,23.53,23.70,23.84,23.98,24.18,24.43,24.75,25.16,0.67,0.62,0.12,Resistência,1,1
2007-01-18,23.25,23.53,23.70,23.84,23.98,24.18,24.43,24.75,25.16,0.36,0.24,0.02,Suporte,1,0
2007-01-19,23.25,23.53,23.70,23.84,23.98,24.18,24.43,24.75,25.16,0.22,0.00,0.02,Suporte Forte,1,0
2007-01-22,23.18,23.48,23.66,23.80,23.95,24.16,24.43,24.77,25.20,0.03,0.00,0.21,Suporte Forte,0,0
2007-01-23,23.18,23.48,23.66,23.80,23.95,24.16,24.43,24.77,25.20,0.07,0.00,0.17,Suporte Forte,0,0
2007-01-24,23.18,23.48,23.66,23.80,23.95,24.16,24.43,24.77,25.20,0.20,0.00,0.04,Suporte Forte,1,0
2007-01-25,23.18,23.48,23.66,23.80,23.95,24.16,24.43,24.77,25.20,0.10,0.00,0.14,Suporte Forte,0,0
2007-01-26,23.13,23.44,23.63,23.78,23.93,24.15,24.43,24.78,25.23,0.00,0.00,0.24,Suporte Forte,0,0
2007-01-29,23.07,23.39,23.59,23.75,23.91,24.14,24.43,24.80,25.27,0.10,0.00,0.14,Suporte Forte,0,0
2007-01-30,22.99,23.33,23.54,23.71,23.88,24.12,24.43,24.82,25.32,0.17,0.00,0.07,Suporte Forte,0,0
2007-01-31,22.99,23.33,23.54,23.71,23.88,24.12,24.43,24.82,25.32,0.30,0.24,0.08,Suporte,1,0
2007-02-01,22.99,23.33,23.54,23.71,23.88,24.12,24.43,24.82,25.32,0.56,0.50,0.06,Zona de Consolidação,1,0
2007-02-02,22.99,23.33,23.54,23.71,23.88,24.12,24.43,24.82,25.32,0.74,0.62,0.05,Resistência,1,1
2007-02-05,22.99,23.33,23.54,23.71,23.88,24.12,24.43,24.82,25.32,0.77,0.62,0.02,Resistência,1,1
2007-02-06,22.99,23.33,23.54,23.71,23.88,24.12,24.43,24.82,25.32,0.67,0.62,0.12,Resistência,1,1
2007-02-07,22.99,23.33,23.54,23.71,23.88,24.12,24.43,24.82,25.32,0.65,0.62,0.14,Resistência,1,1
2007-02-08,22.99,23.33,23.54,23.71,23.88,24.12,24.43,24.82,25.32,0.72,0.62,0.07,Resistência,1,1
2007-02-09,22.99,23.33,23.54,23.71,23.88,24.12,24.43,24.82,25.32,0.67,0.62,0.12,Resistência,1,1
2007-02-12,22.99,23.33,23.54,23.71,23.88,24.12,24.43,24.82,25.32,0.76,0.62,0.03,Resistência,1,1
2007-02-13,22.99,23.41,23.67,23.88,24.09,24.39,24.77,25.25,25.87,0.98,0.79,0.02,Resistência Forte,0,1
2007-02-14,22.99,23.50,23.82,24.08,24.33,24.70,25.16,25.75,26.50,0.99,0.79,0.01,Resistência Forte,0,1
2007-02-15,22.99,23.50,23.82,24.08,24.33,24.70,25.16,25.75,26.50,0.94,0.79,0.06,Resistência Forte,0,1
2007-02-16,22.99,23.50,23.82,24.08,24.33,24.70,25.16,25.75,26.50,0.93,0.79,0.07,Resistência Forte,0,1
2007-02-20,22.99,23.50,23.82,24.08,24.33,24.70,25.16,25.75,26.50,0.87,0.79,0.13,Resistência Forte,0,1
2007-02-21,22.99,23.50,23.82,24.08,24.33,24.70,25.16,25.75,26.50,0.90,0.79,0.10,Resistência Forte,0,1
2007-02-22,22.99,23.50,23.82,24.08,24.33,24.70,25.16,25.75,26.50,0.92,0.79,0.08,Resistência Forte,0,1
2007-02-23,22.99,23.50,23.82,24.08,24.33,24.70,25.16,25.75,26.50,0.98,0.79,0.02,Resistência Forte,0,1
2007-02-26,22.99,23.53,23.86,24.14,24.41,24.79,25.28,25.90,26.70,0.95,0.79,0.05,Resistência Forte,0,1
2007-02-27,22.99,23.53,23.86,24.14,24.41,24.79,25.28,25.90,26.70,0.65,0.62,0.14,Resistência,1,0
2007-02-28,22.99,23.53,23.86,24.14,24.41,24.79,25.28,25.90,26.70,0.62,0.62,0.17,Resistência,1,0
2007-03-01,22.99,23.53,23.86,24.14,24.41,24.79,25.28,25.90,26.70,0.62,0.62,0.17,Resistência,1,0
2007-03-02,22.99,23.53,23.86,24.14,24.41,24.79,25.28,25.90,26.70,0.39,0.38,0.11,Zona de Consolidação,1,0
2007-03-05,22.99,23.53,23.86,24.14,24.41,24.79,25.28,25.90,26.70,0.35,0.24,0.03,Suporte,1,0
2007-03-06,22.99,23.53,23.86,24.14,24.41,24.79,25.28,25.90,26.70,0.42,0.38,0.08,Zona de Consolidação,1,0
2007-03-07,22.99,23.53,23.86,24.14,24.41,24.79,25.28,25.90,26.70,0.33,0.24,0.05,Suporte,1,0
2007-03-08,22.99,23.53,23.86,24.14,24.41,24.79,25.28,25.90,26.70,0.43,0.38,0.07,Zona de Consolidação,1,0
2007-03-09,22.99,23.53,23.86,24.14,24.41,24.79,25.28,25.90,26.70,0.46,0.38,0.04,Zona de Consolidação,1,0
2007-03-12,22.99,23.53,23.86,24.14,24.41,24.79,25.28,25.90,26.70,0.53,0.50,0.09,Zona de Consolidação,1,0
2007-03-13,22.99,23.53,23.86,24.14,24.41,24.79,25.28,25.90,26.70,0.34,0.24,0.04,Suporte,1,0
2007-03-14,22.99,23.53,23.86,24.14,24.41,24.79,25.28,25.90,26.70,0.37,0.24,0.01,Suporte,1,0
2007-03-15,22.99,23.53,23.86,24.14,24.41,24.79,25.28,25.90,26.70,0.39,0.38,0.11,Zona de Consolidação,1,0
2007-03-16,22.99,23.53,23.86,24.14,24.41,24.79,25.28,25.90,26.70,0.32,0.24,0.06,Suporte,1,0
2007-03-19,22.99,23.53,23.86,24.14,24.41,24.79,25.28,25.90,26.70,0.35,0.24,0.03,Suporte,1,0
2007-03-20,22.99,23.53,23.86,24.14,24.41,24.79,25.28,25.90,26.70,0.40,0.38,0.10,Zona de Consolidação,1,0
2007-03-21,22.99,23.53,23.86,24.14,24.41,24.79,25.28,25.90,26.70,0.84,0.79,0.16,Resistência Forte,0,1
2007-03-22,22.99,23.53,23.86,24.14,24.41,24.79,25.28,25.90,26.70,0.90,0.79,0.10,Resistência Forte,0,1
2007-03-23,22.99,23.53,23.86,24.14,24.41,24.79,25.28,25.90,26.70,0.89,0.79,0.11,Resistência Forte,0,1
2007-03-26,22.99,23.53,23.86,24.14,24.41,24.79,25.28,25.90,26.70,0.77,0.62,0.02,Resistência,0,1
2007-03-27,22.99,23.53,23.86,24.14,24.41,24.79,25.28,25.90,26.70,0.59,0.50,0.03,Zona de Consolidação,1,0
2007-03-28,22.99,23.53,23.86,24.14,24.41,24.79,25.28,25.90,26.70,0.50,0.50,0.12,Zona de Consolidação,0,0
2007-03-29,22.99,23.53,23.86,24.14,24.41,24.79,25.28,25.90,26.70,0.47,0.38,0.03,Zona de Consolidação,1,0
2007-03-30,22.99,23.53,23.86,24.14,24.41,24.79,25.28,25.90,26.70,0.38,0.24,0.00,Suporte,1,0
2007-04-02,22.99,23.53,23.86,24.14,24.41,24.79,25.28,25.90,26.70,0.83,0.79,0.17,Resistência Forte,0,1
2007-04-03,22.99,23.58,23.94,24.24,24.53,24.95,25.48,26.16,27.02,0.87,0.79,0.13,Resistência Forte,0,1
2007-04-04,22.99,23.58,23.94,24.24,24.53,24.95,25.48,26.16,27.02,0.76,0.62,0.03,Resistência,0,1
2007-04-05,22.99,23.58,23.94,24.24,24.53,24.95,25.48,26.16,27.02,0.74,0.62,0.05,Resistência,0,1
2007-04-09,22.99,23.58,23.94,24.24,24.53,24.95,25.48,26.16,27.02,0.53,0.50,0.09,Zona de Consolidação,1,0
2007-04-10,22.99,23.58,23.94,24.24,24.53,24.95,25.48,26.16,27.02,0.57,0.50,0.05,Zona de Consolidação,1,0
2007-04-11,22.99,23.58,23.94,24.24,24.53,24.95,25.48,26.16,27.02,0.41,0.38,0.09,Zona de Consolidação,1,0
2007-04-12,23.07,23.64,23.99,24.28,24.56,24.96,25.48,26.14,26.97,0.61,0.50,0.01,Zona de Consolidação,1,0
2007-04-13,23.45,23.93,24.23,24.46,24.70,25.05,25.48,26.03,26.73,0.47,0.38,0.03,Zona de Consolidação,1,0
2007-04-16,23.45,23.93,24.23,24.46,24.70,25.05,25.48,26.03,26.73,0.45,0.38,0.05,Zona de Consolidação,1,0
2007-04-17,23.45,23.93,24.23,24.46,24.70,25.05,25.48,26.03,26.73,0.44,0.38,0.06,Zona de Consolidação,1,0
2007-04-18,23.45,23.93,24.23,24.46,24.70,25.05,25.48,26.03,26.73,0.54,0.50,0.08,Zona de Consolidação,1,0
2007-04-19,23.45,23.93,24.23,24.46,24.70,25.05,25.48,26.03,26.73,0.39,0.38,0.11,Zona de Consolidação,1,0
2007-04-20,23.45,23.93,24.23,24.46,24.70,25.05,25.48,26.03,26.73,0.48,0.38,0.02,Zona de Consolidação,1,0
2007-04-23,23.45,23.93,24.23,24.46,24.70,25.05,25.48,26.03,26.73,0.42,0.38,0.08,Zona de Consolidação,1,0
2007-04-24,23.45,23.93,24.23,24.46,24.70,25.05,25.48,26.03,26.73,0.48,0.38,0.02,Zona de Consolidação,1,0
2007-04-25,23.45,23.93,24.23,24.46,24.70,25.05,25.48,26.03,26.73,0.53,0.50,0.09,Zona de Consolidação,1,0
2007-04-26,23.45,23.93,24.23,24.46,24.70,25.05,25.48,26.03,26.73,0.41,0.38,0.09,Zona de Consolidação,1,0
2007-04-27,23.45,23.93,24.23,24.46,24.70,25.05,25.48,26.03,26.73,0.60,0.50,0.02,Zona de Consolidação,1,0
2007-04-30,23.45,23.93,24.23,24.46,24.70,25.05,25.48,26.03,26.73,0.48,0.38,0.02,Zona de Consolidação,1,0
2007-05-01,23.45,23.93,24.23,24.46,24.70,25.05,25.48,26.03,26.73,0.98,0.79,0.02,Resistência Forte,0,1
2007-05-02,23.45,23.95,24.26,24.51,24.76,25.12,25.57,26.15,26.88,0.87,0.79,0.13,Resistência Forte,0,1
2007-05-03,23.45,23.95,24.26,24.51,24.76,25.12,25.57,26.15,26.88,0.90,0.79,0.10,Resistência Forte,0,1
2007-05-04,23.45,23.95,24.26,24.51,24.76,25.12,25.57,26.15,26.88,0.91,0.79,0.09,Resistência Forte,0,1
2007-05-07,23.45,23.95,24.26,24.51,24.76,25.12,25.57,26.15,26.88,0.92,0.79,0.08,Resistência Forte,0,1
2007-05-08,23.45,24.02,24.37,24.66,24.95,25.35,25.87,26.53,27.37,0.98,0.79,0.02,Resistência Forte,0,1
2007-05-09,23.45,24.19,24.65,25.02,25.39,25.92,26.59,27.44,28.53,0.98,0.79,0.02,Resistência Forte,0,1
2007-05-10,23.45,24.19,24.65,25.02,25.39,25.92,26.59,27.44,28.53,0.82,0.79,0.18,Resistência Forte,0,1
2007-05-11,23.45,24.19,24.65,25.02,25.39,25.92,26.59,27.44,28.53,0.90,0.79,0.10,Resistência Forte,0,0
2007-05-14,23.45,24.19,24.65,25.02,25.39,25.92,26.59,27.44,28.53,0.81,0.79,0.19,Resistência Forte,0,1
2007-05-15,23.45,24.19,24.65,25.02,25.39,25.92,26.59,27.44,28.53,0.81,0.79,0.19,Resistência Forte,0,1
2007-05-16,23.45,24.19,24.65,25.02,25.39,25.92,26.59,27.44,28.53,0.90,0.79,0.10,Resistência Forte,0,0
2007-05-17,23.45,24.29,24.81,25.24,25.66,26.26,27.02,27.99,29.23,0.79,0.79,0.21,Resistência Forte,0,1
2007-05-18,23.45,24.29,24.81,25.24,25.66,26.26,27.02,27.99,29.23,0.87,0.79,0.13,Resistência Forte,0,0
2007-05-21,23.45,24.29,24.81,25.24,25.66,26.26,27.02,27.99,29.23,0.91,0.79,0.09,Resistência Forte,0,0
2007-05-22,23.45,24.29,24.81,25.24,25.66,26.26,27.02,27.99,29.23,0.94,0.79,0.06,Resistência Forte,0,1
2007-05-23,23.45,24.29,24.81,25.24,25.66,26.26,27.02,27.99,29.23,0.87,0.79,0.13,Resistência Forte,0,0
2007-05-24,23.62,24.42,24.92,25.32,25.72,26.29,27.02,27.94,29.12,0.88,0.79,0.12,Resistência Forte,0,0
2007-05-25,23.62,24.42,24.92,25.32,25.72,26.29,27.02,27.94,29.12,0.96,0.79,0.04,Resistência Forte,0,1
2007-05-29,23.62,24.43,24.94,25.34,25.75,26.33,27.07,28.01,29.20,0.92,0.79,0.08,Resistência Forte,0,0
2007-05-30,23.62,24.43,24.94,25.34,25.75,26.33,27.07,28.01,29.20,0.94,0.79,0.06,Resistência Forte,0,1
2007-05-31,23.62,24.47,25.00,25.42,25.85,26.46,27.23,28.21,29.46,0.97,0.79,0.03,Resistência Forte,0,1
2007-06-01,23.62,24.51,25.06,25.51,25.96,26.59,27.40,28.43,29.74,0.94,0.79,0.06,Resistência Forte,0,1
2007-06-04,23.62,24.53,25.09,25.54,25.99,26.64,27.46,28.50,29.83,0.97,0.79,0.03,Resistência Forte,0,1
2007-06-05,23.62,24.53,25.09,25.54,25.99,26.64,27.46,28.50,29.83,0.88,0.79,0.12,Resistência Forte,0,0
2007-06-06,23.62,24.53,25.09,25.54,25.99,26.64,27.46,28.50,29.83,0.90,0.79,0.10,Resistência Forte,0,0
2007-06-07,23.62,24.53,25.09,25.54,25.99,26.64,27.46,28.50,29.83,0.72,0.62,0.07,Resistência,0,1
2007-06-08,23.62,24.53,25.09,25.54,25.99,26.64,27.46,28.50,29.83,0.73,0.62,0.06,Resistência,0,1
2007-06-11,23.62,24.53,25.09,25.54,25.99,26.64,27.46,28.50,29.83,0.76,0.62,0.03,Resistência,0,1
2007-06-12,23.96,24.79,25.30,25.71,26.12,26.71,27.46,28.41,29.62,0.65,0.62,0.14,Resistência,1,0
2007-06-13,23.96,24.79,25.30,25.71,26.12,26.71,27.46,28.41,29.62,0.85,0.79,0.15,Resistência Forte,0,1
2007-06-14,23.96,24.79,25.30,25.71,26.12,26.71,27.46,28.41,29.62,0.82,0.79,0.18,Resistência Forte,0,1
2007-06-15,23.96,24.79,25.30,25.71,26.12,26.71,27.46,28.41,29.62,0.86,0.79,0.14,Resistência Forte,0,1
2007-06-18,23.96,24.79,25.30,25.71,26.12,26.71,27.46,28.41,29.62,0.81,0.79,0.19,Resistência Forte,0,1
2007-06-19,23.96,24.79,25.30,25.71,26.12,26.71,27.46,28.41,29.62,0.82,0.79,0.18,Resistência Forte,0,1
2007-06-20,23.96,24.79,25.30,25.71,26.12,26.71,27.46,28.41,29.62,0.74,0.62,0.05,Resistência,0,1
2007-06-21,24.10,24.89,25.38,25.78,26.18,26.74,27.46,28.37,29.54,0.80,0.79,0.20,Resistência Forte,0,1
2007-06-22,24.22,24.98,25.46,25.84,26.22,26.77,27.46,28.34,29.46,0.72,0.62,0.07,Resistência,0,1
2007-06-25,24.22,24.98,25.46,25.84,26.22,26.77,27.46,28.34,29.46,0.67,0.62,0.12,Resistência,1,0
2007-06-26,24.22,24.98,25.46,25.84,26.22,26.77,27.46,28.34,29.46,0.66,0.62,0.13,Resistência,1,0
2007-06-27,24.22,24.98,25.46,25.84,26.22,26.77,27.46,28.34,29.46,0.71,0.62,0.08,Resistência,0,1
2007-06-28,24.22,24.98,25.46,25.84,26.22,26.77,27.46,28.34,29.46,0.72,0.62,0.07,Resistência,0,1
2007-06-29,24.22,24.98,25.46,25.84,26.22,26.77,27.46,28.34,29.46,0.73,0.62,0.06,Resistência,0,1
2007-07-02,24.22,24.98,25.46,25.84,26.22,26.77,27.46,28.34,29.46,0.77,0.62,0.02,Resistência,0,1
2007-07-03,24.22,24.98,25.46,25.84,26.22,26.77,27.46,28.34,29.46,0.80,0.79,0.20,Resistência Forte,0,1
2007-07-05,24.22,24.98,25.46,25.84,26.22,26.77,27.46,28.34,29.46,0.79,0.79,0.21,Resistência Forte,0,1
2007-07-06,24.22,24.98,25.46,25.84,26.22,26.77,27.46,28.34,29.46,0.81,0.79,0.19,Resistência Forte,0,1
2007-07-09,24.22,24.98,25.46,25.84,26.22,26.77,27.46,28.34,29.46,0.81,0.79,0.19,Resistência Forte,0,1
2007-07-10,24.41,25.13,25.58,25.94,26.29,26.81,27.46,28.29,29.34,0.62,0.62,0.17,Resistência,1,0
2007-07-11,24.72,25.37,25.77,26.09,26.41,26.87,27.46,28.21,29.15,0.62,0.62,0.17,Resistência,1,0
2007-07-12,25.25,25.77,26.09,26.36,26.62,26.99,27.46,28.06,28.83,0.60,0.50,0.02,Zona de Consolidação,1,0
2007-07-13,25.26,25.78,26.10,26.36,26.62,26.99,27.46,28.06,28.82,0.73,0.62,0.06,Resistência,1,1
2007-07-16,25.29,25.80,26.12,26.38,26.63,27.00,27.46,28.05,28.80,0.76,0.62,0.03,Resistência,0,1
2007-07-17,25.29,25.80,26.12,26.38,26.63,27.00,27.46,28.05,28.80,0.73,0.62,0.06,Resistência,1,1
2007-07-18,25.29,25.80,26.12,26.38,26.63,27.00,27.46,28.05,28.80,0.52,0.50,0.10,Zona de Consolidação,1,0
2007-07-19,25.69,26.11,26.37,26.58,26.78,27.08,27.46,27.94,28.55,0.58,0.50,0.04,Zona de Consolidação,1,0
2007-07-20,25.91,26.28,26.50,26.68,26.87,27.13,27.46,27.88,28.42,0.25,0.24,0.13,Suporte,1,0
2007-07-23,25.91,26.28,26.50,26.68,26.87,27.13,27.46,27.88,28.42,0.31,0.24,0.07,Suporte,1,0
2007-07-24,25.86,26.24,26.47,26.66,26.85,27.12,27.46,27.90,28.45,0.03,0.00,0.21,Suporte Forte,0,0
2007-07-25,25.59,26.03,26.30,26.52,26.75,27.06,27.46,27.97,28.62,0.07,0.00,0.17,Suporte Forte,0,0
2007-07-26,25.17,25.71,26.04,26.32,26.59,26.97,27.46,28.08,28.88,0.05,0.00,0.19,Suporte Forte,0,0
2007-07-27,24.92,25.52,25.89,26.19,26.49,26.92,27.46,28.15,29.03,0.00,0.00,0.24,Suporte Forte,0,0
2007-07-30,24.74,25.38,25.78,26.10,26.42,26.88,27.46,28.20,29.14,0.19,0.00,0.05,Suporte Forte,0,0
2007-07-31,24.74,25.38,25.78,26.10,26.42,26.88,27.46,28.20,29.14,0.26,0.24,0.12,Suporte,0,0
2007-08-01,24.74,25.38,25.78,26.10,26.42,26.88,27.46,28.20,29.14,0.39,0.38,0.11,Zona de Consolidação,1,0
2007-08-02,24.74,25.38,25.78,26.10,26.42,26.88,27.46,28.20,29.14,0.49,0.38,0.01,Zona de Consolidação,0,0
2007-08-03,24.74,25.38,25.78,26.10,26.42,26.88,27.46,28.20,29.14,0.50,0.50,0.12,Zona de Consolidação,0,0
2007-08-06,24.74,25.38,25.78,26.10,26.42,26.88,27.46,28.20,29.14,0.59,0.50,0.03,Zona de Consolidação,1,0
2007-08-07,24.74,25.38,25.78,26.10,26.42,26.88,27.46,28.20,29.14,0.68,0.62,0.11,Resistência,1,0
2007-08-08,24.74,25.38,25.78,26.10,26.42,26.88,27.46,28.20,29.14,0.79,0.79,0.21,Resistência Forte,0,1
2007-08-09,24.74,25.38,25.78,26.10,26.42,26.88,27.46,28.20,29.14,0.49,0.38,0.01,Zona de Consolidação,0,0
2007-08-10,24.74,25.38,25.78,26.10,26.42,26.88,27.46,28.20,29.14,0.67,0.62,0.12,Resistência,1,0
2007-08-13,24.74,25.38,25.78,26.10,26.42,26.88,27.46,28.20,29.14,0.71,0.62,0.08,Resistência,1,1
2007-08-14,24.74,25.34,25.71,26.00,26.30,26.73,27.27,27.96,28.83,0.58,0.50,0.04,Zona de Consolidação,1,0
2007-08-15,24.74,25.32,25.68,25.98,26.27,26.68,27.21,27.88,28.74,0.47,0.38,0.03,Zona de Consolidação,1,0
2007-08-16,24.74,25.32,25.68,25.98,26.27,26.68,27.21,27.88,28.74,0.34,0.24,0.04,Suporte,1,0
2007-08-17,24.74,25.32,25.68,25.98,26.27,26.68,27.21,27.88,28.74,0.43,0.38,0.07,Zona de Consolidação,1,0
2007-08-20,24.74,25.32,25.68,25.98,26.27,26.68,27.21,27.88,28.74,0.38,0.24,0.00,Suporte,1,0
2007-08-21,24.74,25.32,25.68,25.98,26.27,26.68,27.21,27.88,28.74,0.35,0.24,0.03,Suporte,1,0
2007-08-22,24.74,25.32,25.68,25.98,26.27,26.68,27.21,27.88,28.74,0.41,0.38,0.09,Zona de Consolidação,1,0
2007-08-23,24.74,25.32,25.68,25.98,26.27,26.68,27.21,27.88,28.74,0.38,0.24,0.00,Suporte,1,0
2007-08-24,24.74,25.32,25.68,25.98,26.27,26.68,27.21,27.88,28.74,0.34,0.24,0.04,Suporte,1,0
2007-08-27,24.74,25.29,25.64,25.92,26.19,26.59,27.09,27.73,28.54,0.34,0.24,0.04,Suporte,1,0
2007-08-28,24.74,25.29,25.64,25.92,26.19,26.59,27.09,27.73,28.54,0.22,0.00,0.02,Suporte Forte,0,0
2007-08-29,24.74,25.29,25.64,25.92,26.19,26.59,27.09,27.73,28.54,0.29,0.24,0.09,Suporte,1,0
2007-08-30,24.74,25.29,25.64,25.92,26.19,26.59,27.09,27.73,28.54,0.17,0.00,0.07,Suporte Forte,0,0
2007-08-31,24.74,25.29,25.64,25.92,26.19,26.59,27.09,27.73,28.54,0.15,0.00,0.09,Suporte Forte,0,0
2007-09-04,24.74,25.29,25.64,25.92,26.19,26.59,27.09,27.73,28.54,0.21,0.00,0.03,Suporte Forte,0,0
2007-09-05,24.74,25.29,25.64,25.92,26.19,26.59,27.09,27.73,28.54,0.24,0.24,0.14,Suporte,0,0
2007-09-06,24.74,25.29,25.64,25.92,26.19,26.59,27.09,27.73,28.54,0.25,0.24,0.13,Suporte,0,0
2007-09-07,24.47,25.09,25.47,25.78,26.09,26.53,27.09,27.80,28.71,0.03,0.00,0.21,Suporte Forte,0,0
2007-09-10,24.37,25.01,25.41,25.73,26.05,26.51,27.09,27.83,28.77,0.00,0.00,0.24,Suporte Forte,0,0
2007-09-11,24.33,24.98,25.38,25.71,26.04,26.50,27.09,27.84,28.80,0.03,0.00,0.21,Suporte Forte,0,0
2007-09-12,24.33,24.98,25.38,25.71,26.04,26.50,27.09,27.84,28.80,0.10,0.00,0.14,Suporte Forte,0,0
2007-09-13,24.33,24.98,25.38,25.71,26.04,26.50,27.09,27.84,28.80,0.05,0.00,0.19,Suporte Forte,0,0
2007-09-14,24.21,24.89,25.31,25.65,25.99,26.47,27.09,27.87,28.87,0.11,0.00,0.13,Suporte Forte,0,0
2007-09-17,24.21,24.89,25.31,25.65,25.99,26.47,27.09,27.87,28.87,0.08,0.00,0.16,Suporte Forte,0,0
2007-09-18,24.21,24.89,25.31,25.65,25.99,26.47,27.09,27.87,28.87,0.23,0.00,0.01,Suporte Forte,0,0
2007-09-19,24.21,24.89,25.31,25.65,25.99,26.47,27.09,27.87,28.87,0.44,0.38,0.06,Zona de Consolidação,1,0
2007-09-20,24.21,24.89,25.31,25.65,25.99,26.47,27.09,27.87,28.87,0.43,0.38,0.07,Zona de Consolidação,1,0
2007-09-21,24.21,24.89,25.31,25.65,25.99,26.47,27.09,27.87,28.87,0.47,0.38,0.03,Zona de Consolidação,1,0
2007-09-24,24.21,24.89,25.31,25.65,25.99,26.47,27.09,27.87,28.87,0.38,0.24,0.00,Suporte,1,0
2007-09-25,24.21,24.86,25.26,25.58,25.90,26.36,26.95,27.70,28.64,0.51,0.50,0.11,Zona de Consolidação,0,0
2007-09-26,24.21,24.86,25.26,25.58,25.90,26.36,26.95,27.70,28.64,0.54,0.50,0.08,Zona de Consolidação,1,0
2007-09-27,24.21,24.86,25.26,25.58,25.90,26.36,26.95,27.70,28.64,0.43,0.38,0.07,Zona de Consolidação,1,0
2007-09-28,24.21,24.86,25.26,25.58,25.90,26.36,26.95,27.70,28.64,0.41,0.38,0.09,Zona de Consolidação,1,0
2007-10-01,24.21,24.86,25.26,25.58,25.90,26.36,26.95,27.70,28.64,0.58,0.50,0.04,Zona de Consolidação,1,0
2007-10-02,24.21,24.86,25.26,25.58,25.90,26.36,26.95,27.70,28.64,0.64,0.62,0.15,Resistência,1,0
2007-10-03,24.21,24.86,25.26,25.58,25.90,26.36,26.95,27.70,28.64,0.70,0.62,0.09,Resistência,1,1
2007-10-04,24.21,24.86,25.26,25.58,25.90,26.36,26.95,27.70,28.64,0.70,0.62,0.09,Resistência,1,1
2007-10-05,24.21,24.86,25.26,25.58,25.90,26.36,26.95,27.70,28.64,0.82,0.79,0.18,Resistência Forte,0,1
2007-10-08,24.21,24.86,25.26,25.58,25.90,26.36,26.95,27.70,28.64,0.82,0.79,0.18,Resistência Forte,0,1
2007-10-09,24.21,24.86,25.26,25.58,25.90,26.36,26.95,27.70,28.64,0.88,0.79,0.12,Resistência Forte,0,0
2007-10-10,24.21,24.86,25.26,25.58,25.90,26.36,26.95,27.70,28.64,0.86,0.79,0.14,Resistência Forte,0,1
2007-10-11,24.21,24.86,25.26,25.58,25.90,26.36,26.95,27.70,28.64,0.80,0.79,0.20,Resistência Forte,0,1
2007-10-12,24.21,24.86,25.26,25.58,25.90,26.36,26.95,27.70,28.64,0.87,0.79,0.13,Resistência Forte,0,1
2007-10-15,24.21,24.86,25.26,25.58,25.90,26.36,26.95,27.70,28.64,0.81,0.79,0.19,Resistência Forte,0,1
2007-10-16,24.21,24.86,25.26,25.58,25.90,26.36,26.95,27.70,28.64,0.77,0.62,0.02,Resistência,0,1
2007-10-17,24.21,24.86,25.26,25.58,25.90,26.36,26.95,27.70,28.64,0.76,0.62,0.03,Resistência,0,1
2007-10-18,24.21,24.84,25.23,25.54,25.86,26.31,26.88,27.61,28.53,0.89,0.79,0.11,Resistência Forte,0,0
2007-10-19,24.21,24.84,25.23,25.54,25.86,26.31,26.88,27.61,28.53,0.75,0.62,0.04,Resistência,0,1
2007-10-22,24.21,24.84,25.23,25.54,25.86,26.31,26.88,27.61,28.53,0.71,0.62,0.08,Resistência,1,1
2007-10-23,24.21,24.81,25.18,25.48,25.77,26.20,26.74,27.43,28.30,0.74,0.62,0.05,Resistência,0,1
2007-10-24,24.21,24.81,25.18,25.48,25.77,26.20,26.74,27.43,28.30,0.64,0.62,0.15,Resistência,1,0
2007-10-25,24.21,24.81,25.18,25.48,25.77,26.20,26.74,27.43,28.30,0.57,0.50,0.05,Zona de Consolidação,1,0
2007-10-26,24.21,24.81,25.18,25.48,25.77,26.20,26.74,27.43,28.30,0.58,0.50,0.04,Zona de Consolidação,1,0
2007-10-29,24.21,24.81,25.18,25.48,25.77,26.20,26.74,27.43,28.30,0.71,0.62,0.08,Resistência,1,1
2007-10-30,24.21,24.96,25.42,25.80,26.17,26.70,27.38,28.24,29.34,0.82,0.79,0.18,Resistência Forte,0,1
2007-10-31,24.21,24.98,25.45,25.84,26.22,26.76,27.46,28.34,29.47,0.96,0.79,0.04,Resistência Forte,0,1
2007-11-01,24.21,24.98,25.45,25.84,26.22,26.76,27.46,28.34,29.47,0.69,0.62,0.10,Resistência,1,0
2007-11-02,24.21,24.98,25.45,25.84,26.22,26.76,27.46,28.34,29.47,0.81,0.79,0.19,Resistência Forte,0,1
2007-11-05,24.21,24.98,25.45,25.84,26.22,26.76,27.46,28.34,29.47,0.90,0.79,0.10,Resistência Forte,0,0
2007-11-06,24.21,24.98,25.45,25.84,26.22,26.76,27.46,28.34,29.47,0.96,0.79,0.04,Resistência Forte,0,1
2007-11-07,24.21,24.98,25.45,25.84,26.22,26.76,27.46,28.34,29.47,0.79,0.79,0.21,Resistência Forte,0,1
2007-11-08,24.21,24.98,25.45,25.84,26.22,26.76,27.46,28.34,29.47,0.62,0.62,0.17,Resistência,1,0
2007-11-09,24.21,24.98,25.45,25.84,26.22,26.76,27.46,28.34,29.47,0.48,0.38,0.02,Zona de Consolidação,0,0
2007-11-12,24.21,24.98,25.45,25.84,26.22,26.76,27.46,28.34,29.47,0.46,0.38,0.04,Zona de Consolidação,1,0
2007-11-13,24.21,24.98,25.45,25.84,26.22,26.76,27.46,28.34,29.47,0.55,0.50,0.07,Zona de Consolidação,1,0
2007-11-14,24.21,24.98,25.45,25.84,26.22,26.76,27.46,28.34,29.47,0.60,0.50,0.02,Zona de Consolidação,1,0
2007-11-15,24.21,24.98,25.45,25.84,26.22,26.76,27.46,28.34,29.47,0.50,0.50,0.12,Zona de Consolidação,0,0
2007-11-16,24.21,24.98,25.45,25.84,26.22,26.76,27.46,28.34,29.47,0.55,0.50,0.07,Zona de Consolidação,1,0
2007-11-19,24.21,24.98,25.45,25.84,26.22,26.76,27.46,28.34,29.47,0.37,0.24,0.01,Suporte,1,0
2007-11-20,24.21,24.98,25.45,25.84,26.22,26.76,27.46,28.34,29.47,0.36,0.24,0.02,Suporte,1,0
2007-11-21,24.21,24.98,25.45,25.84,26.22,26.76,27.46,28.34,29.47,0.22,0.00,0.02,Suporte Forte,0,0
2007-11-23,24.21,24.98,25.45,25.84,26.22,26.76,27.46,28.34,29.47,0.31,0.24,0.07,Suporte,1,0
2007-11-26,24.31,25.05,25.51,25.88,26.26,26.79,27.46,28.32,29.41,0.15,0.00,0.09,Suporte Forte,0,0
2007-11-27,24.40,25.12,25.57,25.93,26.29,26.81,27.46,28.29,29.35,0.14,0.00,0.10,Suporte Forte,0,0
2007-11-28,24.57,25.25,25.67,26.02,26.36,26.84,27.46,28.25,29.25,0.20,0.00,0.04,Suporte Forte,0,0
2007-11-29,24.57,25.25,25.67,26.02,26.36,26.84,27.46,28.25,29.25,0.16,0.00,0.08,Suporte Forte,0,0
2007-11-30,24.57,25.25,25.67,26.02,26.36,26.84,27.46,28.25,29.25,0.09,0.00,0.15,Suporte Forte,0,0
2007-12-03,24.57,25.25,25.67,26.02,26.36,26.84,27.46,28.25,29.25,0.13,0.00,0.11,Suporte Forte,0,0
2007-12-04,24.57,25.25,25.67,26.02,26.36,26.84,27.46,28.25,29.25,0.07,0.00,0.17,Suporte Forte,0,0
2007-12-05,24.57,25.25,25.67,26.02,26.36,26.84,27.46,28.25,29.25,0.20,0.00,0.04,Suporte Forte,0,0
2007-12-06,24.57,25.25,25.67,26.02,26.36,26.84,27.46,28.25,29.25,0.24,0.24,0.14,Suporte,0,0
2007-12-07,24.57,25.25,25.67,26.02,26.36,26.84,27.46,28.25,29.25,0.19,0.00,0.05,Suporte Forte,0,0
2007-12-10,24.57,25.25,25.67,26.02,26.36,26.84,27.46,28.25,29.25,0.38,0.24,0.00,Suporte,1,0
2007-12-11,24.57,25.25,25.67,26.02,26.36,26.84,27.46,28.25,29.25,0.18,0.00,0.06,Suporte Forte,0,0
2007-12-12,24.57,25.25,25.67,26.02,26.36,26.84,27.46,28.25,29.25,0.26,0.24,0.12,Suporte,0,0
2007-12-13,24.57,25.25,25.67,26.02,26.36,26.84,27.46,28.25,29.25,0.31,0.24,0.07,Suporte,1,0
2007-12-14,24.57,25.25,25.67,26.02,26.36,26.84,27.46,28.25,29.25,0.13,0.00,0.11,Suporte Forte,0,0
2007-12-17,24.55,25.24,25.66,26.01,26.35,26.84,27.46,28.25,29.26,0.00,0.00,0.24,Suporte Forte,0,0
2007-12-18,24.55,25.24,25.66,26.01,26.35,26.84,27.46,28.25,29.26,0.08,0.00,0.16,Suporte Forte,0,0
2007-12-19,24.55,25.24,25.66,26.01,26.35,26.84,27.46,28.25,29.26,0.08,0.00,0.16,Suporte Forte,0,0
2007-12-20,24.55,25.24,25.66,26.01,26.35,26.84,27.46,28.25,29.26,0.05,0.00,0.19,Suporte Forte,0,0
2007-12-21,24.55,25.24,25.66,26.01,26.35,26.84,27.46,28.25,29.26,0.14,0.00,0.10,Suporte Forte,0,0
2007-12-24,24.55,25.24,25.66,26.01,26.35,26.84,27.46,28.25,29.26,0.29,0.24,0.09,Suporte,0,0
2007-12-26,24.55,25.24,25.66,26.01,26.35,26.84,27.46,28.25,29.26,0.22,0.00,0.02,Suporte Forte,0,0
2007-12-27,24.55,25.24,25.66,26.01,26.35,26.84,27.46,28.25,29.26,0.06,0.00,0.18,Suporte Forte,0,0
2007-12-28,24.55,25.24,25.66,26.01,26.35,26.84,27.46,28.25,29.26,0.09,0.00,0.15,Suporte Forte,0,0
2007-12-31,24.55,25.24,25.66,26.01,26.35,26.84,27.46,28.25,29.26,0.05,0.00,0.19,Suporte Forte,0,0
2008-01-02,23.93,24.76,25.28,25.70,26.11,26.70,27.46,28.42,29.64,0.01,0.00,0.23,Suporte Forte,0,0
2008-01-03,23.63,24.53,25.09,25.54,26.00,26.64,27.46,28.50,29.83,0.05,0.00,0.19,Suporte Forte,0,0
2008-01-04,22.62,23.76,24.47,25.04,25.61,26.42,27.46,28.78,30.45,0.03,0.00,0.21,Suporte Forte,0,0
2008-01-07,22.62,23.76,24.47,25.04,25.61,26.42,27.46,28.78,30.45,0.13,0.00,0.11,Suporte Forte,0,0
2008-01-08,22.62,23.76,24.47,25.04,25.61,26.42,27.46,28.78,30.45,0.08,0.00,0.16,Suporte Forte,0,0
2008-01-09,22.62,23.76,24.47,25.04,25.61,26.42,27.46,28.78,30.45,0.09,0.00,0.15,Suporte Forte,0,0
2008-01-10,22.62,23.76,24.47,25.04,25.61,26.42,27.46,28.78,30.45,0.12,0.00,0.12,Suporte Forte,0,0
2008-01-11,22.62,23.76,24.47,25.04,25.61,26.42,27.46,28.78,30.45,0.04,0.00,0.20,Suporte Forte,0,0
2008-01-14,22.22,23.43,24.17,24.78,25.38,26.24,27.33,28.72,30.49,0.02,0.00,0.22,Suporte Forte,0,0
2008-01-15,22.15,23.37,24.13,24.74,25.35,26.22,27.33,28.74,30.53,0.02,0.00,0.22,Suporte Forte,0,0
2008-01-16,22.01,23.27,24.04,24.67,25.30,26.19,27.33,28.78,30.62,0.02,0.00,0.22,Suporte Forte,0,0
2008-01-17,21.79,23.10,23.91,24.56,25.21,26.14,27.33,28.84,30.75,0.01,0.00,0.23,Suporte Forte,0,0
2008-01-18,21.71,23.02,23.84,24.50,25.15,26.09,27.28,28.80,30.72,0.04,0.00,0.20,Suporte Forte,0,0
2008-01-22,21.09,22.45,23.29,23.97,24.65,25.62,26.85,28.42,30.41,0.10,0.00,0.14,Suporte Forte,0,0
2008-01-23,20.95,22.24,23.04,23.69,24.34,25.26,26.43,27.92,29.82,0.18,0.00,0.06,Suporte Forte,0,0
2008-01-24,20.95,22.24,23.04,23.69,24.34,25.26,26.43,27.92,29.82,0.10,0.00,0.14,Suporte Forte,0,0
2008-01-25,20.95,22.24,23.04,23.69,24.34,25.26,26.43,27.92,29.82,0.10,0.00,0.14,Suporte Forte,0,0
2008-01-28,20.95,22.24,23.04,23.69,24.34,25.26,26.43,27.92,29.82,0.18,0.00,0.06,Suporte Forte,0,0
2008-01-29,20.95,22.21,22.98,23.61,24.24,25.13,26.27,27.72,29.56,0.18,0.00,0.06,Suporte Forte,0,0
2008-01-30,20.95,22.17,22.92,23.52,24.13,25.00,26.10,27.50,29.28,0.18,0.00,0.06,Suporte Forte,0,0
2008-01-31,20.95,22.12,22.84,23.43,24.02,24.85,25.91,27.26,28.98,0.32,0.24,0.06,Suporte,0,0
2008-02-01,20.95,22.09,22.79,23.36,23.92,24.73,25.76,27.07,28.73,0.26,0.24,0.12,Suporte,0,0
2008-02-04,20.95,22.09,22.79,23.36,23.92,24.73,25.76,27.07,28.73,0.23,0.00,0.01,Suporte Forte,0,0
2008-02-05,20.95,22.09,22.79,23.36,23.92,24.73,25.76,27.07,28.73,0.10,0.00,0.14,Suporte Forte,0,0
2008-02-06,20.95,22.09,22.79,23.36,23.92,24.73,25.76,27.07,28.73,0.02,0.00,0.22,Suporte Forte,0,0
2008-02-07,20.94,22.08,22.78,23.35,23.92,24.73,25.76,27.07,28.74,0.05,0.00,0.19,Suporte Forte,0,0
2008-02-08,20.94,22.08,22.78,23.35,23.92,24.73,25.76,27.07,28.74,0.02,0.00,0.22,Suporte Forte,0,0
2008-02-11,20.94,22.08,22.78,23.35,23.92,24.73,25.76,27.07,28.74,0.08,0.00,0.16,Suporte Forte,0,0
2008-02-12,20.94,22.08,22.78,23.35,23.92,24.73,25.76,27.07,28.74,0.18,0.00,0.06,Suporte Forte,0,0
2008-02-13,20.94,22.08,22.78,23.35,23.92,24.73,25.76,27.07,28.74,0.24,0.24,0.14,Suporte,0,0
2008-02-14,20.94,22.08,22.78,23.35,23.92,24.73,25.76,27.07,28.74,0.22,0.00,0.02,Suporte Forte,0,0
2008-02-15,20.94,22.08,22.78,23.35,23.92,24.73,25.76,27.07,28.74,0.23,0.00,0.01,Suporte Forte,0,0
2008-02-19,20.94,22.08,22.78,23.35,23.92,24.73,25.76,27.07,28.74,0.21,0.00,0.03,Suporte Forte,0,0
2008-02-20,20.94,22.08,22.78,23.35,23.92,24.73,25.76,27.07,28.74,0.29,0.24,0.09,Suporte,0,0
2008-02-21,20.94,22.08,22.78,23.35,23.92,24.73,25.76,27.07,28.74,0.27,0.24,0.11,Suporte,0,0
2008-02-22,20.94,22.08,22.78,23.35,23.92,24.73,25.76,27.07,28.74,0.34,0.24,0.04,Suporte,1,0
2008-02-25,20.94,22.07,22.77,23.34,23.91,24.71,25.74,27.05,28.71,0.37,0.24,0.01,Suporte,1,0
2008-02-26,20.94,22.02,22.69,23.24,23.78,24.55,25.53,26.78,28.37,0.37,0.24,0.01,Suporte,1,0
2008-02-27,20.94,22.02,22.69,23.24,23.78,24.55,25.53,26.78,28.37,0.37,0.24,0.01,Suporte,1,0
2008-02-28,20.94,22.02,22.69,23.24,23.78,24.55,25.53,26.78,28.37,0.31,0.24,0.07,Suporte,0,0
2008-02-29,20.94,22.02,22.69,23.24,23.78,24.55,25.53,26.78,28.37,0.27,0.24,0.11,Suporte,0,0
2008-03-03,20.94,22.02,22.69,23.24,23.78,24.55,25.53,26.78,28.37,0.30,0.24,0.08,Suporte,0,0
2008-03-04,20.94,22.02,22.69,23.24,23.78,24.55,25.53,26.78,28.37,0.31,0.24,0.07,Suporte,0,0
2008-03-05,20.94,22.02,22.69,23.24,23.78,24.55,25.53,26.78,28.37,0.30,0.24,0.08,Suporte,0,0
2008-03-06,20.94,22.02,22.69,23.24,23.78,24.55,25.53,26.78,28.37,0.29,0.24,0.09,Suporte,0,0
2008-03-07,20.94,21.97,22.61,23.12,23.63,24.37,25.30,26.49,27.99,0.19,0.00,0.05,Suporte Forte,0,0
2008-03-10,20.94,21.94,22.55,23.05,23.55,24.26,25.16,26.31,27.77,0.19,0.00,0.05,Suporte Forte,0,0
2008-03-11,20.94,21.89,22.48,22.96,23.43,24.11,24.97,26.07,27.46,0.31,0.24,0.07,Suporte,0,0
2008-03-12,20.94,21.86,22.42,22.88,23.34,23.99,24.82,25.88,27.22,0.37,0.24,0.01,Suporte,1,0
2008-03-13,20.94,21.85,22.41,22.86,23.31,23.96,24.78,25.82,27.15,0.35,0.24,0.03,Suporte,1,0
2008-03-14,20.94,21.69,22.15,22.52,22.89,23.42,24.10,24.96,26.05,0.34,0.24,0.04,Suporte,1,0
2008-03-17,20.94,21.57,21.95,22.26,22.58,23.02,23.59,24.31,25.23,0.28,0.24,0.10,Suporte,0,0
2008-03-18,20.94,21.53,21.90,22.20,22.50,22.92,23.46,24.15,25.02,0.63,0.62,0.16,Resistência,1,0
2008-03-19,20.94,21.53,21.90,22.20,22.50,22.92,23.46,24.15,25.02,0.62,0.62,0.17,Resistência,1,0
2008-03-20,20.94,21.52,21.87,22.16,22.45,22.86,23.38,24.04,24.89,0.80,0.79,0.20,Resistência Forte,0,1
2008-03-24,20.94,21.53,21.89,22.18,22.47,22.89,23.42,24.09,24.95,0.97,0.79,0.03,Resistência Forte,0,1
2008-03-25,20.94,21.61,22.02,22.36,22.69,23.16,23.77,24.54,25.52,0.98,0.79,0.02,Resistência Forte,0,1
2008-03-26,20.94,21.65,22.08,22.44,22.79,23.29,23.93,24.74,25.78,0.92,0.79,0.08,Resistência Forte,0,0
2008-03-27,20.94,21.65,22.08,22.44,22.79,23.29,23.93,24.74,25.78,0.85,0.79,0.15,Resistência Forte,0,1
2008-03-28,20.94,21.65,22.08,22.44,22.79,23.29,23.93,24.74,25.78,0.81,0.79,0.19,Resistência Forte,0,1
2008-03-31,20.94,21.65,22.08,22.44,22.79,23.29,23.93,24.74,25.78,0.92,0.79,0.08,Resistência Forte,0,0
2008-04-01,20.94,21.72,22.21,22.60,22.99,23.55,24.26,25.16,26.31,1.00,1.00,0.27,Resistência Forte,0,1
2008-04-02,20.94,21.84,22.39,22.84,23.29,23.93,24.74,25.77,27.09,0.93,0.79,0.07,Resistência Forte,0,0
2008-04-03,20.94,21.84,22.39,22.84,23.29,23.93,24.74,25.77,27.09,0.87,0.79,0.13,Resistência Forte,0,0
2008-04-04,20.94,21.84,22.39,22.84,23.29,23.93,24.74,25.77,27.09,0.94,0.79,0.06,Resistência Forte,0,1
2008-04-07,20.94,21.84,22.39,22.84,23.29,23.93,24.74,25.77,27.09,0.86,0.79,0.14,Resistência Forte,0,0
2008-04-08,20.94,21.84,22.39,22.84,23.29,23.93,24.74,25.77,27.09,0.83,0.79,0.17,Resistência Forte,0,1
2008-04-09,20.94,21.84,22.39,22.84,23.29,23.93,24.74,25.77,27.09,0.79,0.79,0.21,Resistência Forte,0,1
2008-04-10,20.94,21.84,22.39,22.84,23.29,23.93,24.74,25.77,27.09,0.79,0.79,0.21,Resistência Forte,0,1
2008-04-11,20.94,21.84,22.39,22.84,23.29,23.93,24.74,25.77,27.09,0.66,0.62,0.13,Resistência,1,0
2008-04-14,20.94,21.84,22.39,22.84,23.29,23.93,24.74,25.77,27.09,0.68,0.62,0.11,Resistência,1,0
2008-04-15,20.94,21.84,22.39,22.84,23.29,23.93,24.74,25.77,27.09,0.71,0.62,0.08,Resistência,0,0
2008-04-16,20.94,21.84,22.39,22.84,23.29,23.93,24.74,25.77,27.09,0.86,0.79,0.14,Resistência Forte,0,0
2008-04-17,20.94,21.84,22.39,22.84,23.29,23.93,24.74,25.77,27.09,0.88,0.79,0.12,Resistência Forte,0,0
2008-04-18,20.94,21.84,22.39,22.84,23.29,23.93,24.74,25.77,27.09,0.93,0.79,0.07,Resistência Forte,0,0
2008-04-21,20.95,21.84,22.40,22.84,23.29,23.93,24.74,25.77,27.08,0.91,0.79,0.09,Resistência Forte,0,0
2008-04-22,20.98,21.87,22.42,22.86,23.30,23.94,24.74,25.76,27.06,0.86,0.79,0.14,Resistência Forte,0,0
2008-04-23,21.42,22.20,22.69,23.08,23.47,24.03,24.74,25.64,26.79,0.88,0.79,0.12,Resistência Forte,0,0
2008-04-24,21.53,22.29,22.76,23.14,23.51,24.05,24.74,25.61,26.72,0.95,0.79,0.05,Resistência Forte,0,1
2008-04-25,21.53,22.29,22.76,23.14,23.51,24.05,24.74,25.61,26.72,0.97,0.79,0.03,Resistência Forte,0,1
2008-04-28,21.53,22.29,22.76,23.14,23.51,24.05,24.74,25.61,26.72,0.92,0.79,0.08,Resistência Forte,0,0
2008-04-29,21.53,22.29,22.76,23.14,23.51,24.05,24.74,25.61,26.72,0.89,0.79,0.11,Resistência Forte,0,0
2008-04-30,21.53,22.37,22.90,23.32,23.74,24.34,25.11,26.08,27.32,0.89,0.79,0.11,Resistência Forte,0,0
2008-05-01,21.53,22.42,22.96,23.40,23.85,24.48,25.28,26.30,27.60,1.00,1.00,0.27,Resistência Forte,0,1
2008-05-02,21.53,22.42,22.96,23.40,23.85,24.48,25.28,26.30,27.60,0.68,0.62,0.11,Resistência,0,0
2008-05-05,21.53,22.42,22.96,23.40,23.85,24.48,25.28,26.30,27.60,0.73,0.62,0.06,Resistência,0,1
2008-05-06,21.53,22.42,22.96,23.40,23.85,24.48,25.28,26.30,27.60,0.74,0.62,0.05,Resistência,0,1
2008-05-07,21.53,22.42,22.96,23.40,23.85,24.48,25.28,26.30,27.60,0.69,0.62,0.10,Resistência,0,0
2008-05-08,21.53,22.42,22.96,23.40,23.85,24.48,25.28,26.30,27.60,0.65,0.62,0.14,Resistência,1,0
2008-05-09,21.53,22.42,22.96,23.40,23.85,24.48,25.28,26.30,27.60,0.68,0.62,0.11,Resistência,0,0
2008-05-12,21.53,22.42,22.96,23.40,23.85,24.48,25.28,26.30,27.60,0.78,0.62,0.01,Resistência,0,1
2008-05-13,21.53,22.42,22.96,23.40,23.85,24.48,25.28,26.30,27.60,0.78,0.62,0.01,Resistência,0,1
2008-05-14,21.53,22.42,22.96,23.40,23.85,24.48,25.28,26.30,27.60,0.83,0.79,0.17,Resistência Forte,0,1
2008-05-15,21.53,22.42,22.96,23.40,23.85,24.48,25.28,26.30,27.60,0.86,0.79,0.14,Resistência Forte,0,0
2008-05-16,21.53,22.42,22.96,23.40,23.85,24.48,25.28,26.30,27.60,0.80,0.79,0.20,Resistência Forte,0,1
2008-05-19,21.53,22.42,22.96,23.40,23.85,24.48,25.28,26.30,27.60,0.77,0.62,0.02,Resistência,0,1
2008-05-20,21.53,22.42,22.96,23.40,23.85,24.48,25.28,26.30,27.60,0.74,0.62,0.05,Resistência,0,1
2008-05-21,21.53,22.42,22.96,23.40,23.85,24.48,25.28,26.30,27.60,0.65,0.62,0.14,Resistência,1,0
2008-05-22,21.53,22.42,22.96,23.40,23.85,24.48,25.28,26.30,27.60,0.59,0.50,0.03,Zona de Consolidação,1,0
2008-05-23,21.53,22.42,22.96,23.40,23.85,24.48,25.28,26.30,27.60,0.49,0.38,0.01,Zona de Consolidação,0,0
2008-05-27,21.53,22.42,22.96,23.40,23.85,24.48,25.28,26.30,27.60,0.58,0.50,0.04,Zona de Consolidação,1,0
2008-05-28,21.88,22.68,23.18,23.58,23.98,24.55,25.28,26.20,27.38,0.55,0.50,0.07,Zona de Consolidação,1,0
2008-05-29,22.49,23.15,23.56,23.88,24.21,24.68,25.28,26.04,27.00,0.55,0.50,0.07,Zona de Consolidação,1,0
2008-05-30,22.49,23.15,23.56,23.88,24.21,24.68,25.28,26.04,27.00,0.56,0.50,0.06,Zona de Consolidação,1,0
2008-06-02,22.64,23.26,23.65,23.96,24.27,24.72,25.28,26.00,26.91,0.48,0.38,0.02,Zona de Consolidação,0,0
2008-06-03,23.30,23.77,24.06,24.29,24.52,24.86,25.28,25.82,26.50,0.40,0.38,0.10,Zona de Consolidação,1,0
2008-06-04,23.30,23.77,24.06,24.29,24.52,24.86,25.28,25.82,26.50,0.49,0.38,0.01,Zona de Consolidação,1,0
2008-06-05,23.30,23.77,24.06,24.29,24.52,24.86,25.28,25.82,26.50,0.69,0.62,0.10,Resistência,1,1
2008-06-06,23.30,23.77,24.06,24.29,24.52,24.86,25.28,25.82,26.50,0.20,0.00,0.04,Suporte Forte,0,0
2008-06-09,23.30,23.77,24.06,24.29,24.52,24.86,25.28,25.82,26.50,0.37,0.24,0.01,Suporte,1,0
2008-06-10,23.30,23.77,24.06,24.29,24.52,24.86,25.28,25.82,26.50,0.41,0.38,0.09,Zona de Consolidação,1,0
2008-06-11,23.30,23.77,24.06,24.29,24.52,24.86,25.28,25.82,26.50,0.24,0.24,0.14,Suporte,0,0
2008-06-12,23.30,23.77,24.06,24.29,24.52,24.86,25.28,25.82,26.50,0.34,0.24,0.04,Suporte,1,0
2008-06-13,23.30,23.77,24.06,24.29,24.52,24.86,25.28,25.82,26.50,0.49,0.38,0.01,Zona de Consolidação,1,0
2008-06-16,23.30,23.77,24.06,24.29,24.52,24.86,25.28,25.82,26.50,0.52,0.50,0.10,Zona de Consolidação,1,0
2008-06-17,23.30,23.77,24.06,24.29,24.52,24.86,25.28,25.82,26.50,0.42,0.38,0.08,Zona de Consolidação,1,0
2008-06-18,23.30,23.77,24.06,24.29,24.52,24.86,25.28,25.82,26.50,0.30,0.24,0.08,Suporte,1,0
2008-06-19,23.30,23.77,24.06,24.29,24.52,24.86,25.28,25.82,26.50,0.43,0.38,0.07,Zona de Consolidação,1,0
2008-06-20,23.30,23.77,24.06,24.29,24.52,24.86,25.28,25.82,26.50,0.34,0.24,0.04,Suporte,1,0
2008-06-23,23.30,23.77,24.06,24.29,24.52,24.86,25.28,25.82,26.50,0.29,0.24,0.09,Suporte,1,0
2008-06-24,23.30,23.77,24.06,24.29,24.52,24.86,25.28,25.82,26.50,0.19,0.00,0.05,Suporte Forte,0,0
2008-06-25,23.30,23.77,24.06,24.29,24.52,24.86,25.28,25.82,26.50,0.30,0.24,0.08,Suporte,1,0
2008-06-26,23.30,23.77,24.06,24.29,24.52,24.86,25.28,25.82,26.50,0.13,0.00,0.11,Suporte Forte,0,0
2008-06-27,23.21,23.70,24.00,24.24,24.49,24.84,25.28,25.84,26.56,0.11,0.00,0.13,Suporte Forte,0,0
2008-06-30,23.21,23.70,24.00,24.24,24.49,24.84,25.28,25.84,26.56,0.18,0.00,0.06,Suporte Forte,0,0
2008-07-01,23.21,23.70,24.00,24.24,24.49,24.84,25.28,25.84,26.56,0.38,0.24,0.00,Suporte,1,0
2008-07-02,23.21,23.70,24.00,24.24,24.49,24.84,25.28,25.84,26.56,0.23,0.00,0.01,Suporte Forte,0,0
2008-07-03,23.21,23.70,24.00,24.24,24.49,24.84,25.28,25.84,26.56,0.23,0.00,0.01,Suporte Forte,0,0
2008-07-07,23.21,23.70,24.00,24.24,24.49,24.84,25.28,25.84,26.56,0.24,0.24,0.14,Suporte,0,0
2008-07-08,23.21,23.70,24.00,24.24,24.49,24.84,25.28,25.84,26.56,0.38,0.24,0.00,Suporte,1,0
2008-07-09,23.21,23.70,24.00,24.24,24.49,24.84,25.28,25.84,26.56,0.19,0.00,0.05,Suporte Forte,0,0
2008-07-10,23.21,23.70,24.00,24.24,24.49,24.84,25.28,25.84,26.56,0.22,0.00,0.02,Suporte Forte,0,0
2008-07-11,23.06,23.58,23.91,24.17,24.43,24.80,25.28,25.88,26.65,0.13,0.00,0.11,Suporte Forte,0,0
2008-07-14,22.95,23.42,23.71,23.95,24.19,24.52,24.95,25.49,26.19,0.04,0.00,0.20,Suporte Forte,0,0
2008-07-15,22.66,23.18,23.50,23.76,24.03,24.40,24.87,25.47,26.24,0.20,0.00,0.04,Suporte Forte,0,0
2008-07-16,22.66,23.18,23.50,23.76,24.03,24.40,24.87,25.47,26.24,0.40,0.38,0.10,Zona de Consolidação,1,0
2008-07-17,22.66,23.18,23.50,23.76,24.03,24.40,24.87,25.47,26.24,0.54,0.50,0.08,Zona de Consolidação,1,0
2008-07-18,22.66,23.18,23.50,23.76,24.03,24.40,24.87,25.47,26.24,0.59,0.50,0.03,Zona de Consolidação,1,0
2008-07-21,22.66,23.18,23.50,23.76,24.03,24.40,24.87,25.47,26.24,0.59,0.50,0.03,Zona de Consolidação,1,0
2008-07-22,22.66,23.18,23.50,23.76,24.03,24.40,24.87,25.47,26.24,0.75,0.62,0.04,Resistência,0,1
2008-07-23,22.66,23.18,23.50,23.76,24.03,24.40,24.87,25.47,26.24,0.61,0.50,0.01,Zona de Consolidação,1,0
2008-07-24,22.66,23.18,23.50,23.76,24.03,24.40,24.87,25.47,26.24,0.27,0.24,0.11,Suporte,0,0
2008-07-25,22.66,23.17,23.48,23.74,23.99,24.35,24.81,25.39,26.14,0.21,0.00,0.03,Suporte Forte,0,0
2008-07-28,22.66,23.15,23.45,23.70,23.95,24.29,24.74,25.31,26.03,0.04,0.00,0.20,Suporte Forte,0,0
2008-07-29,22.66,23.14,23.44,23.68,23.91,24.26,24.69,25.24,25.94,0.08,0.00,0.16,Suporte Forte,0,0
2008-07-30,22.66,23.14,23.44,23.68,23.91,24.26,24.69,25.24,25.94,0.36,0.24,0.02,Suporte,1,0
2008-07-31,22.66,23.14,23.44,23.68,23.91,24.26,24.69,25.24,25.94,0.67,0.62,0.12,Resistência,1,1
2008-08-01,22.66,23.14,23.44,23.68,23.91,24.26,24.69,25.24,25.94,0.74,0.62,0.05,Resistência,0,1
2008-08-04,22.66,23.14,23.44,23.68,23.91,24.26,24.69,25.24,25.94,0.88,0.79,0.12,Resistência Forte,0,1
2008-08-05,22.66,23.19,23.52,23.79,24.06,24.44,24.92,25.53,26.32,0.99,0.79,0.01,Resistência Forte,0,1
2008-08-06,22.66,23.22,23.56,23.84,24.12,24.51,25.02,25.66,26.48,1.00,1.00,0.27,Resistência Forte,0,1
2008-08-07,22.66,23.22,23.56,23.84,24.12,24.51,25.02,25.66,26.48,0.83,0.79,0.17,Resistência Forte,0,1
2008-08-08,22.66,23.29,23.68,24.00,24.32,24.77,25.34,26.07,27.00,1.00,1.00,0.27,Resistência Forte,0,1
2008-08-11,22.66,23.37,23.81,24.17,24.53,25.03,25.68,26.50,27.55,0.95,0.79,0.05,Resistência Forte,0,1
2008-08-12,22.66,23.37,23.81,24.17,24.53,25.03,25.68,26.50,27.55,0.92,0.79,0.08,Resistência Forte,0,1
2008-08-13,22.66,23.37,23.81,24.17,24.53,25.03,25.68,26.50,27.55,0.88,0.79,0.12,Resistência Forte,0,0
2008-08-14,22.66,23.37,23.81,24.17,24.53,25.03,25.68,26.50,27.55,0.94,0.79,0.06,Resistência Forte,0,1
2008-08-15,22.66,23.40,23.86,24.22,24.59,25.12,25.79,26.64,27.72,0.98,0.79,0.02,Resistência Forte,0,1
2008-08-18,22.66,23.40,23.86,24.24,24.61,25.14,25.81,26.67,27.76,0.90,0.79,0.10,Resistência Forte,0,0
2008-08-19,22.66,23.40,23.86,24.24,24.61,25.14,25.81,26.67,27.76,0.70,0.62,0.09,Resistência,0,0
2008-08-20,22.66,23.40,23.86,24.24,24.61,25.14,25.81,26.67,27.76,0.70,0.62,0.09,Resistência,0,0
2008-08-21,22.66,23.40,23.86,24.24,24.61,25.14,25.81,26.67,27.76,0.80,0.79,0.20,Resistência Forte,0,1
2008-08-22,22.66,23.40,23.86,24.24,24.61,25.14,25.81,26.67,27.76,0.87,0.79,0.13,Resistência Forte,0,0
2008-08-25,22.66,23.40,23.86,24.24,24.61,25.14,25.81,26.67,27.76,0.69,0.62,0.10,Resistência,1,0
2008-08-26,22.66,23.40,23.86,24.24,24.61,25.14,25.81,26.67,27.76,0.71,0.62,0.08,Resistência,0,1
2008-08-27,22.66,23.40,23.86,24.24,24.61,25.14,25.81,26.67,27.76,0.81,0.79,0.19,Resistência Forte,0,1
2008-08-28,22.66,23.40,23.86,24.24,24.61,25.14,25.81,26.67,27.76,0.83,0.79,0.17,Resistência Forte,0,1
2008-08-29,22.66,23.40,23.86,24.24,24.61,25.14,25.81,26.67,27.76,0.73,0.62,0.06,Resistência,0,1
2008-09-02,22.66,23.40,23.86,24.24,24.61,25.14,25.81,26.67,27.76,0.87,0.79,0.13,Resistência Forte,0,0
2008-09-03,22.66,23.40,23.86,24.24,24.61,25.14,25.81,26.67,27.76,0.98,0.79,0.02,Resistência Forte,0,1
2008-09-04,22.66,23.41,23.88,24.26,24.63,25.17,25.85,26.72,27.82,0.75,0.62,0.04,Resistência,0,1
2008-09-05,22.66,23.41,23.88,24.26,24.63,25.17,25.85,26.72,27.82,0.69,0.62,0.10,Resistência,1,0
2008-09-08,22.66,23.41,23.88,24.26,24.63,25.17,25.85,26.72,27.82,0.98,0.79,0.02,Resistência Forte,0,1
2008-09-09,22.66,23.42,23.89,24.26,24.64,25.18,25.87,26.74,27.85,0.81,0.79,0.19,Resistência Forte,0,1
2008-09-10,22.66,23.42,23.89,24.26,24.64,25.18,25.87,26.74,27.85,0.81,0.79,0.19,Resistência Forte,0,1
2008-09-11,22.66,23.42,23.89,24.26,24.64,25.18,25.87,26.74,27.85,0.90,0.79,0.10,Resistência Forte,0,0
2008-09-12,22.66,23.42,23.89,24.26,24.64,25.18,25.87,26.74,27.85,0.93,0.79,0.07,Resistência Forte,0,1
2008-09-15,22.66,23.42,23.89,24.26,24.64,25.18,25.87,26.74,27.85,0.76,0.62,0.03,Resistência,0,1
2008-09-16,22.66,23.42,23.89,24.26,24.64,25.18,25.87,26.74,27.85,0.78,0.62,0.01,Resistência,0,1
2008-09-17,22.66,23.42,23.89,24.26,24.64,25.18,25.87,26.74,27.85,0.42,0.38,0.08,Zona de Consolidação,1,0
2008-09-18,22.66,23.42,23.89,24.26,24.64,25.18,25.87,26.74,27.85,0.63,0.62,0.16,Resistência,1,0
2008-09-19,22.66,23.43,23.90,24.28,24.67,25.21,25.91,26.79,27.92,0.80,0.79,0.20,Resistência Forte,0,1
2008-09-22,22.66,23.43,23.90,24.28,24.67,25.21,25.91,26.79,27.92,0.53,0.50,0.09,Zona de Consolidação,0,0
2008-09-23,22.66,23.43,23.90,24.28,24.67,25.21,25.91,26.79,27.92,0.42,0.38,0.08,Zona de Consolidação,1,0
2008-09-24,22.66,23.43,23.90,24.28,24.67,25.21,25.91,26.79,27.92,0.44,0.38,0.06,Zona de Consolidação,1,0
2008-09-25,22.66,23.43,23.90,24.28,24.67,25.21,25.91,26.79,27.92,0.54,0.50,0.08,Zona de Consolidação,0,0
2008-09-26,22.66,23.43,23.90,24.28,24.67,25.21,25.91,26.79,27.92,0.65,0.62,0.14,Resistência,1,0
2008-09-29,22.66,23.43,23.90,24.28,24.67,25.21,25.91,26.79,27.92,0.29,0.24,0.09,Suporte,0,0
2008-09-30,22.66,23.43,23.90,24.28,24.67,25.21,25.91,26.79,27.92,0.48,0.38,0.02,Zona de Consolidação,0,0
2008-10-01,22.66,23.43,23.90,24.28,24.67,25.21,25.91,26.79,27.92,0.37,0.24,0.01,Suporte,1,0
2008-10-02,22.66,23.43,23.90,24.28,24.67,25.21,25.91,26.79,27.92,0.17,0.00,0.07,Suporte Forte,0,0
2008-10-03,22.66,23.43,23.90,24.28,24.67,25.21,25.91,26.79,27.92,0.22,0.00,0.02,Suporte Forte,0,0
2008-10-06,21.44,22.49,23.15,23.68,24.20,24.95,25.91,27.13,28.67,0.08,0.00,0.16,Suporte Forte,0,0
2008-10-07,21.23,22.33,23.02,23.57,24.12,24.91,25.91,27.18,28.80,0.02,0.00,0.22,Suporte Forte,0,0
2008-10-08,20.70,21.93,22.69,23.30,23.92,24.80,25.91,27.33,29.13,0.11,0.00,0.13,Suporte Forte,0,0
2008-10-09,19.71,21.17,22.08,22.81,23.54,24.58,25.91,27.60,29.74,0.00,0.00,0.24,Suporte Forte,0,0
2008-10-10,18.23,20.04,21.16,22.07,22.98,24.27,25.91,28.00,30.66,0.10,0.00,0.14,Suporte Forte,0,0
2008-10-13,18.23,20.04,21.16,22.07,22.98,24.27,25.91,28.00,30.66,0.19,0.00,0.05,Suporte Forte,0,0
2008-10-14,18.23,20.04,21.16,22.07,22.98,24.27,25.91,28.00,30.66,0.24,0.24,0.14,Suporte,0,0
2008-10-15,18.23,20.04,21.16,22.07,22.98,24.27,25.91,28.00,30.66,0.06,0.00,0.18,Suporte Forte,0,0
2008-10-16,17.46,19.45,20.69,21.68,22.68,24.10,25.91,28.21,31.13,0.17,0.00,0.07,Suporte Forte,0,0
2008-10-17,17.46,19.45,20.69,21.68,22.68,24.10,25.91,28.21,31.13,0.20,0.00,0.04,Suporte Forte,0,0
2008-10-20,17.46,19.45,20.69,21.68,22.68,24.10,25.91,28.21,31.13,0.31,0.24,0.07,Suporte,0,0
2008-10-21,17.46,19.45,20.69,21.68,22.68,24.10,25.91,28.21,31.13,0.22,0.00,0.02,Suporte Forte,0,0
2008-10-22,17.46,19.45,20.69,21.68,22.68,24.10,25.91,28.21,31.13,0.14,0.00,0.10,Suporte Forte,0,0
2008-10-23,17.46,19.45,20.69,21.68,22.68,24.10,25.91,28.21,31.13,0.21,0.00,0.03,Suporte Forte,0,0
2008-10-24,17.46,19.45,20.69,21.68,22.68,24.10,25.91,28.21,31.13,0.12,0.00,0.12,Suporte Forte,0,0
2008-10-27,17.46,19.45,20.69,21.68,22.68,24.10,25.91,28.21,31.13,0.01,0.00,0.23,Suporte Forte,0,0
2008-10-28,17.46,19.45,20.69,21.68,22.68,24.10,25.91,28.21,31.13,0.26,0.24,0.12,Suporte,0,0
2008-10-29,17.46,19.45,20.69,21.68,22.68,24.10,25.91,28.21,31.13,0.16,0.00,0.08,Suporte Forte,0,0
2008-10-30,17.46,19.45,20.69,21.68,22.68,24.10,25.91,28.21,31.13,0.14,0.00,0.10,Suporte Forte,0,0
2008-10-31,17.46,19.45,20.69,21.68,22.68,24.10,25.91,28.21,31.13,0.28,0.24,0.10,Suporte,0,0
2008-11-03,17.46,19.45,20.69,21.68,22.68,24.10,25.91,28.21,31.13,0.16,0.00,0.08,Suporte Forte,0,0
2008-11-04,17.46,19.45,20.69,21.68,22.68,24.10,25.91,28.21,31.13,0.36,0.24,0.02,Suporte,1,0
2008-11-05,17.46,19.45,20.69,21.68,22.68,24.10,25.91,28.21,31.13,0.26,0.24,0.12,Suporte,0,0
2008-11-06,17.46,19.45,20.69,21.68,22.68,24.10,25.91,28.21,31.13,0.23,0.00,0.01,Suporte Forte,0,0
2008-11-07,17.46,19.45,20.69,21.68,22.68,24.10,25.91,28.21,31.13,0.31,0.24,0.07,Suporte,0,0
2008-11-10,17.46,19.45,20.69,21.68,22.68,24.10,25.91,28.21,31.13,0.32,0.24,0.06,Suporte,0,0
2008-11-11,17.46,19.45,20.69,21.68,22.68,24.10,25.91,28.21,31.13,0.28,0.24,0.10,Suporte,0,0
2008-11-12,17.46,19.45,20.69,21.68,22.68,24.10,25.91,28.21,31.13,0.21,0.00,0.03,Suporte Forte,0,0
2008-11-13,17.46,19.45,20.69,21.68,22.68,24.10,25.91,28.21,31.13,0.39,0.38,0.11,Zona de Consolidação,1,0
2008-11-14,17.46,19.45,20.69,21.68,22.68,24.10,25.91,28.21,31.13,0.29,0.24,0.09,Suporte,0,0
2008-11-17,17.46,19.45,20.69,21.68,22.68,24.10,25.91,28.21,31.13,0.27,0.24,0.11,Suporte,0,0
2008-11-18,17.46,19.45,20.69,21.68,22.68,24.10,25.91,28.21,31.13,0.29,0.24,0.09,Suporte,0,0
2008-11-19,17.46,19.45,20.69,21.68,22.68,24.10,25.91,28.21,31.13,0.22,0.00,0.02,Suporte Forte,0,0
2008-11-20,17.46,19.45,20.69,21.68,22.68,24.10,25.91,28.21,31.13,0.09,0.00,0.15,Suporte Forte,0,0
2008-11-21,17.46,19.45,20.69,21.68,22.68,24.10,25.91,28.21,31.13,0.30,0.24,0.08,Suporte,0,0
2008-11-24,17.46,19.45,20.69,21.68,22.68,24.10,25.91,28.21,31.13,0.44,0.38,0.06,Zona de Consolidação,0,0
2008-11-25,17.46,19.45,20.69,21.68,22.68,24.10,25.91,28.21,31.13,0.45,0.38,0.05,Zona de Consolidação,0,0
2008-11-26,17.46,19.45,20.69,21.68,22.68,24.10,25.91,28.21,31.13,0.63,0.62,0.16,Resistência,1,0
2008-11-28,17.46,19.45,20.69,21.68,22.68,24.10,25.91,28.21,31.13,0.69,0.62,0.10,Resistência,0,0
2008-12-01,17.46,19.29,20.42,21.34,22.26,23.56,25.22,27.33,30.02,0.50,0.50,0.12,Zona de Consolidação,0,0
2008-12-02,17.46,19.20,20.28,21.14,22.01,23.25,24.83,26.83,29.38,0.58,0.50,0.04,Zona de Consolidação,0,0
2008-12-03,17.46,19.20,20.28,21.14,22.01,23.25,24.83,26.83,29.38,0.59,0.50,0.03,Zona de Consolidação,1,0
2008-12-04,17.46,19.20,20.28,21.14,22.01,23.25,24.83,26.83,29.38,0.44,0.38,0.06,Zona de Consolidação,0,0
2008-12-05,17.46,19.20,20.28,21.14,22.01,23.25,24.83,26.83,29.38,0.52,0.50,0.10,Zona de Consolidação,0,0
2008-12-08,17.46,19.15,20.19,21.04,21.88,23.08,24.61,26.55,29.03,0.62,0.62,0.17,Resistência,1,0
2008-12-09,17.46,19.08,20.08,20.89,21.70,22.85,24.32,26.19,28.56,0.69,0.62,0.10,Resistência,0,0
2008-12-10,17.46,19.08,20.08,20.89,21.70,22.85,24.32,26.19,28.56,0.66,0.62,0.13,Resistência,0,0
2008-12-11,17.46,19.05,20.03,20.83,21.62,22.75,24.19,26.02,28.35,0.57,0.50,0.05,Zona de Consolidação,0,0
2008-12-12,17.46,19.05,20.03,20.83,21.62,22.75,24.19,26.02,28.35,0.65,0.62,0.14,Resistência,0,0
2008-12-15,17.46,18.86,19.72,20.42,21.12,22.11,23.38,24.99,27.04,0.67,0.62,0.12,Resistência,0,0
2008-12-16,17.46,18.86,19.72,20.42,21.12,22.11,23.38,24.99,27.04,0.71,0.62,0.08,Resistência,0,0
2008-12-17,17.46,18.86,19.72,20.42,21.12,22.11,23.38,24.99,27.04,0.65,0.62,0.14,Resistência,1,0
2008-12-18,17.46,18.86,19.72,20.42,21.12,22.11,23.38,24.99,27.04,0.59,0.50,0.03,Zona de Consolidação,1,0
2008-12-19,17.46,18.86,19.72,20.42,21.12,22.11,23.38,24.99,27.04,0.68,0.62,0.11,Resistência,0,0
2008-12-22,17.46,18.86,19.72,20.42,21.12,22.11,23.38,24.99,27.04,0.70,0.62,0.09,Resistência,0,0
2008-12-23,17.46,18.86,19.72,20.42,21.12,22.11,23.38,24.99,27.04,0.70,0.62,0.09,Resistência,0,0
2008-12-24,17.46,18.86,19.72,20.42,21.12,22.11,23.38,24.99,27.04,0.73,0.62,0.06,Resistência,0,0
2008-12-26,17.46,18.86,19.72,20.42,21.12,22.11,23.38,24.99,27.04,0.73,0.62,0.06,Resistência,0,0
2008-12-29,17.55,18.93,19.78,20.46,21.15,22.13,23.38,24.97,26.98,0.72,0.62,0.07,Resistência,0,0
2008-12-30,17.55,18.93,19.78,20.46,21.15,22.13,23.38,24.97,26.98,0.82,0.79,0.18,Resistência Forte,0,1
2008-12-31,17.55,18.93,19.78,20.46,21.15,22.13,23.38,24.97,26.98,0.84,0.79,0.16,Resistência Forte,0,0
2009-01-02,17.55,18.93,19.78,20.46,21.15,22.13,23.38,24.97,26.98,0.95,0.79,0.05,Resistência Forte,0,0
2009-01-05,17.55,18.93,19.78,20.46,21.15,22.13,23.38,24.97,26.98,0.91,0.79,0.09,Resistência Forte,0,0
2009-01-06,17.55,18.93,19.79,20.48,21.17,22.16,23.41,25.00,27.03,0.98,0.79,0.02,Resistência Forte,0,1
2009-01-07,17.55,18.93,19.79,20.48,21.17,22.16,23.41,25.00,27.03,0.91,0.79,0.09,Resistência Forte,0,0
2009-01-08,17.59,18.96,19.81,20.50,21.19,22.16,23.41,24.99,27.01,0.96,0.79,0.04,Resistência Forte,0,1
2009-01-09,17.94,19.23,20.03,20.68,21.32,22.24,23.41,24.90,26.79,0.75,0.62,0.04,Resistência,0,1
2009-01-12,17.94,19.23,20.03,20.68,21.32,22.24,23.41,24.90,26.79,0.75,0.62,0.04,Resistência,0,1
2009-01-13,17.94,19.23,20.03,20.68,21.32,22.24,23.41,24.90,26.79,0.78,0.62,0.01,Resistência,0,1
2009-01-14,17.94,19.23,20.03,20.68,21.32,22.24,23.41,24.90,26.79,0.68,0.62,0.11,Resistência,0,0
2009-01-15,17.94,19.23,20.03,20.68,21.32,22.24,23.41,24.90,26.79,0.81,0.79,0.19,Resistência Forte,0,1
2009-01-16,17.94,19.23,20.03,20.68,21.32,22.24,23.41,24.90,26.79,0.84,0.79,0.16,Resistência Forte,0,0
2009-01-20,17.94,19.23,20.03,20.68,21.32,22.24,23.41,24.90,26.79,0.65,0.62,0.14,Resistência,1,0
2009-01-21,17.94,19.23,20.03,20.68,21.32,22.24,23.41,24.90,26.79,0.63,0.62,0.16,Resistência,1,0
2009-01-22,17.94,19.23,20.03,20.68,21.32,22.24,23.41,24.90,26.79,0.56,0.50,0.06,Zona de Consolidação,0,0
2009-01-23,17.94,19.23,20.03,20.68,21.32,22.24,23.41,24.90,26.79,0.59,0.50,0.03,Zona de Consolidação,1,0
2009-01-26,17.94,19.23,20.03,20.68,21.32,22.24,23.41,24.90,26.79,0.65,0.62,0.14,Resistência,1,0
2009-01-27,17.94,19.23,20.03,20.68,21.32,22.24,23.41,24.90,26.79,0.60,0.50,0.02,Zona de Consolidação,1,0
2009-01-28,17.94,19.23,20.03,20.68,21.32,22.24,23.41,24.90,26.79,0.63,0.62,0.16,Resistência,1,0
2009-01-29,17.94,19.23,20.03,20.68,21.32,22.24,23.41,24.90,26.79,0.55,0.50,0.07,Zona de Consolidação,0,0
2009-01-30,17.94,19.23,20.03,20.68,21.32,22.24,23.41,24.90,26.79,0.51,0.50,0.11,Zona de Consolidação,0,0
2009-02-02,17.94,19.23,20.03,20.68,21.32,22.24,23.41,24.90,26.79,0.55,0.50,0.07,Zona de Consolidação,0,0
2009-02-03,17.94,19.23,20.03,20.68,21.32,22.24,23.41,24.90,26.79,0.80,0.79,0.20,Resistência Forte,0,1
2009-02-04,17.94,19.23,20.03,20.68,21.32,22.24,23.41,24.90,26.79,0.68,0.62,0.11,Resistência,0,0
2009-02-05,19.81,20.66,21.19,21.61,22.03,22.64,23.41,24.39,25.63,0.65,0.62,0.14,Resistência,1,0
2009-02-06,19.95,20.77,21.27,21.68,22.09,22.67,23.41,24.35,25.55,0.77,0.62,0.02,Resistência,0,1
2009-02-09,19.95,20.77,21.27,21.68,22.09,22.67,23.41,24.35,25.55,0.71,0.62,0.08,Resistência,0,0
2009-02-10,19.95,20.77,21.27,21.68,22.09,22.67,23.41,24.35,25.55,0.44,0.38,0.06,Zona de Consolidação,1,0
2009-02-11,19.95,20.77,21.27,21.68,22.09,22.67,23.41,24.35,25.55,0.50,0.50,0.12,Zona de Consolidação,0,0
2009-02-12,19.95,20.77,21.27,21.68,22.09,22.67,23.41,24.35,25.55,0.49,0.38,0.01,Zona de Consolidação,0,0
2009-02-13,19.95,20.77,21.27,21.68,22.09,22.67,23.41,24.35,25.55,0.37,0.24,0.01,Suporte,1,0
2009-02-17,19.95,20.77,21.27,21.68,22.09,22.67,23.41,24.35,25.55,0.26,0.24,0.12,Suporte,0,0
2009-02-18,19.95,20.77,21.27,21.68,22.09,22.67,23.41,24.35,25.55,0.32,0.24,0.06,Suporte,0,0
2009-02-19,20.37,21.09,21.53,21.89,22.25,22.76,23.41,24.24,25.29,0.00,0.00,0.24,Suporte Forte,0,0
2009-02-20,20.02,20.82,21.31,21.72,22.12,22.68,23.41,24.33,25.51,0.14,0.00,0.10,Suporte Forte,0,0
2009-02-23,19.54,20.45,21.02,21.48,21.93,22.58,23.41,24.46,25.80,0.01,0.00,0.23,Suporte Forte,0,0
2009-02-24,19.46,20.39,20.97,21.44,21.90,22.56,23.41,24.48,25.85,0.18,0.00,0.06,Suporte Forte,0,0
2009-02-25,19.46,20.39,20.97,21.44,21.90,22.56,23.41,24.48,25.85,0.12,0.00,0.12,Suporte Forte,0,0
2009-02-26,19.42,20.36,20.94,21.42,21.89,22.56,23.41,24.50,25.88,0.03,0.00,0.21,Suporte Forte,0,0
2009-02-27,19.12,20.13,20.76,21.26,21.77,22.49,23.41,24.58,26.06,0.09,0.00,0.15,Suporte Forte,0,0
2009-03-02,18.85,19.93,20.59,21.13,21.67,22.43,23.41,24.65,26.23,0.00,0.00,0.24,Suporte Forte,0,0
2009-03-03,18.67,19.79,20.48,21.04,21.60,22.40,23.41,24.70,26.34,0.04,0.00,0.20,Suporte Forte,0,0
2009-03-04,18.67,19.79,20.48,21.04,21.60,22.40,23.41,24.70,26.34,0.16,0.00,0.08,Suporte Forte,0,0
2009-03-05,18.62,19.75,20.45,21.02,21.58,22.38,23.41,24.71,26.37,0.03,0.00,0.21,Suporte Forte,0,0
2009-03-06,18.30,19.51,20.25,20.86,21.46,22.32,23.41,24.80,26.57,0.14,0.00,0.10,Suporte Forte,0,0
2009-03-09,18.30,19.51,20.25,20.86,21.46,22.32,23.41,24.80,26.57,0.13,0.00,0.11,Suporte Forte,0,0
2009-03-10,18.30,19.51,20.25,20.86,21.46,22.32,23.41,24.80,26.57,0.29,0.24,0.09,Suporte,0,0
2009-03-11,18.30,19.51,20.25,20.86,21.46,22.32,23.41,24.80,26.57,0.29,0.24,0.09,Suporte,0,0
2009-03-12,18.30,19.51,20.25,20.86,21.46,22.32,23.41,24.80,26.57,0.38,0.24,0.00,Suporte,1,0
2009-03-13,18.30,19.51,20.25,20.86,21.46,22.32,23.41,24.80,26.57,0.41,0.38,0.09,Zona de Consolidação,1,0
2009-03-16,18.30,19.51,20.25,20.86,21.46,22.32,23.41,24.80,26.57,0.41,0.38,0.09,Zona de Consolidação,1,0
2009-03-17,18.30,19.51,20.25,20.86,21.46,22.32,23.41,24.80,26.57,0.55,0.50,0.07,Zona de Consolidação,0,0
2009-03-18,18.30,19.51,20.25,20.86,21.46,22.32,23.41,24.80,26.57,0.61,0.50,0.01,Zona de Consolidação,1,0
2009-03-19,18.30,19.48,20.20,20.79,21.38,22.21,23.28,24.63,26.36,0.58,0.50,0.04,Zona de Consolidação,1,0
2009-03-20,18.30,19.48,20.20,20.79,21.38,22.21,23.28,24.63,26.36,0.53,0.50,0.09,Zona de Consolidação,0,0
2009-03-23,18.30,19.48,20.20,20.79,21.38,22.21,23.28,24.63,26.36,0.64,0.62,0.15,Resistência,1,0
2009-03-24,18.30,19.37,20.03,20.56,21.10,21.86,22.83,24.06,25.63,0.60,0.50,0.02,Zona de Consolidação,1,0
2009-03-25,18.30,19.37,20.03,20.56,21.10,21.86,22.83,24.06,25.63,0.49,0.38,0.01,Zona de Consolidação,0,0
2009-03-26,18.30,19.37,20.03,20.56,21.10,21.86,22.83,24.06,25.63,0.61,0.50,0.01,Zona de Consolidação,1,0
2009-03-27,18.30,19.37,20.03,20.56,21.10,21.86,22.83,24.06,25.63,0.48,0.38,0.02,Zona de Consolidação,0,0
2009-03-30,18.30,19.37,20.03,20.56,21.10,21.86,22.83,24.06,25.63,0.45,0.38,0.05,Zona de Consolidação,0,0
2009-03-31,18.30,19.37,20.03,20.56,21.10,21.86,22.83,24.06,25.63,0.44,0.38,0.06,Zona de Consolidação,0,0
2009-04-01,18.30,19.37,20.03,20.56,21.10,21.86,22.83,24.06,25.63,0.43,0.38,0.07,Zona de Consolidação,0,0
2009-04-02,18.30,19.37,20.03,20.56,21.10,21.86,22.83,24.06,25.63,0.57,0.50,0.05,Zona de Consolidação,1,0
2009-04-03,18.30,19.37,20.03,20.56,21.10,21.86,22.83,24.06,25.63,0.63,0.62,0.16,Resistência,1,0
2009-04-06,18.30,19.37,20.03,20.56,21.10,21.86,22.83,24.06,25.63,0.57,0.50,0.05,Zona de Consolidação,1,0
2009-04-07,18.30,19.37,20.03,20.56,21.10,21.86,22.83,24.06,25.63,0.45,0.38,0.05,Zona de Consolidação,0,0
2009-04-08,18.30,19.37,20.03,20.56,21.10,21.86,22.83,24.06,25.63,0.45,0.38,0.05,Zona de Consolidação,0,0
2009-04-09,18.30,19.37,20.03,20.56,21.10,21.86,22.83,24.06,25.63,0.57,0.50,0.05,Zona de Consolidação,0,0
2009-04-13,18.30,19.37,20.03,20.56,21.10,21.86,22.83,24.06,25.63,0.55,0.50,0.07,Zona de Consolidação,0,0
2009-04-14,18.30,19.37,20.03,20.56,21.10,21.86,22.83,24.06,25.63,0.50,0.50,0.12,Zona de Consolidação,0,0
2009-04-15,18.30,19.37,20.03,20.56,21.10,21.86,22.83,24.06,25.63,0.48,0.38,0.02,Zona de Consolidação,0,0
2009-04-16,18.30,19.33,19.97,20.48,21.00,21.73,22.67,23.86,25.37,0.63,0.62,0.16,Resistência,1,0
2009-04-17,18.30,19.33,19.97,20.48,21.00,21.73,22.67,23.86,25.37,0.58,0.50,0.04,Zona de Consolidação,1,0
2009-04-20,18.30,19.33,19.97,20.48,21.00,21.73,22.67,23.86,25.37,0.50,0.50,0.12,Zona de Consolidação,0,0
2009-04-21,18.30,19.32,19.96,20.47,20.98,21.71,22.64,23.82,25.32,0.57,0.50,0.05,Zona de Consolidação,1,0
2009-04-22,18.30,19.27,19.87,20.36,20.85,21.54,22.42,23.54,24.97,0.53,0.50,0.09,Zona de Consolidação,0,0
2009-04-23,18.30,19.13,19.64,20.06,20.48,21.07,21.82,22.78,24.00,0.53,0.50,0.09,Zona de Consolidação,0,0
2009-04-24,18.30,19.13,19.64,20.06,20.48,21.07,21.82,22.78,24.00,0.59,0.50,0.03,Zona de Consolidação,1,0
2009-04-27,18.30,19.10,19.60,20.00,20.40,20.97,21.70,22.62,23.80,0.46,0.38,0.04,Zona de Consolidação,0,0
2009-04-28,18.30,19.08,19.57,19.96,20.35,20.91,21.62,22.52,23.67,0.51,0.50,0.11,Zona de Consolidação,0,0
2009-04-29,18.30,19.08,19.57,19.96,20.35,20.91,21.62,22.52,23.67,0.64,0.62,0.15,Resistência,1,0
2009-04-30,18.30,19.08,19.57,19.96,20.35,20.91,21.62,22.52,23.67,0.60,0.50,0.02,Zona de Consolidação,1,0
2009-05-01,18.30,19.08,19.57,19.96,20.35,20.91,21.62,22.52,23.67,0.66,0.62,0.13,Resistência,1,0
2009-05-04,18.30,19.08,19.57,19.96,20.35,20.91,21.62,22.52,23.67,0.54,0.50,0.08,Zona de Consolidação,0,0
2009-05-05,18.30,19.08,19.57,19.96,20.35,20.91,21.62,22.52,23.67,0.69,0.62,0.10,Resistência,0,0
2009-05-06,18.30,19.08,19.57,19.96,20.35,20.91,21.62,22.52,23.67,0.88,0.79,0.12,Resistência Forte,0,0
2009-05-07,18.30,19.08,19.57,19.96,20.35,20.91,21.62,22.52,23.67,0.81,0.79,0.19,Resistência Forte,0,1
2009-05-08,18.30,19.08,19.57,19.96,20.35,20.91,21.62,22.52,23.67,0.89,0.79,0.11,Resistência Forte,0,0
2009-05-11,18.30,19.08,19.57,19.96,20.35,20.91,21.62,22.52,23.67,0.88,0.79,0.12,Resistência Forte,0,0
2009-05-12,18.30,19.08,19.57,19.96,20.35,20.91,21.62,22.52,23.67,0.92,0.79,0.08,Resistência Forte,0,0
2009-05-13,18.30,19.08,19.57,19.96,20.35,20.91,21.62,22.52,23.67,0.79,0.79,0.21,Resistência Forte,0,1
2009-05-14,18.30,19.08,19.57,19.96,20.35,20.91,21.62,22.52,23.67,0.77,0.62,0.02,Resistência,0,1
2009-05-15,18.30,19.08,19.57,19.96,20.35,20.91,21.62,22.52,23.67,0.70,0.62,0.09,Resistência,0,0
2009-05-18,18.74,19.42,19.84,20.18,20.52,21.00,21.62,22.40,23.40,0.77,0.62,0.02,Resistência,0,1
2009-05-19,18.79,19.46,19.87,20.20,20.54,21.01,21.62,22.39,23.37,0.64,0.62,0.15,Resistência,1,0
2009-05-20,19.29,19.84,20.18,20.45,20.73,21.12,21.62,22.25,23.06,0.47,0.38,0.03,Zona de Consolidação,1,0
2009-05-21,19.29,19.84,20.18,20.45,20.73,21.12,21.62,22.25,23.06,0.52,0.50,0.10,Zona de Consolidação,0,0
2009-05-22,19.65,20.11,20.40,20.64,20.87,21.20,21.62,22.16,22.84,0.55,0.50,0.07,Zona de Consolidação,1,0
2009-05-26,19.65,20.11,20.40,20.64,20.87,21.20,21.62,22.16,22.84,0.85,0.79,0.15,Resistência Forte,0,1
2009-05-27,19.65,20.11,20.40,20.64,20.87,21.20,21.62,22.16,22.84,0.88,0.79,0.12,Resistência Forte,0,1
2009-05-28,19.65,20.20,20.53,20.80,21.08,21.47,21.96,22.59,23.39,0.98,0.79,0.02,Resistência Forte,0,1
2009-05-29,19.65,20.21,20.55,20.83,21.11,21.50,22.01,22.65,23.47,0.96,0.79,0.04,Resistência Forte,0,1
2009-06-01,19.65,20.33,20.75,21.10,21.44,21.92,22.54,23.33,24.33,0.95,0.79,0.05,Resistência Forte,0,1
2009-06-02,19.65,20.33,20.75,21.10,21.44,21.92,22.54,23.33,24.33,0.90,0.79,0.10,Resistência Forte,0,0
2009-06-03,19.65,20.33,20.75,21.10,21.44,21.92,22.54,23.33,24.33,0.78,0.62,0.01,Resistência,0,1
2009-06-04,19.65,20.33,20.75,21.10,21.44,21.92,22.54,23.33,24.33,0.81,0.79,0.19,Resistência Forte,0,1
2009-06-05,19.65,20.33,20.75,21.10,21.44,21.92,22.54,23.33,24.33,0.89,0.79,0.11,Resistência Forte,0,0
2009-06-08,19.65,20.33,20.75,21.10,21.44,21.92,22.54,23.33,24.33,0.84,0.79,0.16,Resistência Forte,0,1
2009-06-09,19.65,20.33,20.75,21.10,21.44,21.92,22.54,23.33,24.33,0.84,0.79,0.16,Resistência Forte,0,1
2009-06-10,19.65,20.33,20.75,21.10,21.44,21.92,22.54,23.33,24.33,0.73,0.62,0.06,Resistência,0,1
2009-06-11,19.65,20.33,20.75,21.10,21.44,21.92,22.54,23.33,24.33,0.73,0.62,0.06,Resistência,0,1
2009-06-12,19.65,20.33,20.75,21.10,21.44,21.92,22.54,23.33,24.33,0.71,0.62,0.08,Resistência,0,0
2009-06-15,19.65,20.33,20.75,21.10,21.44,21.92,22.54,23.33,24.33,0.55,0.50,0.07,Zona de Consolidação,1,0
2009-06-16,19.65,20.33,20.75,21.10,21.44,21.92,22.54,23.33,24.33,0.49,0.38,0.01,Zona de Consolidação,0,0
2009-06-17,19.65,20.33,20.75,21.10,21.44,21.92,22.54,23.33,24.33,0.48,0.38,0.02,Zona de Consolidação,0,0
2009-06-18,19.65,20.33,20.75,21.10,21.44,21.92,22.54,23.33,24.33,0.33,0.24,0.05,Suporte,1,0
2009-06-19,19.65,20.33,20.75,21.10,21.44,21.92,22.54,23.33,24.33,0.38,0.24,0.00,Suporte,1,0
2009-06-22,19.65,20.33,20.75,21.10,21.44,21.92,22.54,23.33,24.33,0.28,0.24,0.10,Suporte,0,0
2009-06-23,19.65,20.33,20.75,21.10,21.44,21.92,22.54,23.33,24.33,0.26,0.24,0.12,Suporte,0,0
2009-06-24,19.65,20.33,20.75,21.10,21.44,21.92,22.54,23.33,24.33,0.33,0.24,0.05,Suporte,1,0
2009-06-25,19.65,20.33,20.75,21.10,21.44,21.92,22.54,23.33,24.33,0.17,0.00,0.07,Suporte Forte,0,0
2009-06-26,19.65,20.33,20.75,21.10,21.44,21.92,22.54,23.33,24.33,0.18,0.00,0.06,Suporte Forte,0,0
2009-06-29,19.65,20.33,20.75,21.10,21.44,21.92,22.54,23.33,24.33,0.30,0.24,0.08,Suporte,0,0
2009-06-30,19.65,20.33,20.75,21.10,21.44,21.92,22.54,23.33,24.33,0.34,0.24,0.04,Suporte,1,0
2009-07-01,19.65,20.33,20.75,21.10,21.44,21.92,22.54,23.33,24.33,0.31,0.24,0.07,Suporte,1,0
2009-07-02,19.65,20.33,20.75,21.10,21.44,21.92,22.54,23.33,24.33,0.08,0.00,0.16,Suporte Forte,0,0
2009-07-06,19.65,20.33,20.75,21.10,21.44,21.92,22.54,23.33,24.33,0.10,0.00,0.14,Suporte Forte,0,0
2009-07-07,19.38,20.13,20.59,20.96,21.33,21.86,22.54,23.40,24.49,0.00,0.00,0.24,Suporte Forte,0,0
2009-07-08,19.35,20.10,20.57,20.94,21.32,21.86,22.54,23.41,24.51,0.13,0.00,0.11,Suporte Forte,0,0
2009-07-09,19.35,20.10,20.57,20.94,21.32,21.86,22.54,23.41,24.51,0.08,0.00,0.16,Suporte Forte,0,0
2009-07-10,19.35,20.10,20.57,20.94,21.32,21.86,22.54,23.41,24.51,0.08,0.00,0.16,Suporte Forte,0,0
2009-07-13,19.35,20.10,20.57,20.94,21.32,21.86,22.54,23.41,24.51,0.15,0.00,0.09,Suporte Forte,0,0
2009-07-14,19.35,20.10,20.57,20.94,21.32,21.86,22.54,23.41,24.51,0.21,0.00,0.03,Suporte Forte,0,0
2009-07-15,19.35,20.10,20.57,20.94,21.32,21.86,22.54,23.41,24.51,0.34,0.24,0.04,Suporte,1,0
2009-07-16,19.35,20.10,20.57,20.94,21.32,21.86,22.54,23.41,24.51,0.40,0.38,0.10,Zona de Consolidação,1,0
2009-07-17,19.35,20.10,20.57,20.94,21.32,21.86,22.54,23.41,24.51,0.37,0.24,0.01,Suporte,1,0
2009-07-20,19.35,20.10,20.57,20.94,21.32,21.86,22.54,23.41,24.51,0.42,0.38,0.08,Zona de Consolidação,1,0
2009-07-21,19.35,20.10,20.57,20.94,21.32,21.86,22.54,23.41,24.51,0.45,0.38,0.05,Zona de Consolidação,0,0
2009-07-22,19.35,20.10,20.57,20.94,21.32,21.86,22.54,23.41,24.51,0.39,0.38,0.11,Zona de Consolidação,1,0
2009-07-23,19.35,20.10,20.57,20.94,21.32,21.86,22.54,23.41,24.51,0.50,0.50,0.12,Zona de Consolidação,0,0
2009-07-24,19.35,20.10,20.57,20.94,21.32,21.86,22.54,23.41,24.51,0.67,0.62,0.12,Resistência,1,0
2009-07-27,19.35,20.10,20.57,20.94,21.32,21.86,22.54,23.41,24.51,0.67,0.62,0.12,Resistência,1,0
2009-07-28,19.35,20.10,20.57,20.94,21.32,21.86,22.54,23.41,24.51,0.72,0.62,0.07,Resistência,0,1
2009-07-29,19.35,20.10,20.57,20.94,21.32,21.86,22.54,23.41,24.51,0.83,0.79,0.17,Resistência Forte,0,1
2009-07-30,19.35,20.10,20.57,20.94,21.32,21.86,22.54,23.41,24.51,0.62,0.62,0.17,Resistência,1,0
2009-07-31,19.35,20.10,20.57,20.94,21.32,21.86,22.54,23.41,24.51,0.73,0.62,0.06,Resistência,0,1
2009-08-03,19.35,20.10,20.57,20.94,21.32,21.86,22.54,23.41,24.51,0.87,0.79,0.13,Resistência Forte,0,0
2009-08-04,19.35,20.10,20.57,20.94,21.32,21.86,22.54,23.41,24.51,0.85,0.79,0.15,Resistência Forte,0,1
2009-08-05,19.35,20.10,20.57,20.94,21.32,21.86,22.54,23.41,24.51,0.81,0.79,0.19,Resistência Forte,0,1
2009-08-06,19.35,20.10,20.57,20.94,21.32,21.86,22.54,23.41,24.51,0.72,0.62,0.07,Resistência,0,1
2009-08-07,19.35,20.10,20.57,20.94,21.32,21.86,22.54,23.41,24.51,0.93,0.79,0.07,Resistência Forte,0,1
2009-08-10,19.35,20.10,20.57,20.94,21.32,21.86,22.54,23.41,24.51,0.87,0.79,0.13,Resistência Forte,0,0
2009-08-11,19.35,20.08,20.54,20.90,21.27,21.79,22.46,23.31,24.38,0.86,0.79,0.14,Resistência Forte,0,0
2009-08-12,19.35,20.08,20.54,20.90,21.27,21.79,22.46,23.31,24.38,0.92,0.79,0.08,Resistência Forte,0,0
2009-08-13,19.35,20.11,20.58,20.96,21.34,21.88,22.57,23.45,24.56,0.99,0.79,0.01,Resistência Forte,0,1
2009-08-14,19.35,20.11,20.58,20.96,21.34,21.88,22.57,23.45,24.56,0.94,0.79,0.06,Resistência Forte,0,1
2009-08-17,19.35,20.11,20.58,20.96,21.34,21.88,22.57,23.45,24.56,0.79,0.79,0.21,Resistência Forte,0,1
2009-08-18,19.35,20.11,20.58,20.96,21.34,21.88,22.57,23.45,24.56,0.78,0.62,0.01,Resistência,0,1
2009-08-19,19.35,20.11,20.58,20.96,21.34,21.88,22.57,23.45,24.56,0.80,0.79,0.20,Resistência Forte,0,1
2009-08-20,19.35,20.11,20.58,20.96,21.34,21.88,22.57,23.45,24.56,0.85,0.79,0.15,Resistência Forte,0,0
2009-08-21,19.35,20.15,20.65,21.05,21.45,22.02,22.75,23.67,24.85,0.99,0.79,0.01,Resistência Forte,0,1
2009-08-24,19.35,20.17,20.68,21.09,21.50,22.09,22.83,23.78,24.98,1.00,1.00,0.27,Resistência Forte,0,1
2009-08-25,19.35,20.21,20.74,21.16,21.59,22.20,22.98,23.97,25.22,0.92,0.79,0.08,Resistência Forte,0,0
2009-08-26,19.35,20.21,20.74,21.16,21.59,22.20,22.98,23.97,25.22,0.86,0.79,0.14,Resistência Forte,0,0
2009-08-27,19.35,20.21,20.74,21.16,21.59,22.20,22.98,23.97,25.22,0.86,0.79,0.14,Resistência Forte,0,0
2009-08-28,19.35,20.21,20.74,21.16,21.59,22.20,22.98,23.97,25.22,0.85,0.79,0.15,Resistência Forte,0,0
2009-08-31,19.35,20.21,20.74,21.16,21.59,22.20,22.98,23.97,25.22,0.82,0.79,0.18,Resistência Forte,0,1
2009-09-01,19.35,20.21,20.74,21.16,21.59,22.20,22.98,23.97,25.22,0.72,0.62,0.07,Resistência,0,1
2009-09-02,19.35,20.21,20.74,21.16,21.59,22.20,22.98,23.97,25.22,0.71,0.62,0.08,Resistência,0,0
2009-09-03,19.35,20.21,20.74,21.16,21.59,22.20,22.98,23.97,25.22,0.73,0.62,0.06,Resistência,0,1
2009-09-04,19.35,20.21,20.74,21.16,21.59,22.20,22.98,23.97,25.22,0.85,0.79,0.15,Resistência Forte,0,0
2009-09-08,19.35,20.21,20.74,21.16,21.59,22.20,22.98,23.97,25.22,0.88,0.79,0.12,Resistência Forte,0,0
2009-09-09,19.35,20.21,20.74,21.16,21.59,22.20,22.98,23.97,25.22,0.88,0.79,0.12,Resistência Forte,0,0
2009-09-10,19.35,20.21,20.74,21.16,21.59,22.20,22.98,23.97,25.22,0.86,0.79,0.14,Resistência Forte,0,0
2009-09-11,19.35,20.21,20.74,21.16,21.59,22.20,22.98,23.97,25.22,0.88,0.79,0.12,Resistência Forte,0,0
2009-09-14,19.35,20.21,20.74,21.16,21.59,22.20,22.98,23.97,25.22,0.87,0.79,0.13,Resistência Forte,0,0
2009-09-15,19.35,20.21,20.74,21.16,21.59,22.20,22.98,23.97,25.22,0.92,0.79,0.08,Resistência Forte,0,0
2009-09-16,19.35,20.24,20.79,21.24,21.68,22.31,23.12,24.15,25.45,0.99,0.79,0.01,Resistência Forte,0,1
2009-09-17,19.38,20.28,20.83,21.28,21.73,22.37,23.18,24.21,25.53,0.97,0.79,0.03,Resistência Forte,0,1
2009-09-18,19.38,20.29,20.85,21.30,21.76,22.41,23.23,24.28,25.61,0.97,0.79,0.03,Resistência Forte,0,1
2009-09-21,19.38,20.29,20.85,21.30,21.76,22.41,23.23,24.28,25.61,0.94,0.79,0.06,Resistência Forte,0,0
2009-09-22,19.56,20.48,21.04,21.50,21.96,22.61,23.44,24.50,25.84,0.98,0.79,0.02,Resistência Forte,0,1
2009-09-23,20.01,20.89,21.43,21.87,22.31,22.93,23.73,24.74,26.03,0.91,0.79,0.09,Resistência Forte,0,0
2009-09-24,20.26,21.08,21.59,22.00,22.40,22.99,23.73,24.67,25.87,0.79,0.79,0.21,Resistência Forte,0,1
2009-09-25,20.28,21.09,21.60,22.01,22.41,22.99,23.73,24.67,25.86,0.74,0.62,0.05,Resistência,0,1
2009-09-28,20.28,21.09,21.60,22.01,22.41,22.99,23.73,24.67,25.86,0.90,0.79,0.10,Resistência Forte,0,0
2009-09-29,20.28,21.09,21.60,22.01,22.41,22.99,23.73,24.67,25.86,0.82,0.79,0.18,Resistência Forte,0,1
2009-09-30,20.28,21.09,21.60,22.01,22.41,22.99,23.73,24.67,25.86,0.81,0.79,0.19,Resistência Forte,0,1
2009-10-01,20.28,21.09,21.60,22.01,22.41,22.99,23.73,24.67,25.86,0.74,0.62,0.05,Resistência,0,1
2009-10-02,20.87,21.54,21.96,22.30,22.64,23.12,23.73,24.51,25.50,0.66,0.62,0.13,Resistência,1,0
2009-10-05,21.17,21.77,22.15,22.45,22.75,23.18,23.73,24.43,25.31,0.62,0.62,0.17,Resistência,1,0
2009-10-06,21.17,21.77,22.15,22.45,22.75,23.18,23.73,24.43,25.31,0.62,0.62,0.17,Resistência,1,0
2009-10-07,21.17,21.77,22.15,22.45,22.75,23.18,23.73,24.43,25.31,0.67,0.62,0.12,Resistência,1,0
2009-10-08,21.17,21.77,22.15,22.45,22.75,23.18,23.73,24.43,25.31,0.83,0.79,0.17,Resistência Forte,0,1
2009-10-09,21.38,21.93,22.28,22.56,22.83,23.23,23.73,24.37,25.18,0.93,0.79,0.07,Resistência Forte,0,1
2009-10-12,21.54,22.06,22.38,22.64,22.89,23.26,23.73,24.33,25.08,0.89,0.79,0.11,Resistência Forte,0,1
2009-10-13,21.54,22.06,22.38,22.64,22.89,23.26,23.73,24.33,25.08,0.85,0.79,0.15,Resistência Forte,0,1
2009-10-14,21.54,22.12,22.48,22.76,23.05,23.47,23.99,24.66,25.50,0.98,0.79,0.02,Resistência Forte,0,1
2009-10-15,21.54,22.12,22.48,22.76,23.05,23.47,23.99,24.66,25.50,0.99,0.79,0.01,Resistência Forte,0,1
2009-10-16,21.54,22.12,22.48,22.76,23.05,23.47,23.99,24.66,25.50,0.93,0.79,0.07,Resistência Forte,0,1
2009-10-19,21.54,22.15,22.53,22.84,23.14,23.58,24.13,24.83,25.73,0.93,0.79,0.07,Resistência Forte,0,1
2009-10-20,21.54,22.15,22.53,22.84,23.14,23.58,24.13,24.83,25.73,0.79,0.79,0.21,Resistência Forte,0,1
2009-10-21,21.54,22.15,22.53,22.84,23.14,23.58,24.13,24.83,25.73,0.81,0.79,0.19,Resistência Forte,0,1
2009-10-22,21.65,22.24,22.60,22.90,23.19,23.61,24.14,24.82,25.68,0.97,0.79,0.03,Resistência Forte,0,1
2009-10-23,21.65,22.24,22.60,22.90,23.19,23.61,24.14,24.82,25.68,0.82,0.79,0.18,Resistência Forte,0,1
2009-10-26,21.65,22.25,22.62,22.92,23.22,23.65,24.19,24.88,25.76,0.80,0.79,0.20,Resistência Forte,0,1
2009-10-27,21.65,22.25,22.62,22.92,23.22,23.65,24.19,24.88,25.76,0.77,0.62,0.02,Resistência,0,1
2009-10-28,21.65,22.25,22.62,22.92,23.22,23.65,24.19,24.88,25.76,0.72,0.62,0.07,Resistência,0,1
2009-10-29,21.68,22.27,22.64,22.94,23.23,23.65,24.19,24.87,25.74,0.77,0.62,0.02,Resistência,0,1
2009-10-30,21.68,22.27,22.64,22.94,23.23,23.65,24.19,24.87,25.74,0.67,0.62,0.12,Resistência,1,0
2009-11-02,21.68,22.27,22.64,22.94,23.23,23.65,24.19,24.87,25.74,0.82,0.79,0.18,Resistência Forte,0,1
2009-11-03,21.68,22.27,22.64,22.94,23.23,23.65,24.19,24.87,25.74,0.86,0.79,0.14,Resistência Forte,0,1
2009-11-04,21.68,22.28,22.65,22.94,23.24,23.67,24.21,24.90,25.77,0.89,0.79,0.11,Resistência Forte,0,0
2009-11-05,21.68,22.41,22.86,23.23,23.60,24.12,24.78,25.62,26.70,1.00,1.00,0.27,Resistência Forte,0,1
2009-11-06,21.68,22.42,22.88,23.26,23.63,24.16,24.83,25.69,26.78,1.00,1.00,0.27,Resistência Forte,0,1
2009-11-09,21.68,22.51,23.02,23.44,23.86,24.45,25.20,26.16,27.38,1.00,1.00,0.27,Resistência Forte,0,1
2009-11-10,21.68,22.55,23.09,23.52,23.96,24.58,25.37,26.37,27.65,0.98,0.79,0.02,Resistência Forte,0,1
2009-11-11,21.68,22.61,23.18,23.64,24.10,24.76,25.60,26.67,28.02,0.96,0.79,0.04,Resistência Forte,0,1
2009-11-12,21.68,22.63,23.21,23.68,24.16,24.83,25.69,26.78,28.17,0.93,0.79,0.07,Resistência Forte,0,0
2009-11-13,21.90,22.79,23.35,23.80,24.24,24.88,25.69,26.72,28.03,0.96,0.79,0.04,Resistência Forte,0,1
2009-11-16,22.26,23.10,23.62,24.04,24.46,25.06,25.82,26.79,28.02,0.99,0.79,0.01,Resistência Forte,0,1
2009-11-17,22.29,23.13,23.65,24.07,24.49,25.09,25.85,26.82,28.05,0.99,0.79,0.01,Resistência Forte,0,1
2009-11-18,22.29,23.13,23.65,24.07,24.49,25.09,25.85,26.82,28.05,0.96,0.79,0.04,Resistência Forte,0,1
2009-11-19,22.31,23.15,23.66,24.08,24.50,25.09,25.85,26.81,28.04,0.90,0.79,0.10,Resistência Forte,0,0
2009-11-20,22.37,23.19,23.70,24.11,24.52,25.11,25.85,26.80,28.00,0.90,0.79,0.10,Resistência Forte,0,0
2009-11-23,22.38,23.24,23.77,24.20,24.64,25.25,26.03,27.02,28.29,0.98,0.79,0.02,Resistência Forte,0,1
2009-11-24,22.50,23.33,23.85,24.26,24.68,25.27,26.03,26.99,28.21,0.94,0.79,0.06,Resistência Forte,0,1
2009-11-25,22.59,23.40,23.90,24.31,24.72,25.29,26.03,26.97,28.16,0.94,0.79,0.06,Resistência Forte,0,1
2009-11-27,22.59,23.40,23.90,24.31,24.72,25.29,26.03,26.97,28.16,0.86,0.79,0.14,Resistência Forte,0,1
2009-11-30,22.59,23.40,23.90,24.31,24.72,25.29,26.03,26.97,28.16,0.84,0.79,0.16,Resistência Forte,0,1
2009-12-01,22.59,23.40,23.90,24.31,24.72,25.29,26.03,26.97,28.16,0.91,0.79,0.09,Resistência Forte,0,0
2009-12-02,22.59,23.42,23.93,24.35,24.77,25.36,26.11,27.07,28.29,0.88,0.79,0.12,Resistência Forte,0,0
2009-12-03,22.59,23.42,23.93,24.35,24.77,25.36,26.11,27.07,28.29,0.78,0.62,0.01,Resistência,0,1
2009-12-04,22.59,23.42,23.93,24.35,24.77,25.36,26.11,27.07,28.29,0.86,0.79,0.14,Resistência Forte,0,0
2009-12-07,22.59,23.42,23.93,24.35,24.77,25.36,26.11,27.07,28.29,0.90,0.79,0.10,Resistência Forte,0,0
2009-12-08,22.59,23.42,23.93,24.35,24.77,25.36,26.11,27.07,28.29,0.75,0.62,0.04,Resistência,0,1
2009-12-09,22.59,23.42,23.93,24.35,24.77,25.36,26.11,27.07,28.29,0.82,0.79,0.18,Resistência Forte,0,1
2009-12-10,22.59,23.42,23.93,24.35,24.77,25.36,26.11,27.07,28.29,0.84,0.79,0.16,Resistência Forte,0,1
2009-12-11,22.59,23.42,23.93,24.35,24.77,25.36,26.11,27.07,28.29,0.81,0.79,0.19,Resistência Forte,0,1
2009-12-14,22.59,23.42,23.93,24.35,24.77,25.36,26.11,27.07,28.29,0.82,0.79,0.18,Resistência Forte,0,1
2009-12-15,22.59,23.42,23.93,24.35,24.77,25.36,26.11,27.07,28.29,0.79,0.79,0.21,Resistência Forte,0,1
2009-12-16,22.72,23.52,24.01,24.42,24.82,25.38,26.11,27.03,28.21,0.78,0.62,0.01,Resistência,0,1
2009-12-17,23.08,23.80,24.24,24.60,24.95,25.46,26.11,26.93,27.98,0.63,0.62,0.16,Resistência,1,0
2009-12-18,23.18,23.87,24.30,24.64,24.99,25.48,26.11,26.91,27.92,0.64,0.62,0.15,Resistência,1,0
2009-12-21,23.23,23.91,24.33,24.67,25.01,25.49,26.11,26.89,27.89,0.72,0.62,0.07,Resistência,0,1
2009-12-22,23.24,23.92,24.34,24.67,25.01,25.50,26.11,26.89,27.88,0.75,0.62,0.04,Resistência,0,1
2009-12-23,23.29,23.96,24.37,24.70,25.03,25.51,26.11,26.88,27.85,0.72,0.62,0.07,Resistência,0,1
2009-12-24,23.29,23.96,24.37,24.70,25.03,25.51,26.11,26.88,27.85,0.76,0.62,0.03,Resistência,0,1
2009-12-28,23.29,23.96,24.37,24.70,25.03,25.51,26.11,26.88,27.85,0.79,0.79,0.21,Resistência Forte,0,1
2009-12-29,23.29,23.96,24.37,24.70,25.03,25.51,26.11,26.88,27.85,0.80,0.79,0.20,Resistência Forte,0,1
2009-12-30,23.29,23.96,24.37,24.70,25.03,25.51,26.11,26.88,27.85,0.81,0.79,0.19,Resistência Forte,0,1
2009-12-31,23.29,23.96,24.37,24.70,25.03,25.51,26.11,26.88,27.85,0.72,0.62,0.07,Resistência,0,1
2010-01-04,23.29,23.96,24.37,24.70,25.03,25.51,26.11,26.88,27.85,0.72,0.62,0.07,Resistência,0,1
2010-01-05,23.29,23.96,24.37,24.70,25.03,25.51,26.11,26.88,27.85,0.67,0.62,0.12,Resistência,1,0
2010-01-06,23.29,23.96,24.37,24.70,25.03,25.51,26.11,26.88,27.85,0.65,0.62,0.14,Resistência,1,0
2010-01-07,23.29,23.96,24.37,24.70,25.03,25.51,26.11,26.88,27.85,0.65,0.62,0.14,Resistência,1,0
2010-01-08,23.29,23.96,24.37,24.70,25.03,25.51,26.11,26.88,27.85,0.64,0.62,0.15,Resistência,1,0
2010-01-11,23.29,23.96,24.37,24.70,25.03,25.51,26.11,26.88,27.85,0.68,0.62,0.11,Resistência,1,0
2010-01-12,23.29,23.96,24.37,24.70,25.03,25.51,26.11,26.88,27.85,0.61,0.50,0.01,Zona de Consolidação,1,0
2010-01-13,23.29,23.96,24.37,24.70,25.03,25.51,26.11,26.88,27.85,0.68,0.62,0.11,Resistência,1,0
2010-01-14,23.47,24.09,24.48,24.79,25.10,25.55,26.11,26.83,27.74,0.63,0.62,0.16,Resistência,1,0
2010-01-15,23.70,24.27,24.62,24.90,25.19,25.59,26.11,26.77,27.60,0.54,0.50,0.08,Zona de Consolidação,1,0
2010-01-19,24.02,24.51,24.82,25.06,25.31,25.66,26.11,26.68,27.40,0.65,0.62,0.14,Resistência,1,0
2010-01-20,24.36,24.77,25.03,25.24,25.44,25.74,26.11,26.59,27.19,0.39,0.38,0.11,Zona de Consolidação,1,0
2010-01-21,24.62,24.97,25.19,25.36,25.54,25.79,26.11,26.52,27.03,0.21,0.00,0.03,Suporte Forte,0,0
2010-01-22,24.31,24.73,25.00,25.21,25.42,25.72,26.11,26.60,27.22,0.02,0.00,0.22,Suporte Forte,0,0
2010-01-25,24.28,24.71,24.98,25.20,25.41,25.72,26.11,26.61,27.24,0.07,0.00,0.17,Suporte Forte,0,0
2010-01-26,24.23,24.67,24.95,25.17,25.39,25.71,26.11,26.62,27.27,0.03,0.00,0.21,Suporte Forte,0,0
2010-01-27,24.09,24.57,24.86,25.10,25.34,25.68,26.11,26.66,27.36,0.08,0.00,0.16,Suporte Forte,0,0
2010-01-28,23.89,24.41,24.74,25.00,25.26,25.63,26.11,26.71,27.48,0.08,0.00,0.16,Suporte Forte,0,0
2010-01-29,23.89,24.41,24.74,25.00,25.26,25.63,26.11,26.71,27.48,0.10,0.00,0.14,Suporte Forte,0,0
2010-02-01,23.89,24.41,24.74,25.00,25.26,25.63,26.11,26.71,27.48,0.18,0.00,0.06,Suporte Forte,0,0
2010-02-02,23.89,24.41,24.74,25.00,25.26,25.63,26.11,26.71,27.48,0.21,0.00,0.03,Suporte Forte,0,0
2010-02-03,23.89,24.41,24.74,25.00,25.26,25.63,26.11,26.71,27.48,0.11,0.00,0.13,Suporte Forte,0,0
2010-02-04,23.88,24.41,24.73,24.99,25.26,25.63,26.11,26.72,27.49,0.00,0.00,0.24,Suporte Forte,0,0
2010-02-05,23.49,24.11,24.49,24.80,25.11,25.55,26.11,26.82,27.73,0.13,0.00,0.11,Suporte Forte,0,0
2010-02-08,23.49,24.11,24.49,24.80,25.11,25.55,26.11,26.82,27.73,0.15,0.00,0.09,Suporte Forte,0,0
2010-02-09,23.49,24.11,24.49,24.80,25.11,25.55,26.11,26.82,27.73,0.22,0.00,0.02,Suporte Forte,0,0
2010-02-10,23.49,24.11,24.49,24.80,25.11,25.55,26.11,26.82,27.73,0.22,0.00,0.02,Suporte Forte,0,0
2010-02-11,23.49,24.11,24.49,24.80,25.11,25.55,26.11,26.82,27.73,0.27,0.24,0.11,Suporte,0,0
2010-02-12,23.49,24.11,24.49,24.80,25.11,25.55,26.11,26.82,27.73,0.19,0.00,0.05,Suporte Forte,0,0
2010-02-16,23.49,24.07,24.43,24.72,25.02,25.43,25.96,26.63,27.49,0.38,0.24,0.00,Suporte,1,0
2010-02-17,23.49,24.07,24.43,24.72,25.02,25.43,25.96,26.63,27.49,0.42,0.38,0.08,Zona de Consolidação,1,0
2010-02-18,23.49,24.05,24.40,24.67,24.95,25.35,25.86,26.50,27.32,0.37,0.24,0.01,Suporte,1,0
2010-02-19,23.49,24.03,24.36,24.62,24.89,25.27,25.76,26.38,27.16,0.48,0.38,0.02,Zona de Consolidação,1,0
2010-02-22,23.49,24.03,24.36,24.62,24.89,25.27,25.76,26.38,27.16,0.49,0.38,0.01,Zona de Consolidação,1,0
2010-02-23,23.49,24.03,24.36,24.62,24.89,25.27,25.76,26.38,27.16,0.39,0.38,0.11,Zona de Consolidação,1,0
2010-02-24,23.49,24.02,24.35,24.62,24.89,25.27,25.75,26.36,27.15,0.66,0.62,0.13,Resistência,1,0
2010-02-25,23.49,24.02,24.35,24.62,24.89,25.27,25.75,26.36,27.15,0.52,0.50,0.10,Zona de Consolidação,1,0
2010-02-26,23.49,24.02,24.35,24.62,24.89,25.27,25.75,26.36,27.15,0.50,0.50,0.12,Zona de Consolidação,0,0
2010-03-01,23.49,24.02,24.35,24.62,24.89,25.27,25.75,26.36,27.15,0.59,0.50,0.03,Zona de Consolidação,1,0
2010-03-02,23.49,24.02,24.35,24.62,24.89,25.27,25.75,26.36,27.15,0.56,0.50,0.06,Zona de Consolidação,1,0
2010-03-03,23.49,24.02,24.35,24.62,24.89,25.27,25.75,26.36,27.15,0.58,0.50,0.04,Zona de Consolidação,1,0
2010-03-04,23.49,24.02,24.35,24.62,24.89,25.27,25.75,26.36,27.15,0.52,0.50,0.10,Zona de Consolidação,1,0
2010-03-05,23.49,24.02,24.35,24.62,24.89,25.27,25.75,26.36,27.15,0.91,0.79,0.09,Resistência Forte,0,1
2010-03-08,23.49,24.02,24.35,24.62,24.89,25.27,25.75,26.36,27.15,0.90,0.79,0.10,Resistência Forte,0,1
2010-03-09,23.49,24.10,24.48,24.78,25.08,25.52,26.07,26.77,27.66,0.91,0.79,0.09,Resistência Forte,0,1
2010-03-10,23.49,24.12,24.52,24.84,25.15,25.60,26.18,26.91,27.84,0.99,0.79,0.01,Resistência Forte,0,1
2010-03-11,23.49,24.13,24.53,24.84,25.16,25.62,26.20,26.94,27.87,0.99,0.79,0.01,Resistência Forte,0,1
2010-03-12,23.49,24.13,24.53,24.84,25.16,25.62,26.20,26.94,27.87,0.97,0.79,0.03,Resistência Forte,0,1
2010-03-15,23.49,24.18,24.61,24.96,25.31,25.80,26.43,27.23,28.25,0.98,0.79,0.02,Resistência Forte,0,1
2010-03-16,23.49,24.20,24.64,24.99,25.34,25.85,26.49,27.31,28.34,0.96,0.79,0.04,Resistência Forte,0,1
2010-03-17,23.49,24.26,24.74,25.13,25.52,26.07,26.77,27.66,28.80,0.96,0.79,0.04,Resistência Forte,0,1
2010-03-18,23.49,24.26,24.74,25.13,25.52,26.07,26.77,27.66,28.80,0.96,0.79,0.04,Resistência Forte,0,1
2010-03-19,23.49,24.31,24.81,25.22,25.63,26.21,26.95,27.89,29.09,0.89,0.79,0.11,Resistência Forte,0,0
2010-03-22,23.49,24.31,24.81,25.22,25.63,26.21,26.95,27.89,29.09,0.93,0.79,0.07,Resistência Forte,0,1
2010-03-23,23.49,24.31,24.81,25.22,25.63,26.21,26.95,27.89,29.09,0.95,0.79,0.05,Resistência Forte,0,1
2010-03-24,23.49,24.31,24.81,25.22,25.63,26.21,26.95,27.89,29.09,0.85,0.79,0.15,Resistência Forte,0,1
2010-03-25,23.49,24.31,24.81,25.22,25.63,26.21,26.95,27.89,29.09,0.79,0.79,0.21,Resistência Forte,0,1
2010-03-26,23.49,24.31,24.81,25.22,25.63,26.21,26.95,27.89,29.09,0.83,0.79,0.17,Resistência Forte,0,1
2010-03-29,23.49,24.31,24.81,25.22,25.63,26.21,26.95,27.89,29.09,0.88,0.79,0.12,Resistência Forte,0,0
2010-03-30,23.49,24.31,24.81,25.22,25.63,26.21,26.95,27.89,29.09,0.89,0.79,0.11,Resistência Forte,0,0
2010-03-31,23.49,24.31,24.81,25.22,25.63,26.21,26.95,27.89,29.09,0.87,0.79,0.13,Resistência Forte,0,0
2010-04-01,23.49,24.31,24.81,25.22,25.63,26.21,26.95,27.89,29.09,0.82,0.79,0.18,Resistência Forte,0,1
2010-04-05,23.49,24.31,24.81,25.22,25.63,26.21,26.95,27.89,29.09,0.86,0.79,0.14,Resistência Forte,0,1
2010-04-06,23.49,24.31,24.81,25.22,25.63,26.21,26.95,27.89,29.09,0.84,0.79,0.16,Resistência Forte,0,1
2010-04-07,23.49,24.31,24.81,25.22,25.63,26.21,26.95,27.89,29.09,0.78,0.62,0.01,Resistência,0,1
2010-04-08,23.49,24.31,24.81,25.22,25.63,26.21,26.95,27.89,29.09,0.77,0.62,0.02,Resistência,0,1
2010-04-09,23.49,24.31,24.81,25.22,25.63,26.21,26.95,27.89,29.09,0.84,0.79,0.16,Resistência Forte,0,1
2010-04-12,23.49,24.31,24.81,25.22,25.63,26.21,26.95,27.89,29.09,0.83,0.79,0.17,Resistência Forte,0,1
2010-04-13,23.49,24.31,24.81,25.22,25.63,26.21,26.95,27.89,29.09,0.78,0.62,0.01,Resistência,0,1
2010-04-14,23.49,24.31,24.81,25.22,25.63,26.21,26.95,27.89,29.09,0.82,0.79,0.18,Resistência Forte,0,1
2010-04-15,23.49,24.31,24.81,25.22,25.63,26.21,26.95,27.89,29.09,0.91,0.79,0.09,Resistência Forte,0,0
2010-04-16,23.49,24.31,24.81,25.22,25.63,26.21,26.95,27.89,29.09,0.84,0.79,0.16,Resistência Forte,0,1
2010-04-19,23.49,24.31,24.81,25.22,25.63,26.21,26.95,27.89,29.09,0.91,0.79,0.09,Resistência Forte,0,0
2010-04-20,23.67,24.44,24.92,25.31,25.70,26.25,26.95,27.84,28.98,0.97,0.79,0.03,Resistência Forte,0,1
2010-04-21,23.77,24.52,24.98,25.36,25.74,26.27,26.95,27.81,28.92,0.97,0.79,0.03,Resistência Forte,0,1
2010-04-22,23.77,24.52,24.98,25.36,25.74,26.27,26.95,27.81,28.92,0.97,0.79,0.03,Resistência Forte,0,1
2010-04-23,23.77,24.56,25.05,25.45,25.85,26.41,27.13,28.04,29.21,0.99,0.79,0.01,Resistência Forte,0,1
2010-04-26,23.83,24.64,25.14,25.54,25.95,26.53,27.26,28.19,29.38,0.93,0.79,0.07,Resistência Forte,0,1
2010-04-27,24.05,24.81,25.28,25.66,26.03,26.57,27.26,28.13,29.24,0.76,0.62,0.03,Resistência,0,1
2010-04-28,24.24,24.95,25.39,25.75,26.11,26.61,27.26,28.08,29.13,0.69,0.62,0.10,Resistência,1,0
2010-04-29,24.24,24.95,25.39,25.75,26.11,26.61,27.26,28.08,29.13,0.74,0.62,0.05,Resistência,0,1
2010-04-30,24.24,24.95,25.39,25.75,26.11,26.61,27.26,28.08,29.13,0.53,0.50,0.09,Zona de Consolidação,1,0
2010-05-03,24.25,24.96,25.40,25.76,26.11,26.62,27.26,28.08,29.12,0.59,0.50,0.03,Zona de Consolidação,1,0
2010-05-04,24.25,24.96,25.40,25.76,26.11,26.62,27.26,28.08,29.12,0.43,0.38,0.07,Zona de Consolidação,1,0
2010-05-05,24.25,24.96,25.40,25.76,26.11,26.62,27.26,28.08,29.12,0.39,0.38,0.11,Zona de Consolidação,1,0
2010-05-06,15.77,18.48,20.16,21.52,22.87,24.80,27.26,30.39,34.36,0.78,0.62,0.01,Resistência,0,1
2010-05-07,15.77,18.48,20.16,21.52,22.87,24.80,27.26,30.39,34.36,0.78,0.62,0.01,Resistência,0,1
2010-05-10,15.77,18.48,20.16,21.52,22.87,24.80,27.26,30.39,34.36,0.83,0.79,0.17,Resistência Forte,0,0
2010-05-11,15.77,18.48,20.16,21.52,22.87,24.80,27.26,30.39,34.36,0.83,0.79,0.17,Resistência Forte,0,0
2010-05-12,15.77,18.48,20.16,21.52,22.87,24.80,27.26,30.39,34.36,0.86,0.79,0.14,Resistência Forte,0,0
2010-05-13,15.77,18.48,20.16,21.52,22.87,24.80,27.26,30.39,34.36,0.83,0.79,0.17,Resistência Forte,0,0
2010-05-14,15.77,18.48,20.16,21.52,22.87,24.80,27.26,30.39,34.36,0.80,0.79,0.20,Resistência Forte,0,1
2010-05-17,15.77,18.48,20.16,21.52,22.87,24.80,27.26,30.39,34.36,0.81,0.79,0.19,Resistência Forte,0,0
2010-05-18,15.77,18.48,20.16,21.52,22.87,24.80,27.26,30.39,34.36,0.79,0.79,0.21,Resistência Forte,0,1
2010-05-19,15.77,18.48,20.16,21.52,22.87,24.80,27.26,30.39,34.36,0.79,0.79,0.21,Resistência Forte,0,1
2010-05-20,15.77,18.48,20.16,21.52,22.87,24.80,27.26,30.39,34.36,0.72,0.62,0.07,Resistência,0,0
2010-05-21,15.77,18.48,20.16,21.52,22.87,24.80,27.26,30.39,34.36,0.73,0.62,0.06,Resistência,0,0
2010-05-24,15.77,18.48,20.16,21.52,22.87,24.80,27.26,30.39,34.36,0.72,0.62,0.07,Resistência,0,0
2010-05-25,15.77,18.48,20.16,21.52,22.87,24.80,27.26,30.39,34.36,0.71,0.62,0.08,Resistência,0,0
2010-05-26,15.77,18.48,20.16,21.52,22.87,24.80,27.26,30.39,34.36,0.70,0.62,0.09,Resistência,0,0
2010-05-27,15.77,18.48,20.16,21.52,22.87,24.80,27.26,30.39,34.36,0.76,0.62,0.03,Resistência,0,0
2010-05-28,15.77,18.48,20.16,21.52,22.87,24.80,27.26,30.39,34.36,0.75,0.62,0.04,Resistência,0,0
2010-06-01,15.77,18.48,20.16,21.52,22.87,24.80,27.26,30.39,34.36,0.73,0.62,0.06,Resistência,0,0
2010-06-02,15.77,18.48,20.16,21.52,22.87,24.80,27.26,30.39,34.36,0.78,0.62,0.01,Resistência,0,1
2010-06-03,15.77,18.48,20.16,21.52,22.87,24.80,27.26,30.39,34.36,0.80,0.79,0.20,Resistência Forte,0,1
2010-06-04,15.77,18.48,20.16,21.52,22.87,24.80,27.26,30.39,34.36,0.73,0.62,0.06,Resistência,0,0
2010-06-07,15.77,18.48,20.16,21.52,22.87,24.80,27.26,30.39,34.36,0.70,0.62,0.09,Resistência,0,0
2010-06-08,15.77,18.48,20.16,21.52,22.87,24.80,27.26,30.39,34.36,0.76,0.62,0.03,Resistência,0,0
2010-06-09,15.77,18.48,20.16,21.52,22.87,24.80,27.26,30.39,34.36,0.77,0.62,0.02,Resistência,0,1
2010-06-10,15.77,18.48,20.16,21.52,22.87,24.80,27.26,30.39,34.36,0.83,0.79,0.17,Resistência Forte,0,0
2010-06-11,15.77,18.48,20.16,21.52,22.87,24.80,27.26,30.39,34.36,0.82,0.79,0.18,Resistência Forte,0,0
2010-06-14,15.77,18.48,20.16,21.52,22.87,24.80,27.26,30.39,34.36,0.82,0.79,0.18,Resistência Forte,0,0
2010-06-15,15.77,18.48,20.16,21.52,22.87,24.80,27.26,30.39,34.36,0.86,0.79,0.14,Resistência Forte,0,0
2010-06-16,15.77,18.48,20.16,21.52,22.87,24.80,27.26,30.39,34.36,0.85,0.79,0.15,Resistência Forte,0,0
2010-06-17,15.77,18.48,20.16,21.52,22.87,24.80,27.26,30.39,34.36,0.85,0.79,0.15,Resistência Forte,0,0
2010-06-18,15.77,18.48,20.16,21.52,22.87,24.80,27.26,30.39,34.36,0.84,0.79,0.16,Resistência Forte,0,0
2010-06-21,15.77,18.48,20.16,21.52,22.87,24.80,27.26,30.39,34.36,0.81,0.79,0.19,Resistência Forte,0,0
2010-06-22,15.77,18.48,20.16,21.52,22.87,24.80,27.26,30.39,34.36,0.78,0.62,0.01,Resistência,0,1
2010-06-23,15.77,18.48,20.16,21.52,22.87,24.80,27.26,30.39,34.36,0.78,0.62,0.01,Resistência,0,1
2010-06-24,15.77,18.48,20.16,21.52,22.87,24.80,27.26,30.39,34.36,0.75,0.62,0.04,Resistência,0,0
2010-06-25,15.77,18.48,20.16,21.52,22.87,24.80,27.26,30.39,34.36,0.77,0.62,0.02,Resistência,0,1
2010-06-28,15.77,18.48,20.16,21.52,22.87,24.80,27.26,30.39,34.36,0.77,0.62,0.02,Resistência,0,1
2010-06-29,15.77,18.48,20.16,21.52,22.87,24.80,27.26,30.39,34.36,0.74,0.62,0.05,Resistência,0,0
2010-06-30,15.77,18.48,20.16,21.52,22.87,24.80,27.26,30.39,34.36,0.73,0.62,0.06,Resistência,0,0
2010-07-01,15.77,18.48,20.16,21.52,22.87,24.80,27.26,30.39,34.36,0.70,0.62,0.09,Resistência,0,0
2010-07-02,15.77,18.48,20.16,21.52,22.87,24.80,27.26,30.39,34.36,0.69,0.62,0.10,Resistência,0,0
2010-07-06,15.77,18.48,20.16,21.52,22.87,24.80,27.26,30.39,34.36,0.69,0.62,0.10,Resistência,0,0
2010-07-07,15.77,18.42,20.05,21.38,22.70,24.58,26.98,30.03,33.91,0.75,0.62,0.04,Resistência,0,0
2010-07-08,15.77,18.33,19.91,21.19,22.47,24.29,26.61,29.56,33.31,0.78,0.62,0.01,Resistência,0,1
2010-07-09,15.77,18.33,19.91,21.19,22.47,24.29,26.61,29.56,33.31,0.80,0.79,0.20,Resistência Forte,0,1
2010-07-12,15.77,18.32,19.90,21.17,22.45,24.27,26.58,29.52,33.26,0.82,0.79,0.18,Resistência Forte,0,0
2010-07-13,15.77,18.20,19.71,20.92,22.14,23.87,26.08,28.88,32.45,0.89,0.79,0.11,Resistência Forte,0,0
2010-07-14,15.77,18.17,19.66,20.86,22.07,23.78,25.96,28.73,32.26,0.91,0.79,0.09,Resistência Forte,0,0
2010-07-15,15.77,18.17,19.65,20.86,22.06,23.76,25.94,28.71,32.23,0.91,0.79,0.09,Resistência Forte,0,0
2010-07-16,15.77,18.11,19.56,20.73,21.90,23.57,25.69,28.39,31.82,0.87,0.79,0.13,Resistência Forte,0,0
2010-07-19,23.41,23.95,24.28,24.55,24.82,25.20,25.69,26.31,27.10,0.54,0.50,0.08,Zona de Consolidação,1,0
2010-07-20,23.41,23.95,24.28,24.55,24.82,25.20,25.69,26.31,27.10,0.65,0.62,0.14,Resistência,1,0
2010-07-21,23.41,23.95,24.28,24.55,24.82,25.20,25.69,26.31,27.10,0.34,0.24,0.04,Suporte,1,0
2010-07-22,23.41,23.95,24.28,24.55,24.82,25.20,25.69,26.31,27.10,0.66,0.62,0.13,Resistência,1,0
2010-07-23,23.41,23.95,24.28,24.55,24.82,25.20,25.69,26.31,27.10,0.78,0.62,0.01,Resistência,0,1
2010-07-26,23.41,23.95,24.28,24.55,24.82,25.20,25.69,26.31,27.10,0.82,0.79,0.18,Resistência Forte,0,1
2010-07-27,23.41,23.95,24.28,24.55,24.82,25.20,25.69,26.31,27.10,0.82,0.79,0.18,Resistência Forte,0,1
2010-07-28,23.41,23.95,24.28,24.55,24.82,25.20,25.69,26.31,27.10,0.83,0.79,0.17,Resistência Forte,0,1
2010-07-29,23.41,23.95,24.28,24.55,24.82,25.20,25.69,26.31,27.10,0.62,0.62,0.17,Resistência,1,0
2010-07-30,23.41,23.95,24.28,24.55,24.82,25.20,25.69,26.31,27.10,0.61,0.50,0.01,Zona de Consolidação,1,0
2010-08-02,23.41,23.95,24.28,24.55,24.82,25.20,25.69,26.31,27.10,0.79,0.79,0.21,Resistência Forte,0,1
2010-08-03,23.41,23.95,24.28,24.55,24.82,25.20,25.69,26.31,27.10,0.81,0.79,0.19,Resistência Forte,0,1
2010-08-04,23.41,23.95,24.28,24.55,24.82,25.20,25.69,26.31,27.10,0.84,0.79,0.16,Resistência Forte,0,1
2010-08-05,23.49,24.01,24.33,24.59,24.85,25.22,25.69,26.29,27.05,0.78,0.62,0.01,Resistência,0,1
2010-08-06,23.49,24.01,24.33,24.59,24.85,25.22,25.69,26.29,27.05,0.68,0.62,0.11,Resistência,1,1
2010-08-09,23.49,24.01,24.33,24.59,24.85,25.22,25.69,26.29,27.05,0.73,0.62,0.06,Resistência,0,1
2010-08-10,23.49,24.01,24.33,24.59,24.85,25.22,25.69,26.29,27.05,0.62,0.62,0.17,Resistência,1,0
2010-08-11,23.49,24.01,24.33,24.59,24.85,25.22,25.69,26.29,27.05,0.36,0.24,0.02,Suporte,1,0
2010-08-12,23.49,24.01,24.33,24.59,24.85,25.22,25.69,26.29,27.05,0.25,0.24,0.13,Suporte,0,0
2010-08-13,23.49,24.01,24.33,24.59,24.85,25.22,25.69,26.29,27.05,0.19,0.00,0.05,Suporte Forte,0,0
2010-08-16,23.49,24.01,24.33,24.59,24.85,25.22,25.69,26.29,27.05,0.27,0.24,0.11,Suporte,0,0
2010-08-17,23.49,24.01,24.33,24.59,24.85,25.22,25.69,26.29,27.05,0.35,0.24,0.03,Suporte,1,0
2010-08-18,23.49,24.01,24.33,24.59,24.85,25.22,25.69,26.29,27.05,0.31,0.24,0.07,Suporte,1,0
2010-08-19,23.49,24.01,24.33,24.59,24.85,25.22,25.69,26.29,27.05,0.10,0.00,0.14,Suporte Forte,0,0
2010-08-20,23.49,24.01,24.33,24.59,24.85,25.22,25.69,26.29,27.05,0.09,0.00,0.15,Suporte Forte,0,0
2010-08-23,23.46,23.99,24.31,24.58,24.84,25.21,25.69,26.30,27.07,0.00,0.00,0.24,Suporte Forte,0,0
2010-08-24,23.16,23.76,24.13,24.42,24.72,25.15,25.69,26.38,27.25,0.07,0.00,0.17,Suporte Forte,0,0
2010-08-25,23.08,23.70,24.08,24.38,24.69,25.13,25.69,26.40,27.30,0.12,0.00,0.12,Suporte Forte,0,0
2010-08-26,23.08,23.70,24.08,24.38,24.69,25.13,25.69,26.40,27.30,0.08,0.00,0.16,Suporte Forte,0,0
2010-08-27,23.08,23.70,24.08,24.38,24.69,25.13,25.69,26.40,27.30,0.22,0.00,0.02,Suporte Forte,0,0
2010-08-30,23.08,23.70,24.08,24.38,24.69,25.13,25.69,26.40,27.30,0.10,0.00,0.14,Suporte Forte,0,0
2010-08-31,23.08,23.66,24.01,24.30,24.59,25.00,25.52,26.18,27.03,0.05,0.00,0.19,Suporte Forte,0,0
2010-09-01,23.08,23.66,24.01,24.30,24.59,25.00,25.52,26.18,27.03,0.24,0.24,0.14,Suporte,0,0
2010-09-02,23.08,23.66,24.01,24.30,24.59,25.00,25.52,26.18,27.03,0.32,0.24,0.06,Suporte,1,0
2010-09-03,23.08,23.66,24.01,24.30,24.59,25.00,25.52,26.18,27.03,0.41,0.38,0.09,Zona de Consolidação,1,0
2010-09-07,23.08,23.66,24.01,24.30,24.59,25.00,25.52,26.18,27.03,0.32,0.24,0.06,Suporte,1,0
2010-09-08,23.08,23.66,24.01,24.30,24.59,25.00,25.52,26.18,27.03,0.39,0.38,0.11,Zona de Consolidação,1,0
2010-09-09,23.08,23.66,24.01,24.30,24.59,25.00,25.52,26.18,27.03,0.46,0.38,0.04,Zona de Consolidação,1,0
2010-09-10,23.08,23.66,24.01,24.30,24.59,25.00,25.52,26.18,27.03,0.50,0.50,0.12,Zona de Consolidação,0,0
2010-09-13,23.08,23.66,24.01,24.30,24.59,25.00,25.52,26.18,27.03,0.58,0.50,0.04,Zona de Consolidação,1,0
2010-09-14,23.08,23.66,24.01,24.30,24.59,25.00,25.52,26.18,27.03,0.61,0.50,0.01,Zona de Consolidação,1,0
2010-09-15,23.08,23.66,24.01,24.30,24.59,25.00,25.52,26.18,27.03,0.78,0.62,0.01,Resistência,0,1
2010-09-16,23.08,23.66,24.01,24.30,24.59,25.00,25.52,26.18,27.03,0.76,0.62,0.03,Resistência,0,1
2010-09-17,23.08,23.66,24.01,24.30,24.59,25.00,25.52,26.18,27.03,0.81,0.79,0.19,Resistência Forte,0,1
2010-09-20,23.08,23.66,24.02,24.31,24.60,25.01,25.54,26.21,27.06,0.98,0.79,0.02,Resistência Forte,0,1
2010-09-21,23.08,23.66,24.02,24.31,24.60,25.01,25.54,26.21,27.06,0.91,0.79,0.09,Resistência Forte,0,1
2010-09-22,23.08,23.69,24.07,24.37,24.67,25.11,25.66,26.36,27.25,0.90,0.79,0.10,Resistência Forte,0,1
2010-09-23,23.08,23.69,24.07,24.37,24.67,25.11,25.66,26.36,27.25,0.83,0.79,0.17,Resistência Forte,0,1
2010-09-24,23.08,23.73,24.14,24.46,24.79,25.26,25.85,26.60,27.56,1.00,1.00,0.27,Resistência Forte,0,1
2010-09-27,23.08,23.73,24.14,24.46,24.79,25.26,25.85,26.60,27.56,0.88,0.79,0.12,Resistência Forte,0,0
2010-09-28,23.08,23.75,24.16,24.49,24.82,25.30,25.90,26.67,27.64,0.95,0.79,0.05,Resistência Forte,0,1
2010-09-29,23.08,23.75,24.16,24.49,24.82,25.30,25.90,26.67,27.64,0.87,0.79,0.13,Resistência Forte,0,1
2010-09-30,23.08,23.75,24.16,24.49,24.82,25.30,25.90,26.67,27.64,0.85,0.79,0.15,Resistência Forte,0,1
2010-10-01,23.08,23.75,24.16,24.49,24.82,25.30,25.90,26.67,27.64,0.80,0.79,0.20,Resistência Forte,0,1
2010-10-04,23.08,23.75,24.16,24.49,24.82,25.30,25.90,26.67,27.64,0.79,0.79,0.21,Resistência Forte,0,1
2010-10-05,23.08,23.75,24.16,24.49,24.82,25.30,25.90,26.67,27.64,0.88,0.79,0.12,Resistência Forte,0,0
2010-10-06,23.08,23.75,24.16,24.49,24.82,25.30,25.90,26.67,27.64,0.87,0.79,0.13,Resistência Forte,0,1
2010-10-07,23.08,23.75,24.16,24.49,24.82,25.30,25.90,26.67,27.64,0.88,0.79,0.12,Resistência Forte,0,0
2010-10-08,23.08,23.75,24.16,24.49,24.82,25.30,25.90,26.67,27.64,0.87,0.79,0.13,Resistência Forte,0,1
2010-10-11,23.08,23.75,24.16,24.49,24.82,25.30,25.90,26.67,27.64,0.85,0.79,0.15,Resistência Forte,0,1
2010-10-12,23.08,23.75,24.16,24.49,24.82,25.30,25.90,26.67,27.64,0.84,0.79,0.16,Resistência Forte,0,1
2010-10-13,23.08,23.75,24.16,24.49,24.82,25.30,25.90,26.67,27.64,0.94,0.79,0.06,Resistência Forte,0,1
2010-10-14,23.08,23.75,24.16,24.49,24.82,25.30,25.90,26.67,27.64,0.95,0.79,0.05,Resistência Forte,0,1
2010-10-15,23.08,23.78,24.22,24.57,24.92,25.42,26.06,26.87,27.90,0.99,0.79,0.01,Resistência Forte,0,1
2010-10-18,23.08,23.79,24.22,24.58,24.93,25.43,26.07,26.88,27.92,0.99,0.79,0.01,Resistência Forte,0,1
2010-10-19,23.08,23.79,24.22,24.58,24.93,25.43,26.07,26.88,27.92,0.92,0.79,0.08,Resistência Forte,0,1
2010-10-20,23.08,23.84,24.31,24.69,25.07,25.61,26.30,27.18,28.29,0.98,0.79,0.02,Resistência Forte,0,1
2010-10-21,23.08,23.88,24.37,24.77,25.17,25.74,26.46,27.38,28.55,0.99,0.79,0.01,Resistência Forte,0,1
2010-10-22,23.08,23.91,24.42,24.84,25.26,25.85,26.60,27.56,28.78,0.99,0.79,0.01,Resistência Forte,0,1
2010-10-25,23.08,23.95,24.48,24.92,25.35,25.96,26.75,27.75,29.02,0.98,0.79,0.02,Resistência Forte,0,1
2010-10-26,23.08,23.96,24.51,24.95,25.39,26.02,26.82,27.84,29.13,0.99,0.79,0.01,Resistência Forte,0,1
2010-10-27,23.08,24.03,24.62,25.10,25.58,26.26,27.12,28.22,29.62,0.99,0.79,0.01,Resistência Forte,0,1
2010-10-28,23.08,24.04,24.63,25.10,25.58,26.26,27.13,28.23,29.63,0.94,0.79,0.06,Resistência Forte,0,1
2010-10-29,23.08,24.04,24.63,25.10,25.58,26.26,27.13,28.23,29.63,0.96,0.79,0.04,Resistência Forte,0,1
2010-11-01,23.08,24.07,24.68,25.18,25.68,26.38,27.28,28.42,29.88,0.96,0.79,0.04,Resistência Forte,0,1
2010-11-02,23.08,24.09,24.71,25.22,25.73,26.44,27.36,28.52,30.01,0.96,0.79,0.04,Resistência Forte,0,1
2010-11-03,23.08,24.11,24.75,25.26,25.77,26.51,27.44,28.63,30.13,0.98,0.79,0.02,Resistência Forte,0,1
2010-11-04,23.14,24.23,24.90,25.44,25.98,26.76,27.74,28.99,30.58,1.00,1.00,0.27,Resistência Forte,0,1
2010-11-05,23.14,24.24,24.92,25.47,26.02,26.80,27.80,29.07,30.68,1.00,1.00,0.27,Resistência Forte,0,1
2010-11-08,23.14,24.24,24.92,25.47,26.02,26.80,27.80,29.07,30.68,0.95,0.79,0.05,Resistência Forte,0,1
2010-11-09,23.14,24.24,24.92,25.47,26.02,26.80,27.80,29.07,30.68,0.93,0.79,0.07,Resistência Forte,0,0
2010-11-10,23.32,24.38,25.03,25.56,26.09,26.84,27.80,29.02,30.57,0.98,0.79,0.02,Resistência Forte,0,1
2010-11-11,23.57,24.57,25.19,25.68,26.18,26.89,27.80,28.95,30.41,1.00,1.00,0.27,Resistência Forte,0,1
2010-11-12,23.81,24.75,25.33,25.80,26.28,26.95,27.80,28.89,30.27,0.93,0.79,0.07,Resistência Forte,0,1
2010-11-15,23.81,24.77,25.37,25.85,26.33,27.02,27.89,29.00,30.41,0.91,0.79,0.09,Resistência Forte,0,0
2010-11-16,23.81,24.77,25.37,25.85,26.33,27.02,27.89,29.00,30.41,0.79,0.79,0.21,Resistência Forte,0,1
2010-11-17,24.13,25.02,25.57,26.01,26.45,27.09,27.89,28.91,30.21,0.75,0.62,0.04,Resistência,0,1
2010-11-18,24.15,25.03,25.58,26.02,26.46,27.09,27.89,28.91,30.20,0.88,0.79,0.12,Resistência Forte,0,0
2010-11-19,24.41,25.23,25.74,26.15,26.56,27.15,27.89,28.84,30.04,0.89,0.79,0.11,Resistência Forte,0,0
2010-11-22,24.43,25.25,25.75,26.16,26.57,27.15,27.89,28.83,30.03,0.92,0.79,0.08,Resistência Forte,0,1
2010-11-23,24.55,25.34,25.83,26.22,26.61,27.18,27.89,28.80,29.95,0.82,0.79,0.18,Resistência Forte,0,1
2010-11-24,24.85,25.57,26.01,26.37,26.73,27.24,27.89,28.72,29.77,0.95,0.79,0.05,Resistência Forte,0,1
2010-11-26,24.95,25.64,26.07,26.42,26.77,27.26,27.89,28.69,29.71,0.89,0.79,0.11,Resistência Forte,0,0
2010-11-29,25.07,25.74,26.15,26.48,26.81,27.29,27.89,28.66,29.63,0.80,0.79,0.20,Resistência Forte,0,1
2010-11-30,25.07,25.74,26.15,26.48,26.81,27.29,27.89,28.66,29.63,0.69,0.62,0.10,Resistência,1,1
2010-12-01,25.16,25.83,26.24,26.58,26.92,27.39,28.00,28.77,29.76,0.98,0.79,0.02,Resistência Forte,0,1
2010-12-02,25.16,25.94,26.42,26.80,27.19,27.75,28.45,29.34,30.48,0.95,0.79,0.05,Resistência Forte,0,1
2010-12-03,25.16,25.94,26.42,26.80,27.19,27.75,28.45,29.34,30.48,0.96,0.79,0.04,Resistência Forte,0,1
2010-12-06,25.16,25.94,26.42,26.80,27.19,27.75,28.45,29.34,30.48,0.94,0.79,0.06,Resistência Forte,0,1
2010-12-07,25.16,25.97,26.47,26.88,27.28,27.86,28.59,29.52,30.71,0.88,0.79,0.12,Resistência Forte,0,0
2010-12-08,25.16,25.97,26.47,26.88,27.28,27.86,28.59,29.52,30.71,0.94,0.79,0.06,Resistência Forte,0,1
2010-12-09,25.16,25.97,26.47,26.88,27.28,27.86,28.59,29.52,30.71,0.95,0.79,0.05,Resistência Forte,0,1
2010-12-10,25.16,25.97,26.47,26.88,27.28,27.86,28.59,29.52,30.71,0.95,0.79,0.05,Resistência Forte,0,1
2010-12-13,25.16,25.97,26.47,26.88,27.28,27.86,28.59,29.52,30.71,0.94,0.79,0.06,Resistência Forte,0,1
2010-12-14,25.16,25.99,26.50,26.92,27.34,27.93,28.68,29.64,30.86,0.98,0.79,0.02,Resistência Forte,0,1
2010-12-15,25.16,26.00,26.51,26.93,27.35,27.94,28.70,29.66,30.89,0.94,0.79,0.06,Resistência Forte,0,1
2010-12-16,25.16,26.00,26.53,26.95,27.37,27.97,28.74,29.71,30.95,0.97,0.79,0.03,Resistência Forte,0,1
2010-12-17,25.16,26.00,26.53,26.95,27.37,27.97,28.74,29.71,30.95,0.97,0.79,0.03,Resistência Forte,0,1
2010-12-20,25.16,26.00,26.53,26.95,27.37,27.97,28.74,29.71,30.95,0.95,0.79,0.05,Resistência Forte,0,1
2010-12-21,25.16,26.00,26.53,26.95,27.37,27.97,28.74,29.71,30.95,0.97,0.79,0.03,Resistência Forte,0,1
2010-12-22,25.48,26.25,26.73,27.11,27.49,28.04,28.74,29.63,30.75,0.98,0.79,0.02,Resistência Forte,0,1
2010-12-23,25.58,26.33,26.79,27.16,27.53,28.06,28.74,29.60,30.69,0.90,0.79,0.10,Resistência Forte,0,0
2010-12-27,25.59,26.33,26.79,27.16,27.54,28.07,28.74,29.60,30.69,0.91,0.79,0.09,Resistência Forte,0,0
2010-12-28,25.59,26.33,26.79,27.16,27.54,28.07,28.74,29.60,30.69,0.90,0.79,0.10,Resistência Forte,0,0
2010-12-29,25.59,26.33,26.79,27.16,27.54,28.07,28.74,29.60,30.69,0.89,0.79,0.11,Resistência Forte,0,0
2010-12-30,25.82,26.51,26.94,27.28,27.62,28.12,28.74,29.53,30.54,0.87,0.79,0.13,Resistência Forte,0,1
2010-12-31,26.20,26.80,27.17,27.47,27.77,28.20,28.74,29.43,30.31,0.81,0.79,0.19,Resistência Forte,0,1
2011-01-03,26.33,26.96,27.34,27.66,27.97,28.41,28.98,29.70,30.62,0.91,0.79,0.09,Resistência Forte,0,1
2011-01-04,26.34,26.96,27.35,27.66,27.97,28.42,28.98,29.70,30.61,0.87,0.79,0.13,Resistência Forte,0,1
2011-01-05,26.34,26.99,27.39,27.72,28.05,28.51,29.10,29.85,30.81,1.00,1.00,0.27,Resistência Forte,0,1
2011-01-06,26.59,27.24,27.64,27.96,28.28,28.74,29.33,30.08,31.02,1.00,1.00,0.27,Resistência Forte,0,1
2011-01-07,26.75,27.39,27.78,28.10,28.42,28.87,29.45,30.18,31.12,0.98,0.79,0.02,Resistência Forte,0,1
2011-01-10,26.75,27.40,27.80,28.12,28.45,28.91,29.50,30.25,31.20,0.96,0.79,0.04,Resistência Forte,0,1
2011-01-11,26.86,27.54,27.96,28.30,28.63,29.12,29.73,30.51,31.50,0.93,0.79,0.07,Resistência Forte,0,1
2011-01-12,26.86,27.59,28.04,28.40,28.76,29.28,29.94,30.78,31.84,0.99,0.79,0.01,Resistência Forte,0,1
2011-01-13,26.86,27.59,28.04,28.40,28.76,29.28,29.94,30.78,31.84,0.90,0.79,0.10,Resistência Forte,0,0
2011-01-14,26.86,27.59,28.04,28.40,28.76,29.28,29.94,30.78,31.84,0.95,0.79,0.05,Resistência Forte,0,1
2011-01-18,26.86,27.61,28.07,28.44,28.81,29.34,30.02,30.88,31.97,0.97,0.79,0.03,Resistência Forte,0,1
2011-01-19,26.86,27.61,28.07,28.44,28.81,29.34,30.02,30.88,31.97,0.92,0.79,0.08,Resistência Forte,0,1
2011-01-20,26.86,27.62,28.09,28.47,28.85,29.39,30.08,30.96,32.07,0.97,0.79,0.03,Resistência Forte,0,1
2011-01-21,26.86,27.62,28.09,28.48,28.86,29.40,30.09,30.97,32.09,0.96,0.79,0.04,Resistência Forte,0,1
2011-01-24,26.86,27.69,28.20,28.62,29.04,29.63,30.38,31.34,32.56,0.96,0.79,0.04,Resistência Forte,0,1
2011-01-25,26.86,27.69,28.20,28.62,29.04,29.63,30.38,31.34,32.56,0.99,0.79,0.01,Resistência Forte,0,1
2011-01-26,26.86,27.69,28.20,28.62,29.04,29.63,30.38,31.34,32.56,0.78,0.62,0.01,Resistência,0,1
2011-01-27,26.86,27.69,28.20,28.62,29.04,29.63,30.38,31.34,32.56,0.82,0.79,0.18,Resistência Forte,0,1
2011-01-28,26.86,27.69,28.20,28.62,29.04,29.63,30.38,31.34,32.56,0.68,0.62,0.11,Resistência,1,0
2011-01-31,26.92,27.74,28.24,28.65,29.06,29.64,30.38,31.32,32.52,0.68,0.62,0.11,Resistência,1,0
2011-02-01,26.92,27.74,28.24,28.65,29.06,29.64,30.38,31.32,32.52,0.86,0.79,0.14,Resistência Forte,0,1
2011-02-02,26.92,27.74,28.24,28.65,29.06,29.64,30.38,31.32,32.52,0.86,0.79,0.14,Resistência Forte,0,1
2011-02-03,26.92,27.74,28.24,28.65,29.06,29.64,30.38,31.32,32.52,0.88,0.79,0.12,Resistência Forte,0,0
2011-02-04,26.92,27.74,28.24,28.65,29.06,29.64,30.38,31.32,32.52,0.93,0.79,0.07,Resistência Forte,0,1
2011-02-07,26.92,27.74,28.24,28.65,29.06,29.64,30.38,31.32,32.52,0.96,0.79,0.04,Resistência Forte,0,1
2011-02-08,26.92,27.74,28.24,28.65,29.06,29.64,30.38,31.32,32.52,0.96,0.79,0.04,Resistência Forte,0,1
2011-02-09,26.94,27.75,28.25,28.66,29.07,29.64,30.38,31.32,32.51,0.90,0.79,0.10,Resistência Forte,0,0
2011-02-10,27.35,28.07,28.51,28.86,29.22,29.73,30.38,31.20,32.25,0.97,0.79,0.03,Resistência Forte,0,1
2011-02-11,27.92,28.50,28.86,29.16,29.45,29.86,30.39,31.06,31.92,1.00,1.00,0.27,Resistência Forte,0,1
2011-02-14,28.11,28.66,29.00,29.28,29.56,29.95,30.45,31.09,31.90,0.98,0.79,0.02,Resistência Forte,0,1
2011-02-15,28.11,28.66,29.00,29.28,29.56,29.95,30.45,31.09,31.90,0.92,0.79,0.08,Resistência Forte,0,1
2011-02-16,28.11,28.66,29.00,29.28,29.56,29.95,30.45,31.09,31.90,0.91,0.79,0.09,Resistência Forte,0,1
2011-02-17,28.11,28.67,29.02,29.30,29.58,29.98,30.49,31.14,31.96,0.98,0.79,0.02,Resistência Forte,0,1
2011-02-18,28.11,28.68,29.03,29.32,29.60,30.00,30.52,31.18,32.01,1.00,1.00,0.27,Resistência Forte,0,1
2011-02-22,28.11,28.68,29.03,29.32,29.60,30.00,30.52,31.18,32.01,0.78,0.62,0.01,Resistência,0,1
2011-02-23,28.11,28.68,29.03,29.32,29.60,30.00,30.52,31.18,32.01,0.72,0.62,0.07,Resistência,1,1
2011-02-24,28.11,28.68,29.03,29.32,29.60,30.00,30.52,31.18,32.01,0.76,0.62,0.03,Resistência,0,1
2011-02-25,28.11,28.68,29.03,29.32,29.60,30.00,30.52,31.18,32.01,0.91,0.79,0.09,Resistência Forte,0,1
2011-02-28,28.11,28.69,29.05,29.34,29.62,30.04,30.56,31.23,32.07,1.00,1.00,0.27,Resistência Forte,0,1
2011-03-01,28.11,28.70,29.06,29.36,29.66,30.08,30.61,31.29,32.16,0.82,0.79,0.18,Resistência Forte,0,1
2011-03-02,28.11,28.70,29.06,29.36,29.66,30.08,30.61,31.29,32.16,0.93,0.79,0.07,Resistência Forte,0,1
2011-03-03,28.11,28.78,29.20,29.54,29.88,30.36,30.97,31.75,32.74,0.97,0.79,0.03,Resistência Forte,0,1
2011-03-04,28.11,28.78,29.20,29.54,29.88,30.36,30.97,31.75,32.74,0.92,0.79,0.08,Resistência Forte,0,1
2011-03-07,28.11,28.78,29.20,29.54,29.88,30.36,30.97,31.75,32.74,0.87,0.79,0.13,Resistência Forte,0,1
2011-03-08,28.11,28.83,29.28,29.64,29.99,30.51,31.16,31.99,33.04,0.97,0.79,0.03,Resistência Forte,0,1
2011-03-09,28.11,28.88,29.36,29.75,30.14,30.69,31.39,32.28,33.42,0.98,0.79,0.02,Resistência Forte,0,1
2011-03-10,28.11,28.88,29.36,29.75,30.14,30.69,31.39,32.28,33.42,0.88,0.79,0.12,Resistência Forte,0,0
2011-03-11,28.11,28.88,29.36,29.75,30.14,30.69,31.39,32.28,33.42,0.89,0.79,0.11,Resistência Forte,0,0
2011-03-14,28.11,28.88,29.36,29.75,30.14,30.69,31.39,32.28,33.42,0.83,0.79,0.17,Resistência Forte,0,1
2011-03-15,28.55,29.22,29.63,29.97,30.31,30.78,31.39,32.16,33.15,0.63,0.62,0.16,Resistência,1,0
2011-03-16,28.58,29.24,29.65,29.98,30.32,30.79,31.39,32.15,33.13,0.42,0.38,0.08,Zona de Consolidação,1,0
2011-03-17,28.60,29.26,29.67,30.00,30.32,30.79,31.39,32.15,33.11,0.51,0.50,0.11,Zona de Consolidação,0,0
2011-03-18,28.99,29.56,29.91,30.19,30.47,30.88,31.39,32.04,32.87,0.56,0.50,0.06,Zona de Consolidação,1,0
2011-03-21,29.01,29.57,29.92,30.20,30.48,30.88,31.39,32.04,32.86,0.71,0.62,0.08,Resistência,1,1
2011-03-22,29.01,29.57,29.92,30.20,30.48,30.88,31.39,32.04,32.86,0.75,0.62,0.04,Resistência,0,1
2011-03-23,29.04,29.59,29.94,30.22,30.49,30.89,31.39,32.03,32.84,0.76,0.62,0.03,Resistência,0,1
2011-03-24,29.04,29.59,29.94,30.22,30.49,30.89,31.39,32.03,32.84,0.83,0.79,0.17,Resistência Forte,0,1
2011-03-25,29.04,29.59,29.94,30.22,30.49,30.89,31.39,32.03,32.84,0.83,0.79,0.17,Resistência Forte,0,1
2011-03-28,29.04,29.59,29.94,30.22,30.49,30.89,31.39,32.03,32.84,0.83,0.79,0.17,Resistência Forte,0,1
2011-03-29,29.04,29.59,29.94,30.22,30.49,30.89,31.39,32.03,32.84,0.90,0.79,0.10,Resistência Forte,0,1
2011-03-30,29.04,29.62,29.98,30.27,30.56,30.97,31.50,32.17,33.02,0.99,0.79,0.01,Resistência Forte,0,1
2011-03-31,29.04,29.67,30.05,30.36,30.68,31.12,31.69,32.41,33.33,0.95,0.79,0.05,Resistência Forte,0,1
2011-04-01,29.04,29.73,30.16,30.50,30.84,31.34,31.96,32.75,33.76,0.95,0.79,0.05,Resistência Forte,0,1
2011-04-04,29.04,29.74,30.17,30.52,30.87,31.37,32.00,32.81,33.83,1.00,1.00,0.27,Resistência Forte,0,1
2011-04-05,29.04,29.77,30.22,30.58,30.94,31.46,32.12,32.96,34.02,0.92,0.79,0.08,Resistência Forte,0,1
2011-04-06,29.04,29.88,30.40,30.82,31.23,31.83,32.59,33.56,34.78,0.97,0.79,0.03,Resistência Forte,0,1
2011-04-07,29.04,29.88,30.40,30.82,31.24,31.84,32.60,33.57,34.80,0.99,0.79,0.01,Resistência Forte,0,1
2011-04-08,29.04,29.88,30.40,30.82,31.25,31.85,32.61,33.58,34.82,0.90,0.79,0.10,Resistência Forte,0,0
2011-04-11,29.04,29.88,30.40,30.82,31.25,31.85,32.61,33.58,34.82,0.90,0.79,0.10,Resistência Forte,0,0
2011-04-12,29.37,30.13,30.61,30.99,31.37,31.92,32.61,33.49,34.61,0.82,0.79,0.18,Resistência Forte,0,1
2011-04-13,29.55,30.27,30.72,31.08,31.44,31.96,32.61,33.44,34.50,0.81,0.79,0.19,Resistência Forte,0,1
2011-04-14,29.55,30.27,30.72,31.08,31.44,31.96,32.61,33.44,34.50,0.81,0.79,0.19,Resistência Forte,0,1
2011-04-15,29.61,30.32,30.76,31.11,31.46,31.97,32.61,33.43,34.46,0.82,0.79,0.18,Resistência Forte,0,1
2011-04-18,29.61,30.32,30.76,31.11,31.46,31.97,32.61,33.43,34.46,0.74,0.62,0.05,Resistência,0,1
2011-04-19,29.61,30.32,30.76,31.11,31.46,31.97,32.61,33.43,34.46,0.77,0.62,0.02,Resistência,0,1
2011-04-20,29.61,30.32,30.76,31.11,31.46,31.97,32.61,33.43,34.46,0.95,0.79,0.05,Resistência Forte,0,1
2011-04-21,29.61,30.32,30.76,31.11,31.46,31.97,32.61,33.43,34.46,1.00,1.00,0.27,Resistência Forte,0,1
2011-04-25,29.61,30.36,30.82,31.20,31.58,32.11,32.79,33.65,34.76,0.97,0.79,0.03,Resistência Forte,0,1
2011-04-26,29.61,30.46,30.98,31.40,31.83,32.43,33.20,34.18,35.42,0.97,0.79,0.03,Resistência Forte,0,1
2011-04-27,29.61,30.51,31.07,31.52,31.97,32.61,33.43,34.47,35.79,0.99,0.79,0.01,Resistência Forte,0,1
2011-04-28,29.61,30.51,31.07,31.52,31.97,32.61,33.43,34.47,35.79,0.98,0.79,0.02,Resistência Forte,0,1
2011-04-29,29.61,30.53,31.10,31.56,32.02,32.68,33.51,34.57,35.92,0.98,0.79,0.02,Resistência Forte,0,1
2011-05-02,29.61,30.59,31.20,31.69,32.18,32.88,33.77,34.90,36.34,0.97,0.79,0.03,Resistência Forte,0,1
2011-05-03,29.61,30.60,31.22,31.72,32.21,32.92,33.82,34.97,36.42,0.92,0.79,0.08,Resistência Forte,0,0
2011-05-04,29.61,30.60,31.22,31.72,32.21,32.92,33.82,34.97,36.42,0.90,0.79,0.10,Resistência Forte,0,0
2011-05-05,29.61,30.60,31.22,31.72,32.21,32.92,33.82,34.97,36.42,0.79,0.79,0.21,Resistência Forte,0,1
2011-05-06,29.61,30.60,31.22,31.72,32.21,32.92,33.82,34.97,36.42,0.80,0.79,0.20,Resistência Forte,0,1
2011-05-09,29.61,30.60,31.22,31.72,32.21,32.92,33.82,34.97,36.42,0.85,0.79,0.15,Resistência Forte,0,1
2011-05-10,29.61,30.60,31.22,31.72,32.21,32.92,33.82,34.97,36.42,0.88,0.79,0.12,Resistência Forte,0,0
2011-05-11,29.61,30.60,31.22,31.72,32.21,32.92,33.82,34.97,36.42,0.83,0.79,0.17,Resistência Forte,0,1
2011-05-12,29.61,30.60,31.22,31.72,32.21,32.92,33.82,34.97,36.42,0.94,0.79,0.06,Resistência Forte,0,1
2011-05-13,29.61,30.60,31.22,31.72,32.21,32.92,33.82,34.97,36.42,0.86,0.79,0.14,Resistência Forte,0,1
2011-05-16,29.61,30.60,31.22,31.72,32.21,32.92,33.82,34.97,36.42,0.80,0.79,0.20,Resistência Forte,0,1
2011-05-17,29.61,30.60,31.22,31.72,32.21,32.92,33.82,34.97,36.42,0.81,0.79,0.19,Resistência Forte,0,1
2011-05-18,29.61,30.60,31.22,31.72,32.21,32.92,33.82,34.97,36.42,0.89,0.79,0.11,Resistência Forte,0,0
2011-05-19,29.61,30.60,31.22,31.72,32.21,32.92,33.82,34.97,36.42,0.90,0.79,0.10,Resistência Forte,0,0
2011-05-20,29.61,30.60,31.22,31.72,32.21,32.92,33.82,34.97,36.42,0.88,0.79,0.12,Resistência Forte,0,0
2011-05-23,29.61,30.60,31.22,31.72,32.21,32.92,33.82,34.97,36.42,0.77,0.62,0.02,Resistência,0,1
2011-05-24,29.61,30.60,31.22,31.72,32.21,32.92,33.82,34.97,36.42,0.75,0.62,0.04,Resistência,0,1
2011-05-25,29.61,30.60,31.22,31.72,32.21,32.92,33.82,34.97,36.42,0.76,0.62,0.03,Resistência,0,1
2011-05-26,29.89,30.82,31.39,31.86,32.32,32.98,33.82,34.89,36.25,0.79,0.79,0.21,Resistência Forte,0,1
2011-05-27,30.22,31.07,31.60,32.02,32.44,33.05,33.82,34.80,36.04,0.86,0.79,0.14,Resistência Forte,0,1
2011-05-31,30.41,31.24,31.75,32.16,32.57,33.16,33.91,34.86,36.07,1.00,1.00,0.27,Resistência Forte,0,1
2011-06-01,30.41,31.24,31.75,32.16,32.57,33.16,33.91,34.86,36.07,0.88,0.79,0.12,Resistência Forte,0,1
2011-06-02,30.41,31.24,31.75,32.16,32.57,33.16,33.91,34.86,36.07,0.85,0.79,0.15,Resistência Forte,0,1
2011-06-03,30.52,31.32,31.81,32.21,32.62,33.18,33.91,34.83,36.01,0.67,0.62,0.12,Resistência,1,0
2011-06-06,30.76,31.50,31.96,32.34,32.71,33.24,33.91,34.77,35.86,0.62,0.62,0.17,Resistência,1,0
2011-06-07,30.76,31.50,31.96,32.34,32.71,33.24,33.91,34.77,35.86,0.58,0.50,0.04,Zona de Consolidação,1,0
2011-06-08,30.76,31.50,31.96,32.34,32.71,33.24,33.91,34.77,35.86,0.55,0.50,0.07,Zona de Consolidação,1,0
2011-06-09,31.09,31.76,32.17,32.50,32.83,33.31,33.91,34.68,35.65,0.56,0.50,0.06,Zona de Consolidação,1,0
2011-06-10,31.43,32.02,32.38,32.67,32.96,33.38,33.91,34.58,35.44,0.30,0.24,0.08,Suporte,1,0
2011-06-13,31.60,32.15,32.48,32.75,33.03,33.42,33.91,34.54,35.34,0.44,0.38,0.06,Zona de Consolidação,1,0
2011-06-14,31.61,32.15,32.49,32.76,33.03,33.42,33.91,34.54,35.33,0.44,0.38,0.06,Zona de Consolidação,1,0
2011-06-15,31.61,32.15,32.49,32.76,33.03,33.42,33.91,34.54,35.33,0.17,0.00,0.07,Suporte Forte,0,0
2011-06-16,31.61,32.15,32.49,32.76,33.03,33.42,33.91,34.54,35.33,0.21,0.00,0.03,Suporte Forte,0,0
2011-06-17,31.61,32.15,32.49,32.76,33.03,33.42,33.91,34.54,35.33,0.17,0.00,0.07,Suporte Forte,0,0
2011-06-20,31.61,32.15,32.49,32.76,33.03,33.42,33.91,34.54,35.33,0.37,0.24,0.01,Suporte,1,0
2011-06-21,31.61,32.15,32.49,32.76,33.03,33.42,33.91,34.54,35.33,0.45,0.38,0.05,Zona de Consolidação,1,0
2011-06-22,31.61,32.15,32.49,32.76,33.03,33.42,33.91,34.54,35.33,0.36,0.24,0.02,Suporte,1,0
2011-06-23,31.61,32.15,32.49,32.76,33.03,33.42,33.91,34.54,35.33,0.24,0.24,0.14,Suporte,0,0
2011-06-24,31.61,32.15,32.49,32.76,33.03,33.42,33.91,34.54,35.33,0.05,0.00,0.19,Suporte Forte,0,0
2011-06-27,31.48,32.05,32.41,32.70,32.98,33.39,33.91,34.57,35.41,0.21,0.00,0.03,Suporte Forte,0,0
2011-06-28,31.48,32.05,32.41,32.70,32.98,33.39,33.91,34.57,35.41,0.33,0.24,0.05,Suporte,1,0
2011-06-29,31.48,32.05,32.41,32.70,32.98,33.39,33.91,34.57,35.41,0.44,0.38,0.06,Zona de Consolidação,1,0
2011-06-30,31.48,32.05,32.41,32.70,32.98,33.39,33.91,34.57,35.41,0.47,0.38,0.03,Zona de Consolidação,1,0
2011-07-01,31.48,32.05,32.41,32.70,32.98,33.39,33.91,34.57,35.41,0.78,0.62,0.01,Resistência,0,1
2011-07-05,31.48,32.05,32.41,32.70,32.98,33.39,33.91,34.57,35.41,0.73,0.62,0.06,Resistência,1,1
2011-07-06,31.48,32.05,32.41,32.70,32.98,33.39,33.91,34.57,35.41,0.81,0.79,0.19,Resistência Forte,0,1
2011-07-07,31.48,32.09,32.47,32.78,33.09,33.52,34.08,34.79,35.69,1.00,1.00,0.27,Resistência Forte,0,1
2011-07-08,31.48,32.09,32.47,32.78,33.09,33.52,34.08,34.79,35.69,0.88,0.79,0.12,Resistência Forte,0,1
2011-07-11,31.48,32.09,32.47,32.78,33.09,33.52,34.08,34.79,35.69,0.73,0.62,0.06,Resistência,1,1
2011-07-12,31.48,32.09,32.47,32.78,33.09,33.52,34.08,34.79,35.69,0.71,0.62,0.08,Resistência,1,1
2011-07-13,31.48,32.09,32.47,32.78,33.09,33.52,34.08,34.79,35.69,0.68,0.62,0.11,Resistência,1,1
2011-07-14,31.48,32.09,32.47,32.78,33.09,33.52,34.08,34.79,35.69,0.59,0.50,0.03,Zona de Consolidação,1,0
2011-07-15,31.48,32.09,32.47,32.78,33.09,33.52,34.08,34.79,35.69,0.55,0.50,0.07,Zona de Consolidação,1,0
2011-07-18,31.48,32.09,32.47,32.78,33.09,33.52,34.08,34.79,35.69,0.36,0.24,0.02,Suporte,1,0
2011-07-19,31.48,32.09,32.47,32.78,33.09,33.52,34.08,34.79,35.69,0.53,0.50,0.09,Zona de Consolidação,1,0
2011-07-20,31.48,32.09,32.47,32.78,33.09,33.52,34.08,34.79,35.69,0.39,0.38,0.11,Zona de Consolidação,1,0
2011-07-21,31.48,32.09,32.47,32.78,33.09,33.52,34.08,34.79,35.69,0.56,0.50,0.06,Zona de Consolidação,1,0
2011-07-22,31.48,32.09,32.47,32.78,33.09,33.52,34.08,34.79,35.69,0.58,0.50,0.04,Zona de Consolidação,1,0
2011-07-25,31.48,32.09,32.47,32.78,33.09,33.52,34.08,34.79,35.69,0.51,0.50,0.11,Zona de Consolidação,1,0
2011-07-26,31.48,32.09,32.47,32.78,33.09,33.52,34.08,34.79,35.69,0.56,0.50,0.06,Zona de Consolidação,1,0
2011-07-27,31.48,32.09,32.47,32.78,33.09,33.52,34.08,34.79,35.69,0.37,0.24,0.01,Suporte,1,0
2011-07-28,31.48,32.09,32.47,32.78,33.09,33.52,34.08,34.79,35.69,0.23,0.00,0.01,Suporte Forte,0,0
2011-07-29,31.48,32.09,32.47,32.78,33.09,33.52,34.08,34.79,35.69,0.16,0.00,0.08,Suporte Forte,0,0
2011-08-01,31.10,31.80,32.24,32.59,32.94,33.44,34.08,34.89,35.92,0.09,0.00,0.15,Suporte Forte,0,0
2011-08-02,30.70,31.50,31.99,32.39,32.79,33.36,34.08,35.00,36.17,0.01,0.00,0.23,Suporte Forte,0,0
2011-08-03,30.44,31.30,31.83,32.26,32.69,33.30,34.08,35.07,36.33,0.09,0.00,0.15,Suporte Forte,0,0
2011-08-04,29.66,30.70,31.35,31.87,32.39,33.13,34.08,35.28,36.81,0.00,0.00,0.24,Suporte Forte,0,0
2011-08-05,29.09,30.27,31.00,31.58,32.17,33.01,34.08,35.44,37.16,0.18,0.00,0.06,Suporte Forte,0,0
2011-08-08,28.27,29.64,30.49,31.17,31.86,32.84,34.08,35.66,37.67,0.00,0.00,0.24,Suporte Forte,0,0
2011-08-09,27.90,29.36,30.26,30.99,31.72,32.76,34.08,35.76,37.90,0.18,0.00,0.06,Suporte Forte,0,0
2011-08-10,27.70,29.21,30.14,30.89,31.64,32.71,34.08,35.82,38.02,0.01,0.00,0.23,Suporte Forte,0,0
2011-08-11,27.70,29.21,30.14,30.89,31.64,32.71,34.08,35.82,38.02,0.20,0.00,0.04,Suporte Forte,0,0
2011-08-12,27.70,29.21,30.14,30.89,31.64,32.71,34.08,35.82,38.02,0.25,0.24,0.13,Suporte,0,0
2011-08-15,27.70,29.21,30.14,30.89,31.64,32.71,34.08,35.82,38.02,0.31,0.24,0.07,Suporte,0,0
2011-08-16,27.70,29.21,30.14,30.89,31.64,32.71,34.08,35.82,38.02,0.32,0.24,0.06,Suporte,0,0
2011-08-17,27.70,29.21,30.14,30.89,31.64,32.71,34.08,35.82,38.02,0.30,0.24,0.08,Suporte,0,0
2011-08-18,27.70,29.21,30.14,30.89,31.64,32.71,34.08,35.82,38.02,0.17,0.00,0.07,Suporte Forte,0,0
2011-08-19,27.70,29.21,30.14,30.89,31.64,32.71,34.08,35.82,38.02,0.16,0.00,0.08,Suporte Forte,0,0
2011-08-22,27.70,29.21,30.14,30.89,31.64,32.71,34.08,35.82,38.02,0.19,0.00,0.05,Suporte Forte,0,0
2011-08-23,27.70,29.21,30.14,30.89,31.64,32.71,34.08,35.82,38.02,0.34,0.24,0.04,Suporte,1,0
2011-08-24,27.70,29.21,30.14,30.89,31.64,32.71,34.08,35.82,38.02,0.39,0.38,0.11,Zona de Consolidação,1,0
2011-08-25,27.70,29.21,30.14,30.89,31.64,32.71,34.08,35.82,38.02,0.31,0.24,0.07,Suporte,0,0
2011-08-26,27.70,29.21,30.14,30.89,31.64,32.71,34.08,35.82,38.02,0.39,0.38,0.11,Zona de Consolidação,1,0
2011-08-29,27.70,29.21,30.14,30.89,31.64,32.71,34.08,35.82,38.02,0.45,0.38,0.05,Zona de Consolidação,0,0
2011-08-30,27.70,29.21,30.14,30.89,31.64,32.71,34.08,35.82,38.02,0.50,0.50,0.12,Zona de Consolidação,0,0
2011-08-31,27.70,29.21,30.14,30.89,31.64,32.71,34.08,35.82,38.02,0.52,0.50,0.10,Zona de Consolidação,0,0
2011-09-01,27.70,29.21,30.14,30.89,31.64,32.71,34.08,35.82,38.02,0.48,0.38,0.02,Zona de Consolidação,0,0
2011-09-02,27.70,29.21,30.14,30.89,31.64,32.71,34.08,35.82,38.02,0.37,0.24,0.01,Suporte,1,0
2011-09-06,27.70,29.21,30.14,30.89,31.64,32.71,34.08,35.82,38.02,0.32,0.24,0.06,Suporte,0,0
2011-09-07,27.70,29.21,30.14,30.89,31.64,32.71,34.08,35.82,38.02,0.45,0.38,0.05,Zona de Consolidação,0,0
2011-09-08,27.70,29.21,30.14,30.89,31.64,32.71,34.08,35.82,38.02,0.42,0.38,0.08,Zona de Consolidação,1,0
2011-09-09,27.70,29.21,30.14,30.89,31.64,32.71,34.08,35.82,38.02,0.32,0.24,0.06,Suporte,0,0
2011-09-12,27.70,29.21,30.14,30.89,31.64,32.71,34.08,35.82,38.02,0.38,0.24,0.00,Suporte,1,0
2011-09-13,27.70,29.21,30.14,30.89,31.64,32.71,34.08,35.82,38.02,0.41,0.38,0.09,Zona de Consolidação,1,0
2011-09-14,27.70,29.21,30.14,30.89,31.64,32.71,34.08,35.82,38.02,0.49,0.38,0.01,Zona de Consolidação,0,0
2011-09-15,27.70,29.21,30.14,30.89,31.64,32.71,34.08,35.82,38.02,0.60,0.50,0.02,Zona de Consolidação,1,0
2011-09-16,27.70,29.19,30.11,30.85,31.60,32.66,34.01,35.73,37.91,0.63,0.62,0.16,Resistência,1,0
2011-09-19,27.70,29.10,29.97,30.66,31.36,32.36,33.63,35.24,37.29,0.66,0.62,0.13,Resistência,1,0
2011-09-20,27.70,29.10,29.97,30.66,31.36,32.36,33.63,35.24,37.29,0.67,0.62,0.12,Resistência,1,0
2011-09-21,27.70,29.10,29.97,30.66,31.36,32.36,33.63,35.24,37.29,0.50,0.50,0.12,Zona de Consolidação,0,0
2011-09-22,27.70,29.08,29.93,30.62,31.30,32.28,33.53,35.12,37.13,0.32,0.24,0.06,Suporte,0,0
2011-09-23,27.70,29.01,29.81,30.46,31.12,32.05,33.23,34.73,36.65,0.29,0.24,0.09,Suporte,0,0
2011-09-26,27.70,29.01,29.81,30.46,31.12,32.05,33.23,34.73,36.65,0.38,0.24,0.00,Suporte,1,0
2011-09-27,27.70,29.01,29.81,30.46,31.12,32.05,33.23,34.73,36.65,0.41,0.38,0.09,Zona de Consolidação,1,0
2011-09-28,27.70,29.01,29.81,30.46,31.12,32.05,33.23,34.73,36.65,0.37,0.24,0.01,Suporte,1,0
2011-09-29,27.70,29.01,29.81,30.46,31.12,32.05,33.23,34.73,36.65,0.42,0.38,0.08,Zona de Consolidação,1,0
2011-09-30,27.70,28.97,29.76,30.40,31.04,31.94,33.10,34.57,36.44,0.32,0.24,0.06,Suporte,0,0
2011-10-03,27.70,28.97,29.76,30.40,31.03,31.94,33.09,34.56,36.42,0.24,0.24,0.14,Suporte,0,0
2011-10-04,27.70,28.97,29.76,30.40,31.03,31.94,33.09,34.56,36.42,0.34,0.24,0.04,Suporte,1,0
2011-10-05,27.70,28.92,29.67,30.28,30.89,31.76,32.86,34.26,36.05,0.46,0.38,0.04,Zona de Consolidação,0,0
2011-10-06,27.70,28.82,29.51,30.08,30.64,31.43,32.45,33.74,35.39,0.58,0.50,0.04,Zona de Consolidação,1,0
2011-10-07,27.70,28.76,29.42,29.96,30.49,31.24,32.21,33.44,35.00,0.62,0.62,0.17,Resistência,1,0
2011-10-10,27.70,28.76,29.41,29.94,30.47,31.22,32.18,33.40,34.95,0.78,0.62,0.01,Resistência,0,1
2011-10-11,27.70,28.73,29.37,29.89,30.41,31.14,32.08,33.27,34.79,0.84,0.79,0.16,Resistência Forte,0,1
2011-10-12,27.70,28.74,29.39,29.91,30.43,31.17,32.12,33.32,34.85,0.97,0.79,0.03,Resistência Forte,0,1
2011-10-13,27.70,28.74,29.39,29.91,30.43,31.17,32.12,33.32,34.85,0.92,0.79,0.08,Resistência Forte,0,0
2011-10-14,27.70,28.79,29.46,30.01,30.56,31.33,32.32,33.58,35.18,0.99,0.79,0.01,Resistência Forte,0,1
2011-10-17,27.70,28.79,29.46,30.01,30.56,31.33,32.32,33.58,35.18,0.89,0.79,0.11,Resistência Forte,0,0
2011-10-18,27.70,28.81,29.50,30.06,30.61,31.40,32.41,33.69,35.32,0.97,0.79,0.03,Resistência Forte,0,1
2011-10-19,27.70,28.82,29.51,30.07,30.63,31.43,32.44,33.73,35.37,0.89,0.79,0.11,Resistência Forte,0,0
2011-10-20,27.90,28.97,29.63,30.17,30.71,31.47,32.44,33.67,35.25,0.89,0.79,0.11,Resistência Forte,0,0
2011-10-21,27.98,29.08,29.76,30.30,30.85,31.63,32.63,33.89,35.50,1.00,1.00,0.27,Resistência Forte,0,1
2011-10-24,27.98,29.17,29.91,30.51,31.11,31.96,33.04,34.42,36.17,0.97,0.79,0.03,Resistência Forte,0,1
2011-10-25,27.98,29.17,29.91,30.51,31.11,31.96,33.04,34.42,36.17,0.89,0.79,0.11,Resistência Forte,0,0
2011-10-26,27.98,29.17,29.91,30.51,31.11,31.96,33.04,34.42,36.17,0.74,0.62,0.05,Resistência,0,1
2011-10-27,27.98,29.17,29.91,30.51,31.11,31.96,33.04,34.42,36.17,0.98,0.79,0.02,Resistência Forte,0,1
2011-10-28,27.98,29.17,29.91,30.51,31.11,31.96,33.04,34.42,36.17,0.96,0.79,0.04,Resistência Forte,0,1
2011-10-31,27.98,29.20,29.95,30.56,31.18,32.04,33.15,34.56,36.35,0.91,0.79,0.09,Resistência Forte,0,0
2011-11-01,27.98,29.20,29.95,30.56,31.18,32.04,33.15,34.56,36.35,0.71,0.62,0.08,Resistência,0,0
2011-11-02,28.62,29.69,30.35,30.88,31.42,32.18,33.15,34.38,35.95,0.70,0.62,0.09,Resistência,0,0
2011-11-03,28.62,29.69,30.35,30.88,31.42,32.18,33.15,34.38,35.95,0.87,0.79,0.13,Resistência Forte,0,0
2011-11-04,28.62,29.69,30.35,30.88,31.42,32.18,33.15,34.38,35.95,0.80,0.79,0.20,Resistência Forte,0,1
2011-11-07,28.62,29.69,30.35,30.88,31.42,32.18,33.15,34.38,35.95,0.82,0.79,0.18,Resistência Forte,0,1
2011-11-08,28.62,29.69,30.35,30.88,31.42,32.18,33.15,34.38,35.95,0.96,0.79,0.04,Resistência Forte,0,1
2011-11-09,28.62,29.69,30.35,30.88,31.42,32.18,33.15,34.38,35.95,0.68,0.62,0.11,Resistência,1,0
2011-11-10,28.62,29.69,30.35,30.88,31.42,32.18,33.15,34.38,35.95,0.74,0.62,0.05,Resistência,0,1
2011-11-11,28.62,29.69,30.35,30.88,31.42,32.18,33.15,34.38,35.95,0.87,0.79,0.13,Resistência Forte,0,0
2011-11-14,28.62,29.69,30.35,30.88,31.42,32.18,33.15,34.38,35.95,0.80,0.79,0.20,Resistência Forte,0,1
2011-11-15,28.62,29.69,30.35,30.88,31.42,32.18,33.15,34.38,35.95,0.91,0.79,0.09,Resistência Forte,0,0
2011-11-16,28.62,29.69,30.35,30.88,31.42,32.18,33.15,34.38,35.95,0.70,0.62,0.09,Resistência,0,0
2011-11-17,28.62,29.69,30.35,30.88,31.42,32.18,33.15,34.38,35.95,0.58,0.50,0.04,Zona de Consolidação,1,0
2011-11-18,28.62,29.69,30.35,30.88,31.42,32.18,33.15,34.38,35.95,0.56,0.50,0.06,Zona de Consolidação,1,0
2011-11-21,28.62,29.69,30.35,30.88,31.42,32.18,33.15,34.38,35.95,0.47,0.38,0.03,Zona de Consolidação,0,0
2011-11-22,28.62,29.69,30.35,30.88,31.42,32.18,33.15,34.38,35.95,0.40,0.38,0.10,Zona de Consolidação,1,0
2011-11-23,28.62,29.69,30.35,30.88,31.42,32.18,33.15,34.38,35.95,0.28,0.24,0.10,Suporte,0,0
2011-11-25,28.62,29.69,30.35,30.88,31.42,32.18,33.15,34.38,35.95,0.29,0.24,0.09,Suporte,0,0
2011-11-28,28.62,29.69,30.35,30.88,31.42,32.18,33.15,34.38,35.95,0.42,0.38,0.08,Zona de Consolidação,1,0
2011-11-29,28.62,29.69,30.35,30.88,31.42,32.18,33.15,34.38,35.95,0.40,0.38,0.10,Zona de Consolidação,1,0
2011-11-30,28.62,29.69,30.35,30.88,31.42,32.18,33.15,34.38,35.95,0.72,0.62,0.07,Resistência,0,1
2011-12-01,28.62,29.69,30.35,30.88,31.42,32.18,33.15,34.38,35.95,0.78,0.62,0.01,Resistência,0,1
2011-12-02,28.62,29.69,30.35,30.88,31.42,32.18,33.15,34.38,35.95,0.75,0.62,0.04,Resistência,0,1
2011-12-05,28.62,29.69,30.35,30.88,31.42,32.18,33.15,34.38,35.95,0.86,0.79,0.14,Resistência Forte,0,0
2011-12-06,28.62,29.69,30.35,30.88,31.42,32.18,33.15,34.38,35.95,0.87,0.79,0.13,Resistência Forte,0,0
2011-12-07,28.62,29.69,30.35,30.88,31.42,32.18,33.15,34.38,35.95,0.92,0.79,0.08,Resistência Forte,0,0
2011-12-08,28.62,29.69,30.35,30.88,31.42,32.18,33.15,34.38,35.95,0.85,0.79,0.15,Resistência Forte,0,1
2011-12-09,28.62,29.70,30.36,30.90,31.44,32.20,33.18,34.42,36.00,0.96,0.79,0.04,Resistência Forte,0,1
2011-12-12,28.62,29.70,30.36,30.90,31.44,32.20,33.18,34.42,36.00,0.86,0.79,0.14,Resistência Forte,0,0
2011-12-13,28.62,29.70,30.36,30.90,31.44,32.20,33.18,34.42,36.00,0.82,0.79,0.18,Resistência Forte,0,1
2011-12-14,29.18,30.12,30.71,31.18,31.65,32.32,33.18,34.27,35.65,0.74,0.62,0.05,Resistência,0,1
2011-12-15,29.71,30.53,31.04,31.44,31.85,32.44,33.18,34.12,35.32,0.71,0.62,0.08,Resistência,0,1
2011-12-16,29.71,30.53,31.04,31.44,31.85,32.44,33.18,34.12,35.32,0.82,0.79,0.18,Resistência Forte,0,1
2011-12-19,29.71,30.53,31.04,31.44,31.85,32.44,33.18,34.12,35.32,0.76,0.62,0.03,Resistência,0,1
2011-12-20,29.71,30.68,31.28,31.76,32.25,32.94,33.82,34.94,36.36,0.98,0.79,0.02,Resistência Forte,0,1
2011-12-21,29.71,30.70,31.31,31.80,32.29,33.00,33.89,35.03,36.47,0.96,0.79,0.04,Resistência Forte,0,1
2011-12-22,29.71,30.71,31.33,31.82,32.32,33.03,33.94,35.09,36.55,0.98,0.79,0.02,Resistência Forte,0,1
2011-12-23,29.71,30.76,31.42,31.94,32.47,33.22,34.18,35.40,36.94,1.00,1.00,0.27,Resistência Forte,0,1
2011-12-27,29.71,30.79,31.46,32.00,32.55,33.32,34.30,35.55,37.14,0.99,0.79,0.01,Resistência Forte,0,1
2011-12-28,29.71,30.79,31.46,32.00,32.55,33.32,34.30,35.55,37.14,0.90,0.79,0.10,Resistência Forte,0,0
2011-12-29,29.71,30.79,31.46,32.00,32.55,33.32,34.30,35.55,37.14,0.97,0.79,0.03,Resistência Forte,0,1
2011-12-30,29.71,30.81,31.48,32.03,32.58,33.36,34.35,35.61,37.22,0.92,0.79,0.08,Resistência Forte,0,0
2012-01-03,29.71,30.86,31.57,32.15,32.73,33.55,34.59,35.92,37.61,0.93,0.79,0.07,Resistência Forte,0,1
2012-01-04,29.71,30.86,31.57,32.15,32.73,33.55,34.59,35.92,37.61,0.92,0.79,0.08,Resistência Forte,0,0
2012-01-05,29.71,30.86,31.57,32.15,32.73,33.55,34.59,35.92,37.61,0.98,0.79,0.02,Resistência Forte,0,1
2012-01-06,29.71,30.86,31.57,32.15,32.73,33.55,34.59,35.92,37.61,0.99,0.79,0.01,Resistência Forte,0,1
2012-01-09,29.71,30.86,31.57,32.15,32.73,33.55,34.59,35.92,37.61,0.96,0.79,0.04,Resistência Forte,0,1
2012-01-10,29.71,30.86,31.57,32.15,32.73,33.55,34.59,35.92,37.61,0.96,0.79,0.04,Resistência Forte,0,1
2012-01-11,29.71,30.86,31.57,32.15,32.73,33.55,34.59,35.92,37.61,0.95,0.79,0.05,Resistência Forte,0,1
2012-01-12,29.71,30.86,31.57,32.15,32.73,33.55,34.59,35.92,37.61,1.00,1.00,0.27,Resistência Forte,0,1
2012-01-13,29.71,30.86,31.57,32.15,32.73,33.55,34.59,35.92,37.61,0.99,0.79,0.01,Resistência Forte,0,1
2012-01-17,29.71,30.99,31.78,32.42,33.06,33.97,35.13,36.60,38.48,0.98,0.79,0.02,Resistência Forte,0,1
2012-01-18,29.71,31.09,31.94,32.63,33.32,34.30,35.55,37.14,39.16,1.00,1.00,0.27,Resistência Forte,0,1
2012-01-19,29.71,31.15,32.05,32.77,33.49,34.52,35.83,37.49,39.61,0.99,0.79,0.01,Resistência Forte,0,1
2012-01-20,29.71,31.17,32.08,32.81,33.54,34.58,35.91,37.60,39.74,0.97,0.79,0.03,Resistência Forte,0,1
2012-01-23,29.71,31.17,32.08,32.81,33.54,34.58,35.91,37.60,39.74,0.96,0.79,0.04,Resistência Forte,0,1
2012-01-24,29.71,31.17,32.08,32.81,33.54,34.58,35.91,37.60,39.74,0.96,0.79,0.04,Resistência Forte,0,1
2012-01-25,29.71,31.17,32.08,32.81,33.54,34.58,35.91,37.60,39.74,0.98,0.79,0.02,Resistência Forte,0,1
2012-01-26,29.71,31.17,32.08,32.81,33.54,34.58,35.91,37.60,39.74,0.87,0.79,0.13,Resistência Forte,0,0
2012-01-27,29.71,31.17,32.08,32.81,33.54,34.58,35.91,37.60,39.74,0.82,0.79,0.18,Resistência Forte,0,1
2012-01-30,29.71,31.17,32.08,32.81,33.54,34.58,35.91,37.60,39.74,0.78,0.62,0.01,Resistência,0,1
2012-01-31,29.71,31.17,32.08,32.81,33.54,34.58,35.91,37.60,39.74,0.76,0.62,0.03,Resistência,0,1
2012-02-01,29.71,31.17,32.08,32.81,33.54,34.58,35.91,37.60,39.74,0.78,0.62,0.01,Resistência,0,1
2012-02-02,29.71,31.17,32.08,32.81,33.54,34.58,35.91,37.60,39.74,0.77,0.62,0.02,Resistência,0,1
2012-02-03,29.71,31.17,32.08,32.81,33.54,34.58,35.91,37.60,39.74,0.84,0.79,0.16,Resistência Forte,0,1
2012-02-06,29.71,31.17,32.08,32.81,33.54,34.58,35.91,37.60,39.74,0.80,0.79,0.20,Resistência Forte,0,1
2012-02-07,29.71,31.17,32.08,32.81,33.54,34.58,35.91,37.60,39.74,0.77,0.62,0.02,Resistência,0,1
2012-02-08,30.27,31.60,32.42,33.09,33.76,34.70,35.91,37.44,39.40,0.72,0.62,0.07,Resistência,0,0
2012-02-09,30.30,31.62,32.44,33.10,33.77,34.71,35.91,37.44,39.38,0.72,0.62,0.07,Resistência,0,0
2012-02-10,31.08,32.22,32.93,33.49,34.06,34.88,35.91,37.22,38.89,0.60,0.50,0.02,Zona de Consolidação,1,0
2012-02-13,31.80,32.77,33.37,33.85,34.34,35.03,35.91,37.03,38.45,0.56,0.50,0.06,Zona de Consolidação,1,0
2012-02-14,31.89,32.84,33.43,33.90,34.37,35.05,35.91,37.00,38.39,0.55,0.50,0.07,Zona de Consolidação,1,0
2012-02-15,32.06,32.97,33.53,33.98,34.44,35.09,35.91,36.96,38.29,0.46,0.38,0.04,Zona de Consolidação,1,0
2012-02-16,32.06,32.97,33.53,33.98,34.44,35.09,35.91,36.96,38.29,0.47,0.38,0.03,Zona de Consolidação,1,0
2012-02-17,32.06,32.97,33.53,33.98,34.44,35.09,35.91,36.96,38.29,0.54,0.50,0.08,Zona de Consolidação,1,0
2012-02-21,32.06,32.97,33.53,33.98,34.44,35.09,35.91,36.96,38.29,0.47,0.38,0.03,Zona de Consolidação,0,0
2012-02-22,32.06,32.97,33.53,33.98,34.44,35.09,35.91,36.96,38.29,0.46,0.38,0.04,Zona de Consolidação,1,0
2012-02-23,32.06,32.97,33.53,33.98,34.44,35.09,35.91,36.96,38.29,0.46,0.38,0.04,Zona de Consolidação,1,0
2012-02-24,32.06,32.97,33.53,33.98,34.44,35.09,35.91,36.96,38.29,0.46,0.38,0.04,Zona de Consolidação,1,0
2012-02-27,32.06,32.97,33.53,33.98,34.44,35.09,35.91,36.96,38.29,0.51,0.50,0.11,Zona de Consolidação,0,0
2012-02-28,32.08,32.98,33.54,33.99,34.45,35.09,35.91,36.95,38.28,0.58,0.50,0.04,Zona de Consolidação,1,0
2012-02-29,32.20,33.08,33.62,34.06,34.49,35.12,35.91,36.92,38.20,0.53,0.50,0.09,Zona de Consolidação,1,0
2012-03-01,32.26,33.12,33.65,34.08,34.52,35.13,35.91,36.90,38.17,0.62,0.62,0.17,Resistência,1,0
2012-03-02,32.87,33.59,34.03,34.39,34.75,35.26,35.91,36.74,37.79,0.45,0.38,0.05,Zona de Consolidação,1,0
2012-03-05,33.21,33.85,34.24,34.56,34.88,35.33,35.91,36.64,37.58,0.39,0.38,0.11,Zona de Consolidação,1,0
2012-03-06,33.53,34.09,34.44,34.72,35.00,35.40,35.91,36.56,37.38,0.15,0.00,0.09,Suporte Forte,0,0
2012-03-07,33.53,34.09,34.44,34.72,35.00,35.40,35.91,36.56,37.38,0.36,0.24,0.02,Suporte,1,0
2012-03-08,33.53,34.09,34.44,34.72,35.00,35.40,35.91,36.56,37.38,0.45,0.38,0.05,Zona de Consolidação,1,0
2012-03-09,33.53,34.09,34.44,34.72,35.00,35.40,35.91,36.56,37.38,0.54,0.50,0.08,Zona de Consolidação,1,0
2012-03-12,33.53,34.09,34.44,34.72,35.00,35.40,35.91,36.56,37.38,0.52,0.50,0.10,Zona de Consolidação,1,0
2012-03-13,33.53,34.09,34.44,34.72,35.00,35.40,35.91,36.56,37.38,0.57,0.50,0.05,Zona de Consolidação,1,0
2012-03-14,33.53,34.09,34.44,34.72,35.00,35.40,35.91,36.56,37.38,0.61,0.50,0.01,Zona de Consolidação,1,0
2012-03-15,33.53,34.09,34.44,34.72,35.00,35.40,35.91,36.56,37.38,0.66,0.62,0.13,Resistência,1,1
2012-03-16,33.53,34.09,34.44,34.72,35.00,35.40,35.91,36.56,37.38,0.58,0.50,0.04,Zona de Consolidação,1,0
2012-03-19,33.53,34.09,34.44,34.72,35.00,35.40,35.91,36.56,37.38,0.64,0.62,0.15,Resistência,1,1
2012-03-20,33.53,34.09,34.44,34.72,35.00,35.40,35.91,36.56,37.38,0.58,0.50,0.04,Zona de Consolidação,1,0
2012-03-21,33.53,34.09,34.44,34.72,35.00,35.40,35.91,36.56,37.38,0.58,0.50,0.04,Zona de Consolidação,1,0
2012-03-22,33.53,34.09,34.44,34.72,35.00,35.40,35.91,36.56,37.38,0.57,0.50,0.05,Zona de Consolidação,1,0
2012-03-23,33.53,34.09,34.44,34.72,35.00,35.40,35.91,36.56,37.38,0.55,0.50,0.07,Zona de Consolidação,1,0
2012-03-26,33.53,34.09,34.44,34.72,35.00,35.40,35.91,36.56,37.38,0.75,0.62,0.04,Resistência,1,1
2012-03-27,33.53,34.09,34.44,34.72,35.00,35.40,35.91,36.56,37.38,0.75,0.62,0.04,Resistência,1,1
2012-03-28,33.53,34.09,34.44,34.72,35.00,35.40,35.91,36.56,37.38,0.68,0.62,0.11,Resistência,1,1
2012-03-29,33.53,34.09,34.44,34.72,35.00,35.40,35.91,36.56,37.38,0.56,0.50,0.06,Zona de Consolidação,1,0
2012-03-30,33.53,34.09,34.44,34.72,35.00,35.40,35.91,36.56,37.38,0.61,0.50,0.01,Zona de Consolidação,1,0
2012-04-02,33.53,34.09,34.43,34.71,34.99,35.38,35.89,36.53,37.35,0.81,0.79,0.19,Resistência Forte,0,1
2012-04-03,33.53,34.08,34.41,34.68,34.96,35.35,35.84,36.47,37.27,0.83,0.79,0.17,Resistência Forte,0,1
2012-04-04,33.53,34.08,34.41,34.68,34.96,35.35,35.84,36.47,37.27,0.71,0.62,0.08,Resistência,1,1
2012-04-05,33.53,34.02,34.32,34.56,34.81,35.16,35.60,36.16,36.88,0.82,0.79,0.18,Resistência Forte,0,1
2012-04-09,33.53,34.02,34.32,34.56,34.81,35.16,35.60,36.16,36.88,0.50,0.50,0.12,Zona de Consolidação,1,0
2012-04-10,33.53,34.02,34.32,34.56,34.81,35.16,35.60,36.16,36.88,0.30,0.24,0.08,Suporte,1,0
2012-04-11,33.53,34.02,34.32,34.56,34.81,35.16,35.60,36.16,36.88,0.52,0.50,0.10,Zona de Consolidação,1,0
2012-04-12,33.53,34.02,34.32,34.56,34.81,35.16,35.60,36.16,36.88,0.63,0.62,0.16,Resistência,1,1
2012-04-13,33.53,34.02,34.32,34.56,34.81,35.16,35.60,36.16,36.88,0.48,0.38,0.02,Zona de Consolidação,1,0
2012-04-16,33.53,34.02,34.32,34.56,34.81,35.16,35.60,36.16,36.88,0.55,0.50,0.07,Zona de Consolidação,1,0
2012-04-17,33.53,34.02,34.32,34.56,34.81,35.16,35.60,36.16,36.88,0.81,0.79,0.19,Resistência Forte,0,1
2012-04-18,33.53,34.02,34.32,34.56,34.81,35.16,35.60,36.16,36.88,0.52,0.50,0.10,Zona de Consolidação,1,0
2012-04-19,33.53,34.02,34.32,34.56,34.81,35.16,35.60,36.16,36.88,0.52,0.50,0.10,Zona de Consolidação,1,0
2012-04-20,33.53,34.02,34.32,34.56,34.81,35.16,35.60,36.16,36.88,0.64,0.62,0.15,Resistência,1,1
2012-04-23,33.53,34.02,34.32,34.56,34.81,35.16,35.60,36.16,36.88,0.50,0.50,0.12,Zona de Consolidação,1,0
2012-04-24,33.53,34.02,34.32,34.56,34.81,35.16,35.60,36.16,36.88,0.56,0.50,0.06,Zona de Consolidação,1,0
2012-04-25,33.53,34.02,34.32,34.56,34.81,35.16,35.60,36.16,36.88,0.73,0.62,0.06,Resistência,1,1
2012-04-26,33.53,34.02,34.32,34.56,34.81,35.16,35.60,36.16,36.88,0.81,0.79,0.19,Resistência Forte,0,1
2012-04-27,33.53,34.02,34.32,34.56,34.81,35.16,35.60,36.16,36.88,0.89,0.79,0.11,Resistência Forte,0,1
2012-04-30,33.53,34.02,34.32,34.56,34.81,35.16,35.60,36.16,36.88,0.83,0.79,0.17,Resistência Forte,0,1
2012-05-01,33.53,34.02,34.32,34.56,34.81,35.16,35.60,36.16,36.88,0.70,0.62,0.09,Resistência,1,1
2012-05-02,33.53,34.02,34.32,34.56,34.81,35.16,35.60,36.16,36.88,0.55,0.50,0.07,Zona de Consolidação,1,0
2012-05-03,33.53,34.02,34.32,34.56,34.81,35.16,35.60,36.16,36.88,0.47,0.38,0.03,Zona de Consolidação,1,0
2012-05-04,33.53,34.02,34.32,34.56,34.81,35.16,35.60,36.16,36.88,0.19,0.00,0.05,Suporte Forte,0,0
2012-05-07,33.53,34.02,34.32,34.56,34.81,35.16,35.60,36.16,36.88,0.19,0.00,0.05,Suporte Forte,0,0
2012-05-08,33.62,34.09,34.38,34.61,34.84,35.18,35.60,36.14,36.82,0.20,0.00,0.04,Suporte Forte,0,0
2012-05-09,33.49,33.99,34.30,34.54,34.79,35.15,35.60,36.17,36.90,0.13,0.00,0.11,Suporte Forte,0,0
2012-05-10,33.49,33.99,34.30,34.54,34.79,35.15,35.60,36.17,36.90,0.20,0.00,0.04,Suporte Forte,0,0
2012-05-11,33.49,33.99,34.30,34.54,34.79,35.15,35.60,36.17,36.90,0.25,0.24,0.13,Suporte,1,0
2012-05-14,33.49,33.99,34.30,34.54,34.79,35.15,35.60,36.17,36.90,0.16,0.00,0.08,Suporte Forte,0,0
2012-05-15,33.49,33.99,34.30,34.54,34.79,35.15,35.60,36.17,36.90,0.08,0.00,0.16,Suporte Forte,0,0
2012-05-16,33.49,33.99,34.30,34.54,34.79,35.15,35.60,36.17,36.90,0.14,0.00,0.10,Suporte Forte,0,0
2012-05-17,33.28,33.83,34.17,34.44,34.71,35.10,35.60,36.23,37.03,0.00,0.00,0.24,Suporte Forte,0,0
2012-05-18,32.82,33.48,33.88,34.21,34.54,35.01,35.60,36.36,37.32,0.04,0.00,0.20,Suporte Forte,0,0
2012-05-21,32.75,33.42,33.84,34.17,34.51,34.99,35.60,36.38,37.36,0.22,0.00,0.02,Suporte Forte,0,0
2012-05-22,32.75,33.42,33.84,34.17,34.51,34.99,35.60,36.38,37.36,0.28,0.24,0.10,Suporte,1,0
2012-05-23,32.75,33.42,33.84,34.17,34.51,34.99,35.60,36.38,37.36,0.26,0.24,0.12,Suporte,0,0
2012-05-24,32.75,33.42,33.84,34.17,34.51,34.99,35.60,36.38,37.36,0.32,0.24,0.06,Suporte,1,0
2012-05-25,32.75,33.42,33.84,34.17,34.51,34.99,35.60,36.38,37.36,0.22,0.00,0.02,Suporte Forte,0,0
2012-05-29,32.75,33.42,33.84,34.17,34.51,34.99,35.60,36.38,37.36,0.27,0.24,0.11,Suporte,1,0
2012-05-30,32.75,33.42,33.84,34.17,34.51,34.99,35.60,36.38,37.36,0.18,0.00,0.06,Suporte Forte,0,0
2012-05-31,32.75,33.42,33.84,34.17,34.51,34.99,35.60,36.38,37.36,0.10,0.00,0.14,Suporte Forte,0,0
2012-06-01,32.24,33.03,33.52,33.92,34.32,34.88,35.60,36.51,37.68,0.01,0.00,0.23,Suporte Forte,0,0
2012-06-04,32.24,33.03,33.52,33.92,34.32,34.88,35.60,36.51,37.68,0.12,0.00,0.12,Suporte Forte,0,0
2012-06-05,32.24,33.03,33.52,33.92,34.32,34.88,35.60,36.51,37.68,0.18,0.00,0.06,Suporte Forte,0,0
2012-06-06,32.24,33.03,33.52,33.92,34.32,34.88,35.60,36.51,37.68,0.49,0.38,0.01,Zona de Consolidação,0,0
2012-06-07,32.24,33.03,33.52,33.92,34.32,34.88,35.60,36.51,37.68,0.50,0.50,0.12,Zona de Consolidação,0,0
2012-06-08,32.24,33.03,33.52,33.92,34.32,34.88,35.60,36.51,37.68,0.60,0.50,0.02,Zona de Consolidação,1,0
2012-06-11,32.24,33.03,33.52,33.92,34.32,34.88,35.60,36.51,37.68,0.51,0.50,0.11,Zona de Consolidação,0,0
2012-06-12,32.24,33.03,33.52,33.92,34.32,34.88,35.60,36.51,37.68,0.61,0.50,0.01,Zona de Consolidação,1,0
2012-06-13,32.24,33.03,33.52,33.91,34.30,34.87,35.58,36.49,37.64,0.55,0.50,0.07,Zona de Consolidação,1,0
2012-06-14,32.24,33.00,33.47,33.86,34.24,34.78,35.47,36.35,37.47,0.77,0.62,0.02,Resistência,0,1
2012-06-15,32.24,33.00,33.47,33.86,34.24,34.78,35.47,36.35,37.47,0.90,0.79,0.10,Resistência Forte,0,1
2012-06-18,32.24,33.00,33.47,33.86,34.24,34.78,35.47,36.35,37.47,0.91,0.79,0.09,Resistência Forte,0,1
2012-06-19,32.24,33.03,33.52,33.91,34.30,34.87,35.58,36.49,37.64,0.95,0.79,0.05,Resistência Forte,0,1
2012-06-20,32.24,33.03,33.52,33.91,34.30,34.87,35.58,36.49,37.64,0.92,0.79,0.08,Resistência Forte,0,1
2012-06-21,32.24,33.03,33.52,33.91,34.30,34.87,35.58,36.49,37.64,0.77,0.62,0.02,Resistência,0,1
2012-06-22,32.24,33.03,33.52,33.91,34.30,34.87,35.58,36.49,37.64,0.80,0.79,0.20,Resistência Forte,0,1
2012-06-25,32.24,33.03,33.52,33.91,34.30,34.87,35.58,36.49,37.64,0.66,0.62,0.13,Resistência,1,0
2012-06-26,32.24,33.03,33.52,33.91,34.30,34.87,35.58,36.49,37.64,0.66,0.62,0.13,Resistência,1,0
2012-06-27,32.24,33.03,33.52,33.91,34.30,34.87,35.58,36.49,37.64,0.76,0.62,0.03,Resistência,0,1
2012-06-28,32.24,33.03,33.52,33.91,34.30,34.87,35.58,36.49,37.64,0.70,0.62,0.09,Resistência,1,1
2012-06-29,32.24,33.03,33.52,33.91,34.30,34.87,35.58,36.49,37.64,0.99,0.79,0.01,Resistência Forte,0,1
2012-07-02,32.24,33.04,33.53,33.92,34.32,34.89,35.61,36.53,37.69,1.00,1.00,0.27,Resistência Forte,0,1
2012-07-03,32.24,33.07,33.58,34.00,34.41,35.00,35.75,36.70,37.92,1.00,1.00,0.27,Resistência Forte,0,1
2012-07-05,32.24,33.17,33.75,34.22,34.68,35.34,36.19,37.26,38.63,0.96,0.79,0.04,Resistência Forte,0,1
2012-07-06,32.24,33.17,33.75,34.22,34.68,35.34,36.19,37.26,38.63,0.80,0.79,0.20,Resistência Forte,0,1
2012-07-09,32.24,33.17,33.75,34.22,34.68,35.34,36.19,37.26,38.63,0.81,0.79,0.19,Resistência Forte,0,1
2012-07-10,32.24,33.17,33.75,34.22,34.68,35.34,36.19,37.26,38.63,0.79,0.79,0.21,Resistência Forte,0,1
2012-07-11,32.24,33.17,33.75,34.22,34.68,35.34,36.19,37.26,38.63,0.80,0.79,0.20,Resistência Forte,0,1
2012-07-12,32.24,33.17,33.75,34.22,34.68,35.34,36.19,37.26,38.63,0.79,0.79,0.21,Resistência Forte,0,1
2012-07-13,32.24,33.17,33.75,34.22,34.68,35.34,36.19,37.26,38.63,0.86,0.79,0.14,Resistência Forte,0,1
2012-07-16,32.24,33.17,33.75,34.22,34.68,35.34,36.19,37.26,38.63,0.84,0.79,0.16,Resistência Forte,0,1
2012-07-17,32.24,33.17,33.75,34.22,34.68,35.34,36.19,37.26,38.63,0.90,0.79,0.10,Resistência Forte,0,0
2012-07-18,32.24,33.21,33.82,34.30,34.79,35.49,36.37,37.49,38.92,0.98,0.79,0.02,Resistência Forte,0,1
2012-07-19,32.24,33.21,33.82,34.30,34.79,35.49,36.37,37.49,38.92,0.93,0.79,0.07,Resistência Forte,0,1
2012-07-20,32.24,33.21,33.82,34.30,34.79,35.49,36.37,37.49,38.92,0.87,0.79,0.13,Resistência Forte,0,1
2012-07-23,32.24,33.21,33.82,34.30,34.79,35.49,36.37,37.49,38.92,0.78,0.62,0.01,Resistência,0,1
2012-07-24,32.24,33.21,33.82,34.30,34.79,35.49,36.37,37.49,38.92,0.73,0.62,0.06,Resistência,0,1
2012-07-25,32.24,33.21,33.82,34.30,34.79,35.49,36.37,37.49,38.92,0.76,0.62,0.03,Resistência,0,1
2012-07-26,32.24,33.21,33.82,34.30,34.79,35.49,36.37,37.49,38.92,0.93,0.79,0.07,Resistência Forte,0,1
2012-07-27,32.24,33.33,34.00,34.54,35.09,35.86,36.85,38.10,39.70,0.98,0.79,0.02,Resistência Forte,0,1
2012-07-30,32.24,33.37,34.07,34.63,35.19,36.00,37.02,38.32,39.97,0.91,0.79,0.09,Resistência Forte,0,0
2012-07-31,32.24,33.37,34.07,34.63,35.19,36.00,37.02,38.32,39.97,0.81,0.79,0.19,Resistência Forte,0,1
2012-08-01,32.24,33.37,34.07,34.63,35.19,36.00,37.02,38.32,39.97,0.72,0.62,0.07,Resistência,0,1
2012-08-02,32.24,33.37,34.07,34.63,35.19,36.00,37.02,38.32,39.97,0.70,0.62,0.09,Resistência,0,0
2012-08-03,32.24,33.37,34.07,34.63,35.19,36.00,37.02,38.32,39.97,0.86,0.79,0.14,Resistência Forte,0,1
2012-08-06,32.24,33.37,34.07,34.63,35.19,36.00,37.02,38.32,39.97,0.84,0.79,0.16,Resistência Forte,0,1
2012-08-07,32.24,33.37,34.07,34.63,35.19,36.00,37.02,38.32,39.97,0.90,0.79,0.10,Resistência Forte,0,0
2012-08-08,32.24,33.37,34.07,34.63,35.19,36.00,37.02,38.32,39.97,0.93,0.79,0.07,Resistência Forte,0,1
2012-08-09,32.24,33.37,34.07,34.63,35.19,36.00,37.02,38.32,39.97,0.89,0.79,0.11,Resistência Forte,0,0
2012-08-10,32.24,33.37,34.07,34.63,35.19,36.00,37.02,38.32,39.97,0.95,0.79,0.05,Resistência Forte,0,1
2012-08-13,32.36,33.46,34.14,34.69,35.24,36.02,37.02,38.29,39.90,0.89,0.79,0.11,Resistência Forte,0,0
2012-08-14,32.46,33.54,34.20,34.74,35.28,36.04,37.02,38.26,39.84,0.97,0.79,0.03,Resistência Forte,0,1
2012-08-15,33.03,33.97,34.55,35.03,35.50,36.17,37.02,38.11,39.49,0.98,0.79,0.02,Resistência Forte,0,1
2012-08-16,33.81,34.66,35.19,35.62,36.04,36.65,37.42,38.40,39.65,0.97,0.79,0.03,Resistência Forte,0,1
2012-08-17,33.81,34.67,35.20,35.63,36.06,36.67,37.45,38.44,39.70,0.98,0.79,0.02,Resistência Forte,0,1
2012-08-20,33.87,34.72,35.24,35.66,36.09,36.69,37.46,38.44,39.68,0.94,0.79,0.06,Resistência Forte,0,1
2012-08-21,33.87,34.72,35.24,35.66,36.09,36.69,37.46,38.44,39.68,0.91,0.79,0.09,Resistência Forte,0,1
2012-08-22,33.96,34.79,35.30,35.71,36.12,36.71,37.46,38.41,39.62,0.89,0.79,0.11,Resistência Forte,0,0
2012-08-23,34.13,34.92,35.40,35.80,36.19,36.75,37.46,38.37,39.52,0.86,0.79,0.14,Resistência Forte,0,1
2012-08-24,34.19,34.96,35.44,35.83,36.21,36.76,37.46,38.35,39.48,0.95,0.79,0.05,Resistência Forte,0,1
2012-08-27,34.19,34.98,35.47,35.86,36.25,36.82,37.53,38.44,39.59,0.95,0.79,0.05,Resistência Forte,0,1
2012-08-28,34.19,34.98,35.47,35.86,36.25,36.82,37.53,38.44,39.59,0.93,0.79,0.07,Resistência Forte,0,1
2012-08-29,34.19,34.98,35.47,35.86,36.25,36.82,37.53,38.44,39.59,0.92,0.79,0.08,Resistência Forte,0,1
2012-08-30,34.19,34.98,35.47,35.86,36.25,36.82,37.53,38.44,39.59,0.84,0.79,0.16,Resistência Forte,0,1
2012-08-31,34.19,34.98,35.47,35.86,36.25,36.82,37.53,38.44,39.59,0.87,0.79,0.13,Resistência Forte,0,1
2012-09-04,34.19,34.98,35.47,35.86,36.25,36.82,37.53,38.44,39.59,0.87,0.79,0.13,Resistência Forte,0,1
2012-09-05,34.19,34.98,35.47,35.86,36.25,36.82,37.53,38.44,39.59,0.89,0.79,0.11,Resistência Forte,0,1
2012-09-06,34.20,35.08,35.62,36.06,36.50,37.12,37.92,38.93,40.22,0.99,0.79,0.01,Resistência Forte,0,1
2012-09-07,34.20,35.09,35.65,36.10,36.54,37.18,37.99,39.02,40.33,0.96,0.79,0.04,Resistência Forte,0,1
2012-09-10,35.02,35.72,36.15,36.51,36.86,37.35,37.99,38.80,39.83,0.90,0.79,0.10,Resistência Forte,0,1
2012-09-11,35.02,35.72,36.15,36.51,36.86,37.35,37.99,38.80,39.83,0.86,0.79,0.14,Resistência Forte,0,1
2012-09-12,35.02,35.72,36.15,36.51,36.86,37.35,37.99,38.80,39.83,0.63,0.62,0.16,Resistência,1,0
2012-09-13,35.02,35.72,36.15,36.51,36.86,37.35,37.99,38.80,39.83,0.71,0.62,0.08,Resistência,1,1
2012-09-14,35.02,35.72,36.15,36.51,36.86,37.35,37.99,38.80,39.83,0.86,0.79,0.14,Resistência Forte,0,1
2012-09-17,35.02,35.72,36.15,36.51,36.86,37.35,37.99,38.80,39.83,0.85,0.79,0.15,Resistência Forte,0,1
2012-09-18,35.02,35.72,36.15,36.51,36.86,37.35,37.99,38.80,39.83,0.86,0.79,0.14,Resistência Forte,0,1
2012-09-19,35.02,35.72,36.15,36.51,36.86,37.35,37.99,38.80,39.83,0.86,0.79,0.14,Resistência Forte,0,1
2012-09-20,35.02,35.72,36.15,36.51,36.86,37.35,37.99,38.80,39.83,0.90,0.79,0.10,Resistência Forte,0,1
2012-09-21,35.02,35.73,36.17,36.53,36.89,37.39,38.04,38.86,39.91,0.88,0.79,0.12,Resistência Forte,0,1
2012-09-24,35.02,35.73,36.17,36.53,36.89,37.39,38.04,38.86,39.91,0.93,0.79,0.07,Resistência Forte,0,1
2012-09-25,35.02,35.73,36.17,36.53,36.89,37.39,38.04,38.86,39.91,0.83,0.79,0.17,Resistência Forte,0,1
2012-09-26,35.02,35.73,36.17,36.53,36.89,37.39,38.04,38.86,39.91,0.76,0.62,0.03,Resistência,0,1
2012-09-27,35.02,35.73,36.17,36.53,36.89,37.39,38.04,38.86,39.91,0.84,0.79,0.16,Resistência Forte,0,1
2012-09-28,35.02,35.73,36.17,36.53,36.89,37.39,38.04,38.86,39.91,0.89,0.79,0.11,Resistência Forte,0,1
2012-10-01,35.02,35.73,36.17,36.53,36.89,37.39,38.04,38.86,39.91,0.86,0.79,0.14,Resistência Forte,0,1
2012-10-02,35.02,35.73,36.17,36.53,36.89,37.39,38.04,38.86,39.91,0.85,0.79,0.15,Resistência Forte,0,1
2012-10-03,35.19,35.86,36.28,36.61,36.95,37.43,38.04,38.82,39.80,0.93,0.79,0.07,Resistência Forte,0,1
2012-10-04,35.29,35.94,36.34,36.66,36.99,37.45,38.04,38.79,39.74,0.93,0.79,0.07,Resistência Forte,0,1
2012-10-05,35.29,36.06,36.53,36.92,37.30,37.84,38.54,39.42,40.55,0.91,0.79,0.09,Resistência Forte,0,1
2012-10-08,35.29,36.06,36.53,36.92,37.30,37.84,38.54,39.42,40.55,0.85,0.79,0.15,Resistência Forte,0,1
2012-10-09,35.29,36.06,36.53,36.92,37.30,37.84,38.54,39.42,40.55,0.71,0.62,0.08,Resistência,1,1
2012-10-10,35.29,36.06,36.53,36.92,37.30,37.84,38.54,39.42,40.55,0.65,0.62,0.14,Resistência,1,0
2012-10-11,35.29,36.06,36.53,36.92,37.30,37.84,38.54,39.42,40.55,0.68,0.62,0.11,Resistência,1,1
2012-10-12,36.02,36.61,36.98,37.28,37.58,38.00,38.54,39.23,40.10,0.58,0.50,0.04,Zona de Consolidação,1,0
2012-10-15,36.23,36.78,37.11,37.38,37.66,38.05,38.54,39.17,39.97,0.71,0.62,0.08,Resistência,1,1
2012-10-16,36.33,36.85,37.17,37.44,37.70,38.07,38.54,39.14,39.91,0.79,0.79,0.21,Resistência Forte,1,1
2012-10-17,36.33,36.85,37.17,37.44,37.70,38.07,38.54,39.14,39.91,0.82,0.79,0.18,Resistência Forte,0,1
2012-10-18,36.33,36.85,37.17,37.44,37.70,38.07,38.54,39.14,39.91,0.75,0.62,0.04,Resistência,1,1
2012-10-19,36.33,36.85,37.17,37.44,37.70,38.07,38.54,39.14,39.91,0.55,0.50,0.07,Zona de Consolidação,1,0
2012-10-22,36.33,36.85,37.17,37.44,37.70,38.07,38.54,39.14,39.91,0.49,0.38,0.01,Zona de Consolidação,1,0
2012-10-23,36.53,37.00,37.30,37.53,37.77,38.11,38.54,39.09,39.78,0.27,0.24,0.11,Suporte,1,0
2012-10-24,36.66,37.10,37.38,37.60,37.82,38.14,38.54,39.05,39.70,0.28,0.24,0.10,Suporte,1,0
2012-10-25,36.66,37.10,37.38,37.60,37.82,38.14,38.54,39.05,39.70,0.41,0.38,0.09,Zona de Consolidação,1,0
2012-10-26,36.66,37.10,37.38,37.60,37.82,38.14,38.54,39.05,39.70,0.39,0.38,0.11,Zona de Consolidação,1,0
2012-10-31,36.66,37.10,37.38,37.60,37.82,38.14,38.54,39.05,39.70,0.26,0.24,0.12,Suporte,1,0
2012-11-01,36.66,37.10,37.38,37.60,37.82,38.14,38.54,39.05,39.70,0.79,0.79,0.21,Resistência Forte,1,1
2012-11-02,36.66,37.10,37.38,37.60,37.82,38.14,38.54,39.05,39.70,0.12,0.00,0.12,Suporte Forte,0,0
2012-11-05,35.89,36.52,36.90,37.22,37.53,37.97,38.54,39.26,40.18,0.14,0.00,0.10,Suporte Forte,0,0
2012-11-06,35.89,36.52,36.90,37.22,37.53,37.97,38.54,39.26,40.18,0.36,0.24,0.02,Suporte,1,0
2012-11-07,35.89,36.52,36.90,37.22,37.53,37.97,38.54,39.26,40.18,0.13,0.00,0.11,Suporte Forte,0,0
2012-11-08,35.59,36.29,36.72,37.06,37.41,37.91,38.54,39.34,40.36,0.00,0.00,0.24,Suporte Forte,0,0
2012-11-09,35.28,36.05,36.53,36.91,37.29,37.84,38.54,39.43,40.55,0.08,0.00,0.16,Suporte Forte,0,0
2012-11-12,35.28,36.05,36.53,36.91,37.29,37.84,38.54,39.43,40.55,0.10,0.00,0.14,Suporte Forte,0,0
2012-11-13,35.28,36.05,36.53,36.91,37.29,37.84,38.54,39.43,40.55,0.14,0.00,0.10,Suporte Forte,0,0
2012-11-14,35.11,35.92,36.42,36.83,37.23,37.81,38.54,39.47,40.66,0.03,0.00,0.21,Suporte Forte,0,0
2012-11-15,35.02,35.85,36.36,36.78,37.20,37.79,38.54,39.50,40.72,0.03,0.00,0.21,Suporte Forte,0,0
2012-11-16,34.72,35.62,36.18,36.63,37.08,37.72,38.54,39.58,40.90,0.12,0.00,0.12,Suporte Forte,0,0
2012-11-19,34.72,35.62,36.18,36.63,37.08,37.72,38.54,39.58,40.90,0.20,0.00,0.04,Suporte Forte,0,0
2012-11-20,34.72,35.62,36.18,36.63,37.08,37.72,38.54,39.58,40.90,0.18,0.00,0.06,Suporte Forte,0,0
2012-11-21,34.72,35.62,36.18,36.63,37.08,37.72,38.54,39.58,40.90,0.23,0.00,0.01,Suporte Forte,0,0
2012-11-23,34.72,35.62,36.18,36.63,37.08,37.72,38.54,39.58,40.90,0.35,0.24,0.03,Suporte,1,0
2012-11-26,34.72,35.62,36.18,36.63,37.08,37.72,38.54,39.58,40.90,0.28,0.24,0.10,Suporte,0,0
2012-11-27,34.72,35.62,36.18,36.63,37.08,37.72,38.54,39.58,40.90,0.23,0.00,0.01,Suporte Forte,0,0
2012-11-28,34.72,35.62,36.18,36.63,37.08,37.72,38.54,39.58,40.90,0.31,0.24,0.07,Suporte,1,0
2012-11-29,34.72,35.62,36.18,36.63,37.08,37.72,38.54,39.58,40.90,0.38,0.24,0.00,Suporte,1,0
2012-11-30,34.72,35.62,36.18,36.63,37.08,37.72,38.54,39.58,40.90,0.46,0.38,0.04,Zona de Consolidação,1,0
2012-12-03,34.72,35.62,36.18,36.63,37.08,37.72,38.54,39.58,40.90,0.40,0.38,0.10,Zona de Consolidação,1,0
2012-12-04,34.72,35.62,36.18,36.63,37.08,37.72,38.54,39.58,40.90,0.45,0.38,0.05,Zona de Consolidação,1,0
2012-12-05,34.72,35.62,36.18,36.63,37.08,37.72,38.54,39.58,40.90,0.54,0.50,0.08,Zona de Consolidação,1,0
2012-12-06,34.72,35.62,36.18,36.63,37.08,37.72,38.54,39.58,40.90,0.59,0.50,0.03,Zona de Consolidação,1,0
2012-12-07,34.72,35.62,36.18,36.63,37.08,37.72,38.54,39.58,40.90,0.55,0.50,0.07,Zona de Consolidação,1,0
2012-12-10,34.72,35.62,36.18,36.63,37.08,37.72,38.54,39.58,40.90,0.56,0.50,0.06,Zona de Consolidação,1,0
2012-12-11,34.72,35.62,36.18,36.63,37.08,37.72,38.54,39.58,40.90,0.68,0.62,0.11,Resistência,1,0
2012-12-12,34.72,35.62,36.18,36.63,37.08,37.72,38.54,39.58,40.90,0.64,0.62,0.15,Resistência,1,0
2012-12-13,34.72,35.62,36.18,36.63,37.08,37.72,38.54,39.58,40.90,0.67,0.62,0.12,Resistência,1,0
2012-12-14,34.72,35.62,36.18,36.63,37.08,37.72,38.54,39.58,40.90,0.64,0.62,0.15,Resistência,1,0
2012-12-17,34.72,35.62,36.18,36.63,37.08,37.72,38.54,39.58,40.90,0.74,0.62,0.05,Resistência,0,1
2012-12-18,34.72,35.62,36.18,36.63,37.08,37.72,38.54,39.58,40.90,0.79,0.79,0.21,Resistência Forte,0,1
2012-12-19,34.72,35.59,36.13,36.56,37.00,37.62,38.41,39.41,40.69,0.79,0.79,0.21,Resistência Forte,0,1
2012-12-20,34.72,35.59,36.13,36.56,37.00,37.62,38.41,39.41,40.69,0.83,0.79,0.17,Resistência Forte,0,1
2012-12-21,34.72,35.59,36.13,36.56,37.00,37.62,38.41,39.41,40.69,0.70,0.62,0.09,Resistência,1,1
2012-12-24,34.72,35.59,36.13,36.56,37.00,37.62,38.41,39.41,40.69,0.68,0.62,0.11,Resistência,1,0
2012-12-26,34.72,35.59,36.13,36.56,37.00,37.62,38.41,39.41,40.69,0.61,0.50,0.01,Zona de Consolidação,1,0
2012-12-27,34.72,35.59,36.13,36.56,37.00,37.62,38.41,39.41,40.69,0.57,0.50,0.05,Zona de Consolidação,1,0
2012-12-28,34.72,35.59,36.13,36.56,37.00,37.62,38.41,39.41,40.69,0.48,0.38,0.02,Zona de Consolidação,1,0
2012-12-31,34.72,35.59,36.13,36.56,37.00,37.62,38.41,39.41,40.69,0.58,0.50,0.04,Zona de Consolidação,1,0
2013-01-02,34.72,35.59,36.13,36.56,37.00,37.62,38.41,39.41,40.69,0.84,0.79,0.16,Resistência Forte,0,1
2013-01-03,34.72,35.59,36.13,36.56,37.00,37.62,38.41,39.41,40.69,0.88,0.79,0.12,Resistência Forte,0,1
2013-01-04,34.72,35.59,36.13,36.56,37.00,37.62,38.41,39.41,40.69,0.97,0.79,0.03,Resistência Forte,0,1
2013-01-07,34.72,35.59,36.13,36.56,37.00,37.62,38.41,39.41,40.69,0.93,0.79,0.07,Resistência Forte,0,1
2013-01-08,34.72,35.59,36.13,36.57,37.01,37.63,38.42,39.43,40.71,0.99,0.79,0.01,Resistência Forte,0,1
2013-01-09,34.72,35.61,36.16,36.60,37.04,37.68,38.48,39.50,40.80,0.94,0.79,0.06,Resistência Forte,0,1
2013-01-10,34.72,35.62,36.18,36.62,37.07,37.71,38.53,39.57,40.88,0.97,0.79,0.03,Resistência Forte,0,1
2013-01-11,34.72,35.70,36.30,36.79,37.28,37.97,38.86,39.99,41.42,0.91,0.79,0.09,Resistência Forte,0,1
2013-01-14,34.72,35.70,36.30,36.79,37.28,37.97,38.86,39.99,41.42,0.91,0.79,0.09,Resistência Forte,0,1
2013-01-15,34.72,35.70,36.30,36.79,37.28,37.97,38.86,39.99,41.42,0.86,0.79,0.14,Resistência Forte,0,1
2013-01-16,34.72,35.70,36.30,36.79,37.28,37.97,38.86,39.99,41.42,0.82,0.79,0.18,Resistência Forte,0,1
2013-01-17,34.72,35.70,36.30,36.79,37.28,37.97,38.86,39.99,41.42,0.87,0.79,0.13,Resistência Forte,0,1
2013-01-18,34.72,35.70,36.30,36.79,37.28,37.97,38.86,39.99,41.42,0.96,0.79,0.04,Resistência Forte,0,1
2013-01-22,34.72,35.70,36.30,36.79,37.28,37.97,38.86,39.99,41.42,0.99,0.79,0.01,Resistência Forte,0,1
2013-01-23,34.72,35.70,36.30,36.79,37.28,37.97,38.86,39.99,41.42,0.93,0.79,0.07,Resistência Forte,0,1
2013-01-24,34.72,35.70,36.30,36.79,37.28,37.97,38.86,39.99,41.42,0.95,0.79,0.05,Resistência Forte,0,1
2013-01-25,34.72,35.70,36.30,36.79,37.28,37.97,38.86,39.99,41.42,0.98,0.79,0.02,Resistência Forte,0,1
2013-01-28,34.72,35.70,36.30,36.79,37.28,37.97,38.86,39.99,41.42,0.94,0.79,0.06,Resistência Forte,0,1
2013-01-29,34.72,35.75,36.39,36.90,37.41,38.15,39.08,40.27,41.77,0.99,0.79,0.01,Resistência Forte,0,1
2013-01-30,34.72,35.75,36.39,36.90,37.41,38.15,39.08,40.27,41.77,0.87,0.79,0.13,Resistência Forte,0,1
2013-01-31,35.13,36.06,36.64,37.11,37.57,38.23,39.08,40.15,41.52,0.83,0.79,0.17,Resistência Forte,0,1
2013-02-01,35.13,36.12,36.73,37.22,37.72,38.42,39.32,40.46,41.91,0.99,0.79,0.01,Resistência Forte,0,1
2013-02-04,35.33,36.28,36.86,37.34,37.81,38.48,39.34,40.43,41.82,0.81,0.79,0.19,Resistência Forte,0,1
2013-02-05,35.38,36.39,37.02,37.53,38.03,38.75,39.67,40.84,42.32,1.00,1.00,0.27,Resistência Forte,0,1
2013-02-06,35.38,36.39,37.02,37.53,38.03,38.75,39.67,40.84,42.32,0.93,0.79,0.07,Resistência Forte,0,1
2013-02-07,35.38,36.39,37.02,37.53,38.03,38.75,39.67,40.84,42.32,0.89,0.79,0.11,Resistência Forte,0,0
2013-02-08,35.38,36.39,37.02,37.53,38.03,38.75,39.67,40.84,42.32,0.95,0.79,0.05,Resistência Forte,0,1
2013-02-11,35.90,36.79,37.34,37.78,38.23,38.86,39.67,40.70,42.00,0.84,0.79,0.16,Resistência Forte,0,1
2013-02-12,36.17,37.00,37.51,37.92,38.33,38.92,39.67,40.62,41.83,0.83,0.79,0.17,Resistência Forte,0,1
2013-02-13,36.17,37.00,37.51,37.92,38.33,38.92,39.67,40.62,41.83,0.85,0.79,0.15,Resistência Forte,0,1
2013-02-14,36.17,37.00,37.51,37.92,38.33,38.92,39.67,40.62,41.83,0.91,0.79,0.09,Resistência Forte,0,1
2013-02-15,36.26,37.06,37.56,37.97,38.37,38.94,39.67,40.60,41.78,0.99,0.79,0.01,Resistência Forte,0,1
2013-02-19,36.26,37.10,37.62,38.04,38.46,39.06,39.82,40.79,42.02,0.99,0.79,0.01,Resistência Forte,0,1
2013-02-20,36.26,37.14,37.69,38.13,38.57,39.20,40.00,41.02,42.31,0.90,0.79,0.10,Resistência Forte,0,1
2013-02-21,36.26,37.14,37.69,38.13,38.57,39.20,40.00,41.02,42.31,0.74,0.62,0.05,Resistência,0,1
2013-02-22,36.26,37.14,37.69,38.13,38.57,39.20,40.00,41.02,42.31,0.87,0.79,0.13,Resistência Forte,0,1
2013-02-25,36.26,37.14,37.69,38.13,38.57,39.20,40.00,41.02,42.31,0.83,0.79,0.17,Resistência Forte,0,1
2013-02-26,36.26,37.14,37.69,38.13,38.57,39.20,40.00,41.02,42.31,0.88,0.79,0.12,Resistência Forte,0,1
2013-02-27,36.26,37.15,37.70,38.15,38.60,39.23,40.04,41.07,42.38,0.96,0.79,0.04,Resistência Forte,0,1
2013-02-28,36.26,37.15,37.70,38.15,38.60,39.23,40.04,41.07,42.38,0.92,0.79,0.08,Resistência Forte,0,1
2013-03-01,36.26,37.15,37.70,38.15,38.60,39.23,40.04,41.07,42.38,0.97,0.79,0.03,Resistência Forte,0,1
2013-03-04,36.26,37.16,37.72,38.17,38.62,39.26,40.08,41.12,42.44,0.99,0.79,0.01,Resistência Forte,0,1
2013-03-05,36.26,37.29,37.92,38.44,38.95,39.68,40.61,41.79,43.30,0.99,0.79,0.01,Resistência Forte,0,1
2013-03-06,36.26,37.33,37.99,38.53,39.07,39.83,40.80,42.03,43.61,0.96,0.79,0.04,Resistência Forte,0,1
2013-03-07,36.26,37.49,38.25,38.86,39.47,40.35,41.46,42.87,44.67,0.97,0.79,0.03,Resistência Forte,0,1
2013-03-08,36.26,37.51,38.28,38.90,39.53,40.42,41.55,42.99,44.82,0.95,0.79,0.05,Resistência Forte,0,1
2013-03-11,36.26,37.54,38.33,38.97,39.60,40.51,41.67,43.14,45.01,1.00,1.00,0.27,Resistência Forte,0,1
2013-03-12,36.26,37.55,38.35,38.99,39.63,40.55,41.72,43.21,45.09,1.00,1.00,0.27,Resistência Forte,0,1
2013-03-13,36.26,37.58,38.40,39.06,39.73,40.67,41.87,43.40,45.34,1.00,1.00,0.27,Resistência Forte,0,1
2013-03-14,37.40,38.58,39.31,39.90,40.50,41.34,42.41,43.77,45.51,1.00,1.00,0.27,Resistência Forte,0,1
2013-03-15,37.40,38.58,39.32,39.91,40.50,41.35,42.42,43.79,45.52,0.93,0.79,0.07,Resistência Forte,0,1
2013-03-18,37.84,38.92,39.59,40.13,40.67,41.44,42.42,43.67,45.25,0.88,0.79,0.12,Resistência Forte,0,0
2013-03-19,37.84,38.92,39.59,40.13,40.67,41.44,42.42,43.67,45.25,0.90,0.79,0.10,Resistência Forte,0,0
2013-03-20,37.95,39.00,39.66,40.18,40.71,41.46,42.42,43.64,45.18,0.91,0.79,0.09,Resistência Forte,0,1
2013-03-21,38.07,39.10,39.73,40.25,40.76,41.49,42.42,43.60,45.11,0.80,0.79,0.20,Resistência Forte,0,1
2013-03-22,38.07,39.10,39.73,40.25,40.76,41.49,42.42,43.60,45.11,0.86,0.79,0.14,Resistência Forte,0,1
2013-03-25,38.07,39.10,39.73,40.25,40.76,41.49,42.42,43.60,45.11,0.83,0.79,0.17,Resistência Forte,0,1
2013-03-26,38.07,39.10,39.73,40.25,40.76,41.49,42.42,43.60,45.11,0.96,0.79,0.04,Resistência Forte,0,1
2013-03-27,38.07,39.10,39.73,40.25,40.76,41.49,42.42,43.60,45.11,0.94,0.79,0.06,Resistência Forte,0,1
2013-03-28,38.07,39.11,39.75,40.27,40.79,41.53,42.47,43.67,45.19,0.99,0.79,0.01,Resistência Forte,0,1
2013-04-01,38.15,39.18,39.82,40.33,40.84,41.58,42.51,43.70,45.20,0.92,0.79,0.08,Resistência Forte,0,1
2013-04-02,38.26,39.34,40.01,40.54,41.08,41.85,42.83,44.07,45.65,0.94,0.79,0.06,Resistência Forte,0,1
2013-04-03,38.38,39.43,40.08,40.61,41.13,41.88,42.83,44.04,45.58,0.87,0.79,0.13,Resistência Forte,0,1
2013-04-04,38.38,39.43,40.08,40.61,41.13,41.88,42.83,44.04,45.58,0.86,0.79,0.14,Resistência Forte,0,1
2013-04-05,38.38,39.43,40.08,40.61,41.13,41.88,42.83,44.04,45.58,0.72,0.62,0.07,Resistência,0,1
2013-04-08,38.38,39.43,40.08,40.61,41.13,41.88,42.83,44.04,45.58,0.79,0.79,0.21,Resistência Forte,0,1
2013-04-09,38.38,39.43,40.08,40.61,41.13,41.88,42.83,44.04,45.58,0.82,0.79,0.18,Resistência Forte,0,1
2013-04-10,38.38,39.43,40.09,40.62,41.14,41.89,42.85,44.07,45.61,0.99,0.79,0.01,Resistência Forte,0,1
2013-04-11,38.38,39.51,40.21,40.78,41.35,42.15,43.18,44.49,46.15,0.99,0.79,0.01,Resistência Forte,0,1
2013-04-12,38.38,39.51,40.21,40.78,41.35,42.15,43.18,44.49,46.15,0.96,0.79,0.04,Resistência Forte,0,1
2013-04-15,38.52,39.62,40.30,40.85,41.40,42.18,43.18,44.45,46.06,0.76,0.62,0.03,Resistência,0,1
2013-04-16,38.52,39.62,40.30,40.85,41.40,42.18,43.18,44.45,46.06,0.89,0.79,0.11,Resistência Forte,0,0
2013-04-17,38.57,39.66,40.33,40.88,41.42,42.19,43.18,44.43,46.03,0.88,0.79,0.12,Resistência Forte,0,0
2013-04-18,38.75,39.80,40.44,40.96,41.49,42.23,43.18,44.38,45.92,0.77,0.62,0.02,Resistência,0,1
2013-04-19,38.75,39.80,40.44,40.96,41.49,42.23,43.18,44.38,45.92,0.86,0.79,0.14,Resistência Forte,0,1
2013-04-22,38.86,39.88,40.51,41.02,41.53,42.26,43.18,44.36,45.85,0.89,0.79,0.11,Resistência Forte,0,0
2013-04-23,38.86,39.91,40.56,41.08,41.60,42.35,43.30,44.51,46.04,1.00,1.00,0.27,Resistência Forte,0,1
2013-04-24,38.86,39.99,40.69,41.26,41.83,42.63,43.66,44.97,46.63,0.96,0.79,0.04,Resistência Forte,0,1
2013-04-25,38.88,40.01,40.71,41.28,41.85,42.65,43.68,44.99,46.65,0.97,0.79,0.03,Resistência Forte,0,1
2013-04-26,38.88,40.01,40.71,41.28,41.85,42.65,43.68,44.99,46.65,0.95,0.79,0.05,Resistência Forte,0,1
2013-04-29,38.90,40.07,40.79,41.38,41.97,42.80,43.86,45.21,46.93,0.99,0.79,0.01,Resistência Forte,0,1
2013-04-30,38.90,40.08,40.82,41.41,42.00,42.85,43.92,45.29,47.02,1.00,1.00,0.27,Resistência Forte,0,1
2013-05-01,38.90,40.09,40.83,41.42,42.02,42.87,43.95,45.32,47.07,0.93,0.79,0.07,Resistência Forte,0,1
2013-05-02,38.90,40.15,40.92,41.54,42.16,43.05,44.18,45.62,47.44,0.96,0.79,0.04,Resistência Forte,0,1
2013-05-03,39.08,40.52,41.41,42.13,42.85,43.87,45.18,46.84,48.95,1.00,1.00,0.27,Resistência Forte,0,1
2013-05-06,39.28,40.67,41.53,42.23,42.93,43.92,45.18,46.78,48.83,0.93,0.79,0.07,Resistência Forte,0,1
2013-05-07,39.28,40.67,41.53,42.23,42.93,43.92,45.18,46.78,48.83,0.93,0.79,0.07,Resistência Forte,0,1
2013-05-08,39.28,40.67,41.53,42.23,42.93,43.92,45.18,46.78,48.83,0.92,0.79,0.08,Resistência Forte,0,0
2013-05-09,39.30,40.84,41.79,42.56,43.32,44.42,45.81,47.58,49.83,0.98,0.79,0.02,Resistência Forte,0,1
2013-05-10,39.30,40.84,41.79,42.56,43.34,44.43,45.83,47.61,49.87,0.98,0.79,0.02,Resistência Forte,0,1
2013-05-13,39.57,41.05,41.96,42.70,43.44,44.49,45.83,47.53,49.70,0.98,0.79,0.02,Resistência Forte,0,1
2013-05-14,40.10,41.55,42.45,43.17,43.89,44.93,46.24,47.91,50.03,0.99,0.79,0.01,Resistência Forte,0,1
2013-05-15,40.45,41.95,42.87,43.62,44.37,45.43,46.79,48.51,50.71,1.00,1.00,0.27,Resistência Forte,0,1
2013-05-16,40.63,42.11,43.03,43.76,44.50,45.56,46.90,48.61,50.77,0.90,0.79,0.10,Resistência Forte,0,0
2013-05-17,41.19,42.55,43.39,44.07,44.75,45.72,46.95,48.52,50.51,1.00,1.00,0.27,Resistência Forte,0,1
2013-05-20,41.28,42.62,43.45,44.12,44.78,45.74,46.95,48.49,50.45,0.89,0.79,0.11,Resistência Forte,0,0
2013-05-21,41.28,42.62,43.45,44.12,44.78,45.74,46.95,48.49,50.45,0.89,0.79,0.11,Resistência Forte,0,0
2013-05-22,41.28,42.62,43.45,44.12,44.78,45.74,46.95,48.49,50.45,0.80,0.79,0.20,Resistência Forte,0,1
2013-05-23,41.28,42.62,43.45,44.12,44.78,45.74,46.95,48.49,50.45,0.76,0.62,0.03,Resistência,0,1
2013-05-24,41.28,42.62,43.45,44.12,44.78,45.74,46.95,48.49,50.45,0.75,0.62,0.04,Resistência,0,1
2013-05-28,41.28,42.62,43.45,44.12,44.78,45.74,46.95,48.49,50.45,0.83,0.79,0.17,Resistência Forte,0,1
2013-05-29,41.28,42.62,43.45,44.12,44.78,45.74,46.95,48.49,50.45,0.74,0.62,0.05,Resistência,0,1
2013-05-30,41.28,42.62,43.45,44.12,44.78,45.74,46.95,48.49,50.45,0.75,0.62,0.04,Resistência,0,1
2013-05-31,41.28,42.62,43.45,44.12,44.78,45.74,46.95,48.49,50.45,0.62,0.62,0.17,Resistência,1,0
2013-06-03,41.28,42.62,43.45,44.12,44.78,45.74,46.95,48.49,50.45,0.72,0.62,0.07,Resistência,0,1
2013-06-04,41.28,42.62,43.45,44.12,44.78,45.74,46.95,48.49,50.45,0.65,0.62,0.14,Resistência,1,0
2013-06-05,41.28,42.62,43.45,44.12,44.78,45.74,46.95,48.49,50.45,0.52,0.50,0.10,Zona de Consolidação,0,0
2013-06-06,41.28,42.62,43.45,44.12,44.78,45.74,46.95,48.49,50.45,0.53,0.50,0.09,Zona de Consolidação,0,0
2013-06-07,41.28,42.62,43.45,44.12,44.78,45.74,46.95,48.49,50.45,0.65,0.62,0.14,Resistência,1,0
2013-06-10,41.28,42.62,43.45,44.12,44.78,45.74,46.95,48.49,50.45,0.63,0.62,0.16,Resistência,1,0
2013-06-11,41.28,42.62,43.45,44.12,44.78,45.74,46.95,48.49,50.45,0.55,0.50,0.07,Zona de Consolidação,1,0
2013-06-12,41.28,42.62,43.45,44.12,44.78,45.74,46.95,48.49,50.45,0.51,0.50,0.11,Zona de Consolidação,0,0
2013-06-13,41.28,42.62,43.45,44.12,44.78,45.74,46.95,48.49,50.45,0.62,0.62,0.17,Resistência,1,0
2013-06-14,41.28,42.62,43.45,44.12,44.78,45.74,46.95,48.49,50.45,0.59,0.50,0.03,Zona de Consolidação,1,0
2013-06-17,41.44,42.74,43.54,44.20,44.85,45.77,46.95,48.45,50.36,0.66,0.62,0.13,Resistência,1,0
2013-06-18,41.63,42.89,43.66,44.29,44.92,45.81,46.95,48.40,50.24,0.76,0.62,0.03,Resistência,0,1
2013-06-19,41.72,42.95,43.72,44.34,44.95,45.83,46.95,48.37,50.18,0.69,0.62,0.10,Resistência,1,0
2013-06-20,41.72,42.95,43.72,44.34,44.95,45.83,46.95,48.37,50.18,0.58,0.50,0.04,Zona de Consolidação,1,0
2013-06-21,41.72,42.95,43.72,44.34,44.95,45.83,46.95,48.37,50.18,0.64,0.62,0.15,Resistência,1,0
2013-06-24,41.72,42.95,43.72,44.34,44.95,45.83,46.95,48.37,50.18,0.60,0.50,0.02,Zona de Consolidação,1,0
2013-06-25,41.72,42.95,43.72,44.34,44.95,45.83,46.95,48.37,50.18,0.66,0.62,0.13,Resistência,1,0
2013-06-26,41.72,42.95,43.72,44.34,44.95,45.83,46.95,48.37,50.18,0.73,0.62,0.06,Resistência,0,1
2013-06-27,41.98,43.15,43.88,44.46,45.05,45.89,46.95,48.30,50.02,0.71,0.62,0.08,Resistência,0,1
2013-06-28,41.98,43.15,43.88,44.46,45.05,45.89,46.95,48.30,50.02,0.65,0.62,0.14,Resistência,1,0
2013-07-01,42.20,43.32,44.01,44.58,45.14,45.93,46.95,48.24,49.89,0.71,0.62,0.08,Resistência,1,1
2013-07-02,42.66,43.67,44.30,44.80,45.31,46.03,46.95,48.12,49.60,0.78,0.62,0.01,Resistência,0,1
2013-07-03,43.17,44.06,44.61,45.06,45.51,46.14,46.95,47.98,49.29,0.78,0.62,0.01,Resistência,0,1
2013-07-05,43.17,44.06,44.61,45.06,45.51,46.14,46.95,47.98,49.29,0.87,0.79,0.13,Resistência Forte,0,1
2013-07-08,43.17,44.06,44.61,45.06,45.51,46.14,46.95,47.98,49.29,0.90,0.79,0.10,Resistência Forte,0,1
2013-07-09,43.30,44.16,44.69,45.12,45.56,46.17,46.95,47.94,49.21,0.91,0.79,0.09,Resistência Forte,0,1
2013-07-10,43.43,44.31,44.86,45.30,45.74,46.37,47.17,48.19,49.48,0.98,0.79,0.02,Resistência Forte,0,1
2013-07-11,43.43,44.42,45.04,45.54,46.03,46.74,47.64,48.79,50.24,0.89,0.79,0.11,Resistência Forte,0,1
2013-07-12,43.43,44.56,45.25,45.82,46.38,47.18,48.20,49.50,51.15,1.00,1.00,0.27,Resistência Forte,0,1
2013-07-15,43.88,44.90,45.53,46.04,46.55,47.28,48.20,49.38,50.87,0.84,0.79,0.16,Resistência Forte,0,1
2013-07-16,43.88,44.90,45.53,46.04,46.55,47.28,48.20,49.38,50.87,0.83,0.79,0.17,Resistência Forte,0,1
2013-07-17,43.88,44.90,45.53,46.04,46.55,47.28,48.20,49.38,50.87,0.83,0.79,0.17,Resistência Forte,0,1
2013-07-18,43.88,44.90,45.53,46.04,46.55,47.28,48.20,49.38,50.87,0.91,0.79,0.09,Resistência Forte,0,1
2013-07-19,43.88,44.90,45.53,46.04,46.55,47.28,48.20,49.38,50.87,0.91,0.79,0.09,Resistência Forte,0,1
2013-07-22,43.88,44.96,45.63,46.17,46.71,47.48,48.46,49.71,51.29,0.90,0.79,0.10,Resistência Forte,0,1
2013-07-23,43.88,44.96,45.63,46.17,46.71,47.48,48.46,49.71,51.29,0.81,0.79,0.19,Resistência Forte,0,1
2013-07-24,43.88,44.96,45.63,46.17,46.71,47.48,48.46,49.71,51.29,0.77,0.62,0.02,Resistência,0,1
2013-07-25,43.88,44.96,45.63,46.17,46.71,47.48,48.46,49.71,51.29,0.76,0.62,0.03,Resistência,0,1
2013-07-26,43.88,44.96,45.63,46.17,46.71,47.48,48.46,49.71,51.29,0.81,0.79,0.19,Resistência Forte,0,1
2013-07-29,43.88,44.96,45.63,46.17,46.71,47.48,48.46,49.71,51.29,0.75,0.62,0.04,Resistência,0,1
2013-07-30,43.88,44.96,45.63,46.17,46.71,47.48,48.46,49.71,51.29,0.76,0.62,0.03,Resistência,0,1
2013-07-31,43.88,44.96,45.63,46.17,46.71,47.48,48.46,49.71,51.29,0.75,0.62,0.04,Resistência,0,1
2013-08-01,43.88,44.96,45.63,46.17,46.71,47.48,48.46,49.71,51.29,0.72,0.62,0.07,Resistência,1,1
2013-08-02,43.88,44.96,45.63,46.17,46.71,47.48,48.46,49.71,51.29,0.68,0.62,0.11,Resistência,1,0
2013-08-05,43.88,44.96,45.63,46.17,46.71,47.48,48.46,49.71,51.29,0.68,0.62,0.11,Resistência,1,0
2013-08-06,43.88,44.96,45.63,46.17,46.71,47.48,48.46,49.71,51.29,0.77,0.62,0.02,Resistência,0,1
2013-08-07,43.88,44.96,45.63,46.17,46.71,47.48,48.46,49.71,51.29,0.74,0.62,0.05,Resistência,0,1
2013-08-08,43.88,44.96,45.63,46.17,46.71,47.48,48.46,49.71,51.29,0.79,0.79,0.21,Resistência Forte,0,1
2013-08-09,43.88,44.96,45.63,46.17,46.71,47.48,48.46,49.71,51.29,0.80,0.79,0.20,Resistência Forte,0,1
2013-08-12,43.88,44.96,45.63,46.17,46.71,47.48,48.46,49.71,51.29,0.85,0.79,0.15,Resistência Forte,0,1
2013-08-13,43.88,44.96,45.63,46.17,46.71,47.48,48.46,49.71,51.29,0.88,0.79,0.12,Resistência Forte,0,1
2013-08-14,43.88,44.96,45.63,46.17,46.71,47.48,48.46,49.71,51.29,0.83,0.79,0.17,Resistência Forte,0,1
2013-08-15,43.88,44.96,45.63,46.17,46.71,47.48,48.46,49.71,51.29,0.68,0.62,0.11,Resistência,1,0
2013-08-16,44.08,45.11,45.75,46.27,46.79,47.52,48.46,49.65,51.17,0.71,0.62,0.08,Resistência,1,1
2013-08-19,44.08,45.11,45.75,46.27,46.79,47.52,48.46,49.65,51.17,0.71,0.62,0.08,Resistência,1,1
2013-08-20,44.08,45.11,45.75,46.27,46.79,47.52,48.46,49.65,51.17,0.78,0.62,0.01,Resistência,0,1
2013-08-21,44.08,45.11,45.75,46.27,46.79,47.52,48.46,49.65,51.17,0.70,0.62,0.09,Resistência,1,1
2013-08-22,44.08,45.11,45.75,46.27,46.79,47.52,48.46,49.65,51.17,0.79,0.79,0.21,Resistência Forte,0,1
2013-08-23,44.53,45.46,46.03,46.50,46.96,47.62,48.46,49.53,50.89,0.74,0.62,0.05,Resistência,0,1
2013-08-26,44.62,45.53,46.09,46.54,46.99,47.64,48.46,49.50,50.83,0.69,0.62,0.10,Resistência,1,1
2013-08-27,44.62,45.53,46.09,46.54,46.99,47.64,48.46,49.50,50.83,0.51,0.50,0.11,Zona de Consolidação,1,0
2013-08-28,44.62,45.53,46.09,46.54,46.99,47.64,48.46,49.50,50.83,0.51,0.50,0.11,Zona de Consolidação,1,0
2013-08-29,44.62,45.53,46.09,46.54,46.99,47.64,48.46,49.50,50.83,0.57,0.50,0.05,Zona de Consolidação,1,0
2013-08-30,44.62,45.53,46.09,46.54,46.99,47.64,48.46,49.50,50.83,0.54,0.50,0.08,Zona de Consolidação,1,0
2013-09-03,44.70,45.59,46.14,46.58,47.02,47.66,48.46,49.48,50.78,0.58,0.50,0.04,Zona de Consolidação,1,0
2013-09-04,44.74,45.62,46.16,46.60,47.04,47.66,48.46,49.47,50.76,0.69,0.62,0.10,Resistência,1,1
2013-09-05,44.96,45.79,46.30,46.71,47.12,47.71,48.46,49.41,50.62,0.72,0.62,0.07,Resistência,1,1
2013-09-06,44.96,45.79,46.30,46.71,47.12,47.71,48.46,49.41,50.62,0.87,0.79,0.13,Resistência Forte,0,1
2013-09-09,44.96,45.80,46.32,46.74,47.17,47.77,48.53,49.50,50.74,0.97,0.79,0.03,Resistência Forte,0,1
2013-09-10,45.12,45.99,46.53,46.97,47.41,48.03,48.82,49.83,51.11,0.89,0.79,0.11,Resistência Forte,0,1
2013-09-11,45.42,46.25,46.76,47.18,47.59,48.18,48.93,49.88,51.10,0.98,0.79,0.02,Resistência Forte,0,1
2013-09-12,45.66,46.49,47.01,47.42,47.84,48.43,49.19,50.15,51.37,0.94,0.79,0.06,Resistência Forte,0,1
2013-09-13,45.79,46.59,47.09,47.49,47.89,48.46,49.19,50.11,51.29,0.92,0.79,0.08,Resistência Forte,0,1
2013-09-16,45.79,46.66,47.20,47.63,48.06,48.68,49.47,50.47,51.74,0.85,0.79,0.15,Resistência Forte,0,1
2013-09-17,45.79,46.66,47.20,47.63,48.06,48.68,49.47,50.47,51.74,0.86,0.79,0.14,Resistência Forte,0,1
2013-09-18,45.79,46.66,47.20,47.63,48.06,48.68,49.47,50.47,51.74,0.97,0.79,0.03,Resistência Forte,0,1
2013-09-19,45.79,46.66,47.20,47.64,48.07,48.69,49.48,50.48,51.76,0.95,0.79,0.05,Resistência Forte,0,1
2013-09-20,45.79,46.66,47.20,47.64,48.07,48.69,49.48,50.48,51.76,0.91,0.79,0.09,Resistência Forte,0,1
2013-09-23,45.79,46.66,47.20,47.64,48.07,48.69,49.48,50.48,51.76,0.67,0.62,0.12,Resistência,1,1
2013-09-24,45.79,46.66,47.20,47.64,48.07,48.69,49.48,50.48,51.76,0.64,0.62,0.15,Resistência,1,0
2013-09-25,45.79,46.66,47.20,47.64,48.07,48.69,49.48,50.48,51.76,0.57,0.50,0.05,Zona de Consolidação,1,0
2013-09-26,45.79,46.66,47.20,47.64,48.07,48.69,49.48,50.48,51.76,0.64,0.62,0.15,Resistência,1,0
2013-09-27,45.79,46.66,47.20,47.64,48.07,48.69,49.48,50.48,51.76,0.57,0.50,0.05,Zona de Consolidação,1,0
2013-09-30,45.79,46.66,47.20,47.64,48.07,48.69,49.48,50.48,51.76,0.54,0.50,0.08,Zona de Consolidação,1,0
2013-10-01,45.79,46.66,47.20,47.64,48.07,48.69,49.48,50.48,51.76,0.50,0.50,0.12,Zona de Consolidação,1,0
2013-10-02,45.79,46.66,47.20,47.64,48.07,48.69,49.48,50.48,51.76,0.48,0.38,0.02,Zona de Consolidação,1,0
2013-10-03,45.79,46.66,47.20,47.64,48.07,48.69,49.48,50.48,51.76,0.31,0.24,0.07,Suporte,1,0
2013-10-04,45.79,46.66,47.20,47.64,48.07,48.69,49.48,50.48,51.76,0.39,0.38,0.11,Zona de Consolidação,1,0
2013-10-07,45.79,46.66,47.20,47.64,48.07,48.69,49.48,50.48,51.76,0.30,0.24,0.08,Suporte,1,0
2013-10-08,45.79,46.66,47.20,47.64,48.07,48.69,49.48,50.48,51.76,0.16,0.00,0.08,Suporte Forte,0,0
2013-10-09,45.79,46.66,47.20,47.64,48.07,48.69,49.48,50.48,51.76,0.17,0.00,0.07,Suporte Forte,0,0
2013-10-10,45.79,46.66,47.20,47.64,48.07,48.69,49.48,50.48,51.76,0.44,0.38,0.06,Zona de Consolidação,1,0
2013-10-11,45.79,46.66,47.20,47.64,48.07,48.69,49.48,50.48,51.76,0.56,0.50,0.06,Zona de Consolidação,1,0
2013-10-14,45.79,46.66,47.20,47.64,48.07,48.69,49.48,50.48,51.76,0.63,0.62,0.16,Resistência,1,0
2013-10-15,45.79,46.66,47.20,47.64,48.07,48.69,49.48,50.48,51.76,0.53,0.50,0.09,Zona de Consolidação,1,0
2013-10-16,45.79,46.66,47.20,47.64,48.07,48.69,49.48,50.48,51.76,0.78,0.62,0.01,Resistência,0,1
2013-10-17,45.79,46.66,47.20,47.64,48.07,48.69,49.48,50.48,51.76,0.85,0.79,0.15,Resistência Forte,0,1
2013-10-18,45.79,46.66,47.20,47.64,48.07,48.69,49.48,50.48,51.76,0.86,0.79,0.14,Resistência Forte,0,1
2013-10-21,45.79,46.66,47.20,47.64,48.07,48.69,49.48,50.48,51.76,0.96,0.79,0.04,Resistência Forte,0,1
2013-10-22,45.79,46.79,47.40,47.90,48.40,49.11,50.01,51.16,52.62,0.95,0.79,0.05,Resistência Forte,0,1
2013-10-23,45.79,46.79,47.40,47.90,48.40,49.11,50.01,51.16,52.62,0.90,0.79,0.10,Resistência Forte,0,1
2013-10-24,45.79,46.79,47.40,47.90,48.40,49.11,50.01,51.16,52.62,0.95,0.79,0.05,Resistência Forte,0,1
2013-10-25,45.79,46.79,47.40,47.90,48.40,49.11,50.01,51.16,52.62,0.96,0.79,0.04,Resistência Forte,0,1
2013-10-28,45.79,46.84,47.49,48.01,48.53,49.28,50.23,51.44,52.97,0.94,0.79,0.06,Resistência Forte,0,1
2013-10-29,45.79,46.93,47.63,48.20,48.77,49.58,50.61,51.92,53.59,0.96,0.79,0.04,Resistência Forte,0,1
2013-10-30,45.79,46.93,47.63,48.20,48.77,49.58,50.61,51.92,53.59,0.68,0.62,0.11,Resistência,1,0
2013-10-31,45.79,46.93,47.63,48.20,48.77,49.58,50.61,51.92,53.59,0.78,0.62,0.01,Resistência,0,1
2013-11-01,45.79,46.93,47.63,48.20,48.77,49.58,50.61,51.92,53.59,0.82,0.79,0.18,Resistência Forte,0,1
2013-11-04,45.79,46.93,47.63,48.20,48.77,49.58,50.61,51.92,53.59,0.84,0.79,0.16,Resistência Forte,0,1
2013-11-05,45.79,46.93,47.63,48.20,48.77,49.58,50.61,51.92,53.59,0.84,0.79,0.16,Resistência Forte,0,1
2013-11-06,45.79,46.93,47.63,48.20,48.77,49.58,50.61,51.92,53.59,0.89,0.79,0.11,Resistência Forte,0,1
2013-11-07,45.79,46.93,47.63,48.20,48.77,49.58,50.61,51.92,53.59,0.82,0.79,0.18,Resistência Forte,0,1
2013-11-08,45.79,46.93,47.63,48.20,48.77,49.58,50.61,51.92,53.59,0.91,0.79,0.09,Resistência Forte,0,1
2013-11-11,45.79,46.93,47.63,48.20,48.77,49.58,50.61,51.92,53.59,0.88,0.79,0.12,Resistência Forte,0,1
2013-11-12,45.79,46.93,47.63,48.20,48.77,49.58,50.61,51.92,53.59,0.87,0.79,0.13,Resistência Forte,0,1
2013-11-13,46.16,47.21,47.86,48.38,48.91,49.66,50.61,51.82,53.36,0.97,0.79,0.03,Resistência Forte,0,1
2013-11-14,46.16,47.33,48.05,48.64,49.23,50.06,51.12,52.47,54.19,0.94,0.79,0.06,Resistência Forte,0,1
2013-11-15,46.16,47.33,48.05,48.64,49.23,50.06,51.12,52.47,54.19,0.99,0.79,0.01,Resistência Forte,0,1
2013-11-18,46.16,47.37,48.12,48.73,49.34,50.20,51.30,52.70,54.48,0.96,0.79,0.04,Resistência Forte,0,1
2013-11-19,46.16,47.80,48.81,49.64,50.46,51.62,53.11,55.00,57.41,0.93,0.79,0.07,Resistência Forte,0,1
2013-11-20,46.16,47.80,48.81,49.64,50.46,51.62,53.11,55.00,57.41,0.87,0.79,0.13,Resistência Forte,0,0
2013-11-21,46.16,47.80,48.81,49.64,50.46,51.62,53.11,55.00,57.41,0.94,0.79,0.06,Resistência Forte,0,1
2013-11-22,46.16,47.80,48.81,49.64,50.46,51.62,53.11,55.00,57.41,0.96,0.79,0.04,Resistência Forte,0,1
2013-11-25,46.16,47.80,48.81,49.64,50.46,51.62,53.11,55.00,57.41,0.97,0.79,0.03,Resistência Forte,0,1
2013-11-26,46.16,48.33,49.67,50.75,51.83,53.38,55.34,57.84,61.01,0.75,0.62,0.04,Resistência,0,1
2013-11-27,46.16,48.33,49.67,50.75,51.83,53.38,55.34,57.84,61.01,0.75,0.62,0.04,Resistência,0,1
2013-11-29,46.16,48.33,49.67,50.75,51.83,53.38,55.34,57.84,61.01,0.73,0.62,0.06,Resistência,0,0
2013-12-02,46.16,48.33,49.67,50.75,51.83,53.38,55.34,57.84,61.01,0.69,0.62,0.10,Resistência,0,0
2013-12-03,46.16,48.33,49.67,50.75,51.83,53.38,55.34,57.84,61.01,0.75,0.62,0.04,Resistência,0,1
2013-12-04,46.16,48.33,49.67,50.75,51.83,53.38,55.34,57.84,61.01,0.68,0.62,0.11,Resistência,0,0
2013-12-05,46.16,48.33,49.67,50.75,51.83,53.38,55.34,57.84,61.01,0.62,0.62,0.17,Resistência,1,0
2013-12-06,46.16,48.33,49.67,50.75,51.83,53.38,55.34,57.84,61.01,0.70,0.62,0.09,Resistência,0,0
2013-12-09,46.16,48.33,49.67,50.75,51.83,53.38,55.34,57.84,61.01,0.65,0.62,0.14,Resistência,1,0
2013-12-10,46.16,48.33,49.67,50.75,51.83,53.38,55.34,57.84,61.01,0.62,0.62,0.17,Resistência,1,0
2013-12-11,46.16,48.33,49.67,50.75,51.83,53.38,55.34,57.84,61.01,0.58,0.50,0.04,Zona de Consolidação,1,0
2013-12-12,46.16,48.33,49.67,50.75,51.83,53.38,55.34,57.84,61.01,0.55,0.50,0.07,Zona de Consolidação,0,0
2013-12-13,46.16,48.33,49.67,50.75,51.83,53.38,55.34,57.84,61.01,0.54,0.50,0.08,Zona de Consolidação,0,0
2013-12-16,46.16,48.33,49.67,50.75,51.83,53.38,55.34,57.84,61.01,0.58,0.50,0.04,Zona de Consolidação,1,0
2013-12-17,46.16,48.33,49.67,50.75,51.83,53.38,55.34,57.84,61.01,0.56,0.50,0.06,Zona de Consolidação,1,0
2013-12-18,46.16,48.33,49.67,50.75,51.83,53.38,55.34,57.84,61.01,0.69,0.62,0.10,Resistência,0,0
2013-12-19,46.62,48.68,49.95,50.98,52.01,53.47,55.34,57.71,60.73,0.71,0.62,0.08,Resistência,0,0
2013-12-20,47.02,48.98,50.20,51.18,52.16,53.56,55.34,57.60,60.48,0.73,0.62,0.06,Resistência,0,1
2013-12-23,47.63,49.45,50.58,51.48,52.39,53.69,55.34,57.44,60.10,0.71,0.62,0.08,Resistência,0,0
2013-12-24,47.66,49.47,50.59,51.50,52.41,53.70,55.34,57.43,60.09,0.73,0.62,0.06,Resistência,0,1
2013-12-26,48.01,49.74,50.81,51.68,52.54,53.77,55.34,57.33,59.87,0.77,0.62,0.02,Resistência,0,1
2013-12-27,48.36,50.01,51.03,51.85,52.67,53.85,55.34,57.24,59.65,0.75,0.62,0.04,Resistência,0,1
2013-12-30,48.71,50.27,51.24,52.03,52.81,53.92,55.34,57.14,59.44,0.78,0.62,0.01,Resistência,0,1
2013-12-31,48.71,50.27,51.24,52.03,52.81,53.92,55.34,57.14,59.44,0.75,0.62,0.04,Resistência,0,1
2014-01-02,48.71,50.27,51.24,52.03,52.81,53.92,55.34,57.14,59.44,0.65,0.62,0.14,Resistência,1,0
2014-01-03,48.71,50.27,51.24,52.03,52.81,53.92,55.34,57.14,59.44,0.74,0.62,0.05,Resistência,0,1
2014-01-06,48.71,50.27,51.24,52.03,52.81,53.92,55.34,57.14,59.44,0.65,0.62,0.14,Resistência,1,0
2014-01-07,48.71,50.27,51.24,52.03,52.81,53.92,55.34,57.14,59.44,0.75,0.62,0.04,Resistência,0,1
2014-01-08,48.71,50.27,51.24,52.03,52.81,53.92,55.34,57.14,59.44,0.70,0.62,0.09,Resistência,0,0
2014-01-09,48.71,50.27,51.24,52.03,52.81,53.92,55.34,57.14,59.44,0.73,0.62,0.06,Resistência,0,1
2014-01-10,48.71,50.27,51.24,52.03,52.81,53.92,55.34,57.14,59.44,0.70,0.62,0.09,Resistência,0,0
2014-01-13,48.86,50.39,51.34,52.10,52.86,53.95,55.34,57.10,59.34,0.56,0.50,0.06,Zona de Consolidação,1,0
2014-01-14,49.35,50.76,51.64,52.34,53.05,54.06,55.34,56.97,59.04,0.63,0.62,0.16,Resistência,1,0
2014-01-15,49.35,50.76,51.64,52.34,53.05,54.06,55.34,56.97,59.04,0.64,0.62,0.15,Resistência,1,0
2014-01-16,49.35,50.76,51.64,52.34,53.05,54.06,55.34,56.97,59.04,0.61,0.50,0.01,Zona de Consolidação,1,0
2014-01-17,49.66,51.00,51.83,52.50,53.17,54.12,55.34,56.88,58.85,0.61,0.50,0.01,Zona de Consolidação,1,0
2014-01-21,49.66,51.00,51.83,52.50,53.17,54.12,55.34,56.88,58.85,0.65,0.62,0.14,Resistência,1,0
2014-01-22,49.66,51.00,51.83,52.50,53.17,54.12,55.34,56.88,58.85,0.66,0.62,0.13,Resistência,1,0
2014-01-23,49.68,51.02,51.84,52.51,53.18,54.13,55.34,56.88,58.84,0.53,0.50,0.09,Zona de Consolidação,1,0
2014-01-24,49.68,51.02,51.84,52.51,53.18,54.13,55.34,56.88,58.84,0.26,0.24,0.12,Suporte,0,0
2014-01-27,49.68,51.02,51.84,52.51,53.18,54.13,55.34,56.88,58.84,0.20,0.00,0.04,Suporte Forte,0,0
2014-01-28,50.51,51.65,52.36,52.92,53.49,54.31,55.34,56.65,58.32,0.14,0.00,0.10,Suporte Forte,0,0
2014-01-29,50.54,51.67,52.37,52.94,53.51,54.31,55.34,56.65,58.31,0.06,0.00,0.18,Suporte Forte,0,0
2014-01-30,50.61,51.73,52.42,52.98,53.53,54.33,55.34,56.63,58.26,0.16,0.00,0.08,Suporte Forte,0,0
2014-01-31,50.45,51.60,52.32,52.90,53.47,54.29,55.34,56.67,58.36,0.09,0.00,0.15,Suporte Forte,0,0
2014-02-03,49.02,50.51,51.43,52.18,52.93,53.99,55.34,57.06,59.25,0.03,0.00,0.21,Suporte Forte,0,0
2014-02-04,47.77,49.56,50.66,51.56,52.45,53.72,55.34,57.40,60.02,0.27,0.24,0.11,Suporte,0,0
2014-02-05,47.77,49.56,50.66,51.56,52.45,53.72,55.34,57.40,60.02,0.14,0.00,0.10,Suporte Forte,0,0
2014-02-06,47.77,49.56,50.66,51.56,52.45,53.72,55.34,57.40,60.02,0.20,0.00,0.04,Suporte Forte,0,0
2014-02-07,47.77,49.56,50.66,51.56,52.45,53.72,55.34,57.40,60.02,0.26,0.24,0.12,Suporte,0,0
2014-02-10,47.77,49.51,50.59,51.46,52.32,53.56,55.14,57.14,59.69,0.23,0.00,0.01,Suporte Forte,0,0
2014-02-11,47.77,49.51,50.59,51.46,52.32,53.56,55.14,57.14,59.69,0.25,0.24,0.13,Suporte,0,0
2014-02-12,47.77,49.51,50.59,51.46,52.32,53.56,55.14,57.14,59.69,0.33,0.24,0.05,Suporte,1,0
2014-02-13,47.77,49.51,50.59,51.46,52.32,53.56,55.14,57.14,59.69,0.39,0.38,0.11,Zona de Consolidação,1,0
2014-02-14,47.77,49.51,50.59,51.46,52.32,53.56,55.14,57.14,59.69,0.39,0.38,0.11,Zona de Consolidação,1,0
2014-02-18,47.77,49.51,50.59,51.46,52.32,53.56,55.14,57.14,59.69,0.41,0.38,0.09,Zona de Consolidação,1,0
2014-02-19,47.77,49.51,50.59,51.46,52.32,53.56,55.14,57.14,59.69,0.38,0.24,0.00,Suporte,1,0
2014-02-20,47.77,49.51,50.59,51.46,52.32,53.56,55.14,57.14,59.69,0.42,0.38,0.08,Zona de Consolidação,1,0
2014-02-21,47.77,49.51,50.59,51.46,52.32,53.56,55.14,57.14,59.69,0.39,0.38,0.11,Zona de Consolidação,1,0
2014-02-24,47.77,49.51,50.59,51.46,52.32,53.56,55.14,57.14,59.69,0.44,0.38,0.06,Zona de Consolidação,1,0
2014-02-25,47.77,49.51,50.59,51.46,52.32,53.56,55.14,57.14,59.69,0.46,0.38,0.04,Zona de Consolidação,0,0
2014-02-26,47.77,49.51,50.59,51.46,52.32,53.56,55.14,57.14,59.69,0.50,0.50,0.12,Zona de Consolidação,0,0
2014-02-27,47.77,49.51,50.59,51.46,52.32,53.56,55.14,57.14,59.69,0.52,0.50,0.10,Zona de Consolidação,0,0
2014-02-28,47.77,49.51,50.59,51.46,52.32,53.56,55.14,57.14,59.69,0.53,0.50,0.09,Zona de Consolidação,0,0
2014-03-03,47.77,49.51,50.59,51.46,52.32,53.56,55.14,57.14,59.69,0.43,0.38,0.07,Zona de Consolidação,1,0
2014-03-04,47.77,49.51,50.59,51.46,52.32,53.56,55.14,57.14,59.69,0.59,0.50,0.03,Zona de Consolidação,1,0
2014-03-05,47.77,49.51,50.59,51.46,52.32,53.56,55.14,57.14,59.69,0.52,0.50,0.10,Zona de Consolidação,0,0
2014-03-06,47.77,49.51,50.59,51.46,52.32,53.56,55.14,57.14,59.69,0.55,0.50,0.07,Zona de Consolidação,1,0
2014-03-07,47.77,49.51,50.59,51.46,52.32,53.56,55.14,57.14,59.69,0.60,0.50,0.02,Zona de Consolidação,1,0
2014-03-10,47.77,49.51,50.59,51.46,52.32,53.56,55.14,57.14,59.69,0.57,0.50,0.05,Zona de Consolidação,1,0
2014-03-11,47.77,49.51,50.59,51.46,52.32,53.56,55.14,57.14,59.69,0.54,0.50,0.08,Zona de Consolidação,0,0
2014-03-12,47.77,49.51,50.59,51.46,52.32,53.56,55.14,57.14,59.69,0.56,0.50,0.06,Zona de Consolidação,1,0
2014-03-13,47.77,49.51,50.59,51.46,52.32,53.56,55.14,57.14,59.69,0.50,0.50,0.12,Zona de Consolidação,0,0
2014-03-14,47.77,49.51,50.59,51.46,52.32,53.56,55.14,57.14,59.69,0.55,0.50,0.07,Zona de Consolidação,1,0
2014-03-17,47.77,49.51,50.59,51.46,52.32,53.56,55.14,57.14,59.69,0.64,0.62,0.15,Resistência,1,0
2014-03-18,47.77,49.51,50.59,51.46,52.32,53.56,55.14,57.14,59.69,0.68,0.62,0.11,Resistência,1,0
2014-03-19,47.77,49.51,50.59,51.46,52.32,53.56,55.14,57.14,59.69,0.62,0.62,0.17,Resistência,1,0
2014-03-20,47.77,49.51,50.59,51.46,52.32,53.56,55.14,57.14,59.69,0.62,0.62,0.17,Resistência,1,0
2014-03-21,47.77,49.51,50.59,51.46,52.32,53.56,55.14,57.14,59.69,0.57,0.50,0.05,Zona de Consolidação,1,0
2014-03-24,47.77,49.43,50.46,51.28,52.11,53.30,54.80,56.71,59.14,0.47,0.38,0.03,Zona de Consolidação,0,0
2014-03-25,47.77,49.43,50.46,51.28,52.11,53.30,54.80,56.71,59.14,0.50,0.50,0.12,Zona de Consolidação,0,0
2014-03-26,47.77,49.43,50.46,51.28,52.11,53.30,54.80,56.71,59.14,0.45,0.38,0.05,Zona de Consolidação,1,0
2014-03-27,47.77,49.43,50.46,51.28,52.11,53.30,54.80,56.71,59.14,0.50,0.50,0.12,Zona de Consolidação,0,0
2014-03-28,47.77,49.43,50.46,51.28,52.11,53.30,54.80,56.71,59.14,0.52,0.50,0.10,Zona de Consolidação,0,0
2014-03-31,47.77,49.43,50.46,51.28,52.11,53.30,54.80,56.71,59.14,0.55,0.50,0.07,Zona de Consolidação,1,0
2014-04-01,47.77,49.43,50.46,51.28,52.11,53.30,54.80,56.71,59.14,0.57,0.50,0.05,Zona de Consolidação,1,0
2014-04-02,47.77,49.43,50.46,51.28,52.11,53.30,54.80,56.71,59.14,0.59,0.50,0.03,Zona de Consolidação,1,0
2014-04-03,47.77,49.43,50.46,51.28,52.11,53.30,54.80,56.71,59.14,0.56,0.50,0.06,Zona de Consolidação,1,0
2014-04-04,47.77,49.02,49.79,50.42,51.05,51.94,53.07,54.51,56.35,0.55,0.50,0.07,Zona de Consolidação,1,0
2014-04-07,47.77,49.02,49.79,50.42,51.05,51.94,53.07,54.51,56.35,0.48,0.38,0.02,Zona de Consolidação,0,0
2014-04-08,47.77,49.02,49.79,50.42,51.05,51.94,53.07,54.51,56.35,0.52,0.50,0.10,Zona de Consolidação,0,0
2014-04-09,47.77,49.02,49.79,50.42,51.05,51.94,53.07,54.51,56.35,0.56,0.50,0.06,Zona de Consolidação,1,0
2014-04-10,47.77,49.02,49.79,50.42,51.05,51.94,53.07,54.51,56.35,0.47,0.38,0.03,Zona de Consolidação,1,0
2014-04-11,47.77,49.02,49.79,50.42,51.05,51.94,53.07,54.51,56.35,0.28,0.24,0.10,Suporte,0,0
2014-04-14,47.77,49.02,49.79,50.42,51.05,51.94,53.07,54.51,56.35,0.35,0.24,0.03,Suporte,1,0
2014-04-15,47.77,49.02,49.79,50.42,51.05,51.94,53.07,54.51,56.35,0.45,0.38,0.05,Zona de Consolidação,1,0
2014-04-16,48.29,49.42,50.12,50.68,51.24,52.05,53.07,54.37,56.02,0.45,0.38,0.05,Zona de Consolidação,1,0
2014-04-17,48.56,49.62,50.28,50.82,51.35,52.10,53.07,54.30,55.86,0.54,0.50,0.08,Zona de Consolidação,1,0
2014-04-21,49.05,50.00,50.59,51.06,51.53,52.21,53.07,54.16,55.55,0.45,0.38,0.05,Zona de Consolidação,1,0
2014-04-22,49.05,50.00,50.59,51.06,51.53,52.21,53.07,54.16,55.55,0.49,0.38,0.01,Zona de Consolidação,1,0
2014-04-23,49.05,50.00,50.59,51.06,51.53,52.21,53.07,54.16,55.55,0.48,0.38,0.02,Zona de Consolidação,1,0
2014-04-24,49.05,50.00,50.59,51.06,51.53,52.21,53.07,54.16,55.55,0.54,0.50,0.08,Zona de Consolidação,1,0
2014-04-25,49.05,50.00,50.59,51.06,51.53,52.21,53.07,54.16,55.55,0.38,0.24,0.00,Suporte,1,0
2014-04-28,49.05,50.00,50.59,51.06,51.53,52.21,53.07,54.16,55.55,0.38,0.24,0.00,Suporte,1,0
2014-04-29,49.05,50.00,50.59,51.06,51.53,52.21,53.07,54.16,55.55,0.60,0.50,0.02,Zona de Consolidação,1,0
2014-04-30,49.05,50.00,50.59,51.06,51.53,52.21,53.07,54.16,55.55,0.76,0.62,0.03,Resistência,0,1
2014-05-01,49.05,50.00,50.59,51.06,51.53,52.21,53.07,54.16,55.55,0.70,0.62,0.09,Resistência,1,1
2014-05-02,49.05,50.00,50.59,51.06,51.53,52.21,53.07,54.16,55.55,0.69,0.62,0.10,Resistência,1,1
2014-05-05,49.05,50.00,50.59,51.06,51.53,52.21,53.07,54.16,55.55,0.75,0.62,0.04,Resistência,0,1
2014-05-06,49.05,50.00,50.59,51.06,51.53,52.21,53.07,54.16,55.55,0.61,0.50,0.01,Zona de Consolidação,1,0
2014-05-07,49.05,50.00,50.59,51.06,51.53,52.21,53.07,54.16,55.55,0.68,0.62,0.11,Resistência,1,1
2014-05-08,49.05,50.00,50.59,51.06,51.53,52.21,53.07,54.16,55.55,0.74,0.62,0.05,Resistência,1,1
2014-05-09,49.05,50.00,50.59,51.06,51.53,52.21,53.07,54.16,55.55,0.78,0.62,0.01,Resistência,0,1
2014-05-12,49.05,50.00,50.59,51.06,51.53,52.21,53.07,54.16,55.55,0.92,0.79,0.08,Resistência Forte,0,1
2014-05-13,49.05,50.00,50.59,51.06,51.53,52.21,53.07,54.16,55.55,0.92,0.79,0.08,Resistência Forte,0,1
2014-05-14,49.05,50.00,50.59,51.06,51.53,52.21,53.07,54.16,55.55,0.78,0.62,0.01,Resistência,0,1
2014-05-15,49.05,50.00,50.59,51.06,51.53,52.21,53.07,54.16,55.55,0.56,0.50,0.06,Zona de Consolidação,1,0
2014-05-16,49.05,50.00,50.59,51.06,51.53,52.21,53.07,54.16,55.55,0.74,0.62,0.05,Resistência,1,1
2014-05-19,49.05,50.00,50.59,51.06,51.53,52.21,53.07,54.16,55.55,0.78,0.62,0.01,Resistência,0,1
2014-05-20,49.05,50.00,50.59,51.06,51.53,52.21,53.07,54.16,55.55,0.69,0.62,0.10,Resistência,1,1
2014-05-21,49.05,50.00,50.59,51.06,51.53,52.21,53.07,54.16,55.55,0.72,0.62,0.07,Resistência,1,1
2014-05-22,49.05,50.00,50.59,51.06,51.53,52.21,53.07,54.16,55.55,0.78,0.62,0.01,Resistência,0,1
2014-05-23,49.05,50.00,50.59,51.06,51.53,52.21,53.07,54.16,55.55,0.91,0.79,0.09,Resistência Forte,0,1
2014-05-27,49.05,50.00,50.59,51.06,51.53,52.21,53.07,54.16,55.55,0.99,0.79,0.01,Resistência Forte,0,1
2014-05-28,49.05,50.06,50.68,51.19,51.70,52.41,53.33,54.49,55.98,0.86,0.79,0.14,Resistência Forte,0,1
2014-05-29,49.05,50.06,50.68,51.19,51.70,52.41,53.33,54.49,55.98,0.96,0.79,0.04,Resistência Forte,0,1
2014-05-30,49.05,50.07,50.71,51.22,51.73,52.46,53.39,54.57,56.07,0.97,0.79,0.03,Resistência Forte,0,1
2014-06-02,49.05,50.08,50.72,51.24,51.75,52.48,53.42,54.61,56.12,0.92,0.79,0.08,Resistência Forte,0,1
2014-06-03,49.05,50.08,50.72,51.24,51.75,52.48,53.42,54.61,56.12,0.81,0.79,0.19,Resistência Forte,0,1
2014-06-04,49.05,50.08,50.72,51.24,51.75,52.48,53.42,54.61,56.12,0.83,0.79,0.17,Resistência Forte,0,1
2014-06-05,49.05,50.08,50.72,51.24,51.75,52.48,53.42,54.61,56.12,0.81,0.79,0.19,Resistência Forte,0,1
2014-06-06,49.05,50.08,50.72,51.24,51.75,52.48,53.42,54.61,56.12,0.95,0.79,0.05,Resistência Forte,0,1
2014-06-09,49.05,50.11,50.77,51.30,51.84,52.59,53.56,54.79,56.35,0.98,0.79,0.02,Resistência Forte,0,1
2014-06-10,49.05,50.15,50.83,51.38,51.94,52.72,53.72,54.99,56.61,0.86,0.79,0.14,Resistência Forte,0,1
2014-06-11,49.05,50.15,50.83,51.38,51.94,52.72,53.72,54.99,56.61,0.81,0.79,0.19,Resistência Forte,0,1
2014-06-12,49.05,50.15,50.83,51.38,51.94,52.72,53.72,54.99,56.61,0.76,0.62,0.03,Resistência,0,1
2014-06-13,49.05,50.15,50.83,51.38,51.94,52.72,53.72,54.99,56.61,0.85,0.79,0.15,Resistência Forte,0,1
2014-06-16,49.05,50.15,50.83,51.38,51.94,52.72,53.72,54.99,56.61,0.82,0.79,0.18,Resistência Forte,0,1
2014-06-17,49.05,50.15,50.83,51.38,51.94,52.72,53.72,54.99,56.61,0.76,0.62,0.03,Resistência,0,1
2014-06-18,49.05,50.15,50.83,51.38,51.94,52.72,53.72,54.99,56.61,0.82,0.79,0.18,Resistência Forte,0,1
2014-06-19,49.05,50.15,50.83,51.38,51.94,52.72,53.72,54.99,56.61,0.79,0.79,0.21,Resistência Forte,0,1
2014-06-20,49.05,50.15,50.83,51.38,51.94,52.72,53.72,54.99,56.61,0.94,0.79,0.06,Resistência Forte,0,1
2014-06-23,49.05,50.15,50.83,51.38,51.94,52.72,53.72,54.99,56.61,0.90,0.79,0.10,Resistência Forte,0,1
2014-06-24,49.05,50.15,50.83,51.38,51.94,52.72,53.72,54.99,56.61,0.88,0.79,0.12,Resistência Forte,0,1
2014-06-25,49.33,50.37,51.01,51.52,52.04,52.78,53.72,54.91,56.43,0.90,0.79,0.10,Resistência Forte,0,1
2014-06-26,49.92,50.82,51.37,51.82,52.27,52.91,53.72,54.75,56.07,0.86,0.79,0.14,Resistência Forte,0,1
2014-06-27,50.12,50.97,51.50,51.92,52.34,52.95,53.72,54.70,55.94,0.93,0.79,0.07,Resistência Forte,0,1
2014-06-30,50.12,50.97,51.50,51.92,52.34,52.95,53.72,54.70,55.94,0.89,0.79,0.11,Resistência Forte,0,1
2014-07-01,50.12,51.08,51.67,52.15,52.63,53.31,54.18,55.28,56.69,0.97,0.79,0.03,Resistência Forte,0,1
2014-07-02,50.12,51.08,51.67,52.15,52.63,53.31,54.18,55.28,56.69,0.94,0.79,0.06,Resistência Forte,0,1
2014-07-03,50.12,51.09,51.68,52.16,52.65,53.33,54.21,55.32,56.74,1.00,1.00,0.27,Resistência Forte,0,1
2014-07-07,50.12,51.09,51.68,52.16,52.65,53.33,54.21,55.32,56.74,0.97,0.79,0.03,Resistência Forte,0,1
2014-07-08,50.12,51.12,51.73,52.23,52.73,53.44,54.34,55.49,56.95,0.95,0.79,0.05,Resistência Forte,0,1
2014-07-09,50.81,51.64,52.16,52.58,52.99,53.58,54.34,55.30,56.52,0.93,0.79,0.07,Resistência Forte,0,1
2014-07-10,50.83,51.66,52.17,52.58,53.00,53.59,54.34,55.29,56.51,0.87,0.79,0.13,Resistência Forte,0,1
2014-07-11,51.10,51.86,52.34,52.72,53.10,53.65,54.34,55.22,56.34,0.86,0.79,0.14,Resistência Forte,0,1
2014-07-14,51.10,51.86,52.34,52.72,53.10,53.65,54.34,55.22,56.34,0.90,0.79,0.10,Resistência Forte,0,1
2014-07-15,51.10,51.86,52.34,52.72,53.10,53.65,54.34,55.22,56.34,0.90,0.79,0.10,Resistência Forte,0,1
2014-07-16,51.10,51.86,52.34,52.72,53.10,53.65,54.34,55.22,56.34,0.94,0.79,0.06,Resistência Forte,0,1
2014-07-17,51.10,51.86,52.34,52.72,53.10,53.65,54.34,55.22,56.34,0.82,0.79,0.18,Resistência Forte,0,1
2014-07-18,51.10,51.92,52.43,52.84,53.25,53.84,54.58,55.53,56.73,0.97,0.79,0.03,Resistência Forte,0,1
2014-07-21,51.10,51.92,52.43,52.84,53.25,53.84,54.58,55.53,56.73,0.97,0.79,0.03,Resistência Forte,0,1
2014-07-22,51.10,52.02,52.59,53.05,53.51,54.17,55.00,56.06,57.41,0.98,0.79,0.02,Resistência Forte,0,1
2014-07-23,51.10,52.03,52.61,53.08,53.55,54.21,55.06,56.14,57.51,0.99,0.79,0.01,Resistência Forte,0,1
2014-07-24,51.10,52.14,52.78,53.30,53.81,54.55,55.49,56.68,58.20,0.99,0.79,0.01,Resistência Forte,0,1
2014-07-25,51.10,52.15,52.80,53.33,53.86,54.61,55.56,56.77,58.32,1.00,1.00,0.27,Resistência Forte,0,1
2014-07-28,51.10,52.15,52.80,53.33,53.86,54.61,55.56,56.77,58.32,0.98,0.79,0.02,Resistência Forte,0,1
2014-07-29,51.71,52.63,53.20,53.66,54.12,54.78,55.61,56.67,58.02,0.86,0.79,0.14,Resistência Forte,0,1
2014-07-30,51.72,52.64,53.21,53.66,54.12,54.78,55.61,56.67,58.01,0.90,0.79,0.10,Resistência Forte,0,1
2014-07-31,51.75,52.66,53.22,53.68,54.14,54.78,55.61,56.66,58.00,0.76,0.62,0.03,Resistência,1,1
2014-08-01,51.82,52.71,53.27,53.72,54.16,54.80,55.61,56.64,57.95,0.79,0.79,0.21,Resistência Forte,0,1
2014-08-04,52.15,52.97,53.47,53.88,54.29,54.87,55.61,56.55,57.75,0.71,0.62,0.08,Resistência,1,1
2014-08-05,52.15,52.97,53.47,53.88,54.29,54.87,55.61,56.55,57.75,0.57,0.50,0.05,Zona de Consolidação,1,0
2014-08-06,52.15,52.97,53.47,53.88,54.29,54.87,55.61,56.55,57.75,0.55,0.50,0.07,Zona de Consolidação,1,0
2014-08-07,52.15,52.97,53.47,53.88,54.29,54.87,55.61,56.55,57.75,0.49,0.38,0.01,Zona de Consolidação,1,0
2014-08-08,52.15,52.97,53.47,53.88,54.29,54.87,55.61,56.55,57.75,0.69,0.62,0.10,Resistência,1,1
2014-08-11,52.15,52.97,53.47,53.88,54.29,54.87,55.61,56.55,57.75,0.74,0.62,0.05,Resistência,1,1
2014-08-12,52.15,52.97,53.47,53.88,54.29,54.87,55.61,56.55,57.75,0.72,0.62,0.07,Resistência,1,1
2014-08-13,52.15,52.97,53.47,53.88,54.29,54.87,55.61,56.55,57.75,0.86,0.79,0.14,Resistência Forte,0,1
2014-08-14,52.15,53.14,53.75,54.24,54.74,55.44,56.34,57.48,58.93,0.78,0.62,0.01,Resistência,0,1
2014-08-15,52.40,53.33,53.91,54.37,54.83,55.50,56.34,57.41,58.77,0.74,0.62,0.05,Resistência,1,1
2014-08-18,52.40,53.33,53.91,54.37,54.83,55.50,56.34,57.41,58.77,0.91,0.79,0.09,Resistência Forte,0,1
2014-08-19,52.40,53.33,53.91,54.37,54.83,55.50,56.34,57.41,58.77,0.94,0.79,0.06,Resistência Forte,0,1
2014-08-20,52.40,53.33,53.91,54.37,54.83,55.50,56.34,57.41,58.77,0.96,0.79,0.04,Resistência Forte,0,1
2014-08-21,52.40,53.38,53.98,54.47,54.96,55.65,56.54,57.67,59.10,0.97,0.79,0.03,Resistência Forte,0,1
2014-08-22,52.40,53.40,54.01,54.51,55.01,55.72,56.62,57.77,59.23,0.89,0.79,0.11,Resistência Forte,0,1
2014-08-25,52.40,53.40,54.01,54.51,55.01,55.72,56.62,57.77,59.23,0.91,0.79,0.09,Resistência Forte,0,1
2014-08-26,52.40,53.40,54.02,54.52,55.02,55.73,56.64,57.79,59.26,0.94,0.79,0.06,Resistência Forte,0,1
2014-08-27,52.40,53.40,54.02,54.52,55.02,55.73,56.64,57.79,59.26,0.91,0.79,0.09,Resistência Forte,0,1
2014-08-28,52.69,53.62,54.20,54.66,55.13,55.79,56.64,57.71,59.08,0.88,0.79,0.12,Resistência Forte,0,1
2014-08-29,52.79,53.70,54.26,54.72,55.17,55.82,56.64,57.69,59.02,0.87,0.79,0.13,Resistência Forte,0,1
2014-09-02,52.86,53.75,54.30,54.75,55.20,55.83,56.64,57.67,58.98,0.90,0.79,0.10,Resistência Forte,0,1
2014-09-03,52.86,53.75,54.30,54.75,55.20,55.83,56.64,57.67,58.98,0.92,0.79,0.08,Resistência Forte,0,1
2014-09-04,52.86,53.79,54.36,54.82,55.28,55.94,56.78,57.85,59.20,0.89,0.79,0.11,Resistência Forte,0,1
2014-09-05,52.88,53.80,54.37,54.83,55.29,55.95,56.78,57.84,59.19,0.98,0.79,0.02,Resistência Forte,0,1
2014-09-08,53.00,53.90,54.46,54.90,55.35,55.99,56.81,57.85,59.16,0.93,0.79,0.07,Resistência Forte,0,1
2014-09-09,53.00,53.90,54.46,54.90,55.35,55.99,56.81,57.85,59.16,0.85,0.79,0.15,Resistência Forte,0,1
2014-09-10,53.26,54.10,54.62,55.04,55.45,56.05,56.81,57.78,59.00,0.93,0.79,0.07,Resistência Forte,0,1
2014-09-11,53.54,54.31,54.79,55.18,55.56,56.11,56.81,57.70,58.83,0.83,0.79,0.17,Resistência Forte,0,1
2014-09-12,53.54,54.31,54.79,55.18,55.56,56.11,56.81,57.70,58.83,0.80,0.79,0.20,Resistência Forte,0,1
2014-09-15,53.54,54.31,54.79,55.18,55.56,56.11,56.81,57.70,58.83,0.89,0.79,0.11,Resistência Forte,0,1
2014-09-16,53.54,54.31,54.79,55.18,55.56,56.11,56.81,57.70,58.83,0.88,0.79,0.12,Resistência Forte,0,1
2014-09-17,53.54,54.31,54.79,55.18,55.56,56.11,56.81,57.70,58.83,0.87,0.79,0.13,Resistência Forte,0,1
2014-09-18,53.54,54.36,54.87,55.28,55.69,56.28,57.02,57.97,59.17,0.98,0.79,0.02,Resistência Forte,0,1
2014-09-19,53.54,54.42,54.96,55.40,55.85,56.47,57.27,58.28,59.58,0.86,0.79,0.14,Resistência Forte,0,1
2014-09-22,53.67,54.52,55.05,55.47,55.89,56.50,57.27,58.25,59.49,0.70,0.62,0.09,Resistência,1,1
2014-09-23,53.67,54.52,55.05,55.47,55.89,56.50,57.27,58.25,59.49,0.61,0.50,0.01,Zona de Consolidação,1,0
2014-09-24,53.67,54.52,55.05,55.47,55.89,56.50,57.27,58.25,59.49,0.86,0.79,0.14,Resistência Forte,0,1
2014-09-25,53.67,54.52,55.05,55.47,55.89,56.50,57.27,58.25,59.49,0.57,0.50,0.05,Zona de Consolidação,1,0
2014-09-26,53.67,54.52,55.05,55.47,55.89,56.50,57.27,58.25,59.49,0.61,0.50,0.01,Zona de Consolidação,1,0
2014-09-29,53.67,54.52,55.05,55.47,55.89,56.50,57.27,58.25,59.49,0.65,0.62,0.14,Resistência,1,1
2014-09-30,53.67,54.52,55.05,55.47,55.89,56.50,57.27,58.25,59.49,0.70,0.62,0.09,Resistência,1,1
2014-10-01,53.67,54.52,55.05,55.47,55.89,56.50,57.27,58.25,59.49,0.38,0.24,0.00,Suporte,1,0
2014-10-02,53.67,54.52,55.05,55.47,55.89,56.50,57.27,58.25,59.49,0.61,0.50,0.01,Zona de Consolidação,1,0
2014-10-03,53.67,54.65,55.25,55.74,56.23,56.92,57.81,58.94,60.37,0.96,0.79,0.04,Resistência Forte,0,1
2014-10-06,53.67,54.65,55.25,55.74,56.23,56.92,57.81,58.94,60.37,0.90,0.79,0.10,Resistência Forte,0,1
2014-10-07,53.67,54.65,55.25,55.74,56.23,56.92,57.81,58.94,60.37,0.72,0.62,0.07,Resistência,1,1
2014-10-08,53.67,54.65,55.25,55.74,56.23,56.92,57.81,58.94,60.37,0.95,0.79,0.05,Resistência Forte,0,1
2014-10-09,53.67,54.65,55.25,55.74,56.23,56.92,57.81,58.94,60.37,0.65,0.62,0.14,Resistência,1,1
2014-10-10,53.67,54.65,55.25,55.74,56.23,56.92,57.81,58.94,60.37,0.56,0.50,0.06,Zona de Consolidação,1,0
2014-10-13,53.67,54.65,55.25,55.74,56.23,56.92,57.81,58.94,60.37,0.43,0.38,0.07,Zona de Consolidação,1,0
2014-10-14,53.67,54.65,55.25,55.74,56.23,56.92,57.81,58.94,60.37,0.55,0.50,0.07,Zona de Consolidação,1,0
2014-10-15,53.67,54.65,55.25,55.74,56.23,56.92,57.81,58.94,60.37,0.39,0.38,0.11,Zona de Consolidação,1,0
2014-10-16,53.67,54.65,55.25,55.74,56.23,56.92,57.81,58.94,60.37,0.36,0.24,0.02,Suporte,1,0
2014-10-17,53.93,54.85,55.41,55.87,56.33,56.98,57.81,58.87,60.21,0.53,0.50,0.09,Zona de Consolidação,1,0
2014-10-20,54.31,55.14,55.65,56.06,56.47,57.06,57.81,58.76,59.97,0.63,0.62,0.16,Resistência,1,1
2014-10-21,54.31,55.14,55.65,56.06,56.47,57.06,57.81,58.76,59.97,0.95,0.79,0.05,Resistência Forte,0,1
2014-10-22,54.31,55.16,55.69,56.12,56.54,57.15,57.92,58.90,60.15,0.88,0.79,0.12,Resistência Forte,0,1
2014-10-23,54.31,55.35,55.99,56.50,57.02,57.76,58.70,59.89,61.41,0.87,0.79,0.13,Resistência Forte,0,1
2014-10-24,54.31,55.36,56.00,56.53,57.05,57.79,58.74,59.94,61.48,0.99,0.79,0.01,Resistência Forte,0,1
2014-10-27,54.31,55.42,56.11,56.66,57.21,58.00,59.01,60.29,61.91,0.98,0.79,0.02,Resistência Forte,0,1
2014-10-28,54.31,55.55,56.32,56.94,57.56,58.44,59.57,61.00,62.82,0.99,0.79,0.01,Resistência Forte,0,1
2014-10-29,54.31,55.69,56.55,57.24,57.93,58.92,60.17,61.76,63.79,0.98,0.79,0.02,Resistência Forte,0,1
2014-10-30,54.31,55.93,56.93,57.74,58.54,59.69,61.16,63.02,65.39,0.95,0.79,0.05,Resistência Forte,0,1
2014-10-31,54.31,56.40,57.69,58.74,59.78,61.27,63.16,65.57,68.63,0.98,0.79,0.02,Resistência Forte,0,1
2014-11-03,54.31,56.49,57.83,58.92,60.01,61.56,63.53,66.04,69.23,0.94,0.79,0.06,Resistência Forte,0,1
2014-11-04,54.31,56.65,58.10,59.26,60.43,62.10,64.22,66.92,70.34,0.98,0.79,0.02,Resistência Forte,0,1
2014-11-05,54.31,56.83,58.39,59.66,60.92,62.71,65.00,67.91,71.61,0.99,0.79,0.01,Resistência Forte,0,1
2014-11-06,54.31,56.96,58.61,59.94,61.26,63.15,65.56,68.62,72.51,0.98,0.79,0.02,Resistência Forte,0,1
2014-11-07,54.31,56.96,58.61,59.94,61.26,63.15,65.56,68.62,72.51,0.95,0.79,0.05,Resistência Forte,0,1
2014-11-10,54.31,57.00,58.66,60.00,61.35,63.26,65.70,68.80,72.74,0.99,0.79,0.01,Resistência Forte,0,1
2014-11-11,54.31,57.01,58.67,60.02,61.37,63.29,65.73,68.84,72.79,0.97,0.79,0.03,Resistência Forte,0,1
2014-11-12,54.31,57.05,58.74,60.10,61.47,63.42,65.90,69.05,73.06,0.98,0.79,0.02,Resistência Forte,0,1
2014-11-13,54.31,57.11,58.84,60.24,61.64,63.63,66.17,69.40,73.50,0.97,0.79,0.03,Resistência Forte,0,1
2014-11-14,54.31,57.11,58.84,60.24,61.64,63.63,66.17,69.40,73.50,0.93,0.79,0.07,Resistência Forte,0,0
2014-11-17,54.31,57.11,58.84,60.24,61.64,63.63,66.17,69.40,73.50,0.93,0.79,0.07,Resistência Forte,0,0
2014-11-18,54.31,57.11,58.84,60.24,61.64,63.63,66.17,69.40,73.50,0.93,0.79,0.07,Resistência Forte,0,0
2014-11-19,54.31,57.11,58.84,60.24,61.64,63.63,66.17,69.40,73.50,0.89,0.79,0.11,Resistência Forte,0,0
2014-11-20,54.31,57.11,58.84,60.24,61.64,63.63,66.17,69.40,73.50,0.88,0.79,0.12,Resistência Forte,0,0
2014-11-21,54.31,57.11,58.84,60.24,61.64,63.63,66.17,69.40,73.50,0.89,0.79,0.11,Resistência Forte,0,0
2014-11-24,54.31,57.11,58.84,60.24,61.64,63.63,66.17,69.40,73.50,0.93,0.79,0.07,Resistência Forte,0,0
2014-11-25,54.31,57.11,58.84,60.24,61.64,63.63,66.17,69.40,73.50,0.91,0.79,0.09,Resistência Forte,0,0
2014-11-26,54.31,57.11,58.84,60.24,61.64,63.63,66.17,69.40,73.50,0.93,0.79,0.07,Resistência Forte,0,0
2014-11-28,54.31,57.18,58.95,60.38,61.81,63.85,66.45,69.75,73.95,0.96,0.79,0.04,Resistência Forte,0,1
2014-12-01,54.31,57.22,59.02,60.48,61.93,64.00,66.64,69.99,74.26,0.97,0.79,0.03,Resistência Forte,0,1
2014-12-02,54.31,57.23,59.03,60.49,61.95,64.02,66.67,70.03,74.31,0.95,0.79,0.05,Resistência Forte,0,1
2014-12-03,54.31,57.23,59.03,60.49,61.95,64.02,66.67,70.03,74.31,0.96,0.79,0.04,Resistência Forte,0,1
2014-12-04,54.31,57.23,59.03,60.49,61.95,64.02,66.67,70.03,74.31,0.97,0.79,0.03,Resistência Forte,0,1
2014-12-05,54.31,57.23,59.03,60.49,61.95,64.02,66.67,70.03,74.31,0.95,0.79,0.05,Resistência Forte,0,1
2014-12-08,54.31,57.23,59.03,60.49,61.95,64.02,66.67,70.03,74.31,0.94,0.79,0.06,Resistência Forte,0,0
2014-12-09,54.31,57.23,59.03,60.49,61.95,64.02,66.67,70.03,74.31,0.92,0.79,0.08,Resistência Forte,0,0
2014-12-10,54.31,57.23,59.03,60.49,61.95,64.02,66.67,70.03,74.31,0.88,0.79,0.12,Resistência Forte,0,0
2014-12-11,54.31,57.23,59.03,60.49,61.95,64.02,66.67,70.03,74.31,0.91,0.79,0.09,Resistência Forte,0,0
2014-12-12,54.31,57.23,59.03,60.49,61.95,64.02,66.67,70.03,74.31,0.78,0.62,0.01,Resistência,0,1
2014-12-15,54.31,57.23,59.03,60.49,61.95,64.02,66.67,70.03,74.31,0.80,0.79,0.20,Resistência Forte,0,1
2014-12-16,54.31,57.23,59.03,60.49,61.95,64.02,66.67,70.03,74.31,0.80,0.79,0.20,Resistência Forte,0,1
2014-12-17,54.31,57.23,59.03,60.49,61.95,64.02,66.67,70.03,74.31,0.92,0.79,0.08,Resistência Forte,0,0
2014-12-18,54.31,57.23,59.03,60.49,61.95,64.02,66.67,70.03,74.31,0.98,0.79,0.02,Resistência Forte,0,1
2014-12-19,54.31,57.25,59.06,60.53,62.00,64.09,66.75,70.13,74.44,0.91,0.79,0.09,Resistência Forte,0,0
2014-12-22,54.31,57.25,59.06,60.53,62.00,64.09,66.75,70.13,74.44,0.97,0.79,0.03,Resistência Forte,0,1
2014-12-23,54.31,57.30,59.16,60.66,62.15,64.28,67.00,70.45,74.84,0.92,0.79,0.08,Resistência Forte,0,0
2014-12-24,54.31,57.30,59.16,60.66,62.15,64.28,67.00,70.45,74.84,0.93,0.79,0.07,Resistência Forte,0,0
2014-12-26,54.46,57.42,59.25,60.73,62.21,64.32,67.00,70.41,74.75,0.92,0.79,0.08,Resistência Forte,0,0
2014-12-29,55.09,57.90,59.64,61.04,62.45,64.45,67.00,70.24,74.36,0.90,0.79,0.10,Resistência Forte,0,0
2014-12-30,55.74,58.40,60.04,61.37,62.70,64.59,67.00,70.06,73.96,0.84,0.79,0.16,Resistência Forte,0,1
2014-12-31,56.43,58.92,60.47,61.72,62.96,64.74,67.00,69.88,73.53,0.77,0.62,0.02,Resistência,0,1
2015-01-02,57.44,59.70,61.09,62.22,63.35,64.95,67.00,69.60,72.91,0.74,0.62,0.05,Resistência,0,1
2015-01-05,57.95,60.09,61.41,62.48,63.54,65.06,67.00,69.46,72.59,0.72,0.62,0.07,Resistência,0,1
2015-01-06,58.14,60.23,61.52,62.57,63.62,65.10,67.00,69.41,72.48,0.66,0.62,0.13,Resistência,1,0
2015-01-07,58.51,60.51,61.75,62.76,63.76,65.18,67.00,69.31,72.25,0.71,0.62,0.08,Resistência,0,0
2015-01-08,58.72,60.67,61.88,62.86,63.84,65.23,67.00,69.25,72.12,0.88,0.79,0.12,Resistência Forte,0,0
2015-01-09,59.27,61.09,62.22,63.14,64.05,65.35,67.00,69.10,71.78,0.81,0.79,0.19,Resistência Forte,0,1
2015-01-12,59.55,61.31,62.40,63.28,64.15,65.41,67.00,69.03,71.60,0.76,0.62,0.03,Resistência,0,1
2015-01-13,61.52,62.81,63.61,64.26,64.91,65.83,67.00,68.49,70.39,0.65,0.62,0.14,Resistência,1,0
2015-01-14,62.77,63.77,64.39,64.89,65.38,66.09,67.00,68.15,69.61,0.50,0.50,0.12,Zona de Consolidação,1,0
2015-01-15,63.17,64.07,64.63,65.09,65.54,66.18,67.00,68.04,69.37,0.44,0.38,0.06,Zona de Consolidação,1,0
2015-01-16,63.38,64.23,64.76,65.19,65.62,66.23,67.00,67.98,69.24,0.59,0.50,0.03,Zona de Consolidação,1,0
2015-01-20,63.38,64.23,64.76,65.19,65.62,66.23,67.00,67.98,69.24,0.68,0.62,0.11,Resistência,1,1
2015-01-21,63.38,64.23,64.76,65.19,65.62,66.23,67.00,67.98,69.24,0.59,0.50,0.03,Zona de Consolidação,1,0
2015-01-22,63.38,64.29,64.86,65.32,65.77,66.42,67.25,68.30,69.64,0.96,0.79,0.04,Resistência Forte,0,1
2015-01-23,63.38,64.36,64.97,65.46,65.96,66.66,67.55,68.68,70.13,0.94,0.79,0.06,Resistência Forte,0,1
2015-01-26,63.38,64.36,64.97,65.46,65.96,66.66,67.55,68.68,70.13,0.89,0.79,0.11,Resistência Forte,0,1
2015-01-27,63.38,64.36,64.97,65.46,65.96,66.66,67.55,68.68,70.13,0.71,0.62,0.08,Resistência,1,1
2015-01-28,63.38,64.36,64.97,65.46,65.96,66.66,67.55,68.68,70.13,0.51,0.50,0.11,Zona de Consolidação,1,0
2015-01-29,63.38,64.36,64.97,65.46,65.96,66.66,67.55,68.68,70.13,0.47,0.38,0.03,Zona de Consolidação,1,0
2015-01-30,63.38,64.36,64.97,65.46,65.96,66.66,67.55,68.68,70.13,0.14,0.00,0.10,Suporte Forte,0,0
2015-02-02,63.31,64.31,64.93,65.43,65.93,66.64,67.55,68.70,70.17,0.32,0.24,0.06,Suporte,1,0
2015-02-03,63.31,64.31,64.93,65.43,65.93,66.64,67.55,68.70,70.17,0.63,0.62,0.16,Resistência,1,0
2015-02-04,63.31,64.31,64.93,65.43,65.93,66.64,67.55,68.70,70.17,0.89,0.79,0.11,Resistência Forte,0,1
2015-02-05,63.31,64.31,64.93,65.44,65.94,66.65,67.56,68.72,70.19,1.00,1.00,0.27,Resistência Forte,0,1
2015-02-06,63.31,64.34,64.98,65.50,66.01,66.74,67.68,68.87,70.38,0.84,0.79,0.16,Resistência Forte,0,1
2015-02-09,63.31,64.34,64.98,65.50,66.01,66.74,67.68,68.87,70.38,0.76,0.62,0.03,Resistência,1,1
2015-02-10,63.31,64.34,64.98,65.50,66.01,66.74,67.68,68.87,70.38,0.85,0.79,0.15,Resistência Forte,0,1
2015-02-11,63.31,64.34,64.98,65.50,66.01,66.74,67.68,68.87,70.38,0.91,0.79,0.09,Resistência Forte,0,1
2015-02-12,63.31,64.42,65.11,65.66,66.22,67.01,68.02,69.30,70.93,0.99,0.79,0.01,Resistência Forte,0,1
2015-02-13,63.31,64.60,65.40,66.04,66.68,67.60,68.77,70.26,72.14,1.00,1.00,0.27,Resistência Forte,0,1
2015-02-17,63.31,64.60,65.40,66.04,66.68,67.60,68.77,70.26,72.14,0.77,0.62,0.02,Resistência,0,1
2015-02-18,63.31,64.60,65.40,66.04,66.68,67.60,68.77,70.26,72.14,0.84,0.79,0.16,Resistência Forte,0,1
2015-02-19,63.31,64.60,65.40,66.04,66.68,67.60,68.77,70.26,72.14,0.86,0.79,0.14,Resistência Forte,0,1
2015-02-20,63.31,64.60,65.40,66.04,66.68,67.60,68.77,70.26,72.14,0.99,0.79,0.01,Resistência Forte,0,1
2015-02-23,63.31,64.69,65.54,66.23,66.92,67.90,69.15,70.74,72.76,0.99,0.79,0.01,Resistência Forte,0,1
2015-02-24,63.31,64.71,65.58,66.28,66.98,67.98,69.25,70.87,72.92,0.98,0.79,0.02,Resistência Forte,0,1
2015-02-25,63.31,64.77,65.67,66.40,67.14,68.18,69.50,71.18,73.33,0.92,0.79,0.08,Resistência Forte,0,1
2015-02-26,63.31,64.77,65.67,66.40,67.14,68.18,69.50,71.18,73.33,0.89,0.79,0.11,Resistência Forte,0,1
2015-02-27,63.31,64.77,65.67,66.40,67.14,68.18,69.50,71.18,73.33,0.89,0.79,0.11,Resistência Forte,0,1
2015-03-02,63.31,64.87,65.83,66.61,67.39,68.50,69.91,71.71,73.99,0.99,0.79,0.01,Resistência Forte,0,1
2015-03-03,63.31,64.87,65.83,66.61,67.39,68.50,69.91,71.71,73.99,0.82,0.79,0.18,Resistência Forte,0,1
2015-03-04,63.31,64.87,65.83,66.61,67.39,68.50,69.91,71.71,73.99,0.57,0.50,0.05,Zona de Consolidação,1,0
2015-03-05,63.31,64.87,65.83,66.61,67.39,68.50,69.91,71.71,73.99,0.59,0.50,0.03,Zona de Consolidação,1,0
2015-03-06,63.31,64.87,65.83,66.61,67.39,68.50,69.91,71.71,73.99,0.50,0.50,0.12,Zona de Consolidação,0,0
2015-03-09,63.31,64.87,65.83,66.61,67.39,68.50,69.91,71.71,73.99,0.60,0.50,0.02,Zona de Consolidação,1,0
2015-03-10,63.31,64.87,65.83,66.61,67.39,68.50,69.91,71.71,73.99,0.40,0.38,0.10,Zona de Consolidação,1,0
2015-03-11,63.31,64.87,65.83,66.61,67.39,68.50,69.91,71.71,73.99,0.44,0.38,0.06,Zona de Consolidação,1,0
2015-03-12,63.31,64.87,65.83,66.61,67.39,68.50,69.91,71.71,73.99,0.61,0.50,0.01,Zona de Consolidação,1,0
2015-03-13,63.31,64.87,65.83,66.61,67.39,68.50,69.91,71.71,73.99,0.55,0.50,0.07,Zona de Consolidação,1,0
2015-03-16,63.31,64.87,65.83,66.61,67.39,68.50,69.91,71.71,73.99,0.72,0.62,0.07,Resistência,0,1
2015-03-17,63.31,64.87,65.83,66.61,67.39,68.50,69.91,71.71,73.99,0.64,0.62,0.15,Resistência,1,0
2015-03-18,63.31,64.87,65.83,66.61,67.39,68.50,69.91,71.71,73.99,0.72,0.62,0.07,Resistência,0,1
2015-03-19,63.31,64.87,65.83,66.61,67.39,68.50,69.91,71.71,73.99,0.72,0.62,0.07,Resistência,0,1
2015-03-20,63.31,64.87,65.83,66.61,67.39,68.50,69.91,71.71,73.99,0.77,0.62,0.02,Resistência,0,1
2015-03-23,63.31,64.87,65.83,66.61,67.39,68.50,69.91,71.71,73.99,0.72,0.62,0.07,Resistência,1,1
2015-03-24,63.31,64.87,65.83,66.61,67.39,68.50,69.91,71.71,73.99,0.68,0.62,0.11,Resistência,1,0
2015-03-25,63.31,64.87,65.83,66.61,67.39,68.50,69.91,71.71,73.99,0.41,0.38,0.09,Zona de Consolidação,1,0
2015-03-26,63.31,64.87,65.83,66.61,67.39,68.50,69.91,71.71,73.99,0.37,0.24,0.01,Suporte,1,0
2015-03-27,63.31,64.87,65.83,66.61,67.39,68.50,69.91,71.71,73.99,0.40,0.38,0.10,Zona de Consolidação,1,0
2015-03-30,63.31,64.87,65.83,66.61,67.39,68.50,69.91,71.71,73.99,0.55,0.50,0.07,Zona de Consolidação,1,0
2015-03-31,63.31,64.87,65.83,66.61,67.39,68.50,69.91,71.71,73.99,0.52,0.50,0.10,Zona de Consolidação,1,0
2015-04-01,63.31,64.87,65.83,66.61,67.39,68.50,69.91,71.71,73.99,0.47,0.38,0.03,Zona de Consolidação,1,0
2015-04-02,63.31,64.87,65.83,66.61,67.39,68.50,69.91,71.71,73.99,0.55,0.50,0.07,Zona de Consolidação,1,0
2015-04-06,63.31,64.87,65.83,66.61,67.39,68.50,69.91,71.71,73.99,0.59,0.50,0.03,Zona de Consolidação,1,0
2015-04-07,63.31,64.87,65.83,66.61,67.39,68.50,69.91,71.71,73.99,0.55,0.50,0.07,Zona de Consolidação,1,0
2015-04-08,63.31,64.87,65.83,66.61,67.39,68.50,69.91,71.71,73.99,0.63,0.62,0.16,Resistência,1,0
2015-04-09,63.31,64.87,65.83,66.61,67.39,68.50,69.91,71.71,73.99,0.63,0.62,0.16,Resistência,1,0
2015-04-10,63.31,64.87,65.83,66.61,67.39,68.50,69.91,71.71,73.99,0.60,0.50,0.02,Zona de Consolidação,1,0
2015-04-13,63.31,64.87,65.83,66.61,67.39,68.50,69.91,71.71,73.99,0.55,0.50,0.07,Zona de Consolidação,1,0
2015-04-14,63.31,64.87,65.83,66.61,67.39,68.50,69.91,71.71,73.99,0.52,0.50,0.10,Zona de Consolidação,1,0
2015-04-15,64.71,65.94,66.70,67.31,67.92,68.80,69.91,71.32,73.12,0.41,0.38,0.09,Zona de Consolidação,1,0
2015-04-16,65.39,66.46,67.12,67.65,68.18,68.94,69.91,71.14,72.70,0.25,0.24,0.13,Suporte,1,0
2015-04-17,64.92,66.10,66.83,67.41,68.00,68.84,69.91,71.27,72.99,0.04,0.00,0.20,Suporte Forte,0,0
2015-04-20,64.92,66.10,66.83,67.41,68.00,68.84,69.91,71.27,72.99,0.23,0.00,0.01,Suporte Forte,0,0
2015-04-21,64.92,66.10,66.83,67.41,68.00,68.84,69.91,71.27,72.99,0.28,0.24,0.10,Suporte,1,0
2015-04-22,64.92,66.10,66.83,67.41,68.00,68.84,69.91,71.27,72.99,0.31,0.24,0.07,Suporte,1,0
2015-04-23,64.92,66.10,66.83,67.41,68.00,68.84,69.91,71.27,72.99,0.38,0.24,0.00,Suporte,1,0
2015-04-24,64.92,66.10,66.83,67.41,68.00,68.84,69.91,71.27,72.99,0.26,0.24,0.12,Suporte,1,0
2015-04-27,64.92,66.10,66.83,67.41,68.00,68.84,69.91,71.27,72.99,0.22,0.00,0.02,Suporte Forte,0,0
2015-04-28,64.92,66.10,66.83,67.41,68.00,68.84,69.91,71.27,72.99,0.36,0.24,0.02,Suporte,1,0
2015-04-29,64.92,66.10,66.83,67.41,68.00,68.84,69.91,71.27,72.99,0.33,0.24,0.05,Suporte,1,0
2015-04-30,64.92,66.10,66.83,67.41,68.00,68.84,69.91,71.27,72.99,0.19,0.00,0.05,Suporte Forte,0,0
2015-05-01,64.92,66.10,66.83,67.41,68.00,68.84,69.91,71.27,72.99,0.42,0.38,0.08,Zona de Consolidação,1,0
2015-05-04,64.92,66.10,66.83,67.41,68.00,68.84,69.91,71.27,72.99,0.50,0.50,0.12,Zona de Consolidação,1,0
2015-05-05,64.92,66.10,66.83,67.41,68.00,68.84,69.91,71.27,72.99,0.36,0.24,0.02,Suporte,1,0
2015-05-06,64.92,66.10,66.83,67.41,68.00,68.84,69.91,71.27,72.99,0.33,0.24,0.05,Suporte,1,0
2015-05-07,64.92,66.10,66.83,67.41,68.00,68.84,69.91,71.27,72.99,0.47,0.38,0.03,Zona de Consolidação,1,0
2015-05-08,64.92,66.10,66.83,67.41,68.00,68.84,69.91,71.27,72.99,0.63,0.62,0.16,Resistência,1,0
2015-05-11,64.92,66.10,66.83,67.41,68.00,68.84,69.91,71.27,72.99,0.61,0.50,0.01,Zona de Consolidação,1,0
2015-05-12,64.92,66.06,66.76,67.32,67.89,68.70,69.73,71.04,72.70,0.56,0.50,0.06,Zona de Consolidação,1,0
2015-05-13,64.92,65.79,66.33,66.76,67.19,67.81,68.60,69.60,70.87,0.64,0.62,0.15,Resistência,1,1
2015-05-14,64.92,65.79,66.33,66.76,67.19,67.81,68.60,69.60,70.87,0.99,0.79,0.01,Resistência Forte,0,1
2015-05-15,64.92,65.86,66.44,66.90,67.37,68.04,68.89,69.97,71.34,0.88,0.79,0.12,Resistência Forte,0,1
2015-05-18,64.92,65.86,66.44,66.90,67.37,68.04,68.89,69.97,71.34,0.82,0.79,0.18,Resistência Forte,0,1
2015-05-19,64.92,65.86,66.44,66.90,67.37,68.04,68.89,69.97,71.34,0.90,0.79,0.10,Resistência Forte,0,1
2015-05-20,64.92,65.86,66.44,66.90,67.37,68.04,68.89,69.97,71.34,0.81,0.79,0.19,Resistência Forte,0,1
2015-05-21,64.92,65.86,66.44,66.90,67.37,68.04,68.89,69.97,71.34,0.78,0.62,0.01,Resistência,1,1
2015-05-22,64.92,65.86,66.44,66.90,67.37,68.04,68.89,69.97,71.34,0.69,0.62,0.10,Resistência,1,1
2015-05-26,64.92,65.86,66.44,66.90,67.37,68.04,68.89,69.97,71.34,0.42,0.38,0.08,Zona de Consolidação,1,0
2015-05-27,64.92,65.86,66.44,66.90,67.37,68.04,68.89,69.97,71.34,0.51,0.50,0.11,Zona de Consolidação,1,0
2015-05-28,64.92,65.86,66.44,66.90,67.37,68.04,68.89,69.97,71.34,0.52,0.50,0.10,Zona de Consolidação,1,0
2015-05-29,64.92,65.86,66.44,66.90,67.37,68.04,68.89,69.97,71.34,0.43,0.38,0.07,Zona de Consolidação,1,0
2015-06-01,64.92,65.86,66.44,66.90,67.37,68.04,68.89,69.97,71.34,0.39,0.38,0.11,Zona de Consolidação,1,0
2015-06-02,64.92,65.86,66.44,66.90,67.37,68.04,68.89,69.97,71.34,0.42,0.38,0.08,Zona de Consolidação,1,0
2015-06-03,64.92,65.86,66.44,66.90,67.37,68.04,68.89,69.97,71.34,0.43,0.38,0.07,Zona de Consolidação,1,0
2015-06-04,64.92,65.86,66.44,66.90,67.37,68.04,68.89,69.97,71.34,0.15,0.00,0.09,Suporte Forte,0,0
2015-06-05,64.86,65.81,66.40,66.88,67.35,68.03,68.89,69.99,71.38,0.20,0.00,0.04,Suporte Forte,0,0
2015-06-08,64.86,65.81,66.40,66.88,67.35,68.03,68.89,69.99,71.38,0.05,0.00,0.19,Suporte Forte,0,0
2015-06-09,64.57,65.59,66.22,66.73,67.24,67.97,68.89,70.07,71.56,0.06,0.00,0.18,Suporte Forte,0,0
2015-06-10,64.57,65.59,66.22,66.73,67.24,67.97,68.89,70.07,71.56,0.33,0.24,0.05,Suporte,1,0
2015-06-11,64.57,65.59,66.22,66.73,67.24,67.97,68.89,70.07,71.56,0.41,0.38,0.09,Zona de Consolidação,1,0
2015-06-12,64.57,65.59,66.22,66.73,67.24,67.97,68.89,70.07,71.56,0.27,0.24,0.11,Suporte,1,0
2015-06-15,64.57,65.59,66.22,66.73,67.24,67.97,68.89,70.07,71.56,0.10,0.00,0.14,Suporte Forte,0,0
2015-06-16,64.57,65.59,66.22,66.73,67.24,67.97,68.89,70.07,71.56,0.17,0.00,0.07,Suporte Forte,0,0
2015-06-17,64.57,65.59,66.22,66.73,67.24,67.97,68.89,70.07,71.56,0.17,0.00,0.07,Suporte Forte,0,0
2015-06-18,64.57,65.59,66.22,66.73,67.24,67.97,68.89,70.07,71.56,0.40,0.38,0.10,Zona de Consolidação,1,0
2015-06-19,64.57,65.59,66.22,66.73,67.24,67.97,68.89,70.07,71.56,0.37,0.24,0.01,Suporte,1,0
2015-06-22,64.57,65.59,66.22,66.73,67.24,67.97,68.89,70.07,71.56,0.48,0.38,0.02,Zona de Consolidação,1,0
2015-06-23,64.57,65.59,66.22,66.73,67.24,67.97,68.89,70.07,71.56,0.44,0.38,0.06,Zona de Consolidação,1,0
2015-06-24,64.57,65.59,66.22,66.73,67.24,67.97,68.89,70.07,71.56,0.23,0.00,0.01,Suporte Forte,1,0
2015-06-25,64.57,65.59,66.22,66.73,67.24,67.97,68.89,70.07,71.56,0.18,0.00,0.06,Suporte Forte,0,0
2015-06-26,64.57,65.59,66.22,66.73,67.24,67.97,68.89,70.07,71.56,0.17,0.00,0.07,Suporte Forte,0,0
2015-06-29,63.38,64.68,65.48,66.14,66.79,67.71,68.89,70.39,72.30,0.01,0.00,0.23,Suporte Forte,0,0
2015-06-30,62.56,64.05,64.98,65.72,66.47,67.54,68.89,70.61,72.80,0.05,0.00,0.19,Suporte Forte,0,0
2015-07-01,62.33,63.88,64.84,65.61,66.38,67.49,68.89,70.67,72.94,0.16,0.00,0.08,Suporte Forte,0,0
2015-07-02,62.33,63.88,64.84,65.61,66.38,67.49,68.89,70.67,72.94,0.16,0.00,0.08,Suporte Forte,0,0
2015-07-06,62.33,63.88,64.84,65.61,66.38,67.49,68.89,70.67,72.94,0.16,0.00,0.08,Suporte Forte,0,0
2015-07-07,62.33,63.88,64.84,65.61,66.38,67.49,68.89,70.67,72.94,0.19,0.00,0.05,Suporte Forte,0,0
2015-07-08,62.33,63.88,64.84,65.61,66.38,67.49,68.89,70.67,72.94,0.06,0.00,0.18,Suporte Forte,0,0
2015-07-09,62.33,63.88,64.84,65.61,66.38,67.49,68.89,70.67,72.94,0.14,0.00,0.10,Suporte Forte,0,0
2015-07-10,62.33,63.88,64.84,65.61,66.38,67.49,68.89,70.67,72.94,0.24,0.24,0.14,Suporte,0,0
2015-07-13,62.33,63.88,64.84,65.61,66.38,67.49,68.89,70.67,72.94,0.27,0.24,0.11,Suporte,0,0
2015-07-14,62.33,63.88,64.84,65.61,66.38,67.49,68.89,70.67,72.94,0.29,0.24,0.09,Suporte,1,0
2015-07-15,62.33,63.88,64.84,65.61,66.38,67.49,68.89,70.67,72.94,0.36,0.24,0.02,Suporte,1,0
2015-07-16,62.33,63.88,64.84,65.61,66.38,67.49,68.89,70.67,72.94,0.41,0.38,0.09,Zona de Consolidação,1,0
2015-07-17,62.33,63.88,64.84,65.61,66.38,67.49,68.89,70.67,72.94,0.34,0.24,0.04,Suporte,1,0
2015-07-20,62.33,63.88,64.84,65.61,66.38,67.49,68.89,70.67,72.94,0.32,0.24,0.06,Suporte,1,0
2015-07-21,62.33,63.88,64.84,65.61,66.38,67.49,68.89,70.67,72.94,0.23,0.00,0.01,Suporte Forte,0,0
2015-07-22,62.33,63.88,64.84,65.61,66.38,67.49,68.89,70.67,72.94,0.26,0.24,0.12,Suporte,0,0
2015-07-23,62.33,63.88,64.84,65.61,66.38,67.49,68.89,70.67,72.94,0.17,0.00,0.07,Suporte Forte,0,0
2015-07-24,62.33,63.88,64.84,65.61,66.38,67.49,68.89,70.67,72.94,0.03,0.00,0.21,Suporte Forte,0,0
2015-07-27,62.10,63.70,64.69,65.50,66.30,67.44,68.89,70.74,73.09,0.06,0.00,0.18,Suporte Forte,0,0
2015-07-28,62.10,63.65,64.61,65.39,66.16,67.26,68.67,70.46,72.73,0.16,0.00,0.08,Suporte Forte,0,0
2015-07-29,62.10,63.65,64.61,65.39,66.16,67.26,68.67,70.46,72.73,0.37,0.24,0.01,Suporte,1,0
2015-07-30,61.43,63.13,64.18,65.03,65.88,67.09,68.63,70.59,73.08,0.19,0.00,0.05,Suporte Forte,0,0
2015-07-31,61.43,63.05,64.05,64.86,65.66,66.81,68.28,70.14,72.51,0.16,0.00,0.08,Suporte Forte,0,0
2015-08-03,61.43,63.01,63.99,64.78,65.58,66.70,68.14,69.97,72.29,0.20,0.00,0.04,Suporte Forte,0,0
2015-08-04,61.43,62.90,63.81,64.54,65.28,66.33,67.66,69.35,71.51,0.29,0.24,0.09,Suporte,1,0
2015-08-05,61.43,62.80,63.65,64.34,65.03,66.00,67.25,68.83,70.85,0.47,0.38,0.03,Zona de Consolidação,1,0
2015-08-06,61.43,62.80,63.65,64.34,65.03,66.00,67.25,68.83,70.85,0.26,0.24,0.12,Suporte,0,0
2015-08-07,61.43,62.75,63.57,64.22,64.88,65.82,67.02,68.54,70.47,0.27,0.24,0.11,Suporte,1,0
2015-08-10,61.43,62.75,63.56,64.22,64.88,65.82,67.01,68.53,70.46,0.46,0.38,0.04,Zona de Consolidação,1,0
2015-08-11,61.43,62.74,63.56,64.22,64.87,65.81,67.00,68.52,70.44,0.42,0.38,0.08,Zona de Consolidação,1,0
2015-08-12,61.43,62.74,63.56,64.22,64.87,65.81,67.00,68.52,70.44,0.45,0.38,0.05,Zona de Consolidação,1,0
2015-08-13,61.43,62.74,63.56,64.22,64.87,65.81,67.00,68.52,70.44,0.58,0.50,0.04,Zona de Consolidação,1,0
2015-08-14,61.43,62.74,63.56,64.22,64.87,65.81,67.00,68.52,70.44,0.65,0.62,0.14,Resistência,1,0
2015-08-17,61.43,62.74,63.56,64.22,64.87,65.81,67.00,68.52,70.44,0.89,0.79,0.11,Resistência Forte,0,1
2015-08-18,61.43,62.74,63.56,64.22,64.87,65.81,67.00,68.52,70.44,0.89,0.79,0.11,Resistência Forte,0,1
2015-08-19,61.43,62.74,63.56,64.22,64.87,65.81,67.00,68.52,70.44,0.86,0.79,0.14,Resistência Forte,0,1
2015-08-20,61.43,62.74,63.56,64.22,64.87,65.81,67.00,68.52,70.44,0.61,0.50,0.01,Zona de Consolidação,1,0
2015-08-21,61.43,62.74,63.56,64.22,64.87,65.81,67.00,68.52,70.44,0.12,0.00,0.12,Suporte Forte,0,0
2015-08-24,50.40,54.32,56.74,58.70,60.66,63.45,67.00,71.52,77.26,0.57,0.50,0.05,Zona de Consolidação,0,0
2015-08-25,50.40,54.32,56.74,58.70,60.66,63.45,67.00,71.52,77.26,0.44,0.38,0.06,Zona de Consolidação,0,0
2015-08-26,50.40,54.32,56.74,58.70,60.66,63.45,67.00,71.52,77.26,0.64,0.62,0.15,Resistência,1,0
2015-08-27,50.40,54.32,56.74,58.70,60.66,63.45,67.00,71.52,77.26,0.65,0.62,0.14,Resistência,1,0
2015-08-28,50.40,54.32,56.74,58.70,60.66,63.45,67.00,71.52,77.26,0.67,0.62,0.12,Resistência,0,0
2015-08-31,50.40,54.32,56.74,58.70,60.66,63.45,67.00,71.52,77.26,0.62,0.62,0.17,Resistência,1,0
2015-09-01,50.40,54.28,56.69,58.63,60.57,63.34,66.86,71.34,77.03,0.51,0.50,0.11,Zona de Consolidação,0,0
2015-09-02,50.40,54.27,56.66,58.60,60.54,63.29,66.80,71.26,76.94,0.61,0.50,0.01,Zona de Consolidação,1,0
2015-09-03,50.40,54.27,56.66,58.60,60.54,63.29,66.80,71.26,76.94,0.63,0.62,0.16,Resistência,1,0
2015-09-04,50.40,54.27,56.66,58.60,60.54,63.29,66.80,71.26,76.94,0.57,0.50,0.05,Zona de Consolidação,0,0
2015-09-08,50.40,54.27,56.66,58.60,60.54,63.29,66.80,71.26,76.94,0.66,0.62,0.13,Resistência,0,0
2015-09-09,50.40,54.27,56.66,58.60,60.54,63.29,66.80,71.26,76.94,0.66,0.62,0.13,Resistência,0,0
2015-09-10,50.40,54.27,56.66,58.60,60.54,63.29,66.80,71.26,76.94,0.68,0.62,0.11,Resistência,0,0
2015-09-11,50.40,54.27,56.66,58.60,60.54,63.29,66.80,71.26,76.94,0.69,0.62,0.10,Resistência,0,0
2015-09-14,50.40,54.27,56.66,58.60,60.54,63.29,66.80,71.26,76.94,0.67,0.62,0.12,Resistência,0,0
2015-09-15,50.40,54.27,56.66,58.60,60.54,63.29,66.80,71.26,76.94,0.72,0.62,0.07,Resistência,0,0
2015-09-16,50.40,54.27,56.66,58.60,60.54,63.29,66.80,71.26,76.94,0.76,0.62,0.03,Resistência,0,1
2015-09-17,50.40,54.27,56.66,58.60,60.54,63.29,66.80,71.26,76.94,0.75,0.62,0.04,Resistência,0,1
2015-09-18,50.40,54.27,56.66,58.60,60.54,63.29,66.80,71.26,76.94,0.73,0.62,0.06,Resistência,0,0
2015-09-21,50.40,54.27,56.66,58.60,60.54,63.29,66.80,71.26,76.94,0.77,0.62,0.02,Resistência,0,1
2015-09-22,50.40,54.27,56.66,58.60,60.54,63.29,66.80,71.26,76.94,0.74,0.62,0.05,Resistência,0,0
2015-09-23,50.40,54.27,56.66,58.60,60.54,63.29,66.80,71.26,76.94,0.74,0.62,0.05,Resistência,0,0
2015-09-24,50.40,54.27,56.66,58.60,60.54,63.29,66.80,71.26,76.94,0.75,0.62,0.04,Resistência,0,1
2015-09-25,50.40,54.27,56.66,58.60,60.54,63.29,66.80,71.26,76.94,0.79,0.79,0.21,Resistência Forte,0,1
2015-09-28,50.40,54.27,56.66,58.60,60.54,63.29,66.80,71.26,76.94,0.71,0.62,0.08,Resistência,0,0
2015-09-29,50.40,54.27,56.66,58.60,60.54,63.29,66.80,71.26,76.94,0.73,0.62,0.06,Resistência,0,0
2015-09-30,50.40,54.27,56.66,58.60,60.54,63.29,66.80,71.26,76.94,0.79,0.79,0.21,Resistência Forte,0,1
2015-10-01,50.40,54.27,56.66,58.60,60.54,63.29,66.80,71.26,76.94,0.82,0.79,0.18,Resistência Forte,0,1
2015-10-02,50.40,54.27,56.66,58.60,60.54,63.29,66.80,71.26,76.94,0.84,0.79,0.16,Resistência Forte,0,0
2015-10-05,50.40,54.27,56.66,58.60,60.54,63.29,66.80,71.26,76.94,0.90,0.79,0.10,Resistência Forte,0,0
2015-10-06,50.40,54.27,56.66,58.60,60.54,63.29,66.80,71.26,76.94,0.89,0.79,0.11,Resistência Forte,0,0
2015-10-07,50.40,54.27,56.66,58.60,60.54,63.29,66.80,71.26,76.94,0.95,0.79,0.05,Resistência Forte,0,0
2015-10-08,50.40,54.41,56.89,58.90,60.91,63.76,67.40,72.02,77.91,0.99,0.79,0.01,Resistência Forte,0,1
2015-10-09,50.40,54.52,57.06,59.12,61.18,64.11,67.84,72.58,78.62,0.97,0.79,0.03,Resistência Forte,0,1
2015-10-12,50.40,54.52,57.06,59.12,61.18,64.11,67.84,72.58,78.62,0.99,0.79,0.01,Resistência Forte,0,1
2015-10-13,50.40,54.52,57.06,59.12,61.18,64.11,67.84,72.58,78.62,0.96,0.79,0.04,Resistência Forte,0,1
2015-10-14,50.40,54.52,57.06,59.12,61.18,64.11,67.84,72.58,78.62,0.96,0.79,0.04,Resistência Forte,0,1
2015-10-15,50.40,54.52,57.06,59.12,61.18,64.11,67.84,72.58,78.62,1.00,1.00,0.27,Resistência Forte,0,1
2015-10-16,50.40,54.70,57.36,59.51,61.66,64.72,68.62,73.58,79.88,0.99,0.79,0.01,Resistência Forte,0,1
2015-10-19,50.40,54.82,57.55,59.76,61.96,65.11,69.11,74.20,80.67,0.99,0.79,0.01,Resistência Forte,0,1
2015-10-20,50.40,54.82,57.55,59.76,61.97,65.11,69.12,74.21,80.69,0.99,0.79,0.01,Resistência Forte,0,1
2015-10-21,50.40,54.98,57.81,60.10,62.39,65.65,69.80,75.08,81.79,0.96,0.79,0.04,Resistência Forte,0,0
2015-10-22,50.40,55.23,58.22,60.63,63.04,66.48,70.86,76.43,83.50,0.99,0.79,0.01,Resistência Forte,0,1
2015-10-23,50.40,55.37,58.45,60.94,63.42,66.96,71.47,77.20,84.49,1.00,1.00,0.27,Resistência Forte,0,1
2015-10-26,50.40,55.39,58.47,60.96,63.46,67.01,71.53,77.28,84.59,0.98,0.79,0.02,Resistência Forte,0,1
2015-10-27,50.40,55.39,58.47,60.96,63.46,67.01,71.53,77.28,84.59,0.99,0.79,0.01,Resistência Forte,0,1
2015-10-28,50.40,55.39,58.47,60.96,63.46,67.01,71.53,77.28,84.59,0.90,0.79,0.10,Resistência Forte,0,0
2015-10-29,50.40,55.39,58.47,60.96,63.46,67.01,71.53,77.28,84.59,0.91,0.79,0.09,Resistência Forte,0,0
2015-10-30,50.40,55.39,58.47,60.96,63.46,67.01,71.53,77.28,84.59,0.86,0.79,0.14,Resistência Forte,0,0
2015-11-02,50.40,55.39,58.47,60.96,63.46,67.01,71.53,77.28,84.59,0.86,0.79,0.14,Resistência Forte,0,0
2015-11-03,57.58,60.87,62.91,64.56,66.20,68.54,71.53,75.32,80.15,0.78,0.62,0.01,Resistência,0,1
2015-11-04,58.53,61.60,63.50,65.03,66.56,68.75,71.53,75.07,79.56,0.77,0.62,0.02,Resistência,0,1
2015-11-05,58.53,61.60,63.50,65.03,66.56,68.75,71.53,75.07,79.56,0.78,0.62,0.01,Resistência,0,1
2015-11-06,58.53,61.60,63.50,65.03,66.56,68.75,71.53,75.07,79.56,0.82,0.79,0.18,Resistência Forte,0,1
2015-11-09,58.53,61.60,63.50,65.03,66.56,68.75,71.53,75.07,79.56,0.76,0.62,0.03,Resistência,0,1
2015-11-10,58.53,61.60,63.50,65.03,66.56,68.75,71.53,75.07,79.56,0.77,0.62,0.02,Resistência,0,1
2015-11-11,59.15,62.07,63.88,65.34,66.80,68.88,71.53,74.90,79.18,0.78,0.62,0.01,Resistência,0,1
2015-11-12,59.37,62.24,64.02,65.45,66.88,68.93,71.53,74.84,79.04,0.71,0.62,0.08,Resistência,0,0
2015-11-13,59.37,62.24,64.02,65.45,66.88,68.93,71.53,74.84,79.04,0.63,0.62,0.16,Resistência,1,0
2015-11-16,60.38,63.01,64.64,65.96,67.27,69.14,71.53,74.56,78.42,0.71,0.62,0.08,Resistência,0,0
2015-11-17,60.81,63.34,64.91,66.17,67.43,69.24,71.53,74.45,78.15,0.65,0.62,0.14,Resistência,1,0
2015-11-18,60.81,63.34,64.91,66.17,67.43,69.24,71.53,74.45,78.15,0.69,0.62,0.10,Resistência,0,0
2015-11-19,60.91,63.42,64.97,66.22,67.47,69.26,71.53,74.42,78.09,0.68,0.62,0.11,Resistência,0,0
2015-11-20,61.19,63.63,65.14,66.36,67.58,69.32,71.53,74.34,77.92,0.74,0.62,0.05,Resistência,0,1
2015-11-23,61.30,63.71,65.21,66.41,67.62,69.34,71.53,74.31,77.85,0.74,0.62,0.05,Resistência,0,1
2015-11-24,61.63,63.97,65.41,66.58,67.75,69.41,71.53,74.22,77.65,0.68,0.62,0.11,Resistência,1,0
2015-11-25,61.63,63.97,65.41,66.58,67.75,69.41,71.53,74.22,77.65,0.66,0.62,0.13,Resistência,1,0
2015-11-27,61.63,63.97,65.41,66.58,67.75,69.41,71.53,74.22,77.65,0.68,0.62,0.11,Resistência,1,0
2015-11-30,61.63,63.97,65.41,66.58,67.75,69.41,71.53,74.22,77.65,0.65,0.62,0.14,Resistência,1,0
2015-12-01,61.63,63.97,65.41,66.58,67.75,69.41,71.53,74.22,77.65,0.75,0.62,0.04,Resistência,0,1
2015-12-02,61.63,63.97,65.41,66.58,67.75,69.41,71.53,74.22,77.65,0.70,0.62,0.09,Resistência,0,0
2015-12-03,61.63,63.97,65.41,66.58,67.75,69.41,71.53,74.22,77.65,0.57,0.50,0.05,Zona de Consolidação,1,0
2015-12-04,61.77,64.07,65.50,66.65,67.80,69.44,71.53,74.18,77.56,0.74,0.62,0.05,Resistência,0,1
2015-12-07,61.77,64.07,65.50,66.65,67.80,69.44,71.53,74.18,77.56,0.67,0.62,0.12,Resistência,1,0
2015-12-08,61.77,64.07,65.50,66.65,67.80,69.44,71.53,74.18,77.56,0.65,0.62,0.14,Resistência,1,0
2015-12-09,62.12,64.34,65.71,66.82,67.94,69.52,71.53,74.09,77.35,0.56,0.50,0.06,Zona de Consolidação,1,0
2015-12-10,62.12,64.34,65.71,66.82,67.94,69.52,71.53,74.09,77.35,0.61,0.50,0.01,Zona de Consolidação,1,0
2015-12-11,62.12,64.34,65.71,66.82,67.94,69.52,71.53,74.09,77.35,0.43,0.38,0.07,Zona de Consolidação,1,0
2015-12-14,64.60,66.24,67.25,68.06,68.88,70.05,71.53,73.41,75.81,0.37,0.24,0.01,Suporte,1,0
2015-12-15,64.87,66.44,67.41,68.20,68.99,70.10,71.53,73.34,75.65,0.45,0.38,0.05,Zona de Consolidação,1,0
2015-12-16,65.15,66.66,67.59,68.34,69.09,70.16,71.53,73.27,75.47,0.51,0.50,0.11,Zona de Consolidação,1,0
2015-12-17,65.65,67.04,67.90,68.59,69.28,70.27,71.53,73.13,75.16,0.28,0.24,0.10,Suporte,1,0
2015-12-18,65.99,67.30,68.11,68.76,69.41,70.34,71.53,73.04,74.95,0.02,0.00,0.22,Suporte Forte,0,0
2015-12-21,65.99,67.30,68.11,68.76,69.41,70.34,71.53,73.04,74.95,0.14,0.00,0.10,Suporte Forte,0,0
2015-12-22,65.99,67.30,68.11,68.76,69.41,70.34,71.53,73.04,74.95,0.25,0.24,0.13,Suporte,0,0
2015-12-23,65.99,67.30,68.11,68.76,69.41,70.34,71.53,73.04,74.95,0.37,0.24,0.01,Suporte,1,0
2015-12-24,65.99,67.30,68.11,68.76,69.41,70.34,71.53,73.04,74.95,0.40,0.38,0.10,Zona de Consolidação,1,0
2015-12-28,65.99,67.30,68.11,68.76,69.41,70.34,71.53,73.04,74.95,0.37,0.24,0.01,Suporte,1,0
2015-12-29,65.99,67.30,68.11,68.76,69.41,70.34,71.53,73.04,74.95,0.53,0.50,0.09,Zona de Consolidação,1,0
2015-12-30,65.99,67.30,68.11,68.76,69.41,70.34,71.53,73.04,74.95,0.46,0.38,0.04,Zona de Consolidação,1,0
2015-12-31,65.99,67.30,68.11,68.76,69.41,70.34,71.53,73.04,74.95,0.23,0.00,0.01,Suporte Forte,0,0
2016-01-04,64.49,66.15,67.18,68.01,68.84,70.02,71.53,73.44,75.88,0.09,0.00,0.15,Suporte Forte,0,0
2016-01-05,64.49,66.15,67.18,68.01,68.84,70.02,71.53,73.44,75.88,0.12,0.00,0.12,Suporte Forte,0,0
2016-01-06,64.20,65.93,67.00,67.87,68.73,69.96,71.53,73.52,76.06,0.04,0.00,0.20,Suporte Forte,0,0
2016-01-07,62.28,64.41,65.73,66.79,67.85,69.37,71.30,73.75,76.87,0.03,0.00,0.21,Suporte Forte,0,0
2016-01-08,61.75,63.79,65.06,66.08,67.10,68.56,70.41,72.77,75.76,0.03,0.00,0.21,Suporte Forte,0,0
2016-01-11,61.68,63.63,64.83,65.81,66.78,68.16,69.93,72.17,75.03,0.08,0.00,0.16,Suporte Forte,0,0
2016-01-12,61.68,63.63,64.83,65.81,66.78,68.16,69.93,72.17,75.03,0.17,0.00,0.07,Suporte Forte,0,0
2016-01-13,61.21,63.14,64.34,65.31,66.27,67.65,69.40,71.63,74.46,0.02,0.00,0.22,Suporte Forte,0,0
2016-01-14,61.21,63.14,64.34,65.31,66.27,67.65,69.40,71.63,74.46,0.18,0.00,0.06,Suporte Forte,0,0
2016-01-15,60.84,62.86,64.11,65.12,66.13,67.57,69.40,71.73,74.69,0.12,0.00,0.12,Suporte Forte,0,0
2016-01-19,60.84,62.86,64.11,65.12,66.13,67.57,69.40,71.73,74.69,0.23,0.00,0.01,Suporte Forte,0,0
2016-01-20,60.84,62.86,64.11,65.12,66.13,67.57,69.40,71.73,74.69,0.15,0.00,0.09,Suporte Forte,0,0
2016-01-21,60.84,62.86,64.11,65.12,66.13,67.57,69.40,71.73,74.69,0.24,0.24,0.14,Suporte,0,0
2016-01-22,60.84,62.86,64.11,65.12,66.13,67.57,69.40,71.73,74.69,0.41,0.38,0.09,Zona de Consolidação,1,0
2016-01-25,60.84,62.86,64.11,65.12,66.13,67.57,69.40,71.73,74.69,0.32,0.24,0.06,Suporte,1,0
2016-01-26,60.84,62.86,64.11,65.12,66.13,67.57,69.40,71.73,74.69,0.39,0.38,0.11,Zona de Consolidação,1,0
2016-01-27,60.84,62.86,64.11,65.12,66.13,67.57,69.40,71.73,74.69,0.36,0.24,0.02,Suporte,1,0
2016-01-28,60.84,62.86,64.11,65.12,66.13,67.57,69.40,71.73,74.69,0.38,0.24,0.00,Suporte,1,0
2016-01-29,60.84,62.86,64.11,65.12,66.13,67.57,69.40,71.73,74.69,0.60,0.50,0.02,Zona de Consolidação,1,0
2016-02-01,60.84,62.86,64.11,65.12,66.13,67.57,69.40,71.73,74.69,0.59,0.50,0.03,Zona de Consolidação,1,0
2016-02-02,60.84,62.86,64.11,65.12,66.13,67.57,69.40,71.73,74.69,0.51,0.50,0.11,Zona de Consolidação,0,0
2016-02-03,60.84,62.86,64.11,65.12,66.13,67.57,69.40,71.73,74.69,0.51,0.50,0.11,Zona de Consolidação,0,0
2016-02-04,60.84,62.86,64.11,65.12,66.13,67.57,69.40,71.73,74.69,0.57,0.50,0.05,Zona de Consolidação,1,0
2016-02-05,60.84,62.86,64.11,65.12,66.13,67.57,69.40,71.73,74.69,0.43,0.38,0.07,Zona de Consolidação,1,0
2016-02-08,60.84,62.86,64.11,65.12,66.13,67.57,69.40,71.73,74.69,0.43,0.38,0.07,Zona de Consolidação,1,0
2016-02-09,60.84,62.86,64.11,65.12,66.13,67.57,69.40,71.73,74.69,0.37,0.24,0.01,Suporte,1,0
2016-02-10,60.84,62.86,64.11,65.12,66.13,67.57,69.40,71.73,74.69,0.39,0.38,0.11,Zona de Consolidação,1,0
2016-02-11,60.84,62.86,64.11,65.12,66.13,67.57,69.40,71.73,74.69,0.33,0.24,0.05,Suporte,1,0
2016-02-12,60.84,62.85,64.09,65.09,66.09,67.52,69.34,71.65,74.59,0.48,0.38,0.02,Zona de Consolidação,0,0
2016-02-16,60.84,62.82,64.05,65.04,66.04,67.45,69.25,71.54,74.45,0.67,0.62,0.12,Resistência,1,0
2016-02-17,60.84,62.82,64.05,65.04,66.04,67.45,69.25,71.54,74.45,0.82,0.79,0.18,Resistência Forte,0,1
2016-02-18,60.84,62.82,64.05,65.04,66.04,67.45,69.25,71.54,74.45,0.78,0.62,0.01,Resistência,0,1
2016-02-19,60.84,62.82,64.05,65.04,66.04,67.45,69.25,71.54,74.45,0.84,0.79,0.16,Resistência Forte,0,1
2016-02-22,60.84,62.82,64.05,65.04,66.04,67.45,69.25,71.54,74.45,0.92,0.79,0.08,Resistência Forte,0,1
2016-02-23,60.84,62.82,64.05,65.04,66.04,67.45,69.25,71.54,74.45,0.77,0.62,0.02,Resistência,0,1
2016-02-24,60.84,62.82,64.05,65.04,66.04,67.45,69.25,71.54,74.45,0.81,0.79,0.19,Resistência Forte,0,1
2016-02-25,60.84,62.82,64.05,65.04,66.04,67.45,69.25,71.54,74.45,0.88,0.79,0.12,Resistência Forte,0,0
2016-02-26,60.84,62.82,64.05,65.04,66.04,67.45,69.25,71.54,74.45,0.85,0.79,0.15,Resistência Forte,0,1
2016-02-29,60.84,62.82,64.05,65.04,66.04,67.45,69.25,71.54,74.45,0.76,0.62,0.03,Resistência,0,1
2016-03-01,60.84,62.82,64.05,65.04,66.04,67.45,69.25,71.54,74.45,0.95,0.79,0.05,Resistência Forte,0,1
2016-03-02,60.84,62.82,64.05,65.04,66.04,67.45,69.25,71.54,74.45,0.85,0.79,0.15,Resistência Forte,0,1
2016-03-03,60.84,62.82,64.05,65.04,66.04,67.45,69.25,71.54,74.45,0.85,0.79,0.15,Resistência Forte,0,1
2016-03-04,60.84,62.82,64.05,65.04,66.04,67.45,69.25,71.54,74.45,0.90,0.79,0.10,Resistência Forte,0,0
2016-03-07,60.84,62.82,64.05,65.04,66.04,67.45,69.25,71.54,74.45,0.89,0.79,0.11,Resistência Forte,0,0
2016-03-08,60.84,62.82,64.05,65.04,66.04,67.45,69.25,71.54,74.45,0.83,0.79,0.17,Resistência Forte,0,1
2016-03-09,60.84,62.82,64.05,65.04,66.04,67.45,69.25,71.54,74.45,0.91,0.79,0.09,Resistência Forte,0,0
2016-03-10,60.84,62.83,64.07,65.06,66.06,67.48,69.29,71.59,74.51,0.85,0.79,0.15,Resistência Forte,0,1
2016-03-11,60.84,62.97,64.29,65.36,66.43,67.95,69.88,72.34,75.47,0.98,0.79,0.02,Resistência Forte,0,1
2016-03-14,60.84,62.97,64.29,65.36,66.43,67.95,69.88,72.34,75.47,0.98,0.79,0.02,Resistência Forte,0,1
2016-03-15,60.84,62.97,64.29,65.36,66.43,67.95,69.88,72.34,75.47,0.98,0.79,0.02,Resistência Forte,0,1
2016-03-16,60.84,63.05,64.41,65.52,66.62,68.19,70.19,72.73,75.97,0.98,0.79,0.02,Resistência Forte,0,1
2016-03-17,60.84,63.28,64.78,66.00,67.22,68.95,71.16,73.97,77.54,0.98,0.79,0.02,Resistência Forte,0,1
2016-03-18,60.84,63.30,64.83,66.06,67.29,69.05,71.28,74.12,77.73,0.95,0.79,0.05,Resistência Forte,0,1
2016-03-21,60.84,63.32,64.85,66.10,67.34,69.10,71.35,74.21,77.85,0.98,0.79,0.02,Resistência Forte,0,1
2016-03-22,60.84,63.32,64.85,66.10,67.34,69.10,71.35,74.21,77.85,0.95,0.79,0.05,Resistência Forte,0,1
2016-03-23,60.84,63.32,64.85,66.10,67.34,69.10,71.35,74.21,77.85,0.94,0.79,0.06,Resistência Forte,0,1
2016-03-24,60.84,63.32,64.85,66.10,67.34,69.10,71.35,74.21,77.85,0.96,0.79,0.04,Resistência Forte,0,1
2016-03-28,60.84,63.32,64.85,66.10,67.34,69.10,71.35,74.21,77.85,0.92,0.79,0.08,Resistência Forte,0,0
2016-03-29,60.84,63.34,64.89,66.15,67.40,69.18,71.45,74.34,78.01,1.00,1.00,0.27,Resistência Forte,0,1
2016-03-30,61.04,63.56,65.12,66.38,67.63,69.43,71.71,74.61,78.30,0.95,0.79,0.05,Resistência Forte,0,1
2016-03-31,61.04,63.60,65.18,66.46,67.74,69.56,71.88,74.83,78.58,0.98,0.79,0.02,Resistência Forte,0,1
2016-04-01,61.73,64.20,65.72,66.96,68.19,69.94,72.18,75.02,78.64,0.99,0.79,0.01,Resistência Forte,0,1
2016-04-04,62.69,64.93,66.32,67.44,68.57,70.16,72.20,74.79,78.08,0.94,0.79,0.06,Resistência Forte,0,1
2016-04-05,62.69,64.99,66.41,67.56,68.71,70.35,72.43,75.08,78.45,0.92,0.79,0.08,Resistência Forte,0,0
2016-04-06,62.69,65.04,66.49,67.66,68.83,70.50,72.63,75.33,78.77,0.99,0.79,0.01,Resistência Forte,0,1
2016-04-07,62.69,65.04,66.49,67.66,68.83,70.50,72.63,75.33,78.77,0.91,0.79,0.09,Resistência Forte,0,0
2016-04-08,62.69,65.04,66.49,67.66,68.83,70.50,72.63,75.33,78.77,0.95,0.79,0.05,Resistência Forte,0,1
2016-04-11,62.69,65.05,66.50,67.68,68.86,70.53,72.67,75.38,78.84,0.90,0.79,0.10,Resistência Forte,0,0
2016-04-12,62.69,65.05,66.50,67.68,68.86,70.53,72.67,75.38,78.84,0.93,0.79,0.07,Resistência Forte,0,1
2016-04-13,62.69,65.05,66.50,67.68,68.86,70.53,72.67,75.38,78.84,0.94,0.79,0.06,Resistência Forte,0,1
2016-04-14,62.69,65.05,66.50,67.68,68.86,70.53,72.67,75.38,78.84,0.94,0.79,0.06,Resistência Forte,0,1
2016-04-15,62.69,65.05,66.50,67.68,68.86,70.53,72.67,75.38,78.84,0.93,0.79,0.07,Resistência Forte,0,1
2016-04-18,62.69,65.05,66.50,67.68,68.86,70.53,72.67,75.38,78.84,0.98,0.79,0.02,Resistência Forte,0,1
2016-04-19,62.69,65.05,66.51,67.68,68.86,70.54,72.68,75.40,78.85,0.98,0.79,0.02,Resistência Forte,0,1
2016-04-20,62.77,65.11,66.56,67.73,68.89,70.56,72.68,75.38,78.80,0.93,0.79,0.07,Resistência Forte,0,1
2016-04-21,62.77,65.11,66.56,67.73,68.89,70.56,72.68,75.38,78.80,0.87,0.79,0.13,Resistência Forte,0,0
2016-04-22,62.77,65.11,66.56,67.73,68.89,70.56,72.68,75.38,78.80,0.89,0.79,0.11,Resistência Forte,0,0
2016-04-25,63.95,66.01,67.28,68.32,69.35,70.81,72.68,75.05,78.08,0.87,0.79,0.13,Resistência Forte,0,0
2016-04-26,65.56,67.24,68.28,69.12,69.96,71.16,72.68,74.62,77.08,0.87,0.79,0.13,Resistência Forte,0,1
2016-04-27,65.95,67.54,68.52,69.32,70.11,71.24,72.68,74.51,76.84,0.90,0.79,0.10,Resistência Forte,0,1
2016-04-28,65.95,67.54,68.52,69.32,70.11,71.24,72.68,74.51,76.84,0.77,0.62,0.02,Resistência,0,1
2016-04-29,65.95,67.54,68.52,69.32,70.11,71.24,72.68,74.51,76.84,0.70,0.62,0.09,Resistência,1,1
2016-05-02,65.95,67.54,68.52,69.32,70.11,71.24,72.68,74.51,76.84,0.81,0.79,0.19,Resistência Forte,0,1
2016-05-03,65.95,67.54,68.52,69.32,70.11,71.24,72.68,74.51,76.84,0.74,0.62,0.05,Resistência,0,1
2016-05-04,65.95,67.54,68.52,69.32,70.11,71.24,72.68,74.51,76.84,0.69,0.62,0.10,Resistência,1,1
2016-05-05,67.21,68.50,69.30,69.94,70.59,71.51,72.68,74.17,76.06,0.34,0.24,0.04,Suporte,1,0
2016-05-06,67.21,68.50,69.30,69.94,70.59,71.51,72.68,74.17,76.06,0.39,0.38,0.11,Zona de Consolidação,1,0
2016-05-09,67.21,68.50,69.30,69.94,70.59,71.51,72.68,74.17,76.06,0.44,0.38,0.06,Zona de Consolidação,1,0
2016-05-10,67.35,68.61,69.39,70.02,70.64,71.54,72.68,74.13,75.97,0.63,0.62,0.16,Resistência,1,0
2016-05-11,67.35,68.61,69.39,70.02,70.64,71.54,72.68,74.13,75.97,0.35,0.24,0.03,Suporte,1,0
2016-05-12,67.35,68.61,69.39,70.02,70.64,71.54,72.68,74.13,75.97,0.33,0.24,0.05,Suporte,1,0
2016-05-13,67.38,68.63,69.40,70.03,70.66,71.55,72.68,74.12,75.96,0.21,0.00,0.03,Suporte Forte,0,0
2016-05-16,67.38,68.63,69.40,70.03,70.66,71.55,72.68,74.12,75.96,0.35,0.24,0.03,Suporte,1,0
2016-05-17,67.38,68.63,69.40,70.03,70.66,71.55,72.68,74.12,75.96,0.15,0.00,0.09,Suporte Forte,0,0
2016-05-18,67.38,68.63,69.40,70.03,70.66,71.55,72.68,74.12,75.96,0.19,0.00,0.05,Suporte Forte,0,0
2016-05-19,67.38,68.63,69.40,70.03,70.66,71.55,72.68,74.12,75.96,0.12,0.00,0.12,Suporte Forte,0,0
2016-05-20,67.38,68.63,69.40,70.03,70.66,71.55,72.68,74.12,75.96,0.17,0.00,0.07,Suporte Forte,0,0
2016-05-23,67.38,68.63,69.40,70.03,70.66,71.55,72.68,74.12,75.96,0.13,0.00,0.11,Suporte Forte,0,0
2016-05-24,67.38,68.63,69.40,70.03,70.66,71.55,72.68,74.12,75.96,0.47,0.38,0.03,Zona de Consolidação,1,0
2016-05-25,67.38,68.63,69.40,70.03,70.66,71.55,72.68,74.12,75.96,0.48,0.38,0.02,Zona de Consolidação,1,0
2016-05-26,67.38,68.63,69.40,70.03,70.66,71.55,72.68,74.12,75.96,0.50,0.50,0.12,Zona de Consolidação,1,0
2016-05-27,67.38,68.63,69.40,70.03,70.66,71.55,72.68,74.12,75.96,0.55,0.50,0.07,Zona de Consolidação,1,0
2016-05-31,67.38,68.63,69.40,70.03,70.66,71.55,72.68,74.12,75.96,0.52,0.50,0.10,Zona de Consolidação,1,0
2016-06-01,67.38,68.63,69.40,70.03,70.66,71.55,72.68,74.12,75.96,0.57,0.50,0.05,Zona de Consolidação,1,0
2016-06-02,67.38,68.63,69.40,70.03,70.66,71.55,72.68,74.12,75.96,0.56,0.50,0.06,Zona de Consolidação,1,0
2016-06-03,67.38,68.63,69.40,70.03,70.66,71.55,72.68,74.12,75.96,0.45,0.38,0.05,Zona de Consolidação,1,0
2016-06-06,67.38,68.63,69.40,70.03,70.66,71.55,72.68,74.12,75.96,0.50,0.50,0.12,Zona de Consolidação,1,0
2016-06-07,67.38,68.63,69.40,70.03,70.66,71.55,72.68,74.12,75.96,0.38,0.24,0.00,Suporte,1,0
2016-06-08,67.38,68.63,69.40,70.03,70.66,71.55,72.68,74.12,75.96,0.51,0.50,0.11,Zona de Consolidação,1,0
2016-06-09,67.38,68.63,69.40,70.03,70.66,71.55,72.68,74.12,75.96,0.57,0.50,0.05,Zona de Consolidação,1,0
2016-06-10,67.38,68.63,69.40,70.03,70.66,71.55,72.68,74.12,75.96,0.49,0.38,0.01,Zona de Consolidação,1,0
2016-06-13,67.38,68.63,69.40,70.03,70.66,71.55,72.68,74.12,75.96,0.50,0.50,0.12,Zona de Consolidação,1,0
2016-06-14,67.38,68.63,69.40,70.03,70.66,71.55,72.68,74.12,75.96,0.55,0.50,0.07,Zona de Consolidação,1,0
2016-06-15,67.38,68.63,69.40,70.03,70.66,71.55,72.68,74.12,75.96,0.57,0.50,0.05,Zona de Consolidação,1,0
2016-06-16,67.38,68.63,69.40,70.03,70.66,71.55,72.68,74.12,75.96,0.63,0.62,0.16,Resistência,1,0
2016-06-17,67.38,68.63,69.40,70.03,70.66,71.55,72.68,74.12,75.96,0.57,0.50,0.05,Zona de Consolidação,1,0
2016-06-20,67.38,68.63,69.40,70.03,70.66,71.55,72.68,74.12,75.96,0.79,0.79,0.21,Resistência Forte,0,1
2016-06-21,67.38,68.63,69.40,70.03,70.66,71.55,72.68,74.12,75.96,0.83,0.79,0.17,Resistência Forte,0,1
2016-06-22,67.38,68.63,69.40,70.03,70.66,71.55,72.68,74.12,75.96,0.75,0.62,0.04,Resistência,0,1
2016-06-23,67.38,68.63,69.40,70.03,70.66,71.55,72.68,74.12,75.96,0.92,0.79,0.08,Resistência Forte,0,1
2016-06-24,67.38,68.63,69.40,70.03,70.66,71.55,72.68,74.12,75.96,0.44,0.38,0.06,Zona de Consolidação,1,0
2016-06-27,67.38,68.63,69.40,70.03,70.66,71.55,72.68,74.12,75.96,0.28,0.24,0.10,Suporte,1,0
2016-06-28,67.38,68.63,69.40,70.03,70.66,71.55,72.68,74.12,75.96,0.62,0.62,0.17,Resistência,1,0
2016-06-29,67.38,68.61,69.37,69.98,70.60,71.48,72.59,74.01,75.81,0.82,0.79,0.18,Resistência Forte,0,1
2016-06-30,67.38,68.90,69.84,70.60,71.37,72.45,73.83,75.58,77.82,1.00,1.00,0.27,Resistência Forte,0,1
2016-07-01,67.38,69.11,70.18,71.04,71.91,73.14,74.71,76.70,79.24,0.98,0.79,0.02,Resistência Forte,0,1
2016-07-05,67.38,69.24,70.39,71.32,72.25,73.57,75.26,77.40,80.13,0.96,0.79,0.04,Resistência Forte,0,1
2016-07-06,67.38,69.24,70.39,71.32,72.25,73.57,75.26,77.40,80.13,0.98,0.79,0.02,Resistência Forte,0,1
2016-07-07,67.38,69.24,70.40,71.33,72.26,73.59,75.28,77.43,80.16,0.98,0.79,0.02,Resistência Forte,0,1
2016-07-08,67.38,69.42,70.68,71.69,72.71,74.16,76.01,78.36,81.34,0.99,0.79,0.01,Resistência Forte,0,1
2016-07-11,67.38,69.62,71.00,72.12,73.24,74.83,76.86,79.44,82.72,0.96,0.79,0.04,Resistência Forte,0,1
2016-07-12,67.38,69.63,71.03,72.16,73.28,74.89,76.93,79.53,82.83,0.92,0.79,0.08,Resistência Forte,0,1
2016-07-13,67.38,69.63,71.03,72.16,73.28,74.89,76.93,79.53,82.83,0.95,0.79,0.05,Resistência Forte,0,1
2016-07-14,67.38,69.64,71.04,72.18,73.31,74.92,76.97,79.58,82.90,0.95,0.79,0.05,Resistência Forte,0,1
2016-07-15,67.38,69.64,71.04,72.18,73.31,74.92,76.97,79.58,82.90,0.94,0.79,0.06,Resistência Forte,0,1
2016-07-18,67.38,69.64,71.04,72.18,73.31,74.92,76.97,79.58,82.90,0.93,0.79,0.07,Resistência Forte,0,1
2016-07-19,67.38,69.64,71.04,72.18,73.31,74.92,76.97,79.58,82.90,0.94,0.79,0.06,Resistência Forte,0,1
2016-07-20,67.38,69.64,71.04,72.18,73.31,74.92,76.97,79.58,82.90,0.97,0.79,0.03,Resistência Forte,0,1
2016-07-21,67.38,69.64,71.04,72.18,73.31,74.92,76.97,79.58,82.90,0.92,0.79,0.08,Resistência Forte,0,1
2016-07-22,67.38,69.64,71.04,72.18,73.31,74.92,76.97,79.58,82.90,0.97,0.79,0.03,Resistência Forte,0,1
2016-07-25,67.38,69.64,71.04,72.18,73.31,74.92,76.97,79.58,82.90,0.96,0.79,0.04,Resistência Forte,0,1
2016-07-26,67.38,69.69,71.11,72.26,73.42,75.06,77.15,79.81,83.19,0.98,0.79,0.02,Resistência Forte,0,1
2016-07-27,67.38,69.69,71.11,72.26,73.42,75.06,77.15,79.81,83.19,0.91,0.79,0.09,Resistência Forte,0,0
2016-07-28,67.38,69.69,71.11,72.26,73.42,75.06,77.15,79.81,83.19,0.65,0.62,0.14,Resistência,1,0
2016-07-29,67.38,69.69,71.11,72.26,73.42,75.06,77.15,79.81,83.19,0.42,0.38,0.08,Zona de Consolidação,1,0
2016-08-01,68.05,70.20,71.53,72.60,73.67,75.20,77.15,79.63,82.77,0.35,0.24,0.03,Suporte,1,0
2016-08-02,68.05,70.20,71.53,72.60,73.67,75.20,77.15,79.63,82.77,0.29,0.24,0.09,Suporte,0,0
2016-08-03,68.49,70.53,71.80,72.82,73.84,75.30,77.15,79.51,82.50,0.27,0.24,0.11,Suporte,0,0
2016-08-04,68.49,70.53,71.80,72.82,73.84,75.30,77.15,79.51,82.50,0.30,0.24,0.08,Suporte,0,0
2016-08-05,68.49,70.53,71.80,72.82,73.84,75.30,77.15,79.51,82.50,0.41,0.38,0.09,Zona de Consolidação,1,0
2016-08-08,68.49,70.53,71.80,72.82,73.84,75.30,77.15,79.51,82.50,0.39,0.38,0.11,Zona de Consolidação,1,0
2016-08-09,68.49,70.53,71.80,72.82,73.84,75.30,77.15,79.51,82.50,0.44,0.38,0.06,Zona de Consolidação,1,0
2016-08-10,68.49,70.53,71.80,72.82,73.84,75.30,77.15,79.51,82.50,0.45,0.38,0.05,Zona de Consolidação,1,0
2016-08-11,68.49,70.53,71.80,72.82,73.84,75.30,77.15,79.51,82.50,0.48,0.38,0.02,Zona de Consolidação,0,0
2016-08-12,68.49,70.53,71.80,72.82,73.84,75.30,77.15,79.51,82.50,0.45,0.38,0.05,Zona de Consolidação,1,0
2016-08-15,68.49,70.53,71.80,72.82,73.84,75.30,77.15,79.51,82.50,0.48,0.38,0.02,Zona de Consolidação,0,0
2016-08-16,68.49,70.53,71.80,72.82,73.84,75.30,77.15,79.51,82.50,0.40,0.38,0.10,Zona de Consolidação,1,0
2016-08-17,68.49,70.53,71.80,72.82,73.84,75.30,77.15,79.51,82.50,0.38,0.24,0.00,Suporte,1,0
2016-08-18,68.49,70.53,71.80,72.82,73.84,75.30,77.15,79.51,82.50,0.43,0.38,0.07,Zona de Consolidação,1,0
2016-08-19,68.49,70.53,71.80,72.82,73.84,75.30,77.15,79.51,82.50,0.43,0.38,0.07,Zona de Consolidação,1,0
2016-08-22,68.49,70.53,71.80,72.82,73.84,75.30,77.15,79.51,82.50,0.43,0.38,0.07,Zona de Consolidação,1,0
2016-08-23,68.49,70.53,71.80,72.82,73.84,75.30,77.15,79.51,82.50,0.44,0.38,0.06,Zona de Consolidação,1,0
2016-08-24,68.49,70.53,71.80,72.82,73.84,75.30,77.15,79.51,82.50,0.41,0.38,0.09,Zona de Consolidação,1,0
2016-08-25,68.49,70.53,71.80,72.82,73.84,75.30,77.15,79.51,82.50,0.42,0.38,0.08,Zona de Consolidação,1,0
2016-08-26,68.49,70.53,71.80,72.82,73.84,75.30,77.15,79.51,82.50,0.42,0.38,0.08,Zona de Consolidação,1,0
2016-08-29,68.49,70.53,71.80,72.82,73.84,75.30,77.15,79.51,82.50,0.41,0.38,0.09,Zona de Consolidação,1,0
2016-08-30,68.49,70.53,71.80,72.82,73.84,75.30,77.15,79.51,82.50,0.42,0.38,0.08,Zona de Consolidação,1,0
2016-08-31,68.49,70.53,71.80,72.82,73.84,75.30,77.15,79.51,82.50,0.42,0.38,0.08,Zona de Consolidação,1,0
2016-09-01,68.49,70.53,71.80,72.82,73.84,75.30,77.15,79.51,82.50,0.50,0.50,0.12,Zona de Consolidação,0,0
2016-09-02,68.49,70.53,71.80,72.82,73.84,75.30,77.15,79.51,82.50,0.48,0.38,0.02,Zona de Consolidação,0,0
2016-09-06,68.49,70.53,71.80,72.82,73.84,75.30,77.15,79.51,82.50,0.43,0.38,0.07,Zona de Consolidação,1,0
2016-09-07,69.07,70.98,72.16,73.11,74.06,75.42,77.15,79.35,82.14,0.45,0.38,0.05,Zona de Consolidação,1,0
2016-09-08,70.36,71.96,72.95,73.76,74.56,75.70,77.15,79.00,81.35,0.29,0.24,0.09,Suporte,1,0
2016-09-09,69.96,71.66,72.71,73.56,74.40,75.61,77.15,79.11,81.59,0.00,0.00,0.24,Suporte Forte,0,0
2016-09-12,69.79,71.53,72.60,73.47,74.34,75.57,77.15,79.15,81.70,0.20,0.00,0.04,Suporte Forte,0,0
2016-09-13,69.79,71.53,72.60,73.47,74.34,75.57,77.15,79.15,81.70,0.04,0.00,0.20,Suporte Forte,0,0
2016-09-14,69.79,71.53,72.60,73.47,74.34,75.57,77.15,79.15,81.70,0.04,0.00,0.20,Suporte Forte,0,0
2016-09-15,69.71,71.47,72.55,73.43,74.31,75.56,77.15,79.17,81.75,0.14,0.00,0.10,Suporte Forte,0,0
2016-09-16,69.69,71.45,72.54,73.42,74.30,75.55,77.15,79.18,81.76,0.06,0.00,0.18,Suporte Forte,0,0
2016-09-19,69.69,71.45,72.54,73.42,74.30,75.55,77.15,79.18,81.76,0.04,0.00,0.20,Suporte Forte,0,0
2016-09-20,69.69,71.45,72.54,73.42,74.30,75.55,77.15,79.18,81.76,0.17,0.00,0.07,Suporte Forte,0,0
2016-09-21,69.69,71.45,72.54,73.42,74.30,75.55,77.15,79.18,81.76,0.29,0.24,0.09,Suporte,1,0
2016-09-22,69.69,71.45,72.54,73.42,74.30,75.55,77.15,79.18,81.76,0.35,0.24,0.03,Suporte,1,0
2016-09-23,69.69,71.45,72.54,73.42,74.30,75.55,77.15,79.18,81.76,0.25,0.24,0.13,Suporte,0,0
2016-09-26,69.69,71.45,72.54,73.42,74.30,75.55,77.15,79.18,81.76,0.21,0.00,0.03,Suporte Forte,0,0
2016-09-27,69.69,71.45,72.54,73.42,74.30,75.55,77.15,79.18,81.76,0.30,0.24,0.08,Suporte,1,0
2016-09-28,69.69,71.45,72.54,73.42,74.30,75.55,77.15,79.18,81.76,0.13,0.00,0.11,Suporte Forte,0,0
2016-09-29,69.69,71.45,72.54,73.42,74.30,75.55,77.15,79.18,81.76,0.11,0.00,0.13,Suporte Forte,0,0
2016-09-30,69.69,71.45,72.54,73.42,74.30,75.55,77.15,79.18,81.76,0.22,0.00,0.02,Suporte Forte,0,0
2016-10-03,69.69,71.45,72.54,73.42,74.30,75.55,77.15,79.18,81.76,0.15,0.00,0.09,Suporte Forte,0,0
2016-10-04,69.69,71.45,72.54,73.42,74.30,75.55,77.15,79.18,81.76,0.10,0.00,0.14,Suporte Forte,0,0
2016-10-05,69.69,71.40,72.46,73.31,74.16,75.38,76.93,78.90,81.40,0.15,0.00,0.09,Suporte Forte,0,0
2016-10-06,69.69,70.88,71.62,72.22,72.81,73.66,74.74,76.11,77.86,0.22,0.00,0.02,Suporte Forte,0,0
2016-10-07,69.69,70.57,71.12,71.56,72.00,72.63,73.43,74.45,75.74,0.25,0.24,0.13,Suporte,1,0
2016-10-10,69.69,70.50,71.00,71.40,71.81,72.39,73.12,74.05,75.24,0.37,0.24,0.01,Suporte,1,0
2016-10-11,69.29,70.19,70.75,71.21,71.66,72.30,73.12,74.16,75.49,0.08,0.00,0.16,Suporte Forte,0,0
2016-10-12,69.29,70.19,70.75,71.21,71.66,72.30,73.12,74.16,75.49,0.24,0.24,0.14,Suporte,1,0
2016-10-13,69.29,70.19,70.75,71.21,71.66,72.30,73.12,74.16,75.49,0.25,0.24,0.13,Suporte,1,0
2016-10-14,69.29,70.19,70.75,71.21,71.66,72.30,73.12,74.16,75.49,0.39,0.38,0.11,Zona de Consolidação,1,0
2016-10-17,69.29,70.19,70.75,71.21,71.66,72.30,73.12,74.16,75.49,0.32,0.24,0.06,Suporte,1,0
2016-10-18,69.29,70.19,70.75,71.21,71.66,72.30,73.12,74.16,75.49,0.35,0.24,0.03,Suporte,1,0
2016-10-19,69.29,70.19,70.75,71.21,71.66,72.30,73.12,74.16,75.49,0.36,0.24,0.02,Suporte,1,0
2016-10-20,69.29,70.19,70.75,71.21,71.66,72.30,73.12,74.16,75.49,0.24,0.24,0.14,Suporte,1,0
2016-10-21,69.10,70.05,70.64,71.11,71.58,72.26,73.12,74.21,75.60,0.25,0.24,0.13,Suporte,1,0
2016-10-24,69.10,70.05,70.64,71.11,71.58,72.26,73.12,74.21,75.60,0.44,0.38,0.06,Zona de Consolidação,1,0
2016-10-25,69.10,70.05,70.64,71.11,71.58,72.26,73.12,74.21,75.60,0.41,0.38,0.09,Zona de Consolidação,1,0
2016-10-26,69.10,70.05,70.64,71.11,71.58,72.26,73.12,74.21,75.60,0.34,0.24,0.04,Suporte,1,0
2016-10-27,69.10,70.05,70.64,71.11,71.58,72.26,73.12,74.21,75.60,0.24,0.24,0.14,Suporte,1,0
2016-10-28,69.10,70.05,70.64,71.11,71.58,72.26,73.12,74.21,75.60,0.34,0.24,0.04,Suporte,1,0
2016-10-31,69.10,70.05,70.64,71.11,71.58,72.26,73.12,74.21,75.60,0.32,0.24,0.06,Suporte,1,0
2016-11-01,69.10,70.05,70.64,71.11,71.58,72.26,73.12,74.21,75.60,0.29,0.24,0.09,Suporte,1,0
2016-11-02,69.10,70.13,70.77,71.28,71.80,72.53,73.47,74.66,76.17,0.83,0.79,0.17,Resistência Forte,0,1
2016-11-03,69.10,70.13,70.77,71.28,71.80,72.53,73.47,74.66,76.17,0.71,0.62,0.08,Resistência,1,1
2016-11-04,69.10,70.13,70.77,71.28,71.80,72.53,73.47,74.66,76.17,0.67,0.62,0.12,Resistência,1,1
2016-11-07,69.10,70.13,70.77,71.28,71.80,72.53,73.47,74.66,76.17,0.95,0.79,0.05,Resistência Forte,0,1
2016-11-08,69.10,70.27,70.99,71.57,72.16,72.99,74.05,75.40,77.11,0.93,0.79,0.07,Resistência Forte,0,1
2016-11-09,69.10,70.27,70.99,71.57,72.16,72.99,74.05,75.40,77.11,0.88,0.79,0.12,Resistência Forte,0,1
2016-11-10,69.10,70.32,71.08,71.69,72.30,73.17,74.28,75.69,77.48,0.92,0.79,0.08,Resistência Forte,0,1
2016-11-11,69.10,70.33,71.10,71.72,72.33,73.21,74.33,75.75,77.56,0.87,0.79,0.13,Resistência Forte,0,1
2016-11-14,69.10,70.41,71.22,71.88,72.54,73.47,74.66,76.17,78.10,0.93,0.79,0.07,Resistência Forte,0,1
2016-11-15,69.10,70.46,71.30,71.98,72.67,73.64,74.87,76.44,78.44,0.96,0.79,0.04,Resistência Forte,0,1
2016-11-16,69.10,70.60,71.53,72.28,73.03,74.10,75.46,77.19,79.39,0.99,0.79,0.01,Resistência Forte,0,1
2016-11-17,69.10,70.81,71.86,72.72,73.57,74.78,76.33,78.30,80.80,0.99,0.79,0.01,Resistência Forte,0,1
2016-11-18,69.10,70.84,71.92,72.78,73.65,74.89,76.47,78.47,81.02,0.98,0.79,0.02,Resistência Forte,0,1
2016-11-21,69.10,71.04,72.23,73.20,74.17,75.55,77.30,79.53,82.37,1.00,1.00,0.27,Resistência Forte,0,1
2016-11-22,69.10,71.22,72.53,73.59,74.65,76.16,78.08,80.52,83.63,0.98,0.79,0.02,Resistência Forte,0,1
2016-11-23,69.10,71.38,72.79,73.93,75.07,76.69,78.76,81.39,84.73,0.93,0.79,0.07,Resistência Forte,0,1
2016-11-25,69.10,71.38,72.79,73.93,75.07,76.69,78.76,81.39,84.73,0.96,0.79,0.04,Resistência Forte,0,1
2016-11-28,69.10,71.38,72.79,73.93,75.07,76.69,78.76,81.39,84.73,0.93,0.79,0.07,Resistência Forte,0,1
2016-11-29,69.10,71.38,72.79,73.93,75.07,76.69,78.76,81.39,84.73,0.97,0.79,0.03,Resistência Forte,0,1
2016-11-30,69.10,71.40,72.82,73.97,75.13,76.76,78.85,81.50,84.88,0.87,0.79,0.13,Resistência Forte,0,0
2016-12-01,69.10,71.40,72.82,73.97,75.13,76.76,78.85,81.50,84.88,0.85,0.79,0.15,Resistência Forte,0,1
2016-12-02,69.10,71.40,72.82,73.97,75.13,76.76,78.85,81.50,84.88,0.81,0.79,0.19,Resistência Forte,0,1
2016-12-05,69.10,71.40,72.82,73.97,75.13,76.76,78.85,81.50,84.88,0.88,0.79,0.12,Resistência Forte,0,0
2016-12-06,69.10,71.40,72.82,73.97,75.13,76.76,78.85,81.50,84.88,0.87,0.79,0.13,Resistência Forte,0,0
2016-12-07,69.10,71.55,73.06,74.28,75.51,77.25,79.47,82.29,85.88,0.99,0.79,0.01,Resistência Forte,0,1
2016-12-08,69.10,71.67,73.26,74.54,75.83,77.66,79.99,82.95,86.72,0.99,0.79,0.01,Resistência Forte,0,1
2016-12-09,69.10,71.67,73.26,74.54,75.83,77.66,79.99,82.95,86.72,0.99,0.79,0.01,Resistência Forte,0,1
2016-12-12,69.10,71.71,73.32,74.62,75.92,77.78,80.14,83.14,86.96,0.96,0.79,0.04,Resistência Forte,0,1
2016-12-13,69.10,71.84,73.54,74.90,76.27,78.23,80.71,83.87,87.88,0.94,0.79,0.06,Resistência Forte,0,1
2016-12-14,69.10,71.84,73.54,74.90,76.27,78.23,80.71,83.87,87.88,0.89,0.79,0.11,Resistência Forte,0,0
2016-12-15,69.10,71.84,73.54,74.90,76.27,78.23,80.71,83.87,87.88,0.97,0.79,0.03,Resistência Forte,0,1
2016-12-16,69.10,72.29,74.26,75.85,77.45,79.72,82.61,86.28,90.96,0.96,0.79,0.04,Resistência Forte,0,1
2016-12-19,69.10,72.29,74.26,75.86,77.46,79.73,82.62,86.30,90.98,0.97,0.79,0.03,Resistência Forte,0,1
2016-12-20,69.10,72.49,74.59,76.29,77.99,80.40,83.48,87.39,92.37,0.98,0.79,0.02,Resistência Forte,0,1
2016-12-21,69.10,72.52,74.64,76.35,78.07,80.50,83.61,87.56,92.58,0.98,0.79,0.02,Resistência Forte,0,1
2016-12-22,69.10,72.52,74.64,76.35,78.07,80.50,83.61,87.56,92.58,0.99,0.79,0.01,Resistência Forte,0,1
2016-12-23,69.10,72.55,74.69,76.41,78.14,80.60,83.73,87.71,92.77,1.00,1.00,0.27,Resistência Forte,0,1
2016-12-27,69.10,72.71,74.94,76.74,78.55,81.12,84.39,88.55,93.84,0.98,0.79,0.02,Resistência Forte,0,1
2016-12-28,69.10,72.73,74.98,76.79,78.60,81.19,84.48,88.66,93.98,0.96,0.79,0.04,Resistência Forte,0,1
2016-12-29,69.10,72.73,74.98,76.79,78.60,81.19,84.48,88.66,93.98,0.98,0.79,0.02,Resistência Forte,0,1
2016-12-30,69.10,72.73,74.98,76.79,78.60,81.19,84.48,88.66,93.98,0.94,0.79,0.06,Resistência Forte,0,0
2017-01-03,69.10,72.73,74.98,76.79,78.60,81.19,84.48,88.66,93.98,0.98,0.79,0.02,Resistência Forte,0,1
2017-01-04,69.95,73.40,75.53,77.26,78.98,81.43,84.56,88.53,93.59,0.98,0.79,0.02,Resistência Forte,0,1
2017-01-05,69.95,73.40,75.53,77.26,78.98,81.43,84.56,88.53,93.59,0.95,0.79,0.05,Resistência Forte,0,1
2017-01-06,69.95,73.40,75.53,77.26,78.98,81.43,84.56,88.53,93.59,0.95,0.79,0.05,Resistência Forte,0,1
2017-01-09,69.95,73.40,75.53,77.26,78.98,81.43,84.56,88.53,93.59,0.92,0.79,0.08,Resistência Forte,0,0
2017-01-10,69.95,73.40,75.53,77.26,78.98,81.43,84.56,88.53,93.59,0.90,0.79,0.10,Resistência Forte,0,0
2017-01-11,69.95,73.40,75.53,77.26,78.98,81.43,84.56,88.53,93.59,0.96,0.79,0.04,Resistência Forte,0,1
2017-01-12,69.95,73.40,75.53,77.26,78.98,81.43,84.56,88.53,93.59,0.99,0.79,0.01,Resistência Forte,0,1
2017-01-13,70.80,74.07,76.09,77.72,79.36,81.69,84.65,88.42,93.21,0.98,0.79,0.02,Resistência Forte,0,1
2017-01-17,70.80,74.07,76.09,77.72,79.36,81.69,84.65,88.42,93.21,0.94,0.79,0.06,Resistência Forte,0,1
2017-01-18,70.80,74.07,76.09,77.72,79.36,81.69,84.65,88.42,93.21,0.93,0.79,0.07,Resistência Forte,0,0
2017-01-19,70.80,74.07,76.09,77.72,79.36,81.69,84.65,88.42,93.21,0.93,0.79,0.07,Resistência Forte,0,0
2017-01-20,70.80,74.07,76.09,77.72,79.36,81.69,84.65,88.42,93.21,0.95,0.79,0.05,Resistência Forte,0,1
2017-01-23,70.80,74.07,76.09,77.72,79.36,81.69,84.65,88.42,93.21,0.89,0.79,0.11,Resistência Forte,0,0
2017-01-24,72.86,75.64,77.36,78.76,80.15,82.13,84.65,87.86,91.94,0.94,0.79,0.06,Resistência Forte,0,1
2017-01-25,73.12,75.84,77.52,78.89,80.25,82.18,84.65,87.79,91.78,0.90,0.79,0.10,Resistência Forte,0,0
2017-01-26,73.48,76.12,77.75,79.06,80.38,82.26,84.65,87.69,91.55,0.85,0.79,0.15,Resistência Forte,0,1
2017-01-27,74.05,76.55,78.10,79.35,80.60,82.38,84.65,87.53,91.20,0.82,0.79,0.18,Resistência Forte,0,1
2017-01-30,74.05,76.55,78.10,79.35,80.60,82.38,84.65,87.53,91.20,0.84,0.79,0.16,Resistência Forte,0,1
2017-01-31,75.25,77.47,78.84,79.95,81.06,82.64,84.65,87.21,90.46,0.73,0.62,0.06,Resistência,0,1
2017-02-01,75.95,78.00,79.27,80.30,81.33,82.79,84.65,87.02,90.03,0.17,0.00,0.07,Suporte Forte,0,0
2017-02-02,76.29,78.26,79.48,80.47,81.46,82.86,84.65,86.92,89.82,0.24,0.24,0.14,Suporte,0,0
2017-02-03,76.53,78.45,79.63,80.59,81.55,82.91,84.65,86.86,89.67,0.28,0.24,0.10,Suporte,0,0
2017-02-06,76.53,78.45,79.63,80.59,81.55,82.91,84.65,86.86,89.67,0.24,0.24,0.14,Suporte,0,0
2017-02-07,76.53,78.45,79.63,80.59,81.55,82.91,84.65,86.86,89.67,0.22,0.00,0.02,Suporte Forte,0,0
2017-02-08,76.53,78.45,79.63,80.59,81.55,82.91,84.65,86.86,89.67,0.25,0.24,0.13,Suporte,0,0
2017-02-09,76.53,78.45,79.63,80.59,81.55,82.91,84.65,86.86,89.67,0.35,0.24,0.03,Suporte,1,0
2017-02-10,76.53,78.45,79.63,80.59,81.55,82.91,84.65,86.86,89.67,0.37,0.24,0.01,Suporte,1,0
2017-02-13,76.53,78.45,79.63,80.59,81.55,82.91,84.65,86.86,89.67,0.45,0.38,0.05,Zona de Consolidação,1,0
2017-02-14,76.53,78.45,79.63,80.59,81.55,82.91,84.65,86.86,89.67,0.53,0.50,0.09,Zona de Consolidação,1,0
2017-02-15,76.53,78.45,79.63,80.59,81.55,82.91,84.65,86.86,89.67,0.56,0.50,0.06,Zona de Consolidação,1,0
2017-02-16,76.53,78.45,79.63,80.59,81.55,82.91,84.65,86.86,89.67,0.58,0.50,0.04,Zona de Consolidação,1,0
2017-02-17,76.53,78.45,79.63,80.59,81.55,82.91,84.65,86.86,89.67,0.56,0.50,0.06,Zona de Consolidação,1,0
2017-02-21,76.53,78.45,79.63,80.59,81.55,82.91,84.65,86.86,89.67,0.51,0.50,0.11,Zona de Consolidação,0,0
2017-02-22,76.53,78.45,79.63,80.59,81.55,82.91,84.65,86.86,89.67,0.63,0.62,0.16,Resistência,1,0
2017-02-23,76.53,78.45,79.63,80.59,81.55,82.91,84.65,86.86,89.67,0.75,0.62,0.04,Resistência,0,1
2017-02-24,76.53,78.45,79.63,80.59,81.55,82.91,84.65,86.86,89.67,0.89,0.79,0.11,Resistência Forte,0,0
2017-02-27,76.53,78.45,79.63,80.59,81.55,82.91,84.65,86.86,89.67,0.86,0.79,0.14,Resistência Forte,0,1
2017-02-28,76.53,78.45,79.63,80.59,81.55,82.91,84.65,86.86,89.67,0.85,0.79,0.15,Resistência Forte,0,1
2017-03-01,76.53,78.56,79.82,80.84,81.86,83.31,85.15,87.49,90.48,0.98,0.79,0.02,Resistência Forte,0,1
2017-03-02,76.53,78.56,79.82,80.84,81.86,83.31,85.15,87.49,90.48,0.94,0.79,0.06,Resistência Forte,0,1
2017-03-03,76.53,78.56,79.82,80.84,81.86,83.31,85.15,87.49,90.48,0.98,0.79,0.02,Resistência Forte,0,1
2017-03-06,76.53,78.62,79.91,80.96,82.01,83.49,85.39,87.80,90.87,1.00,1.00,0.27,Resistência Forte,0,1
2017-03-07,76.53,78.62,79.91,80.96,82.01,83.49,85.39,87.80,90.87,0.93,0.79,0.07,Resistência Forte,0,1
2017-03-08,76.53,78.62,79.91,80.96,82.01,83.49,85.39,87.80,90.87,0.93,0.79,0.07,Resistência Forte,0,1
2017-03-09,76.53,78.62,79.91,80.96,82.01,83.49,85.39,87.80,90.87,0.91,0.79,0.09,Resistência Forte,0,1
2017-03-10,76.53,78.66,79.98,81.04,82.10,83.62,85.55,88.00,91.12,0.99,0.79,0.01,Resistência Forte,0,1
2017-03-13,76.53,78.71,80.06,81.15,82.24,83.79,85.77,88.28,91.48,0.99,0.79,0.01,Resistência Forte,0,1
2017-03-14,76.53,78.71,80.06,81.15,82.24,83.79,85.77,88.28,91.48,0.92,0.79,0.08,Resistência Forte,0,1
2017-03-15,76.53,78.71,80.06,81.15,82.24,83.79,85.77,88.28,91.48,0.98,0.79,0.02,Resistência Forte,0,1
2017-03-16,76.53,78.71,80.06,81.15,82.24,83.79,85.77,88.28,91.48,0.94,0.79,0.06,Resistência Forte,0,1
2017-03-17,76.53,78.77,80.16,81.28,82.39,83.99,86.02,88.60,91.88,0.99,0.79,0.01,Resistência Forte,0,1
2017-03-20,76.53,78.77,80.16,81.28,82.39,83.99,86.02,88.60,91.88,0.94,0.79,0.06,Resistência Forte,0,1
2017-03-21,76.53,78.77,80.16,81.28,82.39,83.99,86.02,88.60,91.88,0.82,0.79,0.18,Resistência Forte,0,1
2017-03-22,76.53,78.77,80.16,81.28,82.39,83.99,86.02,88.60,91.88,0.87,0.79,0.13,Resistência Forte,0,1
2017-03-23,76.53,78.77,80.16,81.28,82.39,83.99,86.02,88.60,91.88,0.86,0.79,0.14,Resistência Forte,0,1
2017-03-24,76.53,78.77,80.16,81.28,82.39,83.99,86.02,88.60,91.88,0.84,0.79,0.16,Resistência Forte,0,1
2017-03-27,76.53,78.77,80.16,81.28,82.39,83.99,86.02,88.60,91.88,0.80,0.79,0.20,Resistência Forte,0,1
2017-03-28,76.53,78.77,80.16,81.28,82.39,83.99,86.02,88.60,91.88,0.83,0.79,0.17,Resistência Forte,0,1
2017-03-29,76.53,78.77,80.16,81.28,82.39,83.99,86.02,88.60,91.88,0.74,0.62,0.05,Resistência,0,1
2017-03-30,76.53,78.77,80.16,81.28,82.39,83.99,86.02,88.60,91.88,0.74,0.62,0.05,Resistência,0,1
2017-03-31,76.53,78.77,80.16,81.28,82.39,83.99,86.02,88.60,91.88,0.76,0.62,0.03,Resistência,0,1
2017-04-03,76.53,78.77,80.16,81.28,82.39,83.99,86.02,88.60,91.88,0.66,0.62,0.13,Resistência,1,0
2017-04-04,76.53,78.77,80.16,81.28,82.39,83.99,86.02,88.60,91.88,0.68,0.62,0.11,Resistência,1,0
2017-04-05,76.53,78.77,80.16,81.28,82.39,83.99,86.02,88.60,91.88,0.72,0.62,0.07,Resistência,0,1
2017-04-06,76.53,78.77,80.16,81.28,82.39,83.99,86.02,88.60,91.88,0.70,0.62,0.09,Resistência,1,1
2017-04-07,76.53,78.77,80.16,81.28,82.39,83.99,86.02,88.60,91.88,0.74,0.62,0.05,Resistência,0,1
2017-04-10,76.53,78.77,80.16,81.28,82.39,83.99,86.02,88.60,91.88,0.74,0.62,0.05,Resistência,0,1
2017-04-11,76.53,78.77,80.16,81.28,82.39,83.99,86.02,88.60,91.88,0.73,0.62,0.06,Resistência,0,1
2017-04-12,76.53,78.77,80.16,81.28,82.39,83.99,86.02,88.60,91.88,0.72,0.62,0.07,Resistência,0,1
2017-04-13,77.28,79.34,80.62,81.65,82.68,84.15,86.02,88.40,91.42,0.63,0.62,0.16,Resistência,1,0
2017-04-17,77.99,79.89,81.06,82.00,82.95,84.30,86.02,88.20,90.98,0.66,0.62,0.13,Resistência,1,0
2017-04-18,77.99,79.89,81.06,82.00,82.95,84.30,86.02,88.20,90.98,0.67,0.62,0.12,Resistência,1,0
2017-04-19,77.99,79.89,81.06,82.00,82.95,84.30,86.02,88.20,90.98,0.68,0.62,0.11,Resistência,1,1
2017-04-20,78.11,79.98,81.13,82.06,83.00,84.33,86.02,88.17,90.91,0.78,0.62,0.01,Resistência,0,1
2017-04-21,78.32,80.14,81.26,82.17,83.08,84.37,86.02,88.11,90.78,0.73,0.62,0.06,Resistência,0,1
2017-04-24,79.25,80.85,81.84,82.64,83.43,84.57,86.02,87.86,90.20,0.87,0.79,0.13,Resistência Forte,0,1
2017-04-25,79.74,81.23,82.15,82.89,83.63,84.69,86.04,87.75,89.93,0.97,0.79,0.03,Resistência Forte,0,1
2017-04-26,79.95,81.39,82.28,83.00,83.71,84.74,86.04,87.70,89.80,0.95,0.79,0.05,Resistência Forte,0,1
2017-04-27,80.13,81.61,82.53,83.27,84.01,85.07,86.41,88.12,90.29,0.93,0.79,0.07,Resistência Forte,0,1
2017-04-28,80.30,81.74,82.63,83.35,84.08,85.10,86.41,88.07,90.19,0.84,0.79,0.16,Resistência Forte,0,1
2017-05-01,80.30,81.74,82.63,83.35,84.08,85.10,86.41,88.07,90.19,0.77,0.62,0.02,Resistência,0,1
2017-05-02,80.30,81.74,82.63,83.35,84.08,85.10,86.41,88.07,90.19,0.78,0.62,0.01,Resistência,0,1
2017-05-03,78.09,80.05,81.27,82.25,83.23,84.63,86.41,88.67,91.55,0.20,0.00,0.04,Suporte Forte,0,0
2017-05-04,78.09,80.05,81.27,82.25,83.23,84.63,86.41,88.67,91.55,0.35,0.24,0.03,Suporte,1,0
2017-05-05,78.09,80.05,81.27,82.25,83.23,84.63,86.41,88.67,91.55,0.37,0.24,0.01,Suporte,1,0
2017-05-08,78.09,80.05,81.27,82.25,83.23,84.63,86.41,88.67,91.55,0.12,0.00,0.12,Suporte Forte,0,0
2017-05-09,78.09,80.05,81.27,82.25,83.23,84.63,86.41,88.67,91.55,0.16,0.00,0.08,Suporte Forte,0,0
2017-05-10,78.09,80.05,81.27,82.25,83.23,84.63,86.41,88.67,91.55,0.11,0.00,0.13,Suporte Forte,0,0
2017-05-11,78.09,80.05,81.27,82.25,83.23,84.63,86.41,88.67,91.55,0.09,0.00,0.15,Suporte Forte,0,0
2017-05-12,78.09,80.05,81.27,82.25,83.23,84.63,86.41,88.67,91.55,0.16,0.00,0.08,Suporte Forte,0,0
2017-05-15,78.09,80.05,81.27,82.25,83.23,84.63,86.41,88.67,91.55,0.29,0.24,0.09,Suporte,1,0
2017-05-16,78.09,80.05,81.27,82.25,83.23,84.63,86.41,88.67,91.55,0.28,0.24,0.10,Suporte,0,0
2017-05-17,78.09,80.05,81.27,82.25,83.23,84.63,86.41,88.67,91.55,0.18,0.00,0.06,Suporte Forte,0,0
2017-05-18,78.09,80.05,81.27,82.25,83.23,84.63,86.41,88.67,91.55,0.28,0.24,0.10,Suporte,0,0
2017-05-19,78.09,80.05,81.27,82.25,83.23,84.63,86.41,88.67,91.55,0.31,0.24,0.07,Suporte,1,0
2017-05-22,78.09,80.05,81.27,82.25,83.23,84.63,86.41,88.67,91.55,0.39,0.38,0.11,Zona de Consolidação,1,0
2017-05-23,78.09,80.05,81.27,82.25,83.23,84.63,86.41,88.67,91.55,0.40,0.38,0.10,Zona de Consolidação,1,0
2017-05-24,78.09,80.05,81.27,82.25,83.23,84.63,86.41,88.67,91.55,0.44,0.38,0.06,Zona de Consolidação,1,0
2017-05-25,78.09,80.05,81.27,82.25,83.23,84.63,86.41,88.67,91.55,0.56,0.50,0.06,Zona de Consolidação,1,0
2017-05-26,78.09,80.05,81.27,82.25,83.23,84.63,86.41,88.67,91.55,0.57,0.50,0.05,Zona de Consolidação,1,0
2017-05-30,78.09,80.05,81.27,82.25,83.23,84.63,86.41,88.67,91.55,0.59,0.50,0.03,Zona de Consolidação,1,0
2017-05-31,78.09,80.05,81.27,82.25,83.23,84.63,86.41,88.67,91.55,0.68,0.62,0.11,Resistência,1,0
2017-06-01,78.09,80.05,81.27,82.25,83.23,84.63,86.41,88.67,91.55,0.77,0.62,0.02,Resistência,0,1
2017-06-02,78.09,80.05,81.27,82.25,83.23,84.63,86.41,88.67,91.55,0.54,0.50,0.08,Zona de Consolidação,1,0
2017-06-05,78.09,80.05,81.27,82.25,83.23,84.63,86.41,88.67,91.55,0.55,0.50,0.07,Zona de Consolidação,1,0
2017-06-06,78.09,80.05,81.27,82.25,83.23,84.63,86.41,88.67,91.55,0.56,0.50,0.06,Zona de Consolidação,1,0
2017-06-07,78.09,80.05,81.27,82.25,83.23,84.63,86.41,88.67,91.55,0.59,0.50,0.03,Zona de Consolidação,1,0
2017-06-08,78.09,80.05,81.27,82.25,83.23,84.63,86.41,88.67,91.55,0.57,0.50,0.05,Zona de Consolidação,1,0
2017-06-09,78.09,80.05,81.27,82.25,83.23,84.63,86.41,88.67,91.55,0.51,0.50,0.11,Zona de Consolidação,0,0
2017-06-12,78.09,80.05,81.27,82.25,83.23,84.63,86.41,88.67,91.55,0.65,0.62,0.14,Resistência,1,0
2017-06-13,78.09,80.05,81.27,82.25,83.23,84.63,86.41,88.67,91.55,0.68,0.62,0.11,Resistência,1,0
2017-06-14,78.09,80.05,81.27,82.25,83.23,84.63,86.41,88.67,91.55,0.62,0.62,0.17,Resistência,1,0
2017-06-15,78.09,80.05,81.27,82.25,83.23,84.63,86.41,88.67,91.55,0.71,0.62,0.08,Resistência,1,1
2017-06-16,78.09,80.05,81.27,82.25,83.23,84.63,86.41,88.67,91.55,0.84,0.79,0.16,Resistência Forte,0,1
2017-06-19,78.09,80.05,81.27,82.25,83.23,84.63,86.41,88.67,91.55,0.90,0.79,0.10,Resistência Forte,0,1
2017-06-20,78.09,80.05,81.27,82.25,83.23,84.63,86.41,88.67,91.55,0.74,0.62,0.05,Resistência,0,1
2017-06-21,78.09,80.05,81.27,82.25,83.23,84.63,86.41,88.67,91.55,0.75,0.62,0.04,Resistência,0,1
2017-06-22,78.09,80.05,81.27,82.25,83.23,84.63,86.41,88.67,91.55,0.69,0.62,0.10,Resistência,1,1
2017-06-23,78.09,80.05,81.27,82.25,83.23,84.63,86.41,88.67,91.55,0.64,0.62,0.15,Resistência,1,0
2017-06-26,78.09,80.05,81.27,82.25,83.23,84.63,86.41,88.67,91.55,0.72,0.62,0.07,Resistência,1,1
2017-06-27,78.09,80.05,81.27,82.25,83.23,84.63,86.41,88.67,91.55,0.65,0.62,0.14,Resistência,1,0
2017-06-28,78.09,80.05,81.27,82.25,83.23,84.63,86.41,88.67,91.55,0.76,0.62,0.03,Resistência,0,1
2017-06-29,78.09,80.05,81.27,82.25,83.23,84.63,86.41,88.67,91.55,0.64,0.62,0.15,Resistência,1,0
2017-06-30,78.09,80.05,81.27,82.25,83.23,84.63,86.41,88.67,91.55,0.74,0.62,0.05,Resistência,0,1
2017-07-03,78.09,80.05,81.27,82.25,83.23,84.63,86.41,88.67,91.55,0.74,0.62,0.05,Resistência,0,1
2017-07-05,78.09,80.05,81.27,82.25,83.23,84.63,86.41,88.67,91.55,0.90,0.79,0.10,Resistência Forte,0,1
2017-07-06,78.09,80.05,81.27,82.25,83.23,84.63,86.41,88.67,91.55,0.84,0.79,0.16,Resistência Forte,0,1
2017-07-07,78.09,80.12,81.37,82.38,83.40,84.84,86.68,89.02,91.99,0.97,0.79,0.03,Resistência Forte,0,1
2017-07-10,78.09,80.12,81.37,82.38,83.40,84.84,86.68,89.02,91.99,0.83,0.79,0.17,Resistência Forte,0,1
2017-07-11,78.09,80.12,81.37,82.38,83.40,84.84,86.68,89.02,91.99,0.66,0.62,0.13,Resistência,1,0
2017-07-12,78.09,80.12,81.37,82.38,83.40,84.84,86.68,89.02,91.99,0.72,0.62,0.07,Resistência,0,1
2017-07-13,78.09,80.12,81.37,82.38,83.40,84.84,86.68,89.02,91.99,0.64,0.62,0.15,Resistência,1,0
2017-07-14,78.37,80.33,81.54,82.52,83.51,84.90,86.68,88.94,91.82,0.60,0.50,0.02,Zona de Consolidação,1,0
2017-07-17,78.37,80.33,81.54,82.52,83.51,84.90,86.68,88.94,91.82,0.63,0.62,0.16,Resistência,1,0
2017-07-18,78.37,80.33,81.54,82.52,83.51,84.90,86.68,88.94,91.82,0.59,0.50,0.03,Zona de Consolidação,1,0
2017-07-19,78.37,80.33,81.54,82.52,83.51,84.90,86.68,88.94,91.82,0.74,0.62,0.05,Resistência,0,1
2017-07-20,78.37,80.33,81.54,82.52,83.51,84.90,86.68,88.94,91.82,0.80,0.79,0.20,Resistência Forte,0,1
2017-07-21,78.39,80.35,81.56,82.54,83.51,84.91,86.68,88.93,91.80,0.92,0.79,0.08,Resistência Forte,0,1
2017-07-24,78.70,80.58,81.75,82.69,83.63,84.97,86.68,88.85,91.61,0.81,0.79,0.19,Resistência Forte,0,1
2017-07-25,79.12,80.90,82.01,82.90,83.79,85.06,86.68,88.74,91.35,0.76,0.62,0.03,Resistência,0,1
2017-07-26,79.15,81.05,82.23,83.18,84.13,85.49,87.21,89.40,92.19,0.99,0.79,0.01,Resistência Forte,0,1
2017-07-27,79.15,83.76,86.61,88.92,91.22,94.50,98.68,103.99,110.75,0.82,0.79,0.18,Resistência Forte,0,1
2017-07-28,79.15,83.76,86.61,88.92,91.22,94.50,98.68,103.99,110.75,0.89,0.79,0.11,Resistência Forte,0,0
2017-07-31,80.04,84.78,87.71,90.08,92.46,95.83,100.13,105.59,112.55,0.88,0.79,0.12,Resistência Forte,0,0
2017-08-01,80.49,85.13,87.99,90.31,92.63,95.93,100.13,105.47,112.27,0.79,0.79,0.21,Resistência Forte,0,1
2017-08-02,80.54,85.16,88.02,90.34,92.65,95.94,100.13,105.46,112.24,0.73,0.62,0.06,Resistência,0,0
2017-08-03,80.54,85.16,88.02,90.34,92.65,95.94,100.13,105.46,112.24,0.58,0.50,0.04,Zona de Consolidação,1,0
2017-08-04,80.54,85.16,88.02,90.34,92.65,95.94,100.13,105.46,112.24,0.56,0.50,0.06,Zona de Consolidação,0,0
2017-08-07,80.54,85.16,88.02,90.34,92.65,95.94,100.13,105.46,112.24,0.60,0.50,0.02,Zona de Consolidação,1,0
2017-08-08,80.54,85.16,88.02,90.34,92.65,95.94,100.13,105.46,112.24,0.44,0.38,0.06,Zona de Consolidação,0,0
2017-08-09,80.54,85.16,88.02,90.34,92.65,95.94,100.13,105.46,112.24,0.49,0.38,0.01,Zona de Consolidação,0,0
2017-08-10,80.54,85.16,88.02,90.34,92.65,95.94,100.13,105.46,112.24,0.46,0.38,0.04,Zona de Consolidação,0,0
2017-08-11,80.54,85.16,88.02,90.34,92.65,95.94,100.13,105.46,112.24,0.46,0.38,0.04,Zona de Consolidação,0,0
2017-08-14,82.11,86.36,88.99,91.12,93.25,96.27,100.13,105.03,111.27,0.45,0.38,0.05,Zona de Consolidação,0,0
2017-08-15,82.11,86.36,88.99,91.12,93.25,96.27,100.13,105.03,111.27,0.53,0.50,0.09,Zona de Consolidação,0,0
2017-08-16,82.11,86.36,88.99,91.12,93.25,96.27,100.13,105.03,111.27,0.51,0.50,0.11,Zona de Consolidação,0,0
2017-08-17,82.11,86.36,88.99,91.12,93.25,96.27,100.13,105.03,111.27,0.22,0.00,0.02,Suporte Forte,0,0
2017-08-18,82.11,86.36,88.99,91.12,93.25,96.27,100.13,105.03,111.27,0.21,0.00,0.03,Suporte Forte,0,0
2017-08-21,82.25,86.47,89.08,91.19,93.30,96.30,100.13,104.99,111.18,0.13,0.00,0.11,Suporte Forte,0,0
2017-08-22,82.65,86.78,89.33,91.39,93.45,96.39,100.13,104.88,110.93,0.15,0.00,0.09,Suporte Forte,0,0
2017-08-23,82.65,86.78,89.33,91.39,93.45,96.39,100.13,104.88,110.93,0.14,0.00,0.10,Suporte Forte,0,0
2017-08-24,82.65,86.78,89.33,91.39,93.45,96.39,100.13,104.88,110.93,0.19,0.00,0.05,Suporte Forte,0,0
2017-08-25,82.65,86.78,89.33,91.39,93.45,96.39,100.13,104.88,110.93,0.19,0.00,0.05,Suporte Forte,0,0
2017-08-28,82.65,86.78,89.33,91.39,93.45,96.39,100.13,104.88,110.93,0.20,0.00,0.04,Suporte Forte,0,0
2017-08-29,82.65,86.78,89.33,91.39,93.45,96.39,100.13,104.88,110.93,0.22,0.00,0.02,Suporte Forte,0,0
2017-08-30,82.65,86.78,89.33,91.39,93.45,96.39,100.13,104.88,110.93,0.26,0.24,0.12,Suporte,0,0
2017-08-31,82.65,86.78,89.33,91.39,93.45,96.39,100.13,104.88,110.93,0.28,0.24,0.10,Suporte,0,0
2017-09-01,82.65,86.78,89.33,91.39,93.45,96.39,100.13,104.88,110.93,0.32,0.24,0.06,Suporte,0,0
2017-09-05,82.65,86.78,89.33,91.39,93.45,96.39,100.13,104.88,110.93,0.28,0.24,0.10,Suporte,0,0
2017-09-06,82.65,86.78,89.33,91.39,93.45,96.39,100.13,104.88,110.93,0.35,0.24,0.03,Suporte,1,0
2017-09-07,82.65,86.78,89.33,91.39,93.45,96.39,100.13,104.88,110.93,0.42,0.38,0.08,Zona de Consolidação,1,0
2017-09-08,82.65,86.78,89.33,91.39,93.45,96.39,100.13,104.88,110.93,0.40,0.38,0.10,Zona de Consolidação,1,0
2017-09-11,82.65,86.78,89.33,91.39,93.45,96.39,100.13,104.88,110.93,0.36,0.24,0.02,Suporte,1,0
2017-09-12,82.65,86.78,89.33,91.39,93.45,96.39,100.13,104.88,110.93,0.38,0.24,0.00,Suporte,1,0
2017-09-13,82.65,86.78,89.33,91.39,93.45,96.39,100.13,104.88,110.93,0.34,0.24,0.04,Suporte,1,0
2017-09-14,82.65,86.78,89.33,91.39,93.45,96.39,100.13,104.88,110.93,0.32,0.24,0.06,Suporte,0,0
2017-09-15,82.65,86.78,89.33,91.39,93.45,96.39,100.13,104.88,110.93,0.32,0.24,0.06,Suporte,0,0
2017-09-18,82.65,86.78,89.33,91.39,93.45,96.39,100.13,104.88,110.93,0.31,0.24,0.07,Suporte,0,0
2017-09-19,82.65,86.78,89.33,91.39,93.45,96.39,100.13,104.88,110.93,0.35,0.24,0.03,Suporte,1,0
2017-09-20,82.65,86.78,89.33,91.39,93.45,96.39,100.13,104.88,110.93,0.32,0.24,0.06,Suporte,0,0
2017-09-21,82.65,86.78,89.33,91.39,93.45,96.39,100.13,104.88,110.93,0.32,0.24,0.06,Suporte,0,0
2017-09-22,82.65,86.78,89.33,91.39,93.45,96.39,100.13,104.88,110.93,0.39,0.38,0.11,Zona de Consolidação,1,0
2017-09-25,82.65,86.78,89.33,91.39,93.45,96.39,100.13,104.88,110.93,0.42,0.38,0.08,Zona de Consolidação,1,0
2017-09-26,82.65,86.78,89.33,91.39,93.45,96.39,100.13,104.88,110.93,0.39,0.38,0.11,Zona de Consolidação,1,0
2017-09-27,83.22,87.21,89.68,91.68,93.67,96.51,100.13,104.73,110.58,0.44,0.38,0.06,Zona de Consolidação,0,0
2017-09-28,84.25,88.00,90.32,92.19,94.06,96.73,100.13,104.45,109.94,0.37,0.24,0.01,Suporte,1,0
2017-09-29,84.25,88.00,90.32,92.19,94.06,96.73,100.13,104.45,109.94,0.39,0.38,0.11,Zona de Consolidação,1,0
2017-10-02,84.25,88.00,90.32,92.19,94.06,96.73,100.13,104.45,109.94,0.39,0.38,0.11,Zona de Consolidação,1,0
2017-10-03,84.46,88.16,90.45,92.29,94.14,96.78,100.13,104.39,109.81,0.45,0.38,0.05,Zona de Consolidação,0,0
2017-10-04,84.54,88.22,90.50,92.34,94.17,96.79,100.13,104.37,109.76,0.48,0.38,0.02,Zona de Consolidação,0,0
2017-10-05,84.54,88.22,90.50,92.34,94.17,96.79,100.13,104.37,109.76,0.60,0.50,0.02,Zona de Consolidação,1,0
2017-10-06,84.54,88.22,90.50,92.34,94.17,96.79,100.13,104.37,109.76,0.59,0.50,0.03,Zona de Consolidação,1,0
2017-10-09,84.54,88.22,90.50,92.34,94.17,96.79,100.13,104.37,109.76,0.60,0.50,0.02,Zona de Consolidação,1,0
2017-10-10,84.54,87.76,89.75,91.36,92.96,95.25,98.17,101.88,106.59,0.72,0.62,0.07,Resistência,0,1
2017-10-11,84.54,87.19,88.82,90.15,91.47,93.35,95.75,98.80,102.68,0.80,0.79,0.20,Resistência Forte,0,1
2017-10-12,84.54,86.90,88.37,89.55,90.73,92.42,94.56,97.29,100.75,0.93,0.79,0.07,Resistência Forte,0,1
2017-10-13,84.54,86.91,88.37,89.56,90.74,92.42,94.57,97.30,100.77,0.96,0.79,0.04,Resistência Forte,0,1
2017-10-16,84.54,86.97,88.47,89.68,90.90,92.63,94.83,97.63,101.19,0.99,0.79,0.01,Resistência Forte,0,1
2017-10-17,84.54,86.97,88.47,89.68,90.90,92.63,94.83,97.63,101.19,0.92,0.79,0.08,Resistência Forte,0,1
2017-10-18,84.54,86.97,88.47,89.68,90.90,92.63,94.83,97.63,101.19,0.94,0.79,0.06,Resistência Forte,0,1
2017-10-19,84.54,86.97,88.47,89.68,90.90,92.63,94.83,97.63,101.19,0.99,0.79,0.01,Resistência Forte,0,1
2017-10-20,84.54,87.24,88.90,90.25,91.60,93.52,95.96,99.07,103.02,0.99,0.79,0.01,Resistência Forte,0,1
2017-10-23,84.54,87.57,89.44,90.96,92.48,94.63,97.38,100.87,105.32,0.95,0.79,0.05,Resistência Forte,0,1
2017-10-24,84.54,87.57,89.44,90.96,92.48,94.63,97.38,100.87,105.32,0.91,0.79,0.09,Resistência Forte,0,0
2017-10-25,84.54,87.57,89.44,90.96,92.48,94.63,97.38,100.87,105.32,0.91,0.79,0.09,Resistência Forte,0,0
2017-10-26,84.54,87.58,89.46,90.98,92.50,94.66,97.42,100.92,105.38,0.97,0.79,0.03,Resistência Forte,0,1
2017-10-27,84.54,87.70,89.65,91.24,92.82,95.06,97.93,101.57,106.21,0.99,0.79,0.01,Resistência Forte,0,1
2017-10-30,84.54,87.70,89.65,91.24,92.82,95.06,97.93,101.57,106.21,0.91,0.79,0.09,Resistência Forte,0,0
2017-10-31,84.54,87.70,89.65,91.24,92.82,95.06,97.93,101.57,106.21,0.86,0.79,0.14,Resistência Forte,0,0
2017-11-01,84.54,87.70,89.65,91.24,92.82,95.06,97.93,101.57,106.21,0.81,0.79,0.19,Resistência Forte,0,1
2017-11-02,84.99,88.04,89.93,91.46,92.99,95.16,97.93,101.45,105.93,0.74,0.62,0.05,Resistência,0,1
2017-11-03,85.32,88.30,90.14,91.62,93.11,95.23,97.93,101.36,105.72,0.59,0.50,0.03,Zona de Consolidação,1,0
2017-11-06,85.32,88.30,90.14,91.62,93.11,95.23,97.93,101.36,105.72,0.53,0.50,0.09,Zona de Consolidação,0,0
2017-11-07,85.32,88.30,90.14,91.62,93.11,95.23,97.93,101.36,105.72,0.63,0.62,0.16,Resistência,1,0
2017-11-08,86.06,88.86,90.59,92.00,93.40,95.39,97.93,101.16,105.27,0.59,0.50,0.03,Zona de Consolidação,1,0
2017-11-09,87.11,89.66,91.24,92.52,93.80,95.61,97.93,100.87,104.62,0.50,0.50,0.12,Zona de Consolidação,0,0
2017-11-10,87.11,89.66,91.24,92.52,93.80,95.61,97.93,100.87,104.62,0.44,0.38,0.06,Zona de Consolidação,1,0
2017-11-13,87.11,89.66,91.24,92.52,93.80,95.61,97.93,100.87,104.62,0.47,0.38,0.03,Zona de Consolidação,0,0
2017-11-14,87.67,90.09,91.59,92.80,94.01,95.73,97.93,100.72,104.27,0.49,0.38,0.01,Zona de Consolidação,0,0
2017-11-15,87.83,90.21,91.69,92.88,94.07,95.77,97.93,100.68,104.17,0.36,0.24,0.02,Suporte,1,0
2017-11-16,87.83,90.21,91.69,92.88,94.07,95.77,97.93,100.68,104.17,0.39,0.38,0.11,Zona de Consolidação,1,0
2017-11-17,87.83,90.21,91.69,92.88,94.07,95.77,97.93,100.68,104.17,0.39,0.38,0.11,Zona de Consolidação,1,0
2017-11-20,87.83,90.21,91.69,92.88,94.07,95.77,97.93,100.68,104.17,0.35,0.24,0.03,Suporte,1,0
2017-11-21,87.83,90.21,91.69,92.88,94.07,95.77,97.93,100.68,104.17,0.35,0.24,0.03,Suporte,1,0
2017-11-22,87.83,90.21,91.69,92.88,94.07,95.77,97.93,100.68,104.17,0.32,0.24,0.06,Suporte,1,0
2017-11-24,87.83,90.21,91.69,92.88,94.07,95.77,97.93,100.68,104.17,0.31,0.24,0.07,Suporte,1,0
2017-11-27,87.83,90.21,91.69,92.88,94.07,95.77,97.93,100.68,104.17,0.32,0.24,0.06,Suporte,1,0
2017-11-28,87.87,90.24,91.71,92.90,94.09,95.78,97.93,100.67,104.15,0.40,0.38,0.10,Zona de Consolidação,1,0
2017-11-29,87.87,90.24,91.71,92.90,94.09,95.78,97.93,100.67,104.15,0.58,0.50,0.04,Zona de Consolidação,1,0
2017-11-30,87.87,90.24,91.71,92.90,94.09,95.78,97.93,100.67,104.15,0.67,0.62,0.12,Resistência,1,0
2017-12-01,87.87,90.24,91.71,92.90,94.09,95.78,97.93,100.67,104.15,0.61,0.50,0.01,Zona de Consolidação,1,0
2017-12-04,88.80,90.95,92.29,93.36,94.44,95.98,97.93,100.41,103.57,0.67,0.62,0.12,Resistência,1,0
2017-12-05,89.32,91.35,92.61,93.62,94.64,96.09,97.93,100.27,103.25,0.73,0.62,0.06,Resistência,0,1
2017-12-06,89.32,91.35,92.61,93.62,94.64,96.09,97.93,100.27,103.25,0.76,0.62,0.03,Resistência,0,1
2017-12-07,89.32,91.35,92.61,93.62,94.64,96.09,97.93,100.27,103.25,0.81,0.79,0.19,Resistência Forte,0,1
2017-12-08,89.72,91.66,92.86,93.82,94.79,96.17,97.93,100.16,103.00,0.82,0.79,0.18,Resistência Forte,0,1
2017-12-11,89.72,91.81,93.11,94.16,95.20,96.69,98.59,101.00,104.07,0.93,0.79,0.07,Resistência Forte,0,1
2017-12-12,90.40,92.33,93.53,94.50,95.46,96.84,98.59,100.82,103.65,0.84,0.79,0.16,Resistência Forte,0,1
2017-12-13,90.47,92.39,93.57,94.53,95.49,96.85,98.59,100.80,103.61,0.84,0.79,0.16,Resistência Forte,0,1
2017-12-14,90.47,92.39,93.57,94.53,95.49,96.85,98.59,100.80,103.61,0.78,0.62,0.01,Resistência,0,1
2017-12-15,90.47,92.40,93.59,94.56,95.53,96.90,98.65,100.87,103.71,0.95,0.79,0.05,Resistência Forte,0,1
2017-12-18,90.47,92.54,93.82,94.85,95.88,97.36,99.23,101.61,104.64,0.93,0.79,0.07,Resistência Forte,0,1
2017-12-19,90.47,92.54,93.82,94.85,95.88,97.36,99.23,101.61,104.64,0.90,0.79,0.10,Resistência Forte,0,1
2017-12-20,90.47,92.54,93.82,94.85,95.88,97.36,99.23,101.61,104.64,0.86,0.79,0.14,Resistência Forte,0,1
2017-12-21,90.47,92.54,93.82,94.85,95.88,97.36,99.23,101.61,104.64,0.81,0.79,0.19,Resistência Forte,0,1
2017-12-22,90.47,92.54,93.82,94.85,95.88,97.36,99.23,101.61,104.64,0.76,0.62,0.03,Resistência,0,1
2017-12-26,90.47,92.54,93.82,94.85,95.88,97.36,99.23,101.61,104.64,0.83,0.79,0.17,Resistência Forte,0,1
2017-12-27,90.47,92.54,93.82,94.85,95.88,97.36,99.23,101.61,104.64,0.80,0.79,0.20,Resistência Forte,0,1
2017-12-28,90.47,92.54,93.82,94.85,95.88,97.36,99.23,101.61,104.64,0.80,0.79,0.20,Resistência Forte,0,1
2017-12-29,90.47,92.54,93.82,94.85,95.88,97.36,99.23,101.61,104.64,0.79,0.79,0.21,Resistência Forte,0,1
2018-01-02,90.47,92.54,93.82,94.85,95.88,97.36,99.23,101.61,104.64,0.68,0.62,0.11,Resistência,1,1
2018-01-03,90.47,92.54,93.82,94.85,95.88,97.36,99.23,101.61,104.64,0.80,0.79,0.20,Resistência Forte,0,1
2018-01-04,90.47,92.54,93.82,94.85,95.88,97.36,99.23,101.61,104.64,0.90,0.79,0.10,Resistência Forte,0,1
2018-01-05,90.47,92.54,93.82,94.85,95.88,97.36,99.23,101.61,104.64,0.90,0.79,0.10,Resistência Forte,0,1
2018-01-08,90.47,92.54,93.82,94.85,95.88,97.36,99.23,101.61,104.64,0.86,0.79,0.14,Resistência Forte,0,1
2018-01-09,90.47,92.54,93.82,94.85,95.88,97.36,99.23,101.61,104.64,0.94,0.79,0.06,Resistência Forte,0,1
2018-01-10,90.47,92.54,93.82,94.85,95.88,97.36,99.23,101.61,104.64,0.84,0.79,0.16,Resistência Forte,0,1
2018-01-11,90.47,92.54,93.82,94.85,95.88,97.36,99.23,101.61,104.64,0.79,0.79,0.21,Resistência Forte,0,1
2018-01-12,90.47,92.54,93.82,94.85,95.88,97.36,99.23,101.61,104.64,0.91,0.79,0.09,Resistência Forte,0,1
2018-01-16,90.47,92.62,93.95,95.02,96.09,97.62,99.57,102.05,105.19,0.96,0.79,0.04,Resistência Forte,0,1
2018-01-17,90.47,93.08,94.70,96.01,97.32,99.18,101.55,104.56,108.40,0.99,0.79,0.01,Resistência Forte,0,1
2018-01-18,90.47,93.23,94.93,96.31,97.69,99.65,102.15,105.33,109.37,0.86,0.79,0.14,Resistência Forte,0,1
2018-01-19,90.47,93.23,94.93,96.31,97.69,99.65,102.15,105.33,109.37,0.90,0.79,0.10,Resistência Forte,0,0
2018-01-22,90.53,93.27,94.97,96.34,97.71,99.66,102.15,105.31,109.33,0.99,0.79,0.01,Resistência Forte,0,1
2018-01-23,90.53,93.27,94.97,96.34,97.71,99.66,102.15,105.31,109.33,0.94,0.79,0.06,Resistência Forte,0,1
2018-01-24,90.53,93.27,94.97,96.34,97.71,99.66,102.15,105.31,109.33,0.85,0.79,0.15,Resistência Forte,0,1
2018-01-25,90.53,93.27,94.97,96.34,97.71,99.66,102.15,105.31,109.33,0.84,0.79,0.16,Resistência Forte,0,1
2018-01-26,90.53,93.27,94.97,96.34,97.71,99.66,102.15,105.31,109.33,0.96,0.79,0.04,Resistência Forte,0,1
2018-01-29,90.53,93.27,94.97,96.34,97.71,99.66,102.15,105.31,109.33,0.85,0.79,0.15,Resistência Forte,0,1
2018-01-30,90.53,93.27,94.97,96.34,97.71,99.66,102.15,105.31,109.33,0.85,0.79,0.15,Resistência Forte,0,1
2018-01-31,90.53,93.73,95.71,97.32,98.92,101.20,104.10,107.79,112.49,0.90,0.79,0.10,Resistência Forte,0,0
2018-02-01,90.53,93.73,95.71,97.32,98.92,101.20,104.10,107.79,112.49,0.70,0.62,0.09,Resistência,0,0
2018-02-02,90.53,93.73,95.71,97.32,98.92,101.20,104.10,107.79,112.49,0.59,0.50,0.03,Zona de Consolidação,1,0
2018-02-05,90.53,93.73,95.71,97.32,98.92,101.20,104.10,107.79,112.49,0.32,0.24,0.06,Suporte,1,0
2018-02-06,90.53,93.73,95.71,97.32,98.92,101.20,104.10,107.79,112.49,0.25,0.24,0.13,Suporte,0,0
2018-02-07,90.80,93.94,95.88,97.45,99.02,101.25,104.10,107.72,112.32,0.27,0.24,0.11,Suporte,0,0
2018-02-08,89.89,93.24,95.32,97.00,98.67,101.06,104.10,107.97,112.88,0.01,0.00,0.23,Suporte Forte,0,0
2018-02-09,89.44,92.90,95.04,96.77,98.50,100.96,104.10,108.09,113.16,0.22,0.00,0.02,Suporte Forte,0,0
2018-02-12,89.44,92.90,95.04,96.77,98.50,100.96,104.10,108.09,113.16,0.23,0.00,0.01,Suporte Forte,0,0
2018-02-13,89.44,92.90,95.04,96.77,98.50,100.96,104.10,108.09,113.16,0.24,0.24,0.14,Suporte,0,0
2018-02-14,89.44,92.90,95.04,96.77,98.50,100.96,104.10,108.09,113.16,0.29,0.24,0.09,Suporte,0,0
2018-02-15,89.44,92.90,95.04,96.77,98.50,100.96,104.10,108.09,113.16,0.45,0.38,0.05,Zona de Consolidação,0,0
2018-02-16,89.44,92.90,95.04,96.77,98.50,100.96,104.10,108.09,113.16,0.49,0.38,0.01,Zona de Consolidação,0,0
2018-02-20,89.44,92.90,95.04,96.77,98.50,100.96,104.10,108.09,113.16,0.44,0.38,0.06,Zona de Consolidação,1,0
2018-02-21,89.44,92.90,95.04,96.77,98.50,100.96,104.10,108.09,113.16,0.48,0.38,0.02,Zona de Consolidação,0,0
2018-02-22,89.44,92.90,95.04,96.77,98.50,100.96,104.10,108.09,113.16,0.44,0.38,0.06,Zona de Consolidação,1,0
2018-02-23,89.44,92.90,95.04,96.77,98.50,100.96,104.10,108.09,113.16,0.57,0.50,0.05,Zona de Consolidação,1,0
2018-02-26,89.44,92.90,95.04,96.77,98.50,100.96,104.10,108.09,113.16,0.58,0.50,0.04,Zona de Consolidação,1,0
2018-02-27,89.44,92.90,95.04,96.77,98.50,100.96,104.10,108.09,113.16,0.50,0.50,0.12,Zona de Consolidação,0,0
2018-02-28,89.44,92.90,95.04,96.77,98.50,100.96,104.10,108.09,113.16,0.44,0.38,0.06,Zona de Consolidação,1,0
2018-03-01,89.44,92.90,95.04,96.77,98.50,100.96,104.10,108.09,113.16,0.35,0.24,0.03,Suporte,1,0
2018-03-02,89.44,92.90,95.04,96.77,98.50,100.96,104.10,108.09,113.16,0.34,0.24,0.04,Suporte,1,0
2018-03-05,89.44,92.90,95.04,96.77,98.50,100.96,104.10,108.09,113.16,0.46,0.38,0.04,Zona de Consolidação,0,0
2018-03-06,89.44,92.90,95.04,96.77,98.50,100.96,104.10,108.09,113.16,0.44,0.38,0.06,Zona de Consolidação,1,0
2018-03-07,89.44,92.90,95.04,96.77,98.50,100.96,104.10,108.09,113.16,0.43,0.38,0.07,Zona de Consolidação,1,0
2018-03-08,89.44,92.90,95.04,96.77,98.50,100.96,104.10,108.09,113.16,0.57,0.50,0.05,Zona de Consolidação,1,0
2018-03-09,89.44,92.90,95.04,96.77,98.50,100.96,104.10,108.09,113.16,0.67,0.62,0.12,Resistência,1,0
2018-03-12,89.44,92.90,95.04,96.77,98.50,100.96,104.10,108.09,113.16,0.60,0.50,0.02,Zona de Consolidação,1,0
2018-03-13,89.44,92.90,95.04,96.77,98.50,100.96,104.10,108.09,113.16,0.59,0.50,0.03,Zona de Consolidação,1,0
2018-03-14,89.44,92.90,95.04,96.77,98.50,100.96,104.10,108.09,113.16,0.52,0.50,0.10,Zona de Consolidação,0,0
2018-03-15,89.44,92.90,95.04,96.77,98.50,100.96,104.10,108.09,113.16,0.54,0.50,0.08,Zona de Consolidação,0,0
2018-03-16,89.44,92.90,95.04,96.77,98.50,100.96,104.10,108.09,113.16,0.58,0.50,0.04,Zona de Consolidação,1,0
2018-03-19,89.44,92.90,95.04,96.77,98.50,100.96,104.10,108.09,113.16,0.43,0.38,0.07,Zona de Consolidação,1,0
2018-03-20,89.44,92.90,95.04,96.77,98.50,100.96,104.10,108.09,113.16,0.49,0.38,0.01,Zona de Consolidação,0,0
2018-03-21,89.44,92.90,95.04,96.77,98.50,100.96,104.10,108.09,113.16,0.53,0.50,0.09,Zona de Consolidação,0,0
2018-03-22,89.44,92.90,95.04,96.77,98.50,100.96,104.10,108.09,113.16,0.35,0.24,0.03,Suporte,1,0
2018-03-23,89.44,92.90,95.04,96.77,98.50,100.96,104.10,108.09,113.16,0.12,0.00,0.12,Suporte Forte,0,0
2018-03-26,89.44,92.90,95.04,96.77,98.50,100.96,104.10,108.09,113.16,0.40,0.38,0.10,Zona de Consolidação,1,0
2018-03-27,89.44,92.90,95.04,96.77,98.50,100.96,104.10,108.09,113.16,0.30,0.24,0.08,Suporte,0,0
2018-03-28,89.44,92.90,95.04,96.77,98.50,100.96,104.10,108.09,113.16,0.27,0.24,0.11,Suporte,0,0
2018-03-29,89.44,92.90,95.04,96.77,98.50,100.96,104.10,108.09,113.16,0.37,0.24,0.01,Suporte,1,0
2018-04-02,89.44,92.90,95.04,96.77,98.50,100.96,104.10,108.09,113.16,0.36,0.24,0.02,Suporte,1,0
2018-04-03,89.44,92.90,95.04,96.77,98.50,100.96,104.10,108.09,113.16,0.40,0.38,0.10,Zona de Consolidação,1,0
2018-04-04,89.44,92.90,95.04,96.77,98.50,100.96,104.10,108.09,113.16,0.55,0.50,0.07,Zona de Consolidação,1,0
2018-04-05,89.44,92.90,95.04,96.77,98.50,100.96,104.10,108.09,113.16,0.60,0.50,0.02,Zona de Consolidação,1,0
2018-04-06,89.44,92.90,95.04,96.77,98.50,100.96,104.10,108.09,113.16,0.38,0.24,0.00,Suporte,1,0
2018-04-09,89.44,92.90,95.04,96.77,98.50,100.96,104.10,108.09,113.16,0.42,0.38,0.08,Zona de Consolidação,1,0
2018-04-10,89.44,92.90,95.04,96.77,98.50,100.96,104.10,108.09,113.16,0.51,0.50,0.11,Zona de Consolidação,0,0
2018-04-11,89.44,92.90,95.04,96.77,98.50,100.96,104.10,108.09,113.16,0.49,0.38,0.01,Zona de Consolidação,0,0
2018-04-12,89.44,92.90,95.04,96.77,98.50,100.96,104.10,108.09,113.16,0.47,0.38,0.03,Zona de Consolidação,0,0
2018-04-13,89.44,92.38,94.20,95.66,97.13,99.23,101.89,105.28,109.58,0.55,0.50,0.07,Zona de Consolidação,1,0
2018-04-16,89.44,92.06,93.68,95.00,96.31,98.17,100.55,103.57,107.42,0.74,0.62,0.05,Resistência,0,1
2018-04-17,89.44,91.84,93.32,94.52,95.72,97.43,99.60,102.36,105.88,0.89,0.79,0.11,Resistência Forte,0,0
2018-04-18,89.44,91.92,93.45,94.70,95.94,97.70,99.95,102.81,106.45,0.92,0.79,0.08,Resistência Forte,0,1
2018-04-19,89.44,91.92,93.45,94.70,95.94,97.70,99.95,102.81,106.45,0.85,0.79,0.15,Resistência Forte,0,1
2018-04-20,89.44,91.92,93.45,94.70,95.94,97.70,99.95,102.81,106.45,0.78,0.62,0.01,Resistência,0,1
2018-04-23,89.44,91.92,93.45,94.70,95.94,97.70,99.95,102.81,106.45,0.80,0.79,0.20,Resistência Forte,0,1
2018-04-24,91.21,93.27,94.55,95.58,96.61,98.08,99.95,102.33,105.35,0.69,0.62,0.10,Resistência,1,1
2018-04-25,91.21,93.27,94.55,95.58,96.61,98.08,99.95,102.33,105.35,0.72,0.62,0.07,Resistência,1,1
2018-04-26,91.21,93.27,94.55,95.58,96.61,98.08,99.95,102.33,105.35,0.91,0.79,0.09,Resistência Forte,0,1
2018-04-27,91.21,93.37,94.71,95.79,96.87,98.41,100.37,102.86,106.03,0.98,0.79,0.02,Resistência Forte,0,1
2018-04-30,91.21,93.38,94.72,95.81,96.90,98.44,100.41,102.91,106.10,0.81,0.79,0.19,Resistência Forte,0,1
2018-05-01,91.21,93.38,94.72,95.81,96.90,98.44,100.41,102.91,106.10,0.88,0.79,0.12,Resistência Forte,0,1
2018-05-02,91.21,94.14,95.95,97.42,98.89,100.97,103.63,107.01,111.31,0.87,0.79,0.13,Resistência Forte,0,0
2018-05-03,91.21,94.14,95.95,97.42,98.89,100.97,103.63,107.01,111.31,0.94,0.79,0.06,Resistência Forte,0,1
2018-05-04,91.21,94.52,96.57,98.23,99.89,102.25,105.25,109.07,113.93,0.97,0.79,0.03,Resistência Forte,0,1
2018-05-07,91.21,94.52,96.57,98.23,99.89,102.25,105.25,109.07,113.93,0.98,0.79,0.02,Resistência Forte,0,1
2018-05-08,91.21,94.54,96.60,98.27,99.94,102.31,105.33,109.17,114.06,0.98,0.79,0.02,Resistência Forte,0,1
2018-05-09,91.21,94.92,97.21,99.06,100.91,103.55,106.91,111.18,116.61,0.95,0.79,0.05,Resistência Forte,0,1
2018-05-10,91.21,94.92,97.21,99.06,100.91,103.55,106.91,111.18,116.61,0.97,0.79,0.03,Resistência Forte,0,1
2018-05-11,91.21,94.92,97.21,99.06,100.91,103.55,106.91,111.18,116.61,0.97,0.79,0.03,Resistência Forte,0,1
2018-05-14,91.21,94.92,97.21,99.06,100.91,103.55,106.91,111.18,116.61,0.93,0.79,0.07,Resistência Forte,0,1
2018-05-15,91.21,95.23,97.72,99.72,101.73,104.60,108.24,112.87,118.76,0.88,0.79,0.12,Resistência Forte,0,0
2018-05-16,91.21,95.23,97.72,99.72,101.73,104.60,108.24,112.87,118.76,0.93,0.79,0.07,Resistência Forte,0,0
2018-05-17,91.21,95.23,97.72,99.72,101.73,104.60,108.24,112.87,118.76,0.93,0.79,0.07,Resistência Forte,0,0
2018-05-18,91.21,95.23,97.72,99.72,101.73,104.60,108.24,112.87,118.76,0.97,0.79,0.03,Resistência Forte,0,1
2018-05-21,91.21,95.27,97.78,99.80,101.83,104.72,108.40,113.08,119.02,0.96,0.79,0.04,Resistência Forte,0,1
2018-05-22,91.21,95.27,97.78,99.80,101.83,104.72,108.40,113.08,119.02,0.94,0.79,0.06,Resistência Forte,0,0
2018-05-23,91.21,95.27,97.78,99.80,101.83,104.72,108.40,113.08,119.02,0.98,0.79,0.02,Resistência Forte,0,1
2018-05-24,91.21,95.41,98.01,100.12,102.22,105.21,109.02,113.86,120.03,0.99,0.79,0.01,Resistência Forte,0,1
2018-05-25,91.21,95.53,98.20,100.35,102.51,105.59,109.50,114.47,120.80,0.98,0.79,0.02,Resistência Forte,0,1
2018-05-29,91.21,95.53,98.20,100.35,102.51,105.59,109.50,114.47,120.80,0.95,0.79,0.05,Resistência Forte,0,1
2018-05-30,91.21,95.73,98.53,100.78,103.04,106.26,110.36,115.57,122.19,0.94,0.79,0.06,Resistência Forte,0,0
2018-05-31,91.21,95.73,98.53,100.78,103.04,106.26,110.36,115.57,122.19,0.91,0.79,0.09,Resistência Forte,0,0
2018-06-01,91.21,95.88,98.76,101.10,103.43,106.75,110.98,116.36,123.20,1.00,1.00,0.27,Resistência Forte,0,1
2018-06-04,91.21,96.29,99.43,101.98,104.52,108.13,112.74,118.60,126.05,0.97,0.79,0.03,Resistência Forte,0,1
2018-06-05,92.73,97.51,100.46,102.85,105.24,108.64,112.97,118.48,125.48,0.95,0.79,0.05,Resistência Forte,0,1
2018-06-06,92.96,97.91,100.97,103.44,105.92,109.44,113.93,119.63,126.89,0.99,0.79,0.01,Resistência Forte,0,1
2018-06-07,92.96,97.92,100.99,103.46,105.94,109.47,113.97,119.68,126.95,0.96,0.79,0.04,Resistência Forte,0,1
2018-06-08,92.96,97.92,100.99,103.46,105.94,109.47,113.97,119.68,126.95,0.99,0.79,0.01,Resistência Forte,0,1
2018-06-11,93.42,98.27,101.27,103.70,106.12,109.57,113.97,119.56,126.67,0.93,0.79,0.07,Resistência Forte,0,0
2018-06-12,94.09,99.53,102.90,105.62,108.33,112.21,117.14,123.41,131.38,0.99,0.79,0.01,Resistência Forte,0,1
2018-06-13,94.09,99.82,103.36,106.23,109.10,113.17,118.37,124.97,133.38,0.98,0.79,0.02,Resistência Forte,0,1
2018-06-14,94.09,99.94,103.56,106.48,109.41,113.57,118.88,125.62,134.20,0.94,0.79,0.06,Resistência Forte,0,0
2018-06-15,94.09,99.94,103.56,106.48,109.41,113.57,118.88,125.62,134.20,0.93,0.79,0.07,Resistência Forte,0,0
2018-06-18,94.09,99.94,103.56,106.48,109.41,113.57,118.88,125.62,134.20,0.91,0.79,0.09,Resistência Forte,0,0
2018-06-19,94.09,99.94,103.56,106.48,109.41,113.57,118.88,125.62,134.20,0.90,0.79,0.10,Resistência Forte,0,0
2018-06-20,94.09,99.94,103.56,106.48,109.41,113.57,118.88,125.62,134.20,0.87,0.79,0.13,Resistência Forte,0,0
2018-06-21,94.09,99.94,103.56,106.48,109.41,113.57,118.88,125.62,134.20,0.89,0.79,0.11,Resistência Forte,0,0
2018-06-22,94.09,99.94,103.56,106.48,109.41,113.57,118.88,125.62,134.20,0.92,0.79,0.08,Resistência Forte,0,0
2018-06-25,94.09,99.94,103.56,106.48,109.41,113.57,118.88,125.62,134.20,0.83,0.79,0.17,Resistência Forte,0,0
2018-06-26,94.09,99.94,103.56,106.48,109.41,113.57,118.88,125.62,134.20,0.78,0.62,0.01,Resistência,0,1
2018-06-27,94.09,99.94,103.56,106.48,109.41,113.57,118.88,125.62,134.20,0.71,0.62,0.08,Resistência,0,0
2018-06-28,94.09,99.94,103.56,106.48,109.41,113.57,118.88,125.62,134.20,0.75,0.62,0.04,Resistência,0,1
2018-06-29,94.09,99.94,103.56,106.48,109.41,113.57,118.88,125.62,134.20,0.75,0.62,0.04,Resistência,0,1
2018-07-02,94.09,99.94,103.56,106.48,109.41,113.57,118.88,125.62,134.20,0.77,0.62,0.02,Resistência,0,1
2018-07-03,94.09,99.94,103.56,106.48,109.41,113.57,118.88,125.62,134.20,0.73,0.62,0.06,Resistência,0,0
2018-07-05,94.09,99.94,103.56,106.48,109.41,113.57,118.88,125.62,134.20,0.74,0.62,0.05,Resistência,0,0
2018-07-06,94.09,99.94,103.56,106.48,109.41,113.57,118.88,125.62,134.20,0.75,0.62,0.04,Resistência,0,1
2018-07-09,94.09,99.94,103.56,106.48,109.41,113.57,118.88,125.62,134.20,0.76,0.62,0.03,Resistência,0,1
2018-07-10,94.09,99.94,103.56,106.48,109.41,113.57,118.88,125.62,134.20,0.81,0.79,0.19,Resistência Forte,0,1
2018-07-11,94.09,99.94,103.56,106.48,109.41,113.57,118.88,125.62,134.20,0.79,0.79,0.21,Resistência Forte,0,1
2018-07-12,100.52,104.85,107.53,109.70,111.87,114.95,118.88,123.87,130.23,0.82,0.79,0.18,Resistência Forte,0,1
2018-07-13,100.78,105.05,107.69,109.83,111.97,115.01,118.88,123.80,130.07,0.81,0.79,0.19,Resistência Forte,0,1
2018-07-16,101.94,105.94,108.41,110.41,112.41,115.25,118.88,123.49,129.35,0.78,0.62,0.01,Resistência,0,1
2018-07-17,104.34,107.77,109.89,111.61,113.33,115.77,118.88,122.83,127.87,0.76,0.62,0.03,Resistência,0,1
2018-07-18,104.34,107.77,109.89,111.61,113.33,115.77,118.88,122.83,127.87,0.77,0.62,0.02,Resistência,0,1
2018-07-19,104.70,108.05,110.12,111.79,113.46,115.85,118.88,122.74,127.64,0.74,0.62,0.05,Resistência,0,1
2018-07-20,104.70,108.05,110.12,111.79,113.46,115.85,118.88,122.74,127.64,0.75,0.62,0.04,Resistência,0,1
2018-07-23,104.70,108.05,110.12,111.79,113.46,115.85,118.88,122.74,127.64,0.77,0.62,0.02,Resistência,0,1
2018-07-24,104.70,108.05,110.12,111.79,113.46,115.85,118.88,122.74,127.64,0.74,0.62,0.05,Resistência,0,1
2018-07-25,104.70,108.05,110.12,111.79,113.46,115.85,118.88,122.74,127.64,0.86,0.79,0.14,Resistência Forte,0,1
2018-07-26,106.10,109.12,110.98,112.49,114.00,116.15,118.88,122.36,126.78,0.85,0.79,0.15,Resistência Forte,0,1
2018-07-27,106.14,109.15,111.01,112.51,114.01,116.15,118.88,122.35,126.75,0.73,0.62,0.06,Resistência,0,1
2018-07-30,106.26,109.24,111.08,112.57,114.06,116.18,118.88,122.31,126.68,0.52,0.50,0.10,Zona de Consolidação,0,0
2018-07-31,106.26,109.24,111.08,112.57,114.06,116.18,118.88,122.31,126.68,0.56,0.50,0.06,Zona de Consolidação,1,0
2018-08-01,106.26,109.24,111.08,112.57,114.06,116.18,118.88,122.31,126.68,0.41,0.38,0.09,Zona de Consolidação,1,0
2018-08-02,106.26,109.24,111.08,112.57,114.06,116.18,118.88,122.31,126.68,0.44,0.38,0.06,Zona de Consolidação,1,0
2018-08-03,107.34,110.06,111.75,113.11,114.47,116.41,118.88,122.02,126.01,0.47,0.38,0.03,Zona de Consolidação,1,0
2018-08-06,107.54,110.22,111.87,113.21,114.55,116.45,118.88,121.96,125.89,0.56,0.50,0.06,Zona de Consolidação,1,0
2018-08-07,107.54,110.22,111.87,113.21,114.55,116.45,118.88,121.96,125.89,0.73,0.62,0.06,Resistência,0,1
2018-08-08,108.44,110.90,112.43,113.66,114.89,116.65,118.88,121.72,125.33,0.70,0.62,0.09,Resistência,1,1
2018-08-09,108.44,110.90,112.43,113.66,114.89,116.65,118.88,121.72,125.33,0.75,0.62,0.04,Resistência,0,1
2018-08-10,108.54,110.98,112.49,113.71,114.93,116.67,118.88,121.69,125.27,0.82,0.79,0.18,Resistência Forte,0,1
2018-08-13,108.54,110.98,112.49,113.71,114.93,116.67,118.88,121.69,125.27,0.85,0.79,0.15,Resistência Forte,0,1
2018-08-14,108.54,110.98,112.49,113.71,114.93,116.67,118.88,121.69,125.27,0.97,0.79,0.03,Resistência Forte,0,1
2018-08-15,108.54,111.02,112.55,113.80,115.04,116.80,119.05,121.91,125.55,0.96,0.79,0.04,Resistência Forte,0,1
2018-08-16,108.54,111.05,112.60,113.85,115.10,116.89,119.16,122.05,125.72,0.95,0.79,0.05,Resistência Forte,0,1
2018-08-17,108.54,111.26,112.95,114.31,115.67,117.61,120.08,123.22,127.21,0.97,0.79,0.03,Resistência Forte,0,1
2018-08-20,108.54,111.26,112.95,114.31,115.67,117.61,120.08,123.22,127.21,0.94,0.79,0.06,Resistência Forte,0,1
2018-08-21,108.54,111.37,113.12,114.54,115.95,117.96,120.53,123.79,127.94,0.97,0.79,0.03,Resistência Forte,0,1
2018-08-22,108.54,111.40,113.16,114.59,116.02,118.05,120.64,123.93,128.12,0.98,0.79,0.02,Resistência Forte,0,1
2018-08-23,108.54,111.46,113.26,114.72,116.18,118.25,120.90,124.26,128.54,0.96,0.79,0.04,Resistência Forte,0,1
2018-08-24,108.54,111.48,113.30,114.77,116.24,118.33,121.00,124.39,128.70,0.97,0.79,0.03,Resistência Forte,0,1
2018-08-27,108.54,111.54,113.39,114.89,116.39,118.52,121.24,124.69,129.09,0.95,0.79,0.05,Resistência Forte,0,1
2018-08-28,108.54,111.54,113.39,114.89,116.39,118.52,121.24,124.69,129.09,0.97,0.79,0.03,Resistência Forte,0,1
2018-08-29,108.54,112.00,114.14,115.88,117.61,120.07,123.21,127.20,132.28,0.98,0.79,0.02,Resistência Forte,0,1
2018-08-30,108.54,112.03,114.18,115.93,117.67,120.15,123.31,127.33,132.44,0.93,0.79,0.07,Resistência Forte,0,1
2018-08-31,108.54,112.06,114.24,116.00,117.75,120.26,123.45,127.51,132.66,0.99,0.79,0.01,Resistência Forte,0,1
2018-09-04,108.54,112.06,114.24,116.00,117.75,120.26,123.45,127.51,132.66,0.93,0.79,0.07,Resistência Forte,0,1
2018-09-05,108.54,112.06,114.24,116.00,117.75,120.26,123.45,127.51,132.66,0.95,0.79,0.05,Resistência Forte,0,1
2018-09-06,108.54,112.13,114.36,116.16,117.95,120.51,123.77,127.91,133.18,1.00,1.00,0.27,Resistência Forte,0,1
2018-09-07,108.54,112.21,114.48,116.32,118.16,120.77,124.10,128.33,133.72,0.95,0.79,0.05,Resistência Forte,0,1
2018-09-10,108.54,112.21,114.48,116.32,118.16,120.77,124.10,128.33,133.72,0.96,0.79,0.04,Resistência Forte,0,1
2018-09-11,108.54,112.21,114.48,116.32,118.16,120.77,124.10,128.33,133.72,0.96,0.79,0.04,Resistência Forte,0,1
2018-09-12,108.54,112.21,114.48,116.32,118.16,120.77,124.10,128.33,133.72,0.97,0.79,0.03,Resistência Forte,0,1
2018-09-13,108.54,112.29,114.61,116.48,118.35,121.02,124.42,128.74,134.23,0.97,0.79,0.03,Resistência Forte,0,1
2018-09-14,108.54,112.39,114.77,116.70,118.63,121.37,124.86,129.30,134.95,0.97,0.79,0.03,Resistência Forte,0,1
2018-09-17,108.54,112.46,114.89,116.85,118.81,121.60,125.16,129.68,135.43,0.94,0.79,0.06,Resistência Forte,0,1
2018-09-18,108.54,112.46,114.89,116.85,118.81,121.60,125.16,129.68,135.43,0.96,0.79,0.04,Resistência Forte,0,1
2018-09-19,108.54,112.46,114.89,116.85,118.81,121.60,125.16,129.68,135.43,0.93,0.79,0.07,Resistência Forte,0,1
2018-09-20,108.54,112.62,115.14,117.18,119.23,122.13,125.83,130.53,136.52,0.99,0.79,0.01,Resistência Forte,0,1
2018-09-21,108.54,113.00,115.76,118.00,120.23,123.40,127.45,132.59,139.14,0.99,0.79,0.01,Resistência Forte,0,1
2018-09-24,108.54,113.00,115.76,118.00,120.23,123.40,127.45,132.59,139.14,0.91,0.79,0.09,Resistência Forte,0,0
2018-09-25,108.54,113.00,115.76,118.00,120.23,123.40,127.45,132.59,139.14,0.91,0.79,0.09,Resistência Forte,0,0
2018-09-26,108.54,113.00,115.76,118.00,120.23,123.40,127.45,132.59,139.14,0.94,0.79,0.06,Resistência Forte,0,1
2018-09-27,108.54,113.00,115.76,118.00,120.23,123.40,127.45,132.59,139.14,0.95,0.79,0.05,Resistência Forte,0,1
2018-09-28,108.54,113.06,115.86,118.12,120.39,123.61,127.71,132.92,139.56,0.97,0.79,0.03,Resistência Forte,0,1
2018-10-01,108.54,113.29,116.23,118.61,120.99,124.37,128.68,134.16,141.13,0.93,0.79,0.07,Resistência Forte,0,0
2018-10-02,108.54,113.29,116.23,118.61,120.99,124.37,128.68,134.16,141.13,0.97,0.79,0.03,Resistência Forte,0,1
2018-10-03,108.54,113.50,116.57,119.05,121.53,125.06,129.56,135.28,142.55,0.92,0.79,0.08,Resistência Forte,0,0
2018-10-04,108.54,113.50,116.57,119.05,121.53,125.06,129.56,135.28,142.55,0.87,0.79,0.13,Resistência Forte,0,0
2018-10-05,108.54,113.50,116.57,119.05,121.53,125.06,129.56,135.28,142.55,0.90,0.79,0.10,Resistência Forte,0,0
2018-10-08,108.54,113.50,116.57,119.05,121.53,125.06,129.56,135.28,142.55,0.83,0.79,0.17,Resistência Forte,0,1
2018-10-09,108.54,113.50,116.57,119.05,121.53,125.06,129.56,135.28,142.55,0.86,0.79,0.14,Resistência Forte,0,0
2018-10-10,108.54,113.50,116.57,119.05,121.53,125.06,129.56,135.28,142.55,0.53,0.50,0.09,Zona de Consolidação,0,0
2018-10-11,109.56,114.28,117.20,119.56,121.92,125.28,129.56,135.00,141.92,0.35,0.24,0.03,Suporte,1,0
2018-10-12,111.72,115.93,118.53,120.64,122.75,125.74,129.56,134.41,140.59,0.39,0.38,0.11,Zona de Consolidação,1,0
2018-10-15,112.54,116.56,119.04,121.05,123.06,125.92,129.56,134.19,140.08,0.34,0.24,0.04,Suporte,1,0
2018-10-16,113.45,117.25,119.60,121.50,123.41,126.11,129.56,133.94,139.52,0.46,0.38,0.04,Zona de Consolidação,0,0
2018-10-17,115.09,118.50,120.62,122.32,124.03,126.46,129.56,133.50,138.50,0.43,0.38,0.07,Zona de Consolidação,1,0
2018-10-18,115.67,118.95,120.98,122.62,124.25,126.59,129.56,133.34,138.14,0.36,0.24,0.02,Suporte,1,0
2018-10-19,115.67,118.95,120.98,122.62,124.25,126.59,129.56,133.34,138.14,0.39,0.38,0.11,Zona de Consolidação,1,0
2018-10-22,115.67,118.95,120.98,122.62,124.25,126.59,129.56,133.34,138.14,0.42,0.38,0.08,Zona de Consolidação,1,0
2018-10-23,115.67,118.95,120.98,122.62,124.25,126.59,129.56,133.34,138.14,0.33,0.24,0.05,Suporte,1,0
2018-10-24,115.67,118.95,120.98,122.62,124.25,126.59,129.56,133.34,138.14,0.04,0.00,0.20,Suporte Forte,0,0
2018-10-25,115.67,118.95,120.98,122.62,124.25,126.59,129.56,133.34,138.14,0.21,0.00,0.03,Suporte Forte,0,0
2018-10-26,114.37,117.95,120.17,121.96,123.76,126.31,129.56,133.69,138.95,0.05,0.00,0.19,Suporte Forte,0,0
2018-10-29,112.36,116.42,118.93,120.96,122.99,125.88,129.56,134.24,140.19,0.11,0.00,0.13,Suporte Forte,0,0
2018-10-30,112.36,116.42,118.93,120.96,122.99,125.88,129.56,134.24,140.19,0.20,0.00,0.04,Suporte Forte,0,0
2018-10-31,112.36,116.42,118.93,120.96,122.99,125.88,129.56,134.24,140.19,0.54,0.50,0.08,Zona de Consolidação,0,0
2018-11-01,112.36,116.42,118.93,120.96,122.99,125.88,129.56,134.24,140.19,0.38,0.24,0.00,Suporte,1,0
2018-11-02,112.36,116.42,118.93,120.96,122.99,125.88,129.56,134.24,140.19,0.37,0.24,0.01,Suporte,1,0
2018-11-05,112.36,116.42,118.93,120.96,122.99,125.88,129.56,134.24,140.19,0.41,0.38,0.09,Zona de Consolidação,1,0
2018-11-06,112.36,116.42,118.93,120.96,122.99,125.88,129.56,134.24,140.19,0.53,0.50,0.09,Zona de Consolidação,0,0
2018-11-07,112.36,116.42,118.93,120.96,122.99,125.88,129.56,134.24,140.19,0.74,0.62,0.05,Resistência,0,1
2018-11-08,112.36,116.42,118.93,120.96,122.99,125.88,129.56,134.24,140.19,0.72,0.62,0.07,Resistência,0,1
2018-11-09,112.36,116.42,118.93,120.96,122.99,125.88,129.56,134.24,140.19,0.69,0.62,0.10,Resistência,0,0
2018-11-12,112.36,116.42,118.93,120.96,122.99,125.88,129.56,134.24,140.19,0.54,0.50,0.08,Zona de Consolidação,0,0
2018-11-13,112.36,116.42,118.93,120.96,122.99,125.88,129.56,134.24,140.19,0.57,0.50,0.05,Zona de Consolidação,1,0
2018-11-14,112.36,116.42,118.93,120.96,122.99,125.88,129.56,134.24,140.19,0.47,0.38,0.03,Zona de Consolidação,0,0
2018-11-15,112.36,116.42,118.93,120.96,122.99,125.88,129.56,134.24,140.19,0.69,0.62,0.10,Resistência,0,0
2018-11-16,112.36,116.42,118.93,120.96,122.99,125.88,129.56,134.24,140.19,0.66,0.62,0.13,Resistência,1,0
2018-11-19,112.36,116.42,118.93,120.96,122.99,125.88,129.56,134.24,140.19,0.51,0.50,0.11,Zona de Consolidação,0,0
2018-11-20,112.36,116.42,118.93,120.96,122.99,125.88,129.56,134.24,140.19,0.36,0.24,0.02,Suporte,1,0
2018-11-21,112.36,116.42,118.93,120.96,122.99,125.88,129.56,134.24,140.19,0.39,0.38,0.11,Zona de Consolidação,1,0
2018-11-23,112.36,116.42,118.93,120.96,122.99,125.88,129.56,134.24,140.19,0.38,0.24,0.00,Suporte,1,0
2018-11-26,112.36,116.42,118.93,120.96,122.99,125.88,129.56,134.24,140.19,0.57,0.50,0.05,Zona de Consolidação,1,0
2018-11-27,112.36,116.42,118.93,120.96,122.99,125.88,129.56,134.24,140.19,0.60,0.50,0.02,Zona de Consolidação,1,0
2018-11-28,112.36,116.42,118.93,120.96,122.99,125.88,129.56,134.24,140.19,0.76,0.62,0.03,Resistência,0,1
2018-11-29,112.36,116.42,118.93,120.96,122.99,125.88,129.56,134.24,140.19,0.62,0.62,0.17,Resistência,1,0
2018-11-30,112.36,116.42,118.93,120.96,122.99,125.88,129.56,134.24,140.19,0.70,0.62,0.09,Resistência,0,0
2018-12-03,112.36,116.42,118.93,120.96,122.99,125.88,129.56,134.24,140.19,0.70,0.62,0.09,Resistência,0,0
2018-12-04,112.36,116.42,118.93,120.96,122.99,125.88,129.56,134.24,140.19,0.51,0.50,0.11,Zona de Consolidação,0,0
2018-12-06,112.36,116.42,118.93,120.96,122.99,125.88,129.56,134.24,140.19,0.49,0.38,0.01,Zona de Consolidação,0,0
2018-12-07,112.36,116.42,118.93,120.96,122.99,125.88,129.56,134.24,140.19,0.30,0.24,0.08,Suporte,0,0
2018-12-10,112.36,116.42,118.93,120.96,122.99,125.88,129.56,134.24,140.19,0.32,0.24,0.06,Suporte,1,0
2018-12-11,112.36,116.42,118.93,120.96,122.99,125.88,129.56,134.24,140.19,0.34,0.24,0.04,Suporte,1,0
2018-12-12,112.36,116.42,118.93,120.96,122.99,125.88,129.56,134.24,140.19,0.32,0.24,0.06,Suporte,1,0
2018-12-13,112.36,116.42,118.93,120.96,122.99,125.88,129.56,134.24,140.19,0.29,0.24,0.09,Suporte,0,0
2018-12-14,112.36,116.19,118.56,120.48,122.39,125.12,128.59,133.00,138.62,0.13,0.00,0.11,Suporte Forte,0,0
2018-12-17,111.72,115.70,118.16,120.16,122.15,124.98,128.59,133.18,139.02,0.04,0.00,0.20,Suporte Forte,0,0
2018-12-18,109.83,114.26,117.00,119.21,121.42,124.58,128.59,133.69,140.18,0.03,0.00,0.21,Suporte Forte,0,0
2018-12-19,109.36,113.90,116.71,118.98,121.24,124.47,128.59,133.82,140.47,0.07,0.00,0.17,Suporte Forte,0,0
2018-12-20,108.86,113.14,115.78,117.92,120.06,123.10,126.98,131.91,138.18,0.10,0.00,0.14,Suporte Forte,0,0
2018-12-21,106.24,110.98,113.91,116.28,118.65,122.02,126.32,131.78,138.73,0.01,0.00,0.23,Suporte Forte,0,0
2018-12-24,103.41,108.82,112.16,114.86,117.57,121.42,126.32,132.55,140.48,0.00,0.00,0.24,Suporte Forte,0,0
2018-12-26,103.04,108.53,111.93,114.68,117.43,121.34,126.32,132.65,140.71,0.23,0.00,0.01,Suporte Forte,0,0
2018-12-27,103.04,108.53,111.93,114.68,117.43,121.34,126.32,132.65,140.71,0.30,0.24,0.08,Suporte,0,0
2018-12-28,103.04,108.53,111.93,114.68,117.43,121.34,126.32,132.65,140.71,0.29,0.24,0.09,Suporte,0,0
2018-12-31,103.04,108.53,111.93,114.68,117.43,121.34,126.32,132.65,140.71,0.35,0.24,0.03,Suporte,1,0
2019-01-02,103.04,108.53,111.93,114.68,117.43,121.34,126.32,132.65,140.71,0.32,0.24,0.06,Suporte,0,0
2019-01-03,103.04,108.53,111.93,114.68,117.43,121.34,126.32,132.65,140.71,0.18,0.00,0.06,Suporte Forte,0,0
2019-01-04,103.04,108.53,111.93,114.68,117.43,121.34,126.32,132.65,140.71,0.36,0.24,0.02,Suporte,1,0
2019-01-07,103.04,108.53,111.93,114.68,117.43,121.34,126.32,132.65,140.71,0.33,0.24,0.05,Suporte,0,0
2019-01-08,103.04,108.53,111.93,114.68,117.43,121.34,126.32,132.65,140.71,0.36,0.24,0.02,Suporte,1,0
2019-01-09,103.04,108.53,111.93,114.68,117.43,121.34,126.32,132.65,140.71,0.37,0.24,0.01,Suporte,1,0
2019-01-10,103.04,108.53,111.93,114.68,117.43,121.34,126.32,132.65,140.71,0.40,0.38,0.10,Zona de Consolidação,1,0
2019-01-11,103.04,108.53,111.93,114.68,117.43,121.34,126.32,132.65,140.71,0.37,0.24,0.01,Suporte,1,0
2019-01-14,103.04,108.53,111.93,114.68,117.43,121.34,126.32,132.65,140.71,0.35,0.24,0.03,Suporte,1,0
2019-01-15,103.04,108.53,111.93,114.68,117.43,121.34,126.32,132.65,140.71,0.40,0.38,0.10,Zona de Consolidação,1,0
2019-01-16,103.04,108.53,111.93,114.68,117.43,121.34,126.32,132.65,140.71,0.41,0.38,0.09,Zona de Consolidação,1,0
2019-01-17,103.04,108.53,111.93,114.68,117.43,121.34,126.32,132.65,140.71,0.42,0.38,0.08,Zona de Consolidação,1,0
2019-01-18,103.04,108.53,111.93,114.68,117.43,121.34,126.32,132.65,140.71,0.50,0.50,0.12,Zona de Consolidação,0,0
2019-01-22,103.04,108.53,111.93,114.68,117.43,121.34,126.32,132.65,140.71,0.43,0.38,0.07,Zona de Consolidação,1,0
2019-01-23,103.04,108.53,111.93,114.68,117.43,121.34,126.32,132.65,140.71,0.47,0.38,0.03,Zona de Consolidação,0,0
2019-01-24,103.04,108.53,111.93,114.68,117.43,121.34,126.32,132.65,140.71,0.49,0.38,0.01,Zona de Consolidação,0,0
2019-01-25,103.04,108.53,111.93,114.68,117.43,121.34,126.32,132.65,140.71,0.55,0.50,0.07,Zona de Consolidação,0,0
2019-01-28,103.04,108.53,111.93,114.68,117.43,121.34,126.32,132.65,140.71,0.51,0.50,0.11,Zona de Consolidação,0,0
2019-01-29,103.04,108.53,111.93,114.68,117.43,121.34,126.32,132.65,140.71,0.46,0.38,0.04,Zona de Consolidação,0,0
2019-01-30,103.04,108.53,111.93,114.68,117.43,121.34,126.32,132.65,140.71,0.66,0.62,0.13,Resistência,1,0
2019-01-31,103.04,108.53,111.93,114.68,117.43,121.34,126.32,132.65,140.71,0.67,0.62,0.12,Resistência,0,0
2019-02-01,103.04,108.53,111.93,114.68,117.43,121.34,126.32,132.65,140.71,0.74,0.62,0.05,Resistência,0,1
2019-02-04,103.04,108.53,111.93,114.68,117.43,121.34,126.32,132.65,140.71,0.81,0.79,0.19,Resistência Forte,0,1
2019-02-05,103.04,108.53,111.93,114.68,117.43,121.34,126.32,132.65,140.71,0.87,0.79,0.13,Resistência Forte,0,0
2019-02-06,103.04,108.53,111.93,114.68,117.43,121.34,126.32,132.65,140.71,0.88,0.79,0.12,Resistência Forte,0,0
2019-02-07,103.04,108.53,111.93,114.68,117.43,121.34,126.32,132.65,140.71,0.89,0.79,0.11,Resistência Forte,0,0
2019-02-08,103.04,108.53,111.93,114.68,117.43,121.34,126.32,132.65,140.71,0.93,0.79,0.07,Resistência Forte,0,0
2019-02-11,103.04,108.53,111.93,114.68,117.43,121.34,126.32,132.65,140.71,0.95,0.79,0.05,Resistência Forte,0,1
2019-02-12,103.04,108.76,112.29,115.15,118.01,122.08,127.26,133.85,142.23,0.98,0.79,0.02,Resistência Forte,0,1
2019-02-13,103.04,109.04,112.75,115.75,118.75,123.02,128.46,135.37,144.17,0.97,0.79,0.03,Resistência Forte,0,1
2019-02-14,103.04,109.04,112.75,115.75,118.75,123.02,128.46,135.37,144.17,0.89,0.79,0.11,Resistência Forte,0,0
2019-02-15,103.04,109.04,112.75,115.75,118.75,123.02,128.46,135.37,144.17,0.94,0.79,0.06,Resistência Forte,0,0
2019-02-19,103.04,109.04,112.75,115.75,118.75,123.02,128.46,135.37,144.17,0.97,0.79,0.03,Resistência Forte,0,1
2019-02-20,103.04,109.04,112.75,115.75,118.75,123.02,128.46,135.37,144.17,0.97,0.79,0.03,Resistência Forte,0,1
2019-02-21,103.04,109.07,112.80,115.82,118.83,123.12,128.59,135.54,144.38,0.98,0.79,0.02,Resistência Forte,0,1
2019-02-22,103.04,109.41,113.35,116.54,119.73,124.26,130.04,137.38,146.73,1.00,1.00,0.27,Resistência Forte,0,1
2019-02-25,103.04,109.68,113.79,117.11,120.43,125.16,131.18,138.83,148.57,0.94,0.79,0.06,Resistência Forte,0,0
2019-02-26,103.04,109.68,113.79,117.11,120.43,125.16,131.18,138.83,148.57,0.95,0.79,0.05,Resistência Forte,0,0
2019-02-27,103.04,109.68,113.79,117.11,120.43,125.16,131.18,138.83,148.57,0.95,0.79,0.05,Resistência Forte,0,0
2019-02-28,103.04,109.68,113.79,117.11,120.43,125.16,131.18,138.83,148.57,0.95,0.79,0.05,Resistência Forte,0,1
2019-03-01,103.04,109.68,113.79,117.11,120.43,125.16,131.18,138.83,148.57,0.98,0.79,0.02,Resistência Forte,0,1
2019-03-04,103.04,109.68,113.79,117.11,120.43,125.16,131.18,138.83,148.57,0.96,0.79,0.04,Resistência Forte,0,1
2019-03-05,103.04,109.68,113.79,117.11,120.43,125.16,131.18,138.83,148.57,0.94,0.79,0.06,Resistência Forte,0,0
2019-03-06,103.04,109.68,113.79,117.11,120.43,125.16,131.18,138.83,148.57,0.94,0.79,0.06,Resistência Forte,0,0
2019-03-07,103.04,109.68,113.79,117.11,120.43,125.16,131.18,138.83,148.57,0.90,0.79,0.10,Resistência Forte,0,0
2019-03-08,103.04,109.68,113.79,117.11,120.43,125.16,131.18,138.83,148.57,0.86,0.79,0.14,Resistência Forte,0,0
2019-03-11,105.65,111.68,115.40,118.42,121.43,125.72,131.18,138.12,146.96,0.91,0.79,0.09,Resistência Forte,0,0
2019-03-12,107.00,112.71,116.24,119.09,121.94,126.01,131.18,137.76,146.12,0.94,0.79,0.06,Resistência Forte,0,0
2019-03-13,107.00,112.75,116.31,119.18,122.06,126.15,131.37,138.00,146.43,0.96,0.79,0.04,Resistência Forte,0,1
2019-03-14,107.00,112.75,116.31,119.18,122.06,126.15,131.37,138.00,146.43,0.98,0.79,0.02,Resistência Forte,0,1
2019-03-15,107.00,113.03,116.76,119.78,122.79,127.08,132.55,139.50,148.34,1.00,1.00,0.27,Resistência Forte,0,1
2019-03-18,108.25,114.07,117.68,120.59,123.50,127.65,132.93,139.64,148.18,0.96,0.79,0.04,Resistência Forte,0,1
2019-03-19,109.54,115.06,118.47,121.24,124.00,127.92,132.93,139.29,147.39,0.96,0.79,0.04,Resistência Forte,0,1
2019-03-20,109.54,115.06,118.47,121.24,124.00,127.92,132.93,139.29,147.39,0.94,0.79,0.06,Resistência Forte,0,0
2019-03-21,109.89,115.37,118.77,121.51,124.25,128.16,133.13,139.45,147.49,0.97,0.79,0.03,Resistência Forte,0,1
2019-03-22,110.34,115.72,119.05,121.74,124.42,128.25,133.13,139.33,147.21,0.92,0.79,0.08,Resistência Forte,0,0
2019-03-25,110.34,115.72,119.05,121.74,124.42,128.25,133.13,139.33,147.21,0.91,0.79,0.09,Resistência Forte,0,0
2019-03-26,110.34,115.77,119.12,121.84,124.55,128.41,133.33,139.58,147.54,1.00,1.00,0.27,Resistência Forte,0,1
2019-03-27,111.15,116.58,119.94,122.66,125.38,129.24,134.17,140.43,148.40,0.98,0.79,0.02,Resistência Forte,0,1
2019-03-28,111.90,117.41,120.82,123.58,126.34,130.26,135.26,141.61,149.70,0.99,0.79,0.01,Resistência Forte,0,1
2019-03-29,112.07,117.82,121.38,124.25,127.12,131.22,136.43,143.06,151.48,0.99,0.79,0.01,Resistência Forte,0,1
2019-04-01,112.07,118.31,122.16,125.28,128.40,132.84,138.49,145.68,154.82,0.99,0.79,0.01,Resistência Forte,0,1
2019-04-02,112.07,118.38,122.29,125.44,128.60,133.10,138.82,146.10,155.35,0.96,0.79,0.04,Resistência Forte,0,1
2019-04-03,112.59,118.78,122.61,125.70,128.80,133.21,138.82,145.95,155.03,0.95,0.79,0.05,Resistência Forte,0,1
2019-04-04,113.53,119.50,123.19,126.18,129.16,133.41,138.82,145.70,154.45,0.89,0.79,0.11,Resistência Forte,0,0
2019-04-05,113.53,119.50,123.19,126.18,129.16,133.41,138.82,145.70,154.45,0.92,0.79,0.08,Resistência Forte,0,0
2019-04-08,113.53,119.50,123.19,126.18,129.16,133.41,138.82,145.70,154.45,0.92,0.79,0.08,Resistência Forte,0,0
2019-04-09,113.53,119.50,123.19,126.18,129.16,133.41,138.82,145.70,154.45,0.90,0.79,0.10,Resistência Forte,0,0
2019-04-10,114.59,120.31,123.85,126.70,129.56,133.63,138.82,145.41,153.79,0.92,0.79,0.08,Resistência Forte,0,0
2019-04-11,117.24,122.33,125.48,128.03,130.58,134.20,138.82,144.69,152.16,0.96,0.79,0.04,Resistência Forte,0,1
2019-04-12,118.58,123.49,126.53,128.98,131.44,134.94,139.39,145.05,152.25,1.00,1.00,0.27,Resistência Forte,0,1
2019-04-15,120.01,124.68,127.57,129.90,132.24,135.56,139.80,145.18,152.03,0.99,0.79,0.01,Resistência Forte,0,1
2019-04-16,122.16,126.43,129.08,131.22,133.35,136.39,140.27,145.20,151.46,0.89,0.79,0.11,Resistência Forte,0,0
2019-04-17,122.16,126.43,129.08,131.22,133.35,136.39,140.27,145.20,151.46,0.93,0.79,0.07,Resistência Forte,0,1
2019-04-18,122.16,126.43,129.08,131.22,133.35,136.39,140.27,145.20,151.46,0.91,0.79,0.09,Resistência Forte,0,0
2019-04-22,122.26,126.51,129.14,131.27,133.39,136.42,140.27,145.17,151.40,0.88,0.79,0.12,Resistência Forte,0,0
2019-04-23,124.59,128.44,130.82,132.74,134.66,137.40,140.89,145.32,150.96,1.00,1.00,0.27,Resistência Forte,0,1
2019-04-24,125.68,129.34,131.61,133.44,135.27,137.88,141.20,145.42,150.79,0.89,0.79,0.11,Resistência Forte,0,0
2019-04-25,125.68,129.34,131.61,133.44,135.27,137.88,141.20,145.42,150.79,0.91,0.79,0.09,Resistência Forte,0,1
2019-04-26,125.68,129.34,131.61,133.44,135.27,137.88,141.20,145.42,150.79,0.90,0.79,0.10,Resistência Forte,0,0
2019-04-29,125.99,129.58,131.80,133.60,135.39,137.95,141.20,145.34,150.60,0.86,0.79,0.14,Resistência Forte,0,1
2019-04-30,126.40,129.89,132.05,133.80,135.55,138.03,141.20,145.23,150.35,0.94,0.79,0.06,Resistência Forte,0,1
2019-05-01,126.40,129.89,132.05,133.80,135.55,138.03,141.20,145.23,150.35,0.54,0.50,0.08,Zona de Consolidação,1,0
2019-05-02,126.40,129.89,132.05,133.80,135.55,138.03,141.20,145.23,150.35,0.59,0.50,0.03,Zona de Consolidação,1,0
2019-05-03,126.40,129.89,132.05,133.80,135.55,138.03,141.20,145.23,150.35,0.69,0.62,0.10,Resistência,1,1
2019-05-06,126.40,129.89,132.05,133.80,135.55,138.03,141.20,145.23,150.35,0.70,0.62,0.09,Resistência,1,1
2019-05-07,126.40,129.89,132.05,133.80,135.55,138.03,141.20,145.23,150.35,0.59,0.50,0.03,Zona de Consolidação,1,0
2019-05-08,126.40,129.89,132.05,133.80,135.55,138.03,141.20,145.23,150.35,0.64,0.62,0.15,Resistência,1,0
2019-05-09,126.40,129.89,132.05,133.80,135.55,138.03,141.20,145.23,150.35,0.72,0.62,0.07,Resistência,0,1
2019-05-10,126.40,129.89,132.05,133.80,135.55,138.03,141.20,145.23,150.35,0.74,0.62,0.05,Resistência,0,1
2019-05-13,126.40,129.89,132.05,133.80,135.55,138.03,141.20,145.23,150.35,0.52,0.50,0.10,Zona de Consolidação,0,0
2019-05-14,126.40,129.89,132.05,133.80,135.55,138.03,141.20,145.23,150.35,0.60,0.50,0.02,Zona de Consolidação,1,0
2019-05-15,126.40,129.89,132.05,133.80,135.55,138.03,141.20,145.23,150.35,0.65,0.62,0.14,Resistência,1,0
2019-05-16,126.40,129.89,132.05,133.80,135.55,138.03,141.20,145.23,150.35,0.77,0.62,0.02,Resistência,0,1
2019-05-17,126.40,129.89,132.05,133.80,135.55,138.03,141.20,145.23,150.35,0.78,0.62,0.01,Resistência,0,1
2019-05-20,127.15,130.47,132.52,134.18,135.83,138.19,141.20,145.02,149.88,0.75,0.62,0.04,Resistência,0,1
2019-05-21,128.92,131.82,133.61,135.06,136.51,138.57,141.20,144.54,148.79,0.83,0.79,0.17,Resistência Forte,0,1
2019-05-22,129.86,132.54,134.19,135.53,136.87,138.77,141.20,144.28,148.21,0.84,0.79,0.16,Resistência Forte,0,1
2019-05-23,129.92,132.58,134.23,135.56,136.89,138.79,141.20,144.27,148.17,0.67,0.62,0.12,Resistência,1,1
2019-05-24,130.25,132.83,134.43,135.72,137.02,138.86,141.20,144.18,147.97,0.72,0.62,0.07,Resistência,1,1
2019-05-28,130.33,132.90,134.48,135.76,137.05,138.87,141.20,144.16,147.92,0.72,0.62,0.07,Resistência,1,1
2019-05-29,130.33,132.90,134.48,135.76,137.05,138.87,141.20,144.16,147.92,0.56,0.50,0.06,Zona de Consolidação,1,0
2019-05-30,130.33,132.90,134.48,135.76,137.05,138.87,141.20,144.16,147.92,0.64,0.62,0.15,Resistência,1,0
2019-05-31,130.33,132.90,134.48,135.76,137.05,138.87,141.20,144.16,147.92,0.58,0.50,0.04,Zona de Consolidação,1,0
2019-06-03,130.33,132.90,134.48,135.76,137.05,138.87,141.20,144.16,147.92,0.25,0.24,0.13,Suporte,0,0
2019-06-04,130.33,132.90,134.48,135.76,137.05,138.87,141.20,144.16,147.92,0.53,0.50,0.09,Zona de Consolidação,1,0
2019-06-05,131.60,133.87,135.27,136.40,137.53,139.15,141.20,143.81,147.13,0.75,0.62,0.04,Resistência,1,1
2019-06-06,132.00,134.17,135.51,136.60,137.69,139.23,141.20,143.70,146.89,0.89,0.79,0.11,Resistência Forte,0,1
2019-06-07,132.00,134.65,136.29,137.62,138.94,140.83,143.23,146.28,150.17,0.93,0.79,0.07,Resistência Forte,0,1
2019-06-10,132.00,134.76,136.47,137.85,139.23,141.20,143.70,146.88,150.93,0.95,0.79,0.05,Resistência Forte,0,1
2019-06-11,132.00,134.85,136.61,138.04,139.47,141.49,144.08,147.37,151.55,0.73,0.62,0.06,Resistência,0,1
2019-06-12,132.00,134.85,136.61,138.04,139.47,141.49,144.08,147.37,151.55,0.74,0.62,0.05,Resistência,0,1
2019-06-13,132.00,134.85,136.61,138.04,139.47,141.49,144.08,147.37,151.55,0.74,0.62,0.05,Resistência,0,1
2019-06-14,132.00,134.85,136.61,138.04,139.47,141.49,144.08,147.37,151.55,0.82,0.79,0.18,Resistência Forte,0,1
2019-06-17,132.00,134.85,136.61,138.04,139.47,141.49,144.08,147.37,151.55,0.85,0.79,0.15,Resistência Forte,0,1
2019-06-18,132.00,135.08,136.99,138.52,140.06,142.26,145.05,148.60,153.11,0.94,0.79,0.06,Resistência Forte,0,1
2019-06-19,132.00,135.08,136.99,138.52,140.06,142.26,145.05,148.60,153.11,0.94,0.79,0.06,Resistência Forte,0,1
2019-06-20,132.00,135.26,137.28,138.92,140.55,142.87,145.83,149.59,154.38,0.97,0.79,0.03,Resistência Forte,0,1
2019-06-21,132.00,135.33,137.40,139.06,140.73,143.11,146.13,149.97,154.86,0.86,0.79,0.14,Resistência Forte,0,1
2019-06-24,132.00,135.33,137.40,139.06,140.73,143.11,146.13,149.97,154.86,0.84,0.79,0.16,Resistência Forte,0,1
2019-06-25,132.00,135.33,137.40,139.06,140.73,143.11,146.13,149.97,154.86,0.70,0.62,0.09,Resistência,1,1
2019-06-26,132.00,135.33,137.40,139.06,140.73,143.11,146.13,149.97,154.86,0.54,0.50,0.08,Zona de Consolidação,1,0
2019-06-27,132.00,135.33,137.40,139.06,140.73,143.11,146.13,149.97,154.86,0.61,0.50,0.01,Zona de Consolidação,1,0
2019-06-28,132.00,135.33,137.40,139.06,140.73,143.11,146.13,149.97,154.86,0.69,0.62,0.10,Resistência,1,1
2019-07-01,132.00,135.33,137.40,139.06,140.73,143.11,146.13,149.97,154.86,0.75,0.62,0.04,Resistência,0,1
2019-07-02,132.00,135.33,137.40,139.06,140.73,143.11,146.13,149.97,154.86,0.48,0.38,0.02,Zona de Consolidação,0,0
2019-07-03,132.00,135.33,137.40,139.06,140.73,143.11,146.13,149.97,154.86,0.61,0.50,0.01,Zona de Consolidação,1,0
2019-07-05,132.00,135.33,137.40,139.06,140.73,143.11,146.13,149.97,154.86,0.66,0.62,0.13,Resistência,1,0
2019-07-08,132.00,135.33,137.40,139.06,140.73,143.11,146.13,149.97,154.86,0.61,0.50,0.01,Zona de Consolidação,1,0
2019-07-09,132.00,135.33,137.40,139.06,140.73,143.11,146.13,149.97,154.86,0.58,0.50,0.04,Zona de Consolidação,1,0
2019-07-10,132.00,135.33,137.40,139.06,140.73,143.11,146.13,149.97,154.86,0.64,0.62,0.15,Resistência,1,0
2019-07-11,132.00,135.33,137.40,139.06,140.73,143.11,146.13,149.97,154.86,0.68,0.62,0.11,Resistência,1,0
2019-07-12,132.47,135.69,137.69,139.30,140.91,143.21,146.13,149.85,154.57,0.67,0.62,0.12,Resistência,1,0
2019-07-15,132.47,135.69,137.69,139.30,140.91,143.21,146.13,149.85,154.57,0.66,0.62,0.13,Resistência,1,0
2019-07-16,132.47,135.69,137.69,139.30,140.91,143.21,146.13,149.85,154.57,0.61,0.50,0.01,Zona de Consolidação,1,0
2019-07-17,132.47,135.69,137.69,139.30,140.91,143.21,146.13,149.85,154.57,0.68,0.62,0.11,Resistência,1,1
2019-07-18,132.47,135.69,137.69,139.30,140.91,143.21,146.13,149.85,154.57,0.83,0.79,0.17,Resistência Forte,0,1
2019-07-19,132.47,135.69,137.69,139.30,140.91,143.21,146.13,149.85,154.57,0.75,0.62,0.04,Resistência,0,1
2019-07-22,132.47,135.69,137.69,139.30,140.91,143.21,146.13,149.85,154.57,0.79,0.79,0.21,Resistência Forte,0,1
2019-07-23,132.47,135.69,137.69,139.30,140.91,143.21,146.13,149.85,154.57,0.84,0.79,0.16,Resistência Forte,0,1
2019-07-24,132.47,135.69,137.69,139.30,140.91,143.21,146.13,149.85,154.57,0.80,0.79,0.20,Resistência Forte,0,1
2019-07-25,132.47,135.69,137.69,139.30,140.91,143.21,146.13,149.85,154.57,0.79,0.79,0.21,Resistência Forte,0,1
2019-07-26,132.47,135.69,137.69,139.30,140.91,143.21,146.13,149.85,154.57,0.93,0.79,0.07,Resistência Forte,0,1
2019-07-29,132.47,135.69,137.69,139.30,140.91,143.21,146.13,149.85,154.57,0.84,0.79,0.16,Resistência Forte,0,1
2019-07-30,132.47,135.69,137.69,139.30,140.91,143.21,146.13,149.85,154.57,0.66,0.62,0.13,Resistência,1,0
2019-07-31,132.47,136.01,138.19,139.96,141.73,144.24,147.45,151.52,156.71,0.69,0.62,0.10,Resistência,1,0
2019-08-01,132.47,136.01,138.19,139.96,141.73,144.24,147.45,151.52,156.71,0.56,0.50,0.06,Zona de Consolidação,1,0
2019-08-02,132.47,136.01,138.19,139.96,141.73,144.24,147.45,151.52,156.71,0.56,0.50,0.06,Zona de Consolidação,1,0
2019-08-05,132.47,136.01,138.19,139.96,141.73,144.24,147.45,151.52,156.71,0.30,0.24,0.08,Suporte,1,0
2019-08-06,132.47,136.01,138.19,139.96,141.73,144.24,147.45,151.52,156.71,0.51,0.50,0.11,Zona de Consolidação,0,0
2019-08-07,132.47,136.01,138.19,139.96,141.73,144.24,147.45,151.52,156.71,0.57,0.50,0.05,Zona de Consolidação,1,0
2019-08-08,132.47,136.01,138.19,139.96,141.73,144.24,147.45,151.52,156.71,0.90,0.79,0.10,Resistência Forte,0,1
2019-08-09,132.47,136.01,138.19,139.96,141.73,144.24,147.45,151.52,156.71,0.76,0.62,0.03,Resistência,0,1
2019-08-12,132.47,136.01,138.19,139.96,141.73,144.24,147.45,151.52,156.71,0.65,0.62,0.14,Resistência,1,0
2019-08-13,133.15,136.52,138.61,140.30,141.99,144.39,147.45,151.34,156.29,0.80,0.79,0.20,Resistência Forte,0,1
2019-08-14,136.08,138.76,140.42,141.76,143.11,145.02,147.45,150.54,154.48,0.39,0.38,0.11,Zona de Consolidação,1,0
2019-08-15,136.08,138.76,140.42,141.76,143.11,145.02,147.45,150.54,154.48,0.48,0.38,0.02,Zona de Consolidação,1,0
2019-08-16,136.08,138.76,140.42,141.76,143.11,145.02,147.45,150.54,154.48,0.62,0.62,0.17,Resistência,1,0
2019-08-19,136.08,138.76,140.42,141.76,143.11,145.02,147.45,150.54,154.48,0.77,0.62,0.02,Resistência,0,1
2019-08-20,136.08,138.76,140.42,141.76,143.11,145.02,147.45,150.54,154.48,0.69,0.62,0.10,Resistência,1,1
2019-08-21,136.08,138.76,140.42,141.76,143.11,145.02,147.45,150.54,154.48,0.83,0.79,0.17,Resistência Forte,0,1
2019-08-22,136.08,138.76,140.42,141.76,143.11,145.02,147.45,150.54,154.48,0.81,0.79,0.19,Resistência Forte,0,1
2019-08-23,136.08,138.76,140.42,141.76,143.11,145.02,147.45,150.54,154.48,0.46,0.38,0.04,Zona de Consolidação,1,0
2019-08-26,136.08,138.76,140.42,141.76,143.11,145.02,147.45,150.54,154.48,0.61,0.50,0.01,Zona de Consolidação,1,0
2019-08-27,136.08,138.76,140.42,141.76,143.11,145.02,147.45,150.54,154.48,0.61,0.50,0.01,Zona de Consolidação,1,0
2019-08-28,136.08,138.76,140.42,141.76,143.11,145.02,147.45,150.54,154.48,0.64,0.62,0.15,Resistência,1,0
2019-08-29,136.08,138.76,140.42,141.76,143.11,145.02,147.45,150.54,154.48,0.81,0.79,0.19,Resistência Forte,0,1
2019-08-30,136.08,138.76,140.42,141.76,143.11,145.02,147.45,150.54,154.48,0.84,0.79,0.16,Resistência Forte,0,1
2019-09-03,136.08,138.76,140.42,141.76,143.11,145.02,147.45,150.54,154.48,0.64,0.62,0.15,Resistência,1,0
2019-09-04,136.08,138.76,140.42,141.76,143.11,145.02,147.45,150.54,154.48,0.83,0.79,0.17,Resistência Forte,0,1
2019-09-05,136.08,139.07,140.93,142.43,143.92,146.05,148.77,152.22,156.61,0.98,0.79,0.02,Resistência Forte,0,1
2019-09-06,136.08,139.27,141.24,142.84,144.44,146.71,149.60,153.28,157.96,0.92,0.79,0.08,Resistência Forte,0,1
2019-09-09,136.08,139.27,141.24,142.84,144.44,146.71,149.60,153.28,157.96,0.59,0.50,0.03,Zona de Consolidação,1,0
2019-09-10,136.08,139.27,141.24,142.84,144.44,146.71,149.60,153.28,157.96,0.36,0.24,0.02,Suporte,1,0
2019-09-11,136.08,139.27,141.24,142.84,144.44,146.71,149.60,153.28,157.96,0.15,0.00,0.09,Suporte Forte,0,0
2019-09-12,136.08,139.27,141.24,142.84,144.44,146.71,149.60,153.28,157.96,0.16,0.00,0.08,Suporte Forte,0,0
2019-09-13,136.08,139.27,141.24,142.84,144.44,146.71,149.60,153.28,157.96,0.11,0.00,0.13,Suporte Forte,0,0
2019-09-16,135.90,139.13,141.13,142.75,144.37,146.67,149.60,153.33,158.07,0.03,0.00,0.21,Suporte Forte,0,0
2019-09-17,135.77,139.03,141.05,142.68,144.32,146.64,149.60,153.36,158.15,0.08,0.00,0.16,Suporte Forte,0,0
2019-09-18,134.43,138.01,140.22,142.01,143.81,146.35,149.60,153.73,158.98,0.10,0.00,0.14,Suporte Forte,0,0
2019-09-19,134.43,138.01,140.22,142.01,143.81,146.35,149.60,153.73,158.98,0.19,0.00,0.05,Suporte Forte,0,0
2019-09-20,134.43,138.01,140.22,142.01,143.81,146.35,149.60,153.73,158.98,0.19,0.00,0.05,Suporte Forte,0,0
2019-09-23,134.43,138.01,140.22,142.01,143.81,146.35,149.60,153.73,158.98,0.21,0.00,0.03,Suporte Forte,0,0
2019-09-24,134.43,138.01,140.22,142.01,143.81,146.35,149.60,153.73,158.98,0.23,0.00,0.01,Suporte Forte,0,0
2019-09-25,134.43,138.01,140.22,142.01,143.81,146.35,149.60,153.73,158.98,0.32,0.24,0.06,Suporte,1,0
2019-09-26,134.43,138.01,140.22,142.01,143.81,146.35,149.60,153.73,158.98,0.41,0.38,0.09,Zona de Consolidação,1,0
2019-09-27,134.43,138.01,140.22,142.01,143.81,146.35,149.60,153.73,158.98,0.25,0.24,0.13,Suporte,0,0
2019-09-30,134.43,138.01,140.22,142.01,143.81,146.35,149.60,153.73,158.98,0.31,0.24,0.07,Suporte,1,0
2019-10-01,134.43,138.01,140.22,142.01,143.81,146.35,149.60,153.73,158.98,0.25,0.24,0.13,Suporte,0,0
2019-10-02,133.95,137.64,139.93,141.77,143.62,146.25,149.60,153.86,159.27,0.06,0.00,0.18,Suporte Forte,0,0
2019-10-03,132.43,136.48,138.99,141.01,143.04,145.93,149.60,154.27,160.21,0.19,0.00,0.05,Suporte Forte,0,0
2019-10-04,132.43,136.48,138.99,141.01,143.04,145.93,149.60,154.27,160.21,0.27,0.24,0.11,Suporte,0,0
2019-10-07,132.43,136.48,138.99,141.01,143.04,145.93,149.60,154.27,160.21,0.26,0.24,0.12,Suporte,0,0
2019-10-08,132.43,136.48,138.99,141.01,143.04,145.93,149.60,154.27,160.21,0.13,0.00,0.11,Suporte Forte,0,0
2019-10-09,132.43,136.48,138.99,141.01,143.04,145.93,149.60,154.27,160.21,0.24,0.24,0.14,Suporte,0,0
2019-10-10,132.43,136.48,138.99,141.01,143.04,145.93,149.60,154.27,160.21,0.35,0.24,0.03,Suporte,1,0
2019-10-11,132.43,136.48,138.99,141.01,143.04,145.93,149.60,154.27,160.21,0.44,0.38,0.06,Zona de Consolidação,1,0
2019-10-14,132.43,136.48,138.99,141.01,143.04,145.93,149.60,154.27,160.21,0.44,0.38,0.06,Zona de Consolidação,1,0
2019-10-15,132.43,136.48,138.99,141.01,143.04,145.93,149.60,154.27,160.21,0.52,0.50,0.10,Zona de Consolidação,0,0
2019-10-16,132.43,136.48,138.99,141.01,143.04,145.93,149.60,154.27,160.21,0.52,0.50,0.10,Zona de Consolidação,0,0
2019-10-17,132.43,136.48,138.99,141.01,143.04,145.93,149.60,154.27,160.21,0.51,0.50,0.11,Zona de Consolidação,0,0
2019-10-18,132.43,136.48,138.99,141.01,143.04,145.93,149.60,154.27,160.21,0.49,0.38,0.01,Zona de Consolidação,0,0
2019-10-21,132.43,136.48,138.99,141.01,143.04,145.93,149.60,154.27,160.21,0.42,0.38,0.08,Zona de Consolidação,1,0
2019-10-22,132.43,136.48,138.99,141.01,143.04,145.93,149.60,154.27,160.21,0.29,0.24,0.09,Suporte,0,0
2019-10-23,132.43,136.48,138.99,141.01,143.04,145.93,149.60,154.27,160.21,0.32,0.24,0.06,Suporte,1,0
2019-10-24,132.43,136.48,138.99,141.01,143.04,145.93,149.60,154.27,160.21,0.44,0.38,0.06,Zona de Consolidação,1,0
2019-10-25,132.43,136.48,138.99,141.01,143.04,145.93,149.60,154.27,160.21,0.41,0.38,0.09,Zona de Consolidação,1,0
2019-10-28,132.43,136.48,138.99,141.01,143.04,145.93,149.60,154.27,160.21,0.44,0.38,0.06,Zona de Consolidação,1,0
2019-10-29,132.43,136.48,138.99,141.01,143.04,145.93,149.60,154.27,160.21,0.46,0.38,0.04,Zona de Consolidação,1,0
2019-10-30,132.43,136.48,138.99,141.01,143.04,145.93,149.60,154.27,160.21,0.52,0.50,0.10,Zona de Consolidação,0,0
2019-10-31,132.43,136.48,138.99,141.01,143.04,145.93,149.60,154.27,160.21,0.43,0.38,0.07,Zona de Consolidação,1,0
2019-11-01,132.43,136.48,138.99,141.01,143.04,145.93,149.60,154.27,160.21,0.46,0.38,0.04,Zona de Consolidação,0,0
2019-11-04,132.43,136.48,138.99,141.01,143.04,145.93,149.60,154.27,160.21,0.41,0.38,0.09,Zona de Consolidação,1,0
2019-11-05,132.43,136.48,138.99,141.01,143.04,145.93,149.60,154.27,160.21,0.17,0.00,0.07,Suporte Forte,0,0
2019-11-06,132.43,136.48,138.99,141.01,143.04,145.93,149.60,154.27,160.21,0.30,0.24,0.08,Suporte,0,0
2019-11-07,132.43,136.48,138.99,141.01,143.04,145.93,149.60,154.27,160.21,0.42,0.38,0.08,Zona de Consolidação,1,0
2019-11-08,132.43,136.48,138.99,141.01,143.04,145.93,149.60,154.27,160.21,0.45,0.38,0.05,Zona de Consolidação,1,0
2019-11-11,132.43,136.48,138.99,141.01,143.04,145.93,149.60,154.27,160.21,0.49,0.38,0.01,Zona de Consolidação,0,0
2019-11-12,132.43,136.48,138.99,141.01,143.04,145.93,149.60,154.27,160.21,0.63,0.62,0.16,Resistência,1,0
2019-11-13,132.43,136.48,138.99,141.01,143.04,145.93,149.60,154.27,160.21,0.77,0.62,0.02,Resistência,0,1
2019-11-14,132.43,136.48,138.99,141.01,143.04,145.93,149.60,154.27,160.21,0.82,0.79,0.18,Resistência Forte,0,1
2019-11-15,132.43,136.32,138.72,140.67,142.61,145.38,148.90,153.38,159.08,0.91,0.79,0.09,Resistência Forte,0,1
2019-11-18,132.43,136.01,138.22,140.01,141.81,144.35,147.60,151.73,156.98,0.97,0.79,0.03,Resistência Forte,0,1
2019-11-19,132.43,136.30,138.69,140.62,142.55,145.30,148.81,153.27,158.93,0.91,0.79,0.09,Resistência Forte,0,1
2019-11-20,132.43,136.30,138.69,140.62,142.55,145.30,148.81,153.27,158.93,0.89,0.79,0.11,Resistência Forte,0,0
2019-11-21,132.43,136.30,138.69,140.62,142.55,145.30,148.81,153.27,158.93,0.85,0.79,0.15,Resistência Forte,0,1
2019-11-22,132.43,136.30,138.69,140.62,142.55,145.30,148.81,153.27,158.93,0.84,0.79,0.16,Resistência Forte,0,1
2019-11-25,132.43,136.30,138.69,140.62,142.55,145.30,148.81,153.27,158.93,0.87,0.79,0.13,Resistência Forte,0,1
2019-11-26,132.43,136.30,138.69,140.62,142.55,145.30,148.81,153.27,158.93,0.94,0.79,0.06,Resistência Forte,0,1
2019-11-27,132.43,136.30,138.69,140.62,142.55,145.30,148.81,153.27,158.93,0.93,0.79,0.07,Resistência Forte,0,1
2019-11-29,132.43,136.30,138.69,140.62,142.55,145.30,148.81,153.27,158.93,0.90,0.79,0.10,Resistência Forte,0,0
2019-12-02,132.43,136.30,138.69,140.62,142.55,145.30,148.81,153.27,158.93,0.78,0.62,0.01,Resistência,0,1
2019-12-03,132.43,136.30,138.69,140.62,142.55,145.30,148.81,153.27,158.93,0.71,0.62,0.08,Resistência,0,1
2019-12-04,132.43,136.30,138.69,140.62,142.55,145.30,148.81,153.27,158.93,0.78,0.62,0.01,Resistência,0,1
2019-12-05,132.43,136.30,138.69,140.62,142.55,145.30,148.81,153.27,158.93,0.77,0.62,0.02,Resistência,0,1
2019-12-06,132.43,136.30,138.69,140.62,142.55,145.30,148.81,153.27,158.93,0.86,0.79,0.14,Resistência Forte,0,1
2019-12-09,132.43,136.30,138.69,140.62,142.55,145.30,148.81,153.27,158.93,0.81,0.79,0.19,Resistência Forte,0,1
2019-12-10,132.43,136.30,138.69,140.62,142.55,145.30,148.81,153.27,158.93,0.77,0.62,0.02,Resistência,0,1
2019-12-11,132.43,136.30,138.69,140.62,142.55,145.30,148.81,153.27,158.93,0.71,0.62,0.08,Resistência,0,1
2019-12-12,132.43,136.30,138.69,140.62,142.55,145.30,148.81,153.27,158.93,0.76,0.62,0.03,Resistência,0,1
2019-12-13,134.26,137.69,139.82,141.54,143.25,145.70,148.81,152.77,157.80,0.79,0.79,0.21,Resistência Forte,0,1
2019-12-16,134.26,137.69,139.82,141.54,143.25,145.70,148.81,152.77,157.80,0.81,0.79,0.19,Resistência Forte,0,1
2019-12-17,134.26,137.69,139.82,141.54,143.25,145.70,148.81,152.77,157.80,0.79,0.79,0.21,Resistência Forte,0,1
2019-12-18,134.91,138.19,140.22,141.86,143.50,145.84,148.81,152.59,157.40,0.74,0.62,0.05,Resistência,0,1
2019-12-19,135.16,138.38,140.37,141.99,143.60,145.89,148.81,152.52,157.25,0.81,0.79,0.19,Resistência Forte,0,1
2019-12-20,135.16,138.38,140.37,141.99,143.60,145.89,148.81,152.52,157.25,0.96,0.79,0.04,Resistência Forte,0,1
2019-12-23,135.16,138.38,140.37,141.99,143.60,145.89,148.81,152.52,157.25,0.89,0.79,0.11,Resistência Forte,0,1
2019-12-24,135.16,138.38,140.37,141.99,143.60,145.89,148.81,152.52,157.25,0.88,0.79,0.12,Resistência Forte,0,1
2019-12-26,135.16,138.38,140.37,141.99,143.60,145.89,148.81,152.52,157.25,0.91,0.79,0.09,Resistência Forte,0,1
2019-12-27,135.16,138.38,140.37,141.99,143.60,145.89,148.81,152.52,157.25,0.94,0.79,0.06,Resistência Forte,0,1
2019-12-30,135.16,138.38,140.37,141.99,143.60,145.89,148.81,152.52,157.25,0.86,0.79,0.14,Resistência Forte,0,1
2019-12-31,135.16,138.38,140.37,141.99,143.60,145.89,148.81,152.52,157.25,0.92,0.79,0.08,Resistência Forte,0,1
2020-01-02,135.16,138.42,140.44,142.07,143.71,146.03,148.99,152.75,157.54,0.90,0.79,0.10,Resistência Forte,0,1
2020-01-03,135.16,138.42,140.44,142.07,143.71,146.03,148.99,152.75,157.54,0.87,0.79,0.13,Resistência Forte,0,1
2020-01-06,135.16,138.42,140.44,142.07,143.71,146.03,148.99,152.75,157.54,0.89,0.79,0.11,Resistência Forte,0,1
2020-01-07,135.16,138.42,140.44,142.07,143.71,146.03,148.99,152.75,157.54,0.76,0.62,0.03,Resistência,0,1
2020-01-08,135.16,138.42,140.44,142.07,143.71,146.03,148.99,152.75,157.54,0.86,0.79,0.14,Resistência Forte,0,1
2020-01-09,135.16,138.42,140.44,142.07,143.71,146.03,148.99,152.75,157.54,0.95,0.79,0.05,Resistência Forte,0,1
2020-01-10,135.16,138.42,140.44,142.07,143.71,146.03,148.99,152.75,157.54,0.94,0.79,0.06,Resistência Forte,0,1
2020-01-13,135.16,138.52,140.60,142.28,143.96,146.35,149.40,153.27,158.20,0.99,0.79,0.01,Resistência Forte,0,1
2020-01-14,135.16,138.52,140.60,142.28,143.96,146.35,149.40,153.27,158.20,0.92,0.79,0.08,Resistência Forte,0,1
2020-01-15,135.16,138.93,141.27,143.16,145.04,147.73,151.15,155.50,161.03,0.91,0.79,0.09,Resistência Forte,0,1
2020-01-16,135.16,139.03,141.42,143.35,145.28,148.03,151.54,156.00,161.66,1.00,1.00,0.27,Resistência Forte,0,1
2020-01-17,135.56,139.73,142.31,144.40,146.49,149.46,153.24,158.05,164.17,1.00,1.00,0.27,Resistência Forte,0,1
2020-01-21,137.74,141.54,143.89,145.79,147.69,150.39,153.84,158.22,163.79,0.92,0.79,0.08,Resistência Forte,0,1
2020-01-22,138.86,142.86,145.34,147.35,149.35,152.20,155.83,160.45,166.32,0.92,0.79,0.08,Resistência Forte,0,1
2020-01-23,139.26,143.17,145.59,147.55,149.50,152.28,155.83,160.34,166.07,0.89,0.79,0.11,Resistência Forte,0,0
2020-01-24,141.08,144.56,146.71,148.46,150.20,152.67,155.83,159.84,164.95,0.84,0.79,0.16,Resistência Forte,0,1
2020-01-27,143.13,146.13,147.98,149.48,150.98,153.11,155.83,159.28,163.68,0.72,0.62,0.07,Resistência,1,1
2020-01-28,143.13,146.13,147.98,149.48,150.98,153.11,155.83,159.28,163.68,0.89,0.79,0.11,Resistência Forte,0,1
2020-01-29,143.13,146.13,147.98,149.48,150.98,153.11,155.83,159.28,163.68,0.40,0.38,0.10,Zona de Consolidação,1,0
2020-01-30,143.13,146.13,147.98,149.48,150.98,153.11,155.83,159.28,163.68,0.67,0.62,0.12,Resistência,1,1
2020-01-31,143.13,146.13,147.98,149.48,150.98,153.11,155.83,159.28,163.68,0.42,0.38,0.08,Zona de Consolidação,1,0
2020-02-03,143.13,146.13,147.98,149.48,150.98,153.11,155.83,159.28,163.68,0.59,0.50,0.03,Zona de Consolidação,1,0
2020-02-04,143.13,146.13,147.98,149.48,150.98,153.11,155.83,159.28,163.68,0.73,0.62,0.06,Resistência,1,1
2020-02-05,143.13,146.13,147.98,149.48,150.98,153.11,155.83,159.28,163.68,0.91,0.79,0.09,Resistência Forte,0,1
2020-02-06,143.13,146.25,148.17,149.73,151.29,153.51,156.33,159.92,164.49,0.99,0.79,0.01,Resistência Forte,0,1
2020-02-07,143.13,146.25,148.17,149.73,151.29,153.51,156.33,159.92,164.49,0.91,0.79,0.09,Resistência Forte,0,1
2020-02-10,143.13,146.25,148.17,149.73,151.29,153.51,156.33,159.92,164.49,0.93,0.79,0.07,Resistência Forte,0,1
2020-02-11,143.13,146.25,148.17,149.73,151.29,153.51,156.33,159.92,164.49,0.84,0.79,0.16,Resistência Forte,0,1
2020-02-12,143.13,146.32,148.30,149.89,151.49,153.76,156.66,160.34,165.02,0.82,0.79,0.18,Resistência Forte,0,1
2020-02-13,143.13,146.35,148.34,149.95,151.57,153.86,156.78,160.49,165.22,0.94,0.79,0.06,Resistência Forte,0,1
2020-02-14,143.13,146.41,148.44,150.08,151.72,154.06,157.03,160.81,165.62,1.00,1.00,0.27,Resistência Forte,0,1
2020-02-18,143.13,146.62,148.78,150.53,152.28,154.76,157.93,161.96,167.08,0.86,0.79,0.14,Resistência Forte,0,1
2020-02-19,143.13,146.62,148.78,150.53,152.28,154.76,157.93,161.96,167.08,0.94,0.79,0.06,Resistência Forte,0,1
2020-02-20,143.13,146.62,148.78,150.53,152.28,154.76,157.93,161.96,167.08,0.91,0.79,0.09,Resistência Forte,0,1
2020-02-21,143.13,146.62,148.78,150.53,152.28,154.76,157.93,161.96,167.08,0.78,0.62,0.01,Resistência,0,1
2020-02-24,143.13,146.62,148.78,150.53,152.28,154.76,157.93,161.96,167.08,0.54,0.50,0.08,Zona de Consolidação,1,0
2020-02-25,143.13,146.62,148.78,150.53,152.28,154.76,157.93,161.96,167.08,0.11,0.00,0.13,Suporte Forte,0,0
2020-02-26,143.80,147.13,149.20,150.86,152.53,154.91,157.93,161.77,166.66,0.02,0.00,0.22,Suporte Forte,0,0
2020-02-27,136.40,141.48,144.62,147.17,149.71,153.32,157.93,163.79,171.24,0.00,0.00,0.24,Suporte Forte,0,0
2020-02-28,130.39,136.89,140.91,144.16,147.41,152.04,157.93,165.42,174.95,0.13,0.00,0.11,Suporte Forte,0,0
2020-03-02,130.39,136.89,140.91,144.16,147.41,152.04,157.93,165.42,174.95,0.39,0.38,0.11,Zona de Consolidação,1,0
2020-03-03,130.39,136.89,140.91,144.16,147.41,152.04,157.93,165.42,174.95,0.15,0.00,0.09,Suporte Forte,0,0
2020-03-04,130.39,136.89,140.91,144.16,147.41,152.04,157.93,165.42,174.95,0.44,0.38,0.06,Zona de Consolidação,0,0
2020-03-05,130.39,136.89,140.91,144.16,147.41,152.04,157.93,165.42,174.95,0.32,0.24,0.06,Suporte,0,0
2020-03-06,130.39,136.89,140.91,144.16,147.41,152.04,157.93,165.42,174.95,0.27,0.24,0.11,Suporte,0,0
2020-03-09,126.71,134.08,138.64,142.32,146.00,151.25,157.93,166.42,177.22,0.13,0.00,0.11,Suporte Forte,0,0
2020-03-10,126.71,134.08,138.64,142.32,146.00,151.25,157.93,166.42,177.22,0.23,0.00,0.01,Suporte Forte,0,0
2020-03-11,126.20,133.69,138.32,142.06,145.81,151.14,157.93,166.56,177.54,0.06,0.00,0.18,Suporte Forte,0,0
2020-03-12,109.70,121.08,128.12,133.82,139.51,147.61,157.93,171.05,187.74,0.08,0.00,0.16,Suporte Forte,0,0
2020-03-13,109.70,121.08,128.12,133.82,139.51,147.61,157.93,171.05,187.74,0.34,0.24,0.04,Suporte,0,0
2020-03-16,106.38,118.55,126.07,132.16,138.24,146.90,157.93,171.95,189.79,0.01,0.00,0.23,Suporte Forte,0,0
2020-03-17,103.22,116.13,124.12,130.57,137.03,146.22,157.93,172.81,191.74,0.17,0.00,0.07,Suporte Forte,0,0
2020-03-18,89.87,105.93,115.87,123.90,131.93,143.37,157.93,176.44,199.99,0.19,0.00,0.05,Suporte Forte,0,0
2020-03-19,89.87,105.93,115.87,123.90,131.93,143.37,157.93,176.44,199.99,0.18,0.00,0.06,Suporte Forte,0,0
2020-03-20,89.87,105.93,115.87,123.90,131.93,143.37,157.93,176.44,199.99,0.11,0.00,0.13,Suporte Forte,0,0
2020-03-23,89.87,105.93,115.87,123.90,131.93,143.37,157.93,176.44,199.99,0.08,0.00,0.16,Suporte Forte,0,0
2020-03-24,89.87,105.93,115.87,123.90,131.93,143.37,157.93,176.44,199.99,0.23,0.00,0.01,Suporte Forte,0,0
2020-03-25,89.87,105.93,115.87,123.90,131.93,143.37,157.93,176.44,199.99,0.25,0.24,0.13,Suporte,0,0
2020-03-26,89.87,105.93,115.87,123.90,131.93,143.37,157.93,176.44,199.99,0.43,0.38,0.07,Zona de Consolidação,0,0
2020-03-27,89.87,105.93,115.87,123.90,131.93,143.37,157.93,176.44,199.99,0.36,0.24,0.02,Suporte,0,0
2020-03-30,89.87,105.93,115.87,123.90,131.93,143.37,157.93,176.44,199.99,0.44,0.38,0.06,Zona de Consolidação,0,0
2020-03-31,89.87,105.93,115.87,123.90,131.93,143.37,157.93,176.44,199.99,0.43,0.38,0.07,Zona de Consolidação,0,0
2020-04-01,89.87,105.93,115.87,123.90,131.93,143.37,157.93,176.44,199.99,0.34,0.24,0.04,Suporte,0,0
2020-04-02,89.87,105.93,115.87,123.90,131.93,143.37,157.93,176.44,199.99,0.36,0.24,0.02,Suporte,0,0
2020-04-03,89.87,105.93,115.87,123.90,131.93,143.37,157.93,176.44,199.99,0.33,0.24,0.05,Suporte,0,0
2020-04-06,89.87,105.93,115.87,123.90,131.93,143.37,157.93,176.44,199.99,0.47,0.38,0.03,Zona de Consolidação,0,0
2020-04-07,89.87,105.93,115.87,123.90,131.93,143.37,157.93,176.44,199.99,0.43,0.38,0.07,Zona de Consolidação,0,0
2020-04-08,89.87,105.93,115.87,123.90,131.93,143.37,157.93,176.44,199.99,0.45,0.38,0.05,Zona de Consolidação,0,0
2020-04-09,89.87,105.93,115.87,123.90,131.93,143.37,157.93,176.44,199.99,0.50,0.50,0.12,Zona de Consolidação,0,0
2020-04-13,89.87,105.93,115.87,123.90,131.93,143.37,157.93,176.44,199.99,0.47,0.38,0.03,Zona de Consolidação,0,0
2020-04-14,89.87,105.93,115.87,123.90,131.93,143.37,157.93,176.44,199.99,0.52,0.50,0.10,Zona de Consolidação,0,0
2020-04-15,89.87,105.93,115.87,123.90,131.93,143.37,157.93,176.44,199.99,0.44,0.38,0.06,Zona de Consolidação,0,0
2020-04-16,89.87,105.93,115.87,123.90,131.93,143.37,157.93,176.44,199.99,0.43,0.38,0.07,Zona de Consolidação,0,0
2020-04-17,89.87,105.93,115.87,123.90,131.93,143.37,157.93,176.44,199.99,0.49,0.38,0.01,Zona de Consolidação,0,0
2020-04-20,89.87,105.93,115.87,123.90,131.93,143.37,157.93,176.44,199.99,0.47,0.38,0.03,Zona de Consolidação,0,0
2020-04-21,89.87,105.93,115.87,123.90,131.93,143.37,157.93,176.44,199.99,0.39,0.38,0.11,Zona de Consolidação,1,0
2020-04-22,89.87,105.93,115.87,123.90,131.93,143.37,157.93,176.44,199.99,0.46,0.38,0.04,Zona de Consolidação,0,0
2020-04-23,89.87,105.93,115.87,123.90,131.93,143.37,157.93,176.44,199.99,0.42,0.38,0.08,Zona de Consolidação,0,0
2020-04-24,89.87,105.93,115.87,123.90,131.93,143.37,157.93,176.44,199.99,0.46,0.38,0.04,Zona de Consolidação,0,0
2020-04-27,89.87,105.93,115.87,123.90,131.93,143.37,157.93,176.44,199.99,0.50,0.50,0.12,Zona de Consolidação,0,0
2020-04-28,89.87,105.93,115.87,123.90,131.93,143.37,157.93,176.44,199.99,0.51,0.50,0.11,Zona de Consolidação,0,0
2020-04-29,89.87,105.82,115.68,123.66,131.63,142.98,157.44,175.82,199.20,0.55,0.50,0.07,Zona de Consolidação,0,0
2020-04-30,89.87,105.82,115.68,123.66,131.63,142.98,157.44,175.82,199.20,0.56,0.50,0.06,Zona de Consolidação,0,0
2020-05-01,89.87,105.55,115.24,123.08,130.92,142.08,156.29,174.36,197.34,0.49,0.38,0.01,Zona de Consolidação,0,0
2020-05-04,89.87,104.88,114.17,121.68,129.18,139.87,153.48,170.78,192.79,0.57,0.50,0.05,Zona de Consolidação,0,0
2020-05-05,89.87,104.54,113.61,120.94,128.27,138.71,152.01,168.91,190.41,0.60,0.50,0.02,Zona de Consolidação,1,0
2020-05-06,89.87,103.58,112.06,118.91,125.76,135.52,147.95,163.75,183.84,0.62,0.62,0.17,Resistência,1,0
2020-05-07,89.87,102.59,110.46,116.82,123.18,132.24,143.77,158.43,177.08,0.72,0.62,0.07,Resistência,0,0
2020-05-08,89.87,102.31,110.01,116.24,122.46,131.32,142.60,156.94,175.19,0.71,0.62,0.08,Resistência,0,0
2020-05-11,89.87,102.31,110.01,116.24,122.46,131.32,142.60,156.94,175.19,0.69,0.62,0.10,Resistência,0,0
2020-05-12,89.87,102.31,110.01,116.24,122.46,131.32,142.60,156.94,175.19,0.64,0.62,0.15,Resistência,1,0
2020-05-13,89.87,102.31,110.01,116.24,122.46,131.32,142.60,156.94,175.19,0.52,0.50,0.10,Zona de Consolidação,0,0
2020-05-14,89.87,102.01,109.53,115.60,121.67,130.32,141.33,155.33,173.13,0.54,0.50,0.08,Zona de Consolidação,0,0
2020-05-15,89.87,101.39,108.52,114.28,120.04,128.24,138.69,151.97,168.86,0.57,0.50,0.05,Zona de Consolidação,0,0
2020-05-18,89.87,100.78,107.53,112.98,118.44,126.21,136.10,148.67,164.67,0.63,0.62,0.16,Resistência,1,0
2020-05-19,89.87,100.78,107.53,112.98,118.44,126.21,136.10,148.67,164.67,0.57,0.50,0.05,Zona de Consolidação,0,0
2020-05-20,89.87,99.72,105.81,110.74,115.66,122.67,131.60,142.95,157.39,0.66,0.62,0.13,Resistência,0,0
2020-05-21,89.87,99.47,105.41,110.21,115.01,121.84,130.55,141.61,155.69,0.65,0.62,0.14,Resistência,0,0
2020-05-22,89.87,99.47,105.41,110.21,115.01,121.84,130.55,141.61,155.69,0.68,0.62,0.11,Resistência,0,0
2020-05-26,89.87,99.47,105.41,110.21,115.01,121.84,130.55,141.61,155.69,0.77,0.62,0.02,Resistência,0,1
2020-05-27,89.87,99.47,105.41,110.21,115.01,121.84,130.55,141.61,155.69,0.89,0.79,0.11,Resistência Forte,0,0
2020-05-28,89.87,99.47,105.41,110.21,115.01,121.84,130.55,141.61,155.69,0.89,0.79,0.11,Resistência Forte,0,0
2020-05-29,91.42,100.65,106.37,110.99,115.60,122.18,130.55,141.19,154.73,0.93,0.79,0.07,Resistência Forte,0,0
2020-06-01,91.42,100.65,106.37,110.99,115.60,122.18,130.55,141.19,154.73,0.91,0.79,0.09,Resistência Forte,0,0
2020-06-02,91.42,100.65,106.37,110.99,115.60,122.18,130.55,141.19,154.73,0.97,0.79,0.03,Resistência Forte,0,0
2020-06-03,99.62,107.43,112.26,116.16,120.06,125.62,132.70,141.70,153.14,0.98,0.79,0.02,Resistência Forte,0,1
2020-06-04,101.53,108.89,113.44,117.12,120.79,126.03,132.70,141.18,151.96,0.94,0.79,0.06,Resistência Forte,0,0
2020-06-05,106.86,114.77,119.66,123.62,127.57,133.20,140.37,149.48,161.08,0.98,0.79,0.02,Resistência Forte,0,1
2020-06-08,110.42,117.54,121.94,125.50,129.07,134.13,140.59,148.80,159.24,1.00,1.00,0.27,Resistência Forte,0,1
2020-06-09,110.42,117.54,121.94,125.50,129.07,134.13,140.59,148.80,159.24,0.90,0.79,0.10,Resistência Forte,0,0
2020-06-10,110.42,117.54,121.94,125.50,129.07,134.13,140.59,148.80,159.24,0.85,0.79,0.15,Resistência Forte,0,0
2020-06-11,110.42,117.54,121.94,125.50,129.07,134.13,140.59,148.80,159.24,0.50,0.50,0.12,Zona de Consolidação,0,0
2020-06-12,110.42,117.54,121.94,125.50,129.07,134.13,140.59,148.80,159.24,0.61,0.50,0.01,Zona de Consolidação,1,0
2020-06-15,110.42,117.54,121.94,125.50,129.07,134.13,140.59,148.80,159.24,0.62,0.62,0.17,Resistência,1,0
2020-06-16,113.86,120.17,124.07,127.22,130.38,134.87,140.59,147.86,157.11,0.72,0.62,0.07,Resistência,0,0
2020-06-17,113.86,120.17,124.07,127.22,130.38,134.87,140.59,147.86,157.11,0.68,0.62,0.11,Resistência,0,0
2020-06-18,113.86,120.17,124.07,127.22,130.38,134.87,140.59,147.86,157.11,0.72,0.62,0.07,Resistência,0,0
2020-06-19,113.86,120.17,124.07,127.22,130.38,134.87,140.59,147.86,157.11,0.63,0.62,0.16,Resistência,1,0
2020-06-22,113.86,120.17,124.07,127.22,130.38,134.87,140.59,147.86,157.11,0.68,0.62,0.11,Resistência,0,0
2020-06-23,113.86,120.17,124.07,127.22,130.38,134.87,140.59,147.86,157.11,0.68,0.62,0.11,Resistência,0,0
2020-06-24,113.86,120.17,124.07,127.22,130.38,134.87,140.59,147.86,157.11,0.49,0.38,0.01,Zona de Consolidação,0,0
2020-06-25,113.86,120.17,124.07,127.22,130.38,134.87,140.59,147.86,157.11,0.58,0.50,0.04,Zona de Consolidação,1,0
2020-06-26,113.86,120.17,124.07,127.22,130.38,134.87,140.59,147.86,157.11,0.49,0.38,0.01,Zona de Consolidação,0,0
2020-06-29,113.86,120.17,124.07,127.22,130.38,134.87,140.59,147.86,157.11,0.54,0.50,0.08,Zona de Consolidação,0,0
2020-06-30,113.86,120.17,124.07,127.22,130.38,134.87,140.59,147.86,157.11,0.62,0.62,0.17,Resistência,1,0
2020-07-01,113.86,120.17,124.07,127.22,130.38,134.87,140.59,147.86,157.11,0.63,0.62,0.16,Resistência,1,0
2020-07-02,113.86,120.17,124.07,127.22,130.38,134.87,140.59,147.86,157.11,0.68,0.62,0.11,Resistência,0,0
2020-07-06,113.86,120.17,124.07,127.22,130.38,134.87,140.59,147.86,157.11,0.68,0.62,0.11,Resistência,0,0
2020-07-07,113.86,120.17,124.07,127.22,130.38,134.87,140.59,147.86,157.11,0.56,0.50,0.06,Zona de Consolidação,0,0
2020-07-08,113.86,120.17,124.07,127.22,130.38,134.87,140.59,147.86,157.11,0.60,0.50,0.02,Zona de Consolidação,1,0
2020-07-09,113.86,120.17,124.07,127.22,130.38,134.87,140.59,147.86,157.11,0.52,0.50,0.10,Zona de Consolidação,0,0
2020-07-10,113.86,120.17,124.07,127.22,130.38,134.87,140.59,147.86,157.11,0.57,0.50,0.05,Zona de Consolidação,0,0
2020-07-13,113.86,120.17,124.07,127.22,130.38,134.87,140.59,147.86,157.11,0.51,0.50,0.11,Zona de Consolidação,0,0
2020-07-14,113.86,120.17,124.07,127.22,130.38,134.87,140.59,147.86,157.11,0.51,0.50,0.11,Zona de Consolidação,0,0
2020-07-15,113.86,120.17,124.07,127.22,130.38,134.87,140.59,147.86,157.11,0.61,0.50,0.01,Zona de Consolidação,1,0
2020-07-16,113.86,120.17,124.07,127.22,130.38,134.87,140.59,147.86,157.11,0.53,0.50,0.09,Zona de Consolidação,0,0
2020-07-17,113.86,120.17,124.07,127.22,130.38,134.87,140.59,147.86,157.11,0.58,0.50,0.04,Zona de Consolidação,1,0
2020-07-20,113.86,120.17,124.07,127.22,130.38,134.87,140.59,147.86,157.11,0.58,0.50,0.04,Zona de Consolidação,1,0
2020-07-21,113.86,120.17,124.07,127.22,130.38,134.87,140.59,147.86,157.11,0.56,0.50,0.06,Zona de Consolidação,0,0
2020-07-22,113.86,120.17,124.07,127.22,130.38,134.87,140.59,147.86,157.11,0.58,0.50,0.04,Zona de Consolidação,1,0
2020-07-23,113.86,120.17,124.07,127.22,130.38,134.87,140.59,147.86,157.11,0.56,0.50,0.06,Zona de Consolidação,0,0
2020-07-24,113.86,120.17,124.07,127.22,130.38,134.87,140.59,147.86,157.11,0.51,0.50,0.11,Zona de Consolidação,0,0
2020-07-27,114.92,120.98,124.73,127.76,130.78,135.10,140.59,147.57,156.45,0.50,0.50,0.12,Zona de Consolidação,0,0
2020-07-28,114.96,121.01,124.75,127.78,130.80,135.11,140.59,147.56,156.43,0.53,0.50,0.09,Zona de Consolidação,0,0
2020-07-29,114.96,121.01,124.75,127.78,130.80,135.11,140.59,147.56,156.43,0.20,0.00,0.04,Suporte Forte,0,0
2020-07-30,114.96,121.01,124.75,127.78,130.80,135.11,140.59,147.56,156.43,0.06,0.00,0.18,Suporte Forte,0,0
2020-07-31,113.83,120.15,124.05,127.21,130.37,134.86,140.59,147.87,157.13,0.10,0.00,0.14,Suporte Forte,0,0
2020-08-03,113.83,120.15,124.05,127.21,130.37,134.86,140.59,147.87,157.13,0.15,0.00,0.09,Suporte Forte,0,0
2020-08-04,113.83,120.15,124.05,127.21,130.37,134.86,140.59,147.87,157.13,0.23,0.00,0.01,Suporte Forte,0,0
2020-08-05,113.83,120.15,124.05,127.21,130.37,134.86,140.59,147.87,157.13,0.16,0.00,0.08,Suporte Forte,0,0
2020-08-06,113.83,120.15,124.05,127.21,130.37,134.86,140.59,147.87,157.13,0.22,0.00,0.02,Suporte Forte,0,0
2020-08-07,113.83,120.15,124.05,127.21,130.37,134.86,140.59,147.87,157.13,0.27,0.24,0.11,Suporte,0,0
2020-08-10,113.83,120.15,124.05,127.21,130.37,134.86,140.59,147.87,157.13,0.27,0.24,0.11,Suporte,0,0
2020-08-11,113.83,120.15,124.05,127.21,130.37,134.86,140.59,147.87,157.13,0.27,0.24,0.11,Suporte,0,0
2020-08-12,113.83,120.15,124.05,127.21,130.37,134.86,140.59,147.87,157.13,0.32,0.24,0.06,Suporte,0,0
2020-08-13,113.83,120.15,124.05,127.21,130.37,134.86,140.59,147.87,157.13,0.31,0.24,0.07,Suporte,0,0
2020-08-14,113.83,120.15,124.05,127.21,130.37,134.86,140.59,147.87,157.13,0.30,0.24,0.08,Suporte,0,0
2020-08-17,113.83,120.15,124.05,127.21,130.37,134.86,140.59,147.87,157.13,0.32,0.24,0.06,Suporte,0,0
2020-08-18,113.83,120.03,123.87,126.97,130.07,134.49,140.11,147.26,156.35,0.34,0.24,0.04,Suporte,1,0
2020-08-19,113.83,119.51,123.02,125.86,128.70,132.74,137.89,144.43,152.76,0.33,0.24,0.05,Suporte,0,0
2020-08-20,113.83,119.04,122.26,124.86,127.46,131.17,135.89,141.89,149.52,0.37,0.24,0.01,Suporte,1,0
2020-08-21,113.83,119.04,122.26,124.86,127.46,131.17,135.89,141.89,149.52,0.33,0.24,0.05,Suporte,1,0
2020-08-24,113.83,119.04,122.26,124.86,127.46,131.17,135.89,141.89,149.52,0.43,0.38,0.07,Zona de Consolidação,1,0
2020-08-25,113.83,119.04,122.26,124.86,127.46,131.17,135.89,141.89,149.52,0.45,0.38,0.05,Zona de Consolidação,0,0
2020-08-26,113.83,119.04,122.26,124.86,127.46,131.17,135.89,141.89,149.52,0.39,0.38,0.11,Zona de Consolidação,1,0
2020-08-27,113.83,119.04,122.26,124.86,127.46,131.17,135.89,141.89,149.52,0.44,0.38,0.06,Zona de Consolidação,0,0
2020-08-28,113.83,119.04,122.26,124.86,127.46,131.17,135.89,141.89,149.52,0.46,0.38,0.04,Zona de Consolidação,0,0
2020-08-31,113.83,118.55,121.47,123.84,126.20,129.56,133.84,139.28,146.21,0.41,0.38,0.09,Zona de Consolidação,1,0
2020-09-01,113.83,118.55,121.47,123.84,126.20,129.56,133.84,139.28,146.21,0.38,0.24,0.00,Suporte,1,0
2020-09-02,113.83,118.55,121.47,123.84,126.20,129.56,133.84,139.28,146.21,0.55,0.50,0.07,Zona de Consolidação,0,0
2020-09-03,113.83,118.55,121.47,123.84,126.20,129.56,133.84,139.28,146.21,0.41,0.38,0.09,Zona de Consolidação,1,0
2020-09-04,113.83,118.55,121.47,123.84,126.20,129.56,133.84,139.28,146.21,0.38,0.24,0.00,Suporte,1,0
2020-09-08,113.83,118.55,121.47,123.84,126.20,129.56,133.84,139.28,146.21,0.26,0.24,0.12,Suporte,0,0
2020-09-09,113.83,118.55,121.47,123.84,126.20,129.56,133.84,139.28,146.21,0.33,0.24,0.05,Suporte,1,0
2020-09-10,113.83,118.55,121.47,123.84,126.20,129.56,133.84,139.28,146.21,0.13,0.00,0.11,Suporte Forte,0,0
2020-09-11,113.83,118.55,121.47,123.84,126.20,129.56,133.84,139.28,146.21,0.20,0.00,0.04,Suporte Forte,0,0
2020-09-14,113.83,118.55,121.47,123.84,126.20,129.56,133.84,139.28,146.21,0.33,0.24,0.05,Suporte,1,0
2020-09-15,113.83,118.21,120.91,123.10,125.29,128.40,132.37,137.41,143.83,0.38,0.24,0.00,Suporte,1,0
2020-09-16,113.83,117.87,120.36,122.38,124.40,127.27,130.93,135.58,141.50,0.45,0.38,0.05,Zona de Consolidação,1,0
2020-09-17,113.83,117.87,120.36,122.38,124.40,127.27,130.93,135.58,141.50,0.46,0.38,0.04,Zona de Consolidação,0,0
2020-09-18,113.83,117.87,120.36,122.38,124.40,127.27,130.93,135.58,141.50,0.32,0.24,0.06,Suporte,1,0
2020-09-21,113.83,117.87,120.36,122.38,124.40,127.27,130.93,135.58,141.50,0.11,0.00,0.13,Suporte Forte,0,0
2020-09-22,113.83,117.87,120.36,122.38,124.40,127.27,130.93,135.58,141.50,0.20,0.00,0.04,Suporte Forte,0,0
2020-09-23,113.29,117.45,120.03,122.11,124.19,127.16,130.93,135.73,141.83,0.02,0.00,0.22,Suporte Forte,0,0
2020-09-24,112.36,116.74,119.45,121.65,123.84,126.96,130.93,135.98,142.41,0.17,0.00,0.07,Suporte Forte,0,0
2020-09-25,112.36,116.74,119.45,121.65,123.84,126.96,130.93,135.98,142.41,0.34,0.24,0.04,Suporte,1,0
2020-09-28,112.36,116.74,119.45,121.65,123.84,126.96,130.93,135.98,142.41,0.47,0.38,0.03,Zona de Consolidação,0,0
2020-09-29,112.36,116.74,119.45,121.65,123.84,126.96,130.93,135.98,142.41,0.49,0.38,0.01,Zona de Consolidação,0,0
2020-09-30,112.36,116.66,119.33,121.48,123.63,126.70,130.60,135.56,141.87,0.59,0.50,0.03,Zona de Consolidação,1,0
2020-10-01,112.36,116.66,119.33,121.48,123.63,126.70,130.60,135.56,141.87,0.50,0.50,0.12,Zona de Consolidação,0,0
2020-10-02,112.36,116.46,119.00,121.06,123.11,126.03,129.75,134.48,140.50,0.58,0.50,0.04,Zona de Consolidação,1,0
2020-10-05,112.36,116.42,118.94,120.97,123.00,125.89,129.58,134.26,140.22,0.70,0.62,0.09,Resistência,0,0
2020-10-06,112.36,116.42,118.94,120.97,123.00,125.89,129.58,134.26,140.22,0.77,0.62,0.02,Resistência,0,1
2020-10-07,112.36,116.16,118.52,120.42,122.32,125.03,128.48,132.86,138.44,0.90,0.79,0.10,Resistência Forte,0,0
2020-10-08,112.36,116.53,119.11,121.19,123.27,126.24,130.02,134.82,140.93,0.98,0.79,0.02,Resistência Forte,0,1
2020-10-09,112.36,117.10,120.03,122.40,124.78,128.15,132.45,137.91,144.87,0.99,0.79,0.01,Resistência Forte,0,1
2020-10-12,112.36,117.53,120.73,123.32,125.90,129.58,134.27,140.23,147.81,0.94,0.79,0.06,Resistência Forte,0,0
2020-10-13,112.36,117.53,120.73,123.32,125.91,129.59,134.28,140.24,147.83,0.90,0.79,0.10,Resistência Forte,0,0
2020-10-14,112.36,117.53,120.73,123.32,125.91,129.59,134.28,140.24,147.83,0.85,0.79,0.15,Resistência Forte,0,0
2020-10-15,112.36,117.53,120.73,123.32,125.91,129.59,134.28,140.24,147.83,0.81,0.79,0.19,Resistência Forte,0,1
2020-10-16,112.36,117.53,120.73,123.32,125.91,129.59,134.28,140.24,147.83,0.85,0.79,0.15,Resistência Forte,0,0
2020-10-19,112.36,117.53,120.73,123.32,125.91,129.59,134.28,140.24,147.83,0.71,0.62,0.08,Resistência,0,0
2020-10-20,112.36,117.53,120.73,123.32,125.91,129.59,134.28,140.24,147.83,0.78,0.62,0.01,Resistência,0,1
2020-10-21,112.36,117.53,120.73,123.32,125.91,129.59,134.28,140.24,147.83,0.79,0.79,0.21,Resistência Forte,0,1
2020-10-22,112.36,117.53,120.73,123.32,125.91,129.59,134.28,140.24,147.83,0.87,0.79,0.13,Resistência Forte,0,0
2020-10-23,112.36,117.53,120.73,123.32,125.91,129.59,134.28,140.24,147.83,0.88,0.79,0.12,Resistência Forte,0,0
2020-10-26,112.36,117.53,120.73,123.32,125.91,129.59,134.28,140.24,147.83,0.74,0.62,0.05,Resistência,0,1
2020-10-27,112.36,117.53,120.73,123.32,125.91,129.59,134.28,140.24,147.83,0.75,0.62,0.04,Resistência,0,1
2020-10-28,112.36,119.03,123.16,126.50,129.83,134.58,140.63,148.32,158.10,0.87,0.79,0.13,Resistência Forte,0,0
2020-10-29,112.36,119.06,123.20,126.54,129.89,134.66,140.73,148.45,158.26,0.96,0.79,0.04,Resistência Forte,0,1
2020-10-30,112.36,119.06,123.20,126.54,129.89,134.66,140.73,148.45,158.26,0.95,0.79,0.05,Resistência Forte,0,1
2020-11-02,112.36,119.60,124.08,127.70,131.32,136.47,143.04,151.38,162.00,0.98,0.79,0.02,Resistência Forte,0,1
2020-11-03,112.36,120.70,125.86,130.04,134.21,140.15,147.71,157.33,169.56,0.98,0.79,0.02,Resistência Forte,0,1
2020-11-04,112.36,120.97,126.30,130.61,134.92,141.05,148.86,158.79,171.42,0.90,0.79,0.10,Resistência Forte,0,0
2020-11-05,112.36,120.97,126.30,130.61,134.92,141.05,148.86,158.79,171.42,0.86,0.79,0.14,Resistência Forte,0,0
2020-11-06,112.36,120.97,126.30,130.61,134.92,141.05,148.86,158.79,171.42,0.94,0.79,0.06,Resistência Forte,0,0
2020-11-09,112.36,122.25,128.37,133.31,138.25,145.29,154.26,165.66,180.15,0.90,0.79,0.10,Resistência Forte,0,0
2020-11-10,112.36,122.25,128.37,133.31,138.25,145.29,154.26,165.66,180.15,0.92,0.79,0.08,Resistência Forte,0,0
2020-11-11,112.36,122.25,128.37,133.31,138.25,145.29,154.26,165.66,180.15,0.94,0.79,0.06,Resistência Forte,0,0
2020-11-12,112.36,122.25,128.37,133.31,138.25,145.29,154.26,165.66,180.15,0.89,0.79,0.11,Resistência Forte,0,0
2020-11-13,112.36,122.25,128.37,133.31,138.25,145.29,154.26,165.66,180.15,0.93,0.79,0.07,Resistência Forte,0,0
2020-11-16,112.36,122.75,129.18,134.37,139.56,146.96,156.38,168.35,183.58,1.00,1.00,0.27,Resistência Forte,0,1
2020-11-17,112.36,122.75,129.18,134.37,139.56,146.96,156.38,168.35,183.58,0.98,0.79,0.02,Resistência Forte,0,1
2020-11-18,112.36,122.75,129.18,134.37,139.56,146.96,156.38,168.35,183.58,0.92,0.79,0.08,Resistência Forte,0,0
2020-11-19,112.36,122.75,129.18,134.37,139.56,146.96,156.38,168.35,183.58,0.93,0.79,0.07,Resistência Forte,0,0
2020-11-20,112.36,122.75,129.18,134.37,139.56,146.96,156.38,168.35,183.58,0.88,0.79,0.12,Resistência Forte,0,0
2020-11-23,112.36,122.75,129.18,134.37,139.56,146.96,156.38,168.35,183.58,0.90,0.79,0.10,Resistência Forte,0,0
2020-11-24,112.36,122.75,129.18,134.37,139.56,146.96,156.38,168.35,183.58,0.96,0.79,0.04,Resistência Forte,0,0
2020-11-25,112.36,122.75,129.18,134.37,139.56,146.96,156.38,168.35,183.58,0.94,0.79,0.06,Resistência Forte,0,0
2020-11-27,112.36,122.75,129.18,134.37,139.56,146.96,156.38,168.35,183.58,0.96,0.79,0.04,Resistência Forte,0,0
2020-11-30,112.36,122.75,129.18,134.37,139.56,146.96,156.38,168.35,183.58,0.93,0.79,0.07,Resistência Forte,0,0
2020-12-01,112.36,122.75,129.18,134.37,139.56,146.96,156.38,168.35,183.58,0.95,0.79,0.05,Resistência Forte,0,0
2020-12-02,112.36,122.75,129.18,134.37,139.56,146.96,156.38,168.35,183.58,0.89,0.79,0.11,Resistência Forte,0,0
2020-12-03,112.36,122.75,129.18,134.37,139.56,146.96,156.38,168.35,183.58,0.90,0.79,0.10,Resistência Forte,0,0
2020-12-04,114.05,124.04,130.22,135.22,140.21,147.32,156.38,167.89,182.54,0.95,0.79,0.05,Resistência Forte,0,0
2020-12-07,119.24,128.01,133.43,137.81,142.19,148.43,156.38,166.48,179.33,0.94,0.79,0.06,Resistência Forte,0,0
2020-12-08,119.24,128.01,133.43,137.81,142.19,148.43,156.38,166.48,179.33,0.94,0.79,0.06,Resistência Forte,0,0
2020-12-09,119.24,128.01,133.43,137.81,142.19,148.43,156.38,166.48,179.33,0.92,0.79,0.08,Resistência Forte,0,0
2020-12-10,119.24,128.01,133.43,137.81,142.19,148.43,156.38,166.48,179.33,0.90,0.79,0.10,Resistência Forte,0,0
2020-12-11,119.24,128.01,133.43,137.81,142.19,148.43,156.38,166.48,179.33,0.94,0.79,0.06,Resistência Forte,0,0
2020-12-14,122.61,130.58,135.51,139.50,143.48,149.15,156.38,165.57,177.25,0.92,0.79,0.08,Resistência Forte,0,0
2020-12-15,123.57,131.31,136.10,139.98,143.85,149.36,156.38,165.30,176.66,0.99,0.79,0.01,Resistência Forte,0,1
2020-12-16,125.32,132.71,137.29,140.99,144.68,149.95,156.65,165.17,176.01,0.97,0.79,0.03,Resistência Forte,0,1
2020-12-17,127.61,134.98,139.54,143.23,146.92,152.16,158.85,167.35,178.16,0.95,0.79,0.05,Resistência Forte,0,1
2020-12-18,127.61,135.07,139.69,143.42,147.15,152.46,159.23,167.83,178.77,0.99,0.79,0.01,Resistência Forte,0,1
2020-12-21,127.61,135.07,139.69,143.42,147.15,152.46,159.23,167.83,178.77,0.94,0.79,0.06,Resistência Forte,0,0
2020-12-22,127.61,135.07,139.69,143.42,147.15,152.46,159.23,167.83,178.77,0.91,0.79,0.09,Resistência Forte,0,0
2020-12-23,127.61,135.07,139.69,143.42,147.15,152.46,159.23,167.83,178.77,0.88,0.79,0.12,Resistência Forte,0,0
2020-12-24,127.61,135.07,139.69,143.42,147.15,152.46,159.23,167.83,178.77,0.92,0.79,0.08,Resistência Forte,0,0
2020-12-28,127.61,135.07,139.69,143.42,147.15,152.46,159.23,167.83,178.77,0.92,0.79,0.08,Resistência Forte,0,0
2020-12-29,127.61,135.07,139.69,143.42,147.15,152.46,159.23,167.83,178.77,0.87,0.79,0.13,Resistência Forte,0,0
2020-12-30,127.61,135.07,139.69,143.42,147.15,152.46,159.23,167.83,178.77,0.84,0.79,0.16,Resistência Forte,0,0
2020-12-31,127.61,135.07,139.69,143.42,147.15,152.46,159.23,167.83,178.77,0.91,0.79,0.09,Resistência Forte,0,0
2021-01-04,127.61,135.07,139.69,143.42,147.15,152.46,159.23,167.83,178.77,0.71,0.62,0.08,Resistência,0,0
2021-01-05,127.61,135.07,139.69,143.42,147.15,152.46,159.23,167.83,178.77,0.69,0.62,0.10,Resistência,0,0
2021-01-06,127.61,135.07,139.69,143.42,147.15,152.46,159.23,167.83,178.77,0.68,0.62,0.11,Resistência,0,0
2021-01-07,128.47,135.73,140.22,143.85,147.48,152.65,159.23,167.60,178.24,0.69,0.62,0.10,Resistência,0,0
2021-01-08,135.46,141.07,144.54,147.34,150.15,154.14,159.23,165.70,173.92,0.69,0.62,0.10,Resistência,0,0
2021-01-11,135.46,141.07,144.54,147.34,150.15,154.14,159.23,165.70,173.92,0.59,0.50,0.03,Zona de Consolidação,1,0
2021-01-12,137.49,142.62,145.79,148.36,150.93,154.58,159.23,165.14,172.67,0.58,0.50,0.04,Zona de Consolidação,1,0
2021-01-13,139.88,144.45,147.27,149.56,151.84,155.09,159.23,164.49,171.19,0.32,0.24,0.06,Suporte,1,0
2021-01-14,142.86,146.72,149.11,151.05,152.98,155.73,159.23,163.68,169.35,0.05,0.00,0.19,Suporte Forte,0,0
2021-01-15,141.36,145.58,148.19,150.30,152.40,155.41,159.23,164.09,170.27,0.09,0.00,0.15,Suporte Forte,0,0
2021-01-19,141.36,145.58,148.19,150.30,152.40,155.41,159.23,164.09,170.27,0.13,0.00,0.11,Suporte Forte,0,0
2021-01-20,141.36,145.58,148.19,150.30,152.40,155.41,159.23,164.09,170.27,0.15,0.00,0.09,Suporte Forte,0,0
2021-01-21,141.36,145.58,148.19,150.30,152.40,155.41,159.23,164.09,170.27,0.09,0.00,0.15,Suporte Forte,0,0
2021-01-22,141.36,145.58,148.19,150.30,152.40,155.41,159.23,164.09,170.27,0.13,0.00,0.11,Suporte Forte,0,0
2021-01-25,141.36,145.58,148.19,150.30,152.40,155.41,159.23,164.09,170.27,0.22,0.00,0.02,Suporte Forte,0,0
2021-01-26,141.36,145.58,148.19,150.30,152.40,155.41,159.23,164.09,170.27,0.26,0.24,0.12,Suporte,0,0
2021-01-27,141.36,145.58,148.19,150.30,152.40,155.41,159.23,164.09,170.27,0.32,0.24,0.06,Suporte,1,0
2021-01-28,141.36,145.58,148.19,150.30,152.40,155.41,159.23,164.09,170.27,0.37,0.24,0.01,Suporte,1,0
2021-01-29,141.36,145.58,148.19,150.30,152.40,155.41,159.23,164.09,170.27,0.29,0.24,0.09,Suporte,0,0
2021-02-01,141.36,145.58,148.19,150.30,152.40,155.41,159.23,164.09,170.27,0.35,0.24,0.03,Suporte,1,0
2021-02-02,141.36,145.58,148.19,150.30,152.40,155.41,159.23,164.09,170.27,0.45,0.38,0.05,Zona de Consolidação,1,0
2021-02-03,141.36,145.58,148.19,150.30,152.40,155.41,159.23,164.09,170.27,0.37,0.24,0.01,Suporte,1,0
2021-02-04,141.36,145.58,148.19,150.30,152.40,155.41,159.23,164.09,170.27,0.56,0.50,0.06,Zona de Consolidação,1,0
2021-02-05,141.36,145.58,148.19,150.30,152.40,155.41,159.23,164.09,170.27,0.40,0.38,0.10,Zona de Consolidação,1,0
2021-02-08,141.36,145.58,148.19,150.30,152.40,155.41,159.23,164.09,170.27,0.43,0.38,0.07,Zona de Consolidação,1,0
2021-02-09,141.36,145.58,148.19,150.30,152.40,155.41,159.23,164.09,170.27,0.40,0.38,0.10,Zona de Consolidação,1,0
2021-02-10,141.36,145.58,148.19,150.30,152.40,155.41,159.23,164.09,170.27,0.38,0.24,0.00,Suporte,1,0
2021-02-11,141.36,145.58,148.19,150.30,152.40,155.41,159.23,164.09,170.27,0.37,0.24,0.01,Suporte,1,0
2021-02-12,141.36,145.58,148.19,150.30,152.40,155.41,159.23,164.09,170.27,0.38,0.24,0.00,Suporte,1,0
2021-02-16,141.36,145.58,148.19,150.30,152.40,155.41,159.23,164.09,170.27,0.34,0.24,0.04,Suporte,1,0
2021-02-17,141.36,145.58,148.19,150.30,152.40,155.41,159.23,164.09,170.27,0.39,0.38,0.11,Zona de Consolidação,1,0
2021-02-18,141.36,145.58,148.19,150.30,152.40,155.41,159.23,164.09,170.27,0.66,0.62,0.13,Resistência,1,0
2021-02-19,141.36,145.58,148.19,150.30,152.40,155.41,159.23,164.09,170.27,0.50,0.50,0.12,Zona de Consolidação,0,0
2021-02-22,141.36,145.58,148.19,150.30,152.40,155.41,159.23,164.09,170.27,0.57,0.50,0.05,Zona de Consolidação,1,0
2021-02-23,141.36,145.58,148.19,150.30,152.40,155.41,159.23,164.09,170.27,0.63,0.62,0.16,Resistência,1,0
2021-02-24,141.36,145.58,148.19,150.30,152.40,155.41,159.23,164.09,170.27,0.86,0.79,0.14,Resistência Forte,0,1
2021-02-25,141.36,145.58,148.19,150.30,152.40,155.41,159.23,164.09,170.27,0.81,0.79,0.19,Resistência Forte,0,1
2021-02-26,141.36,145.58,148.19,150.30,152.40,155.41,159.23,164.09,170.27,0.73,0.62,0.06,Resistência,0,1
2021-03-01,141.36,145.58,148.19,150.30,152.40,155.41,159.23,164.09,170.27,0.90,0.79,0.10,Resistência Forte,0,0
2021-03-02,141.36,145.58,148.19,150.30,152.40,155.41,159.23,164.09,170.27,0.78,0.62,0.01,Resistência,0,1
2021-03-03,141.36,145.58,148.19,150.30,152.40,155.41,159.23,164.09,170.27,0.75,0.62,0.04,Resistência,0,1
2021-03-04,141.36,145.37,147.85,149.86,151.86,154.71,158.35,162.97,168.85,0.61,0.50,0.01,Zona de Consolidação,1,0
2021-03-05,141.36,145.48,148.03,150.10,152.16,155.09,158.83,163.58,169.63,0.96,0.79,0.04,Resistência Forte,0,1
2021-03-08,141.36,146.45,149.60,152.15,154.70,158.32,162.94,168.81,176.28,0.87,0.79,0.13,Resistência Forte,0,0
2021-03-09,141.36,146.59,149.83,152.44,155.05,158.78,163.52,169.55,177.21,0.95,0.79,0.05,Resistência Forte,0,1
2021-03-10,141.36,146.65,149.93,152.57,155.22,158.99,163.79,169.89,177.65,0.90,0.79,0.10,Resistência Forte,0,0
2021-03-11,141.36,146.72,150.04,152.73,155.41,159.23,164.09,170.27,178.14,0.90,0.79,0.10,Resistência Forte,0,0
2021-03-12,141.36,146.72,150.04,152.73,155.41,159.23,164.09,170.27,178.14,0.95,0.79,0.05,Resistência Forte,0,1
2021-03-15,141.36,147.85,151.86,155.11,158.35,162.97,168.85,176.33,185.84,0.99,0.79,0.01,Resistência Forte,0,1
2021-03-16,141.36,148.10,152.26,155.63,159.00,163.79,169.90,177.66,187.54,0.93,0.79,0.07,Resistência Forte,0,0
2021-03-17,141.36,148.10,152.26,155.63,159.00,163.79,169.90,177.66,187.54,0.92,0.79,0.08,Resistência Forte,0,0
2021-03-18,141.36,148.10,152.26,155.63,159.00,163.79,169.90,177.66,187.54,0.86,0.79,0.14,Resistência Forte,0,0
2021-03-19,141.36,148.10,152.26,155.63,159.00,163.79,169.90,177.66,187.54,0.79,0.79,0.21,Resistência Forte,0,1
2021-03-22,141.36,148.10,152.26,155.63,159.00,163.79,169.90,177.66,187.54,0.81,0.79,0.19,Resistência Forte,0,1
2021-03-23,141.36,148.10,152.26,155.63,159.00,163.79,169.90,177.66,187.54,0.80,0.79,0.20,Resistência Forte,0,1
2021-03-24,141.36,148.10,152.26,155.63,159.00,163.79,169.90,177.66,187.54,0.84,0.79,0.16,Resistência Forte,0,1
2021-03-25,141.36,148.10,152.26,155.63,159.00,163.79,169.90,177.66,187.54,0.89,0.79,0.11,Resistência Forte,0,0
2021-03-26,141.36,148.62,153.11,156.74,160.36,165.53,172.11,180.47,191.11,0.99,0.79,0.01,Resistência Forte,0,1
2021-03-29,141.36,148.62,153.11,156.74,160.37,165.54,172.12,180.49,191.13,0.99,0.79,0.01,Resistência Forte,0,1
2021-03-30,141.80,149.05,153.54,157.16,160.78,165.95,172.52,180.88,191.50,0.84,0.79,0.16,Resistência Forte,0,1
2021-03-31,141.80,149.05,153.54,157.16,160.78,165.95,172.52,180.88,191.50,0.86,0.79,0.14,Resistência Forte,0,0
2021-04-01,141.80,149.05,153.54,157.16,160.78,165.95,172.52,180.88,191.50,0.88,0.79,0.12,Resistência Forte,0,0
2021-04-05,141.80,149.12,153.65,157.30,160.96,166.17,172.81,181.24,191.97,0.98,0.79,0.02,Resistência Forte,0,1
2021-04-06,142.70,149.81,154.20,157.76,161.31,166.37,172.81,181.00,191.42,0.87,0.79,0.13,Resistência Forte,0,0
2021-04-07,144.26,151.00,155.17,158.54,161.90,166.70,172.81,180.58,190.45,0.75,0.62,0.04,Resistência,0,1
2021-04-08,144.26,151.00,155.17,158.54,161.90,166.70,172.81,180.58,190.45,0.83,0.79,0.17,Resistência Forte,0,1
2021-04-09,145.73,152.12,156.07,159.27,162.47,167.01,172.81,180.18,189.55,0.86,0.79,0.14,Resistência Forte,0,0
2021-04-12,145.73,152.12,156.07,159.27,162.47,167.01,172.81,180.18,189.55,0.87,0.79,0.13,Resistência Forte,0,0
2021-04-13,145.73,152.12,156.07,159.27,162.47,167.01,172.81,180.18,189.55,0.94,0.79,0.06,Resistência Forte,0,1
2021-04-14,145.73,152.12,156.07,159.27,162.47,167.01,172.81,180.18,189.55,0.91,0.79,0.09,Resistência Forte,0,0
2021-04-15,145.73,152.12,156.07,159.27,162.47,167.01,172.81,180.18,189.55,0.94,0.79,0.06,Resistência Forte,0,1
2021-04-16,145.73,152.12,156.07,159.27,162.47,167.01,172.81,180.18,189.55,0.97,0.79,0.03,Resistência Forte,0,1
2021-04-19,145.73,152.12,156.07,159.27,162.47,167.01,172.81,180.18,189.55,0.97,0.79,0.03,Resistência Forte,0,1
2021-04-20,145.73,152.16,156.14,159.36,162.58,167.16,172.99,180.40,189.84,0.96,0.79,0.04,Resistência Forte,0,1
2021-04-21,145.73,152.29,156.35,159.62,162.90,167.57,173.52,181.08,190.69,0.99,0.79,0.01,Resistência Forte,0,1
2021-04-22,145.73,152.57,156.81,160.23,163.65,168.52,174.73,182.62,192.65,0.97,0.79,0.03,Resistência Forte,0,1
2021-04-23,145.73,152.86,157.27,160.84,164.41,169.48,175.95,184.17,194.63,0.96,0.79,0.04,Resistência Forte,0,1
2021-04-26,145.73,152.86,157.27,160.84,164.41,169.48,175.95,184.17,194.63,0.94,0.79,0.06,Resistência Forte,0,0
2021-04-27,145.98,153.05,157.43,160.96,164.50,169.54,175.95,184.10,194.47,0.96,0.79,0.04,Resistência Forte,0,1
2021-04-28,145.98,153.05,157.43,160.96,164.50,169.54,175.95,184.10,194.47,0.68,0.62,0.11,Resistência,0,0
2021-04-29,147.52,154.23,158.38,161.74,165.09,169.87,175.95,183.68,193.52,0.72,0.62,0.07,Resistência,0,0
2021-04-30,148.29,154.82,158.86,162.12,165.38,170.03,175.95,183.47,193.04,0.67,0.62,0.12,Resistência,1,0
2021-05-03,148.29,154.82,158.86,162.12,165.38,170.03,175.95,183.47,193.04,0.81,0.79,0.19,Resistência Forte,0,1
2021-05-04,149.96,156.09,159.89,162.95,166.02,170.39,175.95,183.02,192.01,0.89,0.79,0.11,Resistência Forte,0,0
2021-05-05,149.96,156.09,159.89,162.95,166.02,170.39,175.95,183.02,192.01,0.88,0.79,0.12,Resistência Forte,0,0
2021-05-06,150.78,156.72,160.39,163.36,166.34,170.56,175.95,182.80,191.51,0.93,0.79,0.07,Resistência Forte,0,1
2021-05-07,150.78,156.72,160.39,163.36,166.34,170.56,175.95,182.80,191.51,0.91,0.79,0.09,Resistência Forte,0,0
2021-05-10,150.78,156.72,160.39,163.36,166.34,170.56,175.95,182.80,191.51,0.90,0.79,0.10,Resistência Forte,0,0
2021-05-11,150.78,156.72,160.39,163.36,166.34,170.56,175.95,182.80,191.51,0.90,0.79,0.10,Resistência Forte,0,0
2021-05-12,150.78,156.72,160.39,163.36,166.34,170.56,175.95,182.80,191.51,0.72,0.62,0.07,Resistência,0,1
2021-05-13,150.78,156.72,160.39,163.36,166.34,170.56,175.95,182.80,191.51,0.83,0.79,0.17,Resistência Forte,0,1
2021-05-14,152.17,157.78,161.25,164.06,166.87,170.86,175.95,182.42,190.65,0.90,0.79,0.10,Resistência Forte,0,0
2021-05-17,157.71,162.01,164.68,166.83,168.98,172.05,175.95,180.91,187.22,0.87,0.79,0.13,Resistência Forte,0,1
2021-05-18,160.71,164.31,166.53,168.33,170.13,172.69,175.95,180.10,185.37,0.72,0.62,0.07,Resistência,1,1
2021-05-19,160.72,164.31,166.54,168.33,170.13,172.69,175.95,180.09,185.36,0.62,0.62,0.17,Resistência,1,0
2021-05-20,160.72,164.31,166.54,168.33,170.13,172.69,175.95,180.09,185.36,0.82,0.79,0.18,Resistência Forte,0,1
2021-05-21,161.02,164.54,166.72,168.48,170.25,172.75,175.95,180.01,185.18,0.88,0.79,0.12,Resistência Forte,0,1
2021-05-24,162.50,165.90,168.00,169.70,171.40,173.82,176.90,180.82,185.80,0.92,0.79,0.08,Resistência Forte,0,1
2021-05-25,162.50,165.90,168.00,169.70,171.40,173.82,176.90,180.82,185.80,0.80,0.79,0.20,Resistência Forte,0,1
2021-05-26,162.50,165.90,168.00,169.70,171.40,173.82,176.90,180.82,185.80,0.75,0.62,0.04,Resistência,0,1
2021-05-27,162.50,165.90,168.00,169.70,171.40,173.82,176.90,180.82,185.80,0.93,0.79,0.07,Resistência Forte,0,1
2021-05-28,162.50,165.90,168.00,169.70,171.40,173.82,176.90,180.82,185.80,0.86,0.79,0.14,Resistência Forte,0,1
2021-06-01,162.78,166.11,168.17,169.84,171.51,173.88,176.90,180.74,185.63,0.90,0.79,0.10,Resistência Forte,0,1
2021-06-02,163.28,166.74,168.88,170.62,172.35,174.81,177.95,181.94,187.02,0.93,0.79,0.07,Resistência Forte,0,1
2021-06-03,163.49,166.90,169.01,170.72,172.43,174.86,177.95,181.88,186.89,0.84,0.79,0.16,Resistência Forte,0,1
2021-06-04,164.86,167.95,169.86,171.40,172.95,175.15,177.95,181.51,186.04,0.88,0.79,0.12,Resistência Forte,0,1
2021-06-07,164.86,167.95,169.86,171.40,172.95,175.15,177.95,181.51,186.04,0.81,0.79,0.19,Resistência Forte,0,1
2021-06-08,164.86,167.95,169.86,171.40,172.95,175.15,177.95,181.51,186.04,0.96,0.79,0.04,Resistência Forte,0,1
2021-06-09,164.86,168.16,170.20,171.85,173.49,175.84,178.83,182.63,187.46,0.85,0.79,0.15,Resistência Forte,0,1
2021-06-10,164.86,168.27,170.38,172.09,173.80,176.23,179.32,183.25,188.26,1.00,1.00,0.27,Resistência Forte,0,1
2021-06-11,164.86,168.32,170.46,172.20,173.93,176.39,179.53,183.52,188.60,0.96,0.79,0.04,Resistência Forte,0,1
2021-06-14,164.86,168.32,170.46,172.20,173.93,176.39,179.53,183.52,188.60,0.93,0.79,0.07,Resistência Forte,0,1
2021-06-15,164.86,168.32,170.46,172.20,173.93,176.39,179.53,183.52,188.60,0.92,0.79,0.08,Resistência Forte,0,1
2021-06-16,164.86,168.32,170.46,172.20,173.93,176.39,179.53,183.52,188.60,0.81,0.79,0.19,Resistência Forte,0,1
2021-06-17,164.86,168.32,170.46,172.20,173.93,176.39,179.53,183.52,188.60,0.83,0.79,0.17,Resistência Forte,0,1
2021-06-18,164.86,168.32,170.46,172.20,173.93,176.39,179.53,183.52,188.60,0.54,0.50,0.08,Zona de Consolidação,1,0
2021-06-21,164.86,168.32,170.46,172.20,173.93,176.39,179.53,183.52,188.60,0.76,0.62,0.03,Resistência,0,1
2021-06-22,164.86,168.32,170.46,172.20,173.93,176.39,179.53,183.52,188.60,0.78,0.62,0.01,Resistência,0,1
2021-06-23,164.86,168.32,170.46,172.20,173.93,176.39,179.53,183.52,188.60,0.69,0.62,0.10,Resistência,1,1
2021-06-24,164.86,168.32,170.46,172.20,173.93,176.39,179.53,183.52,188.60,0.74,0.62,0.05,Resistência,0,1
2021-06-25,164.86,168.32,170.46,172.20,173.93,176.39,179.53,183.52,188.60,0.82,0.79,0.18,Resistência Forte,0,1
2021-06-28,164.86,168.32,170.46,172.20,173.93,176.39,179.53,183.52,188.60,0.77,0.62,0.02,Resistência,0,1
2021-06-29,164.86,168.32,170.46,172.20,173.93,176.39,179.53,183.52,188.60,0.83,0.79,0.17,Resistência Forte,0,1
2021-06-30,164.86,168.32,170.46,172.20,173.93,176.39,179.53,183.52,188.60,0.89,0.79,0.11,Resistência Forte,0,1
2021-07-01,164.86,168.32,170.46,172.20,173.93,176.39,179.53,183.52,188.60,0.97,0.79,0.03,Resistência Forte,0,1
2021-07-02,164.86,168.66,171.01,172.90,174.80,177.51,180.95,185.33,190.89,0.97,0.79,0.03,Resistência Forte,0,1
2021-07-06,164.86,168.78,171.20,173.16,175.11,177.90,181.45,185.96,191.70,0.93,0.79,0.07,Resistência Forte,0,1
2021-07-07,164.86,169.00,171.56,173.62,175.69,178.64,182.39,187.16,193.22,0.99,0.79,0.01,Resistência Forte,0,1
2021-07-08,164.86,169.00,171.56,173.62,175.69,178.64,182.39,187.16,193.22,0.91,0.79,0.09,Resistência Forte,0,1
2021-07-09,164.86,169.09,171.70,173.82,175.93,178.94,182.77,187.64,193.84,0.99,0.79,0.01,Resistência Forte,0,1
2021-07-12,164.86,169.09,171.70,173.82,175.93,178.94,182.77,187.64,193.84,0.99,0.79,0.01,Resistência Forte,0,1
2021-07-13,167.04,170.94,173.35,175.30,177.24,180.02,183.55,188.04,193.75,0.95,0.79,0.05,Resistência Forte,0,1
2021-07-14,167.04,171.06,173.54,175.55,177.56,180.42,184.06,188.69,194.58,0.95,0.79,0.05,Resistência Forte,0,1
2021-07-15,167.04,171.47,174.21,176.42,178.63,181.79,185.80,190.90,197.39,0.98,0.79,0.02,Resistência Forte,0,1
2021-07-16,167.04,171.73,174.63,176.97,179.31,182.65,186.90,192.30,199.17,0.87,0.79,0.13,Resistência Forte,0,1
2021-07-19,167.04,171.73,174.63,176.97,179.31,182.65,186.90,192.30,199.17,0.69,0.62,0.10,Resistência,1,0
2021-07-20,167.04,171.73,174.63,176.97,179.31,182.65,186.90,192.30,199.17,0.75,0.62,0.04,Resistência,0,1
2021-07-21,167.04,171.73,174.63,176.97,179.31,182.65,186.90,192.30,199.17,0.81,0.79,0.19,Resistência Forte,0,1
2021-07-22,167.04,171.73,174.63,176.97,179.31,182.65,186.90,192.30,199.17,0.76,0.62,0.03,Resistência,0,1
2021-07-23,167.04,171.73,174.63,176.97,179.31,182.65,186.90,192.30,199.17,0.89,0.79,0.11,Resistência Forte,0,0
2021-07-26,167.04,171.73,174.63,176.97,179.31,182.65,186.90,192.30,199.17,0.90,0.79,0.10,Resistência Forte,0,0
2021-07-27,167.04,171.73,174.63,176.98,179.32,182.66,186.91,192.31,199.19,0.97,0.79,0.03,Resistência Forte,0,1
2021-07-28,167.04,171.73,174.63,176.98,179.32,182.66,186.91,192.31,199.19,0.92,0.79,0.08,Resistência Forte,0,1
2021-07-29,167.04,172.00,175.07,177.55,180.03,183.56,188.06,193.78,201.05,0.96,0.79,0.04,Resistência Forte,0,1
2021-07-30,170.18,174.49,177.16,179.32,181.48,184.55,188.46,193.43,199.76,0.97,0.79,0.03,Resistência Forte,0,1
2021-08-02,172.20,176.24,178.74,180.76,182.77,185.65,189.31,193.96,199.88,0.90,0.79,0.10,Resistência Forte,0,1
2021-08-03,172.20,176.76,179.58,181.86,184.13,187.38,191.51,196.76,203.44,0.99,0.79,0.01,Resistência Forte,0,1
2021-08-04,172.20,176.76,179.58,181.86,184.13,187.38,191.51,196.76,203.44,0.92,0.79,0.08,Resistência Forte,0,1
2021-08-05,172.20,176.76,179.58,181.86,184.13,187.38,191.51,196.76,203.44,0.98,0.79,0.02,Resistência Forte,0,1
2021-08-06,172.20,176.80,179.65,181.95,184.25,187.53,191.70,197.00,203.75,0.96,0.79,0.04,Resistência Forte,0,1
2021-08-09,172.20,176.81,179.66,181.96,184.26,187.54,191.72,197.03,203.78,0.99,0.79,0.01,Resistência Forte,0,1
2021-08-10,172.20,177.48,180.75,183.39,186.03,189.79,194.58,200.67,208.41,0.98,0.79,0.02,Resistência Forte,0,1
2021-08-11,172.20,177.48,180.75,183.39,186.03,189.79,194.58,200.67,208.41,0.96,0.79,0.04,Resistência Forte,0,1
2021-08-12,172.20,177.48,180.75,183.39,186.03,189.79,194.58,200.67,208.41,0.91,0.79,0.09,Resistência Forte,0,0
2021-08-13,172.20,177.48,180.75,183.39,186.03,189.79,194.58,200.67,208.41,0.92,0.79,0.08,Resistência Forte,0,1
2021-08-16,172.20,177.48,180.75,183.39,186.03,189.79,194.58,200.67,208.41,0.98,0.79,0.02,Resistência Forte,0,1
2021-08-17,172.20,177.48,180.75,183.39,186.03,189.79,194.58,200.67,208.41,0.91,0.79,0.09,Resistência Forte,0,0
2021-08-18,172.20,177.48,180.75,183.39,186.03,189.79,194.58,200.67,208.41,0.65,0.62,0.14,Resistência,1,0
2021-08-19,172.20,177.48,180.75,183.39,186.03,189.79,194.58,200.67,208.41,0.76,0.62,0.03,Resistência,0,1
2021-08-20,172.20,177.48,180.75,183.39,186.03,189.79,194.58,200.67,208.41,0.78,0.62,0.01,Resistência,0,1
2021-08-23,172.20,177.48,180.75,183.39,186.03,189.79,194.58,200.67,208.41,0.78,0.62,0.01,Resistência,0,1
2021-08-24,172.20,177.48,180.75,183.39,186.03,189.79,194.58,200.67,208.41,0.64,0.62,0.15,Resistência,1,0
2021-08-25,172.20,177.48,180.75,183.39,186.03,189.79,194.58,200.67,208.41,0.64,0.62,0.15,Resistência,1,0
2021-08-26,172.20,177.48,180.75,183.39,186.03,189.79,194.58,200.67,208.41,0.60,0.50,0.02,Zona de Consolidação,1,0
2021-08-27,172.20,177.48,180.75,183.39,186.03,189.79,194.58,200.67,208.41,0.67,0.62,0.12,Resistência,1,0
2021-08-30,173.52,178.49,181.56,184.05,186.54,190.07,194.58,200.31,207.60,0.66,0.62,0.13,Resistência,1,0
2021-08-31,174.52,179.25,182.18,184.55,186.92,190.29,194.58,200.04,206.98,0.64,0.62,0.15,Resistência,1,0
2021-09-01,174.52,179.25,182.18,184.55,186.92,190.29,194.58,200.04,206.98,0.54,0.50,0.08,Zona de Consolidação,1,0
2021-09-02,174.92,179.56,182.43,184.75,187.07,190.37,194.58,199.93,206.73,0.52,0.50,0.10,Zona de Consolidação,0,0
2021-09-03,175.19,179.77,182.60,184.88,187.17,190.43,194.58,199.85,206.56,0.55,0.50,0.07,Zona de Consolidação,1,0
2021-09-07,175.35,179.89,182.70,184.96,187.23,190.46,194.58,199.81,206.46,0.30,0.24,0.08,Suporte,1,0
2021-09-08,175.78,180.22,182.96,185.18,187.40,190.56,194.58,199.69,206.20,0.43,0.38,0.07,Zona de Consolidação,1,0
2021-09-09,176.87,181.05,183.64,185.73,187.81,190.79,194.58,199.40,205.52,0.34,0.24,0.04,Suporte,1,0
2021-09-10,177.79,181.75,184.20,186.18,188.17,190.99,194.58,199.15,204.96,0.18,0.00,0.06,Suporte Forte,0,0
2021-09-13,178.60,182.37,184.70,186.59,188.48,191.16,194.58,198.93,204.46,0.09,0.00,0.15,Suporte Forte,0,0
2021-09-14,178.60,182.37,184.70,186.59,188.48,191.16,194.58,198.93,204.46,0.07,0.00,0.17,Suporte Forte,0,0
2021-09-15,179.07,182.73,184.99,186.82,188.66,191.26,194.58,198.80,204.17,0.09,0.00,0.15,Suporte Forte,0,0
2021-09-16,178.41,182.23,184.59,186.50,188.40,191.12,194.58,198.98,204.57,0.01,0.00,0.23,Suporte Forte,0,0
2021-09-17,177.71,181.69,184.15,186.14,188.14,190.97,194.58,199.17,205.01,0.07,0.00,0.17,Suporte Forte,0,0
2021-09-20,176.52,180.78,183.42,185.55,187.68,190.72,194.58,199.49,205.74,0.14,0.00,0.10,Suporte Forte,0,0
2021-09-21,176.52,180.78,183.42,185.55,187.68,190.72,194.58,199.49,205.74,0.05,0.00,0.19,Suporte Forte,0,0
2021-09-22,176.52,180.78,183.42,185.55,187.68,190.72,194.58,199.49,205.74,0.11,0.00,0.13,Suporte Forte,0,0
2021-09-23,176.52,180.78,183.42,185.55,187.68,190.72,194.58,199.49,205.74,0.26,0.24,0.12,Suporte,0,0
2021-09-24,176.52,180.78,183.42,185.55,187.68,190.72,194.58,199.49,205.74,0.31,0.24,0.07,Suporte,1,0
2021-09-27,176.52,180.78,183.42,185.55,187.68,190.72,194.58,199.49,205.74,0.28,0.24,0.10,Suporte,0,0
2021-09-28,176.52,180.78,183.42,185.55,187.68,190.72,194.58,199.49,205.74,0.06,0.00,0.18,Suporte Forte,0,0
2021-09-29,176.52,180.78,183.42,185.55,187.68,190.72,194.58,199.49,205.74,0.17,0.00,0.07,Suporte Forte,0,0
2021-09-30,176.52,180.78,183.42,185.55,187.68,190.72,194.58,199.49,205.74,0.19,0.00,0.05,Suporte Forte,0,0
2021-10-01,176.52,180.78,183.42,185.55,187.68,190.72,194.58,199.49,205.74,0.29,0.24,0.09,Suporte,1,0
2021-10-04,176.52,180.78,183.42,185.55,187.68,190.72,194.58,199.49,205.74,0.19,0.00,0.05,Suporte Forte,0,0
2021-10-05,176.52,180.78,183.42,185.55,187.68,190.72,194.58,199.49,205.74,0.38,0.24,0.00,Suporte,1,0
2021-10-06,176.52,180.78,183.42,185.55,187.68,190.72,194.58,199.49,205.74,0.44,0.38,0.06,Zona de Consolidação,1,0
2021-10-07,176.52,180.78,183.42,185.55,187.68,190.72,194.58,199.49,205.74,0.57,0.50,0.05,Zona de Consolidação,1,0
2021-10-08,176.52,180.78,183.42,185.55,187.68,190.72,194.58,199.49,205.74,0.50,0.50,0.12,Zona de Consolidação,0,0
2021-10-11,176.52,180.78,183.42,185.55,187.68,190.72,194.58,199.49,205.74,0.38,0.24,0.00,Suporte,1,0
2021-10-12,176.52,180.78,183.42,185.55,187.68,190.72,194.58,199.49,205.74,0.39,0.38,0.11,Zona de Consolidação,1,0
2021-10-13,176.52,180.78,183.42,185.55,187.68,190.72,194.58,199.49,205.74,0.45,0.38,0.05,Zona de Consolidação,1,0
2021-10-14,176.52,180.78,183.42,185.55,187.68,190.72,194.58,199.49,205.74,0.62,0.62,0.17,Resistência,1,0
2021-10-15,176.52,180.78,183.42,185.55,187.68,190.72,194.58,199.49,205.74,0.84,0.79,0.16,Resistência Forte,0,1
2021-10-18,176.52,180.78,183.42,185.55,187.68,190.72,194.58,199.49,205.74,0.82,0.79,0.18,Resistência Forte,0,1
2021-10-19,176.52,180.78,183.42,185.55,187.68,190.72,194.58,199.49,205.74,0.89,0.79,0.11,Resistência Forte,0,1
2021-10-20,176.52,180.76,183.38,185.50,187.62,190.64,194.48,199.37,205.58,0.85,0.79,0.15,Resistência Forte,0,1
2021-10-21,176.52,180.69,183.26,185.34,187.43,190.39,194.17,198.97,205.08,0.95,0.79,0.05,Resistência Forte,0,1
2021-10-22,176.52,181.33,184.31,186.72,189.12,192.55,196.91,202.46,209.51,0.96,0.79,0.04,Resistência Forte,0,1
2021-10-25,176.52,181.44,184.48,186.94,189.40,192.90,197.36,203.03,210.24,0.95,0.79,0.05,Resistência Forte,0,1
2021-10-26,176.52,181.63,184.79,187.34,189.89,193.53,198.16,204.05,211.53,0.94,0.79,0.06,Resistência Forte,0,1
2021-10-27,176.52,182.61,186.38,189.42,192.46,196.80,202.32,209.34,218.26,0.90,0.79,0.10,Resistência Forte,0,0
2021-10-28,176.52,182.61,186.38,189.42,192.46,196.80,202.32,209.34,218.26,0.94,0.79,0.06,Resistência Forte,0,1
2021-10-29,176.52,182.66,186.46,189.52,192.59,196.96,202.53,209.60,218.60,0.98,0.79,0.02,Resistência Forte,0,1
2021-11-01,176.52,182.66,186.46,189.52,192.59,196.96,202.53,209.60,218.60,0.90,0.79,0.10,Resistência Forte,0,0
2021-11-02,176.52,182.71,186.54,189.64,192.73,197.14,202.75,209.88,218.96,1.00,1.00,0.27,Resistência Forte,0,1
2021-11-03,176.52,182.89,186.83,190.02,193.20,197.73,203.51,210.85,220.19,0.99,0.79,0.01,Resistência Forte,0,1
2021-11-04,176.52,183.15,187.25,190.56,193.88,198.60,204.61,212.25,221.97,0.96,0.79,0.04,Resistência Forte,0,1
2021-11-05,176.52,183.75,188.22,191.83,195.44,200.59,207.14,215.47,226.06,0.98,0.79,0.02,Resistência Forte,0,1
2021-11-08,176.52,183.76,188.24,191.86,195.49,200.64,207.21,215.56,226.18,0.92,0.79,0.08,Resistência Forte,0,0
2021-11-09,176.52,183.76,188.24,191.86,195.49,200.64,207.21,215.56,226.18,0.97,0.79,0.03,Resistência Forte,0,1
2021-11-10,176.52,184.08,188.76,192.54,196.32,201.70,208.56,217.27,228.36,0.94,0.79,0.06,Resistência Forte,0,1
2021-11-11,176.52,184.08,188.76,192.54,196.32,201.70,208.56,217.27,228.36,0.91,0.79,0.09,Resistência Forte,0,0
2021-11-12,176.52,184.12,188.82,192.62,196.42,201.83,208.72,217.48,228.62,0.97,0.79,0.03,Resistência Forte,0,1
2021-11-15,176.52,184.41,189.29,193.24,197.18,202.80,209.95,219.04,230.61,1.00,1.00,0.27,Resistência Forte,0,1
2021-11-16,176.52,185.22,190.60,194.96,199.31,205.50,213.39,223.42,236.18,0.96,0.79,0.04,Resistência Forte,0,1
2021-11-17,176.52,185.24,190.63,195.00,199.36,205.56,213.47,223.52,236.31,0.99,0.79,0.01,Resistência Forte,0,1
2021-11-18,176.52,185.47,191.01,195.49,199.97,206.34,214.46,224.78,237.91,0.99,0.79,0.01,Resistência Forte,0,1
2021-11-19,176.52,185.69,191.36,195.94,200.53,207.06,215.37,225.94,239.38,0.97,0.79,0.03,Resistência Forte,0,1
2021-11-22,176.52,186.10,192.02,196.81,201.60,208.42,217.10,228.14,242.18,0.90,0.79,0.10,Resistência Forte,0,0
2021-11-23,176.52,186.10,192.02,196.81,201.60,208.42,217.10,228.14,242.18,0.89,0.79,0.11,Resistência Forte,0,0
2021-11-24,176.52,186.10,192.02,196.81,201.60,208.42,217.10,228.14,242.18,0.85,0.79,0.15,Resistência Forte,0,0
2021-11-26,176.52,186.10,192.02,196.81,201.60,208.42,217.10,228.14,242.18,0.74,0.62,0.05,Resistência,0,1
2021-11-29,176.52,186.10,192.02,196.81,201.60,208.42,217.10,228.14,242.18,0.88,0.79,0.12,Resistência Forte,0,0
2021-11-30,176.74,186.26,192.16,196.92,201.68,208.46,217.10,228.08,242.04,0.77,0.62,0.02,Resistência,0,1
2021-12-01,177.13,186.56,192.40,197.12,201.83,208.55,217.10,227.97,241.80,0.68,0.62,0.11,Resistência,0,0
2021-12-02,177.13,186.56,192.40,197.12,201.83,208.55,217.10,227.97,241.80,0.80,0.79,0.20,Resistência Forte,0,1
2021-12-03,177.13,186.56,192.40,197.12,201.83,208.55,217.10,227.97,241.80,0.75,0.62,0.04,Resistência,0,1
2021-12-06,177.13,186.56,192.40,197.12,201.83,208.55,217.10,227.97,241.80,0.80,0.79,0.20,Resistência Forte,0,1
2021-12-07,177.13,186.56,192.40,197.12,201.83,208.55,217.10,227.97,241.80,0.86,0.79,0.14,Resistência Forte,0,0
2021-12-08,177.34,186.72,192.53,197.22,201.91,208.59,217.10,227.91,241.67,0.84,0.79,0.16,Resistência Forte,0,0
2021-12-09,177.34,186.72,192.53,197.22,201.91,208.59,217.10,227.91,241.67,0.83,0.79,0.17,Resistência Forte,0,1
2021-12-10,177.34,186.72,192.53,197.22,201.91,208.59,217.10,227.91,241.67,0.92,0.79,0.08,Resistência Forte,0,0
2021-12-13,179.32,188.24,193.75,198.21,202.67,209.02,217.10,227.38,240.45,0.88,0.79,0.12,Resistência Forte,0,0
2021-12-14,179.42,188.31,193.81,198.26,202.71,209.04,217.10,227.35,240.39,0.75,0.62,0.04,Resistência,0,1
2021-12-15,181.95,190.25,195.38,199.52,203.67,209.58,217.10,226.66,238.82,0.84,0.79,0.16,Resistência Forte,0,1
2021-12-16,182.05,190.32,195.44,199.58,203.71,209.60,217.10,226.63,238.76,0.79,0.79,0.21,Resistência Forte,0,1
2021-12-17,182.05,190.32,195.44,199.58,203.71,209.60,217.10,226.63,238.76,0.72,0.62,0.07,Resistência,0,0
2021-12-20,182.05,190.32,195.44,199.58,203.71,209.60,217.10,226.63,238.76,0.72,0.62,0.07,Resistência,0,0
2021-12-21,182.05,190.32,195.44,199.58,203.71,209.60,217.10,226.63,238.76,0.79,0.79,0.21,Resistência Forte,0,1
2021-12-22,182.05,190.32,195.44,199.58,203.71,209.60,217.10,226.63,238.76,0.94,0.79,0.06,Resistência Forte,0,0
2021-12-23,185.62,193.83,198.91,203.01,207.11,212.96,220.40,229.86,241.89,0.95,0.79,0.05,Resistência Forte,0,1
2021-12-27,188.26,196.47,201.55,205.66,209.77,215.61,223.06,232.53,244.57,0.99,0.79,0.01,Resistência Forte,0,1
2021-12-28,189.48,197.45,202.38,206.36,210.34,216.02,223.24,232.42,244.10,0.98,0.79,0.02,Resistência Forte,0,1
2021-12-29,190.59,198.73,203.77,207.84,211.92,217.71,225.10,234.49,246.43,0.98,0.79,0.02,Resistência Forte,0,1
2021-12-30,190.89,198.96,203.96,208.00,212.03,217.78,225.10,234.41,246.24,0.91,0.79,0.09,Resistência Forte,0,0
2021-12-31,190.89,198.96,203.96,208.00,212.03,217.78,225.10,234.41,246.24,0.94,0.79,0.06,Resistência Forte,0,1
2022-01-03,193.68,201.10,205.68,209.39,213.10,218.38,225.10,233.65,244.52,0.86,0.79,0.14,Resistência Forte,0,0
2022-01-04,195.61,202.57,206.88,210.36,213.83,218.79,225.10,233.12,243.32,0.88,0.79,0.12,Resistência Forte,0,0
2022-01-05,196.07,202.92,207.16,210.58,214.01,218.89,225.10,233.00,243.04,0.82,0.79,0.18,Resistência Forte,0,1
2022-01-06,198.52,204.79,208.67,211.81,214.95,219.41,225.10,232.33,241.53,0.74,0.62,0.05,Resistência,0,1
2022-01-07,198.98,205.14,208.96,212.04,215.12,219.51,225.10,232.20,241.24,0.65,0.62,0.14,Resistência,1,0
2022-01-10,198.98,205.14,208.96,212.04,215.12,219.51,225.10,232.20,241.24,0.44,0.38,0.06,Zona de Consolidação,1,0
2022-01-11,198.98,205.14,208.96,212.04,215.12,219.51,225.10,232.20,241.24,0.53,0.50,0.09,Zona de Consolidação,0,0
2022-01-12,199.94,205.88,209.55,212.52,215.49,219.72,225.10,231.94,240.65,0.48,0.38,0.02,Zona de Consolidação,0,0
2022-01-13,199.98,205.91,209.58,212.54,215.50,219.72,225.10,231.93,240.62,0.39,0.38,0.11,Zona de Consolidação,1,0
2022-01-14,202.13,207.55,210.90,213.62,216.33,220.18,225.10,231.35,239.30,0.20,0.00,0.04,Suporte Forte,0,0
2022-01-18,201.41,207.00,210.46,213.26,216.05,220.03,225.10,231.54,239.74,0.14,0.00,0.10,Suporte Forte,0,0
2022-01-19,201.41,207.00,210.46,213.26,216.05,220.03,225.10,231.54,239.74,0.08,0.00,0.16,Suporte Forte,0,0
2022-01-20,198.67,204.91,208.77,211.88,215.00,219.44,225.10,232.29,241.43,0.02,0.00,0.22,Suporte Forte,0,0
2022-01-21,196.05,202.91,207.15,210.58,214.00,218.88,225.10,233.00,243.05,0.01,0.00,0.23,Suporte Forte,0,0
2022-01-24,190.80,198.89,203.90,207.95,212.00,217.76,225.10,234.43,246.30,0.19,0.00,0.05,Suporte Forte,0,0
2022-01-25,190.80,198.89,203.90,207.95,212.00,217.76,225.10,234.43,246.30,0.15,0.00,0.09,Suporte Forte,0,0
2022-01-26,177.70,188.89,195.81,201.40,206.99,214.96,225.10,237.99,254.39,0.02,0.00,0.22,Suporte Forte,0,0
2022-01-27,175.91,187.52,194.70,200.50,206.31,214.57,225.10,238.48,255.50,0.03,0.00,0.21,Suporte Forte,0,0
2022-01-28,174.22,186.23,193.66,199.66,205.66,214.21,225.10,238.94,256.54,0.12,0.00,0.12,Suporte Forte,0,0
2022-01-31,174.22,186.23,193.66,199.66,205.66,214.21,225.10,238.94,256.54,0.24,0.24,0.14,Suporte,0,0
2022-02-01,174.22,186.23,193.66,199.66,205.66,214.21,225.10,238.94,256.54,0.23,0.00,0.01,Suporte Forte,0,0
2022-02-02,174.22,186.23,193.66,199.66,205.66,214.21,225.10,238.94,256.54,0.27,0.24,0.11,Suporte,0,0
2022-02-03,174.22,186.23,193.66,199.66,205.66,214.21,225.10,238.94,256.54,0.22,0.00,0.02,Suporte Forte,0,0
2022-02-04,174.22,186.23,193.66,199.66,205.66,214.21,225.10,238.94,256.54,0.24,0.24,0.14,Suporte,0,0
2022-02-07,174.22,186.23,193.66,199.66,205.66,214.21,225.10,238.94,256.54,0.24,0.24,0.14,Suporte,0,0
2022-02-08,174.22,186.23,193.66,199.66,205.66,214.21,225.10,238.94,256.54,0.28,0.24,0.10,Suporte,0,0
2022-02-09,174.22,186.23,193.66,199.66,205.66,214.21,225.10,238.94,256.54,0.33,0.24,0.05,Suporte,0,0
2022-02-10,174.22,186.23,193.66,199.66,205.66,214.21,225.10,238.94,256.54,0.23,0.00,0.01,Suporte Forte,0,0
2022-02-11,174.22,186.23,193.66,199.66,205.66,214.21,225.10,238.94,256.54,0.20,0.00,0.04,Suporte Forte,0,0
2022-02-14,174.22,186.23,193.66,199.66,205.66,214.21,225.10,238.94,256.54,0.17,0.00,0.07,Suporte Forte,0,0
2022-02-15,174.22,186.23,193.66,199.66,205.66,214.21,225.10,238.94,256.54,0.20,0.00,0.04,Suporte Forte,0,0
2022-02-16,174.22,186.23,193.66,199.66,205.66,214.21,225.10,238.94,256.54,0.21,0.00,0.03,Suporte Forte,0,0
2022-02-17,174.22,186.23,193.66,199.66,205.66,214.21,225.10,238.94,256.54,0.14,0.00,0.10,Suporte Forte,0,0
2022-02-18,174.22,186.23,193.66,199.66,205.66,214.21,225.10,238.94,256.54,0.14,0.00,0.10,Suporte Forte,0,0
2022-02-22,174.22,186.23,193.66,199.66,205.66,214.21,225.10,238.94,256.54,0.13,0.00,0.11,Suporte Forte,0,0
2022-02-23,174.22,186.23,193.66,199.66,205.66,214.21,225.10,238.94,256.54,0.06,0.00,0.18,Suporte Forte,0,0
2022-02-24,173.83,185.93,193.42,199.46,205.51,214.13,225.10,239.05,256.78,0.14,0.00,0.10,Suporte Forte,0,0
2022-02-25,173.83,185.93,193.42,199.46,205.51,214.13,225.10,239.05,256.78,0.21,0.00,0.03,Suporte Forte,0,0
2022-02-28,173.83,185.93,193.42,199.46,205.51,214.13,225.10,239.05,256.78,0.21,0.00,0.03,Suporte Forte,0,0
2022-03-01,173.83,185.93,193.42,199.46,205.51,214.13,225.10,239.05,256.78,0.18,0.00,0.06,Suporte Forte,0,0
2022-03-02,173.83,185.93,193.42,199.46,205.51,214.13,225.10,239.05,256.78,0.25,0.24,0.13,Suporte,0,0
2022-03-03,173.83,185.93,193.42,199.46,205.51,214.13,225.10,239.05,256.78,0.22,0.00,0.02,Suporte Forte,0,0
2022-03-04,173.83,185.93,193.42,199.46,205.51,214.13,225.10,239.05,256.78,0.29,0.24,0.09,Suporte,0,0
2022-03-07,173.83,185.93,193.42,199.46,205.51,214.13,225.10,239.05,256.78,0.28,0.24,0.10,Suporte,0,0
2022-03-08,173.83,185.93,193.42,199.46,205.51,214.13,225.10,239.05,256.78,0.23,0.00,0.01,Suporte Forte,0,0
2022-03-09,173.83,185.93,193.42,199.46,205.51,214.13,225.10,239.05,256.78,0.31,0.24,0.07,Suporte,0,0
2022-03-10,173.83,185.93,193.42,199.46,205.51,214.13,225.10,239.05,256.78,0.32,0.24,0.06,Suporte,0,0
2022-03-11,173.83,185.80,193.20,199.18,205.16,213.68,224.53,238.32,255.86,0.29,0.24,0.09,Suporte,0,0
2022-03-14,173.83,185.67,192.99,198.92,204.84,213.26,224.00,237.65,255.01,0.28,0.24,0.10,Suporte,0,0
2022-03-15,173.83,185.61,192.90,198.79,204.68,213.07,223.75,237.33,254.60,0.38,0.24,0.00,Suporte,1,0
2022-03-16,173.83,185.52,192.75,198.60,204.44,212.76,223.36,236.83,253.97,0.39,0.38,0.11,Zona de Consolidação,1,0
2022-03-17,173.83,185.40,192.56,198.35,204.13,212.37,222.86,236.20,253.16,0.42,0.38,0.08,Zona de Consolidação,1,0
2022-03-18,173.83,185.02,191.94,197.54,203.13,211.09,221.24,234.14,250.54,0.45,0.38,0.05,Zona de Consolidação,0,0
2022-03-21,173.83,184.28,190.75,195.98,201.20,208.64,218.12,230.17,245.49,0.44,0.38,0.06,Zona de Consolidação,0,0
2022-03-22,173.83,183.57,189.60,194.48,199.35,206.28,215.12,226.35,240.64,0.53,0.50,0.09,Zona de Consolidação,0,0
2022-03-23,173.83,183.19,188.98,193.67,198.35,205.01,213.50,224.29,238.02,0.49,0.38,0.01,Zona de Consolidação,0,0
2022-03-24,173.83,183.19,188.98,193.67,198.35,205.01,213.50,224.29,238.02,0.59,0.50,0.03,Zona de Consolidação,1,0
2022-03-25,173.83,183.18,188.96,193.63,198.30,204.96,213.43,224.20,237.90,0.64,0.62,0.15,Resistência,1,0
2022-03-28,173.83,182.17,187.33,191.50,195.67,201.61,209.17,218.78,231.01,0.75,0.62,0.04,Resistência,0,1
2022-03-29,173.83,181.77,186.68,190.64,194.61,200.26,207.46,216.61,228.24,0.91,0.79,0.09,Resistência Forte,0,0
2022-03-30,173.83,181.81,186.75,190.74,194.73,200.41,207.65,216.85,228.55,0.98,0.79,0.02,Resistência Forte,0,1
2022-03-31,173.83,182.57,187.98,192.35,196.72,202.94,210.87,220.94,233.76,0.89,0.79,0.11,Resistência Forte,0,0
2022-04-01,173.83,182.97,188.62,193.18,197.75,204.26,212.54,223.07,236.46,0.99,0.79,0.01,Resistência Forte,0,1
2022-04-04,173.83,183.44,189.39,194.20,199.00,205.84,214.56,225.64,239.73,0.98,0.79,0.02,Resistência Forte,0,1
2022-04-05,173.83,184.41,190.95,196.24,201.53,209.06,218.65,230.84,246.35,0.95,0.79,0.05,Resistência Forte,0,0
2022-04-06,173.83,184.41,190.95,196.24,201.53,209.06,218.65,230.84,246.35,0.94,0.79,0.06,Resistência Forte,0,0
2022-04-07,173.83,184.41,190.95,196.24,201.53,209.06,218.65,230.84,246.35,0.96,0.79,0.04,Resistência Forte,0,1
2022-04-08,173.83,184.41,190.95,196.24,201.53,209.06,218.65,230.84,246.35,0.94,0.79,0.06,Resistência Forte,0,0
2022-04-11,173.83,184.41,190.95,196.24,201.53,209.06,218.65,230.84,246.35,0.80,0.79,0.20,Resistência Forte,0,1
2022-04-12,173.83,184.41,190.95,196.24,201.53,209.06,218.65,230.84,246.35,0.81,0.79,0.19,Resistência Forte,0,1
2022-04-13,173.83,184.41,190.95,196.24,201.53,209.06,218.65,230.84,246.35,0.86,0.79,0.14,Resistência Forte,0,0
2022-04-14,173.83,184.41,190.95,196.24,201.53,209.06,218.65,230.84,246.35,0.77,0.62,0.02,Resistência,0,1
2022-04-18,173.83,184.41,190.95,196.24,201.53,209.06,218.65,230.84,246.35,0.73,0.62,0.06,Resistência,0,0
2022-04-19,173.83,184.41,190.95,196.24,201.53,209.06,218.65,230.84,246.35,0.78,0.62,0.01,Resistência,0,1
2022-04-20,173.83,184.41,190.95,196.24,201.53,209.06,218.65,230.84,246.35,0.84,0.79,0.16,Resistência Forte,0,0
2022-04-21,173.83,184.41,190.95,196.24,201.53,209.06,218.65,230.84,246.35,0.79,0.79,0.21,Resistência Forte,0,1
2022-04-22,173.83,184.41,190.95,196.24,201.53,209.06,218.65,230.84,246.35,0.65,0.62,0.14,Resistência,1,0
2022-04-25,173.83,184.41,190.95,196.24,201.53,209.06,218.65,230.84,246.35,0.72,0.62,0.07,Resistência,0,0
2022-04-26,173.83,184.41,190.95,196.24,201.53,209.06,218.65,230.84,246.35,0.63,0.62,0.16,Resistência,1,0
2022-04-27,173.83,184.41,190.95,196.24,201.53,209.06,218.65,230.84,246.35,0.74,0.62,0.05,Resistência,0,1
2022-04-28,173.83,184.41,190.95,196.24,201.53,209.06,218.65,230.84,246.35,0.78,0.62,0.01,Resistência,0,1
2022-04-29,173.83,184.41,190.95,196.24,201.53,209.06,218.65,230.84,246.35,0.54,0.50,0.08,Zona de Consolidação,0,0
2022-05-02,173.83,184.41,190.95,196.24,201.53,209.06,218.65,230.84,246.35,0.57,0.50,0.05,Zona de Consolidação,0,0
2022-05-03,173.83,184.41,190.95,196.24,201.53,209.06,218.65,230.84,246.35,0.61,0.50,0.01,Zona de Consolidação,1,0
2022-05-04,173.83,184.41,190.95,196.24,201.53,209.06,218.65,230.84,246.35,0.76,0.62,0.03,Resistência,0,1
2022-05-05,173.83,184.41,190.95,196.24,201.53,209.06,218.65,230.84,246.35,0.55,0.50,0.07,Zona de Consolidação,0,0
2022-05-06,180.67,189.63,195.18,199.66,204.14,210.52,218.65,228.98,242.12,0.43,0.38,0.07,Zona de Consolidação,1,0
2022-05-09,181.87,190.55,195.92,200.26,204.60,210.78,218.65,228.65,241.38,0.24,0.24,0.14,Suporte,0,0
2022-05-10,181.87,190.55,195.92,200.26,204.60,210.78,218.65,228.65,241.38,0.30,0.24,0.08,Suporte,0,0
2022-05-11,182.84,191.29,196.52,200.74,204.97,210.99,218.65,228.39,240.78,0.19,0.00,0.05,Suporte Forte,0,0
2022-05-12,183.20,191.57,196.74,200.92,205.11,211.06,218.65,228.29,240.56,0.15,0.00,0.09,Suporte Forte,0,0
2022-05-13,183.20,191.57,196.74,200.92,205.11,211.06,218.65,228.29,240.56,0.18,0.00,0.06,Suporte Forte,0,0
2022-05-16,185.30,193.17,198.04,201.98,205.91,211.51,218.65,227.72,239.26,0.13,0.00,0.11,Suporte Forte,0,0
2022-05-17,185.30,193.17,198.04,201.98,205.91,211.51,218.65,227.72,239.26,0.30,0.24,0.08,Suporte,0,0
2022-05-18,185.66,193.45,198.26,202.16,206.05,211.59,218.65,227.62,239.04,0.12,0.00,0.12,Suporte Forte,0,0
2022-05-19,185.66,193.45,198.26,202.16,206.05,211.59,218.65,227.62,239.04,0.07,0.00,0.17,Suporte Forte,0,0
2022-05-20,185.03,192.96,197.87,201.84,205.81,211.46,218.65,227.79,239.43,0.14,0.00,0.10,Suporte Forte,0,0
2022-05-23,185.03,192.96,197.87,201.84,205.81,211.46,218.65,227.79,239.43,0.25,0.24,0.13,Suporte,0,0
2022-05-24,185.03,192.96,197.87,201.84,205.81,211.46,218.65,227.79,239.43,0.25,0.24,0.13,Suporte,0,0
2022-05-25,185.03,192.96,197.87,201.84,205.81,211.46,218.65,227.79,239.43,0.28,0.24,0.10,Suporte,0,0
2022-05-26,185.03,192.96,197.87,201.84,205.81,211.46,218.65,227.79,239.43,0.40,0.38,0.10,Zona de Consolidação,1,0
2022-05-27,185.03,192.96,197.87,201.84,205.81,211.46,218.65,227.79,239.43,0.57,0.50,0.05,Zona de Consolidação,1,0
2022-05-31,185.03,192.96,197.87,201.84,205.81,211.46,218.65,227.79,239.43,0.52,0.50,0.10,Zona de Consolidação,0,0
2022-06-01,185.03,192.96,197.87,201.84,205.81,211.46,218.65,227.79,239.43,0.42,0.38,0.08,Zona de Consolidação,1,0
2022-06-02,185.03,192.96,197.87,201.84,205.81,211.46,218.65,227.79,239.43,0.54,0.50,0.08,Zona de Consolidação,0,0
2022-06-03,185.03,192.96,197.87,201.84,205.81,211.46,218.65,227.79,239.43,0.46,0.38,0.04,Zona de Consolidação,0,0
2022-06-06,185.03,192.96,197.87,201.84,205.81,211.46,218.65,227.79,239.43,0.43,0.38,0.07,Zona de Consolidação,1,0
2022-06-07,185.03,192.96,197.87,201.84,205.81,211.46,218.65,227.79,239.43,0.50,0.50,0.12,Zona de Consolidação,0,0
2022-06-08,185.03,192.96,197.87,201.84,205.81,211.46,218.65,227.79,239.43,0.44,0.38,0.06,Zona de Consolidação,0,0
2022-06-09,185.03,192.96,197.87,201.84,205.81,211.46,218.65,227.79,239.43,0.35,0.24,0.03,Suporte,1,0
2022-06-10,185.03,192.96,197.87,201.84,205.81,211.46,218.65,227.79,239.43,0.24,0.24,0.14,Suporte,0,0
2022-06-13,185.03,192.96,197.87,201.84,205.81,211.46,218.65,227.79,239.43,0.06,0.00,0.18,Suporte Forte,0,0
2022-06-14,184.41,192.49,197.49,201.53,205.57,211.32,218.65,227.96,239.81,0.06,0.00,0.18,Suporte Forte,0,0
2022-06-15,184.41,192.49,197.49,201.53,205.57,211.32,218.65,227.96,239.81,0.14,0.00,0.10,Suporte Forte,0,0
2022-06-16,181.27,189.89,195.22,199.53,203.84,209.97,217.79,227.72,240.36,0.03,0.00,0.21,Suporte Forte,0,0
2022-06-17,179.50,188.54,194.13,198.64,203.16,209.60,217.79,228.20,241.45,0.09,0.00,0.15,Suporte Forte,0,0
2022-06-21,179.50,188.54,194.13,198.64,203.16,209.60,217.79,228.20,241.45,0.24,0.24,0.14,Suporte,0,0
2022-06-22,179.50,188.33,193.79,198.21,202.63,208.91,216.92,227.10,240.05,0.26,0.24,0.12,Suporte,0,0
2022-06-23,179.50,187.59,192.59,196.63,200.67,206.43,213.76,223.08,234.93,0.37,0.24,0.01,Suporte,1,0
2022-06-24,179.50,187.59,192.59,196.63,200.67,206.43,213.76,223.08,234.93,0.59,0.50,0.03,Zona de Consolidação,1,0
2022-06-27,179.50,187.59,192.59,196.63,200.67,206.43,213.76,223.08,234.93,0.58,0.50,0.04,Zona de Consolidação,1,0
2022-06-28,179.50,187.59,192.59,196.63,200.67,206.43,213.76,223.08,234.93,0.46,0.38,0.04,Zona de Consolidação,0,0
2022-06-29,179.50,187.59,192.59,196.63,200.67,206.43,213.76,223.08,234.93,0.42,0.38,0.08,Zona de Consolidação,1,0
2022-06-30,179.50,187.59,192.59,196.63,200.67,206.43,213.76,223.08,234.93,0.36,0.24,0.02,Suporte,1,0
2022-07-01,179.50,187.59,192.59,196.63,200.67,206.43,213.76,223.08,234.93,0.44,0.38,0.06,Zona de Consolidação,0,0
2022-07-05,179.50,187.06,191.73,195.51,199.29,204.67,211.52,220.23,231.31,0.45,0.38,0.05,Zona de Consolidação,0,0
2022-07-06,179.50,187.06,191.73,195.51,199.29,204.67,211.52,220.23,231.31,0.59,0.50,0.03,Zona de Consolidação,1,0
2022-07-07,179.50,187.06,191.73,195.51,199.29,204.67,211.52,220.23,231.31,0.57,0.50,0.05,Zona de Consolidação,1,0
2022-07-08,179.50,187.06,191.73,195.51,199.29,204.67,211.52,220.23,231.31,0.59,0.50,0.03,Zona de Consolidação,1,0
2022-07-11,179.50,186.82,191.35,195.02,198.68,203.89,210.53,218.97,229.71,0.54,0.50,0.08,Zona de Consolidação,0,0
2022-07-12,179.50,186.33,190.56,193.98,197.40,202.26,208.46,216.34,226.36,0.49,0.38,0.01,Zona de Consolidação,0,0
2022-07-13,179.50,186.33,190.56,193.98,197.40,202.26,208.46,216.34,226.36,0.46,0.38,0.04,Zona de Consolidação,0,0
2022-07-14,179.50,186.33,190.56,193.98,197.40,202.26,208.46,216.34,226.36,0.46,0.38,0.04,Zona de Consolidação,0,0
2022-07-15,179.50,186.33,190.56,193.98,197.40,202.26,208.46,216.34,226.36,0.55,0.50,0.07,Zona de Consolidação,1,0
2022-07-18,179.50,186.09,190.17,193.47,196.77,201.46,207.44,215.04,224.71,0.48,0.38,0.02,Zona de Consolidação,0,0
2022-07-19,179.50,185.44,189.11,192.08,195.05,199.28,204.66,211.50,220.21,0.81,0.79,0.19,Resistência Forte,0,1
2022-07-20,179.50,185.44,189.11,192.08,195.05,199.28,204.66,211.50,220.21,0.71,0.62,0.08,Resistência,0,0
2022-07-21,179.50,185.44,189.11,192.08,195.05,199.28,204.66,211.50,220.21,0.78,0.62,0.01,Resistência,0,1
2022-07-22,179.50,185.44,189.11,192.08,195.05,199.28,204.66,211.50,220.21,0.86,0.79,0.14,Resistência Forte,0,1
2022-07-25,179.50,185.44,189.11,192.08,195.05,199.28,204.66,211.50,220.21,0.79,0.79,0.21,Resistência Forte,0,1
2022-07-26,179.50,185.44,189.11,192.08,195.05,199.28,204.66,211.50,220.21,0.77,0.62,0.02,Resistência,0,1
2022-07-27,179.50,187.71,192.78,196.88,200.99,206.83,214.27,223.73,235.76,0.98,0.79,0.02,Resistência Forte,0,1
2022-07-28,179.50,188.91,194.73,199.43,204.13,210.83,219.36,230.20,243.99,0.98,0.79,0.02,Resistência Forte,0,1
2022-07-29,179.50,189.29,195.35,200.24,205.13,212.10,220.98,232.26,246.61,0.98,0.79,0.02,Resistência Forte,0,1
2022-08-01,179.50,189.39,195.51,200.46,205.40,212.44,221.41,232.81,247.31,0.97,0.79,0.03,Resistência Forte,0,1
2022-08-02,179.50,189.41,195.54,200.49,205.44,212.50,221.48,232.90,247.42,0.96,0.79,0.04,Resistência Forte,0,1
2022-08-03,179.50,190.05,196.58,201.85,207.12,214.63,224.20,236.36,251.82,0.97,0.79,0.03,Resistência Forte,0,1
2022-08-04,179.50,190.05,196.58,201.85,207.12,214.63,224.20,236.36,251.82,0.97,0.79,0.03,Resistência Forte,0,1
2022-08-05,179.50,190.45,197.23,202.70,208.18,215.98,225.91,238.53,254.59,1.00,1.00,0.27,Resistência Forte,0,1
2022-08-08,179.50,191.30,198.60,204.50,210.40,218.80,229.50,243.10,260.40,0.95,0.79,0.05,Resistência Forte,0,0
2022-08-09,179.50,191.34,198.67,204.59,210.51,218.94,229.68,243.33,260.69,0.97,0.79,0.03,Resistência Forte,0,1
2022-08-10,179.50,192.08,199.86,206.16,212.45,221.40,232.81,247.31,265.76,0.96,0.79,0.04,Resistência Forte,0,1
2022-08-11,179.50,192.08,199.86,206.16,212.45,221.40,232.81,247.31,265.76,0.92,0.79,0.08,Resistência Forte,0,0
2022-08-12,179.50,192.55,200.62,207.14,213.66,222.95,234.78,249.82,268.94,0.99,0.79,0.01,Resistência Forte,0,1
2022-08-15,179.50,193.14,201.58,208.40,215.22,224.93,237.30,253.02,273.02,1.00,1.00,0.27,Resistência Forte,0,1
2022-08-16,179.50,193.30,201.84,208.74,215.63,225.46,237.97,253.87,274.10,0.99,0.79,0.01,Resistência Forte,0,1
2022-08-17,179.50,193.49,202.14,209.14,216.14,226.09,238.78,254.90,275.42,0.99,0.79,0.01,Resistência Forte,0,1
2022-08-18,179.50,193.50,202.16,209.17,216.17,226.13,238.83,254.97,275.50,0.99,0.79,0.01,Resistência Forte,0,1
2022-08-19,179.50,193.50,202.16,209.17,216.17,226.13,238.83,254.97,275.50,0.97,0.79,0.03,Resistência Forte,0,1
2022-08-22,179.50,193.50,202.16,209.17,216.17,226.13,238.83,254.97,275.50,0.92,0.79,0.08,Resistência Forte,0,0
2022-08-23,179.50,193.50,202.16,209.17,216.17,226.13,238.83,254.97,275.50,0.91,0.79,0.09,Resistência Forte,0,0
2022-08-24,179.50,193.50,202.16,209.17,216.17,226.13,238.83,254.97,275.50,0.92,0.79,0.08,Resistência Forte,0,0
2022-08-25,179.50,193.50,202.16,209.17,216.17,226.13,238.83,254.97,275.50,0.95,0.79,0.05,Resistência Forte,0,0
2022-08-26,179.50,193.50,202.16,209.17,216.17,226.13,238.83,254.97,275.50,0.83,0.79,0.17,Resistência Forte,0,0
2022-08-29,179.50,193.50,202.16,209.17,216.17,226.13,238.83,254.97,275.50,0.80,0.79,0.20,Resistência Forte,0,1
2022-08-30,185.25,197.89,205.72,212.04,218.36,227.36,238.83,253.40,271.94,0.73,0.62,0.06,Resistência,0,0
2022-08-31,186.23,198.64,206.32,212.53,218.74,227.57,238.83,253.14,271.34,0.70,0.62,0.09,Resistência,0,0
2022-09-01,187.72,199.78,207.24,213.28,219.31,227.89,238.83,252.73,270.42,0.72,0.62,0.07,Resistência,0,0
2022-09-02,187.72,199.78,207.24,213.28,219.31,227.89,238.83,252.73,270.42,0.59,0.50,0.03,Zona de Consolidação,1,0
2022-09-06,187.72,199.78,207.24,213.28,219.31,227.89,238.83,252.73,270.42,0.58,0.50,0.04,Zona de Consolidação,1,0
2022-09-07,187.72,199.78,207.24,213.28,219.31,227.89,238.83,252.73,270.42,0.64,0.62,0.15,Resistência,1,0
2022-09-08,187.72,199.78,207.24,213.28,219.31,227.89,238.83,252.73,270.42,0.67,0.62,0.12,Resistência,0,0
2022-09-09,187.72,199.78,207.24,213.28,219.31,227.89,238.83,252.73,270.42,0.71,0.62,0.08,Resistência,0,0
2022-09-12,187.72,199.78,207.24,213.28,219.31,227.89,238.83,252.73,270.42,0.70,0.62,0.09,Resistência,0,0
2022-09-13,187.72,199.78,207.24,213.28,219.31,227.89,238.83,252.73,270.42,0.54,0.50,0.08,Zona de Consolidação,0,0
2022-09-14,188.87,200.66,207.95,213.85,219.75,228.14,238.83,252.42,269.71,0.52,0.50,0.10,Zona de Consolidação,0,0
2022-09-15,188.87,200.66,207.95,213.85,219.75,228.14,238.83,252.42,269.71,0.45,0.38,0.05,Zona de Consolidação,0,0
2022-09-16,188.87,200.66,207.95,213.85,219.75,228.14,238.83,252.42,269.71,0.51,0.50,0.11,Zona de Consolidação,0,0
2022-09-19,188.87,200.66,207.95,213.85,219.75,228.14,238.83,252.42,269.71,0.55,0.50,0.07,Zona de Consolidação,0,0
2022-09-20,188.87,200.66,207.95,213.85,219.75,228.14,238.83,252.42,269.71,0.51,0.50,0.11,Zona de Consolidação,0,0
2022-09-21,188.87,200.66,207.95,213.85,219.75,228.14,238.83,252.42,269.71,0.45,0.38,0.05,Zona de Consolidação,0,0
2022-09-22,188.87,200.66,207.95,213.85,219.75,228.14,238.83,252.42,269.71,0.45,0.38,0.05,Zona de Consolidação,0,0
2022-09-23,192.18,203.19,210.00,215.50,221.01,228.85,238.83,251.52,267.66,0.41,0.38,0.09,Zona de Consolidação,1,0
2022-09-26,192.18,203.19,210.00,215.50,221.01,228.85,238.83,251.52,267.66,0.37,0.24,0.01,Suporte,1,0
2022-09-27,194.66,205.08,211.53,216.74,221.96,229.38,238.83,250.84,266.13,0.32,0.24,0.06,Suporte,0,0
2022-09-28,195.97,206.08,212.34,217.40,222.46,229.66,238.83,250.49,265.32,0.39,0.38,0.11,Zona de Consolidação,1,0
2022-09-29,196.03,206.13,212.38,217.43,222.48,229.67,238.83,250.47,265.28,0.30,0.24,0.08,Suporte,0,0
2022-09-30,197.53,207.28,213.31,218.18,223.05,229.99,238.83,250.06,264.35,0.24,0.24,0.14,Suporte,0,0
2022-10-03,197.53,207.28,213.31,218.18,223.05,229.99,238.83,250.06,264.35,0.37,0.24,0.01,Suporte,1,0
2022-10-04,197.53,207.28,213.31,218.18,223.05,229.99,238.83,250.06,264.35,0.47,0.38,0.03,Zona de Consolidação,0,0
2022-10-05,199.57,208.84,214.57,219.20,223.83,230.43,238.83,249.51,263.09,0.50,0.50,0.12,Zona de Consolidação,0,0
2022-10-06,206.61,214.21,218.92,222.72,226.52,231.93,238.83,247.59,258.74,0.27,0.24,0.11,Suporte,0,0
2022-10-07,206.61,214.21,218.92,222.72,226.52,231.93,238.83,247.59,258.74,0.05,0.00,0.19,Suporte Forte,0,0
2022-10-10,206.61,214.21,218.92,222.72,226.52,231.93,238.83,247.59,258.74,0.10,0.00,0.14,Suporte Forte,0,0
2022-10-11,206.41,214.06,218.79,222.62,226.45,231.89,238.83,247.65,258.87,0.03,0.00,0.21,Suporte Forte,0,0
2022-10-12,205.41,213.30,218.18,222.12,226.06,231.68,238.83,247.92,259.48,0.00,0.00,0.24,Suporte Forte,0,0
2022-10-13,200.62,209.64,215.22,219.73,224.23,230.65,238.83,249.22,262.44,0.27,0.24,0.11,Suporte,0,0
2022-10-14,200.62,209.64,215.22,219.73,224.23,230.65,238.83,249.22,262.44,0.17,0.00,0.07,Suporte Forte,0,0
2022-10-17,200.62,209.64,215.22,219.73,224.23,230.65,238.83,249.22,262.44,0.34,0.24,0.04,Suporte,1,0
2022-10-18,200.62,209.64,215.22,219.73,224.23,230.65,238.83,249.22,262.44,0.39,0.38,0.11,Zona de Consolidação,1,0
2022-10-19,200.62,209.64,215.22,219.73,224.23,230.65,238.83,249.22,262.44,0.35,0.24,0.03,Suporte,1,0
2022-10-20,200.62,209.64,215.22,219.73,224.23,230.65,238.83,249.22,262.44,0.26,0.24,0.12,Suporte,0,0
2022-10-21,200.62,209.64,215.22,219.73,224.23,230.65,238.83,249.22,262.44,0.33,0.24,0.05,Suporte,1,0
2022-10-24,200.62,209.64,215.22,219.73,224.23,230.65,238.83,249.22,262.44,0.43,0.38,0.07,Zona de Consolidação,1,0
2022-10-25,200.62,209.64,215.22,219.73,224.23,230.65,238.83,249.22,262.44,0.46,0.38,0.04,Zona de Consolidação,0,0
2022-10-26,200.62,209.64,215.22,219.73,224.23,230.65,238.83,249.22,262.44,0.39,0.38,0.11,Zona de Consolidação,1,0
2022-10-27,200.62,209.64,215.22,219.73,224.23,230.65,238.83,249.22,262.44,0.39,0.38,0.11,Zona de Consolidação,1,0
2022-10-28,200.62,209.37,214.78,219.16,223.53,229.76,237.69,247.77,260.60,0.59,0.50,0.03,Zona de Consolidação,1,0
2022-10-31,200.62,209.08,214.31,218.54,222.77,228.79,236.46,246.21,258.61,0.59,0.50,0.03,Zona de Consolidação,1,0
2022-11-01,200.62,209.03,214.23,218.44,222.65,228.63,236.26,245.95,258.29,0.64,0.62,0.15,Resistência,1,0
2022-11-02,200.62,209.03,214.23,218.44,222.65,228.63,236.26,245.95,258.29,0.48,0.38,0.02,Zona de Consolidação,0,0
2022-11-03,200.62,209.03,214.23,218.44,222.65,228.63,236.26,245.95,258.29,0.45,0.38,0.05,Zona de Consolidação,0,0
2022-11-04,200.62,209.03,214.23,218.44,222.65,228.63,236.26,245.95,258.29,0.46,0.38,0.04,Zona de Consolidação,0,0
2022-11-07,200.62,207.34,211.49,214.85,218.21,222.99,229.08,236.82,246.67,0.70,0.62,0.09,Resistência,0,0
2022-11-08,200.62,207.04,211.01,214.22,217.42,221.99,227.81,235.21,244.61,0.88,0.79,0.12,Resistência Forte,0,0
2022-11-09,200.62,207.04,211.01,214.22,217.42,221.99,227.81,235.21,244.61,0.73,0.62,0.06,Resistência,0,1
2022-11-10,200.62,208.60,213.54,217.52,221.51,227.19,234.43,243.63,255.32,0.98,0.79,0.02,Resistência Forte,0,1
2022-11-11,200.62,208.66,213.64,217.66,221.68,227.41,234.70,243.97,255.76,0.82,0.79,0.18,Resistência Forte,0,1
2022-11-14,200.62,208.66,213.64,217.66,221.68,227.41,234.70,243.97,255.76,0.84,0.79,0.16,Resistência Forte,0,1
2022-11-15,200.62,208.66,213.64,217.66,221.68,227.41,234.70,243.97,255.76,0.93,0.79,0.07,Resistência Forte,0,0
2022-11-16,200.62,208.83,213.90,218.00,222.11,227.95,235.39,244.85,256.88,0.92,0.79,0.08,Resistência Forte,0,0
2022-11-17,200.62,208.83,213.90,218.00,222.11,227.95,235.39,244.85,256.88,0.92,0.79,0.08,Resistência Forte,0,0
2022-11-18,200.62,209.06,214.29,218.51,222.73,228.74,236.40,246.13,258.51,0.95,0.79,0.05,Resistência Forte,0,1
2022-11-21,200.62,209.63,215.20,219.70,224.21,230.62,238.79,249.17,262.38,0.93,0.79,0.07,Resistência Forte,0,0
2022-11-22,200.62,210.09,215.94,220.68,225.41,232.15,240.73,251.64,265.52,0.99,0.79,0.01,Resistência Forte,0,1
2022-11-23,200.62,210.40,216.45,221.34,226.24,233.20,242.07,253.34,267.69,0.97,0.79,0.03,Resistência Forte,0,1
2022-11-25,200.62,210.61,216.78,221.78,226.77,233.88,242.93,254.44,269.08,0.98,0.79,0.02,Resistência Forte,0,1
2022-11-28,200.62,210.61,216.78,221.78,226.77,233.88,242.93,254.44,269.08,0.86,0.79,0.14,Resistência Forte,0,0
2022-11-29,200.62,210.61,216.78,221.78,226.77,233.88,242.93,254.44,269.08,0.83,0.79,0.17,Resistência Forte,0,1
2022-11-30,200.62,210.61,216.79,221.78,226.77,233.88,242.94,254.45,269.09,0.98,0.79,0.02,Resistência Forte,0,1
2022-12-01,200.62,211.57,218.34,223.82,229.30,237.09,247.02,259.64,275.70,0.97,0.79,0.03,Resistência Forte,0,1
2022-12-02,200.62,211.89,218.86,224.50,230.14,238.16,248.38,261.37,277.90,0.98,0.79,0.02,Resistência Forte,0,1
2022-12-05,200.62,211.89,218.86,224.50,230.14,238.16,248.38,261.37,277.90,0.88,0.79,0.12,Resistência Forte,0,0
2022-12-06,200.62,211.89,218.86,224.50,230.14,238.16,248.38,261.37,277.90,0.76,0.62,0.03,Resistência,0,1
2022-12-07,200.62,211.89,218.86,224.50,230.14,238.16,248.38,261.37,277.90,0.78,0.62,0.01,Resistência,0,1
2022-12-08,200.62,211.89,218.86,224.50,230.14,238.16,248.38,261.37,277.90,0.82,0.79,0.18,Resistência Forte,0,1
2022-12-09,200.62,211.89,218.86,224.50,230.14,238.16,248.38,261.37,277.90,0.76,0.62,0.03,Resistência,0,1
2022-12-12,200.62,211.89,218.86,224.50,230.14,238.16,248.38,261.37,277.90,0.90,0.79,0.10,Resistência Forte,0,0
2022-12-13,200.62,213.05,220.74,226.96,233.18,242.03,253.30,267.63,285.86,0.78,0.62,0.01,Resistência,0,1
2022-12-14,200.62,213.05,220.74,226.96,233.18,242.03,253.30,267.63,285.86,0.74,0.62,0.05,Resistência,0,1
2022-12-15,200.62,213.05,220.74,226.96,233.18,242.03,253.30,267.63,285.86,0.54,0.50,0.08,Zona de Consolidação,0,0
2022-12-16,200.62,213.05,220.74,226.96,233.18,242.03,253.30,267.63,285.86,0.51,0.50,0.11,Zona de Consolidação,0,0
2022-12-19,200.62,213.05,220.74,226.96,233.18,242.03,253.30,267.63,285.86,0.48,0.38,0.02,Zona de Consolidação,0,0
2022-12-20,200.62,213.05,220.74,226.96,233.18,242.03,253.30,267.63,285.86,0.46,0.38,0.04,Zona de Consolidação,0,0
2022-12-21,200.62,213.05,220.74,226.96,233.18,242.03,253.30,267.63,285.86,0.51,0.50,0.11,Zona de Consolidação,0,0
2022-12-22,200.62,213.05,220.74,226.96,233.18,242.03,253.30,267.63,285.86,0.37,0.24,0.01,Suporte,1,0
2022-12-23,206.69,217.69,224.50,230.00,235.49,243.33,253.30,265.98,282.10,0.33,0.24,0.05,Suporte,0,0
2022-12-27,208.53,219.10,225.63,230.92,236.20,243.72,253.30,265.48,280.97,0.30,0.24,0.08,Suporte,0,0
2022-12-28,208.53,219.10,225.63,230.92,236.20,243.72,253.30,265.48,280.97,0.24,0.24,0.14,Suporte,0,0
2022-12-29,208.53,219.10,225.63,230.92,236.20,243.72,253.30,265.48,280.97,0.29,0.24,0.09,Suporte,0,0
2022-12-30,208.53,219.10,225.63,230.92,236.20,243.72,253.30,265.48,280.97,0.26,0.24,0.12,Suporte,0,0
2023-01-03,208.53,219.10,225.63,230.92,236.20,243.72,253.30,265.48,280.97,0.23,0.00,0.01,Suporte Forte,0,0
2023-01-04,212.80,222.36,228.27,233.05,237.83,244.63,253.30,264.32,278.33,0.18,0.00,0.06,Suporte Forte,0,0
2023-01-05,212.80,222.36,228.27,233.05,237.83,244.63,253.30,264.32,278.33,0.06,0.00,0.18,Suporte Forte,0,0
2023-01-06,212.80,222.36,228.27,233.05,237.83,244.63,253.30,264.32,278.33,0.21,0.00,0.03,Suporte Forte,0,0
2023-01-09,212.80,222.36,228.27,233.05,237.83,244.63,253.30,264.32,278.33,0.19,0.00,0.05,Suporte Forte,0,0
2023-01-10,212.80,222.36,228.27,233.05,237.83,244.63,253.30,264.32,278.33,0.22,0.00,0.02,Suporte Forte,0,0
2023-01-11,212.80,222.36,228.27,233.05,237.83,244.63,253.30,264.32,278.33,0.32,0.24,0.06,Suporte,0,0
2023-01-12,212.80,222.36,228.27,233.05,237.83,244.63,253.30,264.32,278.33,0.30,0.24,0.08,Suporte,0,0
2023-01-13,212.80,222.36,228.27,233.05,237.83,244.63,253.30,264.32,278.33,0.33,0.24,0.05,Suporte,1,0
2023-01-17,212.80,222.36,228.27,233.05,237.83,244.63,253.30,264.32,278.33,0.13,0.00,0.11,Suporte Forte,0,0
2023-01-18,212.80,222.36,228.27,233.05,237.83,244.63,253.30,264.32,278.33,0.07,0.00,0.17,Suporte Forte,0,0
2023-01-19,213.92,223.21,228.96,233.61,238.26,244.87,253.30,264.01,277.64,0.03,0.00,0.21,Suporte Forte,0,0
2023-01-20,213.92,223.21,228.96,233.61,238.26,244.87,253.30,264.01,277.64,0.12,0.00,0.12,Suporte Forte,0,0
2023-01-23,213.92,223.21,228.96,233.61,238.26,244.87,253.30,264.01,277.64,0.21,0.00,0.03,Suporte Forte,0,0
2023-01-24,213.92,223.21,228.96,233.61,238.26,244.87,253.30,264.01,277.64,0.16,0.00,0.08,Suporte Forte,0,0
2023-01-25,206.07,217.22,224.11,229.68,235.26,243.19,253.30,266.15,282.49,0.08,0.00,0.16,Suporte Forte,0,0
2023-01-26,206.07,217.22,224.11,229.68,235.26,243.19,253.30,266.15,282.49,0.03,0.00,0.21,Suporte Forte,0,0
2023-01-27,202.89,214.79,222.15,228.10,234.04,242.51,253.30,267.01,284.45,0.01,0.00,0.23,Suporte Forte,0,0
2023-01-30,201.31,213.58,221.17,227.30,233.44,242.17,253.30,267.44,285.43,0.07,0.00,0.17,Suporte Forte,0,0
2023-01-31,201.31,213.58,221.17,227.30,233.44,242.17,253.30,267.44,285.43,0.13,0.00,0.11,Suporte Forte,0,0
2023-02-01,201.31,213.58,221.17,227.30,233.44,242.17,253.30,267.44,285.43,0.15,0.00,0.09,Suporte Forte,0,0
2023-02-02,201.31,213.58,221.17,227.30,233.44,242.17,253.30,267.44,285.43,0.19,0.00,0.05,Suporte Forte,0,0
2023-02-03,201.31,213.58,221.17,227.30,233.44,242.17,253.30,267.44,285.43,0.12,0.00,0.12,Suporte Forte,0,0
2023-02-06,201.31,213.58,221.17,227.30,233.44,242.17,253.30,267.44,285.43,0.09,0.00,0.15,Suporte Forte,0,0
2023-02-07,201.31,213.58,221.17,227.30,233.44,242.17,253.30,267.44,285.43,0.15,0.00,0.09,Suporte Forte,0,0
2023-02-08,201.31,213.58,221.17,227.30,233.44,242.17,253.30,267.44,285.43,0.10,0.00,0.14,Suporte Forte,0,0
2023-02-09,201.31,213.58,221.17,227.30,233.44,242.17,253.30,267.44,285.43,0.10,0.00,0.14,Suporte Forte,0,0
2023-02-10,201.31,213.58,221.17,227.30,233.44,242.17,253.30,267.44,285.43,0.13,0.00,0.11,Suporte Forte,0,0
2023-02-13,201.31,213.58,221.17,227.30,233.44,242.17,253.30,267.44,285.43,0.16,0.00,0.08,Suporte Forte,0,0
2023-02-14,201.31,213.58,221.17,227.30,233.44,242.17,253.30,267.44,285.43,0.11,0.00,0.13,Suporte Forte,0,0
2023-02-15,201.31,213.58,221.17,227.30,233.44,242.17,253.30,267.44,285.43,0.17,0.00,0.07,Suporte Forte,0,0
2023-02-16,201.31,213.58,221.17,227.30,233.44,242.17,253.30,267.44,285.43,0.16,0.00,0.08,Suporte Forte,0,0
2023-02-17,201.31,213.58,221.17,227.30,233.44,242.17,253.30,267.44,285.43,0.18,0.00,0.06,Suporte Forte,0,0
2023-02-21,201.31,213.58,221.17,227.30,233.44,242.17,253.30,267.44,285.43,0.11,0.00,0.13,Suporte Forte,0,0
2023-02-22,201.31,213.58,221.17,227.30,233.44,242.17,253.30,267.44,285.43,0.08,0.00,0.16,Suporte Forte,0,0
2023-02-23,201.31,213.58,221.17,227.30,233.44,242.17,253.30,267.44,285.43,0.08,0.00,0.16,Suporte Forte,0,0
2023-02-24,201.31,213.58,221.17,227.30,233.44,242.17,253.30,267.44,285.43,0.05,0.00,0.19,Suporte Forte,0,0
2023-02-27,201.31,211.52,217.84,222.95,228.06,235.33,244.59,256.36,271.34,0.07,0.00,0.17,Suporte Forte,0,0
2023-02-28,201.31,209.84,215.11,219.38,223.64,229.71,237.44,247.27,259.77,0.03,0.00,0.21,Suporte Forte,0,0
2023-03-01,200.69,207.23,211.28,214.56,217.83,222.49,228.42,235.96,245.56,0.06,0.00,0.18,Suporte Forte,0,0
2023-03-02,200.69,207.16,211.16,214.39,217.62,222.23,228.09,235.54,245.02,0.16,0.00,0.08,Suporte Forte,0,0
2023-03-03,200.69,207.16,211.16,214.39,217.62,222.23,228.09,235.54,245.02,0.23,0.00,0.01,Suporte Forte,0,0
2023-03-06,200.69,207.16,211.16,214.39,217.62,222.23,228.09,235.54,245.02,0.26,0.24,0.12,Suporte,0,0
2023-03-07,200.69,206.96,210.84,213.98,217.12,221.58,227.27,234.50,243.70,0.12,0.00,0.12,Suporte Forte,0,0
2023-03-08,200.69,206.96,210.84,213.98,217.12,221.58,227.27,234.50,243.70,0.14,0.00,0.10,Suporte Forte,0,0
2023-03-09,200.69,206.96,210.84,213.98,217.12,221.58,227.27,234.50,243.70,0.08,0.00,0.16,Suporte Forte,0,0
2023-03-10,197.67,204.66,208.98,212.47,215.96,220.94,227.27,235.32,245.56,0.01,0.00,0.23,Suporte Forte,0,0
2023-03-13,196.69,203.91,208.37,211.98,215.59,220.73,227.27,235.59,246.17,0.04,0.00,0.20,Suporte Forte,0,0
2023-03-14,195.24,202.80,207.48,211.26,215.03,220.42,227.27,235.98,247.06,0.08,0.00,0.16,Suporte Forte,0,0
2023-03-15,194.62,202.33,207.09,210.94,214.80,220.28,227.27,236.15,247.45,0.09,0.00,0.15,Suporte Forte,0,0
2023-03-16,194.62,202.33,207.09,210.94,214.80,220.28,227.27,236.15,247.45,0.16,0.00,0.08,Suporte Forte,0,0
2023-03-17,194.62,202.33,207.09,210.94,214.80,220.28,227.27,236.15,247.45,0.09,0.00,0.15,Suporte Forte,0,0
2023-03-20,194.62,202.33,207.09,210.94,214.80,220.28,227.27,236.15,247.45,0.17,0.00,0.07,Suporte Forte,0,0
2023-03-21,194.62,202.33,207.09,210.94,214.80,220.28,227.27,236.15,247.45,0.23,0.00,0.01,Suporte Forte,0,0
2023-03-22,194.62,202.33,207.09,210.94,214.80,220.28,227.27,236.15,247.45,0.09,0.00,0.15,Suporte Forte,0,0
2023-03-23,194.62,202.33,207.09,210.94,214.80,220.28,227.27,236.15,247.45,0.10,0.00,0.14,Suporte Forte,0,0
2023-03-24,194.62,202.33,207.09,210.94,214.80,220.28,227.27,236.15,247.45,0.12,0.00,0.12,Suporte Forte,0,0
2023-03-27,194.62,202.33,207.09,210.94,214.80,220.28,227.27,236.15,247.45,0.12,0.00,0.12,Suporte Forte,0,0
2023-03-28,194.62,201.82,206.28,209.88,213.48,218.61,225.14,233.44,244.00,0.12,0.00,0.12,Suporte Forte,0,0
2023-03-29,194.62,201.28,205.40,208.73,212.06,216.80,222.84,230.52,240.28,0.32,0.24,0.06,Suporte,1,0
2023-03-30,194.62,201.28,205.40,208.73,212.06,216.80,222.84,230.52,240.28,0.31,0.24,0.07,Suporte,1,0
2023-03-31,194.62,201.28,205.40,208.73,212.06,216.80,222.84,230.52,240.28,0.41,0.38,0.09,Zona de Consolidação,1,0
2023-04-03,194.62,201.28,205.40,208.73,212.06,216.80,222.84,230.52,240.28,0.22,0.00,0.02,Suporte Forte,0,0
2023-04-04,194.62,201.10,205.11,208.34,211.58,216.20,222.07,229.54,239.03,0.14,0.00,0.10,Suporte Forte,0,0
2023-04-05,194.62,199.63,202.72,205.23,207.73,211.29,215.83,221.60,228.94,0.14,0.00,0.10,Suporte Forte,0,0
2023-04-06,194.62,198.52,200.93,202.88,204.82,207.60,211.13,215.62,221.33,0.34,0.24,0.04,Suporte,1,0
2023-04-10,194.62,198.52,200.93,202.88,204.82,207.60,211.13,215.62,221.33,0.23,0.00,0.01,Suporte Forte,0,0
2023-04-11,194.62,198.52,200.93,202.88,204.82,207.60,211.13,215.62,221.33,0.29,0.24,0.09,Suporte,1,0
2023-04-12,194.62,198.52,200.93,202.88,204.82,207.60,211.13,215.62,221.33,0.31,0.24,0.07,Suporte,1,0
2023-04-13,194.62,198.52,200.93,202.88,204.82,207.60,211.13,215.62,221.33,0.40,0.38,0.10,Zona de Consolidação,1,0
2023-04-14,194.62,198.52,200.93,202.88,204.82,207.60,211.13,215.62,221.33,0.32,0.24,0.06,Suporte,1,0
2023-04-17,194.62,198.47,200.85,202.78,204.71,207.45,210.94,215.38,221.03,0.46,0.38,0.04,Zona de Consolidação,1,0
2023-04-18,194.62,198.47,200.85,202.78,204.71,207.45,210.94,215.38,221.03,0.41,0.38,0.09,Zona de Consolidação,1,0
2023-04-19,194.62,198.47,200.85,202.78,204.71,207.45,210.94,215.38,221.03,0.40,0.38,0.10,Zona de Consolidação,1,0
2023-04-20,194.62,198.47,200.85,202.78,204.71,207.45,210.94,215.38,221.03,0.32,0.24,0.06,Suporte,1,0
2023-04-21,194.62,198.47,200.85,202.78,204.71,207.45,210.94,215.38,221.03,0.29,0.24,0.09,Suporte,1,0
2023-04-24,194.62,198.47,200.85,202.78,204.71,207.45,210.94,215.38,221.03,0.31,0.24,0.07,Suporte,1,0
2023-04-25,194.62,198.47,200.85,202.78,204.71,207.45,210.94,215.38,221.03,0.09,0.00,0.15,Suporte Forte,0,0
2023-04-26,186.67,192.40,195.94,198.80,201.67,205.75,210.94,217.54,225.94,0.36,0.24,0.02,Suporte,1,0
2023-04-27,186.67,192.40,195.94,198.80,201.67,205.75,210.94,217.54,225.94,0.56,0.50,0.06,Zona de Consolidação,1,0
2023-04-28,186.67,192.40,195.94,198.80,201.67,205.75,210.94,217.54,225.94,0.71,0.62,0.08,Resistência,0,1
2023-05-01,186.67,192.40,195.94,198.80,201.67,205.75,210.94,217.54,225.94,0.75,0.62,0.04,Resistência,0,1
2023-05-02,186.67,192.27,195.73,198.52,201.32,205.31,210.38,216.83,225.03,0.59,0.50,0.03,Zona de Consolidação,1,0
2023-05-03,186.67,191.86,195.07,197.67,200.27,203.96,208.67,214.65,222.27,0.61,0.50,0.01,Zona de Consolidação,1,0
2023-05-04,186.67,191.85,195.05,197.64,200.24,203.92,208.62,214.59,222.19,0.52,0.50,0.10,Zona de Consolidação,0,0
2023-05-05,186.67,191.85,195.05,197.64,200.24,203.92,208.62,214.59,222.19,0.59,0.50,0.03,Zona de Consolidação,1,0
2023-05-08,186.67,191.85,195.05,197.64,200.24,203.92,208.62,214.59,222.19,0.54,0.50,0.08,Zona de Consolidação,1,0
2023-05-09,186.67,191.85,195.05,197.64,200.24,203.92,208.62,214.59,222.19,0.51,0.50,0.11,Zona de Consolidação,0,0
2023-05-10,186.67,191.85,195.05,197.64,200.24,203.92,208.62,214.59,222.19,0.57,0.50,0.05,Zona de Consolidação,1,0
2023-05-11,186.67,191.85,195.05,197.64,200.24,203.92,208.62,214.59,222.19,0.35,0.24,0.03,Suporte,1,0
2023-05-12,186.67,191.85,195.05,197.64,200.24,203.92,208.62,214.59,222.19,0.48,0.38,0.02,Zona de Consolidação,0,0
2023-05-15,186.67,191.85,195.05,197.64,200.24,203.92,208.62,214.59,222.19,0.55,0.50,0.07,Zona de Consolidação,1,0
2023-05-16,186.67,191.67,194.76,197.26,199.75,203.31,207.84,213.60,220.92,0.48,0.38,0.02,Zona de Consolidação,0,0
2023-05-17,186.67,191.33,194.21,196.54,198.87,202.19,206.41,211.78,218.61,0.59,0.50,0.03,Zona de Consolidação,1,0
2023-05-18,186.67,191.33,194.21,196.54,198.87,202.19,206.41,211.78,218.61,0.66,0.62,0.13,Resistência,1,0
2023-05-19,186.67,191.33,194.21,196.54,198.87,202.19,206.41,211.78,218.61,0.69,0.62,0.10,Resistência,1,1
2023-05-22,186.67,191.33,194.21,196.54,198.87,202.19,206.41,211.78,218.61,0.71,0.62,0.08,Resistência,1,1
2023-05-23,186.67,191.33,194.21,196.54,198.87,202.19,206.41,211.78,218.61,0.66,0.62,0.13,Resistência,1,0
2023-05-24,186.67,191.33,194.21,196.54,198.87,202.19,206.41,211.78,218.61,0.59,0.50,0.03,Zona de Consolidação,1,0
2023-05-25,186.67,191.33,194.21,196.54,198.87,202.19,206.41,211.78,218.61,0.42,0.38,0.08,Zona de Consolidação,1,0
2023-05-26,186.67,191.33,194.21,196.54,198.87,202.19,206.41,211.78,218.61,0.52,0.50,0.10,Zona de Consolidação,0,0
2023-05-30,186.67,191.33,194.21,196.54,198.87,202.19,206.41,211.78,218.61,0.41,0.38,0.09,Zona de Consolidação,1,0
2023-05-31,186.67,191.33,194.21,196.54,198.87,202.19,206.41,211.78,218.61,0.35,0.24,0.03,Suporte,1,0
2023-06-01,186.67,191.33,194.21,196.54,198.87,202.19,206.41,211.78,218.61,0.49,0.38,0.01,Zona de Consolidação,0,0
2023-06-02,186.67,191.33,194.21,196.54,198.87,202.19,206.41,211.78,218.61,0.71,0.62,0.08,Resistência,1,1
2023-06-05,186.67,191.33,194.21,196.54,198.87,202.19,206.41,211.78,218.61,0.69,0.62,0.10,Resistência,1,1
2023-06-06,186.67,191.33,194.21,196.54,198.87,202.19,206.41,211.78,218.61,0.72,0.62,0.07,Resistência,1,1
2023-06-07,186.67,191.33,194.21,196.54,198.87,202.19,206.41,211.78,218.61,0.70,0.62,0.09,Resistência,1,1
2023-06-08,186.67,191.33,194.21,196.54,198.87,202.19,206.41,211.78,218.61,0.70,0.62,0.09,Resistência,1,1
2023-06-09,186.67,191.33,194.21,196.54,198.87,202.19,206.41,211.78,218.61,0.70,0.62,0.09,Resistência,1,1
2023-06-12,186.67,191.33,194.21,196.54,198.87,202.19,206.41,211.78,218.61,0.85,0.79,0.15,Resistência Forte,0,1
2023-06-13,186.67,191.28,194.13,196.44,198.75,202.03,206.21,211.52,218.29,0.96,0.79,0.04,Resistência Forte,0,1
2023-06-14,186.67,191.48,194.45,196.86,199.26,202.68,207.04,212.58,219.63,0.72,0.62,0.07,Resistência,0,1
2023-06-15,186.67,191.48,194.45,196.86,199.26,202.68,207.04,212.58,219.63,0.95,0.79,0.05,Resistência Forte,0,1
2023-06-16,186.67,191.61,194.66,197.13,199.60,203.11,207.59,213.28,220.52,0.94,0.79,0.06,Resistência Forte,0,1
2023-06-20,186.67,191.61,194.66,197.13,199.60,203.11,207.59,213.28,220.52,0.89,0.79,0.11,Resistência Forte,0,0
2023-06-21,186.67,191.61,194.66,197.13,199.60,203.11,207.59,213.28,220.52,0.90,0.79,0.10,Resistência Forte,0,1
2023-06-22,186.67,191.61,194.66,197.13,199.60,203.11,207.59,213.28,220.52,0.90,0.79,0.10,Resistência Forte,0,0
2023-06-23,186.67,191.61,194.66,197.13,199.60,203.11,207.59,213.28,220.52,0.60,0.50,0.02,Zona de Consolidação,1,0
2023-06-26,186.67,191.61,194.66,197.13,199.60,203.11,207.59,213.28,220.52,0.68,0.62,0.11,Resistência,1,0
2023-06-27,186.67,191.61,194.66,197.13,199.60,203.11,207.59,213.28,220.52,0.68,0.62,0.11,Resistência,1,0
2023-06-28,186.67,191.61,194.66,197.13,199.60,203.11,207.59,213.28,220.52,0.68,0.62,0.11,Resistência,1,0
2023-06-29,186.67,191.61,194.66,197.13,199.60,203.11,207.59,213.28,220.52,0.72,0.62,0.07,Resistência,0,1
2023-06-30,186.67,191.61,194.66,197.13,199.60,203.11,207.59,213.28,220.52,0.87,0.79,0.13,Resistência Forte,0,1
2023-07-03,186.67,191.61,194.66,197.13,199.60,203.11,207.59,213.28,220.52,0.82,0.79,0.18,Resistência Forte,0,1
2023-07-05,186.67,191.61,194.66,197.13,199.60,203.11,207.59,213.28,220.52,0.86,0.79,0.14,Resistência Forte,0,1
2023-07-06,186.67,191.61,194.66,197.13,199.60,203.11,207.59,213.28,220.52,0.95,0.79,0.05,Resistência Forte,0,1
2023-07-07,186.67,191.61,194.66,197.13,199.60,203.11,207.59,213.28,220.52,0.82,0.79,0.18,Resistência Forte,0,1
2023-07-10,191.03,195.59,198.42,200.70,202.98,206.23,210.37,215.63,222.32,0.93,0.79,0.07,Resistência Forte,0,1
2023-07-11,191.03,195.79,198.74,201.12,203.51,206.90,211.22,216.71,223.70,0.99,0.79,0.01,Resistência Forte,0,1
2023-07-12,191.03,196.31,199.57,202.21,204.85,208.60,213.39,219.47,227.21,0.83,0.79,0.17,Resistência Forte,0,1
2023-07-13,191.03,196.31,199.57,202.21,204.85,208.60,213.39,219.47,227.21,0.92,0.79,0.08,Resistência Forte,0,1
2023-07-14,191.03,196.47,199.84,202.56,205.27,209.15,214.08,220.35,228.32,0.99,0.79,0.01,Resistência Forte,0,1
2023-07-17,191.03,197.51,201.52,204.76,208.00,212.61,218.49,225.96,235.46,0.98,0.79,0.02,Resistência Forte,0,1
2023-07-18,191.03,198.09,202.46,206.00,209.53,214.55,220.96,229.10,239.46,0.96,0.79,0.04,Resistência Forte,0,1
2023-07-19,191.03,198.41,202.98,206.67,210.35,215.61,222.30,230.81,241.62,0.96,0.79,0.04,Resistência Forte,0,1
2023-07-20,191.03,198.41,202.98,206.67,210.35,215.61,222.30,230.81,241.62,0.96,0.79,0.04,Resistência Forte,0,1
2023-07-21,191.03,198.69,203.43,207.26,211.10,216.55,223.50,232.33,243.57,0.94,0.79,0.06,Resistência Forte,0,1
2023-07-24,191.03,198.69,203.43,207.26,211.10,216.55,223.50,232.33,243.57,0.99,0.79,0.01,Resistência Forte,0,1
2023-07-25,191.03,198.97,203.88,207.85,211.82,217.47,224.67,233.82,245.46,0.98,0.79,0.02,Resistência Forte,0,1
2023-07-26,191.03,202.28,209.25,214.88,220.50,228.51,238.72,251.69,268.19,0.95,0.79,0.05,Resistência Forte,0,0
2023-07-27,191.03,202.44,209.50,215.20,220.90,229.03,239.37,252.52,269.24,0.88,0.79,0.12,Resistência Forte,0,0
2023-07-28,191.03,202.44,209.50,215.20,220.90,229.03,239.37,252.52,269.24,0.88,0.79,0.12,Resistência Forte,0,0
2023-07-31,191.03,202.44,209.50,215.20,220.90,229.03,239.37,252.52,269.24,0.82,0.79,0.18,Resistência Forte,0,1
2023-08-01,191.03,202.44,209.50,215.20,220.90,229.03,239.37,252.52,269.24,0.84,0.79,0.16,Resistência Forte,0,0
2023-08-02,191.03,202.44,209.50,215.20,220.90,229.03,239.37,252.52,269.24,0.82,0.79,0.18,Resistência Forte,0,1
2023-08-03,191.03,202.44,209.50,215.20,220.90,229.03,239.37,252.52,269.24,0.83,0.79,0.17,Resistência Forte,0,1
2023-08-04,191.03,202.44,209.50,215.20,220.90,229.03,239.37,252.52,269.24,0.79,0.79,0.21,Resistência Forte,0,1
2023-08-07,191.03,202.44,209.50,215.20,220.90,229.03,239.37,252.52,269.24,0.88,0.79,0.12,Resistência Forte,0,0
2023-08-08,191.03,202.44,209.50,215.20,220.90,229.03,239.37,252.52,269.24,0.84,0.79,0.16,Resistência Forte,0,0
2023-08-09,191.03,202.44,209.50,215.20,220.90,229.03,239.37,252.52,269.24,0.87,0.79,0.13,Resistência Forte,0,0
2023-08-10,191.03,202.44,209.50,215.20,220.90,229.03,239.37,252.52,269.24,0.88,0.79,0.12,Resistência Forte,0,0
2023-08-11,193.34,204.20,210.92,216.36,221.79,229.52,239.37,251.89,267.82,0.92,0.79,0.08,Resistência Forte,0,0
2023-08-14,195.89,206.15,212.50,217.63,222.76,230.07,239.37,251.20,266.24,0.90,0.79,0.10,Resistência Forte,0,0
2023-08-15,198.34,208.02,214.01,218.86,223.70,230.59,239.37,250.53,264.73,0.87,0.79,0.13,Resistência Forte,0,0
2023-08-16,198.34,208.02,214.01,218.86,223.70,230.59,239.37,250.53,264.73,0.86,0.79,0.14,Resistência Forte,0,0
2023-08-17,198.34,208.02,214.01,218.86,223.70,230.59,239.37,250.53,264.73,0.85,0.79,0.15,Resistência Forte,0,0
2023-08-18,198.34,208.02,214.01,218.86,223.70,230.59,239.37,250.53,264.73,0.87,0.79,0.13,Resistência Forte,0,0
2023-08-21,198.34,208.02,214.01,218.86,223.70,230.59,239.37,250.53,264.73,0.87,0.79,0.13,Resistência Forte,0,0
2023-08-22,198.34,208.02,214.01,218.86,223.70,230.59,239.37,250.53,264.73,0.83,0.79,0.17,Resistência Forte,0,1
2023-08-23,198.34,208.02,214.01,218.86,223.70,230.59,239.37,250.53,264.73,0.87,0.79,0.13,Resistência Forte,0,0
2023-08-24,198.34,208.02,214.01,218.86,223.70,230.59,239.37,250.53,264.73,0.84,0.79,0.16,Resistência Forte,0,1
2023-08-25,198.34,208.02,214.01,218.86,223.70,230.59,239.37,250.53,264.73,0.91,0.79,0.09,Resistência Forte,0,0
2023-08-28,198.34,208.02,214.01,218.86,223.70,230.59,239.37,250.53,264.73,0.94,0.79,0.06,Resistência Forte,0,1
2023-08-29,198.34,208.02,214.01,218.86,223.70,230.59,239.37,250.53,264.73,0.94,0.79,0.06,Resistência Forte,0,1
2023-08-30,198.34,208.02,214.01,218.86,223.70,230.59,239.37,250.53,264.73,0.96,0.79,0.04,Resistência Forte,0,1
2023-08-31,198.34,208.02,214.01,218.86,223.70,230.59,239.37,250.53,264.73,0.95,0.79,0.05,Resistência Forte,0,1
2023-09-01,198.34,208.02,214.01,218.86,223.70,230.59,239.37,250.53,264.73,0.98,0.79,0.02,Resistência Forte,0,1
2023-09-05,198.34,208.02,214.01,218.86,223.70,230.59,239.37,250.53,264.73,0.91,0.79,0.09,Resistência Forte,0,0
2023-09-06,199.19,208.67,214.54,219.28,224.02,230.77,239.37,250.30,264.20,0.87,0.79,0.13,Resistência Forte,0,0
2023-09-07,199.19,208.67,214.54,219.28,224.02,230.77,239.37,250.30,264.20,0.87,0.79,0.13,Resistência Forte,0,0
2023-09-08,199.71,209.07,214.86,219.54,224.22,230.88,239.37,250.16,263.88,0.85,0.79,0.15,Resistência Forte,0,0
2023-09-11,201.54,210.47,215.99,220.46,224.92,231.27,239.37,249.66,262.75,0.82,0.79,0.18,Resistência Forte,0,1
2023-09-12,201.54,210.47,215.99,220.46,224.92,231.27,239.37,249.66,262.75,0.81,0.79,0.19,Resistência Forte,0,1
2023-09-13,202.44,211.16,216.55,220.90,225.26,231.47,239.37,249.41,262.19,0.80,0.79,0.20,Resistência Forte,0,1
2023-09-14,203.25,211.77,217.05,221.31,225.57,231.64,239.37,249.19,261.69,0.81,0.79,0.19,Resistência Forte,0,1
2023-09-15,203.65,212.08,217.30,221.51,225.72,231.73,239.37,249.09,261.44,0.73,0.62,0.06,Resistência,0,1
2023-09-18,204.30,212.58,217.70,221.84,225.97,231.87,239.37,248.91,261.04,0.78,0.62,0.01,Resistência,0,1
2023-09-19,208.41,215.72,220.24,223.89,227.54,232.74,239.37,247.79,258.50,0.71,0.62,0.08,Resistência,0,0
2023-09-20,209.10,216.24,220.66,224.24,227.81,232.89,239.37,247.60,258.08,0.64,0.62,0.15,Resistência,1,0
2023-09-21,209.33,216.42,220.81,224.35,227.89,232.94,239.37,247.54,257.93,0.47,0.38,0.03,Zona de Consolidação,0,0
2023-09-22,211.20,217.85,221.96,225.28,228.61,233.34,239.37,247.03,256.78,0.46,0.38,0.04,Zona de Consolidação,0,0
2023-09-25,212.73,219.02,222.91,226.05,229.19,233.67,239.37,246.62,255.83,0.45,0.38,0.05,Zona de Consolidação,1,0
2023-09-26,217.15,222.39,225.64,228.26,230.88,234.61,239.37,245.41,253.10,0.23,0.00,0.01,Suporte Forte,0,0
2023-09-27,219.11,223.89,226.85,229.24,231.63,235.03,239.37,244.88,251.89,0.40,0.38,0.10,Zona de Consolidação,1,0
2023-09-28,219.28,224.02,226.95,229.32,231.70,235.07,239.37,244.83,251.79,0.43,0.38,0.07,Zona de Consolidação,1,0
2023-09-29,220.86,225.23,227.93,230.12,232.30,235.41,239.37,244.40,250.81,0.24,0.24,0.14,Suporte,0,0
2023-10-02,220.86,225.23,227.93,230.12,232.30,235.41,239.37,244.40,250.81,0.18,0.00,0.06,Suporte Forte,0,0
2023-10-03,221.17,225.47,228.12,230.27,232.42,235.48,239.37,244.32,250.62,0.22,0.00,0.02,Suporte Forte,0,0
2023-10-04,221.17,225.47,228.12,230.27,232.42,235.48,239.37,244.32,250.62,0.40,0.38,0.10,Zona de Consolidação,1,0
2023-10-05,221.17,225.47,228.12,230.27,232.42,235.48,239.37,244.32,250.62,0.37,0.24,0.01,Suporte,1,0
2023-10-06,221.17,225.45,228.09,230.23,232.37,235.41,239.29,244.22,250.49,0.53,0.50,0.09,Zona de Consolidação,1,0
2023-10-09,221.17,225.45,228.09,230.23,232.37,235.41,239.29,244.22,250.49,0.73,0.62,0.06,Resistência,1,1
2023-10-10,221.17,225.45,228.09,230.23,232.37,235.41,239.29,244.22,250.49,0.67,0.62,0.12,Resistência,1,1
2023-10-11,221.17,225.45,228.09,230.23,232.37,235.41,239.29,244.22,250.49,0.69,0.62,0.10,Resistência,1,1
2023-10-12,221.17,225.45,228.09,230.23,232.37,235.41,239.29,244.22,250.49,0.60,0.50,0.02,Zona de Consolidação,1,0
2023-10-13,221.17,225.45,228.09,230.23,232.37,235.41,239.29,244.22,250.49,0.59,0.50,0.03,Zona de Consolidação,1,0
2023-10-16,221.17,225.45,228.09,230.23,232.37,235.41,239.29,244.22,250.49,0.68,0.62,0.11,Resistência,1,1
2023-10-17,221.17,225.45,228.09,230.23,232.37,235.41,239.29,244.22,250.49,0.68,0.62,0.11,Resistência,1,1
2023-10-18,221.17,225.45,228.09,230.23,232.37,235.41,239.29,244.22,250.49,0.63,0.62,0.16,Resistência,1,0
2023-10-19,221.17,225.45,228.09,230.23,232.37,235.41,239.29,244.22,250.49,0.51,0.50,0.11,Zona de Consolidação,1,0
2023-10-20,221.17,225.45,228.09,230.23,232.37,235.41,239.29,244.22,250.49,0.29,0.24,0.09,Suporte,1,0
2023-10-23,221.17,225.45,228.09,230.23,232.37,235.41,239.29,244.22,250.49,0.26,0.24,0.12,Suporte,1,0
2023-10-24,221.17,225.45,228.09,230.23,232.37,235.41,239.29,244.22,250.49,0.22,0.00,0.02,Suporte Forte,0,0
2023-10-25,203.25,211.76,217.02,221.27,225.52,231.58,239.29,249.09,261.56,0.03,0.00,0.21,Suporte Forte,0,0
2023-10-26,203.25,211.76,217.02,221.27,225.52,231.58,239.29,249.09,261.56,0.05,0.00,0.19,Suporte Forte,0,0
2023-10-27,200.34,209.53,215.22,219.82,224.41,230.95,239.29,249.88,263.36,0.02,0.00,0.22,Suporte Forte,0,0
2023-10-30,199.75,209.08,214.85,219.52,224.19,230.83,239.29,250.04,263.73,0.07,0.00,0.17,Suporte Forte,0,0
2023-10-31,199.75,209.08,214.85,219.52,224.19,230.83,239.29,250.04,263.73,0.12,0.00,0.12,Suporte Forte,0,0
2023-11-01,192.50,203.54,210.37,215.90,221.42,229.28,239.29,252.02,268.21,0.10,0.00,0.14,Suporte Forte,0,0
2023-11-02,192.50,203.54,210.37,215.90,221.42,229.28,239.29,252.02,268.21,0.26,0.24,0.12,Suporte,0,0
2023-11-03,192.50,203.54,210.37,215.90,221.42,229.28,239.29,252.02,268.21,0.28,0.24,0.10,Suporte,0,0
2023-11-06,192.50,203.54,210.37,215.90,221.42,229.28,239.29,252.02,268.21,0.30,0.24,0.08,Suporte,0,0
2023-11-07,192.50,203.54,210.37,215.90,221.42,229.28,239.29,252.02,268.21,0.33,0.24,0.05,Suporte,0,0
2023-11-08,192.50,203.54,210.37,215.90,221.42,229.28,239.29,252.02,268.21,0.40,0.38,0.10,Zona de Consolidação,1,0
2023-11-09,192.50,203.54,210.37,215.90,221.42,229.28,239.29,252.02,268.21,0.42,0.38,0.08,Zona de Consolidação,1,0
2023-11-10,192.50,203.54,210.37,215.90,221.42,229.28,239.29,252.02,268.21,0.46,0.38,0.04,Zona de Consolidação,0,0
2023-11-13,192.50,203.28,209.95,215.34,220.73,228.40,238.18,250.60,266.41,0.43,0.38,0.07,Zona de Consolidação,1,0
2023-11-14,192.50,202.68,208.98,214.08,219.17,226.42,235.65,247.39,262.32,0.54,0.50,0.08,Zona de Consolidação,0,0
2023-11-15,192.50,202.68,208.98,214.08,219.17,226.42,235.65,247.39,262.32,0.54,0.50,0.08,Zona de Consolidação,0,0
2023-11-16,192.50,202.64,208.91,213.98,219.05,226.27,235.46,247.15,262.01,0.53,0.50,0.09,Zona de Consolidação,0,0
2023-11-17,192.50,202.62,208.88,213.94,218.99,226.20,235.37,247.03,261.86,0.52,0.50,0.10,Zona de Consolidação,0,0
2023-11-20,192.50,202.62,208.88,213.94,218.99,226.20,235.37,247.03,261.86,0.57,0.50,0.05,Zona de Consolidação,1,0
2023-11-21,192.50,202.62,208.88,213.94,218.99,226.20,235.37,247.03,261.86,0.56,0.50,0.06,Zona de Consolidação,0,0
2023-11-22,192.50,202.62,208.88,213.94,218.99,226.20,235.37,247.03,261.86,0.56,0.50,0.06,Zona de Consolidação,0,0
2023-11-24,192.50,202.62,208.88,213.94,218.99,226.20,235.37,247.03,261.86,0.55,0.50,0.07,Zona de Consolidação,0,0
2023-11-27,192.50,202.62,208.88,213.94,218.99,226.20,235.37,247.03,261.86,0.52,0.50,0.10,Zona de Consolidação,0,0
2023-11-28,192.50,202.62,208.88,213.94,218.99,226.20,235.37,247.03,261.86,0.51,0.50,0.11,Zona de Consolidação,0,0
2023-11-29,192.50,202.62,208.88,213.94,218.99,226.20,235.37,247.03,261.86,0.52,0.50,0.10,Zona de Consolidação,0,0
2023-11-30,192.50,202.62,208.88,213.94,218.99,226.20,235.37,247.03,261.86,0.53,0.50,0.09,Zona de Consolidação,0,0
2023-12-01,192.50,202.62,208.88,213.94,218.99,226.20,235.37,247.03,261.86,0.60,0.50,0.02,Zona de Consolidação,1,0
2023-12-04,192.50,202.62,208.88,213.94,218.99,226.20,235.37,247.03,261.86,0.59,0.50,0.03,Zona de Consolidação,1,0
2023-12-05,192.50,202.62,208.88,213.94,218.99,226.20,235.37,247.03,261.86,0.57,0.50,0.05,Zona de Consolidação,1,0
2023-12-06,192.50,202.62,208.88,213.94,218.99,226.20,235.37,247.03,261.86,0.59,0.50,0.03,Zona de Consolidação,1,0
2023-12-07,192.50,202.62,208.88,213.94,218.99,226.20,235.37,247.03,261.86,0.56,0.50,0.06,Zona de Consolidação,0,0
2023-12-08,192.50,202.62,208.88,213.94,218.99,226.20,235.37,247.03,261.86,0.55,0.50,0.07,Zona de Consolidação,0,0
2023-12-11,192.50,202.62,208.88,213.94,218.99,226.20,235.37,247.03,261.86,0.64,0.62,0.15,Resistência,1,0
2023-12-12,192.50,202.62,208.88,213.94,218.99,226.20,235.37,247.03,261.86,0.71,0.62,0.08,Resistência,0,0
2023-12-13,192.50,202.62,208.88,213.94,218.99,226.20,235.37,247.03,261.86,0.77,0.62,0.02,Resistência,0,1
2023-12-14,192.50,202.62,208.88,213.94,218.99,226.20,235.37,247.03,261.86,0.70,0.62,0.09,Resistência,0,0
2023-12-15,192.50,202.62,208.88,213.94,218.99,226.20,235.37,247.03,261.86,0.66,0.62,0.13,Resistência,1,0
2023-12-18,192.50,202.62,208.88,213.94,218.99,226.20,235.37,247.03,261.86,0.67,0.62,0.12,Resistência,0,0
2023-12-19,192.50,202.62,208.88,213.94,218.99,226.20,235.37,247.03,261.86,0.65,0.62,0.14,Resistência,1,0
2023-12-20,192.50,202.51,208.70,213.71,218.72,225.84,234.92,246.46,261.14,0.62,0.62,0.17,Resistência,1,0
2023-12-21,192.50,202.51,208.70,213.71,218.72,225.84,234.92,246.46,261.14,0.55,0.50,0.07,Zona de Consolidação,0,0
2023-12-22,192.50,202.42,208.56,213.52,218.48,225.54,234.54,245.97,260.52,0.60,0.50,0.02,Zona de Consolidação,1,0
2023-12-26,192.50,202.42,208.56,213.52,218.48,225.54,234.54,245.97,260.52,0.63,0.62,0.16,Resistência,1,0
2023-12-27,192.50,202.42,208.56,213.52,218.48,225.54,234.54,245.97,260.52,0.61,0.50,0.01,Zona de Consolidação,1,0
2023-12-28,192.50,202.41,208.54,213.49,218.44,225.50,234.48,245.90,260.42,0.63,0.62,0.16,Resistência,1,0
2023-12-29,192.50,202.22,208.23,213.10,217.96,224.88,233.69,244.89,259.15,0.66,0.62,0.13,Resistência,1,0
2024-01-02,192.50,201.58,207.20,211.74,216.27,222.74,230.97,241.43,254.74,0.71,0.62,0.08,Resistência,0,0
2024-01-03,192.50,200.92,206.13,210.34,214.56,220.55,228.19,237.90,250.25,0.75,0.62,0.04,Resistência,0,1
2024-01-04,192.50,200.69,205.76,209.86,213.95,219.78,227.21,236.65,248.66,0.80,0.79,0.20,Resistência Forte,0,1
2024-01-05,192.50,200.49,205.43,209.43,213.43,219.11,226.36,235.57,247.29,0.86,0.79,0.14,Resistência Forte,0,0
2024-01-08,192.50,200.49,205.43,209.43,213.43,219.11,226.36,235.57,247.29,0.90,0.79,0.10,Resistência Forte,0,0
2024-01-09,192.50,200.49,205.43,209.43,213.43,219.11,226.36,235.57,247.29,0.86,0.79,0.14,Resistência Forte,0,0
2024-01-10,192.50,200.49,205.43,209.43,213.43,219.11,226.36,235.57,247.29,0.86,0.79,0.14,Resistência Forte,0,0
2024-01-11,192.50,200.49,205.43,209.43,213.43,219.11,226.36,235.57,247.29,0.86,0.79,0.14,Resistência Forte,0,0
2024-01-12,192.50,200.49,205.43,209.43,213.43,219.11,226.36,235.57,247.29,0.88,0.79,0.12,Resistência Forte,0,0
2024-01-16,198.12,204.78,208.91,212.24,215.57,220.32,226.36,234.04,243.81,0.84,0.79,0.16,Resistência Forte,0,1
2024-01-17,202.70,208.28,211.74,214.53,217.32,221.30,226.36,232.80,240.98,0.81,0.79,0.19,Resistência Forte,0,1
2024-01-18,204.77,209.87,213.02,215.56,218.11,221.74,226.36,232.23,239.70,0.82,0.79,0.18,Resistência Forte,0,1
2024-01-19,205.32,210.29,213.36,215.84,218.32,221.86,226.36,232.08,239.36,0.91,0.79,0.09,Resistência Forte,0,1
2024-01-22,209.13,213.21,215.73,217.76,219.80,222.70,226.40,231.10,237.07,0.95,0.79,0.05,Resistência Forte,0,1
2024-01-23,211.10,214.76,217.03,218.86,220.69,223.30,226.62,230.84,236.21,0.99,0.79,0.01,Resistência Forte,0,1
2024-01-24,211.76,215.51,217.83,219.70,221.58,224.25,227.65,231.97,237.47,0.81,0.79,0.19,Resistência Forte,0,1
2024-01-25,211.76,215.51,217.83,219.70,221.58,224.25,227.65,231.97,237.47,0.71,0.62,0.08,Resistência,1,1
2024-01-26,212.85,216.34,218.50,220.25,222.00,224.48,227.65,231.68,236.80,0.65,0.62,0.14,Resistência,1,1
2024-01-29,212.85,216.34,218.50,220.25,222.00,224.48,227.65,231.68,236.80,0.75,0.62,0.04,Resistência,1,1
2024-01-30,212.85,216.34,218.50,220.25,222.00,224.48,227.65,231.68,236.80,0.81,0.79,0.19,Resistência Forte,0,1
2024-01-31,213.06,218.65,222.10,224.90,227.69,231.66,236.73,243.17,251.36,0.78,0.62,0.01,Resistência,0,1
2024-02-01,213.06,218.65,222.10,224.90,227.69,231.66,236.73,243.17,251.36,0.83,0.79,0.17,Resistência Forte,0,1
2024-02-02,213.06,218.65,222.10,224.90,227.69,231.66,236.73,243.17,251.36,0.90,0.79,0.10,Resistência Forte,0,1
2024-02-05,213.06,218.65,222.10,224.90,227.69,231.66,236.73,243.17,251.36,0.88,0.79,0.12,Resistência Forte,0,1
2024-02-06,213.06,218.77,222.31,225.17,228.02,232.09,237.27,243.86,252.23,0.96,0.79,0.04,Resistência Forte,0,1
2024-02-07,213.06,218.90,222.51,225.44,228.36,232.51,237.81,244.54,253.11,0.92,0.79,0.08,Resistência Forte,0,1
2024-02-08,213.06,218.90,222.51,225.44,228.36,232.51,237.81,244.54,253.11,0.95,0.79,0.05,Resistência Forte,0,1
2024-02-09,213.06,218.90,222.51,225.44,228.36,232.51,237.81,244.54,253.11,0.91,0.79,0.09,Resistência Forte,0,1
2024-02-12,213.06,218.90,222.51,225.44,228.36,232.51,237.81,244.54,253.11,0.91,0.79,0.09,Resistência Forte,0,1
2024-02-13,214.02,219.63,223.11,225.92,228.72,232.72,237.81,244.28,252.51,0.89,0.79,0.11,Resistência Forte,0,0
2024-02-14,214.02,219.63,223.11,225.92,228.72,232.72,237.81,244.28,252.51,0.94,0.79,0.06,Resistência Forte,0,1
2024-02-15,214.02,219.73,223.27,226.12,228.98,233.05,238.23,244.82,253.19,0.97,0.79,0.03,Resistência Forte,0,1
2024-02-16,214.02,220.08,223.82,226.85,229.88,234.19,239.68,246.66,255.54,0.95,0.79,0.05,Resistência Forte,0,1
2024-02-20,214.02,220.11,223.88,226.93,229.98,234.31,239.84,246.86,255.80,0.94,0.79,0.06,Resistência Forte,0,1
2024-02-21,214.02,220.11,223.88,226.93,229.98,234.31,239.84,246.86,255.80,0.98,0.79,0.02,Resistência Forte,0,1
2024-02-22,214.02,220.38,224.32,227.50,230.69,235.22,240.99,248.33,257.66,0.97,0.79,0.03,Resistência Forte,0,1
2024-02-23,214.02,220.49,224.49,227.73,230.96,235.56,241.43,248.89,258.37,0.99,0.79,0.01,Resistência Forte,0,1
2024-02-26,214.02,220.57,224.62,227.90,231.17,235.83,241.77,249.32,258.92,0.90,0.79,0.10,Resistência Forte,0,0
2024-02-27,214.02,220.57,224.62,227.90,231.17,235.83,241.77,249.32,258.92,0.82,0.79,0.18,Resistência Forte,0,1
2024-02-28,214.02,220.57,224.62,227.90,231.17,235.83,241.77,249.32,258.92,0.83,0.79,0.17,Resistência Forte,0,1
2024-02-29,214.02,220.57,224.62,227.90,231.17,235.83,241.77,249.32,258.92,0.82,0.79,0.18,Resistência Forte,0,1
2024-03-01,214.02,220.57,224.62,227.90,231.17,235.83,241.77,249.32,258.92,0.77,0.62,0.02,Resistência,0,1
2024-03-04,214.02,220.57,224.62,227.90,231.17,235.83,241.77,249.32,258.92,0.65,0.62,0.14,Resistência,1,0
2024-03-05,214.02,220.57,224.62,227.90,231.17,235.83,241.77,249.32,258.92,0.57,0.50,0.05,Zona de Consolidação,1,0
2024-03-06,215.32,221.56,225.42,228.54,231.67,236.11,241.77,248.96,258.12,0.54,0.50,0.08,Zona de Consolidação,1,0
2024-03-07,217.09,222.91,226.52,229.43,232.34,236.49,241.77,248.48,257.02,0.58,0.50,0.04,Zona de Consolidação,1,0
2024-03-08,217.63,223.33,226.85,229.70,232.55,236.60,241.77,248.34,256.69,0.50,0.50,0.12,Zona de Consolidação,0,0
2024-03-11,218.03,223.63,227.10,229.90,232.70,236.69,241.77,248.23,256.44,0.56,0.50,0.06,Zona de Consolidação,1,0
2024-03-12,218.30,223.84,227.27,230.04,232.80,236.75,241.77,248.15,256.27,0.58,0.50,0.04,Zona de Consolidação,1,0
2024-03-13,218.30,223.84,227.27,230.04,232.80,236.75,241.77,248.15,256.27,0.56,0.50,0.06,Zona de Consolidação,1,0
2024-03-14,218.30,223.84,227.27,230.04,232.80,236.75,241.77,248.15,256.27,0.52,0.50,0.10,Zona de Consolidação,1,0
2024-03-15,218.94,224.33,227.66,230.36,233.05,236.88,241.77,247.98,255.88,0.46,0.38,0.04,Zona de Consolidação,1,0
2024-03-18,218.94,224.33,227.66,230.36,233.05,236.88,241.77,247.98,255.88,0.45,0.38,0.05,Zona de Consolidação,1,0
2024-03-19,218.94,224.33,227.66,230.36,233.05,236.88,241.77,247.98,255.88,0.54,0.50,0.08,Zona de Consolidação,1,0
2024-03-20,218.94,224.33,227.66,230.36,233.05,236.88,241.77,247.98,255.88,0.69,0.62,0.10,Resistência,1,1
2024-03-21,218.94,224.33,227.66,230.36,233.05,236.88,241.77,247.98,255.88,0.74,0.62,0.05,Resistência,0,1
2024-03-22,218.94,224.33,227.66,230.36,233.05,236.88,241.77,247.98,255.88,0.69,0.62,0.10,Resistência,1,1
2024-03-25,219.83,225.01,228.21,230.80,233.39,237.07,241.77,247.74,255.33,0.53,0.50,0.09,Zona de Consolidação,1,0
2024-03-26,219.83,225.01,228.21,230.80,233.39,237.07,241.77,247.74,255.33,0.57,0.50,0.05,Zona de Consolidação,1,0
2024-03-27,220.65,225.63,228.72,231.21,233.70,237.25,241.77,247.51,254.82,0.70,0.62,0.09,Resistência,1,1
2024-03-28,220.65,225.63,228.72,231.21,233.70,237.25,241.77,247.51,254.82,0.76,0.62,0.03,Resistência,0,1
2024-04-01,220.86,225.79,228.85,231.32,233.78,237.30,241.77,247.46,254.69,0.56,0.50,0.06,Zona de Consolidação,1,0
2024-04-02,220.86,225.79,228.85,231.32,233.78,237.30,241.77,247.46,254.69,0.66,0.62,0.13,Resistência,1,0
2024-04-03,220.86,225.79,228.85,231.32,233.78,237.30,241.77,247.46,254.69,0.55,0.50,0.07,Zona de Consolidação,1,0
2024-04-04,220.86,225.79,228.85,231.32,233.78,237.30,241.77,247.46,254.69,0.38,0.24,0.00,Suporte,1,0
2024-04-05,220.86,225.79,228.85,231.32,233.78,237.30,241.77,247.46,254.69,0.54,0.50,0.08,Zona de Consolidação,1,0
2024-04-08,220.86,225.79,228.85,231.32,233.78,237.30,241.77,247.46,254.69,0.62,0.62,0.17,Resistência,1,0
2024-04-09,220.86,225.79,228.85,231.32,233.78,237.30,241.77,247.46,254.69,0.77,0.62,0.02,Resistência,0,1
2024-04-10,221.55,226.32,229.27,231.66,234.05,237.44,241.77,247.27,254.27,0.56,0.50,0.06,Zona de Consolidação,1,0
2024-04-11,226.35,229.99,232.24,234.06,235.88,238.47,241.77,245.96,251.30,0.34,0.24,0.04,Suporte,1,0
2024-04-12,226.35,229.99,232.24,234.06,235.88,238.47,241.77,245.96,251.30,0.31,0.24,0.07,Suporte,1,0
2024-04-15,226.35,229.99,232.24,234.06,235.88,238.47,241.77,245.96,251.30,0.32,0.24,0.06,Suporte,1,0
2024-04-16,226.35,229.99,232.24,234.06,235.88,238.47,241.77,245.96,251.30,0.33,0.24,0.05,Suporte,1,0
2024-04-17,226.35,229.99,232.24,234.06,235.88,238.47,241.77,245.96,251.30,0.25,0.24,0.13,Suporte,1,0
2024-04-18,226.35,229.99,232.24,234.06,235.88,238.47,241.77,245.96,251.30,0.19,0.00,0.05,Suporte Forte,0,0
2024-04-19,226.35,229.99,232.24,234.06,235.88,238.47,241.77,245.96,251.30,0.28,0.24,0.10,Suporte,1,0
2024-04-22,226.35,229.99,232.24,234.06,235.88,238.47,241.77,245.96,251.30,0.46,0.38,0.04,Zona de Consolidação,1,0
2024-04-23,226.35,229.99,232.24,234.06,235.88,238.47,241.77,245.96,251.30,0.49,0.38,0.01,Zona de Consolidação,1,0
2024-04-24,226.35,229.99,232.24,234.06,235.88,238.47,241.77,245.96,251.30,0.48,0.38,0.02,Zona de Consolidação,1,0
2024-04-25,226.35,229.99,232.24,234.06,235.88,238.47,241.77,245.96,251.30,0.46,0.38,0.04,Zona de Consolidação,1,0
2024-04-26,226.35,229.99,232.24,234.06,235.88,238.47,241.77,245.96,251.30,0.26,0.24,0.12,Suporte,1,0
2024-04-29,226.35,229.99,232.24,234.06,235.88,238.47,241.77,245.96,251.30,0.31,0.24,0.07,Suporte,1,0
2024-04-30,226.35,229.99,232.24,234.06,235.88,238.47,241.77,245.96,251.30,0.19,0.00,0.05,Suporte Forte,0,0
2024-05-01,226.35,229.99,232.24,234.06,235.88,238.47,241.77,245.96,251.30,0.52,0.50,0.10,Zona de Consolidação,1,0
2024-05-02,226.35,229.99,232.24,234.06,235.88,238.47,241.77,245.96,251.30,0.20,0.00,0.04,Suporte Forte,0,0
2024-05-03,226.35,229.99,232.24,234.06,235.88,238.47,241.77,245.96,251.30,0.19,0.00,0.05,Suporte Forte,0,0
2024-05-06,226.35,229.99,232.24,234.06,235.88,238.47,241.77,245.96,251.30,0.24,0.24,0.14,Suporte,1,0
2024-05-07,226.35,229.68,231.74,233.40,235.07,237.44,240.46,244.30,249.18,0.42,0.38,0.08,Zona de Consolidação,1,0
2024-05-08,226.35,229.68,231.74,233.40,235.07,237.44,240.46,244.30,249.18,0.28,0.24,0.10,Suporte,1,0
2024-05-09,226.35,229.68,231.74,233.40,235.07,237.44,240.46,244.30,249.18,0.42,0.38,0.08,Zona de Consolidação,1,0
2024-05-10,226.35,229.68,231.74,233.40,235.07,237.44,240.46,244.30,249.18,0.54,0.50,0.08,Zona de Consolidação,1,0
2024-05-13,226.35,229.68,231.74,233.40,235.07,237.44,240.46,244.30,249.18,0.60,0.50,0.02,Zona de Consolidação,1,0
2024-05-14,226.35,229.68,231.74,233.40,235.07,237.44,240.46,244.30,249.18,0.45,0.38,0.05,Zona de Consolidação,1,0
2024-05-15,226.35,229.68,231.74,233.40,235.07,237.44,240.46,244.30,249.18,0.52,0.50,0.10,Zona de Consolidação,1,0
2024-05-16,226.35,229.68,231.74,233.40,235.07,237.44,240.46,244.30,249.18,0.75,0.62,0.04,Resistência,1,1
2024-05-17,226.35,229.68,231.74,233.40,235.07,237.44,240.46,244.30,249.18,0.91,0.79,0.09,Resistência Forte,0,1
2024-05-20,226.35,229.68,231.74,233.40,235.07,237.44,240.46,244.30,249.18,0.87,0.79,0.13,Resistência Forte,0,1
2024-05-21,226.35,229.68,231.74,233.40,235.07,237.44,240.46,244.30,249.18,0.89,0.79,0.11,Resistência Forte,0,1
2024-05-22,226.35,229.89,232.07,233.84,235.61,238.12,241.33,245.40,250.59,0.96,0.79,0.04,Resistência Forte,0,1
2024-05-23,226.35,229.89,232.07,233.84,235.61,238.12,241.33,245.40,250.59,0.80,0.79,0.20,Resistência Forte,0,1
2024-05-24,226.35,229.89,232.07,233.84,235.61,238.12,241.33,245.40,250.59,0.64,0.62,0.15,Resistência,1,1
2024-05-28,226.82,230.24,232.36,234.08,235.79,238.22,241.33,245.28,250.30,0.26,0.24,0.12,Suporte,1,0
2024-05-29,226.82,230.24,232.36,234.08,235.79,238.22,241.33,245.28,250.30,0.05,0.00,0.19,Suporte Forte,0,0
2024-05-30,226.82,230.24,232.36,234.08,235.79,238.22,241.33,245.28,250.30,0.10,0.00,0.14,Suporte Forte,0,0
2024-05-31,226.82,230.24,232.36,234.08,235.79,238.22,241.33,245.28,250.30,0.37,0.24,0.01,Suporte,1,0
2024-06-03,226.82,230.24,232.36,234.08,235.79,238.22,241.33,245.28,250.30,0.31,0.24,0.07,Suporte,1,0
2024-06-04,226.82,230.24,232.36,234.08,235.79,238.22,241.33,245.28,250.30,0.41,0.38,0.09,Zona de Consolidação,1,0
2024-06-05,226.82,230.24,232.36,234.08,235.79,238.22,241.33,245.28,250.30,0.42,0.38,0.08,Zona de Consolidação,1,0
2024-06-06,226.82,230.24,232.36,234.08,235.79,238.22,241.33,245.28,250.30,0.56,0.50,0.06,Zona de Consolidação,1,0
2024-06-07,226.82,230.24,232.36,234.08,235.79,238.22,241.33,245.28,250.30,0.85,0.79,0.15,Resistência Forte,0,1
2024-06-10,226.82,230.24,232.36,234.08,235.79,238.22,241.33,245.28,250.30,0.49,0.38,0.01,Zona de Consolidação,1,0
2024-06-11,226.82,230.24,232.36,234.08,235.79,238.22,241.33,245.28,250.30,0.47,0.38,0.03,Zona de Consolidação,1,0
2024-06-12,226.82,230.24,232.36,234.08,235.79,238.22,241.33,245.28,250.30,0.44,0.38,0.06,Zona de Consolidação,1,0
2024-06-13,226.82,230.24,232.36,234.08,235.79,238.22,241.33,245.28,250.30,0.32,0.24,0.06,Suporte,1,0
2024-06-14,226.82,230.24,232.36,234.08,235.79,238.22,241.33,245.28,250.30,0.31,0.24,0.07,Suporte,1,0
2024-06-17,226.82,230.24,232.36,234.08,235.79,238.22,241.33,245.28,250.30,0.46,0.38,0.04,Zona de Consolidação,1,0
2024-06-18,226.82,230.24,232.36,234.08,235.79,238.22,241.33,245.28,250.30,0.42,0.38,0.08,Zona de Consolidação,1,0
2024-06-20,226.82,230.24,232.36,234.08,235.79,238.22,241.33,245.28,250.30,0.53,0.50,0.09,Zona de Consolidação,1,0
2024-06-21,226.82,230.24,232.36,234.08,235.79,238.22,241.33,245.28,250.30,0.66,0.62,0.13,Resistência,1,1
2024-06-24,226.82,230.24,232.36,234.08,235.79,238.22,241.33,245.28,250.30,0.74,0.62,0.05,Resistência,1,1
2024-06-25,226.82,230.24,232.36,234.08,235.79,238.22,241.33,245.28,250.30,0.69,0.62,0.10,Resistência,1,1
2024-06-26,226.11,229.70,231.92,233.72,235.52,238.07,241.33,245.47,250.74,0.05,0.00,0.19,Suporte Forte,0,0
2024-06-27,225.19,229.00,231.36,233.26,235.16,237.88,241.33,245.72,251.30,0.06,0.00,0.18,Suporte Forte,0,0
2024-06-28,225.19,229.00,231.36,233.26,235.16,237.88,241.33,245.72,251.30,0.14,0.00,0.10,Suporte Forte,0,0
2024-07-01,224.08,228.15,230.67,232.70,234.74,237.64,241.33,246.02,251.99,0.03,0.00,0.21,Suporte Forte,0,0
2024-07-02,223.05,227.36,230.03,232.19,234.35,237.42,241.33,246.30,252.63,0.14,0.00,0.10,Suporte Forte,0,0
2024-07-03,223.05,227.36,230.03,232.19,234.35,237.42,241.33,246.30,252.63,0.15,0.00,0.09,Suporte Forte,0,0
2024-07-05,222.81,227.18,229.88,232.07,234.26,237.37,241.33,246.37,252.78,0.09,0.00,0.15,Suporte Forte,0,0
2024-07-08,222.12,226.65,229.46,231.73,233.99,237.22,241.33,246.56,253.20,0.02,0.00,0.22,Suporte Forte,0,0
2024-07-09,222.00,226.56,229.38,231.67,233.95,237.19,241.33,246.59,253.28,0.09,0.00,0.15,Suporte Forte,0,0
2024-07-10,220.45,225.38,228.43,230.89,233.35,236.86,241.33,247.01,254.23,0.13,0.00,0.11,Suporte Forte,0,0
2024-07-11,220.45,225.38,228.43,230.89,233.35,236.86,241.33,247.01,254.23,0.20,0.00,0.04,Suporte Forte,0,0
2024-07-12,220.45,225.38,228.43,230.89,233.35,236.86,241.33,247.01,254.23,0.31,0.24,0.07,Suporte,1,0
2024-07-15,220.45,225.38,228.43,230.89,233.35,236.86,241.33,247.01,254.23,0.52,0.50,0.10,Zona de Consolidação,1,0
2024-07-16,220.45,225.38,228.43,230.89,233.35,236.86,241.33,247.01,254.23,0.66,0.62,0.13,Resistência,1,0
2024-07-17,220.45,225.38,228.43,230.89,233.35,236.86,241.33,247.01,254.23,0.82,0.79,0.18,Resistência Forte,0,1
2024-07-18,220.45,225.38,228.43,230.89,233.35,236.86,241.33,247.01,254.23,0.74,0.62,0.05,Resistência,0,1
2024-07-19,220.45,225.38,228.43,230.89,233.35,236.86,241.33,247.01,254.23,0.72,0.62,0.07,Resistência,1,1
2024-07-22,220.45,225.38,228.43,230.89,233.35,236.86,241.33,247.01,254.23,0.76,0.62,0.03,Resistência,0,1
2024-07-23,220.45,225.38,228.43,230.89,233.35,236.86,241.33,247.01,254.23,0.78,0.62,0.01,Resistência,0,1
2024-07-24,220.45,225.38,228.43,230.89,233.35,236.86,241.33,247.01,254.23,0.72,0.62,0.07,Resistência,1,1
2024-07-25,220.45,225.64,228.85,231.45,234.05,237.74,242.45,248.43,256.05,0.79,0.79,0.21,Resistência Forte,0,1
2024-07-26,220.45,225.64,228.85,231.45,234.05,237.74,242.45,248.43,256.05,0.93,0.79,0.07,Resistência Forte,0,1
2024-07-29,220.45,226.04,229.50,232.30,235.10,239.08,244.15,250.60,258.80,0.96,0.79,0.04,Resistência Forte,0,1
2024-07-30,220.45,226.63,230.45,233.54,236.64,241.04,246.64,253.76,262.83,0.96,0.79,0.04,Resistência Forte,0,1
2024-07-31,220.45,229.05,234.37,238.66,242.96,249.08,256.88,266.79,279.39,0.82,0.79,0.18,Resistência Forte,0,1
2024-08-01,220.45,229.05,234.37,238.66,242.96,249.08,256.88,266.79,279.39,0.79,0.79,0.21,Resistência Forte,0,1
2024-08-02,220.45,229.05,234.37,238.66,242.96,249.08,256.88,266.79,279.39,0.84,0.79,0.16,Resistência Forte,0,1
2024-08-05,220.45,229.05,234.37,238.66,242.96,249.08,256.88,266.79,279.39,0.70,0.62,0.09,Resistência,0,0
2024-08-06,220.45,229.05,234.37,238.66,242.96,249.08,256.88,266.79,279.39,0.74,0.62,0.05,Resistência,0,1
2024-08-07,220.45,229.05,234.37,238.66,242.96,249.08,256.88,266.79,279.39,0.72,0.62,0.07,Resistência,0,1
2024-08-08,220.45,229.05,234.37,238.66,242.96,249.08,256.88,266.79,279.39,0.82,0.79,0.18,Resistência Forte,0,1
2024-08-09,220.45,229.05,234.37,238.66,242.96,249.08,256.88,266.79,279.39,0.81,0.79,0.19,Resistência Forte,0,1
2024-08-12,220.45,229.05,234.37,238.66,242.96,249.08,256.88,266.79,279.39,0.73,0.62,0.06,Resistência,0,1
2024-08-13,220.45,229.05,234.37,238.66,242.96,249.08,256.88,266.79,279.39,0.80,0.79,0.20,Resistência Forte,0,1
2024-08-14,220.45,229.05,234.37,238.66,242.96,249.08,256.88,266.79,279.39,0.83,0.79,0.17,Resistência Forte,0,1
2024-08-15,220.45,229.05,234.37,238.66,242.96,249.08,256.88,266.79,279.39,0.85,0.79,0.15,Resistência Forte,0,1
2024-08-16,220.45,229.05,234.37,238.66,242.96,249.08,256.88,266.79,279.39,0.86,0.79,0.14,Resistência Forte,0,0
2024-08-19,220.45,229.05,234.37,238.66,242.96,249.08,256.88,266.79,279.39,0.87,0.79,0.13,Resistência Forte,0,0
2024-08-20,220.45,229.05,234.37,238.66,242.96,249.08,256.88,266.79,279.39,0.87,0.79,0.13,Resistência Forte,0,0
2024-08-21,220.45,229.05,234.37,238.66,242.96,249.08,256.88,266.79,279.39,0.96,0.79,0.04,Resistência Forte,0,1
2024-08-22,220.45,229.07,234.40,238.71,243.02,249.15,256.97,266.90,279.54,0.99,0.79,0.01,Resistência Forte,0,1
2024-08-23,220.45,229.38,234.91,239.38,243.85,250.21,258.31,268.61,281.71,0.97,0.79,0.03,Resistência Forte,0,1
2024-08-26,220.45,229.58,235.23,239.80,244.37,250.87,259.15,269.68,283.07,0.99,0.79,0.01,Resistência Forte,0,1
2024-08-27,220.45,230.31,236.41,241.34,246.27,253.29,262.23,273.59,288.05,0.99,0.79,0.01,Resistência Forte,0,1
2024-08-28,220.45,230.69,237.02,242.14,247.25,254.54,263.82,275.62,290.62,0.91,0.79,0.09,Resistência Forte,0,0
2024-08-29,220.45,230.69,237.02,242.14,247.25,254.54,263.82,275.62,290.62,0.93,0.79,0.07,Resistência Forte,0,0
2024-08-30,220.45,230.69,237.02,242.14,247.25,254.54,263.82,275.62,290.62,0.98,0.79,0.02,Resistência Forte,0,1
2024-09-03,220.45,230.97,237.47,242.73,247.99,255.47,265.01,277.13,292.55,0.95,0.79,0.05,Resistência Forte,0,1
2024-09-04,220.45,231.02,237.56,242.84,248.12,255.65,265.23,277.41,292.90,0.94,0.79,0.06,Resistência Forte,0,0
2024-09-05,220.45,231.02,237.56,242.84,248.12,255.65,265.23,277.41,292.90,0.83,0.79,0.17,Resistência Forte,0,1
2024-09-06,220.45,231.02,237.56,242.84,248.12,255.65,265.23,277.41,292.90,0.82,0.79,0.18,Resistência Forte,0,1
2024-09-09,220.45,231.02,237.56,242.84,248.12,255.65,265.23,277.41,292.90,0.94,0.79,0.06,Resistência Forte,0,1
2024-09-10,220.45,231.32,238.04,243.48,248.91,256.65,266.50,279.03,294.96,0.99,0.79,0.01,Resistência Forte,0,1
2024-09-11,220.45,231.32,238.04,243.48,248.91,256.65,266.50,279.03,294.96,0.96,0.79,0.04,Resistência Forte,0,1
2024-09-12,220.45,231.32,238.04,243.48,248.91,256.65,266.50,279.03,294.96,0.98,0.79,0.02,Resistência Forte,0,1
2024-09-13,220.45,231.43,238.22,243.72,249.21,257.02,266.98,279.64,295.74,0.98,0.79,0.02,Resistência Forte,0,1
2024-09-16,220.45,231.68,238.63,244.24,249.86,257.86,268.04,280.98,297.45,0.98,0.79,0.02,Resistência Forte,0,1
2024-09-17,220.45,232.08,239.27,245.08,250.90,259.18,269.72,283.12,300.17,0.96,0.79,0.04,Resistência Forte,0,1
2024-09-18,220.45,232.08,239.27,245.08,250.90,259.18,269.72,283.12,300.17,0.89,0.79,0.11,Resistência Forte,0,0
2024-09-19,222.23,233.44,240.37,245.98,251.58,259.56,269.72,282.64,299.07,0.92,0.79,0.08,Resistência Forte,0,0
2024-09-20,224.95,235.52,242.05,247.34,252.62,260.14,269.72,281.90,297.39,0.89,0.79,0.11,Resistência Forte,0,0
2024-09-23,227.05,237.12,243.35,248.39,253.42,260.59,269.72,281.33,296.09,0.91,0.79,0.09,Resistência Forte,0,0
2024-09-24,231.40,240.44,246.04,250.56,255.08,261.52,269.72,280.14,293.40,0.88,0.79,0.12,Resistência Forte,0,0
2024-09-25,233.20,241.82,247.15,251.46,255.77,261.90,269.72,279.65,292.29,0.84,0.79,0.16,Resistência Forte,0,1
2024-09-26,233.20,241.82,247.15,251.46,255.77,261.90,269.72,279.65,292.29,0.81,0.79,0.19,Resistência Forte,0,1
2024-09-27,233.20,241.82,247.15,251.46,255.77,261.90,269.72,279.65,292.29,0.77,0.62,0.02,Resistência,0,1
2024-09-30,234.30,242.66,247.83,252.01,256.19,262.14,269.72,279.35,291.61,0.87,0.79,0.13,Resistência Forte,0,0
2024-10-01,234.30,242.66,247.83,252.01,256.19,262.14,269.72,279.35,291.61,0.96,0.79,0.04,Resistência Forte,0,1
2024-10-02,234.30,243.16,248.64,253.08,257.51,263.81,271.85,282.06,295.06,0.99,0.79,0.01,Resistência Forte,0,1
2024-10-03,236.38,245.18,250.63,255.03,259.43,265.70,273.68,283.83,296.73,0.97,0.79,0.03,Resistência Forte,0,1
2024-10-04,237.82,246.42,251.75,256.05,260.35,266.48,274.28,284.20,296.81,0.97,0.79,0.03,Resistência Forte,0,1
2024-10-07,240.81,248.71,253.60,257.54,261.49,267.12,274.28,283.38,294.96,0.88,0.79,0.12,Resistência Forte,0,0
2024-10-08,243.99,251.14,255.56,259.14,262.71,267.80,274.28,282.52,293.00,0.97,0.79,0.03,Resistência Forte,0,1
2024-10-09,244.47,251.96,256.59,260.33,264.08,269.41,276.20,284.83,295.81,0.98,0.79,0.02,Resistência Forte,0,1
2024-10-10,244.47,251.96,256.59,260.33,264.08,269.41,276.20,284.83,295.81,0.96,0.79,0.04,Resistência Forte,0,1
2024-10-11,244.47,252.00,256.66,260.43,264.20,269.56,276.39,285.07,296.12,1.00,1.00,0.27,Resistência Forte,0,1
2024-10-14,244.47,252.74,257.86,262.00,266.13,272.02,279.52,289.05,301.18,0.98,0.79,0.02,Resistência Forte,0,1
2024-10-15,244.47,253.29,258.74,263.15,267.56,273.83,281.83,291.99,304.92,0.89,0.79,0.11,Resistência Forte,0,0
2024-10-16,246.41,254.77,259.94,264.12,268.30,274.25,281.83,291.46,303.72,0.91,0.79,0.09,Resistência Forte,0,0
2024-10-17,246.41,254.77,259.94,264.12,268.30,274.25,281.83,291.46,303.72,0.94,0.79,0.06,Resistência Forte,0,1
2024-10-18,246.53,254.86,260.01,264.18,268.35,274.28,281.83,291.43,303.65,0.95,0.79,0.05,Resistência Forte,0,1
2024-10-21,246.53,254.86,260.01,264.18,268.35,274.28,281.83,291.43,303.65,0.91,0.79,0.09,Resistência Forte,0,0
2024-10-22,246.96,255.19,260.28,264.40,268.51,274.37,281.83,291.31,303.38,0.92,0.79,0.08,Resistência Forte,0,1
2024-10-23,248.18,256.12,261.03,265.00,268.98,274.63,281.83,290.98,302.63,0.88,0.79,0.12,Resistência Forte,0,0
2024-10-24,249.61,257.21,261.92,265.72,269.52,274.93,281.83,290.59,301.74,0.86,0.79,0.14,Resistência Forte,0,1
2024-10-25,249.94,257.47,262.12,265.88,269.65,275.01,281.83,290.50,301.54,0.81,0.79,0.19,Resistência Forte,0,1
2024-10-28,250.58,257.96,262.52,266.20,269.89,275.14,281.83,290.33,301.14,0.76,0.62,0.03,Resistência,0,1
2024-10-29,251.09,258.34,262.83,266.46,270.09,275.25,281.83,290.19,300.83,0.81,0.79,0.19,Resistência Forte,0,1
2024-10-30,252.34,259.30,263.61,267.08,270.56,275.52,281.83,289.85,300.05,0.95,0.79,0.05,Resistência Forte,0,1
2024-10-31,254.75,261.14,265.09,268.29,271.49,276.03,281.83,289.20,298.57,0.83,0.79,0.17,Resistência Forte,0,1
2024-11-01,255.26,261.53,265.41,268.54,271.68,276.14,281.83,289.06,298.25,0.78,0.62,0.01,Resistência,0,1
2024-11-04,255.26,261.53,265.41,268.54,271.68,276.14,281.83,289.06,298.25,0.84,0.79,0.16,Resistência Forte,0,1
2024-11-05,255.26,261.53,265.41,268.54,271.68,276.14,281.83,289.06,298.25,0.89,0.79,0.11,Resistência Forte,0,0
2024-11-06,255.26,264.36,270.00,274.55,279.10,285.58,293.84,304.33,317.68,0.96,0.79,0.04,Resistência Forte,0,1
2024-11-07,255.26,264.36,270.00,274.55,279.10,285.58,293.84,304.33,317.68,0.95,0.79,0.05,Resistência Forte,0,1
2024-11-08,255.26,264.41,270.07,274.65,279.23,285.74,294.04,304.59,318.01,0.95,0.79,0.05,Resistência Forte,0,1
2024-11-11,255.26,264.78,270.67,275.42,280.18,286.96,295.59,306.56,320.51,0.96,0.79,0.04,Resistência Forte,0,1
2024-11-12,255.26,264.93,270.91,275.74,280.58,287.46,296.23,307.37,321.55,0.97,0.79,0.03,Resistência Forte,0,1
2024-11-13,255.26,264.97,270.97,275.82,280.68,287.59,296.39,307.58,321.81,0.96,0.79,0.04,Resistência Forte,0,1
2024-11-14,255.26,264.97,270.97,275.82,280.68,287.59,296.39,307.58,321.81,0.83,0.79,0.17,Resistência Forte,0,1
2024-11-15,257.08,266.36,272.10,276.74,281.37,287.98,296.39,307.08,320.68,0.71,0.62,0.08,Resistência,0,1
2024-11-18,258.04,267.09,272.69,277.22,281.74,288.18,296.39,306.82,320.09,0.71,0.62,0.08,Resistência,0,1
2024-11-19,258.04,267.09,272.69,277.22,281.74,288.18,296.39,306.82,320.09,0.70,0.62,0.09,Resistência,0,0
2024-11-20,260.76,269.17,274.37,278.58,282.78,288.77,296.39,306.08,318.41,0.71,0.62,0.08,Resistência,0,1
2024-11-21,260.76,269.17,274.37,278.58,282.78,288.77,296.39,306.08,318.41,0.87,0.79,0.13,Resistência Forte,0,0
2024-11-22,260.76,269.17,274.37,278.58,282.78,288.77,296.39,306.08,318.41,0.89,0.79,0.11,Resistência Forte,0,0
2024-11-25,260.76,269.17,274.37,278.58,282.78,288.77,296.39,306.08,318.41,0.87,0.79,0.13,Resistência Forte,0,0
2024-11-26,260.76,269.17,274.37,278.58,282.78,288.77,296.39,306.08,318.41,0.96,0.79,0.04,Resistência Forte,0,1
2024-11-27,260.76,269.23,274.46,278.70,282.93,288.95,296.63,306.39,318.80,0.93,0.79,0.07,Resistência Forte,0,1
2024-11-29,260.76,269.23,274.46,278.70,282.93,288.95,296.63,306.39,318.80,0.93,0.79,0.07,Resistência Forte,0,1
2024-12-02,260.76,269.23,274.46,278.70,282.93,288.95,296.63,306.39,318.80,0.90,0.79,0.10,Resistência Forte,0,0
2024-12-03,260.76,269.23,274.46,278.70,282.93,288.95,296.63,306.39,318.80,0.84,0.79,0.16,Resistência Forte,0,1
2024-12-04,260.76,269.23,274.46,278.70,282.93,288.95,296.63,306.39,318.80,0.84,0.79,0.16,Resistência Forte,0,1
2024-12-05,260.76,269.23,274.46,278.70,282.93,288.95,296.63,306.39,318.80,0.79,0.79,0.21,Resistência Forte,0,1
2024-12-06,260.76,269.23,274.46,278.70,282.93,288.95,296.63,306.39,318.80,0.86,0.79,0.14,Resistência Forte,0,1
2024-12-09,260.76,269.23,274.46,278.70,282.93,288.95,296.63,306.39,318.80,0.68,0.62,0.11,Resistência,1,0
2024-12-10,261.97,270.15,275.21,279.30,283.39,289.21,296.63,306.06,318.05,0.80,0.79,0.20,Resistência Forte,0,1
2024-12-11,266.98,273.98,278.31,281.80,285.30,290.28,296.63,304.69,314.95,0.71,0.62,0.08,Resistência,1,1
2024-12-12,269.46,275.87,279.84,283.04,286.25,290.82,296.63,304.02,313.42,0.62,0.62,0.17,Resistência,1,0
2024-12-13,269.46,275.87,279.84,283.04,286.25,290.82,296.63,304.02,313.42,0.60,0.50,0.02,Zona de Consolidação,1,0
2024-12-16,269.46,275.87,279.84,283.04,286.25,290.82,296.63,304.02,313.42,0.60,0.50,0.02,Zona de Consolidação,1,0
2024-12-17,270.15,276.40,280.27,283.39,286.51,290.96,296.63,303.83,312.99,0.55,0.50,0.07,Zona de Consolidação,1,0
2024-12-18,272.45,278.16,281.69,284.54,287.39,291.46,296.63,303.21,311.57,0.22,0.00,0.02,Suporte Forte,0,0
2024-12-19,272.45,278.16,281.69,284.54,287.39,291.46,296.63,303.21,311.57,0.33,0.24,0.05,Suporte,1,0
2024-12-20,272.45,278.16,281.69,284.54,287.39,291.46,296.63,303.21,311.57,0.44,0.38,0.06,Zona de Consolidação,1,0
2024-12-23,272.45,278.16,281.69,284.54,287.39,291.46,296.63,303.21,311.57,0.45,0.38,0.05,Zona de Consolidação,1,0
2024-12-24,272.45,278.16,281.69,284.54,287.39,291.46,296.63,303.21,311.57,0.54,0.50,0.08,Zona de Consolidação,1,0
2024-12-26,272.45,278.16,281.69,284.54,287.39,291.46,296.63,303.21,311.57,0.57,0.50,0.05,Zona de Consolidação,1,0
2024-12-27,272.45,278.16,281.69,284.54,287.39,291.46,296.63,303.21,311.57,0.53,0.50,0.09,Zona de Consolidação,1,0
2024-12-30,272.45,278.16,281.69,284.54,287.39,291.46,296.63,303.21,311.57,0.40,0.38,0.10,Zona de Consolidação,1,0
2024-12-31,272.45,278.16,281.69,284.54,287.39,291.46,296.63,303.21,311.57,0.39,0.38,0.11,Zona de Consolidação,1,0
2025-01-02,272.45,278.16,281.69,284.54,287.39,291.46,296.63,303.21,311.57,0.27,0.24,0.11,Suporte,1,0
2025-01-03,272.45,278.16,281.69,284.54,287.39,291.46,296.63,303.21,311.57,0.35,0.24,0.03,Suporte,1,0
2025-01-06,272.45,278.16,281.69,284.54,287.39,291.46,296.63,303.21,311.57,0.17,0.00,0.07,Suporte Forte,0,0
2025-01-07,272.45,278.16,281.69,284.54,287.39,291.46,296.63,303.21,311.57,0.22,0.00,0.02,Suporte Forte,0,0
2025-01-08,272.45,278.16,281.69,284.54,287.39,291.46,296.63,303.21,311.57,0.36,0.24,0.02,Suporte,1,0
2025-01-10,272.45,278.16,281.69,284.54,287.39,291.46,296.63,303.21,311.57,0.16,0.00,0.08,Suporte Forte,0,0
2025-01-13,273.61,279.04,282.40,285.12,287.84,291.70,296.63,302.89,310.86,0.25,0.24,0.13,Suporte,0,0
2025-01-14,273.99,279.33,282.64,285.31,287.98,291.79,296.63,302.79,310.62,0.31,0.24,0.07,Suporte,1,0
2025-01-15,273.99,279.33,282.64,285.31,287.98,291.79,296.63,302.79,310.62,0.38,0.24,0.00,Suporte,1,0
2025-01-16,274.92,280.04,283.21,285.77,288.34,291.98,296.63,302.54,310.05,0.48,0.38,0.02,Zona de Consolidação,1,0
2025-01-17,274.92,280.04,283.21,285.77,288.34,291.98,296.63,302.54,310.05,0.47,0.38,0.03,Zona de Consolidação,1,0
2025-01-21,274.92,280.04,283.21,285.77,288.34,291.98,296.63,302.54,310.05,0.56,0.50,0.06,Zona de Consolidação,1,0
2025-01-22,274.92,280.04,283.21,285.77,288.34,291.98,296.63,302.54,310.05,0.48,0.38,0.02,Zona de Consolidação,1,0
2025-01-23,274.92,280.04,283.21,285.77,288.34,291.98,296.63,302.54,310.05,0.46,0.38,0.04,Zona de Consolidação,1,0
2025-01-24,274.92,280.04,283.21,285.77,288.34,291.98,296.63,302.54,310.05,0.52,0.50,0.10,Zona de Consolidação,1,0
2025-01-27,274.92,280.04,283.21,285.77,288.34,291.98,296.63,302.54,310.05,0.65,0.62,0.14,Resistência,1,0
2025-01-28,274.92,280.04,283.21,285.77,288.34,291.98,296.63,302.54,310.05,0.57,0.50,0.05,Zona de Consolidação,1,0
2025-01-29,274.92,280.87,284.55,287.53,290.51,294.74,300.14,307.00,315.73,0.58,0.50,0.04,Zona de Consolidação,1,0
2025-01-30,274.92,280.87,284.55,287.53,290.51,294.74,300.14,307.00,315.73,0.68,0.62,0.11,Resistência,1,1
2025-01-31,274.92,280.87,284.55,287.53,290.51,294.74,300.14,307.00,315.73,0.67,0.62,0.12,Resistência,1,1
2025-02-03,274.92,280.87,284.55,287.53,290.51,294.74,300.14,307.00,315.73,0.83,0.79,0.17,Resistência Forte,0,1
2025-02-04,274.92,280.87,284.55,287.53,290.51,294.74,300.14,307.00,315.73,0.73,0.62,0.06,Resistência,1,1
2025-02-05,274.92,280.87,284.55,287.53,290.51,294.74,300.14,307.00,315.73,0.87,0.79,0.13,Resistência Forte,0,1
2025-02-06,274.92,280.87,284.55,287.53,290.51,294.74,300.14,307.00,315.73,0.90,0.79,0.10,Resistência Forte,0,1
2025-02-07,274.92,280.87,284.55,287.53,290.51,294.74,300.14,307.00,315.73,0.78,0.62,0.01,Resistência,0,1
2025-02-10,274.92,280.87,284.55,287.53,290.51,294.74,300.14,307.00,315.73,0.82,0.79,0.18,Resistência Forte,0,1
2025-02-11,274.92,280.87,284.55,287.53,290.51,294.74,300.14,307.00,315.73,0.77,0.62,0.02,Resistência,0,1
2025-02-12,274.92,280.87,284.55,287.53,290.51,294.74,300.14,307.00,315.73,0.81,0.79,0.19,Resistência Forte,0,1
2025-02-13,274.92,280.87,284.55,287.53,290.51,294.74,300.14,307.00,315.73,0.94,0.79,0.06,Resistência Forte,0,1
2025-02-14,274.92,280.87,284.55,287.53,290.51,294.74,300.14,307.00,315.73,0.87,0.79,0.13,Resistência Forte,0,1
2025-02-18,274.92,280.87,284.55,287.53,290.51,294.74,300.14,307.00,315.73,0.93,0.79,0.07,Resistência Forte,0,1
2025-02-19,274.92,281.34,285.31,288.52,291.72,296.29,302.11,309.51,318.91,0.98,0.79,0.02,Resistência Forte,0,1
2025-02-20,274.92,281.34,285.31,288.52,291.72,296.29,302.11,309.51,318.91,0.94,0.79,0.06,Resistência Forte,0,1
2025-02-21,274.92,281.34,285.31,288.52,291.72,296.29,302.11,309.51,318.91,0.90,0.79,0.10,Resistência Forte,0,1
2025-02-24,274.92,281.41,285.43,288.68,291.93,296.55,302.44,309.93,319.45,0.93,0.79,0.07,Resistência Forte,0,1
2025-02-25,274.92,281.56,285.67,288.98,292.30,297.03,303.05,310.70,320.43,0.95,0.79,0.05,Resistência Forte,0,1
2025-02-26,274.92,281.69,285.88,289.27,292.66,297.48,303.62,311.43,321.36,0.87,0.79,0.13,Resistência Forte,0,1
2025-02-27,274.92,281.69,285.88,289.27,292.66,297.48,303.62,311.43,321.36,0.87,0.79,0.13,Resistência Forte,0,1
2025-02-28,274.92,281.96,286.32,289.84,293.35,298.37,304.75,312.86,323.18,0.96,0.79,0.04,Resistência Forte,0,1
2025-03-03,274.92,282.88,287.80,291.78,295.76,301.42,308.64,317.81,329.48,0.95,0.79,0.05,Resistência Forte,0,1
2025-03-04,274.92,283.41,288.66,292.90,297.15,303.19,310.89,320.67,333.12,0.75,0.62,0.04,Resistência,0,1
2025-03-05,274.92,283.41,288.66,292.90,297.15,303.19,310.89,320.67,333.12,0.67,0.62,0.12,Resistência,1,0
2025-03-06,274.92,283.41,288.66,292.90,297.15,303.19,310.89,320.67,333.12,0.45,0.38,0.05,Zona de Consolidação,1,0
2025-03-07,274.92,283.41,288.66,292.90,297.15,303.19,310.89,320.67,333.12,0.56,0.50,0.06,Zona de Consolidação,1,0
2025-03-10,274.92,283.41,288.66,292.90,297.15,303.19,310.89,320.67,333.12,0.47,0.38,0.03,Zona de Consolidação,0,0
2025-03-11,274.92,283.41,288.66,292.90,297.15,303.19,310.89,320.67,333.12,0.19,0.00,0.05,Suporte Forte,0,0
2025-03-12,274.92,283.41,288.66,292.90,297.15,303.19,310.89,320.67,333.12,0.23,0.00,0.01,Suporte Forte,0,0
2025-03-13,274.92,283.41,288.66,292.90,297.15,303.19,310.89,320.67,333.12,0.14,0.00,0.10,Suporte Forte,0,0
2025-03-14,274.92,283.41,288.66,292.90,297.15,303.19,310.89,320.67,333.12,0.21,0.00,0.03,Suporte Forte,0,0
2025-03-17,274.92,283.41,288.66,292.90,297.15,303.19,310.89,320.67,333.12,0.34,0.24,0.04,Suporte,1,0
2025-03-18,274.92,283.41,288.66,292.90,297.15,303.19,310.89,320.67,333.12,0.32,0.24,0.06,Suporte,1,0
2025-03-19,274.92,283.41,288.66,292.90,297.15,303.19,310.89,320.67,333.12,0.40,0.38,0.10,Zona de Consolidação,1,0
2025-03-20,274.92,283.41,288.66,292.90,297.15,303.19,310.89,320.67,333.12,0.36,0.24,0.02,Suporte,1,0
2025-03-21,274.92,283.41,288.66,292.90,297.15,303.19,310.89,320.67,333.12,0.31,0.24,0.07,Suporte,1,0
2025-03-24,274.92,283.41,288.66,292.90,297.15,303.19,310.89,320.67,333.12,0.40,0.38,0.10,Zona de Consolidação,1,0
2025-03-25,274.92,283.41,288.66,292.90,297.15,303.19,310.89,320.67,333.12,0.41,0.38,0.09,Zona de Consolidação,1,0
2025-03-26,276.83,284.87,289.84,293.86,297.88,303.60,310.89,320.15,331.94,0.47,0.38,0.03,Zona de Consolidação,0,0
2025-03-27,278.74,286.33,291.02,294.82,298.61,304.01,310.89,319.63,330.76,0.53,0.50,0.09,Zona de Consolidação,1,0
2025-03-28,278.74,286.33,291.02,294.82,298.61,304.01,310.89,319.63,330.76,0.39,0.38,0.11,Zona de Consolidação,1,0
2025-03-31,278.74,286.33,291.02,294.82,298.61,304.01,310.89,319.63,330.76,0.53,0.50,0.09,Zona de Consolidação,1,0
2025-04-01,278.74,286.33,291.02,294.82,298.61,304.01,310.89,319.63,330.76,0.56,0.50,0.06,Zona de Consolidação,1,0
2025-04-02,278.74,286.33,291.02,294.82,298.61,304.01,310.89,319.63,330.76,0.58,0.50,0.04,Zona de Consolidação,1,0
2025-04-03,278.74,286.33,291.02,294.82,298.61,304.01,310.89,319.63,330.76,0.53,0.50,0.09,Zona de Consolidação,1,0
2025-04-04,276.79,284.84,289.82,293.84,297.86,303.59,310.89,320.17,331.96,0.01,0.00,0.23,Suporte Forte,0,0
2025-04-07,263.93,275.01,281.87,287.41,292.95,300.84,310.89,323.66,339.91,0.18,0.00,0.06,Suporte Forte,0,0
2025-04-08,263.93,275.01,281.87,287.41,292.95,300.84,310.89,323.66,339.91,0.09,0.00,0.15,Suporte Forte,0,0
2025-04-09,263.93,275.01,281.87,287.41,292.95,300.84,310.89,323.66,339.91,0.46,0.38,0.04,Zona de Consolidação,0,0
2025-04-10,263.93,275.01,281.87,287.41,292.95,300.84,310.89,323.66,339.91,0.40,0.38,0.10,Zona de Consolidação,1,0
2025-04-11,263.93,275.01,281.87,287.41,292.95,300.84,310.89,323.66,339.91,0.55,0.50,0.07,Zona de Consolidação,0,0
2025-04-14,263.93,275.01,281.87,287.41,292.95,300.84,310.89,323.66,339.91,0.60,0.50,0.02,Zona de Consolidação,1,0
2025-04-15,263.93,275.01,281.87,287.41,292.95,300.84,310.89,323.66,339.91,0.52,0.50,0.10,Zona de Consolidação,0,0
2025-04-16,263.93,275.01,281.87,287.41,292.95,300.84,310.89,323.66,339.91,0.44,0.38,0.06,Zona de Consolidação,0,0
2025-04-17,263.93,275.01,281.87,287.41,292.95,300.84,310.89,323.66,339.91,0.43,0.38,0.07,Zona de Consolidação,1,0
2025-04-21,263.93,275.01,281.87,287.41,292.95,300.84,310.89,323.66,339.91,0.25,0.24,0.13,Suporte,0,0
2025-04-22,263.93,275.01,281.87,287.41,292.95,300.84,310.89,323.66,339.91,0.42,0.38,0.08,Zona de Consolidação,1,0
2025-04-23,263.93,275.01,281.87,287.41,292.95,300.84,310.89,323.66,339.91,0.43,0.38,0.07,Zona de Consolidação,1,0
2025-04-24,263.93,275.01,281.87,287.41,292.95,300.84,310.89,323.66,339.91,0.45,0.38,0.05,Zona de Consolidação,0,0
2025-04-25,263.93,275.01,281.87,287.41,292.95,300.84,310.89,323.66,339.91,0.39,0.38,0.11,Zona de Consolidação,1,0
2025-04-28,263.93,275.01,281.87,287.41,292.95,300.84,310.89,323.66,339.91,0.43,0.38,0.07,Zona de Consolidação,1,0
2025-04-29,263.93,275.01,281.87,287.41,292.95,300.84,310.89,323.66,339.91,0.48,0.38,0.02,Zona de Consolidação,0,0
2025-04-30,263.93,275.01,281.87,287.41,292.95,300.84,310.89,323.66,339.91,0.58,0.50,0.04,Zona de Consolidação,1,0
2025-05-01,263.93,275.01,281.87,287.41,292.95,300.84,310.89,323.66,339.91,0.54,0.50,0.08,Zona de Consolidação,0,0
2025-05-02,263.93,275.01,281.87,287.41,292.95,300.84,310.89,323.66,339.91,0.64,0.62,0.15,Resistência,1,0
2025-05-05,263.93,275.01,281.87,287.41,292.95,300.84,310.89,323.66,339.91,0.65,0.62,0.14,Resistência,1,0
2025-05-06,263.93,275.01,281.87,287.41,292.95,300.84,310.89,323.66,339.91,0.63,0.62,0.16,Resistência,1,0
2025-05-07,263.93,275.01,281.87,287.41,292.95,300.84,310.89,323.66,339.91,0.67,0.62,0.12,Resistência,1,0
2025-05-08,263.93,275.01,281.87,287.41,292.95,300.84,310.89,323.66,339.91,0.71,0.62,0.08,Resistência,0,0
2025-05-09,263.93,275.01,281.87,287.41,292.95,300.84,310.89,323.66,339.91,0.72,0.62,0.07,Resistência,0,1
2025-05-12,263.93,275.01,281.87,287.41,292.95,300.84,310.89,323.66,339.91,0.76,0.62,0.03,Resistência,0,1
2025-05-13,263.93,275.01,281.87,287.41,292.95,300.84,310.89,323.66,339.91,0.73,0.62,0.06,Resistência,0,1
2025-05-14,263.93,272.98,278.58,283.10,287.63,294.07,302.28,312.71,325.98,0.93,0.79,0.07,Resistência Forte,0,1
2025-05-15,263.93,273.83,279.95,284.90,289.86,296.90,305.88,317.29,331.81,1.00,1.00,0.27,Resistência Forte,0,1
2025-05-16,263.93,274.64,281.27,286.62,291.98,299.61,309.32,321.67,337.37,1.00,1.00,0.27,Resistência Forte,0,1
2025-05-19,263.93,275.48,282.63,288.40,294.17,302.40,312.87,326.18,343.11,1.00,1.00,0.27,Resistência Forte,0,1
2025-05-20,263.93,275.48,282.63,288.40,294.17,302.40,312.87,326.18,343.11,0.99,0.79,0.01,Resistência Forte,0,1
2025-05-21,263.93,275.59,282.80,288.64,294.47,302.77,313.34,326.78,343.88,0.98,0.79,0.02,Resistência Forte,0,1
2025-05-22,263.93,275.59,282.80,288.64,294.47,302.77,313.34,326.78,343.88,0.96,0.79,0.04,Resistência Forte,0,1
2025-05-23,263.93,275.59,282.80,288.64,294.47,302.77,313.34,326.78,343.88,0.95,0.79,0.05,Resistência Forte,0,1
2025-05-27,263.93,276.13,283.67,289.77,295.87,304.55,315.61,329.67,347.55,0.99,0.79,0.01,Resistência Forte,0,1
2025-05-28,263.93,276.58,284.41,290.74,297.06,306.07,317.54,332.12,350.67,0.93,0.79,0.07,Resistência Forte,0,0
2025-05-29,263.93,276.58,284.41,290.74,297.06,306.07,317.54,332.12,350.67,0.93,0.79,0.07,Resistência Forte,0,0
2025-05-30,263.93,276.58,284.41,290.74,297.06,306.07,317.54,332.12,350.67,0.96,0.79,0.04,Resistência Forte,0,1
2025-06-02,263.93,276.58,284.41,290.74,297.06,306.07,317.54,332.12,350.67,0.96,0.79,0.04,Resistência Forte,0,1
2025-06-03,263.93,276.58,284.41,290.74,297.06,306.07,317.54,332.12,350.67,0.97,0.79,0.03,Resistência Forte,0,1
2025-06-04,263.93,276.58,284.41,290.74,297.06,306.07,317.54,332.12,350.67,0.97,0.79,0.03,Resistência Forte,0,1
2025-06-05,263.93,276.58,284.41,290.74,297.06,306.07,317.54,332.12,350.67,0.97,0.79,0.03,Resistência Forte,0,1
2025-06-06,263.93,277.02,285.12,291.67,298.22,307.54,319.41,334.50,353.70,0.95,0.79,0.05,Resistência Forte,0,1
2025-06-09,263.93,277.02,285.12,291.67,298.22,307.54,319.41,334.50,353.70,0.80,0.79,0.20,Resistência Forte,0,1
2025-06-10,263.93,277.02,285.12,291.67,298.22,307.54,319.41,334.50,353.70,0.73,0.62,0.06,Resistência,0,1
2025-06-11,263.93,277.02,285.12,291.67,298.22,307.54,319.41,334.50,353.70,0.69,0.62,0.10,Resistência,0,0
2025-06-12,263.93,277.02,285.12,291.67,298.22,307.54,319.41,334.50,353.70,0.65,0.62,0.14,Resistência,1,0
2025-06-13,263.93,277.02,285.12,291.67,298.22,307.54,319.41,334.50,353.70,0.62,0.62,0.17,Resistência,1,0
2025-06-16,263.93,277.02,285.12,291.67,298.22,307.54,319.41,334.50,353.70,0.64,0.62,0.15,Resistência,1,0
2025-06-17,263.93,277.02,285.12,291.67,298.22,307.54,319.41,334.50,353.70,0.64,0.62,0.15,Resistência,1,0
2025-06-18,264.82,277.70,285.67,292.12,298.56,307.73,319.41,334.26,353.15,0.62,0.62,0.17,Resistência,1,0
2025-06-20,265.08,277.90,285.83,292.24,298.66,307.78,319.41,334.19,352.99,0.61,0.50,0.01,Zona de Consolidação,1,0
2025-06-23,271.40,282.73,289.74,295.40,301.07,309.14,319.41,332.47,349.08,0.63,0.62,0.16,Resistência,1,0
2025-06-24,271.40,282.73,289.74,295.40,301.07,309.14,319.41,332.47,349.08,0.66,0.62,0.13,Resistência,1,0
2025-06-25,271.40,282.73,289.74,295.40,301.07,309.14,319.41,332.47,349.08,0.39,0.38,0.11,Zona de Consolidação,1,0
2025-06-26,271.40,282.73,289.74,295.40,301.07,309.14,319.41,332.47,349.08,0.49,0.38,0.01,Zona de Consolidação,0,0
2025-06-27,271.40,282.73,289.74,295.40,301.07,309.14,319.41,332.47,349.08,0.50,0.50,0.12,Zona de Consolidação,0,0
2025-06-30,271.40,282.73,289.74,295.40,301.07,309.14,319.41,332.47,349.08,0.60,0.50,0.02,Zona de Consolidação,1,0
2025-07-01,271.40,282.73,289.74,295.40,301.07,309.14,319.41,332.47,349.08,0.63,0.62,0.16,Resistência,1,0
2025-07-02,277.62,287.48,293.58,298.52,303.45,310.47,319.41,330.78,345.24,0.46,0.38,0.04,Zona de Consolidação,0,0
2025-07-03,279.15,288.65,294.53,299.28,304.03,310.79,319.41,330.36,344.29,0.54,0.50,0.08,Zona de Consolidação,0,0
2025-07-07,279.15,288.65,294.53,299.28,304.03,310.79,319.41,330.36,344.29,0.52,0.50,0.10,Zona de Consolidação,0,0
2025-07-08,279.15,288.65,294.53,299.28,304.03,310.79,319.41,330.36,344.29,0.48,0.38,0.02,Zona de Consolidação,0,0
2025-07-09,279.15,288.65,294.53,299.28,304.03,310.79,319.41,330.36,344.29,0.52,0.50,0.10,Zona de Consolidação,0,0
2025-07-10,279.15,288.65,294.53,299.28,304.03,310.79,319.41,330.36,344.29,0.46,0.38,0.04,Zona de Consolidação,0,0
2025-07-11,279.15,288.65,294.53,299.28,304.03,310.79,319.41,330.36,344.29,0.38,0.24,0.00,Suporte,1,0
2025-07-14,284.37,292.64,297.76,301.89,306.02,311.91,319.41,328.94,341.06,0.31,0.24,0.07,Suporte,1,0
2025-07-15,288.73,295.97,300.45,304.07,307.69,312.84,319.41,327.75,338.37,0.05,0.00,0.19,Suporte Forte,0,0
2025-07-16,288.44,295.75,300.27,303.92,307.58,312.78,319.41,327.83,338.55,0.12,0.00,0.12,Suporte Forte,0,0
2025-07-17,288.44,295.75,300.27,303.92,307.58,312.78,319.41,327.83,338.55,0.18,0.00,0.06,Suporte Forte,0,0
2025-07-18,288.44,295.75,300.27,303.92,307.58,312.78,319.41,327.83,338.55,0.17,0.00,0.07,Suporte Forte,0,0
2025-07-21,288.44,295.75,300.27,303.92,307.58,312.78,319.41,327.83,338.55,0.14,0.00,0.10,Suporte Forte,0,0
2025-07-22,288.44,295.75,300.27,303.92,307.58,312.78,319.41,327.83,338.55,0.21,0.00,0.03,Suporte Forte,0,0
2025-07-23,288.44,295.75,300.27,303.92,307.58,312.78,319.41,327.83,338.55,0.24,0.24,0.14,Suporte,0,0
2025-07-24,288.44,295.75,300.27,303.92,307.58,312.78,319.41,327.83,338.55,0.31,0.24,0.07,Suporte,1,0
2025-07-25,288.44,295.75,300.27,303.92,307.58,312.78,319.41,327.83,338.55,0.38,0.24,0.00,Suporte,1,0
2025-07-28,288.44,295.75,300.27,303.92,307.58,312.78,319.41,327.83,338.55,0.33,0.24,0.05,Suporte,1,0
2025-07-29,288.44,295.75,300.27,303.92,307.58,312.78,319.41,327.83,338.55,0.38,0.24,0.00,Suporte,1,0
2025-07-30,288.44,295.75,300.27,303.92,307.58,312.78,319.41,327.83,338.55,0.45,0.38,0.05,Zona de Consolidação,1,0
2025-07-31,288.44,295.75,300.27,303.92,307.58,312.78,319.41,327.83,338.55,0.41,0.38,0.09,Zona de Consolidação,1,0
2025-08-01,288.44,295.75,300.27,303.92,307.58,312.78,319.41,327.83,338.55,0.13,0.00,0.11,Suporte Forte,0,0
2025-08-04,288.44,295.75,300.27,303.92,307.58,312.78,319.41,327.83,338.55,0.18,0.00,0.06,Suporte Forte,0,0
2025-08-05,288.44,295.75,300.27,303.92,307.58,312.78,319.41,327.83,338.55,0.09,0.00,0.15,Suporte Forte,0,0
2025-08-06,288.44,295.75,300.27,303.92,307.58,312.78,319.41,327.83,338.55,0.16,0.00,0.08,Suporte Forte,0,0
2025-08-07,288.44,295.75,300.27,303.92,307.58,312.78,319.41,327.83,338.55,0.22,0.00,0.02,Suporte Forte,0,0
2025-08-08,288.44,295.75,300.27,303.92,307.58,312.78,319.41,327.83,338.55,0.29,0.24,0.09,Suporte,1,0
2025-08-11,288.44,295.75,300.27,303.92,307.58,312.78,319.41,327.83,338.55,0.23,0.00,0.01,Suporte Forte,0,0
2025-08-12,288.44,295.75,300.27,303.92,307.58,312.78,319.41,327.83,338.55,0.10,0.00,0.14,Suporte Forte,0,0
2025-08-13,288.44,295.75,300.27,303.92,307.58,312.78,319.41,327.83,338.55,0.27,0.24,0.11,Suporte,0,0
2025-08-14,288.44,295.75,300.27,303.92,307.58,312.78,319.41,327.83,338.55,0.16,0.00,0.08,Suporte Forte,0,0
2025-08-15,288.44,295.75,300.27,303.92,307.58,312.78,319.41,327.83,338.55,0.17,0.00,0.07,Suporte Forte,0,0
2025-08-18,288.44,295.75,300.27,303.92,307.58,312.78,319.41,327.83,338.55,0.19,0.00,0.05,Suporte Forte,0,0
2025-08-19,288.44,294.81,298.76,301.94,305.13,309.67,315.45,322.80,332.14,0.33,0.24,0.05,Suporte,1,0
2025-08-20,288.44,293.42,296.50,298.98,301.47,305.02,309.53,315.27,322.56,0.58,0.50,0.04,Zona de Consolidação,1,0
2025-08-21,288.44,292.92,295.70,297.94,300.18,303.37,307.44,312.61,319.18,0.43,0.38,0.07,Zona de Consolidação,1,0
2025-08-22,288.44,292.92,295.70,297.94,300.18,303.37,307.44,312.61,319.18,0.59,0.50,0.03,Zona de Consolidação,1,0
2025-08-25,288.44,292.92,295.70,297.94,300.18,303.37,307.44,312.61,319.18,0.38,0.24,0.00,Suporte,1,0
2025-08-26,288.44,292.92,295.70,297.94,300.18,303.37,307.44,312.61,319.18,0.36,0.24,0.02,Suporte,1,0
2025-08-27,288.44,292.92,295.70,297.94,300.18,303.37,307.44,312.61,319.18,0.34,0.24,0.04,Suporte,1,0
2025-08-28,288.44,292.92,295.70,297.94,300.18,303.37,307.44,312.61,319.18,0.39,0.38,0.11,Zona de Consolidação,1,0
2025-08-29,288.44,292.92,295.70,297.94,300.18,303.37,307.44,312.61,319.18,0.39,0.38,0.11,Zona de Consolidação,1,0
2025-09-02,288.44,292.92,295.70,297.94,300.18,303.37,307.44,312.61,319.18,0.17,0.00,0.07,Suporte Forte,0,0
2025-09-03,286.62,291.53,294.57,297.03,299.49,302.98,307.44,313.10,320.31,0.20,0.00,0.04,Suporte Forte,0,0
2025-09-04,286.62,291.53,294.57,297.03,299.49,302.98,307.44,313.10,320.31,0.31,0.24,0.07,Suporte,1,0
2025-09-05,286.00,291.06,294.19,296.72,299.25,302.85,307.44,313.27,320.69,0.09,0.00,0.15,Suporte Forte,0,0
2025-09-08,285.57,290.73,293.92,296.50,299.09,302.76,307.44,313.39,320.96,0.22,0.00,0.02,Suporte Forte,0,0
2025-09-09,285.57,290.73,293.92,296.50,299.09,302.76,307.44,313.39,320.96,0.17,0.00,0.07,Suporte Forte,0,0
2025-09-10,282.53,288.41,292.05,294.98,297.92,302.11,307.44,314.22,322.83,0.08,0.00,0.16,Suporte Forte,0,0
2025-09-11,282.53,288.41,292.05,294.98,297.92,302.11,307.44,314.22,322.83,0.30,0.24,0.08,Suporte,1,0
2025-09-12,282.53,288.41,292.05,294.98,297.92,302.11,307.44,314.22,322.83,0.18,0.00,0.06,Suporte Forte,0,0
2025-09-15,282.53,288.41,292.05,294.98,297.92,302.11,307.44,314.22,322.83,0.08,0.00,0.16,Suporte Forte,0,0
2025-09-16,276.06,283.47,288.05,291.75,295.45,300.72,307.44,315.98,326.83,0.20,0.00,0.04,Suporte Forte,0,0
2025-09-17,276.06,283.47,288.05,291.75,295.45,300.72,307.44,315.98,326.83,0.20,0.00,0.04,Suporte Forte,0,0
2025-09-18,276.06,283.47,288.05,291.75,295.45,300.72,307.44,315.98,326.83,0.27,0.24,0.11,Suporte,0,0
2025-09-19,276.06,283.47,288.05,291.75,295.45,300.72,307.44,315.98,326.83,0.30,0.24,0.08,Suporte,1,0
2025-09-22,276.06,283.47,288.05,291.75,295.45,300.72,307.44,315.98,326.83,0.36,0.24,0.02,Suporte,1,0
2025-09-23,276.06,283.47,288.05,291.75,295.45,300.72,307.44,315.98,326.83,0.22,0.00,0.02,Suporte Forte,0,0
2025-09-24,276.06,283.47,288.05,291.75,295.45,300.72,307.44,315.98,326.83,0.29,0.24,0.09,Suporte,0,0
2025-09-25,276.06,283.47,288.05,291.75,295.45,300.72,307.44,315.98,326.83,0.21,0.00,0.03,Suporte Forte,0,0
2025-09-26,276.06,283.47,288.05,291.75,295.45,300.72,307.44,315.98,326.83,0.29,0.24,0.09,Suporte,0,0
2025-09-29,276.06,283.47,288.05,291.75,295.45,300.72,307.44,315.98,326.83,0.32,0.24,0.06,Suporte,1,0
2025-09-30,276.06,283.47,288.05,291.75,295.45,300.72,307.44,315.98,326.83,0.35,0.24,0.03,Suporte,1,0
2025-10-01,276.06,283.47,288.05,291.75,295.45,300.72,307.44,315.98,326.83,0.29,0.24,0.09,Suporte,1,0
2025-10-02,276.06,283.47,288.05,291.75,295.45,300.72,307.44,315.98,326.83,0.24,0.24,0.14,Suporte,0,0
2025-10-03,276.06,283.47,288.05,291.75,295.45,300.72,307.44,315.98,326.83,0.28,0.24,0.10,Suporte,0,0
2025-10-06,276.06,283.47,288.05,291.75,295.45,300.72,307.44,315.98,326.83,0.26,0.24,0.12,Suporte,0,0
2025-10-07,276.06,283.47,288.05,291.75,295.45,300.72,307.44,315.98,326.83,0.33,0.24,0.05,Suporte,1,0
2025-10-08,276.06,283.47,288.05,291.75,295.45,300.72,307.44,315.98,326.83,0.26,0.24,0.12,Suporte,0,0
2025-10-09,276.06,283.30,287.78,291.40,295.02,300.17,306.74,315.08,325.70,0.12,0.00,0.12,Suporte Forte,0,0
2025-10-10,276.06,282.11,285.85,288.88,291.91,296.21,301.70,308.67,317.55,0.11,0.00,0.13,Suporte Forte,0,0
2025-10-13,276.06,282.11,285.85,288.88,291.91,296.21,301.70,308.67,317.55,0.08,0.00,0.16,Suporte Forte,0,0
2025-10-14,276.06,282.11,285.85,288.88,291.91,296.21,301.70,308.67,317.55,0.14,0.00,0.10,Suporte Forte,0,0
2025-10-15,276.06,282.11,285.85,288.88,291.91,296.21,301.70,308.67,317.55,0.07,0.00,0.17,Suporte Forte,0,0
2025-10-16,273.28,279.99,284.14,287.49,290.84,295.62,301.70,309.43,319.26,0.03,0.00,0.21,Suporte Forte,0,0
2025-10-17,273.28,279.99,284.14,287.49,290.84,295.62,301.70,309.43,319.26,0.06,0.00,0.18,Suporte Forte,0,0
2025-10-20,273.28,279.99,284.14,287.49,290.84,295.62,301.70,309.43,319.26,0.12,0.00,0.12,Suporte Forte,0,0
2025-10-21,273.28,279.99,284.14,287.49,290.84,295.62,301.70,309.43,319.26,0.16,0.00,0.08,Suporte Forte,0,0
2025-10-22,273.28,279.99,284.14,287.49,290.84,295.62,301.70,309.43,319.26,0.16,0.00,0.08,Suporte Forte,0,0
2025-10-23,273.28,279.99,284.14,287.49,290.84,295.62,301.70,309.43,319.26,0.07,0.00,0.17,Suporte Forte,0,0
2025-10-24,273.28,279.99,284.14,287.49,290.84,295.62,301.70,309.43,319.26,0.05,0.00,0.19,Suporte Forte,0,0
2025-10-27,273.28,279.99,284.14,287.49,290.84,295.62,301.70,309.43,319.26,0.04,0.00,0.20,Suporte Forte,0,0
2025-10-28,273.17,279.90,284.07,287.44,290.80,295.59,301.70,309.46,319.33,0.01,0.00,0.23,Suporte Forte,0,0
2025-10-29,254.52,265.65,272.54,278.11,283.68,291.60,301.70,314.53,330.86,0.02,0.00,0.22,Suporte Forte,0,0
2025-10-30,254.50,265.39,272.13,277.57,283.01,290.77,300.64,313.19,329.15,0.03,0.00,0.21,Suporte Forte,0,0
2025-10-31,252.51,263.85,270.86,276.53,282.20,290.27,300.55,313.62,330.24,0.04,0.00,0.20,Suporte Forte,0,0
2025-11-03,249.55,261.33,268.62,274.52,280.41,288.79,299.48,313.06,330.34,0.04,0.00,0.20,Suporte Forte,0,0
2025-11-04,249.55,260.76,267.70,273.30,278.91,286.88,297.05,309.97,326.41,0.08,0.00,0.16,Suporte Forte,0,0
2025-11-05,249.55,260.76,267.70,273.30,278.91,286.88,297.05,309.97,326.41,0.09,0.00,0.15,Suporte Forte,0,0
2025-11-06,244.19,256.66,264.38,270.62,276.86,285.74,297.05,311.43,329.72,0.05,0.00,0.19,Suporte Forte,0,0
2025-11-07,244.19,256.66,264.38,270.62,276.86,285.74,297.05,311.43,329.72,0.08,0.00,0.16,Suporte Forte,0,0
2025-11-10,244.19,256.06,263.41,269.35,275.28,283.73,294.50,308.18,325.59,0.09,0.00,0.15,Suporte Forte,0,0
2025-11-11,244.19,256.06,263.41,269.35,275.28,283.73,294.50,308.18,325.59,0.11,0.00,0.13,Suporte Forte,0,0
2025-11-12,244.19,256.06,263.41,269.35,275.28,283.73,294.50,308.18,325.59,0.09,0.00,0.15,Suporte Forte,0,0
2025-11-13,244.19,256.06,263.41,269.35,275.28,283.73,294.50,308.18,325.59,0.10,0.00,0.14,Suporte Forte,0,0
2025-11-14,244.19,255.27,262.12,267.66,273.20,281.08,291.13,303.90,320.14,0.07,0.00,0.17,Suporte Forte,0,0
2025-11-17,244.19,255.27,262.12,267.66,273.20,281.08,291.13,303.90,320.14,0.03,0.00,0.21,Suporte Forte,0,0
2025-11-18,241.78,253.43,260.63,266.46,272.28,280.57,291.13,304.55,321.63,0.05,0.00,0.19,Suporte Forte,0,0
2025-11-19,241.75,253.40,260.61,266.44,272.27,280.56,291.13,304.56,321.65,0.06,0.00,0.18,Suporte Forte,0,0
2025-11-20,241.75,253.21,260.31,266.04,271.77,279.93,290.33,303.54,320.35,0.04,0.00,0.20,Suporte Forte,0,0
2025-11-21,241.75,252.77,259.59,265.10,270.61,278.46,288.45,301.15,317.31,0.12,0.00,0.12,Suporte Forte,0,0
2025-11-24,241.75,252.66,259.41,264.87,270.33,278.09,287.99,300.57,316.57,0.06,0.00,0.18,Suporte Forte,0,0
2025-11-25,241.75,252.66,259.41,264.87,270.33,278.09,287.99,300.57,316.57,0.19,0.00,0.05,Suporte Forte,0,0
2025-11-26,241.75,252.66,259.41,264.87,270.33,278.09,287.99,300.57,316.57,0.15,0.00,0.09,Suporte Forte,0,0
2025-11-28,241.75,252.66,259.41,264.87,270.33,278.09,287.99,300.57,316.57,0.17,0.00,0.07,Suporte Forte,0,0
2025-12-01,241.75,252.66,259.41,264.87,270.33,278.09,287.99,300.57,316.57,0.18,0.00,0.06,Suporte Forte,0,0
2025-12-02,241.75,252.64,259.37,264.82,270.26,278.01,287.88,300.43,316.39,0.21,0.00,0.03,Suporte Forte,0,0
2025-12-03,241.75,252.64,259.37,264.82,270.26,278.01,287.88,300.43,316.39,0.28,0.24,0.10,Suporte,0,0
2025-12-04,241.75,252.64,259.37,264.82,270.26,278.01,287.88,300.43,316.39,0.26,0.24,0.12,Suporte,0,0
2025-12-05,241.75,252.64,259.37,264.82,270.26,278.01,287.88,300.43,316.39,0.31,0.24,0.07,Suporte,0,0
2025-12-08,241.75,252.64,259.37,264.82,270.26,278.01,287.88,300.43,316.39,0.24,0.24,0.14,Suporte,0,0
2025-12-09,241.75,252.54,259.21,264.60,269.99,277.67,287.45,299.88,315.69,0.24,0.24,0.14,Suporte,0,0
2025-12-10,241.75,252.47,259.10,264.47,269.83,277.46,287.18,299.54,315.26,0.26,0.24,0.12,Suporte,0,0
2025-12-11,241.75,252.44,259.06,264.40,269.75,277.36,287.06,299.38,315.06,0.38,0.24,0.00,Suporte,1,0
2025-12-12,241.75,252.44,259.06,264.40,269.75,277.36,287.06,299.38,315.06,0.45,0.38,0.05,Zona de Consolidação,0,0
2025-12-15,241.75,252.44,259.06,264.40,269.75,277.36,287.06,299.38,315.06,0.42,0.38,0.08,Zona de Consolidação,1,0
2025-12-16,241.75,252.44,259.06,264.40,269.75,277.36,287.06,299.38,315.06,0.36,0.24,0.02,Suporte,1,0
2025-12-17,241.75,252.28,258.79,264.06,269.32,276.81,286.36,298.49,313.93,0.44,0.38,0.06,Zona de Consolidação,1,0
2025-12-18,241.75,251.94,258.24,263.34,268.44,275.69,284.93,296.67,311.62,0.35,0.24,0.03,Suporte,1,0
2025-12-19,241.75,251.12,256.92,261.61,266.30,272.97,281.47,292.27,306.02,0.31,0.24,0.07,Suporte,0,0
2025-12-22,241.75,251.10,256.88,261.56,266.24,272.89,281.37,292.15,305.86,0.35,0.24,0.03,Suporte,1,0
2025-12-23,241.75,251.10,256.88,261.56,266.24,272.89,281.37,292.15,305.86,0.28,0.24,0.10,Suporte,0,0
2025-12-24,241.75,251.10,256.88,261.56,266.24,272.89,281.37,292.15,305.86,0.31,0.24,0.07,Suporte,0,0
2025-12-26,241.75,251.03,256.77,261.41,266.06,272.66,281.08,291.78,305.39,0.33,0.24,0.05,Suporte,1,0
2025-12-29,241.75,251.03,256.77,261.41,266.06,272.66,281.08,291.78,305.39,0.35,0.24,0.03,Suporte,1,0
2025-12-30,241.75,251.03,256.77,261.41,266.06,272.66,281.08,291.78,305.39,0.35,0.24,0.03,Suporte,1,0
2025-12-31,241.75,251.03,256.77,261.41,266.06,272.66,281.08,291.78,305.39,0.29,0.24,0.09,Suporte,0,0
2026-01-02,241.75,251.03,256.77,261.41,266.06,272.66,281.08,291.78,305.39,0.18,0.00,0.06,Suporte Forte,0,0
2026-01-05,241.75,250.30,255.59,259.86,264.14,270.23,277.98,287.83,300.37,0.32,0.24,0.06,Suporte,1,0
2026-01-06,241.75,250.00,255.10,259.23,263.36,269.23,276.71,286.22,298.32,0.44,0.38,0.06,Zona de Consolidação,1,0
2026-01-07,241.75,250.00,255.10,259.23,263.36,269.23,276.71,286.22,298.32,0.44,0.38,0.06,Zona de Consolidação,1,0
2026-01-08,241.75,250.00,255.10,259.23,263.36,269.23,276.71,286.22,298.32,0.57,0.50,0.05,Zona de Consolidação,1,0
2026-01-09,241.75,247.66,251.32,254.28,257.24,261.45,266.81,273.63,282.30,0.80,0.79,0.20,Resistência Forte,0,1
2026-01-12,241.75,246.97,250.20,252.82,255.43,259.14,263.88,269.90,277.56,0.77,0.62,0.02,Resistência,0,1
2026-01-13,241.75,246.97,250.20,252.82,255.43,259.14,263.88,269.90,277.56,0.51,0.50,0.11,Zona de Consolidação,1,0
2026-01-14,241.75,246.97,250.20,252.82,255.43,259.14,263.88,269.90,277.56,0.57,0.50,0.05,Zona de Consolidação,1,0
2026-01-15,241.75,246.97,250.20,252.82,255.43,259.14,263.88,269.90,277.56,0.65,0.62,0.14,Resistência,1,0
2026-01-16,241.75,246.97,250.20,252.82,255.43,259.14,263.88,269.90,277.56,0.66,0.62,0.13,Resistência,1,0
2026-01-20,241.75,246.97,250.20,252.82,255.43,259.14,263.88,269.90,277.56,0.42,0.38,0.08,Zona de Consolidação,1,0
2026-01-21,241.75,246.97,250.20,252.82,255.43,259.14,263.88,269.90,277.56,0.51,0.50,0.11,Zona de Consolidação,1,0
2026-01-22,241.75,246.97,250.20,252.82,255.43,259.14,263.88,269.90,277.56,0.63,0.62,0.16,Resistência,1,0
2026-01-23,241.75,246.97,250.20,252.82,255.43,259.14,263.88,269.90,277.56,0.55,0.50,0.07,Zona de Consolidação,1,0
2026-01-26,241.75,246.97,250.20,252.82,255.43,259.14,263.88,269.90,277.56,0.56,0.50,0.06,Zona de Consolidação,1,0
2026-01-27,241.75,246.97,250.20,252.82,255.43,259.14,263.88,269.90,277.56,0.40,0.38,0.10,Zona de Consolidação,1,0
2026-01-28,241.75,246.97,250.20,252.82,255.43,259.14,263.88,269.90,277.56,0.23,0.00,0.01,Suporte Forte,0,0
2026-01-29,240.61,246.10,249.50,252.24,254.99,258.90,263.88,270.21,278.26,0.06,0.00,0.18,Suporte Forte,0,0
2026-01-30,239.86,245.53,249.04,251.87,254.70,258.74,263.88,270.41,278.72,0.13,0.00,0.11,Suporte Forte,0,0
2026-02-02,239.86,245.53,249.04,251.87,254.70,258.74,263.88,270.41,278.72,0.16,0.00,0.08,Suporte Forte,0,0
2026-02-03,231.13,238.86,243.64,247.50,251.37,256.87,263.88,272.79,284.12,0.01,0.00,0.23,Suporte Forte,0,0
2026-02-04,227.17,235.83,241.19,245.52,249.86,256.02,263.88,273.87,286.57,0.10,0.00,0.14,Suporte Forte,0,0
2026-02-05,227.17,235.83,241.19,245.52,249.86,256.02,263.88,273.87,286.57,0.09,0.00,0.15,Suporte Forte,0,0
2026-02-06,226.67,235.45,240.88,245.27,249.67,255.92,263.88,274.00,286.88,0.03,0.00,0.21,Suporte Forte,0,0
2026-02-09,221.41,231.43,237.63,242.64,247.66,254.79,263.88,275.43,290.13,0.04,0.00,0.20,Suporte Forte,0,0
2026-02-10,219.94,230.31,236.73,241.91,247.09,254.48,263.88,275.83,291.03,0.05,0.00,0.19,Suporte Forte,0,0
2026-02-11,213.26,225.21,232.60,238.57,244.54,253.05,263.88,277.65,295.16,0.02,0.00,0.22,Suporte Forte,0,0
2026-02-12,205.35,219.16,227.71,234.62,241.52,251.35,263.88,279.80,300.05,0.02,0.00,0.22,Suporte Forte,0,0
2026-02-13,205.35,219.16,227.71,234.62,241.52,251.35,263.88,279.80,300.05,0.06,0.00,0.18,Suporte Forte,0,0
2026-02-17,205.35,219.16,227.71,234.62,241.52,251.35,263.88,279.80,300.05,0.08,0.00,0.16,Suporte Forte,0,0
2026-02-18,205.35,219.16,227.71,234.62,241.52,251.35,263.88,279.80,300.05,0.14,0.00,0.10,Suporte Forte,0,0
2026-02-19,205.35,219.16,227.71,234.62,241.52,251.35,263.88,279.80,300.05,0.12,0.00,0.12,Suporte Forte,0,0
2026-02-20,205.35,219.16,227.71,234.62,241.52,251.35,263.88,279.80,300.05,0.10,0.00,0.14,Suporte Forte,0,0
2026-02-23,202.11,216.69,225.71,233.00,240.28,250.66,263.88,280.68,302.05,0.01,0.00,0.23,Suporte Forte,0,0
2026-02-24,200.08,215.14,224.45,231.98,239.51,250.23,263.88,281.23,303.31,0.04,0.00,0.20,Suporte Forte,0,0
2026-02-25,200.08,215.14,224.45,231.98,239.51,250.23,263.88,281.23,303.31,0.17,0.00,0.07,Suporte Forte,0,0
2026-02-26,200.08,215.14,224.45,231.98,239.51,250.23,263.88,281.23,303.31,0.23,0.00,0.01,Suporte Forte,0,0
2026-02-27,200.08,215.14,224.45,231.98,239.51,250.23,263.88,281.23,303.31,0.17,0.00,0.07,Suporte Forte,0,0
2026-03-02,200.08,215.14,224.45,231.98,239.51,250.23,263.88,281.23,303.31,0.18,0.00,0.06,Suporte Forte,0,0
2026-03-03,200.08,215.14,224.45,231.98,239.51,250.23,263.88,281.23,303.31,0.20,0.00,0.04,Suporte Forte,0,0
2026-03-04,200.08,215.14,224.45,231.98,239.51,250.23,263.88,281.23,303.31,0.21,0.00,0.03,Suporte Forte,0,0
2026-03-05,200.08,215.14,224.45,231.98,239.51,250.23,263.88,281.23,303.31,0.30,0.24,0.08,Suporte,0,0
2026-03-06,200.08,215.14,224.45,231.98,239.51,250.23,263.88,281.23,303.31,0.35,0.24,0.03,Suporte,1,0
2026-03-09,200.08,215.14,224.45,231.98,239.51,250.23,263.88,281.23,303.31,0.31,0.24,0.07,Suporte,0,0
2026-03-10,200.08,215.14,224.45,231.98,239.51,250.23,263.88,281.23,303.31,0.22,0.00,0.02,Suporte Forte,0,0
2026-03-11,200.08,215.14,224.45,231.98,239.51,250.23,263.88,281.23,303.31,0.15,0.00,0.09,Suporte Forte,0,0
2026-03-12,200.08,215.14,224.45,231.98,239.51,250.23,263.88,281.23,303.31,0.06,0.00,0.18,Suporte Forte,0,0
2026-03-13,200.08,215.14,224.45,231.98,239.51,250.23,263.88,281.23,303.31,0.11,0.00,0.13,Suporte Forte,0,0
2026-03-16,200.08,215.14,224.45,231.98,239.51,250.23,263.88,281.23,303.31,0.12,0.00,0.12,Suporte Forte,0,0
2026-03-17,200.08,215.14,224.45,231.98,239.51,250.23,263.88,281.23,303.31,0.13,0.00,0.11,Suporte Forte,0,0
2026-03-18,200.08,215.14,224.45,231.98,239.51,250.23,263.88,281.23,303.31,0.10,0.00,0.14,Suporte Forte,0,0
2026-03-19,200.08,215.14,224.45,231.98,239.51,250.23,263.88,281.23,303.31,0.14,0.00,0.10,Suporte Forte,0,0
2026-03-20,200.08,215.14,224.45,231.98,239.51,250.23,263.88,281.23,303.31,0.11,0.00,0.13,Suporte Forte,0,0
2026-03-23,200.08,215.14,224.45,231.98,239.51,250.23,263.88,281.23,303.31,0.13,0.00,0.11,Suporte Forte,0,0
2026-03-24,200.08,214.66,223.68,230.97,238.26,248.64,261.86,278.66,300.04,0.05,0.00,0.19,Suporte Forte,0,0
2026-03-25,197.09,211.81,220.91,228.27,235.63,246.10,259.45,276.41,297.99,0.06,0.00,0.18,Suporte Forte,0,0
2026-03-26,197.09,211.81,220.91,228.27,235.63,246.10,259.45,276.41,297.99,0.09,0.00,0.15,Suporte Forte,0,0
2026-03-27,197.09,211.81,220.91,228.27,235.63,246.10,259.45,276.41,297.99,0.04,0.00,0.20,Suporte Forte,0,0
2026-03-30,197.09,211.23,219.98,227.04,234.11,244.18,257.00,273.30,294.02,0.11,0.00,0.13,Suporte Forte,0,0
2026-03-31,197.09,211.13,219.81,226.83,233.85,243.84,256.57,272.75,293.33,0.08,0.00,0.16,Suporte Forte,0,0
2026-04-01,195.60,209.99,218.89,226.08,233.28,243.52,256.57,273.15,294.25,0.07,0.00,0.17,Suporte Forte,0,0
2026-04-02,195.60,209.99,218.89,226.08,233.28,243.52,256.57,273.15,294.25,0.11,0.00,0.13,Suporte Forte,0,0
2026-04-06,195.60,209.99,218.89,226.08,233.28,243.52,256.57,273.15,294.25,0.12,0.00,0.12,Suporte Forte,0,0
2026-04-07,195.60,209.89,218.73,225.88,233.03,243.20,256.16,272.63,293.59,0.11,0.00,0.13,Suporte Forte,0,0
2026-04-08,195.60,209.25,217.69,224.52,231.34,241.05,253.43,269.16,289.17,0.06,0.00,0.18,Suporte Forte,0,0
2026-04-09,193.08,206.92,215.48,222.40,229.32,239.17,251.72,267.67,287.96,0.02,0.00,0.22,Suporte Forte,0,0
2026-04-10,186.74,201.31,210.32,217.61,224.90,235.27,248.48,265.27,286.64,0.01,0.00,0.23,Suporte Forte,0,0
2026-04-13,186.74,200.74,209.41,216.41,223.41,233.38,246.08,262.22,282.75,0.12,0.00,0.12,Suporte Forte,0,0
2026-04-14,186.74,200.74,209.41,216.41,223.41,233.38,246.08,262.22,282.75,0.12,0.00,0.12,Suporte Forte,0,0
2026-04-15,186.74,199.42,207.26,213.60,219.94,228.96,240.46,255.07,273.66,0.16,0.00,0.08,Suporte Forte,0,0
2026-04-16,186.74,198.16,205.23,210.94,216.65,224.78,235.14,248.30,265.05,0.25,0.24,0.13,Suporte,0,0
2026-04-17,186.74,198.16,205.23,210.94,216.65,224.78,235.14,248.30,265.05,0.25,0.24,0.13,Suporte,0,0
2026-04-20,186.74,197.42,204.03,209.37,214.71,222.31,232.00,244.31,259.97,0.31,0.24,0.07,Suporte,0,0
2026-04-21,186.74,196.42,202.40,207.24,212.08,218.97,227.74,238.89,253.08,0.36,0.24,0.02,Suporte,1,0
2026-04-22,186.74,195.43,200.81,205.15,209.49,215.68,223.56,233.58,246.31,0.36,0.24,0.02,Suporte,1,0
2026-04-23,186.74,195.29,200.57,204.84,209.12,215.20,222.95,232.80,245.33,0.28,0.24,0.10,Suporte,0,0
2026-04-24,186.74,195.29,200.57,204.84,209.12,215.20,222.95,232.80,245.33,0.23,0.00,0.01,Suporte Forte,0,0
2026-04-27,186.74,195.29,200.57,204.84,209.12,215.20,222.95,232.80,245.33,0.25,0.24,0.13,Suporte,0,0
2026-04-28,186.74,195.29,200.57,204.84,209.12,215.20,222.95,232.80,245.33,0.30,0.24,0.08,Suporte,0,0
2026-04-29,186.74,195.29,200.57,204.84,209.12,215.20,222.95,232.80,245.33,0.74,0.62,0.05,Resistência,0,1
2026-04-30,186.74,195.29,200.57,204.84,209.12,215.20,222.95,232.80,245.33,0.65,0.62,0.14,Resistência,1,0
2026-05-01,186.74,195.29,200.57,204.84,209.12,215.20,222.95,232.80,245.33,0.71,0.62,0.08,Resistência,0,0
2026-05-04,186.74,195.29,200.57,204.84,209.12,215.20,222.95,232.80,245.33,0.63,0.62,0.16,Resistência,1,0
2026-05-05,186.74,195.29,200.57,204.84,209.12,215.20,222.95,232.80,245.33,0.62,0.62,0.17,Resistência,1,0
2026-05-06,186.74,195.29,200.57,204.84,209.12,215.20,222.95,232.80,245.33,0.52,0.50,0.10,Zona de Consolidação,0,0
2026-05-07,186.74,195.29,200.57,204.84,209.12,215.20,222.95,232.80,245.33,0.71,0.62,0.08,Resistência,0,0
2026-05-08,186.74,195.29,200.57,204.84,209.12,215.20,222.95,232.80,245.33,0.68,0.62,0.11,Resistência,0,0
2026-05-11,186.74,195.29,200.57,204.84,209.12,215.20,222.95,232.80,245.33,0.64,0.62,0.15,Resistência,1,0
2026-05-12,186.74,195.29,200.57,204.84,209.12,215.20,222.95,232.80,245.33,0.70,0.62,0.09,Resistência,0,0
2026-05-13,186.74,195.29,200.57,204.84,209.12,215.20,222.95,232.80,245.33,0.56,0.50,0.06,Zona de Consolidação,1,0
2026-05-14,186.74,195.29,200.57,204.84,209.12,215.20,222.95,232.80,245.33,0.55,0.50,0.07,Zona de Consolidação,0,0
2026-05-15,186.74,195.29,200.57,204.84,209.12,215.20,222.95,232.80,245.33,0.72,0.62,0.07,Resistência,0,0
2026-05-18,186.74,195.05,200.19,204.35,208.51,214.42,221.96,231.54,243.73,0.98,0.79,0.02,Resistência Forte,0,1
2026-05-19,186.74,195.94,201.63,206.23,210.83,217.38,225.72,236.32,249.81,0.82,0.79,0.18,Resistência Forte,0,1
2026-05-20,186.74,195.94,201.63,206.23,210.83,217.38,225.72,236.32,249.81,0.83,0.79,0.17,Resistência Forte,0,1
2026-05-21,186.74,195.94,201.63,206.23,210.83,217.38,225.72,236.32,249.81,0.81,0.79,0.19,Resistência Forte,0,1
2026-05-22,186.74,195.94,201.63,206.23,210.83,217.38,225.72,236.32,249.81,0.95,0.79,0.05,Resistência Forte,0,1
2026-05-26,186.74,195.94,201.63,206.23,210.83,217.38,225.72,236.32,249.81,0.77,0.62,0.02,Resistência,0,1
2026-05-27,186.74,195.94,201.63,206.23,210.83,217.38,225.72,236.32,249.81,0.75,0.62,0.04,Resistência,0,1
2026-05-28,186.74,195.94,201.63,206.23,210.83,217.38,225.72,236.32,249.81,0.81,0.79,0.19,Resistência Forte,0,1
2026-05-29,186.74,195.94,201.63,206.23,210.83,217.38,225.72,236.32,249.81,0.86,0.79,0.14,Resistência Forte,0,0
2026-06-01,186.74,197.65,204.40,209.85,215.30,223.07,232.96,245.53,261.52,0.98,0.79,0.02,Resistência Forte,0,1
2026-06-02,186.74,197.65,204.40,209.85,215.30,223.07,232.96,245.53,261.52,0.92,0.79,0.08,Resistência Forte,0,0
2026-06-03,186.74,197.65,204.40,209.85,215.30,223.07,232.96,245.53,261.52,0.85,0.79,0.15,Resistência Forte,0,0
2026-06-04,186.74,198.20,205.30,211.03,216.76,224.92,235.32,248.53,265.34,0.88,0.79,0.12,Resistência Forte,0,0
2026-06-05,186.74,198.20,205.30,211.03,216.76,224.92,235.32,248.53,265.34,0.89,0.79,0.11,Resistência Forte,0,0
2026-06-08,186.74,198.20,205.30,211.03,216.76,224.92,235.32,248.53,265.34,0.84,0.79,0.16,Resistência Forte,0,0
2026-06-09,186.74,198.20,205.30,211.03,216.76,224.92,235.32,248.53,265.34,0.88,0.79,0.12,Resistência Forte,0,0
2026-06-10,186.74,198.20,205.30,211.03,216.76,224.92,235.32,248.53,265.34,0.88,0.79,0.12,Resistência Forte,0,0
2026-06-11,186.74,198.20,205.30,211.03,216.76,224.92,235.32,248.53,265.34,0.77,0.62,0.02,Resistência,0,1
2026-06-12,186.74,198.20,205.30,211.03,216.76,224.92,235.32,248.53,265.34,0.81,0.79,0.19,Resistência Forte,0,1
2026-06-15,186.74,198.20,205.30,211.03,216.76,224.92,235.32,248.53,265.34,0.75,0.62,0.04,Resistência,0,1
2026-06-16,186.74,198.20,205.30,211.03,216.76,224.92,235.32,248.53,265.34,0.73,0.62,0.06,Resistência,0,0
2026-06-17,186.74,198.20,205.30,211.03,216.76,224.92,235.32,248.53,265.34,0.66,0.62,0.13,Resistência,1,0
2026-06-18,186.74,198.20,205.30,211.03,216.76,224.92,235.32,248.53,265.34,0.65,0.62,0.14,Resistência,1,0
2026-06-22,186.74,198.20,205.30,211.03,216.76,224.92,235.32,248.53,265.34,0.57,0.50,0.05,Zona de Consolidação,1,0
2026-06-23,186.84,198.28,205.36,211.08,216.80,224.95,235.32,248.51,265.28,0.69,0.62,0.10,Resistência,0,0
2026-06-24,192.68,202.74,208.97,214.00,219.03,226.20,235.32,246.92,261.67,0.64,0.62,0.15,Resistência,1,0
2026-06-25,193.07,203.04,209.21,214.20,219.18,226.28,235.32,246.81,261.43,0.55,0.50,0.07,Zona de Consolidação,0,0
2026-06-26,193.43,203.32,209.43,214.38,219.32,226.36,235.32,246.71,261.21,0.72,0.62,0.07,Resistência,0,0
