Date,Fib_0,Fib_236,Fib_382,Fib_50,Fib_618,Fib_786,Fib_1,Fib_1_272,Fib_1_618,Fib_Position,Fib_Level_Current,Fib_Distance_Next,Fib_Zone,Fib_Buy_Signal,Fib_Sell_Signal
2003-12-18,5825.89,6208.67,6445.47,6636.86,6828.24,7100.73,7447.82,7888.98,8450.17,0.72,0.62,0.07,Resistência,0,0
2003-12-19,5825.89,6628.84,7125.58,7527.05,7928.52,8500.11,9228.21,10153.64,11330.84,0.37,0.24,0.01,Suporte,1,0
2003-12-22,5825.89,6628.84,7125.58,7527.05,7928.52,8500.11,9228.21,10153.64,11330.84,0.62,0.62,0.17,Resistência,1,0
2003-12-23,5825.89,7277.80,8176.01,8901.96,9627.92,10661.48,11978.04,13651.42,15780.07,0.87,0.79,0.13,Resistência Forte,0,0
2003-12-24,5825.89,7308.60,8225.86,8967.22,9708.57,10764.05,12108.54,13817.42,15991.22,0.61,0.50,0.01,Zona de Consolidação,1,0
2003-12-26,5825.89,7308.60,8225.86,8967.22,9708.57,10764.05,12108.54,13817.42,15991.22,0.67,0.62,0.12,Resistência,0,0
2003-12-29,5825.89,7308.60,8225.86,8967.22,9708.57,10764.05,12108.54,13817.42,15991.22,0.70,0.62,0.09,Resistência,0,0
2003-12-30,5825.89,7308.60,8225.86,8967.22,9708.57,10764.05,12108.54,13817.42,15991.22,0.71,0.62,0.08,Resistência,0,0
2003-12-31,5825.89,7308.60,8225.86,8967.22,9708.57,10764.05,12108.54,13817.42,15991.22,0.82,0.79,0.18,Resistência Forte,0,0
2004-01-02,5825.89,7308.60,8225.86,8967.22,9708.57,10764.05,12108.54,13817.42,15991.22,0.90,0.79,0.10,Resistência Forte,0,0
2004-01-05,5825.89,7308.60,8225.86,8967.22,9708.57,10764.05,12108.54,13817.42,15991.22,0.82,0.79,0.18,Resistência Forte,0,0
2004-01-06,5825.89,7308.60,8225.86,8967.22,9708.57,10764.05,12108.54,13817.42,15991.22,0.89,0.79,0.11,Resistência Forte,0,0
2004-01-07,5825.89,7308.60,8225.86,8967.22,9708.57,10764.05,12108.54,13817.42,15991.22,0.93,0.79,0.07,Resistência Forte,0,0
2004-01-08,5825.89,7310.79,8229.42,8971.88,9714.33,10771.38,12117.86,13829.28,16006.30,0.96,0.79,0.04,Resistência Forte,0,0
2004-01-09,5825.89,7332.79,8265.03,9018.48,9771.93,10844.64,12211.07,13947.84,16157.11,0.86,0.79,0.14,Resistência Forte,0,0
2004-01-12,5825.89,7332.79,8265.03,9018.48,9771.93,10844.64,12211.07,13947.84,16157.11,0.84,0.79,0.16,Resistência Forte,0,0
2004-01-13,5825.89,7332.79,8265.03,9018.48,9771.93,10844.64,12211.07,13947.84,16157.11,0.80,0.79,0.20,Resistência Forte,0,1
2004-01-14,5825.89,7332.79,8265.03,9018.48,9771.93,10844.64,12211.07,13947.84,16157.11,0.80,0.79,0.20,Resistência Forte,0,1
2004-01-15,5825.89,7332.79,8265.03,9018.48,9771.93,10844.64,12211.07,13947.84,16157.11,0.79,0.79,0.21,Resistência Forte,0,1
2004-01-16,5825.89,7332.79,8265.03,9018.48,9771.93,10844.64,12211.07,13947.84,16157.11,0.85,0.79,0.15,Resistência Forte,0,0
2004-01-20,5825.89,7332.79,8265.03,9018.48,9771.93,10844.64,12211.07,13947.84,16157.11,0.85,0.79,0.15,Resistência Forte,0,0
2004-01-21,5825.89,7332.79,8265.03,9018.48,9771.93,10844.64,12211.07,13947.84,16157.11,0.86,0.79,0.14,Resistência Forte,0,0
2004-01-22,5825.89,7332.79,8265.03,9018.48,9771.93,10844.64,12211.07,13947.84,16157.11,0.82,0.79,0.18,Resistência Forte,0,0
2004-01-23,5825.89,7332.79,8265.03,9018.48,9771.93,10844.64,12211.07,13947.84,16157.11,0.80,0.79,0.20,Resistência Forte,0,1
2004-01-26,5825.89,7332.79,8265.03,9018.48,9771.93,10844.64,12211.07,13947.84,16157.11,0.80,0.79,0.20,Resistência Forte,0,0
2004-01-27,5825.89,7332.79,8265.03,9018.48,9771.93,10844.64,12211.07,13947.84,16157.11,0.81,0.79,0.19,Resistência Forte,0,0
2004-01-28,5825.89,7332.79,8265.03,9018.48,9771.93,10844.64,12211.07,13947.84,16157.11,0.75,0.62,0.04,Resistência,0,0
2004-01-29,5825.89,7332.79,8265.03,9018.48,9771.93,10844.64,12211.07,13947.84,16157.11,0.66,0.62,0.13,Resistência,0,0
2004-01-30,5825.89,7332.79,8265.03,9018.48,9771.93,10844.64,12211.07,13947.84,16157.11,0.75,0.62,0.04,Resistência,0,0
2004-02-02,5825.89,7332.79,8265.03,9018.48,9771.93,10844.64,12211.07,13947.84,16157.11,0.75,0.62,0.04,Resistência,0,0
2004-02-03,5825.89,7332.79,8265.03,9018.48,9771.93,10844.64,12211.07,13947.84,16157.11,0.70,0.62,0.09,Resistência,0,0
2004-02-04,5825.89,7332.79,8265.03,9018.48,9771.93,10844.64,12211.07,13947.84,16157.11,0.77,0.62,0.02,Resistência,0,0
2004-02-05,5825.89,7332.79,8265.03,9018.48,9771.93,10844.64,12211.07,13947.84,16157.11,0.75,0.62,0.04,Resistência,0,0
2004-02-06,5825.89,7332.79,8265.03,9018.48,9771.93,10844.64,12211.07,13947.84,16157.11,0.78,0.62,0.01,Resistência,0,1
2004-02-09,5825.89,7332.79,8265.03,9018.48,9771.93,10844.64,12211.07,13947.84,16157.11,0.75,0.62,0.04,Resistência,0,0
2004-02-10,5825.89,7332.79,8265.03,9018.48,9771.93,10844.64,12211.07,13947.84,16157.11,0.77,0.62,0.02,Resistência,0,1
2004-02-11,5825.89,7332.79,8265.03,9018.48,9771.93,10844.64,12211.07,13947.84,16157.11,0.95,0.79,0.05,Resistência Forte,0,0
2004-02-12,5825.89,7332.79,8265.03,9018.48,9771.93,10844.64,12211.07,13947.84,16157.11,0.92,0.79,0.08,Resistência Forte,0,0
2004-02-13,5825.89,7332.79,8265.03,9018.48,9771.93,10844.64,12211.07,13947.84,16157.11,0.78,0.62,0.01,Resistência,0,1
2004-02-17,5825.89,7332.79,8265.03,9018.48,9771.93,10844.64,12211.07,13947.84,16157.11,0.68,0.62,0.11,Resistência,0,0
2004-02-18,5825.89,7332.79,8265.03,9018.48,9771.93,10844.64,12211.07,13947.84,16157.11,0.71,0.62,0.08,Resistência,0,0
2004-02-19,5825.89,7332.79,8265.03,9018.48,9771.93,10844.64,12211.07,13947.84,16157.11,0.66,0.62,0.13,Resistência,0,0
2004-02-20,5825.89,7332.79,8265.03,9018.48,9771.93,10844.64,12211.07,13947.84,16157.11,0.61,0.50,0.01,Zona de Consolidação,1,0
2004-02-23,5825.89,7332.79,8265.03,9018.48,9771.93,10844.64,12211.07,13947.84,16157.11,0.43,0.38,0.07,Zona de Consolidação,0,0
2004-02-24,5825.89,7332.79,8265.03,9018.48,9771.93,10844.64,12211.07,13947.84,16157.11,0.28,0.24,0.10,Suporte,0,0
2004-02-25,5825.89,7332.79,8265.03,9018.48,9771.93,10844.64,12211.07,13947.84,16157.11,0.54,0.50,0.08,Zona de Consolidação,0,0
2004-02-26,5825.89,7332.79,8265.03,9018.48,9771.93,10844.64,12211.07,13947.84,16157.11,0.63,0.62,0.16,Resistência,0,0
2004-02-27,5825.89,7332.79,8265.03,9018.48,9771.93,10844.64,12211.07,13947.84,16157.11,0.69,0.62,0.10,Resistência,0,0
2004-03-01,5825.89,7332.79,8265.03,9018.48,9771.93,10844.64,12211.07,13947.84,16157.11,0.74,0.62,0.05,Resistência,0,0
2004-03-02,5825.89,7332.79,8265.03,9018.48,9771.93,10844.64,12211.07,13947.84,16157.11,0.75,0.62,0.04,Resistência,0,0
2004-03-03,6991.07,8222.99,8985.11,9601.07,10217.03,11093.99,12211.07,13630.91,15437.03,0.55,0.50,0.07,Zona de Consolidação,0,0
2004-03-04,7112.25,8315.57,9060.00,9661.66,10263.32,11119.92,12211.07,13597.95,15362.14,0.42,0.38,0.08,Zona de Consolidação,0,0
2004-03-05,7112.25,8315.57,9060.00,9661.66,10263.32,11119.92,12211.07,13597.95,15362.14,0.46,0.38,0.04,Zona de Consolidação,0,0
2004-03-08,7112.25,8315.57,9060.00,9661.66,10263.32,11119.92,12211.07,13597.95,15362.14,0.32,0.24,0.06,Suporte,0,0
2004-03-09,7112.25,8315.57,9060.00,9661.66,10263.32,11119.92,12211.07,13597.95,15362.14,0.43,0.38,0.07,Zona de Consolidação,0,0
2004-03-10,7112.25,8315.57,9060.00,9661.66,10263.32,11119.92,12211.07,13597.95,15362.14,0.50,0.50,0.12,Zona de Consolidação,0,0
2004-03-11,7112.25,8315.57,9060.00,9661.66,10263.32,11119.92,12211.07,13597.95,15362.14,0.46,0.38,0.04,Zona de Consolidação,0,0
2004-03-12,7112.25,8315.57,9060.00,9661.66,10263.32,11119.92,12211.07,13597.95,15362.14,0.30,0.24,0.08,Suporte,0,0
2004-03-15,7112.25,8315.57,9060.00,9661.66,10263.32,11119.92,12211.07,13597.95,15362.14,0.40,0.38,0.10,Zona de Consolidação,1,0
2004-03-16,7112.25,8315.57,9060.00,9661.66,10263.32,11119.92,12211.07,13597.95,15362.14,0.45,0.38,0.05,Zona de Consolidação,0,0
2004-03-17,7112.25,8315.57,9060.00,9661.66,10263.32,11119.92,12211.07,13597.95,15362.14,0.39,0.38,0.11,Zona de Consolidação,1,0
2004-03-18,7112.25,8315.57,9060.00,9661.66,10263.32,11119.92,12211.07,13597.95,15362.14,0.38,0.24,0.00,Suporte,1,0
2004-03-19,7112.25,8315.57,9060.00,9661.66,10263.32,11119.92,12211.07,13597.95,15362.14,0.42,0.38,0.08,Zona de Consolidação,0,0
2004-03-22,7112.25,8315.57,9060.00,9661.66,10263.32,11119.92,12211.07,13597.95,15362.14,0.43,0.38,0.07,Zona de Consolidação,0,0
2004-03-23,7112.25,8315.57,9060.00,9661.66,10263.32,11119.92,12211.07,13597.95,15362.14,0.54,0.50,0.08,Zona de Consolidação,0,0
2004-03-24,7112.25,8315.57,9060.00,9661.66,10263.32,11119.92,12211.07,13597.95,15362.14,0.59,0.50,0.03,Zona de Consolidação,0,0
2004-03-25,7112.25,8315.57,9060.00,9661.66,10263.32,11119.92,12211.07,13597.95,15362.14,0.79,0.79,0.21,Resistência Forte,0,1
2004-03-26,7112.25,8315.57,9060.00,9661.66,10263.32,11119.92,12211.07,13597.95,15362.14,0.70,0.62,0.09,Resistência,0,0
2004-03-29,7112.25,8315.57,9060.00,9661.66,10263.32,11119.92,12211.07,13597.95,15362.14,0.73,0.62,0.06,Resistência,0,0
2004-03-30,7112.25,8315.57,9060.00,9661.66,10263.32,11119.92,12211.07,13597.95,15362.14,0.76,0.62,0.03,Resistência,0,0
2004-03-31,7112.25,8315.57,9060.00,9661.66,10263.32,11119.92,12211.07,13597.95,15362.14,0.80,0.79,0.20,Resistência Forte,0,1
2004-04-01,7112.25,8315.57,9060.00,9661.66,10263.32,11119.92,12211.07,13597.95,15362.14,0.80,0.79,0.20,Resistência Forte,0,1
2004-04-02,7112.25,8315.57,9060.00,9661.66,10263.32,11119.92,12211.07,13597.95,15362.14,0.75,0.62,0.04,Resistência,0,0
2004-04-05,7112.25,8315.57,9060.00,9661.66,10263.32,11119.92,12211.07,13597.95,15362.14,0.67,0.62,0.12,Resistência,0,0
2004-04-06,7112.25,8315.57,9060.00,9661.66,10263.32,11119.92,12211.07,13597.95,15362.14,0.67,0.62,0.12,Resistência,0,0
2004-04-07,7112.25,8315.57,9060.00,9661.66,10263.32,11119.92,12211.07,13597.95,15362.14,0.65,0.62,0.14,Resistência,0,0
2004-04-08,7112.25,8315.57,9060.00,9661.66,10263.32,11119.92,12211.07,13597.95,15362.14,0.58,0.50,0.04,Zona de Consolidação,0,0
2004-04-12,7112.25,8315.57,9060.00,9661.66,10263.32,11119.92,12211.07,13597.95,15362.14,0.56,0.50,0.06,Zona de Consolidação,0,0
2004-04-13,7112.25,8315.57,9060.00,9661.66,10263.32,11119.92,12211.07,13597.95,15362.14,0.63,0.62,0.16,Resistência,1,0
2004-04-14,7112.25,8315.57,9060.00,9661.66,10263.32,11119.92,12211.07,13597.95,15362.14,0.60,0.50,0.02,Zona de Consolidação,0,0
2004-04-15,7112.25,8315.57,9060.00,9661.66,10263.32,11119.92,12211.07,13597.95,15362.14,0.60,0.50,0.02,Zona de Consolidação,0,0
2004-04-16,7112.25,8315.57,9060.00,9661.66,10263.32,11119.92,12211.07,13597.95,15362.14,0.63,0.62,0.16,Resistência,1,0
2004-04-19,7112.25,8315.57,9060.00,9661.66,10263.32,11119.92,12211.07,13597.95,15362.14,0.63,0.62,0.16,Resistência,1,0
2004-04-20,7112.25,8315.57,9060.00,9661.66,10263.32,11119.92,12211.07,13597.95,15362.14,0.61,0.50,0.01,Zona de Consolidação,1,0
2004-04-21,7112.25,8315.57,9060.00,9661.66,10263.32,11119.92,12211.07,13597.95,15362.14,0.61,0.50,0.01,Zona de Consolidação,1,0
2004-04-22,7112.25,8315.57,9060.00,9661.66,10263.32,11119.92,12211.07,13597.95,15362.14,0.57,0.50,0.05,Zona de Consolidação,0,0
2004-04-23,7112.25,8315.57,9060.00,9661.66,10263.32,11119.92,12211.07,13597.95,15362.14,0.61,0.50,0.01,Zona de Consolidação,1,0
2004-04-26,7112.25,8260.58,8970.98,9545.14,10119.31,10936.76,11978.04,13301.53,14985.10,0.62,0.62,0.17,Resistência,1,0
2004-04-27,7112.25,8150.58,8792.94,9312.10,9831.27,10570.42,11511.96,12708.68,14230.98,0.70,0.62,0.09,Resistência,0,0
2004-04-28,7112.25,8150.58,8792.94,9312.10,9831.27,10570.42,11511.96,12708.68,14230.98,0.69,0.62,0.10,Resistência,0,0
2004-04-29,7112.25,8150.58,8792.94,9312.10,9831.27,10570.42,11511.96,12708.68,14230.98,0.68,0.62,0.11,Resistência,0,0
2004-04-30,7112.25,8150.58,8792.94,9312.10,9831.27,10570.42,11511.96,12708.68,14230.98,0.53,0.50,0.09,Zona de Consolidação,0,0
2004-05-03,7112.25,8150.58,8792.94,9312.10,9831.27,10570.42,11511.96,12708.68,14230.98,0.71,0.62,0.08,Resistência,0,0
2004-05-04,7112.25,8150.58,8792.94,9312.10,9831.27,10570.42,11511.96,12708.68,14230.98,0.71,0.62,0.08,Resistência,0,0
2004-05-05,7224.11,8236.04,8862.07,9368.04,9874.00,10594.36,11511.96,12678.26,14161.85,0.68,0.62,0.11,Resistência,0,0
2004-05-06,8389.29,9126.24,9582.15,9950.62,10319.10,10843.71,11511.96,12361.33,13441.77,0.55,0.50,0.07,Zona de Consolidação,0,0
2004-05-07,8389.29,9126.24,9582.15,9950.62,10319.10,10843.71,11511.96,12361.33,13441.77,0.33,0.24,0.05,Suporte,0,0
2004-05-10,7550.36,8485.30,9063.69,9531.16,9998.63,10664.18,11511.96,12589.52,13960.23,0.65,0.62,0.14,Resistência,0,0
2004-05-11,7550.36,8485.30,9063.69,9531.16,9998.63,10664.18,11511.96,12589.52,13960.23,0.60,0.50,0.02,Zona de Consolidação,1,0
2004-05-12,7550.36,8485.30,9063.69,9531.16,9998.63,10664.18,11511.96,12589.52,13960.23,0.62,0.62,0.17,Resistência,1,0
2004-05-13,7550.36,8485.30,9063.69,9531.16,9998.63,10664.18,11511.96,12589.52,13960.23,0.55,0.50,0.07,Zona de Consolidação,0,0
2004-05-14,7550.36,8485.30,9063.69,9531.16,9998.63,10664.18,11511.96,12589.52,13960.23,0.56,0.50,0.06,Zona de Consolidação,0,0
2004-05-17,7550.36,8485.30,9063.69,9531.16,9998.63,10664.18,11511.96,12589.52,13960.23,0.47,0.38,0.03,Zona de Consolidação,0,0
2004-05-18,7550.36,8485.30,9063.69,9531.16,9998.63,10664.18,11511.96,12589.52,13960.23,0.54,0.50,0.08,Zona de Consolidação,0,0
2004-05-19,7550.36,8485.30,9063.69,9531.16,9998.63,10664.18,11511.96,12589.52,13960.23,0.54,0.50,0.08,Zona de Consolidação,0,0
2004-05-20,7550.36,8485.30,9063.69,9531.16,9998.63,10664.18,11511.96,12589.52,13960.23,0.47,0.38,0.03,Zona de Consolidação,0,0
2004-05-21,7550.36,8485.30,9063.69,9531.16,9998.63,10664.18,11511.96,12589.52,13960.23,0.49,0.38,0.01,Zona de Consolidação,0,0
2004-05-24,7550.36,8485.30,9063.69,9531.16,9998.63,10664.18,11511.96,12589.52,13960.23,0.56,0.50,0.06,Zona de Consolidação,0,0
2004-05-25,7550.36,8485.30,9063.69,9531.16,9998.63,10664.18,11511.96,12589.52,13960.23,0.54,0.50,0.08,Zona de Consolidação,0,0
2004-05-26,7550.36,8485.30,9063.69,9531.16,9998.63,10664.18,11511.96,12589.52,13960.23,0.57,0.50,0.05,Zona de Consolidação,0,0
2004-05-27,7550.36,8485.30,9063.69,9531.16,9998.63,10664.18,11511.96,12589.52,13960.23,0.55,0.50,0.07,Zona de Consolidação,0,0
2004-05-28,7550.36,8485.30,9063.69,9531.16,9998.63,10664.18,11511.96,12589.52,13960.23,0.58,0.50,0.04,Zona de Consolidação,0,0
2004-06-01,7550.36,8485.30,9063.69,9531.16,9998.63,10664.18,11511.96,12589.52,13960.23,0.49,0.38,0.01,Zona de Consolidação,0,0
2004-06-02,7550.36,8485.30,9063.69,9531.16,9998.63,10664.18,11511.96,12589.52,13960.23,0.53,0.50,0.09,Zona de Consolidação,0,0
2004-06-03,7550.36,8485.30,9063.69,9531.16,9998.63,10664.18,11511.96,12589.52,13960.23,0.48,0.38,0.02,Zona de Consolidação,0,0
2004-06-04,7550.36,8485.30,9063.69,9531.16,9998.63,10664.18,11511.96,12589.52,13960.23,0.51,0.50,0.11,Zona de Consolidação,0,0
2004-06-07,7550.36,8485.30,9063.69,9531.16,9998.63,10664.18,11511.96,12589.52,13960.23,0.62,0.62,0.17,Resistência,1,0
2004-06-08,7550.36,8485.30,9063.69,9531.16,9998.63,10664.18,11511.96,12589.52,13960.23,0.48,0.38,0.02,Zona de Consolidação,0,0
2004-06-09,7550.36,8408.30,8939.06,9368.04,9797.01,10407.75,11185.71,12174.53,13432.36,0.55,0.50,0.07,Zona de Consolidação,0,0
2004-06-10,7550.36,8408.30,8939.06,9368.04,9797.01,10407.75,11185.71,12174.53,13432.36,0.55,0.50,0.07,Zona de Consolidação,0,0
2004-06-14,7550.36,8408.30,8939.06,9368.04,9797.01,10407.75,11185.71,12174.53,13432.36,0.48,0.38,0.02,Zona de Consolidação,0,0
2004-06-15,7550.36,8408.30,8939.06,9368.04,9797.01,10407.75,11185.71,12174.53,13432.36,0.51,0.50,0.11,Zona de Consolidação,0,0
2004-06-16,7550.36,8364.31,8867.85,9274.83,9681.80,10261.22,10999.29,11937.40,13130.73,0.42,0.38,0.08,Zona de Consolidação,0,0
2004-06-17,7550.36,8364.31,8867.85,9274.83,9681.80,10261.22,10999.29,11937.40,13130.73,0.46,0.38,0.04,Zona de Consolidação,0,0
2004-06-18,7550.36,8364.31,8867.85,9274.83,9681.80,10261.22,10999.29,11937.40,13130.73,0.46,0.38,0.04,Zona de Consolidação,0,0
2004-06-21,7550.36,8364.31,8867.85,9274.83,9681.80,10261.22,10999.29,11937.40,13130.73,0.36,0.24,0.02,Suporte,1,0
2004-06-22,7550.36,8342.31,8832.24,9228.22,9624.19,10187.95,10906.07,11818.82,12979.90,0.49,0.38,0.01,Zona de Consolidação,0,0
2004-06-23,7550.36,8342.31,8832.24,9228.22,9624.19,10187.95,10906.07,11818.82,12979.90,0.49,0.38,0.01,Zona de Consolidação,0,0
2004-06-24,7550.36,8342.31,8832.24,9228.22,9624.19,10187.95,10906.07,11818.82,12979.90,0.39,0.38,0.11,Zona de Consolidação,1,0
2004-06-25,7550.36,8342.31,8832.24,9228.22,9624.19,10187.95,10906.07,11818.82,12979.90,0.17,0.00,0.07,Suporte Forte,0,0
2004-06-28,7093.61,7993.35,8549.97,8999.84,9449.71,10090.20,10906.07,11943.06,13262.17,0.03,0.00,0.21,Suporte Forte,0,0
2004-06-29,7093.61,7993.35,8549.97,8999.84,9449.71,10090.20,10906.07,11943.06,13262.17,0.08,0.00,0.16,Suporte Forte,0,0
2004-06-30,6813.96,7779.70,8377.15,8860.02,9342.88,10030.36,10906.07,12019.12,13434.99,0.03,0.00,0.21,Suporte Forte,0,0
2004-07-01,6813.96,7779.70,8377.15,8860.02,9342.88,10030.36,10906.07,12019.12,13434.99,0.05,0.00,0.19,Suporte Forte,0,0
2004-07-02,6655.50,7658.63,8279.22,8780.78,9282.35,9996.45,10906.07,12062.23,13532.92,0.08,0.00,0.16,Suporte Forte,0,0
2004-07-06,6655.50,7658.63,8279.22,8780.78,9282.35,9996.45,10906.07,12062.23,13532.92,0.12,0.00,0.12,Suporte Forte,0,0
2004-07-07,6655.50,7658.63,8279.22,8780.78,9282.35,9996.45,10906.07,12062.23,13532.92,0.13,0.00,0.11,Suporte Forte,0,0
2004-07-08,6655.50,7658.63,8279.22,8780.78,9282.35,9996.45,10906.07,12062.23,13532.92,0.10,0.00,0.14,Suporte Forte,0,0
2004-07-09,6655.50,7658.63,8279.22,8780.78,9282.35,9996.45,10906.07,12062.23,13532.92,0.12,0.00,0.12,Suporte Forte,0,0
2004-07-12,6655.50,7658.63,8279.22,8780.78,9282.35,9996.45,10906.07,12062.23,13532.92,0.12,0.00,0.12,Suporte Forte,0,0
2004-07-13,6655.50,7658.63,8279.22,8780.78,9282.35,9996.45,10906.07,12062.23,13532.92,0.08,0.00,0.16,Suporte Forte,0,0
2004-07-14,6525.00,7558.93,8198.57,8715.54,9232.50,9968.52,10906.07,12097.72,13613.57,0.07,0.00,0.17,Suporte Forte,0,0
2004-07-15,6525.00,7558.93,8198.57,8715.54,9232.50,9968.52,10906.07,12097.72,13613.57,0.10,0.00,0.14,Suporte Forte,0,0
2004-07-16,6478.39,7523.32,8169.76,8692.23,9214.70,9958.55,10906.07,12110.40,13642.38,0.09,0.00,0.15,Suporte Forte,0,0
2004-07-19,6478.39,7523.32,8169.76,8692.23,9214.70,9958.55,10906.07,12110.40,13642.38,0.10,0.00,0.14,Suporte Forte,0,0
2004-07-20,6478.39,7523.32,8169.76,8692.23,9214.70,9958.55,10906.07,12110.40,13642.38,0.11,0.00,0.13,Suporte Forte,0,0
2004-07-21,6478.39,7523.32,8169.76,8692.23,9214.70,9958.55,10906.07,12110.40,13642.38,0.05,0.00,0.19,Suporte Forte,0,0
2004-07-22,6264.00,7359.53,8037.27,8585.04,9132.80,9912.67,10906.07,12168.71,13774.87,0.01,0.00,0.23,Suporte Forte,0,0
2004-07-23,6264.00,7359.53,8037.27,8585.04,9132.80,9912.67,10906.07,12168.71,13774.87,0.09,0.00,0.15,Suporte Forte,0,0
2004-07-26,6264.00,7249.54,7859.23,8352.00,8844.77,9546.34,10440.00,11575.87,13020.77,0.16,0.00,0.08,Suporte Forte,0,0
2004-07-27,6264.00,7249.54,7859.23,8352.00,8844.77,9546.34,10440.00,11575.87,13020.77,0.16,0.00,0.08,Suporte Forte,0,0
2004-07-28,6226.71,7221.05,7836.19,8333.36,8830.52,9538.36,10440.00,11586.01,13043.81,0.03,0.00,0.21,Suporte Forte,0,0
2004-07-29,6226.71,7221.05,7836.19,8333.36,8830.52,9538.36,10440.00,11586.01,13043.81,0.04,0.00,0.20,Suporte Forte,0,0
2004-07-30,6226.71,7221.05,7836.19,8333.36,8830.52,9538.36,10440.00,11586.01,13043.81,0.05,0.00,0.19,Suporte Forte,0,0
2004-08-02,6226.71,7221.05,7836.19,8333.36,8830.52,9538.36,10440.00,11586.01,13043.81,0.24,0.24,0.14,Suporte,0,0
2004-08-03,6226.71,7221.05,7836.19,8333.36,8830.52,9538.36,10440.00,11586.01,13043.81,0.16,0.00,0.08,Suporte Forte,0,0
2004-08-04,6226.71,7221.05,7836.19,8333.36,8830.52,9538.36,10440.00,11586.01,13043.81,0.13,0.00,0.11,Suporte Forte,0,0
2004-08-05,6226.71,7221.05,7836.19,8333.36,8830.52,9538.36,10440.00,11586.01,13043.81,0.12,0.00,0.12,Suporte Forte,0,0
2004-08-06,6086.89,7114.22,7749.78,8263.44,8777.11,9508.43,10440.00,11624.05,13130.22,0.05,0.00,0.19,Suporte Forte,0,0
2004-08-09,6077.57,7107.10,7744.02,8258.78,8773.55,9506.44,10440.00,11626.58,13135.98,0.03,0.00,0.21,Suporte Forte,0,0
2004-08-10,5900.46,6971.79,7634.56,8170.23,8705.90,9468.54,10440.00,11674.75,13245.44,0.13,0.00,0.11,Suporte Forte,0,0
2004-08-11,5676.75,6800.88,7496.31,8058.38,8620.44,9420.66,10440.00,11735.60,13383.69,0.06,0.00,0.18,Suporte Forte,0,0
2004-08-12,5471.68,6644.20,7369.58,7955.84,8542.10,9376.78,10440.00,11791.38,13510.42,0.13,0.00,0.11,Suporte Forte,0,0
2004-08-13,5406.43,6594.35,7329.25,7923.22,8517.18,9362.82,10440.00,11809.13,13550.75,0.06,0.00,0.18,Suporte Forte,0,0
2004-08-16,5406.43,6594.35,7329.25,7923.22,8517.18,9362.82,10440.00,11809.13,13550.75,0.12,0.00,0.12,Suporte Forte,0,0
2004-08-17,5406.43,6594.35,7329.25,7923.22,8517.18,9362.82,10440.00,11809.13,13550.75,0.10,0.00,0.14,Suporte Forte,0,0
2004-08-18,5406.43,6594.35,7329.25,7923.22,8517.18,9362.82,10440.00,11809.13,13550.75,0.19,0.00,0.05,Suporte Forte,0,0
2004-08-19,5406.43,6594.35,7329.25,7923.22,8517.18,9362.82,10440.00,11809.13,13550.75,0.16,0.00,0.08,Suporte Forte,0,0
2004-08-20,5406.43,6594.35,7329.25,7923.22,8517.18,9362.82,10440.00,11809.13,13550.75,0.16,0.00,0.08,Suporte Forte,0,0
2004-08-23,5406.43,6594.35,7329.25,7923.22,8517.18,9362.82,10440.00,11809.13,13550.75,0.16,0.00,0.08,Suporte Forte,0,0
2004-08-24,5406.43,6451.36,7097.80,7620.27,8142.74,8886.59,9834.11,11038.44,12570.42,0.08,0.00,0.16,Suporte Forte,0,0
2004-08-25,5406.43,6347.97,6930.45,7401.22,7871.98,8542.23,9396.00,10481.16,11861.55,0.07,0.00,0.17,Suporte Forte,0,0
2004-08-26,5406.43,6330.37,6901.96,7363.93,7825.90,8483.62,9321.43,10386.31,11740.90,0.08,0.00,0.16,Suporte Forte,0,0
2004-08-27,5350.50,6287.64,6867.40,7335.96,7804.53,8471.65,9321.43,10401.52,11775.46,0.06,0.00,0.18,Suporte Forte,0,0
2004-08-30,5350.50,6287.64,6867.40,7335.96,7804.53,8471.65,9321.43,10401.52,11775.46,0.09,0.00,0.15,Suporte Forte,0,0
2004-08-31,5350.50,6287.64,6867.40,7335.96,7804.53,8471.65,9321.43,10401.52,11775.46,0.12,0.00,0.12,Suporte Forte,0,0
2004-09-01,5350.50,6287.64,6867.40,7335.96,7804.53,8471.65,9321.43,10401.52,11775.46,0.19,0.00,0.05,Suporte Forte,0,0
2004-09-02,5350.50,6270.04,6838.91,7298.68,7758.45,8413.04,9246.86,10306.67,11654.81,0.36,0.24,0.02,Suporte,0,0
2004-09-03,5350.50,6237.04,6785.50,7228.77,7672.04,8303.14,9107.04,10128.82,11428.58,0.33,0.24,0.05,Suporte,0,0
2004-09-07,5350.50,6089.65,6546.92,6916.50,7286.08,7812.25,8482.50,9334.40,10418.08,0.46,0.38,0.04,Zona de Consolidação,0,0
2004-09-08,5350.50,5898.27,6237.14,6511.02,6784.90,7174.84,7671.54,8302.86,9105.94,0.74,0.62,0.05,Resistência,0,0
2004-09-09,5350.50,5863.07,6180.16,6436.44,6692.73,7057.61,7522.39,8113.14,8864.62,0.74,0.62,0.05,Resistência,0,0
2004-09-10,5350.50,5863.07,6180.16,6436.44,6692.73,7057.61,7522.39,8113.14,8864.62,0.72,0.62,0.07,Resistência,0,0
2004-09-13,5350.50,5863.07,6180.16,6436.44,6692.73,7057.61,7522.39,8113.14,8864.62,0.81,0.79,0.19,Resistência Forte,0,1
2004-09-14,5350.50,5942.26,6308.35,6604.23,6900.11,7321.36,7857.96,8539.99,9407.57,0.93,0.79,0.07,Resistência Forte,0,0
2004-09-15,5350.50,5942.26,6308.35,6604.23,6900.11,7321.36,7857.96,8539.99,9407.57,0.92,0.79,0.08,Resistência Forte,0,0
2004-09-16,5350.50,5942.26,6308.35,6604.23,6900.11,7321.36,7857.96,8539.99,9407.57,0.97,0.79,0.03,Resistência Forte,0,1
2004-09-17,5350.50,6012.66,6422.30,6753.38,7084.45,7555.82,8156.25,8919.41,9890.20,0.84,0.79,0.16,Resistência Forte,0,0
2004-09-20,5350.50,6045.65,6475.71,6823.28,7170.86,7665.72,8296.07,9097.27,10116.43,0.85,0.79,0.15,Resistência Forte,0,0
2004-09-21,5350.50,6127.05,6607.46,6995.73,7384.00,7936.80,8640.96,9535.97,10674.46,0.92,0.79,0.08,Resistência Forte,0,0
2004-09-22,5350.50,6127.05,6607.46,6995.73,7384.00,7936.80,8640.96,9535.97,10674.46,0.91,0.79,0.09,Resistência Forte,0,0
2004-09-23,5350.50,6127.05,6607.46,6995.73,7384.00,7936.80,8640.96,9535.97,10674.46,0.89,0.79,0.11,Resistência Forte,0,0
2004-09-24,5350.50,6127.05,6607.46,6995.73,7384.00,7936.80,8640.96,9535.97,10674.46,0.94,0.79,0.06,Resistência Forte,0,0
2004-09-27,5350.50,6127.05,6607.46,6995.73,7384.00,7936.80,8640.96,9535.97,10674.46,0.86,0.79,0.14,Resistência Forte,0,0
2004-09-28,5350.50,6127.05,6607.46,6995.73,7384.00,7936.80,8640.96,9535.97,10674.46,0.92,0.79,0.08,Resistência Forte,0,0
2004-09-29,5350.50,6127.05,6607.46,6995.73,7384.00,7936.80,8640.96,9535.97,10674.46,0.93,0.79,0.07,Resistência Forte,0,0
2004-09-30,5350.50,6127.05,6607.46,6995.73,7384.00,7936.80,8640.96,9535.97,10674.46,0.89,0.79,0.11,Resistência Forte,0,0
2004-10-01,5350.50,6127.05,6607.46,6995.73,7384.00,7936.80,8640.96,9535.97,10674.46,0.74,0.62,0.05,Resistência,0,0
2004-10-04,5350.50,6127.05,6607.46,6995.73,7384.00,7936.80,8640.96,9535.97,10674.46,0.80,0.79,0.20,Resistência Forte,0,1
2004-10-05,5350.50,6127.05,6607.46,6995.73,7384.00,7936.80,8640.96,9535.97,10674.46,0.82,0.79,0.18,Resistência Forte,0,0
2004-10-06,5350.50,6127.05,6607.46,6995.73,7384.00,7936.80,8640.96,9535.97,10674.46,0.86,0.79,0.14,Resistência Forte,0,0
2004-10-07,5350.50,6127.05,6607.46,6995.73,7384.00,7936.80,8640.96,9535.97,10674.46,0.78,0.62,0.01,Resistência,0,1
2004-10-08,5350.50,6127.05,6607.46,6995.73,7384.00,7936.80,8640.96,9535.97,10674.46,0.77,0.62,0.02,Resistência,0,1
2004-10-11,5350.50,6127.05,6607.46,6995.73,7384.00,7936.80,8640.96,9535.97,10674.46,0.81,0.79,0.19,Resistência Forte,0,0
2004-10-12,5350.50,6127.05,6607.46,6995.73,7384.00,7936.80,8640.96,9535.97,10674.46,0.75,0.62,0.04,Resistência,0,0
2004-10-13,5350.50,6127.05,6607.46,6995.73,7384.00,7936.80,8640.96,9535.97,10674.46,0.59,0.50,0.03,Zona de Consolidação,0,0
2004-10-14,5350.50,6127.05,6607.46,6995.73,7384.00,7936.80,8640.96,9535.97,10674.46,0.53,0.50,0.09,Zona de Consolidação,0,0
2004-10-15,5350.50,6127.05,6607.46,6995.73,7384.00,7936.80,8640.96,9535.97,10674.46,0.58,0.50,0.04,Zona de Consolidação,0,0
2004-10-18,5350.50,6127.05,6607.46,6995.73,7384.00,7936.80,8640.96,9535.97,10674.46,0.59,0.50,0.03,Zona de Consolidação,0,0
2004-10-19,5350.50,6127.05,6607.46,6995.73,7384.00,7936.80,8640.96,9535.97,10674.46,0.53,0.50,0.09,Zona de Consolidação,0,0
2004-10-20,5350.50,6127.05,6607.46,6995.73,7384.00,7936.80,8640.96,9535.97,10674.46,0.64,0.62,0.15,Resistência,1,0
2004-10-21,5350.50,6127.05,6607.46,6995.73,7384.00,7936.80,8640.96,9535.97,10674.46,0.56,0.50,0.06,Zona de Consolidação,0,0
2004-10-22,5350.50,6127.05,6607.46,6995.73,7384.00,7936.80,8640.96,9535.97,10674.46,0.39,0.38,0.11,Zona de Consolidação,1,0
2004-10-25,5350.50,6127.05,6607.46,6995.73,7384.00,7936.80,8640.96,9535.97,10674.46,0.64,0.62,0.15,Resistência,1,0
2004-10-26,5350.50,6127.05,6607.46,6995.73,7384.00,7936.80,8640.96,9535.97,10674.46,0.47,0.38,0.03,Zona de Consolidação,0,0
2004-10-27,5350.50,6127.05,6607.46,6995.73,7384.00,7936.80,8640.96,9535.97,10674.46,0.71,0.62,0.08,Resistência,0,0
2004-10-28,5350.50,6127.05,6607.46,6995.73,7384.00,7936.80,8640.96,9535.97,10674.46,0.67,0.62,0.12,Resistência,0,0
2004-10-29,5350.50,6127.05,6607.46,6995.73,7384.00,7936.80,8640.96,9535.97,10674.46,0.52,0.50,0.10,Zona de Consolidação,0,0
2004-11-01,5350.50,6127.05,6607.46,6995.73,7384.00,7936.80,8640.96,9535.97,10674.46,0.61,0.50,0.01,Zona de Consolidação,1,0
2004-11-02,5350.50,6127.05,6607.46,6995.73,7384.00,7936.80,8640.96,9535.97,10674.46,0.64,0.62,0.15,Resistência,1,0
2004-11-03,5350.50,6127.05,6607.46,6995.73,7384.00,7936.80,8640.96,9535.97,10674.46,0.72,0.62,0.07,Resistência,0,0
2004-11-04,5350.50,6320.64,6920.81,7405.88,7890.94,8581.55,9461.25,10579.37,12001.69,0.93,0.79,0.07,Resistência Forte,0,0
2004-11-05,5350.50,6395.43,7041.87,7564.34,8086.81,8830.66,9778.18,10982.51,12514.49,0.80,0.79,0.20,Resistência Forte,0,1
2004-11-08,5499.64,6509.38,7134.04,7638.91,8143.78,8862.57,9778.18,10941.94,12422.32,0.72,0.62,0.07,Resistência,0,0
2004-11-09,5592.86,6580.60,7191.65,7685.52,8179.39,8882.52,9778.18,10916.59,12364.71,0.67,0.62,0.12,Resistência,0,0
2004-11-10,5676.75,6644.69,7243.50,7727.46,8211.43,8900.47,9778.18,10893.77,12312.86,0.68,0.62,0.11,Resistência,0,0
2004-11-11,6254.68,7086.23,7600.66,8016.43,8432.20,9024.15,9778.18,10736.57,11955.70,0.73,0.62,0.06,Resistência,0,0
2004-11-12,6254.68,7086.23,7600.66,8016.43,8432.20,9024.15,9778.18,10736.57,11955.70,0.62,0.62,0.17,Resistência,1,0
2004-11-15,6254.68,7086.23,7600.66,8016.43,8432.20,9024.15,9778.18,10736.57,11955.70,0.61,0.50,0.01,Zona de Consolidação,1,0
2004-11-16,6254.68,7086.23,7600.66,8016.43,8432.20,9024.15,9778.18,10736.57,11955.70,0.61,0.50,0.01,Zona de Consolidação,1,0
2004-11-17,6254.68,7086.23,7600.66,8016.43,8432.20,9024.15,9778.18,10736.57,11955.70,0.61,0.50,0.01,Zona de Consolidação,1,0
2004-11-18,6254.68,7086.23,7600.66,8016.43,8432.20,9024.15,9778.18,10736.57,11955.70,0.57,0.50,0.05,Zona de Consolidação,0,0
2004-11-19,6254.68,7086.23,7600.66,8016.43,8432.20,9024.15,9778.18,10736.57,11955.70,0.61,0.50,0.01,Zona de Consolidação,1,0
2004-11-22,6254.68,7086.23,7600.66,8016.43,8432.20,9024.15,9778.18,10736.57,11955.70,0.48,0.38,0.02,Zona de Consolidação,0,0
2004-11-23,6254.68,7086.23,7600.66,8016.43,8432.20,9024.15,9778.18,10736.57,11955.70,0.50,0.50,0.12,Zona de Consolidação,0,0
2004-11-24,6254.68,7086.23,7600.66,8016.43,8432.20,9024.15,9778.18,10736.57,11955.70,0.51,0.50,0.11,Zona de Consolidação,0,0
2004-11-26,6254.68,7086.23,7600.66,8016.43,8432.20,9024.15,9778.18,10736.57,11955.70,0.59,0.50,0.03,Zona de Consolidação,0,0
2004-11-29,6254.68,7086.23,7600.66,8016.43,8432.20,9024.15,9778.18,10736.57,11955.70,0.64,0.62,0.15,Resistência,0,0
2004-11-30,6254.68,7086.23,7600.66,8016.43,8432.20,9024.15,9778.18,10736.57,11955.70,0.64,0.62,0.15,Resistência,1,0
2004-12-01,6254.68,7086.23,7600.66,8016.43,8432.20,9024.15,9778.18,10736.57,11955.70,0.55,0.50,0.07,Zona de Consolidação,0,0
2004-12-02,6254.68,7086.23,7600.66,8016.43,8432.20,9024.15,9778.18,10736.57,11955.70,0.64,0.62,0.15,Resistência,1,0
2004-12-03,6254.68,7086.23,7600.66,8016.43,8432.20,9024.15,9778.18,10736.57,11955.70,0.68,0.62,0.11,Resistência,0,0
2004-12-06,6254.68,7086.23,7600.66,8016.43,8432.20,9024.15,9778.18,10736.57,11955.70,0.62,0.62,0.17,Resistência,1,0
2004-12-07,6254.68,7086.23,7600.66,8016.43,8432.20,9024.15,9778.18,10736.57,11955.70,0.58,0.50,0.04,Zona de Consolidação,0,0
2004-12-08,6254.68,7086.23,7600.66,8016.43,8432.20,9024.15,9778.18,10736.57,11955.70,0.72,0.62,0.07,Resistência,0,0
2004-12-09,6254.68,7086.23,7600.66,8016.43,8432.20,9024.15,9778.18,10736.57,11955.70,0.69,0.62,0.10,Resistência,0,0
2004-12-10,6254.68,7086.23,7600.66,8016.43,8432.20,9024.15,9778.18,10736.57,11955.70,0.65,0.62,0.14,Resistência,0,0
2004-12-13,6254.68,7086.23,7600.66,8016.43,8432.20,9024.15,9778.18,10736.57,11955.70,0.66,0.62,0.13,Resistência,0,0
2004-12-14,6254.68,7086.23,7600.66,8016.43,8432.20,9024.15,9778.18,10736.57,11955.70,0.61,0.50,0.01,Zona de Consolidação,1,0
2004-12-15,6254.68,7086.23,7600.66,8016.43,8432.20,9024.15,9778.18,10736.57,11955.70,0.55,0.50,0.07,Zona de Consolidação,0,0
2004-12-16,6254.68,7086.23,7600.66,8016.43,8432.20,9024.15,9778.18,10736.57,11955.70,0.52,0.50,0.10,Zona de Consolidação,0,0
2004-12-17,6254.68,7086.23,7600.66,8016.43,8432.20,9024.15,9778.18,10736.57,11955.70,0.61,0.50,0.01,Zona de Consolidação,1,0
2004-12-20,6254.68,7086.23,7600.66,8016.43,8432.20,9024.15,9778.18,10736.57,11955.70,0.52,0.50,0.10,Zona de Consolidação,0,0
2004-12-21,6254.68,7086.23,7600.66,8016.43,8432.20,9024.15,9778.18,10736.57,11955.70,0.50,0.50,0.12,Zona de Consolidação,0,0
2004-12-22,6254.68,7086.23,7600.66,8016.43,8432.20,9024.15,9778.18,10736.57,11955.70,0.50,0.50,0.12,Zona de Consolidação,0,0
2004-12-23,6254.68,7086.23,7600.66,8016.43,8432.20,9024.15,9778.18,10736.57,11955.70,0.63,0.62,0.16,Resistência,1,0
2004-12-27,6254.68,7086.23,7600.66,8016.43,8432.20,9024.15,9778.18,10736.57,11955.70,0.62,0.62,0.17,Resistência,1,0
2004-12-28,6254.68,7086.23,7600.66,8016.43,8432.20,9024.15,9778.18,10736.57,11955.70,0.61,0.50,0.01,Zona de Consolidação,1,0
2004-12-29,6254.68,7086.23,7600.66,8016.43,8432.20,9024.15,9778.18,10736.57,11955.70,0.58,0.50,0.04,Zona de Consolidação,0,0
2004-12-30,6254.68,7086.23,7600.66,8016.43,8432.20,9024.15,9778.18,10736.57,11955.70,0.58,0.50,0.04,Zona de Consolidação,0,0
2004-12-31,6254.68,7086.23,7600.66,8016.43,8432.20,9024.15,9778.18,10736.57,11955.70,0.59,0.50,0.03,Zona de Consolidação,0,0
2005-01-03,6254.68,7086.23,7600.66,8016.43,8432.20,9024.15,9778.18,10736.57,11955.70,0.61,0.50,0.01,Zona de Consolidação,1,0
2005-01-04,6534.32,7299.87,7773.47,8156.25,8539.03,9083.99,9778.18,10660.51,11782.89,0.47,0.38,0.03,Zona de Consolidação,0,0
2005-01-05,6534.32,7299.87,7773.47,8156.25,8539.03,9083.99,9778.18,10660.51,11782.89,0.35,0.24,0.03,Suporte,0,0
2005-01-06,6758.04,7470.79,7911.73,8268.11,8624.49,9131.87,9778.18,10599.66,11644.63,0.30,0.24,0.08,Suporte,0,0
2005-01-07,6758.04,7470.79,7911.73,8268.11,8624.49,9131.87,9778.18,10599.66,11644.63,0.29,0.24,0.09,Suporte,0,0
2005-01-10,6758.04,7470.79,7911.73,8268.11,8624.49,9131.87,9778.18,10599.66,11644.63,0.29,0.24,0.09,Suporte,0,0
2005-01-11,6758.04,7470.79,7911.73,8268.11,8624.49,9131.87,9778.18,10599.66,11644.63,0.32,0.24,0.06,Suporte,0,0
2005-01-12,7363.93,7933.69,8286.17,8571.06,8855.94,9261.53,9778.18,10434.86,11270.19,0.10,0.00,0.14,Suporte Forte,0,0
2005-01-13,7363.93,7933.69,8286.17,8571.06,8855.94,9261.53,9778.18,10434.86,11270.19,0.07,0.00,0.17,Suporte Forte,0,0
2005-01-14,6916.50,7591.86,8009.66,8347.34,8685.02,9165.78,9778.18,10556.56,11546.70,0.04,0.00,0.20,Suporte Forte,0,0
2005-01-18,6916.50,7591.86,8009.66,8347.34,8685.02,9165.78,9778.18,10556.56,11546.70,0.12,0.00,0.12,Suporte Forte,0,0
2005-01-19,6916.50,7484.06,7835.18,8118.96,8402.75,8806.77,9321.43,9975.57,10807.68,0.04,0.00,0.20,Suporte Forte,0,0
2005-01-20,6916.50,7484.06,7835.18,8118.96,8402.75,8806.77,9321.43,9975.57,10807.68,0.06,0.00,0.18,Suporte Forte,0,0
2005-01-21,6860.57,7441.33,7800.62,8091.00,8381.38,8794.81,9321.43,9990.78,10842.24,0.02,0.00,0.22,Suporte Forte,0,0
2005-01-24,6860.57,7441.33,7800.62,8091.00,8381.38,8794.81,9321.43,9990.78,10842.24,0.02,0.00,0.22,Suporte Forte,0,0
2005-01-25,6543.64,7199.20,7604.76,7932.54,8260.31,8726.98,9321.43,10076.99,11038.10,0.05,0.00,0.19,Suporte Forte,0,0
2005-01-26,6543.64,7098.00,7440.96,7718.14,7995.32,8389.95,8892.64,9531.57,10344.32,0.31,0.24,0.07,Suporte,0,0
2005-01-27,6543.64,7098.00,7440.96,7718.14,7995.32,8389.95,8892.64,9531.57,10344.32,0.28,0.24,0.10,Suporte,0,0
2005-01-28,6543.64,7098.00,7440.96,7718.14,7995.32,8389.95,8892.64,9531.57,10344.32,0.22,0.00,0.02,Suporte Forte,0,0
2005-01-31,6329.25,6934.21,7308.46,7610.94,7913.43,8344.07,8892.64,9589.88,10476.82,0.11,0.00,0.13,Suporte Forte,0,0
2005-02-01,6329.25,6934.21,7308.46,7610.94,7913.43,8344.07,8892.64,9589.88,10476.82,0.16,0.00,0.08,Suporte Forte,0,0
2005-02-02,6329.25,6934.21,7308.46,7610.94,7913.43,8344.07,8892.64,9589.88,10476.82,0.13,0.00,0.11,Suporte Forte,0,0
2005-02-03,6329.25,6934.21,7308.46,7610.94,7913.43,8344.07,8892.64,9589.88,10476.82,0.16,0.00,0.08,Suporte Forte,0,0
2005-02-04,6329.25,6934.21,7308.46,7610.94,7913.43,8344.07,8892.64,9589.88,10476.82,0.39,0.38,0.11,Zona de Consolidação,1,0
2005-02-07,6329.25,6934.21,7308.46,7610.94,7913.43,8344.07,8892.64,9589.88,10476.82,0.45,0.38,0.05,Zona de Consolidação,0,0
2005-02-08,6329.25,6934.21,7308.46,7610.94,7913.43,8344.07,8892.64,9589.88,10476.82,0.43,0.38,0.07,Zona de Consolidação,0,0
2005-02-09,6329.25,6934.21,7308.46,7610.94,7913.43,8344.07,8892.64,9589.88,10476.82,0.30,0.24,0.08,Suporte,0,0
2005-02-10,6329.25,6934.21,7308.46,7610.94,7913.43,8344.07,8892.64,9589.88,10476.82,0.62,0.62,0.17,Resistência,1,0
2005-02-11,6329.25,6934.21,7308.46,7610.94,7913.43,8344.07,8892.64,9589.88,10476.82,0.57,0.50,0.05,Zona de Consolidação,0,0
2005-02-14,6329.25,6934.21,7308.46,7610.94,7913.43,8344.07,8892.64,9589.88,10476.82,0.45,0.38,0.05,Zona de Consolidação,0,0
2005-02-15,6329.25,6934.21,7308.46,7610.94,7913.43,8344.07,8892.64,9589.88,10476.82,0.45,0.38,0.05,Zona de Consolidação,0,0
2005-02-16,6329.25,6934.21,7308.46,7610.94,7913.43,8344.07,8892.64,9589.88,10476.82,0.59,0.50,0.03,Zona de Consolidação,1,0
2005-02-17,6329.25,6934.21,7308.46,7610.94,7913.43,8344.07,8892.64,9589.88,10476.82,0.77,0.62,0.02,Resistência,0,1
2005-02-18,6329.25,6934.21,7308.46,7610.94,7913.43,8344.07,8892.64,9589.88,10476.82,0.60,0.50,0.02,Zona de Consolidação,1,0
2005-02-22,6329.25,6934.21,7308.46,7610.94,7913.43,8344.07,8892.64,9589.88,10476.82,0.47,0.38,0.03,Zona de Consolidação,0,0
2005-02-23,6329.25,6934.21,7308.46,7610.94,7913.43,8344.07,8892.64,9589.88,10476.82,0.47,0.38,0.03,Zona de Consolidação,0,0
2005-02-24,6329.25,6934.21,7308.46,7610.94,7913.43,8344.07,8892.64,9589.88,10476.82,0.47,0.38,0.03,Zona de Consolidação,0,0
2005-02-25,6329.25,6934.21,7308.46,7610.94,7913.43,8344.07,8892.64,9589.88,10476.82,0.46,0.38,0.04,Zona de Consolidação,0,0
2005-02-28,6329.25,6934.21,7308.46,7610.94,7913.43,8344.07,8892.64,9589.88,10476.82,0.41,0.38,0.09,Zona de Consolidação,0,0
2005-03-01,6329.25,6934.21,7308.46,7610.94,7913.43,8344.07,8892.64,9589.88,10476.82,0.48,0.38,0.02,Zona de Consolidação,0,0
2005-03-02,6329.25,6934.21,7308.46,7610.94,7913.43,8344.07,8892.64,9589.88,10476.82,0.41,0.38,0.09,Zona de Consolidação,1,0
2005-03-03,6329.25,6934.21,7308.46,7610.94,7913.43,8344.07,8892.64,9589.88,10476.82,0.40,0.38,0.10,Zona de Consolidação,1,0
2005-03-04,6329.25,6934.21,7308.46,7610.94,7913.43,8344.07,8892.64,9589.88,10476.82,0.17,0.00,0.07,Suporte Forte,0,0
2005-03-07,6329.25,6934.21,7308.46,7610.94,7913.43,8344.07,8892.64,9589.88,10476.82,0.38,0.24,0.00,Suporte,1,0
2005-03-08,6329.25,6934.21,7308.46,7610.94,7913.43,8344.07,8892.64,9589.88,10476.82,0.48,0.38,0.02,Zona de Consolidação,0,0
2005-03-09,6329.25,6934.21,7308.46,7610.94,7913.43,8344.07,8892.64,9589.88,10476.82,0.18,0.00,0.06,Suporte Forte,0,0
2005-03-10,6329.25,6934.21,7308.46,7610.94,7913.43,8344.07,8892.64,9589.88,10476.82,0.31,0.24,0.07,Suporte,0,0
2005-03-11,6329.25,6934.21,7308.46,7610.94,7913.43,8344.07,8892.64,9589.88,10476.82,0.36,0.24,0.02,Suporte,1,0
2005-03-14,6329.25,6934.21,7308.46,7610.94,7913.43,8344.07,8892.64,9589.88,10476.82,0.48,0.38,0.02,Zona de Consolidação,0,0
2005-03-15,6329.25,6934.21,7308.46,7610.94,7913.43,8344.07,8892.64,9589.88,10476.82,0.55,0.50,0.07,Zona de Consolidação,0,0
2005-03-16,6329.25,6846.22,7166.04,7424.52,7683.00,8051.01,8519.79,9115.62,9873.54,0.68,0.62,0.11,Resistência,0,0
2005-03-17,6329.25,6830.82,7141.11,7391.90,7642.68,7999.73,8454.54,9032.62,9767.97,0.62,0.62,0.17,Resistência,1,0
2005-03-18,6329.25,6830.82,7141.11,7391.90,7642.68,7999.73,8454.54,9032.62,9767.97,0.53,0.50,0.09,Zona de Consolidação,0,0
2005-03-21,6329.25,6830.82,7141.11,7391.90,7642.68,7999.73,8454.54,9032.62,9767.97,0.49,0.38,0.01,Zona de Consolidação,0,0
2005-03-22,6329.25,6830.82,7141.11,7391.90,7642.68,7999.73,8454.54,9032.62,9767.97,0.38,0.24,0.00,Suporte,1,0
2005-03-23,6329.25,6830.82,7141.11,7391.90,7642.68,7999.73,8454.54,9032.62,9767.97,0.37,0.24,0.01,Suporte,1,0
2005-03-24,6329.25,6830.82,7141.11,7391.90,7642.68,7999.73,8454.54,9032.62,9767.97,0.41,0.38,0.09,Zona de Consolidação,1,0
2005-03-28,6329.25,6830.82,7141.11,7391.90,7642.68,7999.73,8454.54,9032.62,9767.97,0.58,0.50,0.04,Zona de Consolidação,1,0
2005-03-29,6329.25,6830.82,7141.11,7391.90,7642.68,7999.73,8454.54,9032.62,9767.97,0.23,0.00,0.01,Suporte Forte,0,0
2005-03-30,6329.25,6830.82,7141.11,7391.90,7642.68,7999.73,8454.54,9032.62,9767.97,0.55,0.50,0.07,Zona de Consolidação,0,0
2005-03-31,6329.25,6830.82,7141.11,7391.90,7642.68,7999.73,8454.54,9032.62,9767.97,0.68,0.62,0.11,Resistência,0,0
2005-04-01,6329.25,6830.82,7141.11,7391.90,7642.68,7999.73,8454.54,9032.62,9767.97,0.42,0.38,0.08,Zona de Consolidação,0,0
2005-04-04,6329.25,6830.82,7141.11,7391.90,7642.68,7999.73,8454.54,9032.62,9767.97,0.51,0.50,0.11,Zona de Consolidação,0,0
2005-04-05,6329.25,6830.82,7141.11,7391.90,7642.68,7999.73,8454.54,9032.62,9767.97,0.59,0.50,0.03,Zona de Consolidação,1,0
2005-04-06,6329.25,6830.82,7141.11,7391.90,7642.68,7999.73,8454.54,9032.62,9767.97,0.44,0.38,0.06,Zona de Consolidação,0,0
2005-04-07,6329.25,6830.82,7141.11,7391.90,7642.68,7999.73,8454.54,9032.62,9767.97,0.50,0.50,0.12,Zona de Consolidação,0,0
2005-04-08,6329.25,6830.82,7141.11,7391.90,7642.68,7999.73,8454.54,9032.62,9767.97,0.32,0.24,0.06,Suporte,0,0
2005-04-11,6329.25,6830.82,7141.11,7391.90,7642.68,7999.73,8454.54,9032.62,9767.97,0.30,0.24,0.08,Suporte,0,0
2005-04-12,6329.25,6830.82,7141.11,7391.90,7642.68,7999.73,8454.54,9032.62,9767.97,0.21,0.00,0.03,Suporte Forte,0,0
2005-04-13,6431.79,6909.16,7204.48,7443.17,7681.85,8021.67,8454.54,9004.73,9704.60,0.12,0.00,0.12,Suporte Forte,0,0
2005-04-14,6319.93,6823.70,7135.35,7387.24,7639.12,7997.73,8454.54,9035.15,9773.73,0.14,0.00,0.10,Suporte Forte,0,0
2005-04-15,6301.29,6809.46,7123.83,7377.92,7632.00,7993.74,8454.54,9040.22,9785.25,0.01,0.00,0.23,Suporte Forte,0,0
2005-04-18,6264.00,6780.97,7100.79,7359.27,7617.75,7985.76,8454.54,9050.37,9808.29,0.18,0.00,0.06,Suporte Forte,0,0
2005-04-19,6264.00,6780.97,7100.79,7359.27,7617.75,7985.76,8454.54,9050.37,9808.29,0.16,0.00,0.08,Suporte Forte,0,0
2005-04-20,6264.00,6780.97,7100.79,7359.27,7617.75,7985.76,8454.54,9050.37,9808.29,0.11,0.00,0.13,Suporte Forte,0,0
2005-04-21,6264.00,6780.97,7100.79,7359.27,7617.75,7985.76,8454.54,9050.37,9808.29,0.35,0.24,0.03,Suporte,0,0
2005-04-22,6264.00,6780.97,7100.79,7359.27,7617.75,7985.76,8454.54,9050.37,9808.29,0.10,0.00,0.14,Suporte Forte,0,0
2005-04-25,6264.00,6780.97,7100.79,7359.27,7617.75,7985.76,8454.54,9050.37,9808.29,0.23,0.00,0.01,Suporte Forte,0,0
2005-04-26,6264.00,6780.97,7100.79,7359.27,7617.75,7985.76,8454.54,9050.37,9808.29,0.10,0.00,0.14,Suporte Forte,0,0
2005-04-27,6264.00,6780.97,7100.79,7359.27,7617.75,7985.76,8454.54,9050.37,9808.29,0.35,0.24,0.03,Suporte,0,0
2005-04-28,6264.00,6780.97,7100.79,7359.27,7617.75,7985.76,8454.54,9050.37,9808.29,0.01,0.00,0.23,Suporte Forte,0,0
2005-04-29,6264.00,6780.97,7100.79,7359.27,7617.75,7985.76,8454.54,9050.37,9808.29,0.26,0.24,0.12,Suporte,0,0
2005-05-02,6264.00,6780.97,7100.79,7359.27,7617.75,7985.76,8454.54,9050.37,9808.29,0.26,0.24,0.12,Suporte,0,0
2005-05-03,6264.00,6780.97,7100.79,7359.27,7617.75,7985.76,8454.54,9050.37,9808.29,0.19,0.00,0.05,Suporte Forte,0,0
2005-05-04,6264.00,6780.97,7100.79,7359.27,7617.75,7985.76,8454.54,9050.37,9808.29,0.17,0.00,0.07,Suporte Forte,0,0
2005-05-05,6264.00,6780.97,7100.79,7359.27,7617.75,7985.76,8454.54,9050.37,9808.29,0.43,0.38,0.07,Zona de Consolidação,0,0
2005-05-06,6264.00,6780.97,7100.79,7359.27,7617.75,7985.76,8454.54,9050.37,9808.29,0.43,0.38,0.07,Zona de Consolidação,0,0
2005-05-09,6264.00,6780.97,7100.79,7359.27,7617.75,7985.76,8454.54,9050.37,9808.29,0.49,0.38,0.01,Zona de Consolidação,0,0
2005-05-10,6264.00,6820.56,7164.88,7443.16,7721.44,8117.64,8622.32,9263.78,10079.76,0.80,0.79,0.20,Resistência Forte,0,1
2005-05-11,6264.00,6820.56,7164.88,7443.16,7721.44,8117.64,8622.32,9263.78,10079.76,0.67,0.62,0.12,Resistência,0,0
2005-05-12,6264.00,6820.56,7164.88,7443.16,7721.44,8117.64,8622.32,9263.78,10079.76,0.47,0.38,0.03,Zona de Consolidação,0,0
2005-05-13,6264.00,6835.96,7189.80,7475.78,7761.77,8168.93,8687.57,9346.78,10185.34,0.57,0.50,0.05,Zona de Consolidação,0,0
2005-05-16,6264.00,6835.96,7189.80,7475.78,7761.77,8168.93,8687.57,9346.78,10185.34,0.67,0.62,0.12,Resistência,0,0
2005-05-17,6264.00,6835.96,7189.80,7475.78,7761.77,8168.93,8687.57,9346.78,10185.34,0.70,0.62,0.09,Resistência,0,0
2005-05-18,6264.00,6835.96,7189.80,7475.78,7761.77,8168.93,8687.57,9346.78,10185.34,0.68,0.62,0.11,Resistência,0,0
2005-05-19,6264.00,6835.96,7189.80,7475.78,7761.77,8168.93,8687.57,9346.78,10185.34,0.66,0.62,0.13,Resistência,0,0
2005-05-20,6264.00,6835.96,7189.80,7475.78,7761.77,8168.93,8687.57,9346.78,10185.34,0.53,0.50,0.09,Zona de Consolidação,0,0
2005-05-23,6264.00,6835.96,7189.80,7475.78,7761.77,8168.93,8687.57,9346.78,10185.34,0.66,0.62,0.13,Resistência,0,0
2005-05-24,6264.00,6835.96,7189.80,7475.78,7761.77,8168.93,8687.57,9346.78,10185.34,0.50,0.50,0.12,Zona de Consolidação,0,0
2005-05-25,6264.00,6835.96,7189.80,7475.78,7761.77,8168.93,8687.57,9346.78,10185.34,0.32,0.24,0.06,Suporte,0,0
2005-05-26,6264.00,6835.96,7189.80,7475.78,7761.77,8168.93,8687.57,9346.78,10185.34,0.38,0.24,0.00,Suporte,1,0
2005-05-27,6264.00,6835.96,7189.80,7475.78,7761.77,8168.93,8687.57,9346.78,10185.34,0.40,0.38,0.10,Zona de Consolidação,1,0
2005-05-31,6264.00,6835.96,7189.80,7475.78,7761.77,8168.93,8687.57,9346.78,10185.34,0.38,0.24,0.00,Suporte,1,0
2005-06-01,6264.00,6835.96,7189.80,7475.78,7761.77,8168.93,8687.57,9346.78,10185.34,0.55,0.50,0.07,Zona de Consolidação,0,0
2005-06-02,6264.00,6835.96,7189.80,7475.78,7761.77,8168.93,8687.57,9346.78,10185.34,0.58,0.50,0.04,Zona de Consolidação,0,0
2005-06-03,6264.00,6835.96,7189.80,7475.78,7761.77,8168.93,8687.57,9346.78,10185.34,0.51,0.50,0.11,Zona de Consolidação,0,0
2005-06-06,6264.00,6835.96,7189.80,7475.78,7761.77,8168.93,8687.57,9346.78,10185.34,0.60,0.50,0.02,Zona de Consolidação,1,0
2005-06-07,6264.00,6835.96,7189.80,7475.78,7761.77,8168.93,8687.57,9346.78,10185.34,0.45,0.38,0.05,Zona de Consolidação,0,0
2005-06-08,6264.00,6835.96,7189.80,7475.78,7761.77,8168.93,8687.57,9346.78,10185.34,0.61,0.50,0.01,Zona de Consolidação,1,0
2005-06-09,6264.00,6835.96,7189.80,7475.78,7761.77,8168.93,8687.57,9346.78,10185.34,0.67,0.62,0.12,Resistência,0,0
2005-06-10,6264.00,6835.96,7189.80,7475.78,7761.77,8168.93,8687.57,9346.78,10185.34,0.55,0.50,0.07,Zona de Consolidação,0,0
2005-06-13,6264.00,6835.96,7189.80,7475.78,7761.77,8168.93,8687.57,9346.78,10185.34,0.50,0.50,0.12,Zona de Consolidação,0,0
2005-06-14,6264.00,6835.96,7189.80,7475.78,7761.77,8168.93,8687.57,9346.78,10185.34,0.68,0.62,0.11,Resistência,0,0
2005-06-15,6264.00,6835.96,7189.80,7475.78,7761.77,8168.93,8687.57,9346.78,10185.34,0.60,0.50,0.02,Zona de Consolidação,1,0
2005-06-16,6264.00,6835.96,7189.80,7475.78,7761.77,8168.93,8687.57,9346.78,10185.34,0.73,0.62,0.06,Resistência,0,0
2005-06-17,6264.00,6835.96,7189.80,7475.78,7761.77,8168.93,8687.57,9346.78,10185.34,0.47,0.38,0.03,Zona de Consolidação,0,0
2005-06-20,6264.00,6835.96,7189.80,7475.78,7761.77,8168.93,8687.57,9346.78,10185.34,0.37,0.24,0.01,Suporte,1,0
2005-06-21,6264.00,6835.96,7189.80,7475.78,7761.77,8168.93,8687.57,9346.78,10185.34,0.30,0.24,0.08,Suporte,0,0
2005-06-22,6264.00,6835.96,7189.80,7475.78,7761.77,8168.93,8687.57,9346.78,10185.34,0.25,0.24,0.13,Suporte,0,0
2005-06-23,6264.00,6835.96,7189.80,7475.78,7761.77,8168.93,8687.57,9346.78,10185.34,0.16,0.00,0.08,Suporte Forte,0,0
2005-06-24,6264.00,6835.96,7189.80,7475.78,7761.77,8168.93,8687.57,9346.78,10185.34,0.37,0.24,0.01,Suporte,1,0
2005-06-27,6264.00,6835.96,7189.80,7475.78,7761.77,8168.93,8687.57,9346.78,10185.34,0.40,0.38,0.10,Zona de Consolidação,1,0
2005-06-28,6282.64,6850.20,7201.32,7485.10,7768.89,8172.91,8687.57,9341.71,10173.82,0.43,0.38,0.07,Zona de Consolidação,0,0
2005-06-29,6282.64,6850.20,7201.32,7485.10,7768.89,8172.91,8687.57,9341.71,10173.82,0.37,0.24,0.01,Suporte,1,0
2005-06-30,6282.64,6850.20,7201.32,7485.10,7768.89,8172.91,8687.57,9341.71,10173.82,0.15,0.00,0.09,Suporte Forte,0,0
2005-07-01,6282.64,6850.20,7201.32,7485.10,7768.89,8172.91,8687.57,9341.71,10173.82,0.13,0.00,0.11,Suporte Forte,0,0
2005-07-05,6282.64,6850.20,7201.32,7485.10,7768.89,8172.91,8687.57,9341.71,10173.82,0.48,0.38,0.02,Zona de Consolidação,0,0
2005-07-06,6282.64,6850.20,7201.32,7485.10,7768.89,8172.91,8687.57,9341.71,10173.82,0.34,0.24,0.04,Suporte,0,0
2005-07-07,6282.64,6850.20,7201.32,7485.10,7768.89,8172.91,8687.57,9341.71,10173.82,0.17,0.00,0.07,Suporte Forte,0,0
2005-07-08,6282.64,6850.20,7201.32,7485.10,7768.89,8172.91,8687.57,9341.71,10173.82,0.29,0.24,0.09,Suporte,0,0
2005-07-11,6347.89,6900.05,7241.65,7517.73,7793.81,8186.88,8687.57,9323.96,10133.49,0.39,0.38,0.11,Zona de Consolidação,1,0
2005-07-12,6506.36,7021.13,7339.58,7596.96,7854.35,8220.79,8687.57,9280.86,10035.56,0.26,0.24,0.12,Suporte,0,0
2005-07-13,6506.36,7021.13,7339.58,7596.96,7854.35,8220.79,8687.57,9280.86,10035.56,0.16,0.00,0.08,Suporte Forte,0,0
2005-07-14,6506.36,7021.13,7339.58,7596.96,7854.35,8220.79,8687.57,9280.86,10035.56,0.11,0.00,0.13,Suporte Forte,0,0
2005-07-15,6506.36,7021.13,7339.58,7596.96,7854.35,8220.79,8687.57,9280.86,10035.56,0.09,0.00,0.15,Suporte Forte,0,0
2005-07-18,6506.36,7021.13,7339.58,7596.96,7854.35,8220.79,8687.57,9280.86,10035.56,0.07,0.00,0.17,Suporte Forte,0,0
2005-07-19,6506.36,7021.13,7339.58,7596.96,7854.35,8220.79,8687.57,9280.86,10035.56,0.22,0.00,0.02,Suporte Forte,0,0
2005-07-20,6506.36,7021.13,7339.58,7596.96,7854.35,8220.79,8687.57,9280.86,10035.56,0.23,0.00,0.01,Suporte Forte,0,0
2005-07-21,6506.36,7021.13,7339.58,7596.96,7854.35,8220.79,8687.57,9280.86,10035.56,0.13,0.00,0.11,Suporte Forte,0,0
2005-07-22,6506.36,7021.13,7339.58,7596.96,7854.35,8220.79,8687.57,9280.86,10035.56,0.19,0.00,0.05,Suporte Forte,0,0
2005-07-25,6506.36,7021.13,7339.58,7596.96,7854.35,8220.79,8687.57,9280.86,10035.56,0.12,0.00,0.12,Suporte Forte,0,0
2005-07-26,6506.36,6902.33,7147.30,7345.28,7543.27,7825.15,8184.21,8640.59,9221.12,0.17,0.00,0.07,Suporte Forte,0,0
2005-07-27,6506.36,6902.33,7147.30,7345.28,7543.27,7825.15,8184.21,8640.59,9221.12,0.12,0.00,0.12,Suporte Forte,0,0
2005-07-28,6506.36,6902.33,7147.30,7345.28,7543.27,7825.15,8184.21,8640.59,9221.12,0.09,0.00,0.15,Suporte Forte,0,0
2005-07-29,6487.71,6855.09,7082.36,7266.05,7449.74,7711.26,8044.39,8467.81,9006.42,0.02,0.00,0.22,Suporte Forte,0,0
2005-08-01,6301.29,6712.66,6967.15,7172.84,7378.53,7671.37,8044.39,8518.51,9121.63,0.10,0.00,0.14,Suporte Forte,0,0
2005-08-02,6301.29,6712.66,6967.15,7172.84,7378.53,7671.37,8044.39,8518.51,9121.63,0.14,0.00,0.10,Suporte Forte,0,0
2005-08-03,6301.29,6712.66,6967.15,7172.84,7378.53,7671.37,8044.39,8518.51,9121.63,0.16,0.00,0.08,Suporte Forte,0,0
2005-08-04,6301.29,6712.66,6967.15,7172.84,7378.53,7671.37,8044.39,8518.51,9121.63,0.04,0.00,0.20,Suporte Forte,0,0
2005-08-05,6282.64,6698.41,6955.63,7163.52,7371.40,7667.38,8044.39,8523.59,9133.15,0.01,0.00,0.23,Suporte Forte,0,0
2005-08-08,6040.29,6513.26,6805.86,7042.34,7278.82,7615.51,8044.39,8589.51,9282.92,0.00,0.00,0.24,Suporte Forte,0,0
2005-08-09,5947.07,6442.04,6748.25,6995.73,7243.21,7595.56,8044.39,8614.86,9340.53,0.00,0.00,0.24,Suporte Forte,0,0
2005-08-10,5630.14,6199.90,6552.38,6837.26,7122.15,7527.74,8044.39,8701.07,9536.40,0.08,0.00,0.16,Suporte Forte,0,0
2005-08-11,5630.14,6199.90,6552.38,6837.26,7122.15,7527.74,8044.39,8701.07,9536.40,0.12,0.00,0.12,Suporte Forte,0,0
2005-08-12,5611.50,6185.66,6540.86,6827.94,7115.03,7523.75,8044.39,8706.14,9547.92,0.03,0.00,0.21,Suporte Forte,0,0
2005-08-15,5602.18,6178.54,6535.10,6823.28,7111.47,7521.76,8044.39,8708.67,9553.68,0.05,0.00,0.19,Suporte Forte,0,0
2005-08-16,5602.18,6178.54,6535.10,6823.28,7111.47,7521.76,8044.39,8708.67,9553.68,0.01,0.00,0.23,Suporte Forte,0,0
2005-08-17,5453.04,6064.60,6442.94,6748.72,7054.49,7489.84,8044.39,8749.24,9645.84,0.05,0.00,0.19,Suporte Forte,0,0
2005-08-18,5453.04,6064.60,6442.94,6748.72,7054.49,7489.84,8044.39,8749.24,9645.84,0.07,0.00,0.17,Suporte Forte,0,0
2005-08-19,5453.04,6064.60,6442.94,6748.72,7054.49,7489.84,8044.39,8749.24,9645.84,0.06,0.00,0.18,Suporte Forte,0,0
2005-08-22,5453.04,6064.60,6442.94,6748.72,7054.49,7489.84,8044.39,8749.24,9645.84,0.10,0.00,0.14,Suporte Forte,0,0
2005-08-23,5453.04,6064.60,6442.94,6748.72,7054.49,7489.84,8044.39,8749.24,9645.84,0.06,0.00,0.18,Suporte Forte,0,0
2005-08-24,5453.04,6064.60,6442.94,6748.72,7054.49,7489.84,8044.39,8749.24,9645.84,0.10,0.00,0.14,Suporte Forte,0,0
2005-08-25,5453.04,6064.60,6442.94,6748.72,7054.49,7489.84,8044.39,8749.24,9645.84,0.19,0.00,0.05,Suporte Forte,0,0
2005-08-26,5453.04,5983.20,6311.19,6576.27,6841.35,7218.76,7699.50,8310.54,9087.81,0.21,0.00,0.03,Suporte Forte,0,0
2005-08-29,5453.04,5921.61,6211.49,6445.77,6680.05,7013.61,7438.50,7978.55,8665.51,0.33,0.24,0.05,Suporte,0,0
2005-08-30,5453.04,5921.61,6211.49,6445.77,6680.05,7013.61,7438.50,7978.55,8665.51,0.48,0.38,0.02,Zona de Consolidação,0,0
2005-08-31,5453.04,5921.61,6211.49,6445.77,6680.05,7013.61,7438.50,7978.55,8665.51,0.54,0.50,0.08,Zona de Consolidação,0,0
2005-09-01,5453.04,5921.61,6211.49,6445.77,6680.05,7013.61,7438.50,7978.55,8665.51,0.58,0.50,0.04,Zona de Consolidação,0,0
2005-09-02,5453.04,5921.61,6211.49,6445.77,6680.05,7013.61,7438.50,7978.55,8665.51,0.56,0.50,0.06,Zona de Consolidação,0,0
2005-09-06,5453.04,5921.61,6211.49,6445.77,6680.05,7013.61,7438.50,7978.55,8665.51,0.64,0.62,0.15,Resistência,1,0
2005-09-07,5453.04,5921.61,6211.49,6445.77,6680.05,7013.61,7438.50,7978.55,8665.51,0.67,0.62,0.12,Resistência,0,0
2005-09-08,5453.04,5921.61,6211.49,6445.77,6680.05,7013.61,7438.50,7978.55,8665.51,0.63,0.62,0.16,Resistência,1,0
2005-09-09,5453.04,5921.61,6211.49,6445.77,6680.05,7013.61,7438.50,7978.55,8665.51,0.53,0.50,0.09,Zona de Consolidação,0,0
2005-09-12,5453.04,5921.61,6211.49,6445.77,6680.05,7013.61,7438.50,7978.55,8665.51,0.51,0.50,0.11,Zona de Consolidação,0,0
2005-09-13,5453.04,5921.61,6211.49,6445.77,6680.05,7013.61,7438.50,7978.55,8665.51,0.49,0.38,0.01,Zona de Consolidação,0,0
2005-09-14,5453.04,5919.41,6207.93,6441.11,6674.29,7006.29,7429.18,7966.69,8650.43,0.41,0.38,0.09,Zona de Consolidação,1,0
2005-09-15,5453.04,5879.81,6143.83,6357.22,6570.60,6874.40,7261.39,7753.26,8378.95,0.27,0.24,0.11,Suporte,0,0
2005-09-16,5453.04,5879.81,6143.83,6357.22,6570.60,6874.40,7261.39,7753.26,8378.95,0.27,0.24,0.11,Suporte,0,0
2005-09-19,5453.04,5879.81,6143.83,6357.22,6570.60,6874.40,7261.39,7753.26,8378.95,0.09,0.00,0.15,Suporte Forte,0,0
2005-09-20,5453.04,5879.81,6143.83,6357.22,6570.60,6874.40,7261.39,7753.26,8378.95,0.08,0.00,0.16,Suporte Forte,0,0
2005-09-21,5453.04,5838.02,6076.18,6268.66,6461.15,6735.20,7084.29,7527.99,8092.40,0.07,0.00,0.17,Suporte Forte,0,0
2005-09-22,5453.04,5822.62,6051.25,6236.04,6420.83,6683.92,7019.04,7444.99,7986.83,0.25,0.24,0.13,Suporte,0,0
2005-09-23,5453.04,5822.62,6051.25,6236.04,6420.83,6683.92,7019.04,7444.99,7986.83,0.03,0.00,0.21,Suporte Forte,0,0
2005-09-26,5453.04,5822.62,6051.25,6236.04,6420.83,6683.92,7019.04,7444.99,7986.83,0.12,0.00,0.12,Suporte Forte,0,0
2005-09-27,5453.04,5822.62,6051.25,6236.04,6420.83,6683.92,7019.04,7444.99,7986.83,0.09,0.00,0.15,Suporte Forte,0,0
2005-09-28,5378.46,5765.64,6005.16,6198.75,6392.34,6667.96,7019.04,7465.28,8032.92,0.18,0.00,0.06,Suporte Forte,0,0
2005-09-29,5341.18,5732.75,5975.00,6170.78,6366.57,6645.32,7000.39,7451.70,8025.78,0.08,0.00,0.16,Suporte Forte,0,0
2005-09-30,5294.57,5697.14,5946.19,6147.48,6348.77,6635.34,7000.39,7464.37,8054.59,0.07,0.00,0.17,Suporte Forte,0,0
2005-10-03,5154.75,5590.32,5859.78,6077.57,6295.36,6605.42,7000.39,7502.40,8141.00,0.10,0.00,0.14,Suporte Forte,0,0
2005-10-04,5154.75,5581.52,5845.54,6058.93,6272.32,6576.12,6963.11,7454.98,8080.68,0.06,0.00,0.18,Suporte Forte,0,0
2005-10-05,5154.75,5581.52,5845.54,6058.93,6272.32,6576.12,6963.11,7454.98,8080.68,0.12,0.00,0.12,Suporte Forte,0,0
2005-10-06,5154.75,5581.52,5845.54,6058.93,6272.32,6576.12,6963.11,7454.98,8080.68,0.31,0.24,0.07,Suporte,0,0
2005-10-07,5154.75,5581.52,5845.54,6058.93,6272.32,6576.12,6963.11,7454.98,8080.68,0.59,0.50,0.03,Zona de Consolidação,1,0
2005-10-10,5154.75,5548.53,5792.13,5989.02,6185.91,6466.22,6823.29,7277.13,7854.45,0.47,0.38,0.03,Zona de Consolidação,0,0
2005-10-11,5154.75,5548.53,5792.13,5989.02,6185.91,6466.22,6823.29,7277.13,7854.45,0.39,0.38,0.11,Zona de Consolidação,1,0
2005-10-12,5154.75,5548.53,5792.13,5989.02,6185.91,6466.22,6823.29,7277.13,7854.45,0.35,0.24,0.03,Suporte,0,0
2005-10-13,5154.75,5548.53,5792.13,5989.02,6185.91,6466.22,6823.29,7277.13,7854.45,0.28,0.24,0.10,Suporte,0,0
2005-10-14,5154.75,5548.53,5792.13,5989.02,6185.91,6466.22,6823.29,7277.13,7854.45,0.40,0.38,0.10,Zona de Consolidação,1,0
2005-10-17,5154.75,5548.53,5792.13,5989.02,6185.91,6466.22,6823.29,7277.13,7854.45,0.50,0.50,0.12,Zona de Consolidação,0,0
2005-10-18,5154.75,5548.53,5792.13,5989.02,6185.91,6466.22,6823.29,7277.13,7854.45,0.61,0.50,0.01,Zona de Consolidação,1,0
2005-10-19,5154.75,5548.53,5792.13,5989.02,6185.91,6466.22,6823.29,7277.13,7854.45,0.70,0.62,0.09,Resistência,0,0
2005-10-20,5154.75,5548.53,5792.13,5989.02,6185.91,6466.22,6823.29,7277.13,7854.45,0.66,0.62,0.13,Resistência,0,0
2005-10-21,5154.75,5548.53,5792.13,5989.02,6185.91,6466.22,6823.29,7277.13,7854.45,0.66,0.62,0.13,Resistência,0,0
2005-10-24,5154.75,5579.32,5841.98,6054.27,6266.56,6568.80,6953.79,7443.13,8065.60,0.92,0.79,0.08,Resistência Forte,0,0
2005-10-25,5154.75,5583.72,5849.10,6063.59,6278.08,6583.45,6972.43,7466.84,8095.76,0.81,0.79,0.19,Resistência Forte,0,1
2005-10-26,5154.75,5583.72,5849.10,6063.59,6278.08,6583.45,6972.43,7466.84,8095.76,0.81,0.79,0.19,Resistência Forte,0,1
2005-10-27,5154.75,5596.92,5870.47,6091.56,6312.64,6627.41,7028.36,7537.98,8186.25,0.88,0.79,0.12,Resistência Forte,0,0
2005-10-28,5154.75,5596.92,5870.47,6091.56,6312.64,6627.41,7028.36,7537.98,8186.25,0.83,0.79,0.17,Resistência Forte,0,0
2005-10-31,5154.75,5596.92,5870.47,6091.56,6312.64,6627.41,7028.36,7537.98,8186.25,0.70,0.62,0.09,Resistência,0,0
2005-11-01,5154.75,5596.92,5870.47,6091.56,6312.64,6627.41,7028.36,7537.98,8186.25,0.79,0.79,0.21,Resistência Forte,0,1
2005-11-02,5154.75,5599.12,5874.03,6096.22,6318.40,6634.73,7037.68,7549.84,8201.33,0.92,0.79,0.08,Resistência Forte,0,0
2005-11-03,5154.75,5610.12,5891.83,6119.52,6347.21,6671.37,7084.29,7609.12,8276.75,0.73,0.62,0.06,Resistência,0,0
2005-11-04,5154.75,5610.12,5891.83,6119.52,6347.21,6671.37,7084.29,7609.12,8276.75,0.80,0.79,0.20,Resistência Forte,0,1
2005-11-07,5154.75,5616.72,5902.52,6133.50,6364.48,6693.34,7112.25,7644.69,8321.98,1.00,1.00,0.27,Resistência Forte,0,1
2005-11-08,5154.75,5737.71,6098.36,6389.84,6681.32,7096.31,7624.93,8296.82,9151.50,0.91,0.79,0.09,Resistência Forte,0,0
2005-11-09,5154.75,5737.71,6098.36,6389.84,6681.32,7096.31,7624.93,8296.82,9151.50,0.80,0.79,0.20,Resistência Forte,0,1
2005-11-10,5154.75,5739.91,6101.92,6394.50,6687.08,7103.64,7634.25,8308.67,9166.58,0.87,0.79,0.13,Resistência Forte,0,0
2005-11-11,5154.75,5739.91,6101.92,6394.50,6687.08,7103.64,7634.25,8308.67,9166.58,0.88,0.79,0.12,Resistência Forte,0,0
2005-11-14,5154.75,5739.91,6101.92,6394.50,6687.08,7103.64,7634.25,8308.67,9166.58,0.94,0.79,0.06,Resistência Forte,0,0
2005-11-15,5154.75,5739.91,6101.92,6394.50,6687.08,7103.64,7634.25,8308.67,9166.58,0.92,0.79,0.08,Resistência Forte,0,0
2005-11-16,5154.75,5739.91,6101.92,6394.50,6687.08,7103.64,7634.25,8308.67,9166.58,0.83,0.79,0.17,Resistência Forte,0,0
2005-11-17,5154.75,5739.91,6101.92,6394.50,6687.08,7103.64,7634.25,8308.67,9166.58,0.86,0.79,0.14,Resistência Forte,0,0
2005-11-18,5154.75,5739.91,6101.92,6394.50,6687.08,7103.64,7634.25,8308.67,9166.58,0.89,0.79,0.11,Resistência Forte,0,0
2005-11-21,5154.75,5739.91,6101.92,6394.50,6687.08,7103.64,7634.25,8308.67,9166.58,0.95,0.79,0.05,Resistência Forte,0,0
2005-11-22,5154.75,5739.91,6101.92,6394.50,6687.08,7103.64,7634.25,8308.67,9166.58,0.94,0.79,0.06,Resistência Forte,0,0
2005-11-23,5154.75,5739.91,6101.92,6394.50,6687.08,7103.64,7634.25,8308.67,9166.58,0.93,0.79,0.07,Resistência Forte,0,0
2005-11-25,5154.75,5739.91,6101.92,6394.50,6687.08,7103.64,7634.25,8308.67,9166.58,0.93,0.79,0.07,Resistência Forte,0,0
2005-11-28,5154.75,5753.11,6123.28,6422.46,6721.65,7147.60,7690.18,8379.82,9257.08,0.91,0.79,0.09,Resistência Forte,0,0
2005-11-29,5154.75,5753.11,6123.28,6422.46,6721.65,7147.60,7690.18,8379.82,9257.08,0.76,0.62,0.03,Resistência,0,1
2005-11-30,5154.75,5753.11,6123.28,6422.46,6721.65,7147.60,7690.18,8379.82,9257.08,0.78,0.62,0.01,Resistência,0,1
2005-12-01,5154.75,5753.11,6123.28,6422.46,6721.65,7147.60,7690.18,8379.82,9257.08,0.77,0.62,0.02,Resistência,0,1
2005-12-02,5154.75,5753.11,6123.28,6422.46,6721.65,7147.60,7690.18,8379.82,9257.08,0.78,0.62,0.01,Resistência,0,1
2005-12-05,5154.75,5753.11,6123.28,6422.46,6721.65,7147.60,7690.18,8379.82,9257.08,0.83,0.79,0.17,Resistência Forte,0,0
2005-12-06,5154.75,5753.11,6123.28,6422.46,6721.65,7147.60,7690.18,8379.82,9257.08,0.70,0.62,0.09,Resistência,0,0
2005-12-07,5154.75,5753.11,6123.28,6422.46,6721.65,7147.60,7690.18,8379.82,9257.08,0.66,0.62,0.13,Resistência,0,0
2005-12-08,5154.75,5753.11,6123.28,6422.46,6721.65,7147.60,7690.18,8379.82,9257.08,0.71,0.62,0.08,Resistência,0,0
2005-12-09,5154.75,5753.11,6123.28,6422.46,6721.65,7147.60,7690.18,8379.82,9257.08,0.78,0.62,0.01,Resistência,0,1
2005-12-12,5154.75,5753.11,6123.28,6422.46,6721.65,7147.60,7690.18,8379.82,9257.08,0.81,0.79,0.19,Resistência Forte,0,1
2005-12-13,5257.29,5831.45,6186.65,6473.74,6760.82,7169.54,7690.18,8351.93,9193.71,0.72,0.62,0.07,Resistência,0,0
2005-12-14,5257.29,5831.45,6186.65,6473.74,6760.82,7169.54,7690.18,8351.93,9193.71,0.61,0.50,0.01,Zona de Consolidação,1,0
2005-12-15,5378.46,5924.03,6261.54,6534.32,6807.10,7195.47,7690.18,8318.97,9118.82,0.62,0.62,0.17,Resistência,1,0
2005-12-16,5378.46,5924.03,6261.54,6534.32,6807.10,7195.47,7690.18,8318.97,9118.82,0.55,0.50,0.07,Zona de Consolidação,0,0
2005-12-19,5378.46,5924.03,6261.54,6534.32,6807.10,7195.47,7690.18,8318.97,9118.82,0.29,0.24,0.09,Suporte,0,0
2005-12-20,5378.46,5924.03,6261.54,6534.32,6807.10,7195.47,7690.18,8318.97,9118.82,0.33,0.24,0.05,Suporte,0,0
2005-12-21,5378.46,5924.03,6261.54,6534.32,6807.10,7195.47,7690.18,8318.97,9118.82,0.14,0.00,0.10,Suporte Forte,0,0
2005-12-22,5378.46,5924.03,6261.54,6534.32,6807.10,7195.47,7690.18,8318.97,9118.82,0.11,0.00,0.13,Suporte Forte,0,0
2005-12-23,5378.46,5924.03,6261.54,6534.32,6807.10,7195.47,7690.18,8318.97,9118.82,0.10,0.00,0.14,Suporte Forte,0,0
2005-12-27,5294.57,5859.93,6209.69,6492.38,6775.06,7177.52,7690.18,8341.79,9170.67,0.07,0.00,0.17,Suporte Forte,0,0
2005-12-28,5294.57,5859.93,6209.69,6492.38,6775.06,7177.52,7690.18,8341.79,9170.67,0.16,0.00,0.08,Suporte Forte,0,0
2005-12-29,5294.57,5859.93,6209.69,6492.38,6775.06,7177.52,7690.18,8341.79,9170.67,0.21,0.00,0.03,Suporte Forte,0,0
2005-12-30,5294.57,5859.93,6209.69,6492.38,6775.06,7177.52,7690.18,8341.79,9170.67,0.22,0.00,0.02,Suporte Forte,0,0
2006-01-03,5294.57,5859.93,6209.69,6492.38,6775.06,7177.52,7690.18,8341.79,9170.67,0.47,0.38,0.03,Zona de Consolidação,0,0
2006-01-04,5294.57,5859.93,6209.69,6492.38,6775.06,7177.52,7690.18,8341.79,9170.67,0.41,0.38,0.09,Zona de Consolidação,0,0
2006-01-05,5294.57,5859.93,6209.69,6492.38,6775.06,7177.52,7690.18,8341.79,9170.67,0.42,0.38,0.08,Zona de Consolidação,0,0
2006-01-06,5294.57,5859.93,6209.69,6492.38,6775.06,7177.52,7690.18,8341.79,9170.67,0.43,0.38,0.07,Zona de Consolidação,0,0
2006-01-09,5294.57,5859.93,6209.69,6492.38,6775.06,7177.52,7690.18,8341.79,9170.67,0.53,0.50,0.09,Zona de Consolidação,0,0
2006-01-10,5294.57,5859.93,6209.69,6492.38,6775.06,7177.52,7690.18,8341.79,9170.67,0.56,0.50,0.06,Zona de Consolidação,0,0
2006-01-11,5294.57,5859.93,6209.69,6492.38,6775.06,7177.52,7690.18,8341.79,9170.67,0.27,0.24,0.11,Suporte,0,0
2006-01-12,5294.57,5859.93,6209.69,6492.38,6775.06,7177.52,7690.18,8341.79,9170.67,0.24,0.24,0.14,Suporte,0,0
2006-01-13,5294.57,5859.93,6209.69,6492.38,6775.06,7177.52,7690.18,8341.79,9170.67,0.30,0.24,0.08,Suporte,0,0
2006-01-17,5294.57,5859.93,6209.69,6492.38,6775.06,7177.52,7690.18,8341.79,9170.67,0.28,0.24,0.10,Suporte,0,0
2006-01-18,5294.57,5859.93,6209.69,6492.38,6775.06,7177.52,7690.18,8341.79,9170.67,0.24,0.24,0.14,Suporte,0,0
2006-01-19,5294.57,5859.93,6209.69,6492.38,6775.06,7177.52,7690.18,8341.79,9170.67,0.42,0.38,0.08,Zona de Consolidação,0,0
2006-01-20,5294.57,5859.93,6209.69,6492.38,6775.06,7177.52,7690.18,8341.79,9170.67,0.32,0.24,0.06,Suporte,0,0
2006-01-23,5294.57,5859.93,6209.69,6492.38,6775.06,7177.52,7690.18,8341.79,9170.67,0.51,0.50,0.11,Zona de Consolidação,0,0
2006-01-24,5294.57,5859.93,6209.69,6492.38,6775.06,7177.52,7690.18,8341.79,9170.67,0.44,0.38,0.06,Zona de Consolidação,0,0
2006-01-25,5294.57,5859.93,6209.69,6492.38,6775.06,7177.52,7690.18,8341.79,9170.67,0.47,0.38,0.03,Zona de Consolidação,0,0
2006-01-26,5294.57,5859.93,6209.69,6492.38,6775.06,7177.52,7690.18,8341.79,9170.67,0.54,0.50,0.08,Zona de Consolidação,0,0
2006-01-27,5294.57,5859.93,6209.69,6492.38,6775.06,7177.52,7690.18,8341.79,9170.67,0.45,0.38,0.05,Zona de Consolidação,0,0
2006-01-30,5294.57,5859.93,6209.69,6492.38,6775.06,7177.52,7690.18,8341.79,9170.67,0.45,0.38,0.05,Zona de Consolidação,0,0
2006-01-31,5294.57,5859.93,6209.69,6492.38,6775.06,7177.52,7690.18,8341.79,9170.67,0.43,0.38,0.07,Zona de Consolidação,0,0
2006-02-01,5294.57,5859.93,6209.69,6492.38,6775.06,7177.52,7690.18,8341.79,9170.67,0.49,0.38,0.01,Zona de Consolidação,0,0
2006-02-02,5294.57,5859.93,6209.69,6492.38,6775.06,7177.52,7690.18,8341.79,9170.67,0.18,0.00,0.06,Suporte Forte,0,0
2006-02-03,5294.57,5859.93,6209.69,6492.38,6775.06,7177.52,7690.18,8341.79,9170.67,0.27,0.24,0.11,Suporte,0,0
2006-02-06,5294.57,5859.93,6209.69,6492.38,6775.06,7177.52,7690.18,8341.79,9170.67,0.34,0.24,0.04,Suporte,0,0
2006-02-07,5294.57,5859.93,6209.69,6492.38,6775.06,7177.52,7690.18,8341.79,9170.67,0.33,0.24,0.05,Suporte,0,0
2006-02-08,5294.57,5859.93,6209.69,6492.38,6775.06,7177.52,7690.18,8341.79,9170.67,0.28,0.24,0.10,Suporte,0,0
2006-02-09,5294.57,5840.14,6177.65,6450.43,6723.21,7111.58,7606.29,8235.08,9034.93,0.17,0.00,0.07,Suporte Forte,0,0
2006-02-10,5294.57,5807.14,6124.23,6380.52,6636.80,7001.68,7466.46,8057.21,8808.69,0.18,0.00,0.06,Suporte Forte,0,0
2006-02-13,5294.57,5807.14,6124.23,6380.52,6636.80,7001.68,7466.46,8057.21,8808.69,0.24,0.24,0.14,Suporte,0,0
2006-02-14,5294.57,5807.14,6124.23,6380.52,6636.80,7001.68,7466.46,8057.21,8808.69,0.42,0.38,0.08,Zona de Consolidação,0,0
2006-02-15,5294.57,5804.94,6120.67,6375.86,6631.04,6994.35,7457.14,8045.36,8793.61,0.61,0.50,0.01,Zona de Consolidação,1,0
2006-02-16,5294.57,5804.94,6120.67,6375.86,6631.04,6994.35,7457.14,8045.36,8793.61,0.40,0.38,0.10,Zona de Consolidação,1,0
2006-02-17,5294.57,5780.74,6081.51,6324.59,6567.67,6913.76,7354.61,7914.94,8627.71,0.31,0.24,0.07,Suporte,0,0
2006-02-21,5294.57,5780.74,6081.51,6324.59,6567.67,6913.76,7354.61,7914.94,8627.71,0.31,0.24,0.07,Suporte,0,0
2006-02-22,5294.57,5780.74,6081.51,6324.59,6567.67,6913.76,7354.61,7914.94,8627.71,0.24,0.24,0.14,Suporte,0,0
2006-02-23,5294.57,5780.74,6081.51,6324.59,6567.67,6913.76,7354.61,7914.94,8627.71,0.24,0.24,0.14,Suporte,0,0
2006-02-24,5294.57,5780.74,6081.51,6324.59,6567.67,6913.76,7354.61,7914.94,8627.71,0.28,0.24,0.10,Suporte,0,0
2006-02-27,5294.57,5708.14,5964.00,6170.78,6377.57,6671.98,7047.00,7523.66,8130.00,0.36,0.24,0.02,Suporte,1,0
2006-02-28,5294.57,5708.14,5964.00,6170.78,6377.57,6671.98,7047.00,7523.66,8130.00,0.30,0.24,0.08,Suporte,0,0
2006-03-01,5294.57,5648.75,5867.86,6044.94,6222.03,6474.16,6795.32,7203.52,7722.78,0.39,0.38,0.11,Zona de Consolidação,1,0
2006-03-02,5294.57,5648.75,5867.86,6044.94,6222.03,6474.16,6795.32,7203.52,7722.78,0.29,0.24,0.09,Suporte,0,0
2006-03-03,5294.57,5648.75,5867.86,6044.94,6222.03,6474.16,6795.32,7203.52,7722.78,0.19,0.00,0.05,Suporte Forte,0,0
2006-03-06,5294.57,5648.75,5867.86,6044.94,6222.03,6474.16,6795.32,7203.52,7722.78,0.22,0.00,0.02,Suporte Forte,0,0
2006-03-07,5173.39,5556.17,5792.97,5984.36,6175.74,6448.23,6795.32,7236.48,7797.67,0.01,0.00,0.23,Suporte Forte,0,0
2006-03-08,5080.18,5484.95,5735.36,5937.75,6140.14,6428.28,6795.32,7261.84,7855.28,0.08,0.00,0.16,Suporte Forte,0,0
2006-03-09,4884.43,5335.40,5614.39,5839.88,6065.36,6386.39,6795.32,7315.08,7976.25,0.16,0.00,0.08,Suporte Forte,0,0
2006-03-10,4884.43,5335.40,5614.39,5839.88,6065.36,6386.39,6795.32,7315.08,7976.25,0.11,0.00,0.13,Suporte Forte,0,0
2006-03-13,4884.43,5335.40,5614.39,5839.88,6065.36,6386.39,6795.32,7315.08,7976.25,0.14,0.00,0.10,Suporte Forte,0,0
2006-03-14,4884.43,5335.40,5614.39,5839.88,6065.36,6386.39,6795.32,7315.08,7976.25,0.15,0.00,0.09,Suporte Forte,0,0
2006-03-15,4884.43,5335.40,5614.39,5839.88,6065.36,6386.39,6795.32,7315.08,7976.25,0.14,0.00,0.10,Suporte Forte,0,0
2006-03-16,4381.07,4950.83,5303.31,5588.20,5873.08,6278.67,6795.32,7452.00,8287.33,0.12,0.00,0.12,Suporte Forte,0,0
2006-03-17,4287.86,4879.62,5245.71,5541.59,5837.47,6258.72,6795.32,7477.35,8344.93,0.12,0.00,0.12,Suporte Forte,0,0
2006-03-20,4287.86,4879.62,5245.71,5541.59,5837.47,6258.72,6795.32,7477.35,8344.93,0.20,0.00,0.04,Suporte Forte,0,0
2006-03-21,4222.61,4829.77,5205.39,5508.96,5812.54,6244.76,6795.32,7495.10,8385.25,0.06,0.00,0.18,Suporte Forte,0,0
2006-03-22,4064.14,4708.70,5107.45,5429.73,5752.01,6210.85,6795.32,7538.20,8483.19,0.10,0.00,0.14,Suporte Forte,0,0
2006-03-23,4064.14,4699.90,5093.21,5411.09,5728.97,6181.55,6758.04,7490.78,8422.87,0.28,0.24,0.10,Suporte,0,0
2006-03-24,4064.14,4699.90,5093.21,5411.09,5728.97,6181.55,6758.04,7490.78,8422.87,0.34,0.24,0.04,Suporte,0,0
2006-03-27,4064.14,4699.90,5093.21,5411.09,5728.97,6181.55,6758.04,7490.78,8422.87,0.28,0.24,0.10,Suporte,0,0
2006-03-28,4064.14,4699.90,5093.21,5411.09,5728.97,6181.55,6758.04,7490.78,8422.87,0.23,0.00,0.01,Suporte Forte,0,0
2006-03-29,4064.14,4699.90,5093.21,5411.09,5728.97,6181.55,6758.04,7490.78,8422.87,0.34,0.24,0.04,Suporte,0,0
2006-03-30,4064.14,4699.90,5093.21,5411.09,5728.97,6181.55,6758.04,7490.78,8422.87,0.39,0.38,0.11,Zona de Consolidação,1,0
2006-03-31,4064.14,4699.90,5093.21,5411.09,5728.97,6181.55,6758.04,7490.78,8422.87,0.42,0.38,0.08,Zona de Consolidação,0,0
2006-04-03,4064.14,4699.90,5093.21,5411.09,5728.97,6181.55,6758.04,7490.78,8422.87,0.30,0.24,0.08,Suporte,0,0
2006-04-04,4064.14,4699.90,5093.21,5411.09,5728.97,6181.55,6758.04,7490.78,8422.87,0.22,0.00,0.02,Suporte Forte,0,0
2006-04-05,4064.14,4699.90,5093.21,5411.09,5728.97,6181.55,6758.04,7490.78,8422.87,0.19,0.00,0.05,Suporte Forte,0,0
2006-04-06,4064.14,4699.90,5093.21,5411.09,5728.97,6181.55,6758.04,7490.78,8422.87,0.19,0.00,0.05,Suporte Forte,0,0
2006-04-07,4064.14,4699.90,5093.21,5411.09,5728.97,6181.55,6758.04,7490.78,8422.87,0.09,0.00,0.15,Suporte Forte,0,0
2006-04-10,4064.14,4699.90,5093.21,5411.09,5728.97,6181.55,6758.04,7490.78,8422.87,0.20,0.00,0.04,Suporte Forte,0,0
2006-04-11,4064.14,4699.90,5093.21,5411.09,5728.97,6181.55,6758.04,7490.78,8422.87,0.22,0.00,0.02,Suporte Forte,0,0
2006-04-12,4064.14,4699.90,5093.21,5411.09,5728.97,6181.55,6758.04,7490.78,8422.87,0.27,0.24,0.11,Suporte,0,0
2006-04-13,4064.14,4699.90,5093.21,5411.09,5728.97,6181.55,6758.04,7490.78,8422.87,0.22,0.00,0.02,Suporte Forte,0,0
2006-04-17,4064.14,4699.90,5093.21,5411.09,5728.97,6181.55,6758.04,7490.78,8422.87,0.25,0.24,0.13,Suporte,0,0
2006-04-18,4064.14,4699.90,5093.21,5411.09,5728.97,6181.55,6758.04,7490.78,8422.87,0.26,0.24,0.12,Suporte,0,0
2006-04-19,4064.14,4699.90,5093.21,5411.09,5728.97,6181.55,6758.04,7490.78,8422.87,0.33,0.24,0.05,Suporte,0,0
2006-04-20,4064.14,4699.90,5093.21,5411.09,5728.97,6181.55,6758.04,7490.78,8422.87,0.31,0.24,0.07,Suporte,0,0
2006-04-21,4064.14,4699.90,5093.21,5411.09,5728.97,6181.55,6758.04,7490.78,8422.87,0.33,0.24,0.05,Suporte,0,0
2006-04-24,4064.14,4699.90,5093.21,5411.09,5728.97,6181.55,6758.04,7490.78,8422.87,0.31,0.24,0.07,Suporte,0,0
2006-04-25,4064.14,4699.90,5093.21,5411.09,5728.97,6181.55,6758.04,7490.78,8422.87,0.49,0.38,0.01,Zona de Consolidação,0,0
2006-04-26,4064.14,4699.90,5093.21,5411.09,5728.97,6181.55,6758.04,7490.78,8422.87,0.42,0.38,0.08,Zona de Consolidação,0,0
2006-04-27,4064.14,4699.90,5093.21,5411.09,5728.97,6181.55,6758.04,7490.78,8422.87,0.46,0.38,0.04,Zona de Consolidação,0,0
2006-04-28,4064.14,4699.90,5093.21,5411.09,5728.97,6181.55,6758.04,7490.78,8422.87,0.34,0.24,0.04,Suporte,0,0
2006-05-01,4064.14,4684.50,5068.28,5378.46,5688.65,6130.26,6692.79,7407.78,8317.30,0.22,0.00,0.02,Suporte Forte,0,0
2006-05-02,4064.14,4543.71,4840.39,5080.18,5319.96,5661.35,6096.21,6648.93,7352.03,0.35,0.24,0.03,Suporte,0,0
2006-05-03,4064.14,4532.71,4822.59,5056.88,5291.16,5624.72,6049.61,6589.66,7276.63,0.40,0.38,0.10,Zona de Consolidação,1,0
2006-05-04,4064.14,4515.11,4794.10,5019.59,5245.08,5566.11,5975.04,6494.80,7155.98,0.34,0.24,0.04,Suporte,0,0
2006-05-05,4064.14,4515.11,4794.10,5019.59,5245.08,5566.11,5975.04,6494.80,7155.98,0.39,0.38,0.11,Zona de Consolidação,1,0
2006-05-08,4064.14,4515.11,4794.10,5019.59,5245.08,5566.11,5975.04,6494.80,7155.98,0.34,0.24,0.04,Suporte,0,0
2006-05-09,4064.14,4512.91,4790.54,5014.92,5239.31,5558.77,5965.71,6482.94,7140.88,0.22,0.00,0.02,Suporte Forte,0,0
2006-05-10,4064.14,4512.91,4790.54,5014.92,5239.31,5558.77,5965.71,6482.94,7140.88,0.21,0.00,0.03,Suporte Forte,0,0
2006-05-11,4064.14,4508.51,4783.42,5005.60,5227.79,5544.12,5947.07,6459.23,7110.72,0.12,0.00,0.12,Suporte Forte,0,0
2006-05-12,4008.21,4443.78,4713.25,4931.04,5148.82,5458.89,5853.86,6355.88,6994.47,0.03,0.00,0.21,Suporte Forte,0,0
2006-05-15,4008.21,4393.19,4631.35,4823.84,5016.32,5290.37,5639.46,6083.16,6647.57,0.21,0.00,0.03,Suporte Forte,0,0
2006-05-16,4008.21,4386.59,4620.67,4809.85,4999.04,5268.40,5611.50,6047.59,6602.33,0.13,0.00,0.11,Suporte Forte,0,0
2006-05-17,3812.46,4237.03,4499.69,4711.98,4924.27,5226.51,5611.50,6100.84,6723.31,0.24,0.24,0.14,Suporte,0,0
2006-05-18,3812.46,4237.03,4499.69,4711.98,4924.27,5226.51,5611.50,6100.84,6723.31,0.19,0.00,0.05,Suporte Forte,0,0
2006-05-19,3747.21,4187.18,4459.37,4679.35,4899.34,5212.54,5611.50,6118.59,6763.63,0.04,0.00,0.20,Suporte Forte,0,0
2006-05-22,2889.64,3532.00,3929.39,4250.57,4571.75,5029.02,5611.50,6351.85,7293.61,0.08,0.00,0.16,Suporte Forte,0,0
2006-05-23,2889.64,3532.00,3929.39,4250.57,4571.75,5029.02,5611.50,6351.85,7293.61,0.04,0.00,0.20,Suporte Forte,0,0
2006-05-24,2889.64,3532.00,3929.39,4250.57,4571.75,5029.02,5611.50,6351.85,7293.61,0.04,0.00,0.20,Suporte Forte,0,0
2006-05-25,2824.39,3482.15,3889.07,4217.94,4546.82,5015.06,5611.50,6369.59,7333.93,0.14,0.00,0.10,Suporte Forte,0,0
2006-05-26,2796.43,3460.79,3871.79,4203.96,4536.14,5009.08,5611.50,6377.20,7351.21,0.08,0.00,0.16,Suporte Forte,0,0
2006-05-30,2703.21,3389.57,3814.18,4157.35,4500.53,4989.13,5611.50,6402.55,7408.82,0.00,0.00,0.24,Suporte Forte,0,0
2006-05-31,2703.21,3389.57,3814.18,4157.35,4500.53,4989.13,5611.50,6402.55,7408.82,0.08,0.00,0.16,Suporte Forte,0,0
2006-06-01,2703.21,3389.57,3814.18,4157.35,4500.53,4989.13,5611.50,6402.55,7408.82,0.09,0.00,0.15,Suporte Forte,0,0
2006-06-02,2703.21,3389.57,3814.18,4157.35,4500.53,4989.13,5611.50,6402.55,7408.82,0.06,0.00,0.18,Suporte Forte,0,0
2006-06-05,2703.21,3389.57,3814.18,4157.35,4500.53,4989.13,5611.50,6402.55,7408.82,0.02,0.00,0.22,Suporte Forte,0,0
2006-06-06,2544.75,3268.50,3716.25,4078.12,4440.00,4955.22,5611.50,6445.66,7506.75,0.02,0.00,0.22,Suporte Forte,0,0
2006-06-07,2460.86,3204.41,3664.40,4036.18,4407.96,4937.26,5611.50,6468.47,7558.60,0.04,0.00,0.20,Suporte Forte,0,0
2006-06-08,2339.68,3111.83,3589.52,3975.59,4361.66,4911.33,5611.50,6501.44,7633.48,0.15,0.00,0.09,Suporte Forte,0,0
2006-06-09,2339.68,3111.83,3589.52,3975.59,4361.66,4911.33,5611.50,6501.44,7633.48,0.20,0.00,0.04,Suporte Forte,0,0
2006-06-12,2339.68,3111.83,3589.52,3975.59,4361.66,4911.33,5611.50,6501.44,7633.48,0.32,0.24,0.06,Suporte,0,0
2006-06-13,2339.68,3111.83,3589.52,3975.59,4361.66,4911.33,5611.50,6501.44,7633.48,0.46,0.38,0.04,Zona de Consolidação,0,0
2006-06-14,2339.68,3111.83,3589.52,3975.59,4361.66,4911.33,5611.50,6501.44,7633.48,0.45,0.38,0.05,Zona de Consolidação,0,0
2006-06-15,2339.68,3111.83,3589.52,3975.59,4361.66,4911.33,5611.50,6501.44,7633.48,0.41,0.38,0.09,Zona de Consolidação,0,0
2006-06-16,2339.68,3111.83,3589.52,3975.59,4361.66,4911.33,5611.50,6501.44,7633.48,0.37,0.24,0.01,Suporte,0,0
2006-06-19,2339.68,3111.83,3589.52,3975.59,4361.66,4911.33,5611.50,6501.44,7633.48,0.45,0.38,0.05,Zona de Consolidação,0,0
2006-06-20,2339.68,3111.83,3589.52,3975.59,4361.66,4911.33,5611.50,6501.44,7633.48,0.38,0.24,0.00,Suporte,1,0
2006-06-21,2339.68,3111.83,3589.52,3975.59,4361.66,4911.33,5611.50,6501.44,7633.48,0.34,0.24,0.04,Suporte,0,0
2006-06-22,2339.68,3111.83,3589.52,3975.59,4361.66,4911.33,5611.50,6501.44,7633.48,0.30,0.24,0.08,Suporte,0,0
2006-06-23,2339.68,3111.83,3589.52,3975.59,4361.66,4911.33,5611.50,6501.44,7633.48,0.21,0.00,0.03,Suporte Forte,0,0
2006-06-26,2339.68,3111.83,3589.52,3975.59,4361.66,4911.33,5611.50,6501.44,7633.48,0.25,0.24,0.13,Suporte,0,0
2006-06-27,2339.68,3111.83,3589.52,3975.59,4361.66,4911.33,5611.50,6501.44,7633.48,0.16,0.00,0.08,Suporte Forte,0,0
2006-06-28,2339.68,3111.83,3589.52,3975.59,4361.66,4911.33,5611.50,6501.44,7633.48,0.16,0.00,0.08,Suporte Forte,0,0
2006-06-29,2339.68,3111.83,3589.52,3975.59,4361.66,4911.33,5611.50,6501.44,7633.48,0.25,0.24,0.13,Suporte,0,0
2006-06-30,2339.68,3111.83,3589.52,3975.59,4361.66,4911.33,5611.50,6501.44,7633.48,0.25,0.24,0.13,Suporte,0,0
2006-07-03,2339.68,3111.83,3589.52,3975.59,4361.66,4911.33,5611.50,6501.44,7633.48,0.16,0.00,0.08,Suporte Forte,0,0
2006-07-05,2339.68,3111.83,3589.52,3975.59,4361.66,4911.33,5611.50,6501.44,7633.48,0.19,0.00,0.05,Suporte Forte,0,0
2006-07-06,2339.68,3111.83,3589.52,3975.59,4361.66,4911.33,5611.50,6501.44,7633.48,0.31,0.24,0.07,Suporte,0,0
2006-07-07,2339.68,3074.43,3528.98,3896.36,4263.74,4786.78,5453.04,6299.87,7377.10,0.25,0.24,0.13,Suporte,0,0
2006-07-10,2339.68,3074.43,3528.98,3896.36,4263.74,4786.78,5453.04,6299.87,7377.10,0.34,0.24,0.04,Suporte,0,0
2006-07-11,2339.68,3074.43,3528.98,3896.36,4263.74,4786.78,5453.04,6299.87,7377.10,0.32,0.24,0.06,Suporte,0,0
2006-07-12,2339.68,3074.43,3528.98,3896.36,4263.74,4786.78,5453.04,6299.87,7377.10,0.30,0.24,0.08,Suporte,0,0
2006-07-13,2339.68,3074.43,3528.98,3896.36,4263.74,4786.78,5453.04,6299.87,7377.10,0.27,0.24,0.11,Suporte,0,0
2006-07-14,2339.68,3074.43,3528.98,3896.36,4263.74,4786.78,5453.04,6299.87,7377.10,0.28,0.24,0.10,Suporte,0,0
2006-07-17,2339.68,3074.43,3528.98,3896.36,4263.74,4786.78,5453.04,6299.87,7377.10,0.27,0.24,0.11,Suporte,0,0
2006-07-18,2339.68,3074.43,3528.98,3896.36,4263.74,4786.78,5453.04,6299.87,7377.10,0.28,0.24,0.10,Suporte,0,0
2006-07-19,2339.68,3074.43,3528.98,3896.36,4263.74,4786.78,5453.04,6299.87,7377.10,0.30,0.24,0.08,Suporte,0,0
2006-07-20,2339.68,3074.43,3528.98,3896.36,4263.74,4786.78,5453.04,6299.87,7377.10,0.26,0.24,0.12,Suporte,0,0
2006-07-21,2339.68,3074.43,3528.98,3896.36,4263.74,4786.78,5453.04,6299.87,7377.10,0.19,0.00,0.05,Suporte Forte,0,0
2006-07-24,2339.68,3074.43,3528.98,3896.36,4263.74,4786.78,5453.04,6299.87,7377.10,0.22,0.00,0.02,Suporte Forte,0,0
2006-07-25,2339.68,3074.43,3528.98,3896.36,4263.74,4786.78,5453.04,6299.87,7377.10,0.23,0.00,0.01,Suporte Forte,0,0
2006-07-26,2339.68,3074.43,3528.98,3896.36,4263.74,4786.78,5453.04,6299.87,7377.10,0.22,0.00,0.02,Suporte Forte,0,0
2006-07-27,2339.68,2836.85,3144.42,3393.00,3641.58,3995.50,4446.32,5019.33,5748.22,0.30,0.24,0.08,Suporte,0,0
2006-07-28,2339.68,2836.85,3144.42,3393.00,3641.58,3995.50,4446.32,5019.33,5748.22,0.30,0.24,0.08,Suporte,0,0
2006-07-31,2339.68,2814.85,3108.81,3346.39,3583.98,3922.24,4353.11,4900.76,5597.41,0.30,0.24,0.08,Suporte,0,0
2006-08-01,2339.68,2814.85,3108.81,3346.39,3583.98,3922.24,4353.11,4900.76,5597.41,0.30,0.24,0.08,Suporte,0,0
2006-08-02,2339.68,2814.85,3108.81,3346.39,3583.98,3922.24,4353.11,4900.76,5597.41,0.27,0.24,0.11,Suporte,0,0
2006-08-03,2339.68,2814.85,3108.81,3346.39,3583.98,3922.24,4353.11,4900.76,5597.41,0.25,0.24,0.13,Suporte,0,0
2006-08-04,2339.68,2814.85,3108.81,3346.39,3583.98,3922.24,4353.11,4900.76,5597.41,0.16,0.00,0.08,Suporte Forte,0,0
2006-08-07,2339.68,2814.85,3108.81,3346.39,3583.98,3922.24,4353.11,4900.76,5597.41,0.13,0.00,0.11,Suporte Forte,0,0
2006-08-08,2339.68,2814.85,3108.81,3346.39,3583.98,3922.24,4353.11,4900.76,5597.41,0.13,0.00,0.11,Suporte Forte,0,0
2006-08-09,2339.68,2814.85,3108.81,3346.39,3583.98,3922.24,4353.11,4900.76,5597.41,0.13,0.00,0.11,Suporte Forte,0,0
2006-08-10,2339.68,2814.85,3108.81,3346.39,3583.98,3922.24,4353.11,4900.76,5597.41,0.17,0.00,0.07,Suporte Forte,0,0
2006-08-11,2339.68,2814.85,3108.81,3346.39,3583.98,3922.24,4353.11,4900.76,5597.41,0.26,0.24,0.12,Suporte,0,0
2006-08-14,2339.68,2814.85,3108.81,3346.39,3583.98,3922.24,4353.11,4900.76,5597.41,0.25,0.24,0.13,Suporte,0,0
2006-08-15,2339.68,2814.85,3108.81,3346.39,3583.98,3922.24,4353.11,4900.76,5597.41,0.23,0.00,0.01,Suporte Forte,0,0
2006-08-16,2339.68,2814.85,3108.81,3346.39,3583.98,3922.24,4353.11,4900.76,5597.41,0.23,0.00,0.01,Suporte Forte,0,0
2006-08-17,2339.68,2814.85,3108.81,3346.39,3583.98,3922.24,4353.11,4900.76,5597.41,0.27,0.24,0.11,Suporte,0,0
2006-08-18,2563.39,2985.76,3247.06,3458.25,3669.44,3970.11,4353.11,4839.91,5459.16,0.16,0.00,0.08,Suporte Forte,0,0
2006-08-21,2563.39,2985.76,3247.06,3458.25,3669.44,3970.11,4353.11,4839.91,5459.16,0.07,0.00,0.17,Suporte Forte,0,0
2006-08-22,2563.39,2985.76,3247.06,3458.25,3669.44,3970.11,4353.11,4839.91,5459.16,0.14,0.00,0.10,Suporte Forte,0,0
2006-08-23,2563.39,2893.37,3097.51,3262.50,3427.49,3662.39,3961.61,4341.93,4825.71,0.11,0.00,0.13,Suporte Forte,0,0
2006-08-24,2563.39,2877.97,3072.58,3229.88,3387.17,3611.10,3896.36,4258.93,4720.14,0.04,0.00,0.20,Suporte Forte,0,0
2006-08-25,2563.39,2877.97,3072.58,3229.88,3387.17,3611.10,3896.36,4258.93,4720.14,0.12,0.00,0.12,Suporte Forte,0,0
2006-08-28,2563.39,2877.97,3072.58,3229.88,3387.17,3611.10,3896.36,4258.93,4720.14,0.18,0.00,0.06,Suporte Forte,0,0
2006-08-29,2498.14,2799.52,2985.97,3136.66,3287.35,3501.89,3775.18,4122.53,4564.39,0.09,0.00,0.15,Suporte Forte,0,0
2006-08-30,2498.14,2744.52,2896.95,3020.14,3143.33,3318.72,3542.14,3826.11,4187.33,0.24,0.24,0.14,Suporte,0,0
2006-08-31,2498.14,2744.52,2896.95,3020.14,3143.33,3318.72,3542.14,3826.11,4187.33,0.21,0.00,0.03,Suporte Forte,0,0
2006-09-01,2498.14,2733.53,2879.15,2996.84,3114.53,3282.10,3495.54,3766.83,4111.93,0.28,0.24,0.10,Suporte,0,0
2006-09-05,2498.14,2733.53,2879.15,2996.84,3114.53,3282.10,3495.54,3766.83,4111.93,0.36,0.24,0.02,Suporte,1,0
2006-09-06,2404.93,2662.31,2821.54,2950.23,3078.93,3262.15,3495.54,3792.19,4169.54,0.32,0.24,0.06,Suporte,0,0
2006-09-07,2404.93,2662.31,2821.54,2950.23,3078.93,3262.15,3495.54,3792.19,4169.54,0.37,0.24,0.01,Suporte,1,0
2006-09-08,2404.93,2662.31,2821.54,2950.23,3078.93,3262.15,3495.54,3792.19,4169.54,0.32,0.24,0.06,Suporte,0,0
2006-09-11,2404.93,2662.31,2821.54,2950.23,3078.93,3262.15,3495.54,3792.19,4169.54,0.30,0.24,0.08,Suporte,0,0
2006-09-12,2404.93,2662.31,2821.54,2950.23,3078.93,3262.15,3495.54,3792.19,4169.54,0.30,0.24,0.08,Suporte,0,0
2006-09-13,2404.93,2662.31,2821.54,2950.23,3078.93,3262.15,3495.54,3792.19,4169.54,0.21,0.00,0.03,Suporte Forte,0,0
2006-09-14,2404.93,2662.31,2821.54,2950.23,3078.93,3262.15,3495.54,3792.19,4169.54,0.20,0.00,0.04,Suporte Forte,0,0
2006-09-15,2404.93,2662.31,2821.54,2950.23,3078.93,3262.15,3495.54,3792.19,4169.54,0.34,0.24,0.04,Suporte,0,0
2006-09-18,2404.93,2662.31,2821.54,2950.23,3078.93,3262.15,3495.54,3792.19,4169.54,0.38,0.24,0.00,Suporte,1,0
2006-09-19,2404.93,2646.91,2796.62,2917.61,3038.60,3210.86,3430.29,3709.19,4063.96,0.26,0.24,0.12,Suporte,0,0
2006-09-20,2404.93,2646.91,2796.62,2917.61,3038.60,3210.86,3430.29,3709.19,4063.96,0.34,0.24,0.04,Suporte,0,0
2006-09-21,2404.93,2633.72,2775.25,2889.64,3004.04,3166.90,3374.36,3638.04,3973.47,0.26,0.24,0.12,Suporte,0,0
2006-09-22,2404.93,2633.72,2775.25,2889.64,3004.04,3166.90,3374.36,3638.04,3973.47,0.33,0.24,0.05,Suporte,0,0
2006-09-25,2404.93,2633.72,2775.25,2889.64,3004.04,3166.90,3374.36,3638.04,3973.47,0.22,0.00,0.02,Suporte Forte,0,0
2006-09-26,2404.93,2633.72,2775.25,2889.64,3004.04,3166.90,3374.36,3638.04,3973.47,0.64,0.62,0.15,Resistência,1,0
2006-09-27,2404.93,2633.72,2775.25,2889.64,3004.04,3166.90,3374.36,3638.04,3973.47,0.45,0.38,0.05,Zona de Consolidação,0,0
2006-09-28,2404.93,2607.32,2732.52,2833.72,2934.91,3078.98,3262.50,3495.76,3792.48,0.40,0.38,0.10,Zona de Consolidação,1,0
2006-09-29,2404.93,2589.72,2704.04,2796.43,2888.82,3020.37,3187.93,3400.91,3671.82,0.44,0.38,0.06,Zona de Consolidação,0,0
2006-10-02,2404.93,2587.52,2700.48,2791.77,2883.06,3013.04,3178.61,3389.05,3656.74,0.40,0.38,0.10,Zona de Consolidação,1,0
2006-10-03,2404.93,2578.72,2686.23,2773.12,2860.02,2983.73,3141.32,3341.62,3596.41,0.53,0.50,0.09,Zona de Consolidação,0,0
2006-10-04,2404.93,2576.52,2682.67,2768.46,2854.26,2976.41,3132.00,3329.76,3581.33,0.55,0.50,0.07,Zona de Consolidação,0,0
2006-10-05,2404.93,2576.52,2682.67,2768.46,2854.26,2976.41,3132.00,3329.76,3581.33,0.59,0.50,0.03,Zona de Consolidação,1,0
2006-10-06,2404.93,2576.52,2682.67,2768.46,2854.26,2976.41,3132.00,3329.76,3581.33,0.55,0.50,0.07,Zona de Consolidação,0,0
2006-10-09,2404.93,2576.52,2682.67,2768.46,2854.26,2976.41,3132.00,3329.76,3581.33,0.41,0.38,0.09,Zona de Consolidação,1,0
2006-10-10,2404.93,2646.91,2796.62,2917.61,3038.60,3210.86,3430.29,3709.19,4063.96,0.55,0.50,0.07,Zona de Consolidação,0,0
2006-10-11,2404.93,2646.91,2796.62,2917.61,3038.60,3210.86,3430.29,3709.19,4063.96,0.45,0.38,0.05,Zona de Consolidação,0,0
2006-10-12,2404.93,2646.91,2796.62,2917.61,3038.60,3210.86,3430.29,3709.19,4063.96,0.39,0.38,0.11,Zona de Consolidação,1,0
2006-10-13,2404.93,2646.91,2796.62,2917.61,3038.60,3210.86,3430.29,3709.19,4063.96,0.47,0.38,0.03,Zona de Consolidação,0,0
2006-10-16,2404.93,2646.91,2796.62,2917.61,3038.60,3210.86,3430.29,3709.19,4063.96,0.54,0.50,0.08,Zona de Consolidação,0,0
2006-10-17,2404.93,2646.91,2796.62,2917.61,3038.60,3210.86,3430.29,3709.19,4063.96,0.55,0.50,0.07,Zona de Consolidação,0,0
2006-10-18,2404.93,2646.91,2796.62,2917.61,3038.60,3210.86,3430.29,3709.19,4063.96,0.52,0.50,0.10,Zona de Consolidação,0,0
2006-10-19,2404.93,2646.91,2796.62,2917.61,3038.60,3210.86,3430.29,3709.19,4063.96,0.49,0.38,0.01,Zona de Consolidação,0,0
2006-10-20,2404.93,2646.91,2796.62,2917.61,3038.60,3210.86,3430.29,3709.19,4063.96,0.46,0.38,0.04,Zona de Consolidação,0,0
2006-10-23,2404.93,2646.91,2796.62,2917.61,3038.60,3210.86,3430.29,3709.19,4063.96,0.48,0.38,0.02,Zona de Consolidação,0,0
2006-10-24,2404.93,2646.91,2796.62,2917.61,3038.60,3210.86,3430.29,3709.19,4063.96,0.55,0.50,0.07,Zona de Consolidação,0,0
2006-10-25,2404.93,2646.91,2796.62,2917.61,3038.60,3210.86,3430.29,3709.19,4063.96,0.53,0.50,0.09,Zona de Consolidação,0,0
2006-10-26,2404.93,2646.91,2796.62,2917.61,3038.60,3210.86,3430.29,3709.19,4063.96,0.64,0.62,0.15,Resistência,1,0
2006-10-27,2404.93,2646.91,2796.62,2917.61,3038.60,3210.86,3430.29,3709.19,4063.96,0.47,0.38,0.03,Zona de Consolidação,0,0
2006-10-30,2404.93,2646.91,2796.62,2917.61,3038.60,3210.86,3430.29,3709.19,4063.96,0.55,0.50,0.07,Zona de Consolidação,0,0
2006-10-31,2404.93,2646.91,2796.62,2917.61,3038.60,3210.86,3430.29,3709.19,4063.96,0.58,0.50,0.04,Zona de Consolidação,0,0
2006-11-01,2404.93,2646.91,2796.62,2917.61,3038.60,3210.86,3430.29,3709.19,4063.96,0.47,0.38,0.03,Zona de Consolidação,0,0
2006-11-02,2404.93,2646.91,2796.62,2917.61,3038.60,3210.86,3430.29,3709.19,4063.96,0.48,0.38,0.02,Zona de Consolidação,0,0
2006-11-03,2404.93,2646.91,2796.62,2917.61,3038.60,3210.86,3430.29,3709.19,4063.96,0.41,0.38,0.09,Zona de Consolidação,1,0
2006-11-06,2404.93,2646.91,2796.62,2917.61,3038.60,3210.86,3430.29,3709.19,4063.96,0.47,0.38,0.03,Zona de Consolidação,0,0
2006-11-07,2404.93,2646.91,2796.62,2917.61,3038.60,3210.86,3430.29,3709.19,4063.96,0.52,0.50,0.10,Zona de Consolidação,0,0
2006-11-08,2404.93,2646.91,2796.62,2917.61,3038.60,3210.86,3430.29,3709.19,4063.96,0.65,0.62,0.14,Resistência,0,0
2006-11-09,2404.93,2646.91,2796.62,2917.61,3038.60,3210.86,3430.29,3709.19,4063.96,0.65,0.62,0.14,Resistência,0,0
2006-11-10,2404.93,2646.91,2796.62,2917.61,3038.60,3210.86,3430.29,3709.19,4063.96,0.55,0.50,0.07,Zona de Consolidação,0,0
2006-11-13,2404.93,2646.91,2796.62,2917.61,3038.60,3210.86,3430.29,3709.19,4063.96,0.61,0.50,0.01,Zona de Consolidação,1,0
2006-11-14,2404.93,2646.91,2796.62,2917.61,3038.60,3210.86,3430.29,3709.19,4063.96,0.53,0.50,0.09,Zona de Consolidação,0,0
2006-11-15,2563.39,2767.98,2894.55,2996.84,3099.13,3244.77,3430.29,3666.09,3966.03,0.43,0.38,0.07,Zona de Consolidação,0,0
2006-11-16,2563.39,2767.98,2894.55,2996.84,3099.13,3244.77,3430.29,3666.09,3966.03,0.55,0.50,0.07,Zona de Consolidação,0,0
2006-11-17,2563.39,2767.98,2894.55,2996.84,3099.13,3244.77,3430.29,3666.09,3966.03,0.41,0.38,0.09,Zona de Consolidação,1,0
2006-11-20,2563.39,2767.98,2894.55,2996.84,3099.13,3244.77,3430.29,3666.09,3966.03,0.38,0.24,0.00,Suporte,1,0
2006-11-21,2563.39,2767.98,2894.55,2996.84,3099.13,3244.77,3430.29,3666.09,3966.03,0.34,0.24,0.04,Suporte,0,0
2006-11-22,2563.39,2767.98,2894.55,2996.84,3099.13,3244.77,3430.29,3666.09,3966.03,0.30,0.24,0.08,Suporte,0,0
2006-11-24,2572.71,2775.10,2900.31,3001.50,3102.69,3246.77,3430.29,3663.55,3960.27,0.28,0.24,0.10,Suporte,0,0
2006-11-27,2572.71,2775.10,2900.31,3001.50,3102.69,3246.77,3430.29,3663.55,3960.27,0.33,0.24,0.05,Suporte,0,0
2006-11-28,2572.71,2775.10,2900.31,3001.50,3102.69,3246.77,3430.29,3663.55,3960.27,0.33,0.24,0.05,Suporte,0,0
2006-11-29,2572.71,2775.10,2900.31,3001.50,3102.69,3246.77,3430.29,3663.55,3960.27,0.38,0.24,0.00,Suporte,1,0
2006-11-30,2572.71,2775.10,2900.31,3001.50,3102.69,3246.77,3430.29,3663.55,3960.27,0.39,0.38,0.11,Zona de Consolidação,1,0
2006-12-01,2572.71,2775.10,2900.31,3001.50,3102.69,3246.77,3430.29,3663.55,3960.27,0.34,0.24,0.04,Suporte,0,0
2006-12-04,2572.71,2775.10,2900.31,3001.50,3102.69,3246.77,3430.29,3663.55,3960.27,0.32,0.24,0.06,Suporte,0,0
2006-12-05,2665.93,2846.32,2957.92,3048.11,3138.30,3266.72,3430.29,3638.20,3902.66,0.11,0.00,0.13,Suporte Forte,0,0
2006-12-06,2665.93,2846.32,2957.92,3048.11,3138.30,3266.72,3430.29,3638.20,3902.66,0.23,0.00,0.01,Suporte Forte,0,0
2006-12-07,2665.93,2846.32,2957.92,3048.11,3138.30,3266.72,3430.29,3638.20,3902.66,0.32,0.24,0.06,Suporte,0,0
2006-12-08,2665.93,2846.32,2957.92,3048.11,3138.30,3266.72,3430.29,3638.20,3902.66,0.22,0.00,0.02,Suporte Forte,0,0
2006-12-11,2665.93,2846.32,2957.92,3048.11,3138.30,3266.72,3430.29,3638.20,3902.66,0.24,0.24,0.14,Suporte,0,0
2006-12-12,2665.93,2846.32,2957.92,3048.11,3138.30,3266.72,3430.29,3638.20,3902.66,0.18,0.00,0.06,Suporte Forte,0,0
2006-12-13,2665.93,2846.32,2957.92,3048.11,3138.30,3266.72,3430.29,3638.20,3902.66,0.28,0.24,0.10,Suporte,0,0
2006-12-14,2665.93,2846.32,2957.92,3048.11,3138.30,3266.72,3430.29,3638.20,3902.66,0.22,0.00,0.02,Suporte Forte,0,0
2006-12-15,2665.93,2846.32,2957.92,3048.11,3138.30,3266.72,3430.29,3638.20,3902.66,0.16,0.00,0.08,Suporte Forte,0,0
2006-12-18,2665.93,2846.32,2957.92,3048.11,3138.30,3266.72,3430.29,3638.20,3902.66,0.13,0.00,0.11,Suporte Forte,0,0
2006-12-19,2628.64,2817.83,2934.87,3029.46,3124.06,3258.74,3430.29,3648.34,3925.71,0.16,0.00,0.08,Suporte Forte,0,0
2006-12-20,2628.64,2743.03,2813.80,2871.00,2928.20,3009.63,3113.36,3245.20,3412.92,0.37,0.24,0.01,Suporte,1,0
2006-12-21,2628.64,2743.03,2813.80,2871.00,2928.20,3009.63,3113.36,3245.20,3412.92,0.35,0.24,0.03,Suporte,1,0
2006-12-22,2628.64,2743.03,2813.80,2871.00,2928.20,3009.63,3113.36,3245.20,3412.92,0.21,0.00,0.03,Suporte Forte,0,0
2006-12-26,2628.64,2743.03,2813.80,2871.00,2928.20,3009.63,3113.36,3245.20,3412.92,0.35,0.24,0.03,Suporte,1,0
2006-12-27,2628.64,2743.03,2813.80,2871.00,2928.20,3009.63,3113.36,3245.20,3412.92,0.58,0.50,0.04,Zona de Consolidação,1,0
2006-12-28,2628.64,2743.03,2813.80,2871.00,2928.20,3009.63,3113.36,3245.20,3412.92,0.56,0.50,0.06,Zona de Consolidação,1,0
2006-12-29,2628.64,2743.03,2813.80,2871.00,2928.20,3009.63,3113.36,3245.20,3412.92,0.46,0.38,0.04,Zona de Consolidação,0,0
2007-01-03,2628.64,2833.23,2959.80,3062.09,3164.38,3310.02,3495.54,3731.34,4031.28,0.40,0.38,0.10,Zona de Consolidação,1,0
2007-01-04,2628.64,2833.23,2959.80,3062.09,3164.38,3310.02,3495.54,3731.34,4031.28,0.60,0.50,0.02,Zona de Consolidação,1,0
2007-01-05,2628.64,2833.23,2959.80,3062.09,3164.38,3310.02,3495.54,3731.34,4031.28,0.52,0.50,0.10,Zona de Consolidação,0,0
2007-01-08,2628.64,2833.23,2959.80,3062.09,3164.38,3310.02,3495.54,3731.34,4031.28,0.42,0.38,0.08,Zona de Consolidação,0,0
2007-01-09,2628.64,2833.23,2959.80,3062.09,3164.38,3310.02,3495.54,3731.34,4031.28,0.33,0.24,0.05,Suporte,0,0
2007-01-10,2628.64,2910.22,3084.42,3225.22,3366.01,3566.46,3821.79,4146.33,4559.16,0.77,0.62,0.02,Resistência,0,1
2007-01-11,2628.64,3068.61,3340.80,3560.78,3780.77,4093.97,4492.93,5000.02,5645.06,0.89,0.79,0.11,Resistência Forte,0,0
2007-01-12,2628.64,3068.61,3340.80,3560.78,3780.77,4093.97,4492.93,5000.02,5645.06,0.80,0.79,0.20,Resistência Forte,0,1
2007-01-16,2628.64,3068.61,3340.80,3560.78,3780.77,4093.97,4492.93,5000.02,5645.06,0.59,0.50,0.03,Zona de Consolidação,0,0
2007-01-17,2628.64,3068.61,3340.80,3560.78,3780.77,4093.97,4492.93,5000.02,5645.06,0.69,0.62,0.10,Resistência,0,0
2007-01-18,2628.64,3068.61,3340.80,3560.78,3780.77,4093.97,4492.93,5000.02,5645.06,0.74,0.62,0.05,Resistência,0,0
2007-01-19,2628.64,3086.21,3369.28,3598.07,3826.86,4152.58,4567.50,5094.87,5765.72,0.76,0.62,0.03,Resistência,0,0
2007-01-22,2628.64,3086.21,3369.28,3598.07,3826.86,4152.58,4567.50,5094.87,5765.72,0.72,0.62,0.07,Resistência,0,0
2007-01-23,2628.64,3086.21,3369.28,3598.07,3826.86,4152.58,4567.50,5094.87,5765.72,0.75,0.62,0.04,Resistência,0,0
2007-01-24,2628.64,3086.21,3369.28,3598.07,3826.86,4152.58,4567.50,5094.87,5765.72,0.66,0.62,0.13,Resistência,0,0
2007-01-25,2628.64,3086.21,3369.28,3598.07,3826.86,4152.58,4567.50,5094.87,5765.72,0.61,0.50,0.01,Zona de Consolidação,1,0
2007-01-26,2628.64,3086.21,3369.28,3598.07,3826.86,4152.58,4567.50,5094.87,5765.72,0.66,0.62,0.13,Resistência,0,0
2007-01-29,2628.64,3086.21,3369.28,3598.07,3826.86,4152.58,4567.50,5094.87,5765.72,0.63,0.62,0.16,Resistência,1,0
2007-01-30,2628.64,3086.21,3369.28,3598.07,3826.86,4152.58,4567.50,5094.87,5765.72,0.58,0.50,0.04,Zona de Consolidação,0,0
2007-01-31,2628.64,3086.21,3369.28,3598.07,3826.86,4152.58,4567.50,5094.87,5765.72,0.67,0.62,0.12,Resistência,0,0
2007-02-01,2628.64,3086.21,3369.28,3598.07,3826.86,4152.58,4567.50,5094.87,5765.72,0.63,0.62,0.16,Resistência,1,0
2007-02-02,2628.64,3086.21,3369.28,3598.07,3826.86,4152.58,4567.50,5094.87,5765.72,0.71,0.62,0.08,Resistência,0,0
2007-02-05,2628.64,3086.21,3369.28,3598.07,3826.86,4152.58,4567.50,5094.87,5765.72,0.78,0.62,0.01,Resistência,0,1
2007-02-06,2628.64,3086.21,3369.28,3598.07,3826.86,4152.58,4567.50,5094.87,5765.72,0.77,0.62,0.02,Resistência,0,1
2007-02-07,2628.64,3086.21,3369.28,3598.07,3826.86,4152.58,4567.50,5094.87,5765.72,0.73,0.62,0.06,Resistência,0,0
2007-02-08,2628.64,3086.21,3369.28,3598.07,3826.86,4152.58,4567.50,5094.87,5765.72,0.69,0.62,0.10,Resistência,0,0
2007-02-09,2628.64,3086.21,3369.28,3598.07,3826.86,4152.58,4567.50,5094.87,5765.72,0.62,0.62,0.17,Resistência,1,0
2007-02-12,2628.64,3086.21,3369.28,3598.07,3826.86,4152.58,4567.50,5094.87,5765.72,0.66,0.62,0.13,Resistência,0,0
2007-02-13,2628.64,3086.21,3369.28,3598.07,3826.86,4152.58,4567.50,5094.87,5765.72,0.63,0.62,0.16,Resistência,1,0
2007-02-14,2628.64,3086.21,3369.28,3598.07,3826.86,4152.58,4567.50,5094.87,5765.72,0.70,0.62,0.09,Resistência,0,0
2007-02-15,2628.64,3086.21,3369.28,3598.07,3826.86,4152.58,4567.50,5094.87,5765.72,0.64,0.62,0.15,Resistência,0,0
2007-02-16,2628.64,3086.21,3369.28,3598.07,3826.86,4152.58,4567.50,5094.87,5765.72,0.74,0.62,0.05,Resistência,0,0
2007-02-20,2628.64,3086.21,3369.28,3598.07,3826.86,4152.58,4567.50,5094.87,5765.72,0.71,0.62,0.08,Resistência,0,0
2007-02-21,2628.64,3086.21,3369.28,3598.07,3826.86,4152.58,4567.50,5094.87,5765.72,0.73,0.62,0.06,Resistência,0,0
2007-02-22,2628.64,3086.21,3369.28,3598.07,3826.86,4152.58,4567.50,5094.87,5765.72,0.67,0.62,0.12,Resistência,0,0
2007-02-23,2628.64,3086.21,3369.28,3598.07,3826.86,4152.58,4567.50,5094.87,5765.72,0.66,0.62,0.13,Resistência,0,0
2007-02-26,2628.64,3086.21,3369.28,3598.07,3826.86,4152.58,4567.50,5094.87,5765.72,0.66,0.62,0.13,Resistência,0,0
2007-02-27,2628.64,3086.21,3369.28,3598.07,3826.86,4152.58,4567.50,5094.87,5765.72,0.61,0.50,0.01,Zona de Consolidação,1,0
2007-02-28,2628.64,3086.21,3369.28,3598.07,3826.86,4152.58,4567.50,5094.87,5765.72,0.58,0.50,0.04,Zona de Consolidação,0,0
2007-03-01,2628.64,3086.21,3369.28,3598.07,3826.86,4152.58,4567.50,5094.87,5765.72,0.59,0.50,0.03,Zona de Consolidação,0,0
2007-03-02,2628.64,3086.21,3369.28,3598.07,3826.86,4152.58,4567.50,5094.87,5765.72,0.50,0.50,0.12,Zona de Consolidação,0,0
2007-03-05,2628.64,3086.21,3369.28,3598.07,3826.86,4152.58,4567.50,5094.87,5765.72,0.40,0.38,0.10,Zona de Consolidação,0,0
2007-03-06,2675.25,3121.82,3398.09,3621.38,3844.66,4162.56,4567.50,5082.19,5736.91,0.48,0.38,0.02,Zona de Consolidação,0,0
2007-03-07,2675.25,3121.82,3398.09,3621.38,3844.66,4162.56,4567.50,5082.19,5736.91,0.50,0.50,0.12,Zona de Consolidação,0,0
2007-03-08,2675.25,3121.82,3398.09,3621.38,3844.66,4162.56,4567.50,5082.19,5736.91,0.53,0.50,0.09,Zona de Consolidação,0,0
2007-03-09,2703.21,3143.18,3415.37,3635.36,3855.34,4168.54,4567.50,5074.59,5719.63,0.49,0.38,0.01,Zona de Consolidação,0,0
2007-03-12,2796.43,3214.40,3472.98,3681.96,3890.95,4188.49,4567.50,5049.23,5662.02,0.53,0.50,0.09,Zona de Consolidação,0,0
2007-03-13,2833.71,3242.88,3496.02,3700.60,3905.19,4196.47,4567.50,5039.09,5638.98,0.55,0.50,0.07,Zona de Consolidação,0,0
2007-03-14,2833.71,3242.88,3496.02,3700.60,3905.19,4196.47,4567.50,5039.09,5638.98,0.47,0.38,0.03,Zona de Consolidação,0,0
2007-03-15,2871.00,3271.37,3519.06,3719.25,3919.44,4204.45,4567.50,5028.95,5615.94,0.51,0.50,0.11,Zona de Consolidação,0,0
2007-03-16,2871.00,3271.37,3519.06,3719.25,3919.44,4204.45,4567.50,5028.95,5615.94,0.48,0.38,0.02,Zona de Consolidação,0,0
2007-03-19,2871.00,3271.37,3519.06,3719.25,3919.44,4204.45,4567.50,5028.95,5615.94,0.42,0.38,0.08,Zona de Consolidação,0,0
2007-03-20,2871.00,3271.37,3519.06,3719.25,3919.44,4204.45,4567.50,5028.95,5615.94,0.46,0.38,0.04,Zona de Consolidação,0,0
2007-03-21,2871.00,3271.37,3519.06,3719.25,3919.44,4204.45,4567.50,5028.95,5615.94,0.35,0.24,0.03,Suporte,0,0
2007-03-22,3029.46,3392.44,3616.99,3798.48,3979.97,4238.36,4567.50,4985.85,5518.01,0.31,0.24,0.07,Suporte,0,0
2007-03-23,3327.75,3620.33,3801.33,3947.62,4093.92,4302.19,4567.50,4904.71,5333.67,0.25,0.24,0.13,Suporte,0,0
2007-03-26,3327.75,3620.33,3801.33,3947.62,4093.92,4302.19,4567.50,4904.71,5333.67,0.17,0.00,0.07,Suporte Forte,0,0
2007-03-27,3327.75,3620.33,3801.33,3947.62,4093.92,4302.19,4567.50,4904.71,5333.67,0.14,0.00,0.10,Suporte Forte,0,0
2007-03-28,3327.75,3620.33,3801.33,3947.62,4093.92,4302.19,4567.50,4904.71,5333.67,0.20,0.00,0.04,Suporte Forte,0,0
2007-03-29,3327.75,3620.33,3801.33,3947.62,4093.92,4302.19,4567.50,4904.71,5333.67,0.32,0.24,0.06,Suporte,0,0
2007-03-30,3327.75,3620.33,3801.33,3947.62,4093.92,4302.19,4567.50,4904.71,5333.67,0.26,0.24,0.12,Suporte,0,0
2007-04-02,3327.75,3589.53,3751.48,3882.38,4013.27,4199.62,4437.00,4738.72,5122.52,0.24,0.24,0.14,Suporte,0,0
2007-04-03,3327.75,3541.14,3673.15,3779.84,3886.53,4038.44,4231.93,4477.87,4790.71,0.26,0.24,0.12,Suporte,0,0
2007-04-04,3327.75,3541.14,3673.15,3779.84,3886.53,4038.44,4231.93,4477.87,4790.71,0.28,0.24,0.10,Suporte,0,0
2007-04-05,3085.39,3355.97,3523.37,3658.66,3793.95,3986.57,4231.93,4543.79,4940.49,0.32,0.24,0.06,Suporte,0,0
2007-04-09,3085.39,3355.97,3523.37,3658.66,3793.95,3986.57,4231.93,4543.79,4940.49,0.47,0.38,0.03,Zona de Consolidação,0,0
2007-04-10,3085.39,3355.97,3523.37,3658.66,3793.95,3986.57,4231.93,4543.79,4940.49,0.57,0.50,0.05,Zona de Consolidação,0,0
2007-04-11,3085.39,3355.97,3523.37,3658.66,3793.95,3986.57,4231.93,4543.79,4940.49,0.45,0.38,0.05,Zona de Consolidação,0,0
2007-04-12,3085.39,3355.97,3523.37,3658.66,3793.95,3986.57,4231.93,4543.79,4940.49,0.59,0.50,0.03,Zona de Consolidação,1,0
2007-04-13,3085.39,3355.97,3523.37,3658.66,3793.95,3986.57,4231.93,4543.79,4940.49,0.47,0.38,0.03,Zona de Consolidação,0,0
2007-04-16,3085.39,3355.97,3523.37,3658.66,3793.95,3986.57,4231.93,4543.79,4940.49,0.40,0.38,0.10,Zona de Consolidação,1,0
2007-04-17,3085.39,3355.97,3523.37,3658.66,3793.95,3986.57,4231.93,4543.79,4940.49,0.54,0.50,0.08,Zona de Consolidação,0,0
2007-04-18,3085.39,3355.97,3523.37,3658.66,3793.95,3986.57,4231.93,4543.79,4940.49,0.41,0.38,0.09,Zona de Consolidação,0,0
2007-04-19,3085.39,3355.97,3523.37,3658.66,3793.95,3986.57,4231.93,4543.79,4940.49,0.32,0.24,0.06,Suporte,0,0
2007-04-20,3085.39,3349.37,3512.68,3644.68,3776.67,3964.59,4203.96,4508.21,4895.24,0.31,0.24,0.07,Suporte,0,0
2007-04-23,3085.39,3349.37,3512.68,3644.68,3776.67,3964.59,4203.96,4508.21,4895.24,0.33,0.24,0.05,Suporte,0,0
2007-04-24,3085.39,3349.37,3512.68,3644.68,3776.67,3964.59,4203.96,4508.21,4895.24,0.33,0.24,0.05,Suporte,0,0
2007-04-25,3085.39,3349.37,3512.68,3644.68,3776.67,3964.59,4203.96,4508.21,4895.24,0.39,0.38,0.11,Zona de Consolidação,1,0
2007-04-26,3085.39,3349.37,3512.68,3644.68,3776.67,3964.59,4203.96,4508.21,4895.24,0.34,0.24,0.04,Suporte,0,0
2007-04-27,3085.39,3349.37,3512.68,3644.68,3776.67,3964.59,4203.96,4508.21,4895.24,0.33,0.24,0.05,Suporte,0,0
2007-04-30,3085.39,3349.37,3512.68,3644.68,3776.67,3964.59,4203.96,4508.21,4895.24,0.18,0.00,0.06,Suporte Forte,0,0
2007-05-01,3085.39,3349.37,3512.68,3644.68,3776.67,3964.59,4203.96,4508.21,4895.24,0.41,0.38,0.09,Zona de Consolidação,1,0
2007-05-02,3085.39,3349.37,3512.68,3644.68,3776.67,3964.59,4203.96,4508.21,4895.24,0.49,0.38,0.01,Zona de Consolidação,0,0
2007-05-03,3085.39,3318.57,3462.83,3579.42,3696.02,3862.01,4073.46,4342.22,4684.09,0.56,0.50,0.06,Zona de Consolidação,0,0
2007-05-04,3085.39,3298.78,3430.79,3537.48,3644.17,3796.08,3989.57,4235.51,4548.35,0.75,0.62,0.04,Resistência,0,1
2007-05-07,3085.39,3298.78,3430.79,3537.48,3644.17,3796.08,3989.57,4235.51,4548.35,0.57,0.50,0.05,Zona de Consolidação,0,0
2007-05-08,3085.39,3298.78,3430.79,3537.48,3644.17,3796.08,3989.57,4235.51,4548.35,0.54,0.50,0.08,Zona de Consolidação,0,0
2007-05-09,3085.39,3298.78,3430.79,3537.48,3644.17,3796.08,3989.57,4235.51,4548.35,0.61,0.50,0.01,Zona de Consolidação,1,0
2007-05-10,3085.39,3298.78,3430.79,3537.48,3644.17,3796.08,3989.57,4235.51,4548.35,0.52,0.50,0.10,Zona de Consolidação,0,0
2007-05-11,3085.39,3298.78,3430.79,3537.48,3644.17,3796.08,3989.57,4235.51,4548.35,0.56,0.50,0.06,Zona de Consolidação,0,0
2007-05-14,3085.39,3298.78,3430.79,3537.48,3644.17,3796.08,3989.57,4235.51,4548.35,0.21,0.00,0.03,Suporte Forte,0,0
2007-05-15,2945.57,3191.95,3344.38,3467.57,3590.76,3766.15,3989.57,4273.54,4634.76,0.05,0.00,0.19,Suporte Forte,0,0
2007-05-16,2796.43,3078.01,3252.21,3393.00,3533.79,3734.24,3989.57,4314.10,4726.93,0.12,0.00,0.12,Suporte Forte,0,0
2007-05-17,2796.43,3078.01,3252.21,3393.00,3533.79,3734.24,3989.57,4314.10,4726.93,0.20,0.00,0.04,Suporte Forte,0,0
2007-05-18,2796.43,3078.01,3252.21,3393.00,3533.79,3734.24,3989.57,4314.10,4726.93,0.23,0.00,0.01,Suporte Forte,0,0
2007-05-21,2796.43,3078.01,3252.21,3393.00,3533.79,3734.24,3989.57,4314.10,4726.93,0.17,0.00,0.07,Suporte Forte,0,0
2007-05-22,2796.43,3078.01,3252.21,3393.00,3533.79,3734.24,3989.57,4314.10,4726.93,0.30,0.24,0.08,Suporte,0,0
2007-05-23,2796.43,3078.01,3252.21,3393.00,3533.79,3734.24,3989.57,4314.10,4726.93,0.23,0.00,0.01,Suporte Forte,0,0
2007-05-24,2796.43,3078.01,3252.21,3393.00,3533.79,3734.24,3989.57,4314.10,4726.93,0.20,0.00,0.04,Suporte Forte,0,0
2007-05-25,2796.43,3078.01,3252.21,3393.00,3533.79,3734.24,3989.57,4314.10,4726.93,0.23,0.00,0.01,Suporte Forte,0,0
2007-05-29,2796.43,3078.01,3252.21,3393.00,3533.79,3734.24,3989.57,4314.10,4726.93,0.22,0.00,0.02,Suporte Forte,0,0
2007-05-30,2796.43,3078.01,3252.21,3393.00,3533.79,3734.24,3989.57,4314.10,4726.93,0.17,0.00,0.07,Suporte Forte,0,0
2007-05-31,2796.43,3078.01,3252.21,3393.00,3533.79,3734.24,3989.57,4314.10,4726.93,0.11,0.00,0.13,Suporte Forte,0,0
2007-06-01,2796.43,3078.01,3252.21,3393.00,3533.79,3734.24,3989.57,4314.10,4726.93,0.23,0.00,0.01,Suporte Forte,0,0
2007-06-04,2796.43,3078.01,3252.21,3393.00,3533.79,3734.24,3989.57,4314.10,4726.93,0.16,0.00,0.08,Suporte Forte,0,0
2007-06-05,2796.43,3078.01,3252.21,3393.00,3533.79,3734.24,3989.57,4314.10,4726.93,0.12,0.00,0.12,Suporte Forte,0,0
2007-06-06,2796.43,3078.01,3252.21,3393.00,3533.79,3734.24,3989.57,4314.10,4726.93,0.13,0.00,0.11,Suporte Forte,0,0
2007-06-07,2796.43,3078.01,3252.21,3393.00,3533.79,3734.24,3989.57,4314.10,4726.93,0.12,0.00,0.12,Suporte Forte,0,0
2007-06-08,2796.43,3078.01,3252.21,3393.00,3533.79,3734.24,3989.57,4314.10,4726.93,0.14,0.00,0.10,Suporte Forte,0,0
2007-06-11,2796.43,3078.01,3252.21,3393.00,3533.79,3734.24,3989.57,4314.10,4726.93,0.18,0.00,0.06,Suporte Forte,0,0
2007-06-12,2796.43,3078.01,3252.21,3393.00,3533.79,3734.24,3989.57,4314.10,4726.93,0.16,0.00,0.08,Suporte Forte,0,0
2007-06-13,2796.43,3071.41,3241.53,3379.02,3516.51,3712.26,3961.61,4278.54,4681.69,0.14,0.00,0.10,Suporte Forte,0,0
2007-06-14,2796.43,3071.41,3241.53,3379.02,3516.51,3712.26,3961.61,4278.54,4681.69,0.11,0.00,0.13,Suporte Forte,0,0
2007-06-15,2796.43,3071.41,3241.53,3379.02,3516.51,3712.26,3961.61,4278.54,4681.69,0.09,0.00,0.15,Suporte Forte,0,0
2007-06-18,2796.43,3071.41,3241.53,3379.02,3516.51,3712.26,3961.61,4278.54,4681.69,0.06,0.00,0.18,Suporte Forte,0,0
2007-06-19,2796.43,3071.41,3241.53,3379.02,3516.51,3712.26,3961.61,4278.54,4681.69,0.22,0.00,0.02,Suporte Forte,0,0
2007-06-20,2796.43,3071.41,3241.53,3379.02,3516.51,3712.26,3961.61,4278.54,4681.69,0.14,0.00,0.10,Suporte Forte,0,0
2007-06-21,2796.43,3071.41,3241.53,3379.02,3516.51,3712.26,3961.61,4278.54,4681.69,0.18,0.00,0.06,Suporte Forte,0,0
2007-06-22,2796.43,3071.41,3241.53,3379.02,3516.51,3712.26,3961.61,4278.54,4681.69,0.08,0.00,0.16,Suporte Forte,0,0
2007-06-25,2740.50,3028.68,3206.96,3351.06,3495.15,3700.29,3961.61,4293.75,4716.26,0.05,0.00,0.19,Suporte Forte,0,0
2007-06-26,2563.39,2893.37,3097.51,3262.50,3427.49,3662.39,3961.61,4341.93,4825.71,0.12,0.00,0.12,Suporte Forte,0,0
2007-06-27,2563.39,2893.37,3097.51,3262.50,3427.49,3662.39,3961.61,4341.93,4825.71,0.17,0.00,0.07,Suporte Forte,0,0
2007-06-28,2563.39,2893.37,3097.51,3262.50,3427.49,3662.39,3961.61,4341.93,4825.71,0.18,0.00,0.06,Suporte Forte,0,0
2007-06-29,2563.39,2893.37,3097.51,3262.50,3427.49,3662.39,3961.61,4341.93,4825.71,0.21,0.00,0.03,Suporte Forte,0,0
2007-07-02,2563.39,2893.37,3097.51,3262.50,3427.49,3662.39,3961.61,4341.93,4825.71,0.11,0.00,0.13,Suporte Forte,0,0
2007-07-03,2563.39,2893.37,3097.51,3262.50,3427.49,3662.39,3961.61,4341.93,4825.71,0.17,0.00,0.07,Suporte Forte,0,0
2007-07-05,2563.39,2893.37,3097.51,3262.50,3427.49,3662.39,3961.61,4341.93,4825.71,0.17,0.00,0.07,Suporte Forte,0,0
2007-07-06,2563.39,2893.37,3097.51,3262.50,3427.49,3662.39,3961.61,4341.93,4825.71,0.11,0.00,0.13,Suporte Forte,0,0
2007-07-09,2563.39,2893.37,3097.51,3262.50,3427.49,3662.39,3961.61,4341.93,4825.71,0.12,0.00,0.12,Suporte Forte,0,0
2007-07-10,2563.39,2893.37,3097.51,3262.50,3427.49,3662.39,3961.61,4341.93,4825.71,0.15,0.00,0.09,Suporte Forte,0,0
2007-07-11,2544.75,2879.13,3085.99,3253.18,3420.37,3658.40,3961.61,4347.00,4837.23,0.10,0.00,0.14,Suporte Forte,0,0
2007-07-12,2544.75,2879.13,3085.99,3253.18,3420.37,3658.40,3961.61,4347.00,4837.23,0.20,0.00,0.04,Suporte Forte,0,0
2007-07-13,2544.75,2879.13,3085.99,3253.18,3420.37,3658.40,3961.61,4347.00,4837.23,0.21,0.00,0.03,Suporte Forte,0,0
2007-07-16,2544.75,2879.13,3085.99,3253.18,3420.37,3658.40,3961.61,4347.00,4837.23,0.24,0.24,0.14,Suporte,0,0
2007-07-17,2544.75,2879.13,3085.99,3253.18,3420.37,3658.40,3961.61,4347.00,4837.23,0.20,0.00,0.04,Suporte Forte,0,0
2007-07-18,2544.75,2879.13,3085.99,3253.18,3420.37,3658.40,3961.61,4347.00,4837.23,0.22,0.00,0.02,Suporte Forte,0,0
2007-07-19,2544.75,2879.13,3085.99,3253.18,3420.37,3658.40,3961.61,4347.00,4837.23,0.16,0.00,0.08,Suporte Forte,0,0
2007-07-20,2544.75,2808.73,2972.04,3104.04,3236.03,3423.95,3663.32,3967.57,4354.60,0.17,0.00,0.07,Suporte Forte,0,0
2007-07-23,2451.54,2728.72,2900.20,3038.79,3177.38,3374.70,3626.04,3945.50,4351.88,0.21,0.00,0.03,Suporte Forte,0,0
2007-07-24,2451.54,2708.92,2868.15,2996.84,3125.53,3308.75,3542.14,3838.78,4216.13,0.33,0.24,0.05,Suporte,0,0
2007-07-25,2451.54,2708.92,2868.15,2996.84,3125.53,3308.75,3542.14,3838.78,4216.13,0.36,0.24,0.02,Suporte,1,0
2007-07-26,2451.54,2708.92,2868.15,2996.84,3125.53,3308.75,3542.14,3838.78,4216.13,0.28,0.24,0.10,Suporte,0,0
2007-07-27,2451.54,2708.92,2868.15,2996.84,3125.53,3308.75,3542.14,3838.78,4216.13,0.32,0.24,0.06,Suporte,0,0
2007-07-30,2451.54,2708.92,2868.15,2996.84,3125.53,3308.75,3542.14,3838.78,4216.13,0.21,0.00,0.03,Suporte Forte,0,0
2007-07-31,2451.54,2708.92,2868.15,2996.84,3125.53,3308.75,3542.14,3838.78,4216.13,0.27,0.24,0.11,Suporte,0,0
2007-08-01,2451.54,2708.92,2868.15,2996.84,3125.53,3308.75,3542.14,3838.78,4216.13,0.27,0.24,0.11,Suporte,0,0
2007-08-02,2451.54,2708.92,2868.15,2996.84,3125.53,3308.75,3542.14,3838.78,4216.13,0.24,0.24,0.14,Suporte,0,0
2007-08-03,2451.54,2708.92,2868.15,2996.84,3125.53,3308.75,3542.14,3838.78,4216.13,0.20,0.00,0.04,Suporte Forte,0,0
2007-08-06,2451.54,2708.92,2868.15,2996.84,3125.53,3308.75,3542.14,3838.78,4216.13,0.25,0.24,0.13,Suporte,0,0
2007-08-07,2451.54,2708.92,2868.15,2996.84,3125.53,3308.75,3542.14,3838.78,4216.13,0.28,0.24,0.10,Suporte,0,0
2007-08-08,2451.54,2708.92,2868.15,2996.84,3125.53,3308.75,3542.14,3838.78,4216.13,0.33,0.24,0.05,Suporte,0,0
2007-08-09,2451.54,2708.92,2868.15,2996.84,3125.53,3308.75,3542.14,3838.78,4216.13,0.32,0.24,0.06,Suporte,0,0
2007-08-10,2451.54,2708.92,2868.15,2996.84,3125.53,3308.75,3542.14,3838.78,4216.13,0.38,0.24,0.00,Suporte,1,0
2007-08-13,2451.54,2708.92,2868.15,2996.84,3125.53,3308.75,3542.14,3838.78,4216.13,0.11,0.00,0.13,Suporte Forte,0,0
2007-08-14,2237.14,2545.12,2735.65,2889.64,3043.63,3262.87,3542.14,3897.10,4348.63,0.10,0.00,0.14,Suporte Forte,0,0
2007-08-15,2237.14,2545.12,2735.65,2889.64,3043.63,3262.87,3542.14,3897.10,4348.63,0.07,0.00,0.17,Suporte Forte,0,0
2007-08-16,2060.04,2409.82,2626.20,2801.09,2975.98,3224.97,3542.14,3945.27,4458.08,0.50,0.50,0.12,Zona de Consolidação,0,0
2007-08-17,2060.04,2409.82,2626.20,2801.09,2975.98,3224.97,3542.14,3945.27,4458.08,0.50,0.50,0.12,Zona de Consolidação,0,0
2007-08-20,2060.04,2409.82,2626.20,2801.09,2975.98,3224.97,3542.14,3945.27,4458.08,0.50,0.50,0.12,Zona de Consolidação,0,0
2007-08-21,2060.04,2409.82,2626.20,2801.09,2975.98,3224.97,3542.14,3945.27,4458.08,0.38,0.24,0.00,Suporte,1,0
2007-08-22,2060.04,2409.82,2626.20,2801.09,2975.98,3224.97,3542.14,3945.27,4458.08,0.43,0.38,0.07,Zona de Consolidação,0,0
2007-08-23,2060.04,2409.82,2626.20,2801.09,2975.98,3224.97,3542.14,3945.27,4458.08,0.42,0.38,0.08,Zona de Consolidação,0,0
2007-08-24,2060.04,2409.82,2626.20,2801.09,2975.98,3224.97,3542.14,3945.27,4458.08,0.41,0.38,0.09,Zona de Consolidação,0,0
2007-08-27,2060.04,2409.82,2626.20,2801.09,2975.98,3224.97,3542.14,3945.27,4458.08,0.43,0.38,0.07,Zona de Consolidação,0,0
2007-08-28,2060.04,2409.82,2626.20,2801.09,2975.98,3224.97,3542.14,3945.27,4458.08,0.43,0.38,0.07,Zona de Consolidação,0,0
2007-08-29,2060.04,2324.02,2487.33,2619.32,2751.32,2939.24,3178.61,3482.86,3869.89,0.52,0.50,0.10,Zona de Consolidação,0,0
2007-08-30,2060.04,2324.02,2487.33,2619.32,2751.32,2939.24,3178.61,3482.86,3869.89,0.53,0.50,0.09,Zona de Consolidação,0,0
2007-08-31,2060.04,2288.82,2430.36,2544.75,2659.14,2822.00,3029.46,3293.14,3628.56,0.57,0.50,0.05,Zona de Consolidação,0,0
2007-09-04,2060.04,2288.82,2430.36,2544.75,2659.14,2822.00,3029.46,3293.14,3628.56,0.63,0.62,0.16,Resistência,1,0
2007-09-05,2060.04,2288.82,2430.36,2544.75,2659.14,2822.00,3029.46,3293.14,3628.56,0.63,0.62,0.16,Resistência,1,0
2007-09-06,2060.04,2288.82,2430.36,2544.75,2659.14,2822.00,3029.46,3293.14,3628.56,0.61,0.50,0.01,Zona de Consolidação,1,0
2007-09-07,2060.04,2288.82,2430.36,2544.75,2659.14,2822.00,3029.46,3293.14,3628.56,0.76,0.62,0.03,Resistência,0,1
2007-09-10,2060.04,2288.82,2430.36,2544.75,2659.14,2822.00,3029.46,3293.14,3628.56,0.86,0.79,0.14,Resistência Forte,0,0
2007-09-11,2060.04,2313.02,2469.53,2596.02,2722.51,2902.60,3132.00,3423.57,3794.47,0.95,0.79,0.05,Resistência Forte,0,0
2007-09-12,2060.04,2313.02,2469.53,2596.02,2722.51,2902.60,3132.00,3423.57,3794.47,0.95,0.79,0.05,Resistência Forte,0,0
2007-09-13,2060.04,2313.02,2469.53,2596.02,2722.51,2902.60,3132.00,3423.57,3794.47,0.95,0.79,0.05,Resistência Forte,0,0
2007-09-14,2060.04,2313.02,2469.53,2596.02,2722.51,2902.60,3132.00,3423.57,3794.47,0.87,0.79,0.13,Resistência Forte,0,0
2007-09-17,2060.04,2313.02,2469.53,2596.02,2722.51,2902.60,3132.00,3423.57,3794.47,0.77,0.62,0.02,Resistência,0,1
2007-09-18,2060.04,2313.02,2469.53,2596.02,2722.51,2902.60,3132.00,3423.57,3794.47,0.68,0.62,0.11,Resistência,0,0
2007-09-19,2060.04,2313.02,2469.53,2596.02,2722.51,2902.60,3132.00,3423.57,3794.47,0.74,0.62,0.05,Resistência,0,0
2007-09-20,2060.04,2313.02,2469.53,2596.02,2722.51,2902.60,3132.00,3423.57,3794.47,0.69,0.62,0.10,Resistência,0,0
2007-09-21,2060.04,2313.02,2469.53,2596.02,2722.51,2902.60,3132.00,3423.57,3794.47,0.53,0.50,0.09,Zona de Consolidação,0,0
2007-09-24,2060.04,2313.02,2469.53,2596.02,2722.51,2902.60,3132.00,3423.57,3794.47,0.61,0.50,0.01,Zona de Consolidação,1,0
2007-09-25,2060.04,2313.02,2469.53,2596.02,2722.51,2902.60,3132.00,3423.57,3794.47,0.78,0.62,0.01,Resistência,0,1
2007-09-26,2060.04,2313.02,2469.53,2596.02,2722.51,2902.60,3132.00,3423.57,3794.47,0.69,0.62,0.10,Resistência,0,0
2007-09-27,2060.04,2313.02,2469.53,2596.02,2722.51,2902.60,3132.00,3423.57,3794.47,0.77,0.62,0.02,Resistência,0,1
2007-09-28,2060.04,2313.02,2469.53,2596.02,2722.51,2902.60,3132.00,3423.57,3794.47,0.79,0.79,0.21,Resistência Forte,0,1
2007-10-01,2060.04,2313.02,2469.53,2596.02,2722.51,2902.60,3132.00,3423.57,3794.47,0.70,0.62,0.09,Resistência,0,0
2007-10-02,2060.04,2313.02,2469.53,2596.02,2722.51,2902.60,3132.00,3423.57,3794.47,0.63,0.62,0.16,Resistência,1,0
2007-10-03,2060.04,2313.02,2469.53,2596.02,2722.51,2902.60,3132.00,3423.57,3794.47,0.70,0.62,0.09,Resistência,0,0
2007-10-04,2060.04,2313.02,2469.53,2596.02,2722.51,2902.60,3132.00,3423.57,3794.47,0.63,0.62,0.16,Resistência,1,0
2007-10-05,2060.04,2313.02,2469.53,2596.02,2722.51,2902.60,3132.00,3423.57,3794.47,0.64,0.62,0.15,Resistência,0,0
2007-10-08,2060.04,2313.02,2469.53,2596.02,2722.51,2902.60,3132.00,3423.57,3794.47,0.63,0.62,0.16,Resistência,1,0
2007-10-09,2060.04,2313.02,2469.53,2596.02,2722.51,2902.60,3132.00,3423.57,3794.47,0.59,0.50,0.03,Zona de Consolidação,0,0
2007-10-10,2060.04,2313.02,2469.53,2596.02,2722.51,2902.60,3132.00,3423.57,3794.47,0.63,0.62,0.16,Resistência,1,0
2007-10-11,2060.04,2313.02,2469.53,2596.02,2722.51,2902.60,3132.00,3423.57,3794.47,0.60,0.50,0.02,Zona de Consolidação,1,0
2007-10-12,2060.04,2313.02,2469.53,2596.02,2722.51,2902.60,3132.00,3423.57,3794.47,0.59,0.50,0.03,Zona de Consolidação,0,0
2007-10-15,2060.04,2313.02,2469.53,2596.02,2722.51,2902.60,3132.00,3423.57,3794.47,0.57,0.50,0.05,Zona de Consolidação,0,0
2007-10-16,2060.04,2313.02,2469.53,2596.02,2722.51,2902.60,3132.00,3423.57,3794.47,0.57,0.50,0.05,Zona de Consolidação,0,0
2007-10-17,2060.04,2313.02,2469.53,2596.02,2722.51,2902.60,3132.00,3423.57,3794.47,0.71,0.62,0.08,Resistência,0,0
2007-10-18,2060.04,2313.02,2469.53,2596.02,2722.51,2902.60,3132.00,3423.57,3794.47,0.76,0.62,0.03,Resistência,0,0
2007-10-19,2060.04,2313.02,2469.53,2596.02,2722.51,2902.60,3132.00,3423.57,3794.47,0.72,0.62,0.07,Resistência,0,0
2007-10-22,2060.04,2313.02,2469.53,2596.02,2722.51,2902.60,3132.00,3423.57,3794.47,0.63,0.62,0.16,Resistência,1,0
2007-10-23,2060.04,2313.02,2469.53,2596.02,2722.51,2902.60,3132.00,3423.57,3794.47,0.73,0.62,0.06,Resistência,0,0
2007-10-24,2060.04,2313.02,2469.53,2596.02,2722.51,2902.60,3132.00,3423.57,3794.47,0.73,0.62,0.06,Resistência,0,0
2007-10-25,2060.04,2315.22,2473.09,2600.68,2728.27,2909.93,3141.32,3435.43,3809.55,0.63,0.62,0.16,Resistência,1,0
2007-10-26,2516.79,2664.18,2755.36,2829.06,2902.75,3007.67,3141.32,3311.19,3527.28,0.39,0.38,0.11,Zona de Consolidação,1,0
2007-10-29,2516.79,2664.18,2755.36,2829.06,2902.75,3007.67,3141.32,3311.19,3527.28,0.37,0.24,0.01,Suporte,1,0
2007-10-30,2516.79,2664.18,2755.36,2829.06,2902.75,3007.67,3141.32,3311.19,3527.28,0.37,0.24,0.01,Suporte,1,0
2007-10-31,2516.79,2672.98,2769.61,2847.70,2925.79,3036.98,3178.61,3358.63,3587.61,0.99,0.79,0.01,Resistência Forte,0,1
2007-11-01,2526.11,2699.90,2807.41,2894.30,2981.20,3104.91,3262.50,3462.80,3717.59,0.65,0.62,0.14,Resistência,1,0
2007-11-02,2526.11,2699.90,2807.41,2894.30,2981.20,3104.91,3262.50,3462.80,3717.59,0.49,0.38,0.01,Zona de Consolidação,0,0
2007-11-05,2526.11,2699.90,2807.41,2894.30,2981.20,3104.91,3262.50,3462.80,3717.59,0.48,0.38,0.02,Zona de Consolidação,0,0
2007-11-06,2526.11,2699.90,2807.41,2894.30,2981.20,3104.91,3262.50,3462.80,3717.59,0.34,0.24,0.04,Suporte,0,0
2007-11-07,2526.11,2699.90,2807.41,2894.30,2981.20,3104.91,3262.50,3462.80,3717.59,0.37,0.24,0.01,Suporte,1,0
2007-11-08,2526.11,2699.90,2807.41,2894.30,2981.20,3104.91,3262.50,3462.80,3717.59,0.39,0.38,0.11,Zona de Consolidação,1,0
2007-11-09,2526.11,2699.90,2807.41,2894.30,2981.20,3104.91,3262.50,3462.80,3717.59,0.27,0.24,0.11,Suporte,0,0
2007-11-12,2526.11,2805.49,2978.33,3118.02,3257.71,3456.59,3709.93,4031.93,4441.53,0.41,0.38,0.09,Zona de Consolidação,0,0
2007-11-13,2628.64,2883.82,3041.69,3169.28,3296.88,3478.53,3709.93,4004.04,4378.17,0.07,0.00,0.17,Suporte Forte,0,0
2007-11-14,2628.64,2883.82,3041.69,3169.28,3296.88,3478.53,3709.93,4004.04,4378.17,0.07,0.00,0.17,Suporte Forte,0,0
2007-11-15,2628.64,2883.82,3041.69,3169.28,3296.88,3478.53,3709.93,4004.04,4378.17,0.07,0.00,0.17,Suporte Forte,0,0
2007-11-16,2302.39,2634.57,2840.07,3006.16,3172.25,3408.72,3709.93,4092.78,4579.79,0.16,0.00,0.08,Suporte Forte,0,0
2007-11-19,2302.39,2634.57,2840.07,3006.16,3172.25,3408.72,3709.93,4092.78,4579.79,0.15,0.00,0.09,Suporte Forte,0,0
2007-11-20,2302.39,2634.57,2840.07,3006.16,3172.25,3408.72,3709.93,4092.78,4579.79,0.22,0.00,0.02,Suporte Forte,0,0
2007-11-21,2302.39,2634.57,2840.07,3006.16,3172.25,3408.72,3709.93,4092.78,4579.79,0.22,0.00,0.02,Suporte Forte,0,0
2007-11-23,2302.39,2634.57,2840.07,3006.16,3172.25,3408.72,3709.93,4092.78,4579.79,0.19,0.00,0.05,Suporte Forte,0,0
2007-11-26,2302.39,2634.57,2840.07,3006.16,3172.25,3408.72,3709.93,4092.78,4579.79,0.38,0.24,0.00,Suporte,1,0
2007-11-27,2302.39,2634.57,2840.07,3006.16,3172.25,3408.72,3709.93,4092.78,4579.79,0.37,0.24,0.01,Suporte,1,0
2007-11-28,2302.39,2634.57,2840.07,3006.16,3172.25,3408.72,3709.93,4092.78,4579.79,0.35,0.24,0.03,Suporte,0,0
2007-11-29,2302.39,2634.57,2840.07,3006.16,3172.25,3408.72,3709.93,4092.78,4579.79,0.32,0.24,0.06,Suporte,0,0
2007-11-30,2302.39,2634.57,2840.07,3006.16,3172.25,3408.72,3709.93,4092.78,4579.79,0.19,0.00,0.05,Suporte Forte,0,0
2007-12-03,2302.39,2634.57,2840.07,3006.16,3172.25,3408.72,3709.93,4092.78,4579.79,0.13,0.00,0.11,Suporte Forte,0,0
2007-12-04,2237.14,2584.72,2799.75,2973.54,3147.32,3394.75,3709.93,4110.53,4620.11,0.02,0.00,0.22,Suporte Forte,0,0
2007-12-05,2237.14,2584.72,2799.75,2973.54,3147.32,3394.75,3709.93,4110.53,4620.11,0.16,0.00,0.08,Suporte Forte,0,0
2007-12-06,2237.14,2584.72,2799.75,2973.54,3147.32,3394.75,3709.93,4110.53,4620.11,0.28,0.24,0.10,Suporte,0,0
2007-12-07,2237.14,2584.72,2799.75,2973.54,3147.32,3394.75,3709.93,4110.53,4620.11,0.09,0.00,0.15,Suporte Forte,0,0
2007-12-10,2181.21,2541.99,2765.18,2945.57,3125.96,3382.78,3709.93,4125.74,4654.68,0.18,0.00,0.06,Suporte Forte,0,0
2007-12-11,2181.21,2541.99,2765.18,2945.57,3125.96,3382.78,3709.93,4125.74,4654.68,0.13,0.00,0.11,Suporte Forte,0,0
2007-12-12,2181.21,2541.99,2765.18,2945.57,3125.96,3382.78,3709.93,4125.74,4654.68,0.08,0.00,0.16,Suporte Forte,0,0
2007-12-13,2181.21,2541.99,2765.18,2945.57,3125.96,3382.78,3709.93,4125.74,4654.68,0.13,0.00,0.11,Suporte Forte,0,0
2007-12-14,2181.21,2541.99,2765.18,2945.57,3125.96,3382.78,3709.93,4125.74,4654.68,0.32,0.24,0.06,Suporte,0,0
2007-12-17,2181.21,2541.99,2765.18,2945.57,3125.96,3382.78,3709.93,4125.74,4654.68,0.30,0.24,0.08,Suporte,0,0
2007-12-18,2181.21,2541.99,2765.18,2945.57,3125.96,3382.78,3709.93,4125.74,4654.68,0.22,0.00,0.02,Suporte Forte,0,0
2007-12-19,2181.21,2541.99,2765.18,2945.57,3125.96,3382.78,3709.93,4125.74,4654.68,0.16,0.00,0.08,Suporte Forte,0,0
2007-12-20,2181.21,2541.99,2765.18,2945.57,3125.96,3382.78,3709.93,4125.74,4654.68,0.10,0.00,0.14,Suporte Forte,0,0
2007-12-21,2004.11,2406.68,2655.73,2857.02,3058.31,3344.88,3709.93,4173.91,4764.13,0.20,0.00,0.04,Suporte Forte,0,0
2007-12-24,2004.11,2406.68,2655.73,2857.02,3058.31,3344.88,3709.93,4173.91,4764.13,0.24,0.24,0.14,Suporte,0,0
2007-12-26,2004.11,2406.68,2655.73,2857.02,3058.31,3344.88,3709.93,4173.91,4764.13,0.27,0.24,0.11,Suporte,0,0
2007-12-27,2004.11,2406.68,2655.73,2857.02,3058.31,3344.88,3709.93,4173.91,4764.13,0.22,0.00,0.02,Suporte Forte,0,0
2007-12-28,2004.11,2406.68,2655.73,2857.02,3058.31,3344.88,3709.93,4173.91,4764.13,0.33,0.24,0.05,Suporte,0,0
2007-12-31,2004.11,2406.68,2655.73,2857.02,3058.31,3344.88,3709.93,4173.91,4764.13,0.40,0.38,0.10,Zona de Consolidação,0,0
2008-01-02,2004.11,2406.68,2655.73,2857.02,3058.31,3344.88,3709.93,4173.91,4764.13,0.42,0.38,0.08,Zona de Consolidação,0,0
2008-01-03,2004.11,2406.68,2655.73,2857.02,3058.31,3344.88,3709.93,4173.91,4764.13,0.37,0.24,0.01,Suporte,1,0
2008-01-04,2004.11,2406.68,2655.73,2857.02,3058.31,3344.88,3709.93,4173.91,4764.13,0.36,0.24,0.02,Suporte,0,0
2008-01-07,2004.11,2406.68,2655.73,2857.02,3058.31,3344.88,3709.93,4173.91,4764.13,0.30,0.24,0.08,Suporte,0,0
2008-01-08,2004.11,2406.68,2655.73,2857.02,3058.31,3344.88,3709.93,4173.91,4764.13,0.33,0.24,0.05,Suporte,0,0
2008-01-09,2004.11,2406.68,2655.73,2857.02,3058.31,3344.88,3709.93,4173.91,4764.13,0.30,0.24,0.08,Suporte,0,0
2008-01-10,2004.11,2406.68,2655.73,2857.02,3058.31,3344.88,3709.93,4173.91,4764.13,0.24,0.24,0.14,Suporte,0,0
2008-01-11,2004.11,2406.68,2655.73,2857.02,3058.31,3344.88,3709.93,4173.91,4764.13,0.14,0.00,0.10,Suporte Forte,0,0
2008-01-14,2004.11,2406.68,2655.73,2857.02,3058.31,3344.88,3709.93,4173.91,4764.13,0.16,0.00,0.08,Suporte Forte,0,0
2008-01-15,2004.11,2406.68,2655.73,2857.02,3058.31,3344.88,3709.93,4173.91,4764.13,0.05,0.00,0.19,Suporte Forte,0,0
2008-01-16,1845.64,2285.61,2557.80,2777.78,2997.77,3310.97,3709.93,4217.02,4862.06,0.12,0.00,0.12,Suporte Forte,0,0
2008-01-17,1845.64,2285.61,2557.80,2777.78,2997.77,3310.97,3709.93,4217.02,4862.06,0.01,0.00,0.23,Suporte Forte,0,0
2008-01-18,1845.64,2285.61,2557.80,2777.78,2997.77,3310.97,3709.93,4217.02,4862.06,0.20,0.00,0.04,Suporte Forte,0,0
2008-01-22,1845.64,2285.61,2557.80,2777.78,2997.77,3310.97,3709.93,4217.02,4862.06,0.18,0.00,0.06,Suporte Forte,0,0
2008-01-23,1845.64,2285.61,2557.80,2777.78,2997.77,3310.97,3709.93,4217.02,4862.06,0.18,0.00,0.06,Suporte Forte,0,0
2008-01-24,1845.64,2285.61,2557.80,2777.78,2997.77,3310.97,3709.93,4217.02,4862.06,0.14,0.00,0.10,Suporte Forte,0,0
2008-01-25,1845.64,2199.82,2418.93,2596.02,2773.10,3025.23,3346.39,3754.59,4273.85,0.32,0.24,0.06,Suporte,0,0
2008-01-28,1845.64,2136.02,2315.66,2460.86,2606.05,2812.76,3076.07,3410.75,3836.48,0.33,0.24,0.05,Suporte,0,0
2008-01-29,1845.64,2136.02,2315.66,2460.86,2606.05,2812.76,3076.07,3410.75,3836.48,0.39,0.38,0.11,Zona de Consolidação,1,0
2008-01-30,1845.64,2136.02,2315.66,2460.86,2606.05,2812.76,3076.07,3410.75,3836.48,0.44,0.38,0.06,Zona de Consolidação,0,0
2008-01-31,1845.64,2136.02,2315.66,2460.86,2606.05,2812.76,3076.07,3410.75,3836.48,0.48,0.38,0.02,Zona de Consolidação,0,0
2008-02-01,1845.64,2136.02,2315.66,2460.86,2606.05,2812.76,3076.07,3410.75,3836.48,0.52,0.50,0.10,Zona de Consolidação,0,0
2008-02-04,1845.64,2136.02,2315.66,2460.86,2606.05,2812.76,3076.07,3410.75,3836.48,0.43,0.38,0.07,Zona de Consolidação,0,0
2008-02-05,1845.64,2136.02,2315.66,2460.86,2606.05,2812.76,3076.07,3410.75,3836.48,0.31,0.24,0.07,Suporte,0,0
2008-02-06,1845.64,2136.02,2315.66,2460.86,2606.05,2812.76,3076.07,3410.75,3836.48,0.30,0.24,0.08,Suporte,0,0
2008-02-07,1845.64,2136.02,2315.66,2460.86,2606.05,2812.76,3076.07,3410.75,3836.48,0.45,0.38,0.05,Zona de Consolidação,0,0
2008-02-08,1845.64,2116.22,2283.62,2418.91,2554.20,2746.82,2992.18,3304.04,3700.74,0.27,0.24,0.11,Suporte,0,0
2008-02-11,1845.64,2116.22,2283.62,2418.91,2554.20,2746.82,2992.18,3304.04,3700.74,0.26,0.24,0.12,Suporte,0,0
2008-02-12,1845.64,2087.62,2237.33,2358.32,2479.31,2651.57,2871.00,3149.90,3504.67,0.25,0.24,0.13,Suporte,0,0
2008-02-13,1845.64,2087.62,2237.33,2358.32,2479.31,2651.57,2871.00,3149.90,3504.67,0.29,0.24,0.09,Suporte,0,0
2008-02-14,1845.64,2087.62,2237.33,2358.32,2479.31,2651.57,2871.00,3149.90,3504.67,0.52,0.50,0.10,Zona de Consolidação,0,0
2008-02-15,1845.64,2087.62,2237.33,2358.32,2479.31,2651.57,2871.00,3149.90,3504.67,0.54,0.50,0.08,Zona de Consolidação,0,0
2008-02-19,1845.64,2087.62,2237.33,2358.32,2479.31,2651.57,2871.00,3149.90,3504.67,0.44,0.38,0.06,Zona de Consolidação,0,0
2008-02-20,1845.64,2087.62,2237.33,2358.32,2479.31,2651.57,2871.00,3149.90,3504.67,0.46,0.38,0.04,Zona de Consolidação,0,0
2008-02-21,1845.64,2087.62,2237.33,2358.32,2479.31,2651.57,2871.00,3149.90,3504.67,0.40,0.38,0.10,Zona de Consolidação,1,0
2008-02-22,1845.64,2087.62,2237.33,2358.32,2479.31,2651.57,2871.00,3149.90,3504.67,0.38,0.24,0.00,Suporte,1,0
2008-02-25,1845.64,2087.62,2237.33,2358.32,2479.31,2651.57,2871.00,3149.90,3504.67,0.38,0.24,0.00,Suporte,1,0
2008-02-26,1845.64,2087.62,2237.33,2358.32,2479.31,2651.57,2871.00,3149.90,3504.67,0.47,0.38,0.03,Zona de Consolidação,0,0
2008-02-27,1845.64,2087.62,2237.33,2358.32,2479.31,2651.57,2871.00,3149.90,3504.67,0.38,0.24,0.00,Suporte,1,0
2008-02-28,1845.64,2087.62,2237.33,2358.32,2479.31,2651.57,2871.00,3149.90,3504.67,0.65,0.62,0.14,Resistência,0,0
2008-02-29,1845.64,2087.62,2237.33,2358.32,2479.31,2651.57,2871.00,3149.90,3504.67,0.19,0.00,0.05,Suporte Forte,0,0
2008-03-03,1845.64,2087.62,2237.33,2358.32,2479.31,2651.57,2871.00,3149.90,3504.67,0.15,0.00,0.09,Suporte Forte,0,0
2008-03-04,1845.64,2087.62,2237.33,2358.32,2479.31,2651.57,2871.00,3149.90,3504.67,0.21,0.00,0.03,Suporte Forte,0,0
2008-03-05,1845.64,2087.62,2237.33,2358.32,2479.31,2651.57,2871.00,3149.90,3504.67,0.25,0.24,0.13,Suporte,0,0
2008-03-06,1845.64,2087.62,2237.33,2358.32,2479.31,2651.57,2871.00,3149.90,3504.67,0.25,0.24,0.13,Suporte,0,0
2008-03-07,1845.64,2087.62,2237.33,2358.32,2479.31,2651.57,2871.00,3149.90,3504.67,0.11,0.00,0.13,Suporte Forte,0,0
2008-03-10,1845.64,2087.62,2237.33,2358.32,2479.31,2651.57,2871.00,3149.90,3504.67,0.11,0.00,0.13,Suporte Forte,0,0
2008-03-11,1388.89,1738.67,1955.06,2129.95,2304.83,2553.83,2871.00,3274.13,3786.94,0.45,0.38,0.05,Zona de Consolidação,0,0
2008-03-12,1388.89,1738.67,1955.06,2129.95,2304.83,2553.83,2871.00,3274.13,3786.94,0.42,0.38,0.08,Zona de Consolidação,0,0
2008-03-13,1388.89,1701.27,1894.52,2050.72,2206.91,2429.28,2712.54,3072.57,3530.56,0.40,0.38,0.10,Zona de Consolidação,0,0
2008-03-14,1388.89,1696.87,1887.40,2041.39,2195.38,2414.62,2693.89,3048.85,3500.38,0.33,0.24,0.05,Suporte,0,0
2008-03-17,1388.89,1681.47,1862.47,2008.76,2155.06,2363.33,2628.64,2965.85,3394.81,0.43,0.38,0.07,Zona de Consolidação,0,0
2008-03-18,1388.89,1681.47,1862.47,2008.76,2155.06,2363.33,2628.64,2965.85,3394.81,0.58,0.50,0.04,Zona de Consolidação,0,0
2008-03-19,1388.89,1681.47,1862.47,2008.76,2155.06,2363.33,2628.64,2965.85,3394.81,0.53,0.50,0.09,Zona de Consolidação,0,0
2008-03-20,1388.89,1666.07,1837.55,1976.14,2114.73,2312.05,2563.39,2882.85,3289.23,0.56,0.50,0.06,Zona de Consolidação,0,0
2008-03-24,1388.89,1652.87,1816.18,1948.18,2080.17,2268.09,2507.46,2811.71,3198.74,0.68,0.62,0.11,Resistência,0,0
2008-03-25,1388.89,1652.87,1816.18,1948.18,2080.17,2268.09,2507.46,2811.71,3198.74,0.78,0.62,0.01,Resistência,0,1
2008-03-26,1388.89,1652.87,1816.18,1948.18,2080.17,2268.09,2507.46,2811.71,3198.74,0.74,0.62,0.05,Resistência,0,0
2008-03-27,1388.89,1652.87,1816.18,1948.18,2080.17,2268.09,2507.46,2811.71,3198.74,0.76,0.62,0.03,Resistência,0,0
2008-03-28,1388.89,1652.87,1816.18,1948.18,2080.17,2268.09,2507.46,2811.71,3198.74,0.68,0.62,0.11,Resistência,0,0
2008-03-31,1388.89,1652.87,1816.18,1948.18,2080.17,2268.09,2507.46,2811.71,3198.74,0.76,0.62,0.03,Resistência,0,0
2008-04-01,1388.89,1652.87,1816.18,1948.18,2080.17,2268.09,2507.46,2811.71,3198.74,0.69,0.62,0.10,Resistência,0,0
2008-04-02,1388.89,1652.87,1816.18,1948.18,2080.17,2268.09,2507.46,2811.71,3198.74,0.76,0.62,0.03,Resistência,0,0
2008-04-03,1388.89,1652.87,1816.18,1948.18,2080.17,2268.09,2507.46,2811.71,3198.74,0.69,0.62,0.10,Resistência,0,0
2008-04-04,1388.89,1652.87,1816.18,1948.18,2080.17,2268.09,2507.46,2811.71,3198.74,0.76,0.62,0.03,Resistência,0,0
2008-04-07,1388.89,1652.87,1816.18,1948.18,2080.17,2268.09,2507.46,2811.71,3198.74,0.54,0.50,0.08,Zona de Consolidação,0,0
2008-04-08,1388.89,1652.87,1816.18,1948.18,2080.17,2268.09,2507.46,2811.71,3198.74,0.64,0.62,0.15,Resistência,0,0
2008-04-09,1388.89,1652.87,1816.18,1948.18,2080.17,2268.09,2507.46,2811.71,3198.74,0.72,0.62,0.07,Resistência,0,0
2008-04-10,1388.89,1652.87,1816.18,1948.18,2080.17,2268.09,2507.46,2811.71,3198.74,0.68,0.62,0.11,Resistência,0,0
2008-04-11,1388.89,1732.07,1944.38,2115.96,2287.55,2531.85,2843.04,3238.57,3741.70,0.78,0.62,0.01,Resistência,0,1
2008-04-14,1388.89,1734.27,1947.94,2120.62,2293.31,2539.18,2852.36,3250.42,3756.78,0.94,0.79,0.06,Resistência Forte,0,0
2008-04-15,1388.89,1734.27,1947.94,2120.62,2293.31,2539.18,2852.36,3250.42,3756.78,0.61,0.50,0.01,Zona de Consolidação,1,0
2008-04-16,1388.89,1734.27,1947.94,2120.62,2293.31,2539.18,2852.36,3250.42,3756.78,0.94,0.79,0.06,Resistência Forte,0,0
2008-04-17,1388.89,1963.05,2318.26,2605.34,2892.42,3301.15,3821.79,4483.54,5325.32,0.58,0.50,0.04,Zona de Consolidação,0,0
2008-04-18,1388.89,1963.05,2318.26,2605.34,2892.42,3301.15,3821.79,4483.54,5325.32,0.65,0.62,0.14,Resistência,0,0
2008-04-21,1388.89,1963.05,2318.26,2605.34,2892.42,3301.15,3821.79,4483.54,5325.32,0.57,0.50,0.05,Zona de Consolidação,0,0
2008-04-22,1388.89,1963.05,2318.26,2605.34,2892.42,3301.15,3821.79,4483.54,5325.32,0.68,0.62,0.11,Resistência,0,0
2008-04-23,1388.89,1963.05,2318.26,2605.34,2892.42,3301.15,3821.79,4483.54,5325.32,0.72,0.62,0.07,Resistência,0,0
2008-04-24,1388.89,1963.05,2318.26,2605.34,2892.42,3301.15,3821.79,4483.54,5325.32,0.77,0.62,0.02,Resistência,0,0
2008-04-25,1388.89,1963.05,2318.26,2605.34,2892.42,3301.15,3821.79,4483.54,5325.32,0.64,0.62,0.15,Resistência,0,0
2008-04-28,1388.89,1963.05,2318.26,2605.34,2892.42,3301.15,3821.79,4483.54,5325.32,0.57,0.50,0.05,Zona de Consolidação,0,0
2008-04-29,1388.89,1963.05,2318.26,2605.34,2892.42,3301.15,3821.79,4483.54,5325.32,0.61,0.50,0.01,Zona de Consolidação,1,0
2008-04-30,1388.89,1963.05,2318.26,2605.34,2892.42,3301.15,3821.79,4483.54,5325.32,0.61,0.50,0.01,Zona de Consolidação,1,0
2008-05-01,1388.89,1963.05,2318.26,2605.34,2892.42,3301.15,3821.79,4483.54,5325.32,0.52,0.50,0.10,Zona de Consolidação,0,0
2008-05-02,1388.89,1963.05,2318.26,2605.34,2892.42,3301.15,3821.79,4483.54,5325.32,0.50,0.50,0.12,Zona de Consolidação,0,0
2008-05-05,1388.89,1963.05,2318.26,2605.34,2892.42,3301.15,3821.79,4483.54,5325.32,0.52,0.50,0.10,Zona de Consolidação,0,0
2008-05-06,1388.89,1963.05,2318.26,2605.34,2892.42,3301.15,3821.79,4483.54,5325.32,0.62,0.62,0.17,Resistência,1,0
2008-05-07,1388.89,1963.05,2318.26,2605.34,2892.42,3301.15,3821.79,4483.54,5325.32,0.62,0.62,0.17,Resistência,1,0
2008-05-08,1388.89,1963.05,2318.26,2605.34,2892.42,3301.15,3821.79,4483.54,5325.32,0.58,0.50,0.04,Zona de Consolidação,0,0
2008-05-09,1388.89,1963.05,2318.26,2605.34,2892.42,3301.15,3821.79,4483.54,5325.32,0.58,0.50,0.04,Zona de Consolidação,0,0
2008-05-12,1388.89,1963.05,2318.26,2605.34,2892.42,3301.15,3821.79,4483.54,5325.32,0.56,0.50,0.06,Zona de Consolidação,0,0
2008-05-13,1388.89,1963.05,2318.26,2605.34,2892.42,3301.15,3821.79,4483.54,5325.32,0.59,0.50,0.03,Zona de Consolidação,0,0
2008-05-14,1388.89,1963.05,2318.26,2605.34,2892.42,3301.15,3821.79,4483.54,5325.32,0.60,0.50,0.02,Zona de Consolidação,0,0
2008-05-15,1388.89,1963.05,2318.26,2605.34,2892.42,3301.15,3821.79,4483.54,5325.32,0.58,0.50,0.04,Zona de Consolidação,0,0
2008-05-16,1388.89,1963.05,2318.26,2605.34,2892.42,3301.15,3821.79,4483.54,5325.32,0.54,0.50,0.08,Zona de Consolidação,0,0
2008-05-19,1388.89,1963.05,2318.26,2605.34,2892.42,3301.15,3821.79,4483.54,5325.32,0.51,0.50,0.11,Zona de Consolidação,0,0
2008-05-20,1388.89,1963.05,2318.26,2605.34,2892.42,3301.15,3821.79,4483.54,5325.32,0.51,0.50,0.11,Zona de Consolidação,0,0
2008-05-21,1454.14,2012.91,2358.58,2637.96,2917.35,3315.11,3821.79,4465.79,5285.00,0.49,0.38,0.01,Zona de Consolidação,0,0
2008-05-22,1454.14,2012.91,2358.58,2637.96,2917.35,3315.11,3821.79,4465.79,5285.00,0.56,0.50,0.06,Zona de Consolidação,0,0
2008-05-23,1454.14,2012.91,2358.58,2637.96,2917.35,3315.11,3821.79,4465.79,5285.00,0.61,0.50,0.01,Zona de Consolidação,1,0
2008-05-27,1454.14,2012.91,2358.58,2637.96,2917.35,3315.11,3821.79,4465.79,5285.00,0.50,0.50,0.12,Zona de Consolidação,0,0
2008-05-28,1454.14,2012.91,2358.58,2637.96,2917.35,3315.11,3821.79,4465.79,5285.00,0.52,0.50,0.10,Zona de Consolidação,0,0
2008-05-29,1454.14,2012.91,2358.58,2637.96,2917.35,3315.11,3821.79,4465.79,5285.00,0.51,0.50,0.11,Zona de Consolidação,0,0
2008-05-30,1845.64,2312.01,2600.53,2833.72,3066.90,3398.89,3821.79,4359.30,5043.05,0.48,0.38,0.02,Zona de Consolidação,0,0
2008-06-02,1845.64,2312.01,2600.53,2833.72,3066.90,3398.89,3821.79,4359.30,5043.05,0.37,0.24,0.01,Suporte,0,0
2008-06-03,1845.64,2312.01,2600.53,2833.72,3066.90,3398.89,3821.79,4359.30,5043.05,0.19,0.00,0.05,Suporte Forte,0,0
2008-06-04,1845.64,2312.01,2600.53,2833.72,3066.90,3398.89,3821.79,4359.30,5043.05,0.26,0.24,0.12,Suporte,0,0
2008-06-05,1845.64,2312.01,2600.53,2833.72,3066.90,3398.89,3821.79,4359.30,5043.05,0.28,0.24,0.10,Suporte,0,0
2008-06-06,1845.64,2312.01,2600.53,2833.72,3066.90,3398.89,3821.79,4359.30,5043.05,0.29,0.24,0.09,Suporte,0,0
2008-06-09,1845.64,2312.01,2600.53,2833.72,3066.90,3398.89,3821.79,4359.30,5043.05,0.43,0.38,0.07,Zona de Consolidação,0,0
2008-06-10,1845.64,2312.01,2600.53,2833.72,3066.90,3398.89,3821.79,4359.30,5043.05,0.36,0.24,0.02,Suporte,0,0
2008-06-11,1845.64,2312.01,2600.53,2833.72,3066.90,3398.89,3821.79,4359.30,5043.05,0.40,0.38,0.10,Zona de Consolidação,0,0
2008-06-12,1920.21,2368.98,2646.61,2871.00,3095.39,3414.85,3821.79,4339.02,4996.97,0.35,0.24,0.03,Suporte,0,0
2008-06-13,1920.21,2368.98,2646.61,2871.00,3095.39,3414.85,3821.79,4339.02,4996.97,0.37,0.24,0.01,Suporte,0,0
2008-06-16,1994.79,2425.96,2692.70,2908.29,3123.88,3430.81,3821.79,4318.73,4950.88,0.39,0.38,0.11,Zona de Consolidação,1,0
2008-06-17,1994.79,2425.96,2692.70,2908.29,3123.88,3430.81,3821.79,4318.73,4950.88,0.32,0.24,0.06,Suporte,0,0
2008-06-18,1994.79,2425.96,2692.70,2908.29,3123.88,3430.81,3821.79,4318.73,4950.88,0.29,0.24,0.09,Suporte,0,0
2008-06-19,1994.79,2425.96,2692.70,2908.29,3123.88,3430.81,3821.79,4318.73,4950.88,0.20,0.00,0.04,Suporte Forte,0,0
2008-06-20,1976.14,2411.71,2681.18,2898.96,3116.75,3426.82,3821.79,4323.81,4962.40,0.12,0.00,0.12,Suporte Forte,0,0
2008-06-23,1864.29,2326.26,2612.05,2843.04,3074.02,3402.88,3821.79,4354.23,5031.52,0.05,0.00,0.19,Suporte Forte,0,0
2008-06-24,1864.29,2326.26,2612.05,2843.04,3074.02,3402.88,3821.79,4354.23,5031.52,0.00,0.00,0.24,Suporte Forte,0,0
2008-06-25,1864.29,2326.26,2612.05,2843.04,3074.02,3402.88,3821.79,4354.23,5031.52,0.12,0.00,0.12,Suporte Forte,0,0
2008-06-26,1864.29,2326.26,2612.05,2843.04,3074.02,3402.88,3821.79,4354.23,5031.52,0.24,0.24,0.14,Suporte,0,0
2008-06-27,1864.29,2236.07,2466.06,2651.95,2837.84,3102.49,3439.61,3868.10,4413.16,0.42,0.38,0.08,Zona de Consolidação,0,0
2008-06-30,1864.29,2236.07,2466.06,2651.95,2837.84,3102.49,3439.61,3868.10,4413.16,0.34,0.24,0.04,Suporte,0,0
2008-07-01,1864.29,2236.07,2466.06,2651.95,2837.84,3102.49,3439.61,3868.10,4413.16,0.18,0.00,0.06,Suporte Forte,0,0
2008-07-02,1864.29,2236.07,2466.06,2651.95,2837.84,3102.49,3439.61,3868.10,4413.16,0.02,0.00,0.22,Suporte Forte,0,0
2008-07-03,1864.29,2236.07,2466.06,2651.95,2837.84,3102.49,3439.61,3868.10,4413.16,0.00,0.00,0.24,Suporte Forte,0,0
2008-07-07,1444.82,1895.79,2174.78,2400.26,2625.75,2946.78,3355.71,3875.47,4536.64,0.09,0.00,0.15,Suporte Forte,0,0
2008-07-08,1444.82,1818.80,2050.15,2237.14,2424.13,2690.35,3029.46,3460.48,4008.77,0.12,0.00,0.12,Suporte Forte,0,0
2008-07-09,1332.96,1733.33,1981.02,2181.21,2381.40,2666.41,3029.46,3490.91,4077.90,0.00,0.00,0.24,Suporte Forte,0,0
2008-07-10,1044.00,1512.57,1802.45,2036.73,2271.01,2604.57,3029.46,3569.51,4256.47,0.03,0.00,0.21,Suporte Forte,0,0
2008-07-11,1044.00,1512.57,1802.45,2036.73,2271.01,2604.57,3029.46,3569.51,4256.47,0.16,0.00,0.08,Suporte Forte,0,0
2008-07-14,1044.00,1512.57,1802.45,2036.73,2271.01,2604.57,3029.46,3569.51,4256.47,0.06,0.00,0.18,Suporte Forte,0,0
2008-07-15,1044.00,1512.57,1802.45,2036.73,2271.01,2604.57,3029.46,3569.51,4256.47,0.13,0.00,0.11,Suporte Forte,0,0
2008-07-16,1044.00,1512.57,1802.45,2036.73,2271.01,2604.57,3029.46,3569.51,4256.47,0.16,0.00,0.08,Suporte Forte,0,0
2008-07-17,1044.00,1512.57,1802.45,2036.73,2271.01,2604.57,3029.46,3569.51,4256.47,0.10,0.00,0.14,Suporte Forte,0,0
2008-07-18,1044.00,1512.57,1802.45,2036.73,2271.01,2604.57,3029.46,3569.51,4256.47,0.09,0.00,0.15,Suporte Forte,0,0
2008-07-21,1044.00,1512.57,1802.45,2036.73,2271.01,2604.57,3029.46,3569.51,4256.47,0.08,0.00,0.16,Suporte Forte,0,0
2008-07-22,1044.00,1512.57,1802.45,2036.73,2271.01,2604.57,3029.46,3569.51,4256.47,0.16,0.00,0.08,Suporte Forte,0,0
2008-07-23,1044.00,1512.57,1802.45,2036.73,2271.01,2604.57,3029.46,3569.51,4256.47,0.27,0.24,0.11,Suporte,0,0
2008-07-24,1044.00,1512.57,1802.45,2036.73,2271.01,2604.57,3029.46,3569.51,4256.47,0.18,0.00,0.06,Suporte Forte,0,0
2008-07-25,1044.00,1512.57,1802.45,2036.73,2271.01,2604.57,3029.46,3569.51,4256.47,0.53,0.50,0.09,Zona de Consolidação,0,0
2008-07-28,1044.00,1512.57,1802.45,2036.73,2271.01,2604.57,3029.46,3569.51,4256.47,0.49,0.38,0.01,Zona de Consolidação,0,0
2008-07-29,1044.00,1512.57,1802.45,2036.73,2271.01,2604.57,3029.46,3569.51,4256.47,0.45,0.38,0.05,Zona de Consolidação,0,0
2008-07-30,1044.00,1512.57,1802.45,2036.73,2271.01,2604.57,3029.46,3569.51,4256.47,0.47,0.38,0.03,Zona de Consolidação,0,0
2008-07-31,1044.00,1512.57,1802.45,2036.73,2271.01,2604.57,3029.46,3569.51,4256.47,0.42,0.38,0.08,Zona de Consolidação,0,0
2008-08-01,1044.00,1512.57,1802.45,2036.73,2271.01,2604.57,3029.46,3569.51,4256.47,0.43,0.38,0.07,Zona de Consolidação,0,0
2008-08-04,1044.00,1512.57,1802.45,2036.73,2271.01,2604.57,3029.46,3569.51,4256.47,0.44,0.38,0.06,Zona de Consolidação,0,0
2008-08-05,1044.00,1512.57,1802.45,2036.73,2271.01,2604.57,3029.46,3569.51,4256.47,0.57,0.50,0.05,Zona de Consolidação,0,0
2008-08-06,1044.00,1501.57,1784.64,2013.43,2242.22,2567.94,2982.86,3510.23,4181.08,0.71,0.62,0.08,Resistência,0,0
2008-08-07,1044.00,1501.57,1784.64,2013.43,2242.22,2567.94,2982.86,3510.23,4181.08,0.76,0.62,0.03,Resistência,0,0
2008-08-08,1044.00,1501.57,1784.64,2013.43,2242.22,2567.94,2982.86,3510.23,4181.08,0.82,0.79,0.18,Resistência Forte,0,0
2008-08-11,1044.00,1519.17,1813.13,2050.72,2288.30,2626.56,3057.43,3605.08,4301.73,0.87,0.79,0.13,Resistência Forte,0,0
2008-08-12,1044.00,1527.97,1827.37,2069.36,2311.34,2655.86,3094.71,3652.50,4362.05,0.85,0.79,0.15,Resistência Forte,0,0
2008-08-13,1044.00,1527.97,1827.37,2069.36,2311.34,2655.86,3094.71,3652.50,4362.05,0.84,0.79,0.16,Resistência Forte,0,0
2008-08-14,1044.00,1527.97,1827.37,2069.36,2311.34,2655.86,3094.71,3652.50,4362.05,0.85,0.79,0.15,Resistência Forte,0,0
2008-08-15,1044.00,1527.97,1827.37,2069.36,2311.34,2655.86,3094.71,3652.50,4362.05,0.90,0.79,0.10,Resistência Forte,0,0
2008-08-18,1044.00,1527.97,1827.37,2069.36,2311.34,2655.86,3094.71,3652.50,4362.05,0.85,0.79,0.15,Resistência Forte,0,0
2008-08-19,1044.00,1527.97,1827.37,2069.36,2311.34,2655.86,3094.71,3652.50,4362.05,0.84,0.79,0.16,Resistência Forte,0,0
2008-08-20,1044.00,1527.97,1827.37,2069.36,2311.34,2655.86,3094.71,3652.50,4362.05,0.78,0.62,0.01,Resistência,0,1
2008-08-21,1044.00,1527.97,1827.37,2069.36,2311.34,2655.86,3094.71,3652.50,4362.05,0.78,0.62,0.01,Resistência,0,1
2008-08-22,1044.00,1527.97,1827.37,2069.36,2311.34,2655.86,3094.71,3652.50,4362.05,0.85,0.79,0.15,Resistência Forte,0,0
2008-08-25,1044.00,1527.97,1827.37,2069.36,2311.34,2655.86,3094.71,3652.50,4362.05,0.80,0.79,0.20,Resistência Forte,0,0
2008-08-26,1044.00,1527.97,1827.37,2069.36,2311.34,2655.86,3094.71,3652.50,4362.05,0.85,0.79,0.15,Resistência Forte,0,0
2008-08-27,1044.00,1527.97,1827.37,2069.36,2311.34,2655.86,3094.71,3652.50,4362.05,0.90,0.79,0.10,Resistência Forte,0,0
2008-08-28,1044.00,1527.97,1827.37,2069.36,2311.34,2655.86,3094.71,3652.50,4362.05,0.90,0.79,0.10,Resistência Forte,0,0
2008-08-29,1044.00,1527.97,1827.37,2069.36,2311.34,2655.86,3094.71,3652.50,4362.05,0.81,0.79,0.19,Resistência Forte,0,0
2008-09-02,1044.00,1527.97,1827.37,2069.36,2311.34,2655.86,3094.71,3652.50,4362.05,0.70,0.62,0.09,Resistência,0,0
2008-09-03,1044.00,1527.97,1827.37,2069.36,2311.34,2655.86,3094.71,3652.50,4362.05,0.71,0.62,0.08,Resistência,0,0
2008-09-04,1044.00,1527.97,1827.37,2069.36,2311.34,2655.86,3094.71,3652.50,4362.05,0.53,0.50,0.09,Zona de Consolidação,0,0
2008-09-05,1044.00,1527.97,1827.37,2069.36,2311.34,2655.86,3094.71,3652.50,4362.05,0.52,0.50,0.10,Zona de Consolidação,0,0
2008-09-08,1044.00,1527.97,1827.37,2069.36,2311.34,2655.86,3094.71,3652.50,4362.05,0.65,0.62,0.14,Resistência,0,0
2008-09-09,1044.00,1527.97,1827.37,2069.36,2311.34,2655.86,3094.71,3652.50,4362.05,0.57,0.50,0.05,Zona de Consolidação,0,0
2008-09-10,1044.00,1527.97,1827.37,2069.36,2311.34,2655.86,3094.71,3652.50,4362.05,0.71,0.62,0.08,Resistência,0,0
2008-09-11,1044.00,1527.97,1827.37,2069.36,2311.34,2655.86,3094.71,3652.50,4362.05,0.55,0.50,0.07,Zona de Consolidação,0,0
2008-09-12,1044.00,1527.97,1827.37,2069.36,2311.34,2655.86,3094.71,3652.50,4362.05,0.56,0.50,0.06,Zona de Consolidação,0,0
2008-09-15,1044.00,1527.97,1827.37,2069.36,2311.34,2655.86,3094.71,3652.50,4362.05,0.46,0.38,0.04,Zona de Consolidação,0,0
2008-09-16,1044.00,1527.97,1827.37,2069.36,2311.34,2655.86,3094.71,3652.50,4362.05,0.51,0.50,0.11,Zona de Consolidação,0,0
2008-09-17,1044.00,1527.97,1827.37,2069.36,2311.34,2655.86,3094.71,3652.50,4362.05,0.47,0.38,0.03,Zona de Consolidação,0,0
2008-09-18,1044.00,1527.97,1827.37,2069.36,2311.34,2655.86,3094.71,3652.50,4362.05,0.49,0.38,0.01,Zona de Consolidação,0,0
2008-09-19,1071.96,1549.33,1844.65,2083.34,2322.02,2661.84,3094.71,3644.90,4344.77,0.41,0.38,0.09,Zona de Consolidação,0,0
2008-09-22,1071.96,1549.33,1844.65,2083.34,2322.02,2661.84,3094.71,3644.90,4344.77,0.37,0.24,0.01,Suporte,0,0
2008-09-23,1071.96,1549.33,1844.65,2083.34,2322.02,2661.84,3094.71,3644.90,4344.77,0.39,0.38,0.11,Zona de Consolidação,1,0
2008-09-24,1099.93,1570.70,1861.94,2097.32,2332.70,2667.83,3094.71,3637.29,4327.48,0.35,0.24,0.03,Suporte,0,0
2008-09-25,1099.93,1570.70,1861.94,2097.32,2332.70,2667.83,3094.71,3637.29,4327.48,0.37,0.24,0.01,Suporte,0,0
2008-09-26,1099.93,1570.70,1861.94,2097.32,2332.70,2667.83,3094.71,3637.29,4327.48,0.31,0.24,0.07,Suporte,0,0
2008-09-29,1099.93,1570.70,1861.94,2097.32,2332.70,2667.83,3094.71,3637.29,4327.48,0.25,0.24,0.13,Suporte,0,0
2008-09-30,1099.93,1570.70,1861.94,2097.32,2332.70,2667.83,3094.71,3637.29,4327.48,0.45,0.38,0.05,Zona de Consolidação,0,0
2008-10-01,1230.43,1670.40,1942.58,2162.57,2382.56,2695.75,3094.71,3601.79,4246.84,0.21,0.00,0.03,Suporte Forte,0,0
2008-10-02,1230.43,1670.40,1942.58,2162.57,2382.56,2695.75,3094.71,3601.79,4246.84,0.24,0.24,0.14,Suporte,0,0
2008-10-03,1342.29,1755.86,2011.71,2218.50,2425.29,2719.69,3094.71,3571.37,4177.71,0.09,0.00,0.15,Suporte Forte,0,0
2008-10-06,1342.29,1755.86,2011.71,2218.50,2425.29,2719.69,3094.71,3571.37,4177.71,0.07,0.00,0.17,Suporte Forte,0,0
2008-10-07,1239.75,1677.52,1948.34,2167.23,2386.12,2697.75,3094.71,3599.26,4241.08,0.00,0.00,0.24,Suporte Forte,0,0
2008-10-08,876.21,1399.78,1723.68,1985.46,2247.24,2619.95,3094.71,3698.14,4465.74,0.00,0.00,0.24,Suporte Forte,0,0
2008-10-09,596.57,1186.13,1550.86,1845.64,2140.42,2560.11,3094.71,3774.20,4638.56,0.00,0.00,0.24,Suporte Forte,0,0
2008-10-10,279.64,944.00,1355.00,1687.18,2019.35,2492.29,3094.71,3860.41,4834.42,0.07,0.00,0.17,Suporte Forte,0,0
2008-10-13,279.64,944.00,1355.00,1687.18,2019.35,2492.29,3094.71,3860.41,4834.42,0.10,0.00,0.14,Suporte Forte,0,0
2008-10-14,279.64,944.00,1355.00,1687.18,2019.35,2492.29,3094.71,3860.41,4834.42,0.21,0.00,0.03,Suporte Forte,0,0
2008-10-15,279.64,944.00,1355.00,1687.18,2019.35,2492.29,3094.71,3860.41,4834.42,0.11,0.00,0.13,Suporte Forte,0,0
2008-10-16,279.64,944.00,1355.00,1687.18,2019.35,2492.29,3094.71,3860.41,4834.42,0.23,0.00,0.01,Suporte Forte,0,0
2008-10-17,279.64,944.00,1355.00,1687.18,2019.35,2492.29,3094.71,3860.41,4834.42,0.17,0.00,0.07,Suporte Forte,0,0
2008-10-20,279.64,944.00,1355.00,1687.18,2019.35,2492.29,3094.71,3860.41,4834.42,0.18,0.00,0.06,Suporte Forte,0,0
2008-10-21,279.64,944.00,1355.00,1687.18,2019.35,2492.29,3094.71,3860.41,4834.42,0.15,0.00,0.09,Suporte Forte,0,0
2008-10-22,279.64,944.00,1355.00,1687.18,2019.35,2492.29,3094.71,3860.41,4834.42,0.10,0.00,0.14,Suporte Forte,0,0
2008-10-23,279.64,944.00,1355.00,1687.18,2019.35,2492.29,3094.71,3860.41,4834.42,0.16,0.00,0.08,Suporte Forte,0,0
2008-10-24,279.64,944.00,1355.00,1687.18,2019.35,2492.29,3094.71,3860.41,4834.42,0.15,0.00,0.09,Suporte Forte,0,0
2008-10-27,279.64,944.00,1355.00,1687.18,2019.35,2492.29,3094.71,3860.41,4834.42,0.15,0.00,0.09,Suporte Forte,0,0
2008-10-28,279.64,944.00,1355.00,1687.18,2019.35,2492.29,3094.71,3860.41,4834.42,0.23,0.00,0.01,Suporte Forte,0,0
2008-10-29,279.64,944.00,1355.00,1687.18,2019.35,2492.29,3094.71,3860.41,4834.42,0.23,0.00,0.01,Suporte Forte,0,0
2008-10-30,279.64,944.00,1355.00,1687.18,2019.35,2492.29,3094.71,3860.41,4834.42,0.29,0.24,0.09,Suporte,0,0
2008-10-31,279.64,944.00,1355.00,1687.18,2019.35,2492.29,3094.71,3860.41,4834.42,0.31,0.24,0.07,Suporte,0,0
2008-11-03,279.64,944.00,1355.00,1687.18,2019.35,2492.29,3094.71,3860.41,4834.42,0.26,0.24,0.12,Suporte,0,0
2008-11-04,279.64,944.00,1355.00,1687.18,2019.35,2492.29,3094.71,3860.41,4834.42,0.23,0.00,0.01,Suporte Forte,0,0
2008-11-05,279.64,941.80,1351.44,1682.52,2013.59,2484.96,3085.39,3848.55,4819.34,0.19,0.00,0.05,Suporte Forte,0,0
2008-11-06,279.64,941.80,1351.44,1682.52,2013.59,2484.96,3085.39,3848.55,4819.34,0.15,0.00,0.09,Suporte Forte,0,0
2008-11-07,279.64,941.80,1351.44,1682.52,2013.59,2484.96,3085.39,3848.55,4819.34,0.16,0.00,0.08,Suporte Forte,0,0
2008-11-10,279.64,926.40,1326.51,1649.89,1973.27,2433.67,3020.14,3765.56,4713.77,0.20,0.00,0.04,Suporte Forte,0,0
2008-11-11,279.64,829.60,1169.84,1444.82,1719.80,2111.30,2610.00,3243.86,4050.16,0.23,0.00,0.01,Suporte Forte,0,0
2008-11-12,279.64,823.01,1159.16,1430.84,1702.52,2089.33,2582.04,3208.29,4004.92,0.23,0.00,0.01,Suporte Forte,0,0
2008-11-13,279.64,823.01,1159.16,1430.84,1702.52,2089.33,2582.04,3208.29,4004.92,0.28,0.24,0.10,Suporte,0,0
2008-11-14,279.64,823.01,1159.16,1430.84,1702.52,2089.33,2582.04,3208.29,4004.92,0.28,0.24,0.10,Suporte,0,0
2008-11-17,279.64,823.01,1159.16,1430.84,1702.52,2089.33,2582.04,3208.29,4004.92,0.24,0.24,0.14,Suporte,0,0
2008-11-18,279.64,823.01,1159.16,1430.84,1702.52,2089.33,2582.04,3208.29,4004.92,0.23,0.00,0.01,Suporte Forte,0,0
2008-11-19,279.64,785.61,1098.62,1351.60,1604.59,1964.77,2423.57,3006.72,3748.52,0.09,0.00,0.15,Suporte Forte,0,0
2008-11-20,279.64,774.61,1080.82,1328.30,1575.78,1928.13,2376.96,2947.43,3673.10,0.11,0.00,0.13,Suporte Forte,0,0
2008-11-21,279.64,774.61,1080.82,1328.30,1575.78,1928.13,2376.96,2947.43,3673.10,0.20,0.00,0.04,Suporte Forte,0,0
2008-11-24,279.64,774.61,1080.82,1328.30,1575.78,1928.13,2376.96,2947.43,3673.10,0.25,0.24,0.13,Suporte,0,0
2008-11-25,279.64,774.61,1080.82,1328.30,1575.78,1928.13,2376.96,2947.43,3673.10,0.27,0.24,0.11,Suporte,0,0
2008-11-26,279.64,774.61,1080.82,1328.30,1575.78,1928.13,2376.96,2947.43,3673.10,0.27,0.24,0.11,Suporte,0,0
2008-11-28,279.64,774.61,1080.82,1328.30,1575.78,1928.13,2376.96,2947.43,3673.10,0.31,0.24,0.07,Suporte,0,0
2008-12-01,279.64,774.61,1080.82,1328.30,1575.78,1928.13,2376.96,2947.43,3673.10,0.16,0.00,0.08,Suporte Forte,0,0
2008-12-02,279.64,774.61,1080.82,1328.30,1575.78,1928.13,2376.96,2947.43,3673.10,0.27,0.24,0.11,Suporte,0,0
2008-12-03,279.64,774.61,1080.82,1328.30,1575.78,1928.13,2376.96,2947.43,3673.10,0.21,0.00,0.03,Suporte Forte,0,0
2008-12-04,279.64,774.61,1080.82,1328.30,1575.78,1928.13,2376.96,2947.43,3673.10,0.16,0.00,0.08,Suporte Forte,0,0
2008-12-05,279.64,774.61,1080.82,1328.30,1575.78,1928.13,2376.96,2947.43,3673.10,0.27,0.24,0.11,Suporte,0,0
2008-12-08,279.64,774.61,1080.82,1328.30,1575.78,1928.13,2376.96,2947.43,3673.10,0.23,0.00,0.01,Suporte Forte,0,0
2008-12-09,279.64,774.61,1080.82,1328.30,1575.78,1928.13,2376.96,2947.43,3673.10,0.14,0.00,0.10,Suporte Forte,0,0
2008-12-10,279.64,671.22,913.46,1109.25,1305.04,1583.79,1938.86,2390.17,2964.26,0.15,0.00,0.09,Suporte Forte,0,0
2008-12-11,279.64,644.82,870.73,1053.32,1235.91,1495.86,1827.00,2247.88,2783.27,0.12,0.00,0.12,Suporte Forte,0,0
2008-12-12,279.64,644.82,870.73,1053.32,1235.91,1495.86,1827.00,2247.88,2783.27,0.22,0.00,0.02,Suporte Forte,0,0
2008-12-15,279.64,592.02,785.27,941.46,1097.66,1320.03,1603.29,1963.32,2421.31,0.25,0.24,0.13,Suporte,0,0
2008-12-16,279.64,576.62,760.35,908.84,1057.33,1268.74,1538.04,1880.32,2315.73,0.27,0.24,0.11,Suporte,0,0
2008-12-17,279.64,526.02,678.45,801.64,924.83,1100.22,1323.64,1607.61,1968.83,0.26,0.24,0.12,Suporte,0,0
2008-12-18,279.64,526.02,678.45,801.64,924.83,1100.22,1323.64,1607.61,1968.83,0.27,0.24,0.11,Suporte,0,0
2008-12-19,279.64,526.02,678.45,801.64,924.83,1100.22,1323.64,1607.61,1968.83,0.24,0.24,0.14,Suporte,0,0
2008-12-22,428.79,639.97,770.62,876.22,981.81,1132.14,1323.64,1567.04,1876.66,0.17,0.00,0.07,Suporte Forte,0,0
2008-12-23,428.79,639.97,770.62,876.22,981.81,1132.14,1323.64,1567.04,1876.66,0.06,0.00,0.18,Suporte Forte,0,0
2008-12-24,428.79,639.97,770.62,876.22,981.81,1132.14,1323.64,1567.04,1876.66,0.08,0.00,0.16,Suporte Forte,0,0
2008-12-26,428.79,639.97,770.62,876.22,981.81,1132.14,1323.64,1567.04,1876.66,0.06,0.00,0.18,Suporte Forte,0,0
2008-12-29,428.79,639.97,770.62,876.22,981.81,1132.14,1323.64,1567.04,1876.66,0.00,0.00,0.24,Suporte Forte,0,0
2008-12-30,372.86,597.24,736.06,848.25,960.44,1120.17,1323.64,1582.25,1911.22,0.10,0.00,0.14,Suporte Forte,0,0
2008-12-31,372.86,597.24,736.06,848.25,960.44,1120.17,1323.64,1582.25,1911.22,0.29,0.24,0.09,Suporte,0,0
2009-01-02,372.86,597.24,736.06,848.25,960.44,1120.17,1323.64,1582.25,1911.22,0.28,0.24,0.10,Suporte,0,0
2009-01-05,372.86,597.24,736.06,848.25,960.44,1120.17,1323.64,1582.25,1911.22,0.30,0.24,0.08,Suporte,0,0
2009-01-06,372.86,597.24,736.06,848.25,960.44,1120.17,1323.64,1582.25,1911.22,0.34,0.24,0.04,Suporte,0,0
2009-01-07,372.86,597.24,736.06,848.25,960.44,1120.17,1323.64,1582.25,1911.22,0.45,0.38,0.05,Zona de Consolidação,0,0
2009-01-08,372.86,597.24,736.06,848.25,960.44,1120.17,1323.64,1582.25,1911.22,0.39,0.38,0.11,Zona de Consolidação,0,0
2009-01-09,372.86,597.24,736.06,848.25,960.44,1120.17,1323.64,1582.25,1911.22,0.25,0.24,0.13,Suporte,0,0
2009-01-12,372.86,597.24,736.06,848.25,960.44,1120.17,1323.64,1582.25,1911.22,0.30,0.24,0.08,Suporte,0,0
2009-01-13,372.86,597.24,736.06,848.25,960.44,1120.17,1323.64,1582.25,1911.22,0.21,0.00,0.03,Suporte Forte,0,0
2009-01-14,372.86,597.24,736.06,848.25,960.44,1120.17,1323.64,1582.25,1911.22,0.24,0.24,0.14,Suporte,0,0
2009-01-15,372.86,551.05,661.28,750.38,839.47,966.31,1127.89,1333.26,1594.50,0.27,0.24,0.11,Suporte,0,0
2009-01-16,372.86,520.25,611.43,685.12,758.82,863.74,997.39,1167.26,1383.35,0.45,0.38,0.05,Zona de Consolidação,0,0
2009-01-20,372.86,520.25,611.43,685.12,758.82,863.74,997.39,1167.26,1383.35,0.31,0.24,0.07,Suporte,0,0
2009-01-21,372.86,520.25,611.43,685.12,758.82,863.74,997.39,1167.26,1383.35,0.45,0.38,0.05,Zona de Consolidação,0,0
2009-01-22,372.86,520.25,611.43,685.12,758.82,863.74,997.39,1167.26,1383.35,0.16,0.00,0.08,Suporte Forte,0,0
2009-01-23,372.86,520.25,611.43,685.12,758.82,863.74,997.39,1167.26,1383.35,0.24,0.24,0.14,Suporte,0,0
2009-01-26,372.86,520.25,611.43,685.12,758.82,863.74,997.39,1167.26,1383.35,0.27,0.24,0.11,Suporte,0,0
2009-01-27,372.86,520.25,611.43,685.12,758.82,863.74,997.39,1167.26,1383.35,0.25,0.24,0.13,Suporte,0,0
2009-01-28,372.86,520.25,611.43,685.12,758.82,863.74,997.39,1167.26,1383.35,0.34,0.24,0.04,Suporte,0,0
2009-01-29,372.86,504.85,586.50,652.50,718.50,812.45,932.14,1084.26,1277.78,0.18,0.00,0.06,Suporte Forte,0,0
2009-01-30,372.86,504.85,586.50,652.50,718.50,812.45,932.14,1084.26,1277.78,0.12,0.00,0.12,Suporte Forte,0,0
2009-02-02,372.86,504.85,586.50,652.50,718.50,812.45,932.14,1084.26,1277.78,0.17,0.00,0.07,Suporte Forte,0,0
2009-02-03,372.86,504.85,586.50,652.50,718.50,812.45,932.14,1084.26,1277.78,0.32,0.24,0.06,Suporte,0,0
2009-02-04,372.86,504.85,586.50,652.50,718.50,812.45,932.14,1084.26,1277.78,0.20,0.00,0.04,Suporte Forte,0,0
2009-02-05,372.86,504.85,586.50,652.50,718.50,812.45,932.14,1084.26,1277.78,0.28,0.24,0.10,Suporte,0,0
2009-02-06,372.86,504.85,586.50,652.50,718.50,812.45,932.14,1084.26,1277.78,0.42,0.38,0.08,Zona de Consolidação,0,0
2009-02-09,372.86,504.85,586.50,652.50,718.50,812.45,932.14,1084.26,1277.78,0.23,0.00,0.01,Suporte Forte,0,0
2009-02-10,372.86,504.85,586.50,652.50,718.50,812.45,932.14,1084.26,1277.78,0.18,0.00,0.06,Suporte Forte,0,0
2009-02-11,372.86,504.85,586.50,652.50,718.50,812.45,932.14,1084.26,1277.78,0.27,0.24,0.11,Suporte,0,0
2009-02-12,372.86,504.85,586.50,652.50,718.50,812.45,932.14,1084.26,1277.78,0.22,0.00,0.02,Suporte Forte,0,0
2009-02-13,372.86,504.85,586.50,652.50,718.50,812.45,932.14,1084.26,1277.78,0.18,0.00,0.06,Suporte Forte,0,0
2009-02-17,372.86,504.85,586.50,652.50,718.50,812.45,932.14,1084.26,1277.78,0.07,0.00,0.17,Suporte Forte,0,0
2009-02-18,372.86,504.85,586.50,652.50,718.50,812.45,932.14,1084.26,1277.78,0.03,0.00,0.21,Suporte Forte,0,0
2009-02-19,372.86,504.85,586.50,652.50,718.50,812.45,932.14,1084.26,1277.78,0.02,0.00,0.22,Suporte Forte,0,0
2009-02-20,344.89,479.08,562.10,629.19,696.29,791.82,913.50,1068.16,1264.90,0.16,0.00,0.08,Suporte Forte,0,0
2009-02-23,344.89,479.08,562.10,629.19,696.29,791.82,913.50,1068.16,1264.90,0.21,0.00,0.03,Suporte Forte,0,0
2009-02-24,344.89,479.08,562.10,629.19,696.29,791.82,913.50,1068.16,1264.90,0.26,0.24,0.12,Suporte,0,0
2009-02-25,344.89,479.08,562.10,629.19,696.29,791.82,913.50,1068.16,1264.90,0.07,0.00,0.17,Suporte Forte,0,0
2009-02-26,344.89,479.08,562.10,629.19,696.29,791.82,913.50,1068.16,1264.90,0.07,0.00,0.17,Suporte Forte,0,0
2009-02-27,344.89,479.08,562.10,629.19,696.29,791.82,913.50,1068.16,1264.90,0.03,0.00,0.21,Suporte Forte,0,0
2009-03-02,298.29,443.48,533.30,605.90,678.49,781.85,913.50,1080.84,1293.70,0.12,0.00,0.12,Suporte Forte,0,0
2009-03-03,298.29,443.48,533.30,605.90,678.49,781.85,913.50,1080.84,1293.70,0.06,0.00,0.18,Suporte Forte,0,0
2009-03-04,298.29,443.48,533.30,605.90,678.49,781.85,913.50,1080.84,1293.70,0.12,0.00,0.12,Suporte Forte,0,0
2009-03-05,298.29,443.48,533.30,605.90,678.49,781.85,913.50,1080.84,1293.70,0.00,0.00,0.24,Suporte Forte,0,0
2009-03-06,298.29,443.48,533.30,605.90,678.49,781.85,913.50,1080.84,1293.70,0.05,0.00,0.19,Suporte Forte,0,0
2009-03-09,233.04,393.63,492.98,573.27,653.56,767.88,913.50,1098.59,1334.02,0.01,0.00,0.23,Suporte Forte,0,0
2009-03-10,233.04,393.63,492.98,573.27,653.56,767.88,913.50,1098.59,1334.02,0.07,0.00,0.17,Suporte Forte,0,0
2009-03-11,233.04,393.63,492.98,573.27,653.56,767.88,913.50,1098.59,1334.02,0.05,0.00,0.19,Suporte Forte,0,0
2009-03-12,233.04,393.63,492.98,573.27,653.56,767.88,913.50,1098.59,1334.02,0.07,0.00,0.17,Suporte Forte,0,0
2009-03-13,233.04,393.63,492.98,573.27,653.56,767.88,913.50,1098.59,1334.02,0.05,0.00,0.19,Suporte Forte,0,0
2009-03-16,233.04,393.63,492.98,573.27,653.56,767.88,913.50,1098.59,1334.02,0.07,0.00,0.17,Suporte Forte,0,0
2009-03-17,233.04,393.63,492.98,573.27,653.56,767.88,913.50,1098.59,1334.02,0.19,0.00,0.05,Suporte Forte,0,0
2009-03-18,233.04,393.63,492.98,573.27,653.56,767.88,913.50,1098.59,1334.02,0.29,0.24,0.09,Suporte,0,0
2009-03-19,233.04,393.63,492.98,573.27,653.56,767.88,913.50,1098.59,1334.02,0.19,0.00,0.05,Suporte Forte,0,0
2009-03-20,233.04,380.43,471.61,545.31,619.00,723.92,857.57,1027.44,1243.53,0.19,0.00,0.05,Suporte Forte,0,0
2009-03-23,233.04,354.03,428.88,489.38,549.87,636.00,745.71,885.16,1062.54,0.29,0.24,0.09,Suporte,0,0
2009-03-24,233.04,351.83,425.32,484.72,544.11,628.67,736.39,873.30,1047.46,0.22,0.00,0.02,Suporte Forte,0,0
2009-03-25,233.04,343.03,411.08,466.08,521.07,599.37,699.11,825.88,987.14,0.36,0.24,0.02,Suporte,0,0
2009-03-26,233.04,343.03,411.08,466.08,521.07,599.37,699.11,825.88,987.14,0.36,0.24,0.02,Suporte,0,0
2009-03-27,233.04,343.03,411.08,466.08,521.07,599.37,699.11,825.88,987.14,0.22,0.00,0.02,Suporte Forte,0,0
2009-03-30,233.04,343.03,411.08,466.08,521.07,599.37,699.11,825.88,987.14,0.20,0.00,0.04,Suporte Forte,0,0
2009-03-31,233.04,332.03,393.27,442.77,492.27,562.74,652.50,766.59,911.73,0.33,0.24,0.05,Suporte,0,0
2009-04-01,233.04,332.03,393.27,442.77,492.27,562.74,652.50,766.59,911.73,0.38,0.24,0.00,Suporte,1,0
2009-04-02,233.04,321.03,375.47,419.46,463.46,526.10,605.89,707.31,836.31,0.95,0.79,0.05,Resistência Forte,0,0
2009-04-03,233.04,321.03,375.47,419.46,463.46,526.10,605.89,707.31,836.31,0.65,0.62,0.14,Resistência,0,0
2009-04-06,233.04,321.03,375.47,419.46,463.46,526.10,605.89,707.31,836.31,0.50,0.50,0.12,Zona de Consolidação,0,0
2009-04-07,233.04,321.03,375.47,419.46,463.46,526.10,605.89,707.31,836.31,0.40,0.38,0.10,Zona de Consolidação,0,0
2009-04-08,233.04,321.03,375.47,419.46,463.46,526.10,605.89,707.31,836.31,0.45,0.38,0.05,Zona de Consolidação,0,0
2009-04-09,233.04,321.03,375.47,419.46,463.46,526.10,605.89,707.31,836.31,0.73,0.62,0.06,Resistência,0,0
2009-04-13,233.04,321.03,375.47,419.46,463.46,526.10,605.89,707.31,836.31,0.70,0.62,0.09,Resistência,0,0
2009-04-14,233.04,321.03,375.47,419.46,463.46,526.10,605.89,707.31,836.31,0.47,0.38,0.03,Zona de Consolidação,0,0
2009-04-15,233.04,321.03,375.47,419.46,463.46,526.10,605.89,707.31,836.31,0.47,0.38,0.03,Zona de Consolidação,0,0
2009-04-16,233.04,321.03,375.47,419.46,463.46,526.10,605.89,707.31,836.31,0.67,0.62,0.12,Resistência,0,0
2009-04-17,233.04,321.03,375.47,419.46,463.46,526.10,605.89,707.31,836.31,0.65,0.62,0.14,Resistência,0,0
2009-04-20,233.04,321.03,375.47,419.46,463.46,526.10,605.89,707.31,836.31,0.47,0.38,0.03,Zona de Consolidação,0,0
2009-04-21,233.04,318.83,371.91,414.81,457.70,518.77,596.57,695.45,821.23,0.85,0.79,0.15,Resistência Forte,0,0
2009-04-22,233.04,316.63,368.35,410.14,451.94,511.45,587.25,683.60,806.15,0.66,0.62,0.13,Resistência,0,0
2009-04-23,233.04,316.63,368.35,410.14,451.94,511.45,587.25,683.60,806.15,0.63,0.62,0.16,Resistência,0,0
2009-04-24,233.04,316.63,368.35,410.14,451.94,511.45,587.25,683.60,806.15,0.68,0.62,0.11,Resistência,0,0
2009-04-27,233.04,316.63,368.35,410.14,451.94,511.45,587.25,683.60,806.15,0.71,0.62,0.08,Resistência,0,0
2009-04-28,233.04,316.63,368.35,410.14,451.94,511.45,587.25,683.60,806.15,0.74,0.62,0.05,Resistência,0,0
2009-04-29,233.04,323.23,379.03,424.12,469.22,533.43,615.21,719.16,851.39,1.00,1.00,0.27,Resistência Forte,0,1
2009-04-30,233.04,323.23,379.03,424.12,469.22,533.43,615.21,719.16,851.39,0.73,0.62,0.06,Resistência,0,0
2009-05-01,233.04,323.23,379.03,424.12,469.22,533.43,615.21,719.16,851.39,0.73,0.62,0.06,Resistência,0,0
2009-05-04,233.04,323.23,379.03,424.12,469.22,533.43,615.21,719.16,851.39,0.80,0.79,0.20,Resistência Forte,0,0
2009-05-05,233.04,323.23,379.03,424.12,469.22,533.43,615.21,719.16,851.39,0.61,0.50,0.01,Zona de Consolidação,1,0
2009-05-06,233.04,323.23,379.03,424.12,469.22,533.43,615.21,719.16,851.39,0.59,0.50,0.03,Zona de Consolidação,0,0
2009-05-07,233.04,323.23,379.03,424.12,469.22,533.43,615.21,719.16,851.39,0.80,0.79,0.20,Resistência Forte,0,0
2009-05-08,233.04,323.23,379.03,424.12,469.22,533.43,615.21,719.16,851.39,0.76,0.62,0.03,Resistência,0,0
2009-05-11,233.04,323.23,379.03,424.12,469.22,533.43,615.21,719.16,851.39,0.71,0.62,0.08,Resistência,0,0
2009-05-12,233.04,323.23,379.03,424.12,469.22,533.43,615.21,719.16,851.39,0.54,0.50,0.08,Zona de Consolidação,0,0
2009-05-13,233.04,323.23,379.03,424.12,469.22,533.43,615.21,719.16,851.39,0.59,0.50,0.03,Zona de Consolidação,0,0
2009-05-14,233.04,323.23,379.03,424.12,469.22,533.43,615.21,719.16,851.39,0.63,0.62,0.16,Resistência,0,0
2009-05-15,233.04,323.23,379.03,424.12,469.22,533.43,615.21,719.16,851.39,0.71,0.62,0.08,Resistência,0,0
2009-05-18,233.04,453.03,589.12,699.11,809.10,965.70,1165.18,1418.72,1741.24,0.80,0.79,0.20,Resistência Forte,0,0
2009-05-19,233.04,472.82,621.16,741.06,860.95,1031.64,1249.07,1525.43,1876.98,0.58,0.50,0.04,Zona de Consolidação,0,0
2009-05-20,261.00,494.18,638.44,755.04,871.63,1037.62,1249.07,1517.83,1859.70,0.40,0.38,0.10,Zona de Consolidação,0,0
2009-05-21,261.00,494.18,638.44,755.04,871.63,1037.62,1249.07,1517.83,1859.70,0.36,0.24,0.02,Suporte,0,0
2009-05-22,261.00,494.18,638.44,755.04,871.63,1037.62,1249.07,1517.83,1859.70,0.33,0.24,0.05,Suporte,0,0
2009-05-26,270.32,501.30,644.20,759.70,875.19,1039.62,1249.07,1515.29,1853.94,0.43,0.38,0.07,Zona de Consolidação,0,0
2009-05-27,288.96,515.55,655.72,769.01,882.31,1043.61,1249.07,1510.22,1842.42,0.41,0.38,0.09,Zona de Consolidação,0,0
2009-05-28,288.96,515.55,655.72,769.01,882.31,1043.61,1249.07,1510.22,1842.42,0.43,0.38,0.07,Zona de Consolidação,0,0
2009-05-29,288.96,515.55,655.72,769.01,882.31,1043.61,1249.07,1510.22,1842.42,0.50,0.50,0.12,Zona de Consolidação,0,0
2009-06-01,288.96,515.55,655.72,769.01,882.31,1043.61,1249.07,1510.22,1842.42,0.43,0.38,0.07,Zona de Consolidação,0,0
2009-06-02,288.96,515.55,655.72,769.01,882.31,1043.61,1249.07,1510.22,1842.42,0.55,0.50,0.07,Zona de Consolidação,0,0
2009-06-03,288.96,515.55,655.72,769.01,882.31,1043.61,1249.07,1510.22,1842.42,0.65,0.62,0.14,Resistência,0,0
2009-06-04,288.96,515.55,655.72,769.01,882.31,1043.61,1249.07,1510.22,1842.42,0.63,0.62,0.16,Resistência,0,0
2009-06-05,307.61,529.79,667.25,778.34,889.43,1047.60,1249.07,1505.15,1830.89,0.60,0.50,0.02,Zona de Consolidação,0,0
2009-06-08,307.61,529.79,667.25,778.34,889.43,1047.60,1249.07,1505.15,1830.89,0.44,0.38,0.06,Zona de Consolidação,0,0
2009-06-09,307.61,529.79,667.25,778.34,889.43,1047.60,1249.07,1505.15,1830.89,0.43,0.38,0.07,Zona de Consolidação,0,0
2009-06-10,316.93,536.92,673.01,783.00,892.99,1049.59,1249.07,1502.61,1825.13,0.43,0.38,0.07,Zona de Consolidação,0,0
2009-06-11,354.21,565.40,696.05,801.64,907.23,1057.57,1249.07,1492.47,1802.09,0.41,0.38,0.09,Zona de Consolidação,0,0
2009-06-12,372.86,579.65,707.57,810.96,914.36,1061.56,1249.07,1487.40,1790.57,0.41,0.38,0.09,Zona de Consolidação,0,0
2009-06-15,372.86,579.65,707.57,810.96,914.36,1061.56,1249.07,1487.40,1790.57,0.39,0.38,0.11,Zona de Consolidação,0,0
2009-06-16,372.86,579.65,707.57,810.96,914.36,1061.56,1249.07,1487.40,1790.57,0.39,0.38,0.11,Zona de Consolidação,0,0
2009-06-17,372.86,579.65,707.57,810.96,914.36,1061.56,1249.07,1487.40,1790.57,0.29,0.24,0.09,Suporte,0,0
2009-06-18,372.86,579.65,707.57,810.96,914.36,1061.56,1249.07,1487.40,1790.57,0.36,0.24,0.02,Suporte,0,0
2009-06-19,372.86,579.65,707.57,810.96,914.36,1061.56,1249.07,1487.40,1790.57,0.31,0.24,0.07,Suporte,0,0
2009-06-22,372.86,579.65,707.57,810.96,914.36,1061.56,1249.07,1487.40,1790.57,0.24,0.24,0.14,Suporte,0,0
2009-06-23,372.86,579.65,707.57,810.96,914.36,1061.56,1249.07,1487.40,1790.57,0.22,0.00,0.02,Suporte Forte,0,0
2009-06-24,372.86,579.65,707.57,810.96,914.36,1061.56,1249.07,1487.40,1790.57,0.21,0.00,0.03,Suporte Forte,0,0
2009-06-25,372.86,579.65,707.57,810.96,914.36,1061.56,1249.07,1487.40,1790.57,0.18,0.00,0.06,Suporte Forte,0,0
2009-06-26,400.82,601.01,724.85,824.94,925.04,1067.54,1249.07,1479.79,1773.29,0.16,0.00,0.08,Suporte Forte,0,0
2009-06-29,400.82,601.01,724.85,824.94,925.04,1067.54,1249.07,1479.79,1773.29,0.05,0.00,0.19,Suporte Forte,0,0
2009-06-30,419.46,615.25,736.37,834.26,932.16,1071.53,1249.07,1474.72,1761.77,0.08,0.00,0.16,Suporte Forte,0,0
2009-07-01,419.46,615.25,736.37,834.26,932.16,1071.53,1249.07,1474.72,1761.77,0.03,0.00,0.21,Suporte Forte,0,0
2009-07-02,419.46,615.25,736.37,834.26,932.16,1071.53,1249.07,1474.72,1761.77,0.07,0.00,0.17,Suporte Forte,0,0
2009-07-06,419.46,615.25,736.37,834.26,932.16,1071.53,1249.07,1474.72,1761.77,0.06,0.00,0.18,Suporte Forte,0,0
2009-07-07,419.46,615.25,736.37,834.26,932.16,1071.53,1249.07,1474.72,1761.77,0.28,0.24,0.10,Suporte,0,0
2009-07-08,419.46,619.65,743.49,843.58,943.68,1086.18,1267.71,1498.43,1791.93,0.42,0.38,0.08,Zona de Consolidação,0,0
2009-07-09,419.46,619.65,743.49,843.58,943.68,1086.18,1267.71,1498.43,1791.93,0.43,0.38,0.07,Zona de Consolidação,0,0
2009-07-10,419.46,619.65,743.49,843.58,943.68,1086.18,1267.71,1498.43,1791.93,0.30,0.24,0.08,Suporte,0,0
2009-07-13,419.46,619.65,743.49,843.58,943.68,1086.18,1267.71,1498.43,1791.93,0.34,0.24,0.04,Suporte,0,0
2009-07-14,419.46,619.65,743.49,843.58,943.68,1086.18,1267.71,1498.43,1791.93,0.24,0.24,0.14,Suporte,0,0
2009-07-15,419.46,619.65,743.49,843.58,943.68,1086.18,1267.71,1498.43,1791.93,0.33,0.24,0.05,Suporte,0,0
2009-07-16,419.46,619.65,743.49,843.58,943.68,1086.18,1267.71,1498.43,1791.93,0.26,0.24,0.12,Suporte,0,0
2009-07-17,419.46,619.65,743.49,843.58,943.68,1086.18,1267.71,1498.43,1791.93,0.22,0.00,0.02,Suporte Forte,0,0
2009-07-20,419.46,619.65,743.49,843.58,943.68,1086.18,1267.71,1498.43,1791.93,0.12,0.00,0.12,Suporte Forte,0,0
2009-07-21,419.46,619.65,743.49,843.58,943.68,1086.18,1267.71,1498.43,1791.93,0.18,0.00,0.06,Suporte Forte,0,0
2009-07-22,419.46,619.65,743.49,843.58,943.68,1086.18,1267.71,1498.43,1791.93,0.16,0.00,0.08,Suporte Forte,0,0
2009-07-23,419.46,619.65,743.49,843.58,943.68,1086.18,1267.71,1498.43,1791.93,0.22,0.00,0.02,Suporte Forte,0,0
2009-07-24,419.46,619.65,743.49,843.58,943.68,1086.18,1267.71,1498.43,1791.93,0.24,0.24,0.14,Suporte,0,0
2009-07-27,419.46,619.65,743.49,843.58,943.68,1086.18,1267.71,1498.43,1791.93,0.31,0.24,0.07,Suporte,0,0
2009-07-28,447.43,641.02,760.78,857.57,954.36,1092.17,1267.71,1490.83,1774.64,0.28,0.24,0.10,Suporte,0,0
2009-07-29,447.43,641.02,760.78,857.57,954.36,1092.17,1267.71,1490.83,1774.64,0.25,0.24,0.13,Suporte,0,0
2009-07-30,447.43,641.02,760.78,857.57,954.36,1092.17,1267.71,1490.83,1774.64,0.35,0.24,0.03,Suporte,0,0
2009-07-31,447.43,641.02,760.78,857.57,954.36,1092.17,1267.71,1490.83,1774.64,0.32,0.24,0.06,Suporte,0,0
2009-08-03,447.43,641.02,760.78,857.57,954.36,1092.17,1267.71,1490.83,1774.64,0.27,0.24,0.11,Suporte,0,0
2009-08-04,447.43,641.02,760.78,857.57,954.36,1092.17,1267.71,1490.83,1774.64,0.27,0.24,0.11,Suporte,0,0
2009-08-05,447.43,641.02,760.78,857.57,954.36,1092.17,1267.71,1490.83,1774.64,0.32,0.24,0.06,Suporte,0,0
2009-08-06,447.43,641.02,760.78,857.57,954.36,1092.17,1267.71,1490.83,1774.64,0.34,0.24,0.04,Suporte,0,0
2009-08-07,447.43,641.02,760.78,857.57,954.36,1092.17,1267.71,1490.83,1774.64,0.38,0.24,0.00,Suporte,1,0
2009-08-10,447.43,641.02,760.78,857.57,954.36,1092.17,1267.71,1490.83,1774.64,0.41,0.38,0.09,Zona de Consolidação,0,0
2009-08-11,447.43,641.02,760.78,857.57,954.36,1092.17,1267.71,1490.83,1774.64,0.38,0.24,0.00,Suporte,1,0
2009-08-12,447.43,641.02,760.78,857.57,954.36,1092.17,1267.71,1490.83,1774.64,0.38,0.24,0.00,Suporte,1,0
2009-08-13,447.43,641.02,760.78,857.57,954.36,1092.17,1267.71,1490.83,1774.64,0.42,0.38,0.08,Zona de Consolidação,0,0
2009-08-14,447.43,641.02,760.78,857.57,954.36,1092.17,1267.71,1490.83,1774.64,0.40,0.38,0.10,Zona de Consolidação,0,0
2009-08-17,447.43,641.02,760.78,857.57,954.36,1092.17,1267.71,1490.83,1774.64,0.34,0.24,0.04,Suporte,0,0
2009-08-18,447.43,641.02,760.78,857.57,954.36,1092.17,1267.71,1490.83,1774.64,0.31,0.24,0.07,Suporte,0,0
2009-08-19,447.43,641.02,760.78,857.57,954.36,1092.17,1267.71,1490.83,1774.64,0.34,0.24,0.04,Suporte,0,0
2009-08-20,447.43,641.02,760.78,857.57,954.36,1092.17,1267.71,1490.83,1774.64,0.34,0.24,0.04,Suporte,0,0
2009-08-21,447.43,641.02,760.78,857.57,954.36,1092.17,1267.71,1490.83,1774.64,0.33,0.24,0.05,Suporte,0,0
2009-08-24,447.43,641.02,760.78,857.57,954.36,1092.17,1267.71,1490.83,1774.64,0.33,0.24,0.05,Suporte,0,0
2009-08-25,447.43,641.02,760.78,857.57,954.36,1092.17,1267.71,1490.83,1774.64,0.27,0.24,0.11,Suporte,0,0
2009-08-26,447.43,641.02,760.78,857.57,954.36,1092.17,1267.71,1490.83,1774.64,0.30,0.24,0.08,Suporte,0,0
2009-08-27,447.43,641.02,760.78,857.57,954.36,1092.17,1267.71,1490.83,1774.64,0.28,0.24,0.10,Suporte,0,0
2009-08-28,447.43,641.02,760.78,857.57,954.36,1092.17,1267.71,1490.83,1774.64,0.26,0.24,0.12,Suporte,0,0
2009-08-31,447.43,641.02,760.78,857.57,954.36,1092.17,1267.71,1490.83,1774.64,0.30,0.24,0.08,Suporte,0,0
2009-09-01,447.43,641.02,760.78,857.57,954.36,1092.17,1267.71,1490.83,1774.64,0.26,0.24,0.12,Suporte,0,0
2009-09-02,447.43,641.02,760.78,857.57,954.36,1092.17,1267.71,1490.83,1774.64,0.28,0.24,0.10,Suporte,0,0
2009-09-03,447.43,641.02,760.78,857.57,954.36,1092.17,1267.71,1490.83,1774.64,0.26,0.24,0.12,Suporte,0,0
2009-09-04,447.43,641.02,760.78,857.57,954.36,1092.17,1267.71,1490.83,1774.64,0.30,0.24,0.08,Suporte,0,0
2009-09-08,447.43,641.02,760.78,857.57,954.36,1092.17,1267.71,1490.83,1774.64,0.30,0.24,0.08,Suporte,0,0
2009-09-09,447.43,641.02,760.78,857.57,954.36,1092.17,1267.71,1490.83,1774.64,0.25,0.24,0.13,Suporte,0,0
2009-09-10,447.43,641.02,760.78,857.57,954.36,1092.17,1267.71,1490.83,1774.64,0.22,0.00,0.02,Suporte Forte,0,0
2009-09-11,447.43,641.02,760.78,857.57,954.36,1092.17,1267.71,1490.83,1774.64,0.25,0.24,0.13,Suporte,0,0
2009-09-14,447.43,641.02,760.78,857.57,954.36,1092.17,1267.71,1490.83,1774.64,0.23,0.00,0.01,Suporte Forte,0,0
2009-09-15,512.68,690.87,801.10,890.20,979.29,1106.13,1267.71,1473.08,1734.32,0.17,0.00,0.07,Suporte Forte,0,0
2009-09-16,522.00,697.99,806.86,894.86,982.85,1108.13,1267.71,1470.54,1728.56,0.19,0.00,0.05,Suporte Forte,0,0
2009-09-17,522.00,631.99,700.04,755.04,810.03,888.33,988.07,1114.84,1276.10,0.28,0.24,0.10,Suporte,0,0
2009-09-18,522.00,618.79,678.67,727.07,775.47,844.37,932.14,1043.70,1185.61,0.23,0.00,0.01,Suporte Forte,0,0
2009-09-21,522.00,618.79,678.67,727.07,775.47,844.37,932.14,1043.70,1185.61,0.36,0.24,0.02,Suporte,0,0
2009-09-22,522.00,618.79,678.67,727.07,775.47,844.37,932.14,1043.70,1185.61,0.27,0.24,0.11,Suporte,0,0
2009-09-23,522.00,618.79,678.67,727.07,775.47,844.37,932.14,1043.70,1185.61,0.20,0.00,0.04,Suporte Forte,0,0
2009-09-24,522.00,618.79,678.67,727.07,775.47,844.37,932.14,1043.70,1185.61,0.14,0.00,0.10,Suporte Forte,0,0
2009-09-25,522.00,618.79,678.67,727.07,775.47,844.37,932.14,1043.70,1185.61,0.02,0.00,0.22,Suporte Forte,0,0
2009-09-28,503.36,604.55,667.15,717.75,768.35,840.38,932.14,1048.77,1197.13,0.15,0.00,0.09,Suporte Forte,0,0
2009-09-29,503.36,767.34,930.65,1062.64,1194.64,1382.56,1621.93,1926.18,2313.21,0.39,0.38,0.11,Zona de Consolidação,0,0
2009-09-30,503.36,767.34,930.65,1062.64,1194.64,1382.56,1621.93,1926.18,2313.21,0.36,0.24,0.02,Suporte,0,0
2009-10-01,503.36,767.34,930.65,1062.64,1194.64,1382.56,1621.93,1926.18,2313.21,0.27,0.24,0.11,Suporte,0,0
2009-10-02,503.36,767.34,930.65,1062.64,1194.64,1382.56,1621.93,1926.18,2313.21,0.16,0.00,0.08,Suporte Forte,0,0
2009-10-05,503.36,767.34,930.65,1062.64,1194.64,1382.56,1621.93,1926.18,2313.21,0.16,0.00,0.08,Suporte Forte,0,0
2009-10-06,503.36,767.34,930.65,1062.64,1194.64,1382.56,1621.93,1926.18,2313.21,0.14,0.00,0.10,Suporte Forte,0,0
2009-10-07,503.36,767.34,930.65,1062.64,1194.64,1382.56,1621.93,1926.18,2313.21,0.18,0.00,0.06,Suporte Forte,0,0
2009-10-08,503.36,767.34,930.65,1062.64,1194.64,1382.56,1621.93,1926.18,2313.21,0.19,0.00,0.05,Suporte Forte,0,0
2009-10-09,503.36,767.34,930.65,1062.64,1194.64,1382.56,1621.93,1926.18,2313.21,0.18,0.00,0.06,Suporte Forte,0,0
2009-10-12,503.36,767.34,930.65,1062.64,1194.64,1382.56,1621.93,1926.18,2313.21,0.25,0.24,0.13,Suporte,0,0
2009-10-13,503.36,767.34,930.65,1062.64,1194.64,1382.56,1621.93,1926.18,2313.21,0.21,0.00,0.03,Suporte Forte,0,0
2009-10-14,503.36,767.34,930.65,1062.64,1194.64,1382.56,1621.93,1926.18,2313.21,0.23,0.00,0.01,Suporte Forte,0,0
2009-10-15,503.36,767.34,930.65,1062.64,1194.64,1382.56,1621.93,1926.18,2313.21,0.22,0.00,0.02,Suporte Forte,0,0
2009-10-16,503.36,767.34,930.65,1062.64,1194.64,1382.56,1621.93,1926.18,2313.21,0.23,0.00,0.01,Suporte Forte,0,0
2009-10-19,503.36,767.34,930.65,1062.64,1194.64,1382.56,1621.93,1926.18,2313.21,0.23,0.00,0.01,Suporte Forte,0,0
2009-10-20,503.36,767.34,930.65,1062.64,1194.64,1382.56,1621.93,1926.18,2313.21,0.22,0.00,0.02,Suporte Forte,0,0
2009-10-21,503.36,767.34,930.65,1062.64,1194.64,1382.56,1621.93,1926.18,2313.21,0.26,0.24,0.12,Suporte,0,0
2009-10-22,503.36,767.34,930.65,1062.64,1194.64,1382.56,1621.93,1926.18,2313.21,0.24,0.24,0.14,Suporte,0,0
2009-10-23,503.36,767.34,930.65,1062.64,1194.64,1382.56,1621.93,1926.18,2313.21,0.22,0.00,0.02,Suporte Forte,0,0
2009-10-26,503.36,767.34,930.65,1062.64,1194.64,1382.56,1621.93,1926.18,2313.21,0.18,0.00,0.06,Suporte Forte,0,0
2009-10-27,503.36,767.34,930.65,1062.64,1194.64,1382.56,1621.93,1926.18,2313.21,0.18,0.00,0.06,Suporte Forte,0,0
2009-10-28,503.36,767.34,930.65,1062.64,1194.64,1382.56,1621.93,1926.18,2313.21,0.14,0.00,0.10,Suporte Forte,0,0
2009-10-29,503.36,767.34,930.65,1062.64,1194.64,1382.56,1621.93,1926.18,2313.21,0.13,0.00,0.11,Suporte Forte,0,0
2009-10-30,503.36,767.34,930.65,1062.64,1194.64,1382.56,1621.93,1926.18,2313.21,0.12,0.00,0.12,Suporte Forte,0,0
2009-11-02,503.36,767.34,930.65,1062.64,1194.64,1382.56,1621.93,1926.18,2313.21,0.13,0.00,0.11,Suporte Forte,0,0
2009-11-03,503.36,767.34,930.65,1062.64,1194.64,1382.56,1621.93,1926.18,2313.21,0.12,0.00,0.12,Suporte Forte,0,0
2009-11-04,503.36,767.34,930.65,1062.64,1194.64,1382.56,1621.93,1926.18,2313.21,0.07,0.00,0.17,Suporte Forte,0,0
2009-11-05,503.36,767.34,930.65,1062.64,1194.64,1382.56,1621.93,1926.18,2313.21,0.10,0.00,0.14,Suporte Forte,0,0
2009-11-06,503.36,767.34,930.65,1062.64,1194.64,1382.56,1621.93,1926.18,2313.21,0.10,0.00,0.14,Suporte Forte,0,0
2009-11-09,503.36,767.34,930.65,1062.64,1194.64,1382.56,1621.93,1926.18,2313.21,0.17,0.00,0.07,Suporte Forte,0,0
2009-11-10,503.36,767.34,930.65,1062.64,1194.64,1382.56,1621.93,1926.18,2313.21,0.12,0.00,0.12,Suporte Forte,0,0
2009-11-11,503.36,767.34,930.65,1062.64,1194.64,1382.56,1621.93,1926.18,2313.21,0.11,0.00,0.13,Suporte Forte,0,0
2009-11-12,503.36,767.34,930.65,1062.64,1194.64,1382.56,1621.93,1926.18,2313.21,0.11,0.00,0.13,Suporte Forte,0,0
2009-11-13,503.36,767.34,930.65,1062.64,1194.64,1382.56,1621.93,1926.18,2313.21,0.12,0.00,0.12,Suporte Forte,0,0
2009-11-16,503.36,767.34,930.65,1062.64,1194.64,1382.56,1621.93,1926.18,2313.21,0.11,0.00,0.13,Suporte Forte,0,0
2009-11-17,503.36,767.34,930.65,1062.64,1194.64,1382.56,1621.93,1926.18,2313.21,0.16,0.00,0.08,Suporte Forte,0,0
2009-11-18,503.36,767.34,930.65,1062.64,1194.64,1382.56,1621.93,1926.18,2313.21,0.12,0.00,0.12,Suporte Forte,0,0
2009-11-19,503.36,767.34,930.65,1062.64,1194.64,1382.56,1621.93,1926.18,2313.21,0.13,0.00,0.11,Suporte Forte,0,0
2009-11-20,503.36,767.34,930.65,1062.64,1194.64,1382.56,1621.93,1926.18,2313.21,0.15,0.00,0.09,Suporte Forte,0,0
2009-11-23,503.36,767.34,930.65,1062.64,1194.64,1382.56,1621.93,1926.18,2313.21,0.14,0.00,0.10,Suporte Forte,0,0
2009-11-24,503.36,767.34,930.65,1062.64,1194.64,1382.56,1621.93,1926.18,2313.21,0.14,0.00,0.10,Suporte Forte,0,0
2009-11-25,503.36,767.34,930.65,1062.64,1194.64,1382.56,1621.93,1926.18,2313.21,0.16,0.00,0.08,Suporte Forte,0,0
2009-11-27,503.36,767.34,930.65,1062.64,1194.64,1382.56,1621.93,1926.18,2313.21,0.17,0.00,0.07,Suporte Forte,0,0
2009-11-30,503.36,767.34,930.65,1062.64,1194.64,1382.56,1621.93,1926.18,2313.21,0.18,0.00,0.06,Suporte Forte,0,0
2009-12-01,503.36,767.34,930.65,1062.64,1194.64,1382.56,1621.93,1926.18,2313.21,0.14,0.00,0.10,Suporte Forte,0,0
2009-12-02,503.36,767.34,930.65,1062.64,1194.64,1382.56,1621.93,1926.18,2313.21,0.11,0.00,0.13,Suporte Forte,0,0
2009-12-03,503.36,767.34,930.65,1062.64,1194.64,1382.56,1621.93,1926.18,2313.21,0.11,0.00,0.13,Suporte Forte,0,0
2009-12-04,503.36,767.34,930.65,1062.64,1194.64,1382.56,1621.93,1926.18,2313.21,0.12,0.00,0.12,Suporte Forte,0,0
2009-12-07,503.36,767.34,930.65,1062.64,1194.64,1382.56,1621.93,1926.18,2313.21,0.15,0.00,0.09,Suporte Forte,0,0
2009-12-08,577.93,824.31,976.74,1099.93,1223.12,1398.51,1621.93,1905.90,2267.12,0.07,0.00,0.17,Suporte Forte,0,0
2009-12-09,577.93,701.12,777.33,838.93,900.53,988.22,1099.93,1241.91,1422.53,0.16,0.00,0.08,Suporte Forte,0,0
2009-12-10,577.93,668.12,723.92,769.02,814.12,878.32,960.11,1064.06,1196.30,0.22,0.00,0.02,Suporte Forte,0,0
2009-12-11,577.93,639.53,677.63,708.43,739.23,783.08,838.93,909.92,1000.23,0.68,0.62,0.11,Resistência,0,0
2009-12-14,577.93,654.92,702.56,741.06,779.55,834.36,904.18,992.92,1105.80,0.89,0.79,0.11,Resistência Forte,0,0
2009-12-15,577.93,654.92,702.56,741.06,779.55,834.36,904.18,992.92,1105.80,0.40,0.38,0.10,Zona de Consolidação,1,0
2009-12-16,577.93,654.92,702.56,741.06,779.55,834.36,904.18,992.92,1105.80,0.46,0.38,0.04,Zona de Consolidação,0,0
2009-12-17,577.93,654.92,702.56,741.06,779.55,834.36,904.18,992.92,1105.80,0.31,0.24,0.07,Suporte,0,0
2009-12-18,577.93,654.92,702.56,741.06,779.55,834.36,904.18,992.92,1105.80,0.40,0.38,0.10,Zona de Consolidação,1,0
2009-12-21,577.93,654.92,702.56,741.06,779.55,834.36,904.18,992.92,1105.80,0.23,0.00,0.01,Suporte Forte,0,0
2009-12-22,577.93,654.92,702.56,741.06,779.55,834.36,904.18,992.92,1105.80,0.23,0.00,0.01,Suporte Forte,0,0
2009-12-23,577.93,654.92,702.56,741.06,779.55,834.36,904.18,992.92,1105.80,0.17,0.00,0.07,Suporte Forte,0,0
2009-12-24,577.93,654.92,702.56,741.06,779.55,834.36,904.18,992.92,1105.80,0.17,0.00,0.07,Suporte Forte,0,0
2009-12-28,577.93,654.92,702.56,741.06,779.55,834.36,904.18,992.92,1105.80,0.17,0.00,0.07,Suporte Forte,0,0
2009-12-29,577.93,654.92,702.56,741.06,779.55,834.36,904.18,992.92,1105.80,0.23,0.00,0.01,Suporte Forte,0,0
2009-12-30,577.93,654.92,702.56,741.06,779.55,834.36,904.18,992.92,1105.80,0.23,0.00,0.01,Suporte Forte,0,0
2009-12-31,577.93,654.92,702.56,741.06,779.55,834.36,904.18,992.92,1105.80,0.23,0.00,0.01,Suporte Forte,0,0
2010-01-04,577.93,654.92,702.56,741.06,779.55,834.36,904.18,992.92,1105.80,0.20,0.00,0.04,Suporte Forte,0,0
2010-01-05,577.93,654.92,702.56,741.06,779.55,834.36,904.18,992.92,1105.80,0.20,0.00,0.04,Suporte Forte,0,0
2010-01-06,577.93,654.92,702.56,741.06,779.55,834.36,904.18,992.92,1105.80,0.23,0.00,0.01,Suporte Forte,0,0
2010-01-07,577.93,654.92,702.56,741.06,779.55,834.36,904.18,992.92,1105.80,0.26,0.24,0.12,Suporte,0,0
2010-01-08,577.93,654.92,702.56,741.06,779.55,834.36,904.18,992.92,1105.80,0.43,0.38,0.07,Zona de Consolidação,0,0
2010-01-11,577.93,654.92,702.56,741.06,779.55,834.36,904.18,992.92,1105.80,0.51,0.50,0.11,Zona de Consolidação,0,0
2010-01-12,577.93,654.92,702.56,741.06,779.55,834.36,904.18,992.92,1105.80,0.40,0.38,0.10,Zona de Consolidação,1,0
2010-01-13,577.93,654.92,702.56,741.06,779.55,834.36,904.18,992.92,1105.80,0.40,0.38,0.10,Zona de Consolidação,1,0
2010-01-14,577.93,654.92,702.56,741.06,779.55,834.36,904.18,992.92,1105.80,0.40,0.38,0.10,Zona de Consolidação,1,0
2010-01-15,577.93,654.92,702.56,741.06,779.55,834.36,904.18,992.92,1105.80,0.29,0.24,0.09,Suporte,0,0
2010-01-19,577.93,654.92,702.56,741.06,779.55,834.36,904.18,992.92,1105.80,0.34,0.24,0.04,Suporte,0,0
2010-01-20,596.57,669.17,714.08,750.38,786.67,838.35,904.18,987.85,1094.28,0.24,0.24,0.14,Suporte,0,0
2010-01-21,596.57,669.17,714.08,750.38,786.67,838.35,904.18,987.85,1094.28,0.27,0.24,0.11,Suporte,0,0
2010-01-22,596.57,669.17,714.08,750.38,786.67,838.35,904.18,987.85,1094.28,0.09,0.00,0.15,Suporte Forte,0,0
2010-01-25,596.57,669.17,714.08,750.38,786.67,838.35,904.18,987.85,1094.28,0.18,0.00,0.06,Suporte Forte,0,0
2010-01-26,596.57,669.17,714.08,750.38,786.67,838.35,904.18,987.85,1094.28,0.18,0.00,0.06,Suporte Forte,0,0
2010-01-27,596.57,669.17,714.08,750.38,786.67,838.35,904.18,987.85,1094.28,0.09,0.00,0.15,Suporte Forte,0,0
2010-01-28,596.57,669.17,714.08,750.38,786.67,838.35,904.18,987.85,1094.28,0.03,0.00,0.21,Suporte Forte,0,0
2010-01-29,596.57,669.17,714.08,750.38,786.67,838.35,904.18,987.85,1094.28,0.03,0.00,0.21,Suporte Forte,0,0
2010-02-01,559.29,640.68,691.04,731.73,772.43,830.37,904.18,997.99,1117.32,0.08,0.00,0.16,Suporte Forte,0,0
2010-02-02,559.29,640.68,691.04,731.73,772.43,830.37,904.18,997.99,1117.32,0.16,0.00,0.08,Suporte Forte,0,0
2010-02-03,559.29,640.68,691.04,731.73,772.43,830.37,904.18,997.99,1117.32,0.05,0.00,0.19,Suporte Forte,0,0
2010-02-04,559.29,640.68,691.04,731.73,772.43,830.37,904.18,997.99,1117.32,0.03,0.00,0.21,Suporte Forte,0,0
2010-02-05,531.32,619.31,673.75,717.75,761.75,824.39,904.18,1005.60,1134.61,0.02,0.00,0.22,Suporte Forte,0,0
2010-02-08,531.32,619.31,673.75,717.75,761.75,824.39,904.18,1005.60,1134.61,0.02,0.00,0.22,Suporte Forte,0,0
2010-02-09,475.39,576.58,639.19,689.78,740.38,812.42,904.18,1020.81,1169.17,0.11,0.00,0.13,Suporte Forte,0,0
2010-02-10,475.39,576.58,639.19,689.78,740.38,812.42,904.18,1020.81,1169.17,0.07,0.00,0.17,Suporte Forte,0,0
2010-02-11,475.39,576.58,639.19,689.78,740.38,812.42,904.18,1020.81,1169.17,0.13,0.00,0.11,Suporte Forte,0,0
2010-02-12,475.39,576.58,639.19,689.78,740.38,812.42,904.18,1020.81,1169.17,0.15,0.00,0.09,Suporte Forte,0,0
2010-02-16,475.39,576.58,639.19,689.78,740.38,812.42,904.18,1020.81,1169.17,0.17,0.00,0.07,Suporte Forte,0,0
2010-02-17,475.39,576.58,639.19,689.78,740.38,812.42,904.18,1020.81,1169.17,0.15,0.00,0.09,Suporte Forte,0,0
2010-02-18,475.39,576.58,639.19,689.78,740.38,812.42,904.18,1020.81,1169.17,0.15,0.00,0.09,Suporte Forte,0,0
2010-02-19,475.39,576.58,639.19,689.78,740.38,812.42,904.18,1020.81,1169.17,0.11,0.00,0.13,Suporte Forte,0,0
2010-02-22,466.07,569.46,633.43,685.12,736.82,810.42,904.18,1023.35,1174.93,0.06,0.00,0.18,Suporte Forte,0,0
2010-02-23,466.07,569.46,633.43,685.12,736.82,810.42,904.18,1023.35,1174.93,0.11,0.00,0.13,Suporte Forte,0,0
2010-02-24,466.07,569.46,633.43,685.12,736.82,810.42,904.18,1023.35,1174.93,0.11,0.00,0.13,Suporte Forte,0,0
2010-02-25,466.07,569.46,633.43,685.12,736.82,810.42,904.18,1023.35,1174.93,0.13,0.00,0.11,Suporte Forte,0,0
2010-02-26,466.07,565.06,626.31,675.80,725.30,795.77,885.54,999.64,1144.77,0.22,0.00,0.02,Suporte Forte,0,0
2010-03-01,466.07,554.06,608.50,652.50,696.50,759.14,838.93,940.35,1069.36,0.10,0.00,0.14,Suporte Forte,0,0
2010-03-02,466.07,554.06,608.50,652.50,696.50,759.14,838.93,940.35,1069.36,0.13,0.00,0.11,Suporte Forte,0,0
2010-03-03,466.07,554.06,608.50,652.50,696.50,759.14,838.93,940.35,1069.36,0.17,0.00,0.07,Suporte Forte,0,0
2010-03-04,466.07,554.06,608.50,652.50,696.50,759.14,838.93,940.35,1069.36,0.17,0.00,0.07,Suporte Forte,0,0
2010-03-05,466.07,554.06,608.50,652.50,696.50,759.14,838.93,940.35,1069.36,0.10,0.00,0.14,Suporte Forte,0,0
2010-03-08,466.07,554.06,608.50,652.50,696.50,759.14,838.93,940.35,1069.36,0.13,0.00,0.11,Suporte Forte,0,0
2010-03-09,466.07,554.06,608.50,652.50,696.50,759.14,838.93,940.35,1069.36,0.17,0.00,0.07,Suporte Forte,0,0
2010-03-10,466.07,554.06,608.50,652.50,696.50,759.14,838.93,940.35,1069.36,0.15,0.00,0.09,Suporte Forte,0,0
2010-03-11,466.07,554.06,608.50,652.50,696.50,759.14,838.93,940.35,1069.36,0.13,0.00,0.11,Suporte Forte,0,0
2010-03-12,466.07,554.06,608.50,652.50,696.50,759.14,838.93,940.35,1069.36,0.02,0.00,0.22,Suporte Forte,0,0
2010-03-15,466.07,554.06,608.50,652.50,696.50,759.14,838.93,940.35,1069.36,0.02,0.00,0.22,Suporte Forte,0,0
2010-03-16,456.75,546.94,602.74,647.84,692.94,757.14,838.93,942.88,1075.12,0.00,0.00,0.24,Suporte Forte,0,0
2010-03-17,438.11,532.70,591.22,638.52,685.82,753.15,838.93,947.95,1086.64,0.00,0.00,0.24,Suporte Forte,0,0
2010-03-18,438.11,532.70,591.22,638.52,685.82,753.15,838.93,947.95,1086.64,0.12,0.00,0.12,Suporte Forte,0,0
2010-03-19,438.11,532.70,591.22,638.52,685.82,753.15,838.93,947.95,1086.64,0.14,0.00,0.10,Suporte Forte,0,0
2010-03-22,428.79,525.58,585.46,633.86,682.26,751.16,838.93,950.49,1092.40,0.05,0.00,0.19,Suporte Forte,0,0
2010-03-23,428.79,507.98,556.98,596.58,636.17,692.55,764.36,855.64,971.74,0.19,0.00,0.05,Suporte Forte,0,0
2010-03-24,428.79,503.58,549.85,587.25,624.65,677.89,745.71,831.91,941.57,0.21,0.00,0.03,Suporte Forte,0,0
2010-03-25,428.79,503.58,549.85,587.25,624.65,677.89,745.71,831.91,941.57,0.15,0.00,0.09,Suporte Forte,0,0
2010-03-26,428.79,503.58,549.85,587.25,624.65,677.89,745.71,831.91,941.57,0.15,0.00,0.09,Suporte Forte,0,0
2010-03-29,428.79,501.38,546.29,582.59,618.89,670.56,736.39,820.06,926.49,0.24,0.24,0.14,Suporte,0,0
2010-03-30,428.79,501.38,546.29,582.59,618.89,670.56,736.39,820.06,926.49,0.27,0.24,0.11,Suporte,0,0
2010-03-31,428.79,501.38,546.29,582.59,618.89,670.56,736.39,820.06,926.49,0.14,0.00,0.10,Suporte Forte,0,0
2010-04-01,427.85,500.67,545.71,582.12,618.53,670.36,736.39,820.31,927.07,0.15,0.00,0.09,Suporte Forte,0,0
2010-04-05,427.85,491.87,531.47,563.48,595.49,641.06,699.11,772.89,866.75,0.19,0.00,0.05,Suporte Forte,0,0
2010-04-06,427.85,483.07,517.23,544.84,572.44,611.75,661.82,725.46,806.41,0.27,0.24,0.11,Suporte,0,0
2010-04-07,427.85,480.87,513.67,540.17,566.68,604.42,652.50,713.60,791.33,0.17,0.00,0.07,Suporte Forte,0,0
2010-04-08,427.85,480.87,513.67,540.17,566.68,604.42,652.50,713.60,791.33,0.21,0.00,0.03,Suporte Forte,0,0
2010-04-09,427.85,480.87,513.67,540.17,566.68,604.42,652.50,713.60,791.33,0.15,0.00,0.09,Suporte Forte,0,0
2010-04-12,427.85,480.87,513.67,540.17,566.68,604.42,652.50,713.60,791.33,0.07,0.00,0.17,Suporte Forte,0,0
2010-04-13,401.75,456.53,490.42,517.81,545.19,584.19,633.86,696.99,777.30,0.03,0.00,0.21,Suporte Forte,0,0
2010-04-14,397.09,448.57,480.41,506.15,531.89,568.53,615.21,674.54,750.01,0.19,0.00,0.05,Suporte Forte,0,0
2010-04-15,397.09,445.27,475.07,499.16,523.25,557.54,601.23,656.76,727.39,0.25,0.24,0.13,Suporte,0,0
2010-04-16,397.09,445.27,475.07,499.16,523.25,557.54,601.23,656.76,727.39,0.30,0.24,0.08,Suporte,0,0
2010-04-19,397.09,445.27,475.07,499.16,523.25,557.54,601.23,656.76,727.39,0.29,0.24,0.09,Suporte,0,0
2010-04-20,397.09,445.27,475.07,499.16,523.25,557.54,601.23,656.76,727.39,0.28,0.24,0.10,Suporte,0,0
2010-04-21,397.09,445.27,475.07,499.16,523.25,557.54,601.23,656.76,727.39,0.37,0.24,0.01,Suporte,1,0
2010-04-22,397.09,445.27,475.07,499.16,523.25,557.54,601.23,656.76,727.39,0.37,0.24,0.01,Suporte,1,0
2010-04-23,397.09,445.27,475.07,499.16,523.25,557.54,601.23,656.76,727.39,0.36,0.24,0.02,Suporte,1,0
2010-04-26,397.09,445.27,475.07,499.16,523.25,557.54,601.23,656.76,727.39,0.35,0.24,0.03,Suporte,0,0
2010-04-27,397.09,445.27,475.07,499.16,523.25,557.54,601.23,656.76,727.39,0.28,0.24,0.10,Suporte,0,0
2010-04-28,397.09,445.27,475.07,499.16,523.25,557.54,601.23,656.76,727.39,0.19,0.00,0.05,Suporte Forte,0,0
2010-04-29,397.09,445.27,475.07,499.16,523.25,557.54,601.23,656.76,727.39,0.15,0.00,0.09,Suporte Forte,0,0
2010-04-30,397.09,445.27,475.07,499.16,523.25,557.54,601.23,656.76,727.39,0.47,0.38,0.03,Zona de Consolidação,0,0
2010-05-03,397.09,445.27,475.07,499.16,523.25,557.54,601.23,656.76,727.39,0.50,0.50,0.12,Zona de Consolidação,0,0
2010-05-04,397.09,445.27,475.07,499.16,523.25,557.54,601.23,656.76,727.39,0.54,0.50,0.08,Zona de Consolidação,0,0
2010-05-05,397.09,445.27,475.07,499.16,523.25,557.54,601.23,656.76,727.39,0.23,0.00,0.01,Suporte Forte,0,0
2010-05-06,397.09,445.27,475.07,499.16,523.25,557.54,601.23,656.76,727.39,0.22,0.00,0.02,Suporte Forte,0,0
2010-05-07,397.09,445.27,475.07,499.16,523.25,557.54,601.23,656.76,727.39,0.16,0.00,0.08,Suporte Forte,0,0
2010-05-10,397.09,445.27,475.07,499.16,523.25,557.54,601.23,656.76,727.39,0.28,0.24,0.10,Suporte,0,0
2010-05-11,397.09,445.27,475.07,499.16,523.25,557.54,601.23,656.76,727.39,0.29,0.24,0.09,Suporte,0,0
2010-05-12,397.09,445.27,475.07,499.16,523.25,557.54,601.23,656.76,727.39,0.22,0.00,0.02,Suporte Forte,0,0
2010-05-13,397.09,445.27,475.07,499.16,523.25,557.54,601.23,656.76,727.39,0.27,0.24,0.11,Suporte,0,0
2010-05-14,397.09,445.27,475.07,499.16,523.25,557.54,601.23,656.76,727.39,0.30,0.24,0.08,Suporte,0,0
2010-05-17,397.09,445.27,475.07,499.16,523.25,557.54,601.23,656.76,727.39,0.26,0.24,0.12,Suporte,0,0
2010-05-18,397.09,445.27,475.07,499.16,523.25,557.54,601.23,656.76,727.39,0.22,0.00,0.02,Suporte Forte,0,0
2010-05-19,397.09,445.27,475.07,499.16,523.25,557.54,601.23,656.76,727.39,0.22,0.00,0.02,Suporte Forte,0,0
2010-05-20,397.09,445.27,475.07,499.16,523.25,557.54,601.23,656.76,727.39,0.14,0.00,0.10,Suporte Forte,0,0
2010-05-21,395.23,443.85,473.92,498.23,522.54,557.15,601.23,657.26,728.54,0.07,0.00,0.17,Suporte Forte,0,0
2010-05-24,391.50,441.00,471.62,496.36,521.11,556.35,601.23,658.28,730.84,0.00,0.00,0.24,Suporte Forte,0,0
2010-05-25,391.50,441.00,471.62,496.36,521.11,556.35,601.23,658.28,730.84,0.04,0.00,0.20,Suporte Forte,0,0
2010-05-26,391.50,441.00,471.62,496.36,521.11,556.35,601.23,658.28,730.84,0.00,0.00,0.24,Suporte Forte,0,0
2010-05-27,391.50,441.00,471.62,496.36,521.11,556.35,601.23,658.28,730.84,0.00,0.00,0.24,Suporte Forte,0,0
2010-05-28,372.86,426.76,460.10,487.04,513.99,552.36,601.23,663.35,742.36,0.00,0.00,0.24,Suporte Forte,0,0
2010-06-01,181.77,280.76,342.00,391.50,441.00,511.47,601.23,715.32,860.46,0.01,0.00,0.23,Suporte Forte,0,0
2010-06-02,177.11,277.20,339.12,389.17,439.22,510.47,601.23,716.59,863.34,0.02,0.00,0.22,Suporte Forte,0,0
2010-06-03,177.11,277.20,339.12,389.17,439.22,510.47,601.23,716.59,863.34,0.01,0.00,0.23,Suporte Forte,0,0
2010-06-04,177.11,277.20,339.12,389.17,439.22,510.47,601.23,716.59,863.34,0.01,0.00,0.23,Suporte Forte,0,0
2010-06-07,173.38,274.35,336.82,387.30,437.79,509.67,601.23,717.61,865.64,0.00,0.00,0.24,Suporte Forte,0,0
2010-06-08,131.43,242.30,310.89,366.33,421.77,500.69,601.23,729.02,891.57,0.12,0.00,0.12,Suporte Forte,0,0
2010-06-09,131.43,242.30,310.89,366.33,421.77,500.69,601.23,729.02,891.57,0.05,0.00,0.19,Suporte Forte,0,0
2010-06-10,131.43,242.30,310.89,366.33,421.77,500.69,601.23,729.02,891.57,0.05,0.00,0.19,Suporte Forte,0,0
2010-06-11,131.43,223.60,280.63,326.72,372.80,438.42,522.00,628.24,763.37,0.06,0.00,0.18,Suporte Forte,0,0
2010-06-14,131.43,223.60,280.63,326.72,372.80,438.42,522.00,628.24,763.37,0.01,0.00,0.23,Suporte Forte,0,0
2010-06-15,131.43,223.60,280.63,326.72,372.80,438.42,522.00,628.24,763.37,0.02,0.00,0.22,Suporte Forte,0,0
2010-06-16,131.43,223.60,280.63,326.72,372.80,438.42,522.00,628.24,763.37,0.01,0.00,0.23,Suporte Forte,0,0
2010-06-17,131.43,223.60,280.63,326.72,372.80,438.42,522.00,628.24,763.37,0.01,0.00,0.23,Suporte Forte,0,0
2010-06-18,131.43,223.60,280.63,326.72,372.80,438.42,522.00,628.24,763.37,0.03,0.00,0.21,Suporte Forte,0,0
2010-06-21,131.43,223.60,280.63,326.72,372.80,438.42,522.00,628.24,763.37,0.01,0.00,0.23,Suporte Forte,0,0
2010-06-22,131.43,223.60,280.63,326.72,372.80,438.42,522.00,628.24,763.37,0.01,0.00,0.23,Suporte Forte,0,0
2010-06-23,131.43,223.60,280.63,326.72,372.80,438.42,522.00,628.24,763.37,0.01,0.00,0.23,Suporte Forte,0,0
2010-06-24,131.43,223.60,280.63,326.72,372.80,438.42,522.00,628.24,763.37,0.00,0.00,0.24,Suporte Forte,0,0
2010-06-25,131.43,223.60,280.63,326.72,372.80,438.42,522.00,628.24,763.37,0.01,0.00,0.23,Suporte Forte,0,0
2010-06-28,129.57,222.18,279.48,325.78,372.09,438.02,522.00,628.74,764.52,0.01,0.00,0.23,Suporte Forte,0,0
2010-06-29,123.04,217.19,275.44,322.52,369.60,436.62,522.00,630.52,768.56,0.02,0.00,0.22,Suporte Forte,0,0
2010-06-30,113.72,210.07,269.68,317.86,366.04,434.63,522.00,633.05,774.32,0.01,0.00,0.23,Suporte Forte,0,0
2010-07-01,107.20,205.09,265.65,314.60,363.55,433.23,522.00,634.83,778.35,0.00,0.00,0.24,Suporte Forte,0,0
2010-07-02,105.33,203.66,264.50,313.67,362.83,432.83,522.00,635.33,779.50,0.00,0.00,0.24,Suporte Forte,0,0
2010-07-06,102.54,201.53,262.77,312.27,361.77,432.24,522.00,636.09,781.23,0.01,0.00,0.23,Suporte Forte,0,0
2010-07-07,102.54,201.53,262.77,312.27,361.77,432.24,522.00,636.09,781.23,0.01,0.00,0.23,Suporte Forte,0,0
2010-07-08,101.60,200.81,262.19,311.80,361.41,432.03,522.00,636.35,781.81,0.01,0.00,0.23,Suporte Forte,0,0
2010-07-09,101.60,200.81,262.19,311.80,361.41,432.03,522.00,636.35,781.81,0.02,0.00,0.22,Suporte Forte,0,0
2010-07-12,101.60,200.81,262.19,311.80,361.41,432.03,522.00,636.35,781.81,0.00,0.00,0.24,Suporte Forte,0,0
2010-07-13,99.74,199.39,261.04,310.87,360.70,431.64,522.00,636.85,782.96,0.00,0.00,0.24,Suporte Forte,0,0
2010-07-14,99.74,196.09,255.70,303.88,352.06,420.65,508.02,619.07,760.34,0.01,0.00,0.23,Suporte Forte,0,0
2010-07-15,99.74,191.70,248.58,294.56,340.54,406.00,489.38,595.36,730.18,0.01,0.00,0.23,Suporte Forte,0,0
2010-07-16,99.74,185.31,238.25,281.04,323.83,384.74,462.34,560.97,686.43,0.02,0.00,0.22,Suporte Forte,0,0
2010-07-19,99.74,185.31,238.25,281.04,323.83,384.74,462.34,560.97,686.43,0.02,0.00,0.22,Suporte Forte,0,0
2010-07-20,99.74,185.31,238.25,281.04,323.83,384.74,462.34,560.97,686.43,0.03,0.00,0.21,Suporte Forte,0,0
2010-07-21,99.74,185.31,238.25,281.04,323.83,384.74,462.34,560.97,686.43,0.02,0.00,0.22,Suporte Forte,0,0
2010-07-22,99.74,185.31,238.25,281.04,323.83,384.74,462.34,560.97,686.43,0.03,0.00,0.21,Suporte Forte,0,0
2010-07-23,99.74,185.31,238.25,281.04,323.83,384.74,462.34,560.97,686.43,0.02,0.00,0.22,Suporte Forte,0,0
2010-07-26,99.74,185.31,238.25,281.04,323.83,384.74,462.34,560.97,686.43,0.03,0.00,0.21,Suporte Forte,0,0
2010-07-27,99.74,185.31,238.25,281.04,323.83,384.74,462.34,560.97,686.43,0.04,0.00,0.20,Suporte Forte,0,0
2010-07-28,99.74,185.31,238.25,281.04,323.83,384.74,462.34,560.97,686.43,0.04,0.00,0.20,Suporte Forte,0,0
2010-07-29,99.74,183.33,235.05,276.84,318.64,378.15,453.95,550.30,672.85,0.03,0.00,0.21,Suporte Forte,0,0
2010-07-30,99.74,182.23,233.27,274.52,315.76,374.49,449.29,544.37,665.31,0.03,0.00,0.21,Suporte Forte,0,0
2010-08-02,99.74,179.15,228.28,267.99,307.70,364.23,436.24,527.77,644.20,0.02,0.00,0.22,Suporte Forte,0,0
2010-08-03,99.74,175.19,221.87,259.60,297.33,351.04,419.46,506.42,617.05,0.03,0.00,0.21,Suporte Forte,0,0
2010-08-04,99.74,175.19,221.87,259.60,297.33,351.04,419.46,506.42,617.05,0.03,0.00,0.21,Suporte Forte,0,0
2010-08-05,99.74,169.70,212.97,247.95,282.93,332.73,396.16,476.79,579.35,0.04,0.00,0.20,Suporte Forte,0,0
2010-08-06,99.74,168.60,211.19,245.62,280.05,329.06,391.50,470.86,571.81,0.02,0.00,0.22,Suporte Forte,0,0
2010-08-09,99.74,166.62,207.99,241.42,274.86,322.47,383.11,460.19,558.23,0.03,0.00,0.21,Suporte Forte,0,0
2010-08-10,99.74,152.10,184.49,210.66,236.84,274.11,321.59,381.93,458.69,0.05,0.00,0.19,Suporte Forte,0,0
2010-08-11,99.74,123.50,138.20,150.07,161.95,178.87,200.41,227.79,262.62,0.07,0.00,0.17,Suporte Forte,0,0
2010-08-12,99.74,121.52,134.99,145.88,156.77,172.27,192.02,217.12,249.05,0.07,0.00,0.17,Suporte Forte,0,0
2010-08-13,99.74,120.64,133.57,144.01,154.46,169.34,188.29,212.38,243.01,0.07,0.00,0.17,Suporte Forte,0,0
2010-08-16,99.74,120.64,133.57,144.01,154.46,169.34,188.29,212.38,243.01,0.11,0.00,0.13,Suporte Forte,0,0
2010-08-17,99.74,120.64,133.57,144.01,154.46,169.34,188.29,212.38,243.01,0.08,0.00,0.16,Suporte Forte,0,0
2010-08-18,99.74,119.98,132.50,142.62,152.74,167.15,185.50,208.83,238.50,0.09,0.00,0.15,Suporte Forte,0,0
2010-08-19,99.74,116.90,127.52,136.10,144.67,156.89,172.45,192.23,217.38,0.09,0.00,0.15,Suporte Forte,0,0
2010-08-20,99.74,115.14,124.67,132.36,140.06,151.03,164.99,182.74,205.31,0.06,0.00,0.18,Suporte Forte,0,0
2010-08-23,94.15,110.87,121.21,129.57,137.93,149.83,164.99,184.26,208.77,0.00,0.00,0.24,Suporte Forte,0,0
2010-08-24,73.64,95.20,108.54,119.32,130.09,145.44,164.99,189.84,221.44,0.11,0.00,0.13,Suporte Forte,0,0
2010-08-25,69.91,92.35,106.23,117.45,128.67,144.64,164.99,190.85,223.75,0.01,0.00,0.23,Suporte Forte,0,0
2010-08-26,68.05,90.93,105.08,116.52,127.96,144.24,164.99,191.36,224.90,0.09,0.00,0.15,Suporte Forte,0,0
2010-08-27,67.11,90.21,104.50,116.05,127.60,144.04,164.99,191.61,225.48,0.08,0.00,0.16,Suporte Forte,0,0
2010-08-30,67.11,90.21,104.50,116.05,127.60,144.04,164.99,191.61,225.48,0.08,0.00,0.16,Suporte Forte,0,0
2010-08-31,66.18,89.50,103.93,115.58,127.24,143.84,164.99,191.87,226.05,0.07,0.00,0.17,Suporte Forte,0,0
2010-09-01,66.18,89.50,103.93,115.58,127.24,143.84,164.99,191.87,226.05,0.06,0.00,0.18,Suporte Forte,0,0
2010-09-02,66.18,83.12,93.60,102.07,110.54,122.60,137.96,157.48,182.32,0.14,0.00,0.10,Suporte Forte,0,0
2010-09-03,66.18,83.12,93.60,102.07,110.54,122.60,137.96,157.48,182.32,0.25,0.24,0.13,Suporte,0,0
2010-09-07,66.18,83.12,93.60,102.07,110.54,122.60,137.96,157.48,182.32,0.25,0.24,0.13,Suporte,0,0
2010-09-08,66.18,83.12,93.60,102.07,110.54,122.60,137.96,157.48,182.32,0.38,0.24,0.00,Suporte,1,0
2010-09-09,66.18,79.38,87.55,94.15,100.74,110.14,122.11,137.32,156.67,0.48,0.38,0.02,Zona de Consolidação,0,0
2010-09-10,66.18,78.06,85.41,91.35,97.29,105.75,116.52,130.21,147.63,0.70,0.62,0.09,Resistência,0,0
2010-09-13,66.18,78.06,85.41,91.35,97.29,105.75,116.52,130.21,147.63,0.57,0.50,0.05,Zona de Consolidação,0,0
2010-09-14,66.18,78.06,85.41,91.35,97.29,105.75,116.52,130.21,147.63,0.44,0.38,0.06,Zona de Consolidação,0,0
2010-09-15,66.18,78.06,85.41,91.35,97.29,105.75,116.52,130.21,147.63,0.46,0.38,0.04,Zona de Consolidação,0,0
2010-09-16,66.18,78.06,85.41,91.35,97.29,105.75,116.52,130.21,147.63,0.28,0.24,0.10,Suporte,0,0
2010-09-17,66.18,78.06,85.41,91.35,97.29,105.75,116.52,130.21,147.63,0.54,0.50,0.08,Zona de Consolidação,0,0
2010-09-20,66.18,78.06,85.41,91.35,97.29,105.75,116.52,130.21,147.63,0.63,0.62,0.16,Resistência,1,0
2010-09-21,66.18,78.06,85.41,91.35,97.29,105.75,116.52,130.21,147.63,0.72,0.62,0.07,Resistência,0,0
2010-09-22,66.18,78.06,85.41,91.35,97.29,105.75,116.52,130.21,147.63,0.74,0.62,0.05,Resistência,0,0
2010-09-23,66.18,78.06,85.41,91.35,97.29,105.75,116.52,130.21,147.63,0.74,0.62,0.05,Resistência,0,0
2010-09-24,66.18,78.06,85.41,91.35,97.29,105.75,116.52,130.21,147.63,1.00,1.00,0.27,Resistência Forte,0,1
2010-09-27,66.18,84.00,95.02,103.94,112.85,125.53,141.69,162.23,188.36,0.95,0.79,0.05,Resistência Forte,0,0
2010-09-28,66.18,84.66,96.09,105.33,114.57,127.72,144.48,165.78,192.87,0.89,0.79,0.11,Resistência Forte,0,0
2010-09-29,66.18,84.66,96.09,105.33,114.57,127.72,144.48,165.78,192.87,0.73,0.62,0.06,Resistência,0,0
2010-09-30,66.18,84.66,96.09,105.33,114.57,127.72,144.48,165.78,192.87,0.55,0.50,0.07,Zona de Consolidação,0,0
2010-10-01,66.18,84.66,96.09,105.33,114.57,127.72,144.48,165.78,192.87,0.45,0.38,0.05,Zona de Consolidação,0,0
2010-10-04,66.18,84.66,96.09,105.33,114.57,127.72,144.48,165.78,192.87,0.57,0.50,0.05,Zona de Consolidação,0,0
2010-10-05,66.18,84.66,96.09,105.33,114.57,127.72,144.48,165.78,192.87,0.68,0.62,0.11,Resistência,0,0
2010-10-06,66.18,84.66,96.09,105.33,114.57,127.72,144.48,165.78,192.87,0.71,0.62,0.08,Resistência,0,0
2010-10-07,66.18,84.66,96.09,105.33,114.57,127.72,144.48,165.78,192.87,0.65,0.62,0.14,Resistência,0,0
2010-10-08,66.18,84.66,96.09,105.33,114.57,127.72,144.48,165.78,192.87,0.68,0.62,0.11,Resistência,0,0
2010-10-11,66.18,84.66,96.09,105.33,114.57,127.72,144.48,165.78,192.87,0.60,0.50,0.02,Zona de Consolidação,0,0
2010-10-12,66.18,84.66,96.09,105.33,114.57,127.72,144.48,165.78,192.87,0.65,0.62,0.14,Resistência,0,0
2010-10-13,66.18,84.66,96.09,105.33,114.57,127.72,144.48,165.78,192.87,0.58,0.50,0.04,Zona de Consolidação,0,0
2010-10-14,66.18,84.66,96.09,105.33,114.57,127.72,144.48,165.78,192.87,0.65,0.62,0.14,Resistência,0,0
2010-10-15,66.18,84.66,96.09,105.33,114.57,127.72,144.48,165.78,192.87,0.65,0.62,0.14,Resistência,0,0
2010-10-18,66.18,84.66,96.09,105.33,114.57,127.72,144.48,165.78,192.87,0.63,0.62,0.16,Resistência,1,0
2010-10-19,66.18,84.66,96.09,105.33,114.57,127.72,144.48,165.78,192.87,0.51,0.50,0.11,Zona de Consolidação,0,0
2010-10-20,66.18,84.66,96.09,105.33,114.57,127.72,144.48,165.78,192.87,0.45,0.38,0.05,Zona de Consolidação,0,0
2010-10-21,66.18,84.66,96.09,105.33,114.57,127.72,144.48,165.78,192.87,0.60,0.50,0.02,Zona de Consolidação,0,0
2010-10-22,66.18,84.66,96.09,105.33,114.57,127.72,144.48,165.78,192.87,0.61,0.50,0.01,Zona de Consolidação,1,0
2010-10-25,66.18,84.66,96.09,105.33,114.57,127.72,144.48,165.78,192.87,0.57,0.50,0.05,Zona de Consolidação,0,0
2010-10-26,66.18,84.66,96.09,105.33,114.57,127.72,144.48,165.78,192.87,0.52,0.50,0.10,Zona de Consolidação,0,0
2010-10-27,66.18,84.66,96.09,105.33,114.57,127.72,144.48,165.78,192.87,0.54,0.50,0.08,Zona de Consolidação,0,0
2010-10-28,66.18,84.66,96.09,105.33,114.57,127.72,144.48,165.78,192.87,0.52,0.50,0.10,Zona de Consolidação,0,0
2010-10-29,66.18,84.66,96.09,105.33,114.57,127.72,144.48,165.78,192.87,0.52,0.50,0.10,Zona de Consolidação,0,0
2010-11-01,66.18,84.66,96.09,105.33,114.57,127.72,144.48,165.78,192.87,0.52,0.50,0.10,Zona de Consolidação,0,0
2010-11-02,66.18,84.66,96.09,105.33,114.57,127.72,144.48,165.78,192.87,0.51,0.50,0.11,Zona de Consolidação,0,0
2010-11-03,66.18,84.66,96.09,105.33,114.57,127.72,144.48,165.78,192.87,0.49,0.38,0.01,Zona de Consolidação,0,0
2010-11-04,66.18,84.66,96.09,105.33,114.57,127.72,144.48,165.78,192.87,0.35,0.24,0.03,Suporte,0,0
2010-11-05,66.18,84.66,96.09,105.33,114.57,127.72,144.48,165.78,192.87,0.43,0.38,0.07,Zona de Consolidação,0,0
2010-11-08,66.18,84.66,96.09,105.33,114.57,127.72,144.48,165.78,192.87,0.37,0.24,0.01,Suporte,0,0
2010-11-09,66.18,84.66,96.09,105.33,114.57,127.72,144.48,165.78,192.87,0.31,0.24,0.07,Suporte,0,0
2010-11-10,70.84,88.22,98.97,107.66,116.35,128.72,144.48,164.51,189.99,0.34,0.24,0.04,Suporte,0,0
2010-11-11,71.78,88.94,99.55,108.13,116.71,128.92,144.48,164.25,189.41,0.33,0.24,0.05,Suporte,0,0
2010-11-12,72.71,89.65,100.13,108.60,117.06,129.12,144.48,164.00,188.83,0.23,0.00,0.01,Suporte Forte,0,0
2010-11-15,72.71,89.65,100.13,108.60,117.06,129.12,144.48,164.00,188.83,0.30,0.24,0.08,Suporte,0,0
2010-11-16,72.71,89.65,100.13,108.60,117.06,129.12,144.48,164.00,188.83,0.25,0.24,0.13,Suporte,0,0
2010-11-17,75.50,91.78,101.85,109.99,118.13,129.72,144.48,163.24,187.11,0.22,0.00,0.02,Suporte Forte,0,0
2010-11-18,75.50,91.78,101.85,109.99,118.13,129.72,144.48,163.24,187.11,0.19,0.00,0.05,Suporte Forte,0,0
2010-11-19,75.50,91.78,101.85,109.99,118.13,129.72,144.48,163.24,187.11,0.08,0.00,0.16,Suporte Forte,0,0
2010-11-22,74.57,91.07,101.28,109.52,117.77,129.52,144.48,163.50,187.68,0.04,0.00,0.20,Suporte Forte,0,0
2010-11-23,74.57,91.07,101.28,109.52,117.77,129.52,144.48,163.50,187.68,0.01,0.00,0.23,Suporte Forte,0,0
2010-11-24,74.57,91.07,101.28,109.52,117.77,129.52,144.48,163.50,187.68,0.05,0.00,0.19,Suporte Forte,0,0
2010-11-26,74.57,91.07,101.28,109.52,117.77,129.52,144.48,163.50,187.68,0.05,0.00,0.19,Suporte Forte,0,0
2010-11-29,74.57,91.07,101.28,109.52,117.77,129.52,144.48,163.50,187.68,0.07,0.00,0.17,Suporte Forte,0,0
2010-11-30,74.57,91.07,101.28,109.52,117.77,129.52,144.48,163.50,187.68,0.11,0.00,0.13,Suporte Forte,0,0
2010-12-01,74.57,91.07,101.28,109.52,117.77,129.52,144.48,163.50,187.68,0.08,0.00,0.16,Suporte Forte,0,0
2010-12-02,74.57,91.07,101.28,109.52,117.77,129.52,144.48,163.50,187.68,0.08,0.00,0.16,Suporte Forte,0,0
2010-12-03,74.57,91.07,101.28,109.52,117.77,129.52,144.48,163.50,187.68,0.00,0.00,0.24,Suporte Forte,0,0
2010-12-06,69.91,87.51,98.40,107.20,115.99,128.52,144.48,164.76,190.56,0.05,0.00,0.19,Suporte Forte,0,0
2010-12-07,69.91,87.51,98.40,107.20,115.99,128.52,144.48,164.76,190.56,0.10,0.00,0.14,Suporte Forte,0,0
2010-12-08,69.91,86.63,96.97,105.33,113.69,125.59,140.75,160.02,184.53,0.13,0.00,0.11,Suporte Forte,0,0
2010-12-09,69.91,84.21,93.06,100.20,107.35,117.53,130.50,146.98,167.94,0.09,0.00,0.15,Suporte Forte,0,0
2010-12-10,69.91,84.21,93.06,100.20,107.35,117.53,130.50,146.98,167.94,0.08,0.00,0.16,Suporte Forte,0,0
2010-12-13,69.91,84.21,93.06,100.20,107.35,117.53,130.50,146.98,167.94,0.14,0.00,0.10,Suporte Forte,0,0
2010-12-14,68.05,82.79,91.91,99.28,106.64,117.14,130.50,147.49,169.09,0.10,0.00,0.14,Suporte Forte,0,0
2010-12-15,68.05,82.79,91.91,99.28,106.64,117.14,130.50,147.49,169.09,0.13,0.00,0.11,Suporte Forte,0,0
2010-12-16,68.05,82.79,91.91,99.28,106.64,117.14,130.50,147.49,169.09,0.16,0.00,0.08,Suporte Forte,0,0
2010-12-17,68.05,82.79,91.91,99.28,106.64,117.14,130.50,147.49,169.09,0.18,0.00,0.06,Suporte Forte,0,0
2010-12-20,68.05,82.79,91.91,99.28,106.64,117.14,130.50,147.49,169.09,0.09,0.00,0.15,Suporte Forte,0,0
2010-12-21,68.05,82.79,91.91,99.28,106.64,117.14,130.50,147.49,169.09,0.06,0.00,0.18,Suporte Forte,0,0
2010-12-22,68.05,82.79,91.91,99.28,106.64,117.14,130.50,147.49,169.09,0.18,0.00,0.06,Suporte Forte,0,0
2010-12-23,68.05,82.79,91.91,99.28,106.64,117.14,130.50,147.49,169.09,0.28,0.24,0.10,Suporte,0,0
2010-12-27,68.05,82.79,91.91,99.28,106.64,117.14,130.50,147.49,169.09,0.67,0.62,0.12,Resistência,0,0
2010-12-28,68.05,82.79,91.91,99.28,106.64,117.14,130.50,147.49,169.09,0.42,0.38,0.08,Zona de Consolidação,0,0
2010-12-29,68.05,82.79,91.91,99.28,106.64,117.14,130.50,147.49,169.09,0.60,0.50,0.02,Zona de Consolidação,0,0
2010-12-30,68.05,82.79,91.91,99.28,106.64,117.14,130.50,147.49,169.09,0.43,0.38,0.07,Zona de Consolidação,0,0
2010-12-31,68.05,82.79,91.91,99.28,106.64,117.14,130.50,147.49,169.09,0.36,0.24,0.02,Suporte,0,0
2011-01-03,68.05,82.79,91.91,99.28,106.64,117.14,130.50,147.49,169.09,0.40,0.38,0.10,Zona de Consolidação,0,0
2011-01-04,68.05,79.93,87.28,93.22,99.15,107.61,118.38,132.07,149.48,0.59,0.50,0.03,Zona de Consolidação,0,0
2011-01-05,68.05,79.93,87.28,93.22,99.15,107.61,118.38,132.07,149.48,0.67,0.62,0.12,Resistência,0,0
2011-01-06,68.05,79.93,87.28,93.22,99.15,107.61,118.38,132.07,149.48,0.63,0.62,0.16,Resistência,1,0
2011-01-07,68.05,79.93,87.28,93.22,99.15,107.61,118.38,132.07,149.48,0.52,0.50,0.10,Zona de Consolidação,0,0
2011-01-10,68.05,79.93,87.28,93.22,99.15,107.61,118.38,132.07,149.48,0.74,0.62,0.05,Resistência,0,0
2011-01-11,68.05,79.93,87.28,93.22,99.15,107.61,118.38,132.07,149.48,0.69,0.62,0.10,Resistência,0,0
2011-01-12,68.05,79.93,87.28,93.22,99.15,107.61,118.38,132.07,149.48,0.59,0.50,0.03,Zona de Consolidação,0,0
2011-01-13,68.05,79.93,87.28,93.22,99.15,107.61,118.38,132.07,149.48,0.57,0.50,0.05,Zona de Consolidação,0,0
2011-01-14,68.05,79.93,87.28,93.22,99.15,107.61,118.38,132.07,149.48,0.59,0.50,0.03,Zona de Consolidação,0,0
2011-01-18,68.05,79.93,87.28,93.22,99.15,107.61,118.38,132.07,149.48,0.80,0.79,0.20,Resistência Forte,0,1
2011-01-19,68.05,87.85,100.10,110.00,119.89,133.99,151.94,174.76,203.78,0.64,0.62,0.15,Resistência,0,0
2011-01-20,68.05,92.03,106.86,118.85,130.84,147.91,169.65,197.29,232.44,1.00,1.00,0.27,Resistência Forte,0,1
2011-01-21,68.05,125.03,160.27,188.76,217.25,257.81,309.47,375.14,458.67,0.84,0.79,0.16,Resistência Forte,0,0
2011-01-24,68.05,128.55,165.97,196.22,226.47,269.53,324.39,394.11,482.81,0.75,0.62,0.04,Resistência,0,0
2011-01-25,68.05,128.55,165.97,196.22,226.47,269.53,324.39,394.11,482.81,0.52,0.50,0.10,Zona de Consolidação,0,0
2011-01-26,68.05,128.55,165.97,196.22,226.47,269.53,324.39,394.11,482.81,0.70,0.62,0.09,Resistência,0,0
2011-01-27,68.05,128.55,165.97,196.22,226.47,269.53,324.39,394.11,482.81,0.88,0.79,0.12,Resistência Forte,0,0
2011-01-28,68.05,128.55,165.97,196.22,226.47,269.53,324.39,394.11,482.81,0.85,0.79,0.15,Resistência Forte,0,0
2011-01-31,68.05,128.55,165.97,196.22,226.47,269.53,324.39,394.11,482.81,0.81,0.79,0.19,Resistência Forte,0,0
2011-02-01,68.05,128.55,165.97,196.22,226.47,269.53,324.39,394.11,482.81,0.80,0.79,0.20,Resistência Forte,0,0
2011-02-02,68.05,128.55,165.97,196.22,226.47,269.53,324.39,394.11,482.81,0.82,0.79,0.18,Resistência Forte,0,0
2011-02-03,68.05,128.55,165.97,196.22,226.47,269.53,324.39,394.11,482.81,0.75,0.62,0.04,Resistência,0,0
2011-02-04,68.05,128.55,165.97,196.22,226.47,269.53,324.39,394.11,482.81,0.78,0.62,0.01,Resistência,0,1
2011-02-07,68.05,128.55,165.97,196.22,226.47,269.53,324.39,394.11,482.81,0.73,0.62,0.06,Resistência,0,0
2011-02-08,68.05,128.55,165.97,196.22,226.47,269.53,324.39,394.11,482.81,0.72,0.62,0.07,Resistência,0,0
2011-02-09,68.05,128.55,165.97,196.22,226.47,269.53,324.39,394.11,482.81,0.67,0.62,0.12,Resistência,0,0
2011-02-10,68.05,128.55,165.97,196.22,226.47,269.53,324.39,394.11,482.81,0.70,0.62,0.09,Resistência,0,0
2011-02-11,68.05,128.55,165.97,196.22,226.47,269.53,324.39,394.11,482.81,0.62,0.62,0.17,Resistência,1,0
2011-02-14,68.05,128.55,165.97,196.22,226.47,269.53,324.39,394.11,482.81,0.60,0.50,0.02,Zona de Consolidação,0,0
2011-02-15,68.05,128.55,165.97,196.22,226.47,269.53,324.39,394.11,482.81,0.56,0.50,0.06,Zona de Consolidação,0,0
2011-02-16,68.05,128.55,165.97,196.22,226.47,269.53,324.39,394.11,482.81,0.43,0.38,0.07,Zona de Consolidação,0,0
2011-02-17,68.05,128.55,165.97,196.22,226.47,269.53,324.39,394.11,482.81,0.43,0.38,0.07,Zona de Consolidação,0,0
2011-02-18,68.05,128.55,165.97,196.22,226.47,269.53,324.39,394.11,482.81,0.47,0.38,0.03,Zona de Consolidação,0,0
2011-02-22,68.05,128.55,165.97,196.22,226.47,269.53,324.39,394.11,482.81,0.45,0.38,0.05,Zona de Consolidação,0,0
2011-02-23,68.05,128.55,165.97,196.22,226.47,269.53,324.39,394.11,482.81,0.42,0.38,0.08,Zona de Consolidação,0,0
2011-02-24,68.05,128.55,165.97,196.22,226.47,269.53,324.39,394.11,482.81,0.42,0.38,0.08,Zona de Consolidação,0,0
2011-02-25,68.98,129.26,166.55,196.68,226.82,269.73,324.39,393.86,482.23,0.42,0.38,0.08,Zona de Consolidação,0,0
2011-02-28,68.98,129.26,166.55,196.68,226.82,269.73,324.39,393.86,482.23,0.36,0.24,0.02,Suporte,0,0
2011-03-01,68.98,129.26,166.55,196.68,226.82,269.73,324.39,393.86,482.23,0.29,0.24,0.09,Suporte,0,0
2011-03-02,68.98,129.26,166.55,196.68,226.82,269.73,324.39,393.86,482.23,0.35,0.24,0.03,Suporte,0,0
2011-03-03,71.78,131.40,168.28,198.08,227.89,270.33,324.39,393.10,480.50,0.44,0.38,0.06,Zona de Consolidação,0,0
2011-03-04,73.64,132.82,169.43,199.02,228.60,270.73,324.39,392.59,479.35,0.41,0.38,0.09,Zona de Consolidação,0,0
2011-03-07,81.10,138.52,174.04,202.74,231.45,272.33,324.39,390.56,474.74,0.36,0.24,0.02,Suporte,0,0
2011-03-08,83.89,140.65,175.76,204.14,232.52,272.92,324.39,389.81,473.02,0.31,0.24,0.07,Suporte,0,0
2011-03-09,85.76,142.08,176.92,205.08,233.23,273.32,324.39,389.30,471.86,0.25,0.24,0.13,Suporte,0,0
2011-03-10,85.76,142.08,176.92,205.08,233.23,273.32,324.39,389.30,471.86,0.23,0.00,0.01,Suporte Forte,0,0
2011-03-11,85.76,142.08,176.92,205.08,233.23,273.32,324.39,389.30,471.86,0.28,0.24,0.10,Suporte,0,0
2011-03-14,90.42,145.64,179.80,207.40,235.01,274.32,324.39,388.03,468.98,0.27,0.24,0.11,Suporte,0,0
2011-03-15,90.42,145.64,179.80,207.40,235.01,274.32,324.39,388.03,468.98,0.29,0.24,0.09,Suporte,0,0
2011-03-16,93.21,147.77,181.52,208.80,236.08,274.92,324.39,387.27,467.26,0.25,0.24,0.13,Suporte,0,0
2011-03-17,93.21,147.77,181.52,208.80,236.08,274.92,324.39,387.27,467.26,0.23,0.00,0.01,Suporte Forte,0,0
2011-03-18,93.21,147.77,181.52,208.80,236.08,274.92,324.39,387.27,467.26,0.20,0.00,0.04,Suporte Forte,0,0
2011-03-21,93.21,147.77,181.52,208.80,236.08,274.92,324.39,387.27,467.26,0.25,0.24,0.13,Suporte,0,0
2011-03-22,93.21,147.77,181.52,208.80,236.08,274.92,324.39,387.27,467.26,0.34,0.24,0.04,Suporte,0,0
2011-03-23,96.01,149.91,183.25,210.20,237.15,275.52,324.39,386.51,465.53,0.21,0.00,0.03,Suporte Forte,0,0
2011-03-24,96.01,149.91,183.25,210.20,237.15,275.52,324.39,386.51,465.53,0.15,0.00,0.09,Suporte Forte,0,0
2011-03-25,96.01,149.91,183.25,210.20,237.15,275.52,324.39,386.51,465.53,0.15,0.00,0.09,Suporte Forte,0,0
2011-03-28,96.94,150.62,183.83,210.66,237.50,275.72,324.39,386.26,464.95,0.41,0.38,0.09,Zona de Consolidação,0,0
2011-03-29,103.47,155.61,187.86,213.93,240.00,277.11,324.39,384.48,460.92,0.26,0.24,0.12,Suporte,0,0
2011-03-30,104.40,156.32,188.44,214.40,240.35,277.31,324.39,384.23,460.34,0.22,0.00,0.02,Suporte Forte,0,0
2011-03-31,128.64,174.84,203.42,226.52,249.61,282.50,324.39,377.63,445.36,0.10,0.00,0.14,Suporte Forte,0,0
2011-04-01,129.57,175.55,203.99,226.98,249.97,282.70,324.39,377.38,444.79,0.14,0.00,0.10,Suporte Forte,0,0
2011-04-04,129.57,175.55,203.99,226.98,249.97,282.70,324.39,377.38,444.79,0.15,0.00,0.09,Suporte Forte,0,0
2011-04-05,129.57,171.37,197.22,218.12,239.02,268.77,306.67,354.84,416.12,0.19,0.00,0.05,Suporte Forte,0,0
2011-04-06,129.57,171.37,197.22,218.12,239.02,268.77,306.67,354.84,416.12,0.14,0.00,0.10,Suporte Forte,0,0
2011-04-07,129.57,171.37,197.22,218.12,239.02,268.77,306.67,354.84,416.12,0.11,0.00,0.13,Suporte Forte,0,0
2011-04-08,129.57,171.37,197.22,218.12,239.02,268.77,306.67,354.84,416.12,0.10,0.00,0.14,Suporte Forte,0,0
2011-04-11,129.57,170.49,195.80,216.26,236.72,265.85,302.95,350.11,410.10,0.09,0.00,0.15,Suporte Forte,0,0
2011-04-12,129.57,170.49,195.80,216.26,236.72,265.85,302.95,350.11,410.10,0.10,0.00,0.14,Suporte Forte,0,0
2011-04-13,129.57,170.49,195.80,216.26,236.72,265.85,302.95,350.11,410.10,0.10,0.00,0.14,Suporte Forte,0,0
2011-04-14,129.57,170.49,195.80,216.26,236.72,265.85,302.95,350.11,410.10,0.10,0.00,0.14,Suporte Forte,0,0
2011-04-15,129.57,165.65,187.97,206.00,224.04,249.73,282.44,324.02,376.91,0.07,0.00,0.17,Suporte Forte,0,0
2011-04-18,129.57,165.65,187.97,206.00,224.04,249.73,282.44,324.02,376.91,0.07,0.00,0.17,Suporte Forte,0,0
2011-04-19,129.57,162.79,183.34,199.94,216.55,240.20,270.32,308.60,357.30,0.05,0.00,0.19,Suporte Forte,0,0
2011-04-20,129.57,159.05,177.29,192.02,206.76,227.75,254.48,288.46,331.67,0.01,0.00,0.23,Suporte Forte,0,0
2011-04-21,129.57,158.61,176.57,191.09,205.61,226.28,252.61,286.08,328.65,0.07,0.00,0.17,Suporte Forte,0,0
2011-04-25,129.57,158.61,176.57,191.09,205.61,226.28,252.61,286.08,328.65,0.04,0.00,0.20,Suporte Forte,0,0
2011-04-26,129.57,155.31,171.23,184.10,196.97,215.29,238.63,268.29,306.03,0.03,0.00,0.21,Suporte Forte,0,0
2011-04-27,129.57,151.35,164.82,175.71,186.60,202.10,221.85,246.95,278.88,0.07,0.00,0.17,Suporte Forte,0,0
2011-04-28,129.57,151.13,164.47,175.24,186.02,201.37,220.92,245.77,277.37,0.10,0.00,0.14,Suporte Forte,0,0
2011-04-29,129.57,151.13,164.47,175.24,186.02,201.37,220.92,245.77,277.37,0.22,0.00,0.02,Suporte Forte,0,0
2011-05-02,129.57,151.13,164.47,175.24,186.02,201.37,220.92,245.77,277.37,0.09,0.00,0.15,Suporte Forte,0,0
2011-05-03,125.84,148.28,162.16,173.38,184.60,200.57,220.92,246.78,279.68,0.02,0.00,0.22,Suporte Forte,0,0
2011-05-04,121.18,144.72,159.28,171.05,182.82,199.58,220.92,248.05,282.56,0.00,0.00,0.24,Suporte Forte,0,0
2011-05-05,109.99,136.17,152.37,165.46,178.54,197.18,220.92,251.09,289.47,0.04,0.00,0.20,Suporte Forte,0,0
2011-05-06,109.99,136.17,152.37,165.46,178.54,197.18,220.92,251.09,289.47,0.03,0.00,0.21,Suporte Forte,0,0
2011-05-09,109.99,136.17,152.37,165.46,178.54,197.18,220.92,251.09,289.47,0.14,0.00,0.10,Suporte Forte,0,0
2011-05-10,109.99,136.17,152.37,165.46,178.54,197.18,220.92,251.09,289.47,0.10,0.00,0.14,Suporte Forte,0,0
2011-05-11,109.99,136.17,152.37,165.46,178.54,197.18,220.92,251.09,289.47,0.11,0.00,0.13,Suporte Forte,0,0
2011-05-12,109.99,136.17,152.37,165.46,178.54,197.18,220.92,251.09,289.47,0.24,0.24,0.14,Suporte,0,0
2011-05-13,109.99,136.17,152.37,165.46,178.54,197.18,220.92,251.09,289.47,0.24,0.24,0.14,Suporte,0,0
2011-05-16,109.99,136.17,152.37,165.46,178.54,197.18,220.92,251.09,289.47,0.20,0.00,0.04,Suporte Forte,0,0
2011-05-17,109.99,136.17,152.37,165.46,178.54,197.18,220.92,251.09,289.47,0.15,0.00,0.09,Suporte Forte,0,0
2011-05-18,109.99,136.17,152.37,165.46,178.54,197.18,220.92,251.09,289.47,0.14,0.00,0.10,Suporte Forte,0,0
2011-05-19,109.99,136.17,152.37,165.46,178.54,197.18,220.92,251.09,289.47,0.08,0.00,0.16,Suporte Forte,0,0
2011-05-20,109.99,136.17,152.37,165.46,178.54,197.18,220.92,251.09,289.47,0.06,0.00,0.18,Suporte Forte,0,0
2011-05-23,109.99,136.17,152.37,165.46,178.54,197.18,220.92,251.09,289.47,0.03,0.00,0.21,Suporte Forte,0,0
2011-05-24,109.99,136.17,152.37,165.46,178.54,197.18,220.92,251.09,289.47,0.10,0.00,0.14,Suporte Forte,0,0
2011-05-25,109.99,136.17,152.37,165.46,178.54,197.18,220.92,251.09,289.47,0.11,0.00,0.13,Suporte Forte,0,0
2011-05-26,109.99,136.17,152.37,165.46,178.54,197.18,220.92,251.09,289.47,0.10,0.00,0.14,Suporte Forte,0,0
2011-05-27,109.99,136.17,152.37,165.46,178.54,197.18,220.92,251.09,289.47,0.05,0.00,0.19,Suporte Forte,0,0
2011-05-31,109.99,136.17,152.37,165.46,178.54,197.18,220.92,251.09,289.47,0.13,0.00,0.11,Suporte Forte,0,0
2011-06-01,109.99,136.17,152.37,165.46,178.54,197.18,220.92,251.09,289.47,0.08,0.00,0.16,Suporte Forte,0,0
2011-06-02,109.99,134.63,149.87,162.19,174.51,192.05,214.39,242.79,278.91,0.13,0.00,0.11,Suporte Forte,0,0
2011-06-03,109.99,134.63,149.87,162.19,174.51,192.05,214.39,242.79,278.91,0.13,0.00,0.11,Suporte Forte,0,0
2011-06-06,109.99,134.63,149.87,162.19,174.51,192.05,214.39,242.79,278.91,0.14,0.00,0.10,Suporte Forte,0,0
2011-06-07,109.99,134.63,149.87,162.19,174.51,192.05,214.39,242.79,278.91,0.16,0.00,0.08,Suporte Forte,0,0
2011-06-08,109.99,132.21,145.96,157.06,168.17,183.99,204.14,229.75,262.32,0.09,0.00,0.15,Suporte Forte,0,0
2011-06-09,109.99,127.81,138.83,147.74,156.66,169.34,185.50,206.04,232.17,0.19,0.00,0.05,Suporte Forte,0,0
2011-06-10,109.99,127.81,138.83,147.74,156.66,169.34,185.50,206.04,232.17,0.10,0.00,0.14,Suporte Forte,0,0
2011-06-13,109.99,127.81,138.83,147.74,156.66,169.34,185.50,206.04,232.17,0.09,0.00,0.15,Suporte Forte,0,0
2011-06-14,109.99,127.81,138.83,147.74,156.66,169.34,185.50,206.04,232.17,0.09,0.00,0.15,Suporte Forte,0,0
2011-06-15,109.99,127.81,138.83,147.74,156.66,169.34,185.50,206.04,232.17,0.05,0.00,0.19,Suporte Forte,0,0
2011-06-16,102.54,117.94,127.47,135.16,142.86,153.83,167.79,185.54,208.11,0.04,0.00,0.20,Suporte Forte,0,0
2011-06-17,96.01,111.85,121.65,129.56,137.48,148.76,163.12,181.37,204.59,0.01,0.00,0.23,Suporte Forte,0,0
2011-06-20,86.69,104.73,115.89,124.90,133.92,146.76,163.12,183.91,210.35,0.04,0.00,0.20,Suporte Forte,0,0
2011-06-21,86.69,104.73,115.89,124.90,133.92,146.76,163.12,183.91,210.35,0.04,0.00,0.20,Suporte Forte,0,0
2011-06-22,86.69,104.73,115.89,124.90,133.92,146.76,163.12,183.91,210.35,0.00,0.00,0.24,Suporte Forte,0,0
2011-06-23,85.76,104.02,115.31,124.44,133.57,146.56,163.12,184.16,210.93,0.00,0.00,0.24,Suporte Forte,0,0
2011-06-24,85.76,104.02,115.31,124.44,133.57,146.56,163.12,184.16,210.93,0.10,0.00,0.14,Suporte Forte,0,0
2011-06-27,85.76,104.02,115.31,124.44,133.57,146.56,163.12,184.16,210.93,0.04,0.00,0.20,Suporte Forte,0,0
2011-06-28,85.76,104.02,115.31,124.44,133.57,146.56,163.12,184.16,210.93,0.08,0.00,0.16,Suporte Forte,0,0
2011-06-29,85.76,104.02,115.31,124.44,133.57,146.56,163.12,184.16,210.93,0.23,0.00,0.01,Suporte Forte,0,0
2011-06-30,85.76,104.02,115.31,124.44,133.57,146.56,163.12,184.16,210.93,0.12,0.00,0.12,Suporte Forte,0,0
2011-07-01,85.76,104.02,115.31,124.44,133.57,146.56,163.12,184.16,210.93,0.20,0.00,0.04,Suporte Forte,0,0
2011-07-05,85.76,104.02,115.31,124.44,133.57,146.56,163.12,184.16,210.93,0.20,0.00,0.04,Suporte Forte,0,0
2011-07-06,85.76,104.02,115.31,124.44,133.57,146.56,163.12,184.16,210.93,0.34,0.24,0.04,Suporte,0,0
2011-07-07,85.76,104.02,115.31,124.44,133.57,146.56,163.12,184.16,210.93,0.16,0.00,0.08,Suporte Forte,0,0
2011-07-08,85.76,104.02,115.31,124.44,133.57,146.56,163.12,184.16,210.93,0.26,0.24,0.12,Suporte,0,0
2011-07-11,85.76,104.02,115.31,124.44,133.57,146.56,163.12,184.16,210.93,0.24,0.24,0.14,Suporte,0,0
2011-07-12,85.76,100.28,109.26,116.52,123.78,134.11,147.28,164.01,185.30,0.32,0.24,0.06,Suporte,0,0
2011-07-13,85.76,98.52,106.41,112.79,119.17,128.25,139.82,154.52,173.23,0.31,0.24,0.07,Suporte,0,0
2011-07-14,85.76,98.52,106.41,112.79,119.17,128.25,139.82,154.52,173.23,0.34,0.24,0.04,Suporte,0,0
2011-07-15,85.76,98.52,106.41,112.79,119.17,128.25,139.82,154.52,173.23,0.45,0.38,0.05,Zona de Consolidação,0,0
2011-07-18,85.76,98.52,106.41,112.79,119.17,128.25,139.82,154.52,173.23,0.45,0.38,0.05,Zona de Consolidação,0,0
2011-07-19,85.76,98.52,106.41,112.79,119.17,128.25,139.82,154.52,173.23,0.43,0.38,0.07,Zona de Consolidação,0,0
2011-07-20,85.76,98.52,106.41,112.79,119.17,128.25,139.82,154.52,173.23,0.31,0.24,0.07,Suporte,0,0
2011-07-21,85.76,98.52,106.41,112.79,119.17,128.25,139.82,154.52,173.23,0.29,0.24,0.09,Suporte,0,0
2011-07-22,85.76,98.52,106.41,112.79,119.17,128.25,139.82,154.52,173.23,0.57,0.50,0.05,Zona de Consolidação,0,0
2011-07-25,85.76,98.52,106.41,112.79,119.17,128.25,139.82,154.52,173.23,0.34,0.24,0.04,Suporte,0,0
2011-07-26,85.76,98.30,106.06,112.32,118.59,127.52,138.89,153.34,171.72,0.44,0.38,0.06,Zona de Consolidação,0,0
2011-07-27,85.76,137.68,169.79,195.75,221.71,258.66,305.74,365.57,441.69,0.78,0.62,0.01,Resistência,0,1
2011-07-28,85.76,137.68,169.79,195.75,221.71,258.66,305.74,365.57,441.69,0.47,0.38,0.03,Zona de Consolidação,0,0
2011-07-29,85.76,137.68,169.79,195.75,221.71,258.66,305.74,365.57,441.69,0.53,0.50,0.09,Zona de Consolidação,0,0
2011-08-01,85.76,137.68,169.79,195.75,221.71,258.66,305.74,365.57,441.69,0.42,0.38,0.08,Zona de Consolidação,0,0
2011-08-02,85.76,137.68,169.79,195.75,221.71,258.66,305.74,365.57,441.69,0.40,0.38,0.10,Zona de Consolidação,0,0
2011-08-03,85.76,137.68,169.79,195.75,221.71,258.66,305.74,365.57,441.69,0.30,0.24,0.08,Suporte,0,0
2011-08-04,85.76,137.68,169.79,195.75,221.71,258.66,305.74,365.57,441.69,0.32,0.24,0.06,Suporte,0,0
2011-08-05,85.76,137.68,169.79,195.75,221.71,258.66,305.74,365.57,441.69,0.36,0.24,0.02,Suporte,0,0
2011-08-08,85.76,137.68,169.79,195.75,221.71,258.66,305.74,365.57,441.69,0.21,0.00,0.03,Suporte Forte,0,0
2011-08-09,85.76,137.68,169.79,195.75,221.71,258.66,305.74,365.57,441.69,0.26,0.24,0.12,Suporte,0,0
2011-08-10,85.76,137.68,169.79,195.75,221.71,258.66,305.74,365.57,441.69,0.22,0.00,0.02,Suporte Forte,0,0
2011-08-11,85.76,137.68,169.79,195.75,221.71,258.66,305.74,365.57,441.69,0.22,0.00,0.02,Suporte Forte,0,0
2011-08-12,85.76,137.68,169.79,195.75,221.71,258.66,305.74,365.57,441.69,0.22,0.00,0.02,Suporte Forte,0,0
2011-08-15,85.76,137.68,169.79,195.75,221.71,258.66,305.74,365.57,441.69,0.19,0.00,0.05,Suporte Forte,0,0
2011-08-16,85.76,137.68,169.79,195.75,221.71,258.66,305.74,365.57,441.69,0.42,0.38,0.08,Zona de Consolidação,0,0
2011-08-17,85.76,137.68,169.79,195.75,221.71,258.66,305.74,365.57,441.69,0.29,0.24,0.09,Suporte,0,0
2011-08-18,85.76,137.68,169.79,195.75,221.71,258.66,305.74,365.57,441.69,0.22,0.00,0.02,Suporte Forte,0,0
2011-08-19,85.76,137.68,169.79,195.75,221.71,258.66,305.74,365.57,441.69,0.21,0.00,0.03,Suporte Forte,0,0
2011-08-22,85.76,137.68,169.79,195.75,221.71,258.66,305.74,365.57,441.69,0.21,0.00,0.03,Suporte Forte,0,0
2011-08-23,85.76,137.68,169.79,195.75,221.71,258.66,305.74,365.57,441.69,0.24,0.24,0.14,Suporte,0,0
2011-08-24,85.76,137.68,169.79,195.75,221.71,258.66,305.74,365.57,441.69,0.28,0.24,0.10,Suporte,0,0
2011-08-25,85.76,137.68,169.79,195.75,221.71,258.66,305.74,365.57,441.69,0.27,0.24,0.11,Suporte,0,0
2011-08-26,85.76,137.68,169.79,195.75,221.71,258.66,305.74,365.57,441.69,0.26,0.24,0.12,Suporte,0,0
2011-08-29,85.76,137.68,169.79,195.75,221.71,258.66,305.74,365.57,441.69,0.25,0.24,0.13,Suporte,0,0
2011-08-30,85.76,137.68,169.79,195.75,221.71,258.66,305.74,365.57,441.69,0.24,0.24,0.14,Suporte,0,0
2011-08-31,85.76,137.68,169.79,195.75,221.71,258.66,305.74,365.57,441.69,0.23,0.00,0.01,Suporte Forte,0,0
2011-09-01,85.76,137.68,169.79,195.75,221.71,258.66,305.74,365.57,441.69,0.26,0.24,0.12,Suporte,0,0
2011-09-02,86.69,138.39,170.37,196.22,222.06,258.86,305.74,365.32,441.11,0.26,0.24,0.12,Suporte,0,0
2011-09-06,86.69,138.39,170.37,196.22,222.06,258.86,305.74,365.32,441.11,0.22,0.00,0.02,Suporte Forte,0,0
2011-09-07,88.55,139.81,171.52,197.14,222.77,259.26,305.74,364.82,439.96,0.21,0.00,0.03,Suporte Forte,0,0
2011-09-08,90.42,141.24,172.67,198.08,223.49,259.66,305.74,364.31,438.81,0.27,0.24,0.11,Suporte,0,0
2011-09-09,91.35,141.95,173.25,198.54,223.84,259.86,305.74,364.05,438.23,0.23,0.00,0.01,Suporte Forte,0,0
2011-09-12,91.35,141.95,173.25,198.54,223.84,259.86,305.74,364.05,438.23,0.20,0.00,0.04,Suporte Forte,0,0
2011-09-13,93.21,143.37,174.40,199.48,224.55,260.26,305.74,363.55,437.08,0.20,0.00,0.04,Suporte Forte,0,0
2011-09-14,95.08,144.80,175.55,200.41,225.27,260.66,305.74,363.04,435.93,0.15,0.00,0.09,Suporte Forte,0,0
2011-09-15,96.01,145.51,176.13,200.88,225.62,260.86,305.74,362.79,435.35,0.15,0.00,0.09,Suporte Forte,0,0
2011-09-16,96.01,145.51,176.13,200.88,225.62,260.86,305.74,362.79,435.35,0.13,0.00,0.11,Suporte Forte,0,0
2011-09-19,96.01,145.51,176.13,200.88,225.62,260.86,305.74,362.79,435.35,0.17,0.00,0.07,Suporte Forte,0,0
2011-09-20,96.01,145.51,176.13,200.88,225.62,260.86,305.74,362.79,435.35,0.15,0.00,0.09,Suporte Forte,0,0
2011-09-21,96.01,145.51,176.13,200.88,225.62,260.86,305.74,362.79,435.35,0.18,0.00,0.06,Suporte Forte,0,0
2011-09-22,96.01,145.51,176.13,200.88,225.62,260.86,305.74,362.79,435.35,0.15,0.00,0.09,Suporte Forte,0,0
2011-09-23,96.01,145.51,176.13,200.88,225.62,260.86,305.74,362.79,435.35,0.15,0.00,0.09,Suporte Forte,0,0
2011-09-26,96.01,145.51,176.13,200.88,225.62,260.86,305.74,362.79,435.35,0.13,0.00,0.11,Suporte Forte,0,0
2011-09-27,96.01,145.51,176.13,200.88,225.62,260.86,305.74,362.79,435.35,0.23,0.00,0.01,Suporte Forte,0,0
2011-09-28,96.01,145.51,176.13,200.88,225.62,260.86,305.74,362.79,435.35,0.25,0.24,0.13,Suporte,0,0
2011-09-29,96.01,145.51,176.13,200.88,225.62,260.86,305.74,362.79,435.35,0.20,0.00,0.04,Suporte Forte,0,0
2011-09-30,96.01,145.51,176.13,200.88,225.62,260.86,305.74,362.79,435.35,0.20,0.00,0.04,Suporte Forte,0,0
2011-10-03,96.01,145.51,176.13,200.88,225.62,260.86,305.74,362.79,435.35,0.16,0.00,0.08,Suporte Forte,0,0
2011-10-04,100.67,149.07,179.01,203.20,227.40,261.86,305.74,361.52,432.47,0.11,0.00,0.13,Suporte Forte,0,0
2011-10-05,108.13,154.77,183.62,206.94,230.25,263.45,305.74,359.49,427.86,0.09,0.00,0.15,Suporte Forte,0,0
2011-10-06,116.52,149.52,169.93,186.43,202.93,226.42,256.34,294.37,342.75,0.09,0.00,0.15,Suporte Forte,0,0
2011-10-07,116.52,145.34,163.17,177.58,191.98,212.50,238.63,271.84,314.09,0.08,0.00,0.16,Suporte Forte,0,0
2011-10-10,116.52,145.34,163.17,177.58,191.98,212.50,238.63,271.84,314.09,0.10,0.00,0.14,Suporte Forte,0,0
2011-10-11,116.52,145.34,163.17,177.58,191.98,212.50,238.63,271.84,314.09,0.09,0.00,0.15,Suporte Forte,0,0
2011-10-12,116.52,145.34,163.17,177.58,191.98,212.50,238.63,271.84,314.09,0.04,0.00,0.20,Suporte Forte,0,0
2011-10-13,116.52,145.34,163.17,177.58,191.98,212.50,238.63,271.84,314.09,0.07,0.00,0.17,Suporte Forte,0,0
2011-10-14,116.52,145.34,163.17,177.58,191.98,212.50,238.63,271.84,314.09,0.06,0.00,0.18,Suporte Forte,0,0
2011-10-17,116.52,145.34,163.17,177.58,191.98,212.50,238.63,271.84,314.09,0.03,0.00,0.21,Suporte Forte,0,0
2011-10-18,116.52,145.34,163.17,177.58,191.98,212.50,238.63,271.84,314.09,0.03,0.00,0.21,Suporte Forte,0,0
2011-10-19,116.52,145.34,163.17,177.58,191.98,212.50,238.63,271.84,314.09,0.15,0.00,0.09,Suporte Forte,0,0
2011-10-20,116.52,145.34,163.17,177.58,191.98,212.50,238.63,271.84,314.09,0.07,0.00,0.17,Suporte Forte,0,0
2011-10-21,116.52,145.34,163.17,177.58,191.98,212.50,238.63,271.84,314.09,0.08,0.00,0.16,Suporte Forte,0,0
2011-10-24,116.52,145.34,163.17,177.58,191.98,212.50,238.63,271.84,314.09,0.05,0.00,0.19,Suporte Forte,0,0
2011-10-25,116.52,145.34,163.17,177.58,191.98,212.50,238.63,271.84,314.09,0.05,0.00,0.19,Suporte Forte,0,0
2011-10-26,116.52,134.56,145.72,154.73,163.75,176.59,192.95,213.74,240.18,0.07,0.00,0.17,Suporte Forte,0,0
2011-10-27,116.52,132.58,142.51,150.54,158.57,170.00,184.56,203.07,226.61,0.04,0.00,0.20,Suporte Forte,0,0
2011-10-28,116.52,132.58,142.51,150.54,158.57,170.00,184.56,203.07,226.61,0.10,0.00,0.14,Suporte Forte,0,0
2011-10-31,116.52,132.58,142.51,150.54,158.57,170.00,184.56,203.07,226.61,0.11,0.00,0.13,Suporte Forte,0,0
2011-11-01,116.52,132.58,142.51,150.54,158.57,170.00,184.56,203.07,226.61,0.07,0.00,0.17,Suporte Forte,0,0
2011-11-02,116.52,132.58,142.51,150.54,158.57,170.00,184.56,203.07,226.61,0.10,0.00,0.14,Suporte Forte,0,0
2011-11-03,116.52,132.58,142.51,150.54,158.57,170.00,184.56,203.07,226.61,0.07,0.00,0.17,Suporte Forte,0,0
2011-11-04,106.26,124.74,136.17,145.41,154.65,167.80,184.56,205.86,232.95,0.26,0.24,0.12,Suporte,0,0
2011-11-07,106.26,124.74,136.17,145.41,154.65,167.80,184.56,205.86,232.95,0.24,0.24,0.14,Suporte,0,0
2011-11-08,106.26,124.74,136.17,145.41,154.65,167.80,184.56,205.86,232.95,0.29,0.24,0.09,Suporte,0,0
2011-11-09,106.26,124.74,136.17,145.41,154.65,167.80,184.56,205.86,232.95,0.18,0.00,0.06,Suporte Forte,0,0
2011-11-10,106.26,124.74,136.17,145.41,154.65,167.80,184.56,205.86,232.95,0.18,0.00,0.06,Suporte Forte,0,0
2011-11-11,106.26,124.74,136.17,145.41,154.65,167.80,184.56,205.86,232.95,0.19,0.00,0.05,Suporte Forte,0,0
2011-11-14,106.26,124.74,136.17,145.41,154.65,167.80,184.56,205.86,232.95,0.14,0.00,0.10,Suporte Forte,0,0
2011-11-15,106.26,124.74,136.17,145.41,154.65,167.80,184.56,205.86,232.95,0.14,0.00,0.10,Suporte Forte,0,0
2011-11-16,106.26,124.74,136.17,145.41,154.65,167.80,184.56,205.86,232.95,0.14,0.00,0.10,Suporte Forte,0,0
2011-11-17,106.26,121.88,131.54,139.35,147.17,158.29,172.45,190.45,213.36,0.18,0.00,0.06,Suporte Forte,0,0
2011-11-18,106.26,121.88,131.54,139.35,147.17,158.29,172.45,190.45,213.36,0.08,0.00,0.16,Suporte Forte,0,0
2011-11-21,106.26,121.88,131.54,139.35,147.17,158.29,172.45,190.45,213.36,0.08,0.00,0.16,Suporte Forte,0,0
2011-11-22,106.26,121.88,131.54,139.35,147.17,158.29,172.45,190.45,213.36,0.14,0.00,0.10,Suporte Forte,0,0
2011-11-23,106.26,121.88,131.54,139.35,147.17,158.29,172.45,190.45,213.36,0.07,0.00,0.17,Suporte Forte,0,0
2011-11-25,106.26,121.88,131.54,139.35,147.17,158.29,172.45,190.45,213.36,0.11,0.00,0.13,Suporte Forte,0,0
2011-11-28,106.26,121.88,131.54,139.35,147.17,158.29,172.45,190.45,213.36,0.01,0.00,0.23,Suporte Forte,0,0
2011-11-29,90.42,109.78,121.76,131.44,141.11,154.90,172.45,194.76,223.14,0.02,0.00,0.22,Suporte Forte,0,0
2011-11-30,88.55,108.35,120.60,130.50,140.40,154.50,172.45,195.27,224.30,0.13,0.00,0.11,Suporte Forte,0,0
2011-12-01,88.55,108.35,120.60,130.50,140.40,154.50,172.45,195.27,224.30,0.07,0.00,0.17,Suporte Forte,0,0
2011-12-02,88.55,108.35,120.60,130.50,140.40,154.50,172.45,195.27,224.30,0.11,0.00,0.13,Suporte Forte,0,0
2011-12-05,88.55,108.35,120.60,130.50,140.40,154.50,172.45,195.27,224.30,0.09,0.00,0.15,Suporte Forte,0,0
2011-12-06,88.55,108.35,120.60,130.50,140.40,154.50,172.45,195.27,224.30,0.07,0.00,0.17,Suporte Forte,0,0
2011-12-07,88.55,108.35,120.60,130.50,140.40,154.50,172.45,195.27,224.30,0.22,0.00,0.02,Suporte Forte,0,0
2011-12-08,88.55,106.15,117.04,125.84,134.64,147.17,163.13,183.42,209.22,0.25,0.24,0.13,Suporte,0,0
2011-12-09,88.55,106.15,117.04,125.84,134.64,147.17,163.13,183.42,209.22,0.20,0.00,0.04,Suporte Forte,0,0
2011-12-12,88.55,106.15,117.04,125.84,134.64,147.17,163.13,183.42,209.22,0.15,0.00,0.09,Suporte Forte,0,0
2011-12-13,88.55,106.15,117.04,125.84,134.64,147.17,163.13,183.42,209.22,0.16,0.00,0.08,Suporte Forte,0,0
2011-12-14,88.55,106.15,117.04,125.84,134.64,147.17,163.13,183.42,209.22,0.24,0.24,0.14,Suporte,0,0
2011-12-15,88.55,106.15,117.04,125.84,134.64,147.17,163.13,183.42,209.22,0.20,0.00,0.04,Suporte Forte,0,0
2011-12-16,88.55,106.15,117.04,125.84,134.64,147.17,163.13,183.42,209.22,0.25,0.24,0.13,Suporte,0,0
2011-12-19,88.55,106.15,117.04,125.84,134.64,147.17,163.13,183.42,209.22,0.14,0.00,0.10,Suporte Forte,0,0
2011-12-20,88.55,106.15,117.04,125.84,134.64,147.17,163.13,183.42,209.22,0.29,0.24,0.09,Suporte,0,0
2011-12-21,88.55,106.15,117.04,125.84,134.64,147.17,163.13,183.42,209.22,0.33,0.24,0.05,Suporte,0,0
2011-12-22,88.55,106.15,117.04,125.84,134.64,147.17,163.13,183.42,209.22,0.24,0.24,0.14,Suporte,0,0
2011-12-23,88.55,106.15,117.04,125.84,134.64,147.17,163.13,183.42,209.22,0.22,0.00,0.02,Suporte Forte,0,0
2011-12-27,88.55,106.15,117.04,125.84,134.64,147.17,163.13,183.42,209.22,0.16,0.00,0.08,Suporte Forte,0,0
2011-12-28,88.55,106.15,117.04,125.84,134.64,147.17,163.13,183.42,209.22,0.10,0.00,0.14,Suporte Forte,0,0
2011-12-29,88.55,106.15,117.04,125.84,134.64,147.17,163.13,183.42,209.22,0.13,0.00,0.11,Suporte Forte,0,0
2011-12-30,88.55,106.15,117.04,125.84,134.64,147.17,163.13,183.42,209.22,0.11,0.00,0.13,Suporte Forte,0,0
2012-01-03,88.55,106.15,117.04,125.84,134.64,147.17,163.13,183.42,209.22,0.19,0.00,0.05,Suporte Forte,0,0
2012-01-04,88.55,106.15,117.04,125.84,134.64,147.17,163.13,183.42,209.22,0.16,0.00,0.08,Suporte Forte,0,0
2012-01-05,88.55,106.15,117.04,125.84,134.64,147.17,163.13,183.42,209.22,0.17,0.00,0.07,Suporte Forte,0,0
2012-01-06,88.55,106.15,117.04,125.84,134.64,147.17,163.13,183.42,209.22,0.17,0.00,0.07,Suporte Forte,0,0
2012-01-09,88.55,106.15,117.04,125.84,134.64,147.17,163.13,183.42,209.22,0.13,0.00,0.11,Suporte Forte,0,0
2012-01-10,88.55,105.93,116.68,125.37,134.06,146.43,162.19,182.22,207.70,0.08,0.00,0.16,Suporte Forte,0,0
2012-01-11,88.55,105.93,116.68,125.37,134.06,146.43,162.19,182.22,207.70,0.13,0.00,0.11,Suporte Forte,0,0
2012-01-12,85.76,103.80,114.96,123.98,132.99,145.83,162.19,182.98,209.42,0.09,0.00,0.15,Suporte Forte,0,0
2012-01-13,85.76,103.80,114.96,123.98,132.99,145.83,162.19,182.98,209.42,0.13,0.00,0.11,Suporte Forte,0,0
2012-01-17,85.76,103.80,114.96,123.98,132.99,145.83,162.19,182.98,209.42,0.13,0.00,0.11,Suporte Forte,0,0
2012-01-18,85.76,103.80,114.96,123.98,132.99,145.83,162.19,182.98,209.42,0.10,0.00,0.14,Suporte Forte,0,0
2012-01-19,85.76,103.80,114.96,123.98,132.99,145.83,162.19,182.98,209.42,0.10,0.00,0.14,Suporte Forte,0,0
2012-01-20,85.76,103.80,114.96,123.98,132.99,145.83,162.19,182.98,209.42,0.11,0.00,0.13,Suporte Forte,0,0
2012-01-23,85.76,103.80,114.96,123.98,132.99,145.83,162.19,182.98,209.42,0.15,0.00,0.09,Suporte Forte,0,0
2012-01-24,85.76,103.80,114.96,123.98,132.99,145.83,162.19,182.98,209.42,0.12,0.00,0.12,Suporte Forte,0,0
2012-01-25,85.76,103.80,114.96,123.98,132.99,145.83,162.19,182.98,209.42,0.10,0.00,0.14,Suporte Forte,0,0
2012-01-26,85.76,103.80,114.96,123.98,132.99,145.83,162.19,182.98,209.42,0.22,0.00,0.02,Suporte Forte,0,0
2012-01-27,85.76,103.80,114.96,123.98,132.99,145.83,162.19,182.98,209.42,0.28,0.24,0.10,Suporte,0,0
2012-01-30,85.76,103.80,114.96,123.98,132.99,145.83,162.19,182.98,209.42,0.24,0.24,0.14,Suporte,0,0
2012-01-31,85.76,103.80,114.96,123.98,132.99,145.83,162.19,182.98,209.42,0.13,0.00,0.11,Suporte Forte,0,0
2012-02-01,85.76,103.80,114.96,123.98,132.99,145.83,162.19,182.98,209.42,0.13,0.00,0.11,Suporte Forte,0,0
2012-02-02,85.76,103.80,114.96,123.98,132.99,145.83,162.19,182.98,209.42,0.16,0.00,0.08,Suporte Forte,0,0
2012-02-03,85.76,103.80,114.96,123.98,132.99,145.83,162.19,182.98,209.42,0.16,0.00,0.08,Suporte Forte,0,0
2012-02-06,85.76,103.80,114.96,123.98,132.99,145.83,162.19,182.98,209.42,0.18,0.00,0.06,Suporte Forte,0,0
2012-02-07,85.76,103.80,114.96,123.98,132.99,145.83,162.19,182.98,209.42,0.22,0.00,0.02,Suporte Forte,0,0
2012-02-08,85.76,103.80,114.96,123.98,132.99,145.83,162.19,182.98,209.42,0.21,0.00,0.03,Suporte Forte,0,0
2012-02-09,85.76,103.80,114.96,123.98,132.99,145.83,162.19,182.98,209.42,0.13,0.00,0.11,Suporte Forte,0,0
2012-02-10,85.76,103.80,114.96,123.98,132.99,145.83,162.19,182.98,209.42,0.07,0.00,0.17,Suporte Forte,0,0
2012-02-13,85.76,103.80,114.96,123.98,132.99,145.83,162.19,182.98,209.42,0.06,0.00,0.18,Suporte Forte,0,0
2012-02-14,81.10,100.24,112.08,121.64,131.21,144.84,162.19,184.25,212.30,0.02,0.00,0.22,Suporte Forte,0,0
2012-02-15,81.10,100.24,112.08,121.64,131.21,144.84,162.19,184.25,212.30,0.03,0.00,0.21,Suporte Forte,0,0
2012-02-16,81.10,100.24,112.08,121.64,131.21,144.84,162.19,184.25,212.30,0.07,0.00,0.17,Suporte Forte,0,0
2012-02-17,81.10,100.24,112.08,121.64,131.21,144.84,162.19,184.25,212.30,0.06,0.00,0.18,Suporte Forte,0,0
2012-02-21,81.10,100.24,112.08,121.64,131.21,144.84,162.19,184.25,212.30,0.03,0.00,0.21,Suporte Forte,0,0
2012-02-22,81.10,100.24,112.08,121.64,131.21,144.84,162.19,184.25,212.30,0.03,0.00,0.21,Suporte Forte,0,0
2012-02-23,81.10,100.24,112.08,121.64,131.21,144.84,162.19,184.25,212.30,0.03,0.00,0.21,Suporte Forte,0,0
2012-02-24,81.10,100.24,112.08,121.64,131.21,144.84,162.19,184.25,212.30,0.05,0.00,0.19,Suporte Forte,0,0
2012-02-27,81.10,100.24,112.08,121.64,131.21,144.84,162.19,184.25,212.30,0.02,0.00,0.22,Suporte Forte,0,0
2012-02-28,81.10,100.24,112.08,121.64,131.21,144.84,162.19,184.25,212.30,0.02,0.00,0.22,Suporte Forte,0,0
2012-02-29,80.16,99.52,111.50,121.18,130.85,144.64,162.19,184.50,212.88,0.00,0.00,0.24,Suporte Forte,0,0
2012-03-01,79.23,98.81,110.92,120.71,130.50,144.44,162.19,184.76,213.46,0.08,0.00,0.16,Suporte Forte,0,0
2012-03-02,79.23,98.81,110.92,120.71,130.50,144.44,162.19,184.76,213.46,0.00,0.00,0.24,Suporte Forte,0,0
2012-03-05,79.23,88.69,94.54,99.27,104.00,110.73,119.31,130.21,144.08,0.00,0.00,0.24,Suporte Forte,0,0
2012-03-06,79.23,88.69,94.54,99.27,104.00,110.73,119.31,130.21,144.08,0.21,0.00,0.03,Suporte Forte,0,0
2012-03-07,79.23,88.69,94.54,99.27,104.00,110.73,119.31,130.21,144.08,0.09,0.00,0.15,Suporte Forte,0,0
2012-03-08,79.23,88.69,94.54,99.27,104.00,110.73,119.31,130.21,144.08,0.07,0.00,0.17,Suporte Forte,0,0
2012-03-09,75.50,85.84,92.24,97.40,102.57,109.93,119.31,131.23,146.38,0.11,0.00,0.13,Suporte Forte,0,0
2012-03-12,66.18,78.72,86.48,92.74,99.01,107.94,119.31,133.76,152.14,0.05,0.00,0.19,Suporte Forte,0,0
2012-03-13,66.18,78.72,86.48,92.74,99.01,107.94,119.31,133.76,152.14,0.07,0.00,0.17,Suporte Forte,0,0
2012-03-14,66.18,78.72,86.48,92.74,99.01,107.94,119.31,133.76,152.14,0.07,0.00,0.17,Suporte Forte,0,0
2012-03-15,65.25,78.01,85.90,92.28,98.66,107.74,119.31,134.01,152.72,0.03,0.00,0.21,Suporte Forte,0,0
2012-03-16,61.52,75.16,83.60,90.42,97.23,106.94,119.31,135.03,155.02,0.03,0.00,0.21,Suporte Forte,0,0
2012-03-19,61.52,75.16,83.60,90.42,97.23,106.94,119.31,135.03,155.02,0.05,0.00,0.19,Suporte Forte,0,0
2012-03-20,61.52,75.16,83.60,90.42,97.23,106.94,119.31,135.03,155.02,0.16,0.00,0.08,Suporte Forte,0,0
2012-03-21,61.52,75.16,83.60,90.42,97.23,106.94,119.31,135.03,155.02,0.13,0.00,0.11,Suporte Forte,0,0
2012-03-22,61.52,75.16,83.60,90.42,97.23,106.94,119.31,135.03,155.02,0.10,0.00,0.14,Suporte Forte,0,0
2012-03-23,61.52,75.16,83.60,90.42,97.23,106.94,119.31,135.03,155.02,0.06,0.00,0.18,Suporte Forte,0,0
2012-03-26,61.52,75.16,83.60,90.42,97.23,106.94,119.31,135.03,155.02,0.10,0.00,0.14,Suporte Forte,0,0
2012-03-27,61.52,75.16,83.60,90.42,97.23,106.94,119.31,135.03,155.02,0.15,0.00,0.09,Suporte Forte,0,0
2012-03-28,61.52,75.16,83.60,90.42,97.23,106.94,119.31,135.03,155.02,0.06,0.00,0.18,Suporte Forte,0,0
2012-03-29,61.52,75.16,83.60,90.42,97.23,106.94,119.31,135.03,155.02,0.16,0.00,0.08,Suporte Forte,0,0
2012-03-30,61.52,75.16,83.60,90.42,97.23,106.94,119.31,135.03,155.02,0.16,0.00,0.08,Suporte Forte,0,0
2012-04-02,61.52,75.16,83.60,90.42,97.23,106.94,119.31,135.03,155.02,0.16,0.00,0.08,Suporte Forte,0,0
2012-04-03,61.52,75.16,83.60,90.42,97.23,106.94,119.31,135.03,155.02,0.27,0.24,0.11,Suporte,0,0
2012-04-04,61.52,75.16,83.60,90.42,97.23,106.94,119.31,135.03,155.02,0.35,0.24,0.03,Suporte,0,0
2012-04-05,61.52,75.16,83.60,90.42,97.23,106.94,119.31,135.03,155.02,0.45,0.38,0.05,Zona de Consolidação,0,0
2012-04-09,61.52,73.62,81.11,87.16,93.20,101.82,112.79,126.74,144.47,0.35,0.24,0.03,Suporte,0,0
2012-04-10,61.52,73.62,81.11,87.16,93.20,101.82,112.79,126.74,144.47,0.25,0.24,0.13,Suporte,0,0
2012-04-11,61.52,73.62,81.11,87.16,93.20,101.82,112.79,126.74,144.47,0.31,0.24,0.07,Suporte,0,0
2012-04-12,61.52,73.62,81.11,87.16,93.20,101.82,112.79,126.74,144.47,0.31,0.24,0.07,Suporte,0,0
2012-04-13,61.52,73.62,81.11,87.16,93.20,101.82,112.79,126.74,144.47,0.25,0.24,0.13,Suporte,0,0
2012-04-16,61.52,73.62,81.11,87.16,93.20,101.82,112.79,126.74,144.47,0.15,0.00,0.09,Suporte Forte,0,0
2012-04-17,61.52,73.62,81.11,87.16,93.20,101.82,112.79,126.74,144.47,0.09,0.00,0.15,Suporte Forte,0,0
2012-04-18,61.52,73.62,81.11,87.16,93.20,101.82,112.79,126.74,144.47,0.07,0.00,0.17,Suporte Forte,0,0
2012-04-19,61.52,72.74,79.68,85.29,90.90,98.89,109.06,121.99,138.44,0.16,0.00,0.08,Suporte Forte,0,0
2012-04-20,61.52,71.86,78.26,83.42,88.59,95.95,105.33,117.25,132.40,0.13,0.00,0.11,Suporte Forte,0,0
2012-04-23,61.52,71.86,78.26,83.42,88.59,95.95,105.33,117.25,132.40,0.04,0.00,0.20,Suporte Forte,0,0
2012-04-24,59.66,70.44,77.11,82.50,87.88,95.56,105.33,117.75,133.55,0.04,0.00,0.20,Suporte Forte,0,0
2012-04-25,56.86,68.30,75.38,81.10,86.81,94.96,105.33,118.51,135.28,0.04,0.00,0.20,Suporte Forte,0,0
2012-04-26,55.93,67.59,74.80,80.63,86.46,94.76,105.33,118.77,135.86,0.04,0.00,0.20,Suporte Forte,0,0
2012-04-27,52.20,64.74,72.50,78.76,85.03,93.96,105.33,119.78,138.16,0.07,0.00,0.17,Suporte Forte,0,0
2012-04-30,52.20,64.74,72.50,78.76,85.03,93.96,105.33,119.78,138.16,0.09,0.00,0.15,Suporte Forte,0,0
2012-05-01,52.20,64.74,72.50,78.76,85.03,93.96,105.33,119.78,138.16,0.07,0.00,0.17,Suporte Forte,0,0
2012-05-02,52.20,64.74,72.50,78.76,85.03,93.96,105.33,119.78,138.16,0.04,0.00,0.20,Suporte Forte,0,0
2012-05-03,52.20,64.74,72.50,78.76,85.03,93.96,105.33,119.78,138.16,0.12,0.00,0.12,Suporte Forte,0,0
2012-05-04,52.20,64.74,72.50,78.76,85.03,93.96,105.33,119.78,138.16,0.21,0.00,0.03,Suporte Forte,0,0
2012-05-07,52.20,64.74,72.50,78.76,85.03,93.96,105.33,119.78,138.16,0.18,0.00,0.06,Suporte Forte,0,0
2012-05-08,52.20,64.74,72.50,78.76,85.03,93.96,105.33,119.78,138.16,0.16,0.00,0.08,Suporte Forte,0,0
2012-05-09,52.20,64.74,72.50,78.76,85.03,93.96,105.33,119.78,138.16,0.12,0.00,0.12,Suporte Forte,0,0
2012-05-10,52.20,64.74,72.50,78.76,85.03,93.96,105.33,119.78,138.16,0.12,0.00,0.12,Suporte Forte,0,0
2012-05-11,52.20,64.74,72.50,78.76,85.03,93.96,105.33,119.78,138.16,0.11,0.00,0.13,Suporte Forte,0,0
2012-05-14,52.20,64.74,72.50,78.76,85.03,93.96,105.33,119.78,138.16,0.11,0.00,0.13,Suporte Forte,0,0
2012-05-15,52.20,64.74,72.50,78.76,85.03,93.96,105.33,119.78,138.16,0.16,0.00,0.08,Suporte Forte,0,0
2012-05-16,52.20,64.74,72.50,78.76,85.03,93.96,105.33,119.78,138.16,0.09,0.00,0.15,Suporte Forte,0,0
2012-05-17,52.20,64.74,72.50,78.76,85.03,93.96,105.33,119.78,138.16,0.05,0.00,0.19,Suporte Forte,0,0
2012-05-18,51.27,63.59,71.21,77.37,83.53,92.30,103.47,117.67,135.73,0.07,0.00,0.17,Suporte Forte,0,0
2012-05-21,51.27,63.59,71.21,77.37,83.53,92.30,103.47,117.67,135.73,0.20,0.00,0.04,Suporte Forte,0,0
2012-05-22,51.27,63.59,71.21,77.37,83.53,92.30,103.47,117.67,135.73,0.09,0.00,0.15,Suporte Forte,0,0
2012-05-23,51.27,63.59,71.21,77.37,83.53,92.30,103.47,117.67,135.73,0.09,0.00,0.15,Suporte Forte,0,0
2012-05-24,50.34,62.88,70.64,76.90,83.17,92.10,103.47,117.92,136.30,0.21,0.00,0.03,Suporte Forte,0,0
2012-05-25,50.34,62.88,70.64,76.90,83.17,92.10,103.47,117.92,136.30,0.14,0.00,0.10,Suporte Forte,0,0
2012-05-29,50.34,62.88,70.64,76.90,83.17,92.10,103.47,117.92,136.30,0.21,0.00,0.03,Suporte Forte,0,0
2012-05-30,50.34,62.88,70.64,76.90,83.17,92.10,103.47,117.92,136.30,0.19,0.00,0.05,Suporte Forte,0,0
2012-05-31,50.34,62.88,70.64,76.90,83.17,92.10,103.47,117.92,136.30,0.12,0.00,0.12,Suporte Forte,0,0
2012-06-01,50.34,62.88,70.64,76.90,83.17,92.10,103.47,117.92,136.30,0.12,0.00,0.12,Suporte Forte,0,0
2012-06-04,47.54,60.74,68.91,75.50,82.10,91.50,103.47,118.68,138.03,0.03,0.00,0.21,Suporte Forte,0,0
2012-06-05,47.54,60.74,68.91,75.50,82.10,91.50,103.47,118.68,138.03,0.20,0.00,0.04,Suporte Forte,0,0
2012-06-06,45.68,59.32,67.76,74.58,81.39,91.10,103.47,119.19,139.18,0.05,0.00,0.19,Suporte Forte,0,0
2012-06-07,45.68,59.32,67.76,74.58,81.39,91.10,103.47,119.19,139.18,0.13,0.00,0.11,Suporte Forte,0,0
2012-06-08,45.68,59.32,67.76,74.58,81.39,91.10,103.47,119.19,139.18,0.08,0.00,0.16,Suporte Forte,0,0
2012-06-11,45.68,59.32,67.76,74.58,81.39,91.10,103.47,119.19,139.18,0.05,0.00,0.19,Suporte Forte,0,0
2012-06-12,45.68,59.32,67.76,74.58,81.39,91.10,103.47,119.19,139.18,0.02,0.00,0.22,Suporte Forte,0,0
2012-06-13,45.67,59.31,67.75,74.57,81.39,91.10,103.47,119.19,139.19,0.02,0.00,0.22,Suporte Forte,0,0
2012-06-14,44.74,58.60,67.17,74.10,81.04,90.90,103.47,119.44,139.77,0.05,0.00,0.19,Suporte Forte,0,0
2012-06-15,44.74,58.60,67.17,74.10,81.04,90.90,103.47,119.44,139.77,0.00,0.00,0.24,Suporte Forte,0,0
2012-06-18,44.74,58.60,67.17,74.10,81.04,90.90,103.47,119.44,139.77,0.00,0.00,0.24,Suporte Forte,0,0
2012-06-19,44.74,58.60,67.17,74.10,81.04,90.90,103.47,119.44,139.77,0.03,0.00,0.21,Suporte Forte,0,0
2012-06-20,44.74,53.76,59.34,63.85,68.36,74.78,82.96,93.36,106.58,0.00,0.00,0.24,Suporte Forte,0,0
2012-06-21,41.01,50.69,56.68,61.52,66.36,73.25,82.03,93.19,107.38,0.14,0.00,0.10,Suporte Forte,0,0
2012-06-22,41.01,49.81,55.25,59.66,64.06,70.32,78.30,88.44,101.35,0.12,0.00,0.12,Suporte Forte,0,0
2012-06-25,41.01,49.37,54.54,58.72,62.91,68.86,76.44,86.08,98.34,0.18,0.00,0.06,Suporte Forte,0,0
2012-06-26,41.01,48.71,53.47,57.32,61.18,66.66,73.64,82.52,93.81,0.09,0.00,0.15,Suporte Forte,0,0
2012-06-27,41.01,48.71,53.47,57.32,61.18,66.66,73.64,82.52,93.81,0.14,0.00,0.10,Suporte Forte,0,0
2012-06-28,40.08,48.00,52.90,56.86,60.82,66.46,73.64,82.77,94.38,0.06,0.00,0.18,Suporte Forte,0,0
2012-06-29,38.22,46.58,51.75,55.93,60.11,66.06,73.64,83.27,95.53,0.03,0.00,0.21,Suporte Forte,0,0
2012-07-02,36.35,45.15,50.59,55.00,59.40,65.66,73.64,83.78,96.69,0.00,0.00,0.24,Suporte Forte,0,0
2012-07-03,36.35,45.15,50.59,55.00,59.40,65.66,73.64,83.78,96.69,0.03,0.00,0.21,Suporte Forte,0,0
2012-07-05,36.35,45.15,50.59,55.00,59.40,65.66,73.64,83.78,96.69,0.20,0.00,0.04,Suporte Forte,0,0
2012-07-06,36.35,44.05,48.81,52.67,56.52,62.00,68.98,77.86,89.15,0.23,0.00,0.01,Suporte Forte,0,0
2012-07-09,36.35,44.05,48.81,52.67,56.52,62.00,68.98,77.86,89.15,0.23,0.00,0.01,Suporte Forte,0,0
2012-07-10,36.35,44.05,48.81,52.67,56.52,62.00,68.98,77.86,89.15,0.17,0.00,0.07,Suporte Forte,0,0
2012-07-11,36.35,44.05,48.81,52.67,56.52,62.00,68.98,77.86,89.15,0.31,0.24,0.07,Suporte,0,0
2012-07-12,36.35,44.05,48.81,52.67,56.52,62.00,68.98,77.86,89.15,0.17,0.00,0.07,Suporte Forte,0,0
2012-07-13,36.35,44.05,48.81,52.67,56.52,62.00,68.98,77.86,89.15,0.20,0.00,0.04,Suporte Forte,0,0
2012-07-16,36.35,44.05,48.81,52.67,56.52,62.00,68.98,77.86,89.15,0.23,0.00,0.01,Suporte Forte,0,0
2012-07-17,36.35,44.05,48.81,52.67,56.52,62.00,68.98,77.86,89.15,0.23,0.00,0.01,Suporte Forte,0,0
2012-07-18,36.35,44.05,48.81,52.67,56.52,62.00,68.98,77.86,89.15,0.06,0.00,0.18,Suporte Forte,0,0
2012-07-19,36.35,44.05,48.81,52.67,56.52,62.00,68.98,77.86,89.15,0.11,0.00,0.13,Suporte Forte,0,0
2012-07-20,36.35,44.05,48.81,52.67,56.52,62.00,68.98,77.86,89.15,0.14,0.00,0.10,Suporte Forte,0,0
2012-07-23,36.35,44.05,48.81,52.67,56.52,62.00,68.98,77.86,89.15,0.09,0.00,0.15,Suporte Forte,0,0
2012-07-24,36.35,44.05,48.81,52.67,56.52,62.00,68.98,77.86,89.15,0.11,0.00,0.13,Suporte Forte,0,0
2012-07-25,36.35,44.05,48.81,52.67,56.52,62.00,68.98,77.86,89.15,0.11,0.00,0.13,Suporte Forte,0,0
2012-07-26,36.35,43.39,47.75,51.26,54.78,59.80,66.18,74.29,84.61,0.19,0.00,0.05,Suporte Forte,0,0
2012-07-27,36.35,43.39,47.75,51.26,54.78,59.80,66.18,74.29,84.61,0.28,0.24,0.10,Suporte,0,0
2012-07-30,36.35,43.39,47.75,51.26,54.78,59.80,66.18,74.29,84.61,0.06,0.00,0.18,Suporte Forte,0,0
2012-07-31,36.35,43.39,47.75,51.26,54.78,59.80,66.18,74.29,84.61,0.25,0.24,0.13,Suporte,0,0
2012-08-01,36.35,42.73,46.68,49.87,53.06,57.60,63.39,70.74,80.10,0.28,0.24,0.10,Suporte,0,0
2012-08-02,36.35,42.29,45.96,48.94,51.91,56.13,61.52,68.37,77.08,0.30,0.24,0.08,Suporte,0,0
2012-08-03,36.35,42.29,45.96,48.94,51.91,56.13,61.52,68.37,77.08,0.11,0.00,0.13,Suporte Forte,0,0
2012-08-06,36.35,42.29,45.96,48.94,51.91,56.13,61.52,68.37,77.08,0.11,0.00,0.13,Suporte Forte,0,0
2012-08-07,36.35,42.29,45.96,48.94,51.91,56.13,61.52,68.37,77.08,0.26,0.24,0.12,Suporte,0,0
2012-08-08,36.35,42.07,45.61,48.47,51.33,55.40,60.59,67.18,75.57,0.23,0.00,0.01,Suporte Forte,0,0
2012-08-09,36.35,42.07,45.61,48.47,51.33,55.40,60.59,67.18,75.57,0.15,0.00,0.09,Suporte Forte,0,0
2012-08-10,36.35,42.07,45.61,48.47,51.33,55.40,60.59,67.18,75.57,0.23,0.00,0.01,Suporte Forte,0,0
2012-08-13,36.35,42.07,45.61,48.47,51.33,55.40,60.59,67.18,75.57,0.23,0.00,0.01,Suporte Forte,0,0
2012-08-14,36.35,42.07,45.61,48.47,51.33,55.40,60.59,67.18,75.57,0.08,0.00,0.16,Suporte Forte,0,0
2012-08-15,36.35,42.07,45.61,48.47,51.33,55.40,60.59,67.18,75.57,0.04,0.00,0.20,Suporte Forte,0,0
2012-08-16,36.35,41.41,44.54,47.07,49.60,53.20,57.79,63.62,71.04,0.04,0.00,0.20,Suporte Forte,0,0
2012-08-17,36.35,40.53,43.12,45.20,47.29,50.27,54.06,58.88,65.00,0.05,0.00,0.19,Suporte Forte,0,0
2012-08-20,36.35,39.87,42.05,43.81,45.57,48.08,51.27,55.33,60.49,0.19,0.00,0.05,Suporte Forte,0,0
2012-08-21,36.35,39.87,42.05,43.81,45.57,48.08,51.27,55.33,60.49,0.06,0.00,0.18,Suporte Forte,0,0
2012-08-22,36.35,39.43,41.34,42.88,44.41,46.61,49.40,52.95,57.46,0.14,0.00,0.10,Suporte Forte,0,0
2012-08-23,36.35,39.43,41.34,42.88,44.41,46.61,49.40,52.95,57.46,0.07,0.00,0.17,Suporte Forte,0,0
2012-08-24,36.35,39.43,41.34,42.88,44.41,46.61,49.40,52.95,57.46,0.00,0.00,0.24,Suporte Forte,0,0
2012-08-27,30.76,35.16,37.88,40.08,42.28,45.41,49.40,54.47,60.92,0.30,0.24,0.08,Suporte,0,0
2012-08-28,30.76,35.16,37.88,40.08,42.28,45.41,49.40,54.47,60.92,0.15,0.00,0.09,Suporte Forte,0,0
2012-08-29,30.76,35.16,37.88,40.08,42.28,45.41,49.40,54.47,60.92,0.55,0.50,0.07,Zona de Consolidação,0,0
2012-08-30,30.76,35.16,37.88,40.08,42.28,45.41,49.40,54.47,60.92,0.20,0.00,0.04,Suporte Forte,0,0
2012-08-31,30.76,35.16,37.88,40.08,42.28,45.41,49.40,54.47,60.92,0.25,0.24,0.13,Suporte,0,0
2012-09-04,30.76,35.16,37.88,40.08,42.28,45.41,49.40,54.47,60.92,0.40,0.38,0.10,Zona de Consolidação,1,0
2012-09-05,30.76,35.16,37.88,40.08,42.28,45.41,49.40,54.47,60.92,0.55,0.50,0.07,Zona de Consolidação,0,0
2012-09-06,30.76,35.16,37.88,40.08,42.28,45.41,49.40,54.47,60.92,0.30,0.24,0.08,Suporte,0,0
2012-09-07,30.76,35.16,37.88,40.08,42.28,45.41,49.40,54.47,60.92,0.20,0.00,0.04,Suporte Forte,0,0
2012-09-10,30.76,35.16,37.88,40.08,42.28,45.41,49.40,54.47,60.92,0.20,0.00,0.04,Suporte Forte,0,0
2012-09-11,30.76,35.16,37.88,40.08,42.28,45.41,49.40,54.47,60.92,0.15,0.00,0.09,Suporte Forte,0,0
2012-09-12,30.76,35.16,37.88,40.08,42.28,45.41,49.40,54.47,60.92,0.25,0.24,0.13,Suporte,0,0
2012-09-13,30.76,35.16,37.88,40.08,42.28,45.41,49.40,54.47,60.92,0.25,0.24,0.13,Suporte,0,0
2012-09-14,30.76,35.16,37.88,40.08,42.28,45.41,49.40,54.47,60.92,0.30,0.24,0.08,Suporte,0,0
2012-09-17,30.76,35.16,37.88,40.08,42.28,45.41,49.40,54.47,60.92,0.20,0.00,0.04,Suporte Forte,0,0
2012-09-18,30.76,35.16,37.88,40.08,42.28,45.41,49.40,54.47,60.92,0.25,0.24,0.13,Suporte,0,0
2012-09-19,30.76,35.16,37.88,40.08,42.28,45.41,49.40,54.47,60.92,0.70,0.62,0.09,Resistência,0,0
2012-09-20,30.76,36.48,40.02,42.88,45.74,49.81,55.00,61.59,69.98,0.77,0.62,0.02,Resistência,0,1
2012-09-21,30.76,41.10,47.50,52.66,57.83,65.19,74.57,86.49,101.64,0.81,0.79,0.19,Resistência Forte,0,0
2012-09-24,30.76,41.10,47.50,52.66,57.83,65.19,74.57,86.49,101.64,0.55,0.50,0.07,Zona de Consolidação,0,0
2012-09-25,30.76,41.10,47.50,52.66,57.83,65.19,74.57,86.49,101.64,0.40,0.38,0.10,Zona de Consolidação,0,0
2012-09-26,30.76,41.10,47.50,52.66,57.83,65.19,74.57,86.49,101.64,0.49,0.38,0.01,Zona de Consolidação,0,0
2012-09-27,30.76,41.10,47.50,52.66,57.83,65.19,74.57,86.49,101.64,0.53,0.50,0.09,Zona de Consolidação,0,0
2012-09-28,30.76,41.10,47.50,52.66,57.83,65.19,74.57,86.49,101.64,0.28,0.24,0.10,Suporte,0,0
2012-10-01,30.76,41.10,47.50,52.66,57.83,65.19,74.57,86.49,101.64,0.19,0.00,0.05,Suporte Forte,0,0
2012-10-02,30.76,41.10,47.50,52.66,57.83,65.19,74.57,86.49,101.64,0.32,0.24,0.06,Suporte,0,0
2012-10-03,30.76,41.10,47.50,52.66,57.83,65.19,74.57,86.49,101.64,0.45,0.38,0.05,Zona de Consolidação,0,0
2012-10-04,30.76,41.10,47.50,52.66,57.83,65.19,74.57,86.49,101.64,0.28,0.24,0.10,Suporte,0,0
2012-10-05,30.76,41.10,47.50,52.66,57.83,65.19,74.57,86.49,101.64,0.34,0.24,0.04,Suporte,0,0
2012-10-08,30.76,41.10,47.50,52.66,57.83,65.19,74.57,86.49,101.64,0.34,0.24,0.04,Suporte,0,0
2012-10-09,30.76,41.10,47.50,52.66,57.83,65.19,74.57,86.49,101.64,0.36,0.24,0.02,Suporte,0,0
2012-10-10,30.76,41.10,47.50,52.66,57.83,65.19,74.57,86.49,101.64,0.36,0.24,0.02,Suporte,0,0
2012-10-11,30.76,41.10,47.50,52.66,57.83,65.19,74.57,86.49,101.64,0.36,0.24,0.02,Suporte,0,0
2012-10-12,30.76,41.10,47.50,52.66,57.83,65.19,74.57,86.49,101.64,0.36,0.24,0.02,Suporte,0,0
2012-10-15,30.76,41.10,47.50,52.66,57.83,65.19,74.57,86.49,101.64,0.32,0.24,0.06,Suporte,0,0
2012-10-16,30.76,41.10,47.50,52.66,57.83,65.19,74.57,86.49,101.64,0.38,0.24,0.00,Suporte,1,0
2012-10-17,30.76,41.10,47.50,52.66,57.83,65.19,74.57,86.49,101.64,0.28,0.24,0.10,Suporte,0,0
2012-10-18,30.76,41.10,47.50,52.66,57.83,65.19,74.57,86.49,101.64,0.26,0.24,0.12,Suporte,0,0
2012-10-19,30.76,41.10,47.50,52.66,57.83,65.19,74.57,86.49,101.64,0.23,0.00,0.01,Suporte Forte,0,0
2012-10-22,30.76,41.10,47.50,52.66,57.83,65.19,74.57,86.49,101.64,0.26,0.24,0.12,Suporte,0,0
2012-10-23,30.76,41.10,47.50,52.66,57.83,65.19,74.57,86.49,101.64,0.19,0.00,0.05,Suporte Forte,0,0
2012-10-24,30.76,41.10,47.50,52.66,57.83,65.19,74.57,86.49,101.64,0.09,0.00,0.15,Suporte Forte,0,0
2012-10-25,30.76,41.10,47.50,52.66,57.83,65.19,74.57,86.49,101.64,0.17,0.00,0.07,Suporte Forte,0,0
2012-10-26,30.76,41.10,47.50,52.66,57.83,65.19,74.57,86.49,101.64,0.17,0.00,0.07,Suporte Forte,0,0
2012-10-31,30.76,41.10,47.50,52.66,57.83,65.19,74.57,86.49,101.64,0.19,0.00,0.05,Suporte Forte,0,0
2012-11-01,30.76,41.10,47.50,52.66,57.83,65.19,74.57,86.49,101.64,0.13,0.00,0.11,Suporte Forte,0,0
2012-11-02,30.76,41.10,47.50,52.66,57.83,65.19,74.57,86.49,101.64,0.13,0.00,0.11,Suporte Forte,0,0
2012-11-05,30.76,41.76,48.57,54.06,59.56,67.40,77.37,90.05,106.17,0.74,0.62,0.05,Resistência,0,0
2012-11-06,30.76,49.90,61.74,71.31,80.88,94.50,111.86,133.92,161.98,0.92,0.79,0.08,Resistência Forte,0,0
2012-11-07,30.76,51.66,64.59,75.04,85.48,100.36,119.31,143.40,174.03,0.94,0.79,0.06,Resistência Forte,0,0
2012-11-08,32.63,55.95,70.37,82.03,93.69,110.29,131.43,158.30,192.49,0.84,0.79,0.16,Resistência Forte,0,0
2012-11-09,32.63,55.95,70.37,82.03,93.69,110.29,131.43,158.30,192.49,0.78,0.62,0.01,Resistência,0,1
2012-11-12,32.63,55.95,70.37,82.03,93.69,110.29,131.43,158.30,192.49,0.80,0.79,0.20,Resistência Forte,0,0
2012-11-13,32.63,55.95,70.37,82.03,93.69,110.29,131.43,158.30,192.49,0.81,0.79,0.19,Resistência Forte,0,0
2012-11-14,32.63,61.89,79.99,94.62,109.24,130.07,156.60,190.32,233.21,0.92,0.79,0.08,Resistência Forte,0,0
2012-11-15,32.63,66.73,87.82,104.87,121.92,146.19,177.11,216.41,266.40,0.75,0.62,0.04,Resistência,0,0
2012-11-16,32.63,66.73,87.82,104.87,121.92,146.19,177.11,216.41,266.40,0.69,0.62,0.10,Resistência,0,0
2012-11-19,32.63,66.73,87.82,104.87,121.92,146.19,177.11,216.41,266.40,0.71,0.62,0.08,Resistência,0,0
2012-11-20,32.63,66.73,87.82,104.87,121.92,146.19,177.11,216.41,266.40,0.74,0.62,0.05,Resistência,0,0
2012-11-21,32.63,67.17,88.53,105.80,123.07,147.65,178.97,218.77,269.41,0.76,0.62,0.03,Resistência,0,0
2012-11-23,32.63,67.17,88.53,105.80,123.07,147.65,178.97,218.77,269.41,0.75,0.62,0.04,Resistência,0,0
2012-11-26,32.63,67.17,88.53,105.80,123.07,147.65,178.97,218.77,269.41,0.67,0.62,0.12,Resistência,0,0
2012-11-27,32.63,67.17,88.53,105.80,123.07,147.65,178.97,218.77,269.41,0.71,0.62,0.08,Resistência,0,0
2012-11-28,32.63,67.17,88.53,105.80,123.07,147.65,178.97,218.77,269.41,0.81,0.79,0.19,Resistência Forte,0,0
2012-11-29,32.63,67.17,88.53,105.80,123.07,147.65,178.97,218.77,269.41,0.80,0.79,0.20,Resistência Forte,0,0
2012-11-30,32.63,67.17,88.53,105.80,123.07,147.65,178.97,218.77,269.41,0.81,0.79,0.19,Resistência Forte,0,0
2012-12-03,32.63,67.17,88.53,105.80,123.07,147.65,178.97,218.77,269.41,0.94,0.79,0.06,Resistência Forte,0,0
2012-12-04,32.63,67.17,88.53,105.80,123.07,147.65,178.97,218.77,269.41,0.90,0.79,0.10,Resistência Forte,0,0
2012-12-05,32.63,67.17,88.53,105.80,123.07,147.65,178.97,218.77,269.41,0.89,0.79,0.11,Resistência Forte,0,0
2012-12-06,32.63,70.69,94.23,113.26,132.29,159.38,193.89,237.75,293.55,0.95,0.79,0.05,Resistência Forte,0,0
2012-12-07,32.63,70.69,94.23,113.26,132.29,159.38,193.89,237.75,293.55,0.97,0.79,0.03,Resistência Forte,0,0
2012-12-10,32.63,73.33,98.50,118.85,139.20,168.17,205.07,251.97,311.64,0.97,0.79,0.03,Resistência Forte,0,0
2012-12-11,32.63,73.33,98.50,118.85,139.20,168.17,205.07,251.97,311.64,0.92,0.79,0.08,Resistência Forte,0,0
2012-12-12,32.63,73.33,98.50,118.85,139.20,168.17,205.07,251.97,311.64,0.81,0.79,0.19,Resistência Forte,0,0
2012-12-13,32.63,73.33,98.50,118.85,139.20,168.17,205.07,251.97,311.64,0.68,0.62,0.11,Resistência,0,0
2012-12-14,32.63,73.33,98.50,118.85,139.20,168.17,205.07,251.97,311.64,0.51,0.50,0.11,Zona de Consolidação,0,0
2012-12-17,32.63,73.33,98.50,118.85,139.20,168.17,205.07,251.97,311.64,0.48,0.38,0.02,Zona de Consolidação,0,0
2012-12-18,32.63,73.33,98.50,118.85,139.20,168.17,205.07,251.97,311.64,0.58,0.50,0.04,Zona de Consolidação,0,0
2012-12-19,32.63,73.33,98.50,118.85,139.20,168.17,205.07,251.97,311.64,0.56,0.50,0.06,Zona de Consolidação,0,0
2012-12-20,32.63,73.33,98.50,118.85,139.20,168.17,205.07,251.97,311.64,0.51,0.50,0.11,Zona de Consolidação,0,0
2012-12-21,32.63,73.33,98.50,118.85,139.20,168.17,205.07,251.97,311.64,0.46,0.38,0.04,Zona de Consolidação,0,0
2012-12-24,32.63,73.33,98.50,118.85,139.20,168.17,205.07,251.97,311.64,0.46,0.38,0.04,Zona de Consolidação,0,0
2012-12-26,32.63,73.33,98.50,118.85,139.20,168.17,205.07,251.97,311.64,0.45,0.38,0.05,Zona de Consolidação,0,0
2012-12-27,32.63,73.33,98.50,118.85,139.20,168.17,205.07,251.97,311.64,0.41,0.38,0.09,Zona de Consolidação,0,0
2012-12-28,32.63,73.33,98.50,118.85,139.20,168.17,205.07,251.97,311.64,0.44,0.38,0.06,Zona de Consolidação,0,0
2012-12-31,32.63,73.33,98.50,118.85,139.20,168.17,205.07,251.97,311.64,0.44,0.38,0.06,Zona de Consolidação,0,0
2013-01-02,32.63,73.33,98.50,118.85,139.20,168.17,205.07,251.97,311.64,0.45,0.38,0.05,Zona de Consolidação,0,0
2013-01-03,32.63,73.33,98.50,118.85,139.20,168.17,205.07,251.97,311.64,0.44,0.38,0.06,Zona de Consolidação,0,0
2013-01-04,32.63,73.33,98.50,118.85,139.20,168.17,205.07,251.97,311.64,0.43,0.38,0.07,Zona de Consolidação,0,0
2013-01-07,32.63,73.33,98.50,118.85,139.20,168.17,205.07,251.97,311.64,0.45,0.38,0.05,Zona de Consolidação,0,0
2013-01-08,32.63,73.33,98.50,118.85,139.20,168.17,205.07,251.97,311.64,0.46,0.38,0.04,Zona de Consolidação,0,0
2013-01-09,32.63,73.33,98.50,118.85,139.20,168.17,205.07,251.97,311.64,0.45,0.38,0.05,Zona de Consolidação,0,0
2013-01-10,32.63,73.33,98.50,118.85,139.20,168.17,205.07,251.97,311.64,0.46,0.38,0.04,Zona de Consolidação,0,0
2013-01-11,32.63,73.33,98.50,118.85,139.20,168.17,205.07,251.97,311.64,0.48,0.38,0.02,Zona de Consolidação,0,0
2013-01-14,32.63,73.33,98.50,118.85,139.20,168.17,205.07,251.97,311.64,0.47,0.38,0.03,Zona de Consolidação,0,0
2013-01-15,32.63,73.33,98.50,118.85,139.20,168.17,205.07,251.97,311.64,0.48,0.38,0.02,Zona de Consolidação,0,0
2013-01-16,38.22,77.60,101.96,121.64,141.33,169.36,205.07,250.45,308.18,0.45,0.38,0.05,Zona de Consolidação,0,0
2013-01-17,69.91,101.81,121.54,137.49,153.44,176.15,205.07,241.83,288.60,0.26,0.24,0.12,Suporte,0,0
2013-01-18,88.55,116.05,133.06,146.81,160.56,180.13,205.07,236.76,277.08,0.16,0.00,0.08,Suporte Forte,0,0
2013-01-22,97.10,122.58,138.34,151.08,163.83,181.96,205.07,234.44,271.80,0.11,0.00,0.13,Suporte Forte,0,0
2013-01-23,97.10,122.58,138.34,151.08,163.83,181.96,205.07,234.44,271.80,0.05,0.00,0.19,Suporte Forte,0,0
2013-01-24,95.54,121.39,137.38,150.30,163.23,181.63,205.07,234.86,272.76,0.01,0.00,0.23,Suporte Forte,0,0
2013-01-25,88.55,116.05,133.06,146.81,160.56,180.13,205.07,236.76,277.08,0.00,0.00,0.24,Suporte Forte,0,0
2013-01-28,80.79,110.12,128.26,142.93,157.60,178.47,205.07,238.87,281.88,0.04,0.00,0.20,Suporte Forte,0,0
2013-01-29,77.83,107.86,126.44,141.45,156.46,177.84,205.07,239.68,283.70,0.05,0.00,0.19,Suporte Forte,0,0
2013-01-30,77.83,107.86,126.44,141.45,156.46,177.84,205.07,239.68,283.70,0.01,0.00,0.23,Suporte Forte,0,0
2013-01-31,67.89,100.26,120.29,136.48,152.67,175.71,205.07,242.38,289.85,0.07,0.00,0.17,Suporte Forte,0,0
2013-02-01,67.89,100.26,120.29,136.48,152.67,175.71,205.07,242.38,289.85,0.08,0.00,0.16,Suporte Forte,0,0
2013-02-04,67.89,100.26,120.29,136.48,152.67,175.71,205.07,242.38,289.85,0.08,0.00,0.16,Suporte Forte,0,0
2013-02-05,67.89,100.26,120.29,136.48,152.67,175.71,205.07,242.38,289.85,0.10,0.00,0.14,Suporte Forte,0,0
2013-02-06,67.89,100.26,120.29,136.48,152.67,175.71,205.07,242.38,289.85,0.07,0.00,0.17,Suporte Forte,0,0
2013-02-07,67.89,100.26,120.29,136.48,152.67,175.71,205.07,242.38,289.85,0.09,0.00,0.15,Suporte Forte,0,0
2013-02-08,67.89,100.26,120.29,136.48,152.67,175.71,205.07,242.38,289.85,0.08,0.00,0.16,Suporte Forte,0,0
2013-02-11,67.89,100.26,120.29,136.48,152.67,175.71,205.07,242.38,289.85,0.07,0.00,0.17,Suporte Forte,0,0
2013-02-12,67.89,100.26,120.29,136.48,152.67,175.71,205.07,242.38,289.85,0.04,0.00,0.20,Suporte Forte,0,0
2013-02-13,67.89,100.26,120.29,136.48,152.67,175.71,205.07,242.38,289.85,0.13,0.00,0.11,Suporte Forte,0,0
2013-02-14,67.89,100.26,120.29,136.48,152.67,175.71,205.07,242.38,289.85,0.21,0.00,0.03,Suporte Forte,0,0
2013-02-15,67.89,100.26,120.29,136.48,152.67,175.71,205.07,242.38,289.85,0.25,0.24,0.13,Suporte,0,0
2013-02-19,67.89,100.26,120.29,136.48,152.67,175.71,205.07,242.38,289.85,0.27,0.24,0.11,Suporte,0,0
2013-02-20,67.89,100.26,120.29,136.48,152.67,175.71,205.07,242.38,289.85,0.24,0.24,0.14,Suporte,0,0
2013-02-21,67.89,100.26,120.29,136.48,152.67,175.71,205.07,242.38,289.85,0.26,0.24,0.12,Suporte,0,0
2013-02-22,67.89,99.16,118.51,134.15,149.79,172.05,200.41,236.46,282.31,0.32,0.24,0.06,Suporte,0,0
2013-02-25,67.89,97.85,116.38,131.35,146.33,167.66,194.82,229.34,273.26,0.32,0.24,0.06,Suporte,0,0
2013-02-26,67.89,91.47,106.05,117.84,129.63,146.41,167.79,194.96,229.53,0.43,0.38,0.07,Zona de Consolidação,0,0
2013-02-27,67.89,88.83,101.78,112.24,122.71,137.62,156.60,180.73,211.42,0.44,0.38,0.06,Zona de Consolidação,0,0
2013-02-28,67.89,88.83,101.78,112.24,122.71,137.62,156.60,180.73,211.42,0.54,0.50,0.08,Zona de Consolidação,0,0
2013-03-01,67.89,88.83,101.78,112.24,122.71,137.62,156.60,180.73,211.42,0.65,0.62,0.14,Resistência,0,0
2013-03-04,67.89,86.48,97.98,107.28,116.57,129.80,146.66,168.09,195.34,0.96,0.79,0.04,Resistência Forte,0,0
2013-03-05,67.89,87.25,99.23,108.90,118.58,132.37,149.92,172.23,200.61,0.70,0.62,0.09,Resistência,0,0
2013-03-06,67.89,87.25,99.23,108.90,118.58,132.37,149.92,172.23,200.61,0.73,0.62,0.06,Resistência,0,0
2013-03-07,67.89,87.25,99.23,108.90,118.58,132.37,149.92,172.23,200.61,0.67,0.62,0.12,Resistência,0,0
2013-03-08,67.89,87.25,99.23,108.90,118.58,132.37,149.92,172.23,200.61,0.71,0.62,0.08,Resistência,0,0
2013-03-11,67.89,87.25,99.23,108.90,118.58,132.37,149.92,172.23,200.61,0.73,0.62,0.06,Resistência,0,0
2013-03-12,67.89,87.25,99.23,108.90,118.58,132.37,149.92,172.23,200.61,0.70,0.62,0.09,Resistência,0,0
2013-03-13,67.89,87.25,99.23,108.90,118.58,132.37,149.92,172.23,200.61,0.72,0.62,0.07,Resistência,0,0
2013-03-14,67.89,87.25,99.23,108.90,118.58,132.37,149.92,172.23,200.61,0.75,0.62,0.04,Resistência,0,0
2013-03-15,67.89,87.25,99.23,108.90,118.58,132.37,149.92,172.23,200.61,0.70,0.62,0.09,Resistência,0,0
2013-03-18,67.89,87.25,99.23,108.90,118.58,132.37,149.92,172.23,200.61,0.73,0.62,0.06,Resistência,0,0
2013-03-19,67.89,87.25,99.23,108.90,118.58,132.37,149.92,172.23,200.61,0.73,0.62,0.06,Resistência,0,0
2013-03-20,67.89,87.25,99.23,108.90,118.58,132.37,149.92,172.23,200.61,0.73,0.62,0.06,Resistência,0,0
2013-03-21,67.89,87.25,99.23,108.90,118.58,132.37,149.92,172.23,200.61,0.71,0.62,0.08,Resistência,0,0
2013-03-22,67.89,87.25,99.23,108.90,118.58,132.37,149.92,172.23,200.61,0.71,0.62,0.08,Resistência,0,0
2013-03-25,67.89,87.25,99.23,108.90,118.58,132.37,149.92,172.23,200.61,0.70,0.62,0.09,Resistência,0,0
2013-03-26,67.89,87.25,99.23,108.90,118.58,132.37,149.92,172.23,200.61,0.71,0.62,0.08,Resistência,0,0
2013-03-27,67.89,87.25,99.23,108.90,118.58,132.37,149.92,172.23,200.61,0.74,0.62,0.05,Resistência,0,0
2013-03-28,67.89,87.25,99.23,108.90,118.58,132.37,149.92,172.23,200.61,0.81,0.79,0.19,Resistência Forte,0,0
2013-04-01,67.89,87.25,99.23,108.90,118.58,132.37,149.92,172.23,200.61,0.84,0.79,0.16,Resistência Forte,0,0
2013-04-02,67.89,87.25,99.23,108.90,118.58,132.37,149.92,172.23,200.61,0.91,0.79,0.09,Resistência Forte,0,0
2013-04-03,67.89,87.25,99.23,108.90,118.58,132.37,149.92,172.23,200.61,0.85,0.79,0.15,Resistência Forte,0,0
2013-04-04,67.89,87.25,99.23,108.90,118.58,132.37,149.92,172.23,200.61,0.74,0.62,0.05,Resistência,0,0
2013-04-05,67.89,87.25,99.23,108.90,118.58,132.37,149.92,172.23,200.61,0.75,0.62,0.04,Resistência,0,0
2013-04-08,67.89,87.25,99.23,108.90,118.58,132.37,149.92,172.23,200.61,0.69,0.62,0.10,Resistência,0,0
2013-04-09,67.89,87.25,99.23,108.90,118.58,132.37,149.92,172.23,200.61,0.70,0.62,0.09,Resistência,0,0
2013-04-10,67.89,87.25,99.23,108.90,118.58,132.37,149.92,172.23,200.61,0.73,0.62,0.06,Resistência,0,0
2013-04-11,67.89,87.25,99.23,108.90,118.58,132.37,149.92,172.23,200.61,0.78,0.62,0.01,Resistência,0,1
2013-04-12,67.89,87.25,99.23,108.90,118.58,132.37,149.92,172.23,200.61,0.73,0.62,0.06,Resistência,0,0
2013-04-15,69.91,88.79,100.47,109.92,119.36,132.80,149.92,171.68,199.37,0.67,0.62,0.12,Resistência,0,0
2013-04-16,69.91,88.79,100.47,109.92,119.36,132.80,149.92,171.68,199.37,0.70,0.62,0.09,Resistência,0,0
2013-04-17,69.91,88.79,100.47,109.92,119.36,132.80,149.92,171.68,199.37,0.79,0.79,0.21,Resistência Forte,0,1
2013-04-18,69.91,88.79,100.47,109.92,119.36,132.80,149.92,171.68,199.37,0.85,0.79,0.15,Resistência Forte,0,0
2013-04-19,69.91,88.79,100.47,109.92,119.36,132.80,149.92,171.68,199.37,0.77,0.62,0.02,Resistência,0,1
2013-04-22,69.91,88.79,100.47,109.92,119.36,132.80,149.92,171.68,199.37,0.78,0.62,0.01,Resistência,0,1
2013-04-23,69.91,88.79,100.47,109.92,119.36,132.80,149.92,171.68,199.37,0.78,0.62,0.01,Resistência,0,1
2013-04-24,69.91,88.79,100.47,109.92,119.36,132.80,149.92,171.68,199.37,0.83,0.79,0.17,Resistência Forte,0,0
2013-04-25,69.91,88.79,100.47,109.92,119.36,132.80,149.92,171.68,199.37,0.82,0.79,0.18,Resistência Forte,0,0
2013-04-26,87.00,101.85,111.04,118.46,125.88,136.46,149.92,167.03,188.80,0.77,0.62,0.02,Resistência,0,1
2013-04-29,95.54,108.37,116.31,122.73,129.15,138.28,149.92,164.71,183.53,0.77,0.62,0.02,Resistência,0,1
2013-04-30,98.50,110.64,118.14,124.21,130.28,138.92,149.92,163.91,181.70,0.78,0.62,0.01,Resistência,0,1
2013-05-01,98.50,110.64,118.14,124.21,130.28,138.92,149.92,163.91,181.70,0.73,0.62,0.06,Resistência,0,0
2013-05-02,98.50,110.64,118.14,124.21,130.28,138.92,149.92,163.91,181.70,0.78,0.62,0.01,Resistência,0,1
2013-05-03,98.50,110.64,118.14,124.21,130.28,138.92,149.92,163.91,181.70,0.77,0.62,0.02,Resistência,0,1
2013-05-06,106.11,116.45,122.85,128.01,133.18,140.54,149.92,161.84,176.99,0.72,0.62,0.07,Resistência,0,0
2013-05-07,106.11,116.45,122.85,128.01,133.18,140.54,149.92,161.84,176.99,0.70,0.62,0.09,Resistência,0,0
2013-05-08,106.42,116.69,123.04,128.17,133.30,140.61,149.92,161.75,176.80,0.66,0.62,0.13,Resistência,0,0
2013-05-09,106.42,116.69,123.04,128.17,133.30,140.61,149.92,161.75,176.80,0.69,0.62,0.10,Resistência,0,0
2013-05-10,112.79,121.55,126.97,131.35,135.74,141.97,149.92,160.02,172.87,0.57,0.50,0.05,Zona de Consolidação,0,0
2013-05-13,113.26,121.91,127.26,131.59,135.92,142.07,149.92,159.89,172.58,0.69,0.62,0.10,Resistência,0,0
2013-05-14,113.26,121.91,127.26,131.59,135.92,142.07,149.92,159.89,172.58,0.83,0.79,0.17,Resistência Forte,0,0
2013-05-15,113.26,121.00,125.78,129.65,133.52,139.03,146.04,154.96,166.30,0.91,0.79,0.09,Resistência Forte,0,0
2013-05-16,113.26,121.00,125.78,129.65,133.52,139.03,146.04,154.96,166.30,0.81,0.79,0.19,Resistência Forte,0,1
2013-05-17,113.26,121.00,125.78,129.65,133.52,139.03,146.04,154.96,166.30,0.77,0.62,0.02,Resistência,0,1
2013-05-20,113.26,121.00,125.78,129.65,133.52,139.03,146.04,154.96,166.30,0.59,0.50,0.03,Zona de Consolidação,1,0
2013-05-21,113.26,121.00,125.78,129.65,133.52,139.03,146.04,154.96,166.30,0.56,0.50,0.06,Zona de Consolidação,0,0
2013-05-22,113.26,121.00,125.78,129.65,133.52,139.03,146.04,154.96,166.30,0.54,0.50,0.08,Zona de Consolidação,0,0
2013-05-23,113.26,121.00,125.78,129.65,133.52,139.03,146.04,154.96,166.30,0.49,0.38,0.01,Zona de Consolidação,0,0
2013-05-24,113.26,121.00,125.78,129.65,133.52,139.03,146.04,154.96,166.30,0.44,0.38,0.06,Zona de Consolidação,0,0
2013-05-28,113.26,121.00,125.78,129.65,133.52,139.03,146.04,154.96,166.30,0.46,0.38,0.04,Zona de Consolidação,0,0
2013-05-29,113.26,121.00,125.78,129.65,133.52,139.03,146.04,154.96,166.30,0.54,0.50,0.08,Zona de Consolidação,0,0
2013-05-30,113.26,121.00,125.78,129.65,133.52,139.03,146.04,154.96,166.30,0.57,0.50,0.05,Zona de Consolidação,0,0
2013-05-31,113.26,121.00,125.78,129.65,133.52,139.03,146.04,154.96,166.30,0.53,0.50,0.09,Zona de Consolidação,0,0
2013-06-03,113.26,121.00,125.78,129.65,133.52,139.03,146.04,154.96,166.30,0.43,0.38,0.07,Zona de Consolidação,0,0
2013-06-04,113.26,121.00,125.78,129.65,133.52,139.03,146.04,154.96,166.30,0.45,0.38,0.05,Zona de Consolidação,0,0
2013-06-05,113.26,121.00,125.78,129.65,133.52,139.03,146.04,154.96,166.30,0.32,0.24,0.06,Suporte,0,0
2013-06-06,113.26,121.00,125.78,129.65,133.52,139.03,146.04,154.96,166.30,0.23,0.00,0.01,Suporte Forte,0,0
2013-06-07,113.26,121.00,125.78,129.65,133.52,139.03,146.04,154.96,166.30,0.38,0.24,0.00,Suporte,1,0
2013-06-10,113.26,121.00,125.78,129.65,133.52,139.03,146.04,154.96,166.30,0.29,0.24,0.09,Suporte,0,0
2013-06-11,113.26,121.00,125.78,129.65,133.52,139.03,146.04,154.96,166.30,0.35,0.24,0.03,Suporte,1,0
2013-06-12,113.26,121.00,125.78,129.65,133.52,139.03,146.04,154.96,166.30,0.37,0.24,0.01,Suporte,1,0
2013-06-13,113.26,121.00,125.78,129.65,133.52,139.03,146.04,154.96,166.30,0.28,0.24,0.10,Suporte,0,0
2013-06-14,113.26,121.00,125.78,129.65,133.52,139.03,146.04,154.96,166.30,0.15,0.00,0.09,Suporte Forte,0,0
2013-06-17,117.29,124.08,128.27,131.66,135.06,139.89,146.04,153.86,163.81,0.04,0.00,0.20,Suporte Forte,0,0
2013-06-18,111.86,119.93,124.92,128.95,132.98,138.73,146.04,155.34,167.16,0.11,0.00,0.13,Suporte Forte,0,0
2013-06-19,111.86,119.93,124.92,128.95,132.98,138.73,146.04,155.34,167.16,0.25,0.24,0.13,Suporte,0,0
2013-06-20,111.86,119.93,124.92,128.95,132.98,138.73,146.04,155.34,167.16,0.07,0.00,0.17,Suporte Forte,0,0
2013-06-21,111.86,119.93,124.92,128.95,132.98,138.73,146.04,155.34,167.16,0.02,0.00,0.22,Suporte Forte,0,0
2013-06-24,108.59,117.43,122.90,127.32,131.73,138.03,146.04,156.23,169.18,0.12,0.00,0.12,Suporte Forte,0,0
2013-06-25,108.59,117.43,122.90,127.32,131.73,138.03,146.04,156.23,169.18,0.07,0.00,0.17,Suporte Forte,0,0
2013-06-26,108.59,117.43,122.90,127.32,131.73,138.03,146.04,156.23,169.18,0.14,0.00,0.10,Suporte Forte,0,0
2013-06-27,107.82,116.84,122.42,126.93,131.44,137.86,146.04,156.44,169.66,0.15,0.00,0.09,Suporte Forte,0,0
2013-06-28,107.04,116.24,121.94,126.54,131.14,137.69,146.04,156.65,170.14,0.10,0.00,0.14,Suporte Forte,0,0
2013-07-01,107.04,116.24,121.94,126.54,131.14,137.69,146.04,156.65,170.14,0.08,0.00,0.16,Suporte Forte,0,0
2013-07-02,104.56,114.35,120.41,125.30,130.19,137.16,146.04,157.32,171.67,0.01,0.00,0.23,Suporte Forte,0,0
2013-07-03,104.56,114.35,120.41,125.30,130.19,137.16,146.04,157.32,171.67,0.06,0.00,0.18,Suporte Forte,0,0
2013-07-05,104.56,114.35,120.41,125.30,130.19,137.16,146.04,157.32,171.67,0.18,0.00,0.06,Suporte Forte,0,0
2013-07-08,104.56,114.35,120.41,125.30,130.19,137.16,146.04,157.32,171.67,0.24,0.24,0.14,Suporte,0,0
2013-07-09,104.40,114.23,120.31,125.22,130.13,137.13,146.04,157.37,171.77,0.17,0.00,0.07,Suporte Forte,0,0
2013-07-10,104.40,114.23,120.31,125.22,130.13,137.13,146.04,157.37,171.77,0.26,0.24,0.12,Suporte,0,0
2013-07-11,104.40,114.23,120.31,125.22,130.13,137.13,146.04,157.37,171.77,0.27,0.24,0.11,Suporte,0,0
2013-07-12,104.40,114.23,120.31,125.22,130.13,137.13,146.04,157.37,171.77,0.27,0.24,0.11,Suporte,0,0
2013-07-15,104.40,114.23,120.31,125.22,130.13,137.13,146.04,157.37,171.77,0.26,0.24,0.12,Suporte,0,0
2013-07-16,104.40,114.23,120.31,125.22,130.13,137.13,146.04,157.37,171.77,0.29,0.24,0.09,Suporte,0,0
2013-07-17,104.40,114.23,120.31,125.22,130.13,137.13,146.04,157.37,171.77,0.26,0.24,0.12,Suporte,0,0
2013-07-18,104.40,114.23,120.31,125.22,130.13,137.13,146.04,157.37,171.77,0.28,0.24,0.10,Suporte,0,0
2013-07-19,104.40,114.23,120.31,125.22,130.13,137.13,146.04,157.37,171.77,0.28,0.24,0.10,Suporte,0,0
2013-07-22,104.40,114.23,120.31,125.22,130.13,137.13,146.04,157.37,171.77,0.30,0.24,0.08,Suporte,0,0
2013-07-23,104.40,114.23,120.31,125.22,130.13,137.13,146.04,157.37,171.77,0.34,0.24,0.04,Suporte,0,0
2013-07-24,104.40,114.23,120.31,125.22,130.13,137.13,146.04,157.37,171.77,0.32,0.24,0.06,Suporte,0,0
2013-07-25,104.40,114.23,120.31,125.22,130.13,137.13,146.04,157.37,171.77,0.33,0.24,0.05,Suporte,0,0
2013-07-26,104.40,114.23,120.31,125.22,130.13,137.13,146.04,157.37,171.77,0.31,0.24,0.07,Suporte,0,0
2013-07-29,104.40,112.83,118.05,122.26,126.48,132.48,140.13,149.85,162.21,0.37,0.24,0.01,Suporte,1,0
2013-07-30,104.40,112.61,117.69,121.80,125.91,131.75,139.20,148.67,160.71,0.33,0.24,0.05,Suporte,0,0
2013-07-31,104.40,111.81,116.39,120.09,123.79,129.06,135.78,144.32,155.17,0.43,0.38,0.07,Zona de Consolidação,0,0
2013-08-01,104.40,111.73,116.27,119.94,123.60,128.82,135.47,143.92,154.67,0.35,0.24,0.03,Suporte,1,0
2013-08-02,104.40,111.73,116.27,119.94,123.60,128.82,135.47,143.92,154.67,0.29,0.24,0.09,Suporte,0,0
2013-08-05,104.40,111.73,116.27,119.94,123.60,128.82,135.47,143.92,154.67,0.32,0.24,0.06,Suporte,0,0
2013-08-06,104.40,111.73,116.27,119.94,123.60,128.82,135.47,143.92,154.67,0.40,0.38,0.10,Zona de Consolidação,1,0
2013-08-07,104.40,111.73,116.27,119.94,123.60,128.82,135.47,143.92,154.67,0.35,0.24,0.03,Suporte,1,0
2013-08-08,104.40,111.73,116.27,119.94,123.60,128.82,135.47,143.92,154.67,0.30,0.24,0.08,Suporte,0,0
2013-08-09,104.40,111.73,116.27,119.94,123.60,128.82,135.47,143.92,154.67,0.23,0.00,0.01,Suporte Forte,0,0
2013-08-12,104.40,111.73,116.27,119.94,123.60,128.82,135.47,143.92,154.67,0.19,0.00,0.05,Suporte Forte,0,0
2013-08-13,104.40,110.82,114.79,118.00,121.20,125.77,131.59,138.99,148.39,0.18,0.00,0.06,Suporte Forte,0,0
2013-08-14,104.40,110.60,114.43,117.53,120.63,125.04,130.66,137.80,146.89,0.22,0.00,0.02,Suporte Forte,0,0
2013-08-15,104.40,110.60,114.43,117.53,120.63,125.04,130.66,137.80,146.89,0.08,0.00,0.16,Suporte Forte,0,0
2013-08-16,103.93,110.24,114.14,117.30,120.45,124.94,130.66,137.93,147.18,0.05,0.00,0.19,Suporte Forte,0,0
2013-08-19,103.62,110.00,113.95,117.14,120.33,124.87,130.66,138.01,147.37,0.00,0.00,0.24,Suporte Forte,0,0
2013-08-20,101.76,107.88,111.67,114.73,117.79,122.15,127.70,134.76,143.73,0.18,0.00,0.06,Suporte Forte,0,0
2013-08-21,101.29,107.52,111.38,114.50,117.61,122.05,127.70,134.88,144.02,0.11,0.00,0.13,Suporte Forte,0,0
2013-08-22,101.29,107.52,111.38,114.50,117.61,122.05,127.70,134.88,144.02,0.29,0.24,0.09,Suporte,0,0
2013-08-23,101.29,107.41,111.20,114.26,117.33,121.69,127.24,134.30,143.28,0.22,0.00,0.02,Suporte Forte,0,0
2013-08-26,101.29,107.41,111.20,114.26,117.33,121.69,127.24,134.30,143.28,0.51,0.50,0.11,Zona de Consolidação,0,0
2013-08-27,101.29,106.24,109.30,111.78,114.26,117.78,122.27,127.98,135.24,0.47,0.38,0.03,Zona de Consolidação,0,0
2013-08-28,101.29,106.24,109.30,111.78,114.26,117.78,122.27,127.98,135.24,0.56,0.50,0.06,Zona de Consolidação,0,0
2013-08-29,101.29,106.13,109.12,111.54,113.97,117.41,121.80,127.38,134.48,0.72,0.62,0.07,Resistência,0,0
2013-08-30,101.29,106.06,109.01,111.39,113.77,117.17,121.49,126.98,133.97,0.72,0.62,0.07,Resistência,0,0
2013-09-03,101.29,106.06,109.01,111.39,113.77,117.17,121.49,126.98,133.97,0.75,0.62,0.04,Resistência,0,1
2013-09-04,101.29,106.06,109.01,111.39,113.77,117.17,121.49,126.98,133.97,0.93,0.79,0.07,Resistência Forte,0,0
2013-09-05,101.29,106.53,109.78,112.40,115.02,118.75,123.51,129.55,137.24,0.76,0.62,0.03,Resistência,0,1
2013-09-06,101.29,106.53,109.78,112.40,115.02,118.75,123.51,129.55,137.24,0.71,0.62,0.08,Resistência,0,0
2013-09-09,101.29,107.63,111.56,114.73,117.90,122.42,128.17,135.48,144.78,0.90,0.79,0.10,Resistência Forte,0,0
2013-09-10,101.29,109.14,113.99,117.92,121.84,127.42,134.54,143.58,155.09,0.75,0.62,0.04,Resistência,0,1
2013-09-11,101.29,109.14,113.99,117.92,121.84,127.42,134.54,143.58,155.09,0.92,0.79,0.08,Resistência Forte,0,0
2013-09-12,101.29,109.65,114.82,119.00,123.18,129.13,136.71,146.34,158.60,0.85,0.79,0.15,Resistência Forte,0,0
2013-09-13,101.29,109.65,114.82,119.00,123.18,129.13,136.71,146.34,158.60,0.93,0.79,0.07,Resistência Forte,0,0
2013-09-16,101.29,111.15,117.25,122.18,127.12,134.14,143.08,154.45,168.91,0.96,0.79,0.04,Resistência Forte,0,0
2013-09-17,101.29,111.15,117.25,122.18,127.12,134.14,143.08,154.45,168.91,0.98,0.79,0.02,Resistência Forte,0,1
2013-09-18,101.29,113.06,120.34,126.22,132.11,140.49,151.16,164.72,181.98,0.99,0.79,0.01,Resistência Forte,0,1
2013-09-19,101.29,113.54,121.11,127.24,133.36,142.08,153.18,167.29,185.25,0.92,0.79,0.08,Resistência Forte,0,0
2013-09-20,101.29,113.54,121.11,127.24,133.36,142.08,153.18,167.29,185.25,0.93,0.79,0.07,Resistência Forte,0,0
2013-09-23,101.29,113.54,121.11,127.24,133.36,142.08,153.18,167.29,185.25,0.86,0.79,0.14,Resistência Forte,0,0
2013-09-24,101.29,113.54,121.11,127.24,133.36,142.08,153.18,167.29,185.25,0.96,0.79,0.04,Resistência Forte,0,0
2013-09-25,101.29,114.05,121.94,128.33,134.71,143.79,155.36,170.07,188.78,0.99,0.79,0.01,Resistência Forte,0,1
2013-09-26,101.29,115.55,124.38,131.51,138.64,148.80,161.73,178.17,199.08,0.96,0.79,0.04,Resistência Forte,0,0
2013-09-27,101.29,116.29,125.56,133.06,140.56,151.23,164.83,182.11,204.10,0.93,0.79,0.07,Resistência Forte,0,0
2013-09-30,101.29,123.03,136.48,147.35,158.23,173.70,193.42,218.48,250.36,0.80,0.79,0.20,Resistência Forte,0,1
2013-10-01,101.29,123.03,136.48,147.35,158.23,173.70,193.42,218.48,250.36,0.67,0.62,0.12,Resistência,0,0
2013-10-02,101.29,123.03,136.48,147.35,158.23,173.70,193.42,218.48,250.36,0.59,0.50,0.03,Zona de Consolidação,0,0
2013-10-03,101.29,123.03,136.48,147.35,158.23,173.70,193.42,218.48,250.36,0.53,0.50,0.09,Zona de Consolidação,0,0
2013-10-04,101.29,123.03,136.48,147.35,158.23,173.70,193.42,218.48,250.36,0.57,0.50,0.05,Zona de Consolidação,0,0
2013-10-07,101.29,123.03,136.48,147.35,158.23,173.70,193.42,218.48,250.36,0.52,0.50,0.10,Zona de Consolidação,0,0
2013-10-08,101.29,123.03,136.48,147.35,158.23,173.70,193.42,218.48,250.36,0.39,0.38,0.11,Zona de Consolidação,1,0
2013-10-09,101.29,123.03,136.48,147.35,158.23,173.70,193.42,218.48,250.36,0.42,0.38,0.08,Zona de Consolidação,0,0
2013-10-10,101.29,123.03,136.48,147.35,158.23,173.70,193.42,218.48,250.36,0.45,0.38,0.05,Zona de Consolidação,0,0
2013-10-11,101.29,123.03,136.48,147.35,158.23,173.70,193.42,218.48,250.36,0.45,0.38,0.05,Zona de Consolidação,0,0
2013-10-14,101.29,123.03,136.48,147.35,158.23,173.70,193.42,218.48,250.36,0.50,0.50,0.12,Zona de Consolidação,0,0
2013-10-15,101.29,123.03,136.48,147.35,158.23,173.70,193.42,218.48,250.36,0.51,0.50,0.11,Zona de Consolidação,0,0
2013-10-16,101.29,123.03,136.48,147.35,158.23,173.70,193.42,218.48,250.36,0.57,0.50,0.05,Zona de Consolidação,0,0
2013-10-17,101.29,123.03,136.48,147.35,158.23,173.70,193.42,218.48,250.36,0.58,0.50,0.04,Zona de Consolidação,0,0
2013-10-18,101.29,123.03,136.48,147.35,158.23,173.70,193.42,218.48,250.36,0.59,0.50,0.03,Zona de Consolidação,0,0
2013-10-21,101.29,123.03,136.48,147.35,158.23,173.70,193.42,218.48,250.36,0.62,0.62,0.17,Resistência,1,0
2013-10-22,101.29,123.03,136.48,147.35,158.23,173.70,193.42,218.48,250.36,0.66,0.62,0.13,Resistência,0,0
2013-10-23,101.29,123.03,136.48,147.35,158.23,173.70,193.42,218.48,250.36,0.60,0.50,0.02,Zona de Consolidação,0,0
2013-10-24,101.29,123.03,136.48,147.35,158.23,173.70,193.42,218.48,250.36,0.52,0.50,0.10,Zona de Consolidação,0,0
2013-10-25,101.29,123.03,136.48,147.35,158.23,173.70,193.42,218.48,250.36,0.32,0.24,0.06,Suporte,0,0
2013-10-28,101.29,123.03,136.48,147.35,158.23,173.70,193.42,218.48,250.36,0.30,0.24,0.08,Suporte,0,0
2013-10-29,101.29,123.03,136.48,147.35,158.23,173.70,193.42,218.48,250.36,0.27,0.24,0.11,Suporte,0,0
2013-10-30,101.29,123.03,136.48,147.35,158.23,173.70,193.42,218.48,250.36,0.26,0.24,0.12,Suporte,0,0
2013-10-31,102.38,123.87,137.16,147.90,158.64,173.94,193.42,218.18,249.68,0.24,0.24,0.14,Suporte,0,0
2013-11-01,105.64,126.36,139.17,149.53,159.89,174.64,193.42,217.30,247.67,0.21,0.00,0.03,Suporte Forte,0,0
2013-11-04,105.64,126.36,139.17,149.53,159.89,174.64,193.42,217.30,247.67,0.22,0.00,0.02,Suporte Forte,0,0
2013-11-05,110.77,130.28,142.34,152.10,161.85,175.73,193.42,215.90,244.50,0.17,0.00,0.07,Suporte Forte,0,0
2013-11-06,111.24,130.63,142.63,152.33,162.03,175.83,193.42,215.77,244.21,0.13,0.00,0.11,Suporte Forte,0,0
2013-11-07,111.86,131.11,143.02,152.64,162.26,175.97,193.42,215.60,243.82,0.06,0.00,0.18,Suporte Forte,0,0
2013-11-08,112.63,131.70,143.49,153.02,162.56,176.13,193.42,215.39,243.35,0.13,0.00,0.11,Suporte Forte,0,0
2013-11-11,113.57,132.41,144.07,153.50,162.92,176.33,193.42,215.14,242.77,0.07,0.00,0.17,Suporte Forte,0,0
2013-11-12,113.41,132.29,143.97,153.42,162.86,176.30,193.42,215.18,242.87,0.05,0.00,0.19,Suporte Forte,0,0
2013-11-13,113.41,132.29,143.97,153.42,162.86,176.30,193.42,215.18,242.87,0.03,0.00,0.21,Suporte Forte,0,0
2013-11-14,113.41,132.29,143.97,153.42,162.86,176.30,193.42,215.18,242.87,0.05,0.00,0.19,Suporte Forte,0,0
2013-11-15,113.41,132.29,143.97,153.42,162.86,176.30,193.42,215.18,242.87,0.05,0.00,0.19,Suporte Forte,0,0
2013-11-18,113.41,132.29,143.97,153.42,162.86,176.30,193.42,215.18,242.87,0.11,0.00,0.13,Suporte Forte,0,0
2013-11-19,113.41,132.29,143.97,153.42,162.86,176.30,193.42,215.18,242.87,0.15,0.00,0.09,Suporte Forte,0,0
2013-11-20,113.41,132.29,143.97,153.42,162.86,176.30,193.42,215.18,242.87,0.16,0.00,0.08,Suporte Forte,0,0
2013-11-21,113.41,132.29,143.97,153.42,162.86,176.30,193.42,215.18,242.87,0.17,0.00,0.07,Suporte Forte,0,0
2013-11-22,113.41,132.29,143.97,153.42,162.86,176.30,193.42,215.18,242.87,0.15,0.00,0.09,Suporte Forte,0,0
2013-11-25,113.41,132.29,143.97,153.42,162.86,176.30,193.42,215.18,242.87,0.12,0.00,0.12,Suporte Forte,0,0
2013-11-26,113.41,132.29,143.97,153.42,162.86,176.30,193.42,215.18,242.87,0.13,0.00,0.11,Suporte Forte,0,0
2013-11-27,113.41,132.29,143.97,153.42,162.86,176.30,193.42,215.18,242.87,0.15,0.00,0.09,Suporte Forte,0,0
2013-11-29,113.41,132.29,143.97,153.42,162.86,176.30,193.42,215.18,242.87,0.12,0.00,0.12,Suporte Forte,0,0
2013-12-02,113.41,132.29,143.97,153.42,162.86,176.30,193.42,215.18,242.87,0.16,0.00,0.08,Suporte Forte,0,0
2013-12-03,113.41,132.29,143.97,153.42,162.86,176.30,193.42,215.18,242.87,0.13,0.00,0.11,Suporte Forte,0,0
2013-12-04,113.41,132.29,143.97,153.42,162.86,176.30,193.42,215.18,242.87,0.13,0.00,0.11,Suporte Forte,0,0
2013-12-05,113.41,132.29,143.97,153.42,162.86,176.30,193.42,215.18,242.87,0.19,0.00,0.05,Suporte Forte,0,0
2013-12-06,113.41,132.29,143.97,153.42,162.86,176.30,193.42,215.18,242.87,0.19,0.00,0.05,Suporte Forte,0,0
2013-12-09,113.41,132.29,143.97,153.42,162.86,176.30,193.42,215.18,242.87,0.24,0.24,0.14,Suporte,0,0
2013-12-10,113.41,128.11,137.21,144.56,151.91,162.38,175.71,192.66,214.21,0.30,0.24,0.08,Suporte,0,0
2013-12-11,113.41,126.79,135.07,141.76,148.46,157.98,170.12,185.55,205.17,0.33,0.24,0.05,Suporte,0,0
2013-12-12,113.41,126.79,135.07,141.76,148.46,157.98,170.12,185.55,205.17,0.36,0.24,0.02,Suporte,0,0
2013-12-13,113.41,126.79,135.07,141.76,148.46,157.98,170.12,185.55,205.17,0.32,0.24,0.06,Suporte,0,0
2013-12-16,113.41,126.79,135.07,141.76,148.46,157.98,170.12,185.55,205.17,0.26,0.24,0.12,Suporte,0,0
2013-12-17,113.41,126.79,135.07,141.76,148.46,157.98,170.12,185.55,205.17,0.25,0.24,0.13,Suporte,0,0
2013-12-18,113.41,126.79,135.07,141.76,148.46,157.98,170.12,185.55,205.17,0.30,0.24,0.08,Suporte,0,0
2013-12-19,113.41,126.79,135.07,141.76,148.46,157.98,170.12,185.55,205.17,0.24,0.24,0.14,Suporte,0,0
2013-12-20,113.41,126.79,135.07,141.76,148.46,157.98,170.12,185.55,205.17,0.27,0.24,0.11,Suporte,0,0
2013-12-23,113.41,126.79,135.07,141.76,148.46,157.98,170.12,185.55,205.17,0.32,0.24,0.06,Suporte,0,0
2013-12-24,113.41,126.79,135.07,141.76,148.46,157.98,170.12,185.55,205.17,0.24,0.24,0.14,Suporte,0,0
2013-12-26,113.41,126.79,135.07,141.76,148.46,157.98,170.12,185.55,205.17,0.28,0.24,0.10,Suporte,0,0
2013-12-27,113.41,126.79,135.07,141.76,148.46,157.98,170.12,185.55,205.17,0.24,0.24,0.14,Suporte,0,0
2013-12-30,113.41,126.79,135.07,141.76,148.46,157.98,170.12,185.55,205.17,0.27,0.24,0.11,Suporte,0,0
2013-12-31,113.41,126.79,135.07,141.76,148.46,157.98,170.12,185.55,205.17,0.19,0.00,0.05,Suporte Forte,0,0
2014-01-02,113.41,126.79,135.07,141.76,148.46,157.98,170.12,185.55,205.17,0.16,0.00,0.08,Suporte Forte,0,0
2014-01-03,113.41,125.66,133.23,139.36,145.48,154.20,165.30,179.41,197.37,0.17,0.00,0.07,Suporte Forte,0,0
2014-01-06,113.41,123.31,129.43,134.38,139.34,146.38,155.36,166.77,181.29,0.18,0.00,0.06,Suporte Forte,0,0
2014-01-07,113.41,118.69,121.96,124.60,127.23,130.99,135.78,141.86,149.60,0.42,0.38,0.08,Zona de Consolidação,1,0
2014-01-08,113.41,118.62,121.84,124.44,127.04,130.75,135.47,141.47,149.10,0.37,0.24,0.01,Suporte,1,0
2014-01-09,113.41,118.62,121.84,124.44,127.04,130.75,135.47,141.47,149.10,0.39,0.38,0.11,Zona de Consolidação,1,0
2014-01-10,113.41,119.42,123.14,126.15,129.16,133.44,138.89,145.82,154.64,0.80,0.79,0.20,Resistência Forte,0,1
2014-01-13,113.41,119.42,123.14,126.15,129.16,133.44,138.89,145.82,154.64,0.55,0.50,0.07,Zona de Consolidação,0,0
2014-01-14,113.41,119.42,123.14,126.15,129.16,133.44,138.89,145.82,154.64,0.61,0.50,0.01,Zona de Consolidação,1,0
2014-01-15,113.41,119.42,123.14,126.15,129.16,133.44,138.89,145.82,154.64,0.85,0.79,0.15,Resistência Forte,0,0
2014-01-16,113.41,119.42,123.14,126.15,129.16,133.44,138.89,145.82,154.64,0.88,0.79,0.12,Resistência Forte,0,0
2014-01-17,113.41,119.42,123.14,126.15,129.16,133.44,138.89,145.82,154.64,0.76,0.62,0.03,Resistência,0,1
2014-01-21,113.41,119.42,123.14,126.15,129.16,133.44,138.89,145.82,154.64,0.77,0.62,0.02,Resistência,0,1
2014-01-22,113.41,119.42,123.14,126.15,129.16,133.44,138.89,145.82,154.64,0.74,0.62,0.05,Resistência,0,1
2014-01-23,113.41,119.42,123.14,126.15,129.16,133.44,138.89,145.82,154.64,0.74,0.62,0.05,Resistência,0,1
2014-01-24,113.41,119.42,123.14,126.15,129.16,133.44,138.89,145.82,154.64,0.69,0.62,0.10,Resistência,0,0
2014-01-27,113.41,119.42,123.14,126.15,129.16,133.44,138.89,145.82,154.64,0.51,0.50,0.11,Zona de Consolidação,0,0
2014-01-28,113.41,119.42,123.14,126.15,129.16,133.44,138.89,145.82,154.64,0.68,0.62,0.11,Resistência,0,0
2014-01-29,115.43,120.97,124.39,127.16,129.93,133.87,138.89,145.27,153.39,0.56,0.50,0.06,Zona de Consolidação,0,0
2014-01-30,116.83,122.04,125.26,127.86,130.46,134.17,138.89,144.89,152.52,0.82,0.79,0.18,Resistência Forte,0,1
2014-01-31,119.31,123.93,126.79,129.10,131.41,134.70,138.89,144.22,150.99,0.62,0.62,0.17,Resistência,1,0
2014-02-03,119.31,123.93,126.79,129.10,131.41,134.70,138.89,144.22,150.99,0.49,0.38,0.01,Zona de Consolidação,0,0
2014-02-04,119.31,123.93,126.79,129.10,131.41,134.70,138.89,144.22,150.99,0.48,0.38,0.02,Zona de Consolidação,0,0
2014-02-05,119.31,123.93,126.79,129.10,131.41,134.70,138.89,144.22,150.99,0.42,0.38,0.08,Zona de Consolidação,1,0
2014-02-06,119.31,123.93,126.79,129.10,131.41,134.70,138.89,144.22,150.99,0.48,0.38,0.02,Zona de Consolidação,0,0
2014-02-07,119.31,123.93,126.79,129.10,131.41,134.70,138.89,144.22,150.99,0.75,0.62,0.04,Resistência,0,1
2014-02-10,119.31,123.93,126.79,129.10,131.41,134.70,138.89,144.22,150.99,0.85,0.79,0.15,Resistência Forte,0,1
2014-02-11,119.31,125.47,129.28,132.36,135.44,139.82,145.41,152.51,161.54,0.58,0.50,0.04,Zona de Consolidação,1,0
2014-02-12,119.31,125.47,129.28,132.36,135.44,139.82,145.41,152.51,161.54,0.50,0.50,0.12,Zona de Consolidação,0,0
2014-02-13,119.31,125.47,129.28,132.36,135.44,139.82,145.41,152.51,161.54,0.57,0.50,0.05,Zona de Consolidação,0,0
2014-02-14,119.31,125.47,129.28,132.36,135.44,139.82,145.41,152.51,161.54,0.63,0.62,0.16,Resistência,1,0
2014-02-18,119.31,125.47,129.28,132.36,135.44,139.82,145.41,152.51,161.54,0.52,0.50,0.10,Zona de Consolidação,0,0
2014-02-19,119.31,125.47,129.28,132.36,135.44,139.82,145.41,152.51,161.54,0.33,0.24,0.05,Suporte,0,0
2014-02-20,119.31,125.47,129.28,132.36,135.44,139.82,145.41,152.51,161.54,0.38,0.24,0.00,Suporte,1,0
2014-02-21,119.31,125.47,129.28,132.36,135.44,139.82,145.41,152.51,161.54,0.27,0.24,0.11,Suporte,0,0
2014-02-24,119.31,125.47,129.28,132.36,135.44,139.82,145.41,152.51,161.54,0.29,0.24,0.09,Suporte,0,0
2014-02-25,119.31,125.47,129.28,132.36,135.44,139.82,145.41,152.51,161.54,0.28,0.24,0.10,Suporte,0,0
2014-02-26,119.31,125.47,129.28,132.36,135.44,139.82,145.41,152.51,161.54,0.25,0.24,0.13,Suporte,0,0
2014-02-27,119.31,125.47,129.28,132.36,135.44,139.82,145.41,152.51,161.54,0.42,0.38,0.08,Zona de Consolidação,1,0
2014-02-28,119.31,127.27,132.19,136.17,140.15,145.81,153.03,162.20,173.87,0.44,0.38,0.06,Zona de Consolidação,0,0
2014-03-03,119.31,127.27,132.19,136.17,140.15,145.81,153.03,162.20,173.87,0.35,0.24,0.03,Suporte,1,0
2014-03-04,119.31,127.27,132.19,136.17,140.15,145.81,153.03,162.20,173.87,0.53,0.50,0.09,Zona de Consolidação,0,0
2014-03-05,119.31,127.27,132.19,136.17,140.15,145.81,153.03,162.20,173.87,0.91,0.79,0.09,Resistência Forte,0,0
2014-03-06,119.31,127.82,133.08,137.34,141.59,147.65,155.36,165.17,177.64,0.91,0.79,0.09,Resistência Forte,0,0
2014-03-07,119.31,127.82,133.08,137.34,141.59,147.65,155.36,165.17,177.64,0.97,0.79,0.03,Resistência Forte,0,1
2014-03-10,119.31,128.40,134.03,138.57,143.12,149.59,157.84,168.32,181.65,0.97,0.79,0.03,Resistência Forte,0,1
2014-03-11,119.31,129.10,135.16,140.05,144.94,151.91,160.79,172.07,186.42,0.96,0.79,0.04,Resistência Forte,0,0
2014-03-12,119.31,130.05,136.70,142.07,147.44,155.09,164.83,177.21,192.96,0.97,0.79,0.03,Resistência Forte,0,1
2014-03-13,119.31,131.48,139.01,145.10,151.19,159.85,170.89,184.92,202.77,0.91,0.79,0.09,Resistência Forte,0,0
2014-03-14,119.78,131.84,139.30,145.33,151.37,159.95,170.89,184.79,202.48,0.95,0.79,0.05,Resistência Forte,0,0
2014-03-17,119.78,133.68,142.27,149.22,156.17,166.06,178.66,194.68,215.05,0.94,0.79,0.06,Resistência Forte,0,0
2014-03-18,119.78,134.15,143.04,150.23,157.42,167.65,180.68,197.24,218.32,0.95,0.79,0.05,Resistência Forte,0,0
2014-03-19,120.09,134.39,143.24,150.38,157.53,167.71,180.68,197.16,218.12,0.77,0.62,0.02,Resistência,0,1
2014-03-20,120.09,134.39,143.24,150.38,157.53,167.71,180.68,197.16,218.12,0.72,0.62,0.07,Resistência,0,0
2014-03-21,120.09,134.39,143.24,150.38,157.53,167.71,180.68,197.16,218.12,0.60,0.50,0.02,Zona de Consolidação,1,0
2014-03-24,124.29,137.60,145.83,152.49,159.14,168.61,180.68,196.02,215.53,0.43,0.38,0.07,Zona de Consolidação,0,0
2014-03-25,124.29,137.60,145.83,152.49,159.14,168.61,180.68,196.02,215.53,0.47,0.38,0.03,Zona de Consolidação,0,0
2014-03-26,124.29,137.60,145.83,152.49,159.14,168.61,180.68,196.02,215.53,0.55,0.50,0.07,Zona de Consolidação,0,0
2014-03-27,124.29,137.60,145.83,152.49,159.14,168.61,180.68,196.02,215.53,0.88,0.79,0.12,Resistência Forte,0,0
2014-03-28,124.29,146.21,159.78,170.74,181.70,197.31,217.19,242.46,274.60,0.59,0.50,0.03,Zona de Consolidação,0,0
2014-03-31,124.29,146.21,159.78,170.74,181.70,197.31,217.19,242.46,274.60,0.52,0.50,0.10,Zona de Consolidação,0,0
2014-04-01,124.29,146.21,159.78,170.74,181.70,197.31,217.19,242.46,274.60,0.50,0.50,0.12,Zona de Consolidação,0,0
2014-04-02,124.29,146.21,159.78,170.74,181.70,197.31,217.19,242.46,274.60,0.53,0.50,0.09,Zona de Consolidação,0,0
2014-04-03,124.29,146.21,159.78,170.74,181.70,197.31,217.19,242.46,274.60,0.50,0.50,0.12,Zona de Consolidação,0,0
2014-04-04,124.29,146.21,159.78,170.74,181.70,197.31,217.19,242.46,274.60,0.45,0.38,0.05,Zona de Consolidação,0,0
2014-04-07,124.29,146.21,159.78,170.74,181.70,197.31,217.19,242.46,274.60,0.33,0.24,0.05,Suporte,0,0
2014-04-08,124.29,146.21,159.78,170.74,181.70,197.31,217.19,242.46,274.60,0.21,0.00,0.03,Suporte Forte,0,0
2014-04-09,124.29,146.21,159.78,170.74,181.70,197.31,217.19,242.46,274.60,0.35,0.24,0.03,Suporte,0,0
2014-04-10,124.29,146.21,159.78,170.74,181.70,197.31,217.19,242.46,274.60,0.27,0.24,0.11,Suporte,0,0
2014-04-11,124.29,146.21,159.78,170.74,181.70,197.31,217.19,242.46,274.60,0.11,0.00,0.13,Suporte Forte,0,0
2014-04-14,124.29,146.21,159.78,170.74,181.70,197.31,217.19,242.46,274.60,0.12,0.00,0.12,Suporte Forte,0,0
2014-04-15,124.29,146.21,159.78,170.74,181.70,197.31,217.19,242.46,274.60,0.14,0.00,0.10,Suporte Forte,0,0
2014-04-16,124.29,146.21,159.78,170.74,181.70,197.31,217.19,242.46,274.60,0.11,0.00,0.13,Suporte Forte,0,0
2014-04-17,124.29,146.21,159.78,170.74,181.70,197.31,217.19,242.46,274.60,0.08,0.00,0.16,Suporte Forte,0,0
2014-04-21,124.29,146.21,159.78,170.74,181.70,197.31,217.19,242.46,274.60,0.11,0.00,0.13,Suporte Forte,0,0
2014-04-22,124.29,146.21,159.78,170.74,181.70,197.31,217.19,242.46,274.60,0.18,0.00,0.06,Suporte Forte,0,0
2014-04-23,124.29,146.21,159.78,170.74,181.70,197.31,217.19,242.46,274.60,0.18,0.00,0.06,Suporte Forte,0,0
2014-04-24,124.29,146.21,159.78,170.74,181.70,197.31,217.19,242.46,274.60,0.10,0.00,0.14,Suporte Forte,0,0
2014-04-25,124.29,146.21,159.78,170.74,181.70,197.31,217.19,242.46,274.60,0.02,0.00,0.22,Suporte Forte,0,0
2014-04-28,122.89,145.14,158.91,170.04,181.17,197.01,217.19,242.84,275.47,0.07,0.00,0.17,Suporte Forte,0,0
2014-04-29,122.89,145.14,158.91,170.04,181.17,197.01,217.19,242.84,275.47,0.01,0.00,0.23,Suporte Forte,0,0
2014-04-30,118.69,141.94,156.32,167.94,179.56,196.11,217.19,243.98,278.06,0.03,0.00,0.21,Suporte Forte,0,0
2014-05-01,114.50,138.73,153.73,165.84,177.96,195.21,217.19,245.12,280.65,0.03,0.00,0.21,Suporte Forte,0,0
2014-05-02,112.17,136.95,152.29,164.68,177.07,194.72,217.19,245.76,282.09,0.02,0.00,0.22,Suporte Forte,0,0
2014-05-05,109.68,135.05,150.75,163.44,176.12,194.18,217.19,246.43,283.63,0.04,0.00,0.20,Suporte Forte,0,0
2014-05-06,106.89,132.92,149.02,162.04,175.06,193.59,217.19,247.19,285.36,0.01,0.00,0.23,Suporte Forte,0,0
2014-05-07,100.98,128.41,145.37,159.08,172.80,192.32,217.19,248.80,289.01,0.03,0.00,0.21,Suporte Forte,0,0
2014-05-08,100.98,128.41,145.37,159.08,172.80,192.32,217.19,248.80,289.01,0.01,0.00,0.23,Suporte Forte,0,0
2014-05-09,100.98,128.41,145.37,159.08,172.80,192.32,217.19,248.80,289.01,0.06,0.00,0.18,Suporte Forte,0,0
2014-05-12,100.98,128.41,145.37,159.08,172.80,192.32,217.19,248.80,289.01,0.08,0.00,0.16,Suporte Forte,0,0
2014-05-13,100.98,128.41,145.37,159.08,172.80,192.32,217.19,248.80,289.01,0.03,0.00,0.21,Suporte Forte,0,0
2014-05-14,99.27,127.10,144.32,158.23,172.14,191.96,217.19,249.26,290.06,0.01,0.00,0.23,Suporte Forte,0,0
2014-05-15,94.92,123.78,141.63,156.06,170.48,191.02,217.19,250.45,292.75,0.02,0.00,0.22,Suporte Forte,0,0
2014-05-16,92.13,121.64,139.90,154.66,169.42,190.43,217.19,251.21,294.48,0.02,0.00,0.22,Suporte Forte,0,0
2014-05-19,92.13,121.64,139.90,154.66,169.42,190.43,217.19,251.21,294.48,0.03,0.00,0.21,Suporte Forte,0,0
2014-05-20,91.82,121.41,139.71,154.50,169.30,190.36,217.19,251.29,294.67,0.02,0.00,0.22,Suporte Forte,0,0
2014-05-21,88.55,118.91,137.69,152.87,168.05,189.66,217.19,252.18,296.69,0.03,0.00,0.21,Suporte Forte,0,0
2014-05-22,88.55,118.91,137.69,152.87,168.05,189.66,217.19,252.18,296.69,0.04,0.00,0.20,Suporte Forte,0,0
2014-05-23,88.55,118.91,137.69,152.87,168.05,189.66,217.19,252.18,296.69,0.05,0.00,0.19,Suporte Forte,0,0
2014-05-27,88.55,118.91,137.69,152.87,168.05,189.66,217.19,252.18,296.69,0.05,0.00,0.19,Suporte Forte,0,0
2014-05-28,88.55,118.91,137.69,152.87,168.05,189.66,217.19,252.18,296.69,0.04,0.00,0.20,Suporte Forte,0,0
2014-05-29,88.55,118.91,137.69,152.87,168.05,189.66,217.19,252.18,296.69,0.06,0.00,0.18,Suporte Forte,0,0
2014-05-30,88.55,118.91,137.69,152.87,168.05,189.66,217.19,252.18,296.69,0.05,0.00,0.19,Suporte Forte,0,0
2014-06-02,88.55,118.91,137.69,152.87,168.05,189.66,217.19,252.18,296.69,0.04,0.00,0.20,Suporte Forte,0,0
2014-06-03,88.09,118.56,137.41,152.64,167.87,189.56,217.19,252.31,296.97,0.01,0.00,0.23,Suporte Forte,0,0
2014-06-04,87.31,117.96,136.92,152.25,167.58,189.40,217.19,252.52,297.46,0.01,0.00,0.23,Suporte Forte,0,0
2014-06-05,85.91,116.89,136.06,151.55,167.04,189.10,217.19,252.90,298.32,0.02,0.00,0.22,Suporte Forte,0,0
2014-06-06,85.91,116.89,136.06,151.55,167.04,189.10,217.19,252.90,298.32,0.05,0.00,0.19,Suporte Forte,0,0
2014-06-09,85.91,116.89,136.06,151.55,167.04,189.10,217.19,252.90,298.32,0.07,0.00,0.17,Suporte Forte,0,0
2014-06-10,85.91,110.48,125.67,137.95,150.24,167.72,190.00,218.31,254.33,0.22,0.00,0.02,Suporte Forte,0,0
2014-06-11,85.91,107.80,121.34,132.28,143.23,158.81,178.66,203.89,235.98,0.24,0.24,0.14,Suporte,0,0
2014-06-12,85.91,107.43,120.75,131.51,142.27,157.59,177.11,201.92,233.47,0.21,0.00,0.03,Suporte Forte,0,0
2014-06-13,85.91,106.63,119.44,129.80,140.16,154.91,173.69,197.57,227.94,0.19,0.00,0.05,Suporte Forte,0,0
2014-06-16,85.91,106.26,118.85,129.02,139.20,153.69,172.14,195.59,225.43,0.16,0.00,0.08,Suporte Forte,0,0
2014-06-17,85.91,106.19,118.73,128.87,139.01,153.44,171.83,195.20,224.93,0.15,0.00,0.09,Suporte Forte,0,0
2014-06-18,85.91,103.29,114.04,122.73,131.42,143.79,159.55,179.58,205.06,0.23,0.00,0.01,Suporte Forte,0,0
2014-06-19,85.91,103.29,114.04,122.73,131.42,143.79,159.55,179.58,205.06,0.21,0.00,0.03,Suporte Forte,0,0
2014-06-20,85.91,103.29,114.04,122.73,131.42,143.79,159.55,179.58,205.06,0.21,0.00,0.03,Suporte Forte,0,0
2014-06-23,85.91,100.80,110.01,117.45,124.89,135.49,148.99,166.15,187.97,0.16,0.00,0.08,Suporte Forte,0,0
2014-06-24,85.91,100.10,108.88,115.98,123.07,133.17,146.04,162.40,183.20,0.14,0.00,0.10,Suporte Forte,0,0
2014-06-25,85.60,99.86,108.69,115.82,122.95,133.11,146.04,162.48,183.39,0.03,0.00,0.21,Suporte Forte,0,0
2014-06-26,85.60,99.86,108.69,115.82,122.95,133.11,146.04,162.48,183.39,0.03,0.00,0.21,Suporte Forte,0,0
2014-06-27,85.60,99.86,108.69,115.82,122.95,133.11,146.04,162.48,183.39,0.10,0.00,0.14,Suporte Forte,0,0
2014-06-30,85.60,99.86,108.69,115.82,122.95,133.11,146.04,162.48,183.39,0.21,0.00,0.03,Suporte Forte,0,0
2014-07-01,85.60,99.86,108.69,115.82,122.95,133.11,146.04,162.48,183.39,0.29,0.24,0.09,Suporte,0,0
2014-07-02,85.60,99.86,108.69,115.82,122.95,133.11,146.04,162.48,183.39,0.26,0.24,0.12,Suporte,0,0
2014-07-03,85.60,99.35,107.86,114.73,121.60,131.39,143.86,159.71,179.86,0.32,0.24,0.06,Suporte,0,0
2014-07-07,85.60,96.75,103.64,109.22,114.79,122.72,132.83,145.68,162.02,0.24,0.24,0.14,Suporte,0,0
2014-07-08,85.60,96.75,103.64,109.22,114.79,122.72,132.83,145.68,162.02,0.18,0.00,0.06,Suporte Forte,0,0
2014-07-09,85.60,96.75,103.64,109.22,114.79,122.72,132.83,145.68,162.02,0.20,0.00,0.04,Suporte Forte,0,0
2014-07-10,85.60,94.88,100.62,105.26,109.89,116.50,124.91,135.60,149.20,0.30,0.24,0.08,Suporte,0,0
2014-07-11,85.60,94.36,99.78,104.16,108.55,114.78,122.73,132.83,145.68,0.33,0.24,0.05,Suporte,0,0
2014-07-14,85.60,93.74,98.78,102.84,106.91,112.71,120.09,129.47,141.40,0.46,0.38,0.04,Zona de Consolidação,0,0
2014-07-15,85.60,92.90,97.41,101.06,104.71,109.90,116.52,124.93,135.63,0.45,0.38,0.05,Zona de Consolidação,0,0
2014-07-16,85.60,92.82,97.29,100.90,104.52,109.66,116.21,124.54,135.13,0.39,0.38,0.11,Zona de Consolidação,1,0
2014-07-17,85.60,92.68,97.06,100.60,104.13,109.17,115.59,123.75,134.12,0.40,0.38,0.10,Zona de Consolidação,1,0
2014-07-18,85.60,92.68,97.06,100.60,104.13,109.17,115.59,123.75,134.12,0.51,0.50,0.11,Zona de Consolidação,0,0
2014-07-21,85.60,92.68,97.06,100.60,104.13,109.17,115.59,123.75,134.12,0.58,0.50,0.04,Zona de Consolidação,0,0
2014-07-22,85.60,92.68,97.06,100.60,104.13,109.17,115.59,123.75,134.12,0.73,0.62,0.06,Resistência,0,0
2014-07-23,85.60,92.60,96.94,100.44,103.94,108.93,115.28,123.35,133.62,0.73,0.62,0.06,Resistência,0,0
2014-07-24,85.60,92.53,96.82,100.28,103.74,108.68,114.96,122.95,133.10,0.83,0.79,0.17,Resistência Forte,0,0
2014-07-25,85.60,92.53,96.82,100.28,103.74,108.68,114.96,122.95,133.10,0.82,0.79,0.18,Resistência Forte,0,1
2014-07-28,85.60,92.53,96.82,100.28,103.74,108.68,114.96,122.95,133.10,0.83,0.79,0.17,Resistência Forte,0,0
2014-07-29,85.60,92.53,96.82,100.28,103.74,108.68,114.96,122.95,133.10,0.72,0.62,0.07,Resistência,0,0
2014-07-30,85.60,92.53,96.82,100.28,103.74,108.68,114.96,122.95,133.10,0.71,0.62,0.08,Resistência,0,0
2014-07-31,85.60,92.53,96.82,100.28,103.74,108.68,114.96,122.95,133.10,0.52,0.50,0.10,Zona de Consolidação,0,0
2014-08-01,85.60,92.53,96.82,100.28,103.74,108.68,114.96,122.95,133.10,0.56,0.50,0.06,Zona de Consolidação,0,0
2014-08-04,85.60,92.53,96.82,100.28,103.74,108.68,114.96,122.95,133.10,0.57,0.50,0.05,Zona de Consolidação,0,0
2014-08-05,85.60,92.53,96.82,100.28,103.74,108.68,114.96,122.95,133.10,0.59,0.50,0.03,Zona de Consolidação,1,0
2014-08-06,85.60,92.53,96.82,100.28,103.74,108.68,114.96,122.95,133.10,0.57,0.50,0.05,Zona de Consolidação,0,0
2014-08-07,85.60,92.53,96.82,100.28,103.74,108.68,114.96,122.95,133.10,0.60,0.50,0.02,Zona de Consolidação,1,0
2014-08-08,85.60,92.53,96.82,100.28,103.74,108.68,114.96,122.95,133.10,0.57,0.50,0.05,Zona de Consolidação,0,0
2014-08-11,85.60,92.53,96.82,100.28,103.74,108.68,114.96,122.95,133.10,0.58,0.50,0.04,Zona de Consolidação,0,0
2014-08-12,85.60,92.53,96.82,100.28,103.74,108.68,114.96,122.95,133.10,0.55,0.50,0.07,Zona de Consolidação,0,0
2014-08-13,85.60,92.53,96.82,100.28,103.74,108.68,114.96,122.95,133.10,0.57,0.50,0.05,Zona de Consolidação,0,0
2014-08-14,85.60,92.53,96.82,100.28,103.74,108.68,114.96,122.95,133.10,0.60,0.50,0.02,Zona de Consolidação,1,0
2014-08-15,85.60,92.53,96.82,100.28,103.74,108.68,114.96,122.95,133.10,0.62,0.62,0.17,Resistência,1,0
2014-08-18,85.60,92.53,96.82,100.28,103.74,108.68,114.96,122.95,133.10,0.62,0.62,0.17,Resistência,1,0
2014-08-19,85.60,92.53,96.82,100.28,103.74,108.68,114.96,122.95,133.10,0.67,0.62,0.12,Resistência,0,0
2014-08-20,85.60,92.16,96.22,99.50,102.79,107.46,113.41,120.97,130.60,0.88,0.79,0.12,Resistência Forte,0,0
2014-08-21,85.60,91.98,95.93,99.12,102.30,106.85,112.63,119.98,129.33,0.88,0.79,0.12,Resistência Forte,0,0
2014-08-22,85.60,91.98,95.93,99.12,102.30,106.85,112.63,119.98,129.33,0.85,0.79,0.15,Resistência Forte,0,0
2014-08-25,85.60,91.98,95.93,99.12,102.30,106.85,112.63,119.98,129.33,0.83,0.79,0.17,Resistência Forte,0,0
2014-08-26,85.60,92.75,97.17,100.75,104.33,109.42,115.90,124.14,134.63,0.89,0.79,0.11,Resistência Forte,0,0
2014-08-27,85.60,92.75,97.17,100.75,104.33,109.42,115.90,124.14,134.63,0.90,0.79,0.10,Resistência Forte,0,0
2014-08-28,85.60,92.75,97.17,100.75,104.33,109.42,115.90,124.14,134.63,0.86,0.79,0.14,Resistência Forte,0,0
2014-08-29,85.60,92.75,97.17,100.75,104.33,109.42,115.90,124.14,134.63,0.91,0.79,0.09,Resistência Forte,0,0
2014-09-02,85.60,92.75,97.17,100.75,104.33,109.42,115.90,124.14,134.63,0.86,0.79,0.14,Resistência Forte,0,0
2014-09-03,85.60,92.75,97.17,100.75,104.33,109.42,115.90,124.14,134.63,0.74,0.62,0.05,Resistência,0,0
2014-09-04,85.60,92.75,97.17,100.75,104.33,109.42,115.90,124.14,134.63,0.71,0.62,0.08,Resistência,0,0
2014-09-05,85.76,92.87,97.27,100.83,104.39,109.45,115.90,124.10,134.53,0.75,0.62,0.04,Resistência,0,0
2014-09-08,86.38,93.35,97.66,101.14,104.62,109.58,115.90,123.93,134.14,0.75,0.62,0.04,Resistência,0,0
2014-09-09,90.88,96.78,100.44,103.39,106.34,110.55,115.90,122.71,131.36,0.73,0.62,0.06,Resistência,0,0
2014-09-10,91.51,97.27,100.83,103.71,106.58,110.68,115.90,122.53,130.97,0.73,0.62,0.06,Resistência,0,0
2014-09-11,91.51,97.27,100.83,103.71,106.58,110.68,115.90,122.53,130.97,0.73,0.62,0.06,Resistência,0,0
2014-09-12,91.51,97.63,101.42,104.48,107.54,111.90,117.45,124.51,133.48,0.80,0.79,0.20,Resistência Forte,0,1
2014-09-15,91.51,97.63,101.42,104.48,107.54,111.90,117.45,124.51,133.48,0.97,0.79,0.03,Resistência Forte,0,1
2014-09-16,91.51,97.63,101.42,104.48,107.54,111.90,117.45,124.51,133.48,0.81,0.79,0.19,Resistência Forte,0,1
2014-09-17,91.51,97.63,101.42,104.48,107.54,111.90,117.45,124.51,133.48,0.66,0.62,0.13,Resistência,0,0
2014-09-18,91.51,97.63,101.42,104.48,107.54,111.90,117.45,124.51,133.48,0.44,0.38,0.06,Zona de Consolidação,0,0
2014-09-19,95.23,100.47,103.72,106.34,108.96,112.69,117.45,123.49,131.18,0.42,0.38,0.08,Zona de Consolidação,1,0
2014-09-22,95.23,100.47,103.72,106.34,108.96,112.69,117.45,123.49,131.18,0.55,0.50,0.07,Zona de Consolidação,0,0
2014-09-23,95.23,100.47,103.72,106.34,108.96,112.69,117.45,123.49,131.18,0.54,0.50,0.08,Zona de Consolidação,0,0
2014-09-24,95.23,100.47,103.72,106.34,108.96,112.69,117.45,123.49,131.18,0.55,0.50,0.07,Zona de Consolidação,0,0
2014-09-25,95.23,100.47,103.72,106.34,108.96,112.69,117.45,123.49,131.18,0.56,0.50,0.06,Zona de Consolidação,0,0
2014-09-26,95.70,100.83,104.01,106.58,109.14,112.80,117.45,123.37,130.89,0.48,0.38,0.02,Zona de Consolidação,0,0
2014-09-29,95.70,100.83,104.01,106.58,109.14,112.80,117.45,123.37,130.89,0.53,0.50,0.09,Zona de Consolidação,0,0
2014-09-30,95.70,100.83,104.01,106.58,109.14,112.80,117.45,123.37,130.89,0.53,0.50,0.09,Zona de Consolidação,0,0
2014-10-01,95.70,100.83,104.01,106.58,109.14,112.80,117.45,123.37,130.89,0.41,0.38,0.09,Zona de Consolidação,1,0
2014-10-02,95.70,100.83,104.01,106.58,109.14,112.80,117.45,123.37,130.89,0.51,0.50,0.11,Zona de Consolidação,0,0
2014-10-03,95.70,100.83,104.01,106.58,109.14,112.80,117.45,123.37,130.89,0.56,0.50,0.06,Zona de Consolidação,0,0
2014-10-06,95.70,100.83,104.01,106.58,109.14,112.80,117.45,123.37,130.89,0.71,0.62,0.08,Resistência,0,0
2014-10-07,95.70,100.83,104.01,106.58,109.14,112.80,117.45,123.37,130.89,0.71,0.62,0.08,Resistência,0,0
2014-10-08,95.70,100.83,104.01,106.58,109.14,112.80,117.45,123.37,130.89,0.74,0.62,0.05,Resistência,0,1
2014-10-09,95.70,100.83,104.01,106.58,109.14,112.80,117.45,123.37,130.89,0.78,0.62,0.01,Resistência,0,1
2014-10-10,95.70,101.16,104.54,107.28,110.01,113.90,118.85,125.15,133.16,0.90,0.79,0.10,Resistência Forte,0,0
2014-10-13,95.70,103.66,108.58,112.56,116.53,122.20,129.41,138.58,150.24,0.81,0.79,0.19,Resistência Forte,0,1
2014-10-14,98.19,105.56,110.12,113.80,117.48,122.73,129.41,137.90,148.70,0.63,0.62,0.16,Resistência,1,0
2014-10-15,98.19,105.56,110.12,113.80,117.48,122.73,129.41,137.90,148.70,0.68,0.62,0.11,Resistência,0,0
2014-10-16,98.19,105.56,110.12,113.80,117.48,122.73,129.41,137.90,148.70,0.65,0.62,0.14,Resistência,1,0
2014-10-17,99.12,106.27,110.69,114.26,117.84,122.93,129.41,137.65,148.13,0.75,0.62,0.04,Resistência,0,1
2014-10-20,99.12,106.27,110.69,114.26,117.84,122.93,129.41,137.65,148.13,0.81,0.79,0.19,Resistência Forte,0,1
2014-10-21,99.12,106.27,110.69,114.26,117.84,122.93,129.41,137.65,148.13,0.77,0.62,0.02,Resistência,0,1
2014-10-22,100.21,107.10,111.36,114.81,118.26,123.16,129.41,137.35,147.46,0.66,0.62,0.13,Resistência,0,0
2014-10-23,101.29,107.93,112.03,115.35,118.67,123.39,129.41,137.06,146.79,0.79,0.79,0.21,Resistência Forte,0,1
2014-10-24,101.29,107.93,112.03,115.35,118.67,123.39,129.41,137.06,146.79,0.73,0.62,0.06,Resistência,0,0
2014-10-27,101.29,107.93,112.03,115.35,118.67,123.39,129.41,137.06,146.79,0.75,0.62,0.04,Resistência,0,1
2014-10-28,101.29,107.93,112.03,115.35,118.67,123.39,129.41,137.06,146.79,0.76,0.62,0.03,Resistência,0,1
2014-10-29,102.07,108.52,112.51,115.74,118.97,123.56,129.41,136.85,146.31,0.78,0.62,0.01,Resistência,0,1
2014-10-30,102.69,109.00,112.90,116.05,119.20,123.69,129.41,136.68,145.92,0.80,0.79,0.20,Resistência Forte,0,1
2014-10-31,102.69,109.00,112.90,116.05,119.20,123.69,129.41,136.68,145.92,0.84,0.79,0.16,Resistência Forte,0,0
2014-11-03,102.69,109.00,112.90,116.05,119.20,123.69,129.41,136.68,145.92,0.87,0.79,0.13,Resistência Forte,0,0
2014-11-04,102.69,109.00,112.90,116.05,119.20,123.69,129.41,136.68,145.92,0.84,0.79,0.16,Resistência Forte,0,0
2014-11-05,102.69,109.00,112.90,116.05,119.20,123.69,129.41,136.68,145.92,0.76,0.62,0.03,Resistência,0,1
2014-11-06,102.69,109.00,112.90,116.05,119.20,123.69,129.41,136.68,145.92,0.74,0.62,0.05,Resistência,0,0
2014-11-07,102.69,109.00,112.90,116.05,119.20,123.69,129.41,136.68,145.92,0.76,0.62,0.03,Resistência,0,1
2014-11-10,102.69,109.00,112.90,116.05,119.20,123.69,129.41,136.68,145.92,0.81,0.79,0.19,Resistência Forte,0,1
2014-11-11,102.69,109.00,112.90,116.05,119.20,123.69,129.41,136.68,145.92,0.81,0.79,0.19,Resistência Forte,0,1
2014-11-12,102.69,109.00,112.90,116.05,119.20,123.69,129.41,136.68,145.92,0.78,0.62,0.01,Resistência,0,1
2014-11-13,102.69,109.00,112.90,116.05,119.20,123.69,129.41,136.68,145.92,0.61,0.50,0.01,Zona de Consolidação,1,0
2014-11-14,102.69,109.00,112.90,116.05,119.20,123.69,129.41,136.68,145.92,0.56,0.50,0.06,Zona de Consolidação,0,0
2014-11-17,102.69,109.00,112.90,116.05,119.20,123.69,129.41,136.68,145.92,0.20,0.00,0.04,Suporte Forte,0,0
2014-11-18,102.69,109.00,112.90,116.05,119.20,123.69,129.41,136.68,145.92,0.15,0.00,0.09,Suporte Forte,0,0
2014-11-19,102.69,109.00,112.90,116.05,119.20,123.69,129.41,136.68,145.92,0.06,0.00,0.18,Suporte Forte,0,0
2014-11-20,102.69,109.00,112.90,116.05,119.20,123.69,129.41,136.68,145.92,0.17,0.00,0.07,Suporte Forte,0,0
2014-11-21,102.69,109.00,112.90,116.05,119.20,123.69,129.41,136.68,145.92,0.06,0.00,0.18,Suporte Forte,0,0
2014-11-24,102.69,109.00,112.90,116.05,119.20,123.69,129.41,136.68,145.92,0.17,0.00,0.07,Suporte Forte,0,0
2014-11-25,102.69,109.00,112.90,116.05,119.20,123.69,129.41,136.68,145.92,0.16,0.00,0.08,Suporte Forte,0,0
2014-11-26,102.69,109.00,112.90,116.05,119.20,123.69,129.41,136.68,145.92,0.07,0.00,0.17,Suporte Forte,0,0
2014-11-28,97.25,104.84,109.54,113.33,117.12,122.53,129.41,138.16,149.28,0.06,0.00,0.18,Suporte Forte,0,0
2014-12-01,96.32,104.13,108.96,112.86,116.77,122.33,129.41,138.41,149.86,0.09,0.00,0.15,Suporte Forte,0,0
2014-12-02,96.32,104.13,108.96,112.86,116.77,122.33,129.41,138.41,149.86,0.14,0.00,0.10,Suporte Forte,0,0
2014-12-03,96.32,104.13,108.96,112.86,116.77,122.33,129.41,138.41,149.86,0.13,0.00,0.11,Suporte Forte,0,0
2014-12-04,96.32,104.13,108.96,112.86,116.77,122.33,129.41,138.41,149.86,0.08,0.00,0.16,Suporte Forte,0,0
2014-12-05,96.32,104.13,108.96,112.86,116.77,122.33,129.41,138.41,149.86,0.02,0.00,0.22,Suporte Forte,0,0
2014-12-08,89.02,98.55,104.45,109.22,113.98,120.77,129.41,140.40,154.37,0.07,0.00,0.17,Suporte Forte,0,0
2014-12-09,80.16,91.78,98.97,104.78,110.60,118.87,129.41,142.81,159.85,0.26,0.24,0.12,Suporte,0,0
2014-12-10,80.16,91.78,98.97,104.78,110.60,118.87,129.41,142.81,159.85,0.07,0.00,0.17,Suporte Forte,0,0
2014-12-11,63.85,79.32,88.89,96.63,104.37,115.38,129.41,147.24,169.93,0.02,0.00,0.22,Suporte Forte,0,0
2014-12-12,62.14,78.02,87.84,95.78,103.71,115.01,129.41,147.71,170.98,0.05,0.00,0.19,Suporte Forte,0,0
2014-12-15,62.14,78.02,87.84,95.78,103.71,115.01,129.41,147.71,170.98,0.02,0.00,0.22,Suporte Forte,0,0
2014-12-16,55.46,72.91,83.71,92.44,101.16,113.58,129.41,149.52,175.11,0.08,0.00,0.16,Suporte Forte,0,0
2014-12-17,55.46,72.91,83.71,92.44,101.16,113.58,129.41,149.52,175.11,0.13,0.00,0.11,Suporte Forte,0,0
2014-12-18,55.46,72.91,83.71,92.44,101.16,113.58,129.41,149.52,175.11,0.12,0.00,0.12,Suporte Forte,0,0
2014-12-19,55.46,72.91,83.71,92.44,101.16,113.58,129.41,149.52,175.11,0.12,0.00,0.12,Suporte Forte,0,0
2014-12-22,55.46,72.91,83.71,92.44,101.16,113.58,129.41,149.52,175.11,0.13,0.00,0.11,Suporte Forte,0,0
2014-12-23,55.46,72.80,83.53,92.20,100.88,113.22,128.95,148.94,174.37,0.05,0.00,0.19,Suporte Forte,0,0
2014-12-24,55.46,72.80,83.53,92.20,100.88,113.22,128.95,148.94,174.37,0.07,0.00,0.17,Suporte Forte,0,0
2014-12-26,55.46,72.80,83.53,92.20,100.88,113.22,128.95,148.94,174.37,0.09,0.00,0.15,Suporte Forte,0,0
2014-12-29,55.46,72.80,83.53,92.20,100.88,113.22,128.95,148.94,174.37,0.09,0.00,0.15,Suporte Forte,0,0
2014-12-30,55.46,72.80,83.53,92.20,100.88,113.22,128.95,148.94,174.37,0.15,0.00,0.09,Suporte Forte,0,0
2014-12-31,55.46,72.80,83.53,92.20,100.88,113.22,128.95,148.94,174.37,0.15,0.00,0.09,Suporte Forte,0,0
2015-01-02,55.46,72.80,83.53,92.20,100.88,113.22,128.95,148.94,174.37,0.16,0.00,0.08,Suporte Forte,0,0
2015-01-05,55.46,72.80,83.53,92.20,100.88,113.22,128.95,148.94,174.37,0.20,0.00,0.04,Suporte Forte,0,0
2015-01-06,55.46,72.80,83.53,92.20,100.88,113.22,128.95,148.94,174.37,0.15,0.00,0.09,Suporte Forte,0,0
2015-01-07,55.46,72.80,83.53,92.20,100.88,113.22,128.95,148.94,174.37,0.17,0.00,0.07,Suporte Forte,0,0
2015-01-08,55.46,72.80,83.53,92.20,100.88,113.22,128.95,148.94,174.37,0.16,0.00,0.08,Suporte Forte,0,0
2015-01-09,55.46,72.80,83.53,92.20,100.88,113.22,128.95,148.94,174.37,0.12,0.00,0.12,Suporte Forte,0,0
2015-01-12,55.46,72.80,83.53,92.20,100.88,113.22,128.95,148.94,174.37,0.09,0.00,0.15,Suporte Forte,0,0
2015-01-13,55.46,72.80,83.53,92.20,100.88,113.22,128.95,148.94,174.37,0.07,0.00,0.17,Suporte Forte,0,0
2015-01-14,55.46,72.80,83.53,92.20,100.88,113.22,128.95,148.94,174.37,0.09,0.00,0.15,Suporte Forte,0,0
2015-01-15,55.46,72.80,83.53,92.20,100.88,113.22,128.95,148.94,174.37,0.08,0.00,0.16,Suporte Forte,0,0
2015-01-16,55.46,72.80,83.53,92.20,100.88,113.22,128.95,148.94,174.37,0.09,0.00,0.15,Suporte Forte,0,0
2015-01-20,55.46,72.80,83.53,92.20,100.88,113.22,128.95,148.94,174.37,0.07,0.00,0.17,Suporte Forte,0,0
2015-01-21,55.46,72.00,82.23,90.50,98.76,110.54,125.53,144.59,168.83,0.04,0.00,0.20,Suporte Forte,0,0
2015-01-22,55.46,72.00,82.23,90.50,98.76,110.54,125.53,144.59,168.83,0.05,0.00,0.19,Suporte Forte,0,0
2015-01-23,55.46,72.00,82.23,90.50,98.76,110.54,125.53,144.59,168.83,0.03,0.00,0.21,Suporte Forte,0,0
2015-01-26,55.46,71.85,81.99,90.18,98.38,110.05,124.91,143.80,167.83,0.02,0.00,0.22,Suporte Forte,0,0
2015-01-27,55.46,71.70,81.75,89.88,98.00,109.56,124.29,143.01,166.83,0.03,0.00,0.21,Suporte Forte,0,0
2015-01-28,55.46,70.71,80.15,87.78,95.40,106.26,120.09,137.67,160.03,0.04,0.00,0.20,Suporte Forte,0,0
2015-01-29,55.46,70.13,79.20,86.54,93.87,104.31,117.61,134.51,156.02,0.07,0.00,0.17,Suporte Forte,0,0
2015-01-30,55.46,68.55,76.65,83.20,89.74,99.06,110.93,126.02,145.21,0.10,0.00,0.14,Suporte Forte,0,0
2015-02-02,55.46,68.37,76.35,82.80,89.26,98.45,110.15,125.03,143.95,0.10,0.00,0.14,Suporte Forte,0,0
2015-02-03,55.46,68.37,76.35,82.80,89.26,98.45,110.15,125.03,143.95,0.07,0.00,0.17,Suporte Forte,0,0
2015-02-04,55.46,68.37,76.35,82.80,89.26,98.45,110.15,125.03,143.95,0.10,0.00,0.14,Suporte Forte,0,0
2015-02-05,55.46,68.37,76.35,82.80,89.26,98.45,110.15,125.03,143.95,0.11,0.00,0.13,Suporte Forte,0,0
2015-02-06,55.46,68.37,76.35,82.80,89.26,98.45,110.15,125.03,143.95,0.12,0.00,0.12,Suporte Forte,0,0
2015-02-09,55.46,68.37,76.35,82.80,89.26,98.45,110.15,125.03,143.95,0.18,0.00,0.06,Suporte Forte,0,0
2015-02-10,55.46,67.45,74.87,80.86,86.85,95.39,106.26,120.08,137.65,0.24,0.24,0.14,Suporte,0,0
2015-02-11,55.46,67.38,74.75,80.70,86.66,95.15,105.95,119.68,137.15,0.34,0.24,0.04,Suporte,0,0
2015-02-12,55.46,67.38,74.75,80.70,86.66,95.15,105.95,119.68,137.15,0.45,0.38,0.05,Zona de Consolidação,0,0
2015-02-13,55.46,67.38,74.75,80.70,86.66,95.15,105.95,119.68,137.15,0.44,0.38,0.06,Zona de Consolidação,0,0
2015-02-17,55.46,67.38,74.75,80.70,86.66,95.15,105.95,119.68,137.15,0.44,0.38,0.06,Zona de Consolidação,0,0
2015-02-18,55.46,67.38,74.75,80.70,86.66,95.15,105.95,119.68,137.15,0.42,0.38,0.08,Zona de Consolidação,0,0
2015-02-19,55.46,67.38,74.75,80.70,86.66,95.15,105.95,119.68,137.15,0.45,0.38,0.05,Zona de Consolidação,0,0
2015-02-20,55.46,64.74,70.48,75.11,79.75,86.36,94.77,105.46,119.06,0.73,0.62,0.06,Resistência,0,0
2015-02-23,55.46,64.44,70.00,74.50,78.99,85.38,93.53,103.89,117.06,0.85,0.79,0.15,Resistência Forte,0,0
2015-02-24,55.46,63.93,69.17,73.40,77.64,83.67,91.35,101.11,113.53,0.84,0.79,0.16,Resistência Forte,0,0
2015-02-25,55.46,63.93,69.17,73.40,77.64,83.67,91.35,101.11,113.53,0.90,0.79,0.10,Resistência Forte,0,0
2015-02-26,55.46,64.37,69.88,74.33,78.79,85.13,93.21,103.48,116.54,0.99,0.79,0.01,Resistência Forte,0,1
2015-02-27,55.46,66.53,73.38,78.92,84.46,92.34,102.38,115.14,131.38,0.77,0.62,0.02,Resistência,0,1
2015-03-02,56.08,67.01,73.77,79.23,84.69,92.47,102.38,114.97,130.99,0.69,0.62,0.10,Resistência,0,0
2015-03-03,56.08,67.01,73.77,79.23,84.69,92.47,102.38,114.97,130.99,0.71,0.62,0.08,Resistência,0,0
2015-03-04,56.08,67.01,73.77,79.23,84.69,92.47,102.38,114.97,130.99,0.63,0.62,0.16,Resistência,1,0
2015-03-05,56.08,67.01,73.77,79.23,84.69,92.47,102.38,114.97,130.99,0.71,0.62,0.08,Resistência,0,0
2015-03-06,56.08,67.01,73.77,79.23,84.69,92.47,102.38,114.97,130.99,0.68,0.62,0.11,Resistência,0,0
2015-03-09,56.08,67.01,73.77,79.23,84.69,92.47,102.38,114.97,130.99,0.70,0.62,0.09,Resistência,0,0
2015-03-10,56.08,67.01,73.77,79.23,84.69,92.47,102.38,114.97,130.99,0.68,0.62,0.11,Resistência,0,0
2015-03-11,56.08,67.01,73.77,79.23,84.69,92.47,102.38,114.97,130.99,0.82,0.79,0.18,Resistência Forte,0,0
2015-03-12,56.08,67.01,73.77,79.23,84.69,92.47,102.38,114.97,130.99,0.82,0.79,0.18,Resistência Forte,0,0
2015-03-13,56.08,67.01,73.77,79.23,84.69,92.47,102.38,114.97,130.99,0.85,0.79,0.15,Resistência Forte,0,0
2015-03-16,56.08,67.01,73.77,79.23,84.69,92.47,102.38,114.97,130.99,0.82,0.79,0.18,Resistência Forte,0,0
2015-03-17,56.08,67.01,73.77,79.23,84.69,92.47,102.38,114.97,130.99,0.80,0.79,0.20,Resistência Forte,0,1
2015-03-18,56.08,67.01,73.77,79.23,84.69,92.47,102.38,114.97,130.99,0.82,0.79,0.18,Resistência Forte,0,0
2015-03-19,56.08,67.01,73.77,79.23,84.69,92.47,102.38,114.97,130.99,0.84,0.79,0.16,Resistência Forte,0,0
2015-03-20,56.08,67.01,73.77,79.23,84.69,92.47,102.38,114.97,130.99,0.90,0.79,0.10,Resistência Forte,0,0
2015-03-23,29.05,46.36,57.06,65.72,74.37,86.69,102.38,122.33,147.70,0.01,0.00,0.23,Suporte Forte,0,0
2015-03-24,29.05,46.36,57.06,65.72,74.37,86.69,102.38,122.33,147.70,0.02,0.00,0.22,Suporte Forte,0,0
2015-03-25,28.59,46.00,56.78,65.48,74.19,86.59,102.38,122.45,147.98,0.01,0.00,0.23,Suporte Forte,0,0
2015-03-26,27.81,45.41,56.30,65.10,73.89,86.42,102.38,122.66,148.46,0.01,0.00,0.23,Suporte Forte,0,0
2015-03-27,26.57,44.46,55.53,64.47,73.42,86.16,102.38,123.00,149.23,0.01,0.00,0.23,Suporte Forte,0,0
2015-03-30,26.26,44.22,55.34,64.32,73.30,86.09,102.38,123.08,149.42,0.01,0.00,0.23,Suporte Forte,0,0
2015-03-31,26.26,44.22,55.34,64.32,73.30,86.09,102.38,123.08,149.42,0.02,0.00,0.22,Suporte Forte,0,0
2015-04-01,26.26,44.22,55.34,64.32,73.30,86.09,102.38,123.08,149.42,0.02,0.00,0.22,Suporte Forte,0,0
2015-04-02,26.26,44.22,55.34,64.32,73.30,86.09,102.38,123.08,149.42,0.02,0.00,0.22,Suporte Forte,0,0
2015-04-06,26.26,44.22,55.34,64.32,73.30,86.09,102.38,123.08,149.42,0.02,0.00,0.22,Suporte Forte,0,0
2015-04-07,26.26,44.22,55.34,64.32,73.30,86.09,102.38,123.08,149.42,0.04,0.00,0.20,Suporte Forte,0,0
2015-04-08,26.26,44.22,55.34,64.32,73.30,86.09,102.38,123.08,149.42,0.04,0.00,0.20,Suporte Forte,0,0
2015-04-09,26.26,44.22,55.34,64.32,73.30,86.09,102.38,123.08,149.42,0.03,0.00,0.21,Suporte Forte,0,0
2015-04-10,26.26,44.22,55.34,64.32,73.30,86.09,102.38,123.08,149.42,0.04,0.00,0.20,Suporte Forte,0,0
2015-04-13,26.26,44.22,55.34,64.32,73.30,86.09,102.38,123.08,149.42,0.04,0.00,0.20,Suporte Forte,0,0
2015-04-14,26.26,44.22,55.34,64.32,73.30,86.09,102.38,123.08,149.42,0.05,0.00,0.19,Suporte Forte,0,0
2015-04-15,26.26,44.22,55.34,64.32,73.30,86.09,102.38,123.08,149.42,0.06,0.00,0.18,Suporte Forte,0,0
2015-04-16,26.26,44.22,55.34,64.32,73.30,86.09,102.38,123.08,149.42,0.09,0.00,0.15,Suporte Forte,0,0
2015-04-17,26.26,44.22,55.34,64.32,73.30,86.09,102.38,123.08,149.42,0.09,0.00,0.15,Suporte Forte,0,0
2015-04-20,26.26,44.22,55.34,64.32,73.30,86.09,102.38,123.08,149.42,0.14,0.00,0.10,Suporte Forte,0,0
2015-04-21,26.26,44.22,55.34,64.32,73.30,86.09,102.38,123.08,149.42,0.11,0.00,0.13,Suporte Forte,0,0
2015-04-22,26.26,44.22,55.34,64.32,73.30,86.09,102.38,123.08,149.42,0.08,0.00,0.16,Suporte Forte,0,0
2015-04-23,26.26,44.22,55.34,64.32,73.30,86.09,102.38,123.08,149.42,0.10,0.00,0.14,Suporte Forte,0,0
2015-04-24,26.26,44.22,55.34,64.32,73.30,86.09,102.38,123.08,149.42,0.10,0.00,0.14,Suporte Forte,0,0
2015-04-27,26.26,44.22,55.34,64.32,73.30,86.09,102.38,123.08,149.42,0.08,0.00,0.16,Suporte Forte,0,0
2015-04-28,26.26,44.22,55.34,64.32,73.30,86.09,102.38,123.08,149.42,0.08,0.00,0.16,Suporte Forte,0,0
2015-04-29,26.26,44.22,55.34,64.32,73.30,86.09,102.38,123.08,149.42,0.07,0.00,0.17,Suporte Forte,0,0
2015-04-30,26.26,44.22,55.34,64.32,73.30,86.09,102.38,123.08,149.42,0.06,0.00,0.18,Suporte Forte,0,0
2015-05-01,26.26,44.22,55.34,64.32,73.30,86.09,102.38,123.08,149.42,0.06,0.00,0.18,Suporte Forte,0,0
2015-05-04,26.26,44.22,55.34,64.32,73.30,86.09,102.38,123.08,149.42,0.09,0.00,0.15,Suporte Forte,0,0
2015-05-05,26.26,44.22,55.34,64.32,73.30,86.09,102.38,123.08,149.42,0.07,0.00,0.17,Suporte Forte,0,0
2015-05-06,26.26,44.22,55.34,64.32,73.30,86.09,102.38,123.08,149.42,0.07,0.00,0.17,Suporte Forte,0,0
2015-05-07,26.26,44.22,55.34,64.32,73.30,86.09,102.38,123.08,149.42,0.07,0.00,0.17,Suporte Forte,0,0
2015-05-08,26.26,44.22,55.34,64.32,73.30,86.09,102.38,123.08,149.42,0.07,0.00,0.17,Suporte Forte,0,0
2015-05-11,26.26,43.89,54.80,63.62,72.44,84.99,100.98,121.30,147.16,0.07,0.00,0.17,Suporte Forte,0,0
2015-05-12,26.26,43.89,54.80,63.62,72.44,84.99,100.98,121.30,147.16,0.07,0.00,0.17,Suporte Forte,0,0
2015-05-13,26.26,43.89,54.80,63.62,72.44,84.99,100.98,121.30,147.16,0.06,0.00,0.18,Suporte Forte,0,0
2015-05-14,26.26,43.89,54.80,63.62,72.44,84.99,100.98,121.30,147.16,0.07,0.00,0.17,Suporte Forte,0,0
2015-05-15,26.26,43.89,54.80,63.62,72.44,84.99,100.98,121.30,147.16,0.07,0.00,0.17,Suporte Forte,0,0
2015-05-18,26.26,43.89,54.80,63.62,72.44,84.99,100.98,121.30,147.16,0.07,0.00,0.17,Suporte Forte,0,0
2015-05-19,26.26,43.89,54.80,63.62,72.44,84.99,100.98,121.30,147.16,0.07,0.00,0.17,Suporte Forte,0,0
2015-05-20,26.26,43.89,54.80,63.62,72.44,84.99,100.98,121.30,147.16,0.07,0.00,0.17,Suporte Forte,0,0
2015-05-21,26.26,43.89,54.80,63.62,72.44,84.99,100.98,121.30,147.16,0.05,0.00,0.19,Suporte Forte,0,0
2015-05-22,26.26,43.89,54.80,63.62,72.44,84.99,100.98,121.30,147.16,0.04,0.00,0.20,Suporte Forte,0,0
2015-05-26,26.26,43.89,54.80,63.62,72.44,84.99,100.98,121.30,147.16,0.02,0.00,0.22,Suporte Forte,0,0
2015-05-27,26.26,43.89,54.80,63.62,72.44,84.99,100.98,121.30,147.16,0.05,0.00,0.19,Suporte Forte,0,0
2015-05-28,26.26,43.89,54.80,63.62,72.44,84.99,100.98,121.30,147.16,0.04,0.00,0.20,Suporte Forte,0,0
2015-05-29,26.26,43.89,54.80,63.62,72.44,84.99,100.98,121.30,147.16,0.04,0.00,0.20,Suporte Forte,0,0
2015-06-01,26.26,43.89,54.80,63.62,72.44,84.99,100.98,121.30,147.16,0.05,0.00,0.19,Suporte Forte,0,0
2015-06-02,26.26,29.01,30.71,32.08,33.46,35.42,37.91,41.08,45.11,0.36,0.24,0.02,Suporte,1,0
2015-06-03,26.26,29.01,30.71,32.08,33.46,35.42,37.91,41.08,45.11,0.45,0.38,0.05,Zona de Consolidação,0,0
2015-06-04,26.26,29.01,30.71,32.08,33.46,35.42,37.91,41.08,45.11,0.40,0.38,0.10,Zona de Consolidação,1,0
2015-06-05,26.26,29.01,30.71,32.08,33.46,35.42,37.91,41.08,45.11,0.43,0.38,0.07,Zona de Consolidação,0,0
2015-06-08,26.26,29.01,30.71,32.08,33.46,35.42,37.91,41.08,45.11,0.39,0.38,0.11,Zona de Consolidação,1,0
2015-06-09,26.26,29.01,30.71,32.08,33.46,35.42,37.91,41.08,45.11,0.41,0.38,0.09,Zona de Consolidação,0,0
2015-06-10,27.03,29.60,31.19,32.47,33.75,35.58,37.91,40.87,44.63,0.34,0.24,0.04,Suporte,0,0
2015-06-11,27.03,29.60,31.19,32.47,33.75,35.58,37.91,40.87,44.63,0.34,0.24,0.04,Suporte,0,0
2015-06-12,27.03,29.60,31.19,32.47,33.75,35.58,37.91,40.87,44.63,0.23,0.00,0.01,Suporte Forte,0,0
2015-06-15,27.03,29.60,31.19,32.47,33.75,35.58,37.91,40.87,44.63,0.17,0.00,0.07,Suporte Forte,0,0
2015-06-16,25.63,28.53,30.32,31.77,33.22,35.28,37.91,41.25,45.50,0.14,0.00,0.10,Suporte Forte,0,0
2015-06-17,25.63,28.53,30.32,31.77,33.22,35.28,37.91,41.25,45.50,0.13,0.00,0.11,Suporte Forte,0,0
2015-06-18,25.63,28.53,30.32,31.77,33.22,35.28,37.91,41.25,45.50,0.14,0.00,0.10,Suporte Forte,0,0
2015-06-19,25.63,28.53,30.32,31.77,33.22,35.28,37.91,41.25,45.50,0.15,0.00,0.09,Suporte Forte,0,0
2015-06-22,25.63,28.53,30.32,31.77,33.22,35.28,37.91,41.25,45.50,0.19,0.00,0.05,Suporte Forte,0,0
2015-06-23,25.63,28.53,30.32,31.77,33.22,35.28,37.91,41.25,45.50,0.15,0.00,0.09,Suporte Forte,0,0
2015-06-24,25.63,28.53,30.32,31.77,33.22,35.28,37.91,41.25,45.50,0.11,0.00,0.13,Suporte Forte,0,0
2015-06-25,25.63,28.53,30.32,31.77,33.22,35.28,37.91,41.25,45.50,0.11,0.00,0.13,Suporte Forte,0,0
2015-06-26,25.63,28.53,30.32,31.77,33.22,35.28,37.91,41.25,45.50,0.13,0.00,0.11,Suporte Forte,0,0
2015-06-29,25.63,28.53,30.32,31.77,33.22,35.28,37.91,41.25,45.50,0.06,0.00,0.18,Suporte Forte,0,0
2015-06-30,25.63,28.53,30.32,31.77,33.22,35.28,37.91,41.25,45.50,0.08,0.00,0.16,Suporte Forte,0,0
2015-07-01,25.63,27.87,29.25,30.37,31.49,33.08,35.11,37.69,40.97,0.08,0.00,0.16,Suporte Forte,0,0
2015-07-02,25.63,27.72,29.01,30.06,31.11,32.59,34.49,36.90,39.97,0.21,0.00,0.03,Suporte Forte,0,0
2015-07-06,25.63,27.65,28.90,29.90,30.91,32.35,34.18,36.51,39.46,0.16,0.00,0.08,Suporte Forte,0,0
2015-07-07,25.63,27.57,28.78,29.75,30.72,32.11,33.87,36.11,38.96,0.19,0.00,0.05,Suporte Forte,0,0
2015-07-08,25.63,27.46,28.60,29.52,30.43,31.74,33.40,35.51,38.20,0.12,0.00,0.12,Suporte Forte,0,0
2015-07-09,25.63,27.46,28.60,29.52,30.43,31.74,33.40,35.51,38.20,0.12,0.00,0.12,Suporte Forte,0,0
2015-07-10,25.63,27.46,28.60,29.52,30.43,31.74,33.40,35.51,38.20,0.16,0.00,0.08,Suporte Forte,0,0
2015-07-13,25.63,27.46,28.60,29.52,30.43,31.74,33.40,35.51,38.20,0.18,0.00,0.06,Suporte Forte,0,0
2015-07-14,25.63,27.46,28.60,29.52,30.43,31.74,33.40,35.51,38.20,0.16,0.00,0.08,Suporte Forte,0,0
2015-07-15,25.63,27.39,28.48,29.36,30.24,31.49,33.09,35.12,37.70,0.19,0.00,0.05,Suporte Forte,0,0
2015-07-16,25.63,27.24,28.24,29.05,29.86,31.01,32.47,34.33,36.70,0.23,0.00,0.01,Suporte Forte,0,0
2015-07-17,25.63,27.24,28.24,29.05,29.86,31.01,32.47,34.33,36.70,0.25,0.24,0.13,Suporte,0,0
2015-07-20,25.63,27.24,28.24,29.05,29.86,31.01,32.47,34.33,36.70,0.14,0.00,0.10,Suporte Forte,0,0
2015-07-21,25.63,27.24,28.24,29.05,29.86,31.01,32.47,34.33,36.70,0.07,0.00,0.17,Suporte Forte,0,0
2015-07-22,24.70,26.53,27.67,28.58,29.50,30.81,32.47,34.58,37.27,0.12,0.00,0.12,Suporte Forte,0,0
2015-07-23,24.39,26.30,27.48,28.43,29.38,30.74,32.47,34.67,37.46,0.17,0.00,0.07,Suporte Forte,0,0
2015-07-24,24.39,26.30,27.48,28.43,29.38,30.74,32.47,34.67,37.46,0.08,0.00,0.16,Suporte Forte,0,0
2015-07-27,24.08,26.06,27.28,28.28,29.27,30.67,32.47,34.75,37.66,0.00,0.00,0.24,Suporte Forte,0,0
2015-07-28,24.08,26.06,27.28,28.28,29.27,30.67,32.47,34.75,37.66,0.04,0.00,0.20,Suporte Forte,0,0
2015-07-29,24.08,26.06,27.28,28.28,29.27,30.67,32.47,34.75,37.66,0.18,0.00,0.06,Suporte Forte,0,0
2015-07-30,24.08,26.06,27.28,28.28,29.27,30.67,32.47,34.75,37.66,0.09,0.00,0.15,Suporte Forte,0,0
2015-07-31,24.08,26.06,27.28,28.28,29.27,30.67,32.47,34.75,37.66,0.02,0.00,0.22,Suporte Forte,0,0
2015-08-03,22.84,25.11,26.52,27.66,28.79,30.41,32.47,35.09,38.42,0.03,0.00,0.21,Suporte Forte,0,0
2015-08-04,22.84,25.11,26.52,27.66,28.79,30.41,32.47,35.09,38.42,0.03,0.00,0.21,Suporte Forte,0,0
2015-08-05,22.84,25.11,26.52,27.66,28.79,30.41,32.47,35.09,38.42,0.06,0.00,0.18,Suporte Forte,0,0
2015-08-06,22.84,25.11,26.52,27.66,28.79,30.41,32.47,35.09,38.42,0.15,0.00,0.09,Suporte Forte,0,0
2015-08-07,22.84,25.11,26.52,27.66,28.79,30.41,32.47,35.09,38.42,0.40,0.38,0.10,Zona de Consolidação,1,0
2015-08-10,22.84,25.11,26.52,27.66,28.79,30.41,32.47,35.09,38.42,0.32,0.24,0.06,Suporte,0,0
2015-08-11,22.84,25.11,26.52,27.66,28.79,30.41,32.47,35.09,38.42,0.24,0.24,0.14,Suporte,0,0
2015-08-12,22.84,25.11,26.52,27.66,28.79,30.41,32.47,35.09,38.42,0.36,0.24,0.02,Suporte,1,0
2015-08-13,22.84,24.97,26.28,27.34,28.41,29.92,31.85,34.30,37.42,0.31,0.24,0.07,Suporte,0,0
2015-08-14,22.84,24.97,26.28,27.34,28.41,29.92,31.85,34.30,37.42,0.22,0.00,0.02,Suporte Forte,0,0
2015-08-17,22.84,24.97,26.28,27.34,28.41,29.92,31.85,34.30,37.42,0.41,0.38,0.09,Zona de Consolidação,0,0
2015-08-18,22.84,24.97,26.28,27.34,28.41,29.92,31.85,34.30,37.42,0.41,0.38,0.09,Zona de Consolidação,0,0
2015-08-19,22.84,24.97,26.28,27.34,28.41,29.92,31.85,34.30,37.42,0.74,0.62,0.05,Resistência,0,0
2015-08-20,22.84,25.07,26.46,27.58,28.69,30.28,32.31,34.89,38.16,0.49,0.38,0.01,Zona de Consolidação,0,0
2015-08-21,22.84,25.07,26.46,27.58,28.69,30.28,32.31,34.89,38.16,0.46,0.38,0.04,Zona de Consolidação,0,0
2015-08-24,22.84,25.07,26.46,27.58,28.69,30.28,32.31,34.89,38.16,0.29,0.24,0.09,Suporte,0,0
2015-08-25,22.84,25.07,26.46,27.58,28.69,30.28,32.31,34.89,38.16,0.36,0.24,0.02,Suporte,1,0
2015-08-26,22.84,25.07,26.46,27.58,28.69,30.28,32.31,34.89,38.16,0.31,0.24,0.07,Suporte,0,0
2015-08-27,22.84,25.07,26.46,27.58,28.69,30.28,32.31,34.89,38.16,0.36,0.24,0.02,Suporte,1,0
2015-08-28,22.84,25.07,26.46,27.58,28.69,30.28,32.31,34.89,38.16,0.43,0.38,0.07,Zona de Consolidação,0,0
2015-08-31,22.84,25.07,26.46,27.58,28.69,30.28,32.31,34.89,38.16,0.57,0.50,0.05,Zona de Consolidação,0,0
2015-09-01,22.84,25.07,26.46,27.58,28.69,30.28,32.31,34.89,38.16,0.54,0.50,0.08,Zona de Consolidação,0,0
2015-09-02,22.84,25.07,26.46,27.58,28.69,30.28,32.31,34.89,38.16,0.64,0.62,0.15,Resistência,1,0
2015-09-03,22.84,25.07,26.46,27.58,28.69,30.28,32.31,34.89,38.16,0.72,0.62,0.07,Resistência,0,0
2015-09-04,22.84,25.07,26.46,27.58,28.69,30.28,32.31,34.89,38.16,0.62,0.62,0.17,Resistência,1,0
2015-09-08,22.84,25.07,26.46,27.58,28.69,30.28,32.31,34.89,38.16,0.64,0.62,0.15,Resistência,1,0
2015-09-09,22.84,25.07,26.46,27.58,28.69,30.28,32.31,34.89,38.16,0.61,0.50,0.01,Zona de Consolidação,1,0
2015-09-10,22.84,25.07,26.46,27.58,28.69,30.28,32.31,34.89,38.16,0.61,0.50,0.01,Zona de Consolidação,1,0
2015-09-11,22.84,25.07,26.46,27.58,28.69,30.28,32.31,34.89,38.16,0.64,0.62,0.15,Resistência,1,0
2015-09-14,22.84,25.07,26.46,27.58,28.69,30.28,32.31,34.89,38.16,0.59,0.50,0.03,Zona de Consolidação,1,0
2015-09-15,22.84,25.07,26.46,27.58,28.69,30.28,32.31,34.89,38.16,0.57,0.50,0.05,Zona de Consolidação,0,0
2015-09-16,22.84,25.07,26.46,27.58,28.69,30.28,32.31,34.89,38.16,0.54,0.50,0.08,Zona de Consolidação,0,0
2015-09-17,22.84,25.07,26.46,27.58,28.69,30.28,32.31,34.89,38.16,0.59,0.50,0.03,Zona de Consolidação,1,0
2015-09-18,22.84,25.07,26.46,27.58,28.69,30.28,32.31,34.89,38.16,0.67,0.62,0.12,Resistência,0,0
2015-09-21,22.84,25.07,26.46,27.58,28.69,30.28,32.31,34.89,38.16,0.57,0.50,0.05,Zona de Consolidação,0,0
2015-09-22,22.84,25.07,26.46,27.58,28.69,30.28,32.31,34.89,38.16,0.54,0.50,0.08,Zona de Consolidação,0,0
2015-09-23,22.84,25.07,26.46,27.58,28.69,30.28,32.31,34.89,38.16,0.54,0.50,0.08,Zona de Consolidação,0,0
2015-09-24,22.84,25.07,26.46,27.58,28.69,30.28,32.31,34.89,38.16,0.41,0.38,0.09,Zona de Consolidação,1,0
2015-09-25,22.84,25.07,26.46,27.58,28.69,30.28,32.31,34.89,38.16,0.34,0.24,0.04,Suporte,0,0
2015-09-28,22.84,25.07,26.46,27.58,28.69,30.28,32.31,34.89,38.16,0.23,0.00,0.01,Suporte Forte,0,0
2015-09-29,22.84,25.07,26.46,27.58,28.69,30.28,32.31,34.89,38.16,0.16,0.00,0.08,Suporte Forte,0,0
2015-09-30,22.84,25.07,26.46,27.58,28.69,30.28,32.31,34.89,38.16,0.16,0.00,0.08,Suporte Forte,0,0
2015-10-01,22.84,25.07,26.46,27.58,28.69,30.28,32.31,34.89,38.16,0.13,0.00,0.11,Suporte Forte,0,0
2015-10-02,22.84,25.07,26.46,27.58,28.69,30.28,32.31,34.89,38.16,0.21,0.00,0.03,Suporte Forte,0,0
2015-10-05,22.84,25.07,26.46,27.58,28.69,30.28,32.31,34.89,38.16,0.26,0.24,0.12,Suporte,0,0
2015-10-06,22.84,25.07,26.46,27.58,28.69,30.28,32.31,34.89,38.16,0.28,0.24,0.10,Suporte,0,0
2015-10-07,22.84,25.07,26.46,27.58,28.69,30.28,32.31,34.89,38.16,0.41,0.38,0.09,Zona de Consolidação,1,0
2015-10-08,22.84,25.07,26.46,27.58,28.69,30.28,32.31,34.89,38.16,0.38,0.24,0.00,Suporte,1,0
2015-10-09,22.84,25.07,26.46,27.58,28.69,30.28,32.31,34.89,38.16,0.43,0.38,0.07,Zona de Consolidação,0,0
2015-10-12,22.84,25.07,26.46,27.58,28.69,30.28,32.31,34.89,38.16,0.36,0.24,0.02,Suporte,1,0
2015-10-13,22.84,25.07,26.46,27.58,28.69,30.28,32.31,34.89,38.16,0.39,0.38,0.11,Zona de Consolidação,1,0
2015-10-14,22.84,25.07,26.46,27.58,28.69,30.28,32.31,34.89,38.16,0.44,0.38,0.06,Zona de Consolidação,0,0
2015-10-15,23.46,25.55,26.84,27.88,28.93,30.42,32.31,34.72,37.78,0.54,0.50,0.08,Zona de Consolidação,0,0
2015-10-16,23.61,25.66,26.93,27.96,28.99,30.45,32.31,34.68,37.69,0.55,0.50,0.07,Zona de Consolidação,0,0
2015-10-19,23.61,25.66,26.93,27.96,28.99,30.45,32.31,34.68,37.69,0.45,0.38,0.05,Zona de Consolidação,0,0
2015-10-20,23.61,25.66,26.93,27.96,28.99,30.45,32.31,34.68,37.69,0.50,0.50,0.12,Zona de Consolidação,0,0
2015-10-21,23.61,25.66,26.93,27.96,28.99,30.45,32.31,34.68,37.69,0.48,0.38,0.02,Zona de Consolidação,0,0
2015-10-22,23.61,25.66,26.93,27.96,28.99,30.45,32.31,34.68,37.69,0.32,0.24,0.06,Suporte,0,0
2015-10-23,23.61,25.66,26.93,27.96,28.99,30.45,32.31,34.68,37.69,0.34,0.24,0.04,Suporte,0,0
2015-10-26,23.61,25.66,26.93,27.96,28.99,30.45,32.31,34.68,37.69,0.41,0.38,0.09,Zona de Consolidação,1,0
2015-10-27,23.61,25.66,26.93,27.96,28.99,30.45,32.31,34.68,37.69,0.34,0.24,0.04,Suporte,0,0
2015-10-28,23.61,25.66,26.93,27.96,28.99,30.45,32.31,34.68,37.69,0.45,0.38,0.05,Zona de Consolidação,0,0
2015-10-29,23.61,25.66,26.93,27.96,28.99,30.45,32.31,34.68,37.69,0.46,0.38,0.04,Zona de Consolidação,0,0
2015-10-30,23.61,25.26,26.28,27.11,27.94,29.11,30.61,32.51,34.94,0.60,0.50,0.02,Zona de Consolidação,1,0
2015-11-02,23.61,25.26,26.28,27.11,27.94,29.11,30.61,32.51,34.94,0.64,0.62,0.15,Resistência,1,0
2015-11-03,23.61,25.26,26.28,27.11,27.94,29.11,30.61,32.51,34.94,0.69,0.62,0.10,Resistência,0,0
2015-11-04,23.61,25.81,27.17,28.28,29.38,30.94,32.94,35.48,38.71,0.95,0.79,0.05,Resistência Forte,0,0
2015-11-05,23.61,25.81,27.17,28.28,29.38,30.94,32.94,35.48,38.71,0.52,0.50,0.10,Zona de Consolidação,0,0
2015-11-06,23.61,25.81,27.17,28.28,29.38,30.94,32.94,35.48,38.71,0.45,0.38,0.05,Zona de Consolidação,0,0
2015-11-09,23.61,25.81,27.17,28.28,29.38,30.94,32.94,35.48,38.71,0.33,0.24,0.05,Suporte,0,0
2015-11-10,23.61,25.81,27.17,28.28,29.38,30.94,32.94,35.48,38.71,0.33,0.24,0.05,Suporte,0,0
2015-11-11,23.61,25.81,27.17,28.28,29.38,30.94,32.94,35.48,38.71,0.30,0.24,0.08,Suporte,0,0
2015-11-12,23.61,25.81,27.17,28.28,29.38,30.94,32.94,35.48,38.71,0.28,0.24,0.10,Suporte,0,0
2015-11-13,23.61,25.81,27.17,28.28,29.38,30.94,32.94,35.48,38.71,0.32,0.24,0.06,Suporte,0,0
2015-11-16,23.61,25.81,27.17,28.28,29.38,30.94,32.94,35.48,38.71,0.23,0.00,0.01,Suporte Forte,0,0
2015-11-17,23.61,25.81,27.17,28.28,29.38,30.94,32.94,35.48,38.71,0.22,0.00,0.02,Suporte Forte,0,0
2015-11-18,23.61,25.81,27.17,28.28,29.38,30.94,32.94,35.48,38.71,0.20,0.00,0.04,Suporte Forte,0,0
2015-11-19,23.61,25.81,27.17,28.28,29.38,30.94,32.94,35.48,38.71,0.20,0.00,0.04,Suporte Forte,0,0
2015-11-20,23.61,25.81,27.17,28.28,29.38,30.94,32.94,35.48,38.71,0.20,0.00,0.04,Suporte Forte,0,0
2015-11-23,23.61,25.81,27.17,28.28,29.38,30.94,32.94,35.48,38.71,0.28,0.24,0.10,Suporte,0,0
2015-11-24,23.61,25.81,27.17,28.28,29.38,30.94,32.94,35.48,38.71,0.30,0.24,0.08,Suporte,0,0
2015-11-25,23.61,25.81,27.17,28.28,29.38,30.94,32.94,35.48,38.71,0.32,0.24,0.06,Suporte,0,0
2015-11-27,23.61,25.81,27.17,28.28,29.38,30.94,32.94,35.48,38.71,0.47,0.38,0.03,Zona de Consolidação,0,0
2015-11-30,23.61,25.81,27.17,28.28,29.38,30.94,32.94,35.48,38.71,0.50,0.50,0.12,Zona de Consolidação,0,0
2015-12-01,23.61,25.81,27.17,28.28,29.38,30.94,32.94,35.48,38.71,0.40,0.38,0.10,Zona de Consolidação,1,0
2015-12-02,23.61,25.81,27.17,28.28,29.38,30.94,32.94,35.48,38.71,0.35,0.24,0.03,Suporte,0,0
2015-12-03,23.61,25.81,27.17,28.28,29.38,30.94,32.94,35.48,38.71,0.28,0.24,0.10,Suporte,0,0
2015-12-04,23.61,25.81,27.17,28.28,29.38,30.94,32.94,35.48,38.71,0.03,0.00,0.21,Suporte Forte,0,0
2015-12-07,23.61,25.81,27.17,28.28,29.38,30.94,32.94,35.48,38.71,0.27,0.24,0.11,Suporte,0,0
2015-12-08,23.61,25.81,27.17,28.28,29.38,30.94,32.94,35.48,38.71,0.42,0.38,0.08,Zona de Consolidação,0,0
2015-12-09,23.61,25.81,27.17,28.28,29.38,30.94,32.94,35.48,38.71,0.27,0.24,0.11,Suporte,0,0
2015-12-10,23.61,25.81,27.17,28.28,29.38,30.94,32.94,35.48,38.71,0.35,0.24,0.03,Suporte,0,0
2015-12-11,23.92,26.05,27.37,28.43,29.49,31.01,32.94,35.39,38.51,0.17,0.00,0.07,Suporte Forte,0,0
2015-12-14,23.92,26.05,27.37,28.43,29.49,31.01,32.94,35.39,38.51,0.02,0.00,0.22,Suporte Forte,0,0
2015-12-15,23.77,25.93,27.27,28.35,29.44,30.98,32.94,35.43,38.61,0.09,0.00,0.15,Suporte Forte,0,0
2015-12-16,23.77,25.93,27.27,28.35,29.44,30.98,32.94,35.43,38.61,0.15,0.00,0.09,Suporte Forte,0,0
2015-12-17,23.77,25.93,27.27,28.35,29.44,30.98,32.94,35.43,38.61,0.20,0.00,0.04,Suporte Forte,0,0
2015-12-18,23.77,25.93,27.27,28.35,29.44,30.98,32.94,35.43,38.61,0.34,0.24,0.04,Suporte,0,0
2015-12-21,23.77,25.93,27.27,28.35,29.44,30.98,32.94,35.43,38.61,0.41,0.38,0.09,Zona de Consolidação,1,0
2015-12-22,23.77,25.93,27.27,28.35,29.44,30.98,32.94,35.43,38.61,0.37,0.24,0.01,Suporte,1,0
2015-12-23,23.77,25.93,27.27,28.35,29.44,30.98,32.94,35.43,38.61,0.44,0.38,0.06,Zona de Consolidação,0,0
2015-12-24,23.77,25.93,27.27,28.35,29.44,30.98,32.94,35.43,38.61,0.42,0.38,0.08,Zona de Consolidação,0,0
2015-12-28,23.77,25.93,27.27,28.35,29.44,30.98,32.94,35.43,38.61,0.31,0.24,0.07,Suporte,0,0
2015-12-29,23.77,25.93,27.27,28.35,29.44,30.98,32.94,35.43,38.61,0.20,0.00,0.04,Suporte Forte,0,0
2015-12-30,23.77,25.93,27.27,28.35,29.44,30.98,32.94,35.43,38.61,0.14,0.00,0.10,Suporte Forte,0,0
2015-12-31,23.77,25.93,27.27,28.35,29.44,30.98,32.94,35.43,38.61,0.12,0.00,0.12,Suporte Forte,0,0
2016-01-04,23.77,25.93,27.27,28.35,29.44,30.98,32.94,35.43,38.61,0.24,0.24,0.14,Suporte,0,0
2016-01-05,23.77,25.93,27.27,28.35,29.44,30.98,32.94,35.43,38.61,0.14,0.00,0.10,Suporte Forte,0,0
2016-01-06,23.77,25.93,27.27,28.35,29.44,30.98,32.94,35.43,38.61,0.09,0.00,0.15,Suporte Forte,0,0
2016-01-07,23.77,25.93,27.27,28.35,29.44,30.98,32.94,35.43,38.61,0.05,0.00,0.19,Suporte Forte,0,0
2016-01-08,23.15,25.46,26.89,28.04,29.20,30.84,32.94,35.60,38.99,0.05,0.00,0.19,Suporte Forte,0,0
2016-01-11,20.97,23.79,25.54,26.96,28.37,30.38,32.94,36.20,40.34,0.07,0.00,0.17,Suporte Forte,0,0
2016-01-12,20.97,23.79,25.54,26.96,28.37,30.38,32.94,36.20,40.34,0.07,0.00,0.17,Suporte Forte,0,0
2016-01-13,20.97,23.79,25.54,26.96,28.37,30.38,32.94,36.20,40.34,0.04,0.00,0.20,Suporte Forte,0,0
2016-01-14,20.97,23.79,25.54,26.96,28.37,30.38,32.94,36.20,40.34,0.05,0.00,0.19,Suporte Forte,0,0
2016-01-15,20.20,23.21,25.07,26.57,28.07,30.21,32.94,36.41,40.81,0.05,0.00,0.19,Suporte Forte,0,0
2016-01-19,19.58,22.48,24.27,25.72,27.16,29.22,31.85,35.19,39.43,0.06,0.00,0.18,Suporte Forte,0,0
2016-01-20,17.87,20.69,22.44,23.85,25.26,27.27,29.83,33.08,37.22,0.22,0.00,0.02,Suporte Forte,0,0
2016-01-21,17.87,20.69,22.44,23.85,25.26,27.27,29.83,33.08,37.22,0.19,0.00,0.05,Suporte Forte,0,0
2016-01-22,17.87,20.69,22.44,23.85,25.26,27.27,29.83,33.08,37.22,0.19,0.00,0.05,Suporte Forte,0,0
2016-01-25,17.87,20.69,22.44,23.85,25.26,27.27,29.83,33.08,37.22,0.21,0.00,0.03,Suporte Forte,0,0
2016-01-26,17.87,20.69,22.44,23.85,25.26,27.27,29.83,33.08,37.22,0.23,0.00,0.01,Suporte Forte,0,0
2016-01-27,17.87,20.69,22.44,23.85,25.26,27.27,29.83,33.08,37.22,0.16,0.00,0.08,Suporte Forte,0,0
2016-01-28,17.87,20.69,22.44,23.85,25.26,27.27,29.83,33.08,37.22,0.14,0.00,0.10,Suporte Forte,0,0
2016-01-29,17.87,20.69,22.44,23.85,25.26,27.27,29.83,33.08,37.22,0.16,0.00,0.08,Suporte Forte,0,0
2016-02-01,17.87,20.69,22.44,23.85,25.26,27.27,29.83,33.08,37.22,0.23,0.00,0.01,Suporte Forte,0,0
2016-02-02,17.87,20.69,22.44,23.85,25.26,27.27,29.83,33.08,37.22,0.21,0.00,0.03,Suporte Forte,0,0
2016-02-03,17.87,20.69,22.44,23.85,25.26,27.27,29.83,33.08,37.22,0.12,0.00,0.12,Suporte Forte,0,0
2016-02-04,17.87,20.69,22.44,23.85,25.26,27.27,29.83,33.08,37.22,0.12,0.00,0.12,Suporte Forte,0,0
2016-02-05,17.87,20.69,22.44,23.85,25.26,27.27,29.83,33.08,37.22,0.12,0.00,0.12,Suporte Forte,0,0
2016-02-08,17.87,20.69,22.44,23.85,25.26,27.27,29.83,33.08,37.22,0.03,0.00,0.21,Suporte Forte,0,0
2016-02-09,17.56,20.46,22.25,23.70,25.14,27.20,29.83,33.17,37.41,0.00,0.00,0.24,Suporte Forte,0,0
2016-02-10,15.54,18.91,21.00,22.68,24.37,26.77,29.83,33.72,38.66,0.01,0.00,0.23,Suporte Forte,0,0
2016-02-11,13.52,17.37,19.75,21.67,23.60,26.34,29.83,34.27,39.91,0.18,0.00,0.06,Suporte Forte,0,0
2016-02-12,13.52,17.37,19.75,21.67,23.60,26.34,29.83,34.27,39.91,0.16,0.00,0.08,Suporte Forte,0,0
2016-02-16,13.52,17.37,19.75,21.67,23.60,26.34,29.83,34.27,39.91,0.18,0.00,0.06,Suporte Forte,0,0
2016-02-17,13.52,17.37,19.75,21.67,23.60,26.34,29.83,34.27,39.91,0.21,0.00,0.03,Suporte Forte,0,0
2016-02-18,13.52,17.37,19.75,21.67,23.60,26.34,29.83,34.27,39.91,0.21,0.00,0.03,Suporte Forte,0,0
2016-02-19,13.52,16.93,19.04,20.74,22.44,24.87,27.96,31.89,36.88,0.30,0.24,0.08,Suporte,0,0
2016-02-22,13.52,16.93,19.04,20.74,22.44,24.87,27.96,31.89,36.88,0.28,0.24,0.10,Suporte,0,0
2016-02-23,13.52,16.93,19.04,20.74,22.44,24.87,27.96,31.89,36.88,0.24,0.24,0.14,Suporte,0,0
2016-02-24,13.52,16.93,19.04,20.74,22.44,24.87,27.96,31.89,36.88,0.25,0.24,0.13,Suporte,0,0
2016-02-25,13.52,16.93,19.04,20.74,22.44,24.87,27.96,31.89,36.88,0.30,0.24,0.08,Suporte,0,0
2016-02-26,13.52,16.93,19.04,20.74,22.44,24.87,27.96,31.89,36.88,0.38,0.24,0.00,Suporte,1,0
2016-02-29,13.52,16.93,19.04,20.74,22.44,24.87,27.96,31.89,36.88,0.31,0.24,0.07,Suporte,0,0
2016-03-01,13.52,16.93,19.04,20.74,22.44,24.87,27.96,31.89,36.88,0.31,0.24,0.07,Suporte,0,0
2016-03-02,13.52,16.93,19.04,20.74,22.44,24.87,27.96,31.89,36.88,0.33,0.24,0.05,Suporte,0,0
2016-03-03,13.52,16.93,19.04,20.74,22.44,24.87,27.96,31.89,36.88,0.38,0.24,0.00,Suporte,1,0
2016-03-04,13.52,16.93,19.04,20.74,22.44,24.87,27.96,31.89,36.88,0.35,0.24,0.03,Suporte,0,0
2016-03-07,13.52,16.93,19.04,20.74,22.44,24.87,27.96,31.89,36.88,0.37,0.24,0.01,Suporte,0,0
2016-03-08,13.52,16.93,19.04,20.74,22.44,24.87,27.96,31.89,36.88,0.40,0.38,0.10,Zona de Consolidação,0,0
2016-03-09,13.52,16.93,19.04,20.74,22.44,24.87,27.96,31.89,36.88,0.39,0.38,0.11,Zona de Consolidação,1,0
2016-03-10,13.52,16.71,18.68,20.27,21.87,24.14,27.03,30.70,35.38,0.40,0.38,0.10,Zona de Consolidação,0,0
2016-03-11,13.52,16.56,18.44,19.96,21.49,23.65,26.41,29.92,34.38,0.42,0.38,0.08,Zona de Consolidação,0,0
2016-03-14,13.52,16.45,18.26,19.73,21.20,23.28,25.94,29.32,33.62,0.40,0.38,0.10,Zona de Consolidação,0,0
2016-03-15,13.52,16.45,18.26,19.73,21.20,23.28,25.94,29.32,33.62,0.39,0.38,0.11,Zona de Consolidação,1,0
2016-03-16,13.52,16.38,18.15,19.58,21.00,23.04,25.63,28.92,33.11,0.46,0.38,0.04,Zona de Consolidação,0,0
2016-03-17,13.52,16.34,18.09,19.50,20.91,22.92,25.48,28.73,32.87,0.40,0.38,0.10,Zona de Consolidação,0,0
2016-03-18,13.52,16.27,17.97,19.34,20.72,22.68,25.17,28.34,32.37,0.43,0.38,0.07,Zona de Consolidação,0,0
2016-03-21,13.52,16.20,17.85,19.19,20.53,22.43,24.86,27.94,31.87,0.47,0.38,0.03,Zona de Consolidação,0,0
2016-03-22,13.52,15.87,17.32,18.49,19.66,21.33,23.46,26.16,29.60,0.52,0.50,0.10,Zona de Consolidação,0,0
2016-03-23,13.52,15.75,17.14,18.26,19.37,20.96,22.99,25.57,28.84,0.49,0.38,0.01,Zona de Consolidação,0,0
2016-03-24,13.52,15.72,17.08,18.18,19.28,20.85,22.84,25.38,28.60,0.55,0.50,0.07,Zona de Consolidação,0,0
2016-03-28,13.52,15.68,17.02,18.10,19.18,20.72,22.68,25.17,28.34,0.54,0.50,0.08,Zona de Consolidação,0,0
2016-03-29,13.52,15.42,16.60,17.56,18.51,19.86,21.59,23.79,26.58,0.62,0.62,0.17,Resistência,1,0
2016-03-30,13.52,15.42,16.60,17.56,18.51,19.86,21.59,23.79,26.58,0.77,0.62,0.02,Resistência,0,1
2016-03-31,13.52,15.35,16.48,17.40,18.32,19.62,21.28,23.39,26.08,0.78,0.62,0.01,Resistência,0,1
2016-04-01,13.52,15.35,16.48,17.40,18.32,19.62,21.28,23.39,26.08,0.76,0.62,0.03,Resistência,0,0
2016-04-04,13.52,15.35,16.48,17.40,18.32,19.62,21.28,23.39,26.08,0.82,0.79,0.18,Resistência Forte,0,0
2016-04-05,13.52,15.35,16.48,17.40,18.32,19.62,21.28,23.39,26.08,0.88,0.79,0.12,Resistência Forte,0,0
2016-04-06,13.52,15.50,16.72,17.72,18.71,20.11,21.91,24.19,27.10,0.89,0.79,0.11,Resistência Forte,0,0
2016-04-07,13.52,15.50,16.72,17.72,18.71,20.11,21.91,24.19,27.10,0.92,0.79,0.08,Resistência Forte,0,0
2016-04-08,13.52,15.61,16.90,17.94,18.99,20.48,22.37,24.78,27.84,0.91,0.79,0.09,Resistência Forte,0,0
2016-04-11,13.52,15.94,17.44,18.64,19.85,21.58,23.77,26.56,30.10,0.95,0.79,0.05,Resistência Forte,0,0
2016-04-12,13.52,15.97,17.49,18.72,19.95,21.69,23.92,26.75,30.35,0.94,0.79,0.06,Resistência Forte,0,0
2016-04-13,13.52,15.97,17.49,18.72,19.95,21.69,23.92,26.75,30.35,0.93,0.79,0.07,Resistência Forte,0,0
2016-04-14,13.52,16.45,18.26,19.73,21.20,23.28,25.94,29.32,33.62,0.96,0.79,0.04,Resistência Forte,0,0
2016-04-15,13.52,16.93,19.04,20.74,22.44,24.87,27.96,31.89,36.88,0.79,0.79,0.21,Resistência Forte,0,1
2016-04-18,13.52,16.93,19.04,20.74,22.44,24.87,27.96,31.89,36.88,0.69,0.62,0.10,Resistência,0,0
2016-04-19,13.52,16.93,19.04,20.74,22.44,24.87,27.96,31.89,36.88,0.71,0.62,0.08,Resistência,0,0
2016-04-20,13.52,16.93,19.04,20.74,22.44,24.87,27.96,31.89,36.88,0.71,0.62,0.08,Resistência,0,0
2016-04-21,13.52,16.93,19.04,20.74,22.44,24.87,27.96,31.89,36.88,0.70,0.62,0.09,Resistência,0,0
2016-04-22,13.52,16.93,19.04,20.74,22.44,24.87,27.96,31.89,36.88,0.70,0.62,0.09,Resistência,0,0
2016-04-25,15.85,18.71,20.48,21.90,23.33,25.37,27.96,31.25,35.44,0.60,0.50,0.02,Zona de Consolidação,1,0
2016-04-26,15.85,18.71,20.48,21.90,23.33,25.37,27.96,31.25,35.44,0.53,0.50,0.09,Zona de Consolidação,0,0
2016-04-27,16.00,18.82,20.57,21.98,23.39,25.40,27.96,31.21,35.35,0.53,0.50,0.09,Zona de Consolidação,0,0
2016-04-28,16.47,19.18,20.86,22.22,23.57,25.50,27.96,31.09,35.06,0.46,0.38,0.04,Zona de Consolidação,0,0
2016-04-29,16.62,19.30,20.95,22.29,23.63,25.53,27.96,31.04,34.97,0.45,0.38,0.05,Zona de Consolidação,0,0
2016-05-02,16.62,19.30,20.95,22.29,23.63,25.53,27.96,31.04,34.97,0.51,0.50,0.11,Zona de Consolidação,0,0
2016-05-03,16.62,19.30,20.95,22.29,23.63,25.53,27.96,31.04,34.97,0.48,0.38,0.02,Zona de Consolidação,0,0
2016-05-04,16.78,19.42,21.05,22.37,23.69,25.57,27.96,31.00,34.87,0.42,0.38,0.08,Zona de Consolidação,0,0
2016-05-05,17.09,19.66,21.24,22.52,23.81,25.63,27.96,30.92,34.68,0.39,0.38,0.11,Zona de Consolidação,1,0
2016-05-06,17.56,20.01,21.53,22.76,23.99,25.73,27.96,30.79,34.39,0.31,0.24,0.07,Suporte,0,0
2016-05-09,17.56,20.01,21.53,22.76,23.99,25.73,27.96,30.79,34.39,0.40,0.38,0.10,Zona de Consolidação,0,0
2016-05-10,17.56,20.01,21.53,22.76,23.99,25.73,27.96,30.79,34.39,0.42,0.38,0.08,Zona de Consolidação,0,0
2016-05-11,17.56,20.01,21.53,22.76,23.99,25.73,27.96,30.79,34.39,0.39,0.38,0.11,Zona de Consolidação,1,0
2016-05-12,17.56,20.01,21.53,22.76,23.99,25.73,27.96,30.79,34.39,0.40,0.38,0.10,Zona de Consolidação,0,0
2016-05-13,17.56,20.01,21.53,22.76,23.99,25.73,27.96,30.79,34.39,0.42,0.38,0.08,Zona de Consolidação,0,0
2016-05-16,17.56,20.01,21.53,22.76,23.99,25.73,27.96,30.79,34.39,0.39,0.38,0.11,Zona de Consolidação,1,0
2016-05-17,17.56,20.01,21.53,22.76,23.99,25.73,27.96,30.79,34.39,0.39,0.38,0.11,Zona de Consolidação,1,0
2016-05-18,17.56,20.01,21.53,22.76,23.99,25.73,27.96,30.79,34.39,0.33,0.24,0.05,Suporte,0,0
2016-05-19,17.56,20.01,21.53,22.76,23.99,25.73,27.96,30.79,34.39,0.31,0.24,0.07,Suporte,0,0
2016-05-20,17.56,20.01,21.53,22.76,23.99,25.73,27.96,30.79,34.39,0.33,0.24,0.05,Suporte,0,0
2016-05-23,17.56,20.01,21.53,22.76,23.99,25.73,27.96,30.79,34.39,0.37,0.24,0.01,Suporte,1,0
2016-05-24,17.56,20.01,21.53,22.76,23.99,25.73,27.96,30.79,34.39,0.39,0.38,0.11,Zona de Consolidação,1,0
2016-05-25,17.56,20.01,21.53,22.76,23.99,25.73,27.96,30.79,34.39,0.43,0.38,0.07,Zona de Consolidação,0,0
2016-05-26,18.18,20.49,21.92,23.07,24.22,25.87,27.96,30.62,34.00,0.41,0.38,0.09,Zona de Consolidação,0,0
2016-05-27,18.18,20.49,21.92,23.07,24.22,25.87,27.96,30.62,34.00,0.40,0.38,0.10,Zona de Consolidação,1,0
2016-05-31,18.18,20.49,21.92,23.07,24.22,25.87,27.96,30.62,34.00,0.43,0.38,0.07,Zona de Consolidação,0,0
2016-06-01,18.18,20.49,21.92,23.07,24.22,25.87,27.96,30.62,34.00,0.41,0.38,0.09,Zona de Consolidação,0,0
2016-06-02,18.18,20.49,21.92,23.07,24.22,25.87,27.96,30.62,34.00,0.40,0.38,0.10,Zona de Consolidação,1,0
2016-06-03,18.18,20.49,21.92,23.07,24.22,25.87,27.96,30.62,34.00,0.44,0.38,0.06,Zona de Consolidação,0,0
2016-06-06,18.33,20.60,22.01,23.14,24.28,25.90,27.96,30.58,33.91,0.45,0.38,0.05,Zona de Consolidação,0,0
2016-06-07,18.33,20.60,22.01,23.14,24.28,25.90,27.96,30.58,33.91,0.45,0.38,0.05,Zona de Consolidação,0,0
2016-06-08,18.64,20.84,22.20,23.30,24.40,25.97,27.96,30.50,33.72,0.40,0.38,0.10,Zona de Consolidação,1,0
2016-06-09,19.42,21.44,22.68,23.69,24.70,26.13,27.96,30.28,33.24,0.29,0.24,0.09,Suporte,0,0
2016-06-10,19.42,21.44,22.68,23.69,24.70,26.13,27.96,30.28,33.24,0.25,0.24,0.13,Suporte,0,0
2016-06-13,19.42,21.44,22.68,23.69,24.70,26.13,27.96,30.28,33.24,0.18,0.00,0.06,Suporte Forte,0,0
2016-06-14,19.73,21.67,22.87,23.84,24.82,26.20,27.96,30.20,33.05,0.11,0.00,0.13,Suporte Forte,0,0
2016-06-15,19.42,21.44,22.68,23.69,24.70,26.13,27.96,30.28,33.24,0.06,0.00,0.18,Suporte Forte,0,0
2016-06-16,19.11,21.20,22.49,23.54,24.58,26.07,27.96,30.37,33.43,0.18,0.00,0.06,Suporte Forte,0,0
2016-06-17,19.11,21.20,22.49,23.54,24.58,26.07,27.96,30.37,33.43,0.07,0.00,0.17,Suporte Forte,0,0
2016-06-20,19.11,21.20,22.49,23.54,24.58,26.07,27.96,30.37,33.43,0.16,0.00,0.08,Suporte Forte,0,0
2016-06-21,19.11,21.20,22.49,23.54,24.58,26.07,27.96,30.37,33.43,0.14,0.00,0.10,Suporte Forte,0,0
2016-06-22,19.11,21.20,22.49,23.54,24.58,26.07,27.96,30.37,33.43,0.11,0.00,0.13,Suporte Forte,0,0
2016-06-23,19.11,21.20,22.49,23.54,24.58,26.07,27.96,30.37,33.43,0.19,0.00,0.05,Suporte Forte,0,0
2016-06-24,19.11,21.20,22.49,23.54,24.58,26.07,27.96,30.37,33.43,0.23,0.00,0.01,Suporte Forte,0,0
2016-06-27,19.11,20.47,21.31,21.98,22.66,23.63,24.86,26.42,28.41,0.11,0.00,0.13,Suporte Forte,0,0
2016-06-28,19.11,20.47,21.31,21.98,22.66,23.63,24.86,26.42,28.41,0.38,0.24,0.00,Suporte,1,0
2016-06-29,19.11,20.47,21.31,21.98,22.66,23.63,24.86,26.42,28.41,0.32,0.24,0.06,Suporte,0,0
2016-06-30,19.11,20.43,21.25,21.90,22.56,23.50,24.70,26.22,28.15,0.36,0.24,0.02,Suporte,1,0
2016-07-01,19.11,20.43,21.25,21.90,22.56,23.50,24.70,26.22,28.15,0.44,0.38,0.06,Zona de Consolidação,0,0
2016-07-05,19.11,20.43,21.25,21.90,22.56,23.50,24.70,26.22,28.15,0.39,0.38,0.11,Zona de Consolidação,1,0
2016-07-06,19.11,20.43,21.25,21.90,22.56,23.50,24.70,26.22,28.15,0.36,0.24,0.02,Suporte,1,0
2016-07-07,19.11,20.43,21.25,21.90,22.56,23.50,24.70,26.22,28.15,0.50,0.50,0.12,Zona de Consolidação,0,0
2016-07-08,19.11,20.43,21.25,21.90,22.56,23.50,24.70,26.22,28.15,0.53,0.50,0.09,Zona de Consolidação,0,0
2016-07-11,19.11,20.43,21.25,21.90,22.56,23.50,24.70,26.22,28.15,0.44,0.38,0.06,Zona de Consolidação,0,0
2016-07-12,19.11,20.43,21.25,21.90,22.56,23.50,24.70,26.22,28.15,0.47,0.38,0.03,Zona de Consolidação,0,0
2016-07-13,19.11,20.43,21.25,21.90,22.56,23.50,24.70,26.22,28.15,0.44,0.38,0.06,Zona de Consolidação,0,0
2016-07-14,19.11,20.43,21.25,21.90,22.56,23.50,24.70,26.22,28.15,0.42,0.38,0.08,Zona de Consolidação,1,0
2016-07-15,19.11,20.43,21.25,21.90,22.56,23.50,24.70,26.22,28.15,0.47,0.38,0.03,Zona de Consolidação,0,0
2016-07-18,19.11,20.43,21.25,21.90,22.56,23.50,24.70,26.22,28.15,0.44,0.38,0.06,Zona de Consolidação,0,0
2016-07-19,19.11,20.43,21.25,21.90,22.56,23.50,24.70,26.22,28.15,0.42,0.38,0.08,Zona de Consolidação,1,0
2016-07-20,19.11,20.43,21.25,21.90,22.56,23.50,24.70,26.22,28.15,0.42,0.38,0.08,Zona de Consolidação,1,0
2016-07-21,19.11,20.43,21.25,21.90,22.56,23.50,24.70,26.22,28.15,0.44,0.38,0.06,Zona de Consolidação,0,0
2016-07-22,19.11,20.43,21.25,21.90,22.56,23.50,24.70,26.22,28.15,0.39,0.38,0.11,Zona de Consolidação,1,0
2016-07-25,19.11,20.43,21.25,21.90,22.56,23.50,24.70,26.22,28.15,0.47,0.38,0.03,Zona de Consolidação,0,0
2016-07-26,19.11,20.43,21.25,21.90,22.56,23.50,24.70,26.22,28.15,0.44,0.38,0.06,Zona de Consolidação,0,0
2016-07-27,19.11,20.43,21.25,21.90,22.56,23.50,24.70,26.22,28.15,0.42,0.38,0.08,Zona de Consolidação,1,0
2016-07-28,19.11,20.43,21.25,21.90,22.56,23.50,24.70,26.22,28.15,0.36,0.24,0.02,Suporte,1,0
2016-07-29,19.11,20.43,21.25,21.90,22.56,23.50,24.70,26.22,28.15,0.36,0.24,0.02,Suporte,1,0
2016-08-01,19.11,20.43,21.25,21.90,22.56,23.50,24.70,26.22,28.15,0.67,0.62,0.12,Resistência,0,0
2016-08-02,19.11,20.43,21.25,21.90,22.56,23.50,24.70,26.22,28.15,0.64,0.62,0.15,Resistência,1,0
2016-08-03,19.11,20.43,21.25,21.90,22.56,23.50,24.70,26.22,28.15,0.61,0.50,0.01,Zona de Consolidação,1,0
2016-08-04,19.11,20.43,21.25,21.90,22.56,23.50,24.70,26.22,28.15,0.69,0.62,0.10,Resistência,0,0
2016-08-05,19.11,20.54,21.42,22.14,22.86,23.87,25.17,26.82,28.92,0.97,0.79,0.03,Resistência Forte,0,1
2016-08-08,19.11,22.96,25.34,27.26,29.19,31.93,35.42,39.86,45.50,0.79,0.79,0.21,Resistência Forte,0,1
2016-08-09,19.11,22.96,25.34,27.26,29.19,31.93,35.42,39.86,45.50,0.70,0.62,0.09,Resistência,0,0
2016-08-10,19.11,22.96,25.34,27.26,29.19,31.93,35.42,39.86,45.50,0.71,0.62,0.08,Resistência,0,0
2016-08-11,19.11,22.96,25.34,27.26,29.19,31.93,35.42,39.86,45.50,0.71,0.62,0.08,Resistência,0,0
2016-08-12,19.11,22.96,25.34,27.26,29.19,31.93,35.42,39.86,45.50,0.76,0.62,0.03,Resistência,0,0
2016-08-15,19.11,22.96,25.34,27.26,29.19,31.93,35.42,39.86,45.50,0.77,0.62,0.02,Resistência,0,1
2016-08-16,19.11,22.96,25.34,27.26,29.19,31.93,35.42,39.86,45.50,0.72,0.62,0.07,Resistência,0,0
2016-08-17,19.11,22.96,25.34,27.26,29.19,31.93,35.42,39.86,45.50,0.76,0.62,0.03,Resistência,0,0
2016-08-18,19.11,22.96,25.34,27.26,29.19,31.93,35.42,39.86,45.50,0.68,0.62,0.11,Resistência,0,0
2016-08-19,19.11,22.96,25.34,27.26,29.19,31.93,35.42,39.86,45.50,0.70,0.62,0.09,Resistência,0,0
2016-08-22,19.11,22.96,25.34,27.26,29.19,31.93,35.42,39.86,45.50,0.77,0.62,0.02,Resistência,0,1
2016-08-23,19.11,22.96,25.34,27.26,29.19,31.93,35.42,39.86,45.50,0.78,0.62,0.01,Resistência,0,1
2016-08-24,19.11,22.96,25.34,27.26,29.19,31.93,35.42,39.86,45.50,0.71,0.62,0.08,Resistência,0,0
2016-08-25,19.11,22.96,25.34,27.26,29.19,31.93,35.42,39.86,45.50,0.71,0.62,0.08,Resistência,0,0
2016-08-26,19.42,23.20,25.53,27.42,29.31,32.00,35.42,39.77,45.31,0.64,0.62,0.15,Resistência,0,0
2016-08-29,19.42,23.20,25.53,27.42,29.31,32.00,35.42,39.77,45.31,0.63,0.62,0.16,Resistência,1,0
2016-08-30,19.42,23.20,25.53,27.42,29.31,32.00,35.42,39.77,45.31,0.63,0.62,0.16,Resistência,1,0
2016-08-31,19.42,23.20,25.53,27.42,29.31,32.00,35.42,39.77,45.31,0.52,0.50,0.10,Zona de Consolidação,0,0
2016-09-01,19.42,23.20,25.53,27.42,29.31,32.00,35.42,39.77,45.31,0.48,0.38,0.02,Zona de Consolidação,0,0
2016-09-02,19.42,23.20,25.53,27.42,29.31,32.00,35.42,39.77,45.31,0.49,0.38,0.01,Zona de Consolidação,0,0
2016-09-06,19.42,23.20,25.53,27.42,29.31,32.00,35.42,39.77,45.31,0.61,0.50,0.01,Zona de Consolidação,1,0
2016-09-07,20.04,23.67,25.92,27.73,29.54,32.13,35.42,39.60,44.92,0.59,0.50,0.03,Zona de Consolidação,0,0
2016-09-08,20.04,23.67,25.92,27.73,29.54,32.13,35.42,39.60,44.92,0.59,0.50,0.03,Zona de Consolidação,0,0
2016-09-09,20.51,24.03,26.21,27.97,29.72,32.23,35.42,39.48,44.63,0.50,0.50,0.12,Zona de Consolidação,0,0
2016-09-12,20.51,24.03,26.21,27.97,29.72,32.23,35.42,39.48,44.63,0.47,0.38,0.03,Zona de Consolidação,0,0
2016-09-13,20.51,24.03,26.21,27.97,29.72,32.23,35.42,39.48,44.63,0.44,0.38,0.06,Zona de Consolidação,0,0
2016-09-14,20.51,24.03,26.21,27.97,29.72,32.23,35.42,39.48,44.63,0.47,0.38,0.03,Zona de Consolidação,0,0
2016-09-15,20.51,24.03,26.21,27.97,29.72,32.23,35.42,39.48,44.63,0.46,0.38,0.04,Zona de Consolidação,0,0
2016-09-16,20.51,24.03,26.21,27.97,29.72,32.23,35.42,39.48,44.63,0.41,0.38,0.09,Zona de Consolidação,0,0
2016-09-19,20.51,24.03,26.21,27.97,29.72,32.23,35.42,39.48,44.63,0.41,0.38,0.09,Zona de Consolidação,0,0
2016-09-20,20.51,24.03,26.21,27.97,29.72,32.23,35.42,39.48,44.63,0.46,0.38,0.04,Zona de Consolidação,0,0
2016-09-21,20.51,24.03,26.21,27.97,29.72,32.23,35.42,39.48,44.63,0.45,0.38,0.05,Zona de Consolidação,0,0
2016-09-22,20.51,24.03,26.21,27.97,29.72,32.23,35.42,39.48,44.63,0.43,0.38,0.07,Zona de Consolidação,0,0
2016-09-23,20.51,24.03,26.21,27.97,29.72,32.23,35.42,39.48,44.63,0.39,0.38,0.11,Zona de Consolidação,1,0
2016-09-26,20.51,24.03,26.21,27.97,29.72,32.23,35.42,39.48,44.63,0.41,0.38,0.09,Zona de Consolidação,0,0
2016-09-27,20.51,24.03,26.21,27.97,29.72,32.23,35.42,39.48,44.63,0.43,0.38,0.07,Zona de Consolidação,0,0
2016-09-28,20.51,24.03,26.21,27.97,29.72,32.23,35.42,39.48,44.63,0.44,0.38,0.06,Zona de Consolidação,0,0
2016-09-29,20.51,24.03,26.21,27.97,29.72,32.23,35.42,39.48,44.63,0.42,0.38,0.08,Zona de Consolidação,0,0
2016-09-30,20.51,24.03,26.21,27.97,29.72,32.23,35.42,39.48,44.63,0.46,0.38,0.04,Zona de Consolidação,0,0
2016-10-03,20.51,24.03,26.21,27.97,29.72,32.23,35.42,39.48,44.63,0.56,0.50,0.06,Zona de Consolidação,0,0
2016-10-04,20.51,24.03,26.21,27.97,29.72,32.23,35.42,39.48,44.63,0.47,0.38,0.03,Zona de Consolidação,0,0
2016-10-05,20.51,24.03,26.21,27.97,29.72,32.23,35.42,39.48,44.63,0.47,0.38,0.03,Zona de Consolidação,0,0
2016-10-06,20.51,24.03,26.21,27.97,29.72,32.23,35.42,39.48,44.63,0.46,0.38,0.04,Zona de Consolidação,0,0
2016-10-07,20.51,24.03,26.21,27.97,29.72,32.23,35.42,39.48,44.63,0.46,0.38,0.04,Zona de Consolidação,0,0
2016-10-10,21.44,24.74,26.78,28.43,30.08,32.43,35.42,39.22,44.06,0.41,0.38,0.09,Zona de Consolidação,0,0
2016-10-11,21.44,24.74,26.78,28.43,30.08,32.43,35.42,39.22,44.06,0.36,0.24,0.02,Suporte,0,0
2016-10-12,22.06,25.21,27.16,28.74,30.32,32.56,35.42,39.05,43.68,0.34,0.24,0.04,Suporte,0,0
2016-10-13,22.22,25.34,27.26,28.82,30.38,32.60,35.42,39.01,43.58,0.38,0.24,0.00,Suporte,1,0
2016-10-14,22.53,25.57,27.45,28.98,30.50,32.66,35.42,38.93,43.39,0.31,0.24,0.07,Suporte,0,0
2016-10-17,24.24,26.88,28.51,29.83,31.15,33.03,35.42,38.46,42.33,0.07,0.00,0.17,Suporte Forte,0,0
2016-10-18,24.24,26.33,27.62,28.66,29.71,31.20,33.09,35.50,38.56,0.12,0.00,0.12,Suporte Forte,0,0
2016-10-19,24.24,26.33,27.62,28.66,29.71,31.20,33.09,35.50,38.56,0.11,0.00,0.13,Suporte Forte,0,0
2016-10-20,24.24,26.33,27.62,28.66,29.71,31.20,33.09,35.50,38.56,0.16,0.00,0.08,Suporte Forte,0,0
2016-10-21,24.24,26.33,27.62,28.66,29.71,31.20,33.09,35.50,38.56,0.11,0.00,0.13,Suporte Forte,0,0
2016-10-24,24.24,26.33,27.62,28.66,29.71,31.20,33.09,35.50,38.56,0.09,0.00,0.15,Suporte Forte,0,0
2016-10-25,24.24,26.33,27.62,28.66,29.71,31.20,33.09,35.50,38.56,0.14,0.00,0.10,Suporte Forte,0,0
2016-10-26,24.24,26.33,27.62,28.66,29.71,31.20,33.09,35.50,38.56,0.05,0.00,0.19,Suporte Forte,0,0
2016-10-27,23.46,25.73,27.14,28.28,29.41,31.03,33.09,35.71,39.04,0.02,0.00,0.22,Suporte Forte,0,0
2016-10-28,22.99,25.37,26.85,28.04,29.23,30.93,33.09,35.84,39.33,0.02,0.00,0.22,Suporte Forte,0,0
2016-10-31,22.84,25.26,26.76,27.97,29.17,30.90,33.09,35.88,39.42,0.08,0.00,0.16,Suporte Forte,0,0
2016-11-01,22.53,25.02,26.56,27.81,29.06,30.83,33.09,35.96,39.62,0.07,0.00,0.17,Suporte Forte,0,0
2016-11-02,22.53,24.80,26.21,27.34,28.48,30.10,32.16,34.78,38.11,0.08,0.00,0.16,Suporte Forte,0,0
2016-11-03,22.37,24.46,25.75,26.80,27.85,29.33,31.23,33.64,36.71,0.02,0.00,0.22,Suporte Forte,0,0
2016-11-04,22.22,24.35,25.66,26.72,27.79,29.30,31.23,33.68,36.80,0.03,0.00,0.21,Suporte Forte,0,0
2016-11-07,22.22,24.12,25.30,26.26,27.21,28.56,30.29,32.49,35.28,0.04,0.00,0.20,Suporte Forte,0,0
2016-11-08,22.22,24.12,25.30,26.26,27.21,28.56,30.29,32.49,35.28,0.13,0.00,0.11,Suporte Forte,0,0
2016-11-09,22.22,24.05,25.18,26.10,27.02,28.32,29.98,32.09,34.78,0.16,0.00,0.08,Suporte Forte,0,0
2016-11-10,22.22,24.02,25.13,26.02,26.92,28.20,29.83,31.90,34.53,0.35,0.24,0.03,Suporte,0,0
2016-11-11,22.22,24.02,25.13,26.02,26.92,28.20,29.83,31.90,34.53,0.47,0.38,0.03,Zona de Consolidação,0,0
2016-11-14,22.22,24.02,25.13,26.02,26.92,28.20,29.83,31.90,34.53,0.39,0.38,0.11,Zona de Consolidação,1,0
2016-11-15,22.22,24.02,25.13,26.02,26.92,28.20,29.83,31.90,34.53,0.45,0.38,0.05,Zona de Consolidação,0,0
2016-11-16,22.22,23.91,24.95,25.79,26.63,27.83,29.36,31.30,33.77,0.35,0.24,0.03,Suporte,0,0
2016-11-17,22.22,23.91,24.95,25.79,26.63,27.83,29.36,31.30,33.77,0.35,0.24,0.03,Suporte,0,0
2016-11-18,22.22,23.91,24.95,25.79,26.63,27.83,29.36,31.30,33.77,0.33,0.24,0.05,Suporte,0,0
2016-11-21,22.22,23.91,24.95,25.79,26.63,27.83,29.36,31.30,33.77,0.39,0.38,0.11,Zona de Consolidação,1,0
2016-11-22,22.22,23.91,24.95,25.79,26.63,27.83,29.36,31.30,33.77,0.39,0.38,0.11,Zona de Consolidação,1,0
2016-11-23,22.22,23.91,24.95,25.79,26.63,27.83,29.36,31.30,33.77,0.35,0.24,0.03,Suporte,0,0
2016-11-25,22.22,23.91,24.95,25.79,26.63,27.83,29.36,31.30,33.77,0.46,0.38,0.04,Zona de Consolidação,0,0
2016-11-28,22.22,23.91,24.95,25.79,26.63,27.83,29.36,31.30,33.77,0.61,0.50,0.01,Zona de Consolidação,1,0
2016-11-29,22.22,23.91,24.95,25.79,26.63,27.83,29.36,31.30,33.77,0.50,0.50,0.12,Zona de Consolidação,0,0
2016-11-30,21.91,23.67,24.76,25.64,26.51,27.77,29.36,31.39,33.96,0.27,0.24,0.11,Suporte,0,0
2016-12-01,21.91,23.67,24.76,25.64,26.51,27.77,29.36,31.39,33.96,0.35,0.24,0.03,Suporte,1,0
2016-12-02,21.91,23.67,24.76,25.64,26.51,27.77,29.36,31.39,33.96,0.35,0.24,0.03,Suporte,1,0
2016-12-05,21.91,23.67,24.76,25.64,26.51,27.77,29.36,31.39,33.96,0.40,0.38,0.10,Zona de Consolidação,1,0
2016-12-06,21.91,23.67,24.76,25.64,26.51,27.77,29.36,31.39,33.96,0.33,0.24,0.05,Suporte,0,0
2016-12-07,21.91,23.67,24.76,25.64,26.51,27.77,29.36,31.39,33.96,0.27,0.24,0.11,Suporte,0,0
2016-12-08,21.91,23.67,24.76,25.64,26.51,27.77,29.36,31.39,33.96,0.31,0.24,0.07,Suporte,0,0
2016-12-09,21.91,23.67,24.76,25.64,26.51,27.77,29.36,31.39,33.96,0.35,0.24,0.03,Suporte,1,0
2016-12-12,21.91,23.67,24.76,25.64,26.51,27.77,29.36,31.39,33.96,0.23,0.00,0.01,Suporte Forte,0,0
2016-12-13,21.91,23.60,24.64,25.48,26.32,27.52,29.05,30.99,33.46,0.13,0.00,0.11,Suporte Forte,0,0
2016-12-14,21.91,23.49,24.46,25.25,26.04,27.16,28.59,30.41,32.72,0.07,0.00,0.17,Suporte Forte,0,0
2016-12-15,21.91,23.30,24.16,24.86,25.56,26.55,27.81,29.41,31.46,0.05,0.00,0.19,Suporte Forte,0,0
2016-12-16,21.75,23.11,23.95,24.62,25.30,26.27,27.50,29.06,31.05,0.11,0.00,0.13,Suporte Forte,0,0
2016-12-19,21.75,23.11,23.95,24.62,25.30,26.27,27.50,29.06,31.05,0.11,0.00,0.13,Suporte Forte,0,0
2016-12-20,21.75,23.11,23.95,24.62,25.30,26.27,27.50,29.06,31.05,0.08,0.00,0.16,Suporte Forte,0,0
2016-12-21,21.75,23.11,23.95,24.62,25.30,26.27,27.50,29.06,31.05,0.08,0.00,0.16,Suporte Forte,0,0
2016-12-22,21.59,22.98,23.85,24.54,25.24,26.24,27.50,29.11,31.15,0.08,0.00,0.16,Suporte Forte,0,0
2016-12-23,21.59,22.98,23.85,24.54,25.24,26.24,27.50,29.11,31.15,0.05,0.00,0.19,Suporte Forte,0,0
2016-12-27,21.44,22.87,23.75,24.47,25.19,26.20,27.50,29.15,31.25,0.02,0.00,0.22,Suporte Forte,0,0
2016-12-28,20.97,22.51,23.46,24.24,25.01,26.10,27.50,29.28,31.54,0.00,0.00,0.24,Suporte Forte,0,0
2016-12-29,20.82,22.40,23.37,24.16,24.95,26.07,27.50,29.32,31.63,0.05,0.00,0.19,Suporte Forte,0,0
2016-12-30,20.82,22.40,23.37,24.16,24.95,26.07,27.50,29.32,31.63,0.23,0.00,0.01,Suporte Forte,0,0
2017-01-03,20.82,22.40,23.37,24.16,24.95,26.07,27.50,29.32,31.63,0.14,0.00,0.10,Suporte Forte,0,0
2017-01-04,20.82,22.40,23.37,24.16,24.95,26.07,27.50,29.32,31.63,0.26,0.24,0.12,Suporte,0,0
2017-01-05,20.82,22.40,23.37,24.16,24.95,26.07,27.50,29.32,31.63,0.28,0.24,0.10,Suporte,0,0
2017-01-06,20.82,22.40,23.37,24.16,24.95,26.07,27.50,29.32,31.63,0.37,0.24,0.01,Suporte,1,0
2017-01-09,20.82,22.40,23.37,24.16,24.95,26.07,27.50,29.32,31.63,0.37,0.24,0.01,Suporte,1,0
2017-01-10,20.82,22.40,23.37,24.16,24.95,26.07,27.50,29.32,31.63,0.37,0.24,0.01,Suporte,1,0
2017-01-11,20.82,22.40,23.37,24.16,24.95,26.07,27.50,29.32,31.63,0.30,0.24,0.08,Suporte,0,0
2017-01-12,20.82,22.40,23.37,24.16,24.95,26.07,27.50,29.32,31.63,0.30,0.24,0.08,Suporte,0,0
2017-01-13,20.82,22.40,23.37,24.16,24.95,26.07,27.50,29.32,31.63,0.40,0.38,0.10,Zona de Consolidação,1,0
2017-01-17,20.82,22.40,23.37,24.16,24.95,26.07,27.50,29.32,31.63,0.46,0.38,0.04,Zona de Consolidação,0,0
2017-01-18,20.82,22.40,23.37,24.16,24.95,26.07,27.50,29.32,31.63,0.44,0.38,0.06,Zona de Consolidação,0,0
2017-01-19,20.82,22.40,23.37,24.16,24.95,26.07,27.50,29.32,31.63,0.49,0.38,0.01,Zona de Consolidação,0,0
2017-01-20,20.82,22.40,23.37,24.16,24.95,26.07,27.50,29.32,31.63,0.46,0.38,0.04,Zona de Consolidação,0,0
2017-01-23,20.82,22.40,23.37,24.16,24.95,26.07,27.50,29.32,31.63,0.40,0.38,0.10,Zona de Consolidação,1,0
2017-01-24,20.82,22.40,23.37,24.16,24.95,26.07,27.50,29.32,31.63,0.42,0.38,0.08,Zona de Consolidação,0,0
2017-01-25,20.82,22.40,23.37,24.16,24.95,26.07,27.50,29.32,31.63,0.44,0.38,0.06,Zona de Consolidação,0,0
2017-01-26,20.82,22.40,23.37,24.16,24.95,26.07,27.50,29.32,31.63,0.46,0.38,0.04,Zona de Consolidação,0,0
2017-01-27,20.82,22.40,23.37,24.16,24.95,26.07,27.50,29.32,31.63,0.49,0.38,0.01,Zona de Consolidação,0,0
2017-01-30,20.82,22.40,23.37,24.16,24.95,26.07,27.50,29.32,31.63,0.35,0.24,0.03,Suporte,1,0
2017-01-31,20.82,22.40,23.37,24.16,24.95,26.07,27.50,29.32,31.63,0.37,0.24,0.01,Suporte,1,0
2017-02-01,20.82,22.40,23.37,24.16,24.95,26.07,27.50,29.32,31.63,0.42,0.38,0.08,Zona de Consolidação,0,0
2017-02-02,20.82,22.40,23.37,24.16,24.95,26.07,27.50,29.32,31.63,0.40,0.38,0.10,Zona de Consolidação,1,0
2017-02-03,20.82,22.40,23.37,24.16,24.95,26.07,27.50,29.32,31.63,0.42,0.38,0.08,Zona de Consolidação,0,0
2017-02-06,20.82,22.40,23.37,24.16,24.95,26.07,27.50,29.32,31.63,0.49,0.38,0.01,Zona de Consolidação,0,0
2017-02-07,20.82,22.40,23.37,24.16,24.95,26.07,27.50,29.32,31.63,0.49,0.38,0.01,Zona de Consolidação,0,0
2017-02-08,20.82,22.40,23.37,24.16,24.95,26.07,27.50,29.32,31.63,0.63,0.62,0.16,Resistência,1,0
2017-02-09,20.82,22.29,23.19,23.92,24.66,25.70,27.03,28.72,30.87,0.93,0.79,0.07,Resistência Forte,0,0
2017-02-10,20.82,22.51,23.55,24.39,25.23,26.43,27.96,29.90,32.37,0.96,0.79,0.04,Resistência Forte,0,0
2017-02-13,20.82,22.62,23.73,24.62,25.52,26.80,28.43,30.50,33.13,0.88,0.79,0.12,Resistência Forte,0,0
2017-02-14,20.82,22.62,23.73,24.62,25.52,26.80,28.43,30.50,33.13,0.80,0.79,0.20,Resistência Forte,0,1
2017-02-15,20.82,22.62,23.73,24.62,25.52,26.80,28.43,30.50,33.13,0.82,0.79,0.18,Resistência Forte,0,1
2017-02-16,20.82,22.62,23.73,24.62,25.52,26.80,28.43,30.50,33.13,0.78,0.62,0.01,Resistência,0,1
2017-02-17,20.82,22.62,23.73,24.62,25.52,26.80,28.43,30.50,33.13,0.82,0.79,0.18,Resistência Forte,0,1
2017-02-21,20.82,22.62,23.73,24.62,25.52,26.80,28.43,30.50,33.13,0.80,0.79,0.20,Resistência Forte,0,1
2017-02-22,20.82,22.62,23.73,24.62,25.52,26.80,28.43,30.50,33.13,0.73,0.62,0.06,Resistência,0,0
2017-02-23,20.82,22.62,23.73,24.62,25.52,26.80,28.43,30.50,33.13,0.71,0.62,0.08,Resistência,0,0
2017-02-24,20.82,22.62,23.73,24.62,25.52,26.80,28.43,30.50,33.13,0.76,0.62,0.03,Resistência,0,1
2017-02-27,20.82,22.62,23.73,24.62,25.52,26.80,28.43,30.50,33.13,0.76,0.62,0.03,Resistência,0,1
2017-02-28,20.82,22.62,23.73,24.62,25.52,26.80,28.43,30.50,33.13,0.71,0.62,0.08,Resistência,0,0
2017-03-01,20.82,22.62,23.73,24.62,25.52,26.80,28.43,30.50,33.13,0.69,0.62,0.10,Resistência,0,0
2017-03-02,20.82,22.62,23.73,24.62,25.52,26.80,28.43,30.50,33.13,0.73,0.62,0.06,Resistência,0,0
2017-03-03,20.82,22.62,23.73,24.62,25.52,26.80,28.43,30.50,33.13,0.73,0.62,0.06,Resistência,0,0
2017-03-06,20.82,22.62,23.73,24.62,25.52,26.80,28.43,30.50,33.13,0.86,0.79,0.14,Resistência Forte,0,0
2017-03-07,20.82,22.62,23.73,24.62,25.52,26.80,28.43,30.50,33.13,0.76,0.62,0.03,Resistência,0,1
2017-03-08,20.82,22.62,23.73,24.62,25.52,26.80,28.43,30.50,33.13,0.86,0.79,0.14,Resistência Forte,0,0
2017-03-09,20.82,22.80,24.02,25.02,26.01,27.41,29.21,31.49,34.40,0.74,0.62,0.05,Resistência,0,0
2017-03-10,20.82,22.80,24.02,25.02,26.01,27.41,29.21,31.49,34.40,0.69,0.62,0.10,Resistência,0,0
2017-03-13,20.82,22.80,24.02,25.02,26.01,27.41,29.21,31.49,34.40,0.61,0.50,0.01,Zona de Consolidação,1,0
2017-03-14,21.13,23.04,24.22,25.17,26.12,27.48,29.21,31.41,34.20,0.52,0.50,0.10,Zona de Consolidação,0,0
2017-03-15,21.75,23.51,24.60,25.48,26.36,27.61,29.21,31.24,33.82,0.52,0.50,0.10,Zona de Consolidação,0,0
2017-03-16,21.75,23.51,24.60,25.48,26.36,27.61,29.21,31.24,33.82,0.52,0.50,0.10,Zona de Consolidação,0,0
2017-03-17,22.37,23.98,24.98,25.79,26.60,27.75,29.21,31.07,33.44,0.43,0.38,0.07,Zona de Consolidação,0,0
2017-03-20,22.53,24.11,25.08,25.87,26.66,27.78,29.21,31.03,33.34,0.37,0.24,0.01,Suporte,1,0
2017-03-21,22.53,24.11,25.08,25.87,26.66,27.78,29.21,31.03,33.34,0.30,0.24,0.08,Suporte,0,0
2017-03-22,22.53,24.11,25.08,25.87,26.66,27.78,29.21,31.03,33.34,0.21,0.00,0.03,Suporte Forte,0,0
2017-03-23,22.53,24.11,25.08,25.87,26.66,27.78,29.21,31.03,33.34,0.28,0.24,0.10,Suporte,0,0
2017-03-24,22.53,24.11,25.08,25.87,26.66,27.78,29.21,31.03,33.34,0.21,0.00,0.03,Suporte Forte,0,0
2017-03-27,22.53,24.11,25.08,25.87,26.66,27.78,29.21,31.03,33.34,0.30,0.24,0.08,Suporte,0,0
2017-03-28,22.53,24.11,25.08,25.87,26.66,27.78,29.21,31.03,33.34,0.30,0.24,0.08,Suporte,0,0
2017-03-29,22.53,24.11,25.08,25.87,26.66,27.78,29.21,31.03,33.34,0.35,0.24,0.03,Suporte,1,0
2017-03-30,22.53,24.11,25.08,25.87,26.66,27.78,29.21,31.03,33.34,0.40,0.38,0.10,Zona de Consolidação,1,0
2017-03-31,22.53,24.11,25.08,25.87,26.66,27.78,29.21,31.03,33.34,0.40,0.38,0.10,Zona de Consolidação,1,0
2017-04-03,22.53,24.11,25.08,25.87,26.66,27.78,29.21,31.03,33.34,0.32,0.24,0.06,Suporte,0,0
2017-04-04,22.53,24.11,25.08,25.87,26.66,27.78,29.21,31.03,33.34,0.35,0.24,0.03,Suporte,1,0
2017-04-05,22.53,24.11,25.08,25.87,26.66,27.78,29.21,31.03,33.34,0.30,0.24,0.08,Suporte,0,0
2017-04-06,22.53,24.11,25.08,25.87,26.66,27.78,29.21,31.03,33.34,0.19,0.00,0.05,Suporte Forte,0,0
2017-04-07,22.53,24.11,25.08,25.87,26.66,27.78,29.21,31.03,33.34,0.32,0.24,0.06,Suporte,0,0
2017-04-10,22.53,24.11,25.08,25.87,26.66,27.78,29.21,31.03,33.34,0.35,0.24,0.03,Suporte,1,0
2017-04-11,22.53,24.11,25.08,25.87,26.66,27.78,29.21,31.03,33.34,0.19,0.00,0.05,Suporte Forte,0,0
2017-04-12,22.53,24.11,25.08,25.87,26.66,27.78,29.21,31.03,33.34,0.26,0.24,0.12,Suporte,0,0
2017-04-13,22.53,24.11,25.08,25.87,26.66,27.78,29.21,31.03,33.34,0.26,0.24,0.12,Suporte,0,0
2017-04-17,22.99,24.46,25.37,26.10,26.83,27.88,29.21,30.90,33.05,0.05,0.00,0.19,Suporte Forte,0,0
2017-04-18,22.99,24.46,25.37,26.10,26.83,27.88,29.21,30.90,33.05,0.10,0.00,0.14,Suporte Forte,0,0
2017-04-19,22.99,24.46,25.37,26.10,26.83,27.88,29.21,30.90,33.05,0.13,0.00,0.11,Suporte Forte,0,0
2017-04-20,22.99,24.46,25.37,26.10,26.83,27.88,29.21,30.90,33.05,0.30,0.24,0.08,Suporte,0,0
2017-04-21,22.99,24.46,25.37,26.10,26.83,27.88,29.21,30.90,33.05,0.23,0.00,0.01,Suporte Forte,0,0
2017-04-24,22.99,24.46,25.37,26.10,26.83,27.88,29.21,30.90,33.05,0.20,0.00,0.04,Suporte Forte,0,0
2017-04-25,22.99,24.46,25.37,26.10,26.83,27.88,29.21,30.90,33.05,0.20,0.00,0.04,Suporte Forte,0,0
2017-04-26,22.99,24.46,25.37,26.10,26.83,27.88,29.21,30.90,33.05,0.18,0.00,0.06,Suporte Forte,0,0
2017-04-27,22.99,24.46,25.37,26.10,26.83,27.88,29.21,30.90,33.05,0.27,0.24,0.11,Suporte,0,0
2017-04-28,22.99,24.46,25.37,26.10,26.83,27.88,29.21,30.90,33.05,0.27,0.24,0.11,Suporte,0,0
2017-05-01,22.99,24.46,25.37,26.10,26.83,27.88,29.21,30.90,33.05,0.32,0.24,0.06,Suporte,0,0
2017-05-02,22.99,24.46,25.37,26.10,26.83,27.88,29.21,30.90,33.05,0.32,0.24,0.06,Suporte,0,0
2017-05-03,22.99,24.46,25.37,26.10,26.83,27.88,29.21,30.90,33.05,0.30,0.24,0.08,Suporte,0,0
2017-05-04,22.99,24.46,25.37,26.10,26.83,27.88,29.21,30.90,33.05,0.18,0.00,0.06,Suporte Forte,0,0
2017-05-05,22.99,24.46,25.37,26.10,26.83,27.88,29.21,30.90,33.05,0.30,0.24,0.08,Suporte,0,0
2017-05-08,22.99,24.46,25.37,26.10,26.83,27.88,29.21,30.90,33.05,0.25,0.24,0.13,Suporte,0,0
2017-05-09,22.99,24.46,25.37,26.10,26.83,27.88,29.21,30.90,33.05,0.37,0.24,0.01,Suporte,1,0
2017-05-10,22.99,24.46,25.37,26.10,26.83,27.88,29.21,30.90,33.05,0.47,0.38,0.03,Zona de Consolidação,0,0
2017-05-11,22.99,24.46,25.37,26.10,26.83,27.88,29.21,30.90,33.05,0.47,0.38,0.03,Zona de Consolidação,0,0
2017-05-12,22.99,24.46,25.37,26.10,26.83,27.88,29.21,30.90,33.05,0.40,0.38,0.10,Zona de Consolidação,1,0
2017-05-15,22.99,24.46,25.37,26.10,26.83,27.88,29.21,30.90,33.05,0.42,0.38,0.08,Zona de Consolidação,0,0
2017-05-16,22.99,24.46,25.37,26.10,26.83,27.88,29.21,30.90,33.05,0.45,0.38,0.05,Zona de Consolidação,0,0
2017-05-17,22.99,24.46,25.37,26.10,26.83,27.88,29.21,30.90,33.05,0.40,0.38,0.10,Zona de Consolidação,1,0
2017-05-18,22.99,24.46,25.37,26.10,26.83,27.88,29.21,30.90,33.05,0.40,0.38,0.10,Zona de Consolidação,1,0
2017-05-19,22.99,24.05,24.71,25.24,25.78,26.53,27.50,28.73,30.29,0.48,0.38,0.02,Zona de Consolidação,0,0
2017-05-22,22.99,23.87,24.41,24.85,25.30,25.92,26.72,27.73,29.03,0.67,0.62,0.12,Resistência,1,0
2017-05-23,22.99,23.83,24.36,24.78,25.20,25.80,26.57,27.54,28.78,0.74,0.62,0.05,Resistência,0,1
2017-05-24,22.99,23.87,24.41,24.85,25.30,25.92,26.72,27.73,29.03,0.79,0.79,0.21,Resistência Forte,0,1
2017-05-25,22.99,24.86,26.02,26.96,27.89,29.22,30.92,33.08,35.82,0.96,0.79,0.04,Resistência Forte,0,0
2017-05-26,22.99,25.56,27.15,28.43,29.71,31.54,33.87,36.83,40.59,0.91,0.79,0.09,Resistência Forte,0,0
2017-05-30,22.99,25.81,27.56,28.98,30.39,32.40,34.96,38.22,42.36,0.84,0.79,0.16,Resistência Forte,0,0
2017-05-31,22.99,26.18,28.15,29.75,31.35,33.62,36.51,40.19,44.87,0.89,0.79,0.11,Resistência Forte,0,0
2017-06-01,22.99,26.18,28.15,29.75,31.35,33.62,36.51,40.19,44.87,0.68,0.62,0.11,Resistência,0,0
2017-06-02,22.99,26.18,28.15,29.75,31.35,33.62,36.51,40.19,44.87,0.64,0.62,0.15,Resistência,0,0
2017-06-05,22.99,26.18,28.15,29.75,31.35,33.62,36.51,40.19,44.87,0.64,0.62,0.15,Resistência,0,0
2017-06-06,22.99,26.18,28.15,29.75,31.35,33.62,36.51,40.19,44.87,0.55,0.50,0.07,Zona de Consolidação,0,0
2017-06-07,22.99,26.18,28.15,29.75,31.35,33.62,36.51,40.19,44.87,0.57,0.50,0.05,Zona de Consolidação,0,0
2017-06-08,22.99,26.18,28.15,29.75,31.35,33.62,36.51,40.19,44.87,0.41,0.38,0.09,Zona de Consolidação,0,0
2017-06-09,22.99,26.18,28.15,29.75,31.35,33.62,36.51,40.19,44.87,0.39,0.38,0.11,Zona de Consolidação,1,0
2017-06-12,22.99,26.18,28.15,29.75,31.35,33.62,36.51,40.19,44.87,0.43,0.38,0.07,Zona de Consolidação,0,0
2017-06-13,22.99,26.18,28.15,29.75,31.35,33.62,36.51,40.19,44.87,0.59,0.50,0.03,Zona de Consolidação,0,0
2017-06-14,22.99,26.18,28.15,29.75,31.35,33.62,36.51,40.19,44.87,0.71,0.62,0.08,Resistência,0,0
2017-06-15,22.99,26.18,28.15,29.75,31.35,33.62,36.51,40.19,44.87,0.66,0.62,0.13,Resistência,0,0
2017-06-16,22.99,26.18,28.15,29.75,31.35,33.62,36.51,40.19,44.87,0.61,0.50,0.01,Zona de Consolidação,1,0
2017-06-19,23.30,26.42,28.35,29.90,31.46,33.68,36.51,40.10,44.67,0.66,0.62,0.13,Resistência,0,0
2017-06-20,23.30,26.42,28.35,29.90,31.46,33.68,36.51,40.10,44.67,0.69,0.62,0.10,Resistência,0,0
2017-06-21,23.30,26.42,28.35,29.90,31.46,33.68,36.51,40.10,44.67,0.74,0.62,0.05,Resistência,0,0
2017-06-22,23.30,26.42,28.35,29.90,31.46,33.68,36.51,40.10,44.67,0.78,0.62,0.01,Resistência,0,1
2017-06-23,23.30,26.42,28.35,29.90,31.46,33.68,36.51,40.10,44.67,0.94,0.79,0.06,Resistência Forte,0,0
2017-06-26,23.30,26.42,28.35,29.90,31.46,33.68,36.51,40.10,44.67,0.99,0.79,0.01,Resistência Forte,0,1
2017-06-27,23.30,26.42,28.35,29.90,31.46,33.68,36.51,40.10,44.67,0.99,0.79,0.01,Resistência Forte,0,1
2017-06-28,23.46,26.98,29.16,30.92,32.67,35.18,38.37,42.43,47.58,0.97,0.79,0.03,Resistência Forte,0,0
2017-06-29,23.61,27.20,29.43,31.22,33.02,35.58,38.84,42.98,48.25,0.90,0.79,0.10,Resistência Forte,0,0
2017-06-30,23.61,27.20,29.43,31.22,33.02,35.58,38.84,42.98,48.25,0.89,0.79,0.11,Resistência Forte,0,0
2017-07-03,23.61,27.20,29.43,31.22,33.02,35.58,38.84,42.98,48.25,0.89,0.79,0.11,Resistência Forte,0,0
2017-07-05,23.61,27.42,29.78,31.69,33.60,36.31,39.77,44.17,49.76,0.96,0.79,0.04,Resistência Forte,0,0
2017-07-06,23.61,28.74,31.92,34.48,37.05,40.71,45.36,51.28,58.80,0.94,0.79,0.06,Resistência Forte,0,0
2017-07-07,23.61,29.99,33.94,37.13,40.32,44.86,50.65,58.00,67.36,0.78,0.62,0.01,Resistência,0,1
2017-07-10,24.08,30.35,34.23,37.36,40.50,44.96,50.65,57.88,67.07,0.71,0.62,0.08,Resistência,0,0
2017-07-11,24.08,30.35,34.23,37.36,40.50,44.96,50.65,57.88,67.07,0.80,0.79,0.20,Resistência Forte,0,1
2017-07-12,24.08,30.35,34.23,37.36,40.50,44.96,50.65,57.88,67.07,0.79,0.79,0.21,Resistência Forte,0,1
2017-07-13,24.08,30.35,34.23,37.36,40.50,44.96,50.65,57.88,67.07,0.72,0.62,0.07,Resistência,0,0
2017-07-14,24.08,30.35,34.23,37.36,40.50,44.96,50.65,57.88,67.07,0.73,0.62,0.06,Resistência,0,0
2017-07-17,24.08,30.35,34.23,37.36,40.50,44.96,50.65,57.88,67.07,0.89,0.79,0.11,Resistência Forte,0,0
2017-07-18,24.24,30.47,34.33,37.44,40.56,45.00,50.65,57.83,66.97,0.85,0.79,0.15,Resistência Forte,0,0
2017-07-19,24.55,30.71,34.52,37.60,40.68,45.06,50.65,57.75,66.78,0.89,0.79,0.11,Resistência Forte,0,0
2017-07-20,24.55,30.71,34.52,37.60,40.68,45.06,50.65,57.75,66.78,0.89,0.79,0.11,Resistência Forte,0,0
2017-07-21,24.55,30.71,34.52,37.60,40.68,45.06,50.65,57.75,66.78,0.86,0.79,0.14,Resistência Forte,0,0
2017-07-24,24.55,30.71,34.52,37.60,40.68,45.06,50.65,57.75,66.78,0.87,0.79,0.13,Resistência Forte,0,0
2017-07-25,24.55,30.71,34.52,37.60,40.68,45.06,50.65,57.75,66.78,0.84,0.79,0.16,Resistência Forte,0,0
2017-07-26,24.55,30.71,34.52,37.60,40.68,45.06,50.65,57.75,66.78,0.87,0.79,0.13,Resistência Forte,0,0
2017-07-27,24.55,30.71,34.52,37.60,40.68,45.06,50.65,57.75,66.78,0.86,0.79,0.14,Resistência Forte,0,0
2017-07-28,24.55,30.71,34.52,37.60,40.68,45.06,50.65,57.75,66.78,0.82,0.79,0.18,Resistência Forte,0,0
2017-07-31,24.55,30.71,34.52,37.60,40.68,45.06,50.65,57.75,66.78,0.77,0.62,0.02,Resistência,0,0
2017-08-01,25.17,31.18,34.90,37.91,40.92,45.20,50.65,57.58,66.40,0.76,0.62,0.03,Resistência,0,0
2017-08-02,25.32,31.30,35.00,37.98,40.97,45.23,50.65,57.54,66.30,0.78,0.62,0.01,Resistência,0,1
2017-08-03,25.32,31.30,35.00,37.98,40.97,45.23,50.65,57.54,66.30,0.71,0.62,0.08,Resistência,0,0
2017-08-04,27.50,32.96,36.34,39.08,41.81,45.70,50.65,56.95,64.96,0.78,0.62,0.01,Resistência,0,1
2017-08-07,27.50,32.96,36.34,39.08,41.81,45.70,50.65,56.95,64.96,0.74,0.62,0.05,Resistência,0,0
2017-08-08,27.50,32.96,36.34,39.08,41.81,45.70,50.65,56.95,64.96,0.64,0.62,0.15,Resistência,0,0
2017-08-09,27.50,32.96,36.34,39.08,41.81,45.70,50.65,56.95,64.96,0.65,0.62,0.14,Resistência,0,0
2017-08-10,27.50,32.96,36.34,39.08,41.81,45.70,50.65,56.95,64.96,0.59,0.50,0.03,Zona de Consolidação,0,0
2017-08-11,27.50,32.96,36.34,39.08,41.81,45.70,50.65,56.95,64.96,0.64,0.62,0.15,Resistência,0,0
2017-08-14,27.50,32.96,36.34,39.08,41.81,45.70,50.65,56.95,64.96,0.68,0.62,0.11,Resistência,0,0
2017-08-15,27.50,32.96,36.34,39.08,41.81,45.70,50.65,56.95,64.96,0.67,0.62,0.12,Resistência,0,0
2017-08-16,27.50,32.96,36.34,39.08,41.81,45.70,50.65,56.95,64.96,0.66,0.62,0.13,Resistência,0,0
2017-08-17,27.50,32.96,36.34,39.08,41.81,45.70,50.65,56.95,64.96,0.65,0.62,0.14,Resistência,0,0
2017-08-18,27.50,32.96,36.34,39.08,41.81,45.70,50.65,56.95,64.96,0.61,0.50,0.01,Zona de Consolidação,1,0
2017-08-21,27.96,33.31,36.63,39.30,41.98,45.79,50.65,56.82,64.67,0.55,0.50,0.07,Zona de Consolidação,0,0
2017-08-22,28.90,34.03,37.21,39.78,42.34,46.00,50.65,56.57,64.09,0.51,0.50,0.11,Zona de Consolidação,0,0
2017-08-23,30.45,35.22,38.17,40.55,42.93,46.33,50.65,56.14,63.13,0.37,0.24,0.01,Suporte,1,0
2017-08-24,30.45,35.22,38.17,40.55,42.93,46.33,50.65,56.14,63.13,0.42,0.38,0.08,Zona de Consolidação,0,0
2017-08-25,30.45,35.22,38.17,40.55,42.93,46.33,50.65,56.14,63.13,0.47,0.38,0.03,Zona de Consolidação,0,0
2017-08-28,30.45,35.22,38.17,40.55,42.93,46.33,50.65,56.14,63.13,0.46,0.38,0.04,Zona de Consolidação,0,0
2017-08-29,31.38,35.93,38.74,41.02,43.29,46.53,50.65,55.89,62.56,0.50,0.50,0.12,Zona de Consolidação,0,0
2017-08-30,32.31,36.64,39.32,41.48,43.64,46.73,50.65,55.64,61.98,0.42,0.38,0.08,Zona de Consolidação,0,0
2017-08-31,32.63,36.88,39.51,41.64,43.77,46.79,50.65,55.55,61.79,0.47,0.38,0.03,Zona de Consolidação,0,0
2017-09-01,32.63,36.88,39.51,41.64,43.77,46.79,50.65,55.55,61.79,0.44,0.38,0.06,Zona de Consolidação,0,0
2017-09-05,32.63,36.88,39.51,41.64,43.77,46.79,50.65,55.55,61.79,0.56,0.50,0.06,Zona de Consolidação,0,0
2017-09-06,34.64,38.42,40.76,42.64,44.53,47.22,50.65,55.00,60.54,0.55,0.50,0.07,Zona de Consolidação,0,0
2017-09-07,35.89,39.37,41.53,43.27,45.01,47.49,50.65,54.66,59.77,0.57,0.50,0.05,Zona de Consolidação,0,0
2017-09-08,35.89,39.37,41.53,43.27,45.01,47.49,50.65,54.66,59.77,0.63,0.62,0.16,Resistência,1,0
2017-09-11,36.20,39.61,41.72,43.42,45.13,47.56,50.65,54.58,59.58,0.52,0.50,0.10,Zona de Consolidação,0,0
2017-09-12,36.35,39.72,41.81,43.50,45.19,47.59,50.65,54.54,59.49,0.46,0.38,0.04,Zona de Consolidação,0,0
2017-09-13,36.35,39.72,41.81,43.50,45.19,47.59,50.65,54.54,59.49,0.35,0.24,0.03,Suporte,0,0
2017-09-14,37.91,40.92,42.78,44.28,45.78,47.92,50.65,54.12,58.52,0.24,0.24,0.14,Suporte,0,0
2017-09-15,37.91,40.92,42.78,44.28,45.78,47.92,50.65,54.12,58.52,0.38,0.24,0.00,Suporte,1,0
2017-09-18,37.91,40.51,42.12,43.42,44.73,46.58,48.94,51.94,55.76,0.35,0.24,0.03,Suporte,1,0
2017-09-19,37.91,40.51,42.12,43.42,44.73,46.58,48.94,51.94,55.76,0.35,0.24,0.03,Suporte,1,0
2017-09-20,37.91,40.51,42.12,43.42,44.73,46.58,48.94,51.94,55.76,0.35,0.24,0.03,Suporte,1,0
2017-09-21,37.91,40.51,42.12,43.42,44.73,46.58,48.94,51.94,55.76,0.42,0.38,0.08,Zona de Consolidação,0,0
2017-09-22,37.91,40.51,42.12,43.42,44.73,46.58,48.94,51.94,55.76,0.44,0.38,0.06,Zona de Consolidação,0,0
2017-09-25,37.91,40.51,42.12,43.42,44.73,46.58,48.94,51.94,55.76,0.35,0.24,0.03,Suporte,1,0
2017-09-26,37.91,40.51,42.12,43.42,44.73,46.58,48.94,51.94,55.76,0.44,0.38,0.06,Zona de Consolidação,0,0
2017-09-27,37.91,40.51,42.12,43.42,44.73,46.58,48.94,51.94,55.76,0.41,0.38,0.09,Zona de Consolidação,1,0
2017-09-28,37.91,40.51,42.12,43.42,44.73,46.58,48.94,51.94,55.76,0.38,0.24,0.00,Suporte,1,0
2017-09-29,37.91,40.51,42.12,43.42,44.73,46.58,48.94,51.94,55.76,0.34,0.24,0.04,Suporte,0,0
2017-10-02,37.91,40.51,42.12,43.42,44.73,46.58,48.94,51.94,55.76,0.35,0.24,0.03,Suporte,1,0
2017-10-03,37.91,40.51,42.12,43.42,44.73,46.58,48.94,51.94,55.76,0.37,0.24,0.01,Suporte,1,0
2017-10-04,37.91,40.51,42.12,43.42,44.73,46.58,48.94,51.94,55.76,0.22,0.00,0.02,Suporte Forte,0,0
2017-10-05,37.91,40.22,41.65,42.80,43.95,45.60,47.69,50.35,53.73,0.25,0.24,0.13,Suporte,0,0
2017-10-06,37.91,40.11,41.47,42.57,43.67,45.24,47.23,49.77,52.99,0.22,0.00,0.02,Suporte Forte,0,0
2017-10-09,37.91,40.07,41.41,42.49,43.57,45.11,47.07,49.56,52.73,0.00,0.00,0.24,Suporte Forte,0,0
2017-10-10,37.44,39.71,41.12,42.26,43.39,45.01,47.07,49.69,53.02,0.00,0.00,0.24,Suporte Forte,0,0
2017-10-11,36.82,39.24,40.74,41.94,43.15,44.88,47.07,49.86,53.40,0.09,0.00,0.15,Suporte Forte,0,0
2017-10-12,36.66,39.12,40.64,41.86,43.09,44.84,47.07,49.90,53.50,0.02,0.00,0.22,Suporte Forte,0,0
2017-10-13,34.96,37.82,39.59,41.02,42.44,44.48,47.07,50.36,54.55,0.06,0.00,0.18,Suporte Forte,0,0
2017-10-16,34.96,37.82,39.59,41.02,42.44,44.48,47.07,50.36,54.55,0.09,0.00,0.15,Suporte Forte,0,0
2017-10-17,34.96,37.82,39.59,41.02,42.44,44.48,47.07,50.36,54.55,0.10,0.00,0.14,Suporte Forte,0,0
2017-10-18,34.96,37.82,39.59,41.02,42.44,44.48,47.07,50.36,54.55,0.29,0.24,0.09,Suporte,0,0
2017-10-19,34.96,37.82,39.59,41.02,42.44,44.48,47.07,50.36,54.55,0.47,0.38,0.03,Zona de Consolidação,0,0
2017-10-20,34.96,37.82,39.59,41.02,42.44,44.48,47.07,50.36,54.55,0.55,0.50,0.07,Zona de Consolidação,0,0
2017-10-23,34.96,37.82,39.59,41.02,42.44,44.48,47.07,50.36,54.55,0.63,0.62,0.16,Resistência,1,0
2017-10-24,34.96,37.82,39.59,41.02,42.44,44.48,47.07,50.36,54.55,0.69,0.62,0.10,Resistência,0,0
2017-10-25,34.96,37.82,39.59,41.02,42.44,44.48,47.07,50.36,54.55,0.74,0.62,0.05,Resistência,0,0
2017-10-26,34.96,37.82,39.59,41.02,42.44,44.48,47.07,50.36,54.55,0.63,0.62,0.16,Resistência,1,0
2017-10-27,34.96,37.82,39.59,41.02,42.44,44.48,47.07,50.36,54.55,0.44,0.38,0.06,Zona de Consolidação,0,0
2017-10-30,34.96,37.82,39.59,41.02,42.44,44.48,47.07,50.36,54.55,0.44,0.38,0.06,Zona de Consolidação,0,0
2017-10-31,34.96,37.82,39.59,41.02,42.44,44.48,47.07,50.36,54.55,0.47,0.38,0.03,Zona de Consolidação,0,0
2017-11-01,34.96,37.82,39.59,41.02,42.44,44.48,47.07,50.36,54.55,0.36,0.24,0.02,Suporte,1,0
2017-11-02,34.96,37.82,39.59,41.02,42.44,44.48,47.07,50.36,54.55,0.45,0.38,0.05,Zona de Consolidação,0,0
2017-11-03,34.96,37.82,39.59,41.02,42.44,44.48,47.07,50.36,54.55,0.38,0.24,0.00,Suporte,1,0
2017-11-06,34.96,37.82,39.59,41.02,42.44,44.48,47.07,50.36,54.55,0.44,0.38,0.06,Zona de Consolidação,0,0
2017-11-07,34.96,37.82,39.59,41.02,42.44,44.48,47.07,50.36,54.55,0.41,0.38,0.09,Zona de Consolidação,1,0
2017-11-08,34.02,37.10,39.01,40.54,42.08,44.28,47.07,50.62,55.13,0.19,0.00,0.05,Suporte Forte,0,0
2017-11-09,34.02,37.10,39.01,40.54,42.08,44.28,47.07,50.62,55.13,0.29,0.24,0.09,Suporte,0,0
2017-11-10,34.02,37.10,39.01,40.54,42.08,44.28,47.07,50.62,55.13,0.33,0.24,0.05,Suporte,0,0
2017-11-13,34.02,37.10,39.01,40.54,42.08,44.28,47.07,50.62,55.13,0.20,0.00,0.04,Suporte Forte,0,0
2017-11-14,34.02,37.10,39.01,40.54,42.08,44.28,47.07,50.62,55.13,0.07,0.00,0.17,Suporte Forte,0,0
2017-11-15,34.02,37.10,39.01,40.54,42.08,44.28,47.07,50.62,55.13,0.07,0.00,0.17,Suporte Forte,0,0
2017-11-16,34.02,37.10,39.01,40.54,42.08,44.28,47.07,50.62,55.13,0.14,0.00,0.10,Suporte Forte,0,0
2017-11-17,34.02,36.77,38.47,39.84,41.22,43.18,45.67,48.84,52.87,0.17,0.00,0.07,Suporte Forte,0,0
2017-11-20,32.94,35.80,37.57,38.99,40.42,42.46,45.05,48.34,52.53,0.01,0.00,0.23,Suporte Forte,0,0
2017-11-21,32.78,35.68,37.47,38.92,40.36,42.42,45.05,48.39,52.63,0.03,0.00,0.21,Suporte Forte,0,0
2017-11-22,32.78,35.68,37.47,38.92,40.36,42.42,45.05,48.39,52.63,0.32,0.24,0.06,Suporte,0,0
2017-11-24,32.78,35.68,37.47,38.92,40.36,42.42,45.05,48.39,52.63,0.23,0.00,0.01,Suporte Forte,0,0
2017-11-27,32.78,35.68,37.47,38.92,40.36,42.42,45.05,48.39,52.63,0.15,0.00,0.09,Suporte Forte,0,0
2017-11-28,32.78,35.68,37.47,38.92,40.36,42.42,45.05,48.39,52.63,0.19,0.00,0.05,Suporte Forte,0,0
2017-11-29,32.78,35.68,37.47,38.92,40.36,42.42,45.05,48.39,52.63,0.14,0.00,0.10,Suporte Forte,0,0
2017-11-30,32.78,35.68,37.47,38.92,40.36,42.42,45.05,48.39,52.63,0.16,0.00,0.08,Suporte Forte,0,0
2017-12-01,32.78,35.68,37.47,38.92,40.36,42.42,45.05,48.39,52.63,0.19,0.00,0.05,Suporte Forte,0,0
2017-12-04,32.78,35.68,37.47,38.92,40.36,42.42,45.05,48.39,52.63,0.05,0.00,0.19,Suporte Forte,0,0
2017-12-05,32.62,35.55,37.37,38.83,40.30,42.39,45.05,48.43,52.73,0.19,0.00,0.05,Suporte Forte,0,0
2017-12-06,32.62,35.55,37.37,38.83,40.30,42.39,45.05,48.43,52.73,0.13,0.00,0.11,Suporte Forte,0,0
2017-12-07,32.62,35.55,37.37,38.83,40.30,42.39,45.05,48.43,52.73,0.15,0.00,0.09,Suporte Forte,0,0
2017-12-08,32.62,35.55,37.37,38.83,40.30,42.39,45.05,48.43,52.73,0.21,0.00,0.03,Suporte Forte,0,0
2017-12-11,32.62,35.55,37.37,38.83,40.30,42.39,45.05,48.43,52.73,0.05,0.00,0.19,Suporte Forte,0,0
2017-12-12,32.62,35.55,37.37,38.83,40.30,42.39,45.05,48.43,52.73,0.01,0.00,0.23,Suporte Forte,0,0
2017-12-13,31.85,34.97,36.89,38.45,40.01,42.23,45.05,48.64,53.21,0.08,0.00,0.16,Suporte Forte,0,0
2017-12-14,31.85,34.97,36.89,38.45,40.01,42.23,45.05,48.64,53.21,0.08,0.00,0.16,Suporte Forte,0,0
2017-12-15,31.85,34.97,36.89,38.45,40.01,42.23,45.05,48.64,53.21,0.12,0.00,0.12,Suporte Forte,0,0
2017-12-18,31.85,34.97,36.89,38.45,40.01,42.23,45.05,48.64,53.21,0.03,0.00,0.21,Suporte Forte,0,0
2017-12-19,31.85,34.97,36.89,38.45,40.01,42.23,45.05,48.64,53.21,0.02,0.00,0.22,Suporte Forte,0,0
2017-12-20,30.76,34.13,36.22,37.90,39.59,41.99,45.05,48.94,53.88,0.04,0.00,0.20,Suporte Forte,0,0
2017-12-21,27.81,31.88,34.40,36.43,38.46,41.36,45.05,49.74,55.70,0.11,0.00,0.13,Suporte Forte,0,0
2017-12-22,27.81,31.88,34.40,36.43,38.46,41.36,45.05,49.74,55.70,0.20,0.00,0.04,Suporte Forte,0,0
2017-12-26,27.81,31.88,34.40,36.43,38.46,41.36,45.05,49.74,55.70,0.23,0.00,0.01,Suporte Forte,0,0
2017-12-27,27.81,31.88,34.40,36.43,38.46,41.36,45.05,49.74,55.70,0.23,0.00,0.01,Suporte Forte,0,0
2017-12-28,27.81,31.88,34.40,36.43,38.46,41.36,45.05,49.74,55.70,0.19,0.00,0.05,Suporte Forte,0,0
2017-12-29,27.81,31.88,34.40,36.43,38.46,41.36,45.05,49.74,55.70,0.28,0.24,0.10,Suporte,0,0
2018-01-02,27.81,31.88,34.40,36.43,38.46,41.36,45.05,49.74,55.70,0.36,0.24,0.02,Suporte,0,0
2018-01-03,27.81,31.88,34.40,36.43,38.46,41.36,45.05,49.74,55.70,0.32,0.24,0.06,Suporte,0,0
2018-01-04,27.81,31.88,34.40,36.43,38.46,41.36,45.05,49.74,55.70,0.41,0.38,0.09,Zona de Consolidação,0,0
2018-01-05,27.81,31.88,34.40,36.43,38.46,41.36,45.05,49.74,55.70,0.35,0.24,0.03,Suporte,0,0
2018-01-08,27.81,31.88,34.40,36.43,38.46,41.36,45.05,49.74,55.70,0.37,0.24,0.01,Suporte,1,0
2018-01-09,27.81,31.26,33.39,35.11,36.83,39.29,42.41,46.38,51.43,0.40,0.38,0.10,Zona de Consolidação,1,0
2018-01-10,27.81,31.11,33.15,34.80,36.45,38.80,41.79,45.59,50.43,0.50,0.50,0.12,Zona de Consolidação,0,0
2018-01-11,27.81,31.11,33.15,34.80,36.45,38.80,41.79,45.59,50.43,0.66,0.62,0.13,Resistência,0,0
2018-01-12,27.81,31.04,33.03,34.64,36.26,38.55,41.48,45.20,49.93,0.65,0.62,0.14,Resistência,0,0
2018-01-16,27.81,30.96,32.91,34.49,36.07,38.31,41.17,44.80,49.43,0.46,0.38,0.04,Zona de Consolidação,0,0
2018-01-17,27.81,30.93,32.85,34.41,35.97,38.19,41.01,44.60,49.17,0.44,0.38,0.06,Zona de Consolidação,0,0
2018-01-18,27.81,30.93,32.85,34.41,35.97,38.19,41.01,44.60,49.17,0.40,0.38,0.10,Zona de Consolidação,1,0
2018-01-19,27.81,30.93,32.85,34.41,35.97,38.19,41.01,44.60,49.17,0.48,0.38,0.02,Zona de Consolidação,0,0
2018-01-22,27.81,30.63,32.38,33.79,35.20,37.21,39.77,43.02,47.16,0.60,0.50,0.02,Zona de Consolidação,1,0
2018-01-23,27.81,30.63,32.38,33.79,35.20,37.21,39.77,43.02,47.16,0.57,0.50,0.05,Zona de Consolidação,0,0
2018-01-24,27.81,30.63,32.38,33.79,35.20,37.21,39.77,43.02,47.16,0.52,0.50,0.10,Zona de Consolidação,0,0
2018-01-25,27.81,30.41,32.02,33.33,34.63,36.48,38.84,41.84,45.66,0.65,0.62,0.14,Resistência,1,0
2018-01-26,27.81,30.38,31.96,33.24,34.53,36.35,38.68,41.64,45.40,0.60,0.50,0.02,Zona de Consolidação,1,0
2018-01-29,27.81,30.38,31.96,33.24,34.53,36.35,38.68,41.64,45.40,0.53,0.50,0.09,Zona de Consolidação,0,0
2018-01-30,27.81,30.38,31.96,33.24,34.53,36.35,38.68,41.64,45.40,0.53,0.50,0.09,Zona de Consolidação,0,0
2018-01-31,27.81,30.38,31.96,33.24,34.53,36.35,38.68,41.64,45.40,0.56,0.50,0.06,Zona de Consolidação,0,0
2018-02-01,27.81,30.38,31.96,33.24,34.53,36.35,38.68,41.64,45.40,0.60,0.50,0.02,Zona de Consolidação,1,0
2018-02-02,27.81,30.38,31.96,33.24,34.53,36.35,38.68,41.64,45.40,0.54,0.50,0.08,Zona de Consolidação,0,0
2018-02-05,27.81,30.38,31.96,33.24,34.53,36.35,38.68,41.64,45.40,0.49,0.38,0.01,Zona de Consolidação,0,0
2018-02-06,27.81,30.38,31.96,33.24,34.53,36.35,38.68,41.64,45.40,0.51,0.50,0.11,Zona de Consolidação,0,0
2018-02-07,27.81,30.38,31.96,33.24,34.53,36.35,38.68,41.64,45.40,0.77,0.62,0.02,Resistência,0,1
2018-02-08,27.81,30.38,31.96,33.24,34.53,36.35,38.68,41.64,45.40,0.56,0.50,0.06,Zona de Consolidação,0,0
2018-02-09,27.81,30.38,31.96,33.24,34.53,36.35,38.68,41.64,45.40,0.50,0.50,0.12,Zona de Consolidação,0,0
2018-02-12,27.81,30.38,31.96,33.24,34.53,36.35,38.68,41.64,45.40,0.46,0.38,0.04,Zona de Consolidação,0,0
2018-02-13,27.81,30.38,31.96,33.24,34.53,36.35,38.68,41.64,45.40,0.49,0.38,0.01,Zona de Consolidação,0,0
2018-02-14,27.81,30.38,31.96,33.24,34.53,36.35,38.68,41.64,45.40,0.54,0.50,0.08,Zona de Consolidação,0,0
2018-02-15,27.81,30.38,31.96,33.24,34.53,36.35,38.68,41.64,45.40,0.51,0.50,0.11,Zona de Consolidação,0,0
2018-02-16,27.81,30.38,31.96,33.24,34.53,36.35,38.68,41.64,45.40,0.57,0.50,0.05,Zona de Consolidação,0,0
2018-02-20,27.81,30.38,31.96,33.24,34.53,36.35,38.68,41.64,45.40,0.57,0.50,0.05,Zona de Consolidação,0,0
2018-02-21,27.81,30.38,31.96,33.24,34.53,36.35,38.68,41.64,45.40,0.44,0.38,0.06,Zona de Consolidação,0,0
2018-02-22,27.81,30.38,31.96,33.24,34.53,36.35,38.68,41.64,45.40,0.57,0.50,0.05,Zona de Consolidação,0,0
2018-02-23,27.81,30.38,31.96,33.24,34.53,36.35,38.68,41.64,45.40,0.56,0.50,0.06,Zona de Consolidação,0,0
2018-02-26,27.81,30.38,31.96,33.24,34.53,36.35,38.68,41.64,45.40,0.63,0.62,0.16,Resistência,1,0
2018-02-27,27.81,30.38,31.96,33.24,34.53,36.35,38.68,41.64,45.40,0.66,0.62,0.13,Resistência,0,0
2018-02-28,27.81,30.38,31.96,33.24,34.53,36.35,38.68,41.64,45.40,0.61,0.50,0.01,Zona de Consolidação,1,0
2018-03-01,27.81,30.38,31.96,33.24,34.53,36.35,38.68,41.64,45.40,0.59,0.50,0.03,Zona de Consolidação,0,0
2018-03-02,27.81,30.38,31.96,33.24,34.53,36.35,38.68,41.64,45.40,0.66,0.62,0.13,Resistência,0,0
2018-03-05,27.81,30.38,31.96,33.24,34.53,36.35,38.68,41.64,45.40,0.59,0.50,0.03,Zona de Consolidação,0,0
2018-03-06,27.81,30.38,31.96,33.24,34.53,36.35,38.68,41.64,45.40,0.56,0.50,0.06,Zona de Consolidação,0,0
2018-03-07,29.52,31.68,33.02,34.10,35.18,36.72,38.68,41.17,44.34,0.44,0.38,0.06,Zona de Consolidação,0,0
2018-03-08,30.45,32.39,33.59,34.56,35.54,36.92,38.68,40.92,43.77,0.38,0.24,0.00,Suporte,1,0
2018-03-09,30.45,32.39,33.59,34.56,35.54,36.92,38.68,40.92,43.77,0.38,0.24,0.00,Suporte,1,0
2018-03-12,30.45,32.39,33.59,34.56,35.54,36.92,38.68,40.92,43.77,0.30,0.24,0.08,Suporte,0,0
2018-03-13,31.07,32.87,33.98,34.88,35.77,37.05,38.68,40.75,43.38,0.27,0.24,0.11,Suporte,0,0
2018-03-14,31.85,33.46,34.46,35.26,36.07,37.22,38.68,40.54,42.90,0.30,0.24,0.08,Suporte,0,0
2018-03-15,31.85,33.46,34.46,35.26,36.07,37.22,38.68,40.54,42.90,0.25,0.24,0.13,Suporte,0,0
2018-03-16,31.85,33.46,34.46,35.26,36.07,37.22,38.68,40.54,42.90,0.09,0.00,0.15,Suporte Forte,0,0
2018-03-19,31.85,33.46,34.46,35.26,36.07,37.22,38.68,40.54,42.90,0.07,0.00,0.17,Suporte Forte,0,0
2018-03-20,31.85,33.46,34.46,35.26,36.07,37.22,38.68,40.54,42.90,0.14,0.00,0.10,Suporte Forte,0,0
2018-03-21,31.85,33.46,34.46,35.26,36.07,37.22,38.68,40.54,42.90,0.32,0.24,0.06,Suporte,0,0
2018-03-22,31.85,33.46,34.46,35.26,36.07,37.22,38.68,40.54,42.90,0.23,0.00,0.01,Suporte Forte,0,0
2018-03-23,31.85,33.46,34.46,35.26,36.07,37.22,38.68,40.54,42.90,0.23,0.00,0.01,Suporte Forte,0,0
2018-03-26,31.85,33.24,34.10,34.80,35.50,36.49,37.75,39.35,41.40,0.11,0.00,0.13,Suporte Forte,0,0
2018-03-27,31.85,33.10,33.87,34.49,35.11,36.00,37.13,38.57,40.39,0.15,0.00,0.09,Suporte Forte,0,0
2018-03-28,31.38,32.74,33.58,34.26,34.93,35.90,37.13,38.69,40.68,0.11,0.00,0.13,Suporte Forte,0,0
2018-03-29,31.38,32.74,33.58,34.26,34.93,35.90,37.13,38.69,40.68,0.14,0.00,0.10,Suporte Forte,0,0
2018-04-02,31.38,32.74,33.58,34.26,34.93,35.90,37.13,38.69,40.68,0.00,0.00,0.24,Suporte Forte,0,0
2018-04-03,31.07,32.50,33.38,34.10,34.82,35.83,37.13,38.78,40.88,0.03,0.00,0.21,Suporte Forte,0,0
2018-04-04,31.07,32.50,33.38,34.10,34.82,35.83,37.13,38.78,40.88,0.18,0.00,0.06,Suporte Forte,0,0
2018-04-05,30.76,32.26,33.19,33.94,34.70,35.77,37.13,38.86,41.07,0.00,0.00,0.24,Suporte Forte,0,0
2018-04-06,29.83,31.55,32.62,33.48,34.34,35.57,37.13,39.12,41.64,0.08,0.00,0.16,Suporte Forte,0,0
2018-04-09,29.36,31.19,32.33,33.25,34.16,35.47,37.13,39.24,41.93,0.00,0.00,0.24,Suporte Forte,0,0
2018-04-10,29.36,31.19,32.33,33.25,34.16,35.47,37.13,39.24,41.93,0.08,0.00,0.16,Suporte Forte,0,0
2018-04-11,29.36,31.19,32.33,33.25,34.16,35.47,37.13,39.24,41.93,0.12,0.00,0.12,Suporte Forte,0,0
2018-04-12,29.36,31.19,32.33,33.25,34.16,35.47,37.13,39.24,41.93,0.32,0.24,0.06,Suporte,0,0
2018-04-13,29.36,31.19,32.33,33.25,34.16,35.47,37.13,39.24,41.93,0.30,0.24,0.08,Suporte,0,0
2018-04-16,29.36,31.19,32.33,33.25,34.16,35.47,37.13,39.24,41.93,0.44,0.38,0.06,Zona de Consolidação,0,0
2018-04-17,29.36,31.19,32.33,33.25,34.16,35.47,37.13,39.24,41.93,0.44,0.38,0.06,Zona de Consolidação,0,0
2018-04-18,29.36,31.19,32.33,33.25,34.16,35.47,37.13,39.24,41.93,0.48,0.38,0.02,Zona de Consolidação,0,0
2018-04-19,29.36,31.19,32.33,33.25,34.16,35.47,37.13,39.24,41.93,0.56,0.50,0.06,Zona de Consolidação,0,0
2018-04-20,29.36,31.08,32.15,33.01,33.87,35.10,36.66,38.65,41.17,0.55,0.50,0.07,Zona de Consolidação,0,0
2018-04-23,29.36,31.05,32.09,32.94,33.78,34.98,36.51,38.45,40.93,0.63,0.62,0.16,Resistência,1,0
2018-04-24,29.36,31.05,32.09,32.94,33.78,34.98,36.51,38.45,40.93,0.37,0.24,0.01,Suporte,1,0
2018-04-25,29.36,31.05,32.09,32.94,33.78,34.98,36.51,38.45,40.93,0.28,0.24,0.10,Suporte,0,0
2018-04-26,29.36,31.05,32.09,32.94,33.78,34.98,36.51,38.45,40.93,0.28,0.24,0.10,Suporte,0,0
2018-04-27,29.36,31.05,32.09,32.94,33.78,34.98,36.51,38.45,40.93,0.59,0.50,0.03,Zona de Consolidação,1,0
2018-04-30,29.36,31.05,32.09,32.94,33.78,34.98,36.51,38.45,40.93,0.76,0.62,0.03,Resistência,0,1
2018-05-01,29.36,31.05,32.09,32.94,33.78,34.98,36.51,38.45,40.93,0.78,0.62,0.01,Resistência,0,1
2018-05-02,29.36,31.05,32.09,32.94,33.78,34.98,36.51,38.45,40.93,0.85,0.79,0.15,Resistência Forte,0,0
2018-05-03,29.36,31.05,32.09,32.94,33.78,34.98,36.51,38.45,40.93,0.63,0.62,0.16,Resistência,1,0
2018-05-04,29.36,31.05,32.09,32.94,33.78,34.98,36.51,38.45,40.93,0.91,0.79,0.09,Resistência Forte,0,0
2018-05-07,29.36,31.67,33.10,34.25,35.41,37.05,39.15,41.81,45.20,0.94,0.79,0.06,Resistência Forte,0,0
2018-05-08,29.36,31.67,33.10,34.25,35.41,37.05,39.15,41.81,45.20,0.70,0.62,0.09,Resistência,0,0
2018-05-09,29.36,31.78,33.28,34.49,35.70,37.42,39.62,42.41,45.96,0.83,0.79,0.17,Resistência Forte,0,0
2018-05-10,29.36,31.78,33.28,34.49,35.70,37.42,39.62,42.41,45.96,0.86,0.79,0.14,Resistência Forte,0,0
2018-05-11,29.36,31.78,33.28,34.49,35.70,37.42,39.62,42.41,45.96,0.51,0.50,0.11,Zona de Consolidação,0,0
2018-05-14,29.36,32.11,33.81,35.18,36.56,38.52,41.01,44.18,48.21,0.85,0.79,0.15,Resistência Forte,0,0
2018-05-15,29.36,35.15,38.74,41.64,44.53,48.66,53.91,60.59,69.08,0.96,0.79,0.04,Resistência Forte,0,0
2018-05-16,29.36,35.15,38.74,41.64,44.53,48.66,53.91,60.59,69.08,0.87,0.79,0.13,Resistência Forte,0,0
2018-05-17,29.36,35.15,38.74,41.64,44.53,48.66,53.91,60.59,69.08,0.86,0.79,0.14,Resistência Forte,0,0
2018-05-18,29.36,35.45,39.21,42.26,45.30,49.63,55.15,62.16,71.09,0.95,0.79,0.05,Resistência Forte,0,0
2018-05-21,29.36,35.45,39.21,42.26,45.30,49.63,55.15,62.16,71.09,0.88,0.79,0.12,Resistência Forte,0,0
2018-05-22,29.36,35.45,39.21,42.26,45.30,49.63,55.15,62.16,71.09,0.82,0.79,0.18,Resistência Forte,0,0
2018-05-23,29.36,35.45,39.21,42.26,45.30,49.63,55.15,62.16,71.09,0.73,0.62,0.06,Resistência,0,0
2018-05-24,29.36,35.45,39.21,42.26,45.30,49.63,55.15,62.16,71.09,0.77,0.62,0.02,Resistência,0,0
2018-05-25,29.36,35.45,39.21,42.26,45.30,49.63,55.15,62.16,71.09,0.75,0.62,0.04,Resistência,0,0
2018-05-29,29.36,35.45,39.21,42.26,45.30,49.63,55.15,62.16,71.09,0.76,0.62,0.03,Resistência,0,0
2018-05-30,29.36,35.45,39.21,42.26,45.30,49.63,55.15,62.16,71.09,0.85,0.79,0.15,Resistência Forte,0,0
2018-05-31,29.36,35.45,39.21,42.26,45.30,49.63,55.15,62.16,71.09,0.86,0.79,0.14,Resistência Forte,0,0
2018-06-01,29.36,35.63,39.51,42.64,45.78,50.24,55.93,63.16,72.35,0.90,0.79,0.10,Resistência Forte,0,0
2018-06-04,29.36,36.18,40.40,43.81,47.22,52.08,58.26,66.12,76.12,0.90,0.79,0.10,Resistência Forte,0,0
2018-06-05,29.36,38.01,43.37,47.70,52.02,58.18,66.03,76.00,88.69,0.96,0.79,0.04,Resistência Forte,0,0
2018-06-06,29.36,41.28,48.65,54.60,60.56,69.05,79.85,93.58,111.05,0.90,0.79,0.10,Resistência Forte,0,0
2018-06-07,29.36,41.28,48.65,54.60,60.56,69.05,79.85,93.58,111.05,0.88,0.79,0.12,Resistência Forte,0,0
2018-06-08,29.36,41.28,48.65,54.60,60.56,69.05,79.85,93.58,111.05,0.94,0.79,0.06,Resistência Forte,0,0
2018-06-11,29.36,41.28,48.65,54.60,60.56,69.05,79.85,93.58,111.05,0.87,0.79,0.13,Resistência Forte,0,0
2018-06-12,29.36,41.28,48.65,54.60,60.56,69.05,79.85,93.58,111.05,0.79,0.79,0.21,Resistência Forte,0,1
2018-06-13,29.36,41.28,48.65,54.60,60.56,69.05,79.85,93.58,111.05,0.78,0.62,0.01,Resistência,0,1
2018-06-14,29.36,41.28,48.65,54.60,60.56,69.05,79.85,93.58,111.05,0.76,0.62,0.03,Resistência,0,0
2018-06-15,29.36,41.28,48.65,54.60,60.56,69.05,79.85,93.58,111.05,0.72,0.62,0.07,Resistência,0,0
2018-06-18,29.36,41.28,48.65,54.60,60.56,69.05,79.85,93.58,111.05,0.80,0.79,0.20,Resistência Forte,0,0
2018-06-19,29.52,41.40,48.75,54.68,60.62,69.08,79.85,93.54,110.95,0.80,0.79,0.20,Resistência Forte,0,1
2018-06-20,29.67,41.51,48.84,54.76,60.68,69.11,79.85,93.50,110.86,0.84,0.79,0.16,Resistência Forte,0,0
2018-06-21,31.23,42.70,49.80,55.54,61.28,69.45,79.85,93.07,109.90,0.72,0.62,0.07,Resistência,0,0
2018-06-22,31.23,42.70,49.80,55.54,61.28,69.45,79.85,93.07,109.90,0.74,0.62,0.05,Resistência,0,0
2018-06-25,31.23,42.70,49.80,55.54,61.28,69.45,79.85,93.07,109.90,0.69,0.62,0.10,Resistência,0,0
2018-06-26,31.23,42.70,49.80,55.54,61.28,69.45,79.85,93.07,109.90,0.72,0.62,0.07,Resistência,0,0
2018-06-27,31.23,42.70,49.80,55.54,61.28,69.45,79.85,93.07,109.90,0.65,0.62,0.14,Resistência,0,0
2018-06-28,31.23,42.70,49.80,55.54,61.28,69.45,79.85,93.07,109.90,0.60,0.50,0.02,Zona de Consolidação,0,0
2018-06-29,31.23,42.70,49.80,55.54,61.28,69.45,79.85,93.07,109.90,0.62,0.62,0.17,Resistência,1,0
2018-07-02,31.23,42.70,49.80,55.54,61.28,69.45,79.85,93.07,109.90,0.64,0.62,0.15,Resistência,0,0
2018-07-03,31.23,42.70,49.80,55.54,61.28,69.45,79.85,93.07,109.90,0.70,0.62,0.09,Resistência,0,0
2018-07-05,31.23,42.70,49.80,55.54,61.28,69.45,79.85,93.07,109.90,0.77,0.62,0.02,Resistência,0,0
2018-07-06,31.23,42.70,49.80,55.54,61.28,69.45,79.85,93.07,109.90,0.77,0.62,0.02,Resistência,0,0
2018-07-09,31.38,42.82,49.90,55.61,61.33,69.48,79.85,93.03,109.80,0.76,0.62,0.03,Resistência,0,0
2018-07-10,32.31,43.53,50.47,56.08,61.69,69.68,79.85,92.78,109.23,0.67,0.62,0.12,Resistência,0,0
2018-07-11,33.40,44.36,51.14,56.62,62.11,69.91,79.85,92.48,108.56,0.71,0.62,0.08,Resistência,0,0
2018-07-12,33.40,44.36,51.14,56.62,62.11,69.91,79.85,92.48,108.56,0.71,0.62,0.08,Resistência,0,0
2018-07-13,33.40,44.36,51.14,56.62,62.11,69.91,79.85,92.48,108.56,0.71,0.62,0.08,Resistência,0,0
2018-07-16,33.40,44.36,51.14,56.62,62.11,69.91,79.85,92.48,108.56,0.68,0.62,0.11,Resistência,0,0
2018-07-17,33.40,44.36,51.14,56.62,62.11,69.91,79.85,92.48,108.56,0.70,0.62,0.09,Resistência,0,0
2018-07-18,33.40,44.36,51.14,56.62,62.11,69.91,79.85,92.48,108.56,0.62,0.62,0.17,Resistência,1,0
2018-07-19,33.40,44.36,51.14,56.62,62.11,69.91,79.85,92.48,108.56,0.63,0.62,0.16,Resistência,0,0
2018-07-20,33.40,44.36,51.14,56.62,62.11,69.91,79.85,92.48,108.56,0.62,0.62,0.17,Resistência,1,0
2018-07-23,33.40,44.36,51.14,56.62,62.11,69.91,79.85,92.48,108.56,0.54,0.50,0.08,Zona de Consolidação,0,0
2018-07-24,34.80,45.43,52.01,57.32,62.64,70.21,79.85,92.10,107.69,0.42,0.38,0.08,Zona de Consolidação,0,0
2018-07-25,39.31,48.88,54.80,59.58,64.36,71.17,79.85,90.88,104.90,0.33,0.24,0.05,Suporte,0,0
2018-07-26,44.90,53.15,58.25,62.38,66.50,72.37,79.85,89.36,101.45,0.28,0.24,0.10,Suporte,0,0
2018-07-27,44.90,53.15,58.25,62.38,66.50,72.37,79.85,89.36,101.45,0.38,0.24,0.00,Suporte,1,0
2018-07-30,44.90,53.15,58.25,62.38,66.50,72.37,79.85,89.36,101.45,0.35,0.24,0.03,Suporte,0,0
2018-07-31,44.90,53.15,58.25,62.38,66.50,72.37,79.85,89.36,101.45,0.40,0.38,0.10,Zona de Consolidação,0,0
2018-08-01,44.90,53.15,58.25,62.38,66.50,72.37,79.85,89.36,101.45,0.40,0.38,0.10,Zona de Consolidação,0,0
2018-08-02,44.90,53.15,58.25,62.38,66.50,72.37,79.85,89.36,101.45,0.42,0.38,0.08,Zona de Consolidação,0,0
2018-08-03,46.92,54.69,59.50,63.38,67.27,72.80,79.85,88.81,100.20,0.34,0.24,0.04,Suporte,0,0
2018-08-06,47.54,55.17,59.88,63.69,67.51,72.94,79.85,88.64,99.82,0.24,0.24,0.14,Suporte,0,0
2018-08-07,47.54,55.17,59.88,63.69,67.51,72.94,79.85,88.64,99.82,0.28,0.24,0.10,Suporte,0,0
2018-08-08,48.78,56.11,60.65,64.32,67.98,73.20,79.85,88.30,99.05,0.25,0.24,0.13,Suporte,0,0
2018-08-09,49.71,56.82,61.22,64.78,68.34,73.40,79.85,88.05,98.48,0.23,0.00,0.01,Suporte Forte,0,0
2018-08-10,49.71,56.82,61.22,64.78,68.34,73.40,79.85,88.05,98.48,0.23,0.00,0.01,Suporte Forte,0,0
2018-08-13,49.71,56.82,61.22,64.78,68.34,73.40,79.85,88.05,98.48,0.19,0.00,0.05,Suporte Forte,0,0
2018-08-14,49.71,56.82,61.22,64.78,68.34,73.40,79.85,88.05,98.48,0.22,0.00,0.02,Suporte Forte,0,0
2018-08-15,49.71,56.82,61.22,64.78,68.34,73.40,79.85,88.05,98.48,0.24,0.24,0.14,Suporte,0,0
2018-08-16,49.71,56.31,60.39,63.70,67.00,71.69,77.68,85.29,94.97,0.26,0.24,0.12,Suporte,0,0
2018-08-17,49.71,56.31,60.39,63.70,67.00,71.69,77.68,85.29,94.97,0.26,0.24,0.12,Suporte,0,0
2018-08-20,49.71,56.16,60.16,63.39,66.61,71.21,77.06,84.50,93.96,0.34,0.24,0.04,Suporte,0,0
2018-08-21,49.71,55.54,59.15,62.06,64.98,69.13,74.42,81.14,89.69,0.38,0.24,0.00,Suporte,1,0
2018-08-22,49.71,55.54,59.15,62.06,64.98,69.13,74.42,81.14,89.69,0.69,0.62,0.10,Resistência,0,0
2018-08-23,49.71,55.54,59.15,62.06,64.98,69.13,74.42,81.14,89.69,0.65,0.62,0.14,Resistência,0,0
2018-08-24,49.71,55.54,59.15,62.06,64.98,69.13,74.42,81.14,89.69,0.72,0.62,0.07,Resistência,0,0
2018-08-27,49.71,55.54,59.15,62.06,64.98,69.13,74.42,81.14,89.69,0.72,0.62,0.07,Resistência,0,0
2018-08-28,49.71,55.54,59.15,62.06,64.98,69.13,74.42,81.14,89.69,0.60,0.50,0.02,Zona de Consolidação,1,0
2018-08-29,49.71,55.54,59.15,62.06,64.98,69.13,74.42,81.14,89.69,0.66,0.62,0.13,Resistência,0,0
2018-08-30,49.71,55.28,58.73,61.52,64.31,68.28,73.33,79.75,87.93,0.85,0.79,0.15,Resistência Forte,0,0
2018-08-31,49.71,55.39,58.91,61.75,64.59,68.64,73.79,80.34,88.67,0.63,0.62,0.16,Resistência,1,0
2018-09-04,49.71,55.39,58.91,61.75,64.59,68.64,73.79,80.34,88.67,0.83,0.79,0.17,Resistência Forte,0,0
2018-09-05,49.71,55.39,58.91,61.75,64.59,68.64,73.79,80.34,88.67,0.75,0.62,0.04,Resistência,0,0
2018-09-06,49.71,55.39,58.91,61.75,64.59,68.64,73.79,80.34,88.67,0.72,0.62,0.07,Resistência,0,0
2018-09-07,49.71,55.39,58.91,61.75,64.59,68.64,73.79,80.34,88.67,0.71,0.62,0.08,Resistência,0,0
2018-09-10,49.71,55.39,58.91,61.75,64.59,68.64,73.79,80.34,88.67,0.76,0.62,0.03,Resistência,0,1
2018-09-11,49.71,55.39,58.91,61.75,64.59,68.64,73.79,80.34,88.67,0.71,0.62,0.08,Resistência,0,0
2018-09-12,49.71,55.39,58.91,61.75,64.59,68.64,73.79,80.34,88.67,0.75,0.62,0.04,Resistência,0,0
2018-09-13,49.71,55.39,58.91,61.75,64.59,68.64,73.79,80.34,88.67,0.75,0.62,0.04,Resistência,0,0
2018-09-14,49.71,55.39,58.91,61.75,64.59,68.64,73.79,80.34,88.67,0.88,0.79,0.12,Resistência Forte,0,0
2018-09-17,49.71,55.58,59.21,62.14,65.07,69.25,74.57,81.33,89.93,0.88,0.79,0.12,Resistência Forte,0,0
2018-09-18,49.71,55.58,59.21,62.14,65.07,69.25,74.57,81.33,89.93,0.84,0.79,0.16,Resistência Forte,0,0
2018-09-19,49.71,55.58,59.21,62.14,65.07,69.25,74.57,81.33,89.93,0.84,0.79,0.16,Resistência Forte,0,0
2018-09-20,49.71,55.58,59.21,62.14,65.07,69.25,74.57,81.33,89.93,0.82,0.79,0.18,Resistência Forte,0,0
2018-09-21,49.71,55.58,59.21,62.14,65.07,69.25,74.57,81.33,89.93,0.76,0.62,0.03,Resistência,0,0
2018-09-24,49.71,55.58,59.21,62.14,65.07,69.25,74.57,81.33,89.93,0.74,0.62,0.05,Resistência,0,0
2018-09-25,49.71,55.58,59.21,62.14,65.07,69.25,74.57,81.33,89.93,0.79,0.79,0.21,Resistência Forte,0,1
2018-09-26,49.71,55.58,59.21,62.14,65.07,69.25,74.57,81.33,89.93,0.74,0.62,0.05,Resistência,0,0
2018-09-27,49.71,55.58,59.21,62.14,65.07,69.25,74.57,81.33,89.93,0.75,0.62,0.04,Resistência,0,0
2018-09-28,49.71,55.58,59.21,62.14,65.07,69.25,74.57,81.33,89.93,0.69,0.62,0.10,Resistência,0,0
2018-10-01,49.71,55.58,59.21,62.14,65.07,69.25,74.57,81.33,89.93,0.56,0.50,0.06,Zona de Consolidação,0,0
2018-10-02,49.71,55.58,59.21,62.14,65.07,69.25,74.57,81.33,89.93,0.47,0.38,0.03,Zona de Consolidação,0,0
2018-10-03,49.71,55.58,59.21,62.14,65.07,69.25,74.57,81.33,89.93,0.47,0.38,0.03,Zona de Consolidação,0,0
2018-10-04,52.82,57.95,61.13,63.69,66.26,69.92,74.57,80.49,88.01,0.34,0.24,0.04,Suporte,0,0
2018-10-05,54.37,59.14,62.09,64.47,66.85,70.25,74.57,80.06,87.05,0.24,0.24,0.14,Suporte,0,0
2018-10-08,54.37,59.14,62.09,64.47,66.85,70.25,74.57,80.06,87.05,0.19,0.00,0.05,Suporte Forte,0,0
2018-10-09,54.37,59.14,62.09,64.47,66.85,70.25,74.57,80.06,87.05,0.27,0.24,0.11,Suporte,0,0
2018-10-10,54.37,59.14,62.09,64.47,66.85,70.25,74.57,80.06,87.05,0.05,0.00,0.19,Suporte Forte,0,0
2018-10-11,54.37,59.14,62.09,64.47,66.85,70.25,74.57,80.06,87.05,0.28,0.24,0.10,Suporte,0,0
2018-10-12,54.37,59.14,62.09,64.47,66.85,70.25,74.57,80.06,87.05,0.40,0.38,0.10,Zona de Consolidação,1,0
2018-10-15,54.37,59.14,62.09,64.47,66.85,70.25,74.57,80.06,87.05,0.45,0.38,0.05,Zona de Consolidação,0,0
2018-10-16,54.53,59.26,62.19,64.55,66.91,70.28,74.57,80.02,86.95,0.39,0.38,0.11,Zona de Consolidação,1,0
2018-10-17,54.69,59.38,62.28,64.63,66.98,70.32,74.57,79.98,86.86,0.41,0.38,0.09,Zona de Consolidação,0,0
2018-10-18,54.69,59.38,62.28,64.63,66.98,70.32,74.57,79.98,86.86,0.39,0.38,0.11,Zona de Consolidação,1,0
2018-10-19,54.69,59.38,62.28,64.63,66.98,70.32,74.57,79.98,86.86,0.18,0.00,0.06,Suporte Forte,0,0
2018-10-22,54.69,59.38,62.28,64.63,66.98,70.32,74.57,79.98,86.86,0.05,0.00,0.19,Suporte Forte,0,0
2018-10-23,52.04,57.36,60.65,63.30,65.96,69.75,74.57,80.70,88.49,0.20,0.00,0.04,Suporte Forte,0,0
2018-10-24,52.04,57.36,60.65,63.30,65.96,69.75,74.57,80.70,88.49,0.02,0.00,0.22,Suporte Forte,0,0
2018-10-25,50.03,55.82,59.40,62.30,65.20,69.32,74.57,81.24,89.74,0.08,0.00,0.16,Suporte Forte,0,0
2018-10-26,50.03,55.82,59.40,62.30,65.20,69.32,74.57,81.24,89.74,0.05,0.00,0.19,Suporte Forte,0,0
2018-10-29,50.03,55.82,59.40,62.30,65.20,69.32,74.57,81.24,89.74,0.08,0.00,0.16,Suporte Forte,0,0
2018-10-30,49.56,55.46,59.11,62.06,65.02,69.22,74.57,81.37,90.03,0.01,0.00,0.23,Suporte Forte,0,0
2018-10-31,49.56,55.46,59.11,62.06,65.02,69.22,74.57,81.37,90.03,0.09,0.00,0.15,Suporte Forte,0,0
2018-11-01,49.56,55.46,59.11,62.06,65.02,69.22,74.57,81.37,90.03,0.08,0.00,0.16,Suporte Forte,0,0
2018-11-02,47.38,53.80,57.77,60.97,64.18,68.75,74.57,81.97,91.37,0.09,0.00,0.15,Suporte Forte,0,0
2018-11-05,47.38,53.80,57.77,60.97,64.18,68.75,74.57,81.97,91.37,0.17,0.00,0.07,Suporte Forte,0,0
2018-11-06,47.38,53.80,57.77,60.97,64.18,68.75,74.57,81.97,91.37,0.16,0.00,0.08,Suporte Forte,0,0
2018-11-07,47.38,53.80,57.77,60.97,64.18,68.75,74.57,81.97,91.37,0.23,0.00,0.01,Suporte Forte,0,0
2018-11-08,47.38,53.80,57.77,60.97,64.18,68.75,74.57,81.97,91.37,0.21,0.00,0.03,Suporte Forte,0,0
2018-11-09,47.38,53.80,57.77,60.97,64.18,68.75,74.57,81.97,91.37,0.13,0.00,0.11,Suporte Forte,0,0
2018-11-12,46.76,53.32,57.38,60.66,63.95,68.62,74.57,82.13,91.76,0.04,0.00,0.20,Suporte Forte,0,0
2018-11-13,45.99,52.73,56.91,60.28,63.65,68.45,74.57,82.34,92.23,0.02,0.00,0.22,Suporte Forte,0,0
2018-11-14,43.66,50.95,55.47,59.11,62.76,67.96,74.57,82.98,93.67,0.00,0.00,0.24,Suporte Forte,0,0
2018-11-15,43.50,50.83,55.37,59.04,62.70,67.92,74.57,83.02,93.77,0.13,0.00,0.11,Suporte Forte,0,0
2018-11-16,43.50,50.83,55.37,59.04,62.70,67.92,74.57,83.02,93.77,0.11,0.00,0.13,Suporte Forte,0,0
2018-11-19,42.41,50.00,54.70,58.49,62.28,67.69,74.57,83.32,94.44,0.00,0.00,0.24,Suporte Forte,0,0
2018-11-20,41.64,49.41,54.22,58.10,61.99,67.52,74.57,83.53,94.92,0.00,0.00,0.24,Suporte Forte,0,0
2018-11-21,41.64,49.41,54.22,58.10,61.99,67.52,74.57,83.53,94.92,0.05,0.00,0.19,Suporte Forte,0,0
2018-11-23,41.64,49.41,54.22,58.10,61.99,67.52,74.57,83.53,94.92,0.04,0.00,0.20,Suporte Forte,0,0
2018-11-26,41.64,49.41,54.22,58.10,61.99,67.52,74.57,83.53,94.92,0.07,0.00,0.17,Suporte Forte,0,0
2018-11-27,41.64,48.93,53.45,57.10,60.74,65.94,72.55,80.96,91.65,0.05,0.00,0.19,Suporte Forte,0,0
2018-11-28,41.17,48.39,52.86,56.48,60.09,65.23,71.78,80.11,90.70,0.08,0.00,0.16,Suporte Forte,0,0
2018-11-29,41.17,48.36,52.80,56.40,59.99,65.10,71.62,79.90,90.44,0.11,0.00,0.13,Suporte Forte,0,0
2018-11-30,41.17,48.03,52.27,55.70,59.12,64.00,70.22,78.12,88.17,0.12,0.00,0.12,Suporte Forte,0,0
2018-12-03,41.17,48.03,52.27,55.70,59.12,64.00,70.22,78.12,88.17,0.03,0.00,0.21,Suporte Forte,0,0
2018-12-04,41.17,48.03,52.27,55.70,59.12,64.00,70.22,78.12,88.17,0.08,0.00,0.16,Suporte Forte,0,0
2018-12-06,39.77,46.96,51.40,55.00,58.59,63.70,70.22,78.50,89.04,0.01,0.00,0.23,Suporte Forte,0,0
2018-12-07,39.77,46.70,50.99,54.45,57.91,62.85,69.13,77.12,87.27,0.02,0.00,0.22,Suporte Forte,0,0
2018-12-10,38.84,45.81,50.12,53.60,57.08,62.04,68.36,76.39,86.60,0.01,0.00,0.23,Suporte Forte,0,0
2018-12-11,37.44,44.55,48.95,52.51,56.07,61.13,67.58,75.78,86.21,0.03,0.00,0.21,Suporte Forte,0,0
2018-12-12,37.44,43.75,47.65,50.80,53.95,58.44,64.16,71.43,80.67,0.09,0.00,0.15,Suporte Forte,0,0
2018-12-13,37.13,43.51,47.46,50.64,53.83,58.38,64.16,71.51,80.86,0.03,0.00,0.21,Suporte Forte,0,0
2018-12-14,37.13,43.51,47.46,50.64,53.83,58.38,64.16,71.51,80.86,0.08,0.00,0.16,Suporte Forte,0,0
2018-12-17,35.73,42.44,46.59,49.94,53.30,58.08,64.16,71.89,81.73,0.02,0.00,0.22,Suporte Forte,0,0
2018-12-18,33.40,40.66,45.15,48.78,52.41,57.58,64.16,72.53,83.17,0.01,0.00,0.23,Suporte Forte,0,0
2018-12-19,32.31,39.83,44.48,48.24,51.99,57.34,64.16,72.82,83.84,0.01,0.00,0.23,Suporte Forte,0,0
2018-12-20,30.92,38.76,43.62,47.54,51.46,57.05,64.16,73.20,84.70,0.03,0.00,0.21,Suporte Forte,0,0
2018-12-21,30.76,38.64,43.52,47.46,51.40,57.01,64.16,73.24,84.80,0.03,0.00,0.21,Suporte Forte,0,0
2018-12-24,29.83,37.93,42.94,47.00,51.05,56.81,64.16,73.50,85.38,0.00,0.00,0.24,Suporte Forte,0,0
2018-12-26,29.83,37.93,42.94,47.00,51.05,56.81,64.16,73.50,85.38,0.03,0.00,0.21,Suporte Forte,0,0
2018-12-27,28.28,36.75,41.99,46.22,50.45,56.48,64.16,73.92,86.33,0.09,0.00,0.15,Suporte Forte,0,0
2018-12-28,28.28,36.53,41.63,45.76,49.88,55.75,63.23,72.74,84.83,0.28,0.24,0.10,Suporte,0,0
2018-12-31,28.28,36.49,41.57,45.68,49.79,55.63,63.08,72.55,84.59,0.37,0.24,0.01,Suporte,0,0
2019-01-02,28.28,36.46,41.51,45.60,49.69,55.51,62.92,72.34,84.33,0.36,0.24,0.02,Suporte,0,0
2019-01-03,28.28,35.43,39.85,43.42,47.00,52.09,58.57,66.81,77.29,0.38,0.24,0.00,Suporte,1,0
2019-01-04,28.28,35.32,39.67,43.19,46.71,51.72,58.10,66.21,76.53,0.36,0.24,0.02,Suporte,0,0
2019-01-07,28.28,34.99,39.14,42.50,45.85,50.63,56.71,64.44,74.28,0.51,0.50,0.11,Zona de Consolidação,0,0
2019-01-08,28.28,34.91,39.02,42.34,45.65,50.37,56.39,64.04,73.76,0.52,0.50,0.10,Zona de Consolidação,0,0
2019-01-09,28.28,34.91,39.02,42.34,45.65,50.37,56.39,64.04,73.76,0.54,0.50,0.08,Zona de Consolidação,0,0
2019-01-10,28.28,34.73,38.72,41.95,45.18,49.77,55.62,63.06,72.52,0.61,0.50,0.01,Zona de Consolidação,1,0
2019-01-11,28.28,34.73,38.72,41.95,45.18,49.77,55.62,63.06,72.52,0.61,0.50,0.01,Zona de Consolidação,1,0
2019-01-14,28.28,34.73,38.72,41.95,45.18,49.77,55.62,63.06,72.52,0.61,0.50,0.01,Zona de Consolidação,1,0
2019-01-15,28.28,34.73,38.72,41.95,45.18,49.77,55.62,63.06,72.52,0.59,0.50,0.03,Zona de Consolidação,0,0
2019-01-16,28.28,34.73,38.72,41.95,45.18,49.77,55.62,63.06,72.52,0.57,0.50,0.05,Zona de Consolidação,0,0
2019-01-17,28.28,34.73,38.72,41.95,45.18,49.77,55.62,63.06,72.52,0.55,0.50,0.07,Zona de Consolidação,0,0
2019-01-18,28.28,34.73,38.72,41.95,45.18,49.77,55.62,63.06,72.52,0.52,0.50,0.10,Zona de Consolidação,0,0
2019-01-22,28.28,34.73,38.72,41.95,45.18,49.77,55.62,63.06,72.52,0.49,0.38,0.01,Zona de Consolidação,0,0
2019-01-23,28.28,34.55,38.43,41.56,44.69,49.16,54.84,62.06,71.25,0.44,0.38,0.06,Zona de Consolidação,0,0
2019-01-24,28.28,33.93,37.42,40.24,43.06,47.08,52.20,58.71,66.98,0.57,0.50,0.05,Zona de Consolidação,0,0
2019-01-25,28.28,33.63,36.94,39.62,42.30,46.11,50.96,57.13,64.98,0.58,0.50,0.04,Zona de Consolidação,0,0
2019-01-28,28.28,33.38,36.53,39.08,41.62,45.25,49.87,55.74,63.21,0.65,0.62,0.14,Resistência,0,0
2019-01-29,28.28,33.38,36.53,39.08,41.62,45.25,49.87,55.74,63.21,0.62,0.62,0.17,Resistência,1,0
2019-01-30,28.28,33.38,36.53,39.08,41.62,45.25,49.87,55.74,63.21,0.60,0.50,0.02,Zona de Consolidação,0,0
2019-01-31,28.28,33.38,36.53,39.08,41.62,45.25,49.87,55.74,63.21,0.63,0.62,0.16,Resistência,1,0
2019-02-01,28.28,33.38,36.53,39.08,41.62,45.25,49.87,55.74,63.21,0.66,0.62,0.13,Resistência,0,0
2019-02-04,28.28,33.38,36.53,39.08,41.62,45.25,49.87,55.74,63.21,0.62,0.62,0.17,Resistência,1,0
2019-02-05,28.28,33.38,36.53,39.08,41.62,45.25,49.87,55.74,63.21,0.56,0.50,0.06,Zona de Consolidação,0,0
2019-02-06,28.28,33.38,36.53,39.08,41.62,45.25,49.87,55.74,63.21,0.58,0.50,0.04,Zona de Consolidação,0,0
2019-02-07,28.28,33.38,36.53,39.08,41.62,45.25,49.87,55.74,63.21,0.63,0.62,0.16,Resistência,1,0
2019-02-08,28.28,33.38,36.53,39.08,41.62,45.25,49.87,55.74,63.21,0.64,0.62,0.15,Resistência,0,0
2019-02-11,28.28,33.38,36.53,39.08,41.62,45.25,49.87,55.74,63.21,0.76,0.62,0.03,Resistência,0,0
2019-02-12,28.28,33.38,36.53,39.08,41.62,45.25,49.87,55.74,63.21,0.82,0.79,0.18,Resistência Forte,0,0
2019-02-13,28.28,33.38,36.53,39.08,41.62,45.25,49.87,55.74,63.21,0.78,0.62,0.01,Resistência,0,1
2019-02-14,28.28,33.38,36.53,39.08,41.62,45.25,49.87,55.74,63.21,0.81,0.79,0.19,Resistência Forte,0,0
2019-02-15,28.28,33.23,36.29,38.76,41.24,44.76,49.25,54.95,62.21,0.90,0.79,0.10,Resistência Forte,0,0
2019-02-19,28.28,33.23,36.29,38.76,41.24,44.76,49.25,54.95,62.21,0.80,0.79,0.20,Resistência Forte,0,1
2019-02-20,28.28,33.23,36.29,38.76,41.24,44.76,49.25,54.95,62.21,0.71,0.62,0.08,Resistência,0,0
2019-02-21,28.28,33.23,36.29,38.76,41.24,44.76,49.25,54.95,62.21,0.78,0.62,0.01,Resistência,0,1
2019-02-22,28.28,33.23,36.29,38.76,41.24,44.76,49.25,54.95,62.21,0.73,0.62,0.06,Resistência,0,0
2019-02-25,28.28,33.23,36.29,38.76,41.24,44.76,49.25,54.95,62.21,0.73,0.62,0.06,Resistência,0,0
2019-02-26,28.28,33.23,36.29,38.76,41.24,44.76,49.25,54.95,62.21,0.71,0.62,0.08,Resistência,0,0
2019-02-27,28.28,33.23,36.29,38.76,41.24,44.76,49.25,54.95,62.21,0.73,0.62,0.06,Resistência,0,0
2019-02-28,28.28,33.23,36.29,38.76,41.24,44.76,49.25,54.95,62.21,0.78,0.62,0.01,Resistência,0,1
2019-03-01,28.28,33.23,36.29,38.76,41.24,44.76,49.25,54.95,62.21,0.88,0.79,0.12,Resistência Forte,0,0
2019-03-04,28.28,33.49,36.71,39.31,41.91,45.62,50.34,56.34,63.97,0.93,0.79,0.07,Resistência Forte,0,0
2019-03-05,28.28,33.52,36.76,39.39,42.01,45.74,50.49,56.53,64.22,0.99,0.79,0.01,Resistência Forte,0,1
2019-03-06,28.28,33.59,36.88,39.54,42.20,45.98,50.80,56.93,64.72,0.79,0.79,0.21,Resistência Forte,0,1
2019-03-07,28.28,33.59,36.88,39.54,42.20,45.98,50.80,56.93,64.72,0.85,0.79,0.15,Resistência Forte,0,0
2019-03-08,28.28,33.59,36.88,39.54,42.20,45.98,50.80,56.93,64.72,0.78,0.62,0.01,Resistência,0,1
2019-03-11,28.28,33.59,36.88,39.54,42.20,45.98,50.80,56.93,64.72,0.79,0.79,0.21,Resistência Forte,0,1
2019-03-12,31.85,36.32,39.09,41.32,43.56,46.74,50.80,55.95,62.51,0.78,0.62,0.01,Resistência,0,1
2019-03-13,35.42,39.05,41.30,43.11,44.92,47.51,50.80,54.98,60.30,0.82,0.79,0.18,Resistência Forte,0,0
2019-03-14,37.29,40.48,42.45,44.04,45.64,47.91,50.80,54.47,59.15,0.78,0.62,0.01,Resistência,0,1
2019-03-15,38.68,41.54,43.31,44.74,46.17,48.21,50.80,54.10,58.29,0.72,0.62,0.07,Resistência,0,0
2019-03-18,38.68,41.54,43.31,44.74,46.17,48.21,50.80,54.10,58.29,0.67,0.62,0.12,Resistência,0,0
2019-03-19,38.99,41.78,43.50,44.90,46.29,48.27,50.80,54.01,58.10,0.74,0.62,0.05,Resistência,0,0
2019-03-20,38.99,41.78,43.50,44.90,46.29,48.27,50.80,54.01,58.10,0.79,0.79,0.21,Resistência Forte,0,1
2019-03-21,38.99,41.78,43.50,44.90,46.29,48.27,50.80,54.01,58.10,0.76,0.62,0.03,Resistência,0,1
2019-03-22,38.99,41.78,43.50,44.90,46.29,48.27,50.80,54.01,58.10,0.71,0.62,0.08,Resistência,0,0
2019-03-25,38.99,41.78,43.50,44.90,46.29,48.27,50.80,54.01,58.10,0.62,0.62,0.17,Resistência,1,0
2019-03-26,38.99,41.78,43.50,44.90,46.29,48.27,50.80,54.01,58.10,0.68,0.62,0.11,Resistência,0,0
2019-03-27,38.99,41.78,43.50,44.90,46.29,48.27,50.80,54.01,58.10,0.68,0.62,0.11,Resistência,0,0
2019-03-28,38.99,41.78,43.50,44.90,46.29,48.27,50.80,54.01,58.10,0.74,0.62,0.05,Resistência,0,0
2019-03-29,38.99,41.78,43.50,44.90,46.29,48.27,50.80,54.01,58.10,0.74,0.62,0.05,Resistência,0,0
2019-04-01,38.99,41.78,43.50,44.90,46.29,48.27,50.80,54.01,58.10,0.79,0.79,0.21,Resistência Forte,0,1
2019-04-02,38.99,41.78,43.50,44.90,46.29,48.27,50.80,54.01,58.10,0.78,0.62,0.01,Resistência,0,1
2019-04-03,38.99,41.78,43.50,44.90,46.29,48.27,50.80,54.01,58.10,0.83,0.79,0.17,Resistência Forte,0,0
2019-04-04,38.99,41.92,43.74,45.20,46.67,48.76,51.42,54.80,59.10,0.86,0.79,0.14,Resistência Forte,0,0
2019-04-05,38.99,41.92,43.74,45.20,46.67,48.76,51.42,54.80,59.10,0.84,0.79,0.16,Resistência Forte,0,0
2019-04-08,38.99,42.03,43.92,45.44,46.96,49.13,51.89,55.40,59.86,0.95,0.79,0.05,Resistência Forte,0,0
2019-04-09,38.99,42.07,43.98,45.52,47.05,49.25,52.04,55.59,60.10,0.90,0.79,0.10,Resistência Forte,0,0
2019-04-10,38.99,42.07,43.98,45.52,47.05,49.25,52.04,55.59,60.10,0.83,0.79,0.17,Resistência Forte,0,0
2019-04-11,38.99,42.07,43.98,45.52,47.05,49.25,52.04,55.59,60.10,0.80,0.79,0.20,Resistência Forte,0,1
2019-04-12,38.99,42.07,43.98,45.52,47.05,49.25,52.04,55.59,60.10,0.80,0.79,0.20,Resistência Forte,0,1
2019-04-15,38.99,42.07,43.98,45.52,47.05,49.25,52.04,55.59,60.10,0.74,0.62,0.05,Resistência,0,0
2019-04-16,38.99,42.07,43.98,45.52,47.05,49.25,52.04,55.59,60.10,0.64,0.62,0.15,Resistência,1,0
2019-04-17,38.99,42.07,43.98,45.52,47.05,49.25,52.04,55.59,60.10,0.55,0.50,0.07,Zona de Consolidação,0,0
2019-04-18,39.77,42.67,44.46,45.90,47.35,49.41,52.04,55.38,59.62,0.46,0.38,0.04,Zona de Consolidação,0,0
2019-04-22,41.17,43.74,45.32,46.60,47.89,49.71,52.04,55.00,58.76,0.50,0.50,0.12,Zona de Consolidação,0,0
2019-04-23,41.79,44.21,45.71,46.92,48.12,49.85,52.04,54.83,58.37,0.58,0.50,0.04,Zona de Consolidação,1,0
2019-04-24,42.10,44.45,45.90,47.07,48.24,49.91,52.04,54.74,58.18,0.61,0.50,0.01,Zona de Consolidação,1,0
2019-04-25,42.10,44.45,45.90,47.07,48.24,49.91,52.04,54.74,58.18,0.58,0.50,0.04,Zona de Consolidação,1,0
2019-04-26,42.10,44.45,45.90,47.07,48.24,49.91,52.04,54.74,58.18,0.77,0.62,0.02,Resistência,0,1
2019-04-29,42.10,44.45,45.90,47.07,48.24,49.91,52.04,54.74,58.18,0.69,0.62,0.10,Resistência,0,0
2019-04-30,42.10,44.45,45.90,47.07,48.24,49.91,52.04,54.74,58.18,0.67,0.62,0.12,Resistência,0,0
2019-05-01,42.10,44.45,45.90,47.07,48.24,49.91,52.04,54.74,58.18,0.67,0.62,0.12,Resistência,0,0
2019-05-02,42.26,44.57,46.00,47.15,48.30,49.95,52.04,54.70,58.08,0.65,0.62,0.14,Resistência,1,0
2019-05-03,42.57,44.80,46.19,47.30,48.42,50.01,52.04,54.62,57.89,0.59,0.50,0.03,Zona de Consolidação,1,0
2019-05-06,42.57,44.80,46.19,47.30,48.42,50.01,52.04,54.62,57.89,0.57,0.50,0.05,Zona de Consolidação,1,0
2019-05-07,42.57,44.80,46.19,47.30,48.42,50.01,52.04,54.62,57.89,0.51,0.50,0.11,Zona de Consolidação,0,0
2019-05-08,42.57,44.80,46.19,47.30,48.42,50.01,52.04,54.62,57.89,0.31,0.24,0.07,Suporte,0,0
2019-05-09,43.50,45.52,46.76,47.77,48.78,50.21,52.04,54.36,57.32,0.24,0.24,0.14,Suporte,0,0
2019-05-10,43.97,45.87,47.05,48.00,48.96,50.31,52.04,54.24,57.03,0.44,0.38,0.06,Zona de Consolidação,0,0
2019-05-13,43.97,45.87,47.05,48.00,48.96,50.31,52.04,54.24,57.03,0.31,0.24,0.07,Suporte,0,0
2019-05-14,43.97,45.87,47.05,48.00,48.96,50.31,52.04,54.24,57.03,0.62,0.62,0.17,Resistência,1,0
2019-05-15,43.97,45.87,47.05,48.00,48.96,50.31,52.04,54.24,57.03,0.56,0.50,0.06,Zona de Consolidação,0,0
2019-05-16,43.97,45.87,47.05,48.00,48.96,50.31,52.04,54.24,57.03,0.90,0.79,0.10,Resistência Forte,0,0
2019-05-17,43.97,45.95,47.17,48.16,49.16,50.56,52.36,54.64,57.55,0.91,0.79,0.09,Resistência Forte,0,0
2019-05-20,43.97,45.95,47.17,48.16,49.16,50.56,52.36,54.64,57.55,0.87,0.79,0.13,Resistência Forte,0,0
2019-05-21,43.97,46.10,47.41,48.47,49.54,51.05,52.98,55.43,58.55,0.64,0.62,0.15,Resistência,1,0
2019-05-22,43.97,46.10,47.41,48.47,49.54,51.05,52.98,55.43,58.55,0.36,0.24,0.02,Suporte,1,0
2019-05-23,43.97,46.10,47.41,48.47,49.54,51.05,52.98,55.43,58.55,0.38,0.24,0.00,Suporte,1,0
2019-05-24,43.97,46.10,47.41,48.47,49.54,51.05,52.98,55.43,58.55,0.48,0.38,0.02,Zona de Consolidação,0,0
2019-05-28,43.97,46.10,47.41,48.47,49.54,51.05,52.98,55.43,58.55,0.28,0.24,0.10,Suporte,0,0
2019-05-29,43.97,46.10,47.41,48.47,49.54,51.05,52.98,55.43,58.55,0.28,0.24,0.10,Suporte,0,0
2019-05-30,43.97,46.10,47.41,48.47,49.54,51.05,52.98,55.43,58.55,0.21,0.00,0.03,Suporte Forte,0,0
2019-05-31,43.97,46.10,47.41,48.47,49.54,51.05,52.98,55.43,58.55,0.05,0.00,0.19,Suporte Forte,0,0
2019-06-03,43.81,45.97,47.31,48.40,49.48,51.02,52.98,55.47,58.65,0.05,0.00,0.19,Suporte Forte,0,0
2019-06-04,42.10,44.67,46.26,47.54,48.82,50.65,52.98,55.94,59.70,0.11,0.00,0.13,Suporte Forte,0,0
2019-06-05,41.33,44.08,45.78,47.16,48.53,50.49,52.98,56.15,60.18,0.01,0.00,0.23,Suporte Forte,0,0
2019-06-06,40.86,43.72,45.49,46.92,48.35,50.39,52.98,56.28,60.47,0.04,0.00,0.20,Suporte Forte,0,0
2019-06-07,40.86,43.72,45.49,46.92,48.35,50.39,52.98,56.28,60.47,0.03,0.00,0.21,Suporte Forte,0,0
2019-06-10,38.99,42.29,44.33,45.98,47.64,49.99,52.98,56.79,61.63,0.01,0.00,0.23,Suporte Forte,0,0
2019-06-11,37.60,41.23,43.48,45.29,47.10,49.69,52.98,57.16,62.48,0.09,0.00,0.15,Suporte Forte,0,0
2019-06-12,37.29,40.99,43.28,45.14,46.99,49.62,52.98,57.25,62.68,0.05,0.00,0.19,Suporte Forte,0,0
2019-06-13,37.29,40.99,43.28,45.14,46.99,49.62,52.98,57.25,62.68,0.05,0.00,0.19,Suporte Forte,0,0
2019-06-14,37.29,40.99,43.28,45.14,46.99,49.62,52.98,57.25,62.68,0.05,0.00,0.19,Suporte Forte,0,0
2019-06-17,37.29,40.99,43.28,45.14,46.99,49.62,52.98,57.25,62.68,0.08,0.00,0.16,Suporte Forte,0,0
2019-06-18,37.29,40.99,43.28,45.14,46.99,49.62,52.98,57.25,62.68,0.20,0.00,0.04,Suporte Forte,0,0
2019-06-19,37.29,40.99,43.28,45.14,46.99,49.62,52.98,57.25,62.68,0.20,0.00,0.04,Suporte Forte,0,0
2019-06-20,37.29,40.99,43.28,45.14,46.99,49.62,52.98,57.25,62.68,0.14,0.00,0.10,Suporte Forte,0,0
2019-06-21,37.29,40.99,43.28,45.14,46.99,49.62,52.98,57.25,62.68,0.07,0.00,0.17,Suporte Forte,0,0
2019-06-24,37.29,40.99,43.28,45.14,46.99,49.62,52.98,57.25,62.68,0.16,0.00,0.08,Suporte Forte,0,0
2019-06-25,37.29,40.99,43.28,45.14,46.99,49.62,52.98,57.25,62.68,0.19,0.00,0.05,Suporte Forte,0,0
2019-06-26,37.29,40.99,43.28,45.14,46.99,49.62,52.98,57.25,62.68,0.10,0.00,0.14,Suporte Forte,0,0
2019-06-27,37.29,40.99,43.28,45.14,46.99,49.62,52.98,57.25,62.68,0.11,0.00,0.13,Suporte Forte,0,0
2019-06-28,37.29,40.99,43.28,45.14,46.99,49.62,52.98,57.25,62.68,0.10,0.00,0.14,Suporte Forte,0,0
2019-07-01,37.29,40.99,43.28,45.14,46.99,49.62,52.98,57.25,62.68,0.12,0.00,0.12,Suporte Forte,0,0
2019-07-02,36.04,40.04,42.51,44.51,46.51,49.35,52.98,57.59,63.45,0.02,0.00,0.22,Suporte Forte,0,0
2019-07-03,34.49,38.85,41.55,43.74,45.92,49.02,52.98,58.01,64.41,0.09,0.00,0.15,Suporte Forte,0,0
2019-07-05,34.49,38.85,41.55,43.74,45.92,49.02,52.98,58.01,64.41,0.07,0.00,0.17,Suporte Forte,0,0
2019-07-08,34.49,38.85,41.55,43.74,45.92,49.02,52.98,58.01,64.41,0.06,0.00,0.18,Suporte Forte,0,0
2019-07-09,33.40,38.02,40.88,43.19,45.50,48.79,52.98,58.31,65.08,0.05,0.00,0.19,Suporte Forte,0,0
2019-07-10,33.40,38.02,40.88,43.19,45.50,48.79,52.98,58.31,65.08,0.02,0.00,0.22,Suporte Forte,0,0
2019-07-11,32.00,36.95,40.01,42.49,44.97,48.49,52.98,58.69,65.95,0.02,0.00,0.22,Suporte Forte,0,0
2019-07-12,31.85,36.84,39.92,42.42,44.91,48.46,52.98,58.73,66.04,0.02,0.00,0.22,Suporte Forte,0,0
2019-07-15,31.69,36.71,39.82,42.34,44.85,48.42,52.98,58.77,66.14,0.04,0.00,0.20,Suporte Forte,0,0
2019-07-16,30.92,36.13,39.35,41.95,44.55,48.26,52.98,58.98,66.61,0.01,0.00,0.23,Suporte Forte,0,0
2019-07-17,30.92,36.13,39.35,41.95,44.55,48.26,52.98,58.98,66.61,0.01,0.00,0.23,Suporte Forte,0,0
2019-07-18,29.98,35.41,38.77,41.48,44.19,48.06,52.98,59.24,67.19,0.01,0.00,0.23,Suporte Forte,0,0
2019-07-19,28.43,34.22,37.81,40.70,43.60,47.73,52.98,59.66,68.15,0.01,0.00,0.23,Suporte Forte,0,0
2019-07-22,26.88,33.04,36.85,39.93,43.01,47.39,52.98,60.08,69.11,0.02,0.00,0.22,Suporte Forte,0,0
2019-07-23,26.26,32.57,36.47,39.62,42.77,47.26,52.98,60.25,69.49,0.01,0.00,0.23,Suporte Forte,0,0
2019-07-24,25.17,31.73,35.79,39.08,42.36,47.03,52.98,60.54,70.17,0.10,0.00,0.14,Suporte Forte,0,0
2019-07-25,25.17,31.73,35.79,39.08,42.36,47.03,52.98,60.54,70.17,0.07,0.00,0.17,Suporte Forte,0,0
2019-07-26,25.17,31.73,35.79,39.08,42.36,47.03,52.98,60.54,70.17,0.02,0.00,0.22,Suporte Forte,0,0
2019-07-29,25.17,31.73,35.79,39.08,42.36,47.03,52.98,60.54,70.17,0.03,0.00,0.21,Suporte Forte,0,0
2019-07-30,25.17,31.73,35.79,39.08,42.36,47.03,52.98,60.54,70.17,0.07,0.00,0.17,Suporte Forte,0,0
2019-07-31,25.17,31.73,35.79,39.08,42.36,47.03,52.98,60.54,70.17,0.04,0.00,0.20,Suporte Forte,0,0
2019-08-01,25.17,31.15,34.84,37.83,40.82,45.07,50.49,57.38,66.14,0.04,0.00,0.20,Suporte Forte,0,0
2019-08-02,25.17,30.82,34.31,37.13,39.95,43.97,49.09,55.60,63.87,0.05,0.00,0.19,Suporte Forte,0,0
2019-08-05,25.17,30.82,34.31,37.13,39.95,43.97,49.09,55.60,63.87,0.01,0.00,0.23,Suporte Forte,0,0
2019-08-06,24.70,30.42,33.96,36.82,39.68,43.75,48.94,55.53,63.92,0.01,0.00,0.23,Suporte Forte,0,0
2019-08-07,23.77,29.31,32.73,35.50,38.27,42.21,47.23,53.61,61.73,0.04,0.00,0.20,Suporte Forte,0,0
2019-08-08,23.77,29.23,32.61,35.34,38.08,41.97,46.92,53.22,61.23,0.07,0.00,0.17,Suporte Forte,0,0
2019-08-09,23.77,29.05,32.32,34.96,37.59,41.35,46.14,52.22,59.96,0.02,0.00,0.22,Suporte Forte,0,0
2019-08-12,23.61,28.93,32.22,34.88,37.53,41.32,46.14,52.27,60.06,0.01,0.00,0.23,Suporte Forte,0,0
2019-08-13,23.61,28.85,32.10,34.72,37.34,41.07,45.83,51.87,59.56,0.05,0.00,0.19,Suporte Forte,0,0
2019-08-14,23.61,28.52,31.56,34.02,36.48,39.97,44.43,50.09,57.30,0.04,0.00,0.20,Suporte Forte,0,0
2019-08-15,22.37,27.28,30.32,32.78,35.24,38.73,43.19,48.85,56.06,0.03,0.00,0.21,Suporte Forte,0,0
2019-08-16,22.37,27.28,30.32,32.78,35.24,38.73,43.19,48.85,56.06,0.07,0.00,0.17,Suporte Forte,0,0
2019-08-19,22.37,27.10,30.03,32.39,34.75,38.12,42.41,47.86,54.79,0.25,0.24,0.13,Suporte,0,0
2019-08-20,22.37,27.10,30.03,32.39,34.75,38.12,42.41,47.86,54.79,0.19,0.00,0.05,Suporte Forte,0,0
2019-08-21,22.37,27.10,30.03,32.39,34.75,38.12,42.41,47.86,54.79,0.19,0.00,0.05,Suporte Forte,0,0
2019-08-22,22.37,27.10,30.03,32.39,34.75,38.12,42.41,47.86,54.79,0.16,0.00,0.08,Suporte Forte,0,0
2019-08-23,22.37,27.10,30.03,32.39,34.75,38.12,42.41,47.86,54.79,0.05,0.00,0.19,Suporte Forte,0,0
2019-08-26,22.37,27.10,30.03,32.39,34.75,38.12,42.41,47.86,54.79,0.16,0.00,0.08,Suporte Forte,0,0
2019-08-27,22.37,27.10,30.03,32.39,34.75,38.12,42.41,47.86,54.79,0.13,0.00,0.11,Suporte Forte,0,0
2019-08-28,22.37,27.10,30.03,32.39,34.75,38.12,42.41,47.86,54.79,0.22,0.00,0.02,Suporte Forte,0,0
2019-08-29,22.37,27.10,30.03,32.39,34.75,38.12,42.41,47.86,54.79,0.23,0.00,0.01,Suporte Forte,0,0
2019-08-30,22.37,27.10,30.03,32.39,34.75,38.12,42.41,47.86,54.79,0.21,0.00,0.03,Suporte Forte,0,0
2019-09-03,22.37,27.10,30.03,32.39,34.75,38.12,42.41,47.86,54.79,0.19,0.00,0.05,Suporte Forte,0,0
2019-09-04,22.37,27.10,30.03,32.39,34.75,38.12,42.41,47.86,54.79,0.20,0.00,0.04,Suporte Forte,0,0
2019-09-05,22.37,27.10,30.03,32.39,34.75,38.12,42.41,47.86,54.79,0.20,0.00,0.04,Suporte Forte,0,0
2019-09-06,22.37,27.10,30.03,32.39,34.75,38.12,42.41,47.86,54.79,0.23,0.00,0.01,Suporte Forte,0,0
2019-09-09,22.37,27.10,30.03,32.39,34.75,38.12,42.41,47.86,54.79,0.23,0.00,0.01,Suporte Forte,0,0
2019-09-10,22.37,26.59,29.20,31.30,33.41,36.42,40.24,45.10,51.28,0.41,0.38,0.09,Zona de Consolidação,0,0
2019-09-11,22.37,26.59,29.20,31.30,33.41,36.42,40.24,45.10,51.28,0.41,0.38,0.09,Zona de Consolidação,0,0
2019-09-12,22.37,26.00,28.25,30.06,31.87,34.46,37.75,41.93,47.25,0.49,0.38,0.01,Zona de Consolidação,0,0
2019-09-13,22.37,26.00,28.25,30.06,31.87,34.46,37.75,41.93,47.25,0.58,0.50,0.04,Zona de Consolidação,0,0
2019-09-16,22.37,25.82,27.95,29.67,31.39,33.85,36.97,40.94,45.99,0.60,0.50,0.02,Zona de Consolidação,0,0
2019-09-17,22.37,25.49,27.42,28.98,30.53,32.75,35.58,39.17,43.74,0.65,0.62,0.14,Resistência,0,0
2019-09-18,22.37,25.49,27.42,28.98,30.53,32.75,35.58,39.17,43.74,0.66,0.62,0.13,Resistência,0,0
2019-09-19,22.37,25.27,27.06,28.51,29.95,32.01,34.64,37.98,42.22,0.63,0.62,0.16,Resistência,1,0
2019-09-20,22.37,24.97,26.58,27.88,29.19,31.04,33.40,36.40,40.22,0.65,0.62,0.14,Resistência,0,0
2019-09-23,22.37,24.83,26.35,27.58,28.80,30.55,32.78,35.61,39.21,0.70,0.62,0.09,Resistência,0,0
2019-09-24,22.37,24.83,26.35,27.58,28.80,30.55,32.78,35.61,39.21,0.55,0.50,0.07,Zona de Consolidação,0,0
2019-09-25,22.37,24.79,26.29,27.50,28.71,30.43,32.63,35.42,38.97,0.58,0.50,0.04,Zona de Consolidação,0,0
2019-09-26,22.37,24.79,26.29,27.50,28.71,30.43,32.63,35.42,38.97,0.41,0.38,0.09,Zona de Consolidação,0,0
2019-09-27,22.37,24.68,26.11,27.26,28.42,30.06,32.16,34.82,38.21,0.41,0.38,0.09,Zona de Consolidação,0,0
2019-09-30,22.37,24.68,26.11,27.26,28.42,30.06,32.16,34.82,38.21,0.38,0.24,0.00,Suporte,1,0
2019-10-01,22.37,24.68,26.11,27.26,28.42,30.06,32.16,34.82,38.21,0.33,0.24,0.05,Suporte,0,0
2019-10-02,22.37,24.68,26.11,27.26,28.42,30.06,32.16,34.82,38.21,0.40,0.38,0.10,Zona de Consolidação,1,0
2019-10-03,22.37,24.68,26.11,27.26,28.42,30.06,32.16,34.82,38.21,0.57,0.50,0.05,Zona de Consolidação,0,0
2019-10-04,22.37,24.68,26.11,27.26,28.42,30.06,32.16,34.82,38.21,0.43,0.38,0.07,Zona de Consolidação,0,0
2019-10-07,22.37,24.68,26.11,27.26,28.42,30.06,32.16,34.82,38.21,0.40,0.38,0.10,Zona de Consolidação,1,0
2019-10-08,22.37,24.68,26.11,27.26,28.42,30.06,32.16,34.82,38.21,0.35,0.24,0.03,Suporte,0,0
2019-10-09,22.37,24.68,26.11,27.26,28.42,30.06,32.16,34.82,38.21,0.33,0.24,0.05,Suporte,0,0
2019-10-10,22.37,24.68,26.11,27.26,28.42,30.06,32.16,34.82,38.21,0.33,0.24,0.05,Suporte,0,0
2019-10-11,22.37,24.68,26.11,27.26,28.42,30.06,32.16,34.82,38.21,0.33,0.24,0.05,Suporte,0,0
2019-10-14,22.37,24.68,26.11,27.26,28.42,30.06,32.16,34.82,38.21,0.35,0.24,0.03,Suporte,0,0
2019-10-15,22.37,24.68,26.11,27.26,28.42,30.06,32.16,34.82,38.21,0.36,0.24,0.02,Suporte,1,0
2019-10-16,22.37,24.68,26.11,27.26,28.42,30.06,32.16,34.82,38.21,0.43,0.38,0.07,Zona de Consolidação,0,0
2019-10-17,22.37,24.68,26.11,27.26,28.42,30.06,32.16,34.82,38.21,0.56,0.50,0.06,Zona de Consolidação,0,0
2019-10-18,22.37,24.68,26.11,27.26,28.42,30.06,32.16,34.82,38.21,0.54,0.50,0.08,Zona de Consolidação,0,0
2019-10-21,22.37,24.68,26.11,27.26,28.42,30.06,32.16,34.82,38.21,0.52,0.50,0.10,Zona de Consolidação,0,0
2019-10-22,22.37,24.68,26.11,27.26,28.42,30.06,32.16,34.82,38.21,0.48,0.38,0.02,Zona de Consolidação,0,0
2019-10-23,22.37,24.68,26.11,27.26,28.42,30.06,32.16,34.82,38.21,0.41,0.38,0.09,Zona de Consolidação,0,0
2019-10-24,22.37,24.68,26.11,27.26,28.42,30.06,32.16,34.82,38.21,0.36,0.24,0.02,Suporte,1,0
2019-10-25,23.15,25.28,26.59,27.65,28.72,30.23,32.16,34.61,37.73,0.40,0.38,0.10,Zona de Consolidação,1,0
2019-10-28,23.30,25.39,26.68,27.73,28.78,30.26,32.16,34.57,37.64,0.47,0.38,0.03,Zona de Consolidação,0,0
2019-10-29,23.30,25.39,26.68,27.73,28.78,30.26,32.16,34.57,37.64,0.51,0.50,0.11,Zona de Consolidação,0,0
2019-10-30,23.30,25.39,26.68,27.73,28.78,30.26,32.16,34.57,37.64,0.42,0.38,0.08,Zona de Consolidação,0,0
2019-10-31,23.30,25.39,26.68,27.73,28.78,30.26,32.16,34.57,37.64,0.54,0.50,0.08,Zona de Consolidação,0,0
2019-11-01,23.30,25.39,26.68,27.73,28.78,30.26,32.16,34.57,37.64,0.68,0.62,0.11,Resistência,0,0
2019-11-04,23.92,25.86,27.07,28.04,29.01,30.40,32.16,34.40,37.25,0.74,0.62,0.05,Resistência,0,0
2019-11-05,24.86,26.58,27.65,28.51,29.37,30.60,32.16,34.15,36.67,0.68,0.62,0.11,Resistência,0,0
2019-11-06,24.86,26.58,27.65,28.51,29.37,30.60,32.16,34.15,36.67,0.53,0.50,0.09,Zona de Consolidação,0,0
2019-11-07,24.86,26.58,27.65,28.51,29.37,30.60,32.16,34.15,36.67,0.42,0.38,0.08,Zona de Consolidação,0,0
2019-11-08,24.86,26.58,27.65,28.51,29.37,30.60,32.16,34.15,36.67,0.49,0.38,0.01,Zona de Consolidação,0,0
2019-11-11,24.86,26.58,27.65,28.51,29.37,30.60,32.16,34.15,36.67,0.51,0.50,0.11,Zona de Consolidação,0,0
2019-11-12,24.86,26.58,27.65,28.51,29.37,30.60,32.16,34.15,36.67,0.60,0.50,0.02,Zona de Consolidação,1,0
2019-11-13,24.86,26.58,27.65,28.51,29.37,30.60,32.16,34.15,36.67,0.51,0.50,0.11,Zona de Consolidação,0,0
2019-11-14,24.86,26.58,27.65,28.51,29.37,30.60,32.16,34.15,36.67,0.45,0.38,0.05,Zona de Consolidação,0,0
2019-11-15,24.86,26.58,27.65,28.51,29.37,30.60,32.16,34.15,36.67,0.49,0.38,0.01,Zona de Consolidação,0,0
2019-11-18,24.86,26.58,27.65,28.51,29.37,30.60,32.16,34.15,36.67,0.42,0.38,0.08,Zona de Consolidação,0,0
2019-11-19,24.86,26.58,27.65,28.51,29.37,30.60,32.16,34.15,36.67,0.34,0.24,0.04,Suporte,0,0
2019-11-20,24.86,26.58,27.65,28.51,29.37,30.60,32.16,34.15,36.67,0.42,0.38,0.08,Zona de Consolidação,0,0
2019-11-21,24.86,26.58,27.65,28.51,29.37,30.60,32.16,34.15,36.67,0.40,0.38,0.10,Zona de Consolidação,1,0
2019-11-22,24.86,26.58,27.65,28.51,29.37,30.60,32.16,34.15,36.67,0.55,0.50,0.07,Zona de Consolidação,0,0
2019-11-25,24.86,26.51,27.53,28.36,29.18,30.35,31.85,33.75,36.17,0.56,0.50,0.06,Zona de Consolidação,0,0
2019-11-26,24.86,26.44,27.41,28.20,28.99,30.11,31.54,33.36,35.67,0.77,0.62,0.02,Resistência,0,1
2019-11-27,24.86,26.51,27.53,28.36,29.18,30.35,31.85,33.75,36.17,0.89,0.79,0.11,Resistência Forte,0,0
2019-11-29,24.86,26.51,27.53,28.36,29.18,30.35,31.85,33.75,36.17,0.80,0.79,0.20,Resistência Forte,0,1
2019-12-02,24.86,26.51,27.53,28.36,29.18,30.35,31.85,33.75,36.17,0.82,0.79,0.18,Resistência Forte,0,1
2019-12-03,24.86,26.51,27.53,28.36,29.18,30.35,31.85,33.75,36.17,0.78,0.62,0.01,Resistência,0,1
2019-12-04,24.86,26.58,27.65,28.51,29.37,30.60,32.16,34.15,36.67,0.85,0.79,0.15,Resistência Forte,0,0
2019-12-05,24.86,26.58,27.65,28.51,29.37,30.60,32.16,34.15,36.67,0.72,0.62,0.07,Resistência,0,0
2019-12-06,24.86,26.58,27.65,28.51,29.37,30.60,32.16,34.15,36.67,0.77,0.62,0.02,Resistência,0,1
2019-12-09,24.86,26.58,27.65,28.51,29.37,30.60,32.16,34.15,36.67,0.66,0.62,0.13,Resistência,0,0
2019-12-10,25.01,26.70,27.74,28.58,29.43,30.63,32.16,34.10,36.58,0.74,0.62,0.05,Resistência,0,0
2019-12-11,25.01,26.70,27.74,28.58,29.43,30.63,32.16,34.10,36.58,0.74,0.62,0.05,Resistência,0,0
2019-12-12,25.01,26.70,27.74,28.58,29.43,30.63,32.16,34.10,36.58,0.74,0.62,0.05,Resistência,0,0
2019-12-13,25.01,26.70,27.74,28.58,29.43,30.63,32.16,34.10,36.58,0.89,0.79,0.11,Resistência Forte,0,0
2019-12-16,25.01,27.61,29.22,30.52,31.83,33.68,36.04,39.04,42.86,0.96,0.79,0.04,Resistência Forte,0,0
2019-12-17,25.01,27.61,29.22,30.52,31.83,33.68,36.04,39.04,42.86,0.11,0.00,0.13,Suporte Forte,0,0
2019-12-18,25.01,27.61,29.22,30.52,31.83,33.68,36.04,39.04,42.86,0.28,0.24,0.10,Suporte,0,0
2019-12-19,25.01,27.61,29.22,30.52,31.83,33.68,36.04,39.04,42.86,0.27,0.24,0.11,Suporte,0,0
2019-12-20,25.32,27.85,29.42,30.68,31.94,33.75,36.04,38.96,42.66,0.36,0.24,0.02,Suporte,1,0
2019-12-23,25.63,28.09,29.61,30.84,32.06,33.81,36.04,38.87,42.47,0.52,0.50,0.10,Zona de Consolidação,0,0
2019-12-24,25.63,28.09,29.61,30.84,32.06,33.81,36.04,38.87,42.47,0.58,0.50,0.04,Zona de Consolidação,0,0
2019-12-26,25.79,28.21,29.71,30.92,32.12,33.85,36.04,38.83,42.37,0.82,0.79,0.18,Resistência Forte,0,1
2019-12-27,25.79,28.50,30.18,31.54,32.90,34.83,37.29,40.42,44.40,0.69,0.62,0.10,Resistência,0,0
2019-12-30,25.79,28.50,30.18,31.54,32.90,34.83,37.29,40.42,44.40,0.93,0.79,0.07,Resistência Forte,0,0
2019-12-31,25.79,29.05,31.07,32.70,34.34,36.66,39.62,43.38,48.17,0.92,0.79,0.08,Resistência Forte,0,0
2020-01-02,25.79,29.05,31.07,32.70,34.34,36.66,39.62,43.38,48.17,0.83,0.79,0.17,Resistência Forte,0,0
2020-01-03,25.79,29.05,31.07,32.70,34.34,36.66,39.62,43.38,48.17,0.72,0.62,0.07,Resistência,0,0
2020-01-06,25.79,29.05,31.07,32.70,34.34,36.66,39.62,43.38,48.17,0.69,0.62,0.10,Resistência,0,0
2020-01-07,25.79,29.05,31.07,32.70,34.34,36.66,39.62,43.38,48.17,0.65,0.62,0.14,Resistência,0,0
2020-01-08,25.79,29.05,31.07,32.70,34.34,36.66,39.62,43.38,48.17,0.52,0.50,0.10,Zona de Consolidação,0,0
2020-01-09,25.79,29.05,31.07,32.70,34.34,36.66,39.62,43.38,48.17,0.43,0.38,0.07,Zona de Consolidação,0,0
2020-01-10,25.79,29.05,31.07,32.70,34.34,36.66,39.62,43.38,48.17,0.47,0.38,0.03,Zona de Consolidação,0,0
2020-01-13,25.79,29.05,31.07,32.70,34.34,36.66,39.62,43.38,48.17,0.49,0.38,0.01,Zona de Consolidação,0,0
2020-01-14,25.79,29.05,31.07,32.70,34.34,36.66,39.62,43.38,48.17,0.61,0.50,0.01,Zona de Consolidação,1,0
2020-01-15,25.79,29.05,31.07,32.70,34.34,36.66,39.62,43.38,48.17,0.81,0.79,0.19,Resistência Forte,0,1
2020-01-16,25.79,29.05,31.07,32.70,34.34,36.66,39.62,43.38,48.17,0.78,0.62,0.01,Resistência,0,1
2020-01-17,25.79,29.05,31.07,32.70,34.34,36.66,39.62,43.38,48.17,0.97,0.79,0.03,Resistência Forte,0,0
2020-01-21,25.79,29.16,31.25,32.94,34.62,37.02,40.08,43.97,48.91,0.83,0.79,0.17,Resistência Forte,0,0
2020-01-22,25.79,29.16,31.25,32.94,34.62,37.02,40.08,43.97,48.91,0.64,0.62,0.15,Resistência,1,0
2020-01-23,25.79,29.16,31.25,32.94,34.62,37.02,40.08,43.97,48.91,0.75,0.62,0.04,Resistência,0,0
2020-01-24,25.79,29.16,31.25,32.94,34.62,37.02,40.08,43.97,48.91,0.73,0.62,0.06,Resistência,0,0
2020-01-27,25.79,29.16,31.25,32.94,34.62,37.02,40.08,43.97,48.91,0.67,0.62,0.12,Resistência,0,0
2020-01-28,25.79,29.16,31.25,32.94,34.62,37.02,40.08,43.97,48.91,0.71,0.62,0.08,Resistência,0,0
2020-01-29,25.79,29.16,31.25,32.94,34.62,37.02,40.08,43.97,48.91,0.63,0.62,0.16,Resistência,1,0
2020-01-30,25.79,29.16,31.25,32.94,34.62,37.02,40.08,43.97,48.91,0.85,0.79,0.15,Resistência Forte,0,0
2020-01-31,25.79,29.16,31.25,32.94,34.62,37.02,40.08,43.97,48.91,0.69,0.62,0.10,Resistência,0,0
2020-02-03,25.79,29.16,31.25,32.94,34.62,37.02,40.08,43.97,48.91,0.69,0.62,0.10,Resistência,0,0
2020-02-04,25.79,29.16,31.25,32.94,34.62,37.02,40.08,43.97,48.91,0.67,0.62,0.12,Resistência,0,0
2020-02-05,25.79,29.16,31.25,32.94,34.62,37.02,40.08,43.97,48.91,0.86,0.79,0.14,Resistência Forte,0,0
2020-02-06,25.79,29.16,31.25,32.94,34.62,37.02,40.08,43.97,48.91,0.97,0.79,0.03,Resistência Forte,0,0
2020-02-07,25.79,29.16,31.25,32.94,34.62,37.02,40.08,43.97,48.91,0.80,0.79,0.20,Resistência Forte,0,1
2020-02-10,25.79,29.16,31.25,32.94,34.62,37.02,40.08,43.97,48.91,0.84,0.79,0.16,Resistência Forte,0,0
2020-02-11,25.79,29.16,31.25,32.94,34.62,37.02,40.08,43.97,48.91,0.79,0.79,0.21,Resistência Forte,0,1
2020-02-12,25.79,29.16,31.25,32.94,34.62,37.02,40.08,43.97,48.91,0.69,0.62,0.10,Resistência,0,0
2020-02-13,25.79,29.16,31.25,32.94,34.62,37.02,40.08,43.97,48.91,0.58,0.50,0.04,Zona de Consolidação,0,0
2020-02-14,25.79,29.16,31.25,32.94,34.62,37.02,40.08,43.97,48.91,0.52,0.50,0.10,Zona de Consolidação,0,0
2020-02-18,25.79,29.16,31.25,32.94,34.62,37.02,40.08,43.97,48.91,0.71,0.62,0.08,Resistência,0,0
2020-02-19,25.79,29.16,31.25,32.94,34.62,37.02,40.08,43.97,48.91,0.75,0.62,0.04,Resistência,0,0
2020-02-20,25.79,29.16,31.25,32.94,34.62,37.02,40.08,43.97,48.91,0.79,0.79,0.21,Resistência Forte,0,1
2020-02-21,25.79,29.16,31.25,32.94,34.62,37.02,40.08,43.97,48.91,0.77,0.62,0.02,Resistência,0,1
2020-02-24,25.79,29.16,31.25,32.94,34.62,37.02,40.08,43.97,48.91,0.67,0.62,0.12,Resistência,0,0
2020-02-25,25.79,29.16,31.25,32.94,34.62,37.02,40.08,43.97,48.91,0.59,0.50,0.03,Zona de Consolidação,0,0
2020-02-26,25.79,29.16,31.25,32.94,34.62,37.02,40.08,43.97,48.91,0.54,0.50,0.08,Zona de Consolidação,0,0
2020-02-27,25.79,29.16,31.25,32.94,34.62,37.02,40.08,43.97,48.91,0.37,0.24,0.01,Suporte,1,0
2020-02-28,25.79,29.16,31.25,32.94,34.62,37.02,40.08,43.97,48.91,0.29,0.24,0.09,Suporte,0,0
2020-03-02,26.41,29.64,31.63,33.24,34.86,37.15,40.08,43.80,48.53,0.44,0.38,0.06,Zona de Consolidação,0,0
2020-03-03,26.72,29.87,31.82,33.40,34.98,37.22,40.08,43.71,48.34,0.49,0.38,0.01,Zona de Consolidação,0,0
2020-03-04,26.72,29.87,31.82,33.40,34.98,37.22,40.08,43.71,48.34,0.55,0.50,0.07,Zona de Consolidação,0,0
2020-03-05,28.59,31.30,32.98,34.34,35.69,37.62,40.08,43.21,47.18,0.46,0.38,0.04,Zona de Consolidação,0,0
2020-03-06,28.59,31.30,32.98,34.34,35.69,37.62,40.08,43.21,47.18,0.12,0.00,0.12,Suporte Forte,0,0
2020-03-09,25.94,29.28,31.34,33.01,34.68,37.05,40.08,43.93,48.82,0.21,0.00,0.03,Suporte Forte,0,0
2020-03-10,25.94,29.28,31.34,33.01,34.68,37.05,40.08,43.93,48.82,0.14,0.00,0.10,Suporte Forte,0,0
2020-03-11,23.93,27.74,30.10,32.00,33.91,36.62,40.08,44.47,50.06,0.01,0.00,0.23,Suporte Forte,0,0
2020-03-12,17.56,22.87,26.16,28.82,31.48,35.26,40.08,46.21,54.00,0.05,0.00,0.19,Suporte Forte,0,0
2020-03-13,15.38,21.21,24.82,27.73,30.64,34.79,40.08,46.80,55.34,0.03,0.00,0.21,Suporte Forte,0,0
2020-03-16,13.21,19.55,23.47,26.64,29.82,34.33,40.08,47.39,56.69,0.03,0.00,0.21,Suporte Forte,0,0
2020-03-17,13.21,19.55,23.47,26.64,29.82,34.33,40.08,47.39,56.69,0.06,0.00,0.18,Suporte Forte,0,0
2020-03-18,11.65,18.36,22.51,25.86,29.22,34.00,40.08,47.81,57.65,0.00,0.00,0.24,Suporte Forte,0,0
2020-03-19,11.19,18.01,22.23,25.64,29.04,33.90,40.08,47.94,57.93,0.12,0.00,0.12,Suporte Forte,0,0
2020-03-20,11.19,18.01,22.23,25.64,29.04,33.90,40.08,47.94,57.93,0.18,0.00,0.06,Suporte Forte,0,0
2020-03-23,11.19,18.01,22.23,25.64,29.04,33.90,40.08,47.94,57.93,0.25,0.24,0.13,Suporte,0,0
2020-03-24,11.19,18.01,22.23,25.64,29.04,33.90,40.08,47.94,57.93,0.37,0.24,0.01,Suporte,0,0
2020-03-25,11.19,18.01,22.23,25.64,29.04,33.90,40.08,47.94,57.93,0.42,0.38,0.08,Zona de Consolidação,0,0
2020-03-26,11.19,18.01,22.23,25.64,29.04,33.90,40.08,47.94,57.93,0.48,0.38,0.02,Zona de Consolidação,0,0
2020-03-27,11.19,18.01,22.23,25.64,29.04,33.90,40.08,47.94,57.93,0.33,0.24,0.05,Suporte,0,0
2020-03-30,11.19,18.01,22.23,25.64,29.04,33.90,40.08,47.94,57.93,0.39,0.38,0.11,Zona de Consolidação,1,0
2020-03-31,11.19,18.01,22.23,25.64,29.04,33.90,40.08,47.94,57.93,0.48,0.38,0.02,Zona de Consolidação,0,0
2020-04-01,11.19,18.01,22.23,25.64,29.04,33.90,40.08,47.94,57.93,0.40,0.38,0.10,Zona de Consolidação,0,0
2020-04-02,11.19,18.01,22.23,25.64,29.04,33.90,40.08,47.94,57.93,0.39,0.38,0.11,Zona de Consolidação,0,0
2020-04-03,11.19,18.01,22.23,25.64,29.04,33.90,40.08,47.94,57.93,0.40,0.38,0.10,Zona de Consolidação,0,0
2020-04-06,11.19,18.01,22.23,25.64,29.04,33.90,40.08,47.94,57.93,0.45,0.38,0.05,Zona de Consolidação,0,0
2020-04-07,11.19,18.01,22.23,25.64,29.04,33.90,40.08,47.94,57.93,0.42,0.38,0.08,Zona de Consolidação,0,0
2020-04-08,11.19,18.01,22.23,25.64,29.04,33.90,40.08,47.94,57.93,0.45,0.38,0.05,Zona de Consolidação,0,0
2020-04-09,11.19,18.01,22.23,25.64,29.04,33.90,40.08,47.94,57.93,0.53,0.50,0.09,Zona de Consolidação,0,0
2020-04-13,11.19,18.01,22.23,25.64,29.04,33.90,40.08,47.94,57.93,0.51,0.50,0.11,Zona de Consolidação,0,0
2020-04-14,11.19,21.89,28.52,33.87,39.22,46.84,56.55,68.89,84.58,0.61,0.50,0.01,Zona de Consolidação,1,0
2020-04-15,11.19,21.89,28.52,33.87,39.22,46.84,56.55,68.89,84.58,0.58,0.50,0.04,Zona de Consolidação,0,0
2020-04-16,11.19,21.89,28.52,33.87,39.22,46.84,56.55,68.89,84.58,0.55,0.50,0.07,Zona de Consolidação,0,0
2020-04-17,11.19,21.89,28.52,33.87,39.22,46.84,56.55,68.89,84.58,0.58,0.50,0.04,Zona de Consolidação,0,0
2020-04-20,11.19,21.89,28.52,33.87,39.22,46.84,56.55,68.89,84.58,0.57,0.50,0.05,Zona de Consolidação,0,0
2020-04-21,11.19,21.89,28.52,33.87,39.22,46.84,56.55,68.89,84.58,0.56,0.50,0.06,Zona de Consolidação,0,0
2020-04-22,11.19,21.89,28.52,33.87,39.22,46.84,56.55,68.89,84.58,0.54,0.50,0.08,Zona de Consolidação,0,0
2020-04-23,11.19,21.89,28.52,33.87,39.22,46.84,56.55,68.89,84.58,0.54,0.50,0.08,Zona de Consolidação,0,0
2020-04-24,11.19,21.89,28.52,33.87,39.22,46.84,56.55,68.89,84.58,0.55,0.50,0.07,Zona de Consolidação,0,0
2020-04-27,11.19,21.89,28.52,33.87,39.22,46.84,56.55,68.89,84.58,0.60,0.50,0.02,Zona de Consolidação,0,0
2020-04-28,11.19,21.89,28.52,33.87,39.22,46.84,56.55,68.89,84.58,0.63,0.62,0.16,Resistência,0,0
2020-04-29,11.19,21.89,28.52,33.87,39.22,46.84,56.55,68.89,84.58,0.69,0.62,0.10,Resistência,0,0
2020-04-30,11.19,21.89,28.52,33.87,39.22,46.84,56.55,68.89,84.58,0.68,0.62,0.11,Resistência,0,0
2020-05-01,11.19,21.89,28.52,33.87,39.22,46.84,56.55,68.89,84.58,0.66,0.62,0.13,Resistência,0,0
2020-05-04,11.19,21.89,28.52,33.87,39.22,46.84,56.55,68.89,84.58,0.66,0.62,0.13,Resistência,0,0
2020-05-05,11.19,21.89,28.52,33.87,39.22,46.84,56.55,68.89,84.58,0.65,0.62,0.14,Resistência,0,0
2020-05-06,11.19,21.89,28.52,33.87,39.22,46.84,56.55,68.89,84.58,0.68,0.62,0.11,Resistência,0,0
2020-05-07,11.19,21.89,28.52,33.87,39.22,46.84,56.55,68.89,84.58,0.65,0.62,0.14,Resistência,0,0
2020-05-08,11.19,21.89,28.52,33.87,39.22,46.84,56.55,68.89,84.58,0.69,0.62,0.10,Resistência,0,0
2020-05-11,11.19,21.89,28.52,33.87,39.22,46.84,56.55,68.89,84.58,0.75,0.62,0.04,Resistência,0,0
2020-05-12,11.19,21.89,28.52,33.87,39.22,46.84,56.55,68.89,84.58,0.72,0.62,0.07,Resistência,0,0
2020-05-13,11.19,21.89,28.52,33.87,39.22,46.84,56.55,68.89,84.58,0.72,0.62,0.07,Resistência,0,0
2020-05-14,11.19,21.89,28.52,33.87,39.22,46.84,56.55,68.89,84.58,0.77,0.62,0.02,Resistência,0,0
2020-05-15,11.19,21.89,28.52,33.87,39.22,46.84,56.55,68.89,84.58,0.75,0.62,0.04,Resistência,0,0
2020-05-18,11.19,21.89,28.52,33.87,39.22,46.84,56.55,68.89,84.58,0.76,0.62,0.03,Resistência,0,0
2020-05-19,11.19,21.89,28.52,33.87,39.22,46.84,56.55,68.89,84.58,0.77,0.62,0.02,Resistência,0,0
2020-05-20,11.19,21.89,28.52,33.87,39.22,46.84,56.55,68.89,84.58,0.86,0.79,0.14,Resistência Forte,0,0
2020-05-21,11.19,21.89,28.52,33.87,39.22,46.84,56.55,68.89,84.58,0.91,0.79,0.09,Resistência Forte,0,0
2020-05-22,11.19,21.89,28.52,33.87,39.22,46.84,56.55,68.89,84.58,0.96,0.79,0.04,Resistência Forte,0,0
2020-05-26,11.19,22.37,29.29,34.88,40.47,48.43,58.57,71.46,87.85,0.91,0.79,0.09,Resistência Forte,0,0
2020-05-27,11.19,22.37,29.29,34.88,40.47,48.43,58.57,71.46,87.85,0.87,0.79,0.13,Resistência Forte,0,0
2020-05-28,11.19,22.37,29.29,34.88,40.47,48.43,58.57,71.46,87.85,0.85,0.79,0.15,Resistência Forte,0,0
2020-05-29,11.19,22.56,29.59,35.27,40.95,49.04,59.35,72.45,89.11,0.95,0.79,0.05,Resistência Forte,0,0
2020-06-01,14.91,27.27,34.91,41.09,47.27,56.06,67.27,81.51,99.63,0.96,0.79,0.04,Resistência Forte,0,0
2020-06-02,14.91,27.27,34.91,41.09,47.27,56.06,67.27,81.51,99.63,0.95,0.79,0.05,Resistência Forte,0,0
2020-06-03,18.49,30.00,37.12,42.88,48.64,56.83,67.27,80.54,97.42,0.82,0.79,0.18,Resistência Forte,0,0
2020-06-04,19.73,30.95,37.89,43.50,49.11,57.10,67.27,80.20,96.65,0.85,0.79,0.15,Resistência Forte,0,0
2020-06-05,19.73,30.95,37.89,43.50,49.11,57.10,67.27,80.20,96.65,0.80,0.79,0.20,Resistência Forte,0,0
2020-06-08,19.73,30.95,37.89,43.50,49.11,57.10,67.27,80.20,96.65,0.84,0.79,0.16,Resistência Forte,0,0
2020-06-09,19.73,30.95,37.89,43.50,49.11,57.10,67.27,80.20,96.65,0.83,0.79,0.17,Resistência Forte,0,0
2020-06-10,20.35,31.42,38.27,43.81,49.35,57.23,67.27,80.03,96.27,0.86,0.79,0.14,Resistência Forte,0,0
2020-06-11,20.35,31.42,38.27,43.81,49.35,57.23,67.27,80.03,96.27,0.74,0.62,0.05,Resistência,0,0
2020-06-12,20.35,31.42,38.27,43.81,49.35,57.23,67.27,80.03,96.27,0.72,0.62,0.07,Resistência,0,0
2020-06-15,20.35,31.42,38.27,43.81,49.35,57.23,67.27,80.03,96.27,0.79,0.79,0.21,Resistência Forte,0,1
2020-06-16,23.15,33.56,40.00,45.21,50.42,57.83,67.27,79.27,94.54,0.80,0.79,0.20,Resistência Forte,0,0
2020-06-17,23.15,33.56,40.00,45.21,50.42,57.83,67.27,79.27,94.54,0.75,0.62,0.04,Resistência,0,0
2020-06-18,23.15,33.56,40.00,45.21,50.42,57.83,67.27,79.27,94.54,0.79,0.79,0.21,Resistência Forte,0,1
2020-06-19,24.08,34.27,40.58,45.68,50.77,58.03,67.27,79.02,93.96,0.88,0.79,0.12,Resistência Forte,0,0
2020-06-22,25.17,35.11,41.25,46.22,51.19,58.26,67.27,78.72,93.29,0.94,0.79,0.06,Resistência Forte,0,0
2020-06-23,32.62,41.27,46.63,50.96,55.28,61.44,69.29,79.26,91.95,0.93,0.79,0.07,Resistência Forte,0,0
2020-06-24,32.62,41.27,46.63,50.96,55.28,61.44,69.29,79.26,91.95,0.86,0.79,0.14,Resistência Forte,0,0
2020-06-25,34.64,42.82,47.88,51.96,56.05,61.87,69.29,78.71,90.70,0.92,0.79,0.08,Resistência Forte,0,0
2020-06-26,35.42,43.41,48.36,52.36,56.35,62.04,69.29,78.50,90.22,0.93,0.79,0.07,Resistência Forte,0,0
2020-06-29,35.42,43.41,48.36,52.36,56.35,62.04,69.29,78.50,90.22,0.84,0.79,0.16,Resistência Forte,0,0
2020-06-30,35.42,43.41,48.36,52.36,56.35,62.04,69.29,78.50,90.22,0.85,0.79,0.15,Resistência Forte,0,0
2020-07-01,35.42,43.41,48.36,52.36,56.35,62.04,69.29,78.50,90.22,0.91,0.79,0.09,Resistência Forte,0,0
2020-07-02,35.73,43.65,48.55,52.51,56.47,62.11,69.29,78.42,90.03,0.55,0.50,0.07,Zona de Consolidação,0,0
2020-07-06,35.89,43.77,48.65,52.59,56.53,62.14,69.29,78.37,89.93,0.52,0.50,0.10,Zona de Consolidação,0,0
2020-07-07,36.98,44.61,49.32,53.14,56.95,62.38,69.29,78.08,89.26,0.50,0.50,0.12,Zona de Consolidação,0,0
2020-07-08,37.44,44.96,49.61,53.36,57.12,62.47,69.29,77.95,88.97,0.49,0.38,0.01,Zona de Consolidação,0,0
2020-07-09,38.37,45.67,50.18,53.83,57.48,62.67,69.29,77.70,88.40,0.49,0.38,0.01,Zona de Consolidação,0,0
2020-07-10,38.37,45.67,50.18,53.83,57.48,62.67,69.29,77.70,88.40,0.43,0.38,0.07,Zona de Consolidação,0,0
2020-07-13,38.37,45.67,50.18,53.83,57.48,62.67,69.29,77.70,88.40,0.41,0.38,0.09,Zona de Consolidação,0,0
2020-07-14,39.31,46.39,50.76,54.30,57.84,62.87,69.29,77.44,87.82,0.45,0.38,0.05,Zona de Consolidação,0,0
2020-07-15,39.46,46.50,50.86,54.38,57.89,62.91,69.29,77.40,87.72,0.50,0.50,0.12,Zona de Consolidação,0,0
2020-07-16,39.46,46.50,50.86,54.38,57.89,62.91,69.29,77.40,87.72,0.52,0.50,0.10,Zona de Consolidação,0,0
2020-07-17,40.24,47.10,51.34,54.76,58.19,63.07,69.29,77.19,87.24,0.58,0.50,0.04,Zona de Consolidação,0,0
2020-07-20,40.55,47.33,51.53,54.92,58.31,63.14,69.29,77.11,87.05,0.43,0.38,0.07,Zona de Consolidação,0,0
2020-07-21,41.01,47.68,51.81,55.15,58.49,63.24,69.29,76.98,86.77,0.38,0.24,0.00,Suporte,1,0
2020-07-22,41.01,47.68,51.81,55.15,58.49,63.24,69.29,76.98,86.77,0.29,0.24,0.09,Suporte,0,0
2020-07-23,41.01,47.68,51.81,55.15,58.49,63.24,69.29,76.98,86.77,0.23,0.00,0.01,Suporte Forte,0,0
2020-07-24,42.10,48.52,52.49,55.70,58.90,63.47,69.29,76.69,86.09,0.14,0.00,0.10,Suporte Forte,0,0
2020-07-27,43.19,49.35,53.16,56.24,59.32,63.70,69.29,76.39,85.42,0.12,0.00,0.12,Suporte Forte,0,0
2020-07-28,43.03,49.23,53.06,56.16,59.26,63.67,69.29,76.43,85.52,0.03,0.00,0.21,Suporte Forte,0,0
2020-07-29,39.31,46.39,50.76,54.30,57.84,62.87,69.29,77.44,87.82,0.03,0.00,0.21,Suporte Forte,0,0
2020-07-30,39.31,46.39,50.76,54.30,57.84,62.87,69.29,77.44,87.82,0.14,0.00,0.10,Suporte Forte,0,0
2020-07-31,39.31,46.39,50.76,54.30,57.84,62.87,69.29,77.44,87.82,0.13,0.00,0.11,Suporte Forte,0,0
2020-08-03,39.31,46.39,50.76,54.30,57.84,62.87,69.29,77.44,87.82,0.17,0.00,0.07,Suporte Forte,0,0
2020-08-04,39.31,46.39,50.76,54.30,57.84,62.87,69.29,77.44,87.82,0.11,0.00,0.13,Suporte Forte,0,0
2020-08-05,39.31,46.39,50.76,54.30,57.84,62.87,69.29,77.44,87.82,0.13,0.00,0.11,Suporte Forte,0,0
2020-08-06,39.31,46.39,50.76,54.30,57.84,62.87,69.29,77.44,87.82,0.10,0.00,0.14,Suporte Forte,0,0
2020-08-07,39.31,46.39,50.76,54.30,57.84,62.87,69.29,77.44,87.82,0.13,0.00,0.11,Suporte Forte,0,0
2020-08-10,39.31,46.39,50.76,54.30,57.84,62.87,69.29,77.44,87.82,0.10,0.00,0.14,Suporte Forte,0,0
2020-08-11,39.31,46.39,50.76,54.30,57.84,62.87,69.29,77.44,87.82,0.13,0.00,0.11,Suporte Forte,0,0
2020-08-12,39.31,46.39,50.76,54.30,57.84,62.87,69.29,77.44,87.82,0.24,0.24,0.14,Suporte,0,0
2020-08-13,39.31,46.39,50.76,54.30,57.84,62.87,69.29,77.44,87.82,0.18,0.00,0.06,Suporte Forte,0,0
2020-08-14,39.31,46.39,50.76,54.30,57.84,62.87,69.29,77.44,87.82,0.14,0.00,0.10,Suporte Forte,0,0
2020-08-17,39.31,46.39,50.76,54.30,57.84,62.87,69.29,77.44,87.82,0.27,0.24,0.11,Suporte,0,0
2020-08-18,39.31,46.39,50.76,54.30,57.84,62.87,69.29,77.44,87.82,0.16,0.00,0.08,Suporte Forte,0,0
2020-08-19,39.31,46.39,50.76,54.30,57.84,62.87,69.29,77.44,87.82,0.09,0.00,0.15,Suporte Forte,0,0
2020-08-20,39.31,46.39,50.76,54.30,57.84,62.87,69.29,77.44,87.82,0.09,0.00,0.15,Suporte Forte,0,0
2020-08-21,39.31,46.39,50.76,54.30,57.84,62.87,69.29,77.44,87.82,0.08,0.00,0.16,Suporte Forte,0,0
2020-08-24,38.84,46.03,50.47,54.07,57.66,62.77,69.29,77.57,88.11,0.05,0.00,0.19,Suporte Forte,0,0
2020-08-25,38.84,46.03,50.47,54.07,57.66,62.77,69.29,77.57,88.11,0.12,0.00,0.12,Suporte Forte,0,0
2020-08-26,38.84,46.03,50.47,54.07,57.66,62.77,69.29,77.57,88.11,0.08,0.00,0.16,Suporte Forte,0,0
2020-08-27,38.84,46.03,50.47,54.07,57.66,62.77,69.29,77.57,88.11,0.05,0.00,0.19,Suporte Forte,0,0
2020-08-28,38.84,46.03,50.47,54.07,57.66,62.77,69.29,77.57,88.11,0.08,0.00,0.16,Suporte Forte,0,0
2020-08-31,38.84,46.03,50.47,54.07,57.66,62.77,69.29,77.57,88.11,0.11,0.00,0.13,Suporte Forte,0,0
2020-09-01,38.84,46.03,50.47,54.07,57.66,62.77,69.29,77.57,88.11,0.06,0.00,0.18,Suporte Forte,0,0
2020-09-02,38.84,45.77,50.06,53.52,56.98,61.92,68.20,76.19,86.34,0.10,0.00,0.14,Suporte Forte,0,0
2020-09-03,38.06,45.17,49.57,53.13,56.69,61.75,68.20,76.40,86.83,0.03,0.00,0.21,Suporte Forte,0,0
2020-09-04,35.58,43.24,47.98,51.82,55.65,61.10,68.05,76.88,88.12,0.08,0.00,0.16,Suporte Forte,0,0
2020-09-08,35.58,43.21,47.92,51.74,55.55,60.98,67.89,76.68,87.86,0.15,0.00,0.09,Suporte Forte,0,0
2020-09-09,35.58,43.21,47.92,51.74,55.55,60.98,67.89,76.68,87.86,0.19,0.00,0.05,Suporte Forte,0,0
2020-09-10,35.58,43.21,47.92,51.74,55.55,60.98,67.89,76.68,87.86,0.24,0.24,0.14,Suporte,0,0
2020-09-11,35.58,41.30,44.84,47.70,50.55,54.62,59.81,66.40,74.78,0.43,0.38,0.07,Zona de Consolidação,0,0
2020-09-14,35.58,41.04,44.42,47.16,49.89,53.78,58.73,65.03,73.04,0.62,0.62,0.17,Resistência,1,0
2020-09-15,35.58,41.04,44.42,47.16,49.89,53.78,58.73,65.03,73.04,0.60,0.50,0.02,Zona de Consolidação,1,0
2020-09-16,35.58,41.04,44.42,47.16,49.89,53.78,58.73,65.03,73.04,0.64,0.62,0.15,Resistência,0,0
2020-09-17,35.58,41.04,44.42,47.16,49.89,53.78,58.73,65.03,73.04,0.64,0.62,0.15,Resistência,0,0
2020-09-18,35.58,41.04,44.42,47.16,49.89,53.78,58.73,65.03,73.04,0.84,0.79,0.16,Resistência Forte,0,0
2020-09-21,35.58,41.04,44.42,47.16,49.89,53.78,58.73,65.03,73.04,0.65,0.62,0.14,Resistência,0,0
2020-09-22,35.58,41.04,44.42,47.16,49.89,53.78,58.73,65.03,73.04,0.65,0.62,0.14,Resistência,0,0
2020-09-23,35.58,41.04,44.42,47.16,49.89,53.78,58.73,65.03,73.04,0.53,0.50,0.09,Zona de Consolidação,0,0
2020-09-24,35.58,41.04,44.42,47.16,49.89,53.78,58.73,65.03,73.04,0.49,0.38,0.01,Zona de Consolidação,0,0
2020-09-25,35.58,41.04,44.42,47.16,49.89,53.78,58.73,65.03,73.04,0.56,0.50,0.06,Zona de Consolidação,0,0
2020-09-28,35.58,40.68,43.83,46.38,48.92,52.55,57.17,63.04,70.51,0.58,0.50,0.04,Zona de Consolidação,0,0
2020-09-29,35.58,40.27,43.17,45.52,47.87,51.21,55.46,60.87,67.75,0.67,0.62,0.12,Resistência,0,0
2020-09-30,35.58,40.27,43.17,45.52,47.87,51.21,55.46,60.87,67.75,0.65,0.62,0.14,Resistência,0,0
2020-10-01,35.58,40.27,43.17,45.52,47.87,51.21,55.46,60.87,67.75,0.52,0.50,0.10,Zona de Consolidação,0,0
2020-10-02,35.58,40.27,43.17,45.52,47.87,51.21,55.46,60.87,67.75,0.59,0.50,0.03,Zona de Consolidação,0,0
2020-10-05,35.58,40.27,43.17,45.52,47.87,51.21,55.46,60.87,67.75,0.73,0.62,0.06,Resistência,0,0
2020-10-06,35.58,40.27,43.17,45.52,47.87,51.21,55.46,60.87,67.75,0.75,0.62,0.04,Resistência,0,0
2020-10-07,35.58,40.27,43.17,45.52,47.87,51.21,55.46,60.87,67.75,0.80,0.79,0.20,Resistência Forte,0,1
2020-10-08,35.58,40.27,43.17,45.52,47.87,51.21,55.46,60.87,67.75,0.66,0.62,0.13,Resistência,0,0
2020-10-09,35.58,40.27,43.17,45.52,47.87,51.21,55.46,60.87,67.75,0.62,0.62,0.17,Resistência,1,0
2020-10-12,35.58,40.27,43.17,45.52,47.87,51.21,55.46,60.87,67.75,0.64,0.62,0.15,Resistência,1,0
2020-10-13,35.58,40.27,43.17,45.52,47.87,51.21,55.46,60.87,67.75,0.70,0.62,0.09,Resistência,0,0
2020-10-14,35.58,40.27,43.17,45.52,47.87,51.21,55.46,60.87,67.75,0.61,0.50,0.01,Zona de Consolidação,1,0
2020-10-15,35.58,40.27,43.17,45.52,47.87,51.21,55.46,60.87,67.75,0.63,0.62,0.16,Resistência,1,0
2020-10-16,35.58,40.27,43.17,45.52,47.87,51.21,55.46,60.87,67.75,0.58,0.50,0.04,Zona de Consolidação,0,0
2020-10-19,35.58,40.27,43.17,45.52,47.87,51.21,55.46,60.87,67.75,0.50,0.50,0.12,Zona de Consolidação,0,0
2020-10-20,35.58,40.27,43.17,45.52,47.87,51.21,55.46,60.87,67.75,0.42,0.38,0.08,Zona de Consolidação,0,0
2020-10-21,35.58,40.27,43.17,45.52,47.87,51.21,55.46,60.87,67.75,0.33,0.24,0.05,Suporte,0,0
2020-10-22,35.58,40.27,43.17,45.52,47.87,51.21,55.46,60.87,67.75,0.39,0.38,0.11,Zona de Consolidação,1,0
2020-10-23,35.58,40.27,43.17,45.52,47.87,51.21,55.46,60.87,67.75,0.44,0.38,0.06,Zona de Consolidação,0,0
2020-10-26,35.58,40.27,43.17,45.52,47.87,51.21,55.46,60.87,67.75,0.38,0.24,0.00,Suporte,1,0
2020-10-27,35.58,40.27,43.17,45.52,47.87,51.21,55.46,60.87,67.75,0.42,0.38,0.08,Zona de Consolidação,0,0
2020-10-28,35.58,40.27,43.17,45.52,47.87,51.21,55.46,60.87,67.75,0.27,0.24,0.11,Suporte,0,0
2020-10-29,35.58,40.27,43.17,45.52,47.87,51.21,55.46,60.87,67.75,0.29,0.24,0.09,Suporte,0,0
2020-10-30,35.58,40.27,43.17,45.52,47.87,51.21,55.46,60.87,67.75,0.24,0.24,0.14,Suporte,0,0
2020-11-02,35.58,40.27,43.17,45.52,47.87,51.21,55.46,60.87,67.75,0.30,0.24,0.08,Suporte,0,0
2020-11-03,35.58,40.27,43.17,45.52,47.87,51.21,55.46,60.87,67.75,0.37,0.24,0.01,Suporte,1,0
2020-11-04,35.58,40.27,43.17,45.52,47.87,51.21,55.46,60.87,67.75,0.42,0.38,0.08,Zona de Consolidação,0,0
2020-11-05,35.58,40.27,43.17,45.52,47.87,51.21,55.46,60.87,67.75,0.39,0.38,0.11,Zona de Consolidação,1,0
2020-11-06,35.58,40.27,43.17,45.52,47.87,51.21,55.46,60.87,67.75,0.29,0.24,0.09,Suporte,0,0
2020-11-09,35.58,40.27,43.17,45.52,47.87,51.21,55.46,60.87,67.75,0.32,0.24,0.06,Suporte,0,0
2020-11-10,35.58,40.27,43.17,45.52,47.87,51.21,55.46,60.87,67.75,0.43,0.38,0.07,Zona de Consolidação,0,0
2020-11-11,35.58,40.27,43.17,45.52,47.87,51.21,55.46,60.87,67.75,0.36,0.24,0.02,Suporte,0,0
2020-11-12,35.58,40.27,43.17,45.52,47.87,51.21,55.46,60.87,67.75,0.41,0.38,0.09,Zona de Consolidação,0,0
2020-11-13,35.58,40.27,43.17,45.52,47.87,51.21,55.46,60.87,67.75,0.48,0.38,0.02,Zona de Consolidação,0,0
2020-11-16,36.82,41.22,43.94,46.14,48.34,51.47,55.46,60.53,66.98,0.44,0.38,0.06,Zona de Consolidação,0,0
2020-11-17,39.62,43.36,45.67,47.54,49.41,52.07,55.46,59.77,65.25,0.35,0.24,0.03,Suporte,0,0
2020-11-18,39.62,43.36,45.67,47.54,49.41,52.07,55.46,59.77,65.25,0.23,0.00,0.01,Suporte Forte,0,0
2020-11-19,39.62,43.36,45.67,47.54,49.41,52.07,55.46,59.77,65.25,0.27,0.24,0.11,Suporte,0,0
2020-11-20,39.62,43.36,45.67,47.54,49.41,52.07,55.46,59.77,65.25,0.26,0.24,0.12,Suporte,0,0
2020-11-23,39.62,43.36,45.67,47.54,49.41,52.07,55.46,59.77,65.25,0.26,0.24,0.12,Suporte,0,0
2020-11-24,39.62,43.36,45.67,47.54,49.41,52.07,55.46,59.77,65.25,0.29,0.24,0.09,Suporte,0,0
2020-11-25,39.62,43.36,45.67,47.54,49.41,52.07,55.46,59.77,65.25,0.34,0.24,0.04,Suporte,0,0
2020-11-27,39.62,43.36,45.67,47.54,49.41,52.07,55.46,59.77,65.25,0.46,0.38,0.04,Zona de Consolidação,0,0
2020-11-30,39.62,42.92,44.96,46.61,48.26,50.61,53.60,57.40,62.24,0.37,0.24,0.01,Suporte,1,0
2020-12-01,39.62,42.63,44.49,45.99,47.49,49.63,52.36,55.83,60.23,0.40,0.38,0.10,Zona de Consolidação,1,0
2020-12-02,39.62,42.63,44.49,45.99,47.49,49.63,52.36,55.83,60.23,0.39,0.38,0.11,Zona de Consolidação,1,0
2020-12-03,39.62,42.63,44.49,45.99,47.49,49.63,52.36,55.83,60.23,0.39,0.38,0.11,Zona de Consolidação,1,0
2020-12-04,39.62,42.63,44.49,45.99,47.49,49.63,52.36,55.83,60.23,0.44,0.38,0.06,Zona de Consolidação,0,0
2020-12-07,39.62,42.63,44.49,45.99,47.49,49.63,52.36,55.83,60.23,0.45,0.38,0.05,Zona de Consolidação,0,0
2020-12-08,39.62,42.63,44.49,45.99,47.49,49.63,52.36,55.83,60.23,0.44,0.38,0.06,Zona de Consolidação,0,0
2020-12-09,39.62,42.63,44.49,45.99,47.49,49.63,52.36,55.83,60.23,0.35,0.24,0.03,Suporte,1,0
2020-12-10,39.62,42.63,44.49,45.99,47.49,49.63,52.36,55.83,60.23,0.37,0.24,0.01,Suporte,1,0
2020-12-11,39.62,42.63,44.49,45.99,47.49,49.63,52.36,55.83,60.23,0.33,0.24,0.05,Suporte,0,0
2020-12-14,39.62,42.63,44.49,45.99,47.49,49.63,52.36,55.83,60.23,0.43,0.38,0.07,Zona de Consolidação,0,0
2020-12-15,39.62,42.63,44.49,45.99,47.49,49.63,52.36,55.83,60.23,0.47,0.38,0.03,Zona de Consolidação,0,0
2020-12-16,39.62,42.63,44.49,45.99,47.49,49.63,52.36,55.83,60.23,0.32,0.24,0.06,Suporte,0,0
2020-12-17,39.62,42.63,44.49,45.99,47.49,49.63,52.36,55.83,60.23,0.41,0.38,0.09,Zona de Consolidação,1,0
2020-12-18,39.62,42.30,43.95,45.29,46.63,48.53,50.96,54.04,57.97,0.31,0.24,0.07,Suporte,0,0
2020-12-21,39.62,42.30,43.95,45.29,46.63,48.53,50.96,54.04,57.97,0.51,0.50,0.11,Zona de Consolidação,0,0
2020-12-22,39.62,42.19,43.77,45.06,46.34,48.16,50.49,53.45,57.21,0.73,0.62,0.06,Resistência,0,0
2020-12-23,39.62,42.19,43.77,45.06,46.34,48.16,50.49,53.45,57.21,0.96,0.79,0.04,Resistência Forte,0,1
2020-12-24,39.62,42.26,43.89,45.21,46.53,48.41,50.80,53.84,57.71,0.49,0.38,0.01,Zona de Consolidação,0,0
2020-12-28,39.62,42.26,43.89,45.21,46.53,48.41,50.80,53.84,57.71,0.33,0.24,0.05,Suporte,0,0
2020-12-29,39.62,42.26,43.89,45.21,46.53,48.41,50.80,53.84,57.71,0.12,0.00,0.12,Suporte Forte,0,0
2020-12-30,39.62,42.26,43.89,45.21,46.53,48.41,50.80,53.84,57.71,0.19,0.00,0.05,Suporte Forte,0,0
2020-12-31,38.68,41.54,43.31,44.74,46.17,48.21,50.80,54.10,58.29,0.19,0.00,0.05,Suporte Forte,0,0
2021-01-04,38.68,41.54,43.31,44.74,46.17,48.21,50.80,54.10,58.29,0.36,0.24,0.02,Suporte,1,0
2021-01-05,38.68,41.54,43.31,44.74,46.17,48.21,50.80,54.10,58.29,0.31,0.24,0.07,Suporte,0,0
2021-01-06,38.68,41.54,43.31,44.74,46.17,48.21,50.80,54.10,58.29,0.31,0.24,0.07,Suporte,0,0
2021-01-07,38.68,41.54,43.31,44.74,46.17,48.21,50.80,54.10,58.29,0.41,0.38,0.09,Zona de Consolidação,1,0
2021-01-08,38.68,41.54,43.31,44.74,46.17,48.21,50.80,54.10,58.29,0.71,0.62,0.08,Resistência,0,0
2021-01-11,38.68,41.54,43.31,44.74,46.17,48.21,50.80,54.10,58.29,0.65,0.62,0.14,Resistência,1,0
2021-01-12,38.68,41.54,43.31,44.74,46.17,48.21,50.80,54.10,58.29,0.49,0.38,0.01,Zona de Consolidação,0,0
2021-01-13,38.68,41.54,43.31,44.74,46.17,48.21,50.80,54.10,58.29,0.41,0.38,0.09,Zona de Consolidação,1,0
2021-01-14,38.68,41.54,43.31,44.74,46.17,48.21,50.80,54.10,58.29,0.49,0.38,0.01,Zona de Consolidação,0,0
2021-01-15,38.68,41.54,43.31,44.74,46.17,48.21,50.80,54.10,58.29,0.45,0.38,0.05,Zona de Consolidação,0,0
2021-01-19,38.68,41.54,43.31,44.74,46.17,48.21,50.80,54.10,58.29,0.76,0.62,0.03,Resistência,0,1
2021-01-20,38.68,41.54,43.31,44.74,46.17,48.21,50.80,54.10,58.29,0.68,0.62,0.11,Resistência,0,0
2021-01-21,38.68,41.54,43.31,44.74,46.17,48.21,50.80,54.10,58.29,0.50,0.50,0.12,Zona de Consolidação,0,0
2021-01-22,38.68,41.54,43.31,44.74,46.17,48.21,50.80,54.10,58.29,0.64,0.62,0.15,Resistência,1,0
2021-01-25,38.68,41.54,43.31,44.74,46.17,48.21,50.80,54.10,58.29,0.72,0.62,0.07,Resistência,0,0
2021-01-26,38.68,41.54,43.31,44.74,46.17,48.21,50.80,54.10,58.29,0.69,0.62,0.10,Resistência,0,0
2021-01-27,38.68,41.54,43.31,44.74,46.17,48.21,50.80,54.10,58.29,0.63,0.62,0.16,Resistência,1,0
2021-01-28,38.68,41.54,43.31,44.74,46.17,48.21,50.80,54.10,58.29,0.86,0.79,0.14,Resistência Forte,0,0
2021-01-29,38.68,41.83,43.78,45.36,46.94,49.18,52.04,55.67,60.30,0.86,0.79,0.14,Resistência Forte,0,0
2021-02-01,38.68,42.68,45.15,47.15,49.15,51.99,55.62,60.23,66.09,0.88,0.79,0.12,Resistência Forte,0,0
2021-02-02,38.68,42.71,45.21,47.22,49.24,52.11,55.77,60.42,66.33,0.89,0.79,0.11,Resistência Forte,0,0
2021-02-03,38.68,42.71,45.21,47.22,49.24,52.11,55.77,60.42,66.33,0.87,0.79,0.13,Resistência Forte,0,0
2021-02-04,38.68,42.71,45.21,47.22,49.24,52.11,55.77,60.42,66.33,0.82,0.79,0.18,Resistência Forte,0,0
2021-02-05,38.68,44.62,48.29,51.26,54.24,58.46,63.85,70.70,79.41,0.93,0.79,0.07,Resistência Forte,0,0
2021-02-08,38.68,46.34,51.08,54.92,58.75,64.20,71.15,79.98,91.22,0.96,0.79,0.04,Resistência Forte,0,0
2021-02-09,38.68,46.34,51.08,54.92,58.75,64.20,71.15,79.98,91.22,0.87,0.79,0.13,Resistência Forte,0,0
2021-02-10,38.68,46.34,51.08,54.92,58.75,64.20,71.15,79.98,91.22,0.82,0.79,0.18,Resistência Forte,0,0
2021-02-11,38.68,46.34,51.08,54.92,58.75,64.20,71.15,79.98,91.22,0.79,0.79,0.21,Resistência Forte,0,1
2021-02-12,38.68,46.34,51.08,54.92,58.75,64.20,71.15,79.98,91.22,0.71,0.62,0.08,Resistência,0,0
2021-02-16,38.68,46.34,51.08,54.92,58.75,64.20,71.15,79.98,91.22,0.69,0.62,0.10,Resistência,0,0
2021-02-17,38.68,46.34,51.08,54.92,58.75,64.20,71.15,79.98,91.22,0.71,0.62,0.08,Resistência,0,0
2021-02-18,38.68,46.34,51.08,54.92,58.75,64.20,71.15,79.98,91.22,0.63,0.62,0.16,Resistência,1,0
2021-02-19,38.68,46.34,51.08,54.92,58.75,64.20,71.15,79.98,91.22,0.81,0.79,0.19,Resistência Forte,0,0
2021-02-22,38.68,46.34,51.08,54.92,58.75,64.20,71.15,79.98,91.22,0.73,0.62,0.06,Resistência,0,0
2021-02-23,38.68,46.34,51.08,54.92,58.75,64.20,71.15,79.98,91.22,0.72,0.62,0.07,Resistência,0,0
2021-02-24,38.68,46.34,51.08,54.92,58.75,64.20,71.15,79.98,91.22,0.67,0.62,0.12,Resistência,0,0
2021-02-25,38.68,46.34,51.08,54.92,58.75,64.20,71.15,79.98,91.22,0.58,0.50,0.04,Zona de Consolidação,0,0
2021-02-26,38.68,46.34,51.08,54.92,58.75,64.20,71.15,79.98,91.22,0.60,0.50,0.02,Zona de Consolidação,1,0
2021-03-01,38.68,46.34,51.08,54.92,58.75,64.20,71.15,79.98,91.22,0.64,0.62,0.15,Resistência,0,0
2021-03-02,38.68,46.34,51.08,54.92,58.75,64.20,71.15,79.98,91.22,0.58,0.50,0.04,Zona de Consolidação,0,0
2021-03-03,38.68,46.34,51.08,54.92,58.75,64.20,71.15,79.98,91.22,0.56,0.50,0.06,Zona de Consolidação,0,0
2021-03-04,38.68,46.34,51.08,54.92,58.75,64.20,71.15,79.98,91.22,0.46,0.38,0.04,Zona de Consolidação,0,0
2021-03-05,38.68,46.34,51.08,54.92,58.75,64.20,71.15,79.98,91.22,0.56,0.50,0.06,Zona de Consolidação,0,0
2021-03-08,38.68,46.34,51.08,54.92,58.75,64.20,71.15,79.98,91.22,0.54,0.50,0.08,Zona de Consolidação,0,0
2021-03-09,38.68,46.34,51.08,54.92,58.75,64.20,71.15,79.98,91.22,0.60,0.50,0.02,Zona de Consolidação,0,0
2021-03-10,38.68,46.34,51.08,54.92,58.75,64.20,71.15,79.98,91.22,0.60,0.50,0.02,Zona de Consolidação,1,0
2021-03-11,38.68,46.34,51.08,54.92,58.75,64.20,71.15,79.98,91.22,0.64,0.62,0.15,Resistência,0,0
2021-03-12,38.68,46.34,51.08,54.92,58.75,64.20,71.15,79.98,91.22,0.64,0.62,0.15,Resistência,0,0
2021-03-15,38.68,46.34,51.08,54.92,58.75,64.20,71.15,79.98,91.22,0.63,0.62,0.16,Resistência,1,0
2021-03-16,40.86,48.01,52.43,56.00,59.58,64.67,71.15,79.39,89.87,0.48,0.38,0.02,Zona de Consolidação,0,0
2021-03-17,41.79,48.72,53.01,56.47,59.93,64.87,71.15,79.14,89.29,0.48,0.38,0.02,Zona de Consolidação,0,0
2021-03-18,41.95,48.84,53.10,56.55,60.00,64.90,71.15,79.09,89.20,0.49,0.38,0.01,Zona de Consolidação,0,0
2021-03-19,42.57,49.31,53.49,56.86,60.23,65.03,71.15,78.92,88.81,0.60,0.50,0.02,Zona de Consolidação,1,0
2021-03-22,43.50,50.03,54.06,57.32,60.59,65.23,71.15,78.67,88.24,0.48,0.38,0.02,Zona de Consolidação,0,0
2021-03-23,43.50,50.03,54.06,57.32,60.59,65.23,71.15,78.67,88.24,0.43,0.38,0.07,Zona de Consolidação,0,0
2021-03-24,43.50,50.03,54.06,57.32,60.59,65.23,71.15,78.67,88.24,0.35,0.24,0.03,Suporte,0,0
2021-03-25,43.50,50.03,54.06,57.32,60.59,65.23,71.15,78.67,88.24,0.41,0.38,0.09,Zona de Consolidação,0,0
2021-03-26,43.66,50.15,54.16,57.40,60.65,65.27,71.15,78.63,88.14,0.40,0.38,0.10,Zona de Consolidação,1,0
2021-03-29,43.66,50.15,54.16,57.40,60.65,65.27,71.15,78.63,88.14,0.24,0.24,0.14,Suporte,0,0
2021-03-30,44.43,50.74,54.64,57.79,60.94,65.43,71.15,78.42,87.66,0.26,0.24,0.12,Suporte,0,0
2021-03-31,44.43,50.74,54.64,57.79,60.94,65.43,71.15,78.42,87.66,0.33,0.24,0.05,Suporte,0,0
2021-04-01,44.43,50.74,54.64,57.79,60.94,65.43,71.15,78.42,87.66,0.31,0.24,0.07,Suporte,0,0
2021-04-05,44.43,50.74,54.64,57.79,60.94,65.43,71.15,78.42,87.66,0.45,0.38,0.05,Zona de Consolidação,0,0
2021-04-06,44.59,50.86,54.74,57.87,61.00,65.47,71.15,78.37,87.56,0.39,0.38,0.11,Zona de Consolidação,1,0
2021-04-07,44.90,51.10,54.93,58.03,61.12,65.53,71.15,78.29,87.37,0.27,0.24,0.11,Suporte,0,0
2021-04-08,44.90,51.10,54.93,58.03,61.12,65.53,71.15,78.29,87.37,0.25,0.24,0.13,Suporte,0,0
2021-04-09,45.83,51.81,55.50,58.49,61.48,65.73,71.15,78.04,86.80,0.30,0.24,0.08,Suporte,0,0
2021-04-12,48.63,53.94,57.23,59.89,62.55,66.33,71.15,77.28,85.07,0.18,0.00,0.06,Suporte Forte,0,0
2021-04-13,49.25,54.42,57.62,60.20,62.78,66.46,71.15,77.11,84.68,0.27,0.24,0.11,Suporte,0,0
2021-04-14,49.25,54.42,57.62,60.20,62.78,66.46,71.15,77.11,84.68,0.31,0.24,0.07,Suporte,0,0
2021-04-15,49.25,54.42,57.62,60.20,62.78,66.46,71.15,77.11,84.68,0.24,0.24,0.14,Suporte,0,0
2021-04-16,49.25,54.42,57.62,60.20,62.78,66.46,71.15,77.11,84.68,0.15,0.00,0.09,Suporte Forte,0,0
2021-04-19,49.25,54.42,57.62,60.20,62.78,66.46,71.15,77.11,84.68,0.04,0.00,0.20,Suporte Forte,0,0
2021-04-20,48.78,54.06,57.33,59.96,62.60,66.36,71.15,77.23,84.97,0.06,0.00,0.18,Suporte Forte,0,0
2021-04-21,48.78,53.91,57.09,59.66,62.22,65.88,70.53,76.45,83.97,0.17,0.00,0.07,Suporte Forte,0,0
2021-04-22,48.78,53.33,56.14,58.42,60.69,63.93,68.05,73.29,79.96,0.23,0.00,0.01,Suporte Forte,0,0
2021-04-23,48.78,53.00,55.61,57.72,59.82,62.83,66.65,71.51,77.69,0.28,0.24,0.10,Suporte,0,0
2021-04-26,48.78,53.00,55.61,57.72,59.82,62.83,66.65,71.51,77.69,0.42,0.38,0.08,Zona de Consolidação,0,0
2021-04-27,48.78,53.00,55.61,57.72,59.82,62.83,66.65,71.51,77.69,0.38,0.24,0.00,Suporte,1,0
2021-04-28,48.78,52.74,55.19,57.17,59.15,61.97,65.56,70.12,75.93,0.42,0.38,0.08,Zona de Consolidação,0,0
2021-04-29,48.78,52.74,55.19,57.17,59.15,61.97,65.56,70.12,75.93,0.38,0.24,0.00,Suporte,1,0
2021-04-30,48.78,52.74,55.19,57.17,59.15,61.97,65.56,70.12,75.93,0.47,0.38,0.03,Zona de Consolidação,0,0
2021-05-03,48.78,52.48,54.77,56.62,58.48,61.11,64.47,68.74,74.17,0.41,0.38,0.09,Zona de Consolidação,1,0
2021-05-04,48.78,52.26,54.42,56.16,57.90,60.38,63.54,67.55,72.66,0.28,0.24,0.10,Suporte,0,0
2021-05-05,48.78,52.26,54.42,56.16,57.90,60.38,63.54,67.55,72.66,0.32,0.24,0.06,Suporte,0,0
2021-05-06,48.78,51.79,53.65,55.15,56.65,58.79,61.52,64.99,69.39,0.22,0.00,0.02,Suporte Forte,0,0
2021-05-07,48.78,51.71,53.53,55.00,56.46,58.55,61.21,64.59,68.89,0.21,0.00,0.03,Suporte Forte,0,0
2021-05-10,48.78,51.71,53.53,55.00,56.46,58.55,61.21,64.59,68.89,0.26,0.24,0.12,Suporte,0,0
2021-05-11,48.78,51.71,53.53,55.00,56.46,58.55,61.21,64.59,68.89,0.42,0.38,0.08,Zona de Consolidação,1,0
2021-05-12,48.47,51.48,53.34,54.84,56.34,58.48,61.21,64.68,69.08,0.02,0.00,0.22,Suporte Forte,0,0
2021-05-13,39.93,44.95,48.06,50.57,53.08,56.66,61.21,67.00,74.36,0.02,0.00,0.22,Suporte Forte,0,0
2021-05-14,39.93,44.95,48.06,50.57,53.08,56.66,61.21,67.00,74.36,0.14,0.00,0.10,Suporte Forte,0,0
2021-05-17,39.93,44.95,48.06,50.57,53.08,56.66,61.21,67.00,74.36,0.09,0.00,0.15,Suporte Forte,0,0
2021-05-18,39.93,44.95,48.06,50.57,53.08,56.66,61.21,67.00,74.36,0.06,0.00,0.18,Suporte Forte,0,0
2021-05-19,39.93,44.95,48.06,50.57,53.08,56.66,61.21,67.00,74.36,0.10,0.00,0.14,Suporte Forte,0,0
2021-05-20,39.93,44.95,48.06,50.57,53.08,56.66,61.21,67.00,74.36,0.28,0.24,0.10,Suporte,0,0
2021-05-21,39.93,44.95,48.06,50.57,53.08,56.66,61.21,67.00,74.36,0.24,0.24,0.14,Suporte,0,0
2021-05-24,39.93,44.95,48.06,50.57,53.08,56.66,61.21,67.00,74.36,0.16,0.00,0.08,Suporte Forte,0,0
2021-05-25,39.93,44.84,47.88,50.34,52.79,56.29,60.74,66.40,73.60,0.10,0.00,0.14,Suporte Forte,0,0
2021-05-26,39.93,44.84,47.88,50.34,52.79,56.29,60.74,66.40,73.60,0.27,0.24,0.11,Suporte,0,0
2021-05-27,39.93,44.84,47.88,50.34,52.79,56.29,60.74,66.40,73.60,0.21,0.00,0.03,Suporte Forte,0,0
2021-05-28,39.93,44.84,47.88,50.34,52.79,56.29,60.74,66.40,73.60,0.23,0.00,0.01,Suporte Forte,0,0
2021-06-01,39.93,44.84,47.88,50.34,52.79,56.29,60.74,66.40,73.60,0.34,0.24,0.04,Suporte,0,0
2021-06-02,39.93,44.84,47.88,50.34,52.79,56.29,60.74,66.40,73.60,0.37,0.24,0.01,Suporte,1,0
2021-06-03,39.93,44.84,47.88,50.34,52.79,56.29,60.74,66.40,73.60,0.32,0.24,0.06,Suporte,0,0
2021-06-04,39.93,44.84,47.88,50.34,52.79,56.29,60.74,66.40,73.60,0.30,0.24,0.08,Suporte,0,0
2021-06-07,39.93,44.84,47.88,50.34,52.79,56.29,60.74,66.40,73.60,0.40,0.38,0.10,Zona de Consolidação,1,0
2021-06-08,39.93,44.84,47.88,50.34,52.79,56.29,60.74,66.40,73.60,0.41,0.38,0.09,Zona de Consolidação,0,0
2021-06-09,39.93,44.84,47.88,50.34,52.79,56.29,60.74,66.40,73.60,0.44,0.38,0.06,Zona de Consolidação,0,0
2021-06-10,39.93,44.84,47.88,50.34,52.79,56.29,60.74,66.40,73.60,0.47,0.38,0.03,Zona de Consolidação,0,0
2021-06-11,39.93,44.84,47.88,50.34,52.79,56.29,60.74,66.40,73.60,0.54,0.50,0.08,Zona de Consolidação,0,0
2021-06-14,39.93,44.84,47.88,50.34,52.79,56.29,60.74,66.40,73.60,0.53,0.50,0.09,Zona de Consolidação,0,0
2021-06-15,39.93,44.84,47.88,50.34,52.79,56.29,60.74,66.40,73.60,0.39,0.38,0.11,Zona de Consolidação,1,0
2021-06-16,39.93,44.84,47.88,50.34,52.79,56.29,60.74,66.40,73.60,0.55,0.50,0.07,Zona de Consolidação,0,0
2021-06-17,39.93,44.84,47.88,50.34,52.79,56.29,60.74,66.40,73.60,0.49,0.38,0.01,Zona de Consolidação,0,0
2021-06-18,39.93,44.84,47.88,50.34,52.79,56.29,60.74,66.40,73.60,0.46,0.38,0.04,Zona de Consolidação,0,0
2021-06-21,39.93,44.84,47.88,50.34,52.79,56.29,60.74,66.40,73.60,0.52,0.50,0.10,Zona de Consolidação,0,0
2021-06-22,39.93,44.84,47.88,50.34,52.79,56.29,60.74,66.40,73.60,0.52,0.50,0.10,Zona de Consolidação,0,0
2021-06-23,39.93,44.84,47.88,50.34,52.79,56.29,60.74,66.40,73.60,0.56,0.50,0.06,Zona de Consolidação,0,0
2021-06-24,39.93,44.84,47.88,50.34,52.79,56.29,60.74,66.40,73.60,0.52,0.50,0.10,Zona de Consolidação,0,0
2021-06-25,39.93,44.84,47.88,50.34,52.79,56.29,60.74,66.40,73.60,0.51,0.50,0.11,Zona de Consolidação,0,0
2021-06-28,39.93,44.84,47.88,50.34,52.79,56.29,60.74,66.40,73.60,0.32,0.24,0.06,Suporte,0,0
2021-06-29,39.93,44.84,47.88,50.34,52.79,56.29,60.74,66.40,73.60,0.22,0.00,0.02,Suporte Forte,0,0
2021-06-30,39.93,44.84,47.88,50.34,52.79,56.29,60.74,66.40,73.60,0.21,0.00,0.03,Suporte Forte,0,0
2021-07-01,39.93,44.84,47.88,50.34,52.79,56.29,60.74,66.40,73.60,0.28,0.24,0.10,Suporte,0,0
2021-07-02,39.93,44.84,47.88,50.34,52.79,56.29,60.74,66.40,73.60,0.28,0.24,0.10,Suporte,0,0
2021-07-06,39.93,44.84,47.88,50.34,52.79,56.29,60.74,66.40,73.60,0.22,0.00,0.02,Suporte Forte,0,0
2021-07-07,39.93,44.14,46.75,48.86,50.97,53.97,57.79,62.65,68.83,0.14,0.00,0.10,Suporte Forte,0,0
2021-07-08,39.93,43.96,46.46,48.48,50.49,53.36,57.02,61.67,67.58,0.27,0.24,0.11,Suporte,0,0
2021-07-09,39.93,43.96,46.46,48.48,50.49,53.36,57.02,61.67,67.58,0.38,0.24,0.00,Suporte,1,0
2021-07-12,39.93,43.96,46.46,48.48,50.49,53.36,57.02,61.67,67.58,0.25,0.24,0.13,Suporte,0,0
2021-07-13,39.93,43.89,46.34,48.32,50.30,53.12,56.71,61.27,67.08,0.19,0.00,0.05,Suporte Forte,0,0
2021-07-14,39.93,43.60,45.86,47.70,49.53,52.14,55.46,59.68,65.06,0.14,0.00,0.10,Suporte Forte,0,0
2021-07-15,39.93,43.56,45.81,47.62,49.43,52.02,55.31,59.49,64.81,0.07,0.00,0.17,Suporte Forte,0,0
2021-07-16,39.93,43.56,45.81,47.62,49.43,52.02,55.31,59.49,64.81,0.09,0.00,0.15,Suporte Forte,0,0
2021-07-19,39.93,43.56,45.81,47.62,49.43,52.02,55.31,59.49,64.81,0.12,0.00,0.12,Suporte Forte,0,0
2021-07-20,39.93,43.56,45.81,47.62,49.43,52.02,55.31,59.49,64.81,0.15,0.00,0.09,Suporte Forte,0,0
2021-07-21,39.93,43.56,45.81,47.62,49.43,52.02,55.31,59.49,64.81,0.16,0.00,0.08,Suporte Forte,0,0
2021-07-22,39.93,43.56,45.81,47.62,49.43,52.02,55.31,59.49,64.81,0.04,0.00,0.20,Suporte Forte,0,0
2021-07-23,39.93,42.94,44.80,46.30,47.80,49.94,52.67,56.14,60.54,0.02,0.00,0.22,Suporte Forte,0,0
2021-07-26,38.99,42.22,44.22,45.83,47.44,49.74,52.67,56.39,61.12,0.01,0.00,0.23,Suporte Forte,0,0
2021-07-27,37.29,40.92,43.17,44.98,46.79,49.38,52.67,56.85,62.17,0.14,0.00,0.10,Suporte Forte,0,0
2021-07-28,37.29,40.92,43.17,44.98,46.79,49.38,52.67,56.85,62.17,0.48,0.38,0.02,Zona de Consolidação,0,0
2021-07-29,37.29,40.92,43.17,44.98,46.79,49.38,52.67,56.85,62.17,0.36,0.24,0.02,Suporte,1,0
2021-07-30,37.29,40.92,43.17,44.98,46.79,49.38,52.67,56.85,62.17,0.30,0.24,0.08,Suporte,0,0
2021-08-02,37.29,40.92,43.17,44.98,46.79,49.38,52.67,56.85,62.17,0.21,0.00,0.03,Suporte Forte,0,0
2021-08-03,37.29,40.92,43.17,44.98,46.79,49.38,52.67,56.85,62.17,0.14,0.00,0.10,Suporte Forte,0,0
2021-08-04,37.29,40.92,43.17,44.98,46.79,49.38,52.67,56.85,62.17,0.20,0.00,0.04,Suporte Forte,0,0
2021-08-05,37.29,40.92,43.17,44.98,46.79,49.38,52.67,56.85,62.17,0.26,0.24,0.12,Suporte,0,0
2021-08-06,37.29,40.92,43.17,44.98,46.79,49.38,52.67,56.85,62.17,0.38,0.24,0.00,Suporte,1,0
2021-08-09,37.29,40.92,43.17,44.98,46.79,49.38,52.67,56.85,62.17,0.35,0.24,0.03,Suporte,0,0
2021-08-10,37.29,40.92,43.17,44.98,46.79,49.38,52.67,56.85,62.17,0.33,0.24,0.05,Suporte,0,0
2021-08-11,37.29,40.92,43.17,44.98,46.79,49.38,52.67,56.85,62.17,0.34,0.24,0.04,Suporte,0,0
2021-08-12,37.29,40.92,43.17,44.98,46.79,49.38,52.67,56.85,62.17,0.36,0.24,0.02,Suporte,1,0
2021-08-13,37.29,40.92,43.17,44.98,46.79,49.38,52.67,56.85,62.17,0.35,0.24,0.03,Suporte,0,0
2021-08-16,37.29,40.92,43.17,44.98,46.79,49.38,52.67,56.85,62.17,0.29,0.24,0.09,Suporte,0,0
2021-08-17,37.29,40.92,43.17,44.98,46.79,49.38,52.67,56.85,62.17,0.25,0.24,0.13,Suporte,0,0
2021-08-18,37.29,40.92,43.17,44.98,46.79,49.38,52.67,56.85,62.17,0.14,0.00,0.10,Suporte Forte,0,0
2021-08-19,37.29,40.92,43.17,44.98,46.79,49.38,52.67,56.85,62.17,0.12,0.00,0.12,Suporte Forte,0,0
2021-08-20,37.29,40.92,43.17,44.98,46.79,49.38,52.67,56.85,62.17,0.19,0.00,0.05,Suporte Forte,0,0
2021-08-23,37.29,40.92,43.17,44.98,46.79,49.38,52.67,56.85,62.17,0.36,0.24,0.02,Suporte,1,0
2021-08-24,37.29,40.85,43.05,44.82,46.60,49.14,52.36,56.46,61.67,0.38,0.24,0.00,Suporte,1,0
2021-08-25,37.29,40.85,43.05,44.82,46.60,49.14,52.36,56.46,61.67,0.30,0.24,0.08,Suporte,0,0
2021-08-26,37.29,40.85,43.05,44.82,46.60,49.14,52.36,56.46,61.67,0.28,0.24,0.10,Suporte,0,0
2021-08-27,37.29,40.85,43.05,44.82,46.60,49.14,52.36,56.46,61.67,0.37,0.24,0.01,Suporte,1,0
2021-08-30,37.29,40.85,43.05,44.82,46.60,49.14,52.36,56.46,61.67,0.44,0.38,0.06,Zona de Consolidação,0,0
2021-08-31,37.29,40.85,43.05,44.82,46.60,49.14,52.36,56.46,61.67,0.41,0.38,0.09,Zona de Consolidação,0,0
2021-09-01,37.29,40.85,43.05,44.82,46.60,49.14,52.36,56.46,61.67,0.44,0.38,0.06,Zona de Consolidação,0,0
2021-09-02,37.29,40.85,43.05,44.82,46.60,49.14,52.36,56.46,61.67,0.51,0.50,0.11,Zona de Consolidação,0,0
2021-09-03,37.29,40.85,43.05,44.82,46.60,49.14,52.36,56.46,61.67,0.50,0.50,0.12,Zona de Consolidação,0,0
2021-09-07,37.29,40.41,42.33,43.89,45.45,47.67,50.49,54.08,58.65,0.56,0.50,0.06,Zona de Consolidação,0,0
2021-09-08,37.29,39.89,41.50,42.80,44.11,45.96,48.32,51.32,55.14,0.66,0.62,0.13,Resistência,0,0
2021-09-09,37.29,39.89,41.50,42.80,44.11,45.96,48.32,51.32,55.14,0.55,0.50,0.07,Zona de Consolidação,0,0
2021-09-10,37.29,39.89,41.50,42.80,44.11,45.96,48.32,51.32,55.14,0.52,0.50,0.10,Zona de Consolidação,0,0
2021-09-13,37.29,39.89,41.50,42.80,44.11,45.96,48.32,51.32,55.14,0.66,0.62,0.13,Resistência,0,0
2021-09-14,37.29,39.60,41.03,42.18,43.33,44.98,47.07,49.73,53.11,0.65,0.62,0.14,Resistência,1,0
2021-09-15,37.29,39.60,41.03,42.18,43.33,44.98,47.07,49.73,53.11,0.51,0.50,0.11,Zona de Consolidação,0,0
2021-09-16,37.29,39.60,41.03,42.18,43.33,44.98,47.07,49.73,53.11,0.63,0.62,0.16,Resistência,1,0
2021-09-17,37.29,39.60,41.03,42.18,43.33,44.98,47.07,49.73,53.11,0.46,0.38,0.04,Zona de Consolidação,0,0
2021-09-20,37.29,39.60,41.03,42.18,43.33,44.98,47.07,49.73,53.11,0.46,0.38,0.04,Zona de Consolidação,0,0
2021-09-21,37.29,39.60,41.03,42.18,43.33,44.98,47.07,49.73,53.11,0.59,0.50,0.03,Zona de Consolidação,1,0
2021-09-22,37.29,39.60,41.03,42.18,43.33,44.98,47.07,49.73,53.11,0.67,0.62,0.12,Resistência,0,0
2021-09-23,37.29,39.60,41.03,42.18,43.33,44.98,47.07,49.73,53.11,0.78,0.62,0.01,Resistência,0,1
2021-09-24,37.29,39.60,41.03,42.18,43.33,44.98,47.07,49.73,53.11,0.83,0.79,0.17,Resistência Forte,0,1
2021-09-27,37.29,39.60,41.03,42.18,43.33,44.98,47.07,49.73,53.11,0.84,0.79,0.16,Resistência Forte,0,0
2021-09-28,37.29,39.60,41.03,42.18,43.33,44.98,47.07,49.73,53.11,0.71,0.62,0.08,Resistência,0,0
2021-09-29,37.29,39.60,41.03,42.18,43.33,44.98,47.07,49.73,53.11,0.65,0.62,0.14,Resistência,1,0
2021-09-30,37.29,39.60,41.03,42.18,43.33,44.98,47.07,49.73,53.11,0.57,0.50,0.05,Zona de Consolidação,0,0
2021-10-01,37.29,39.60,41.03,42.18,43.33,44.98,47.07,49.73,53.11,0.37,0.24,0.01,Suporte,1,0
2021-10-04,37.29,39.60,41.03,42.18,43.33,44.98,47.07,49.73,53.11,0.35,0.24,0.03,Suporte,1,0
2021-10-05,37.29,39.60,41.03,42.18,43.33,44.98,47.07,49.73,53.11,0.38,0.24,0.00,Suporte,1,0
2021-10-06,38.53,40.55,41.79,42.80,43.81,45.24,47.07,49.39,52.35,0.82,0.79,0.18,Resistência Forte,0,1
2021-10-07,38.53,40.99,42.51,43.74,44.96,46.71,48.94,51.77,55.37,0.90,0.79,0.10,Resistência Forte,0,0
2021-10-08,38.53,41.02,42.56,43.81,45.06,46.83,49.09,51.96,55.62,0.78,0.62,0.01,Resistência,0,1
2021-10-11,38.53,41.02,42.56,43.81,45.06,46.83,49.09,51.96,55.62,0.87,0.79,0.13,Resistência Forte,0,0
2021-10-12,38.53,41.17,42.80,44.12,45.44,47.32,49.71,52.75,56.62,0.83,0.79,0.17,Resistência Forte,0,0
2021-10-13,38.53,41.17,42.80,44.12,45.44,47.32,49.71,52.75,56.62,0.78,0.62,0.01,Resistência,0,1
2021-10-14,38.53,41.17,42.80,44.12,45.44,47.32,49.71,52.75,56.62,0.68,0.62,0.11,Resistência,0,0
2021-10-15,38.53,41.17,42.80,44.12,45.44,47.32,49.71,52.75,56.62,0.60,0.50,0.02,Zona de Consolidação,1,0
2021-10-18,38.53,41.17,42.80,44.12,45.44,47.32,49.71,52.75,56.62,0.43,0.38,0.07,Zona de Consolidação,0,0
2021-10-19,38.53,41.17,42.80,44.12,45.44,47.32,49.71,52.75,56.62,0.53,0.50,0.09,Zona de Consolidação,0,0
2021-10-20,38.53,41.17,42.80,44.12,45.44,47.32,49.71,52.75,56.62,0.43,0.38,0.07,Zona de Consolidação,0,0
2021-10-21,38.53,41.17,42.80,44.12,45.44,47.32,49.71,52.75,56.62,0.36,0.24,0.02,Suporte,1,0
2021-10-22,38.53,41.17,42.80,44.12,45.44,47.32,49.71,52.75,56.62,0.46,0.38,0.04,Zona de Consolidação,0,0
2021-10-25,38.53,41.17,42.80,44.12,45.44,47.32,49.71,52.75,56.62,0.40,0.38,0.10,Zona de Consolidação,1,0
2021-10-26,38.53,41.17,42.80,44.12,45.44,47.32,49.71,52.75,56.62,0.43,0.38,0.07,Zona de Consolidação,0,0
2021-10-27,38.53,41.17,42.80,44.12,45.44,47.32,49.71,52.75,56.62,0.32,0.24,0.06,Suporte,0,0
2021-10-28,38.53,41.17,42.80,44.12,45.44,47.32,49.71,52.75,56.62,0.58,0.50,0.04,Zona de Consolidação,1,0
2021-10-29,38.53,41.17,42.80,44.12,45.44,47.32,49.71,52.75,56.62,0.47,0.38,0.03,Zona de Consolidação,0,0
2021-11-01,39.93,42.24,43.67,44.82,45.97,47.62,49.71,52.37,55.75,0.44,0.38,0.06,Zona de Consolidação,0,0
2021-11-02,39.93,42.24,43.67,44.82,45.97,47.62,49.71,52.37,55.75,0.60,0.50,0.02,Zona de Consolidação,1,0
2021-11-03,39.93,42.24,43.67,44.82,45.97,47.62,49.71,52.37,55.75,0.95,0.79,0.05,Resistência Forte,0,1
2021-11-04,39.93,42.61,44.26,45.60,46.94,48.84,51.27,54.35,58.28,0.90,0.79,0.10,Resistência Forte,0,0
2021-11-05,39.93,42.61,44.26,45.60,46.94,48.84,51.27,54.35,58.28,0.71,0.62,0.08,Resistência,0,0
2021-11-08,39.93,42.61,44.26,45.60,46.94,48.84,51.27,54.35,58.28,0.68,0.62,0.11,Resistência,0,0
2021-11-09,39.93,42.61,44.26,45.60,46.94,48.84,51.27,54.35,58.28,0.71,0.62,0.08,Resistência,0,0
2021-11-10,39.93,42.61,44.26,45.60,46.94,48.84,51.27,54.35,58.28,0.57,0.50,0.05,Zona de Consolidação,0,0
2021-11-11,39.93,42.61,44.26,45.60,46.94,48.84,51.27,54.35,58.28,0.81,0.79,0.19,Resistência Forte,0,1
2021-11-12,39.93,42.71,44.44,45.83,47.22,49.20,51.73,54.94,59.02,0.84,0.79,0.16,Resistência Forte,0,0
2021-11-15,39.93,42.71,44.44,45.83,47.22,49.20,51.73,54.94,59.02,0.74,0.62,0.05,Resistência,0,0
2021-11-16,39.93,42.71,44.44,45.83,47.22,49.20,51.73,54.94,59.02,0.59,0.50,0.03,Zona de Consolidação,1,0
2021-11-17,39.93,42.71,44.44,45.83,47.22,49.20,51.73,54.94,59.02,0.45,0.38,0.05,Zona de Consolidação,0,0
2021-11-18,39.93,42.71,44.44,45.83,47.22,49.20,51.73,54.94,59.02,0.36,0.24,0.02,Suporte,1,0
2021-11-19,39.93,42.71,44.44,45.83,47.22,49.20,51.73,54.94,59.02,0.28,0.24,0.10,Suporte,0,0
2021-11-22,39.93,42.71,44.44,45.83,47.22,49.20,51.73,54.94,59.02,0.16,0.00,0.08,Suporte Forte,0,0
2021-11-23,39.93,42.71,44.44,45.83,47.22,49.20,51.73,54.94,59.02,0.22,0.00,0.02,Suporte Forte,0,0
2021-11-24,39.93,42.71,44.44,45.83,47.22,49.20,51.73,54.94,59.02,0.26,0.24,0.12,Suporte,0,0
2021-11-26,39.93,42.71,44.44,45.83,47.22,49.20,51.73,54.94,59.02,0.05,0.00,0.19,Suporte Forte,0,0
2021-11-29,38.06,41.29,43.28,44.90,46.51,48.80,51.73,55.45,60.18,0.00,0.00,0.24,Suporte Forte,0,0
2021-11-30,38.06,42.09,44.59,46.60,48.62,51.49,55.15,59.80,65.71,0.84,0.79,0.16,Resistência Forte,0,0
2021-12-01,38.06,42.09,44.59,46.60,48.62,51.49,55.15,59.80,65.71,0.53,0.50,0.09,Zona de Consolidação,0,0
2021-12-02,38.06,42.09,44.59,46.60,48.62,51.49,55.15,59.80,65.71,0.23,0.00,0.01,Suporte Forte,0,0
2021-12-03,38.06,42.09,44.59,46.60,48.62,51.49,55.15,59.80,65.71,0.05,0.00,0.19,Suporte Forte,0,0
2021-12-06,37.44,41.62,44.21,46.30,48.38,51.36,55.15,59.97,66.09,0.05,0.00,0.19,Suporte Forte,0,0
2021-12-07,37.44,41.62,44.21,46.30,48.38,51.36,55.15,59.97,66.09,0.25,0.24,0.13,Suporte,0,0
2021-12-08,37.44,41.62,44.21,46.30,48.38,51.36,55.15,59.97,66.09,0.31,0.24,0.07,Suporte,0,0
2021-12-09,37.44,41.62,44.21,46.30,48.38,51.36,55.15,59.97,66.09,0.18,0.00,0.06,Suporte Forte,0,0
2021-12-10,37.44,41.62,44.21,46.30,48.38,51.36,55.15,59.97,66.09,0.15,0.00,0.09,Suporte Forte,0,0
2021-12-13,37.29,41.50,44.11,46.22,48.33,51.33,55.15,60.01,66.19,0.10,0.00,0.14,Suporte Forte,0,0
2021-12-14,36.82,41.15,43.82,45.98,48.15,51.23,55.15,60.14,66.48,0.03,0.00,0.21,Suporte Forte,0,0
2021-12-15,35.89,40.44,43.25,45.52,47.79,51.03,55.15,60.39,67.05,0.10,0.00,0.14,Suporte Forte,0,0
2021-12-16,35.89,40.44,43.25,45.52,47.79,51.03,55.15,60.39,67.05,0.02,0.00,0.22,Suporte Forte,0,0
2021-12-17,35.42,40.08,42.96,45.28,47.61,50.93,55.15,60.52,67.34,0.18,0.00,0.06,Suporte Forte,0,0
2021-12-20,35.42,40.08,42.96,45.28,47.61,50.93,55.15,60.52,67.34,0.11,0.00,0.13,Suporte Forte,0,0
2021-12-21,35.42,40.08,42.96,45.28,47.61,50.93,55.15,60.52,67.34,0.18,0.00,0.06,Suporte Forte,0,0
2021-12-22,35.42,40.08,42.96,45.28,47.61,50.93,55.15,60.52,67.34,0.21,0.00,0.03,Suporte Forte,0,0
2021-12-23,35.42,40.08,42.96,45.28,47.61,50.93,55.15,60.52,67.34,0.23,0.00,0.01,Suporte Forte,0,0
2021-12-27,35.42,40.08,42.96,45.28,47.61,50.93,55.15,60.52,67.34,0.13,0.00,0.11,Suporte Forte,0,0
2021-12-28,35.42,40.08,42.96,45.28,47.61,50.93,55.15,60.52,67.34,0.20,0.00,0.04,Suporte Forte,0,0
2021-12-29,35.42,40.08,42.96,45.28,47.61,50.93,55.15,60.52,67.34,0.20,0.00,0.04,Suporte Forte,0,0
2021-12-30,35.42,40.08,42.96,45.28,47.61,50.93,55.15,60.52,67.34,0.29,0.24,0.09,Suporte,0,0
2021-12-31,35.42,40.08,42.96,45.28,47.61,50.93,55.15,60.52,67.34,0.31,0.24,0.07,Suporte,0,0
2022-01-03,35.42,40.08,42.96,45.28,47.61,50.93,55.15,60.52,67.34,0.36,0.24,0.02,Suporte,1,0
2022-01-04,35.42,40.08,42.96,45.28,47.61,50.93,55.15,60.52,67.34,0.32,0.24,0.06,Suporte,0,0
2022-01-05,35.42,40.08,42.96,45.28,47.61,50.93,55.15,60.52,67.34,0.22,0.00,0.02,Suporte Forte,0,0
2022-01-06,35.42,40.08,42.96,45.28,47.61,50.93,55.15,60.52,67.34,0.31,0.24,0.07,Suporte,0,0
2022-01-07,35.42,40.08,42.96,45.28,47.61,50.93,55.15,60.52,67.34,0.25,0.24,0.13,Suporte,0,0
2022-01-10,35.42,40.08,42.96,45.28,47.61,50.93,55.15,60.52,67.34,0.17,0.00,0.07,Suporte Forte,0,0
2022-01-11,35.42,40.08,42.96,45.28,47.61,50.93,55.15,60.52,67.34,0.17,0.00,0.07,Suporte Forte,0,0
2022-01-12,35.42,40.08,42.96,45.28,47.61,50.93,55.15,60.52,67.34,0.11,0.00,0.13,Suporte Forte,0,0
2022-01-13,35.42,40.08,42.96,45.28,47.61,50.93,55.15,60.52,67.34,0.11,0.00,0.13,Suporte Forte,0,0
2022-01-14,35.42,40.08,42.96,45.28,47.61,50.93,55.15,60.52,67.34,0.17,0.00,0.07,Suporte Forte,0,0
2022-01-18,35.42,40.08,42.96,45.28,47.61,50.93,55.15,60.52,67.34,0.04,0.00,0.20,Suporte Forte,0,0
2022-01-19,35.42,40.08,42.96,45.28,47.61,50.93,55.15,60.52,67.34,0.01,0.00,0.23,Suporte Forte,0,0
2022-01-20,34.96,39.72,42.67,45.06,47.44,50.83,55.15,60.64,67.63,0.00,0.00,0.24,Suporte Forte,0,0
2022-01-21,33.87,38.89,42.00,44.51,47.02,50.60,55.15,60.94,68.30,0.00,0.00,0.24,Suporte Forte,0,0
2022-01-24,31.85,37.35,40.75,43.50,46.25,50.16,55.15,61.49,69.55,0.14,0.00,0.10,Suporte Forte,0,0
2022-01-25,31.85,37.35,40.75,43.50,46.25,50.16,55.15,61.49,69.55,0.15,0.00,0.09,Suporte Forte,0,0
2022-01-26,31.69,37.23,40.65,43.42,46.19,50.13,55.15,61.53,69.65,0.02,0.00,0.22,Suporte Forte,0,0
2022-01-27,30.92,36.64,40.18,43.04,45.89,49.96,55.15,61.74,70.12,0.01,0.00,0.23,Suporte Forte,0,0
2022-01-28,29.05,35.21,39.02,42.10,45.18,49.56,55.15,62.25,71.28,0.02,0.00,0.22,Suporte Forte,0,0
2022-01-31,29.05,35.21,39.02,42.10,45.18,49.56,55.15,62.25,71.28,0.04,0.00,0.20,Suporte Forte,0,0
2022-02-01,29.05,35.21,39.02,42.10,45.18,49.56,55.15,62.25,71.28,0.04,0.00,0.20,Suporte Forte,0,0
2022-02-02,27.65,34.14,38.16,41.40,44.64,49.26,55.15,62.63,72.14,0.01,0.00,0.23,Suporte Forte,0,0
2022-02-03,26.10,32.96,37.20,40.62,44.05,48.93,55.15,63.05,73.10,0.03,0.00,0.21,Suporte Forte,0,0
2022-02-04,26.10,32.96,37.20,40.62,44.05,48.93,55.15,63.05,73.10,0.06,0.00,0.18,Suporte Forte,0,0
2022-02-07,26.10,32.96,37.20,40.62,44.05,48.93,55.15,63.05,73.10,0.09,0.00,0.15,Suporte Forte,0,0
2022-02-08,26.10,32.96,37.20,40.62,44.05,48.93,55.15,63.05,73.10,0.13,0.00,0.11,Suporte Forte,0,0
2022-02-09,26.10,32.96,37.20,40.62,44.05,48.93,55.15,63.05,73.10,0.12,0.00,0.12,Suporte Forte,0,0
2022-02-10,26.10,32.88,37.08,40.47,43.86,48.69,54.84,62.66,72.60,0.08,0.00,0.16,Suporte Forte,0,0
2022-02-11,26.10,30.43,33.10,35.26,37.43,40.51,44.43,49.42,55.76,0.22,0.00,0.02,Suporte Forte,0,0
2022-02-14,26.10,30.43,33.10,35.26,37.43,40.51,44.43,49.42,55.76,0.29,0.24,0.09,Suporte,0,0
2022-02-15,26.10,30.43,33.10,35.26,37.43,40.51,44.43,49.42,55.76,0.41,0.38,0.09,Zona de Consolidação,0,0
2022-02-16,26.10,30.43,33.10,35.26,37.43,40.51,44.43,49.42,55.76,0.43,0.38,0.07,Zona de Consolidação,0,0
2022-02-17,26.10,30.43,33.10,35.26,37.43,40.51,44.43,49.42,55.76,0.33,0.24,0.05,Suporte,0,0
2022-02-18,26.10,30.21,32.75,34.80,36.85,39.78,43.50,48.23,54.25,0.34,0.24,0.04,Suporte,0,0
2022-02-22,26.10,30.21,32.75,34.80,36.85,39.78,43.50,48.23,54.25,0.31,0.24,0.07,Suporte,0,0
2022-02-23,26.10,30.21,32.75,34.80,36.85,39.78,43.50,48.23,54.25,0.25,0.24,0.13,Suporte,0,0
2022-02-24,26.10,30.21,32.75,34.80,36.85,39.78,43.50,48.23,54.25,0.26,0.24,0.12,Suporte,0,0
2022-02-25,26.10,30.21,32.75,34.80,36.85,39.78,43.50,48.23,54.25,0.39,0.38,0.11,Zona de Consolidação,1,0
2022-02-28,26.10,30.21,32.75,34.80,36.85,39.78,43.50,48.23,54.25,0.43,0.38,0.07,Zona de Consolidação,0,0
2022-03-01,26.10,30.21,32.75,34.80,36.85,39.78,43.50,48.23,54.25,0.35,0.24,0.03,Suporte,0,0
2022-03-02,26.10,30.21,32.75,34.80,36.85,39.78,43.50,48.23,54.25,0.44,0.38,0.06,Zona de Consolidação,0,0
2022-03-03,26.10,30.21,32.75,34.80,36.85,39.78,43.50,48.23,54.25,0.34,0.24,0.04,Suporte,0,0
2022-03-04,26.10,30.21,32.75,34.80,36.85,39.78,43.50,48.23,54.25,0.26,0.24,0.12,Suporte,0,0
2022-03-07,26.10,30.21,32.75,34.80,36.85,39.78,43.50,48.23,54.25,0.29,0.24,0.09,Suporte,0,0
2022-03-08,26.10,30.21,32.75,34.80,36.85,39.78,43.50,48.23,54.25,0.28,0.24,0.10,Suporte,0,0
2022-03-09,26.10,30.21,32.75,34.80,36.85,39.78,43.50,48.23,54.25,0.29,0.24,0.09,Suporte,0,0
2022-03-10,26.10,30.21,32.75,34.80,36.85,39.78,43.50,48.23,54.25,0.25,0.24,0.13,Suporte,0,0
2022-03-11,26.10,30.21,32.75,34.80,36.85,39.78,43.50,48.23,54.25,0.12,0.00,0.12,Suporte Forte,0,0
2022-03-14,26.10,30.21,32.75,34.80,36.85,39.78,43.50,48.23,54.25,0.03,0.00,0.21,Suporte Forte,0,0
2022-03-15,26.10,30.21,32.75,34.80,36.85,39.78,43.50,48.23,54.25,0.02,0.00,0.22,Suporte Forte,0,0
2022-03-16,26.10,30.21,32.75,34.80,36.85,39.78,43.50,48.23,54.25,0.14,0.00,0.10,Suporte Forte,0,0
2022-03-17,26.10,29.99,32.39,34.34,36.28,39.05,42.57,47.05,52.75,0.20,0.00,0.04,Suporte Forte,0,0
2022-03-18,26.10,29.84,32.15,34.03,35.90,38.56,41.95,46.26,51.75,0.10,0.00,0.14,Suporte Forte,0,0
2022-03-21,26.10,29.84,32.15,34.03,35.90,38.56,41.95,46.26,51.75,0.12,0.00,0.12,Suporte Forte,0,0
2022-03-22,26.10,29.33,31.32,32.94,34.55,36.84,39.77,43.49,48.22,0.18,0.00,0.06,Suporte Forte,0,0
2022-03-23,26.10,29.22,31.15,32.70,34.26,36.48,39.31,42.90,47.47,0.14,0.00,0.10,Suporte Forte,0,0
2022-03-24,26.10,29.18,31.09,32.62,34.16,36.36,39.15,42.70,47.21,0.15,0.00,0.09,Suporte Forte,0,0
2022-03-25,9.79,16.65,20.89,24.32,27.74,32.62,38.84,46.74,56.79,0.00,0.00,0.24,Suporte Forte,0,0
2022-03-28,8.23,15.45,19.92,23.54,27.15,32.29,38.84,47.17,57.76,0.01,0.00,0.23,Suporte Forte,0,0
2022-03-29,8.23,15.45,19.92,23.54,27.15,32.29,38.84,47.17,57.76,0.02,0.00,0.22,Suporte Forte,0,0
2022-03-30,8.23,14.98,19.15,22.52,25.90,30.70,36.82,44.60,54.49,0.05,0.00,0.19,Suporte Forte,0,0
2022-03-31,8.23,14.98,19.15,22.52,25.90,30.70,36.82,44.60,54.49,0.04,0.00,0.20,Suporte Forte,0,0
2022-04-01,8.23,14.83,18.91,22.22,25.52,30.21,36.20,43.81,53.49,0.03,0.00,0.21,Suporte Forte,0,0
2022-04-04,8.23,14.83,18.91,22.22,25.52,30.21,36.20,43.81,53.49,0.06,0.00,0.18,Suporte Forte,0,0
2022-04-05,8.23,14.83,18.91,22.22,25.52,30.21,36.20,43.81,53.49,0.03,0.00,0.21,Suporte Forte,0,0
2022-04-06,8.23,14.83,18.91,22.22,25.52,30.21,36.20,43.81,53.49,0.03,0.00,0.21,Suporte Forte,0,0
2022-04-07,8.23,14.39,18.20,21.28,24.36,28.74,34.33,41.43,50.46,0.02,0.00,0.22,Suporte Forte,0,0
2022-04-08,8.23,14.39,18.20,21.28,24.36,28.74,34.33,41.43,50.46,0.02,0.00,0.22,Suporte Forte,0,0
2022-04-11,8.23,14.39,18.20,21.28,24.36,28.74,34.33,41.43,50.46,0.00,0.00,0.24,Suporte Forte,0,0
2022-04-12,8.23,14.39,18.20,21.28,24.36,28.74,34.33,41.43,50.46,0.06,0.00,0.18,Suporte Forte,0,0
2022-04-13,8.23,14.39,18.20,21.28,24.36,28.74,34.33,41.43,50.46,0.02,0.00,0.22,Suporte Forte,0,0
2022-04-14,8.23,14.39,18.20,21.28,24.36,28.74,34.33,41.43,50.46,0.02,0.00,0.22,Suporte Forte,0,0
2022-04-18,8.08,14.27,18.11,21.20,24.30,28.71,34.33,41.47,50.55,0.01,0.00,0.23,Suporte Forte,0,0
2022-04-19,8.08,14.27,18.11,21.20,24.30,28.71,34.33,41.47,50.55,0.02,0.00,0.22,Suporte Forte,0,0
2022-04-20,8.08,14.27,18.11,21.20,24.30,28.71,34.33,41.47,50.55,0.03,0.00,0.21,Suporte Forte,0,0
2022-04-21,8.08,14.27,18.11,21.20,24.30,28.71,34.33,41.47,50.55,0.04,0.00,0.20,Suporte Forte,0,0
2022-04-22,8.08,14.27,18.11,21.20,24.30,28.71,34.33,41.47,50.55,0.04,0.00,0.20,Suporte Forte,0,0
2022-04-25,8.08,14.27,18.11,21.20,24.30,28.71,34.33,41.47,50.55,0.03,0.00,0.21,Suporte Forte,0,0
2022-04-26,8.08,14.27,18.11,21.20,24.30,28.71,34.33,41.47,50.55,0.01,0.00,0.23,Suporte Forte,0,0
2022-04-27,8.08,14.27,18.11,21.20,24.30,28.71,34.33,41.47,50.55,0.01,0.00,0.23,Suporte Forte,0,0
2022-04-28,7.77,14.04,17.92,21.05,24.18,28.65,34.33,41.55,50.74,0.01,0.00,0.23,Suporte Forte,0,0
2022-04-29,7.46,13.77,17.67,20.82,23.97,28.46,34.18,41.45,50.69,0.01,0.00,0.23,Suporte Forte,0,0
2022-05-02,7.46,13.77,17.67,20.82,23.97,28.46,34.18,41.45,50.69,0.04,0.00,0.20,Suporte Forte,0,0
2022-05-03,7.46,13.77,17.67,20.82,23.97,28.46,34.18,41.45,50.69,0.05,0.00,0.19,Suporte Forte,0,0
2022-05-04,7.46,13.77,17.67,20.82,23.97,28.46,34.18,41.45,50.69,0.08,0.00,0.16,Suporte Forte,0,0
2022-05-05,7.46,13.77,17.67,20.82,23.97,28.46,34.18,41.45,50.69,0.05,0.00,0.19,Suporte Forte,0,0
2022-05-06,7.46,13.77,17.67,20.82,23.97,28.46,34.18,41.45,50.69,0.06,0.00,0.18,Suporte Forte,0,0
2022-05-09,7.46,13.77,17.67,20.82,23.97,28.46,34.18,41.45,50.69,0.05,0.00,0.19,Suporte Forte,0,0
2022-05-10,7.46,13.77,17.67,20.82,23.97,28.46,34.18,41.45,50.69,0.05,0.00,0.19,Suporte Forte,0,0
2022-05-11,7.46,13.77,17.67,20.82,23.97,28.46,34.18,41.45,50.69,0.02,0.00,0.22,Suporte Forte,0,0
2022-05-12,7.46,13.77,17.67,20.82,23.97,28.46,34.18,41.45,50.69,0.01,0.00,0.23,Suporte Forte,0,0
2022-05-13,7.46,13.36,17.01,19.96,22.92,27.12,32.47,39.27,47.93,0.02,0.00,0.22,Suporte Forte,0,0
2022-05-16,7.30,13.13,16.74,19.65,22.56,26.71,32.00,38.72,47.26,0.01,0.00,0.23,Suporte Forte,0,0
2022-05-17,7.30,13.13,16.74,19.65,22.56,26.71,32.00,38.72,47.26,0.02,0.00,0.22,Suporte Forte,0,0
2022-05-18,7.15,13.01,16.64,19.58,22.51,26.68,32.00,38.76,47.36,0.01,0.00,0.23,Suporte Forte,0,0
2022-05-19,6.99,12.75,16.31,19.19,22.06,26.16,31.38,38.01,46.45,0.01,0.00,0.23,Suporte Forte,0,0
2022-05-20,6.99,12.49,15.89,18.64,21.39,25.30,30.29,36.63,44.69,0.03,0.00,0.21,Suporte Forte,0,0
2022-05-23,6.99,12.45,15.83,18.56,21.30,25.19,30.14,36.44,44.45,0.00,0.00,0.24,Suporte Forte,0,0
2022-05-24,6.52,12.09,15.54,18.33,21.12,25.09,30.14,36.56,44.74,0.00,0.00,0.24,Suporte Forte,0,0
2022-05-25,6.37,11.98,15.45,18.26,21.06,25.05,30.14,36.61,44.83,0.01,0.00,0.23,Suporte Forte,0,0
2022-05-26,6.37,11.98,15.45,18.26,21.06,25.05,30.14,36.61,44.83,0.01,0.00,0.23,Suporte Forte,0,0
2022-05-27,6.37,11.98,15.45,18.26,21.06,25.05,30.14,36.61,44.83,0.02,0.00,0.22,Suporte Forte,0,0
2022-05-31,6.37,11.72,15.03,17.71,20.39,24.20,29.05,35.22,43.07,0.05,0.00,0.19,Suporte Forte,0,0
2022-06-01,6.37,11.72,15.03,17.71,20.39,24.20,29.05,35.22,43.07,0.03,0.00,0.21,Suporte Forte,0,0
2022-06-02,6.37,11.72,15.03,17.71,20.39,24.20,29.05,35.22,43.07,0.03,0.00,0.21,Suporte Forte,0,0
2022-06-03,6.37,11.61,14.86,17.48,20.10,23.83,28.59,34.63,42.32,0.08,0.00,0.16,Suporte Forte,0,0
2022-06-06,6.37,8.42,9.69,10.72,11.75,13.21,15.07,17.44,20.45,0.23,0.00,0.01,Suporte Forte,0,0
2022-06-07,6.37,7.43,8.09,8.62,9.16,9.91,10.88,12.11,13.67,0.76,0.62,0.03,Resistência,0,0
2022-06-08,6.37,7.43,8.09,8.62,9.16,9.91,10.88,12.11,13.67,0.79,0.79,0.21,Resistência Forte,0,1
2022-06-09,6.37,7.43,8.09,8.62,9.16,9.91,10.88,12.11,13.67,0.76,0.62,0.03,Resistência,0,0
2022-06-10,6.37,7.43,8.09,8.62,9.16,9.91,10.88,12.11,13.67,0.55,0.50,0.07,Zona de Consolidação,0,0
2022-06-13,6.37,7.43,8.09,8.62,9.16,9.91,10.88,12.11,13.67,0.38,0.24,0.00,Suporte,1,0
2022-06-14,6.37,7.43,8.09,8.62,9.16,9.91,10.88,12.11,13.67,0.24,0.24,0.14,Suporte,0,0
2022-06-15,6.37,7.43,8.09,8.62,9.16,9.91,10.88,12.11,13.67,0.27,0.24,0.11,Suporte,0,0
2022-06-16,6.37,7.43,8.09,8.62,9.16,9.91,10.88,12.11,13.67,0.34,0.24,0.04,Suporte,0,0
2022-06-17,6.37,7.43,8.09,8.62,9.16,9.91,10.88,12.11,13.67,0.48,0.38,0.02,Zona de Consolidação,0,0
2022-06-21,6.37,7.43,8.09,8.62,9.16,9.91,10.88,12.11,13.67,0.55,0.50,0.07,Zona de Consolidação,0,0
2022-06-22,6.37,7.43,8.09,8.62,9.16,9.91,10.88,12.11,13.67,0.62,0.62,0.17,Resistência,1,0
2022-06-23,6.37,7.43,8.09,8.62,9.16,9.91,10.88,12.11,13.67,0.69,0.62,0.10,Resistência,0,0
2022-06-24,6.37,7.36,7.97,8.46,8.96,9.66,10.56,11.70,13.15,0.82,0.79,0.18,Resistência Forte,0,0
2022-06-27,6.37,7.36,7.97,8.46,8.96,9.66,10.56,11.70,13.15,0.89,0.79,0.11,Resistência Forte,0,0
2022-06-28,6.37,7.36,7.97,8.46,8.96,9.66,10.56,11.70,13.15,0.78,0.62,0.01,Resistência,0,1
2022-06-29,6.37,7.36,7.97,8.46,8.96,9.66,10.56,11.70,13.15,0.70,0.62,0.09,Resistência,0,0
2022-06-30,6.37,7.36,7.97,8.46,8.96,9.66,10.56,11.70,13.15,0.74,0.62,0.05,Resistência,0,0
2022-07-01,6.37,7.36,7.97,8.46,8.96,9.66,10.56,11.70,13.15,0.63,0.62,0.16,Resistência,1,0
2022-07-05,6.37,7.36,7.97,8.46,8.96,9.66,10.56,11.70,13.15,0.48,0.38,0.02,Zona de Consolidação,0,0
2022-07-06,6.37,7.36,7.97,8.46,8.96,9.66,10.56,11.70,13.15,0.67,0.62,0.12,Resistência,0,0
2022-07-07,6.37,7.36,7.97,8.46,8.96,9.66,10.56,11.70,13.15,0.70,0.62,0.09,Resistência,0,0
2022-07-08,6.37,7.36,7.97,8.46,8.96,9.66,10.56,11.70,13.15,0.85,0.79,0.15,Resistência Forte,0,0
2022-07-11,6.37,7.36,7.97,8.46,8.96,9.66,10.56,11.70,13.15,0.67,0.62,0.12,Resistência,0,0
2022-07-12,6.37,7.36,7.97,8.46,8.96,9.66,10.56,11.70,13.15,0.74,0.62,0.05,Resistência,0,0
2022-07-13,6.37,7.36,7.97,8.46,8.96,9.66,10.56,11.70,13.15,0.74,0.62,0.05,Resistência,0,0
2022-07-14,6.37,7.36,7.97,8.46,8.96,9.66,10.56,11.70,13.15,0.67,0.62,0.12,Resistência,0,0
2022-07-15,6.37,7.36,7.97,8.46,8.96,9.66,10.56,11.70,13.15,0.59,0.50,0.03,Zona de Consolidação,0,0
2022-07-18,6.37,7.36,7.97,8.46,8.96,9.66,10.56,11.70,13.15,0.56,0.50,0.06,Zona de Consolidação,0,0
2022-07-19,6.37,7.36,7.97,8.46,8.96,9.66,10.56,11.70,13.15,0.59,0.50,0.03,Zona de Consolidação,0,0
2022-07-20,6.37,7.36,7.97,8.46,8.96,9.66,10.56,11.70,13.15,0.59,0.50,0.03,Zona de Consolidação,0,0
2022-07-21,6.37,7.36,7.97,8.46,8.96,9.66,10.56,11.70,13.15,0.52,0.50,0.10,Zona de Consolidação,0,0
2022-07-22,6.37,7.36,7.97,8.46,8.96,9.66,10.56,11.70,13.15,0.37,0.24,0.01,Suporte,1,0
2022-07-25,6.37,7.36,7.97,8.46,8.96,9.66,10.56,11.70,13.15,0.37,0.24,0.01,Suporte,1,0
2022-07-26,6.37,7.36,7.97,8.46,8.96,9.66,10.56,11.70,13.15,0.30,0.24,0.08,Suporte,0,0
2022-07-27,6.37,7.36,7.97,8.46,8.96,9.66,10.56,11.70,13.15,0.33,0.24,0.05,Suporte,0,0
2022-07-28,6.37,7.36,7.97,8.46,8.96,9.66,10.56,11.70,13.15,0.30,0.24,0.08,Suporte,0,0
2022-07-29,6.37,7.36,7.97,8.46,8.96,9.66,10.56,11.70,13.15,0.26,0.24,0.12,Suporte,0,0
2022-08-01,6.37,7.36,7.97,8.46,8.96,9.66,10.56,11.70,13.15,0.26,0.24,0.12,Suporte,0,0
2022-08-02,6.37,7.36,7.97,8.46,8.96,9.66,10.56,11.70,13.15,0.26,0.24,0.12,Suporte,0,0
2022-08-03,6.37,7.36,7.97,8.46,8.96,9.66,10.56,11.70,13.15,0.30,0.24,0.08,Suporte,0,0
2022-08-04,6.37,7.36,7.97,8.46,8.96,9.66,10.56,11.70,13.15,0.41,0.38,0.09,Zona de Consolidação,0,0
2022-08-05,6.37,7.36,7.97,8.46,8.96,9.66,10.56,11.70,13.15,0.44,0.38,0.06,Zona de Consolidação,0,0
2022-08-08,6.37,7.36,7.97,8.46,8.96,9.66,10.56,11.70,13.15,0.44,0.38,0.06,Zona de Consolidação,0,0
2022-08-09,6.53,7.48,8.07,8.54,9.02,9.70,10.56,11.66,13.05,0.31,0.24,0.07,Suporte,0,0
2022-08-10,6.84,7.72,8.26,8.70,9.14,9.76,10.56,11.57,12.86,0.33,0.24,0.05,Suporte,0,0
2022-08-11,6.84,7.72,8.26,8.70,9.14,9.76,10.56,11.57,12.86,0.33,0.24,0.05,Suporte,0,0
2022-08-12,6.84,7.72,8.26,8.70,9.14,9.76,10.56,11.57,12.86,0.42,0.38,0.08,Zona de Consolidação,0,0
2022-08-15,6.84,7.72,8.26,8.70,9.14,9.76,10.56,11.57,12.86,0.58,0.50,0.04,Zona de Consolidação,0,0
2022-08-16,6.84,7.72,8.26,8.70,9.14,9.76,10.56,11.57,12.86,0.42,0.38,0.08,Zona de Consolidação,0,0
2022-08-17,6.84,7.72,8.26,8.70,9.14,9.76,10.56,11.57,12.86,0.42,0.38,0.08,Zona de Consolidação,0,0
2022-08-18,6.84,7.72,8.26,8.70,9.14,9.76,10.56,11.57,12.86,0.50,0.50,0.12,Zona de Consolidação,0,0
2022-08-19,6.84,7.72,8.26,8.70,9.14,9.76,10.56,11.57,12.86,0.42,0.38,0.08,Zona de Consolidação,0,0
2022-08-22,6.84,7.68,8.20,8.62,9.05,9.65,10.41,11.38,12.62,0.39,0.38,0.11,Zona de Consolidação,1,0
2022-08-23,6.84,7.68,8.20,8.62,9.05,9.65,10.41,11.38,12.62,0.39,0.38,0.11,Zona de Consolidação,1,0
2022-08-24,6.84,7.68,8.20,8.62,9.05,9.65,10.41,11.38,12.62,0.52,0.50,0.10,Zona de Consolidação,0,0
2022-08-25,6.84,7.68,8.20,8.62,9.05,9.65,10.41,11.38,12.62,0.57,0.50,0.05,Zona de Consolidação,0,0
2022-08-26,6.84,7.68,8.20,8.62,9.05,9.65,10.41,11.38,12.62,0.39,0.38,0.11,Zona de Consolidação,1,0
2022-08-29,7.30,8.03,8.49,8.86,9.22,9.74,10.41,11.26,12.33,0.30,0.24,0.08,Suporte,0,0
2022-08-30,7.30,8.03,8.49,8.86,9.22,9.74,10.41,11.26,12.33,0.25,0.24,0.13,Suporte,0,0
2022-08-31,7.30,8.03,8.49,8.86,9.22,9.74,10.41,11.26,12.33,0.20,0.00,0.04,Suporte Forte,0,0
2022-09-01,7.30,8.03,8.49,8.86,9.22,9.74,10.41,11.26,12.33,0.15,0.00,0.09,Suporte Forte,0,0
2022-09-02,7.30,8.03,8.49,8.86,9.22,9.74,10.41,11.26,12.33,0.15,0.00,0.09,Suporte Forte,0,0
2022-09-06,7.30,8.03,8.49,8.86,9.22,9.74,10.41,11.26,12.33,0.05,0.00,0.19,Suporte Forte,0,0
2022-09-07,7.30,8.00,8.43,8.78,9.12,9.62,10.25,11.05,12.07,0.05,0.00,0.19,Suporte Forte,0,0
2022-09-08,7.30,7.92,8.31,8.62,8.93,9.38,9.94,10.66,11.57,0.35,0.24,0.03,Suporte,1,0
2022-09-09,7.30,7.92,8.31,8.62,8.93,9.38,9.94,10.66,11.57,0.47,0.38,0.03,Zona de Consolidação,0,0
2022-09-12,7.30,7.92,8.31,8.62,8.93,9.38,9.94,10.66,11.57,0.30,0.24,0.08,Suporte,0,0
2022-09-13,7.30,7.92,8.31,8.62,8.93,9.38,9.94,10.66,11.57,0.12,0.00,0.12,Suporte Forte,0,0
2022-09-14,7.30,7.92,8.31,8.62,8.93,9.38,9.94,10.66,11.57,0.12,0.00,0.12,Suporte Forte,0,0
2022-09-15,7.30,7.92,8.31,8.62,8.93,9.38,9.94,10.66,11.57,0.18,0.00,0.06,Suporte Forte,0,0
2022-09-16,7.30,7.92,8.31,8.62,8.93,9.38,9.94,10.66,11.57,0.18,0.00,0.06,Suporte Forte,0,0
2022-09-19,7.30,7.89,8.25,8.54,8.84,9.26,9.79,10.47,11.33,0.00,0.00,0.24,Suporte Forte,0,0
2022-09-20,6.84,7.54,7.97,8.32,8.66,9.16,9.79,10.59,11.61,0.00,0.00,0.24,Suporte Forte,0,0
2022-09-21,6.37,7.18,7.68,8.08,8.48,9.06,9.79,10.72,11.90,0.00,0.00,0.24,Suporte Forte,0,0
2022-09-22,6.37,7.10,7.56,7.93,8.29,8.81,9.48,10.33,11.40,0.05,0.00,0.19,Suporte Forte,0,0
2022-09-23,6.37,7.07,7.50,7.85,8.19,8.69,9.32,10.12,11.14,0.05,0.00,0.19,Suporte Forte,0,0
2022-09-26,6.06,6.83,7.31,7.69,8.07,8.62,9.32,10.21,11.33,0.05,0.00,0.19,Suporte Forte,0,0
2022-09-27,6.06,6.83,7.31,7.69,8.07,8.62,9.32,10.21,11.33,0.10,0.00,0.14,Suporte Forte,0,0
2022-09-28,6.06,6.83,7.31,7.69,8.07,8.62,9.32,10.21,11.33,0.24,0.24,0.14,Suporte,0,0
2022-09-29,6.06,6.76,7.19,7.54,7.88,8.38,9.01,9.81,10.83,0.05,0.00,0.19,Suporte Forte,0,0
2022-09-30,5.90,6.63,7.09,7.46,7.82,8.34,9.01,9.86,10.93,0.05,0.00,0.19,Suporte Forte,0,0
2022-10-03,5.90,6.63,7.09,7.46,7.82,8.34,9.01,9.86,10.93,0.10,0.00,0.14,Suporte Forte,0,0
2022-10-04,5.90,6.63,7.09,7.46,7.82,8.34,9.01,9.86,10.93,0.20,0.00,0.04,Suporte Forte,0,0
2022-10-05,5.90,6.63,7.09,7.46,7.82,8.34,9.01,9.86,10.93,0.20,0.00,0.04,Suporte Forte,0,0
2022-10-06,5.90,6.63,7.09,7.46,7.82,8.34,9.01,9.86,10.93,0.15,0.00,0.09,Suporte Forte,0,0
2022-10-07,5.90,6.63,7.09,7.46,7.82,8.34,9.01,9.86,10.93,0.05,0.00,0.19,Suporte Forte,0,0
2022-10-10,5.75,6.52,7.00,7.38,7.76,8.31,9.01,9.90,11.02,0.05,0.00,0.19,Suporte Forte,0,0
2022-10-11,5.75,6.52,7.00,7.38,7.76,8.31,9.01,9.90,11.02,0.00,0.00,0.24,Suporte Forte,0,0
2022-10-12,5.75,6.52,7.00,7.38,7.76,8.31,9.01,9.90,11.02,0.05,0.00,0.19,Suporte Forte,0,0
2022-10-13,5.75,6.52,7.00,7.38,7.76,8.31,9.01,9.90,11.02,0.10,0.00,0.14,Suporte Forte,0,0
2022-10-14,5.75,6.52,7.00,7.38,7.76,8.31,9.01,9.90,11.02,0.05,0.00,0.19,Suporte Forte,0,0
2022-10-17,5.13,6.05,6.61,7.07,7.53,8.18,9.01,10.07,11.41,0.04,0.00,0.20,Suporte Forte,0,0
2022-10-18,5.13,6.05,6.61,7.07,7.53,8.18,9.01,10.07,11.41,0.04,0.00,0.20,Suporte Forte,0,0
2022-10-19,5.13,6.05,6.61,7.07,7.53,8.18,9.01,10.07,11.41,0.04,0.00,0.20,Suporte Forte,0,0
2022-10-20,5.13,6.05,6.61,7.07,7.53,8.18,9.01,10.07,11.41,0.00,0.00,0.24,Suporte Forte,0,0
2022-10-21,4.97,5.92,6.51,6.99,7.47,8.15,9.01,10.11,11.51,0.08,0.00,0.16,Suporte Forte,0,0
2022-10-24,4.97,5.92,6.51,6.99,7.47,8.15,9.01,10.11,11.51,0.08,0.00,0.16,Suporte Forte,0,0
2022-10-25,4.97,5.92,6.51,6.99,7.47,8.15,9.01,10.11,11.51,0.08,0.00,0.16,Suporte Forte,0,0
2022-10-26,4.97,5.92,6.51,6.99,7.47,8.15,9.01,10.11,11.51,0.15,0.00,0.09,Suporte Forte,0,0
2022-10-27,4.97,5.92,6.51,6.99,7.47,8.15,9.01,10.11,11.51,0.15,0.00,0.09,Suporte Forte,0,0
2022-10-28,4.97,5.92,6.51,6.99,7.47,8.15,9.01,10.11,11.51,0.12,0.00,0.12,Suporte Forte,0,0
2022-10-31,4.97,5.92,6.51,6.99,7.47,8.15,9.01,10.11,11.51,0.08,0.00,0.16,Suporte Forte,0,0
2022-11-01,4.97,5.92,6.51,6.99,7.47,8.15,9.01,10.11,11.51,0.12,0.00,0.12,Suporte Forte,0,0
2022-11-02,4.97,5.92,6.51,6.99,7.47,8.15,9.01,10.11,11.51,0.08,0.00,0.16,Suporte Forte,0,0
2022-11-03,4.97,5.92,6.51,6.99,7.47,8.15,9.01,10.11,11.51,0.08,0.00,0.16,Suporte Forte,0,0
2022-11-04,4.97,5.89,6.46,6.91,7.37,8.03,8.86,9.92,11.26,0.00,0.00,0.24,Suporte Forte,0,0
2022-11-07,4.66,5.61,6.20,6.68,7.16,7.84,8.70,9.80,11.20,0.00,0.00,0.24,Suporte Forte,0,0
2022-11-08,4.66,5.61,6.20,6.68,7.16,7.84,8.70,9.80,11.20,0.00,0.00,0.24,Suporte Forte,0,0
2022-11-09,4.35,5.38,6.01,6.52,7.04,7.77,8.70,9.88,11.39,0.11,0.00,0.13,Suporte Forte,0,0
2022-11-10,4.35,5.38,6.01,6.52,7.04,7.77,8.70,9.88,11.39,0.14,0.00,0.10,Suporte Forte,0,0
2022-11-11,4.35,5.38,6.01,6.52,7.04,7.77,8.70,9.88,11.39,0.21,0.00,0.03,Suporte Forte,0,0
2022-11-14,4.35,5.38,6.01,6.52,7.04,7.77,8.70,9.88,11.39,0.18,0.00,0.06,Suporte Forte,0,0
2022-11-15,4.35,5.38,6.01,6.52,7.04,7.77,8.70,9.88,11.39,0.21,0.00,0.03,Suporte Forte,0,0
2022-11-16,4.35,5.38,6.01,6.52,7.04,7.77,8.70,9.88,11.39,0.29,0.24,0.09,Suporte,0,0
2022-11-17,4.35,5.38,6.01,6.52,7.04,7.77,8.70,9.88,11.39,0.43,0.38,0.07,Zona de Consolidação,0,0
2022-11-18,4.35,5.38,6.01,6.52,7.04,7.77,8.70,9.88,11.39,0.39,0.38,0.11,Zona de Consolidação,1,0
2022-11-21,4.35,5.23,5.77,6.22,6.66,7.28,8.08,9.09,10.39,0.42,0.38,0.08,Zona de Consolidação,0,0
2022-11-22,4.35,5.23,5.77,6.22,6.66,7.28,8.08,9.09,10.39,0.42,0.38,0.08,Zona de Consolidação,0,0
2022-11-23,4.35,5.23,5.77,6.22,6.66,7.28,8.08,9.09,10.39,0.42,0.38,0.08,Zona de Consolidação,0,0
2022-11-25,4.35,5.19,5.71,6.14,6.56,7.16,7.92,8.89,10.13,0.39,0.38,0.11,Zona de Consolidação,1,0
2022-11-28,4.35,5.19,5.71,6.14,6.56,7.16,7.92,8.89,10.13,0.39,0.38,0.11,Zona de Consolidação,1,0
2022-11-29,4.35,5.12,5.60,5.98,6.36,6.91,7.61,8.50,9.62,0.33,0.24,0.05,Suporte,0,0
2022-11-30,4.35,5.08,5.54,5.90,6.27,6.79,7.46,8.31,9.38,0.30,0.24,0.08,Suporte,0,0
2022-12-01,4.35,4.94,5.30,5.60,5.89,6.31,6.84,7.52,8.38,0.31,0.24,0.07,Suporte,0,0
2022-12-02,4.35,4.94,5.30,5.60,5.89,6.31,6.84,7.52,8.38,0.81,0.79,0.19,Resistência Forte,0,1
2022-12-05,4.35,4.94,5.30,5.60,5.89,6.31,6.84,7.52,8.38,0.69,0.62,0.10,Resistência,0,0
2022-12-06,3.57,4.34,4.82,5.20,5.59,6.14,6.84,7.73,8.86,0.14,0.00,0.10,Suporte Forte,0,0
2022-12-07,3.57,4.34,4.82,5.20,5.59,6.14,6.84,7.73,8.86,0.05,0.00,0.19,Suporte Forte,0,0
2022-12-08,3.57,4.34,4.82,5.20,5.59,6.14,6.84,7.73,8.86,0.05,0.00,0.19,Suporte Forte,0,0
2022-12-09,3.42,4.19,4.67,5.05,5.43,5.98,6.68,7.57,8.69,0.10,0.00,0.14,Suporte Forte,0,0
2022-12-12,3.42,4.19,4.67,5.05,5.43,5.98,6.68,7.57,8.69,0.00,0.00,0.24,Suporte Forte,0,0
2022-12-13,3.26,4.07,4.57,4.97,5.37,5.95,6.68,7.61,8.79,0.09,0.00,0.15,Suporte Forte,0,0
2022-12-14,3.26,4.07,4.57,4.97,5.37,5.95,6.68,7.61,8.79,0.09,0.00,0.15,Suporte Forte,0,0
2022-12-15,3.26,4.07,4.57,4.97,5.37,5.95,6.68,7.61,8.79,0.18,0.00,0.06,Suporte Forte,0,0
2022-12-16,3.26,4.07,4.57,4.97,5.37,5.95,6.68,7.61,8.79,0.23,0.00,0.01,Suporte Forte,0,0
2022-12-19,3.26,4.07,4.57,4.97,5.37,5.95,6.68,7.61,8.79,0.18,0.00,0.06,Suporte Forte,0,0
2022-12-20,3.26,4.07,4.57,4.97,5.37,5.95,6.68,7.61,8.79,0.18,0.00,0.06,Suporte Forte,0,0
2022-12-21,3.26,4.07,4.57,4.97,5.37,5.95,6.68,7.61,8.79,0.18,0.00,0.06,Suporte Forte,0,0
2022-12-22,3.26,4.07,4.57,4.97,5.37,5.95,6.68,7.61,8.79,0.18,0.00,0.06,Suporte Forte,0,0
2022-12-23,3.26,4.07,4.57,4.97,5.37,5.95,6.68,7.61,8.79,0.18,0.00,0.06,Suporte Forte,0,0
2022-12-27,3.26,4.07,4.57,4.97,5.37,5.95,6.68,7.61,8.79,0.14,0.00,0.10,Suporte Forte,0,0
2022-12-28,3.26,4.07,4.57,4.97,5.37,5.95,6.68,7.61,8.79,0.14,0.00,0.10,Suporte Forte,0,0
2022-12-29,3.26,4.07,4.57,4.97,5.37,5.95,6.68,7.61,8.79,0.23,0.00,0.01,Suporte Forte,0,0
2022-12-30,3.26,4.07,4.57,4.97,5.37,5.95,6.68,7.61,8.79,0.14,0.00,0.10,Suporte Forte,0,0
2023-01-03,3.26,4.07,4.57,4.97,5.37,5.95,6.68,7.61,8.79,0.18,0.00,0.06,Suporte Forte,0,0
2023-01-04,3.26,4.07,4.57,4.97,5.37,5.95,6.68,7.61,8.79,0.37,0.24,0.01,Suporte,0,0
2023-01-05,3.26,4.07,4.57,4.97,5.37,5.95,6.68,7.61,8.79,0.41,0.38,0.09,Zona de Consolidação,0,0
2023-01-06,3.26,4.07,4.57,4.97,5.37,5.95,6.68,7.61,8.79,0.41,0.38,0.09,Zona de Consolidação,0,0
2023-01-09,3.26,4.07,4.57,4.97,5.37,5.95,6.68,7.61,8.79,0.41,0.38,0.09,Zona de Consolidação,0,0
2023-01-10,3.26,4.07,4.57,4.97,5.37,5.95,6.68,7.61,8.79,0.41,0.38,0.09,Zona de Consolidação,0,0
2023-01-11,3.26,4.07,4.57,4.97,5.37,5.95,6.68,7.61,8.79,0.46,0.38,0.04,Zona de Consolidação,0,0
2023-01-12,3.26,4.07,4.57,4.97,5.37,5.95,6.68,7.61,8.79,0.41,0.38,0.09,Zona de Consolidação,0,0
2023-01-13,3.26,4.07,4.57,4.97,5.37,5.95,6.68,7.61,8.79,0.55,0.50,0.07,Zona de Consolidação,0,0
2023-01-17,3.26,4.07,4.57,4.97,5.37,5.95,6.68,7.61,8.79,0.59,0.50,0.03,Zona de Consolidação,0,0
2023-01-18,3.26,4.07,4.57,4.97,5.37,5.95,6.68,7.61,8.79,0.55,0.50,0.07,Zona de Consolidação,0,0
2023-01-19,3.26,4.07,4.57,4.97,5.37,5.95,6.68,7.61,8.79,0.59,0.50,0.03,Zona de Consolidação,0,0
2023-01-20,3.26,4.07,4.57,4.97,5.37,5.95,6.68,7.61,8.79,0.59,0.50,0.03,Zona de Consolidação,0,0
2023-01-23,3.26,4.07,4.57,4.97,5.37,5.95,6.68,7.61,8.79,0.55,0.50,0.07,Zona de Consolidação,0,0
2023-01-24,3.26,4.07,4.57,4.97,5.37,5.95,6.68,7.61,8.79,0.55,0.50,0.07,Zona de Consolidação,0,0
2023-01-25,3.26,4.07,4.57,4.97,5.37,5.95,6.68,7.61,8.79,0.50,0.50,0.12,Zona de Consolidação,0,0
2023-01-26,3.26,4.07,4.57,4.97,5.37,5.95,6.68,7.61,8.79,0.50,0.50,0.12,Zona de Consolidação,0,0
2023-01-27,3.26,4.07,4.57,4.97,5.37,5.95,6.68,7.61,8.79,0.46,0.38,0.04,Zona de Consolidação,0,0
2023-01-30,3.26,4.07,4.57,4.97,5.37,5.95,6.68,7.61,8.79,0.41,0.38,0.09,Zona de Consolidação,0,0
2023-01-31,3.26,4.07,4.57,4.97,5.37,5.95,6.68,7.61,8.79,0.37,0.24,0.01,Suporte,0,0
2023-02-01,3.26,4.07,4.57,4.97,5.37,5.95,6.68,7.61,8.79,0.46,0.38,0.04,Zona de Consolidação,0,0
2023-02-02,3.26,4.07,4.57,4.97,5.37,5.95,6.68,7.61,8.79,0.55,0.50,0.07,Zona de Consolidação,0,0
2023-02-03,3.26,4.07,4.57,4.97,5.37,5.95,6.68,7.61,8.79,0.55,0.50,0.07,Zona de Consolidação,0,0
2023-02-06,3.26,4.07,4.57,4.97,5.37,5.95,6.68,7.61,8.79,0.59,0.50,0.03,Zona de Consolidação,0,0
2023-02-07,3.26,4.07,4.57,4.97,5.37,5.95,6.68,7.61,8.79,0.64,0.62,0.15,Resistência,0,0
2023-02-08,3.26,4.07,4.57,4.97,5.37,5.95,6.68,7.61,8.79,0.64,0.62,0.15,Resistência,0,0
2023-02-09,3.26,4.07,4.57,4.97,5.37,5.95,6.68,7.61,8.79,0.50,0.50,0.12,Zona de Consolidação,0,0
2023-02-10,3.26,4.07,4.57,4.97,5.37,5.95,6.68,7.61,8.79,0.37,0.24,0.01,Suporte,0,0
2023-02-13,3.26,4.07,4.57,4.97,5.37,5.95,6.68,7.61,8.79,0.41,0.38,0.09,Zona de Consolidação,0,0
2023-02-14,3.26,4.07,4.57,4.97,5.37,5.95,6.68,7.61,8.79,0.32,0.24,0.06,Suporte,0,0
2023-02-15,3.26,4.03,4.51,4.89,5.27,5.82,6.52,7.41,8.53,0.43,0.38,0.07,Zona de Consolidação,0,0
2023-02-16,3.26,3.77,4.09,4.35,4.61,4.97,5.44,6.03,6.79,0.72,0.62,0.07,Resistência,0,0
2023-02-17,3.26,3.77,4.09,4.35,4.61,4.97,5.44,6.03,6.79,0.78,0.62,0.01,Resistência,0,1
2023-02-21,3.26,3.77,4.09,4.35,4.61,4.97,5.44,6.03,6.79,0.64,0.62,0.15,Resistência,0,0
2023-02-22,3.26,3.77,4.09,4.35,4.61,4.97,5.44,6.03,6.79,0.64,0.62,0.15,Resistência,0,0
2023-02-23,3.26,3.77,4.09,4.35,4.61,4.97,5.44,6.03,6.79,0.22,0.00,0.02,Suporte Forte,0,0
2023-02-24,3.11,3.66,4.00,4.28,4.55,4.94,5.44,6.07,6.88,0.06,0.00,0.18,Suporte Forte,0,0
2023-02-27,3.11,3.66,4.00,4.28,4.55,4.94,5.44,6.07,6.88,0.13,0.00,0.11,Suporte Forte,0,0
2023-02-28,3.11,3.66,4.00,4.28,4.55,4.94,5.44,6.07,6.88,0.13,0.00,0.11,Suporte Forte,0,0
2023-03-01,3.11,3.66,4.00,4.28,4.55,4.94,5.44,6.07,6.88,0.13,0.00,0.11,Suporte Forte,0,0
2023-03-02,3.11,3.66,4.00,4.28,4.55,4.94,5.44,6.07,6.88,0.20,0.00,0.04,Suporte Forte,0,0
2023-03-03,3.11,3.66,4.00,4.28,4.55,4.94,5.44,6.07,6.88,0.20,0.00,0.04,Suporte Forte,0,0
2023-03-06,3.11,3.66,4.00,4.28,4.55,4.94,5.44,6.07,6.88,0.27,0.24,0.11,Suporte,0,0
2023-03-07,3.11,3.66,4.00,4.28,4.55,4.94,5.44,6.07,6.88,0.20,0.00,0.04,Suporte Forte,0,0
2023-03-08,3.11,3.66,4.00,4.28,4.55,4.94,5.44,6.07,6.88,0.27,0.24,0.11,Suporte,0,0
2023-03-09,3.11,3.66,4.00,4.28,4.55,4.94,5.44,6.07,6.88,0.27,0.24,0.11,Suporte,0,0
2023-03-10,3.11,3.66,4.00,4.28,4.55,4.94,5.44,6.07,6.88,0.20,0.00,0.04,Suporte Forte,0,0
2023-03-13,3.11,3.66,4.00,4.28,4.55,4.94,5.44,6.07,6.88,0.40,0.38,0.10,Zona de Consolidação,1,0
2023-03-14,3.11,3.66,4.00,4.28,4.55,4.94,5.44,6.07,6.88,0.33,0.24,0.05,Suporte,0,0
2023-03-15,3.11,3.66,4.00,4.28,4.55,4.94,5.44,6.07,6.88,0.33,0.24,0.05,Suporte,0,0
2023-03-16,3.11,3.66,4.00,4.28,4.55,4.94,5.44,6.07,6.88,0.40,0.38,0.10,Zona de Consolidação,1,0
2023-03-17,3.11,3.66,4.00,4.28,4.55,4.94,5.44,6.07,6.88,0.27,0.24,0.11,Suporte,0,0
2023-03-20,3.11,3.66,4.00,4.28,4.55,4.94,5.44,6.07,6.88,0.27,0.24,0.11,Suporte,0,0
2023-03-21,3.11,3.66,4.00,4.28,4.55,4.94,5.44,6.07,6.88,0.33,0.24,0.05,Suporte,0,0
2023-03-22,3.11,3.66,4.00,4.28,4.55,4.94,5.44,6.07,6.88,0.33,0.24,0.05,Suporte,0,0
2023-03-23,3.11,3.66,4.00,4.28,4.55,4.94,5.44,6.07,6.88,0.33,0.24,0.05,Suporte,0,0
2023-03-24,3.11,3.66,4.00,4.28,4.55,4.94,5.44,6.07,6.88,0.27,0.24,0.11,Suporte,0,0
2023-03-27,3.11,3.66,4.00,4.28,4.55,4.94,5.44,6.07,6.88,0.27,0.24,0.11,Suporte,0,0
2023-03-28,3.11,3.66,4.00,4.28,4.55,4.94,5.44,6.07,6.88,0.20,0.00,0.04,Suporte Forte,0,0
2023-03-29,3.11,3.66,4.00,4.28,4.55,4.94,5.44,6.07,6.88,0.13,0.00,0.11,Suporte Forte,0,0
2023-03-30,3.11,3.66,4.00,4.28,4.55,4.94,5.44,6.07,6.88,0.20,0.00,0.04,Suporte Forte,0,0
2023-03-31,3.11,3.66,4.00,4.28,4.55,4.94,5.44,6.07,6.88,0.20,0.00,0.04,Suporte Forte,0,0
2023-04-03,3.11,3.66,4.00,4.28,4.55,4.94,5.44,6.07,6.88,0.20,0.00,0.04,Suporte Forte,0,0
2023-04-04,3.11,3.66,4.00,4.28,4.55,4.94,5.44,6.07,6.88,0.20,0.00,0.04,Suporte Forte,0,0
2023-04-05,3.11,3.66,4.00,4.28,4.55,4.94,5.44,6.07,6.88,0.27,0.24,0.11,Suporte,0,0
2023-04-06,3.11,3.66,4.00,4.28,4.55,4.94,5.44,6.07,6.88,0.20,0.00,0.04,Suporte Forte,0,0
2023-04-10,3.11,3.66,4.00,4.28,4.55,4.94,5.44,6.07,6.88,0.27,0.24,0.11,Suporte,0,0
2023-04-11,3.11,3.66,4.00,4.28,4.55,4.94,5.44,6.07,6.88,0.27,0.24,0.11,Suporte,0,0
2023-04-12,3.11,3.66,4.00,4.28,4.55,4.94,5.44,6.07,6.88,0.27,0.24,0.11,Suporte,0,0
2023-04-13,3.11,3.66,4.00,4.28,4.55,4.94,5.44,6.07,6.88,0.27,0.24,0.11,Suporte,0,0
2023-04-14,3.11,3.66,4.00,4.28,4.55,4.94,5.44,6.07,6.88,0.27,0.24,0.11,Suporte,0,0
2023-04-17,3.11,3.66,4.00,4.28,4.55,4.94,5.44,6.07,6.88,0.32,0.24,0.06,Suporte,0,0
2023-04-18,3.11,3.66,4.00,4.28,4.55,4.94,5.44,6.07,6.88,0.34,0.24,0.04,Suporte,0,0
2023-04-19,3.11,3.66,4.00,4.28,4.55,4.94,5.44,6.07,6.88,0.27,0.24,0.11,Suporte,0,0
2023-04-20,3.11,3.66,4.00,4.28,4.55,4.94,5.44,6.07,6.88,0.27,0.24,0.11,Suporte,0,0
2023-04-21,3.11,3.62,3.94,4.20,4.45,4.82,5.28,5.87,6.62,0.29,0.24,0.09,Suporte,0,0
2023-04-24,3.11,3.59,3.88,4.12,4.36,4.70,5.13,5.68,6.38,0.34,0.24,0.04,Suporte,0,0
2023-04-25,3.11,3.59,3.88,4.12,4.36,4.70,5.13,5.68,6.38,0.37,0.24,0.01,Suporte,1,0
2023-04-26,3.11,3.59,3.88,4.12,4.36,4.70,5.13,5.68,6.38,0.34,0.24,0.04,Suporte,0,0
2023-04-27,3.11,3.59,3.88,4.12,4.36,4.70,5.13,5.68,6.38,0.43,0.38,0.07,Zona de Consolidação,0,0
2023-04-28,3.11,3.59,3.88,4.12,4.36,4.70,5.13,5.68,6.38,0.42,0.38,0.08,Zona de Consolidação,0,0
2023-05-01,3.11,3.59,3.88,4.12,4.36,4.70,5.13,5.68,6.38,0.40,0.38,0.10,Zona de Consolidação,1,0
2023-05-02,3.11,3.59,3.88,4.12,4.36,4.70,5.13,5.68,6.38,0.77,0.62,0.02,Resistência,0,1
2023-05-03,3.11,3.58,3.87,4.11,4.35,4.68,5.11,5.65,6.35,0.93,0.79,0.07,Resistência Forte,0,0
2023-05-04,3.11,3.58,3.87,4.11,4.35,4.68,5.11,5.65,6.35,0.92,0.79,0.08,Resistência Forte,0,0
2023-05-05,3.11,3.58,3.87,4.11,4.35,4.68,5.11,5.65,6.35,0.95,0.79,0.05,Resistência Forte,0,0
2023-05-08,3.26,3.78,4.10,4.36,4.61,4.98,5.45,6.05,6.80,0.99,0.79,0.01,Resistência Forte,0,1
2023-05-09,3.34,3.91,4.27,4.56,4.84,5.25,5.77,6.43,7.27,0.93,0.79,0.07,Resistência Forte,0,0
2023-05-10,3.34,3.91,4.27,4.56,4.84,5.25,5.77,6.43,7.27,0.86,0.79,0.14,Resistência Forte,0,0
2023-05-11,3.34,3.91,4.27,4.56,4.84,5.25,5.77,6.43,7.27,0.85,0.79,0.15,Resistência Forte,0,0
2023-05-12,3.34,3.91,4.27,4.56,4.84,5.25,5.77,6.43,7.27,0.86,0.79,0.14,Resistência Forte,0,0
2023-05-15,3.34,3.91,4.27,4.56,4.84,5.25,5.77,6.43,7.27,0.90,0.79,0.10,Resistência Forte,0,0
2023-05-16,3.34,3.93,4.29,4.58,4.88,5.30,5.83,6.51,7.37,0.99,0.79,0.01,Resistência Forte,0,1
2023-05-17,3.34,3.97,4.36,4.68,5.00,5.45,6.02,6.75,7.68,0.96,0.79,0.04,Resistência Forte,0,0
2023-05-18,3.34,3.97,4.36,4.68,5.00,5.45,6.02,6.75,7.68,0.92,0.79,0.08,Resistência Forte,0,0
2023-05-19,3.34,3.98,4.38,4.70,5.01,5.47,6.05,6.79,7.72,0.95,0.79,0.05,Resistência Forte,0,0
2023-05-22,3.34,3.99,4.39,4.71,5.03,5.49,6.08,6.83,7.77,0.86,0.79,0.14,Resistência Forte,0,0
2023-05-23,3.34,4.01,4.43,4.77,5.10,5.58,6.19,6.97,7.95,0.84,0.79,0.16,Resistência Forte,0,0
2023-05-24,3.34,4.01,4.43,4.77,5.10,5.58,6.19,6.97,7.95,0.79,0.79,0.21,Resistência Forte,0,1
2023-05-25,3.34,4.01,4.43,4.77,5.10,5.58,6.19,6.97,7.95,0.76,0.62,0.03,Resistência,0,0
2023-05-26,3.34,4.01,4.43,4.77,5.10,5.58,6.19,6.97,7.95,0.83,0.79,0.17,Resistência Forte,0,0
2023-05-30,3.34,4.01,4.43,4.77,5.10,5.58,6.19,6.97,7.95,0.79,0.79,0.21,Resistência Forte,0,1
2023-05-31,3.34,4.01,4.43,4.77,5.10,5.58,6.19,6.97,7.95,0.93,0.79,0.07,Resistência Forte,0,0
2023-06-01,3.34,4.01,4.43,4.77,5.10,5.58,6.19,6.97,7.95,0.88,0.79,0.12,Resistência Forte,0,0
2023-06-02,3.34,4.01,4.43,4.77,5.10,5.58,6.19,6.97,7.95,0.87,0.79,0.13,Resistência Forte,0,0
2023-06-05,3.34,4.01,4.43,4.77,5.10,5.58,6.19,6.97,7.95,0.85,0.79,0.15,Resistência Forte,0,0
2023-06-06,3.34,4.01,4.43,4.77,5.10,5.58,6.19,6.97,7.95,0.86,0.79,0.14,Resistência Forte,0,0
2023-06-07,3.34,4.01,4.43,4.77,5.10,5.58,6.19,6.97,7.95,0.84,0.79,0.16,Resistência Forte,0,0
2023-06-08,3.34,4.01,4.43,4.77,5.10,5.58,6.19,6.97,7.95,0.82,0.79,0.18,Resistência Forte,0,0
2023-06-09,3.34,4.01,4.43,4.77,5.10,5.58,6.19,6.97,7.95,0.82,0.79,0.18,Resistência Forte,0,0
2023-06-12,3.34,4.01,4.43,4.77,5.10,5.58,6.19,6.97,7.95,0.83,0.79,0.17,Resistência Forte,0,0
2023-06-13,3.34,4.01,4.43,4.77,5.10,5.58,6.19,6.97,7.95,0.79,0.79,0.21,Resistência Forte,0,1
2023-06-14,3.34,4.01,4.43,4.77,5.10,5.58,6.19,6.97,7.95,0.80,0.79,0.20,Resistência Forte,0,1
2023-06-15,3.34,4.01,4.43,4.77,5.10,5.58,6.19,6.97,7.95,0.83,0.79,0.17,Resistência Forte,0,0
2023-06-16,3.34,4.01,4.43,4.77,5.10,5.58,6.19,6.97,7.95,0.82,0.79,0.18,Resistência Forte,0,0
2023-06-20,3.34,4.01,4.43,4.77,5.10,5.58,6.19,6.97,7.95,0.78,0.62,0.01,Resistência,0,1
2023-06-21,3.34,4.01,4.43,4.77,5.10,5.58,6.19,6.97,7.95,0.74,0.62,0.05,Resistência,0,0
2023-06-22,3.34,4.01,4.43,4.77,5.10,5.58,6.19,6.97,7.95,0.63,0.62,0.16,Resistência,1,0
2023-06-23,3.34,4.01,4.43,4.77,5.10,5.58,6.19,6.97,7.95,0.63,0.62,0.16,Resistência,1,0
2023-06-26,3.34,4.01,4.43,4.77,5.10,5.58,6.19,6.97,7.95,0.55,0.50,0.07,Zona de Consolidação,0,0
2023-06-27,3.34,4.01,4.43,4.77,5.10,5.58,6.19,6.97,7.95,0.60,0.50,0.02,Zona de Consolidação,1,0
2023-06-28,3.67,4.26,4.63,4.93,5.23,5.65,6.19,6.88,7.75,0.58,0.50,0.04,Zona de Consolidação,0,0
2023-06-29,3.67,4.26,4.63,4.93,5.23,5.65,6.19,6.88,7.75,0.58,0.50,0.04,Zona de Consolidação,0,0
2023-06-30,3.67,4.26,4.63,4.93,5.23,5.65,6.19,6.88,7.75,0.57,0.50,0.05,Zona de Consolidação,0,0
2023-07-03,3.71,4.30,4.66,4.95,5.24,5.66,6.19,6.86,7.72,0.58,0.50,0.04,Zona de Consolidação,0,0
2023-07-05,3.71,4.30,4.66,4.95,5.24,5.66,6.19,6.86,7.72,0.54,0.50,0.08,Zona de Consolidação,0,0
2023-07-06,3.75,4.33,4.68,4.97,5.26,5.67,6.19,6.85,7.70,0.52,0.50,0.10,Zona de Consolidação,0,0
2023-07-07,3.75,4.33,4.68,4.97,5.26,5.67,6.19,6.85,7.70,0.51,0.50,0.11,Zona de Consolidação,0,0
2023-07-10,3.75,4.33,4.68,4.97,5.26,5.67,6.19,6.85,7.70,0.56,0.50,0.06,Zona de Consolidação,0,0
2023-07-11,3.77,4.34,4.69,4.98,5.27,5.67,6.19,6.85,7.69,0.55,0.50,0.07,Zona de Consolidação,0,0
2023-07-12,3.77,4.34,4.69,4.98,5.27,5.67,6.19,6.85,7.69,0.58,0.50,0.04,Zona de Consolidação,0,0
2023-07-13,3.96,4.49,4.81,5.08,5.34,5.71,6.19,6.80,7.57,0.57,0.50,0.05,Zona de Consolidação,0,0
2023-07-14,4.58,4.96,5.20,5.38,5.57,5.85,6.19,6.63,7.18,0.75,0.62,0.04,Resistência,0,0
2023-07-17,4.75,5.09,5.30,5.47,5.64,5.88,6.19,6.58,7.08,0.82,0.79,0.18,Resistência Forte,0,1
2023-07-18,4.75,5.09,5.30,5.47,5.64,5.88,6.19,6.58,7.08,0.72,0.62,0.07,Resistência,0,0
2023-07-19,4.75,5.09,5.30,5.47,5.64,5.88,6.19,6.58,7.08,0.69,0.62,0.10,Resistência,0,0
2023-07-20,4.75,5.09,5.30,5.47,5.64,5.88,6.19,6.58,7.08,0.83,0.79,0.17,Resistência Forte,0,0
2023-07-21,4.75,5.09,5.30,5.47,5.64,5.88,6.19,6.58,7.08,0.80,0.79,0.20,Resistência Forte,0,1
2023-07-24,4.75,5.09,5.30,5.47,5.64,5.88,6.19,6.58,7.08,0.69,0.62,0.10,Resistência,0,0
2023-07-25,4.75,5.09,5.30,5.47,5.64,5.88,6.19,6.58,7.08,0.60,0.50,0.02,Zona de Consolidação,1,0
2023-07-26,4.75,5.09,5.30,5.47,5.64,5.88,6.19,6.58,7.08,0.79,0.79,0.21,Resistência Forte,0,1
2023-07-27,4.75,5.09,5.30,5.47,5.64,5.88,6.19,6.58,7.08,0.65,0.62,0.14,Resistência,1,0
2023-07-28,4.75,5.09,5.30,5.47,5.64,5.88,6.19,6.58,7.08,0.74,0.62,0.05,Resistência,0,0
2023-07-31,4.75,5.09,5.30,5.47,5.64,5.88,6.19,6.58,7.08,0.51,0.50,0.11,Zona de Consolidação,0,0
2023-08-01,4.75,5.09,5.30,5.47,5.64,5.88,6.19,6.58,7.08,0.72,0.62,0.07,Resistência,0,0
2023-08-02,4.75,5.09,5.30,5.47,5.64,5.88,6.19,6.58,7.08,0.56,0.50,0.06,Zona de Consolidação,0,0
2023-08-03,4.75,5.09,5.30,5.47,5.64,5.88,6.19,6.58,7.08,0.57,0.50,0.05,Zona de Consolidação,0,0
2023-08-04,4.75,5.05,5.24,5.38,5.53,5.75,6.02,6.37,6.80,0.45,0.38,0.05,Zona de Consolidação,0,0
2023-08-07,4.75,5.05,5.24,5.38,5.53,5.75,6.02,6.37,6.80,0.39,0.38,0.11,Zona de Consolidação,1,0
2023-08-08,4.75,5.05,5.24,5.38,5.53,5.75,6.02,6.37,6.80,0.43,0.38,0.07,Zona de Consolidação,0,0
2023-08-09,4.75,5.05,5.24,5.38,5.53,5.75,6.02,6.37,6.80,0.48,0.38,0.02,Zona de Consolidação,0,0
2023-08-10,4.75,5.05,5.24,5.38,5.53,5.75,6.02,6.37,6.80,0.53,0.50,0.09,Zona de Consolidação,0,0
2023-08-11,4.75,5.05,5.23,5.38,5.53,5.74,6.01,6.35,6.79,0.52,0.50,0.10,Zona de Consolidação,0,0
2023-08-14,4.75,5.05,5.23,5.38,5.53,5.74,6.01,6.35,6.79,0.60,0.50,0.02,Zona de Consolidação,1,0
2023-08-15,4.75,5.05,5.23,5.38,5.53,5.74,6.01,6.35,6.79,0.55,0.50,0.07,Zona de Consolidação,0,0
2023-08-16,4.75,5.05,5.23,5.38,5.53,5.74,6.01,6.35,6.79,0.47,0.38,0.03,Zona de Consolidação,0,0
2023-08-17,4.75,5.05,5.23,5.38,5.53,5.74,6.01,6.35,6.79,0.06,0.00,0.18,Suporte Forte,0,0
2023-08-18,4.72,5.02,5.21,5.36,5.52,5.73,6.01,6.36,6.81,0.16,0.00,0.08,Suporte Forte,0,0
2023-08-21,4.72,5.02,5.21,5.36,5.52,5.73,6.01,6.36,6.81,0.26,0.24,0.12,Suporte,0,0
2023-08-22,4.72,5.02,5.21,5.36,5.52,5.73,6.01,6.36,6.81,0.22,0.00,0.02,Suporte Forte,0,0
2023-08-23,4.72,5.02,5.21,5.36,5.52,5.73,6.01,6.36,6.81,0.24,0.24,0.14,Suporte,0,0
2023-08-24,4.72,5.02,5.21,5.36,5.52,5.73,6.01,6.36,6.81,0.24,0.24,0.14,Suporte,0,0
2023-08-25,4.72,5.02,5.21,5.36,5.52,5.73,6.01,6.36,6.81,0.16,0.00,0.08,Suporte Forte,0,0
2023-08-28,4.62,4.95,5.15,5.32,5.48,5.71,6.01,6.39,6.87,0.03,0.00,0.21,Suporte Forte,0,0
2023-08-29,4.41,4.79,5.02,5.21,5.40,5.67,6.01,6.45,7.00,0.06,0.00,0.18,Suporte Forte,0,0
2023-08-30,4.26,4.67,4.93,5.14,5.34,5.64,6.01,6.49,7.09,0.09,0.00,0.15,Suporte Forte,0,0
2023-08-31,3.88,4.38,4.69,4.94,5.20,5.55,6.01,6.59,7.33,0.12,0.00,0.12,Suporte Forte,0,0
2023-09-01,3.88,4.38,4.69,4.94,5.20,5.55,6.01,6.59,7.33,0.15,0.00,0.09,Suporte Forte,0,0
2023-09-05,3.88,4.38,4.69,4.94,5.20,5.55,6.01,6.59,7.33,0.25,0.24,0.13,Suporte,0,0
2023-09-06,3.88,4.38,4.69,4.94,5.20,5.55,6.01,6.59,7.33,0.13,0.00,0.11,Suporte Forte,0,0
2023-09-07,3.88,4.38,4.69,4.94,5.20,5.55,6.01,6.59,7.33,0.15,0.00,0.09,Suporte Forte,0,0
2023-09-08,3.88,4.38,4.69,4.94,5.20,5.55,6.01,6.59,7.33,0.16,0.00,0.08,Suporte Forte,0,0
2023-09-11,3.88,4.38,4.69,4.94,5.20,5.55,6.01,6.59,7.33,0.02,0.00,0.22,Suporte Forte,0,0
2023-09-12,3.88,4.38,4.69,4.94,5.20,5.55,6.01,6.59,7.33,0.03,0.00,0.21,Suporte Forte,0,0
2023-09-13,3.88,4.38,4.69,4.94,5.20,5.55,6.01,6.59,7.33,0.01,0.00,0.23,Suporte Forte,0,0
2023-09-14,3.86,4.37,4.68,4.93,5.19,5.55,6.01,6.59,7.34,0.10,0.00,0.14,Suporte Forte,0,0
2023-09-15,3.86,4.37,4.68,4.93,5.19,5.55,6.01,6.59,7.34,0.07,0.00,0.17,Suporte Forte,0,0
2023-09-18,3.86,4.37,4.68,4.93,5.19,5.55,6.01,6.59,7.34,0.10,0.00,0.14,Suporte Forte,0,0
2023-09-19,3.85,4.36,4.68,4.93,5.18,5.55,6.01,6.60,7.34,0.14,0.00,0.10,Suporte Forte,0,0
2023-09-20,3.85,4.36,4.68,4.93,5.18,5.55,6.01,6.60,7.34,0.46,0.38,0.04,Zona de Consolidação,0,0
2023-09-21,3.85,4.36,4.68,4.93,5.18,5.55,6.01,6.60,7.34,0.60,0.50,0.02,Zona de Consolidação,1,0
2023-09-22,3.85,4.36,4.68,4.93,5.18,5.55,6.01,6.60,7.34,0.93,0.79,0.07,Resistência Forte,0,0
2023-09-25,3.85,4.36,4.68,4.94,5.20,5.56,6.03,6.62,7.38,0.88,0.79,0.12,Resistência Forte,0,0
2023-09-26,3.85,4.36,4.68,4.94,5.20,5.56,6.03,6.62,7.38,0.85,0.79,0.15,Resistência Forte,0,0
2023-09-27,3.85,4.36,4.68,4.94,5.20,5.56,6.03,6.62,7.38,0.80,0.79,0.20,Resistência Forte,0,1
2023-09-28,3.85,4.36,4.68,4.94,5.20,5.56,6.03,6.62,7.38,0.80,0.79,0.20,Resistência Forte,0,1
2023-09-29,3.85,4.36,4.68,4.94,5.20,5.56,6.03,6.62,7.38,0.73,0.62,0.06,Resistência,0,0
2023-10-02,3.85,4.36,4.68,4.94,5.20,5.56,6.03,6.62,7.38,0.72,0.62,0.07,Resistência,0,0
2023-10-03,3.85,4.36,4.68,4.94,5.20,5.56,6.03,6.62,7.38,0.69,0.62,0.10,Resistência,0,0
2023-10-04,3.85,4.36,4.68,4.94,5.20,5.56,6.03,6.62,7.38,0.64,0.62,0.15,Resistência,1,0
2023-10-05,3.85,4.36,4.68,4.94,5.20,5.56,6.03,6.62,7.38,0.66,0.62,0.13,Resistência,0,0
2023-10-06,3.85,4.36,4.68,4.94,5.20,5.56,6.03,6.62,7.38,0.68,0.62,0.11,Resistência,0,0
2023-10-09,3.85,4.36,4.68,4.94,5.20,5.56,6.03,6.62,7.38,0.67,0.62,0.12,Resistência,0,0
2023-10-10,3.85,4.36,4.68,4.94,5.20,5.56,6.03,6.62,7.38,0.65,0.62,0.14,Resistência,0,0
2023-10-11,3.85,4.36,4.68,4.94,5.20,5.56,6.03,6.62,7.38,0.61,0.50,0.01,Zona de Consolidação,1,0
2023-10-12,3.85,4.36,4.68,4.94,5.20,5.56,6.03,6.62,7.38,0.65,0.62,0.14,Resistência,0,0
2023-10-13,3.85,4.36,4.68,4.94,5.20,5.56,6.03,6.62,7.38,0.62,0.62,0.17,Resistência,1,0
2023-10-16,3.85,4.36,4.68,4.94,5.20,5.56,6.03,6.62,7.38,0.67,0.62,0.12,Resistência,0,0
2023-10-17,3.85,4.36,4.68,4.94,5.20,5.56,6.03,6.62,7.38,0.67,0.62,0.12,Resistência,0,0
2023-10-18,3.85,4.36,4.68,4.94,5.20,5.56,6.03,6.62,7.38,0.66,0.62,0.13,Resistência,0,0
2023-10-19,3.85,4.36,4.68,4.94,5.20,5.56,6.03,6.62,7.38,0.70,0.62,0.09,Resistência,0,0
2023-10-20,3.85,4.36,4.68,4.94,5.20,5.56,6.03,6.62,7.38,0.73,0.62,0.06,Resistência,0,0
2023-10-23,3.85,4.36,4.68,4.94,5.20,5.56,6.03,6.62,7.38,0.77,0.62,0.02,Resistência,0,1
2023-10-24,3.85,4.36,4.68,4.94,5.20,5.56,6.03,6.62,7.38,0.77,0.62,0.02,Resistência,0,1
2023-10-25,3.85,4.36,4.68,4.94,5.20,5.56,6.03,6.62,7.38,0.75,0.62,0.04,Resistência,0,0
2023-10-26,3.85,4.36,4.68,4.94,5.20,5.56,6.03,6.62,7.38,0.75,0.62,0.04,Resistência,0,0
2023-10-27,3.85,4.36,4.68,4.94,5.20,5.56,6.03,6.62,7.38,0.70,0.62,0.09,Resistência,0,0
2023-10-30,3.85,4.36,4.68,4.94,5.20,5.56,6.03,6.62,7.38,0.67,0.62,0.12,Resistência,0,0
2023-10-31,3.85,4.36,4.68,4.94,5.20,5.56,6.03,6.62,7.38,0.67,0.62,0.12,Resistência,0,0
2023-11-01,3.85,4.36,4.68,4.94,5.20,5.56,6.03,6.62,7.38,0.73,0.62,0.06,Resistência,0,0
2023-11-02,3.85,4.36,4.68,4.94,5.20,5.56,6.03,6.62,7.38,0.69,0.62,0.10,Resistência,0,0
2023-11-03,3.85,4.36,4.68,4.94,5.20,5.56,6.03,6.62,7.38,0.77,0.62,0.02,Resistência,0,1
2023-11-06,3.85,4.36,4.68,4.94,5.20,5.56,6.03,6.62,7.38,0.73,0.62,0.06,Resistência,0,0
2023-11-07,3.85,4.36,4.68,4.94,5.20,5.56,6.03,6.62,7.38,0.89,0.79,0.11,Resistência Forte,0,0
2023-11-08,3.85,4.36,4.68,4.94,5.20,5.56,6.03,6.62,7.38,0.81,0.79,0.19,Resistência Forte,0,1
2023-11-09,3.85,4.36,4.68,4.94,5.20,5.56,6.03,6.62,7.38,0.75,0.62,0.04,Resistência,0,0
2023-11-10,3.85,4.36,4.68,4.94,5.20,5.56,6.03,6.62,7.38,0.78,0.62,0.01,Resistência,0,1
2023-11-13,3.85,4.36,4.68,4.94,5.20,5.56,6.03,6.62,7.38,0.85,0.79,0.15,Resistência Forte,0,0
2023-11-14,3.85,4.36,4.68,4.94,5.20,5.56,6.03,6.62,7.38,0.83,0.79,0.17,Resistência Forte,0,0
2023-11-15,3.85,4.38,4.71,4.98,5.25,5.63,6.11,6.72,7.51,0.99,0.79,0.01,Resistência Forte,0,1
2023-11-16,3.85,4.48,4.86,5.18,5.49,5.93,6.50,7.22,8.14,0.86,0.79,0.14,Resistência Forte,0,0
2023-11-17,3.85,4.48,4.86,5.18,5.49,5.93,6.50,7.22,8.14,0.82,0.79,0.18,Resistência Forte,0,0
2023-11-20,3.85,4.48,4.86,5.18,5.49,5.93,6.50,7.22,8.14,0.68,0.62,0.11,Resistência,0,0
2023-11-21,3.85,4.48,4.86,5.18,5.49,5.93,6.50,7.22,8.14,0.80,0.79,0.20,Resistência Forte,0,1
2023-11-22,3.85,4.48,4.86,5.18,5.49,5.93,6.50,7.22,8.14,0.88,0.79,0.12,Resistência Forte,0,0
2023-11-24,3.85,4.48,4.86,5.18,5.49,5.93,6.50,7.22,8.14,0.89,0.79,0.11,Resistência Forte,0,0
2023-11-27,3.85,4.52,4.94,5.28,5.61,6.09,6.70,7.48,8.46,0.97,0.79,0.03,Resistência Forte,0,0
2023-11-28,3.85,4.52,4.94,5.28,5.61,6.09,6.70,7.48,8.46,0.80,0.79,0.20,Resistência Forte,0,1
2023-11-29,4.10,4.71,5.09,5.40,5.71,6.14,6.70,7.41,8.31,0.78,0.62,0.01,Resistência,0,1
2023-11-30,4.57,5.07,5.38,5.64,5.89,6.24,6.70,7.28,8.02,0.74,0.62,0.05,Resistência,0,0
2023-12-01,4.96,5.37,5.62,5.83,6.04,6.33,6.70,7.17,7.78,0.71,0.62,0.08,Resistência,0,0
2023-12-04,5.14,5.51,5.74,5.92,6.10,6.37,6.70,7.12,7.66,0.79,0.79,0.21,Resistência Forte,0,1
2023-12-05,5.14,5.51,5.74,5.92,6.10,6.37,6.70,7.12,7.66,0.88,0.79,0.12,Resistência Forte,0,0
2023-12-06,5.14,5.54,5.79,5.98,6.18,6.47,6.83,7.29,7.87,0.86,0.79,0.14,Resistência Forte,0,0
2023-12-07,5.14,5.56,5.82,6.02,6.23,6.53,6.91,7.39,8.00,0.90,0.79,0.10,Resistência Forte,0,0
2023-12-08,5.14,5.56,5.82,6.02,6.23,6.53,6.91,7.39,8.00,0.89,0.79,0.11,Resistência Forte,0,0
2023-12-11,5.14,5.56,5.82,6.02,6.23,6.53,6.91,7.39,8.00,0.84,0.79,0.16,Resistência Forte,0,0
2023-12-12,5.14,5.56,5.82,6.02,6.23,6.53,6.91,7.39,8.00,0.80,0.79,0.20,Resistência Forte,0,1
2023-12-13,5.14,5.56,5.82,6.02,6.23,6.53,6.91,7.39,8.00,0.83,0.79,0.17,Resistência Forte,0,0
2023-12-14,5.14,5.56,5.82,6.02,6.23,6.53,6.91,7.39,8.00,0.80,0.79,0.20,Resistência Forte,0,1
2023-12-15,5.15,5.57,5.82,6.03,6.24,6.53,6.91,7.39,8.00,0.67,0.62,0.12,Resistência,0,0
2023-12-18,5.15,5.57,5.82,6.03,6.24,6.53,6.91,7.39,8.00,0.59,0.50,0.03,Zona de Consolidação,1,0
2023-12-19,5.15,5.57,5.82,6.03,6.24,6.53,6.91,7.39,8.00,0.67,0.62,0.12,Resistência,0,0
2023-12-20,5.15,5.57,5.82,6.03,6.24,6.53,6.91,7.39,8.00,0.58,0.50,0.04,Zona de Consolidação,0,0
2023-12-21,5.17,5.58,5.83,6.04,6.25,6.54,6.91,7.38,7.99,0.56,0.50,0.06,Zona de Consolidação,0,0
2023-12-22,5.19,5.60,5.85,6.05,6.25,6.54,6.91,7.38,7.97,0.61,0.50,0.01,Zona de Consolidação,1,0
2023-12-26,5.19,5.60,5.85,6.05,6.25,6.54,6.91,7.38,7.97,0.56,0.50,0.06,Zona de Consolidação,0,0
2023-12-27,5.20,5.60,5.85,6.06,6.26,6.54,6.91,7.38,7.97,0.47,0.38,0.03,Zona de Consolidação,0,0
2023-12-28,5.20,5.60,5.85,6.06,6.26,6.54,6.91,7.38,7.97,0.44,0.38,0.06,Zona de Consolidação,0,0
2023-12-29,5.20,5.60,5.85,6.06,6.26,6.54,6.91,7.38,7.97,0.35,0.24,0.03,Suporte,1,0
2024-01-02,5.20,5.60,5.85,6.06,6.26,6.54,6.91,7.38,7.97,0.47,0.38,0.03,Zona de Consolidação,0,0
2024-01-03,5.20,5.60,5.85,6.06,6.26,6.54,6.91,7.38,7.97,0.40,0.38,0.10,Zona de Consolidação,1,0
2024-01-04,5.20,5.60,5.85,6.06,6.26,6.54,6.91,7.38,7.97,0.40,0.38,0.10,Zona de Consolidação,1,0
2024-01-05,5.20,5.60,5.85,6.06,6.26,6.54,6.91,7.38,7.97,0.42,0.38,0.08,Zona de Consolidação,0,0
2024-01-08,5.20,5.60,5.85,6.06,6.26,6.54,6.91,7.38,7.97,0.32,0.24,0.06,Suporte,0,0
2024-01-09,5.20,5.60,5.85,6.06,6.26,6.54,6.91,7.38,7.97,0.34,0.24,0.04,Suporte,0,0
2024-01-10,5.20,5.60,5.85,6.06,6.26,6.54,6.91,7.38,7.97,0.46,0.38,0.04,Zona de Consolidação,0,0
2024-01-11,5.20,5.60,5.85,6.06,6.26,6.54,6.91,7.38,7.97,0.45,0.38,0.05,Zona de Consolidação,0,0
2024-01-12,5.20,5.60,5.85,6.06,6.26,6.54,6.91,7.38,7.97,0.35,0.24,0.03,Suporte,1,0
2024-01-16,4.97,5.43,5.71,5.94,6.17,6.49,6.91,7.44,8.11,0.08,0.00,0.16,Suporte Forte,0,0
2024-01-17,4.91,5.38,5.67,5.91,6.15,6.48,6.91,7.45,8.15,0.02,0.00,0.22,Suporte Forte,0,0
2024-01-18,4.90,5.37,5.67,5.90,6.14,6.48,6.91,7.46,8.15,0.01,0.00,0.23,Suporte Forte,0,0
2024-01-19,4.73,5.24,5.56,5.82,6.08,6.44,6.91,7.50,8.26,0.00,0.00,0.24,Suporte Forte,0,0
2024-01-22,4.55,5.11,5.45,5.73,6.01,6.40,6.91,7.55,8.37,0.02,0.00,0.22,Suporte Forte,0,0
2024-01-23,4.55,5.11,5.45,5.73,6.01,6.40,6.91,7.55,8.37,0.05,0.00,0.19,Suporte Forte,0,0
2024-01-24,4.55,5.11,5.45,5.73,6.01,6.40,6.91,7.55,8.37,0.03,0.00,0.21,Suporte Forte,0,0
2024-01-25,4.55,5.11,5.45,5.73,6.01,6.40,6.91,7.55,8.37,0.03,0.00,0.21,Suporte Forte,0,0
2024-01-26,4.55,5.11,5.45,5.73,6.01,6.40,6.91,7.55,8.37,0.00,0.00,0.24,Suporte Forte,0,0
2024-01-29,4.47,5.05,5.40,5.69,5.98,6.39,6.91,7.57,8.42,0.03,0.00,0.21,Suporte Forte,0,0
2024-01-30,4.47,5.05,5.40,5.69,5.98,6.39,6.91,7.57,8.42,0.06,0.00,0.18,Suporte Forte,0,0
2024-01-31,4.47,5.05,5.40,5.69,5.98,6.39,6.91,7.57,8.42,0.01,0.00,0.23,Suporte Forte,0,0
2024-02-01,4.43,5.02,5.38,5.67,5.96,6.38,6.91,7.58,8.44,0.04,0.00,0.20,Suporte Forte,0,0
2024-02-02,4.41,5.00,5.36,5.66,5.96,6.38,6.91,7.59,8.46,0.05,0.00,0.19,Suporte Forte,0,0
2024-02-05,4.29,4.91,5.29,5.60,5.91,6.35,6.91,7.62,8.53,0.04,0.00,0.20,Suporte Forte,0,0
2024-02-06,4.29,4.91,5.29,5.60,5.91,6.35,6.91,7.62,8.53,0.14,0.00,0.10,Suporte Forte,0,0
2024-02-07,4.29,4.91,5.29,5.60,5.91,6.35,6.91,7.62,8.53,0.08,0.00,0.16,Suporte Forte,0,0
2024-02-08,4.29,4.91,5.29,5.60,5.91,6.35,6.91,7.62,8.53,0.12,0.00,0.12,Suporte Forte,0,0
2024-02-09,4.29,4.91,5.29,5.60,5.91,6.35,6.91,7.62,8.53,0.19,0.00,0.05,Suporte Forte,0,0
2024-02-12,4.29,4.91,5.29,5.60,5.91,6.35,6.91,7.62,8.53,0.23,0.00,0.01,Suporte Forte,0,0
2024-02-13,4.29,4.91,5.29,5.60,5.91,6.35,6.91,7.62,8.53,0.13,0.00,0.11,Suporte Forte,0,0
2024-02-14,4.29,4.91,5.29,5.60,5.91,6.35,6.91,7.62,8.53,0.16,0.00,0.08,Suporte Forte,0,0
2024-02-15,4.29,4.91,5.29,5.60,5.91,6.35,6.91,7.62,8.53,0.11,0.00,0.13,Suporte Forte,0,0
2024-02-16,4.20,4.84,5.24,5.56,5.87,6.33,6.91,7.65,8.58,0.07,0.00,0.17,Suporte Forte,0,0
2024-02-20,4.13,4.79,5.19,5.52,5.85,6.32,6.91,7.67,8.63,0.13,0.00,0.11,Suporte Forte,0,0
2024-02-21,4.13,4.78,5.19,5.52,5.84,6.31,6.90,7.65,8.61,0.15,0.00,0.09,Suporte Forte,0,0
2024-02-22,4.13,4.78,5.19,5.52,5.84,6.31,6.90,7.65,8.61,0.03,0.00,0.21,Suporte Forte,0,0
2024-02-23,4.13,4.75,5.13,5.44,5.76,6.20,6.76,7.48,8.39,0.07,0.00,0.17,Suporte Forte,0,0
2024-02-26,4.13,4.73,5.11,5.41,5.71,6.14,6.69,7.39,8.27,0.05,0.00,0.19,Suporte Forte,0,0
2024-02-27,4.13,4.73,5.11,5.41,5.71,6.14,6.69,7.39,8.27,0.02,0.00,0.22,Suporte Forte,0,0
2024-02-28,4.13,4.72,5.08,5.38,5.68,6.10,6.63,7.31,8.18,0.03,0.00,0.21,Suporte Forte,0,0
2024-02-29,4.13,4.69,5.04,5.32,5.61,6.01,6.52,7.17,8.00,0.01,0.00,0.23,Suporte Forte,0,0
2024-03-01,4.13,4.69,5.04,5.32,5.61,6.01,6.52,7.17,8.00,0.05,0.00,0.19,Suporte Forte,0,0
2024-03-04,4.13,4.69,5.04,5.32,5.61,6.01,6.52,7.17,8.00,0.05,0.00,0.19,Suporte Forte,0,0
2024-03-05,3.98,4.55,4.90,5.18,5.47,5.87,6.39,7.05,7.88,0.00,0.00,0.24,Suporte Forte,0,0
2024-03-06,3.65,4.30,4.70,5.02,5.34,5.80,6.39,7.14,8.08,0.01,0.00,0.23,Suporte Forte,0,0
2024-03-07,3.51,4.19,4.61,4.95,5.29,5.77,6.39,7.17,8.17,0.01,0.00,0.23,Suporte Forte,0,0
2024-03-08,3.46,4.12,4.53,4.86,5.19,5.66,6.26,7.02,7.99,0.12,0.00,0.12,Suporte Forte,0,0
2024-03-11,3.46,4.12,4.53,4.86,5.19,5.66,6.26,7.02,7.99,0.19,0.00,0.05,Suporte Forte,0,0
2024-03-12,3.46,4.12,4.53,4.86,5.19,5.66,6.26,7.02,7.99,0.25,0.24,0.13,Suporte,0,0
2024-03-13,3.46,4.12,4.53,4.86,5.19,5.66,6.26,7.02,7.99,0.22,0.00,0.02,Suporte Forte,0,0
2024-03-14,3.46,4.12,4.53,4.86,5.19,5.66,6.26,7.02,7.99,0.16,0.00,0.08,Suporte Forte,0,0
2024-03-15,3.46,4.12,4.53,4.86,5.19,5.66,6.26,7.02,7.99,0.13,0.00,0.11,Suporte Forte,0,0
2024-03-18,3.46,4.12,4.53,4.86,5.19,5.66,6.26,7.02,7.99,0.09,0.00,0.15,Suporte Forte,0,0
2024-03-19,3.46,4.09,4.48,4.80,5.11,5.56,6.13,6.86,7.78,0.10,0.00,0.14,Suporte Forte,0,0
2024-03-20,3.46,4.09,4.48,4.80,5.11,5.56,6.13,6.86,7.78,0.04,0.00,0.20,Suporte Forte,0,0
2024-03-21,3.46,4.09,4.48,4.80,5.11,5.56,6.13,6.86,7.78,0.06,0.00,0.18,Suporte Forte,0,0
2024-03-22,3.46,4.07,4.45,4.76,5.06,5.50,6.05,6.75,7.65,0.14,0.00,0.10,Suporte Forte,0,0
2024-03-25,3.46,4.07,4.45,4.76,5.06,5.50,6.05,6.75,7.65,0.16,0.00,0.08,Suporte Forte,0,0
2024-03-26,3.46,4.03,4.38,4.67,4.96,5.36,5.88,6.54,7.38,0.17,0.00,0.07,Suporte Forte,0,0
2024-03-27,3.46,3.93,4.22,4.46,4.69,5.02,5.45,5.99,6.68,0.23,0.00,0.01,Suporte Forte,0,0
2024-03-28,3.46,3.84,4.07,4.26,4.45,4.72,5.06,5.50,6.05,0.34,0.24,0.04,Suporte,0,0
2024-04-01,3.46,3.82,4.04,4.22,4.39,4.65,4.97,5.38,5.90,0.28,0.24,0.10,Suporte,0,0
2024-04-02,3.46,3.82,4.04,4.22,4.39,4.65,4.97,5.38,5.90,0.36,0.24,0.02,Suporte,1,0
2024-04-03,3.46,3.82,4.04,4.22,4.39,4.65,4.97,5.38,5.90,0.39,0.38,0.11,Zona de Consolidação,1,0
2024-04-04,3.46,3.82,4.04,4.22,4.39,4.65,4.97,5.38,5.90,0.32,0.24,0.06,Suporte,0,0
2024-04-05,3.46,3.82,4.04,4.22,4.39,4.65,4.97,5.38,5.90,0.19,0.00,0.05,Suporte Forte,0,0
2024-04-08,3.46,3.82,4.04,4.22,4.39,4.65,4.97,5.38,5.90,0.25,0.24,0.13,Suporte,0,0
2024-04-09,3.46,3.82,4.04,4.22,4.39,4.65,4.97,5.38,5.90,0.24,0.24,0.14,Suporte,0,0
2024-04-10,3.46,3.82,4.04,4.22,4.39,4.65,4.97,5.38,5.90,0.20,0.00,0.04,Suporte Forte,0,0
2024-04-11,3.46,3.82,4.04,4.22,4.39,4.65,4.97,5.38,5.90,0.11,0.00,0.13,Suporte Forte,0,0
2024-04-12,3.21,3.63,3.88,4.09,4.30,4.59,4.97,5.45,6.06,0.03,0.00,0.21,Suporte Forte,0,0
2024-04-15,3.21,3.63,3.88,4.09,4.30,4.59,4.97,5.45,6.06,0.02,0.00,0.22,Suporte Forte,0,0
2024-04-16,3.20,3.62,3.88,4.08,4.29,4.59,4.97,5.45,6.06,0.00,0.00,0.24,Suporte Forte,0,0
2024-04-17,3.20,3.62,3.88,4.08,4.29,4.59,4.97,5.45,6.06,0.06,0.00,0.18,Suporte Forte,0,0
2024-04-18,3.20,3.62,3.88,4.08,4.29,4.59,4.97,5.45,6.06,0.03,0.00,0.21,Suporte Forte,0,0
2024-04-19,3.20,3.62,3.88,4.08,4.29,4.59,4.97,5.45,6.06,0.03,0.00,0.21,Suporte Forte,0,0
2024-04-22,3.20,3.62,3.88,4.08,4.29,4.59,4.97,5.45,6.06,0.10,0.00,0.14,Suporte Forte,0,0
2024-04-23,3.20,3.62,3.88,4.08,4.29,4.59,4.97,5.45,6.06,0.07,0.00,0.17,Suporte Forte,0,0
2024-04-24,3.20,3.60,3.85,4.05,4.25,4.54,4.90,5.36,5.95,0.04,0.00,0.20,Suporte Forte,0,0
2024-04-25,3.10,3.51,3.76,3.96,4.16,4.45,4.82,5.29,5.88,0.00,0.00,0.24,Suporte Forte,0,0
2024-04-26,3.03,3.45,3.71,3.92,4.14,4.44,4.82,5.31,5.93,0.01,0.00,0.23,Suporte Forte,0,0
2024-04-29,3.02,3.41,3.65,3.85,4.05,4.32,4.68,5.13,5.71,0.04,0.00,0.20,Suporte Forte,0,0
2024-04-30,3.02,3.41,3.65,3.84,4.04,4.32,4.67,5.12,5.69,0.02,0.00,0.22,Suporte Forte,0,0
2024-05-01,3.01,3.40,3.64,3.84,4.04,4.31,4.67,5.12,5.70,0.03,0.00,0.21,Suporte Forte,0,0
2024-05-02,3.01,3.38,3.60,3.78,3.97,4.23,4.56,4.98,5.52,0.03,0.00,0.21,Suporte Forte,0,0
2024-05-03,3.01,3.34,3.55,3.72,3.88,4.12,4.42,4.80,5.29,0.04,0.00,0.20,Suporte Forte,0,0
2024-05-06,3.01,3.34,3.55,3.72,3.88,4.12,4.42,4.80,5.29,0.13,0.00,0.11,Suporte Forte,0,0
2024-05-07,2.99,3.32,3.52,3.68,3.85,4.08,4.38,4.76,5.24,0.10,0.00,0.14,Suporte Forte,0,0
2024-05-08,2.99,3.31,3.50,3.66,3.82,4.04,4.33,4.69,5.16,0.13,0.00,0.11,Suporte Forte,0,0
2024-05-09,2.99,3.31,3.50,3.66,3.82,4.04,4.33,4.69,5.16,0.06,0.00,0.18,Suporte Forte,0,0
2024-05-10,2.99,3.31,3.50,3.66,3.82,4.04,4.33,4.69,5.16,0.02,0.00,0.22,Suporte Forte,0,0
2024-05-13,2.99,3.29,3.48,3.64,3.79,4.00,4.28,4.63,5.08,0.10,0.00,0.14,Suporte Forte,0,0
2024-05-14,2.99,3.29,3.47,3.62,3.77,3.98,4.25,4.59,5.03,0.13,0.00,0.11,Suporte Forte,0,0
2024-05-15,2.99,3.28,3.47,3.62,3.76,3.97,4.24,4.58,5.01,0.10,0.00,0.14,Suporte Forte,0,0
2024-05-16,2.87,3.19,3.39,3.56,3.72,3.95,4.24,4.61,5.09,0.04,0.00,0.20,Suporte Forte,0,0
2024-05-17,2.87,3.19,3.39,3.56,3.72,3.95,4.24,4.61,5.09,0.20,0.00,0.04,Suporte Forte,0,0
2024-05-20,2.87,3.19,3.39,3.56,3.72,3.95,4.24,4.61,5.09,0.18,0.00,0.06,Suporte Forte,0,0
2024-05-21,2.87,3.19,3.39,3.55,3.71,3.94,4.23,4.60,5.07,0.18,0.00,0.06,Suporte Forte,0,0
2024-05-22,2.87,3.19,3.39,3.55,3.71,3.94,4.23,4.60,5.07,0.24,0.24,0.14,Suporte,0,0
2024-05-23,2.87,3.17,3.36,3.52,3.67,3.88,4.16,4.51,4.96,0.21,0.00,0.03,Suporte Forte,0,0
2024-05-24,2.87,3.17,3.36,3.51,3.66,3.88,4.15,4.50,4.94,0.18,0.00,0.06,Suporte Forte,0,0
2024-05-28,2.87,3.17,3.36,3.51,3.66,3.88,4.15,4.50,4.94,0.16,0.00,0.08,Suporte Forte,0,0
2024-05-29,2.87,3.17,3.36,3.51,3.66,3.88,4.15,4.50,4.94,0.04,0.00,0.20,Suporte Forte,0,0
2024-05-30,2.87,3.17,3.36,3.51,3.66,3.88,4.15,4.50,4.94,0.02,0.00,0.22,Suporte Forte,0,0
2024-05-31,2.82,3.13,3.33,3.49,3.64,3.87,4.15,4.51,4.97,0.03,0.00,0.21,Suporte Forte,0,0
2024-06-03,2.82,3.13,3.33,3.49,3.64,3.87,4.15,4.51,4.97,0.07,0.00,0.17,Suporte Forte,0,0
2024-06-04,2.73,3.07,3.27,3.44,3.61,3.85,4.15,4.54,5.03,0.05,0.00,0.19,Suporte Forte,0,0
2024-06-05,2.73,3.07,3.27,3.44,3.61,3.85,4.15,4.54,5.03,0.11,0.00,0.13,Suporte Forte,0,0
2024-06-06,2.73,3.07,3.27,3.44,3.61,3.85,4.15,4.54,5.03,0.06,0.00,0.18,Suporte Forte,0,0
2024-06-07,2.73,3.07,3.27,3.44,3.61,3.85,4.15,4.54,5.03,0.10,0.00,0.14,Suporte Forte,0,0
2024-06-10,2.73,3.06,3.26,3.42,3.58,3.81,4.11,4.49,4.96,0.09,0.00,0.15,Suporte Forte,0,0
2024-06-11,2.73,3.06,3.26,3.42,3.58,3.81,4.11,4.49,4.96,0.06,0.00,0.18,Suporte Forte,0,0
2024-06-12,2.73,3.05,3.24,3.40,3.56,3.78,4.07,4.43,4.90,0.10,0.00,0.14,Suporte Forte,0,0
2024-06-13,2.73,3.04,3.24,3.39,3.55,3.78,4.06,4.42,4.88,0.15,0.00,0.09,Suporte Forte,0,0
2024-06-14,2.73,3.00,3.17,3.30,3.44,3.63,3.88,4.19,4.59,0.15,0.00,0.09,Suporte Forte,0,0
2024-06-17,2.73,3.00,3.17,3.30,3.44,3.63,3.88,4.19,4.59,0.13,0.00,0.11,Suporte Forte,0,0
2024-06-18,2.73,3.00,3.17,3.30,3.44,3.63,3.88,4.19,4.59,0.08,0.00,0.16,Suporte Forte,0,0
2024-06-20,2.73,2.99,3.15,3.28,3.42,3.60,3.84,4.14,4.53,0.10,0.00,0.14,Suporte Forte,0,0
2024-06-21,2.73,2.99,3.15,3.28,3.41,3.59,3.83,4.13,4.51,0.12,0.00,0.12,Suporte Forte,0,0
2024-06-24,2.73,2.98,3.13,3.26,3.39,3.56,3.79,4.08,4.45,0.05,0.00,0.19,Suporte Forte,0,0
2024-06-25,2.73,2.90,3.01,3.09,3.17,3.30,3.45,3.65,3.89,0.18,0.00,0.06,Suporte Forte,0,0
2024-06-26,2.73,2.90,3.01,3.09,3.17,3.30,3.45,3.65,3.89,0.18,0.00,0.06,Suporte Forte,0,0
2024-06-27,2.73,2.90,3.01,3.09,3.17,3.30,3.45,3.65,3.89,0.31,0.24,0.07,Suporte,0,0
2024-06-28,2.73,2.90,3.01,3.09,3.17,3.30,3.45,3.65,3.89,0.25,0.24,0.13,Suporte,0,0
2024-07-01,2.73,2.90,3.01,3.09,3.17,3.30,3.45,3.65,3.89,0.17,0.00,0.07,Suporte Forte,0,0
2024-07-02,2.73,2.90,3.01,3.09,3.17,3.30,3.45,3.65,3.89,0.10,0.00,0.14,Suporte Forte,0,0
2024-07-03,2.73,2.90,3.01,3.09,3.17,3.30,3.45,3.65,3.89,0.12,0.00,0.12,Suporte Forte,0,0
2024-07-05,2.73,2.90,3.01,3.09,3.17,3.30,3.45,3.65,3.89,0.10,0.00,0.14,Suporte Forte,0,0
2024-07-08,2.73,2.87,2.95,3.02,3.09,3.19,3.31,3.47,3.67,0.16,0.00,0.08,Suporte Forte,0,0
2024-07-09,2.73,2.87,2.95,3.02,3.09,3.19,3.31,3.47,3.67,0.14,0.00,0.10,Suporte Forte,0,0
2024-07-10,2.73,2.87,2.95,3.02,3.09,3.19,3.31,3.47,3.67,0.10,0.00,0.14,Suporte Forte,0,0
2024-07-11,2.73,2.87,2.95,3.02,3.09,3.19,3.31,3.47,3.67,0.16,0.00,0.08,Suporte Forte,0,0
2024-07-12,2.73,2.87,2.95,3.02,3.09,3.19,3.31,3.47,3.67,0.29,0.24,0.09,Suporte,0,0
2024-07-15,2.73,2.87,2.95,3.02,3.09,3.19,3.31,3.47,3.67,0.19,0.00,0.05,Suporte Forte,0,0
2024-07-16,2.73,2.87,2.95,3.02,3.09,3.19,3.31,3.47,3.67,0.14,0.00,0.10,Suporte Forte,0,0
2024-07-17,2.73,2.87,2.95,3.02,3.09,3.19,3.31,3.47,3.67,0.28,0.24,0.10,Suporte,0,0
2024-07-18,2.73,2.87,2.95,3.02,3.09,3.19,3.31,3.47,3.67,0.22,0.00,0.02,Suporte Forte,0,0
2024-07-19,2.73,2.87,2.95,3.02,3.09,3.19,3.31,3.47,3.67,0.22,0.00,0.02,Suporte Forte,0,0
2024-07-22,2.73,3.05,3.25,3.42,3.58,3.81,4.10,4.47,4.95,0.54,0.50,0.08,Zona de Consolidação,0,0
2024-07-23,2.73,3.05,3.25,3.42,3.58,3.81,4.10,4.47,4.95,0.67,0.62,0.12,Resistência,0,0
2024-07-24,2.73,3.05,3.25,3.42,3.58,3.81,4.10,4.47,4.95,0.42,0.38,0.08,Zona de Consolidação,0,0
2024-07-25,2.73,3.05,3.25,3.42,3.58,3.81,4.10,4.47,4.95,0.53,0.50,0.09,Zona de Consolidação,0,0
2024-07-26,2.73,3.05,3.25,3.42,3.58,3.81,4.10,4.47,4.95,0.61,0.50,0.01,Zona de Consolidação,1,0
2024-07-29,2.73,3.05,3.25,3.42,3.58,3.81,4.10,4.47,4.95,0.58,0.50,0.04,Zona de Consolidação,0,0
2024-07-30,2.73,3.05,3.25,3.42,3.58,3.81,4.10,4.47,4.95,0.50,0.50,0.12,Zona de Consolidação,0,0
2024-07-31,2.73,3.05,3.25,3.42,3.58,3.81,4.10,4.47,4.95,0.72,0.62,0.07,Resistência,0,0
2024-08-01,2.73,3.05,3.25,3.42,3.58,3.81,4.10,4.47,4.95,0.54,0.50,0.08,Zona de Consolidação,0,0
2024-08-02,2.73,3.05,3.25,3.42,3.58,3.81,4.10,4.47,4.95,0.47,0.38,0.03,Zona de Consolidação,0,0
2024-08-05,2.73,3.05,3.25,3.42,3.58,3.81,4.10,4.47,4.95,0.53,0.50,0.09,Zona de Consolidação,0,0
2024-08-06,2.73,3.05,3.25,3.42,3.58,3.81,4.10,4.47,4.95,0.47,0.38,0.03,Zona de Consolidação,0,0
2024-08-07,2.73,3.05,3.25,3.42,3.58,3.81,4.10,4.47,4.95,0.53,0.50,0.09,Zona de Consolidação,0,0
2024-08-08,2.73,3.05,3.25,3.42,3.58,3.81,4.10,4.47,4.95,0.49,0.38,0.01,Zona de Consolidação,0,0
2024-08-09,2.73,3.05,3.25,3.42,3.58,3.81,4.10,4.47,4.95,0.49,0.38,0.01,Zona de Consolidação,0,0
2024-08-12,2.73,3.05,3.25,3.42,3.58,3.81,4.10,4.47,4.95,0.53,0.50,0.09,Zona de Consolidação,0,0
2024-08-13,2.73,3.05,3.25,3.42,3.58,3.81,4.10,4.47,4.95,0.49,0.38,0.01,Zona de Consolidação,0,0
2024-08-14,2.73,3.05,3.25,3.42,3.58,3.81,4.10,4.47,4.95,0.48,0.38,0.02,Zona de Consolidação,0,0
2024-08-15,2.78,3.09,3.28,3.44,3.60,3.82,4.10,4.46,4.92,0.30,0.24,0.08,Suporte,0,0
2024-08-16,2.78,3.09,3.28,3.44,3.60,3.82,4.10,4.46,4.92,0.30,0.24,0.08,Suporte,0,0
2024-08-19,2.78,3.09,3.28,3.44,3.60,3.82,4.10,4.46,4.92,0.24,0.24,0.14,Suporte,0,0
2024-08-20,2.78,3.09,3.28,3.44,3.60,3.82,4.10,4.46,4.92,0.25,0.24,0.13,Suporte,0,0
2024-08-21,2.78,3.09,3.28,3.44,3.60,3.82,4.10,4.46,4.92,0.27,0.24,0.11,Suporte,0,0
2024-08-22,2.78,3.09,3.28,3.44,3.60,3.82,4.10,4.46,4.92,0.20,0.00,0.04,Suporte Forte,0,0
2024-08-23,2.78,3.09,3.28,3.44,3.60,3.82,4.10,4.46,4.92,0.27,0.24,0.11,Suporte,0,0
2024-08-26,2.78,3.09,3.28,3.44,3.60,3.82,4.10,4.46,4.92,0.30,0.24,0.08,Suporte,0,0
2024-08-27,2.78,3.09,3.28,3.44,3.60,3.82,4.10,4.46,4.92,0.30,0.24,0.08,Suporte,0,0
2024-08-28,2.78,3.09,3.28,3.44,3.60,3.82,4.10,4.46,4.92,0.25,0.24,0.13,Suporte,0,0
2024-08-29,2.78,3.09,3.28,3.44,3.60,3.82,4.10,4.46,4.92,0.36,0.24,0.02,Suporte,1,0
2024-08-30,2.78,3.09,3.28,3.44,3.60,3.82,4.10,4.46,4.92,0.24,0.24,0.14,Suporte,0,0
2024-09-03,2.78,3.09,3.28,3.44,3.60,3.82,4.10,4.46,4.92,0.27,0.24,0.11,Suporte,0,0
2024-09-04,2.78,3.09,3.28,3.44,3.60,3.82,4.10,4.46,4.92,0.24,0.24,0.14,Suporte,0,0
2024-09-05,2.78,3.09,3.28,3.44,3.60,3.82,4.10,4.46,4.92,0.28,0.24,0.10,Suporte,0,0
2024-09-06,2.78,3.09,3.28,3.44,3.60,3.82,4.10,4.46,4.92,0.24,0.24,0.14,Suporte,0,0
2024-09-09,2.78,3.09,3.28,3.44,3.60,3.82,4.10,4.46,4.92,0.13,0.00,0.11,Suporte Forte,0,0
2024-09-10,2.78,3.09,3.28,3.44,3.60,3.82,4.10,4.46,4.92,0.24,0.24,0.14,Suporte,0,0
2024-09-11,2.78,3.09,3.28,3.44,3.60,3.82,4.10,4.46,4.92,0.18,0.00,0.06,Suporte Forte,0,0
2024-09-12,2.78,3.09,3.28,3.44,3.60,3.82,4.10,4.46,4.92,0.21,0.00,0.03,Suporte Forte,0,0
2024-09-13,2.78,3.09,3.28,3.44,3.60,3.82,4.10,4.46,4.92,0.19,0.00,0.05,Suporte Forte,0,0
2024-09-16,2.78,3.09,3.28,3.44,3.60,3.82,4.10,4.46,4.92,0.20,0.00,0.04,Suporte Forte,0,0
2024-09-17,2.78,3.09,3.28,3.44,3.60,3.82,4.10,4.46,4.92,0.17,0.00,0.07,Suporte Forte,0,0
2024-09-18,2.78,3.09,3.28,3.44,3.60,3.82,4.10,4.46,4.92,0.20,0.00,0.04,Suporte Forte,0,0
2024-09-19,2.78,3.09,3.28,3.44,3.60,3.82,4.10,4.46,4.92,0.27,0.24,0.11,Suporte,0,0
2024-09-20,2.78,3.09,3.28,3.44,3.60,3.82,4.10,4.46,4.92,0.15,0.00,0.09,Suporte Forte,0,0
2024-09-23,2.78,3.09,3.28,3.44,3.60,3.82,4.10,4.46,4.92,0.11,0.00,0.13,Suporte Forte,0,0
2024-09-24,2.78,3.09,3.28,3.44,3.60,3.82,4.10,4.46,4.92,0.13,0.00,0.11,Suporte Forte,0,0
2024-09-25,2.82,3.12,3.31,3.46,3.61,3.83,4.10,4.45,4.89,0.03,0.00,0.21,Suporte Forte,0,0
2024-09-26,2.83,3.13,3.32,3.46,3.61,3.83,4.10,4.45,4.88,0.06,0.00,0.18,Suporte Forte,0,0
2024-09-27,2.83,3.13,3.32,3.46,3.61,3.83,4.10,4.45,4.88,0.06,0.00,0.18,Suporte Forte,0,0
2024-09-30,2.81,3.11,3.30,3.46,3.61,3.82,4.10,4.45,4.90,0.03,0.00,0.21,Suporte Forte,0,0
2024-10-01,2.80,3.02,3.16,3.27,3.38,3.54,3.74,4.00,4.32,0.00,0.00,0.24,Suporte Forte,0,0
2024-10-02,2.75,2.98,3.12,3.23,3.34,3.50,3.71,3.97,4.30,0.00,0.00,0.24,Suporte Forte,0,0
2024-10-03,2.75,2.98,3.12,3.23,3.34,3.50,3.71,3.97,4.30,0.00,0.00,0.24,Suporte Forte,0,0
2024-10-04,2.75,2.98,3.12,3.23,3.34,3.50,3.71,3.97,4.30,0.06,0.00,0.18,Suporte Forte,0,0
2024-10-07,2.75,2.98,3.12,3.23,3.34,3.50,3.71,3.97,4.30,0.02,0.00,0.22,Suporte Forte,0,0
2024-10-08,2.71,2.95,3.09,3.21,3.33,3.50,3.71,3.98,4.33,0.00,0.00,0.24,Suporte Forte,0,0
2024-10-09,2.61,2.87,3.03,3.16,3.29,3.47,3.71,4.01,4.39,0.06,0.00,0.18,Suporte Forte,0,0
2024-10-10,2.61,2.86,3.01,3.14,3.27,3.44,3.67,3.96,4.33,0.08,0.00,0.16,Suporte Forte,0,0
2024-10-11,2.61,2.84,2.98,3.09,3.20,3.36,3.57,3.83,4.16,0.09,0.00,0.15,Suporte Forte,0,0
2024-10-14,2.61,2.84,2.98,3.09,3.20,3.36,3.57,3.83,4.16,0.06,0.00,0.18,Suporte Forte,0,0
2024-10-15,2.61,2.84,2.98,3.09,3.20,3.36,3.57,3.83,4.16,0.10,0.00,0.14,Suporte Forte,0,0
2024-10-16,2.61,2.84,2.98,3.09,3.20,3.36,3.57,3.83,4.16,0.17,0.00,0.07,Suporte Forte,0,0
2024-10-17,2.61,2.82,2.95,3.06,3.16,3.31,3.50,3.74,4.05,0.16,0.00,0.08,Suporte Forte,0,0
2024-10-18,2.61,2.82,2.95,3.06,3.16,3.31,3.50,3.74,4.05,0.18,0.00,0.06,Suporte Forte,0,0
2024-10-21,2.61,2.82,2.95,3.06,3.16,3.31,3.50,3.74,4.05,0.15,0.00,0.09,Suporte Forte,0,0
2024-10-22,2.61,2.81,2.93,3.04,3.14,3.28,3.46,3.69,3.99,0.16,0.00,0.08,Suporte Forte,0,0
2024-10-23,2.61,2.81,2.93,3.04,3.14,3.28,3.46,3.69,3.99,0.15,0.00,0.09,Suporte Forte,0,0
2024-10-24,2.61,2.81,2.93,3.04,3.14,3.28,3.46,3.69,3.99,0.15,0.00,0.09,Suporte Forte,0,0
2024-10-25,2.61,2.79,2.90,2.99,3.08,3.21,3.37,3.58,3.84,0.16,0.00,0.08,Suporte Forte,0,0
2024-10-28,2.61,2.78,2.89,2.97,3.05,3.18,3.33,3.53,3.77,0.67,0.62,0.12,Resistência,0,0
2024-10-29,2.61,2.78,2.89,2.97,3.05,3.18,3.33,3.53,3.77,0.78,0.62,0.01,Resistência,0,1
2024-10-30,2.61,2.78,2.89,2.97,3.05,3.18,3.33,3.53,3.77,0.69,0.62,0.10,Resistência,0,0
2024-10-31,2.61,2.78,2.89,2.97,3.05,3.18,3.33,3.53,3.77,0.68,0.62,0.11,Resistência,0,0
2024-11-01,2.61,2.78,2.89,2.97,3.05,3.18,3.33,3.53,3.77,0.64,0.62,0.15,Resistência,1,0
2024-11-04,2.61,2.78,2.89,2.97,3.05,3.18,3.33,3.53,3.77,0.63,0.62,0.16,Resistência,1,0
2024-11-05,2.61,2.78,2.89,2.97,3.05,3.18,3.33,3.53,3.77,0.60,0.50,0.02,Zona de Consolidação,1,0
2024-11-06,2.61,2.78,2.89,2.97,3.05,3.18,3.33,3.53,3.77,0.60,0.50,0.02,Zona de Consolidação,1,0
2024-11-07,2.61,2.78,2.89,2.97,3.05,3.18,3.33,3.53,3.77,0.58,0.50,0.04,Zona de Consolidação,1,0
2024-11-08,2.61,2.78,2.89,2.97,3.05,3.18,3.33,3.53,3.77,0.60,0.50,0.02,Zona de Consolidação,1,0
2024-11-11,2.61,2.78,2.89,2.97,3.05,3.18,3.33,3.53,3.77,0.72,0.62,0.07,Resistência,0,0
2024-11-12,2.61,2.77,2.87,2.95,3.03,3.14,3.29,3.47,3.71,0.78,0.62,0.01,Resistência,0,1
2024-11-13,2.61,2.77,2.87,2.95,3.03,3.14,3.29,3.47,3.71,0.62,0.62,0.17,Resistência,1,0
2024-11-14,2.61,2.77,2.87,2.95,3.03,3.14,3.29,3.47,3.71,0.59,0.50,0.03,Zona de Consolidação,1,0
2024-11-15,2.61,2.77,2.87,2.95,3.03,3.14,3.29,3.47,3.71,0.46,0.38,0.04,Zona de Consolidação,0,0
2024-11-18,2.61,2.77,2.87,2.95,3.03,3.14,3.29,3.47,3.71,0.40,0.38,0.10,Zona de Consolidação,1,0
2024-11-19,2.61,2.77,2.87,2.95,3.03,3.14,3.29,3.47,3.71,0.37,0.24,0.01,Suporte,1,0
2024-11-20,2.61,2.77,2.87,2.95,3.03,3.14,3.29,3.47,3.71,0.28,0.24,0.10,Suporte,0,0
2024-11-21,2.61,2.77,2.87,2.95,3.03,3.14,3.29,3.47,3.71,0.29,0.24,0.09,Suporte,0,0
2024-11-22,2.61,2.77,2.87,2.95,3.03,3.14,3.29,3.47,3.71,0.25,0.24,0.13,Suporte,0,0
2024-11-25,2.61,2.77,2.87,2.95,3.03,3.14,3.29,3.47,3.71,0.22,0.00,0.02,Suporte Forte,0,0
2024-11-26,2.61,2.77,2.87,2.95,3.03,3.14,3.29,3.47,3.71,0.34,0.24,0.04,Suporte,0,0
2024-11-27,2.61,2.77,2.87,2.95,3.03,3.14,3.29,3.47,3.71,0.28,0.24,0.10,Suporte,0,0
2024-11-29,2.61,2.77,2.87,2.95,3.03,3.14,3.29,3.47,3.71,0.31,0.24,0.07,Suporte,0,0
2024-12-02,2.61,2.77,2.87,2.95,3.03,3.14,3.29,3.47,3.71,0.21,0.00,0.03,Suporte Forte,0,0
2024-12-03,2.61,2.77,2.87,2.95,3.03,3.14,3.29,3.47,3.71,0.24,0.24,0.14,Suporte,0,0
2024-12-04,2.61,2.77,2.87,2.95,3.03,3.14,3.29,3.47,3.71,0.18,0.00,0.06,Suporte Forte,0,0
2024-12-05,2.61,2.77,2.87,2.95,3.03,3.14,3.29,3.47,3.71,0.13,0.00,0.11,Suporte Forte,0,0
2024-12-06,2.61,2.77,2.87,2.95,3.03,3.14,3.29,3.47,3.71,0.13,0.00,0.11,Suporte Forte,0,0
2024-12-09,2.61,2.77,2.87,2.95,3.03,3.14,3.29,3.47,3.71,0.28,0.24,0.10,Suporte,0,0
2024-12-10,2.61,2.77,2.87,2.95,3.03,3.14,3.29,3.47,3.71,0.28,0.24,0.10,Suporte,0,0
2024-12-11,2.61,2.77,2.87,2.95,3.03,3.14,3.29,3.47,3.71,0.13,0.00,0.11,Suporte Forte,0,0
2024-12-12,2.61,2.77,2.87,2.95,3.03,3.14,3.29,3.47,3.71,0.13,0.00,0.11,Suporte Forte,0,0
2024-12-13,2.61,2.77,2.87,2.95,3.03,3.14,3.29,3.47,3.71,0.13,0.00,0.11,Suporte Forte,0,0
2024-12-16,2.54,2.72,2.83,2.92,3.00,3.13,3.29,3.49,3.75,0.05,0.00,0.19,Suporte Forte,0,0
2024-12-17,2.51,2.69,2.81,2.90,2.99,3.12,3.29,3.50,3.77,0.12,0.00,0.12,Suporte Forte,0,0
2024-12-18,2.48,2.67,2.79,2.88,2.98,3.12,3.29,3.51,3.79,0.05,0.00,0.19,Suporte Forte,0,0
2024-12-19,2.43,2.63,2.76,2.86,2.96,3.11,3.29,3.52,3.82,0.02,0.00,0.22,Suporte Forte,0,0
2024-12-20,2.43,2.63,2.76,2.86,2.96,3.11,3.29,3.52,3.82,0.08,0.00,0.16,Suporte Forte,0,0
2024-12-23,2.30,2.53,2.68,2.80,2.91,3.08,3.29,3.56,3.90,0.06,0.00,0.18,Suporte Forte,0,0
2024-12-24,2.30,2.53,2.68,2.80,2.91,3.08,3.29,3.56,3.90,0.06,0.00,0.18,Suporte Forte,0,0
2024-12-26,2.30,2.53,2.68,2.80,2.91,3.08,3.29,3.56,3.90,0.08,0.00,0.16,Suporte Forte,0,0
2024-12-27,2.30,2.53,2.68,2.80,2.91,3.08,3.29,3.56,3.90,0.14,0.00,0.10,Suporte Forte,0,0
2024-12-30,2.30,2.53,2.68,2.80,2.91,3.08,3.29,3.56,3.90,0.15,0.00,0.09,Suporte Forte,0,0
2024-12-31,2.30,2.53,2.68,2.80,2.91,3.08,3.29,3.56,3.90,0.16,0.00,0.08,Suporte Forte,0,0
2025-01-02,2.30,2.53,2.68,2.80,2.91,3.08,3.29,3.56,3.90,0.25,0.24,0.13,Suporte,0,0
2025-01-03,2.30,2.53,2.68,2.80,2.91,3.08,3.29,3.56,3.90,0.38,0.24,0.00,Suporte,1,0
2025-01-06,2.30,2.53,2.68,2.80,2.91,3.08,3.29,3.56,3.90,0.38,0.24,0.00,Suporte,1,0
2025-01-07,2.30,2.53,2.68,2.80,2.91,3.08,3.29,3.56,3.90,0.30,0.24,0.08,Suporte,0,0
2025-01-08,2.30,2.53,2.68,2.80,2.91,3.08,3.29,3.56,3.90,0.39,0.38,0.11,Zona de Consolidação,1,0
2025-01-10,2.30,2.53,2.68,2.80,2.91,3.08,3.29,3.56,3.90,0.40,0.38,0.10,Zona de Consolidação,1,0
2025-01-13,2.30,2.53,2.68,2.80,2.91,3.08,3.29,3.56,3.90,0.42,0.38,0.08,Zona de Consolidação,0,0
2025-01-14,2.30,2.50,2.62,2.72,2.83,2.97,3.15,3.38,3.68,0.53,0.50,0.09,Zona de Consolidação,0,0
2025-01-15,2.30,2.50,2.62,2.72,2.83,2.97,3.15,3.38,3.68,0.55,0.50,0.07,Zona de Consolidação,0,0
2025-01-16,2.30,2.50,2.62,2.72,2.83,2.97,3.15,3.38,3.68,0.55,0.50,0.07,Zona de Consolidação,0,0
2025-01-17,2.30,2.50,2.62,2.72,2.83,2.97,3.15,3.38,3.68,0.67,0.62,0.12,Resistência,0,0
2025-01-21,2.30,2.50,2.62,2.72,2.83,2.97,3.15,3.38,3.68,0.62,0.62,0.17,Resistência,1,0
2025-01-22,2.30,2.50,2.62,2.72,2.83,2.97,3.15,3.38,3.68,0.55,0.50,0.07,Zona de Consolidação,0,0
2025-01-23,2.30,2.50,2.62,2.72,2.83,2.97,3.15,3.38,3.68,0.61,0.50,0.01,Zona de Consolidação,1,0
2025-01-24,2.30,2.50,2.62,2.72,2.83,2.97,3.15,3.38,3.68,0.65,0.62,0.14,Resistência,1,0
2025-01-27,2.30,2.50,2.62,2.72,2.83,2.97,3.15,3.38,3.68,0.66,0.62,0.13,Resistência,0,0
2025-01-28,2.30,2.50,2.62,2.72,2.83,2.97,3.15,3.38,3.68,0.67,0.62,0.12,Resistência,0,0
2025-01-29,2.30,2.49,2.61,2.70,2.79,2.93,3.10,3.32,3.59,0.72,0.62,0.07,Resistência,0,0
2025-01-30,2.30,2.47,2.57,2.66,2.74,2.86,3.01,3.20,3.45,0.70,0.62,0.09,Resistência,0,0
2025-01-31,2.30,2.47,2.57,2.65,2.73,2.85,3.00,3.19,3.43,0.79,0.79,0.21,Resistência Forte,0,1
2025-02-03,2.30,2.45,2.54,2.62,2.70,2.80,2.94,3.11,3.34,0.72,0.62,0.07,Resistência,0,0
2025-02-04,2.30,2.45,2.54,2.62,2.69,2.80,2.93,3.10,3.32,0.78,0.62,0.01,Resistência,0,1
2025-02-05,2.30,2.45,2.54,2.62,2.69,2.80,2.93,3.10,3.32,0.81,0.79,0.19,Resistência Forte,0,1
2025-02-06,2.30,2.45,2.54,2.62,2.69,2.80,2.93,3.10,3.32,0.81,0.79,0.19,Resistência Forte,0,1
2025-02-07,2.30,2.45,2.54,2.62,2.69,2.80,2.93,3.10,3.32,0.76,0.62,0.03,Resistência,0,1
2025-02-10,2.30,2.45,2.54,2.62,2.69,2.80,2.93,3.10,3.32,0.75,0.62,0.04,Resistência,0,0
2025-02-11,2.30,2.45,2.54,2.62,2.69,2.80,2.93,3.10,3.32,0.65,0.62,0.14,Resistência,1,0
2025-02-12,2.30,2.45,2.54,2.62,2.69,2.80,2.93,3.10,3.32,0.57,0.50,0.05,Zona de Consolidação,0,0
2025-02-13,2.30,2.44,2.53,2.60,2.68,2.78,2.91,3.08,3.29,0.69,0.62,0.10,Resistência,0,0
2025-02-14,2.30,2.44,2.53,2.60,2.68,2.78,2.91,3.08,3.29,0.64,0.62,0.15,Resistência,1,0
2025-02-18,2.30,2.44,2.53,2.60,2.68,2.78,2.91,3.08,3.29,0.59,0.50,0.03,Zona de Consolidação,1,0
2025-02-19,2.30,2.44,2.53,2.60,2.68,2.78,2.91,3.08,3.29,0.62,0.62,0.17,Resistência,1,0
2025-02-20,2.30,2.44,2.53,2.60,2.68,2.78,2.91,3.08,3.29,0.57,0.50,0.05,Zona de Consolidação,0,0
2025-02-21,2.30,2.44,2.53,2.60,2.68,2.78,2.91,3.08,3.29,0.49,0.38,0.01,Zona de Consolidação,0,0
2025-02-24,2.30,2.44,2.53,2.60,2.68,2.78,2.91,3.08,3.29,0.57,0.50,0.05,Zona de Consolidação,0,0
2025-02-25,2.30,2.44,2.53,2.60,2.68,2.78,2.91,3.08,3.29,0.43,0.38,0.07,Zona de Consolidação,0,0
2025-02-26,2.30,2.44,2.53,2.60,2.68,2.78,2.91,3.08,3.29,0.52,0.50,0.10,Zona de Consolidação,0,0
2025-02-27,2.30,2.44,2.53,2.60,2.68,2.78,2.91,3.08,3.29,0.48,0.38,0.02,Zona de Consolidação,0,0
2025-02-28,2.30,2.44,2.53,2.60,2.68,2.78,2.91,3.08,3.29,0.43,0.38,0.07,Zona de Consolidação,0,0
2025-03-03,2.30,2.44,2.53,2.60,2.68,2.78,2.91,3.08,3.29,0.26,0.24,0.12,Suporte,0,0
2025-03-04,2.30,2.44,2.53,2.60,2.68,2.78,2.91,3.08,3.29,0.21,0.00,0.03,Suporte Forte,0,0
2025-03-05,2.30,2.44,2.53,2.60,2.68,2.78,2.91,3.08,3.29,0.21,0.00,0.03,Suporte Forte,0,0
2025-03-06,2.30,2.44,2.53,2.60,2.68,2.78,2.91,3.08,3.29,0.21,0.00,0.03,Suporte Forte,0,0
2025-03-07,2.30,2.44,2.53,2.60,2.68,2.78,2.91,3.08,3.29,0.16,0.00,0.08,Suporte Forte,0,0
2025-03-10,2.30,2.44,2.53,2.60,2.68,2.78,2.91,3.08,3.29,0.23,0.00,0.01,Suporte Forte,0,0
2025-03-11,2.30,2.44,2.53,2.60,2.68,2.78,2.91,3.08,3.29,0.18,0.00,0.06,Suporte Forte,0,0
2025-03-12,2.30,2.44,2.53,2.60,2.68,2.78,2.91,3.08,3.29,0.11,0.00,0.13,Suporte Forte,0,0
2025-03-13,2.30,2.44,2.53,2.60,2.68,2.78,2.91,3.08,3.29,0.00,0.00,0.24,Suporte Forte,0,0
2025-03-14,2.30,2.44,2.53,2.60,2.68,2.78,2.91,3.08,3.29,0.02,0.00,0.22,Suporte Forte,0,0
2025-03-17,2.28,2.43,2.52,2.60,2.67,2.78,2.91,3.08,3.30,0.06,0.00,0.18,Suporte Forte,0,0
2025-03-18,2.28,2.43,2.52,2.60,2.67,2.78,2.91,3.08,3.30,0.17,0.00,0.07,Suporte Forte,0,0
2025-03-19,2.28,2.43,2.52,2.60,2.67,2.78,2.91,3.08,3.30,0.03,0.00,0.21,Suporte Forte,0,0
2025-03-20,2.28,2.43,2.52,2.60,2.67,2.78,2.91,3.08,3.30,0.05,0.00,0.19,Suporte Forte,0,0
2025-03-21,2.28,2.43,2.52,2.60,2.67,2.78,2.91,3.08,3.30,0.03,0.00,0.21,Suporte Forte,0,0
2025-03-24,2.28,2.43,2.52,2.60,2.67,2.78,2.91,3.08,3.30,0.11,0.00,0.13,Suporte Forte,0,0
2025-03-25,2.28,2.43,2.52,2.60,2.67,2.78,2.91,3.08,3.30,0.11,0.00,0.13,Suporte Forte,0,0
2025-03-26,2.28,2.43,2.52,2.60,2.67,2.78,2.91,3.08,3.30,0.06,0.00,0.18,Suporte Forte,0,0
2025-03-27,2.28,2.43,2.52,2.60,2.67,2.78,2.91,3.08,3.30,0.10,0.00,0.14,Suporte Forte,0,0
2025-03-28,2.26,2.41,2.51,2.58,2.66,2.77,2.91,3.09,3.31,0.14,0.00,0.10,Suporte Forte,0,0
2025-03-31,2.19,2.36,2.47,2.55,2.63,2.76,2.91,3.11,3.35,0.00,0.00,0.24,Suporte Forte,0,0
2025-04-01,2.15,2.33,2.44,2.53,2.62,2.75,2.91,3.12,3.38,0.00,0.00,0.24,Suporte Forte,0,0
2025-04-02,2.15,2.33,2.44,2.53,2.62,2.75,2.91,3.12,3.38,0.00,0.00,0.24,Suporte Forte,0,0
2025-04-03,2.08,2.28,2.40,2.50,2.59,2.73,2.91,3.14,3.42,0.06,0.00,0.18,Suporte Forte,0,0
2025-04-04,1.90,2.14,2.29,2.41,2.52,2.69,2.91,3.18,3.53,0.10,0.00,0.14,Suporte Forte,0,0
2025-04-07,1.90,2.14,2.29,2.41,2.52,2.69,2.91,3.18,3.53,0.03,0.00,0.21,Suporte Forte,0,0
2025-04-08,1.83,2.08,2.24,2.37,2.50,2.68,2.91,3.20,3.58,0.03,0.00,0.21,Suporte Forte,0,0
2025-04-09,1.73,2.01,2.18,2.32,2.46,2.66,2.91,3.23,3.64,0.14,0.00,0.10,Suporte Forte,0,0
2025-04-10,1.73,2.01,2.18,2.32,2.46,2.66,2.91,3.23,3.64,0.13,0.00,0.11,Suporte Forte,0,0
2025-04-11,1.73,2.01,2.18,2.32,2.46,2.66,2.91,3.23,3.64,0.12,0.00,0.12,Suporte Forte,0,0
2025-04-14,1.73,2.00,2.17,2.31,2.45,2.64,2.89,3.21,3.61,0.16,0.00,0.08,Suporte Forte,0,0
2025-04-15,1.73,2.00,2.17,2.31,2.45,2.64,2.89,3.21,3.61,0.27,0.24,0.11,Suporte,0,0
2025-04-16,1.46,1.79,2.00,2.16,2.33,2.57,2.87,3.25,3.74,0.35,0.24,0.03,Suporte,0,0
2025-04-17,1.46,1.79,2.00,2.16,2.33,2.57,2.87,3.25,3.74,0.36,0.24,0.02,Suporte,0,0
2025-04-21,1.46,1.78,1.98,2.14,2.30,2.53,2.82,3.19,3.66,0.33,0.24,0.05,Suporte,0,0
2025-04-22,1.46,1.77,1.97,2.12,2.28,2.51,2.79,3.15,3.61,0.39,0.38,0.11,Zona de Consolidação,1,0
2025-04-23,1.46,1.77,1.97,2.12,2.28,2.51,2.79,3.15,3.61,0.39,0.38,0.11,Zona de Consolidação,1,0
2025-04-24,1.46,1.77,1.97,2.12,2.28,2.51,2.79,3.15,3.61,0.52,0.50,0.10,Zona de Consolidação,0,0
2025-04-25,1.46,1.77,1.97,2.12,2.28,2.51,2.79,3.15,3.61,0.48,0.38,0.02,Zona de Consolidação,0,0
2025-04-28,1.46,1.77,1.97,2.12,2.28,2.51,2.79,3.15,3.61,0.40,0.38,0.10,Zona de Consolidação,0,0
2025-04-29,1.46,1.77,1.97,2.12,2.28,2.51,2.79,3.15,3.61,0.41,0.38,0.09,Zona de Consolidação,0,0
2025-04-30,1.46,1.77,1.97,2.12,2.28,2.51,2.79,3.15,3.61,0.44,0.38,0.06,Zona de Consolidação,0,0
2025-05-01,1.46,1.77,1.97,2.12,2.28,2.51,2.79,3.15,3.61,0.44,0.38,0.06,Zona de Consolidação,0,0
2025-05-02,1.46,1.76,1.95,2.10,2.25,2.47,2.74,3.09,3.53,0.45,0.38,0.05,Zona de Consolidação,0,0
2025-05-05,1.46,1.76,1.95,2.10,2.25,2.47,2.74,3.09,3.53,0.47,0.38,0.03,Zona de Consolidação,0,0
2025-05-06,1.46,1.76,1.94,2.09,2.24,2.45,2.72,3.06,3.50,0.52,0.50,0.10,Zona de Consolidação,0,0
2025-05-07,1.46,1.74,1.92,2.06,2.20,2.40,2.66,2.99,3.40,0.49,0.38,0.01,Zona de Consolidação,0,0
2025-05-08,1.46,1.74,1.91,2.05,2.20,2.40,2.65,2.97,3.39,0.52,0.50,0.10,Zona de Consolidação,0,0
2025-05-09,1.46,1.73,1.90,2.04,2.18,2.37,2.62,2.94,3.34,0.51,0.50,0.11,Zona de Consolidação,0,0
2025-05-12,1.46,1.72,1.88,2.00,2.13,2.32,2.55,2.85,3.22,0.58,0.50,0.04,Zona de Consolidação,0,0
2025-05-13,1.46,1.71,1.87,2.00,2.12,2.30,2.53,2.82,3.19,0.59,0.50,0.03,Zona de Consolidação,0,0
2025-05-14,1.46,1.69,1.84,1.96,2.07,2.24,2.45,2.72,3.06,0.77,0.62,0.02,Resistência,0,1
2025-05-15,1.46,1.69,1.84,1.96,2.07,2.24,2.45,2.72,3.06,0.70,0.62,0.09,Resistência,0,0
2025-05-16,1.46,1.69,1.84,1.96,2.07,2.24,2.45,2.72,3.06,0.63,0.62,0.16,Resistência,1,0
2025-05-19,1.46,1.69,1.84,1.96,2.07,2.24,2.45,2.72,3.06,0.63,0.62,0.16,Resistência,1,0
2025-05-20,1.46,1.69,1.84,1.96,2.07,2.24,2.45,2.72,3.06,0.70,0.62,0.09,Resistência,0,0
2025-05-21,1.46,1.69,1.84,1.96,2.07,2.24,2.45,2.72,3.06,0.70,0.62,0.09,Resistência,0,0
2025-05-22,1.46,1.69,1.84,1.96,2.07,2.24,2.45,2.72,3.06,0.75,0.62,0.04,Resistência,0,0
2025-05-23,1.46,1.69,1.84,1.96,2.07,2.24,2.45,2.72,3.06,0.70,0.62,0.09,Resistência,0,0
2025-05-27,1.46,1.69,1.84,1.96,2.07,2.24,2.45,2.72,3.06,0.70,0.62,0.09,Resistência,0,0
2025-05-28,1.46,1.69,1.84,1.96,2.07,2.24,2.45,2.72,3.06,0.64,0.62,0.15,Resistência,1,0
2025-05-29,1.46,1.68,1.82,1.93,2.04,2.20,2.40,2.66,2.98,0.78,0.62,0.01,Resistência,0,1
2025-05-30,1.46,1.68,1.82,1.93,2.04,2.20,2.40,2.66,2.98,0.83,0.79,0.17,Resistência Forte,0,0
2025-06-02,1.46,1.68,1.81,1.92,2.03,2.18,2.38,2.63,2.95,0.83,0.79,0.17,Resistência Forte,0,0
2025-06-03,1.46,1.68,1.81,1.92,2.03,2.18,2.38,2.63,2.95,0.75,0.62,0.04,Resistência,0,0
2025-06-04,1.46,1.67,1.80,1.90,2.01,2.16,2.35,2.59,2.90,0.82,0.79,0.18,Resistência Forte,0,0
2025-06-05,1.46,1.67,1.80,1.90,2.01,2.16,2.35,2.59,2.90,0.78,0.62,0.01,Resistência,0,1
2025-06-06,1.46,1.67,1.80,1.90,2.01,2.16,2.35,2.59,2.90,0.81,0.79,0.19,Resistência Forte,0,1
2025-06-09,1.46,1.67,1.80,1.90,2.01,2.16,2.35,2.59,2.90,0.84,0.79,0.16,Resistência Forte,0,0
2025-06-10,1.46,1.67,1.79,1.90,2.00,2.14,2.33,2.57,2.87,0.97,0.79,0.03,Resistência Forte,0,0
2025-06-11,1.46,1.67,1.80,1.90,2.00,2.15,2.34,2.58,2.88,0.99,0.79,0.01,Resistência Forte,0,1
2025-06-12,1.46,1.68,1.82,1.93,2.04,2.20,2.40,2.66,2.98,0.85,0.79,0.15,Resistência Forte,0,0
2025-06-13,1.46,1.68,1.82,1.93,2.04,2.20,2.40,2.66,2.98,0.88,0.79,0.12,Resistência Forte,0,0
2025-06-16,1.46,1.68,1.82,1.93,2.04,2.20,2.40,2.66,2.98,0.82,0.79,0.18,Resistência Forte,0,0
2025-06-17,1.46,1.68,1.82,1.93,2.04,2.20,2.40,2.66,2.98,0.84,0.79,0.16,Resistência Forte,0,0
2025-06-18,1.46,1.68,1.82,1.93,2.04,2.20,2.40,2.66,2.98,0.84,0.79,0.16,Resistência Forte,0,0
2025-06-20,1.46,1.68,1.82,1.93,2.04,2.20,2.40,2.66,2.98,0.79,0.79,0.21,Resistência Forte,0,1
2025-06-23,1.46,1.68,1.82,1.93,2.04,2.20,2.40,2.66,2.98,0.79,0.79,0.21,Resistência Forte,0,1
2025-06-24,1.46,1.68,1.82,1.93,2.04,2.20,2.40,2.66,2.98,0.86,0.79,0.14,Resistência Forte,0,0
2025-06-25,1.46,1.70,1.85,1.97,2.09,2.26,2.48,2.76,3.11,0.97,0.79,0.03,Resistência Forte,0,0
2025-06-26,1.46,1.81,2.03,2.20,2.38,2.63,2.95,3.36,3.87,0.83,0.79,0.17,Resistência Forte,0,0
2025-06-27,1.46,1.81,2.03,2.20,2.38,2.63,2.95,3.36,3.87,0.90,0.79,0.10,Resistência Forte,0,0
2025-06-30,1.86,2.16,2.35,2.50,2.66,2.87,3.15,3.50,3.95,0.47,0.38,0.03,Zona de Consolidação,0,0
2025-07-01,1.86,2.16,2.35,2.50,2.66,2.87,3.15,3.50,3.95,0.39,0.38,0.11,Zona de Consolidação,1,0
2025-07-02,1.86,2.16,2.35,2.50,2.66,2.87,3.15,3.50,3.95,0.42,0.38,0.08,Zona de Consolidação,0,0
2025-07-03,1.92,2.21,2.39,2.54,2.68,2.89,3.15,3.48,3.91,0.62,0.62,0.17,Resistência,1,0
2025-07-07,1.92,2.21,2.39,2.54,2.68,2.89,3.15,3.48,3.91,0.57,0.50,0.05,Zona de Consolidação,0,0
2025-07-08,1.92,2.21,2.39,2.54,2.68,2.89,3.15,3.48,3.91,0.55,0.50,0.07,Zona de Consolidação,0,0
2025-07-09,1.92,2.21,2.39,2.54,2.68,2.89,3.15,3.48,3.91,0.67,0.62,0.12,Resistência,0,0
2025-07-10,1.92,2.21,2.39,2.54,2.68,2.89,3.15,3.48,3.91,0.63,0.62,0.16,Resistência,1,0
2025-07-11,1.92,2.21,2.39,2.54,2.68,2.89,3.15,3.48,3.91,0.63,0.62,0.16,Resistência,1,0
2025-07-14,1.92,2.21,2.39,2.54,2.68,2.89,3.15,3.48,3.91,0.83,0.79,0.17,Resistência Forte,0,0
2025-07-15,1.92,2.22,2.41,2.56,2.71,2.93,3.20,3.55,3.99,0.90,0.79,0.10,Resistência Forte,0,0
2025-07-16,1.92,2.38,2.66,2.90,3.13,3.45,3.87,4.40,5.08,0.99,0.79,0.01,Resistência Forte,0,1
2025-07-17,1.92,2.53,2.91,3.21,3.51,3.95,4.50,5.20,6.09,1.00,1.00,0.27,Resistência Forte,0,1
2025-07-18,1.92,3.59,4.62,5.46,6.30,7.48,9.00,10.93,13.38,0.56,0.50,0.06,Zona de Consolidação,0,0
2025-07-21,1.97,3.63,4.66,5.48,6.31,7.50,9.00,10.91,13.34,0.65,0.62,0.14,Resistência,0,0
2025-07-22,1.98,3.64,4.66,5.49,6.32,7.50,9.00,10.91,13.34,0.70,0.62,0.09,Resistência,0,0
2025-07-23,2.01,3.66,4.68,5.50,6.33,7.50,9.00,10.90,13.32,0.60,0.50,0.02,Zona de Consolidação,0,0
2025-07-24,2.01,3.66,4.68,5.50,6.33,7.50,9.00,10.90,13.32,0.66,0.62,0.13,Resistência,0,0
2025-07-25,2.02,3.67,4.69,5.51,6.33,7.51,9.00,10.90,13.31,0.68,0.62,0.11,Resistência,0,0
2025-07-28,2.02,3.67,4.69,5.51,6.33,7.51,9.00,10.90,13.31,0.56,0.50,0.06,Zona de Consolidação,0,0
2025-07-29,2.02,3.67,4.69,5.51,6.33,7.51,9.00,10.90,13.31,0.43,0.38,0.07,Zona de Consolidação,0,0
2025-07-30,2.02,3.67,4.69,5.51,6.33,7.51,9.00,10.90,13.31,0.43,0.38,0.07,Zona de Consolidação,0,0
2025-07-31,2.02,3.67,4.69,5.51,6.33,7.51,9.00,10.90,13.31,0.45,0.38,0.05,Zona de Consolidação,0,0
2025-08-01,2.05,3.69,4.70,5.52,6.35,7.51,9.00,10.89,13.30,0.41,0.38,0.09,Zona de Consolidação,0,0
2025-08-04,2.05,3.69,4.70,5.52,6.35,7.51,9.00,10.89,13.30,0.44,0.38,0.06,Zona de Consolidação,0,0
2025-08-05,2.06,3.70,4.71,5.53,6.35,7.51,9.00,10.89,13.29,0.43,0.38,0.07,Zona de Consolidação,0,0
2025-08-06,2.06,3.70,4.71,5.53,6.35,7.51,9.00,10.89,13.29,0.42,0.38,0.08,Zona de Consolidação,0,0
2025-08-07,2.06,3.70,4.71,5.53,6.35,7.51,9.00,10.89,13.29,0.44,0.38,0.06,Zona de Consolidação,0,0
2025-08-08,2.06,3.70,4.71,5.53,6.35,7.51,9.00,10.89,13.29,0.45,0.38,0.05,Zona de Consolidação,0,0
2025-08-11,2.08,3.71,4.72,5.54,6.36,7.52,9.00,10.88,13.28,0.40,0.38,0.10,Zona de Consolidação,0,0
2025-08-12,2.10,3.73,4.74,5.55,6.36,7.52,9.00,10.88,13.26,0.39,0.38,0.11,Zona de Consolidação,0,0
2025-08-13,2.11,3.74,4.74,5.56,6.37,7.53,9.00,10.87,13.26,0.44,0.38,0.06,Zona de Consolidação,0,0
2025-08-14,2.11,3.74,4.74,5.56,6.37,7.53,9.00,10.87,13.26,0.40,0.38,0.10,Zona de Consolidação,0,0
2025-08-15,2.11,3.74,4.74,5.56,6.37,7.53,9.00,10.87,13.26,0.40,0.38,0.10,Zona de Consolidação,0,0
2025-08-18,2.11,3.74,4.74,5.56,6.37,7.53,9.00,10.87,13.26,0.40,0.38,0.10,Zona de Consolidação,0,0
2025-08-19,2.14,3.76,4.76,5.57,6.38,7.53,9.00,10.87,13.24,0.37,0.24,0.01,Suporte,0,0
2025-08-20,2.14,3.76,4.76,5.57,6.38,7.53,9.00,10.87,13.24,0.36,0.24,0.02,Suporte,0,0
2025-08-21,2.20,3.80,4.80,5.60,6.40,7.54,9.00,10.85,13.20,0.36,0.24,0.02,Suporte,0,0
2025-08-22,2.20,3.80,4.80,5.60,6.40,7.54,9.00,10.85,13.20,0.41,0.38,0.09,Zona de Consolidação,0,0
2025-08-25,2.20,3.80,4.80,5.60,6.40,7.54,9.00,10.85,13.20,0.41,0.38,0.09,Zona de Consolidação,0,0
2025-08-26,2.20,3.80,4.80,5.60,6.40,7.54,9.00,10.85,13.20,0.45,0.38,0.05,Zona de Consolidação,0,0
2025-08-27,2.20,3.80,4.80,5.60,6.40,7.54,9.00,10.85,13.20,0.44,0.38,0.06,Zona de Consolidação,0,0
2025-08-28,2.20,3.80,4.80,5.60,6.40,7.54,9.00,10.85,13.20,0.44,0.38,0.06,Zona de Consolidação,0,0
2025-08-29,2.20,3.80,4.80,5.60,6.40,7.54,9.00,10.85,13.20,0.39,0.38,0.11,Zona de Consolidação,0,0
2025-09-02,2.20,3.80,4.80,5.60,6.40,7.54,9.00,10.85,13.20,0.39,0.38,0.11,Zona de Consolidação,0,0
2025-09-03,2.20,3.80,4.80,5.60,6.40,7.54,9.00,10.85,13.20,0.34,0.24,0.04,Suporte,0,0
2025-09-04,2.27,3.86,4.84,5.64,6.43,7.56,9.00,10.83,13.16,0.30,0.24,0.08,Suporte,0,0
2025-09-05,2.32,3.90,4.87,5.66,6.45,7.57,9.00,10.82,13.13,0.29,0.24,0.09,Suporte,0,0
2025-09-08,2.32,3.90,4.87,5.66,6.45,7.57,9.00,10.82,13.13,0.10,0.00,0.14,Suporte Forte,0,0
2025-09-09,2.32,3.90,4.87,5.66,6.45,7.57,9.00,10.82,13.13,0.07,0.00,0.17,Suporte Forte,0,0
2025-09-10,2.35,3.92,4.89,5.68,6.46,7.58,9.00,10.81,13.11,0.11,0.00,0.13,Suporte Forte,0,0
2025-09-11,2.36,3.93,4.90,5.68,6.46,7.58,9.00,10.81,13.10,0.12,0.00,0.12,Suporte Forte,0,0
2025-09-12,2.37,3.93,4.90,5.68,6.47,7.58,9.00,10.80,13.10,0.08,0.00,0.16,Suporte Forte,0,0
2025-09-15,2.60,4.11,5.04,5.80,6.56,7.63,9.00,10.74,12.96,0.05,0.00,0.19,Suporte Forte,0,0
2025-09-16,2.60,4.11,5.04,5.80,6.56,7.63,9.00,10.74,12.96,0.01,0.00,0.23,Suporte Forte,0,0
2025-09-17,2.61,4.12,5.05,5.80,6.56,7.63,9.00,10.74,12.95,0.00,0.00,0.24,Suporte Forte,0,0
2025-09-18,2.61,4.12,5.05,5.80,6.56,7.63,9.00,10.74,12.95,0.02,0.00,0.22,Suporte Forte,0,0
2025-09-19,2.59,4.10,5.04,5.80,6.55,7.63,9.00,10.74,12.96,0.03,0.00,0.21,Suporte Forte,0,0
2025-09-22,2.58,4.10,5.03,5.79,6.55,7.63,9.00,10.75,12.97,0.00,0.00,0.24,Suporte Forte,0,0
2025-09-23,2.58,4.10,5.03,5.79,6.55,7.63,9.00,10.75,12.97,0.01,0.00,0.23,Suporte Forte,0,0
2025-09-24,2.58,4.10,5.03,5.79,6.55,7.63,9.00,10.75,12.97,0.02,0.00,0.22,Suporte Forte,0,0
2025-09-25,2.49,4.03,4.98,5.74,6.51,7.61,9.00,10.77,13.02,0.01,0.00,0.23,Suporte Forte,0,0
2025-09-26,2.46,4.00,4.96,5.73,6.50,7.60,9.00,10.78,13.04,0.02,0.00,0.22,Suporte Forte,0,0
2025-09-29,2.42,3.80,4.65,5.34,6.02,7.00,8.25,9.84,11.85,0.02,0.00,0.22,Suporte Forte,0,0
2025-09-30,2.28,3.50,4.26,4.88,5.49,6.36,7.47,8.88,10.68,0.03,0.00,0.21,Suporte Forte,0,0
2025-10-01,2.28,3.37,4.05,4.60,5.14,5.92,6.91,8.17,9.77,0.06,0.00,0.18,Suporte Forte,0,0
2025-10-02,2.28,3.37,4.05,4.60,5.14,5.92,6.91,8.17,9.77,0.09,0.00,0.15,Suporte Forte,0,0
2025-10-03,2.28,3.37,4.04,4.58,5.12,5.90,6.88,8.13,9.72,0.06,0.00,0.18,Suporte Forte,0,0
2025-10-06,2.28,3.37,4.04,4.58,5.12,5.90,6.88,8.13,9.72,0.07,0.00,0.17,Suporte Forte,0,0
2025-10-07,2.28,3.16,3.70,4.14,4.58,5.20,6.00,7.01,8.30,0.05,0.00,0.19,Suporte Forte,0,0
2025-10-08,2.28,3.05,3.53,3.92,4.30,4.85,5.55,6.44,7.57,0.07,0.00,0.17,Suporte Forte,0,0
2025-10-09,2.28,3.05,3.53,3.92,4.30,4.85,5.55,6.44,7.57,0.08,0.00,0.16,Suporte Forte,0,0
2025-10-10,2.28,3.05,3.53,3.92,4.30,4.85,5.55,6.44,7.57,0.06,0.00,0.18,Suporte Forte,0,0
2025-10-13,2.10,2.91,3.42,3.82,4.23,4.81,5.55,6.49,7.68,0.01,0.00,0.23,Suporte Forte,0,0
2025-10-14,2.03,2.86,3.37,3.79,4.21,4.80,5.55,6.51,7.73,0.05,0.00,0.19,Suporte Forte,0,0
2025-10-15,2.03,2.86,3.37,3.79,4.21,4.80,5.55,6.51,7.73,0.03,0.00,0.21,Suporte Forte,0,0
2025-10-16,1.81,2.69,3.24,3.68,4.12,4.75,5.55,6.57,7.86,0.01,0.00,0.23,Suporte Forte,0,0
2025-10-17,1.81,2.69,3.24,3.68,4.12,4.75,5.55,6.57,7.86,0.02,0.00,0.22,Suporte Forte,0,0
2025-10-20,1.81,2.69,3.24,3.68,4.12,4.75,5.55,6.57,7.86,0.05,0.00,0.19,Suporte Forte,0,0
2025-10-21,1.81,2.68,3.22,3.66,4.09,4.71,5.50,6.50,7.78,0.04,0.00,0.20,Suporte Forte,0,0
2025-10-22,1.81,2.68,3.22,3.66,4.09,4.71,5.50,6.50,7.78,0.01,0.00,0.23,Suporte Forte,0,0
2025-10-23,1.81,2.68,3.22,3.66,4.09,4.71,5.50,6.50,7.78,0.02,0.00,0.22,Suporte Forte,0,0
2025-10-24,1.81,2.68,3.22,3.66,4.09,4.71,5.50,6.50,7.78,0.04,0.00,0.20,Suporte Forte,0,0
2025-10-27,1.81,2.68,3.22,3.66,4.09,4.71,5.50,6.50,7.78,0.08,0.00,0.16,Suporte Forte,0,0
2025-10-28,1.81,2.68,3.22,3.66,4.09,4.71,5.50,6.50,7.78,0.03,0.00,0.21,Suporte Forte,0,0
2025-10-29,1.81,2.68,3.22,3.66,4.09,4.71,5.50,6.50,7.78,0.07,0.00,0.17,Suporte Forte,0,0
2025-10-30,1.81,2.68,3.22,3.66,4.09,4.71,5.50,6.50,7.78,0.04,0.00,0.20,Suporte Forte,0,0
2025-10-31,1.81,2.68,3.22,3.66,4.09,4.71,5.50,6.50,7.78,0.08,0.00,0.16,Suporte Forte,0,0
2025-11-03,1.81,2.68,3.22,3.66,4.09,4.71,5.50,6.50,7.78,0.03,0.00,0.21,Suporte Forte,0,0
2025-11-04,1.76,2.64,3.19,3.63,4.07,4.70,5.50,6.52,7.81,0.00,0.00,0.24,Suporte Forte,0,0
2025-11-05,1.76,2.64,3.19,3.63,4.07,4.70,5.50,6.52,7.81,0.02,0.00,0.22,Suporte Forte,0,0
2025-11-06,1.76,2.64,3.18,3.62,4.05,4.68,5.47,6.48,7.76,0.02,0.00,0.22,Suporte Forte,0,0
2025-11-07,1.76,2.59,3.10,3.51,3.93,4.52,5.27,6.22,7.44,0.10,0.00,0.14,Suporte Forte,0,0
2025-11-10,1.76,2.56,3.05,3.46,3.86,4.42,5.15,6.07,7.25,0.15,0.00,0.09,Suporte Forte,0,0
2025-11-11,1.76,2.49,2.94,3.30,3.67,4.19,4.85,5.69,6.76,0.10,0.00,0.14,Suporte Forte,0,0
2025-11-12,1.76,2.46,2.89,3.24,3.60,4.09,4.73,5.54,6.57,0.08,0.00,0.16,Suporte Forte,0,0
2025-11-13,1.76,2.39,2.79,3.11,3.42,3.87,4.45,5.18,6.11,0.05,0.00,0.19,Suporte Forte,0,0
2025-11-14,1.76,2.15,2.39,2.58,2.77,3.05,3.40,3.85,4.41,0.16,0.00,0.08,Suporte Forte,0,0
2025-11-17,1.76,2.11,2.33,2.50,2.68,2.93,3.25,3.66,4.17,0.09,0.00,0.15,Suporte Forte,0,0
2025-11-18,1.76,2.11,2.33,2.50,2.68,2.93,3.25,3.66,4.17,0.11,0.00,0.13,Suporte Forte,0,0
2025-11-19,1.71,2.07,2.29,2.47,2.65,2.90,3.23,3.64,4.17,0.05,0.00,0.19,Suporte Forte,0,0
2025-11-20,1.66,2.02,2.25,2.43,2.61,2.87,3.20,3.62,4.15,0.03,0.00,0.21,Suporte Forte,0,0
2025-11-21,1.64,1.97,2.17,2.34,2.50,2.73,3.03,3.41,3.89,0.04,0.00,0.20,Suporte Forte,0,0
2025-11-24,1.64,1.95,2.15,2.31,2.46,2.69,2.97,3.33,3.79,0.14,0.00,0.10,Suporte Forte,0,0
2025-11-25,1.64,1.95,2.15,2.31,2.46,2.69,2.97,3.33,3.79,0.15,0.00,0.09,Suporte Forte,0,0
2025-11-26,1.64,1.95,2.15,2.31,2.46,2.69,2.97,3.33,3.79,0.21,0.00,0.03,Suporte Forte,0,0
2025-11-28,1.64,1.95,2.15,2.31,2.46,2.69,2.97,3.33,3.79,0.19,0.00,0.05,Suporte Forte,0,0
2025-12-01,1.64,1.95,2.15,2.31,2.46,2.69,2.97,3.33,3.79,0.05,0.00,0.19,Suporte Forte,0,0
2025-12-02,1.64,1.95,2.15,2.31,2.46,2.69,2.97,3.33,3.79,0.12,0.00,0.12,Suporte Forte,0,0
2025-12-03,1.64,1.95,2.15,2.31,2.46,2.69,2.97,3.33,3.79,0.09,0.00,0.15,Suporte Forte,0,0
2025-12-04,1.64,1.95,2.15,2.31,2.46,2.69,2.97,3.33,3.79,0.08,0.00,0.16,Suporte Forte,0,0
2025-12-05,1.63,1.95,2.14,2.30,2.46,2.68,2.97,3.33,3.80,0.03,0.00,0.21,Suporte Forte,0,0
2025-12-08,1.63,1.95,2.14,2.30,2.46,2.68,2.97,3.33,3.80,0.07,0.00,0.17,Suporte Forte,0,0
2025-12-09,1.63,1.95,2.14,2.30,2.46,2.68,2.97,3.33,3.80,0.15,0.00,0.09,Suporte Forte,0,0
2025-12-10,1.63,1.95,2.14,2.30,2.46,2.68,2.97,3.33,3.80,0.16,0.00,0.08,Suporte Forte,0,0
2025-12-11,1.63,1.95,2.14,2.30,2.46,2.68,2.97,3.33,3.80,0.13,0.00,0.11,Suporte Forte,0,0
2025-12-12,1.63,1.95,2.14,2.30,2.46,2.68,2.97,3.33,3.80,0.06,0.00,0.18,Suporte Forte,0,0
2025-12-15,1.53,1.87,2.08,2.25,2.42,2.66,2.97,3.36,3.86,0.00,0.00,0.24,Suporte Forte,0,0
2025-12-16,1.46,1.82,2.04,2.22,2.39,2.65,2.97,3.38,3.90,0.04,0.00,0.20,Suporte Forte,0,0
2025-12-17,1.36,1.74,1.98,2.16,2.35,2.63,2.97,3.41,3.96,0.01,0.00,0.23,Suporte Forte,0,0
2025-12-18,1.33,1.72,1.96,2.15,2.34,2.62,2.97,3.42,3.98,0.01,0.00,0.23,Suporte Forte,0,0
2025-12-19,1.33,1.72,1.96,2.15,2.34,2.62,2.97,3.42,3.98,0.06,0.00,0.18,Suporte Forte,0,0
2025-12-22,1.33,1.57,1.72,1.84,1.95,2.12,2.34,2.61,2.96,0.08,0.00,0.16,Suporte Forte,0,0
2025-12-23,1.33,1.55,1.69,1.80,1.90,2.06,2.26,2.51,2.83,0.04,0.00,0.20,Suporte Forte,0,0
2025-12-24,1.33,1.55,1.69,1.80,1.90,2.06,2.26,2.51,2.83,0.06,0.00,0.18,Suporte Forte,0,0
2025-12-26,1.30,1.53,1.67,1.78,1.89,2.05,2.26,2.52,2.85,0.05,0.00,0.19,Suporte Forte,0,0
2025-12-29,1.30,1.53,1.67,1.78,1.89,2.05,2.26,2.52,2.85,0.03,0.00,0.21,Suporte Forte,0,0
2025-12-30,1.30,1.53,1.67,1.78,1.89,2.05,2.26,2.52,2.85,0.08,0.00,0.16,Suporte Forte,0,0
2025-12-31,1.30,1.53,1.67,1.78,1.89,2.05,2.26,2.52,2.85,0.02,0.00,0.22,Suporte Forte,0,0
2026-01-02,1.30,1.53,1.67,1.78,1.89,2.05,2.26,2.52,2.85,0.25,0.24,0.13,Suporte,0,0
2026-01-05,1.30,1.53,1.67,1.78,1.89,2.05,2.26,2.52,2.85,0.24,0.24,0.14,Suporte,0,0
2026-01-06,1.30,1.53,1.67,1.78,1.89,2.05,2.26,2.52,2.85,0.25,0.24,0.13,Suporte,0,0
2026-01-07,1.30,1.53,1.67,1.78,1.89,2.05,2.26,2.52,2.85,0.12,0.00,0.12,Suporte Forte,0,0
2026-01-08,1.30,1.53,1.67,1.78,1.89,2.05,2.26,2.52,2.85,0.20,0.00,0.04,Suporte Forte,0,0
2026-01-09,1.30,1.53,1.67,1.78,1.89,2.05,2.26,2.52,2.85,0.18,0.00,0.06,Suporte Forte,0,0
2026-01-12,1.30,1.53,1.67,1.78,1.89,2.05,2.26,2.52,2.85,0.16,0.00,0.08,Suporte Forte,0,0
2026-01-13,1.30,1.53,1.67,1.78,1.89,2.05,2.26,2.52,2.85,0.20,0.00,0.04,Suporte Forte,0,0
2026-01-14,1.30,1.53,1.67,1.78,1.89,2.05,2.26,2.52,2.85,0.26,0.24,0.12,Suporte,0,0
2026-01-15,1.30,1.53,1.67,1.78,1.89,2.05,2.26,2.52,2.85,0.10,0.00,0.14,Suporte Forte,0,0
2026-01-16,1.30,1.53,1.67,1.78,1.89,2.05,2.26,2.52,2.85,0.14,0.00,0.10,Suporte Forte,0,0
2026-01-20,1.29,1.52,1.66,1.78,1.89,2.05,2.26,2.52,2.86,0.02,0.00,0.22,Suporte Forte,0,0
2026-01-21,1.26,1.50,1.64,1.76,1.88,2.05,2.26,2.53,2.88,0.06,0.00,0.18,Suporte Forte,0,0
2026-01-22,1.26,1.50,1.64,1.76,1.88,2.05,2.26,2.53,2.88,0.06,0.00,0.18,Suporte Forte,0,0
2026-01-23,1.26,1.48,1.62,1.73,1.84,2.00,2.20,2.46,2.78,0.01,0.00,0.23,Suporte Forte,0,0
2026-01-26,1.26,1.47,1.60,1.70,1.81,1.96,2.15,2.39,2.70,0.03,0.00,0.21,Suporte Forte,0,0
2026-01-27,1.26,1.45,1.57,1.67,1.77,1.90,2.08,2.30,2.59,0.07,0.00,0.17,Suporte Forte,0,0
2026-01-28,1.26,1.45,1.57,1.67,1.77,1.90,2.08,2.30,2.59,0.06,0.00,0.18,Suporte Forte,0,0
2026-01-29,1.20,1.41,1.54,1.64,1.74,1.89,2.08,2.32,2.62,0.06,0.00,0.18,Suporte Forte,0,0
2026-01-30,1.19,1.38,1.50,1.60,1.69,1.83,2.00,2.22,2.50,0.02,0.00,0.22,Suporte Forte,0,0
2026-02-02,1.13,1.33,1.46,1.56,1.66,1.81,1.99,2.22,2.52,0.01,0.00,0.23,Suporte Forte,0,0
2026-02-03,1.08,1.29,1.43,1.54,1.64,1.80,1.99,2.24,2.55,0.08,0.00,0.16,Suporte Forte,0,0
2026-02-04,1.03,1.26,1.40,1.51,1.62,1.78,1.99,2.25,2.58,0.03,0.00,0.21,Suporte Forte,0,0
2026-02-05,0.95,1.20,1.35,1.47,1.59,1.77,1.99,2.27,2.63,0.00,0.00,0.24,Suporte Forte,0,0
2026-02-06,0.95,1.20,1.35,1.47,1.59,1.77,1.99,2.27,2.63,0.11,0.00,0.13,Suporte Forte,0,0
2026-02-09,0.95,1.20,1.35,1.47,1.59,1.77,1.99,2.27,2.63,0.10,0.00,0.14,Suporte Forte,0,0
2026-02-10,0.95,1.19,1.33,1.45,1.57,1.74,1.95,2.22,2.57,0.08,0.00,0.16,Suporte Forte,0,0
2026-02-11,0.95,1.16,1.30,1.40,1.51,1.67,1.86,2.11,2.42,0.13,0.00,0.11,Suporte Forte,0,0
2026-02-12,0.95,1.16,1.30,1.40,1.51,1.67,1.86,2.11,2.42,0.09,0.00,0.15,Suporte Forte,0,0
2026-02-13,0.95,1.16,1.30,1.40,1.51,1.67,1.86,2.11,2.42,0.19,0.00,0.05,Suporte Forte,0,0
2026-02-17,0.95,1.16,1.30,1.40,1.51,1.67,1.86,2.11,2.42,0.16,0.00,0.08,Suporte Forte,0,0
2026-02-18,0.95,1.16,1.30,1.40,1.51,1.67,1.86,2.11,2.42,0.16,0.00,0.08,Suporte Forte,0,0
2026-02-19,0.95,1.16,1.30,1.40,1.51,1.67,1.86,2.11,2.42,0.16,0.00,0.08,Suporte Forte,0,0
2026-02-20,0.95,1.16,1.30,1.40,1.51,1.67,1.86,2.11,2.42,0.18,0.00,0.06,Suporte Forte,0,0
2026-02-23,0.95,1.16,1.30,1.40,1.51,1.67,1.86,2.11,2.42,0.13,0.00,0.11,Suporte Forte,0,0
2026-02-24,0.95,1.16,1.29,1.40,1.50,1.65,1.84,2.08,2.39,0.18,0.00,0.06,Suporte Forte,0,0
2026-02-25,0.95,1.16,1.28,1.38,1.49,1.63,1.82,2.06,2.36,0.26,0.24,0.12,Suporte,0,0
2026-02-26,0.95,1.14,1.26,1.36,1.46,1.59,1.77,1.99,2.28,0.23,0.00,0.01,Suporte Forte,0,0
2026-02-27,0.95,1.12,1.22,1.30,1.38,1.50,1.65,1.84,2.08,0.26,0.24,0.12,Suporte,0,0
2026-03-02,0.95,1.12,1.22,1.30,1.38,1.50,1.65,1.84,2.08,0.24,0.24,0.14,Suporte,0,0
2026-03-03,0.95,1.12,1.22,1.30,1.38,1.50,1.65,1.84,2.08,0.29,0.24,0.09,Suporte,0,0
2026-03-04,0.95,1.12,1.22,1.30,1.38,1.50,1.65,1.84,2.08,0.39,0.38,0.11,Zona de Consolidação,1,0
2026-03-05,0.95,1.12,1.22,1.30,1.38,1.50,1.65,1.84,2.08,0.26,0.24,0.12,Suporte,0,0
2026-03-06,0.95,1.12,1.22,1.30,1.38,1.50,1.65,1.84,2.08,0.27,0.24,0.11,Suporte,0,0
2026-03-09,0.95,1.12,1.22,1.30,1.38,1.50,1.65,1.84,2.08,0.36,0.24,0.02,Suporte,0,0
2026-03-10,0.95,1.12,1.22,1.30,1.38,1.50,1.65,1.84,2.08,0.31,0.24,0.07,Suporte,0,0
2026-03-11,0.95,1.12,1.22,1.30,1.38,1.50,1.65,1.84,2.08,0.31,0.24,0.07,Suporte,0,0
2026-03-12,0.95,1.12,1.22,1.30,1.38,1.50,1.65,1.84,2.08,0.29,0.24,0.09,Suporte,0,0
2026-03-13,0.95,1.12,1.22,1.30,1.38,1.50,1.65,1.84,2.08,0.33,0.24,0.05,Suporte,0,0
2026-03-16,0.95,1.12,1.22,1.30,1.38,1.50,1.65,1.84,2.08,0.43,0.38,0.07,Zona de Consolidação,0,0
2026-03-17,0.95,1.12,1.22,1.30,1.38,1.50,1.65,1.84,2.08,0.37,0.24,0.01,Suporte,1,0
2026-03-18,0.95,1.12,1.22,1.30,1.38,1.50,1.65,1.84,2.08,0.33,0.24,0.05,Suporte,0,0
2026-03-19,0.95,1.12,1.22,1.30,1.38,1.50,1.65,1.84,2.08,0.31,0.24,0.07,Suporte,0,0
2026-03-20,0.95,1.12,1.22,1.30,1.38,1.50,1.65,1.84,2.08,0.31,0.24,0.07,Suporte,0,0
2026-03-23,0.95,1.12,1.22,1.30,1.38,1.50,1.65,1.84,2.08,0.33,0.24,0.05,Suporte,0,0
2026-03-24,0.95,1.12,1.22,1.30,1.38,1.50,1.65,1.84,2.08,0.36,0.24,0.02,Suporte,0,0
2026-03-25,0.95,1.12,1.22,1.30,1.38,1.50,1.65,1.84,2.08,0.36,0.24,0.02,Suporte,0,0
2026-03-26,0.95,1.12,1.22,1.30,1.38,1.50,1.65,1.84,2.08,0.30,0.24,0.08,Suporte,0,0
2026-03-27,0.95,1.10,1.19,1.26,1.33,1.44,1.57,1.74,1.95,0.24,0.24,0.14,Suporte,0,0
2026-03-30,0.95,1.06,1.13,1.19,1.25,1.33,1.43,1.56,1.73,0.19,0.00,0.05,Suporte Forte,0,0
2026-03-31,0.95,1.06,1.12,1.17,1.23,1.30,1.40,1.52,1.68,0.47,0.38,0.03,Zona de Consolidação,0,0
2026-04-01,0.95,1.05,1.11,1.16,1.21,1.28,1.37,1.48,1.63,0.43,0.38,0.07,Zona de Consolidação,0,0
2026-04-02,0.95,1.05,1.11,1.16,1.20,1.27,1.36,1.47,1.61,0.41,0.38,0.09,Zona de Consolidação,1,0
2026-04-06,0.95,1.04,1.10,1.14,1.19,1.26,1.34,1.45,1.58,0.49,0.38,0.01,Zona de Consolidação,0,0
2026-04-07,0.95,1.04,1.10,1.14,1.19,1.26,1.34,1.45,1.58,0.46,0.38,0.04,Zona de Consolidação,0,0
2026-04-08,0.95,1.04,1.10,1.14,1.19,1.26,1.34,1.45,1.58,0.49,0.38,0.01,Zona de Consolidação,0,0
2026-04-09,0.95,1.04,1.10,1.14,1.19,1.26,1.34,1.45,1.58,0.56,0.50,0.06,Zona de Consolidação,0,0
2026-04-10,0.95,1.03,1.08,1.12,1.17,1.23,1.30,1.40,1.52,0.60,0.50,0.02,Zona de Consolidação,1,0
2026-04-13,0.95,1.03,1.07,1.11,1.15,1.20,1.27,1.36,1.47,0.59,0.50,0.03,Zona de Consolidação,1,0
2026-04-14,0.95,1.03,1.07,1.11,1.15,1.20,1.27,1.36,1.47,0.62,0.62,0.17,Resistência,1,0
2026-04-15,0.95,1.03,1.07,1.11,1.15,1.20,1.27,1.36,1.47,0.78,0.62,0.01,Resistência,0,1
2026-04-16,0.95,1.03,1.07,1.11,1.15,1.20,1.27,1.36,1.47,0.72,0.62,0.07,Resistência,0,0
2026-04-17,0.95,1.03,1.07,1.11,1.15,1.20,1.27,1.36,1.47,0.72,0.62,0.07,Resistência,0,0
2026-04-20,0.98,1.05,1.09,1.12,1.16,1.21,1.27,1.35,1.45,0.72,0.62,0.07,Resistência,0,0
2026-04-21,0.98,1.05,1.09,1.12,1.16,1.21,1.27,1.35,1.45,0.52,0.50,0.10,Zona de Consolidação,0,0
2026-04-22,0.98,1.05,1.09,1.12,1.16,1.21,1.27,1.35,1.45,0.72,0.62,0.07,Resistência,0,0
2026-04-23,0.98,1.05,1.09,1.12,1.16,1.21,1.27,1.35,1.45,0.69,0.62,0.10,Resistência,0,0
2026-04-24,1.01,1.07,1.11,1.14,1.17,1.21,1.27,1.34,1.43,0.65,0.62,0.14,Resistência,1,0
2026-04-27,1.01,1.07,1.11,1.14,1.17,1.21,1.27,1.34,1.43,0.62,0.62,0.17,Resistência,1,0
2026-04-28,1.01,1.07,1.11,1.14,1.17,1.21,1.27,1.34,1.43,0.50,0.50,0.12,Zona de Consolidação,0,0
2026-04-29,1.01,1.07,1.11,1.14,1.17,1.21,1.27,1.34,1.43,0.54,0.50,0.08,Zona de Consolidação,0,0
2026-04-30,1.01,1.07,1.11,1.14,1.17,1.21,1.27,1.34,1.43,0.54,0.50,0.08,Zona de Consolidação,0,0
2026-05-01,1.01,1.07,1.11,1.14,1.17,1.21,1.27,1.34,1.43,0.46,0.38,0.04,Zona de Consolidação,0,0
2026-05-04,1.01,1.07,1.11,1.14,1.17,1.21,1.27,1.34,1.43,0.50,0.50,0.12,Zona de Consolidação,0,0
2026-05-05,1.01,1.07,1.11,1.14,1.17,1.21,1.27,1.34,1.43,0.50,0.50,0.12,Zona de Consolidação,0,0
2026-05-06,1.04,1.09,1.13,1.16,1.18,1.22,1.27,1.33,1.41,0.65,0.62,0.14,Resistência,1,0
2026-05-07,1.04,1.09,1.13,1.16,1.18,1.22,1.27,1.33,1.41,0.43,0.38,0.07,Zona de Consolidação,1,0
2026-05-08,1.04,1.09,1.13,1.16,1.18,1.22,1.27,1.33,1.41,0.78,0.62,0.01,Resistência,0,1
2026-05-11,1.04,1.09,1.13,1.16,1.18,1.22,1.27,1.33,1.41,0.87,0.79,0.13,Resistência Forte,0,0
2026-05-12,1.04,1.09,1.13,1.16,1.18,1.22,1.27,1.33,1.41,0.91,0.79,0.09,Resistência Forte,0,0
2026-05-13,1.04,1.09,1.13,1.16,1.18,1.22,1.27,1.33,1.41,0.61,0.50,0.01,Zona de Consolidação,1,0
2026-05-14,1.04,1.09,1.13,1.16,1.18,1.22,1.27,1.33,1.41,0.78,0.62,0.01,Resistência,0,1
2026-05-15,1.04,1.09,1.13,1.16,1.18,1.22,1.27,1.33,1.41,0.57,0.50,0.05,Zona de Consolidação,1,0
2026-05-18,1.04,1.09,1.13,1.16,1.18,1.22,1.27,1.33,1.41,0.26,0.24,0.12,Suporte,0,0
2026-05-19,1.04,1.09,1.13,1.16,1.18,1.22,1.27,1.33,1.41,0.22,0.00,0.02,Suporte Forte,0,0
2026-05-20,1.04,1.09,1.13,1.16,1.18,1.22,1.27,1.33,1.41,0.35,0.24,0.03,Suporte,1,0
2026-05-21,1.04,1.09,1.13,1.16,1.18,1.22,1.27,1.33,1.41,0.26,0.24,0.12,Suporte,0,0
2026-05-22,1.04,1.09,1.13,1.16,1.18,1.22,1.27,1.33,1.41,0.13,0.00,0.11,Suporte Forte,0,0
2026-05-26,0.97,1.04,1.08,1.12,1.16,1.21,1.27,1.35,1.46,0.27,0.24,0.11,Suporte,0,0
2026-05-27,0.97,1.04,1.08,1.12,1.15,1.20,1.26,1.34,1.44,0.10,0.00,0.14,Suporte Forte,0,0
2026-05-28,0.97,1.04,1.08,1.12,1.15,1.20,1.26,1.34,1.44,0.17,0.00,0.07,Suporte Forte,0,0
2026-05-29,0.97,1.04,1.08,1.12,1.15,1.20,1.26,1.34,1.44,0.14,0.00,0.10,Suporte Forte,0,0
2026-06-01,0.92,1.00,1.05,1.09,1.13,1.19,1.26,1.35,1.47,0.12,0.00,0.12,Suporte Forte,0,0
2026-06-02,0.77,0.89,0.96,1.02,1.07,1.16,1.26,1.39,1.56,0.10,0.00,0.14,Suporte Forte,0,0
2026-06-03,0.77,0.89,0.96,1.02,1.07,1.16,1.26,1.39,1.56,0.20,0.00,0.04,Suporte Forte,0,0
2026-06-04,0.77,0.89,0.96,1.02,1.07,1.16,1.26,1.39,1.56,0.18,0.00,0.06,Suporte Forte,0,0
2026-06-05,0.70,0.83,0.91,0.98,1.05,1.14,1.26,1.41,1.61,0.09,0.00,0.15,Suporte Forte,0,0
2026-06-08,0.70,0.83,0.91,0.98,1.05,1.14,1.26,1.41,1.61,0.09,0.00,0.15,Suporte Forte,0,0
2026-06-09,0.70,0.83,0.91,0.98,1.05,1.14,1.26,1.41,1.61,0.11,0.00,0.13,Suporte Forte,0,0
2026-06-10,0.70,0.83,0.91,0.98,1.05,1.14,1.26,1.41,1.61,0.07,0.00,0.17,Suporte Forte,0,0
2026-06-11,0.69,0.82,0.91,0.98,1.04,1.14,1.26,1.42,1.61,0.09,0.00,0.15,Suporte Forte,0,0
2026-06-12,0.69,0.82,0.91,0.98,1.04,1.14,1.26,1.42,1.61,0.09,0.00,0.15,Suporte Forte,0,0
2026-06-15,0.69,0.82,0.91,0.98,1.04,1.14,1.26,1.42,1.61,0.19,0.00,0.05,Suporte Forte,0,0
2026-06-16,0.69,0.82,0.91,0.98,1.04,1.14,1.26,1.42,1.61,0.40,0.38,0.10,Zona de Consolidação,0,0
2026-06-17,0.69,0.82,0.91,0.98,1.04,1.14,1.26,1.42,1.61,0.40,0.38,0.10,Zona de Consolidação,0,0
2026-06-18,0.69,0.82,0.91,0.98,1.04,1.14,1.26,1.42,1.61,0.25,0.24,0.13,Suporte,0,0
2026-06-22,0.69,0.82,0.91,0.98,1.04,1.14,1.26,1.42,1.61,0.35,0.24,0.03,Suporte,0,0
2026-06-23,0.69,0.82,0.91,0.98,1.04,1.14,1.26,1.42,1.61,0.35,0.24,0.03,Suporte,0,0
