Date,Fib_0,Fib_236,Fib_382,Fib_50,Fib_618,Fib_786,Fib_1,Fib_1_272,Fib_1_618,Fib_Position,Fib_Level_Current,Fib_Distance_Next,Fib_Zone,Fib_Buy_Signal,Fib_Sell_Signal
2013-11-22,271.30,279.21,284.10,288.05,292.00,297.63,304.80,313.91,325.50,0.46,0.38,0.04,Zona de Consolidação,1,0
2013-11-25,271.30,279.21,284.10,288.05,292.00,297.63,304.80,313.91,325.50,0.19,0.00,0.05,Suporte Forte,0,0
2013-11-26,271.30,279.21,284.10,288.05,292.00,297.63,304.80,313.91,325.50,0.56,0.50,0.06,Zona de Consolidação,1,0
2013-11-27,271.30,279.21,284.10,288.05,292.00,297.63,304.80,313.91,325.50,0.77,0.62,0.02,Resistência,0,1
2013-11-29,271.30,279.21,284.10,288.05,292.00,297.63,304.80,313.91,325.50,0.64,0.62,0.15,Resistência,1,0
2013-12-02,271.30,279.21,284.10,288.05,292.00,297.63,304.80,313.91,325.50,0.61,0.50,0.01,Zona de Consolidação,1,0
2013-12-03,271.30,279.21,284.10,288.05,292.00,297.63,304.80,313.91,325.50,0.66,0.62,0.13,Resistência,1,0
2013-12-04,271.30,279.21,284.10,288.05,292.00,297.63,304.80,313.91,325.50,0.60,0.50,0.02,Zona de Consolidação,1,0
2013-12-05,271.30,279.21,284.10,288.05,292.00,297.63,304.80,313.91,325.50,0.67,0.62,0.12,Resistência,1,0
2013-12-06,271.30,279.21,284.10,288.05,292.00,297.63,304.80,313.91,325.50,0.59,0.50,0.03,Zona de Consolidação,1,0
2013-12-09,271.30,279.98,285.36,289.70,294.04,300.22,308.10,318.11,330.84,0.89,0.79,0.11,Resistência Forte,0,0
2013-12-10,271.30,281.85,288.38,293.65,298.92,306.43,316.00,328.16,343.62,0.86,0.79,0.14,Resistência Forte,0,0
2013-12-11,271.30,283.17,290.51,296.45,302.39,310.84,321.60,335.28,352.69,0.88,0.79,0.12,Resistência Forte,0,0
2013-12-12,271.30,283.24,290.63,296.60,302.57,311.07,321.90,335.66,353.17,0.80,0.79,0.20,Resistência Forte,0,1
2013-12-13,271.30,283.24,290.63,296.60,302.57,311.07,321.90,335.66,353.17,0.93,0.79,0.07,Resistência Forte,0,0
2013-12-16,271.30,284.59,292.81,299.45,306.09,315.55,327.60,342.91,362.39,0.81,0.79,0.19,Resistência Forte,0,1
2013-12-17,271.30,284.59,292.81,299.45,306.09,315.55,327.60,342.91,362.39,0.65,0.62,0.14,Resistência,1,0
2013-12-18,271.30,284.59,292.81,299.45,306.09,315.55,327.60,342.91,362.39,0.59,0.50,0.03,Zona de Consolidação,1,0
2013-12-19,271.30,284.59,292.81,299.45,306.09,315.55,327.60,342.91,362.39,0.51,0.50,0.11,Zona de Consolidação,0,0
2013-12-20,271.30,284.59,292.81,299.45,306.09,315.55,327.60,342.91,362.39,0.61,0.50,0.01,Zona de Consolidação,1,0
2013-12-23,271.30,284.59,292.81,299.45,306.09,315.55,327.60,342.91,362.39,0.51,0.50,0.11,Zona de Consolidação,0,0
2013-12-24,271.30,284.59,292.81,299.45,306.09,315.55,327.60,342.91,362.39,0.39,0.38,0.11,Zona de Consolidação,1,0
2013-12-26,271.30,284.59,292.81,299.45,306.09,315.55,327.60,342.91,362.39,0.40,0.38,0.10,Zona de Consolidação,1,0
2013-12-27,271.30,284.59,292.81,299.45,306.09,315.55,327.60,342.91,362.39,0.40,0.38,0.10,Zona de Consolidação,1,0
2013-12-30,271.30,284.59,292.81,299.45,306.09,315.55,327.60,342.91,362.39,0.54,0.50,0.08,Zona de Consolidação,0,0
2013-12-31,271.30,284.59,292.81,299.45,306.09,315.55,327.60,342.91,362.39,0.63,0.62,0.16,Resistência,1,0
2014-01-02,271.30,284.59,292.81,299.45,306.09,315.55,327.60,342.91,362.39,0.50,0.50,0.12,Zona de Consolidação,0,0
2014-01-03,271.30,284.59,292.81,299.45,306.09,315.55,327.60,342.91,362.39,0.39,0.38,0.11,Zona de Consolidação,1,0
2014-01-06,271.30,284.59,292.81,299.45,306.09,315.55,327.60,342.91,362.39,0.15,0.00,0.09,Suporte Forte,0,0
2014-01-07,268.80,282.68,291.26,298.20,305.14,315.02,327.60,343.59,363.94,0.06,0.00,0.18,Suporte Forte,0,0
2014-01-08,267.70,281.84,290.58,297.65,304.72,314.78,327.60,343.89,364.62,0.05,0.00,0.19,Suporte Forte,0,0
2014-01-09,258.00,274.43,284.59,292.80,301.01,312.71,327.60,346.53,370.61,0.01,0.00,0.23,Suporte Forte,0,0
2014-01-10,252.80,270.45,281.37,290.20,299.03,311.59,327.60,347.95,373.83,0.18,0.00,0.06,Suporte Forte,0,0
2014-01-13,252.80,270.45,281.37,290.20,299.03,311.59,327.60,347.95,373.83,0.06,0.00,0.18,Suporte Forte,0,0
2014-01-14,252.80,270.45,281.37,290.20,299.03,311.59,327.60,347.95,373.83,0.12,0.00,0.12,Suporte Forte,0,0
2014-01-15,228.40,251.81,266.29,278.00,289.71,306.37,327.60,354.58,388.91,0.26,0.24,0.12,Suporte,0,0
2014-01-16,228.40,251.81,266.29,278.00,289.71,306.37,327.60,354.58,388.91,0.14,0.00,0.10,Suporte Forte,0,0
2014-01-17,228.40,251.81,266.29,278.00,289.71,306.37,327.60,354.58,388.91,0.20,0.00,0.04,Suporte Forte,0,0
2014-01-21,228.40,251.81,266.29,278.00,289.71,306.37,327.60,354.58,388.91,0.11,0.00,0.13,Suporte Forte,0,0
2014-01-22,228.40,251.81,266.29,278.00,289.71,306.37,327.60,354.58,388.91,0.14,0.00,0.10,Suporte Forte,0,0
2014-01-23,228.40,251.81,266.29,278.00,289.71,306.37,327.60,354.58,388.91,0.16,0.00,0.08,Suporte Forte,0,0
2014-01-24,228.40,251.81,266.29,278.00,289.71,306.37,327.60,354.58,388.91,0.12,0.00,0.12,Suporte Forte,0,0
2014-01-27,228.40,251.81,266.29,278.00,289.71,306.37,327.60,354.58,388.91,0.13,0.00,0.11,Suporte Forte,0,0
2014-01-28,228.40,251.81,266.29,278.00,289.71,306.37,327.60,354.58,388.91,0.15,0.00,0.09,Suporte Forte,0,0
2014-01-29,228.40,251.81,266.29,278.00,289.71,306.37,327.60,354.58,388.91,0.07,0.00,0.17,Suporte Forte,0,0
2014-01-30,228.40,251.81,266.29,278.00,289.71,306.37,327.60,354.58,388.91,0.09,0.00,0.15,Suporte Forte,0,0
2014-01-31,228.40,251.81,266.29,278.00,289.71,306.37,327.60,354.58,388.91,0.05,0.00,0.19,Suporte Forte,0,0
2014-02-03,225.30,249.44,264.38,276.45,288.52,305.71,327.60,355.43,390.82,0.10,0.00,0.14,Suporte Forte,0,0
2014-02-04,225.30,249.44,264.38,276.45,288.52,305.71,327.60,355.43,390.82,0.07,0.00,0.17,Suporte Forte,0,0
2014-02-05,225.30,249.44,264.38,276.45,288.52,305.71,327.60,355.43,390.82,0.09,0.00,0.15,Suporte Forte,0,0
2014-02-06,225.30,249.44,264.38,276.45,288.52,305.71,327.60,355.43,390.82,0.06,0.00,0.18,Suporte Forte,0,0
2014-02-07,225.30,249.44,264.38,276.45,288.52,305.71,327.60,355.43,390.82,0.09,0.00,0.15,Suporte Forte,0,0
2014-02-10,225.30,249.44,264.38,276.45,288.52,305.71,327.60,355.43,390.82,0.09,0.00,0.15,Suporte Forte,0,0
2014-02-11,225.30,249.44,264.38,276.45,288.52,305.71,327.60,355.43,390.82,0.15,0.00,0.09,Suporte Forte,0,0
2014-02-12,225.30,249.44,264.38,276.45,288.52,305.71,327.60,355.43,390.82,0.24,0.24,0.14,Suporte,0,0
2014-02-13,225.30,249.44,264.38,276.45,288.52,305.71,327.60,355.43,390.82,0.33,0.24,0.05,Suporte,0,0
2014-02-14,225.30,249.44,264.38,276.45,288.52,305.71,327.60,355.43,390.82,0.28,0.24,0.10,Suporte,0,0
2014-02-18,225.30,249.44,264.38,276.45,288.52,305.71,327.60,355.43,390.82,0.32,0.24,0.06,Suporte,0,0
2014-02-19,225.30,249.44,264.38,276.45,288.52,305.71,327.60,355.43,390.82,0.29,0.24,0.09,Suporte,0,0
2014-02-20,225.30,249.44,264.38,276.45,288.52,305.71,327.60,355.43,390.82,0.35,0.24,0.03,Suporte,0,0
2014-02-21,225.30,249.44,264.38,276.45,288.52,305.71,327.60,355.43,390.82,0.33,0.24,0.05,Suporte,0,0
2014-02-24,225.30,249.44,264.38,276.45,288.52,305.71,327.60,355.43,390.82,0.35,0.24,0.03,Suporte,0,0
2014-02-25,225.30,249.44,264.38,276.45,288.52,305.71,327.60,355.43,390.82,0.39,0.38,0.11,Zona de Consolidação,1,0
2014-02-26,225.30,249.44,264.38,276.45,288.52,305.71,327.60,355.43,390.82,0.49,0.38,0.01,Zona de Consolidação,0,0
2014-02-27,225.30,249.44,264.38,276.45,288.52,305.71,327.60,355.43,390.82,0.47,0.38,0.03,Zona de Consolidação,0,0
2014-02-28,225.30,246.47,259.57,270.15,280.73,295.80,315.00,339.40,370.43,0.50,0.50,0.12,Zona de Consolidação,0,0
2014-03-03,225.30,246.47,259.57,270.15,280.73,295.80,315.00,339.40,370.43,0.42,0.38,0.08,Zona de Consolidação,0,0
2014-03-04,225.30,245.81,258.50,268.75,279.00,293.60,312.20,335.84,365.90,0.48,0.38,0.02,Zona de Consolidação,0,0
2014-03-05,225.30,245.24,257.58,267.55,277.52,291.72,309.80,332.78,362.02,0.52,0.50,0.10,Zona de Consolidação,0,0
2014-03-06,225.30,245.24,257.58,267.55,277.52,291.72,309.80,332.78,362.02,0.42,0.38,0.08,Zona de Consolidação,0,0
2014-03-07,225.30,244.75,256.78,266.50,276.22,290.07,307.70,330.11,358.62,0.48,0.38,0.02,Zona de Consolidação,0,0
2014-03-10,225.30,244.75,256.78,266.50,276.22,290.07,307.70,330.11,358.62,0.50,0.50,0.12,Zona de Consolidação,0,0
2014-03-11,225.30,244.75,256.78,266.50,276.22,290.07,307.70,330.11,358.62,0.54,0.50,0.08,Zona de Consolidação,0,0
2014-03-12,225.30,244.75,256.78,266.50,276.22,290.07,307.70,330.11,358.62,0.58,0.50,0.04,Zona de Consolidação,1,0
2014-03-13,225.30,244.75,256.78,266.50,276.22,290.07,307.70,330.11,358.62,0.57,0.50,0.05,Zona de Consolidação,0,0
2014-03-14,225.30,244.75,256.78,266.50,276.22,290.07,307.70,330.11,358.62,0.55,0.50,0.07,Zona de Consolidação,0,0
2014-03-17,225.30,242.93,253.84,262.65,271.46,284.01,300.00,320.32,346.16,0.64,0.62,0.15,Resistência,1,0
2014-03-18,225.30,241.91,252.19,260.50,268.81,280.63,295.70,314.85,339.21,0.67,0.62,0.12,Resistência,0,0
2014-03-19,225.30,238.52,246.69,253.30,259.91,269.32,281.30,296.53,315.91,0.84,0.79,0.16,Resistência Forte,0,0
2014-03-20,225.30,237.93,245.74,252.05,258.36,267.35,278.80,293.35,311.86,0.77,0.62,0.02,Resistência,0,1
2014-03-21,225.30,237.93,245.74,252.05,258.36,267.35,278.80,293.35,311.86,0.43,0.38,0.07,Zona de Consolidação,0,0
2014-03-24,225.30,237.93,245.74,252.05,258.36,267.35,278.80,293.35,311.86,0.41,0.38,0.09,Zona de Consolidação,1,0
2014-03-25,225.30,237.93,245.74,252.05,258.36,267.35,278.80,293.35,311.86,0.33,0.24,0.05,Suporte,0,0
2014-03-26,225.30,237.93,245.74,252.05,258.36,267.35,278.80,293.35,311.86,0.16,0.00,0.08,Suporte Forte,0,0
2014-03-27,225.30,237.93,245.74,252.05,258.36,267.35,278.80,293.35,311.86,0.23,0.00,0.01,Suporte Forte,0,0
2014-03-28,225.30,237.93,245.74,252.05,258.36,267.35,278.80,293.35,311.86,0.59,0.50,0.03,Zona de Consolidação,1,0
2014-03-31,225.30,237.93,245.74,252.05,258.36,267.35,278.80,293.35,311.86,0.72,0.62,0.07,Resistência,0,0
2014-04-01,225.30,237.93,245.74,252.05,258.36,267.35,278.80,293.35,311.86,0.84,0.79,0.16,Resistência Forte,0,0
2014-04-02,225.30,237.93,245.74,252.05,258.36,267.35,278.80,293.35,311.86,0.70,0.62,0.09,Resistência,0,0
2014-04-03,225.30,237.93,245.74,252.05,258.36,267.35,278.80,293.35,311.86,0.57,0.50,0.05,Zona de Consolidação,1,0
2014-04-04,225.30,237.93,245.74,252.05,258.36,267.35,278.80,293.35,311.86,0.55,0.50,0.07,Zona de Consolidação,0,0
2014-04-07,225.30,237.93,245.74,252.05,258.36,267.35,278.80,293.35,311.86,0.50,0.50,0.12,Zona de Consolidação,0,0
2014-04-08,225.30,237.93,245.74,252.05,258.36,267.35,278.80,293.35,311.86,0.47,0.38,0.03,Zona de Consolidação,0,0
2014-04-09,225.30,237.93,245.74,252.05,258.36,267.35,278.80,293.35,311.86,0.52,0.50,0.10,Zona de Consolidação,0,0
2014-04-10,225.30,237.93,245.74,252.05,258.36,267.35,278.80,293.35,311.86,0.46,0.38,0.04,Zona de Consolidação,0,0
2014-04-11,225.30,237.93,245.74,252.05,258.36,267.35,278.80,293.35,311.86,0.39,0.38,0.11,Zona de Consolidação,1,0
2014-04-14,225.30,237.93,245.74,252.05,258.36,267.35,278.80,293.35,311.86,0.41,0.38,0.09,Zona de Consolidação,1,0
2014-04-15,230.00,241.52,248.64,254.40,260.16,268.36,278.80,292.07,308.96,0.49,0.38,0.01,Zona de Consolidação,0,0
2014-04-16,230.00,241.52,248.64,254.40,260.16,268.36,278.80,292.07,308.96,0.47,0.38,0.03,Zona de Consolidação,0,0
2014-04-17,230.90,242.20,249.20,254.85,260.50,268.55,278.80,291.83,308.40,0.63,0.62,0.16,Resistência,1,0
2014-04-21,232.50,243.43,250.19,255.65,261.11,268.89,278.80,291.39,307.41,0.67,0.62,0.12,Resistência,1,0
2014-04-22,232.50,243.66,250.57,256.15,261.73,269.68,279.80,292.67,309.03,0.87,0.79,0.13,Resistência Forte,0,0
2014-04-23,232.50,243.66,250.57,256.15,261.73,269.68,279.80,292.67,309.03,0.77,0.62,0.02,Resistência,0,1
2014-04-24,232.50,243.66,250.57,256.15,261.73,269.68,279.80,292.67,309.03,0.79,0.79,0.21,Resistência Forte,0,1
2014-04-25,232.50,243.66,250.57,256.15,261.73,269.68,279.80,292.67,309.03,0.70,0.62,0.09,Resistência,0,0
2014-04-28,232.50,243.66,250.57,256.15,261.73,269.68,279.80,292.67,309.03,0.70,0.62,0.09,Resistência,0,0
2014-04-29,232.50,243.71,250.64,256.25,261.86,269.83,280.00,292.92,309.36,0.97,0.79,0.03,Resistência Forte,0,1
2014-04-30,232.50,243.71,250.64,256.25,261.86,269.83,280.00,292.92,309.36,0.90,0.79,0.10,Resistência Forte,0,0
2014-05-01,232.50,243.71,250.64,256.25,261.86,269.83,280.00,292.92,309.36,0.77,0.62,0.02,Resistência,0,1
2014-05-02,232.50,243.71,250.64,256.25,261.86,269.83,280.00,292.92,309.36,0.87,0.79,0.13,Resistência Forte,0,0
2014-05-05,232.50,243.71,250.64,256.25,261.86,269.83,280.00,292.92,309.36,0.76,0.62,0.03,Resistência,0,1
2014-05-06,232.50,243.71,250.64,256.25,261.86,269.83,280.00,292.92,309.36,0.71,0.62,0.08,Resistência,0,0
2014-05-07,232.50,243.71,250.64,256.25,261.86,269.83,280.00,292.92,309.36,0.61,0.50,0.01,Zona de Consolidação,1,0
2014-05-08,232.50,243.71,250.64,256.25,261.86,269.83,280.00,292.92,309.36,0.53,0.50,0.09,Zona de Consolidação,0,0
2014-05-09,232.50,243.71,250.64,256.25,261.86,269.83,280.00,292.92,309.36,0.63,0.62,0.16,Resistência,1,0
2014-05-12,232.50,243.71,250.64,256.25,261.86,269.83,280.00,292.92,309.36,0.72,0.62,0.07,Resistência,0,0
2014-05-13,232.50,243.71,250.64,256.25,261.86,269.83,280.00,292.92,309.36,0.73,0.62,0.06,Resistência,0,0
2014-05-14,232.50,243.71,250.64,256.25,261.86,269.83,280.00,292.92,309.36,0.71,0.62,0.08,Resistência,0,0
2014-05-15,232.50,243.71,250.64,256.25,261.86,269.83,280.00,292.92,309.36,0.60,0.50,0.02,Zona de Consolidação,1,0
2014-05-16,232.50,243.71,250.64,256.25,261.86,269.83,280.00,292.92,309.36,0.59,0.50,0.03,Zona de Consolidação,1,0
2014-05-19,232.50,243.71,250.64,256.25,261.86,269.83,280.00,292.92,309.36,0.58,0.50,0.04,Zona de Consolidação,1,0
2014-05-20,232.50,243.71,250.64,256.25,261.86,269.83,280.00,292.92,309.36,0.29,0.24,0.09,Suporte,0,0
2014-05-21,232.50,243.71,250.64,256.25,261.86,269.83,280.00,292.92,309.36,0.27,0.24,0.11,Suporte,0,0
2014-05-22,232.50,243.71,250.64,256.25,261.86,269.83,280.00,292.92,309.36,0.42,0.38,0.08,Zona de Consolidação,1,0
2014-05-23,232.50,243.71,250.64,256.25,261.86,269.83,280.00,292.92,309.36,0.55,0.50,0.07,Zona de Consolidação,0,0
2014-05-27,232.50,243.71,250.64,256.25,261.86,269.83,280.00,292.92,309.36,0.80,0.79,0.20,Resistência Forte,0,1
2014-05-28,232.50,245.90,254.20,260.90,267.60,277.14,289.30,304.75,324.40,0.86,0.79,0.14,Resistência Forte,0,0
2014-05-29,232.50,245.90,254.20,260.90,267.60,277.14,289.30,304.75,324.40,0.89,0.79,0.11,Resistência Forte,0,0
2014-05-30,232.50,245.90,254.20,260.90,267.60,277.14,289.30,304.75,324.40,0.80,0.79,0.20,Resistência Forte,0,1
2014-06-02,232.50,245.90,254.20,260.90,267.60,277.14,289.30,304.75,324.40,0.79,0.79,0.21,Resistência Forte,0,1
2014-06-03,232.50,245.90,254.20,260.90,267.60,277.14,289.30,304.75,324.40,0.77,0.62,0.02,Resistência,0,1
2014-06-04,232.50,245.90,254.20,260.90,267.60,277.14,289.30,304.75,324.40,0.79,0.79,0.21,Resistência Forte,0,1
2014-06-05,232.50,256.17,270.81,282.65,294.49,311.34,332.80,360.08,394.79,0.99,0.79,0.01,Resistência Forte,0,1
2014-06-06,232.50,260.99,278.61,292.85,307.09,327.37,353.20,386.03,427.79,0.80,0.79,0.20,Resistência Forte,0,1
2014-06-09,238.50,265.57,282.32,295.85,309.38,328.65,353.20,384.40,424.08,0.89,0.79,0.11,Resistência Forte,0,0
2014-06-10,241.60,267.94,284.23,297.40,310.57,329.32,353.20,383.56,422.17,0.98,0.79,0.02,Resistência Forte,0,1
2014-06-11,241.60,267.94,284.23,297.40,310.57,329.32,353.20,383.56,422.17,0.98,0.79,0.02,Resistência Forte,0,1
2014-06-12,241.60,267.94,284.23,297.40,310.57,329.32,353.20,383.56,422.17,0.94,0.79,0.06,Resistência Forte,0,0
2014-06-13,241.60,267.94,284.23,297.40,310.57,329.32,353.20,383.56,422.17,0.97,0.79,0.03,Resistência Forte,0,0
2014-06-16,241.60,269.47,286.71,300.65,314.59,334.43,359.70,391.82,432.69,0.91,0.79,0.09,Resistência Forte,0,0
2014-06-17,241.60,269.78,287.21,301.30,315.39,335.45,361.00,393.48,434.79,0.96,0.79,0.04,Resistência Forte,0,0
2014-06-18,241.60,271.43,289.88,304.80,319.72,340.95,368.00,402.38,446.12,0.98,0.79,0.02,Resistência Forte,0,1
2014-06-19,241.60,274.26,294.47,310.80,327.13,350.38,380.00,417.64,465.53,0.99,0.79,0.01,Resistência Forte,0,1
2014-06-20,241.60,274.26,294.47,310.80,327.13,350.38,380.00,417.64,465.53,0.97,0.79,0.03,Resistência Forte,0,1
2014-06-23,241.60,274.26,294.47,310.80,327.13,350.38,380.00,417.64,465.53,0.98,0.79,0.02,Resistência Forte,0,1
2014-06-24,241.90,274.49,294.65,310.95,327.25,350.45,380.00,417.56,465.35,0.90,0.79,0.10,Resistência Forte,0,0
2014-06-25,241.90,274.49,294.65,310.95,327.25,350.45,380.00,417.56,465.35,0.82,0.79,0.18,Resistência Forte,0,0
2014-06-26,241.90,274.49,294.65,310.95,327.25,350.45,380.00,417.56,465.35,0.78,0.62,0.01,Resistência,0,1
2014-06-27,241.90,274.49,294.65,310.95,327.25,350.45,380.00,417.56,465.35,0.82,0.79,0.18,Resistência Forte,0,0
2014-06-30,241.90,274.49,294.65,310.95,327.25,350.45,380.00,417.56,465.35,0.90,0.79,0.10,Resistência Forte,0,0
2014-07-01,241.90,274.49,294.65,310.95,327.25,350.45,380.00,417.56,465.35,0.89,0.79,0.11,Resistência Forte,0,0
2014-07-02,241.90,274.49,294.65,310.95,327.25,350.45,380.00,417.56,465.35,0.88,0.79,0.12,Resistência Forte,0,0
2014-07-03,241.90,274.49,294.65,310.95,327.25,350.45,380.00,417.56,465.35,0.91,0.79,0.09,Resistência Forte,0,0
2014-07-07,241.90,274.49,294.65,310.95,327.25,350.45,380.00,417.56,465.35,0.80,0.79,0.20,Resistência Forte,0,1
2014-07-08,241.90,274.49,294.65,310.95,327.25,350.45,380.00,417.56,465.35,0.76,0.62,0.03,Resistência,0,1
2014-07-09,241.90,274.49,294.65,310.95,327.25,350.45,380.00,417.56,465.35,0.83,0.79,0.17,Resistência Forte,0,0
2014-07-10,241.90,274.49,294.65,310.95,327.25,350.45,380.00,417.56,465.35,0.77,0.62,0.02,Resistência,0,1
2014-07-11,241.90,274.49,294.65,310.95,327.25,350.45,380.00,417.56,465.35,0.69,0.62,0.10,Resistência,0,0
2014-07-14,241.90,274.49,294.65,310.95,327.25,350.45,380.00,417.56,465.35,0.75,0.62,0.04,Resistência,0,0
2014-07-15,241.90,274.49,294.65,310.95,327.25,350.45,380.00,417.56,465.35,0.69,0.62,0.10,Resistência,0,0
2014-07-16,241.90,274.49,294.65,310.95,327.25,350.45,380.00,417.56,465.35,0.70,0.62,0.09,Resistência,0,0
2014-07-17,241.90,274.49,294.65,310.95,327.25,350.45,380.00,417.56,465.35,0.68,0.62,0.11,Resistência,0,0
2014-07-18,241.90,274.49,294.65,310.95,327.25,350.45,380.00,417.56,465.35,0.75,0.62,0.04,Resistência,0,0
2014-07-21,241.90,274.49,294.65,310.95,327.25,350.45,380.00,417.56,465.35,0.74,0.62,0.05,Resistência,0,0
2014-07-22,241.90,274.49,294.65,310.95,327.25,350.45,380.00,417.56,465.35,0.76,0.62,0.03,Resistência,0,0
2014-07-23,241.90,274.49,294.65,310.95,327.25,350.45,380.00,417.56,465.35,0.75,0.62,0.04,Resistência,0,0
2014-07-24,241.90,274.49,294.65,310.95,327.25,350.45,380.00,417.56,465.35,0.73,0.62,0.06,Resistência,0,0
2014-07-25,241.90,274.49,294.65,310.95,327.25,350.45,380.00,417.56,465.35,0.68,0.62,0.11,Resistência,0,0
2014-07-28,241.90,274.49,294.65,310.95,327.25,350.45,380.00,417.56,465.35,0.66,0.62,0.13,Resistência,0,0
2014-07-29,241.90,274.49,294.65,310.95,327.25,350.45,380.00,417.56,465.35,0.64,0.62,0.15,Resistência,0,0
2014-07-30,241.90,274.49,294.65,310.95,327.25,350.45,380.00,417.56,465.35,0.70,0.62,0.09,Resistência,0,0
2014-07-31,241.90,274.49,294.65,310.95,327.25,350.45,380.00,417.56,465.35,0.70,0.62,0.09,Resistência,0,0
2014-08-01,246.20,277.78,297.31,313.10,328.89,351.37,380.00,416.39,462.69,0.64,0.62,0.15,Resistência,1,0
2014-08-04,250.80,281.29,300.15,315.40,330.65,352.35,380.00,415.14,459.85,0.70,0.62,0.09,Resistência,0,0
2014-08-05,259.30,287.79,305.41,319.65,333.89,354.17,380.00,412.83,454.59,0.75,0.62,0.04,Resistência,0,0
2014-08-06,267.70,294.20,310.60,323.85,337.10,355.97,380.00,410.55,449.40,0.74,0.62,0.05,Resistência,0,0
2014-08-07,267.70,294.20,310.60,323.85,337.10,355.97,380.00,410.55,449.40,0.68,0.62,0.11,Resistência,0,0
2014-08-08,267.70,294.20,310.60,323.85,337.10,355.97,380.00,410.55,449.40,0.71,0.62,0.08,Resistência,0,0
2014-08-11,267.70,294.20,310.60,323.85,337.10,355.97,380.00,410.55,449.40,0.81,0.79,0.19,Resistência Forte,0,1
2014-08-12,267.70,294.20,310.60,323.85,337.10,355.97,380.00,410.55,449.40,0.71,0.62,0.08,Resistência,0,0
2014-08-13,273.30,298.48,314.06,326.65,339.24,357.17,380.00,409.02,445.94,0.54,0.50,0.08,Zona de Consolidação,0,0
2014-08-14,286.10,308.26,321.97,333.05,344.13,359.91,380.00,405.54,438.03,0.46,0.38,0.04,Zona de Consolidação,0,0
2014-08-15,321.90,335.61,344.09,350.95,357.81,367.57,380.00,395.80,415.91,0.07,0.00,0.17,Suporte Forte,0,0
2014-08-18,321.90,335.61,344.09,350.95,357.81,367.57,380.00,395.80,415.91,0.17,0.00,0.07,Suporte Forte,0,0
2014-08-19,321.90,335.61,344.09,350.95,357.81,367.57,380.00,395.80,415.91,0.32,0.24,0.06,Suporte,0,0
2014-08-20,321.90,335.61,344.09,350.95,357.81,367.57,380.00,395.80,415.91,0.35,0.24,0.03,Suporte,1,0
2014-08-21,321.90,335.61,344.09,350.95,357.81,367.57,380.00,395.80,415.91,0.37,0.24,0.01,Suporte,1,0
2014-08-22,321.90,335.61,344.09,350.95,357.81,367.57,380.00,395.80,415.91,0.31,0.24,0.07,Suporte,0,0
2014-08-25,321.90,335.61,344.09,350.95,357.81,367.57,380.00,395.80,415.91,0.39,0.38,0.11,Zona de Consolidação,1,0
2014-08-26,321.90,335.64,344.13,351.00,357.87,367.65,380.10,395.93,416.07,0.88,0.79,0.12,Resistência Forte,0,0
2014-08-27,321.90,335.85,344.48,351.45,358.42,368.35,381.00,397.08,417.52,0.59,0.50,0.03,Zona de Consolidação,1,0
2014-08-28,321.90,335.85,344.48,351.45,358.42,368.35,381.00,397.08,417.52,0.72,0.62,0.07,Resistência,0,0
2014-08-29,321.90,335.85,344.48,351.45,358.42,368.35,381.00,397.08,417.52,0.70,0.62,0.09,Resistência,0,0
2014-09-02,321.90,338.16,348.22,356.35,364.48,376.06,390.80,409.54,433.38,0.95,0.79,0.05,Resistência Forte,0,1
2014-09-03,321.90,338.16,348.22,356.35,364.48,376.06,390.80,409.54,433.38,0.30,0.24,0.08,Suporte,0,0
2014-09-04,321.90,338.16,348.22,356.35,364.48,376.06,390.80,409.54,433.38,0.48,0.38,0.02,Zona de Consolidação,0,0
2014-09-05,321.90,338.16,348.22,356.35,364.48,376.06,390.80,409.54,433.38,0.29,0.24,0.09,Suporte,0,0
2014-09-08,321.90,338.16,348.22,356.35,364.48,376.06,390.80,409.54,433.38,0.32,0.24,0.06,Suporte,0,0
2014-09-09,321.90,338.16,348.22,356.35,364.48,376.06,390.80,409.54,433.38,0.27,0.24,0.11,Suporte,0,0
2014-09-10,321.90,338.16,348.22,356.35,364.48,376.06,390.80,409.54,433.38,0.32,0.24,0.06,Suporte,0,0
2014-09-11,321.90,338.16,348.22,356.35,364.48,376.06,390.80,409.54,433.38,0.29,0.24,0.09,Suporte,0,0
2014-09-12,321.90,338.16,348.22,356.35,364.48,376.06,390.80,409.54,433.38,0.24,0.24,0.14,Suporte,0,0
2014-09-15,321.90,338.16,348.22,356.35,364.48,376.06,390.80,409.54,433.38,0.15,0.00,0.09,Suporte Forte,0,0
2014-09-16,321.90,338.16,348.22,356.35,364.48,376.06,390.80,409.54,433.38,0.17,0.00,0.07,Suporte Forte,0,0
2014-09-17,321.90,338.16,348.22,356.35,364.48,376.06,390.80,409.54,433.38,0.16,0.00,0.08,Suporte Forte,0,0
2014-09-18,321.90,338.16,348.22,356.35,364.48,376.06,390.80,409.54,433.38,0.26,0.24,0.12,Suporte,0,0
2014-09-19,321.90,338.16,348.22,356.35,364.48,376.06,390.80,409.54,433.38,0.11,0.00,0.13,Suporte Forte,0,0
2014-09-22,311.20,329.99,341.61,351.00,360.39,373.77,390.80,412.45,439.99,0.10,0.00,0.14,Suporte Forte,0,0
2014-09-23,311.20,329.99,341.61,351.00,360.39,373.77,390.80,412.45,439.99,0.10,0.00,0.14,Suporte Forte,0,0
2014-09-24,308.90,328.23,340.19,349.85,359.51,373.27,390.80,413.08,441.41,0.06,0.00,0.18,Suporte Forte,0,0
2014-09-25,307.20,326.93,339.14,349.00,358.86,372.91,390.80,413.54,442.46,0.01,0.00,0.23,Suporte Forte,0,0
2014-09-26,305.20,325.40,337.90,348.00,358.10,372.48,390.80,414.08,443.70,0.01,0.00,0.23,Suporte Forte,0,0
2014-09-29,302.20,323.11,336.05,346.50,356.95,371.84,390.80,414.90,445.55,0.11,0.00,0.13,Suporte Forte,0,0
2014-09-30,301.10,322.27,335.37,345.95,356.53,371.60,390.80,415.20,446.23,0.02,0.00,0.22,Suporte Forte,0,0
2014-10-01,296.70,318.91,332.65,343.75,354.85,370.66,390.80,416.40,448.95,0.12,0.00,0.12,Suporte Forte,0,0
2014-10-02,296.70,318.91,332.65,343.75,354.85,370.66,390.80,416.40,448.95,0.17,0.00,0.07,Suporte Forte,0,0
2014-10-03,296.70,318.91,332.65,343.75,354.85,370.66,390.80,416.40,448.95,0.24,0.24,0.14,Suporte,0,0
2014-10-06,296.70,318.91,332.65,343.75,354.85,370.66,390.80,416.40,448.95,0.22,0.00,0.02,Suporte Forte,0,0
2014-10-07,296.70,318.91,332.65,343.75,354.85,370.66,390.80,416.40,448.95,0.17,0.00,0.07,Suporte Forte,0,0
2014-10-08,296.70,318.91,332.65,343.75,354.85,370.66,390.80,416.40,448.95,0.36,0.24,0.02,Suporte,1,0
2014-10-09,296.70,318.91,332.65,343.75,354.85,370.66,390.80,416.40,448.95,0.22,0.00,0.02,Suporte Forte,0,0
2014-10-10,296.70,318.91,332.65,343.75,354.85,370.66,390.80,416.40,448.95,0.11,0.00,0.13,Suporte Forte,0,0
2014-10-13,296.70,318.91,332.65,343.75,354.85,370.66,390.80,416.40,448.95,0.13,0.00,0.11,Suporte Forte,0,0
2014-10-14,296.70,318.91,332.65,343.75,354.85,370.66,390.80,416.40,448.95,0.25,0.24,0.13,Suporte,0,0
2014-10-15,296.70,318.91,332.65,343.75,354.85,370.66,390.80,416.40,448.95,0.35,0.24,0.03,Suporte,1,0
2014-10-16,296.70,318.91,332.65,343.75,354.85,370.66,390.80,416.40,448.95,0.38,0.24,0.00,Suporte,1,0
2014-10-17,296.70,318.91,332.65,343.75,354.85,370.66,390.80,416.40,448.95,0.25,0.24,0.13,Suporte,0,0
2014-10-20,296.70,318.91,332.65,343.75,354.85,370.66,390.80,416.40,448.95,0.30,0.24,0.08,Suporte,0,0
2014-10-21,296.70,318.91,332.65,343.75,354.85,370.66,390.80,416.40,448.95,0.48,0.38,0.02,Zona de Consolidação,0,0
2014-10-22,296.70,318.91,332.65,343.75,354.85,370.66,390.80,416.40,448.95,0.41,0.38,0.09,Zona de Consolidação,1,0
2014-10-23,296.70,318.91,332.65,343.75,354.85,370.66,390.80,416.40,448.95,0.36,0.24,0.02,Suporte,1,0
2014-10-24,296.70,318.91,332.65,343.75,354.85,370.66,390.80,416.40,448.95,0.41,0.38,0.09,Zona de Consolidação,1,0
2014-10-27,296.70,318.91,332.65,343.75,354.85,370.66,390.80,416.40,448.95,0.33,0.24,0.05,Suporte,0,0
2014-10-28,296.70,318.91,332.65,343.75,354.85,370.66,390.80,416.40,448.95,0.35,0.24,0.03,Suporte,1,0
2014-10-29,296.70,318.91,332.65,343.75,354.85,370.66,390.80,416.40,448.95,0.44,0.38,0.06,Zona de Consolidação,0,0
2014-10-30,296.70,318.91,332.65,343.75,354.85,370.66,390.80,416.40,448.95,0.50,0.50,0.12,Zona de Consolidação,0,0
2014-10-31,296.70,318.91,332.65,343.75,354.85,370.66,390.80,416.40,448.95,0.57,0.50,0.05,Zona de Consolidação,0,0
2014-11-03,296.70,318.91,332.65,343.75,354.85,370.66,390.80,416.40,448.95,0.52,0.50,0.10,Zona de Consolidação,0,0
2014-11-04,296.70,318.91,332.65,343.75,354.85,370.66,390.80,416.40,448.95,0.45,0.38,0.05,Zona de Consolidação,0,0
2014-11-05,296.70,318.91,332.65,343.75,354.85,370.66,390.80,416.40,448.95,0.47,0.38,0.03,Zona de Consolidação,0,0
2014-11-06,296.70,318.91,332.65,343.75,354.85,370.66,390.80,416.40,448.95,0.53,0.50,0.09,Zona de Consolidação,0,0
2014-11-07,296.70,318.91,332.65,343.75,354.85,370.66,390.80,416.40,448.95,0.54,0.50,0.08,Zona de Consolidação,0,0
2014-11-10,296.70,318.91,332.65,343.75,354.85,370.66,390.80,416.40,448.95,0.59,0.50,0.03,Zona de Consolidação,1,0
2014-11-11,296.70,314.00,324.70,333.35,342.00,354.31,370.00,389.94,415.30,0.72,0.62,0.07,Resistência,0,0
2014-11-12,296.70,312.63,322.48,330.45,338.42,349.76,364.20,382.56,405.92,0.78,0.62,0.01,Resistência,0,1
2014-11-13,296.70,311.64,320.88,328.35,335.82,346.45,360.00,377.22,399.12,0.79,0.79,0.21,Resistência Forte,0,1
2014-11-14,296.70,311.64,320.88,328.35,335.82,346.45,360.00,377.22,399.12,0.81,0.79,0.19,Resistência Forte,0,1
2014-11-17,296.70,311.64,320.88,328.35,335.82,346.45,360.00,377.22,399.12,0.71,0.62,0.08,Resistência,0,0
2014-11-18,296.70,311.64,320.88,328.35,335.82,346.45,360.00,377.22,399.12,0.54,0.50,0.08,Zona de Consolidação,0,0
2014-11-19,296.70,311.64,320.88,328.35,335.82,346.45,360.00,377.22,399.12,0.52,0.50,0.10,Zona de Consolidação,0,0
2014-11-20,296.70,311.64,320.88,328.35,335.82,346.45,360.00,377.22,399.12,0.74,0.62,0.05,Resistência,0,1
2014-11-21,296.70,311.64,320.88,328.35,335.82,346.45,360.00,377.22,399.12,0.68,0.62,0.11,Resistência,0,0
2014-11-24,296.70,311.64,320.88,328.35,335.82,346.45,360.00,377.22,399.12,0.94,0.79,0.06,Resistência Forte,0,0
2014-11-25,296.70,311.64,320.88,328.35,335.82,346.45,360.00,377.22,399.12,0.84,0.79,0.16,Resistência Forte,0,1
2014-11-26,296.70,312.82,322.79,330.85,338.91,350.38,365.00,383.58,407.21,0.97,0.79,0.03,Resistência Forte,0,1
2014-11-28,296.70,314.99,326.30,335.45,344.60,357.62,374.20,395.28,422.10,0.96,0.79,0.04,Resistência Forte,0,1
2014-12-01,296.70,315.60,327.30,336.75,346.20,359.66,376.80,398.59,426.30,0.86,0.79,0.14,Resistência Forte,0,0
2014-12-02,287.90,308.88,321.86,332.35,342.84,357.78,376.80,400.98,431.74,0.08,0.00,0.16,Suporte Forte,0,0
2014-12-03,287.90,308.88,321.86,332.35,342.84,357.78,376.80,400.98,431.74,0.13,0.00,0.11,Suporte Forte,0,0
2014-12-04,287.90,308.88,321.86,332.35,342.84,357.78,376.80,400.98,431.74,0.11,0.00,0.13,Suporte Forte,0,0
2014-12-05,266.50,292.53,308.63,321.65,334.67,353.20,376.80,406.80,444.97,0.13,0.00,0.11,Suporte Forte,0,0
2014-12-08,266.50,292.53,308.63,321.65,334.67,353.20,376.80,406.80,444.97,0.12,0.00,0.12,Suporte Forte,0,0
2014-12-09,266.50,292.53,308.63,321.65,334.67,353.20,376.80,406.80,444.97,0.17,0.00,0.07,Suporte Forte,0,0
2014-12-10,266.50,292.53,308.63,321.65,334.67,353.20,376.80,406.80,444.97,0.08,0.00,0.16,Suporte Forte,0,0
2014-12-11,266.50,292.53,308.63,321.65,334.67,353.20,376.80,406.80,444.97,0.06,0.00,0.18,Suporte Forte,0,0
2014-12-12,266.50,292.53,308.63,321.65,334.67,353.20,376.80,406.80,444.97,0.05,0.00,0.19,Suporte Forte,0,0
2014-12-15,266.50,292.53,308.63,321.65,334.67,353.20,376.80,406.80,444.97,0.07,0.00,0.17,Suporte Forte,0,0
2014-12-16,266.50,292.53,308.63,321.65,334.67,353.20,376.80,406.80,444.97,0.01,0.00,0.23,Suporte Forte,0,0
2014-12-17,266.50,292.53,308.63,321.65,334.67,353.20,376.80,406.80,444.97,0.16,0.00,0.08,Suporte Forte,0,0
2014-12-18,266.50,292.53,308.63,321.65,334.67,353.20,376.80,406.80,444.97,0.22,0.00,0.02,Suporte Forte,0,0
2014-12-19,266.50,292.53,308.63,321.65,334.67,353.20,376.80,406.80,444.97,0.20,0.00,0.04,Suporte Forte,0,0
2014-12-22,266.50,292.53,308.63,321.65,334.67,353.20,376.80,406.80,444.97,0.14,0.00,0.10,Suporte Forte,0,0
2014-12-23,266.50,292.53,308.63,321.65,334.67,353.20,376.80,406.80,444.97,0.14,0.00,0.10,Suporte Forte,0,0
2014-12-24,266.50,292.53,308.63,321.65,334.67,353.20,376.80,406.80,444.97,0.08,0.00,0.16,Suporte Forte,0,0
2014-12-26,266.50,292.53,308.63,321.65,334.67,353.20,376.80,406.80,444.97,0.06,0.00,0.18,Suporte Forte,0,0
2014-12-29,264.50,291.00,307.40,320.65,333.90,352.77,376.80,407.35,446.20,0.02,0.00,0.22,Suporte Forte,0,0
2014-12-30,252.90,282.14,300.23,314.85,329.47,350.29,376.80,410.50,453.37,0.07,0.00,0.17,Suporte Forte,0,0
2014-12-31,252.90,282.14,300.23,314.85,329.47,350.29,376.80,410.50,453.37,0.07,0.00,0.17,Suporte Forte,0,0
2015-01-02,252.90,282.14,300.23,314.85,329.47,350.29,376.80,410.50,453.37,0.05,0.00,0.19,Suporte Forte,0,0
2015-01-05,240.60,272.74,292.63,308.70,324.77,347.65,376.80,413.85,460.97,0.01,0.00,0.23,Suporte Forte,0,0
2015-01-06,220.70,257.54,280.33,298.75,317.17,343.39,376.80,419.26,473.27,0.04,0.00,0.20,Suporte Forte,0,0
2015-01-07,220.70,257.54,280.33,298.75,317.17,343.39,376.80,419.26,473.27,0.11,0.00,0.13,Suporte Forte,0,0
2015-01-08,220.70,257.54,280.33,298.75,317.17,343.39,376.80,419.26,473.27,0.10,0.00,0.14,Suporte Forte,0,0
2015-01-09,220.70,257.54,280.33,298.75,317.17,343.39,376.80,419.26,473.27,0.14,0.00,0.10,Suporte Forte,0,0
2015-01-12,220.70,257.54,280.33,298.75,317.17,343.39,376.80,419.26,473.27,0.19,0.00,0.05,Suporte Forte,0,0
2015-01-13,220.70,257.54,280.33,298.75,317.17,343.39,376.80,419.26,473.27,0.19,0.00,0.05,Suporte Forte,0,0
2015-01-14,220.70,257.54,280.33,298.75,317.17,343.39,376.80,419.26,473.27,0.17,0.00,0.07,Suporte Forte,0,0
2015-01-15,220.70,257.54,280.33,298.75,317.17,343.39,376.80,419.26,473.27,0.08,0.00,0.16,Suporte Forte,0,0
2015-01-16,220.70,257.54,280.33,298.75,317.17,343.39,376.80,419.26,473.27,0.07,0.00,0.17,Suporte Forte,0,0
2015-01-20,220.70,257.54,280.33,298.75,317.17,343.39,376.80,419.26,473.27,0.04,0.00,0.20,Suporte Forte,0,0
2015-01-21,220.70,257.54,280.33,298.75,317.17,343.39,376.80,419.26,473.27,0.06,0.00,0.18,Suporte Forte,0,0
2015-01-22,220.70,257.54,280.33,298.75,317.17,343.39,376.80,419.26,473.27,0.07,0.00,0.17,Suporte Forte,0,0
2015-01-23,220.70,257.54,280.33,298.75,317.17,343.39,376.80,419.26,473.27,0.06,0.00,0.18,Suporte Forte,0,0
2015-01-26,220.70,257.54,280.33,298.75,317.17,343.39,376.80,419.26,473.27,0.10,0.00,0.14,Suporte Forte,0,0
2015-01-27,220.70,257.54,280.33,298.75,317.17,343.39,376.80,419.26,473.27,0.10,0.00,0.14,Suporte Forte,0,0
2015-01-28,220.70,257.54,280.33,298.75,317.17,343.39,376.80,419.26,473.27,0.08,0.00,0.16,Suporte Forte,0,0
2015-01-29,220.70,257.54,280.33,298.75,317.17,343.39,376.80,419.26,473.27,0.10,0.00,0.14,Suporte Forte,0,0
2015-01-30,220.70,257.54,280.33,298.75,317.17,343.39,376.80,419.26,473.27,0.09,0.00,0.15,Suporte Forte,0,0
2015-02-02,220.70,257.54,280.33,298.75,317.17,343.39,376.80,419.26,473.27,0.10,0.00,0.14,Suporte Forte,0,0
2015-02-03,220.70,257.54,280.33,298.75,317.17,343.39,376.80,419.26,473.27,0.16,0.00,0.08,Suporte Forte,0,0
2015-02-04,220.70,257.54,280.33,298.75,317.17,343.39,376.80,419.26,473.27,0.10,0.00,0.14,Suporte Forte,0,0
2015-02-05,220.70,257.54,280.33,298.75,317.17,343.39,376.80,419.26,473.27,0.16,0.00,0.08,Suporte Forte,0,0
2015-02-06,220.70,257.54,280.33,298.75,317.17,343.39,376.80,419.26,473.27,0.19,0.00,0.05,Suporte Forte,0,0
2015-02-09,220.70,257.54,280.33,298.75,317.17,343.39,376.80,419.26,473.27,0.17,0.00,0.07,Suporte Forte,0,0
2015-02-10,220.70,257.54,280.33,298.75,317.17,343.39,376.80,419.26,473.27,0.17,0.00,0.07,Suporte Forte,0,0
2015-02-11,220.70,257.54,280.33,298.75,317.17,343.39,376.80,419.26,473.27,0.16,0.00,0.08,Suporte Forte,0,0
2015-02-12,220.70,249.26,266.92,281.20,295.48,315.81,341.70,374.61,416.48,0.20,0.00,0.04,Suporte Forte,0,0
2015-02-13,220.70,242.20,255.50,266.25,277.00,292.30,311.80,336.58,368.10,0.29,0.24,0.09,Suporte,0,0
2015-02-17,220.70,239.60,251.30,260.75,270.20,283.66,300.80,322.59,350.30,0.26,0.24,0.12,Suporte,0,0
2015-02-18,220.70,238.75,249.92,258.95,267.98,280.83,297.20,318.01,344.48,0.26,0.24,0.12,Suporte,0,0
2015-02-19,220.70,237.93,248.59,257.20,265.81,278.08,293.70,313.56,338.81,0.20,0.00,0.04,Suporte Forte,0,0
2015-02-20,220.70,237.93,248.59,257.20,265.81,278.08,293.70,313.56,338.81,0.25,0.24,0.13,Suporte,0,0
2015-02-23,220.70,237.93,248.59,257.20,265.81,278.08,293.70,313.56,338.81,0.14,0.00,0.10,Suporte Forte,0,0
2015-02-24,220.70,237.93,248.59,257.20,265.81,278.08,293.70,313.56,338.81,0.14,0.00,0.10,Suporte Forte,0,0
2015-02-25,220.70,237.93,248.59,257.20,265.81,278.08,293.70,313.56,338.81,0.14,0.00,0.10,Suporte Forte,0,0
2015-02-26,220.70,237.93,248.59,257.20,265.81,278.08,293.70,313.56,338.81,0.12,0.00,0.12,Suporte Forte,0,0
2015-02-27,220.70,237.93,248.59,257.20,265.81,278.08,293.70,313.56,338.81,0.09,0.00,0.15,Suporte Forte,0,0
2015-03-02,220.70,237.93,248.59,257.20,265.81,278.08,293.70,313.56,338.81,0.09,0.00,0.15,Suporte Forte,0,0
2015-03-03,220.70,237.93,248.59,257.20,265.81,278.08,293.70,313.56,338.81,0.04,0.00,0.20,Suporte Forte,0,0
2015-03-04,220.70,237.93,248.59,257.20,265.81,278.08,293.70,313.56,338.81,0.01,0.00,0.23,Suporte Forte,0,0
2015-03-05,218.70,236.40,247.35,256.20,265.05,277.65,293.70,314.10,340.05,0.01,0.00,0.23,Suporte Forte,0,0
2015-03-06,215.50,231.95,242.13,250.35,258.57,270.28,285.20,304.16,328.27,0.05,0.00,0.19,Suporte Forte,0,0
2015-03-09,211.00,228.44,239.23,247.95,256.67,269.09,284.90,305.00,330.57,0.03,0.00,0.21,Suporte Forte,0,0
2015-03-10,209.50,225.03,234.64,242.40,250.16,261.22,275.30,293.20,315.96,0.03,0.00,0.21,Suporte Forte,0,0
2015-03-11,208.40,224.19,233.96,241.85,249.74,260.98,275.30,293.50,316.64,0.01,0.00,0.23,Suporte Forte,0,0
2015-03-12,207.80,221.30,229.65,236.40,243.15,252.76,265.00,280.56,300.35,0.03,0.00,0.21,Suporte Forte,0,0
2015-03-13,206.10,219.84,228.33,235.20,242.07,251.85,264.30,280.13,300.27,0.02,0.00,0.22,Suporte Forte,0,0
2015-03-16,203.70,217.88,226.66,233.75,240.84,250.94,263.80,280.15,300.94,0.07,0.00,0.17,Suporte Forte,0,0
2015-03-17,203.70,216.02,223.64,229.80,235.96,244.73,255.90,270.10,288.16,0.07,0.00,0.17,Suporte Forte,0,0
2015-03-18,203.70,216.02,223.64,229.80,235.96,244.73,255.90,270.10,288.16,0.20,0.00,0.04,Suporte Forte,0,0
2015-03-19,177.00,195.62,207.14,216.45,225.76,239.02,255.90,277.36,304.66,0.02,0.00,0.22,Suporte Forte,0,0
2015-03-20,165.00,186.45,199.72,210.45,221.18,236.45,255.90,280.62,312.08,0.03,0.00,0.21,Suporte Forte,0,0
2015-03-23,165.00,186.45,199.72,210.45,221.18,236.45,255.90,280.62,312.08,0.05,0.00,0.19,Suporte Forte,0,0
2015-03-24,165.00,186.45,199.72,210.45,221.18,236.45,255.90,280.62,312.08,0.05,0.00,0.19,Suporte Forte,0,0
2015-03-25,165.00,186.45,199.72,210.45,221.18,236.45,255.90,280.62,312.08,0.04,0.00,0.20,Suporte Forte,0,0
2015-03-26,165.00,186.45,199.72,210.45,221.18,236.45,255.90,280.62,312.08,0.05,0.00,0.19,Suporte Forte,0,0
2015-03-27,165.00,185.77,198.62,209.00,219.38,234.17,253.00,276.94,307.38,0.06,0.00,0.18,Suporte Forte,0,0
2015-03-30,165.00,185.77,198.62,209.00,219.38,234.17,253.00,276.94,307.38,0.10,0.00,0.14,Suporte Forte,0,0
2015-03-31,165.00,185.77,198.62,209.00,219.38,234.17,253.00,276.94,307.38,0.23,0.00,0.01,Suporte Forte,0,0
2015-04-01,165.00,185.77,198.62,209.00,219.38,234.17,253.00,276.94,307.38,0.23,0.00,0.01,Suporte Forte,0,0
2015-04-02,165.00,185.77,198.62,209.00,219.38,234.17,253.00,276.94,307.38,0.28,0.24,0.10,Suporte,0,0
2015-04-06,165.00,185.77,198.62,209.00,219.38,234.17,253.00,276.94,307.38,0.38,0.24,0.00,Suporte,1,0
2015-04-07,165.00,185.77,198.62,209.00,219.38,234.17,253.00,276.94,307.38,0.36,0.24,0.02,Suporte,0,0
2015-04-08,165.00,185.77,198.62,209.00,219.38,234.17,253.00,276.94,307.38,0.41,0.38,0.09,Zona de Consolidação,0,0
2015-04-09,165.00,185.77,198.62,209.00,219.38,234.17,253.00,276.94,307.38,0.42,0.38,0.08,Zona de Consolidação,0,0
2015-04-10,165.00,185.77,198.62,209.00,219.38,234.17,253.00,276.94,307.38,0.41,0.38,0.09,Zona de Consolidação,0,0
2015-04-13,165.00,185.77,198.62,209.00,219.38,234.17,253.00,276.94,307.38,0.46,0.38,0.04,Zona de Consolidação,0,0
2015-04-14,165.00,185.77,198.62,209.00,219.38,234.17,253.00,276.94,307.38,0.43,0.38,0.07,Zona de Consolidação,0,0
2015-04-15,165.00,185.77,198.62,209.00,219.38,234.17,253.00,276.94,307.38,0.42,0.38,0.08,Zona de Consolidação,0,0
2015-04-16,165.00,185.77,198.62,209.00,219.38,234.17,253.00,276.94,307.38,0.34,0.24,0.04,Suporte,0,0
2015-04-17,165.00,185.77,198.62,209.00,219.38,234.17,253.00,276.94,307.38,0.35,0.24,0.03,Suporte,0,0
2015-04-20,165.00,185.77,198.62,209.00,219.38,234.17,253.00,276.94,307.38,0.33,0.24,0.05,Suporte,0,0
2015-04-21,165.00,185.20,197.70,207.80,217.90,232.28,250.60,273.88,303.50,0.31,0.24,0.07,Suporte,0,0
2015-04-22,165.00,185.20,197.70,207.80,217.90,232.28,250.60,273.88,303.50,0.30,0.24,0.08,Suporte,0,0
2015-04-23,165.00,185.20,197.70,207.80,217.90,232.28,250.60,273.88,303.50,0.32,0.24,0.06,Suporte,0,0
2015-04-24,165.00,184.82,197.09,207.00,216.91,231.02,249.00,271.85,300.91,0.29,0.24,0.09,Suporte,0,0
2015-04-27,165.00,184.82,197.09,207.00,216.91,231.02,249.00,271.85,300.91,0.26,0.24,0.12,Suporte,0,0
2015-04-28,165.00,183.76,195.37,204.75,214.13,227.49,244.50,266.12,293.63,0.31,0.24,0.07,Suporte,0,0
2015-04-29,165.00,183.22,194.49,203.60,212.71,225.68,242.20,263.20,289.91,0.27,0.24,0.11,Suporte,0,0
2015-04-30,165.00,183.10,194.30,203.35,212.40,225.29,241.70,262.56,289.10,0.25,0.24,0.13,Suporte,0,0
2015-05-01,165.00,182.84,193.88,202.80,211.72,224.42,240.60,261.16,287.32,0.27,0.24,0.11,Suporte,0,0
2015-05-04,165.00,182.39,193.15,201.85,210.55,222.93,238.70,258.75,284.25,0.29,0.24,0.09,Suporte,0,0
2015-05-05,165.00,181.66,191.97,200.30,208.63,220.49,235.60,254.80,279.23,0.29,0.24,0.09,Suporte,0,0
2015-05-06,165.00,181.19,191.21,199.30,207.39,218.92,233.60,252.26,275.99,0.25,0.24,0.13,Suporte,0,0
2015-05-07,165.00,181.12,191.09,199.15,207.21,218.68,233.30,251.88,275.51,0.28,0.24,0.10,Suporte,0,0
2015-05-08,165.00,180.36,189.87,197.55,205.23,216.17,230.10,247.81,270.33,0.25,0.24,0.13,Suporte,0,0
2015-05-11,165.00,180.27,189.72,197.35,204.98,215.85,229.70,247.30,269.68,0.26,0.24,0.12,Suporte,0,0
2015-05-12,165.00,179.75,188.88,196.25,203.62,214.12,227.50,244.50,266.12,0.26,0.24,0.12,Suporte,0,0
2015-05-13,165.00,179.04,187.73,194.75,201.77,211.77,224.50,240.68,261.27,0.24,0.24,0.14,Suporte,0,0
2015-05-14,165.00,178.76,187.27,194.15,201.03,210.82,223.30,239.16,259.33,0.29,0.24,0.09,Suporte,0,0
2015-05-15,165.00,178.74,187.23,194.10,200.97,210.75,223.20,239.03,259.17,0.28,0.24,0.10,Suporte,0,0
2015-05-18,165.00,178.19,186.35,192.95,199.55,208.94,220.90,236.10,255.45,0.32,0.24,0.06,Suporte,0,0
2015-05-19,165.00,177.60,185.40,191.70,198.00,206.97,218.40,232.92,251.40,0.31,0.24,0.07,Suporte,0,0
2015-05-20,165.00,177.60,185.40,191.70,198.00,206.97,218.40,232.92,251.40,0.31,0.24,0.07,Suporte,0,0
2015-05-21,165.00,177.60,185.40,191.70,198.00,206.97,218.40,232.92,251.40,0.30,0.24,0.08,Suporte,0,0
2015-05-22,165.00,177.60,185.40,191.70,198.00,206.97,218.40,232.92,251.40,0.25,0.24,0.13,Suporte,0,0
2015-05-26,165.00,177.60,185.40,191.70,198.00,206.97,218.40,232.92,251.40,0.05,0.00,0.19,Suporte Forte,0,0
2015-05-27,160.50,174.16,182.62,189.45,196.28,206.01,218.40,234.15,254.18,0.14,0.00,0.10,Suporte Forte,0,0
2015-05-28,160.50,174.16,182.62,189.45,196.28,206.01,218.40,234.15,254.18,0.03,0.00,0.21,Suporte Forte,0,0
2015-05-29,158.80,172.87,181.57,188.60,195.63,205.65,218.40,234.61,255.23,0.01,0.00,0.23,Suporte Forte,0,0
2015-06-01,147.60,162.28,171.36,178.70,186.04,196.49,209.80,226.72,248.24,0.11,0.00,0.13,Suporte Forte,0,0
2015-06-02,147.60,162.28,171.36,178.70,186.04,196.49,209.80,226.72,248.24,0.16,0.00,0.08,Suporte Forte,0,0
2015-06-03,147.60,162.28,171.36,178.70,186.04,196.49,209.80,226.72,248.24,0.19,0.00,0.05,Suporte Forte,0,0
2015-06-04,147.60,162.28,171.36,178.70,186.04,196.49,209.80,226.72,248.24,0.08,0.00,0.16,Suporte Forte,0,0
2015-06-05,121.40,142.26,155.17,165.60,176.03,190.88,209.80,233.84,264.43,0.01,0.00,0.23,Suporte Forte,0,0
2015-06-08,120.70,141.73,154.74,165.25,175.76,190.73,209.80,234.04,264.86,0.01,0.00,0.23,Suporte Forte,0,0
2015-06-09,120.70,141.73,154.74,165.25,175.76,190.73,209.80,234.04,264.86,0.05,0.00,0.19,Suporte Forte,0,0
2015-06-10,120.70,141.73,154.74,165.25,175.76,190.73,209.80,234.04,264.86,0.06,0.00,0.18,Suporte Forte,0,0
2015-06-11,120.70,141.73,154.74,165.25,175.76,190.73,209.80,234.04,264.86,0.07,0.00,0.17,Suporte Forte,0,0
2015-06-12,120.70,141.73,154.74,165.25,175.76,190.73,209.80,234.04,264.86,0.09,0.00,0.15,Suporte Forte,0,0
2015-06-15,120.70,141.73,154.74,165.25,175.76,190.73,209.80,234.04,264.86,0.08,0.00,0.16,Suporte Forte,0,0
2015-06-16,120.70,141.73,154.74,165.25,175.76,190.73,209.80,234.04,264.86,0.08,0.00,0.16,Suporte Forte,0,0
2015-06-17,120.70,141.73,154.74,165.25,175.76,190.73,209.80,234.04,264.86,0.08,0.00,0.16,Suporte Forte,0,0
2015-06-18,120.70,141.73,154.74,165.25,175.76,190.73,209.80,234.04,264.86,0.08,0.00,0.16,Suporte Forte,0,0
2015-06-19,120.70,141.73,154.74,165.25,175.76,190.73,209.80,234.04,264.86,0.07,0.00,0.17,Suporte Forte,0,0
2015-06-22,120.70,141.73,154.74,165.25,175.76,190.73,209.80,234.04,264.86,0.07,0.00,0.17,Suporte Forte,0,0
2015-06-23,120.70,141.47,154.32,164.70,175.08,189.87,208.70,232.64,263.08,0.11,0.00,0.13,Suporte Forte,0,0
2015-06-24,120.70,140.52,152.79,162.70,172.61,186.72,204.70,227.55,256.61,0.12,0.00,0.12,Suporte Forte,0,0
2015-06-25,120.70,140.10,152.10,161.80,171.50,185.31,202.90,225.26,253.70,0.11,0.00,0.13,Suporte Forte,0,0
2015-06-26,120.70,138.78,149.96,159.00,168.04,180.91,197.30,218.14,244.64,0.01,0.00,0.23,Suporte Forte,0,0
2015-06-29,118.70,137.18,148.61,157.85,167.09,180.24,197.00,218.30,245.39,0.01,0.00,0.23,Suporte Forte,0,0
2015-06-30,114.40,133.89,145.95,155.70,165.45,179.32,197.00,219.47,248.05,0.07,0.00,0.17,Suporte Forte,0,0
2015-07-01,114.40,132.88,144.31,153.55,162.79,175.94,192.70,214.00,241.09,0.05,0.00,0.19,Suporte Forte,0,0
2015-07-02,114.40,132.88,144.31,153.55,162.79,175.94,192.70,214.00,241.09,0.07,0.00,0.17,Suporte Forte,0,0
2015-07-06,114.40,132.78,144.16,153.35,162.54,175.63,192.30,213.49,240.44,0.07,0.00,0.17,Suporte Forte,0,0
2015-07-07,112.80,131.28,142.71,151.95,161.19,174.34,191.10,212.40,239.49,0.07,0.00,0.17,Suporte Forte,0,0
2015-07-08,112.80,131.14,142.48,151.65,160.82,173.87,190.50,211.63,238.52,0.04,0.00,0.20,Suporte Forte,0,0
2015-07-09,112.80,130.90,142.10,151.15,160.20,173.09,189.50,210.36,236.90,0.03,0.00,0.21,Suporte Forte,0,0
2015-07-10,112.80,130.69,141.76,150.70,159.64,172.38,188.60,209.22,235.44,0.08,0.00,0.16,Suporte Forte,0,0
2015-07-13,112.80,130.69,141.76,150.70,159.64,172.38,188.60,209.22,235.44,0.09,0.00,0.15,Suporte Forte,0,0
2015-07-14,94.60,116.78,130.51,141.60,152.69,168.48,188.60,214.17,246.69,0.03,0.00,0.21,Suporte Forte,0,0
2015-07-15,94.60,116.41,129.90,140.80,151.70,167.23,187.00,212.13,244.10,0.06,0.00,0.18,Suporte Forte,0,0
2015-07-16,94.60,116.41,129.90,140.80,151.70,167.23,187.00,212.13,244.10,0.06,0.00,0.18,Suporte Forte,0,0
2015-07-17,94.60,116.15,129.48,140.25,151.02,166.36,185.90,210.73,242.32,0.07,0.00,0.17,Suporte Forte,0,0
2015-07-20,94.60,116.15,129.48,140.25,151.02,166.36,185.90,210.73,242.32,0.09,0.00,0.15,Suporte Forte,0,0
2015-07-21,94.60,116.15,129.48,140.25,151.02,166.36,185.90,210.73,242.32,0.08,0.00,0.16,Suporte Forte,0,0
2015-07-22,94.60,115.70,128.75,139.30,149.85,164.87,184.00,208.32,239.25,0.09,0.00,0.15,Suporte Forte,0,0
2015-07-23,94.60,115.70,128.75,139.30,149.85,164.87,184.00,208.32,239.25,0.04,0.00,0.20,Suporte Forte,0,0
2015-07-24,94.60,115.70,128.75,139.30,149.85,164.87,184.00,208.32,239.25,0.02,0.00,0.22,Suporte Forte,0,0
2015-07-27,94.60,115.70,128.75,139.30,149.85,164.87,184.00,208.32,239.25,0.05,0.00,0.19,Suporte Forte,0,0
2015-07-28,94.60,115.70,128.75,139.30,149.85,164.87,184.00,208.32,239.25,0.05,0.00,0.19,Suporte Forte,0,0
2015-07-29,94.60,115.70,128.75,139.30,149.85,164.87,184.00,208.32,239.25,0.06,0.00,0.18,Suporte Forte,0,0
2015-07-30,94.60,115.70,128.75,139.30,149.85,164.87,184.00,208.32,239.25,0.05,0.00,0.19,Suporte Forte,0,0
2015-07-31,94.60,115.70,128.75,139.30,149.85,164.87,184.00,208.32,239.25,0.04,0.00,0.20,Suporte Forte,0,0
2015-08-03,94.40,114.86,127.52,137.75,147.98,162.55,181.10,204.68,234.68,0.02,0.00,0.22,Suporte Forte,0,0
2015-08-04,94.40,114.27,126.56,136.50,146.44,160.58,178.60,201.50,230.64,0.01,0.00,0.23,Suporte Forte,0,0
2015-08-05,91.90,110.38,121.81,131.05,140.29,153.44,170.20,191.50,218.59,0.00,0.00,0.24,Suporte Forte,0,0
2015-08-06,89.80,108.77,120.51,130.00,139.49,152.99,170.20,192.07,219.89,0.03,0.00,0.21,Suporte Forte,0,0
2015-08-07,89.80,107.00,117.65,126.25,134.85,147.10,162.70,182.53,207.75,0.04,0.00,0.20,Suporte Forte,0,0
2015-08-10,89.80,106.77,117.27,125.75,134.23,146.31,161.70,181.26,206.13,0.08,0.00,0.16,Suporte Forte,0,0
2015-08-11,89.80,106.77,117.27,125.75,134.23,146.31,161.70,181.26,206.13,0.09,0.00,0.15,Suporte Forte,0,0
2015-08-12,89.80,106.77,117.27,125.75,134.23,146.31,161.70,181.26,206.13,0.05,0.00,0.19,Suporte Forte,0,0
2015-08-13,89.80,106.15,116.27,124.45,132.63,144.27,159.10,177.95,201.93,0.02,0.00,0.22,Suporte Forte,0,0
2015-08-14,89.80,100.73,107.49,112.95,118.41,126.19,136.10,148.69,164.71,0.07,0.00,0.17,Suporte Forte,0,0
2015-08-17,89.80,99.74,105.88,110.85,115.82,122.89,131.90,143.35,157.92,0.08,0.00,0.16,Suporte Forte,0,0
2015-08-18,89.80,99.74,105.88,110.85,115.82,122.89,131.90,143.35,157.92,0.10,0.00,0.14,Suporte Forte,0,0
2015-08-19,89.80,99.74,105.88,110.85,115.82,122.89,131.90,143.35,157.92,0.09,0.00,0.15,Suporte Forte,0,0
2015-08-20,84.20,95.46,102.42,108.05,113.68,121.69,131.90,144.87,161.38,0.08,0.00,0.16,Suporte Forte,0,0
2015-08-21,82.60,94.23,101.43,107.25,113.07,121.35,131.90,145.31,162.37,0.00,0.00,0.24,Suporte Forte,0,0
2015-08-24,76.80,89.80,97.85,104.35,110.85,120.11,131.90,146.89,165.95,0.01,0.00,0.23,Suporte Forte,0,0
2015-08-25,76.80,89.80,97.85,104.35,110.85,120.11,131.90,146.89,165.95,0.06,0.00,0.18,Suporte Forte,0,0
2015-08-26,76.80,89.80,97.85,104.35,110.85,120.11,131.90,146.89,165.95,0.09,0.00,0.15,Suporte Forte,0,0
2015-08-27,76.80,89.80,97.85,104.35,110.85,120.11,131.90,146.89,165.95,0.11,0.00,0.13,Suporte Forte,0,0
2015-08-28,76.80,89.80,97.85,104.35,110.85,120.11,131.90,146.89,165.95,0.25,0.24,0.13,Suporte,0,0
2015-08-31,76.80,89.80,97.85,104.35,110.85,120.11,131.90,146.89,165.95,0.27,0.24,0.11,Suporte,0,0
2015-09-01,76.80,89.80,97.85,104.35,110.85,120.11,131.90,146.89,165.95,0.21,0.00,0.03,Suporte Forte,0,0
2015-09-02,76.80,89.80,97.85,104.35,110.85,120.11,131.90,146.89,165.95,0.20,0.00,0.04,Suporte Forte,0,0
2015-09-03,76.80,89.80,97.85,104.35,110.85,120.11,131.90,146.89,165.95,0.29,0.24,0.09,Suporte,0,0
2015-09-04,52.00,70.41,81.80,91.00,100.20,113.31,130.00,151.22,178.20,0.01,0.00,0.23,Suporte Forte,0,0
2015-09-08,49.50,66.54,77.08,85.60,94.12,106.25,121.70,141.34,166.32,0.00,0.00,0.24,Suporte Forte,0,0
2015-09-09,45.50,63.48,74.61,83.60,92.59,105.39,121.70,142.43,168.79,0.00,0.00,0.24,Suporte Forte,0,0
2015-09-10,44.50,62.72,73.99,83.10,92.21,105.18,121.70,142.70,169.41,0.01,0.00,0.23,Suporte Forte,0,0
2015-09-11,43.60,62.03,73.43,82.65,91.87,104.99,121.70,142.94,169.97,0.02,0.00,0.22,Suporte Forte,0,0
2015-09-14,43.60,62.03,73.43,82.65,91.87,104.99,121.70,142.94,169.97,0.03,0.00,0.21,Suporte Forte,0,0
2015-09-15,43.60,62.03,73.43,82.65,91.87,104.99,121.70,142.94,169.97,0.03,0.00,0.21,Suporte Forte,0,0
2015-09-16,43.60,62.03,73.43,82.65,91.87,104.99,121.70,142.94,169.97,0.04,0.00,0.20,Suporte Forte,0,0
2015-09-17,43.60,62.03,73.43,82.65,91.87,104.99,121.70,142.94,169.97,0.04,0.00,0.20,Suporte Forte,0,0
2015-09-18,43.60,62.03,73.43,82.65,91.87,104.99,121.70,142.94,169.97,0.02,0.00,0.22,Suporte Forte,0,0
2015-09-21,42.50,61.19,72.75,82.10,91.45,104.75,121.70,143.24,170.65,0.00,0.00,0.24,Suporte Forte,0,0
2015-09-22,40.50,55.56,64.87,72.40,79.93,90.65,104.30,121.65,143.73,0.01,0.00,0.23,Suporte Forte,0,0
2015-09-23,37.70,53.42,63.14,71.00,78.86,90.05,104.30,122.42,145.46,0.00,0.00,0.24,Suporte Forte,0,0
2015-09-24,35.80,51.97,61.97,70.05,78.13,89.64,104.30,122.93,146.63,0.01,0.00,0.23,Suporte Forte,0,0
2015-09-25,35.80,51.97,61.97,70.05,78.13,89.64,104.30,122.93,146.63,0.04,0.00,0.20,Suporte Forte,0,0
2015-09-28,35.80,51.97,61.97,70.05,78.13,89.64,104.30,122.93,146.63,0.02,0.00,0.22,Suporte Forte,0,0
2015-09-29,35.50,51.74,61.78,69.90,78.02,89.58,104.30,123.01,146.82,0.01,0.00,0.23,Suporte Forte,0,0
2015-09-30,33.10,49.90,60.30,68.70,77.10,89.06,104.30,123.67,148.30,0.02,0.00,0.22,Suporte Forte,0,0
2015-10-01,33.10,49.90,60.30,68.70,77.10,89.06,104.30,123.67,148.30,0.03,0.00,0.21,Suporte Forte,0,0
2015-10-02,33.10,49.36,59.42,67.55,75.68,87.26,102.00,120.74,144.58,0.04,0.00,0.20,Suporte Forte,0,0
2015-10-05,33.10,49.36,59.42,67.55,75.68,87.26,102.00,120.74,144.58,0.10,0.00,0.14,Suporte Forte,0,0
2015-10-06,33.10,49.36,59.42,67.55,75.68,87.26,102.00,120.74,144.58,0.08,0.00,0.16,Suporte Forte,0,0
2015-10-07,33.10,49.36,59.42,67.55,75.68,87.26,102.00,120.74,144.58,0.10,0.00,0.14,Suporte Forte,0,0
2015-10-08,33.10,49.36,59.42,67.55,75.68,87.26,102.00,120.74,144.58,0.12,0.00,0.12,Suporte Forte,0,0
2015-10-09,33.10,48.96,58.77,66.70,74.63,85.92,100.30,118.58,141.83,0.12,0.00,0.12,Suporte Forte,0,0
2015-10-12,33.10,48.42,57.89,65.55,73.21,84.11,98.00,115.65,138.11,0.10,0.00,0.14,Suporte Forte,0,0
2015-10-13,33.10,48.13,57.43,64.95,72.47,83.17,96.80,114.13,136.17,0.12,0.00,0.12,Suporte Forte,0,0
2015-10-14,33.10,48.06,57.32,64.80,72.28,82.93,96.50,113.74,135.68,0.11,0.00,0.13,Suporte Forte,0,0
2015-10-15,33.10,48.06,57.32,64.80,72.28,82.93,96.50,113.74,135.68,0.13,0.00,0.11,Suporte Forte,0,0
2015-10-16,33.10,48.06,57.32,64.80,72.28,82.93,96.50,113.74,135.68,0.14,0.00,0.10,Suporte Forte,0,0
2015-10-19,33.10,48.06,57.32,64.80,72.28,82.93,96.50,113.74,135.68,0.15,0.00,0.09,Suporte Forte,0,0
2015-10-20,33.10,48.06,57.32,64.80,72.28,82.93,96.50,113.74,135.68,0.16,0.00,0.08,Suporte Forte,0,0
2015-10-21,33.10,48.02,57.24,64.70,72.16,82.78,96.30,113.49,135.36,0.09,0.00,0.15,Suporte Forte,0,0
2015-10-22,33.10,47.80,56.90,64.25,71.60,82.07,95.40,112.35,133.90,0.11,0.00,0.13,Suporte Forte,0,0
2015-10-23,33.10,47.80,56.90,64.25,71.60,82.07,95.40,112.35,133.90,0.24,0.24,0.14,Suporte,0,0
2015-10-26,33.10,47.80,56.90,64.25,71.60,82.07,95.40,112.35,133.90,0.19,0.00,0.05,Suporte Forte,0,0
2015-10-27,33.10,47.80,56.90,64.25,71.60,82.07,95.40,112.35,133.90,0.15,0.00,0.09,Suporte Forte,0,0
2015-10-28,33.10,47.80,56.90,64.25,71.60,82.07,95.40,112.35,133.90,0.18,0.00,0.06,Suporte Forte,0,0
2015-10-29,33.10,47.38,56.21,63.35,70.49,80.65,93.60,110.06,130.99,0.17,0.00,0.07,Suporte Forte,0,0
2015-10-30,33.10,47.38,56.21,63.35,70.49,80.65,93.60,110.06,130.99,0.20,0.00,0.04,Suporte Forte,0,0
2015-11-02,33.10,47.38,56.21,63.35,70.49,80.65,93.60,110.06,130.99,0.19,0.00,0.05,Suporte Forte,0,0
2015-11-03,33.10,47.38,56.21,63.35,70.49,80.65,93.60,110.06,130.99,0.21,0.00,0.03,Suporte Forte,0,0
2015-11-04,33.10,47.38,56.21,63.35,70.49,80.65,93.60,110.06,130.99,0.23,0.00,0.01,Suporte Forte,0,0
2015-11-05,33.10,47.38,56.21,63.35,70.49,80.65,93.60,110.06,130.99,0.21,0.00,0.03,Suporte Forte,0,0
2015-11-06,33.10,47.38,56.21,63.35,70.49,80.65,93.60,110.06,130.99,0.21,0.00,0.03,Suporte Forte,0,0
2015-11-09,33.10,47.38,56.21,63.35,70.49,80.65,93.60,110.06,130.99,0.20,0.00,0.04,Suporte Forte,0,0
2015-11-10,33.10,47.38,56.21,63.35,70.49,80.65,93.60,110.06,130.99,0.19,0.00,0.05,Suporte Forte,0,0
2015-11-11,33.10,47.38,56.21,63.35,70.49,80.65,93.60,110.06,130.99,0.15,0.00,0.09,Suporte Forte,0,0
2015-11-12,33.10,47.38,56.21,63.35,70.49,80.65,93.60,110.06,130.99,0.11,0.00,0.13,Suporte Forte,0,0
2015-11-13,33.10,40.09,44.41,47.90,51.39,56.37,62.70,70.75,80.99,0.15,0.00,0.09,Suporte Forte,0,0
2015-11-16,33.10,37.89,40.85,43.25,45.65,49.06,53.40,58.92,65.95,0.20,0.00,0.04,Suporte Forte,0,0
2015-11-17,33.10,37.51,40.24,42.45,44.66,47.80,51.80,56.89,63.36,0.21,0.00,0.03,Suporte Forte,0,0
2015-11-18,33.10,36.81,39.10,40.95,42.80,45.44,48.80,53.07,58.50,0.31,0.24,0.07,Suporte,0,0
2015-11-19,33.10,36.81,39.10,40.95,42.80,45.44,48.80,53.07,58.50,0.25,0.24,0.13,Suporte,0,0
2015-11-20,33.10,36.81,39.10,40.95,42.80,45.44,48.80,53.07,58.50,0.20,0.00,0.04,Suporte Forte,0,0
2015-11-23,33.10,36.81,39.10,40.95,42.80,45.44,48.80,53.07,58.50,0.20,0.00,0.04,Suporte Forte,0,0
2015-11-24,33.10,36.81,39.10,40.95,42.80,45.44,48.80,53.07,58.50,0.63,0.62,0.16,Resistência,1,0
2015-11-25,33.10,36.81,39.10,40.95,42.80,45.44,48.80,53.07,58.50,0.78,0.62,0.01,Resistência,0,1
2015-11-27,33.10,36.81,39.10,40.95,42.80,45.44,48.80,53.07,58.50,0.60,0.50,0.02,Zona de Consolidação,1,0
2015-11-30,33.10,37.68,40.51,42.80,45.09,48.35,52.50,57.78,64.49,0.96,0.79,0.04,Resistência Forte,0,0
2015-12-01,33.10,39.14,42.88,45.90,48.92,53.22,58.70,65.66,74.52,0.97,0.79,0.03,Resistência Forte,0,0
2015-12-02,33.10,41.95,47.42,51.85,56.27,62.58,70.60,80.80,93.78,0.90,0.79,0.10,Resistência Forte,0,0
2015-12-03,33.10,41.95,47.42,51.85,56.27,62.58,70.60,80.80,93.78,0.67,0.62,0.12,Resistência,0,0
2015-12-04,33.10,41.95,47.42,51.85,56.27,62.58,70.60,80.80,93.78,0.75,0.62,0.04,Resistência,0,0
2015-12-07,33.10,41.95,47.42,51.85,56.27,62.58,70.60,80.80,93.78,0.63,0.62,0.16,Resistência,0,0
2015-12-08,33.10,41.95,47.42,51.85,56.27,62.58,70.60,80.80,93.78,0.66,0.62,0.13,Resistência,0,0
2015-12-09,33.10,41.95,47.42,51.85,56.27,62.58,70.60,80.80,93.78,0.53,0.50,0.09,Zona de Consolidação,0,0
2015-12-10,33.70,42.41,47.80,52.15,56.50,62.70,70.60,80.64,93.40,0.62,0.62,0.17,Resistência,1,0
2015-12-11,34.50,43.02,48.29,52.55,56.81,62.87,70.60,80.42,92.91,0.32,0.24,0.06,Suporte,0,0
2015-12-14,34.90,43.33,48.54,52.75,56.96,62.96,70.60,80.31,92.66,0.28,0.24,0.10,Suporte,0,0
2015-12-15,34.90,43.33,48.54,52.75,56.96,62.96,70.60,80.31,92.66,0.30,0.24,0.08,Suporte,0,0
2015-12-16,34.90,43.33,48.54,52.75,56.96,62.96,70.60,80.31,92.66,0.30,0.24,0.08,Suporte,0,0
2015-12-17,34.90,43.33,48.54,52.75,56.96,62.96,70.60,80.31,92.66,0.30,0.24,0.08,Suporte,0,0
2015-12-18,34.90,43.33,48.54,52.75,56.96,62.96,70.60,80.31,92.66,0.43,0.38,0.07,Zona de Consolidação,0,0
2015-12-21,34.90,43.33,48.54,52.75,56.96,62.96,70.60,80.31,92.66,0.38,0.24,0.00,Suporte,1,0
2015-12-22,34.90,43.33,48.54,52.75,56.96,62.96,70.60,80.31,92.66,0.45,0.38,0.05,Zona de Consolidação,0,0
2015-12-23,34.90,43.33,48.54,52.75,56.96,62.96,70.60,80.31,92.66,0.41,0.38,0.09,Zona de Consolidação,0,0
2015-12-24,34.90,43.33,48.54,52.75,56.96,62.96,70.60,80.31,92.66,0.36,0.24,0.02,Suporte,0,0
2015-12-28,34.90,43.33,48.54,52.75,56.96,62.96,70.60,80.31,92.66,0.30,0.24,0.08,Suporte,0,0
2015-12-29,34.90,43.33,48.54,52.75,56.96,62.96,70.60,80.31,92.66,0.34,0.24,0.04,Suporte,0,0
2015-12-30,34.90,43.33,48.54,52.75,56.96,62.96,70.60,80.31,92.66,0.32,0.24,0.06,Suporte,0,0
2015-12-31,34.90,43.33,48.54,52.75,56.96,62.96,70.60,80.31,92.66,0.31,0.24,0.07,Suporte,0,0
2016-01-04,34.90,43.33,48.54,52.75,56.96,62.96,70.60,80.31,92.66,0.36,0.24,0.02,Suporte,0,0
2016-01-05,34.90,43.33,48.54,52.75,56.96,62.96,70.60,80.31,92.66,0.41,0.38,0.09,Zona de Consolidação,0,0
2016-01-06,34.90,43.33,48.54,52.75,56.96,62.96,70.60,80.31,92.66,0.35,0.24,0.03,Suporte,0,0
2016-01-07,34.90,43.33,48.54,52.75,56.96,62.96,70.60,80.31,92.66,0.29,0.24,0.09,Suporte,0,0
2016-01-08,34.90,43.33,48.54,52.75,56.96,62.96,70.60,80.31,92.66,0.28,0.24,0.10,Suporte,0,0
2016-01-11,34.90,43.33,48.54,52.75,56.96,62.96,70.60,80.31,92.66,0.27,0.24,0.11,Suporte,0,0
2016-01-12,34.90,43.33,48.54,52.75,56.96,62.96,70.60,80.31,92.66,0.27,0.24,0.11,Suporte,0,0
2016-01-13,34.90,43.33,48.54,52.75,56.96,62.96,70.60,80.31,92.66,0.26,0.24,0.12,Suporte,0,0
2016-01-14,34.90,43.33,48.54,52.75,56.96,62.96,70.60,80.31,92.66,0.27,0.24,0.11,Suporte,0,0
2016-01-15,34.90,43.33,48.54,52.75,56.96,62.96,70.60,80.31,92.66,0.15,0.00,0.09,Suporte Forte,0,0
2016-01-19,34.90,43.33,48.54,52.75,56.96,62.96,70.60,80.31,92.66,0.10,0.00,0.14,Suporte Forte,0,0
2016-01-20,34.90,43.33,48.54,52.75,56.96,62.96,70.60,80.31,92.66,0.14,0.00,0.10,Suporte Forte,0,0
2016-01-21,34.90,43.33,48.54,52.75,56.96,62.96,70.60,80.31,92.66,0.20,0.00,0.04,Suporte Forte,0,0
2016-01-22,34.90,43.33,48.54,52.75,56.96,62.96,70.60,80.31,92.66,0.30,0.24,0.08,Suporte,0,0
2016-01-25,34.90,43.33,48.54,52.75,56.96,62.96,70.60,80.31,92.66,0.16,0.00,0.08,Suporte Forte,0,0
2016-01-26,34.90,43.33,48.54,52.75,56.96,62.96,70.60,80.31,92.66,0.38,0.24,0.00,Suporte,1,0
2016-01-27,34.90,43.33,48.54,52.75,56.96,62.96,70.60,80.31,92.66,0.39,0.38,0.11,Zona de Consolidação,1,0
2016-01-28,34.90,43.33,48.54,52.75,56.96,62.96,70.60,80.31,92.66,0.38,0.24,0.00,Suporte,1,0
2016-01-29,35.60,43.86,48.97,53.10,57.23,63.11,70.60,80.12,92.23,0.46,0.38,0.04,Zona de Consolidação,0,0
2016-02-01,35.60,43.86,48.97,53.10,57.23,63.11,70.60,80.12,92.23,0.43,0.38,0.07,Zona de Consolidação,0,0
2016-02-02,35.60,43.86,48.97,53.10,57.23,63.11,70.60,80.12,92.23,0.41,0.38,0.09,Zona de Consolidação,0,0
2016-02-03,35.60,43.86,48.97,53.10,57.23,63.11,70.60,80.12,92.23,0.45,0.38,0.05,Zona de Consolidação,0,0
2016-02-04,35.60,43.86,48.97,53.10,57.23,63.11,70.60,80.12,92.23,0.41,0.38,0.09,Zona de Consolidação,0,0
2016-02-05,36.80,44.78,49.71,53.70,57.69,63.37,70.60,79.79,91.49,0.29,0.24,0.09,Suporte,0,0
2016-02-08,36.80,44.78,49.71,53.70,57.69,63.37,70.60,79.79,91.49,0.29,0.24,0.09,Suporte,0,0
2016-02-09,36.80,44.78,49.71,53.70,57.69,63.37,70.60,79.79,91.49,0.18,0.00,0.06,Suporte Forte,0,0
2016-02-10,36.80,44.78,49.71,53.70,57.69,63.37,70.60,79.79,91.49,0.24,0.24,0.14,Suporte,0,0
2016-02-11,36.80,44.78,49.71,53.70,57.69,63.37,70.60,79.79,91.49,0.16,0.00,0.08,Suporte Forte,0,0
2016-02-12,36.80,44.78,49.71,53.70,57.69,63.37,70.60,79.79,91.49,0.22,0.00,0.02,Suporte Forte,0,0
2016-02-16,36.80,44.47,49.22,53.05,56.88,62.34,69.30,78.14,89.38,0.31,0.24,0.07,Suporte,0,0
2016-02-17,36.80,42.82,46.54,49.55,52.56,56.84,62.30,69.24,78.06,0.57,0.50,0.05,Zona de Consolidação,0,0
2016-02-18,36.80,42.58,46.16,49.05,51.94,56.06,61.30,67.96,76.44,0.58,0.50,0.04,Zona de Consolidação,0,0
2016-02-19,36.80,42.46,45.97,48.80,51.63,55.66,60.80,67.33,75.63,0.91,0.79,0.09,Resistência Forte,0,0
2016-02-22,36.80,42.63,46.24,49.15,52.06,56.21,61.50,68.22,76.76,0.79,0.79,0.21,Resistência Forte,0,1
2016-02-23,36.80,42.63,46.24,49.15,52.06,56.21,61.50,68.22,76.76,0.74,0.62,0.05,Resistência,0,0
2016-02-24,36.80,42.63,46.24,49.15,52.06,56.21,61.50,68.22,76.76,0.76,0.62,0.03,Resistência,0,0
2016-02-25,36.80,43.53,47.69,51.05,54.41,59.20,65.30,73.05,82.91,0.98,0.79,0.02,Resistência Forte,0,0
2016-02-26,36.80,44.14,48.68,52.35,56.02,61.24,67.90,76.36,87.12,0.85,0.79,0.15,Resistência Forte,0,0
2016-02-29,36.80,44.28,48.91,52.65,56.39,61.72,68.50,77.12,88.09,0.88,0.79,0.12,Resistência Forte,0,0
2016-03-01,36.80,44.28,48.91,52.65,56.39,61.72,68.50,77.12,88.09,0.88,0.79,0.12,Resistência Forte,0,0
2016-03-02,36.80,44.28,48.91,52.65,56.39,61.72,68.50,77.12,88.09,0.92,0.79,0.08,Resistência Forte,0,0
2016-03-03,36.80,44.40,49.10,52.90,56.70,62.11,69.00,77.76,88.90,0.86,0.79,0.14,Resistência Forte,0,0
2016-03-04,36.80,45.11,50.25,54.40,58.55,64.47,72.00,81.57,93.75,0.91,0.79,0.09,Resistência Forte,0,0
2016-03-07,36.80,46.41,52.35,57.15,61.95,68.79,77.50,88.57,102.65,0.94,0.79,0.06,Resistência Forte,0,0
2016-03-08,36.80,46.43,52.39,57.20,62.01,68.87,77.60,88.70,102.81,0.90,0.79,0.10,Resistência Forte,0,0
2016-03-09,36.80,46.57,52.61,57.50,62.39,69.34,78.20,89.46,103.79,0.99,0.79,0.01,Resistência Forte,0,1
2016-03-10,36.80,46.88,53.11,58.15,63.19,70.36,79.50,91.11,105.89,0.99,0.79,0.01,Resistência Forte,0,1
2016-03-11,36.80,47.23,53.68,58.90,64.12,71.54,81.00,93.02,108.32,0.90,0.79,0.10,Resistência Forte,0,0
2016-03-14,36.80,47.25,53.72,58.95,64.18,71.62,81.10,93.15,108.48,0.94,0.79,0.06,Resistência Forte,0,0
2016-03-15,36.80,47.25,53.72,58.95,64.18,71.62,81.10,93.15,108.48,0.82,0.79,0.18,Resistência Forte,0,0
2016-03-16,36.80,47.25,53.72,58.95,64.18,71.62,81.10,93.15,108.48,0.92,0.79,0.08,Resistência Forte,0,0
2016-03-17,36.80,47.25,53.72,58.95,64.18,71.62,81.10,93.15,108.48,0.67,0.62,0.12,Resistência,0,0
2016-03-18,36.80,47.25,53.72,58.95,64.18,71.62,81.10,93.15,108.48,0.74,0.62,0.05,Resistência,0,0
2016-03-21,36.80,47.25,53.72,58.95,64.18,71.62,81.10,93.15,108.48,0.70,0.62,0.09,Resistência,0,0
2016-03-22,36.80,47.25,53.72,58.95,64.18,71.62,81.10,93.15,108.48,0.65,0.62,0.14,Resistência,0,0
2016-03-23,36.80,47.25,53.72,58.95,64.18,71.62,81.10,93.15,108.48,0.55,0.50,0.07,Zona de Consolidação,0,0
2016-03-24,36.80,47.25,53.72,58.95,64.18,71.62,81.10,93.15,108.48,0.59,0.50,0.03,Zona de Consolidação,0,0
2016-03-28,36.80,47.25,53.72,58.95,64.18,71.62,81.10,93.15,108.48,0.61,0.50,0.01,Zona de Consolidação,1,0
2016-03-29,36.80,47.25,53.72,58.95,64.18,71.62,81.10,93.15,108.48,0.70,0.62,0.09,Resistência,0,0
2016-03-30,36.80,47.25,53.72,58.95,64.18,71.62,81.10,93.15,108.48,0.48,0.38,0.02,Zona de Consolidação,0,0
2016-03-31,36.80,47.25,53.72,58.95,64.18,71.62,81.10,93.15,108.48,0.60,0.50,0.02,Zona de Consolidação,0,0
2016-04-01,39.60,49.39,55.45,60.35,65.25,72.22,81.10,92.39,106.75,0.58,0.50,0.04,Zona de Consolidação,0,0
2016-04-04,39.60,49.39,55.45,60.35,65.25,72.22,81.10,92.39,106.75,0.55,0.50,0.07,Zona de Consolidação,0,0
2016-04-05,39.60,49.39,55.45,60.35,65.25,72.22,81.10,92.39,106.75,0.51,0.50,0.11,Zona de Consolidação,0,0
2016-04-06,40.50,50.08,56.01,60.80,65.59,72.41,81.10,92.14,106.19,0.53,0.50,0.09,Zona de Consolidação,0,0
2016-04-07,41.40,50.77,56.57,61.25,65.93,72.60,81.10,91.90,105.63,0.47,0.38,0.03,Zona de Consolidação,0,0
2016-04-08,41.40,50.77,56.57,61.25,65.93,72.60,81.10,91.90,105.63,0.44,0.38,0.06,Zona de Consolidação,0,0
2016-04-11,41.40,50.77,56.57,61.25,65.93,72.60,81.10,91.90,105.63,0.42,0.38,0.08,Zona de Consolidação,0,0
2016-04-12,41.40,50.77,56.57,61.25,65.93,72.60,81.10,91.90,105.63,0.47,0.38,0.03,Zona de Consolidação,0,0
2016-04-13,41.40,50.77,56.57,61.25,65.93,72.60,81.10,91.90,105.63,0.53,0.50,0.09,Zona de Consolidação,0,0
2016-04-14,41.40,50.77,56.57,61.25,65.93,72.60,81.10,91.90,105.63,0.51,0.50,0.11,Zona de Consolidação,0,0
2016-04-15,41.40,50.77,56.57,61.25,65.93,72.60,81.10,91.90,105.63,0.58,0.50,0.04,Zona de Consolidação,0,0
2016-04-18,41.40,50.77,56.57,61.25,65.93,72.60,81.10,91.90,105.63,0.55,0.50,0.07,Zona de Consolidação,0,0
2016-04-19,41.40,50.77,56.57,61.25,65.93,72.60,81.10,91.90,105.63,0.56,0.50,0.06,Zona de Consolidação,0,0
2016-04-20,41.40,50.77,56.57,61.25,65.93,72.60,81.10,91.90,105.63,0.62,0.62,0.17,Resistência,1,0
2016-04-21,41.40,50.77,56.57,61.25,65.93,72.60,81.10,91.90,105.63,0.62,0.62,0.17,Resistência,1,0
2016-04-22,41.40,50.77,56.57,61.25,65.93,72.60,81.10,91.90,105.63,0.64,0.62,0.15,Resistência,0,0
2016-04-25,41.60,50.92,56.69,61.35,66.01,72.65,81.10,91.84,105.51,0.49,0.38,0.01,Zona de Consolidação,0,0
2016-04-26,43.20,52.14,57.68,62.15,66.62,72.99,81.10,91.41,104.52,0.64,0.62,0.15,Resistência,0,0
2016-04-27,47.20,55.20,60.15,64.15,68.15,73.85,81.10,90.32,102.05,0.59,0.50,0.03,Zona de Consolidação,0,0
2016-04-28,49.20,56.73,61.39,65.15,68.91,74.27,81.10,89.78,100.81,0.51,0.50,0.11,Zona de Consolidação,0,0
2016-04-29,49.20,56.73,61.39,65.15,68.91,74.27,81.10,89.78,100.81,0.39,0.38,0.11,Zona de Consolidação,1,0
2016-05-02,53.00,59.63,63.73,67.05,70.37,75.09,81.10,88.74,98.47,0.36,0.24,0.02,Suporte,1,0
2016-05-03,53.00,59.63,63.73,67.05,70.37,75.09,81.10,88.74,98.47,0.34,0.24,0.04,Suporte,0,0
2016-05-04,53.00,59.63,63.73,67.05,70.37,75.09,81.10,88.74,98.47,0.27,0.24,0.11,Suporte,0,0
2016-05-05,54.60,60.85,64.72,67.85,70.98,75.43,81.10,88.31,97.48,0.16,0.00,0.08,Suporte Forte,0,0
2016-05-06,56.90,62.61,66.14,69.00,71.86,75.92,81.10,87.68,96.06,0.07,0.00,0.17,Suporte Forte,0,0
2016-05-09,56.90,62.61,66.14,69.00,71.86,75.92,81.10,87.68,96.06,0.07,0.00,0.17,Suporte Forte,0,0
2016-05-10,56.90,62.61,66.14,69.00,71.86,75.92,81.10,87.68,96.06,0.12,0.00,0.12,Suporte Forte,0,0
2016-05-11,54.30,60.62,64.54,67.70,70.86,75.36,81.10,88.39,97.66,0.11,0.00,0.13,Suporte Forte,0,0
2016-05-12,54.30,60.62,64.54,67.70,70.86,75.36,81.10,88.39,97.66,0.07,0.00,0.17,Suporte Forte,0,0
2016-05-13,53.90,60.32,64.29,67.50,70.71,75.28,81.10,88.50,97.91,0.01,0.00,0.23,Suporte Forte,0,0
2016-05-16,53.00,59.63,63.73,67.05,70.37,75.09,81.10,88.74,98.47,0.11,0.00,0.13,Suporte Forte,0,0
2016-05-17,53.00,59.63,63.73,67.05,70.37,75.09,81.10,88.74,98.47,0.05,0.00,0.19,Suporte Forte,0,0
2016-05-18,52.60,59.33,63.49,66.85,70.21,75.00,81.10,88.85,98.71,0.01,0.00,0.23,Suporte Forte,0,0
2016-05-19,52.60,59.33,63.49,66.85,70.21,75.00,81.10,88.85,98.71,0.19,0.00,0.05,Suporte Forte,0,0
2016-05-20,52.60,59.33,63.49,66.85,70.21,75.00,81.10,88.85,98.71,0.21,0.00,0.03,Suporte Forte,0,0
2016-05-23,52.60,59.33,63.49,66.85,70.21,75.00,81.10,88.85,98.71,0.15,0.00,0.09,Suporte Forte,0,0
2016-05-24,52.60,59.04,63.03,66.25,69.47,74.06,79.90,87.33,96.77,0.22,0.00,0.02,Suporte Forte,0,0
2016-05-25,52.60,59.04,63.03,66.25,69.47,74.06,79.90,87.33,96.77,0.21,0.00,0.03,Suporte Forte,0,0
2016-05-26,52.60,58.31,61.84,64.70,67.56,71.62,76.80,83.38,91.76,0.18,0.00,0.06,Suporte Forte,0,0
2016-05-27,52.60,57.51,60.55,63.00,65.45,68.95,73.40,79.06,86.25,0.24,0.24,0.14,Suporte,0,0
2016-05-31,52.60,57.51,60.55,63.00,65.45,68.95,73.40,79.06,86.25,0.18,0.00,0.06,Suporte Forte,0,0
2016-06-01,52.60,57.51,60.55,63.00,65.45,68.95,73.40,79.06,86.25,0.30,0.24,0.08,Suporte,0,0
2016-06-02,52.60,57.51,60.55,63.00,65.45,68.95,73.40,79.06,86.25,0.35,0.24,0.03,Suporte,0,0
2016-06-03,52.60,57.51,60.55,63.00,65.45,68.95,73.40,79.06,86.25,0.15,0.00,0.09,Suporte Forte,0,0
2016-06-06,52.60,57.51,60.55,63.00,65.45,68.95,73.40,79.06,86.25,0.21,0.00,0.03,Suporte Forte,0,0
2016-06-07,52.60,57.51,60.55,63.00,65.45,68.95,73.40,79.06,86.25,0.34,0.24,0.04,Suporte,0,0
2016-06-08,52.60,57.51,60.55,63.00,65.45,68.95,73.40,79.06,86.25,0.39,0.38,0.11,Zona de Consolidação,1,0
2016-06-09,52.60,57.51,60.55,63.00,65.45,68.95,73.40,79.06,86.25,0.13,0.00,0.11,Suporte Forte,0,0
2016-06-10,52.60,57.51,60.55,63.00,65.45,68.95,73.40,79.06,86.25,0.07,0.00,0.17,Suporte Forte,0,0
2016-06-13,52.50,57.43,60.48,62.95,65.42,68.93,73.40,79.08,86.32,0.01,0.00,0.23,Suporte Forte,0,0
2016-06-14,50.70,56.06,59.37,62.05,64.73,68.54,73.40,79.57,87.43,0.03,0.00,0.21,Suporte Forte,0,0
2016-06-15,50.70,56.06,59.37,62.05,64.73,68.54,73.40,79.57,87.43,0.04,0.00,0.20,Suporte Forte,0,0
2016-06-16,48.90,54.68,58.26,61.15,64.04,68.16,73.40,80.06,88.54,0.09,0.00,0.15,Suporte Forte,0,0
2016-06-17,48.90,54.68,58.26,61.15,64.04,68.16,73.40,80.06,88.54,0.26,0.24,0.12,Suporte,0,0
2016-06-20,48.90,54.68,58.26,61.15,64.04,68.16,73.40,80.06,88.54,0.15,0.00,0.09,Suporte Forte,0,0
2016-06-21,48.90,54.68,58.26,61.15,64.04,68.16,73.40,80.06,88.54,0.14,0.00,0.10,Suporte Forte,0,0
2016-06-22,48.90,54.68,58.26,61.15,64.04,68.16,73.40,80.06,88.54,0.07,0.00,0.17,Suporte Forte,0,0
2016-06-23,48.90,54.68,58.26,61.15,64.04,68.16,73.40,80.06,88.54,0.26,0.24,0.12,Suporte,0,0
2016-06-24,48.90,54.68,58.26,61.15,64.04,68.16,73.40,80.06,88.54,0.17,0.00,0.07,Suporte Forte,0,0
2016-06-27,48.40,54.30,57.95,60.90,63.85,68.05,73.40,80.20,88.85,0.02,0.00,0.22,Suporte Forte,0,0
2016-06-28,48.40,54.30,57.95,60.90,63.85,68.05,73.40,80.20,88.85,0.11,0.00,0.13,Suporte Forte,0,0
2016-06-29,48.40,54.30,57.95,60.90,63.85,68.05,73.40,80.20,88.85,0.21,0.00,0.03,Suporte Forte,0,0
2016-06-30,48.40,54.30,57.95,60.90,63.85,68.05,73.40,80.20,88.85,0.26,0.24,0.12,Suporte,0,0
2016-07-01,48.40,54.30,57.95,60.90,63.85,68.05,73.40,80.20,88.85,0.13,0.00,0.11,Suporte Forte,0,0
2016-07-05,48.40,54.30,57.95,60.90,63.85,68.05,73.40,80.20,88.85,0.05,0.00,0.19,Suporte Forte,0,0
2016-07-06,48.40,54.30,57.95,60.90,63.85,68.05,73.40,80.20,88.85,0.06,0.00,0.18,Suporte Forte,0,0
2016-07-07,48.40,53.50,56.65,59.20,61.75,65.38,70.00,75.88,83.35,0.12,0.00,0.12,Suporte Forte,0,0
2016-07-08,48.40,53.50,56.65,59.20,61.75,65.38,70.00,75.88,83.35,0.22,0.00,0.02,Suporte Forte,0,0
2016-07-11,48.40,52.91,55.70,57.95,60.20,63.41,67.50,72.70,79.30,0.33,0.24,0.05,Suporte,0,0
2016-07-12,48.40,52.91,55.70,57.95,60.20,63.41,67.50,72.70,79.30,0.39,0.38,0.11,Zona de Consolidação,1,0
2016-07-13,48.40,52.91,55.70,57.95,60.20,63.41,67.50,72.70,79.30,0.35,0.24,0.03,Suporte,0,0
2016-07-14,48.40,52.91,55.70,57.95,60.20,63.41,67.50,72.70,79.30,0.26,0.24,0.12,Suporte,0,0
2016-07-15,48.40,52.91,55.70,57.95,60.20,63.41,67.50,72.70,79.30,0.26,0.24,0.12,Suporte,0,0
2016-07-18,48.40,52.91,55.70,57.95,60.20,63.41,67.50,72.70,79.30,0.27,0.24,0.11,Suporte,0,0
2016-07-19,48.40,52.91,55.70,57.95,60.20,63.41,67.50,72.70,79.30,0.24,0.24,0.14,Suporte,0,0
2016-07-20,48.40,52.91,55.70,57.95,60.20,63.41,67.50,72.70,79.30,0.33,0.24,0.05,Suporte,0,0
2016-07-21,48.40,52.91,55.70,57.95,60.20,63.41,67.50,72.70,79.30,0.23,0.00,0.01,Suporte Forte,0,0
2016-07-22,48.40,52.91,55.70,57.95,60.20,63.41,67.50,72.70,79.30,0.18,0.00,0.06,Suporte Forte,0,0
2016-07-25,48.40,52.91,55.70,57.95,60.20,63.41,67.50,72.70,79.30,0.12,0.00,0.12,Suporte Forte,0,0
2016-07-26,48.40,52.91,55.70,57.95,60.20,63.41,67.50,72.70,79.30,0.16,0.00,0.08,Suporte Forte,0,0
2016-07-27,48.40,52.91,55.70,57.95,60.20,63.41,67.50,72.70,79.30,0.14,0.00,0.10,Suporte Forte,0,0
2016-07-28,48.40,52.91,55.70,57.95,60.20,63.41,67.50,72.70,79.30,0.02,0.00,0.22,Suporte Forte,0,0
2016-07-29,48.10,52.68,55.51,57.80,60.09,63.35,67.50,72.78,79.49,0.10,0.00,0.14,Suporte Forte,0,0
2016-08-01,48.10,52.68,55.51,57.80,60.09,63.35,67.50,72.78,79.49,0.06,0.00,0.18,Suporte Forte,0,0
2016-08-02,46.90,51.76,54.77,57.20,59.63,63.09,67.50,73.10,80.23,0.00,0.00,0.24,Suporte Forte,0,0
2016-08-03,46.00,51.07,54.21,56.75,59.29,62.90,67.50,73.35,80.79,0.08,0.00,0.16,Suporte Forte,0,0
2016-08-04,46.00,51.07,54.21,56.75,59.29,62.90,67.50,73.35,80.79,0.05,0.00,0.19,Suporte Forte,0,0
2016-08-05,46.00,51.07,54.21,56.75,59.29,62.90,67.50,73.35,80.79,0.07,0.00,0.17,Suporte Forte,0,0
2016-08-08,46.00,51.07,54.21,56.75,59.29,62.90,67.50,73.35,80.79,0.13,0.00,0.11,Suporte Forte,0,0
2016-08-09,46.00,51.07,54.21,56.75,59.29,62.90,67.50,73.35,80.79,0.07,0.00,0.17,Suporte Forte,0,0
2016-08-10,46.00,51.07,54.21,56.75,59.29,62.90,67.50,73.35,80.79,0.05,0.00,0.19,Suporte Forte,0,0
2016-08-11,46.00,51.07,54.21,56.75,59.29,62.90,67.50,73.35,80.79,0.18,0.00,0.06,Suporte Forte,0,0
2016-08-12,46.00,51.07,54.21,56.75,59.29,62.90,67.50,73.35,80.79,0.20,0.00,0.04,Suporte Forte,0,0
2016-08-15,46.00,51.07,54.21,56.75,59.29,62.90,67.50,73.35,80.79,0.39,0.38,0.11,Zona de Consolidação,1,0
2016-08-16,46.00,51.07,54.21,56.75,59.29,62.90,67.50,73.35,80.79,0.41,0.38,0.09,Zona de Consolidação,0,0
2016-08-17,46.00,49.82,52.19,54.10,56.01,58.73,62.20,66.61,72.21,0.42,0.38,0.08,Zona de Consolidação,0,0
2016-08-18,46.00,49.40,51.50,53.20,54.90,57.32,60.40,64.32,69.30,0.55,0.50,0.07,Zona de Consolidação,0,0
2016-08-19,46.00,49.37,51.46,53.15,54.84,57.24,60.30,64.19,69.14,0.72,0.62,0.07,Resistência,0,0
2016-08-22,46.00,49.96,52.42,54.40,56.38,59.20,62.80,67.37,73.18,0.89,0.79,0.11,Resistência Forte,0,0
2016-08-23,46.00,50.81,53.79,56.20,58.61,62.03,66.40,71.95,79.01,0.91,0.79,0.09,Resistência Forte,0,0
2016-08-24,46.00,50.81,53.79,56.20,58.61,62.03,66.40,71.95,79.01,0.78,0.62,0.01,Resistência,0,1
2016-08-25,46.00,50.81,53.79,56.20,58.61,62.03,66.40,71.95,79.01,0.87,0.79,0.13,Resistência Forte,0,0
2016-08-26,46.00,50.81,53.79,56.20,58.61,62.03,66.40,71.95,79.01,0.86,0.79,0.14,Resistência Forte,0,0
2016-08-29,46.00,51.90,55.55,58.50,61.45,65.65,71.00,77.80,86.45,0.89,0.79,0.11,Resistência Forte,0,0
2016-08-30,46.00,51.90,55.55,58.50,61.45,65.65,71.00,77.80,86.45,0.92,0.79,0.08,Resistência Forte,0,0
2016-08-31,46.00,52.07,55.82,58.85,61.88,66.20,71.70,78.69,87.58,0.94,0.79,0.06,Resistência Forte,0,0
2016-09-01,46.00,52.07,55.82,58.85,61.88,66.20,71.70,78.69,87.58,0.88,0.79,0.12,Resistência Forte,0,0
2016-09-02,46.00,52.07,55.82,58.85,61.88,66.20,71.70,78.69,87.58,0.88,0.79,0.12,Resistência Forte,0,0
2016-09-06,46.00,52.07,55.82,58.85,61.88,66.20,71.70,78.69,87.58,0.86,0.79,0.14,Resistência Forte,0,0
2016-09-07,46.00,52.07,55.82,58.85,61.88,66.20,71.70,78.69,87.58,0.82,0.79,0.18,Resistência Forte,0,0
2016-09-08,46.00,52.07,55.82,58.85,61.88,66.20,71.70,78.69,87.58,0.73,0.62,0.06,Resistência,0,0
2016-09-09,46.00,52.07,55.82,58.85,61.88,66.20,71.70,78.69,87.58,0.68,0.62,0.11,Resistência,0,0
2016-09-12,46.00,52.07,55.82,58.85,61.88,66.20,71.70,78.69,87.58,0.72,0.62,0.07,Resistência,0,0
2016-09-13,46.00,52.07,55.82,58.85,61.88,66.20,71.70,78.69,87.58,0.69,0.62,0.10,Resistência,0,0
2016-09-14,46.00,52.07,55.82,58.85,61.88,66.20,71.70,78.69,87.58,0.64,0.62,0.15,Resistência,0,0
2016-09-15,46.00,52.07,55.82,58.85,61.88,66.20,71.70,78.69,87.58,0.67,0.62,0.12,Resistência,0,0
2016-09-16,46.00,52.07,55.82,58.85,61.88,66.20,71.70,78.69,87.58,0.65,0.62,0.14,Resistência,0,0
2016-09-19,46.00,52.07,55.82,58.85,61.88,66.20,71.70,78.69,87.58,0.61,0.50,0.01,Zona de Consolidação,1,0
2016-09-20,46.00,52.07,55.82,58.85,61.88,66.20,71.70,78.69,87.58,0.57,0.50,0.05,Zona de Consolidação,0,0
2016-09-21,46.00,52.07,55.82,58.85,61.88,66.20,71.70,78.69,87.58,0.58,0.50,0.04,Zona de Consolidação,0,0
2016-09-22,46.00,52.07,55.82,58.85,61.88,66.20,71.70,78.69,87.58,0.58,0.50,0.04,Zona de Consolidação,0,0
2016-09-23,46.00,52.07,55.82,58.85,61.88,66.20,71.70,78.69,87.58,0.59,0.50,0.03,Zona de Consolidação,0,0
2016-09-26,46.00,52.07,55.82,58.85,61.88,66.20,71.70,78.69,87.58,0.56,0.50,0.06,Zona de Consolidação,0,0
2016-09-27,46.00,52.07,55.82,58.85,61.88,66.20,71.70,78.69,87.58,0.51,0.50,0.11,Zona de Consolidação,0,0
2016-09-28,46.00,52.07,55.82,58.85,61.88,66.20,71.70,78.69,87.58,0.40,0.38,0.10,Zona de Consolidação,0,0
2016-09-29,46.00,52.07,55.82,58.85,61.88,66.20,71.70,78.69,87.58,0.39,0.38,0.11,Zona de Consolidação,1,0
2016-09-30,46.00,52.07,55.82,58.85,61.88,66.20,71.70,78.69,87.58,0.40,0.38,0.10,Zona de Consolidação,0,0
2016-10-03,46.00,52.07,55.82,58.85,61.88,66.20,71.70,78.69,87.58,0.37,0.24,0.01,Suporte,1,0
2016-10-04,46.00,52.07,55.82,58.85,61.88,66.20,71.70,78.69,87.58,0.35,0.24,0.03,Suporte,0,0
2016-10-05,46.00,52.07,55.82,58.85,61.88,66.20,71.70,78.69,87.58,0.37,0.24,0.01,Suporte,1,0
2016-10-06,46.00,52.07,55.82,58.85,61.88,66.20,71.70,78.69,87.58,0.34,0.24,0.04,Suporte,0,0
2016-10-07,46.00,52.07,55.82,58.85,61.88,66.20,71.70,78.69,87.58,0.33,0.24,0.05,Suporte,0,0
2016-10-10,46.00,52.07,55.82,58.85,61.88,66.20,71.70,78.69,87.58,0.35,0.24,0.03,Suporte,0,0
2016-10-11,46.00,52.07,55.82,58.85,61.88,66.20,71.70,78.69,87.58,0.30,0.24,0.08,Suporte,0,0
2016-10-12,46.00,52.07,55.82,58.85,61.88,66.20,71.70,78.69,87.58,0.39,0.38,0.11,Zona de Consolidação,1,0
2016-10-13,46.40,52.37,56.06,59.05,62.04,66.29,71.70,78.58,87.34,0.30,0.24,0.08,Suporte,0,0
2016-10-14,46.40,52.37,56.06,59.05,62.04,66.29,71.70,78.58,87.34,0.33,0.24,0.05,Suporte,0,0
2016-10-17,46.40,52.37,56.06,59.05,62.04,66.29,71.70,78.58,87.34,0.30,0.24,0.08,Suporte,0,0
2016-10-18,46.40,52.37,56.06,59.05,62.04,66.29,71.70,78.58,87.34,0.30,0.24,0.08,Suporte,0,0
2016-10-19,46.40,52.37,56.06,59.05,62.04,66.29,71.70,78.58,87.34,0.36,0.24,0.02,Suporte,1,0
2016-10-20,47.60,53.29,56.81,59.65,62.49,66.54,71.70,78.26,86.59,0.31,0.24,0.07,Suporte,0,0
2016-10-21,49.60,54.82,58.04,60.65,63.26,66.97,71.70,77.71,85.36,0.33,0.24,0.05,Suporte,0,0
2016-10-24,49.70,54.89,58.10,60.70,63.30,66.99,71.70,77.68,85.30,0.31,0.24,0.07,Suporte,0,0
2016-10-25,52.10,56.73,59.59,61.90,64.21,67.51,71.70,77.03,83.81,0.20,0.00,0.04,Suporte Forte,0,0
2016-10-26,52.10,56.73,59.59,61.90,64.21,67.51,71.70,77.03,83.81,0.17,0.00,0.07,Suporte Forte,0,0
2016-10-27,52.10,56.73,59.59,61.90,64.21,67.51,71.70,77.03,83.81,0.05,0.00,0.19,Suporte Forte,0,0
2016-10-28,52.50,57.03,59.83,62.10,64.37,67.59,71.70,76.92,83.57,0.00,0.00,0.24,Suporte Forte,0,0
2016-10-31,52.00,56.65,59.53,61.85,64.17,67.48,71.70,77.06,83.87,0.13,0.00,0.11,Suporte Forte,0,0
2016-11-01,51.00,55.89,58.91,61.35,63.79,67.27,71.70,77.33,84.49,0.10,0.00,0.14,Suporte Forte,0,0
2016-11-02,49.50,54.74,57.98,60.60,63.22,66.95,71.70,77.74,85.42,0.00,0.00,0.24,Suporte Forte,0,0
2016-11-03,43.50,50.16,54.27,57.60,60.93,65.67,71.70,79.37,89.13,0.04,0.00,0.20,Suporte Forte,0,0
2016-11-04,43.50,50.16,54.27,57.60,60.93,65.67,71.70,79.37,89.13,0.09,0.00,0.15,Suporte Forte,0,0
2016-11-07,43.00,49.77,53.96,57.35,60.74,65.56,71.70,79.51,89.44,0.03,0.00,0.21,Suporte Forte,0,0
2016-11-08,42.00,49.01,53.35,56.85,60.35,65.34,71.70,79.78,90.05,0.12,0.00,0.12,Suporte Forte,0,0
2016-11-09,42.00,49.01,53.35,56.85,60.35,65.34,71.70,79.78,90.05,0.20,0.00,0.04,Suporte Forte,0,0
2016-11-10,42.00,48.75,52.93,56.30,59.67,64.48,70.60,78.38,88.27,0.19,0.00,0.05,Suporte Forte,0,0
2016-11-11,42.00,48.56,52.62,55.90,59.18,63.85,69.80,77.36,86.98,0.31,0.24,0.07,Suporte,0,0
2016-11-14,34.50,42.83,47.98,52.15,56.32,62.25,69.80,79.40,91.62,0.18,0.00,0.06,Suporte Forte,0,0
2016-11-15,34.50,42.64,47.68,51.75,55.82,61.62,69.00,78.38,90.32,0.20,0.00,0.04,Suporte Forte,0,0
2016-11-16,34.50,42.17,46.92,50.75,54.58,60.04,67.00,75.84,87.08,0.29,0.24,0.09,Suporte,0,0
2016-11-17,34.50,41.91,46.49,50.20,53.91,59.18,65.90,74.44,85.31,0.32,0.24,0.06,Suporte,0,0
2016-11-18,34.50,41.82,46.34,50.00,53.66,58.87,65.50,73.93,84.66,0.29,0.24,0.09,Suporte,0,0
2016-11-21,34.50,41.53,45.88,49.40,52.92,57.92,64.30,72.41,82.72,0.29,0.24,0.09,Suporte,0,0
2016-11-22,34.50,41.53,45.88,49.40,52.92,57.92,64.30,72.41,82.72,0.27,0.24,0.11,Suporte,0,0
2016-11-23,34.50,41.53,45.88,49.40,52.92,57.92,64.30,72.41,82.72,0.29,0.24,0.09,Suporte,0,0
2016-11-25,34.50,41.53,45.88,49.40,52.92,57.92,64.30,72.41,82.72,0.30,0.24,0.08,Suporte,0,0
2016-11-28,34.50,41.53,45.88,49.40,52.92,57.92,64.30,72.41,82.72,0.29,0.24,0.09,Suporte,0,0
2016-11-29,34.50,41.30,45.50,48.90,52.30,57.14,63.30,71.13,81.10,0.28,0.24,0.10,Suporte,0,0
2016-11-30,34.50,41.01,45.04,48.30,51.56,56.19,62.10,69.61,79.16,0.29,0.24,0.09,Suporte,0,0
2016-12-01,34.50,41.01,45.04,48.30,51.56,56.19,62.10,69.61,79.16,0.29,0.24,0.09,Suporte,0,0
2016-12-02,34.50,41.01,45.04,48.30,51.56,56.19,62.10,69.61,79.16,0.16,0.00,0.08,Suporte Forte,0,0
2016-12-05,34.50,40.97,44.97,48.20,51.43,56.04,61.90,69.35,78.83,0.27,0.24,0.11,Suporte,0,0
2016-12-06,34.50,40.82,44.74,47.90,51.06,55.56,61.30,68.59,77.86,0.28,0.24,0.10,Suporte,0,0
2016-12-07,34.50,40.52,44.24,47.25,50.26,54.54,60.00,66.94,75.76,0.43,0.38,0.07,Zona de Consolidação,0,0
2016-12-08,34.50,40.52,44.24,47.25,50.26,54.54,60.00,66.94,75.76,0.45,0.38,0.05,Zona de Consolidação,0,0
2016-12-09,34.50,40.52,44.24,47.25,50.26,54.54,60.00,66.94,75.76,0.51,0.50,0.11,Zona de Consolidação,0,0
2016-12-12,34.50,40.52,44.24,47.25,50.26,54.54,60.00,66.94,75.76,0.41,0.38,0.09,Zona de Consolidação,0,0
2016-12-13,34.50,40.52,44.24,47.25,50.26,54.54,60.00,66.94,75.76,0.47,0.38,0.03,Zona de Consolidação,0,0
2016-12-14,34.50,40.52,44.24,47.25,50.26,54.54,60.00,66.94,75.76,0.39,0.38,0.11,Zona de Consolidação,1,0
2016-12-15,34.50,40.52,44.24,47.25,50.26,54.54,60.00,66.94,75.76,0.37,0.24,0.01,Suporte,1,0
2016-12-16,34.50,40.52,44.24,47.25,50.26,54.54,60.00,66.94,75.76,0.41,0.38,0.09,Zona de Consolidação,0,0
2016-12-19,34.50,40.52,44.24,47.25,50.26,54.54,60.00,66.94,75.76,0.35,0.24,0.03,Suporte,0,0
2016-12-20,34.50,40.52,44.24,47.25,50.26,54.54,60.00,66.94,75.76,0.37,0.24,0.01,Suporte,1,0
2016-12-21,34.50,40.52,44.24,47.25,50.26,54.54,60.00,66.94,75.76,0.39,0.38,0.11,Zona de Consolidação,1,0
2016-12-22,34.50,40.52,44.24,47.25,50.26,54.54,60.00,66.94,75.76,0.24,0.24,0.14,Suporte,0,0
2016-12-23,34.50,40.52,44.24,47.25,50.26,54.54,60.00,66.94,75.76,0.29,0.24,0.09,Suporte,0,0
2016-12-27,34.50,40.52,44.24,47.25,50.26,54.54,60.00,66.94,75.76,0.22,0.00,0.02,Suporte Forte,0,0
2016-12-28,34.50,40.52,44.24,47.25,50.26,54.54,60.00,66.94,75.76,0.29,0.24,0.09,Suporte,0,0
2016-12-29,34.50,40.52,44.24,47.25,50.26,54.54,60.00,66.94,75.76,0.25,0.24,0.13,Suporte,0,0
2016-12-30,34.50,40.52,44.24,47.25,50.26,54.54,60.00,66.94,75.76,0.24,0.24,0.14,Suporte,0,0
2017-01-03,34.50,40.52,44.24,47.25,50.26,54.54,60.00,66.94,75.76,0.29,0.24,0.09,Suporte,0,0
2017-01-04,34.50,40.52,44.24,47.25,50.26,54.54,60.00,66.94,75.76,0.33,0.24,0.05,Suporte,0,0
2017-01-05,34.50,40.16,43.67,46.50,49.33,53.36,58.50,65.03,73.33,0.35,0.24,0.03,Suporte,0,0
2017-01-06,34.50,40.16,43.67,46.50,49.33,53.36,58.50,65.03,73.33,0.33,0.24,0.05,Suporte,0,0
2017-01-09,34.50,39.57,42.71,45.25,47.79,51.40,56.00,61.85,69.29,0.40,0.38,0.10,Zona de Consolidação,1,0
2017-01-10,34.50,39.34,42.33,44.75,47.17,50.61,55.00,60.58,67.67,0.12,0.00,0.12,Suporte Forte,0,0
2017-01-11,34.50,39.34,42.33,44.75,47.17,50.61,55.00,60.58,67.67,0.00,0.00,0.24,Suporte Forte,0,0
2017-01-12,31.00,36.55,39.98,42.75,45.52,49.47,54.50,60.89,69.02,0.15,0.00,0.09,Suporte Forte,0,0
2017-01-13,31.00,36.31,39.60,42.25,44.90,48.68,53.50,59.62,67.40,0.00,0.00,0.24,Suporte Forte,0,0
2017-01-17,30.00,35.31,38.60,41.25,43.90,47.68,52.50,58.62,66.40,0.02,0.00,0.22,Suporte Forte,0,0
2017-01-18,29.50,34.93,38.29,41.00,43.71,47.58,52.50,58.76,66.71,0.04,0.00,0.20,Suporte Forte,0,0
2017-01-19,29.00,34.55,37.98,40.75,43.52,47.47,52.50,58.89,67.02,0.04,0.00,0.20,Suporte Forte,0,0
2017-01-20,29.00,34.55,37.98,40.75,43.52,47.47,52.50,58.89,67.02,0.02,0.00,0.22,Suporte Forte,0,0
2017-01-23,29.00,34.55,37.98,40.75,43.52,47.47,52.50,58.89,67.02,0.04,0.00,0.20,Suporte Forte,0,0
2017-01-24,29.00,34.55,37.98,40.75,43.52,47.47,52.50,58.89,67.02,0.04,0.00,0.20,Suporte Forte,0,0
2017-01-25,29.00,34.55,37.98,40.75,43.52,47.47,52.50,58.89,67.02,0.02,0.00,0.22,Suporte Forte,0,0
2017-01-26,29.00,34.17,37.37,39.95,42.53,46.21,50.90,56.86,64.43,0.02,0.00,0.22,Suporte Forte,0,0
2017-01-27,29.00,33.48,36.26,38.50,40.74,43.93,48.00,53.17,59.74,0.05,0.00,0.19,Suporte Forte,0,0
2017-01-30,29.00,33.48,36.26,38.50,40.74,43.93,48.00,53.17,59.74,0.05,0.00,0.19,Suporte Forte,0,0
2017-01-31,29.00,33.48,36.26,38.50,40.74,43.93,48.00,53.17,59.74,0.08,0.00,0.16,Suporte Forte,0,0
2017-02-01,29.00,33.48,36.26,38.50,40.74,43.93,48.00,53.17,59.74,0.05,0.00,0.19,Suporte Forte,0,0
2017-02-02,27.50,32.34,35.33,37.75,40.17,43.61,48.00,53.58,60.67,0.10,0.00,0.14,Suporte Forte,0,0
2017-02-03,27.50,32.34,35.33,37.75,40.17,43.61,48.00,53.58,60.67,0.10,0.00,0.14,Suporte Forte,0,0
2017-02-06,24.50,30.05,33.48,36.25,39.02,42.97,48.00,54.39,62.52,0.06,0.00,0.18,Suporte Forte,0,0
2017-02-07,23.50,29.28,32.86,35.75,38.64,42.76,48.00,54.66,63.14,0.02,0.00,0.22,Suporte Forte,0,0
2017-02-08,22.00,28.14,31.93,35.00,38.07,42.44,48.00,55.07,64.07,0.02,0.00,0.22,Suporte Forte,0,0
2017-02-09,22.00,28.14,31.93,35.00,38.07,42.44,48.00,55.07,64.07,0.13,0.00,0.11,Suporte Forte,0,0
2017-02-10,22.00,28.14,31.93,35.00,38.07,42.44,48.00,55.07,64.07,0.15,0.00,0.09,Suporte Forte,0,0
2017-02-13,22.00,28.14,31.93,35.00,38.07,42.44,48.00,55.07,64.07,0.12,0.00,0.12,Suporte Forte,0,0
2017-02-14,19.50,26.23,30.39,33.75,37.11,41.90,48.00,55.75,65.61,0.05,0.00,0.19,Suporte Forte,0,0
2017-02-15,19.50,26.23,30.39,33.75,37.11,41.90,48.00,55.75,65.61,0.04,0.00,0.20,Suporte Forte,0,0
2017-02-16,19.50,26.23,30.39,33.75,37.11,41.90,48.00,55.75,65.61,0.04,0.00,0.20,Suporte Forte,0,0
2017-02-17,19.50,26.23,30.39,33.75,37.11,41.90,48.00,55.75,65.61,0.05,0.00,0.19,Suporte Forte,0,0
2017-02-21,19.50,26.23,30.39,33.75,37.11,41.90,48.00,55.75,65.61,0.05,0.00,0.19,Suporte Forte,0,0
2017-02-22,19.50,26.23,30.39,33.75,37.11,41.90,48.00,55.75,65.61,0.05,0.00,0.19,Suporte Forte,0,0
2017-02-23,18.50,25.23,29.39,32.75,36.11,40.90,47.00,54.75,64.61,0.09,0.00,0.15,Suporte Forte,0,0
2017-02-24,18.50,25.23,29.39,32.75,36.11,40.90,47.00,54.75,64.61,0.04,0.00,0.20,Suporte Forte,0,0
2017-02-27,18.50,25.11,29.20,32.50,35.80,40.51,46.50,54.12,63.80,0.04,0.00,0.20,Suporte Forte,0,0
2017-02-28,17.00,23.73,27.89,31.25,34.61,39.40,45.50,53.25,63.11,0.02,0.00,0.22,Suporte Forte,0,0
2017-03-01,17.00,23.73,27.89,31.25,34.61,39.40,45.50,53.25,63.11,0.04,0.00,0.20,Suporte Forte,0,0
2017-03-02,16.00,22.96,27.27,30.75,34.23,39.19,45.50,53.52,63.73,0.05,0.00,0.19,Suporte Forte,0,0
2017-03-03,16.00,22.96,27.27,30.75,34.23,39.19,45.50,53.52,63.73,0.03,0.00,0.21,Suporte Forte,0,0
2017-03-06,15.00,22.08,26.46,30.00,33.54,38.58,45.00,53.16,63.54,0.02,0.00,0.22,Suporte Forte,0,0
2017-03-07,15.00,21.96,26.27,29.75,33.23,38.19,44.50,52.52,62.73,0.03,0.00,0.21,Suporte Forte,0,0
2017-03-08,15.00,21.73,25.89,29.25,32.61,37.40,43.50,51.25,61.11,0.02,0.00,0.22,Suporte Forte,0,0
2017-03-09,13.00,20.20,24.65,28.25,31.85,36.97,43.50,51.80,62.35,0.05,0.00,0.19,Suporte Forte,0,0
2017-03-10,13.00,20.20,24.65,28.25,31.85,36.97,43.50,51.80,62.35,0.03,0.00,0.21,Suporte Forte,0,0
2017-03-13,13.00,20.20,24.65,28.25,31.85,36.97,43.50,51.80,62.35,0.07,0.00,0.17,Suporte Forte,0,0
2017-03-14,13.00,20.20,24.65,28.25,31.85,36.97,43.50,51.80,62.35,0.03,0.00,0.21,Suporte Forte,0,0
2017-03-15,13.00,20.20,24.65,28.25,31.85,36.97,43.50,51.80,62.35,0.05,0.00,0.19,Suporte Forte,0,0
2017-03-16,13.00,20.20,24.65,28.25,31.85,36.97,43.50,51.80,62.35,0.05,0.00,0.19,Suporte Forte,0,0
2017-03-17,13.00,20.20,24.65,28.25,31.85,36.97,43.50,51.80,62.35,0.05,0.00,0.19,Suporte Forte,0,0
2017-03-20,13.00,20.20,24.65,28.25,31.85,36.97,43.50,51.80,62.35,0.03,0.00,0.21,Suporte Forte,0,0
2017-03-21,13.00,20.20,24.65,28.25,31.85,36.97,43.50,51.80,62.35,0.08,0.00,0.16,Suporte Forte,0,0
2017-03-22,13.00,19.73,23.89,27.25,30.61,35.40,41.50,49.25,59.11,0.21,0.00,0.03,Suporte Forte,0,0
2017-03-23,13.00,18.78,22.36,25.25,28.14,32.26,37.50,44.16,52.64,0.22,0.00,0.02,Suporte Forte,0,0
2017-03-24,13.00,18.31,21.60,24.25,26.90,30.68,35.50,41.62,49.40,0.16,0.00,0.08,Suporte Forte,0,0
2017-03-27,13.00,18.31,21.60,24.25,26.90,30.68,35.50,41.62,49.40,0.18,0.00,0.06,Suporte Forte,0,0
2017-03-28,13.00,17.48,20.26,22.50,24.74,27.93,32.00,37.17,43.74,0.18,0.00,0.06,Suporte Forte,0,0
2017-03-29,13.00,17.37,20.07,22.25,24.43,27.54,31.50,36.53,42.93,0.19,0.00,0.05,Suporte Forte,0,0
2017-03-30,13.00,17.37,20.07,22.25,24.43,27.54,31.50,36.53,42.93,0.11,0.00,0.13,Suporte Forte,0,0
2017-03-31,13.00,17.25,19.88,22.00,24.12,27.15,31.00,35.90,42.12,0.14,0.00,0.10,Suporte Forte,0,0
2017-04-03,13.00,17.25,19.88,22.00,24.12,27.15,31.00,35.90,42.12,0.11,0.00,0.13,Suporte Forte,0,0
2017-04-04,13.00,17.25,19.88,22.00,24.12,27.15,31.00,35.90,42.12,0.06,0.00,0.18,Suporte Forte,0,0
2017-04-05,13.00,17.25,19.88,22.00,24.12,27.15,31.00,35.90,42.12,0.03,0.00,0.21,Suporte Forte,0,0
2017-04-06,12.50,16.87,19.57,21.75,23.93,27.04,31.00,36.03,42.43,0.05,0.00,0.19,Suporte Forte,0,0
2017-04-07,12.50,16.75,19.38,21.50,23.62,26.65,30.50,35.40,41.62,0.06,0.00,0.18,Suporte Forte,0,0
2017-04-10,12.50,16.75,19.38,21.50,23.62,26.65,30.50,35.40,41.62,0.03,0.00,0.21,Suporte Forte,0,0
2017-04-11,12.50,16.75,19.38,21.50,23.62,26.65,30.50,35.40,41.62,0.06,0.00,0.18,Suporte Forte,0,0
2017-04-12,12.50,16.75,19.38,21.50,23.62,26.65,30.50,35.40,41.62,0.03,0.00,0.21,Suporte Forte,0,0
2017-04-13,12.50,16.75,19.38,21.50,23.62,26.65,30.50,35.40,41.62,0.03,0.00,0.21,Suporte Forte,0,0
2017-04-17,9.50,14.34,17.33,19.75,22.17,25.61,30.00,35.58,42.67,0.05,0.00,0.19,Suporte Forte,0,0
2017-04-18,9.50,14.34,17.33,19.75,22.17,25.61,30.00,35.58,42.67,0.05,0.00,0.19,Suporte Forte,0,0
2017-04-19,9.50,13.63,16.19,18.25,20.31,23.26,27.00,31.76,37.82,0.03,0.00,0.21,Suporte Forte,0,0
2017-04-20,9.50,13.63,16.19,18.25,20.31,23.26,27.00,31.76,37.82,0.11,0.00,0.13,Suporte Forte,0,0
2017-04-21,9.50,13.63,16.19,18.25,20.31,23.26,27.00,31.76,37.82,0.11,0.00,0.13,Suporte Forte,0,0
2017-04-24,9.50,13.63,16.19,18.25,20.31,23.26,27.00,31.76,37.82,0.14,0.00,0.10,Suporte Forte,0,0
2017-04-25,9.50,13.63,16.19,18.25,20.31,23.26,27.00,31.76,37.82,0.17,0.00,0.07,Suporte Forte,0,0
2017-04-26,9.50,13.23,15.54,17.40,19.26,21.92,25.30,29.60,35.06,0.25,0.24,0.13,Suporte,0,0
2017-04-27,9.50,12.57,14.47,16.00,17.53,19.72,22.50,26.04,30.53,0.31,0.24,0.07,Suporte,0,0
2017-04-28,7.50,10.80,12.85,14.50,16.15,18.50,21.50,25.31,30.15,0.18,0.00,0.06,Suporte Forte,0,0
2017-05-01,7.50,10.80,12.85,14.50,16.15,18.50,21.50,25.31,30.15,0.14,0.00,0.10,Suporte Forte,0,0
2017-05-02,2.80,7.21,9.94,12.15,14.36,17.50,21.50,26.59,33.06,0.05,0.00,0.19,Suporte Forte,0,0
2017-05-03,2.80,7.21,9.94,12.15,14.36,17.50,21.50,26.59,33.06,0.10,0.00,0.14,Suporte Forte,0,0
2017-05-04,2.80,7.21,9.94,12.15,14.36,17.50,21.50,26.59,33.06,0.07,0.00,0.17,Suporte Forte,0,0
2017-05-05,2.80,7.10,9.75,11.90,14.05,17.11,21.00,25.95,32.25,0.08,0.00,0.16,Suporte Forte,0,0
2017-05-08,2.80,7.10,9.75,11.90,14.05,17.11,21.00,25.95,32.25,0.08,0.00,0.16,Suporte Forte,0,0
2017-05-09,2.80,7.10,9.75,11.90,14.05,17.11,21.00,25.95,32.25,0.08,0.00,0.16,Suporte Forte,0,0
2017-05-10,2.80,7.10,9.75,11.90,14.05,17.11,21.00,25.95,32.25,0.07,0.00,0.17,Suporte Forte,0,0
2017-05-11,2.80,7.10,9.75,11.90,14.05,17.11,21.00,25.95,32.25,0.04,0.00,0.20,Suporte Forte,0,0
2017-05-12,2.80,7.10,9.75,11.90,14.05,17.11,21.00,25.95,32.25,0.03,0.00,0.21,Suporte Forte,0,0
2017-05-15,2.80,7.10,9.75,11.90,14.05,17.11,21.00,25.95,32.25,0.02,0.00,0.22,Suporte Forte,0,0
2017-05-16,2.80,7.10,9.75,11.90,14.05,17.11,21.00,25.95,32.25,0.05,0.00,0.19,Suporte Forte,0,0
2017-05-17,2.80,7.10,9.75,11.90,14.05,17.11,21.00,25.95,32.25,0.02,0.00,0.22,Suporte Forte,0,0
2017-05-18,2.80,7.10,9.75,11.90,14.05,17.11,21.00,25.95,32.25,0.03,0.00,0.21,Suporte Forte,0,0
2017-05-19,2.80,7.10,9.75,11.90,14.05,17.11,21.00,25.95,32.25,0.09,0.00,0.15,Suporte Forte,0,0
2017-05-22,2.80,7.10,9.75,11.90,14.05,17.11,21.00,25.95,32.25,0.09,0.00,0.15,Suporte Forte,0,0
2017-05-23,2.80,7.10,9.75,11.90,14.05,17.11,21.00,25.95,32.25,0.14,0.00,0.10,Suporte Forte,0,0
2017-05-24,2.80,7.10,9.75,11.90,14.05,17.11,21.00,25.95,32.25,0.12,0.00,0.12,Suporte Forte,0,0
2017-05-25,2.80,7.10,9.75,11.90,14.05,17.11,21.00,25.95,32.25,0.17,0.00,0.07,Suporte Forte,0,0
2017-05-26,2.80,7.10,9.75,11.90,14.05,17.11,21.00,25.95,32.25,0.15,0.00,0.09,Suporte Forte,0,0
2017-05-30,2.80,7.10,9.75,11.90,14.05,17.11,21.00,25.95,32.25,0.16,0.00,0.08,Suporte Forte,0,0
2017-05-31,2.80,7.10,9.75,11.90,14.05,17.11,21.00,25.95,32.25,0.18,0.00,0.06,Suporte Forte,0,0
2017-06-01,2.80,7.10,9.75,11.90,14.05,17.11,21.00,25.95,32.25,0.16,0.00,0.08,Suporte Forte,0,0
2017-06-02,2.80,7.10,9.75,11.90,14.05,17.11,21.00,25.95,32.25,0.16,0.00,0.08,Suporte Forte,0,0
2017-06-05,2.80,6.74,9.18,11.15,13.12,15.93,19.50,24.04,29.82,0.17,0.00,0.07,Suporte Forte,0,0
2017-06-06,2.80,6.74,9.18,11.15,13.12,15.93,19.50,24.04,29.82,0.16,0.00,0.08,Suporte Forte,0,0
2017-06-07,2.80,6.74,9.18,11.15,13.12,15.93,19.50,24.04,29.82,0.14,0.00,0.10,Suporte Forte,0,0
2017-06-08,2.80,6.51,8.80,10.65,12.50,15.14,18.50,22.77,28.20,0.17,0.00,0.07,Suporte Forte,0,0
2017-06-09,2.80,6.51,8.80,10.65,12.50,15.14,18.50,22.77,28.20,0.15,0.00,0.09,Suporte Forte,0,0
2017-06-12,2.80,6.15,8.22,9.90,11.58,13.96,17.00,20.86,25.78,0.13,0.00,0.11,Suporte Forte,0,0
2017-06-13,2.80,6.15,8.22,9.90,11.58,13.96,17.00,20.86,25.78,0.15,0.00,0.09,Suporte Forte,0,0
2017-06-14,2.80,6.15,8.22,9.90,11.58,13.96,17.00,20.86,25.78,0.15,0.00,0.09,Suporte Forte,0,0
2017-06-15,2.80,6.15,8.22,9.90,11.58,13.96,17.00,20.86,25.78,0.15,0.00,0.09,Suporte Forte,0,0
2017-06-16,2.80,6.15,8.22,9.90,11.58,13.96,17.00,20.86,25.78,0.12,0.00,0.12,Suporte Forte,0,0
2017-06-19,2.80,6.15,8.22,9.90,11.58,13.96,17.00,20.86,25.78,0.17,0.00,0.07,Suporte Forte,0,0
2017-06-20,2.80,5.56,7.27,8.65,10.03,12.00,14.50,17.68,21.73,0.17,0.00,0.07,Suporte Forte,0,0
2017-06-21,2.80,5.56,7.27,8.65,10.03,12.00,14.50,17.68,21.73,0.16,0.00,0.08,Suporte Forte,0,0
2017-06-22,2.80,5.56,7.27,8.65,10.03,12.00,14.50,17.68,21.73,0.19,0.00,0.05,Suporte Forte,0,0
2017-06-23,2.80,5.56,7.27,8.65,10.03,12.00,14.50,17.68,21.73,0.15,0.00,0.09,Suporte Forte,0,0
2017-06-26,2.80,5.56,7.27,8.65,10.03,12.00,14.50,17.68,21.73,0.18,0.00,0.06,Suporte Forte,0,0
2017-06-27,2.80,5.56,7.27,8.65,10.03,12.00,14.50,17.68,21.73,0.16,0.00,0.08,Suporte Forte,0,0
2017-06-28,2.80,5.56,7.27,8.65,10.03,12.00,14.50,17.68,21.73,0.17,0.00,0.07,Suporte Forte,0,0
2017-06-29,2.80,5.56,7.27,8.65,10.03,12.00,14.50,17.68,21.73,0.16,0.00,0.08,Suporte Forte,0,0
2017-06-30,2.80,5.56,7.27,8.65,10.03,12.00,14.50,17.68,21.73,0.16,0.00,0.08,Suporte Forte,0,0
2017-07-03,2.80,5.56,7.27,8.65,10.03,12.00,14.50,17.68,21.73,0.16,0.00,0.08,Suporte Forte,0,0
2017-07-05,2.80,5.56,7.27,8.65,10.03,12.00,14.50,17.68,21.73,0.15,0.00,0.09,Suporte Forte,0,0
2017-07-06,2.80,5.56,7.27,8.65,10.03,12.00,14.50,17.68,21.73,0.17,0.00,0.07,Suporte Forte,0,0
2017-07-07,2.80,5.56,7.27,8.65,10.03,12.00,14.50,17.68,21.73,0.27,0.24,0.11,Suporte,0,0
2017-07-10,2.80,4.50,5.55,6.40,7.25,8.46,10.00,11.96,14.45,0.69,0.62,0.10,Resistência,0,0
2017-07-11,2.80,4.50,5.55,6.40,7.25,8.46,10.00,11.96,14.45,0.47,0.38,0.03,Zona de Consolidação,0,0
2017-07-12,2.80,4.29,5.21,5.95,6.69,7.75,9.10,10.81,12.99,0.49,0.38,0.01,Zona de Consolidação,0,0
2017-07-13,3.10,4.37,5.16,5.80,6.44,7.34,8.50,9.97,11.84,0.50,0.50,0.12,Zona de Consolidação,0,0
2017-07-14,3.10,4.37,5.16,5.80,6.44,7.34,8.50,9.97,11.84,0.46,0.38,0.04,Zona de Consolidação,0,0
2017-07-17,3.10,4.37,5.16,5.80,6.44,7.34,8.50,9.97,11.84,0.46,0.38,0.04,Zona de Consolidação,0,0
2017-07-18,3.10,4.37,5.16,5.80,6.44,7.34,8.50,9.97,11.84,0.41,0.38,0.09,Zona de Consolidação,0,0
2017-07-19,3.10,4.37,5.16,5.80,6.44,7.34,8.50,9.97,11.84,0.44,0.38,0.06,Zona de Consolidação,0,0
2017-07-20,3.10,4.37,5.16,5.80,6.44,7.34,8.50,9.97,11.84,0.56,0.50,0.06,Zona de Consolidação,0,0
2017-07-21,3.10,4.37,5.16,5.80,6.44,7.34,8.50,9.97,11.84,0.56,0.50,0.06,Zona de Consolidação,0,0
2017-07-24,3.10,4.37,5.16,5.80,6.44,7.34,8.50,9.97,11.84,0.59,0.50,0.03,Zona de Consolidação,0,0
2017-07-25,3.10,4.37,5.16,5.80,6.44,7.34,8.50,9.97,11.84,0.61,0.50,0.01,Zona de Consolidação,1,0
2017-07-26,3.10,4.37,5.16,5.80,6.44,7.34,8.50,9.97,11.84,0.50,0.50,0.12,Zona de Consolidação,0,0
2017-07-27,3.10,4.37,5.16,5.80,6.44,7.34,8.50,9.97,11.84,0.46,0.38,0.04,Zona de Consolidação,0,0
2017-07-28,3.10,4.37,5.16,5.80,6.44,7.34,8.50,9.97,11.84,0.50,0.50,0.12,Zona de Consolidação,0,0
2017-07-31,3.80,4.91,5.60,6.15,6.70,7.49,8.50,9.78,11.40,0.38,0.24,0.00,Suporte,1,0
2017-08-01,3.80,4.91,5.60,6.15,6.70,7.49,8.50,9.78,11.40,0.32,0.24,0.06,Suporte,0,0
2017-08-02,4.10,5.14,5.78,6.30,6.82,7.56,8.50,9.70,11.22,0.27,0.24,0.11,Suporte,0,0
2017-08-03,4.50,5.44,6.03,6.50,6.97,7.64,8.50,9.59,10.97,0.25,0.24,0.13,Suporte,0,0
2017-08-04,4.50,5.44,6.03,6.50,6.97,7.64,8.50,9.59,10.97,0.25,0.24,0.13,Suporte,0,0
2017-08-07,4.50,5.44,6.03,6.50,6.97,7.64,8.50,9.59,10.97,0.23,0.00,0.01,Suporte Forte,0,0
2017-08-08,4.50,5.44,6.03,6.50,6.97,7.64,8.50,9.59,10.97,0.25,0.24,0.13,Suporte,0,0
2017-08-09,4.50,5.44,6.03,6.50,6.97,7.64,8.50,9.59,10.97,0.20,0.00,0.04,Suporte Forte,0,0
2017-08-10,4.50,5.44,6.03,6.50,6.97,7.64,8.50,9.59,10.97,0.02,0.00,0.22,Suporte Forte,0,0
2017-08-11,4.50,5.44,6.03,6.50,6.97,7.64,8.50,9.59,10.97,0.12,0.00,0.12,Suporte Forte,0,0
2017-08-14,4.50,5.44,6.03,6.50,6.97,7.64,8.50,9.59,10.97,0.10,0.00,0.14,Suporte Forte,0,0
2017-08-15,4.20,5.21,5.84,6.35,6.86,7.58,8.50,9.67,11.16,0.07,0.00,0.17,Suporte Forte,0,0
2017-08-16,4.20,5.21,5.84,6.35,6.86,7.58,8.50,9.67,11.16,0.09,0.00,0.15,Suporte Forte,0,0
2017-08-17,4.20,5.21,5.84,6.35,6.86,7.58,8.50,9.67,11.16,0.07,0.00,0.17,Suporte Forte,0,0
2017-08-18,4.20,5.21,5.84,6.35,6.86,7.58,8.50,9.67,11.16,0.09,0.00,0.15,Suporte Forte,0,0
2017-08-21,4.20,5.21,5.84,6.35,6.86,7.58,8.50,9.67,11.16,0.09,0.00,0.15,Suporte Forte,0,0
2017-08-22,4.20,5.21,5.84,6.35,6.86,7.58,8.50,9.67,11.16,0.12,0.00,0.12,Suporte Forte,0,0
2017-08-23,4.20,5.21,5.84,6.35,6.86,7.58,8.50,9.67,11.16,0.09,0.00,0.15,Suporte Forte,0,0
2017-08-24,4.20,5.21,5.84,6.35,6.86,7.58,8.50,9.67,11.16,0.07,0.00,0.17,Suporte Forte,0,0
2017-08-25,4.20,5.21,5.84,6.35,6.86,7.58,8.50,9.67,11.16,0.12,0.00,0.12,Suporte Forte,0,0
2017-08-28,4.20,5.21,5.84,6.35,6.86,7.58,8.50,9.67,11.16,0.09,0.00,0.15,Suporte Forte,0,0
2017-08-29,4.20,5.21,5.84,6.35,6.86,7.58,8.50,9.67,11.16,0.09,0.00,0.15,Suporte Forte,0,0
2017-08-30,4.20,5.21,5.84,6.35,6.86,7.58,8.50,9.67,11.16,0.12,0.00,0.12,Suporte Forte,0,0
2017-08-31,4.20,5.21,5.84,6.35,6.86,7.58,8.50,9.67,11.16,0.09,0.00,0.15,Suporte Forte,0,0
2017-09-01,4.20,5.21,5.84,6.35,6.86,7.58,8.50,9.67,11.16,0.09,0.00,0.15,Suporte Forte,0,0
2017-09-05,4.20,5.21,5.84,6.35,6.86,7.58,8.50,9.67,11.16,0.07,0.00,0.17,Suporte Forte,0,0
2017-09-06,4.20,5.21,5.84,6.35,6.86,7.58,8.50,9.67,11.16,0.16,0.00,0.08,Suporte Forte,0,0
2017-09-07,4.20,5.21,5.84,6.35,6.86,7.58,8.50,9.67,11.16,0.23,0.00,0.01,Suporte Forte,0,0
2017-09-08,4.20,5.21,5.84,6.35,6.86,7.58,8.50,9.67,11.16,0.23,0.00,0.01,Suporte Forte,0,0
2017-09-11,4.20,5.21,5.84,6.35,6.86,7.58,8.50,9.67,11.16,0.16,0.00,0.08,Suporte Forte,0,0
2017-09-12,4.20,5.21,5.84,6.35,6.86,7.58,8.50,9.67,11.16,0.23,0.00,0.01,Suporte Forte,0,0
2017-09-13,4.20,5.21,5.84,6.35,6.86,7.58,8.50,9.67,11.16,0.33,0.24,0.05,Suporte,0,0
2017-09-14,4.20,5.21,5.84,6.35,6.86,7.58,8.50,9.67,11.16,0.42,0.38,0.08,Zona de Consolidação,0,0
2017-09-15,4.20,5.21,5.84,6.35,6.86,7.58,8.50,9.67,11.16,0.37,0.24,0.01,Suporte,1,0
2017-09-18,4.20,5.21,5.84,6.35,6.86,7.58,8.50,9.67,11.16,0.40,0.38,0.10,Zona de Consolidação,0,0
2017-09-19,4.20,4.98,5.46,5.85,6.24,6.79,7.50,8.40,9.54,0.52,0.50,0.10,Zona de Consolidação,0,0
2017-09-20,4.20,4.84,5.23,5.55,5.87,6.32,6.90,7.63,8.57,0.56,0.50,0.06,Zona de Consolidação,0,0
2017-09-21,4.20,4.84,5.23,5.55,5.87,6.32,6.90,7.63,8.57,0.67,0.62,0.12,Resistência,0,0
2017-09-22,4.20,4.84,5.23,5.55,5.87,6.32,6.90,7.63,8.57,0.78,0.62,0.01,Resistência,0,1
2017-09-25,4.20,4.84,5.23,5.55,5.87,6.32,6.90,7.63,8.57,0.74,0.62,0.05,Resistência,0,0
2017-09-26,4.20,4.84,5.23,5.55,5.87,6.32,6.90,7.63,8.57,0.70,0.62,0.09,Resistência,0,0
2017-09-27,4.20,4.84,5.23,5.55,5.87,6.32,6.90,7.63,8.57,0.70,0.62,0.09,Resistência,0,0
2017-09-28,4.20,4.84,5.23,5.55,5.87,6.32,6.90,7.63,8.57,0.74,0.62,0.05,Resistência,0,0
2017-09-29,4.20,4.84,5.23,5.55,5.87,6.32,6.90,7.63,8.57,0.67,0.62,0.12,Resistência,0,0
2017-10-02,4.20,4.84,5.23,5.55,5.87,6.32,6.90,7.63,8.57,0.74,0.62,0.05,Resistência,0,0
2017-10-03,4.20,4.81,5.19,5.50,5.81,6.24,6.80,7.51,8.41,0.69,0.62,0.10,Resistência,0,0
2017-10-04,4.20,4.81,5.19,5.50,5.81,6.24,6.80,7.51,8.41,0.69,0.62,0.10,Resistência,0,0
2017-10-05,4.20,4.81,5.19,5.50,5.81,6.24,6.80,7.51,8.41,0.73,0.62,0.06,Resistência,0,0
2017-10-06,4.20,4.81,5.19,5.50,5.81,6.24,6.80,7.51,8.41,0.73,0.62,0.06,Resistência,0,0
2017-10-09,4.20,4.81,5.19,5.50,5.81,6.24,6.80,7.51,8.41,0.50,0.50,0.12,Zona de Consolidação,0,0
2017-10-10,4.20,4.81,5.19,5.50,5.81,6.24,6.80,7.51,8.41,0.50,0.50,0.12,Zona de Consolidação,0,0
2017-10-11,4.20,4.81,5.19,5.50,5.81,6.24,6.80,7.51,8.41,0.54,0.50,0.08,Zona de Consolidação,0,0
2017-10-12,4.20,4.81,5.19,5.50,5.81,6.24,6.80,7.51,8.41,0.35,0.24,0.03,Suporte,0,0
2017-10-13,4.20,4.81,5.19,5.50,5.81,6.24,6.80,7.51,8.41,0.31,0.24,0.07,Suporte,0,0
2017-10-16,4.20,4.81,5.19,5.50,5.81,6.24,6.80,7.51,8.41,0.35,0.24,0.03,Suporte,0,0
2017-10-17,4.20,4.81,5.19,5.50,5.81,6.24,6.80,7.51,8.41,0.27,0.24,0.11,Suporte,0,0
2017-10-18,4.20,4.81,5.19,5.50,5.81,6.24,6.80,7.51,8.41,0.27,0.24,0.11,Suporte,0,0
2017-10-19,4.20,4.81,5.19,5.50,5.81,6.24,6.80,7.51,8.41,0.19,0.00,0.05,Suporte Forte,0,0
2017-10-20,4.20,4.81,5.19,5.50,5.81,6.24,6.80,7.51,8.41,0.12,0.00,0.12,Suporte Forte,0,0
2017-10-23,4.20,4.81,5.19,5.50,5.81,6.24,6.80,7.51,8.41,0.12,0.00,0.12,Suporte Forte,0,0
2017-10-24,3.88,4.57,5.00,5.34,5.68,6.18,6.80,7.59,8.60,0.18,0.00,0.06,Suporte Forte,0,0
2017-10-25,3.88,4.57,5.00,5.34,5.68,6.18,6.80,7.59,8.60,0.11,0.00,0.13,Suporte Forte,0,0
2017-10-26,3.88,4.57,5.00,5.34,5.68,6.18,6.80,7.59,8.60,0.13,0.00,0.11,Suporte Forte,0,0
2017-10-27,3.68,4.42,4.87,5.24,5.61,6.13,6.80,7.65,8.73,0.00,0.00,0.24,Suporte Forte,0,0
2017-10-30,3.68,4.42,4.87,5.24,5.61,6.13,6.80,7.65,8.73,0.03,0.00,0.21,Suporte Forte,0,0
2017-10-31,3.26,4.10,4.61,5.03,5.45,6.04,6.80,7.76,8.99,0.10,0.00,0.14,Suporte Forte,0,0
2017-11-01,3.26,4.10,4.61,5.03,5.45,6.04,6.80,7.76,8.99,0.11,0.00,0.13,Suporte Forte,0,0
2017-11-02,3.26,4.10,4.61,5.03,5.45,6.04,6.80,7.76,8.99,0.18,0.00,0.06,Suporte Forte,0,0
2017-11-03,3.26,4.10,4.61,5.03,5.45,6.04,6.80,7.76,8.99,0.10,0.00,0.14,Suporte Forte,0,0
2017-11-06,3.26,4.10,4.61,5.03,5.45,6.04,6.80,7.76,8.99,0.06,0.00,0.18,Suporte Forte,0,0
2017-11-07,3.25,4.09,4.61,5.03,5.44,6.04,6.80,7.77,8.99,0.04,0.00,0.20,Suporte Forte,0,0
2017-11-08,3.20,4.05,4.58,5.00,5.42,6.03,6.80,7.78,9.02,0.01,0.00,0.23,Suporte Forte,0,0
2017-11-09,3.20,4.05,4.58,5.00,5.42,6.03,6.80,7.78,9.02,0.02,0.00,0.22,Suporte Forte,0,0
2017-11-10,3.20,4.05,4.58,5.00,5.42,6.03,6.80,7.78,9.02,0.03,0.00,0.21,Suporte Forte,0,0
2017-11-13,3.20,4.05,4.58,5.00,5.42,6.03,6.80,7.78,9.02,0.07,0.00,0.17,Suporte Forte,0,0
2017-11-14,3.20,4.05,4.58,5.00,5.42,6.03,6.80,7.78,9.02,0.08,0.00,0.16,Suporte Forte,0,0
2017-11-15,3.20,4.05,4.58,5.00,5.42,6.03,6.80,7.78,9.02,0.08,0.00,0.16,Suporte Forte,0,0
2017-11-16,3.20,4.05,4.58,5.00,5.42,6.03,6.80,7.78,9.02,0.12,0.00,0.12,Suporte Forte,0,0
2017-11-17,3.20,4.05,4.58,5.00,5.42,6.03,6.80,7.78,9.02,0.14,0.00,0.10,Suporte Forte,0,0
2017-11-20,3.20,4.05,4.58,5.00,5.42,6.03,6.80,7.78,9.02,0.14,0.00,0.10,Suporte Forte,0,0
2017-11-21,3.20,4.05,4.58,5.00,5.42,6.03,6.80,7.78,9.02,0.29,0.24,0.09,Suporte,0,0
2017-11-22,3.20,4.05,4.58,5.00,5.42,6.03,6.80,7.78,9.02,0.24,0.24,0.14,Suporte,0,0
2017-11-24,3.20,4.05,4.58,5.00,5.42,6.03,6.80,7.78,9.02,0.26,0.24,0.12,Suporte,0,0
2017-11-27,3.20,4.05,4.58,5.00,5.42,6.03,6.80,7.78,9.02,0.32,0.24,0.06,Suporte,0,0
2017-11-28,3.20,4.05,4.58,5.00,5.42,6.03,6.80,7.78,9.02,0.35,0.24,0.03,Suporte,0,0
2017-11-29,3.20,4.05,4.58,5.00,5.42,6.03,6.80,7.78,9.02,0.49,0.38,0.01,Zona de Consolidação,0,0
2017-11-30,3.20,4.05,4.58,5.00,5.42,6.03,6.80,7.78,9.02,0.49,0.38,0.01,Zona de Consolidação,0,0
2017-12-01,3.20,4.05,4.58,5.00,5.42,6.03,6.80,7.78,9.02,0.48,0.38,0.02,Zona de Consolidação,0,0
2017-12-04,3.20,4.00,4.50,4.90,5.30,5.87,6.60,7.52,8.70,0.51,0.50,0.11,Zona de Consolidação,0,0
2017-12-05,3.20,3.98,4.46,4.85,5.24,5.79,6.50,7.40,8.54,0.58,0.50,0.04,Zona de Consolidação,0,0
2017-12-06,3.20,3.98,4.46,4.85,5.24,5.79,6.50,7.40,8.54,0.46,0.38,0.04,Zona de Consolidação,0,0
2017-12-07,3.20,3.98,4.46,4.85,5.24,5.79,6.50,7.40,8.54,0.55,0.50,0.07,Zona de Consolidação,0,0
2017-12-08,3.20,3.98,4.46,4.85,5.24,5.79,6.50,7.40,8.54,0.59,0.50,0.03,Zona de Consolidação,0,0
2017-12-11,3.20,3.98,4.46,4.85,5.24,5.79,6.50,7.40,8.54,0.47,0.38,0.03,Zona de Consolidação,0,0
2017-12-12,3.20,3.96,4.42,4.80,5.18,5.72,6.40,7.27,8.38,0.50,0.50,0.12,Zona de Consolidação,0,0
2017-12-13,3.20,3.93,4.38,4.75,5.12,5.64,6.30,7.14,8.22,0.56,0.50,0.06,Zona de Consolidação,0,0
2017-12-14,3.20,3.93,4.38,4.75,5.12,5.64,6.30,7.14,8.22,0.53,0.50,0.09,Zona de Consolidação,0,0
2017-12-15,3.20,3.93,4.38,4.75,5.12,5.64,6.30,7.14,8.22,0.45,0.38,0.05,Zona de Consolidação,0,0
2017-12-18,3.20,3.91,4.35,4.70,5.05,5.56,6.20,7.02,8.05,0.47,0.38,0.03,Zona de Consolidação,0,0
2017-12-19,3.20,3.81,4.19,4.50,4.81,5.24,5.80,6.51,7.41,0.58,0.50,0.04,Zona de Consolidação,0,0
2017-12-20,3.20,3.81,4.19,4.50,4.81,5.24,5.80,6.51,7.41,0.68,0.62,0.11,Resistência,0,0
2017-12-21,3.20,3.81,4.19,4.50,4.81,5.24,5.80,6.51,7.41,0.70,0.62,0.09,Resistência,0,0
2017-12-22,3.20,3.81,4.19,4.50,4.81,5.24,5.80,6.51,7.41,0.78,0.62,0.01,Resistência,0,1
2017-12-26,3.20,3.90,4.33,4.68,5.03,5.53,6.16,6.97,7.99,0.82,0.79,0.18,Resistência Forte,0,0
2017-12-27,3.20,3.90,4.33,4.68,5.03,5.53,6.16,6.97,7.99,0.81,0.79,0.19,Resistência Forte,0,0
2017-12-28,3.20,3.90,4.33,4.68,5.03,5.53,6.16,6.97,7.99,0.97,0.79,0.03,Resistência Forte,0,0
2017-12-29,3.20,3.92,4.36,4.72,5.07,5.58,6.23,7.05,8.10,0.99,0.79,0.01,Resistência Forte,0,1
2018-01-02,3.20,3.96,4.44,4.82,5.20,5.75,6.44,7.32,8.44,0.94,0.79,0.06,Resistência Forte,0,0
2018-01-03,3.20,3.96,4.44,4.82,5.20,5.75,6.44,7.32,8.44,0.88,0.79,0.12,Resistência Forte,0,0
2018-01-04,3.20,3.96,4.44,4.82,5.20,5.75,6.44,7.32,8.44,0.85,0.79,0.15,Resistência Forte,0,0
2018-01-05,3.20,3.96,4.44,4.82,5.20,5.75,6.44,7.32,8.44,0.86,0.79,0.14,Resistência Forte,0,0
2018-01-08,3.20,3.96,4.44,4.82,5.20,5.75,6.44,7.32,8.44,0.85,0.79,0.15,Resistência Forte,0,0
2018-01-09,3.20,3.96,4.44,4.82,5.20,5.75,6.44,7.32,8.44,0.83,0.79,0.17,Resistência Forte,0,0
2018-01-10,3.20,4.11,4.67,5.12,5.58,6.23,7.05,8.10,9.43,0.83,0.79,0.17,Resistência Forte,0,0
2018-01-11,3.20,4.11,4.67,5.12,5.58,6.23,7.05,8.10,9.43,0.86,0.79,0.14,Resistência Forte,0,0
2018-01-12,3.20,4.11,4.67,5.12,5.58,6.23,7.05,8.10,9.43,0.85,0.79,0.15,Resistência Forte,0,0
2018-01-16,3.20,4.11,4.67,5.12,5.58,6.23,7.05,8.10,9.43,0.82,0.79,0.18,Resistência Forte,0,0
2018-01-17,3.20,4.11,4.67,5.12,5.58,6.23,7.05,8.10,9.43,0.82,0.79,0.18,Resistência Forte,0,0
2018-01-18,3.20,4.11,4.67,5.12,5.58,6.23,7.05,8.10,9.43,0.78,0.62,0.01,Resistência,0,1
2018-01-19,3.20,4.11,4.67,5.12,5.58,6.23,7.05,8.10,9.43,0.84,0.79,0.16,Resistência Forte,0,0
2018-01-22,3.20,4.11,4.67,5.12,5.58,6.23,7.05,8.10,9.43,0.78,0.62,0.01,Resistência,0,1
2018-01-23,3.21,4.12,4.68,5.13,5.58,6.23,7.05,8.09,9.42,0.79,0.79,0.21,Resistência Forte,0,1
2018-01-24,3.25,4.21,4.80,5.28,5.75,6.43,7.30,8.40,9.80,0.82,0.79,0.18,Resistência Forte,0,0
2018-01-25,3.26,4.21,4.80,5.28,5.76,6.44,7.30,8.40,9.80,0.86,0.79,0.14,Resistência Forte,0,0
2018-01-26,3.33,4.27,4.85,5.32,5.78,6.45,7.30,8.38,9.75,0.90,0.79,0.10,Resistência Forte,0,0
2018-01-29,3.33,4.27,4.85,5.32,5.78,6.45,7.30,8.38,9.75,0.92,0.79,0.08,Resistência Forte,0,0
2018-01-30,3.50,4.42,4.99,5.45,5.91,6.57,7.40,8.46,9.81,0.96,0.79,0.04,Resistência Forte,0,0
2018-01-31,3.64,4.53,5.08,5.52,5.97,6.60,7.41,8.44,9.74,0.98,0.79,0.02,Resistência Forte,0,0
2018-02-01,3.64,4.63,5.25,5.74,6.24,6.95,7.85,9.00,10.45,0.99,0.79,0.01,Resistência Forte,0,1
2018-02-02,3.74,4.71,5.31,5.80,6.28,6.97,7.85,8.97,10.39,0.96,0.79,0.04,Resistência Forte,0,0
2018-02-05,3.94,4.86,5.43,5.90,6.36,7.01,7.85,8.91,10.27,0.92,0.79,0.08,Resistência Forte,0,0
2018-02-06,4.07,4.96,5.51,5.96,6.41,7.04,7.85,8.88,10.19,0.75,0.62,0.04,Resistência,0,0
2018-02-07,4.16,5.03,5.57,6.00,6.44,7.06,7.85,8.85,10.13,0.89,0.79,0.11,Resistência Forte,0,0
2018-02-08,4.29,5.13,5.65,6.07,6.49,7.09,7.85,8.82,10.05,0.77,0.62,0.02,Resistência,0,1
2018-02-09,4.43,5.24,5.74,6.14,6.54,7.12,7.85,8.78,9.96,0.75,0.62,0.04,Resistência,0,0
2018-02-12,4.43,5.24,5.74,6.14,6.54,7.12,7.85,8.78,9.96,0.78,0.62,0.01,Resistência,0,1
2018-02-13,4.43,5.24,5.74,6.14,6.54,7.12,7.85,8.78,9.96,0.77,0.62,0.02,Resistência,0,1
2018-02-14,4.43,5.24,5.74,6.14,6.54,7.12,7.85,8.78,9.96,0.88,0.79,0.12,Resistência Forte,0,0
2018-02-15,4.43,5.32,5.88,6.32,6.77,7.41,8.22,9.25,10.56,0.94,0.79,0.06,Resistência Forte,0,0
2018-02-16,4.43,5.37,5.96,6.43,6.90,7.57,8.43,9.52,10.90,0.99,0.79,0.01,Resistência Forte,0,1
2018-02-20,4.43,5.40,6.00,6.48,6.97,7.66,8.54,9.66,11.08,0.95,0.79,0.05,Resistência Forte,0,0
2018-02-21,4.43,5.40,6.00,6.48,6.97,7.66,8.54,9.66,11.08,0.99,0.79,0.01,Resistência Forte,0,1
2018-02-22,4.43,5.40,6.00,6.48,6.97,7.66,8.54,9.66,11.08,0.97,0.79,0.03,Resistência Forte,0,0
2018-02-23,4.43,5.40,6.00,6.48,6.97,7.66,8.54,9.66,11.08,0.99,0.79,0.01,Resistência Forte,0,1
2018-02-26,4.59,5.52,6.10,6.56,7.03,7.69,8.54,9.61,10.98,0.98,0.79,0.02,Resistência Forte,0,1
2018-02-27,4.59,5.75,6.47,7.06,7.64,8.46,9.52,10.86,12.57,0.89,0.79,0.11,Resistência Forte,0,0
2018-02-28,4.59,5.75,6.47,7.06,7.64,8.46,9.52,10.86,12.57,0.82,0.79,0.18,Resistência Forte,0,0
2018-03-01,4.60,5.76,6.48,7.06,7.64,8.47,9.52,10.86,12.56,0.80,0.79,0.20,Resistência Forte,0,1
2018-03-02,4.60,5.76,6.48,7.06,7.64,8.47,9.52,10.86,12.56,0.86,0.79,0.14,Resistência Forte,0,0
2018-03-05,4.70,5.84,6.54,7.11,7.68,8.49,9.52,10.83,12.50,0.89,0.79,0.11,Resistência Forte,0,0
2018-03-06,4.91,6.00,6.67,7.22,7.76,8.53,9.52,10.77,12.37,0.92,0.79,0.08,Resistência Forte,0,0
2018-03-07,5.01,6.07,6.73,7.26,7.80,8.55,9.52,10.75,12.31,0.93,0.79,0.07,Resistência Forte,0,0
2018-03-08,5.18,6.20,6.84,7.35,7.86,8.59,9.52,10.70,12.20,0.90,0.79,0.10,Resistência Forte,0,0
2018-03-09,5.25,6.26,6.88,7.38,7.89,8.61,9.52,10.68,12.16,0.88,0.79,0.12,Resistência Forte,0,0
2018-03-12,5.40,6.37,6.97,7.46,7.95,8.64,9.52,10.64,12.07,0.87,0.79,0.13,Resistência Forte,0,0
2018-03-13,5.74,6.63,7.18,7.63,8.08,8.71,9.52,10.55,11.86,0.89,0.79,0.11,Resistência Forte,0,0
2018-03-14,5.74,6.63,7.18,7.63,8.08,8.71,9.52,10.55,11.86,0.86,0.79,0.14,Resistência Forte,0,0
2018-03-15,5.74,6.63,7.18,7.63,8.08,8.71,9.52,10.55,11.86,0.87,0.79,0.13,Resistência Forte,0,0
2018-03-16,5.78,6.66,7.21,7.65,8.09,8.72,9.52,10.54,11.83,0.84,0.79,0.16,Resistência Forte,0,0
2018-03-19,5.85,6.72,7.25,7.68,8.12,8.73,9.52,10.52,11.79,0.86,0.79,0.14,Resistência Forte,0,0
2018-03-20,5.85,6.72,7.25,7.68,8.12,8.73,9.52,10.52,11.79,0.81,0.79,0.19,Resistência Forte,0,0
2018-03-21,5.88,6.74,7.27,7.70,8.13,8.74,9.52,10.51,11.77,0.84,0.79,0.16,Resistência Forte,0,0
2018-03-22,6.04,6.86,7.37,7.78,8.19,8.78,9.52,10.47,11.67,0.77,0.62,0.02,Resistência,0,1
2018-03-23,6.04,6.86,7.37,7.78,8.19,8.78,9.52,10.47,11.67,0.73,0.62,0.06,Resistência,0,0
2018-03-26,6.04,6.86,7.37,7.78,8.19,8.78,9.52,10.47,11.67,0.79,0.79,0.21,Resistência Forte,0,1
2018-03-27,6.04,6.86,7.37,7.78,8.19,8.78,9.52,10.47,11.67,0.76,0.62,0.03,Resistência,0,0
2018-03-28,6.04,6.86,7.37,7.78,8.19,8.78,9.52,10.47,11.67,0.80,0.79,0.20,Resistência Forte,0,1
2018-03-29,6.04,6.86,7.37,7.78,8.19,8.78,9.52,10.47,11.67,0.84,0.79,0.16,Resistência Forte,0,0
2018-04-02,6.04,6.86,7.37,7.78,8.19,8.78,9.52,10.47,11.67,0.85,0.79,0.15,Resistência Forte,0,0
2018-04-03,6.04,6.86,7.37,7.78,8.19,8.78,9.52,10.47,11.67,0.82,0.79,0.18,Resistência Forte,0,0
2018-04-04,6.04,6.86,7.37,7.78,8.19,8.78,9.52,10.47,11.67,0.80,0.79,0.20,Resistência Forte,0,1
2018-04-05,6.22,7.00,7.48,7.87,8.26,8.81,9.52,10.42,11.56,0.74,0.62,0.05,Resistência,0,0
2018-04-06,6.50,7.21,7.65,8.01,8.37,8.87,9.52,10.34,11.39,0.65,0.62,0.14,Resistência,1,0
2018-04-09,6.61,7.30,7.72,8.06,8.41,8.90,9.52,10.31,11.32,0.55,0.50,0.07,Zona de Consolidação,0,0
2018-04-10,6.61,7.30,7.72,8.06,8.41,8.90,9.52,10.31,11.32,0.65,0.62,0.14,Resistência,1,0
2018-04-11,6.61,7.30,7.72,8.06,8.41,8.90,9.52,10.31,11.32,0.69,0.62,0.10,Resistência,0,0
2018-04-12,6.61,7.30,7.72,8.06,8.41,8.90,9.52,10.31,11.32,0.68,0.62,0.11,Resistência,0,0
2018-04-13,6.61,7.30,7.72,8.06,8.41,8.90,9.52,10.31,11.32,0.75,0.62,0.04,Resistência,0,0
2018-04-16,6.61,7.30,7.72,8.06,8.41,8.90,9.52,10.31,11.32,0.82,0.79,0.18,Resistência Forte,0,0
2018-04-17,6.61,7.30,7.72,8.06,8.41,8.90,9.52,10.31,11.32,0.77,0.62,0.02,Resistência,0,1
2018-04-18,6.61,7.30,7.72,8.06,8.41,8.90,9.52,10.31,11.32,0.81,0.79,0.19,Resistência Forte,0,1
2018-04-19,6.61,7.30,7.72,8.06,8.41,8.90,9.52,10.31,11.32,0.81,0.79,0.19,Resistência Forte,0,1
2018-04-20,6.61,7.30,7.72,8.06,8.41,8.90,9.52,10.31,11.32,0.81,0.79,0.19,Resistência Forte,0,1
2018-04-23,6.61,7.30,7.72,8.06,8.41,8.90,9.52,10.31,11.32,0.76,0.62,0.03,Resistência,0,0
2018-04-24,6.95,7.56,7.93,8.24,8.54,8.97,9.52,10.22,11.11,0.80,0.79,0.20,Resistência Forte,0,1
2018-04-25,7.02,7.61,7.98,8.27,8.56,8.98,9.52,10.20,11.06,0.76,0.62,0.03,Resistência,0,1
2018-04-26,7.17,7.72,8.07,8.34,8.62,9.02,9.52,10.16,10.97,0.78,0.62,0.01,Resistência,0,1
2018-04-27,7.46,7.95,8.25,8.49,8.73,9.08,9.52,10.08,10.79,0.74,0.62,0.05,Resistência,0,0
2018-04-30,7.88,8.27,8.51,8.70,8.89,9.17,9.52,9.97,10.53,0.67,0.62,0.12,Resistência,0,0
2018-05-01,7.88,8.27,8.51,8.70,8.89,9.17,9.52,9.97,10.53,0.68,0.62,0.11,Resistência,0,0
2018-05-02,7.88,8.27,8.51,8.70,8.89,9.17,9.52,9.97,10.53,0.68,0.62,0.11,Resistência,0,0
2018-05-03,7.88,8.27,8.51,8.70,8.89,9.17,9.52,9.97,10.53,0.65,0.62,0.14,Resistência,1,0
2018-05-04,7.88,8.27,8.51,8.70,8.89,9.17,9.52,9.97,10.53,0.63,0.62,0.16,Resistência,1,0
2018-05-07,7.88,8.27,8.51,8.70,8.89,9.17,9.52,9.97,10.53,0.68,0.62,0.11,Resistência,0,0
2018-05-08,7.88,8.27,8.51,8.70,8.89,9.17,9.52,9.97,10.53,0.64,0.62,0.15,Resistência,1,0
2018-05-09,7.88,8.26,8.50,8.69,8.88,9.15,9.50,9.94,10.50,0.61,0.50,0.01,Zona de Consolidação,1,0
2018-05-10,7.88,8.26,8.50,8.69,8.88,9.15,9.50,9.94,10.50,0.67,0.62,0.12,Resistência,0,0
2018-05-11,7.88,8.26,8.50,8.69,8.88,9.15,9.50,9.94,10.50,0.70,0.62,0.09,Resistência,0,0
2018-05-14,7.88,8.26,8.50,8.69,8.88,9.15,9.50,9.94,10.50,0.70,0.62,0.09,Resistência,0,0
2018-05-15,7.88,8.26,8.50,8.69,8.88,9.15,9.50,9.94,10.50,0.68,0.62,0.11,Resistência,0,0
2018-05-16,7.88,8.26,8.50,8.69,8.88,9.15,9.50,9.94,10.50,0.62,0.62,0.17,Resistência,1,0
2018-05-17,7.88,8.24,8.46,8.64,8.83,9.08,9.41,9.83,10.36,0.67,0.62,0.12,Resistência,1,0
2018-05-18,7.88,8.24,8.46,8.64,8.83,9.08,9.41,9.83,10.36,0.63,0.62,0.16,Resistência,1,0
2018-05-21,7.88,8.24,8.46,8.64,8.83,9.08,9.41,9.83,10.36,0.66,0.62,0.13,Resistência,1,0
2018-05-22,7.88,8.24,8.46,8.64,8.83,9.08,9.41,9.83,10.36,0.70,0.62,0.09,Resistência,0,0
2018-05-23,7.88,8.24,8.46,8.64,8.83,9.08,9.41,9.83,10.36,0.73,0.62,0.06,Resistência,0,1
2018-05-24,7.88,8.26,8.50,8.68,8.87,9.15,9.49,9.93,10.48,0.96,0.79,0.04,Resistência Forte,0,1
2018-05-25,7.88,8.32,8.59,8.82,9.04,9.35,9.75,10.26,10.91,0.68,0.62,0.11,Resistência,0,0
2018-05-29,7.88,8.32,8.59,8.82,9.04,9.35,9.75,10.26,10.91,0.83,0.79,0.17,Resistência Forte,0,1
2018-05-30,7.88,8.61,9.06,9.42,9.78,10.30,10.96,11.80,12.86,0.94,0.79,0.06,Resistência Forte,0,0
2018-05-31,7.88,8.69,9.19,9.59,9.99,10.57,11.30,12.23,13.41,0.98,0.79,0.02,Resistência Forte,0,1
2018-06-01,7.88,8.73,9.26,9.69,10.12,10.73,11.50,12.48,13.74,0.96,0.79,0.04,Resistência Forte,0,0
2018-06-04,7.88,8.85,9.45,9.94,10.43,11.12,12.00,13.12,14.55,0.97,0.79,0.03,Resistência Forte,0,1
2018-06-05,7.88,8.93,9.58,10.10,10.62,11.37,12.32,13.53,15.06,0.93,0.79,0.07,Resistência Forte,0,0
2018-06-06,7.88,8.93,9.58,10.10,10.62,11.37,12.32,13.53,15.06,0.95,0.79,0.05,Resistência Forte,0,0
2018-06-07,7.88,8.93,9.58,10.10,10.62,11.37,12.32,13.53,15.06,0.87,0.79,0.13,Resistência Forte,0,0
2018-06-08,7.88,8.93,9.58,10.10,10.62,11.37,12.32,13.53,15.06,0.91,0.79,0.09,Resistência Forte,0,0
2018-06-11,7.88,9.06,9.78,10.37,10.96,11.79,12.86,14.21,15.94,0.90,0.79,0.10,Resistência Forte,0,0
2018-06-12,7.88,9.06,9.78,10.37,10.96,11.79,12.86,14.21,15.94,0.91,0.79,0.09,Resistência Forte,0,0
2018-06-13,7.88,9.26,10.12,10.81,11.50,12.49,13.74,15.33,17.36,0.99,0.79,0.01,Resistência Forte,0,1
2018-06-14,7.88,9.41,10.35,11.12,11.88,12.97,14.35,16.11,18.35,0.93,0.79,0.07,Resistência Forte,0,0
2018-06-15,7.88,9.65,10.75,11.64,12.53,13.79,15.40,17.45,20.05,0.93,0.79,0.07,Resistência Forte,0,0
2018-06-18,7.88,9.93,11.20,12.23,13.26,14.72,16.58,18.95,21.96,0.93,0.79,0.07,Resistência Forte,0,0
2018-06-19,7.93,9.98,11.24,12.26,13.29,14.74,16.60,18.96,21.96,0.99,0.79,0.01,Resistência Forte,0,1
2018-06-20,7.93,10.14,11.51,12.62,13.72,15.29,17.30,19.85,23.09,0.90,0.79,0.10,Resistência Forte,0,0
2018-06-21,7.93,10.14,11.51,12.62,13.72,15.29,17.30,19.85,23.09,0.88,0.79,0.12,Resistência Forte,0,0
2018-06-22,7.93,10.14,11.51,12.62,13.72,15.29,17.30,19.85,23.09,0.87,0.79,0.13,Resistência Forte,0,0
2018-06-25,8.37,10.48,11.78,12.84,13.89,15.39,17.30,19.73,22.82,0.83,0.79,0.17,Resistência Forte,0,0
2018-06-26,8.38,10.49,11.79,12.84,13.89,15.39,17.30,19.73,22.81,0.89,0.79,0.11,Resistência Forte,0,0
2018-06-27,8.66,10.70,11.96,12.98,14.00,15.45,17.30,19.65,22.64,0.90,0.79,0.10,Resistência Forte,0,0
2018-06-28,8.66,10.70,11.96,12.98,14.00,15.45,17.30,19.65,22.64,0.88,0.79,0.12,Resistência Forte,0,0
2018-06-29,8.66,10.70,11.96,12.98,14.00,15.45,17.30,19.65,22.64,0.91,0.79,0.09,Resistência Forte,0,0
2018-07-02,8.66,10.70,11.96,12.98,14.00,15.45,17.30,19.65,22.64,0.94,0.79,0.06,Resistência Forte,0,0
2018-07-03,8.66,10.70,11.96,12.98,14.00,15.45,17.30,19.65,22.64,0.94,0.79,0.06,Resistência Forte,0,0
2018-07-05,8.66,10.70,11.96,12.98,14.00,15.45,17.30,19.65,22.64,0.96,0.79,0.04,Resistência Forte,0,0
2018-07-06,8.66,10.70,11.96,12.98,14.00,15.45,17.30,19.65,22.64,0.96,0.79,0.04,Resistência Forte,0,0
2018-07-09,8.66,10.86,12.23,13.33,14.43,16.00,18.00,20.54,23.77,0.98,0.79,0.02,Resistência Forte,0,1
2018-07-10,8.66,11.30,12.93,14.25,15.57,17.45,19.84,22.88,26.75,0.95,0.79,0.05,Resistência Forte,0,0
2018-07-11,8.66,11.30,12.93,14.25,15.57,17.45,19.84,22.88,26.75,0.85,0.79,0.15,Resistência Forte,0,0
2018-07-12,8.66,11.30,12.93,14.25,15.57,17.45,19.84,22.88,26.75,0.89,0.79,0.11,Resistência Forte,0,0
2018-07-13,8.66,11.30,12.93,14.25,15.57,17.45,19.84,22.88,26.75,0.91,0.79,0.09,Resistência Forte,0,0
2018-07-16,8.66,11.30,12.93,14.25,15.57,17.45,19.84,22.88,26.75,0.97,0.79,0.03,Resistência Forte,0,0
2018-07-17,8.66,11.59,13.40,14.87,16.34,18.42,21.08,24.46,28.76,0.97,0.79,0.03,Resistência Forte,0,0
2018-07-18,8.66,11.59,13.40,14.87,16.34,18.42,21.08,24.46,28.76,0.93,0.79,0.07,Resistência Forte,0,0
2018-07-19,8.66,11.59,13.40,14.87,16.34,18.42,21.08,24.46,28.76,0.94,0.79,0.06,Resistência Forte,0,0
2018-07-20,8.75,11.66,13.46,14.92,16.37,18.44,21.08,24.43,28.70,0.93,0.79,0.07,Resistência Forte,0,0
2018-07-23,8.75,11.66,13.46,14.92,16.37,18.44,21.08,24.43,28.70,0.94,0.79,0.06,Resistência Forte,0,0
2018-07-24,8.75,11.66,13.46,14.92,16.37,18.44,21.08,24.43,28.70,0.88,0.79,0.12,Resistência Forte,0,0
2018-07-25,8.75,11.66,13.46,14.92,16.37,18.44,21.08,24.43,28.70,0.93,0.79,0.07,Resistência Forte,0,0
2018-07-26,8.75,11.66,13.46,14.92,16.37,18.44,21.08,24.43,28.70,0.91,0.79,0.09,Resistência Forte,0,0
2018-07-27,8.75,11.66,13.46,14.92,16.37,18.44,21.08,24.43,28.70,0.91,0.79,0.09,Resistência Forte,0,0
2018-07-30,8.75,11.66,13.46,14.92,16.37,18.44,21.08,24.43,28.70,0.89,0.79,0.11,Resistência Forte,0,0
2018-07-31,8.75,11.66,13.46,14.92,16.37,18.44,21.08,24.43,28.70,0.73,0.62,0.06,Resistência,0,0
2018-08-01,8.86,11.74,13.53,14.97,16.41,18.46,21.08,24.40,28.63,0.74,0.62,0.05,Resistência,0,0
2018-08-02,8.89,11.77,13.55,14.98,16.42,18.47,21.08,24.40,28.61,0.73,0.62,0.06,Resistência,0,0
2018-08-03,8.92,11.79,13.57,15.00,16.43,18.48,21.08,24.39,28.59,0.73,0.62,0.06,Resistência,0,0
2018-08-06,8.92,11.79,13.57,15.00,16.43,18.48,21.08,24.39,28.59,0.76,0.62,0.03,Resistência,0,0
2018-08-07,8.92,11.79,13.57,15.00,16.43,18.48,21.08,24.39,28.59,0.72,0.62,0.07,Resistência,0,0
2018-08-08,8.92,11.79,13.57,15.00,16.43,18.48,21.08,24.39,28.59,0.77,0.62,0.02,Resistência,0,1
2018-08-09,10.83,13.25,14.75,15.95,17.16,18.89,21.08,23.87,27.41,0.76,0.62,0.03,Resistência,0,0
2018-08-10,11.01,13.39,14.86,16.04,17.23,18.93,21.08,23.82,27.30,0.87,0.79,0.13,Resistência Forte,0,0
2018-08-13,11.01,13.39,14.86,16.04,17.23,18.93,21.08,23.82,27.30,0.93,0.79,0.07,Resistência Forte,0,0
2018-08-14,11.01,13.96,15.78,17.26,18.73,20.83,23.50,26.90,31.22,1.00,1.00,0.27,Resistência Forte,0,1
2018-08-15,11.01,14.00,15.85,17.35,18.85,20.98,23.69,27.14,31.53,0.89,0.79,0.11,Resistência Forte,0,0
2018-08-16,11.01,14.00,15.85,17.35,18.85,20.98,23.69,27.14,31.53,0.90,0.79,0.10,Resistência Forte,0,0
2018-08-17,11.01,14.00,15.85,17.35,18.85,20.98,23.69,27.14,31.53,0.91,0.79,0.09,Resistência Forte,0,0
2018-08-20,11.97,14.74,16.45,17.83,19.21,21.18,23.69,26.88,30.93,0.92,0.79,0.08,Resistência Forte,0,0
2018-08-21,12.37,15.04,16.69,18.03,19.37,21.27,23.69,26.77,30.69,0.90,0.79,0.10,Resistência Forte,0,0
2018-08-22,12.58,15.32,17.01,18.38,19.74,21.69,24.17,27.32,31.33,0.96,0.79,0.04,Resistência Forte,0,0
2018-08-23,13.50,16.02,17.58,18.84,20.11,21.90,24.19,27.10,30.80,0.91,0.79,0.09,Resistência Forte,0,0
2018-08-24,14.00,16.40,17.89,19.10,20.30,22.01,24.19,26.96,30.49,0.85,0.79,0.15,Resistência Forte,0,0
2018-08-27,14.80,17.02,18.39,19.50,20.60,22.18,24.19,26.74,29.99,0.73,0.62,0.06,Resistência,0,0
2018-08-28,15.06,17.21,18.55,19.62,20.70,22.24,24.19,26.67,29.83,0.65,0.62,0.14,Resistência,0,0
2018-08-29,15.06,17.21,18.55,19.62,20.70,22.24,24.19,26.67,29.83,0.75,0.62,0.04,Resistência,0,0
2018-08-30,15.06,17.21,18.55,19.62,20.70,22.24,24.19,26.67,29.83,0.62,0.62,0.17,Resistência,1,0
2018-08-31,15.06,17.21,18.55,19.62,20.70,22.24,24.19,26.67,29.83,0.66,0.62,0.13,Resistência,0,0
2018-09-04,15.06,17.21,18.55,19.62,20.70,22.24,24.19,26.67,29.83,0.70,0.62,0.09,Resistência,0,0
2018-09-05,15.53,17.57,18.84,19.86,20.88,22.34,24.19,26.55,29.54,0.42,0.38,0.08,Zona de Consolidação,0,0
2018-09-06,15.72,17.72,18.96,19.96,20.95,22.38,24.19,26.49,29.42,0.30,0.24,0.08,Suporte,0,0
2018-09-07,15.72,17.72,18.96,19.96,20.95,22.38,24.19,26.49,29.42,0.26,0.24,0.12,Suporte,0,0
2018-09-10,15.78,17.76,18.99,19.98,20.98,22.39,24.19,26.48,29.39,0.29,0.24,0.09,Suporte,0,0
2018-09-11,15.78,17.76,18.99,19.98,20.98,22.39,24.19,26.48,29.39,0.29,0.24,0.09,Suporte,0,0
2018-09-12,16.23,18.11,19.27,20.21,21.15,22.49,24.19,26.36,29.11,0.24,0.24,0.14,Suporte,0,0
2018-09-13,15.77,17.76,18.99,19.98,20.97,22.39,24.19,26.48,29.39,0.07,0.00,0.17,Suporte Forte,0,0
2018-09-14,15.77,17.76,18.99,19.98,20.97,22.39,24.19,26.48,29.39,0.04,0.00,0.20,Suporte Forte,0,0
2018-09-17,15.15,17.28,18.60,19.67,20.74,22.26,24.19,26.65,29.78,0.05,0.00,0.19,Suporte Forte,0,0
2018-09-18,15.15,17.28,18.60,19.67,20.74,22.26,24.19,26.65,29.78,0.11,0.00,0.13,Suporte Forte,0,0
2018-09-19,14.61,16.87,18.27,19.40,20.53,22.14,24.19,26.80,30.11,0.03,0.00,0.21,Suporte Forte,0,0
2018-09-20,14.45,16.75,18.17,19.32,20.47,22.11,24.19,26.84,30.21,0.05,0.00,0.19,Suporte Forte,0,0
2018-09-21,14.45,16.75,18.17,19.32,20.47,22.11,24.19,26.84,30.21,0.01,0.00,0.23,Suporte Forte,0,0
2018-09-24,14.15,16.52,17.99,19.17,20.35,22.04,24.19,26.92,30.39,0.01,0.00,0.23,Suporte Forte,0,0
2018-09-25,14.15,16.52,17.99,19.17,20.35,22.04,24.19,26.92,30.39,0.03,0.00,0.21,Suporte Forte,0,0
2018-09-26,14.05,16.44,17.92,19.12,20.32,22.02,24.19,26.95,30.46,0.05,0.00,0.19,Suporte Forte,0,0
2018-09-27,14.05,16.44,17.92,19.12,20.32,22.02,24.19,26.95,30.46,0.07,0.00,0.17,Suporte Forte,0,0
2018-09-28,14.05,16.44,17.92,19.12,20.32,22.02,24.19,26.95,30.46,0.07,0.00,0.17,Suporte Forte,0,0
2018-10-01,14.05,16.44,17.92,19.12,20.32,22.02,24.19,26.95,30.46,0.12,0.00,0.12,Suporte Forte,0,0
2018-10-02,13.78,16.24,17.76,18.98,20.21,21.96,24.19,27.02,30.62,0.05,0.00,0.19,Suporte Forte,0,0
2018-10-03,13.78,16.24,17.76,18.98,20.21,21.96,24.19,27.02,30.62,0.11,0.00,0.13,Suporte Forte,0,0
2018-10-04,13.78,16.24,17.76,18.98,20.21,21.96,24.19,27.02,30.62,0.05,0.00,0.19,Suporte Forte,0,0
2018-10-05,13.16,15.76,17.37,18.68,19.98,21.83,24.19,27.19,31.01,0.07,0.00,0.17,Suporte Forte,0,0
2018-10-08,13.16,15.76,17.37,18.68,19.98,21.83,24.19,27.19,31.01,0.08,0.00,0.16,Suporte Forte,0,0
2018-10-09,13.16,15.76,17.37,18.68,19.98,21.83,24.19,27.19,31.01,0.08,0.00,0.16,Suporte Forte,0,0
2018-10-10,12.61,15.34,17.03,18.40,19.77,21.71,24.19,27.34,31.35,0.01,0.00,0.23,Suporte Forte,0,0
2018-10-11,12.23,15.05,16.80,18.21,19.62,21.63,24.19,27.44,31.58,0.01,0.00,0.23,Suporte Forte,0,0
2018-10-12,11.82,14.74,16.55,18.01,19.46,21.54,24.19,27.55,31.83,0.05,0.00,0.19,Suporte Forte,0,0
2018-10-15,11.82,14.74,16.55,18.01,19.46,21.54,24.19,27.55,31.83,0.06,0.00,0.18,Suporte Forte,0,0
2018-10-16,11.82,14.74,16.55,18.01,19.46,21.54,24.19,27.55,31.83,0.18,0.00,0.06,Suporte Forte,0,0
2018-10-17,11.82,14.74,16.55,18.01,19.46,21.54,24.19,27.55,31.83,0.14,0.00,0.10,Suporte Forte,0,0
2018-10-18,11.82,14.74,16.55,18.01,19.46,21.54,24.19,27.55,31.83,0.03,0.00,0.21,Suporte Forte,0,0
2018-10-19,11.82,14.74,16.55,18.01,19.46,21.54,24.19,27.55,31.83,0.13,0.00,0.11,Suporte Forte,0,0
2018-10-22,11.82,14.74,16.55,18.01,19.46,21.54,24.19,27.55,31.83,0.22,0.00,0.02,Suporte Forte,0,0
2018-10-23,11.82,14.74,16.55,18.01,19.46,21.54,24.19,27.55,31.83,0.19,0.00,0.05,Suporte Forte,0,0
2018-10-24,11.82,14.74,16.55,18.01,19.46,21.54,24.19,27.55,31.83,0.21,0.00,0.03,Suporte Forte,0,0
2018-10-25,11.82,14.74,16.55,18.01,19.46,21.54,24.19,27.55,31.83,0.30,0.24,0.08,Suporte,0,0
2018-10-26,11.82,14.74,16.55,18.01,19.46,21.54,24.19,27.55,31.83,0.21,0.00,0.03,Suporte Forte,0,0
2018-10-29,11.82,14.74,16.55,18.01,19.46,21.54,24.19,27.55,31.83,0.23,0.00,0.01,Suporte Forte,0,0
2018-10-30,11.82,14.74,16.55,18.01,19.46,21.54,24.19,27.55,31.83,0.18,0.00,0.06,Suporte Forte,0,0
2018-10-31,11.82,14.74,16.55,18.01,19.46,21.54,24.19,27.55,31.83,0.16,0.00,0.08,Suporte Forte,0,0
2018-11-01,11.82,14.74,16.55,18.01,19.46,21.54,24.19,27.55,31.83,0.16,0.00,0.08,Suporte Forte,0,0
2018-11-02,11.82,14.47,16.11,17.44,18.76,20.65,23.05,26.10,29.99,0.28,0.24,0.10,Suporte,0,0
2018-11-05,11.82,14.39,15.98,17.27,18.56,20.39,22.72,25.68,29.46,0.26,0.24,0.12,Suporte,0,0
2018-11-06,11.82,14.28,15.81,17.04,18.27,20.03,22.26,25.10,28.71,0.23,0.00,0.01,Suporte Forte,0,0
2018-11-07,11.82,14.28,15.81,17.04,18.27,20.03,22.26,25.10,28.71,0.21,0.00,0.03,Suporte Forte,0,0
2018-11-08,11.82,14.18,15.64,16.82,18.00,19.68,21.82,24.54,28.00,0.24,0.24,0.14,Suporte,0,0
2018-11-09,11.82,14.18,15.64,16.82,18.00,19.68,21.82,24.54,28.00,0.18,0.00,0.06,Suporte Forte,0,0
2018-11-12,11.82,14.16,15.61,16.78,17.95,19.62,21.74,24.44,27.87,0.17,0.00,0.07,Suporte Forte,0,0
2018-11-13,11.82,14.09,15.49,16.62,17.76,19.37,21.43,24.04,27.37,0.29,0.24,0.09,Suporte,0,0
2018-11-14,11.82,13.80,15.02,16.01,16.99,18.40,20.19,22.47,25.36,0.29,0.24,0.09,Suporte,0,0
2018-11-15,11.82,13.80,15.02,16.01,16.99,18.40,20.19,22.47,25.36,0.18,0.00,0.06,Suporte Forte,0,0
2018-11-16,11.82,13.80,15.02,16.01,16.99,18.40,20.19,22.47,25.36,0.19,0.00,0.05,Suporte Forte,0,0
2018-11-19,11.82,13.80,15.02,16.01,16.99,18.40,20.19,22.47,25.36,0.09,0.00,0.15,Suporte Forte,0,0
2018-11-20,11.74,13.73,14.97,15.96,16.96,18.38,20.19,22.49,25.41,0.01,0.00,0.23,Suporte Forte,0,0
2018-11-21,11.74,13.73,14.97,15.96,16.96,18.38,20.19,22.49,25.41,0.02,0.00,0.22,Suporte Forte,0,0
2018-11-23,11.74,12.87,13.57,14.14,14.70,15.50,16.53,17.83,19.49,0.19,0.00,0.05,Suporte Forte,0,0
2018-11-26,11.74,12.87,13.57,14.14,14.70,15.50,16.53,17.83,19.49,0.51,0.50,0.11,Zona de Consolidação,0,0
2018-11-27,11.74,12.87,13.57,14.14,14.70,15.50,16.53,17.83,19.49,0.42,0.38,0.08,Zona de Consolidação,0,0
2018-11-28,11.74,12.82,13.49,14.03,14.57,15.34,16.32,17.57,19.15,0.38,0.24,0.00,Suporte,1,0
2018-11-29,11.74,12.73,13.34,13.84,14.33,15.03,15.93,17.07,18.52,0.41,0.38,0.09,Zona de Consolidação,1,0
2018-11-30,11.74,12.73,13.34,13.84,14.33,15.03,15.93,17.07,18.52,0.23,0.00,0.01,Suporte Forte,0,0
2018-12-03,11.74,12.73,13.34,13.84,14.33,15.03,15.93,17.07,18.52,0.27,0.24,0.11,Suporte,0,0
2018-12-04,11.74,12.73,13.34,13.84,14.33,15.03,15.93,17.07,18.52,0.09,0.00,0.15,Suporte Forte,0,0
2018-12-06,10.71,11.94,12.70,13.32,13.94,14.81,15.93,17.35,19.16,0.04,0.00,0.20,Suporte Forte,0,0
2018-12-07,9.27,10.84,11.81,12.60,13.39,14.50,15.93,17.74,20.05,0.03,0.00,0.21,Suporte Forte,0,0
2018-12-10,9.27,10.84,11.81,12.60,13.39,14.50,15.93,17.74,20.05,0.16,0.00,0.08,Suporte Forte,0,0
2018-12-11,9.27,10.84,11.81,12.60,13.39,14.50,15.93,17.74,20.05,0.01,0.00,0.23,Suporte Forte,0,0
2018-12-12,9.27,10.84,11.81,12.60,13.39,14.50,15.93,17.74,20.05,0.13,0.00,0.11,Suporte Forte,0,0
2018-12-13,9.27,10.84,11.81,12.60,13.39,14.50,15.93,17.74,20.05,0.26,0.24,0.12,Suporte,0,0
2018-12-14,9.27,10.84,11.81,12.60,13.39,14.50,15.93,17.74,20.05,0.20,0.00,0.04,Suporte Forte,0,0
2018-12-17,9.27,10.84,11.81,12.60,13.39,14.50,15.93,17.74,20.05,0.20,0.00,0.04,Suporte Forte,0,0
2018-12-18,9.27,10.84,11.81,12.60,13.39,14.50,15.93,17.74,20.05,0.23,0.00,0.01,Suporte Forte,0,0
2018-12-19,9.27,10.84,11.81,12.60,13.39,14.50,15.93,17.74,20.05,0.25,0.24,0.13,Suporte,0,0
2018-12-20,9.27,10.84,11.81,12.60,13.39,14.50,15.93,17.74,20.05,0.20,0.00,0.04,Suporte Forte,0,0
2018-12-21,9.27,10.84,11.81,12.60,13.39,14.50,15.93,17.74,20.05,0.28,0.24,0.10,Suporte,0,0
2018-12-24,9.27,10.84,11.81,12.60,13.39,14.50,15.93,17.74,20.05,0.19,0.00,0.05,Suporte Forte,0,0
2018-12-26,9.15,10.75,11.74,12.54,13.34,14.48,15.93,17.77,20.12,0.01,0.00,0.23,Suporte Forte,0,0
2018-12-27,8.63,10.35,11.42,12.28,13.14,14.37,15.93,17.92,20.44,0.07,0.00,0.17,Suporte Forte,0,0
2018-12-28,8.63,10.35,11.42,12.28,13.14,14.37,15.93,17.92,20.44,0.15,0.00,0.09,Suporte Forte,0,0
2018-12-31,8.63,10.35,11.42,12.28,13.14,14.37,15.93,17.92,20.44,0.10,0.00,0.14,Suporte Forte,0,0
2019-01-02,8.63,10.35,11.42,12.28,13.14,14.37,15.93,17.92,20.44,0.22,0.00,0.02,Suporte Forte,0,0
2019-01-03,8.63,10.35,11.42,12.28,13.14,14.37,15.93,17.92,20.44,0.18,0.00,0.06,Suporte Forte,0,0
2019-01-04,8.63,10.35,11.42,12.28,13.14,14.37,15.93,17.92,20.44,0.19,0.00,0.05,Suporte Forte,0,0
2019-01-07,8.63,10.35,11.42,12.28,13.14,14.37,15.93,17.92,20.44,0.29,0.24,0.09,Suporte,0,0
2019-01-08,8.63,10.35,11.42,12.28,13.14,14.37,15.93,17.92,20.44,0.32,0.24,0.06,Suporte,0,0
2019-01-09,8.63,10.35,11.42,12.28,13.14,14.37,15.93,17.92,20.44,0.36,0.24,0.02,Suporte,0,0
2019-01-10,8.63,10.35,11.42,12.28,13.14,14.37,15.93,17.92,20.44,0.34,0.24,0.04,Suporte,0,0
2019-01-11,8.63,10.22,11.20,11.99,12.78,13.91,15.35,17.18,19.50,0.37,0.24,0.01,Suporte,1,0
2019-01-14,8.63,10.22,11.20,11.99,12.78,13.91,15.35,17.18,19.50,0.43,0.38,0.07,Zona de Consolidação,0,0
2019-01-15,8.63,10.22,11.20,11.99,12.78,13.91,15.35,17.18,19.50,0.27,0.24,0.11,Suporte,0,0
2019-01-16,8.63,10.22,11.20,11.99,12.78,13.91,15.35,17.18,19.50,0.38,0.24,0.00,Suporte,1,0
2019-01-17,8.63,10.22,11.20,11.99,12.78,13.91,15.35,17.18,19.50,0.39,0.38,0.11,Zona de Consolidação,1,0
2019-01-18,8.63,10.22,11.20,11.99,12.78,13.91,15.35,17.18,19.50,0.44,0.38,0.06,Zona de Consolidação,0,0
2019-01-22,8.63,10.22,11.20,11.99,12.78,13.91,15.35,17.18,19.50,0.44,0.38,0.06,Zona de Consolidação,0,0
2019-01-23,8.63,10.22,11.20,11.99,12.78,13.91,15.35,17.18,19.50,0.46,0.38,0.04,Zona de Consolidação,0,0
2019-01-24,8.63,10.22,11.20,11.99,12.78,13.91,15.35,17.18,19.50,0.48,0.38,0.02,Zona de Consolidação,0,0
2019-01-25,8.63,10.22,11.20,11.99,12.78,13.91,15.35,17.18,19.50,0.51,0.50,0.11,Zona de Consolidação,0,0
2019-01-28,8.63,10.22,11.20,11.99,12.78,13.91,15.35,17.18,19.50,0.44,0.38,0.06,Zona de Consolidação,0,0
2019-01-29,8.63,10.22,11.20,11.99,12.78,13.91,15.35,17.18,19.50,0.42,0.38,0.08,Zona de Consolidação,0,0
2019-01-30,8.63,9.99,10.83,11.50,12.18,13.15,14.38,15.94,17.93,0.54,0.50,0.08,Zona de Consolidação,0,0
2019-01-31,8.63,9.99,10.83,11.50,12.18,13.15,14.38,15.94,17.93,0.58,0.50,0.04,Zona de Consolidação,0,0
2019-02-01,8.63,9.99,10.83,11.50,12.18,13.15,14.38,15.94,17.93,0.55,0.50,0.07,Zona de Consolidação,0,0
2019-02-04,8.63,9.99,10.83,11.50,12.18,13.15,14.38,15.94,17.93,0.60,0.50,0.02,Zona de Consolidação,1,0
2019-02-05,8.63,9.99,10.83,11.50,12.18,13.15,14.38,15.94,17.93,0.59,0.50,0.03,Zona de Consolidação,0,0
2019-02-06,8.63,9.99,10.83,11.50,12.18,13.15,14.38,15.94,17.93,0.60,0.50,0.02,Zona de Consolidação,1,0
2019-02-07,8.63,9.99,10.83,11.50,12.18,13.15,14.38,15.94,17.93,0.63,0.62,0.16,Resistência,1,0
2019-02-08,8.63,9.97,10.79,11.46,12.13,13.08,14.29,15.83,17.79,0.63,0.62,0.16,Resistência,1,0
2019-02-11,8.63,9.89,10.67,11.30,11.92,12.82,13.96,15.41,17.25,0.69,0.62,0.10,Resistência,0,0
2019-02-12,8.63,9.80,10.52,11.10,11.68,12.51,13.57,14.91,16.62,0.93,0.79,0.07,Resistência Forte,0,0
2019-02-13,8.63,9.78,10.49,11.07,11.64,12.46,13.50,14.82,16.51,0.97,0.79,0.03,Resistência Forte,0,0
2019-02-14,8.63,9.82,10.56,11.16,11.76,12.61,13.69,15.07,16.82,0.94,0.79,0.06,Resistência Forte,0,0
2019-02-15,8.63,10.01,10.87,11.56,12.25,13.24,14.49,16.08,18.11,0.87,0.79,0.13,Resistência Forte,0,0
2019-02-19,8.63,10.12,11.05,11.80,12.54,13.61,14.96,16.68,18.87,0.79,0.79,0.21,Resistência Forte,0,1
2019-02-20,8.63,10.12,11.05,11.80,12.54,13.61,14.96,16.68,18.87,0.79,0.79,0.21,Resistência Forte,0,1
2019-02-21,8.63,10.12,11.05,11.80,12.54,13.61,14.96,16.68,18.87,0.78,0.62,0.01,Resistência,0,1
2019-02-22,8.63,10.12,11.05,11.80,12.54,13.61,14.96,16.68,18.87,0.84,0.79,0.16,Resistência Forte,0,0
2019-02-25,8.63,10.12,11.05,11.80,12.54,13.61,14.96,16.68,18.87,0.87,0.79,0.13,Resistência Forte,0,0
2019-02-26,8.63,10.12,11.05,11.80,12.54,13.61,14.96,16.68,18.87,0.88,0.79,0.12,Resistência Forte,0,0
2019-02-27,8.63,10.12,11.05,11.80,12.54,13.61,14.96,16.68,18.87,0.91,0.79,0.09,Resistência Forte,0,0
2019-02-28,8.63,10.12,11.05,11.80,12.54,13.61,14.96,16.68,18.87,0.93,0.79,0.07,Resistência Forte,0,0
2019-03-01,8.63,10.12,11.05,11.80,12.54,13.61,14.96,16.68,18.87,0.96,0.79,0.04,Resistência Forte,0,0
2019-03-04,8.63,10.12,11.05,11.80,12.54,13.61,14.96,16.68,18.87,0.94,0.79,0.06,Resistência Forte,0,0
2019-03-05,8.63,10.12,11.05,11.80,12.54,13.61,14.96,16.68,18.87,0.88,0.79,0.12,Resistência Forte,0,0
2019-03-06,8.63,10.12,11.05,11.80,12.54,13.61,14.96,16.68,18.87,0.86,0.79,0.14,Resistência Forte,0,0
2019-03-07,8.63,10.12,11.05,11.80,12.54,13.61,14.96,16.68,18.87,0.82,0.79,0.18,Resistência Forte,0,0
2019-03-08,8.63,10.12,11.05,11.80,12.54,13.61,14.96,16.68,18.87,0.85,0.79,0.15,Resistência Forte,0,0
2019-03-11,8.63,10.12,11.05,11.80,12.54,13.61,14.96,16.68,18.87,0.83,0.79,0.17,Resistência Forte,0,0
2019-03-12,9.09,10.48,11.33,12.02,12.72,13.70,14.96,16.56,18.59,0.73,0.62,0.06,Resistência,0,0
2019-03-13,9.09,10.48,11.33,12.02,12.72,13.70,14.96,16.56,18.59,0.72,0.62,0.07,Resistência,0,0
2019-03-14,9.10,10.48,11.34,12.03,12.72,13.71,14.96,16.55,18.58,0.75,0.62,0.04,Resistência,0,0
2019-03-15,9.22,10.57,11.41,12.09,12.77,13.73,14.96,16.52,18.51,0.77,0.62,0.02,Resistência,0,1
2019-03-18,9.75,10.98,11.74,12.36,12.97,13.85,14.96,16.38,18.18,0.66,0.62,0.13,Resistência,0,0
2019-03-19,9.96,11.14,11.87,12.46,13.05,13.89,14.96,16.32,18.05,0.59,0.50,0.03,Zona de Consolidação,0,0
2019-03-20,10.10,11.25,11.96,12.53,13.10,13.92,14.96,16.28,17.96,0.65,0.62,0.14,Resistência,0,0
2019-03-21,10.10,11.25,11.96,12.53,13.10,13.92,14.96,16.28,17.96,0.59,0.50,0.03,Zona de Consolidação,0,0
2019-03-22,10.10,11.25,11.96,12.53,13.10,13.92,14.96,16.28,17.96,0.48,0.38,0.02,Zona de Consolidação,0,0
2019-03-25,10.10,11.25,11.96,12.53,13.10,13.92,14.96,16.28,17.96,0.44,0.38,0.06,Zona de Consolidação,0,0
2019-03-26,10.10,11.25,11.96,12.53,13.10,13.92,14.96,16.28,17.96,0.51,0.50,0.11,Zona de Consolidação,0,0
2019-03-27,10.10,11.25,11.96,12.53,13.10,13.92,14.96,16.28,17.96,0.51,0.50,0.11,Zona de Consolidação,0,0
2019-03-28,10.60,11.63,12.27,12.78,13.29,14.03,14.96,16.15,17.65,0.40,0.38,0.10,Zona de Consolidação,1,0
2019-03-29,11.06,11.98,12.55,13.01,13.47,14.13,14.96,16.02,17.37,0.34,0.24,0.04,Suporte,0,0
2019-04-01,11.18,12.07,12.62,13.07,13.52,14.15,14.96,15.99,17.30,0.52,0.50,0.10,Zona de Consolidação,0,0
2019-04-02,11.18,12.07,12.62,13.07,13.52,14.15,14.96,15.99,17.30,0.49,0.38,0.01,Zona de Consolidação,0,0
2019-04-03,11.18,12.07,12.62,13.07,13.52,14.15,14.96,15.99,17.30,0.56,0.50,0.06,Zona de Consolidação,0,0
2019-04-04,11.18,12.07,12.62,13.07,13.52,14.15,14.96,15.99,17.30,0.56,0.50,0.06,Zona de Consolidação,0,0
2019-04-05,11.18,12.07,12.62,13.07,13.52,14.15,14.96,15.99,17.30,0.54,0.50,0.08,Zona de Consolidação,0,0
2019-04-08,11.18,12.07,12.62,13.07,13.52,14.15,14.96,15.99,17.30,0.57,0.50,0.05,Zona de Consolidação,0,0
2019-04-09,11.18,12.07,12.62,13.07,13.52,14.15,14.96,15.99,17.30,0.59,0.50,0.03,Zona de Consolidação,1,0
2019-04-10,11.32,12.18,12.71,13.14,13.57,14.18,14.96,15.95,17.21,0.68,0.62,0.11,Resistência,0,0
2019-04-11,11.32,12.18,12.71,13.14,13.57,14.18,14.96,15.95,17.21,0.30,0.24,0.08,Suporte,0,0
2019-04-12,11.32,12.18,12.71,13.14,13.57,14.18,14.96,15.95,17.21,0.26,0.24,0.12,Suporte,0,0
2019-04-15,11.32,12.18,12.71,13.14,13.57,14.18,14.96,15.95,17.21,0.20,0.00,0.04,Suporte Forte,0,0
2019-04-16,11.89,12.61,13.06,13.42,13.79,14.30,14.96,15.80,16.86,0.11,0.00,0.13,Suporte Forte,0,0
2019-04-17,11.92,12.64,13.08,13.44,13.80,14.31,14.96,15.79,16.84,0.30,0.24,0.08,Suporte,0,0
2019-04-18,11.93,12.65,13.09,13.44,13.80,14.31,14.96,15.78,16.83,0.35,0.24,0.03,Suporte,1,0
2019-04-22,11.93,12.65,13.09,13.44,13.80,14.31,14.96,15.78,16.83,0.19,0.00,0.05,Suporte Forte,0,0
2019-04-23,11.93,12.65,13.09,13.44,13.80,14.31,14.96,15.78,16.83,0.23,0.00,0.01,Suporte Forte,0,0
2019-04-24,11.93,12.65,13.09,13.44,13.80,14.31,14.96,15.78,16.83,0.32,0.24,0.06,Suporte,0,0
2019-04-25,11.93,12.65,13.09,13.44,13.80,14.31,14.96,15.78,16.83,0.30,0.24,0.08,Suporte,0,0
2019-04-26,11.93,12.65,13.09,13.44,13.80,14.31,14.96,15.78,16.83,0.35,0.24,0.03,Suporte,1,0
2019-04-29,11.93,12.65,13.09,13.44,13.80,14.31,14.96,15.78,16.83,0.41,0.38,0.09,Zona de Consolidação,1,0
2019-04-30,11.93,12.65,13.09,13.44,13.80,14.31,14.96,15.78,16.83,0.52,0.50,0.10,Zona de Consolidação,0,0
2019-05-01,11.93,12.60,13.01,13.34,13.67,14.15,14.75,15.52,16.49,0.59,0.50,0.03,Zona de Consolidação,1,0
2019-05-02,11.93,12.60,13.01,13.34,13.67,14.15,14.75,15.52,16.49,0.60,0.50,0.02,Zona de Consolidação,1,0
2019-05-03,11.93,12.60,13.01,13.34,13.67,14.15,14.75,15.52,16.49,0.78,0.62,0.01,Resistência,0,1
2019-05-06,11.93,12.60,13.01,13.34,13.67,14.15,14.75,15.52,16.49,0.74,0.62,0.05,Resistência,0,1
2019-05-07,11.93,12.60,13.01,13.34,13.67,14.15,14.75,15.52,16.49,0.67,0.62,0.12,Resistência,0,0
2019-05-08,11.93,12.60,13.01,13.34,13.67,14.15,14.75,15.52,16.49,0.76,0.62,0.03,Resistência,0,1
2019-05-09,11.93,12.69,13.17,13.55,13.93,14.48,15.17,16.05,17.17,0.98,0.79,0.02,Resistência Forte,0,1
2019-05-10,11.93,12.84,13.40,13.86,14.31,14.96,15.78,16.83,18.16,0.92,0.79,0.08,Resistência Forte,0,0
2019-05-13,11.93,12.84,13.40,13.86,14.31,14.96,15.78,16.83,18.16,0.78,0.62,0.01,Resistência,0,1
2019-05-14,11.93,12.84,13.40,13.86,14.31,14.96,15.78,16.83,18.16,0.94,0.79,0.06,Resistência Forte,0,0
2019-05-15,11.93,12.84,13.40,13.86,14.31,14.96,15.78,16.83,18.16,0.79,0.79,0.21,Resistência Forte,0,1
2019-05-16,11.93,12.84,13.40,13.86,14.31,14.96,15.78,16.83,18.16,0.58,0.50,0.04,Zona de Consolidação,0,0
2019-05-17,11.93,12.84,13.40,13.86,14.31,14.96,15.78,16.83,18.16,0.66,0.62,0.13,Resistência,0,0
2019-05-20,11.93,12.84,13.40,13.86,14.31,14.96,15.78,16.83,18.16,0.59,0.50,0.03,Zona de Consolidação,1,0
2019-05-21,11.93,12.84,13.40,13.86,14.31,14.96,15.78,16.83,18.16,0.54,0.50,0.08,Zona de Consolidação,0,0
2019-05-22,11.93,12.84,13.40,13.86,14.31,14.96,15.78,16.83,18.16,0.29,0.24,0.09,Suporte,0,0
2019-05-23,11.93,12.84,13.40,13.86,14.31,14.96,15.78,16.83,18.16,0.21,0.00,0.03,Suporte Forte,0,0
2019-05-24,11.93,12.84,13.40,13.86,14.31,14.96,15.78,16.83,18.16,0.16,0.00,0.08,Suporte Forte,0,0
2019-05-28,11.93,12.84,13.40,13.86,14.31,14.96,15.78,16.83,18.16,0.36,0.24,0.02,Suporte,1,0
2019-05-29,11.93,12.84,13.40,13.86,14.31,14.96,15.78,16.83,18.16,0.19,0.00,0.05,Suporte Forte,0,0
2019-05-30,11.93,12.84,13.40,13.86,14.31,14.96,15.78,16.83,18.16,0.28,0.24,0.10,Suporte,0,0
2019-05-31,11.93,12.84,13.40,13.86,14.31,14.96,15.78,16.83,18.16,0.17,0.00,0.07,Suporte Forte,0,0
2019-06-03,11.93,12.84,13.40,13.86,14.31,14.96,15.78,16.83,18.16,0.30,0.24,0.08,Suporte,0,0
2019-06-04,11.93,12.84,13.40,13.86,14.31,14.96,15.78,16.83,18.16,0.43,0.38,0.07,Zona de Consolidação,0,0
2019-06-05,11.93,12.84,13.40,13.86,14.31,14.96,15.78,16.83,18.16,0.46,0.38,0.04,Zona de Consolidação,0,0
2019-06-06,11.93,12.84,13.40,13.86,14.31,14.96,15.78,16.83,18.16,0.40,0.38,0.10,Zona de Consolidação,1,0
2019-06-07,11.93,12.84,13.40,13.86,14.31,14.96,15.78,16.83,18.16,0.40,0.38,0.10,Zona de Consolidação,1,0
2019-06-10,11.93,12.84,13.40,13.86,14.31,14.96,15.78,16.83,18.16,0.21,0.00,0.03,Suporte Forte,0,0
2019-06-11,11.93,12.84,13.40,13.86,14.31,14.96,15.78,16.83,18.16,0.05,0.00,0.19,Suporte Forte,0,0
2019-06-12,11.83,12.76,13.34,13.80,14.27,14.93,15.78,16.85,18.22,0.05,0.00,0.19,Suporte Forte,0,0
2019-06-13,11.83,12.76,13.34,13.80,14.27,14.93,15.78,16.85,18.22,0.25,0.24,0.13,Suporte,0,0
2019-06-14,11.83,12.76,13.34,13.80,14.27,14.93,15.78,16.85,18.22,0.32,0.24,0.06,Suporte,0,0
2019-06-17,11.83,12.76,13.34,13.80,14.27,14.93,15.78,16.85,18.22,0.38,0.24,0.00,Suporte,1,0
2019-06-18,11.83,12.76,13.34,13.80,14.27,14.93,15.78,16.85,18.22,0.42,0.38,0.08,Zona de Consolidação,0,0
2019-06-19,11.83,12.76,13.34,13.80,14.27,14.93,15.78,16.85,18.22,0.46,0.38,0.04,Zona de Consolidação,0,0
2019-06-20,11.83,12.76,13.34,13.80,14.27,14.93,15.78,16.85,18.22,0.47,0.38,0.03,Zona de Consolidação,0,0
2019-06-21,11.83,12.76,13.34,13.80,14.27,14.93,15.78,16.85,18.22,0.38,0.24,0.00,Suporte,1,0
2019-06-24,11.83,12.76,13.34,13.80,14.27,14.93,15.78,16.85,18.22,0.37,0.24,0.01,Suporte,1,0
2019-06-25,11.83,12.76,13.34,13.80,14.27,14.93,15.78,16.85,18.22,0.29,0.24,0.09,Suporte,0,0
2019-06-26,11.83,12.76,13.34,13.80,14.27,14.93,15.78,16.85,18.22,0.50,0.50,0.12,Zona de Consolidação,0,0
2019-06-27,11.83,12.76,13.34,13.80,14.27,14.93,15.78,16.85,18.22,0.54,0.50,0.08,Zona de Consolidação,0,0
2019-06-28,11.83,12.76,13.34,13.80,14.27,14.93,15.78,16.85,18.22,0.54,0.50,0.08,Zona de Consolidação,0,0
2019-07-01,11.83,12.76,13.34,13.80,14.27,14.93,15.78,16.85,18.22,0.65,0.62,0.14,Resistência,1,0
2019-07-02,11.83,12.76,13.34,13.80,14.27,14.93,15.78,16.85,18.22,0.63,0.62,0.16,Resistência,1,0
2019-07-03,11.83,12.76,13.34,13.80,14.27,14.93,15.78,16.85,18.22,0.64,0.62,0.15,Resistência,1,0
2019-07-05,11.83,12.76,13.34,13.80,14.27,14.93,15.78,16.85,18.22,0.64,0.62,0.15,Resistência,1,0
2019-07-08,11.83,12.76,13.34,13.80,14.27,14.93,15.78,16.85,18.22,0.60,0.50,0.02,Zona de Consolidação,1,0
2019-07-09,11.83,12.76,13.34,13.80,14.27,14.93,15.78,16.85,18.22,0.62,0.62,0.17,Resistência,1,0
2019-07-10,11.83,12.76,13.34,13.80,14.27,14.93,15.78,16.85,18.22,0.62,0.62,0.17,Resistência,1,0
2019-07-11,11.83,12.76,13.34,13.80,14.27,14.93,15.78,16.85,18.22,0.56,0.50,0.06,Zona de Consolidação,0,0
2019-07-12,11.83,12.76,13.34,13.80,14.27,14.93,15.78,16.85,18.22,0.49,0.38,0.01,Zona de Consolidação,0,0
2019-07-15,11.83,12.76,13.34,13.80,14.27,14.93,15.78,16.85,18.22,0.46,0.38,0.04,Zona de Consolidação,0,0
2019-07-16,11.83,12.76,13.34,13.80,14.27,14.93,15.78,16.85,18.22,0.45,0.38,0.05,Zona de Consolidação,0,0
2019-07-17,11.83,12.76,13.34,13.80,14.27,14.93,15.78,16.85,18.22,0.39,0.38,0.11,Zona de Consolidação,1,0
2019-07-18,11.83,12.76,13.34,13.80,14.27,14.93,15.78,16.85,18.22,0.27,0.24,0.11,Suporte,0,0
2019-07-19,11.83,12.76,13.34,13.80,14.27,14.93,15.78,16.85,18.22,0.28,0.24,0.10,Suporte,0,0
2019-07-22,11.83,12.76,13.34,13.80,14.27,14.93,15.78,16.85,18.22,0.22,0.00,0.02,Suporte Forte,0,0
2019-07-23,11.83,12.72,13.26,13.70,14.15,14.78,15.58,16.60,17.90,0.24,0.24,0.14,Suporte,0,0
2019-07-24,11.83,12.72,13.26,13.70,14.15,14.78,15.58,16.60,17.90,0.30,0.24,0.08,Suporte,0,0
2019-07-25,11.83,12.71,13.25,13.70,14.14,14.76,15.56,16.57,17.87,0.27,0.24,0.11,Suporte,0,0
2019-07-26,11.83,12.61,13.09,13.48,13.87,14.42,15.13,16.03,17.17,0.42,0.38,0.08,Zona de Consolidação,0,0
2019-07-29,11.83,12.58,13.04,13.42,13.79,14.32,15.00,15.86,16.96,0.52,0.50,0.10,Zona de Consolidação,0,0
2019-07-30,11.83,12.58,13.04,13.42,13.79,14.32,15.00,15.86,16.96,0.51,0.50,0.11,Zona de Consolidação,0,0
2019-07-31,11.83,12.58,13.04,13.42,13.79,14.32,15.00,15.86,16.96,0.70,0.62,0.09,Resistência,0,0
2019-08-01,11.83,12.58,13.04,13.42,13.79,14.32,15.00,15.86,16.96,0.60,0.50,0.02,Zona de Consolidação,1,0
2019-08-02,11.83,12.58,13.04,13.42,13.79,14.32,15.00,15.86,16.96,0.34,0.24,0.04,Suporte,0,0
2019-08-05,11.83,12.58,13.04,13.42,13.79,14.32,15.00,15.86,16.96,0.26,0.24,0.12,Suporte,0,0
2019-08-06,11.83,12.58,13.04,13.42,13.79,14.32,15.00,15.86,16.96,0.42,0.38,0.08,Zona de Consolidação,1,0
2019-08-07,11.83,12.58,13.04,13.42,13.79,14.32,15.00,15.86,16.96,0.42,0.38,0.08,Zona de Consolidação,1,0
2019-08-08,11.83,12.58,13.04,13.42,13.79,14.32,15.00,15.86,16.96,0.27,0.24,0.11,Suporte,0,0
2019-08-09,11.83,12.58,13.04,13.42,13.79,14.32,15.00,15.86,16.96,0.23,0.00,0.01,Suporte Forte,0,0
2019-08-12,11.72,12.49,12.97,13.36,13.75,14.30,15.00,15.89,17.03,0.24,0.24,0.14,Suporte,0,0
2019-08-13,11.72,12.49,12.97,13.36,13.75,14.30,15.00,15.89,17.03,0.30,0.24,0.08,Suporte,0,0
2019-08-14,11.72,12.49,12.97,13.36,13.75,14.30,15.00,15.89,17.03,0.23,0.00,0.01,Suporte Forte,0,0
2019-08-15,11.72,12.49,12.97,13.36,13.75,14.30,15.00,15.89,17.03,0.07,0.00,0.17,Suporte Forte,0,0
2019-08-16,11.21,12.10,12.66,13.10,13.55,14.19,15.00,16.03,17.34,0.04,0.00,0.20,Suporte Forte,0,0
2019-08-19,11.21,12.10,12.66,13.10,13.55,14.19,15.00,16.03,17.34,0.12,0.00,0.12,Suporte Forte,0,0
2019-08-20,11.21,12.10,12.66,13.10,13.55,14.19,15.00,16.03,17.34,0.13,0.00,0.11,Suporte Forte,0,0
2019-08-21,11.21,12.10,12.66,13.10,13.55,14.19,15.00,16.03,17.34,0.12,0.00,0.12,Suporte Forte,0,0
2019-08-22,11.21,12.10,12.66,13.10,13.55,14.19,15.00,16.03,17.34,0.22,0.00,0.02,Suporte Forte,0,0
2019-08-23,10.98,11.93,12.52,12.99,13.46,14.14,15.00,16.09,17.48,0.00,0.00,0.24,Suporte Forte,0,0
2019-08-26,10.98,11.93,12.52,12.99,13.46,14.14,15.00,16.09,17.48,0.28,0.24,0.10,Suporte,0,0
2019-08-27,10.98,11.93,12.52,12.99,13.46,14.14,15.00,16.09,17.48,0.11,0.00,0.13,Suporte Forte,0,0
2019-08-28,10.98,11.93,12.52,12.99,13.46,14.14,15.00,16.09,17.48,0.15,0.00,0.09,Suporte Forte,0,0
2019-08-29,10.98,11.93,12.52,12.99,13.46,14.14,15.00,16.09,17.48,0.19,0.00,0.05,Suporte Forte,0,0
2019-08-30,10.98,11.93,12.52,12.99,13.46,14.14,15.00,16.09,17.48,0.33,0.24,0.05,Suporte,0,0
2019-09-03,10.98,11.93,12.52,12.99,13.46,14.14,15.00,16.09,17.48,0.28,0.24,0.10,Suporte,0,0
2019-09-04,10.98,11.93,12.52,12.99,13.46,14.14,15.00,16.09,17.48,0.30,0.24,0.08,Suporte,0,0
2019-09-05,10.98,11.93,12.52,12.99,13.46,14.14,15.00,16.09,17.48,0.31,0.24,0.07,Suporte,0,0
2019-09-06,10.98,11.93,12.52,12.99,13.46,14.14,15.00,16.09,17.48,0.32,0.24,0.06,Suporte,0,0
2019-09-09,10.98,11.93,12.52,12.99,13.46,14.14,15.00,16.09,17.48,0.39,0.38,0.11,Zona de Consolidação,1,0
2019-09-10,10.98,11.86,12.41,12.85,13.29,13.92,14.72,15.74,17.03,0.32,0.24,0.06,Suporte,0,0
2019-09-11,10.98,11.86,12.41,12.85,13.29,13.92,14.72,15.74,17.03,0.34,0.24,0.04,Suporte,0,0
2019-09-12,10.98,11.86,12.41,12.85,13.29,13.92,14.72,15.74,17.03,0.14,0.00,0.10,Suporte Forte,0,0
2019-09-13,10.98,11.86,12.41,12.85,13.29,13.92,14.72,15.74,17.03,0.88,0.79,0.12,Resistência Forte,0,0
2019-09-16,10.98,11.98,12.59,13.09,13.59,14.30,15.20,16.35,17.81,0.90,0.79,0.10,Resistência Forte,0,0
2019-09-17,10.98,12.08,12.76,13.32,13.87,14.65,15.65,16.92,18.54,0.96,0.79,0.04,Resistência Forte,0,0
2019-09-18,10.98,12.20,12.95,13.56,14.17,15.04,16.14,17.54,19.33,0.99,0.79,0.01,Resistência Forte,0,1
2019-09-19,10.98,12.42,13.31,14.04,14.76,15.78,17.09,18.75,20.87,0.92,0.79,0.08,Resistência Forte,0,0
2019-09-20,10.98,12.42,13.31,14.04,14.76,15.78,17.09,18.75,20.87,0.96,0.79,0.04,Resistência Forte,0,0
2019-09-23,10.98,12.90,14.08,15.04,16.00,17.36,19.10,21.31,24.12,0.97,0.79,0.03,Resistência Forte,0,0
2019-09-24,10.98,12.90,14.08,15.04,16.00,17.36,19.10,21.31,24.12,0.91,0.79,0.09,Resistência Forte,0,0
2019-09-25,10.98,13.03,14.30,15.32,16.34,17.80,19.66,22.02,25.02,0.98,0.79,0.02,Resistência Forte,0,0
2019-09-26,10.98,13.06,14.35,15.39,16.43,17.91,19.80,22.20,25.25,0.93,0.79,0.07,Resistência Forte,0,0
2019-09-27,10.98,13.06,14.35,15.39,16.43,17.91,19.80,22.20,25.25,0.82,0.79,0.18,Resistência Forte,0,0
2019-09-30,10.98,13.06,14.35,15.39,16.43,17.91,19.80,22.20,25.25,0.91,0.79,0.09,Resistência Forte,0,0
2019-10-01,10.98,13.06,14.35,15.39,16.43,17.91,19.80,22.20,25.25,0.82,0.79,0.18,Resistência Forte,0,0
2019-10-02,10.98,13.06,14.35,15.39,16.43,17.91,19.80,22.20,25.25,0.84,0.79,0.16,Resistência Forte,0,0
2019-10-03,10.98,13.06,14.35,15.39,16.43,17.91,19.80,22.20,25.25,0.93,0.79,0.07,Resistência Forte,0,0
2019-10-04,10.98,13.06,14.35,15.39,16.43,17.91,19.80,22.20,25.25,0.91,0.79,0.09,Resistência Forte,0,0
2019-10-07,10.98,13.07,14.37,15.42,16.46,17.95,19.85,22.26,25.33,1.00,1.00,0.27,Resistência Forte,0,1
2019-10-08,10.98,13.20,14.57,15.68,16.80,18.38,20.39,22.95,26.21,0.94,0.79,0.06,Resistência Forte,0,0
2019-10-09,10.98,13.20,14.57,15.68,16.80,18.38,20.39,22.95,26.21,0.96,0.79,0.04,Resistência Forte,0,0
2019-10-10,10.98,13.20,14.58,15.69,16.80,18.38,20.40,22.96,26.22,0.99,0.79,0.01,Resistência Forte,0,1
2019-10-11,10.98,13.40,14.90,16.10,17.31,19.04,21.23,24.02,27.56,0.97,0.79,0.03,Resistência Forte,0,0
2019-10-14,10.98,13.46,14.99,16.23,17.47,19.23,21.48,24.34,27.97,0.99,0.79,0.01,Resistência Forte,0,1
2019-10-15,10.98,13.50,15.05,16.31,17.57,19.36,21.64,24.54,28.23,0.97,0.79,0.03,Resistência Forte,0,0
2019-10-16,10.98,13.52,15.09,16.37,17.64,19.45,21.75,24.68,28.41,0.97,0.79,0.03,Resistência Forte,0,0
2019-10-17,10.98,13.52,15.09,16.37,17.64,19.45,21.75,24.68,28.41,0.97,0.79,0.03,Resistência Forte,0,0
2019-10-18,10.98,13.62,15.25,16.58,17.90,19.78,22.17,25.21,29.09,0.97,0.79,0.03,Resistência Forte,0,0
2019-10-21,10.98,13.79,15.53,16.93,18.33,20.33,22.88,26.12,30.23,0.99,0.79,0.01,Resistência Forte,0,1
2019-10-22,10.98,13.81,15.56,16.98,18.40,20.41,22.98,26.24,30.40,0.94,0.79,0.06,Resistência Forte,0,0
2019-10-23,10.98,13.81,15.56,16.98,18.40,20.41,22.98,26.24,30.40,0.92,0.79,0.08,Resistência Forte,0,0
2019-10-24,10.98,13.81,15.56,16.98,18.40,20.41,22.98,26.24,30.40,0.95,0.79,0.05,Resistência Forte,0,0
2019-10-25,10.98,13.81,15.56,16.98,18.40,20.41,22.98,26.24,30.40,0.92,0.79,0.08,Resistência Forte,0,0
2019-10-28,10.98,13.81,15.56,16.98,18.40,20.41,22.98,26.24,30.40,0.90,0.79,0.10,Resistência Forte,0,0
2019-10-29,10.98,13.81,15.56,16.98,18.40,20.41,22.98,26.24,30.40,0.87,0.79,0.13,Resistência Forte,0,0
2019-10-30,10.98,13.81,15.56,16.98,18.40,20.41,22.98,26.24,30.40,0.91,0.79,0.09,Resistência Forte,0,0
2019-10-31,10.98,13.81,15.56,16.98,18.40,20.41,22.98,26.24,30.40,0.85,0.79,0.15,Resistência Forte,0,0
2019-11-01,10.98,13.81,15.56,16.98,18.40,20.41,22.98,26.24,30.40,0.84,0.79,0.16,Resistência Forte,0,0
2019-11-04,11.02,13.84,15.59,17.00,18.41,20.42,22.98,26.23,30.37,0.86,0.79,0.14,Resistência Forte,0,0
2019-11-05,11.12,13.92,15.65,17.05,18.45,20.44,22.98,26.21,30.31,0.90,0.79,0.10,Resistência Forte,0,0
2019-11-06,11.18,14.17,16.03,17.52,19.02,21.15,23.87,27.32,31.71,0.83,0.79,0.17,Resistência Forte,0,0
2019-11-07,11.18,14.17,16.03,17.52,19.02,21.15,23.87,27.32,31.71,0.86,0.79,0.14,Resistência Forte,0,0
2019-11-08,11.18,14.17,16.03,17.52,19.02,21.15,23.87,27.32,31.71,0.83,0.79,0.17,Resistência Forte,0,0
2019-11-11,11.18,14.17,16.03,17.52,19.02,21.15,23.87,27.32,31.71,0.79,0.79,0.21,Resistência Forte,0,1
2019-11-12,11.18,14.17,16.03,17.52,19.02,21.15,23.87,27.32,31.71,0.76,0.62,0.03,Resistência,0,0
2019-11-13,11.18,14.17,16.03,17.52,19.02,21.15,23.87,27.32,31.71,0.75,0.62,0.04,Resistência,0,0
2019-11-14,11.18,14.17,16.03,17.52,19.02,21.15,23.87,27.32,31.71,0.75,0.62,0.04,Resistência,0,0
2019-11-15,11.18,14.17,16.03,17.52,19.02,21.15,23.87,27.32,31.71,0.75,0.62,0.04,Resistência,0,0
2019-11-18,11.18,14.17,16.03,17.52,19.02,21.15,23.87,27.32,31.71,0.77,0.62,0.02,Resistência,0,0
2019-11-19,11.18,14.17,16.03,17.52,19.02,21.15,23.87,27.32,31.71,0.80,0.79,0.20,Resistência Forte,0,1
2019-11-20,11.18,14.17,16.03,17.52,19.02,21.15,23.87,27.32,31.71,0.82,0.79,0.18,Resistência Forte,0,0
2019-11-21,13.59,16.02,17.52,18.73,19.94,21.67,23.87,26.67,30.22,0.80,0.79,0.20,Resistência Forte,0,1
2019-11-22,13.72,16.12,17.60,18.80,19.99,21.70,23.87,26.63,30.14,0.81,0.79,0.19,Resistência Forte,0,0
2019-11-25,14.50,16.71,18.08,19.19,20.29,21.86,23.87,26.42,29.66,0.93,0.79,0.07,Resistência Forte,0,0
2019-11-26,15.55,17.51,18.73,19.71,20.69,22.09,23.87,26.13,29.01,0.86,0.79,0.14,Resistência Forte,0,0
2019-11-27,16.07,17.91,19.05,19.97,20.89,22.20,23.87,25.99,28.69,0.82,0.79,0.18,Resistência Forte,0,0
2019-11-29,16.38,18.15,19.24,20.12,21.01,22.27,23.87,25.91,28.50,0.84,0.79,0.16,Resistência Forte,0,0
2019-12-02,17.00,18.62,19.62,20.44,21.25,22.40,23.87,25.74,28.12,0.81,0.79,0.19,Resistência Forte,0,1
2019-12-03,17.57,19.06,19.98,20.72,21.46,22.52,23.87,25.58,27.76,0.71,0.62,0.08,Resistência,0,0
2019-12-04,17.57,19.06,19.98,20.72,21.46,22.52,23.87,25.58,27.76,0.81,0.79,0.19,Resistência Forte,0,1
2019-12-05,17.57,19.06,19.98,20.72,21.46,22.52,23.87,25.58,27.76,0.73,0.62,0.06,Resistência,0,0
2019-12-06,17.57,19.06,19.98,20.72,21.46,22.52,23.87,25.58,27.76,0.73,0.62,0.06,Resistência,0,0
2019-12-09,17.57,19.06,19.98,20.72,21.46,22.52,23.87,25.58,27.76,0.82,0.79,0.18,Resistência Forte,0,1
2019-12-10,17.57,19.06,19.98,20.72,21.46,22.52,23.87,25.58,27.76,0.92,0.79,0.08,Resistência Forte,0,0
2019-12-11,17.57,19.06,19.98,20.72,21.46,22.52,23.87,25.58,27.76,0.97,0.79,0.03,Resistência Forte,0,1
2019-12-12,17.76,19.55,20.66,21.56,22.46,23.73,25.36,27.43,30.06,0.94,0.79,0.06,Resistência Forte,0,0
2019-12-13,17.18,19.65,21.17,22.40,23.64,25.39,27.63,30.47,34.09,0.02,0.00,0.22,Suporte Forte,0,0
2019-12-16,16.16,18.87,20.54,21.90,23.25,25.18,27.63,30.75,34.72,0.06,0.00,0.18,Suporte Forte,0,0
2019-12-17,16.16,18.87,20.54,21.90,23.25,25.18,27.63,30.75,34.72,0.28,0.24,0.10,Suporte,0,0
2019-12-18,16.16,18.87,20.54,21.90,23.25,25.18,27.63,30.75,34.72,0.26,0.24,0.12,Suporte,0,0
2019-12-19,16.16,18.87,20.54,21.90,23.25,25.18,27.63,30.75,34.72,0.26,0.24,0.12,Suporte,0,0
2019-12-20,16.16,18.87,20.54,21.90,23.25,25.18,27.63,30.75,34.72,0.24,0.24,0.14,Suporte,0,0
2019-12-23,16.16,18.87,20.54,21.90,23.25,25.18,27.63,30.75,34.72,0.27,0.24,0.11,Suporte,0,0
2019-12-24,16.16,18.87,20.54,21.90,23.25,25.18,27.63,30.75,34.72,0.23,0.00,0.01,Suporte Forte,0,0
2019-12-26,16.16,18.87,20.54,21.90,23.25,25.18,27.63,30.75,34.72,0.19,0.00,0.05,Suporte Forte,0,0
2019-12-27,16.16,18.87,20.54,21.90,23.25,25.18,27.63,30.75,34.72,0.13,0.00,0.11,Suporte Forte,0,0
2019-12-30,16.16,18.87,20.54,21.90,23.25,25.18,27.63,30.75,34.72,0.10,0.00,0.14,Suporte Forte,0,0
2019-12-31,16.16,18.87,20.54,21.90,23.25,25.18,27.63,30.75,34.72,0.10,0.00,0.14,Suporte Forte,0,0
2020-01-02,16.16,18.87,20.54,21.90,23.25,25.18,27.63,30.75,34.72,0.11,0.00,0.13,Suporte Forte,0,0
2020-01-03,16.16,18.87,20.54,21.90,23.25,25.18,27.63,30.75,34.72,0.10,0.00,0.14,Suporte Forte,0,0
2020-01-06,16.16,18.87,20.54,21.90,23.25,25.18,27.63,30.75,34.72,0.08,0.00,0.16,Suporte Forte,0,0
2020-01-07,16.16,18.87,20.54,21.90,23.25,25.18,27.63,30.75,34.72,0.04,0.00,0.20,Suporte Forte,0,0
2020-01-08,16.05,18.78,20.47,21.84,23.21,25.15,27.63,30.78,34.79,0.03,0.00,0.21,Suporte Forte,0,0
2020-01-09,16.05,18.78,20.47,21.84,23.21,25.15,27.63,30.78,34.79,0.02,0.00,0.22,Suporte Forte,0,0
2020-01-10,15.61,18.45,20.20,21.62,23.04,25.06,27.63,30.90,35.06,0.01,0.00,0.23,Suporte Forte,0,0
2020-01-13,15.09,18.05,19.88,21.36,22.84,24.95,27.63,31.04,35.38,0.03,0.00,0.21,Suporte Forte,0,0
2020-01-14,15.09,18.05,19.88,21.36,22.84,24.95,27.63,31.04,35.38,0.07,0.00,0.17,Suporte Forte,0,0
2020-01-15,15.09,18.05,19.88,21.36,22.84,24.95,27.63,31.04,35.38,0.09,0.00,0.15,Suporte Forte,0,0
2020-01-16,15.09,18.05,19.88,21.36,22.84,24.95,27.63,31.04,35.38,0.12,0.00,0.12,Suporte Forte,0,0
2020-01-17,15.09,18.05,19.88,21.36,22.84,24.95,27.63,31.04,35.38,0.16,0.00,0.08,Suporte Forte,0,0
2020-01-21,15.09,18.05,19.88,21.36,22.84,24.95,27.63,31.04,35.38,0.12,0.00,0.12,Suporte Forte,0,0
2020-01-22,15.09,18.05,19.88,21.36,22.84,24.95,27.63,31.04,35.38,0.06,0.00,0.18,Suporte Forte,0,0
2020-01-23,15.09,18.05,19.88,21.36,22.84,24.95,27.63,31.04,35.38,0.02,0.00,0.22,Suporte Forte,0,0
2020-01-24,15.09,18.05,19.88,21.36,22.84,24.95,27.63,31.04,35.38,0.02,0.00,0.22,Suporte Forte,0,0
2020-01-27,14.80,17.83,19.70,21.22,22.73,24.88,27.63,31.12,35.56,0.00,0.00,0.24,Suporte Forte,0,0
2020-01-28,14.73,17.77,19.66,21.18,22.70,24.87,27.63,31.14,35.60,0.04,0.00,0.20,Suporte Forte,0,0
2020-01-29,14.73,17.77,19.66,21.18,22.70,24.87,27.63,31.14,35.60,0.01,0.00,0.23,Suporte Forte,0,0
2020-01-30,14.73,17.77,19.66,21.18,22.70,24.87,27.63,31.14,35.60,0.02,0.00,0.22,Suporte Forte,0,0
2020-01-31,14.71,17.76,19.65,21.17,22.69,24.87,27.63,31.14,35.61,0.00,0.00,0.24,Suporte Forte,0,0
2020-02-03,13.74,17.02,19.05,20.68,22.32,24.66,27.63,31.41,36.21,0.02,0.00,0.22,Suporte Forte,0,0
2020-02-04,13.74,17.02,19.05,20.68,22.32,24.66,27.63,31.41,36.21,0.06,0.00,0.18,Suporte Forte,0,0
2020-02-05,13.74,17.02,19.05,20.68,22.32,24.66,27.63,31.41,36.21,0.05,0.00,0.19,Suporte Forte,0,0
2020-02-06,13.74,17.02,19.05,20.68,22.32,24.66,27.63,31.41,36.21,0.03,0.00,0.21,Suporte Forte,0,0
2020-02-07,13.70,16.99,19.02,20.66,22.31,24.65,27.63,31.42,36.24,0.00,0.00,0.24,Suporte Forte,0,0
2020-02-10,13.58,16.90,18.95,20.60,22.26,24.62,27.63,31.45,36.31,0.04,0.00,0.20,Suporte Forte,0,0
2020-02-11,13.58,16.90,18.95,20.60,22.26,24.62,27.63,31.45,36.31,0.04,0.00,0.20,Suporte Forte,0,0
2020-02-12,13.58,16.90,18.95,20.60,22.26,24.62,27.63,31.45,36.31,0.08,0.00,0.16,Suporte Forte,0,0
2020-02-13,13.58,16.90,18.95,20.60,22.26,24.62,27.63,31.45,36.31,0.08,0.00,0.16,Suporte Forte,0,0
2020-02-14,13.58,16.90,18.95,20.60,22.26,24.62,27.63,31.45,36.31,0.07,0.00,0.17,Suporte Forte,0,0
2020-02-18,13.58,16.90,18.95,20.60,22.26,24.62,27.63,31.45,36.31,0.07,0.00,0.17,Suporte Forte,0,0
2020-02-19,13.58,16.90,18.95,20.60,22.26,24.62,27.63,31.45,36.31,0.08,0.00,0.16,Suporte Forte,0,0
2020-02-20,13.58,16.90,18.95,20.60,22.26,24.62,27.63,31.45,36.31,0.07,0.00,0.17,Suporte Forte,0,0
2020-02-21,13.58,16.90,18.95,20.60,22.26,24.62,27.63,31.45,36.31,0.07,0.00,0.17,Suporte Forte,0,0
2020-02-24,13.40,16.76,18.84,20.52,22.19,24.58,27.63,31.50,36.42,0.02,0.00,0.22,Suporte Forte,0,0
2020-02-25,12.59,16.14,18.34,20.11,21.88,24.41,27.63,31.72,36.92,0.01,0.00,0.23,Suporte Forte,0,0
2020-02-26,10.73,14.72,17.19,19.18,21.17,24.01,27.63,32.23,38.07,0.01,0.00,0.23,Suporte Forte,0,0
2020-02-27,10.19,12.55,14.01,15.20,16.38,18.06,20.20,22.92,26.39,0.01,0.00,0.23,Suporte Forte,0,0
2020-02-28,9.95,12.37,13.87,15.08,16.28,18.01,20.20,22.99,26.53,0.08,0.00,0.16,Suporte Forte,0,0
2020-03-02,9.95,12.37,13.87,15.08,16.28,18.01,20.20,22.99,26.53,0.09,0.00,0.15,Suporte Forte,0,0
2020-03-03,9.66,12.03,13.50,14.69,15.88,17.57,19.72,22.46,25.94,0.00,0.00,0.24,Suporte Forte,0,0
2020-03-04,9.62,12.00,13.48,14.67,15.86,17.56,19.72,22.47,25.96,0.07,0.00,0.17,Suporte Forte,0,0
2020-03-05,9.22,11.70,13.23,14.47,15.71,17.47,19.72,22.58,26.21,0.02,0.00,0.22,Suporte Forte,0,0
2020-03-06,8.88,11.34,12.86,14.09,15.32,17.07,19.30,22.13,25.74,0.02,0.00,0.22,Suporte Forte,0,0
2020-03-09,7.23,10.08,11.84,13.26,14.69,16.72,19.30,22.58,26.76,0.01,0.00,0.23,Suporte Forte,0,0
2020-03-10,7.23,9.83,11.44,12.74,14.03,15.88,18.24,21.23,25.04,0.07,0.00,0.17,Suporte Forte,0,0
2020-03-11,6.86,9.48,11.10,12.40,13.71,15.58,17.95,20.97,24.80,0.00,0.00,0.24,Suporte Forte,0,0
2020-03-12,3.82,7.06,9.06,10.68,12.31,14.61,17.55,21.28,26.04,0.07,0.00,0.17,Suporte Forte,0,0
2020-03-13,3.82,7.06,9.06,10.68,12.31,14.61,17.55,21.28,26.04,0.15,0.00,0.09,Suporte Forte,0,0
2020-03-16,3.82,7.06,9.06,10.68,12.31,14.61,17.55,21.28,26.04,0.08,0.00,0.16,Suporte Forte,0,0
2020-03-17,3.82,7.05,9.04,10.66,12.27,14.56,17.49,21.21,25.94,0.08,0.00,0.16,Suporte Forte,0,0
2020-03-18,3.65,6.85,8.84,10.44,12.04,14.32,17.23,20.92,25.62,0.01,0.00,0.23,Suporte Forte,0,0
2020-03-19,3.25,6.55,8.59,10.24,11.89,14.24,17.23,21.03,25.87,0.08,0.00,0.16,Suporte Forte,0,0
2020-03-20,3.25,6.55,8.59,10.24,11.89,14.24,17.23,21.03,25.87,0.04,0.00,0.20,Suporte Forte,0,0
2020-03-23,3.25,6.55,8.59,10.24,11.89,14.24,17.23,21.03,25.87,0.04,0.00,0.20,Suporte Forte,0,0
2020-03-24,3.25,6.55,8.59,10.24,11.89,14.24,17.23,21.03,25.87,0.10,0.00,0.14,Suporte Forte,0,0
2020-03-25,3.25,6.55,8.59,10.24,11.89,14.24,17.23,21.03,25.87,0.10,0.00,0.14,Suporte Forte,0,0
2020-03-26,3.25,6.55,8.59,10.24,11.89,14.24,17.23,21.03,25.87,0.11,0.00,0.13,Suporte Forte,0,0
2020-03-27,3.25,6.55,8.59,10.24,11.89,14.24,17.23,21.03,25.87,0.06,0.00,0.18,Suporte Forte,0,0
2020-03-30,3.25,6.55,8.59,10.24,11.89,14.24,17.23,21.03,25.87,0.05,0.00,0.19,Suporte Forte,0,0
2020-03-31,3.25,6.54,8.58,10.23,11.88,14.22,17.21,21.01,25.84,0.05,0.00,0.19,Suporte Forte,0,0
2020-04-01,3.25,6.43,8.40,9.98,11.57,13.84,16.72,20.38,25.04,0.02,0.00,0.22,Suporte Forte,0,0
2020-04-02,3.25,6.24,8.08,9.57,11.07,13.19,15.90,19.34,23.72,0.01,0.00,0.23,Suporte Forte,0,0
2020-04-03,3.16,6.13,7.97,9.46,10.94,13.06,15.75,19.17,23.53,0.02,0.00,0.22,Suporte Forte,0,0
2020-04-06,3.16,6.03,7.81,9.25,10.69,12.73,15.34,18.65,22.87,0.10,0.00,0.14,Suporte Forte,0,0
2020-04-07,3.16,6.02,7.78,9.21,10.64,12.67,15.26,18.55,22.74,0.09,0.00,0.15,Suporte Forte,0,0
2020-04-08,3.16,6.00,7.76,9.18,10.59,12.62,15.19,18.46,22.62,0.15,0.00,0.09,Suporte Forte,0,0
2020-04-09,3.16,6.00,7.76,9.18,10.59,12.62,15.19,18.46,22.62,0.20,0.00,0.04,Suporte Forte,0,0
2020-04-13,3.16,5.98,7.72,9.14,10.55,12.55,15.11,18.36,22.50,0.20,0.00,0.04,Suporte Forte,0,0
2020-04-14,3.16,5.93,7.64,9.02,10.41,12.38,14.89,18.08,22.14,0.24,0.24,0.14,Suporte,0,0
2020-04-15,3.16,5.93,7.64,9.02,10.41,12.38,14.89,18.08,22.14,0.19,0.00,0.05,Suporte Forte,0,0
2020-04-16,3.16,5.93,7.64,9.02,10.41,12.38,14.89,18.08,22.14,0.12,0.00,0.12,Suporte Forte,0,0
2020-04-17,3.16,5.93,7.64,9.02,10.41,12.38,14.89,18.08,22.14,0.17,0.00,0.07,Suporte Forte,0,0
2020-04-20,3.16,5.93,7.64,9.02,10.41,12.38,14.89,18.08,22.14,0.16,0.00,0.08,Suporte Forte,0,0
2020-04-21,3.16,5.93,7.64,9.02,10.41,12.38,14.89,18.08,22.14,0.16,0.00,0.08,Suporte Forte,0,0
2020-04-22,3.16,5.93,7.64,9.02,10.41,12.38,14.89,18.08,22.14,0.16,0.00,0.08,Suporte Forte,0,0
2020-04-23,3.16,5.93,7.64,9.02,10.41,12.38,14.89,18.08,22.14,0.16,0.00,0.08,Suporte Forte,0,0
2020-04-24,3.16,5.93,7.64,9.02,10.41,12.38,14.89,18.08,22.14,0.17,0.00,0.07,Suporte Forte,0,0
2020-04-27,3.16,5.93,7.64,9.02,10.41,12.38,14.89,18.08,22.14,0.21,0.00,0.03,Suporte Forte,0,0
2020-04-28,3.16,5.93,7.64,9.02,10.41,12.38,14.89,18.08,22.14,0.25,0.24,0.13,Suporte,0,0
2020-04-29,3.16,5.93,7.64,9.02,10.41,12.38,14.89,18.08,22.14,0.26,0.24,0.12,Suporte,0,0
2020-04-30,3.16,5.93,7.64,9.02,10.41,12.38,14.89,18.08,22.14,0.24,0.24,0.14,Suporte,0,0
2020-05-01,3.16,5.90,7.60,8.96,10.33,12.29,14.77,17.93,21.94,0.19,0.00,0.05,Suporte Forte,0,0
2020-05-04,3.16,5.74,7.33,8.62,9.91,11.74,14.08,17.05,20.83,0.20,0.00,0.04,Suporte Forte,0,0
2020-05-05,3.16,5.67,7.22,8.47,9.72,11.51,13.78,16.67,20.34,0.23,0.00,0.01,Suporte Forte,0,0
2020-05-06,3.16,5.50,6.95,8.12,9.28,10.95,13.07,15.77,19.19,0.22,0.00,0.02,Suporte Forte,0,0
2020-05-07,3.16,5.13,6.35,7.34,8.32,9.72,11.51,13.78,16.67,0.26,0.24,0.12,Suporte,0,0
2020-05-08,3.16,5.13,6.35,7.34,8.32,9.72,11.51,13.78,16.67,0.26,0.24,0.12,Suporte,0,0
2020-05-11,3.16,5.13,6.35,7.34,8.32,9.72,11.51,13.78,16.67,0.27,0.24,0.11,Suporte,0,0
2020-05-12,3.16,5.13,6.35,7.34,8.32,9.72,11.51,13.78,16.67,0.17,0.00,0.07,Suporte Forte,0,0
2020-05-13,3.16,4.89,5.96,6.83,7.70,8.93,10.50,12.50,15.04,0.29,0.24,0.09,Suporte,0,0
2020-05-14,3.16,4.86,5.91,6.76,7.60,8.81,10.35,12.31,14.79,0.38,0.24,0.00,Suporte,1,0
2020-05-15,3.16,4.67,5.61,6.36,7.12,8.20,9.57,11.31,13.53,0.37,0.24,0.01,Suporte,0,0
2020-05-18,3.16,4.44,5.23,5.86,6.50,7.41,8.57,10.04,11.91,0.48,0.38,0.02,Zona de Consolidação,0,0
2020-05-19,3.16,4.34,5.06,5.65,6.24,7.07,8.14,9.49,11.22,0.46,0.38,0.04,Zona de Consolidação,0,0
2020-05-20,3.16,4.28,4.97,5.52,6.08,6.88,7.89,9.18,10.81,0.53,0.50,0.09,Zona de Consolidação,0,0
2020-05-21,3.16,3.96,4.45,4.86,5.26,5.82,6.55,7.47,8.65,0.71,0.62,0.08,Resistência,0,0
2020-05-22,3.16,3.96,4.45,4.86,5.26,5.82,6.55,7.47,8.65,0.76,0.62,0.03,Resistência,0,0
2020-05-26,3.16,3.96,4.45,4.86,5.26,5.82,6.55,7.47,8.65,0.92,0.79,0.08,Resistência Forte,0,0
2020-05-27,3.16,3.96,4.45,4.86,5.26,5.82,6.55,7.47,8.65,0.87,0.79,0.13,Resistência Forte,0,0
2020-05-28,3.16,3.96,4.45,4.86,5.26,5.82,6.55,7.47,8.65,0.88,0.79,0.12,Resistência Forte,0,0
2020-05-29,3.16,3.96,4.45,4.86,5.26,5.82,6.55,7.47,8.65,0.91,0.79,0.09,Resistência Forte,0,0
2020-06-01,3.16,3.96,4.45,4.86,5.26,5.82,6.55,7.47,8.65,0.84,0.79,0.16,Resistência Forte,0,0
2020-06-02,3.16,3.96,4.45,4.86,5.26,5.82,6.55,7.47,8.65,0.83,0.79,0.17,Resistência Forte,0,0
2020-06-03,3.16,3.96,4.45,4.86,5.26,5.82,6.55,7.47,8.65,0.91,0.79,0.09,Resistência Forte,0,0
2020-06-04,3.16,3.96,4.45,4.86,5.26,5.82,6.55,7.47,8.65,0.94,0.79,0.06,Resistência Forte,0,0
2020-06-05,3.16,4.18,4.81,5.32,5.83,6.56,7.48,8.66,10.15,0.90,0.79,0.10,Resistência Forte,0,0
2020-06-08,3.16,4.34,5.06,5.65,6.24,7.07,8.14,9.49,11.22,0.89,0.79,0.11,Resistência Forte,0,0
2020-06-09,3.16,4.34,5.06,5.65,6.24,7.07,8.14,9.49,11.22,0.79,0.79,0.21,Resistência Forte,0,1
2020-06-10,3.16,4.34,5.06,5.65,6.24,7.07,8.14,9.49,11.22,0.72,0.62,0.07,Resistência,0,0
2020-06-11,3.16,4.34,5.06,5.65,6.24,7.07,8.14,9.49,11.22,0.65,0.62,0.14,Resistência,0,0
2020-06-12,3.16,4.34,5.06,5.65,6.24,7.07,8.14,9.49,11.22,0.66,0.62,0.13,Resistência,0,0
2020-06-15,3.16,4.34,5.06,5.65,6.24,7.07,8.14,9.49,11.22,0.63,0.62,0.16,Resistência,0,0
2020-06-16,3.50,4.60,5.27,5.82,6.37,7.15,8.14,9.40,11.01,0.59,0.50,0.03,Zona de Consolidação,0,0
2020-06-17,4.20,5.13,5.71,6.17,6.63,7.30,8.14,9.21,10.57,0.29,0.24,0.09,Suporte,0,0
2020-06-18,4.28,5.19,5.75,6.21,6.67,7.31,8.14,9.19,10.53,0.31,0.24,0.07,Suporte,0,0
2020-06-19,4.52,5.37,5.90,6.33,6.76,7.37,8.14,9.12,10.38,0.16,0.00,0.08,Suporte Forte,0,0
2020-06-22,4.52,5.37,5.90,6.33,6.76,7.37,8.14,9.12,10.38,0.23,0.00,0.01,Suporte Forte,0,0
2020-06-23,4.52,5.37,5.90,6.33,6.76,7.37,8.14,9.12,10.38,0.17,0.00,0.07,Suporte Forte,0,0
2020-06-24,4.52,5.37,5.90,6.33,6.76,7.37,8.14,9.12,10.38,0.22,0.00,0.02,Suporte Forte,0,0
2020-06-25,4.52,5.37,5.90,6.33,6.76,7.37,8.14,9.12,10.38,0.25,0.24,0.13,Suporte,0,0
2020-06-26,4.52,5.37,5.90,6.33,6.76,7.37,8.14,9.12,10.38,0.21,0.00,0.03,Suporte Forte,0,0
2020-06-29,4.52,5.37,5.90,6.33,6.76,7.37,8.14,9.12,10.38,0.27,0.24,0.11,Suporte,0,0
2020-06-30,4.52,5.37,5.90,6.33,6.76,7.37,8.14,9.12,10.38,0.28,0.24,0.10,Suporte,0,0
2020-07-01,4.52,5.37,5.90,6.33,6.76,7.37,8.14,9.12,10.38,0.23,0.00,0.01,Suporte Forte,0,0
2020-07-02,4.52,5.37,5.90,6.33,6.76,7.37,8.14,9.12,10.38,0.23,0.00,0.01,Suporte Forte,0,0
2020-07-06,4.52,5.37,5.90,6.33,6.76,7.37,8.14,9.12,10.38,0.23,0.00,0.01,Suporte Forte,0,0
2020-07-07,4.52,5.37,5.90,6.33,6.76,7.37,8.14,9.12,10.38,0.16,0.00,0.08,Suporte Forte,0,0
2020-07-08,4.52,5.37,5.90,6.33,6.76,7.37,8.14,9.12,10.38,0.15,0.00,0.09,Suporte Forte,0,0
2020-07-09,4.52,5.37,5.90,6.33,6.76,7.37,8.14,9.12,10.38,0.14,0.00,0.10,Suporte Forte,0,0
2020-07-10,4.52,5.37,5.90,6.33,6.76,7.37,8.14,9.12,10.38,0.17,0.00,0.07,Suporte Forte,0,0
2020-07-13,4.52,5.37,5.90,6.33,6.76,7.37,8.14,9.12,10.38,0.17,0.00,0.07,Suporte Forte,0,0
2020-07-14,4.52,5.37,5.90,6.33,6.76,7.37,8.14,9.12,10.38,0.15,0.00,0.09,Suporte Forte,0,0
2020-07-15,4.52,5.37,5.90,6.33,6.76,7.37,8.14,9.12,10.38,0.25,0.24,0.13,Suporte,0,0
2020-07-16,4.52,5.37,5.90,6.33,6.76,7.37,8.14,9.12,10.38,0.25,0.24,0.13,Suporte,0,0
2020-07-17,4.52,5.37,5.90,6.33,6.76,7.37,8.14,9.12,10.38,0.17,0.00,0.07,Suporte Forte,0,0
2020-07-20,4.52,5.37,5.90,6.33,6.76,7.37,8.14,9.12,10.38,0.17,0.00,0.07,Suporte Forte,0,0
2020-07-21,4.52,5.37,5.90,6.33,6.76,7.37,8.14,9.12,10.38,0.18,0.00,0.06,Suporte Forte,0,0
2020-07-22,4.52,5.37,5.90,6.33,6.76,7.37,8.14,9.12,10.38,0.17,0.00,0.07,Suporte Forte,0,0
2020-07-23,4.61,5.44,5.96,6.38,6.79,7.38,8.14,9.10,10.32,0.15,0.00,0.09,Suporte Forte,0,0
2020-07-24,4.85,5.63,6.11,6.50,6.88,7.44,8.14,9.03,10.17,0.06,0.00,0.18,Suporte Forte,0,0
2020-07-27,4.77,5.57,6.06,6.46,6.85,7.42,8.14,9.06,10.22,0.03,0.00,0.21,Suporte Forte,0,0
2020-07-28,4.77,5.57,6.06,6.46,6.85,7.42,8.14,9.06,10.22,0.05,0.00,0.19,Suporte Forte,0,0
2020-07-29,4.77,5.57,6.06,6.46,6.85,7.42,8.14,9.06,10.22,0.05,0.00,0.19,Suporte Forte,0,0
2020-07-30,4.60,5.44,5.95,6.37,6.79,7.38,8.14,9.10,10.33,0.00,0.00,0.24,Suporte Forte,0,0
2020-07-31,4.51,5.37,5.90,6.32,6.75,7.36,8.14,9.13,10.38,0.02,0.00,0.22,Suporte Forte,0,0
2020-08-03,4.30,5.21,5.77,6.22,6.67,7.32,8.14,9.18,10.51,0.00,0.00,0.24,Suporte Forte,0,0
2020-08-04,4.30,5.21,5.77,6.22,6.67,7.32,8.14,9.18,10.51,0.21,0.00,0.03,Suporte Forte,0,0
2020-08-05,4.30,5.21,5.77,6.22,6.67,7.32,8.14,9.18,10.51,0.27,0.24,0.11,Suporte,0,0
2020-08-06,4.30,5.21,5.77,6.22,6.67,7.32,8.14,9.18,10.51,0.21,0.00,0.03,Suporte Forte,0,0
2020-08-07,4.30,5.21,5.77,6.22,6.67,7.32,8.14,9.18,10.51,0.25,0.24,0.13,Suporte,0,0
2020-08-10,4.30,5.21,5.77,6.22,6.67,7.32,8.14,9.18,10.51,0.26,0.24,0.12,Suporte,0,0
2020-08-11,4.30,5.21,5.77,6.22,6.67,7.32,8.14,9.18,10.51,0.22,0.00,0.02,Suporte Forte,0,0
2020-08-12,4.30,5.21,5.77,6.22,6.67,7.32,8.14,9.18,10.51,0.23,0.00,0.01,Suporte Forte,0,0
2020-08-13,4.30,5.21,5.77,6.22,6.67,7.32,8.14,9.18,10.51,0.18,0.00,0.06,Suporte Forte,0,0
2020-08-14,4.30,5.21,5.77,6.22,6.67,7.32,8.14,9.18,10.51,0.20,0.00,0.04,Suporte Forte,0,0
2020-08-17,4.30,5.21,5.77,6.22,6.67,7.32,8.14,9.18,10.51,0.19,0.00,0.05,Suporte Forte,0,0
2020-08-18,4.30,5.04,5.50,5.86,6.23,6.76,7.43,8.28,9.36,0.24,0.24,0.14,Suporte,0,0
2020-08-19,4.30,4.95,5.35,5.68,6.00,6.46,7.05,7.80,8.75,0.24,0.24,0.14,Suporte,0,0
2020-08-20,4.30,4.88,5.24,5.54,5.83,6.24,6.77,7.44,8.30,0.30,0.24,0.08,Suporte,0,0
2020-08-21,4.30,4.88,5.24,5.54,5.83,6.24,6.77,7.44,8.30,0.30,0.24,0.08,Suporte,0,0
2020-08-24,4.30,4.88,5.24,5.54,5.83,6.24,6.77,7.44,8.30,0.30,0.24,0.08,Suporte,0,0
2020-08-25,4.30,4.88,5.24,5.54,5.83,6.24,6.77,7.44,8.30,0.29,0.24,0.09,Suporte,0,0
2020-08-26,4.30,4.72,4.97,5.18,5.39,5.68,6.06,6.54,7.15,0.40,0.38,0.10,Zona de Consolidação,1,0
2020-08-27,4.30,4.69,4.93,5.12,5.32,5.60,5.95,6.40,6.97,0.42,0.38,0.08,Zona de Consolidação,0,0
2020-08-28,4.30,4.69,4.93,5.12,5.32,5.60,5.95,6.40,6.97,0.44,0.38,0.06,Zona de Consolidação,0,0
2020-08-31,4.30,4.69,4.93,5.12,5.32,5.60,5.95,6.40,6.97,0.44,0.38,0.06,Zona de Consolidação,0,0
2020-09-01,4.30,4.69,4.93,5.12,5.32,5.60,5.95,6.40,6.97,0.47,0.38,0.03,Zona de Consolidação,0,0
2020-09-02,4.30,4.69,4.93,5.12,5.32,5.60,5.95,6.40,6.97,0.68,0.62,0.11,Resistência,0,0
2020-09-03,4.30,4.69,4.93,5.12,5.32,5.60,5.95,6.40,6.97,0.59,0.50,0.03,Zona de Consolidação,1,0
2020-09-04,4.30,4.69,4.93,5.12,5.32,5.60,5.95,6.40,6.97,0.61,0.50,0.01,Zona de Consolidação,1,0
2020-09-08,4.30,4.69,4.93,5.12,5.32,5.60,5.95,6.40,6.97,0.59,0.50,0.03,Zona de Consolidação,1,0
2020-09-09,4.30,4.66,4.89,5.07,5.25,5.51,5.84,6.26,6.79,0.65,0.62,0.14,Resistência,1,0
2020-09-10,4.30,4.66,4.89,5.07,5.25,5.51,5.84,6.26,6.79,0.71,0.62,0.08,Resistência,0,0
2020-09-11,4.30,4.66,4.88,5.06,5.25,5.50,5.83,6.25,6.78,0.64,0.62,0.15,Resistência,1,0
2020-09-14,4.30,4.68,4.91,5.10,5.29,5.56,5.90,6.34,6.89,0.91,0.79,0.09,Resistência Forte,0,0
2020-09-15,4.30,4.68,4.91,5.10,5.29,5.56,5.90,6.34,6.89,0.84,0.79,0.16,Resistência Forte,0,0
2020-09-16,4.30,4.69,4.94,5.14,5.33,5.61,5.97,6.42,7.00,0.89,0.79,0.11,Resistência Forte,0,0
2020-09-17,4.30,4.85,5.19,5.47,5.75,6.14,6.64,7.28,8.09,0.91,0.79,0.09,Resistência Forte,0,0
2020-09-18,4.30,4.85,5.19,5.47,5.75,6.14,6.64,7.28,8.09,0.61,0.50,0.01,Zona de Consolidação,1,0
2020-09-21,4.30,4.85,5.19,5.47,5.75,6.14,6.64,7.28,8.09,0.44,0.38,0.06,Zona de Consolidação,0,0
2020-09-22,4.30,4.85,5.19,5.47,5.75,6.14,6.64,7.28,8.09,0.44,0.38,0.06,Zona de Consolidação,0,0
2020-09-23,4.30,4.85,5.19,5.47,5.75,6.14,6.64,7.28,8.09,0.44,0.38,0.06,Zona de Consolidação,0,0
2020-09-24,4.30,4.85,5.19,5.47,5.75,6.14,6.64,7.28,8.09,0.37,0.24,0.01,Suporte,1,0
2020-09-25,4.30,4.85,5.19,5.47,5.75,6.14,6.64,7.28,8.09,0.54,0.50,0.08,Zona de Consolidação,0,0
2020-09-28,4.30,4.85,5.19,5.47,5.75,6.14,6.64,7.28,8.09,0.56,0.50,0.06,Zona de Consolidação,0,0
2020-09-29,4.30,4.85,5.19,5.47,5.75,6.14,6.64,7.28,8.09,0.50,0.50,0.12,Zona de Consolidação,0,0
2020-09-30,4.30,4.85,5.19,5.47,5.75,6.14,6.64,7.28,8.09,0.47,0.38,0.03,Zona de Consolidação,0,0
2020-10-01,4.30,4.85,5.19,5.47,5.75,6.14,6.64,7.28,8.09,0.71,0.62,0.08,Resistência,0,0
2020-10-02,4.30,4.85,5.19,5.47,5.75,6.14,6.64,7.28,8.09,0.55,0.50,0.07,Zona de Consolidação,0,0
2020-10-05,4.30,4.85,5.19,5.47,5.75,6.14,6.64,7.28,8.09,0.58,0.50,0.04,Zona de Consolidação,0,0
2020-10-06,4.30,4.85,5.19,5.47,5.75,6.14,6.64,7.28,8.09,0.56,0.50,0.06,Zona de Consolidação,0,0
2020-10-07,4.30,4.85,5.19,5.47,5.75,6.14,6.64,7.28,8.09,0.50,0.50,0.12,Zona de Consolidação,0,0
2020-10-08,4.30,4.85,5.19,5.47,5.75,6.14,6.64,7.28,8.09,0.56,0.50,0.06,Zona de Consolidação,0,0
2020-10-09,4.30,4.85,5.19,5.47,5.75,6.14,6.64,7.28,8.09,0.47,0.38,0.03,Zona de Consolidação,0,0
2020-10-12,4.30,4.85,5.19,5.47,5.75,6.14,6.64,7.28,8.09,0.44,0.38,0.06,Zona de Consolidação,0,0
2020-10-13,4.44,4.96,5.28,5.54,5.80,6.17,6.64,7.24,8.00,0.38,0.24,0.00,Suporte,1,0
2020-10-14,4.69,5.15,5.43,5.66,5.90,6.22,6.64,7.17,7.85,0.19,0.00,0.05,Suporte Forte,0,0
2020-10-15,4.69,5.15,5.43,5.66,5.90,6.22,6.64,7.17,7.85,0.26,0.24,0.12,Suporte,0,0
2020-10-16,4.69,5.15,5.43,5.66,5.90,6.22,6.64,7.17,7.85,0.25,0.24,0.13,Suporte,0,0
2020-10-19,4.69,5.15,5.43,5.66,5.90,6.22,6.64,7.17,7.85,0.13,0.00,0.11,Suporte Forte,0,0
2020-10-20,4.69,5.15,5.43,5.66,5.90,6.22,6.64,7.17,7.85,0.09,0.00,0.15,Suporte Forte,0,0
2020-10-21,4.51,5.01,5.32,5.57,5.83,6.18,6.64,7.22,7.96,0.14,0.00,0.10,Suporte Forte,0,0
2020-10-22,4.51,5.01,5.32,5.57,5.83,6.18,6.64,7.22,7.96,0.13,0.00,0.11,Suporte Forte,0,0
2020-10-23,4.51,5.01,5.32,5.57,5.83,6.18,6.64,7.22,7.96,0.10,0.00,0.14,Suporte Forte,0,0
2020-10-26,4.38,4.91,5.24,5.51,5.78,6.16,6.64,7.25,8.04,0.05,0.00,0.19,Suporte Forte,0,0
2020-10-27,4.38,4.91,5.24,5.51,5.78,6.16,6.64,7.25,8.04,0.07,0.00,0.17,Suporte Forte,0,0
2020-10-28,4.23,4.80,5.15,5.44,5.72,6.12,6.64,7.30,8.13,0.04,0.00,0.20,Suporte Forte,0,0
2020-10-29,4.20,4.78,5.13,5.42,5.71,6.12,6.64,7.30,8.15,0.01,0.00,0.23,Suporte Forte,0,0
2020-10-30,3.97,4.60,4.99,5.30,5.62,6.07,6.64,7.37,8.29,0.01,0.00,0.23,Suporte Forte,0,0
2020-11-02,3.92,4.56,4.96,5.28,5.60,6.06,6.64,7.38,8.32,0.01,0.00,0.23,Suporte Forte,0,0
2020-11-03,3.92,4.56,4.96,5.28,5.60,6.06,6.64,7.38,8.32,0.03,0.00,0.21,Suporte Forte,0,0
2020-11-04,3.88,4.53,4.93,5.26,5.59,6.05,6.64,7.39,8.35,0.03,0.00,0.21,Suporte Forte,0,0
2020-11-05,3.88,4.53,4.93,5.26,5.59,6.05,6.64,7.39,8.35,0.19,0.00,0.05,Suporte Forte,0,0
2020-11-06,3.88,4.53,4.93,5.26,5.59,6.05,6.64,7.39,8.35,0.13,0.00,0.11,Suporte Forte,0,0
2020-11-09,3.88,4.53,4.93,5.26,5.59,6.05,6.64,7.39,8.35,0.14,0.00,0.10,Suporte Forte,0,0
2020-11-10,3.88,4.53,4.93,5.26,5.59,6.05,6.64,7.39,8.35,0.11,0.00,0.13,Suporte Forte,0,0
2020-11-11,3.88,4.53,4.93,5.26,5.59,6.05,6.64,7.39,8.35,0.13,0.00,0.11,Suporte Forte,0,0
2020-11-12,3.88,4.53,4.93,5.26,5.59,6.05,6.64,7.39,8.35,0.11,0.00,0.13,Suporte Forte,0,0
2020-11-13,3.88,4.53,4.93,5.26,5.59,6.05,6.64,7.39,8.35,0.14,0.00,0.10,Suporte Forte,0,0
2020-11-16,3.88,4.53,4.93,5.26,5.59,6.05,6.64,7.39,8.35,0.28,0.24,0.10,Suporte,0,0
2020-11-17,3.88,4.53,4.93,5.26,5.59,6.05,6.64,7.39,8.35,0.29,0.24,0.09,Suporte,0,0
2020-11-18,3.88,4.53,4.93,5.26,5.59,6.05,6.64,7.39,8.35,0.31,0.24,0.07,Suporte,0,0
2020-11-19,3.88,4.53,4.93,5.26,5.59,6.05,6.64,7.39,8.35,0.41,0.38,0.09,Zona de Consolidação,0,0
2020-11-20,3.88,4.53,4.93,5.26,5.59,6.05,6.64,7.39,8.35,0.57,0.50,0.05,Zona de Consolidação,0,0
2020-11-23,3.88,4.53,4.93,5.26,5.59,6.05,6.64,7.39,8.35,0.71,0.62,0.08,Resistência,0,0
2020-11-24,3.88,4.53,4.93,5.26,5.59,6.05,6.64,7.39,8.35,0.62,0.62,0.17,Resistência,1,0
2020-11-25,3.88,4.53,4.93,5.26,5.59,6.05,6.64,7.39,8.35,0.75,0.62,0.04,Resistência,0,0
2020-11-27,3.88,4.49,4.87,5.18,5.49,5.92,6.48,7.19,8.09,0.53,0.50,0.09,Zona de Consolidação,0,0
2020-11-30,3.88,4.43,4.76,5.04,5.31,5.70,6.19,6.82,7.62,0.55,0.50,0.07,Zona de Consolidação,0,0
2020-12-01,3.88,4.43,4.76,5.04,5.31,5.70,6.19,6.82,7.62,0.71,0.62,0.08,Resistência,0,0
2020-12-02,3.88,4.43,4.76,5.04,5.31,5.70,6.19,6.82,7.62,0.67,0.62,0.12,Resistência,0,0
2020-12-03,3.88,4.85,5.45,5.93,6.41,7.10,7.98,9.10,10.51,0.46,0.38,0.04,Zona de Consolidação,0,0
2020-12-04,3.88,4.85,5.45,5.93,6.41,7.10,7.98,9.10,10.51,0.69,0.62,0.10,Resistência,0,0
2020-12-07,3.88,4.85,5.45,5.93,6.41,7.10,7.98,9.10,10.51,0.63,0.62,0.16,Resistência,1,0
2020-12-08,3.88,4.85,5.45,5.93,6.41,7.10,7.98,9.10,10.51,0.53,0.50,0.09,Zona de Consolidação,0,0
2020-12-09,3.88,4.85,5.45,5.93,6.41,7.10,7.98,9.10,10.51,0.60,0.50,0.02,Zona de Consolidação,1,0
2020-12-10,3.88,4.85,5.45,5.93,6.41,7.10,7.98,9.10,10.51,0.60,0.50,0.02,Zona de Consolidação,1,0
2020-12-11,3.88,4.85,5.45,5.93,6.41,7.10,7.98,9.10,10.51,0.52,0.50,0.10,Zona de Consolidação,0,0
2020-12-14,3.88,4.85,5.45,5.93,6.41,7.10,7.98,9.10,10.51,0.76,0.62,0.03,Resistência,0,0
2020-12-15,3.88,4.85,5.45,5.93,6.41,7.10,7.98,9.10,10.51,0.56,0.50,0.06,Zona de Consolidação,0,0
2020-12-16,3.88,4.85,5.45,5.93,6.41,7.10,7.98,9.10,10.51,0.58,0.50,0.04,Zona de Consolidação,0,0
2020-12-17,3.88,4.85,5.45,5.93,6.41,7.10,7.98,9.10,10.51,0.62,0.62,0.17,Resistência,1,0
2020-12-18,3.88,4.85,5.45,5.93,6.41,7.10,7.98,9.10,10.51,0.61,0.50,0.01,Zona de Consolidação,1,0
2020-12-21,3.88,4.85,5.45,5.93,6.41,7.10,7.98,9.10,10.51,0.65,0.62,0.14,Resistência,0,0
2020-12-22,3.88,4.85,5.45,5.93,6.41,7.10,7.98,9.10,10.51,0.48,0.38,0.02,Zona de Consolidação,0,0
2020-12-23,3.88,4.85,5.45,5.93,6.41,7.10,7.98,9.10,10.51,0.50,0.50,0.12,Zona de Consolidação,0,0
2020-12-24,3.88,4.85,5.45,5.93,6.41,7.10,7.98,9.10,10.51,0.34,0.24,0.04,Suporte,0,0
2020-12-28,3.88,4.85,5.45,5.93,6.41,7.10,7.98,9.10,10.51,0.40,0.38,0.10,Zona de Consolidação,0,0
2020-12-29,3.88,4.85,5.45,5.93,6.41,7.10,7.98,9.10,10.51,0.39,0.38,0.11,Zona de Consolidação,1,0
2020-12-30,3.88,4.85,5.45,5.93,6.41,7.10,7.98,9.10,10.51,0.48,0.38,0.02,Zona de Consolidação,0,0
2020-12-31,3.88,4.85,5.45,5.93,6.41,7.10,7.98,9.10,10.51,0.60,0.50,0.02,Zona de Consolidação,1,0
2021-01-04,3.88,4.85,5.45,5.93,6.41,7.10,7.98,9.10,10.51,0.65,0.62,0.14,Resistência,0,0
2021-01-05,3.88,4.85,5.45,5.93,6.41,7.10,7.98,9.10,10.51,0.58,0.50,0.04,Zona de Consolidação,0,0
2021-01-06,3.88,4.85,5.45,5.93,6.41,7.10,7.98,9.10,10.51,0.73,0.62,0.06,Resistência,0,0
2021-01-07,3.88,4.85,5.45,5.93,6.41,7.10,7.98,9.10,10.51,0.79,0.79,0.21,Resistência Forte,0,1
2021-01-08,3.88,4.85,5.45,5.93,6.41,7.10,7.98,9.10,10.51,0.82,0.79,0.18,Resistência Forte,0,0
2021-01-11,3.88,4.85,5.45,5.93,6.41,7.10,7.98,9.10,10.51,1.00,1.00,0.27,Resistência Forte,0,1
2021-01-12,3.88,5.09,5.84,6.44,7.04,7.90,9.00,10.39,12.16,0.93,0.79,0.07,Resistência Forte,0,0
2021-01-13,3.88,5.09,5.84,6.44,7.04,7.90,9.00,10.39,12.16,0.94,0.79,0.06,Resistência Forte,0,0
2021-01-14,3.88,5.15,5.93,6.56,7.20,8.10,9.25,10.71,12.57,1.00,1.00,0.27,Resistência Forte,0,1
2021-01-15,3.88,5.16,5.95,6.59,7.23,8.14,9.30,10.77,12.65,1.00,1.00,0.27,Resistência Forte,0,1
2021-01-19,3.99,5.24,6.02,6.64,7.27,8.16,9.30,10.74,12.58,0.97,0.79,0.03,Resistência Forte,0,0
2021-01-20,4.14,5.36,6.12,6.73,7.34,8.21,9.32,10.73,12.52,0.93,0.79,0.07,Resistência Forte,0,0
2021-01-21,4.14,5.36,6.12,6.73,7.34,8.21,9.32,10.73,12.52,0.91,0.79,0.09,Resistência Forte,0,0
2021-01-22,4.14,5.36,6.12,6.73,7.34,8.21,9.32,10.73,12.52,0.90,0.79,0.10,Resistência Forte,0,0
2021-01-25,4.17,5.39,6.14,6.74,7.35,8.22,9.32,10.72,12.50,0.87,0.79,0.13,Resistência Forte,0,0
2021-01-26,4.17,5.39,6.14,6.74,7.35,8.22,9.32,10.72,12.50,0.91,0.79,0.09,Resistência Forte,0,0
2021-01-27,4.17,5.39,6.14,6.74,7.35,8.22,9.32,10.72,12.50,0.73,0.62,0.06,Resistência,0,0
2021-01-28,4.40,5.56,6.28,6.86,7.44,8.27,9.32,10.66,12.36,0.70,0.62,0.09,Resistência,0,0
2021-01-29,4.63,5.74,6.42,6.98,7.53,8.32,9.32,10.60,12.22,0.76,0.62,0.03,Resistência,0,0
2021-02-01,4.74,5.82,6.49,7.03,7.57,8.34,9.32,10.57,12.15,0.74,0.62,0.05,Resistência,0,0
2021-02-02,4.74,5.82,6.49,7.03,7.57,8.34,9.32,10.57,12.15,0.75,0.62,0.04,Resistência,0,0
2021-02-03,5.04,6.05,6.67,7.18,7.69,8.40,9.32,10.48,11.97,0.69,0.62,0.10,Resistência,0,0
2021-02-04,5.10,6.10,6.71,7.21,7.71,8.42,9.32,10.47,11.93,0.85,0.79,0.15,Resistência Forte,0,0
2021-02-05,5.10,6.10,6.71,7.21,7.71,8.42,9.32,10.47,11.93,0.88,0.79,0.12,Resistência Forte,0,0
2021-02-08,5.10,6.10,6.71,7.21,7.71,8.42,9.32,10.47,11.93,0.78,0.62,0.01,Resistência,0,1
2021-02-09,5.10,6.10,6.71,7.21,7.71,8.42,9.32,10.47,11.93,0.63,0.62,0.16,Resistência,1,0
2021-02-10,5.10,6.10,6.71,7.21,7.71,8.42,9.32,10.47,11.93,0.84,0.79,0.16,Resistência Forte,0,0
2021-02-11,5.13,6.12,6.73,7.22,7.72,8.42,9.32,10.46,11.91,0.79,0.79,0.21,Resistência Forte,0,1
2021-02-12,5.13,6.12,6.73,7.22,7.72,8.42,9.32,10.46,11.91,0.82,0.79,0.18,Resistência Forte,0,0
2021-02-16,5.13,6.12,6.73,7.22,7.72,8.42,9.32,10.46,11.91,0.71,0.62,0.08,Resistência,0,0
2021-02-17,5.25,6.21,6.80,7.28,7.77,8.45,9.32,10.43,11.84,0.74,0.62,0.05,Resistência,0,0
2021-02-18,5.25,6.21,6.80,7.28,7.77,8.45,9.32,10.43,11.84,0.74,0.62,0.05,Resistência,0,0
2021-02-19,5.25,6.21,6.80,7.28,7.77,8.45,9.32,10.43,11.84,0.72,0.62,0.07,Resistência,0,0
2021-02-22,5.25,6.21,6.80,7.28,7.77,8.45,9.32,10.43,11.84,0.78,0.62,0.01,Resistência,0,1
2021-02-23,5.25,6.21,6.80,7.28,7.77,8.45,9.32,10.43,11.84,0.75,0.62,0.04,Resistência,0,0
2021-02-24,5.25,6.21,6.80,7.28,7.77,8.45,9.32,10.43,11.84,0.90,0.79,0.10,Resistência Forte,0,0
2021-02-25,5.25,6.21,6.80,7.28,7.77,8.45,9.32,10.43,11.84,0.87,0.79,0.13,Resistência Forte,0,0
2021-02-26,5.25,6.21,6.80,7.28,7.77,8.45,9.32,10.43,11.84,0.82,0.79,0.18,Resistência Forte,0,0
2021-03-01,5.25,6.21,6.80,7.28,7.77,8.45,9.32,10.43,11.84,0.84,0.79,0.16,Resistência Forte,0,0
2021-03-02,5.25,6.21,6.80,7.28,7.77,8.45,9.32,10.43,11.84,0.94,0.79,0.06,Resistência Forte,0,0
2021-03-03,5.25,6.21,6.80,7.28,7.77,8.45,9.32,10.43,11.84,0.81,0.79,0.19,Resistência Forte,0,0
2021-03-04,5.25,6.21,6.80,7.28,7.77,8.45,9.32,10.43,11.84,0.73,0.62,0.06,Resistência,0,0
2021-03-05,5.25,6.21,6.80,7.28,7.77,8.45,9.32,10.43,11.84,0.72,0.62,0.07,Resistência,0,0
2021-03-08,5.25,6.21,6.80,7.28,7.77,8.45,9.32,10.43,11.84,0.77,0.62,0.02,Resistência,0,1
2021-03-09,5.25,6.26,6.88,7.38,7.89,8.61,9.52,10.68,12.16,0.96,0.79,0.04,Resistência Forte,0,0
2021-03-10,5.30,6.36,7.02,7.55,8.08,8.84,9.80,11.02,12.58,0.94,0.79,0.06,Resistência Forte,0,0
2021-03-11,5.33,6.41,7.08,7.62,8.15,8.92,9.90,11.14,12.72,0.99,0.79,0.01,Resistência Forte,0,1
2021-03-12,5.45,6.52,7.19,7.72,8.26,9.03,10.00,11.24,12.81,1.00,1.00,0.27,Resistência Forte,0,1
2021-03-15,5.57,6.78,7.53,8.14,8.74,9.60,10.70,12.10,13.87,1.00,1.00,0.27,Resistência Forte,0,1
2021-03-16,5.90,7.05,7.76,8.34,8.91,9.73,10.77,12.09,13.78,0.93,0.79,0.07,Resistência Forte,0,0
2021-03-17,6.10,7.20,7.88,8.43,8.99,9.77,10.77,12.04,13.66,0.91,0.79,0.09,Resistência Forte,0,0
2021-03-18,6.10,7.26,7.97,8.55,9.13,9.95,11.00,12.33,14.03,0.94,0.79,0.06,Resistência Forte,0,0
2021-03-19,6.55,7.60,8.25,8.78,9.30,10.05,11.00,12.21,13.75,0.98,0.79,0.02,Resistência Forte,0,1
2021-03-22,6.55,7.84,8.63,9.28,9.92,10.83,12.00,13.48,15.37,0.98,0.79,0.02,Resistência Forte,0,1
2021-03-23,7.16,8.30,9.01,9.58,10.15,10.96,12.00,13.32,14.99,0.80,0.79,0.20,Resistência Forte,0,1
2021-03-24,7.51,8.57,9.23,9.75,10.28,11.04,12.00,13.22,14.77,0.71,0.62,0.08,Resistência,0,0
2021-03-25,7.51,8.57,9.23,9.75,10.28,11.04,12.00,13.22,14.77,0.78,0.62,0.01,Resistência,0,1
2021-03-26,7.51,8.57,9.23,9.75,10.28,11.04,12.00,13.22,14.77,0.89,0.79,0.11,Resistência Forte,0,0
2021-03-29,7.51,8.57,9.23,9.75,10.28,11.04,12.00,13.22,14.77,0.85,0.79,0.15,Resistência Forte,0,0
2021-03-30,7.51,8.57,9.23,9.75,10.28,11.04,12.00,13.22,14.77,0.78,0.62,0.01,Resistência,0,1
2021-03-31,7.51,8.57,9.23,9.75,10.28,11.04,12.00,13.22,14.77,0.83,0.79,0.17,Resistência Forte,0,0
2021-04-01,7.51,8.57,9.23,9.75,10.28,11.04,12.00,13.22,14.77,0.80,0.79,0.20,Resistência Forte,0,1
2021-04-05,7.51,8.57,9.23,9.75,10.28,11.04,12.00,13.22,14.77,0.89,0.79,0.11,Resistência Forte,0,0
2021-04-06,7.51,8.57,9.23,9.75,10.28,11.04,12.00,13.22,14.77,0.91,0.79,0.09,Resistência Forte,0,0
2021-04-07,7.51,8.57,9.23,9.75,10.28,11.04,12.00,13.22,14.77,0.91,0.79,0.09,Resistência Forte,0,0
2021-04-08,7.51,8.57,9.23,9.75,10.28,11.04,12.00,13.22,14.77,0.89,0.79,0.11,Resistência Forte,0,0
2021-04-09,7.51,8.57,9.23,9.75,10.28,11.04,12.00,13.22,14.77,0.91,0.79,0.09,Resistência Forte,0,0
2021-04-12,7.51,8.57,9.23,9.75,10.28,11.04,12.00,13.22,14.77,0.82,0.79,0.18,Resistência Forte,0,0
2021-04-13,7.51,8.57,9.23,9.75,10.28,11.04,12.00,13.22,14.77,0.85,0.79,0.15,Resistência Forte,0,0
2021-04-14,7.51,8.57,9.23,9.75,10.28,11.04,12.00,13.22,14.77,0.85,0.79,0.15,Resistência Forte,0,0
2021-04-15,7.51,8.57,9.23,9.75,10.28,11.04,12.00,13.22,14.77,0.84,0.79,0.16,Resistência Forte,0,0
2021-04-16,7.51,8.57,9.23,9.75,10.28,11.04,12.00,13.22,14.77,0.81,0.79,0.19,Resistência Forte,0,1
2021-04-19,7.51,8.57,9.23,9.75,10.28,11.04,12.00,13.22,14.77,0.82,0.79,0.18,Resistência Forte,0,0
2021-04-20,7.51,8.57,9.23,9.75,10.28,11.04,12.00,13.22,14.77,0.82,0.79,0.18,Resistência Forte,0,0
2021-04-21,7.51,8.57,9.23,9.75,10.28,11.04,12.00,13.22,14.77,0.89,0.79,0.11,Resistência Forte,0,0
2021-04-22,7.57,8.62,9.26,9.78,10.31,11.05,12.00,13.20,14.74,0.88,0.79,0.12,Resistência Forte,0,0
2021-04-23,7.57,8.62,9.26,9.78,10.31,11.05,12.00,13.20,14.74,0.91,0.79,0.09,Resistência Forte,0,0
2021-04-26,7.57,8.62,9.26,9.78,10.31,11.05,12.00,13.20,14.74,0.91,0.79,0.09,Resistência Forte,0,0
2021-04-27,7.57,8.62,9.26,9.78,10.31,11.05,12.00,13.20,14.74,0.92,0.79,0.08,Resistência Forte,0,0
2021-04-28,7.57,8.62,9.26,9.78,10.31,11.05,12.00,13.20,14.74,0.93,0.79,0.07,Resistência Forte,0,0
2021-04-29,7.57,8.62,9.26,9.78,10.31,11.05,12.00,13.20,14.74,0.93,0.79,0.07,Resistência Forte,0,0
2021-04-30,7.57,8.62,9.26,9.78,10.31,11.05,12.00,13.20,14.74,0.84,0.79,0.16,Resistência Forte,0,0
2021-05-03,7.57,8.62,9.26,9.78,10.31,11.05,12.00,13.20,14.74,0.93,0.79,0.07,Resistência Forte,0,0
2021-05-04,7.57,8.62,9.26,9.78,10.31,11.05,12.00,13.20,14.74,0.99,0.79,0.01,Resistência Forte,0,1
2021-05-05,7.57,8.62,9.26,9.78,10.31,11.05,12.00,13.20,14.74,0.98,0.79,0.02,Resistência Forte,0,1
2021-05-06,7.57,8.62,9.26,9.78,10.31,11.05,12.00,13.20,14.74,1.00,1.00,0.27,Resistência Forte,0,1
2021-05-07,7.57,8.72,9.43,10.01,10.59,11.41,12.45,13.78,15.47,0.91,0.79,0.09,Resistência Forte,0,0
2021-05-10,7.57,8.72,9.43,10.01,10.59,11.41,12.45,13.78,15.47,0.88,0.79,0.12,Resistência Forte,0,0
2021-05-11,7.57,8.72,9.43,10.01,10.59,11.41,12.45,13.78,15.47,0.89,0.79,0.11,Resistência Forte,0,0
2021-05-12,7.57,8.72,9.43,10.01,10.59,11.41,12.45,13.78,15.47,0.71,0.62,0.08,Resistência,0,0
2021-05-13,7.57,8.72,9.43,10.01,10.59,11.41,12.45,13.78,15.47,0.71,0.62,0.08,Resistência,0,0
2021-05-14,7.57,8.72,9.43,10.01,10.59,11.41,12.45,13.78,15.47,0.75,0.62,0.04,Resistência,0,0
2021-05-17,7.91,8.98,9.64,10.18,10.72,11.48,12.45,13.68,15.26,0.73,0.62,0.06,Resistência,0,0
2021-05-18,8.72,9.60,10.14,10.58,11.03,11.65,12.45,13.46,14.76,0.66,0.62,0.13,Resistência,0,0
2021-05-19,9.40,10.12,10.57,10.92,11.28,11.80,12.45,13.28,14.33,0.60,0.50,0.02,Zona de Consolidação,1,0
2021-05-20,9.53,10.22,10.65,10.99,11.33,11.83,12.45,13.24,14.25,0.57,0.50,0.05,Zona de Consolidação,0,0
2021-05-21,9.64,10.30,10.71,11.04,11.38,11.85,12.45,13.21,14.19,0.56,0.50,0.06,Zona de Consolidação,0,0
2021-05-24,9.95,10.54,10.90,11.20,11.50,11.92,12.45,13.13,14.00,0.40,0.38,0.10,Zona de Consolidação,1,0
2021-05-25,10.04,10.61,10.96,11.24,11.53,11.93,12.45,13.11,13.94,0.37,0.24,0.01,Suporte,1,0
2021-05-26,10.12,10.67,11.01,11.28,11.56,11.95,12.45,13.08,13.89,0.41,0.38,0.09,Zona de Consolidação,1,0
2021-05-27,10.22,10.75,11.07,11.34,11.60,11.97,12.45,13.06,13.83,0.48,0.38,0.02,Zona de Consolidação,0,0
2021-05-28,10.22,10.75,11.07,11.34,11.60,11.97,12.45,13.06,13.83,0.58,0.50,0.04,Zona de Consolidação,1,0
2021-06-01,10.22,10.75,11.07,11.34,11.60,11.97,12.45,13.06,13.83,0.52,0.50,0.10,Zona de Consolidação,0,0
2021-06-02,10.22,10.75,11.07,11.34,11.60,11.97,12.45,13.06,13.83,0.62,0.62,0.17,Resistência,1,0
2021-06-03,10.22,10.75,11.07,11.34,11.60,11.97,12.45,13.06,13.83,0.65,0.62,0.14,Resistência,1,0
2021-06-04,10.22,10.75,11.07,11.34,11.60,11.97,12.45,13.06,13.83,0.70,0.62,0.09,Resistência,0,0
2021-06-07,10.33,10.83,11.14,11.39,11.64,12.00,12.45,13.03,13.76,0.91,0.79,0.09,Resistência Forte,0,0
2021-06-08,10.70,11.11,11.37,11.58,11.78,12.08,12.45,12.93,13.53,0.86,0.79,0.14,Resistência Forte,0,0
2021-06-09,10.70,11.29,11.66,11.96,12.26,12.68,13.22,13.91,14.78,0.93,0.79,0.07,Resistência Forte,0,0
2021-06-10,10.70,11.36,11.77,12.10,12.44,12.91,13.51,14.27,15.25,0.88,0.79,0.12,Resistência Forte,0,0
2021-06-11,10.70,11.36,11.77,12.10,12.44,12.91,13.51,14.27,15.25,0.46,0.38,0.04,Zona de Consolidação,0,0
2021-06-14,10.70,11.36,11.77,12.10,12.44,12.91,13.51,14.27,15.25,0.07,0.00,0.17,Suporte Forte,0,0
2021-06-15,10.70,11.36,11.77,12.10,12.44,12.91,13.51,14.27,15.25,0.00,0.00,0.24,Suporte Forte,0,0
2021-06-16,10.17,10.96,11.45,11.84,12.23,12.80,13.51,14.42,15.57,0.06,0.00,0.18,Suporte Forte,0,0
2021-06-17,10.17,10.96,11.45,11.84,12.23,12.80,13.51,14.42,15.57,0.13,0.00,0.11,Suporte Forte,0,0
2021-06-18,10.17,10.96,11.45,11.84,12.23,12.80,13.51,14.42,15.57,0.12,0.00,0.12,Suporte Forte,0,0
2021-06-21,10.17,10.96,11.45,11.84,12.23,12.80,13.51,14.42,15.57,0.07,0.00,0.17,Suporte Forte,0,0
2021-06-22,10.17,10.96,11.45,11.84,12.23,12.80,13.51,14.42,15.57,0.06,0.00,0.18,Suporte Forte,0,0
2021-06-23,10.14,10.94,11.43,11.82,12.22,12.79,13.51,14.43,15.59,0.05,0.00,0.19,Suporte Forte,0,0
2021-06-24,10.14,10.94,11.43,11.82,12.22,12.79,13.51,14.43,15.59,0.04,0.00,0.20,Suporte Forte,0,0
2021-06-25,10.14,10.94,11.43,11.82,12.22,12.79,13.51,14.43,15.59,0.13,0.00,0.11,Suporte Forte,0,0
2021-06-28,10.14,10.94,11.43,11.82,12.22,12.79,13.51,14.43,15.59,0.11,0.00,0.13,Suporte Forte,0,0
2021-06-29,10.14,10.94,11.43,11.82,12.22,12.79,13.51,14.43,15.59,0.06,0.00,0.18,Suporte Forte,0,0
2021-06-30,10.10,10.90,11.40,11.80,12.21,12.78,13.51,14.44,15.62,0.00,0.00,0.24,Suporte Forte,0,0
2021-07-01,10.00,10.83,11.34,11.76,12.17,12.76,13.51,14.46,15.68,0.00,0.00,0.24,Suporte Forte,0,0
2021-07-02,10.00,10.83,11.34,11.76,12.17,12.76,13.51,14.46,15.68,0.06,0.00,0.18,Suporte Forte,0,0
2021-07-06,10.00,10.83,11.34,11.76,12.17,12.76,13.51,14.46,15.68,0.00,0.00,0.24,Suporte Forte,0,0
2021-07-07,9.85,10.71,11.25,11.68,12.11,12.73,13.51,14.51,15.77,0.00,0.00,0.24,Suporte Forte,0,0
2021-07-08,9.45,10.41,11.00,11.48,11.96,12.64,13.51,14.61,16.02,0.08,0.00,0.16,Suporte Forte,0,0
2021-07-09,9.45,10.41,11.00,11.48,11.96,12.64,13.51,14.61,16.02,0.07,0.00,0.17,Suporte Forte,0,0
2021-07-12,9.45,10.41,11.00,11.48,11.96,12.64,13.51,14.61,16.02,0.08,0.00,0.16,Suporte Forte,0,0
2021-07-13,9.33,10.32,10.93,11.42,11.91,12.62,13.51,14.65,16.09,0.00,0.00,0.24,Suporte Forte,0,0
2021-07-14,9.33,10.32,10.93,11.42,11.91,12.62,13.51,14.65,16.09,0.01,0.00,0.23,Suporte Forte,0,0
2021-07-15,9.22,10.23,10.86,11.36,11.87,12.59,13.51,14.68,16.16,0.02,0.00,0.22,Suporte Forte,0,0
2021-07-16,8.86,9.96,10.64,11.18,11.73,12.51,13.51,14.77,16.38,0.01,0.00,0.23,Suporte Forte,0,0
2021-07-19,8.15,9.41,10.20,10.83,11.46,12.36,13.51,14.97,16.82,0.06,0.00,0.18,Suporte Forte,0,0
2021-07-20,8.15,9.41,10.20,10.83,11.46,12.36,13.51,14.97,16.82,0.09,0.00,0.15,Suporte Forte,0,0
2021-07-21,8.15,9.41,10.20,10.83,11.46,12.36,13.51,14.97,16.82,0.16,0.00,0.08,Suporte Forte,0,0
2021-07-22,8.15,9.41,10.20,10.83,11.46,12.36,13.51,14.97,16.82,0.16,0.00,0.08,Suporte Forte,0,0
2021-07-23,8.15,9.41,10.20,10.83,11.46,12.36,13.51,14.97,16.82,0.06,0.00,0.18,Suporte Forte,0,0
2021-07-26,8.15,9.41,10.20,10.83,11.46,12.36,13.51,14.97,16.82,0.06,0.00,0.18,Suporte Forte,0,0
2021-07-27,7.99,9.29,10.10,10.75,11.40,12.33,13.51,15.01,16.92,0.00,0.00,0.24,Suporte Forte,0,0
2021-07-28,7.99,9.29,10.10,10.75,11.40,12.33,13.51,15.01,16.92,0.04,0.00,0.20,Suporte Forte,0,0
2021-07-29,7.99,9.29,10.10,10.75,11.40,12.33,13.51,15.01,16.92,0.02,0.00,0.22,Suporte Forte,0,0
2021-07-30,7.90,9.22,10.04,10.70,11.37,12.31,13.51,15.04,16.98,0.01,0.00,0.23,Suporte Forte,0,0
2021-08-02,7.80,9.15,9.98,10.66,11.33,12.29,13.51,15.06,17.04,0.02,0.00,0.22,Suporte Forte,0,0
2021-08-03,7.14,8.64,9.57,10.32,11.08,12.15,13.51,15.24,17.45,0.11,0.00,0.13,Suporte Forte,0,0
2021-08-04,7.14,8.64,9.57,10.32,11.08,12.15,13.51,15.24,17.45,0.09,0.00,0.15,Suporte Forte,0,0
2021-08-05,7.14,8.64,9.57,10.32,11.08,12.15,13.51,15.24,17.45,0.02,0.00,0.22,Suporte Forte,0,0
2021-08-06,7.14,8.64,9.57,10.32,11.08,12.15,13.51,15.24,17.45,0.04,0.00,0.20,Suporte Forte,0,0
2021-08-09,7.14,8.64,9.57,10.32,11.08,12.15,13.51,15.24,17.45,0.07,0.00,0.17,Suporte Forte,0,0
2021-08-10,7.14,8.64,9.57,10.32,11.08,12.15,13.51,15.24,17.45,0.08,0.00,0.16,Suporte Forte,0,0
2021-08-11,7.14,8.64,9.57,10.32,11.08,12.15,13.51,15.24,17.45,0.08,0.00,0.16,Suporte Forte,0,0
2021-08-12,7.14,8.64,9.57,10.32,11.08,12.15,13.51,15.24,17.45,0.06,0.00,0.18,Suporte Forte,0,0
2021-08-13,7.14,8.64,9.57,10.32,11.08,12.15,13.51,15.24,17.45,0.05,0.00,0.19,Suporte Forte,0,0
2021-08-16,7.14,8.64,9.57,10.32,11.08,12.15,13.51,15.24,17.45,0.02,0.00,0.22,Suporte Forte,0,0
2021-08-17,6.82,8.40,9.38,10.16,10.95,12.08,13.51,15.33,17.64,0.14,0.00,0.10,Suporte Forte,0,0
2021-08-18,6.82,8.40,9.38,10.16,10.95,12.08,13.51,15.33,17.64,0.16,0.00,0.08,Suporte Forte,0,0
2021-08-19,6.82,8.40,9.38,10.16,10.95,12.08,13.51,15.33,17.64,0.13,0.00,0.11,Suporte Forte,0,0
2021-08-20,6.82,8.31,9.23,9.98,10.73,11.79,13.14,14.86,17.05,0.17,0.00,0.07,Suporte Forte,0,0
2021-08-23,6.82,8.22,9.09,9.79,10.49,11.49,12.76,14.38,16.43,0.10,0.00,0.14,Suporte Forte,0,0
2021-08-24,6.82,7.81,8.42,8.91,9.40,10.11,11.00,12.14,13.58,0.11,0.00,0.13,Suporte Forte,0,0
2021-08-25,6.82,7.75,8.32,8.78,9.24,9.90,10.74,11.81,13.16,0.10,0.00,0.14,Suporte Forte,0,0
2021-08-26,6.82,7.75,8.32,8.78,9.24,9.90,10.74,11.81,13.16,0.10,0.00,0.14,Suporte Forte,0,0
2021-08-27,6.82,7.75,8.32,8.78,9.24,9.90,10.74,11.81,13.16,0.08,0.00,0.16,Suporte Forte,0,0
2021-08-30,6.82,7.75,8.32,8.78,9.24,9.90,10.74,11.81,13.16,0.05,0.00,0.19,Suporte Forte,0,0
2021-08-31,6.77,7.68,8.24,8.70,9.16,9.80,10.63,11.68,13.02,0.00,0.00,0.24,Suporte Forte,0,0
2021-09-01,6.77,7.68,8.24,8.70,9.16,9.80,10.63,11.68,13.02,0.02,0.00,0.22,Suporte Forte,0,0
2021-09-02,6.33,7.34,7.97,8.48,8.99,9.71,10.63,11.80,13.29,0.08,0.00,0.16,Suporte Forte,0,0
2021-09-03,6.33,7.34,7.97,8.48,8.99,9.71,10.63,11.80,13.29,0.16,0.00,0.08,Suporte Forte,0,0
2021-09-07,6.33,7.34,7.97,8.48,8.99,9.71,10.63,11.80,13.29,0.12,0.00,0.12,Suporte Forte,0,0
2021-09-08,6.33,7.33,7.95,8.46,8.96,9.67,10.58,11.74,13.21,0.05,0.00,0.19,Suporte Forte,0,0
2021-09-09,6.33,7.31,7.92,8.41,8.91,9.61,10.50,11.63,13.08,0.09,0.00,0.15,Suporte Forte,0,0
2021-09-10,6.33,7.31,7.92,8.41,8.91,9.61,10.50,11.63,13.08,0.34,0.24,0.04,Suporte,0,0
2021-09-13,6.33,7.31,7.92,8.41,8.91,9.61,10.50,11.63,13.08,0.29,0.24,0.09,Suporte,0,0
2021-09-14,6.33,7.28,7.87,8.34,8.82,9.50,10.36,11.46,12.85,0.22,0.00,0.02,Suporte Forte,0,0
2021-09-15,6.33,7.24,7.81,8.26,8.72,9.37,10.20,11.25,12.59,0.43,0.38,0.07,Zona de Consolidação,0,0
2021-09-16,6.33,7.19,7.72,8.15,8.58,9.19,9.97,10.96,12.22,0.26,0.24,0.12,Suporte,0,0
2021-09-17,6.33,7.19,7.72,8.15,8.58,9.19,9.97,10.96,12.22,0.38,0.24,0.00,Suporte,1,0
2021-09-20,6.33,7.19,7.72,8.15,8.58,9.19,9.97,10.96,12.22,0.41,0.38,0.09,Zona de Consolidação,0,0
2021-09-21,6.33,7.11,7.59,7.98,8.37,8.92,9.63,10.53,11.67,0.46,0.38,0.04,Zona de Consolidação,0,0
2021-09-22,6.33,7.09,7.55,7.93,8.31,8.85,9.53,10.40,11.51,0.62,0.62,0.17,Resistência,1,0
2021-09-23,6.33,7.08,7.54,7.91,8.28,8.81,9.49,10.35,11.44,0.70,0.62,0.09,Resistência,0,0
2021-09-24,6.33,7.04,7.48,7.84,8.20,8.70,9.35,10.17,11.22,0.78,0.62,0.01,Resistência,0,1
2021-09-27,6.33,7.03,7.47,7.82,8.17,8.67,9.31,10.12,11.15,0.76,0.62,0.03,Resistência,0,1
2021-09-28,6.33,6.97,7.37,7.68,8.00,8.46,9.04,9.78,10.71,0.82,0.79,0.18,Resistência Forte,0,0
2021-09-29,6.33,6.97,7.37,7.68,8.00,8.46,9.04,9.78,10.71,0.87,0.79,0.13,Resistência Forte,0,0
2021-09-30,6.33,6.97,7.36,7.68,8.00,8.45,9.03,9.76,10.70,0.71,0.62,0.08,Resistência,0,0
2021-10-01,6.33,6.96,7.34,7.66,7.97,8.41,8.98,9.70,10.62,0.82,0.79,0.18,Resistência Forte,0,0
2021-10-04,6.33,6.94,7.31,7.62,7.92,8.35,8.90,9.60,10.49,0.74,0.62,0.05,Resistência,0,0
2021-10-05,6.33,6.94,7.31,7.62,7.92,8.35,8.90,9.60,10.49,0.76,0.62,0.03,Resistência,0,1
2021-10-06,6.33,6.94,7.31,7.62,7.92,8.35,8.90,9.60,10.49,0.74,0.62,0.05,Resistência,0,0
2021-10-07,6.33,6.94,7.31,7.62,7.92,8.35,8.90,9.60,10.49,0.75,0.62,0.04,Resistência,0,0
2021-10-08,6.33,6.94,7.31,7.62,7.92,8.35,8.90,9.60,10.49,0.84,0.79,0.16,Resistência Forte,0,0
2021-10-11,6.33,6.94,7.31,7.62,7.92,8.35,8.90,9.60,10.49,0.88,0.79,0.12,Resistência Forte,0,0
2021-10-12,6.33,6.94,7.31,7.62,7.92,8.35,8.90,9.60,10.49,0.97,0.79,0.03,Resistência Forte,0,1
2021-10-13,6.33,6.94,7.31,7.62,7.92,8.35,8.90,9.60,10.49,0.94,0.79,0.06,Resistência Forte,0,0
2021-10-14,6.33,6.94,7.31,7.62,7.92,8.35,8.90,9.60,10.49,0.95,0.79,0.05,Resistência Forte,0,0
2021-10-15,6.33,6.94,7.31,7.62,7.92,8.35,8.90,9.60,10.49,0.92,0.79,0.08,Resistência Forte,0,0
2021-10-18,6.33,6.94,7.31,7.62,7.92,8.35,8.90,9.60,10.49,0.93,0.79,0.07,Resistência Forte,0,0
2021-10-19,6.33,6.94,7.31,7.62,7.92,8.35,8.90,9.60,10.49,0.94,0.79,0.06,Resistência Forte,0,0
2021-10-20,6.33,6.94,7.31,7.62,7.92,8.35,8.90,9.60,10.49,0.97,0.79,0.03,Resistência Forte,0,1
2021-10-21,6.33,6.94,7.31,7.62,7.92,8.35,8.90,9.60,10.49,0.88,0.79,0.12,Resistência Forte,0,0
2021-10-22,6.33,6.94,7.31,7.62,7.92,8.35,8.90,9.60,10.49,0.98,0.79,0.02,Resistência Forte,0,1
2021-10-25,6.33,6.94,7.31,7.62,7.92,8.35,8.90,9.60,10.49,0.88,0.79,0.12,Resistência Forte,0,0
2021-10-26,6.33,6.94,7.31,7.62,7.92,8.35,8.90,9.60,10.49,0.99,0.79,0.01,Resistência Forte,0,1
2021-10-27,6.33,6.94,7.31,7.62,7.92,8.35,8.90,9.60,10.49,0.92,0.79,0.08,Resistência Forte,0,0
2021-10-28,6.33,6.94,7.31,7.62,7.92,8.35,8.90,9.60,10.49,0.99,0.79,0.01,Resistência Forte,0,1
2021-10-29,6.33,7.19,7.73,8.16,8.59,9.21,9.99,10.99,12.25,0.91,0.79,0.09,Resistência Forte,0,0
2021-11-01,6.33,7.19,7.73,8.16,8.59,9.21,9.99,10.99,12.25,0.92,0.79,0.08,Resistência Forte,0,0
2021-11-02,6.33,7.19,7.73,8.16,8.59,9.21,9.99,10.99,12.25,0.95,0.79,0.05,Resistência Forte,0,0
2021-11-03,6.33,7.19,7.73,8.16,8.59,9.21,9.99,10.99,12.25,1.00,1.00,0.27,Resistência Forte,0,1
2021-11-04,6.33,7.23,7.79,8.24,8.69,9.33,10.15,11.19,12.51,1.00,1.00,0.27,Resistência Forte,0,1
2021-11-05,6.33,7.29,7.88,8.36,8.85,9.53,10.40,11.51,12.92,1.00,1.00,0.27,Resistência Forte,0,1
2021-11-08,6.33,7.31,7.92,8.41,8.90,9.60,10.49,11.62,13.06,0.93,0.79,0.07,Resistência Forte,0,0
2021-11-09,6.33,7.31,7.92,8.41,8.90,9.60,10.49,11.62,13.06,0.92,0.79,0.08,Resistência Forte,0,0
2021-11-10,6.33,7.31,7.92,8.41,8.90,9.60,10.49,11.62,13.06,0.88,0.79,0.12,Resistência Forte,0,0
2021-11-11,6.33,7.36,8.00,8.52,9.03,9.76,10.70,11.89,13.40,0.96,0.79,0.04,Resistência Forte,0,0
2021-11-12,6.34,7.44,8.12,8.67,9.22,10.00,11.00,12.27,13.88,0.89,0.79,0.11,Resistência Forte,0,0
2021-11-15,6.34,7.44,8.12,8.67,9.22,10.00,11.00,12.27,13.88,0.80,0.79,0.20,Resistência Forte,0,1
2021-11-16,6.34,7.44,8.12,8.67,9.22,10.00,11.00,12.27,13.88,0.88,0.79,0.12,Resistência Forte,0,0
2021-11-17,6.34,7.44,8.12,8.67,9.22,10.00,11.00,12.27,13.88,0.88,0.79,0.12,Resistência Forte,0,0
2021-11-18,6.85,7.83,8.44,8.93,9.41,10.11,11.00,12.13,13.56,0.87,0.79,0.13,Resistência Forte,0,0
2021-11-19,7.00,7.94,8.53,9.00,9.47,10.14,11.00,12.09,13.47,0.80,0.79,0.20,Resistência Forte,0,1
2021-11-22,7.00,7.94,8.53,9.00,9.47,10.14,11.00,12.09,13.47,0.81,0.79,0.19,Resistência Forte,0,1
2021-11-23,7.00,7.94,8.53,9.00,9.47,10.14,11.00,12.09,13.47,0.75,0.62,0.04,Resistência,0,0
2021-11-24,7.19,8.09,8.65,9.10,9.54,10.18,11.00,12.04,13.35,0.74,0.62,0.05,Resistência,0,0
2021-11-26,7.19,8.09,8.65,9.10,9.54,10.18,11.00,12.04,13.35,0.67,0.62,0.12,Resistência,0,0
2021-11-29,7.57,8.38,8.88,9.28,9.69,10.27,11.00,11.93,13.12,0.74,0.62,0.05,Resistência,0,0
2021-11-30,7.72,8.49,8.97,9.36,9.75,10.30,11.00,11.89,13.03,0.73,0.62,0.06,Resistência,0,0
2021-12-01,7.90,8.63,9.08,9.45,9.82,10.34,11.00,11.84,12.92,0.84,0.79,0.16,Resistência Forte,0,0
2021-12-02,8.12,8.80,9.22,9.56,9.90,10.38,11.00,11.78,12.78,0.86,0.79,0.14,Resistência Forte,0,0
2021-12-03,8.12,8.80,9.22,9.56,9.90,10.38,11.00,11.78,12.78,0.71,0.62,0.08,Resistência,0,0
2021-12-06,8.12,8.80,9.22,9.56,9.90,10.38,11.00,11.78,12.78,0.72,0.62,0.07,Resistência,0,0
2021-12-07,8.12,8.80,9.22,9.56,9.90,10.38,11.00,11.78,12.78,0.87,0.79,0.13,Resistência Forte,0,0
2021-12-08,8.12,8.80,9.22,9.56,9.90,10.38,11.00,11.78,12.78,0.91,0.79,0.09,Resistência Forte,0,0
2021-12-09,8.12,8.93,9.44,9.84,10.25,10.83,11.57,12.51,13.70,0.92,0.79,0.08,Resistência Forte,0,0
2021-12-10,8.12,8.93,9.44,9.84,10.25,10.83,11.57,12.51,13.70,0.61,0.50,0.01,Zona de Consolidação,1,0
2021-12-13,8.12,8.93,9.44,9.84,10.25,10.83,11.57,12.51,13.70,0.44,0.38,0.06,Zona de Consolidação,0,0
2021-12-14,8.12,8.93,9.44,9.84,10.25,10.83,11.57,12.51,13.70,0.40,0.38,0.10,Zona de Consolidação,1,0
2021-12-15,8.12,8.93,9.44,9.84,10.25,10.83,11.57,12.51,13.70,0.32,0.24,0.06,Suporte,0,0
2021-12-16,8.12,8.93,9.44,9.84,10.25,10.83,11.57,12.51,13.70,0.31,0.24,0.07,Suporte,0,0
2021-12-17,8.12,8.93,9.44,9.84,10.25,10.83,11.57,12.51,13.70,0.34,0.24,0.04,Suporte,0,0
2021-12-20,8.19,8.99,9.48,9.88,10.28,10.85,11.57,12.49,13.66,0.25,0.24,0.13,Suporte,0,0
2021-12-21,8.19,8.99,9.48,9.88,10.28,10.85,11.57,12.49,13.66,0.23,0.00,0.01,Suporte Forte,0,0
2021-12-22,8.19,8.99,9.48,9.88,10.28,10.85,11.57,12.49,13.66,0.12,0.00,0.12,Suporte Forte,0,0
2021-12-23,7.82,8.70,9.25,9.70,10.14,10.77,11.57,12.59,13.89,0.18,0.00,0.06,Suporte Forte,0,0
2021-12-27,7.82,8.70,9.25,9.70,10.14,10.77,11.57,12.59,13.89,0.11,0.00,0.13,Suporte Forte,0,0
2021-12-28,7.82,8.70,9.25,9.70,10.14,10.77,11.57,12.59,13.89,0.10,0.00,0.14,Suporte Forte,0,0
2021-12-29,7.82,8.70,9.25,9.70,10.14,10.77,11.57,12.59,13.89,0.08,0.00,0.16,Suporte Forte,0,0
2021-12-30,7.73,8.64,9.20,9.65,10.10,10.75,11.57,12.61,13.94,0.00,0.00,0.24,Suporte Forte,0,0
2021-12-31,7.73,8.64,9.20,9.65,10.10,10.75,11.57,12.61,13.94,0.06,0.00,0.18,Suporte Forte,0,0
2022-01-03,7.40,8.38,8.99,9.48,9.98,10.68,11.57,12.70,14.15,0.12,0.00,0.12,Suporte Forte,0,0
2022-01-04,7.40,8.38,8.99,9.48,9.98,10.68,11.57,12.70,14.15,0.11,0.00,0.13,Suporte Forte,0,0
2022-01-05,7.40,8.38,8.99,9.48,9.98,10.68,11.57,12.70,14.15,0.16,0.00,0.08,Suporte Forte,0,0
2022-01-06,7.40,8.38,8.99,9.48,9.98,10.68,11.57,12.70,14.15,0.13,0.00,0.11,Suporte Forte,0,0
2022-01-07,7.40,8.38,8.99,9.48,9.98,10.68,11.57,12.70,14.15,0.18,0.00,0.06,Suporte Forte,0,0
2022-01-10,7.40,8.38,8.99,9.48,9.98,10.68,11.57,12.70,14.15,0.31,0.24,0.07,Suporte,0,0
2022-01-11,7.40,8.38,8.99,9.48,9.98,10.68,11.57,12.70,14.15,0.36,0.24,0.02,Suporte,0,0
2022-01-12,7.40,8.38,8.99,9.48,9.98,10.68,11.57,12.70,14.15,0.38,0.24,0.00,Suporte,1,0
2022-01-13,7.40,8.38,8.99,9.48,9.98,10.68,11.57,12.70,14.15,0.33,0.24,0.05,Suporte,0,0
2022-01-14,7.40,8.38,8.99,9.48,9.98,10.68,11.57,12.70,14.15,0.38,0.24,0.00,Suporte,1,0
2022-01-18,7.40,8.38,8.99,9.48,9.98,10.68,11.57,12.70,14.15,0.42,0.38,0.08,Zona de Consolidação,0,0
2022-01-19,7.40,8.38,8.99,9.48,9.98,10.68,11.57,12.70,14.15,0.35,0.24,0.03,Suporte,0,0
2022-01-20,7.40,8.38,8.99,9.48,9.98,10.68,11.57,12.70,14.15,0.42,0.38,0.08,Zona de Consolidação,0,0
2022-01-21,7.40,8.38,8.99,9.48,9.98,10.68,11.57,12.70,14.15,0.39,0.38,0.11,Zona de Consolidação,1,0
2022-01-24,7.40,8.38,8.99,9.48,9.98,10.68,11.57,12.70,14.15,0.43,0.38,0.07,Zona de Consolidação,0,0
2022-01-25,7.40,8.38,8.99,9.48,9.98,10.68,11.57,12.70,14.15,0.41,0.38,0.09,Zona de Consolidação,0,0
2022-01-26,7.40,8.38,8.99,9.48,9.98,10.68,11.57,12.70,14.15,0.29,0.24,0.09,Suporte,0,0
2022-01-27,7.40,8.38,8.99,9.48,9.98,10.68,11.57,12.70,14.15,0.28,0.24,0.10,Suporte,0,0
2022-01-28,7.40,8.38,8.99,9.48,9.98,10.68,11.57,12.70,14.15,0.26,0.24,0.12,Suporte,0,0
2022-01-31,7.40,8.38,8.99,9.48,9.98,10.68,11.57,12.70,14.15,0.38,0.24,0.00,Suporte,1,0
2022-02-01,7.40,8.38,8.99,9.48,9.98,10.68,11.57,12.70,14.15,0.34,0.24,0.04,Suporte,0,0
2022-02-02,7.40,8.38,8.99,9.48,9.98,10.68,11.57,12.70,14.15,0.40,0.38,0.10,Zona de Consolidação,1,0
2022-02-03,7.40,8.38,8.99,9.48,9.98,10.68,11.57,12.70,14.15,0.41,0.38,0.09,Zona de Consolidação,0,0
2022-02-04,7.40,8.38,8.99,9.48,9.98,10.68,11.57,12.70,14.15,0.41,0.38,0.09,Zona de Consolidação,0,0
2022-02-07,7.40,8.38,8.99,9.48,9.98,10.68,11.57,12.70,14.15,0.36,0.24,0.02,Suporte,0,0
2022-02-08,7.40,8.38,8.99,9.48,9.98,10.68,11.57,12.70,14.15,0.37,0.24,0.01,Suporte,1,0
2022-02-09,7.40,8.38,8.99,9.48,9.98,10.68,11.57,12.70,14.15,0.46,0.38,0.04,Zona de Consolidação,0,0
2022-02-10,7.40,8.38,8.99,9.48,9.98,10.68,11.57,12.70,14.15,0.31,0.24,0.07,Suporte,0,0
2022-02-11,7.40,8.38,8.99,9.48,9.98,10.68,11.57,12.70,14.15,0.26,0.24,0.12,Suporte,0,0
2022-02-14,7.40,8.38,8.99,9.48,9.98,10.68,11.57,12.70,14.15,0.22,0.00,0.02,Suporte Forte,0,0
2022-02-15,7.40,8.38,8.99,9.48,9.98,10.68,11.57,12.70,14.15,0.17,0.00,0.07,Suporte Forte,0,0
2022-02-16,7.40,8.38,8.99,9.48,9.98,10.68,11.57,12.70,14.15,0.09,0.00,0.15,Suporte Forte,0,0
2022-02-17,7.40,8.38,8.99,9.48,9.98,10.68,11.57,12.70,14.15,0.11,0.00,0.13,Suporte Forte,0,0
2022-02-18,7.40,8.38,8.99,9.48,9.98,10.68,11.57,12.70,14.15,0.12,0.00,0.12,Suporte Forte,0,0
2022-02-22,7.40,8.17,8.64,9.02,9.41,9.95,10.65,11.53,12.66,0.22,0.00,0.02,Suporte Forte,0,0
2022-02-23,7.40,8.06,8.47,8.80,9.13,9.60,10.20,10.96,11.93,0.24,0.24,0.14,Suporte,0,0
2022-02-24,7.40,7.98,8.34,8.62,8.91,9.33,9.85,10.52,11.36,0.30,0.24,0.08,Suporte,0,0
2022-02-25,7.40,7.95,8.30,8.57,8.85,9.25,9.75,10.39,11.20,0.31,0.24,0.07,Suporte,0,0
2022-02-28,7.40,7.95,8.30,8.57,8.85,9.25,9.75,10.39,11.20,0.09,0.00,0.15,Suporte Forte,0,0
2022-03-01,7.35,7.92,8.27,8.55,8.83,9.24,9.75,10.40,11.23,0.18,0.00,0.06,Suporte Forte,0,0
2022-03-02,7.35,7.92,8.27,8.55,8.83,9.24,9.75,10.40,11.23,0.33,0.24,0.05,Suporte,0,0
2022-03-03,7.35,7.92,8.27,8.55,8.83,9.24,9.75,10.40,11.23,0.28,0.24,0.10,Suporte,0,0
2022-03-04,7.35,7.92,8.27,8.55,8.83,9.24,9.75,10.40,11.23,0.27,0.24,0.11,Suporte,0,0
2022-03-07,7.21,7.81,8.18,8.48,8.78,9.21,9.75,10.44,11.32,0.00,0.00,0.24,Suporte Forte,0,0
2022-03-08,7.21,7.81,8.18,8.48,8.78,9.21,9.75,10.44,11.32,0.04,0.00,0.20,Suporte Forte,0,0
2022-03-09,7.19,7.79,8.17,8.47,8.77,9.20,9.75,10.45,11.33,0.01,0.00,0.23,Suporte Forte,0,0
2022-03-10,7.15,7.76,8.14,8.45,8.76,9.19,9.75,10.46,11.36,0.06,0.00,0.18,Suporte Forte,0,0
2022-03-11,6.74,7.45,7.89,8.25,8.60,9.11,9.75,10.57,11.61,0.09,0.00,0.15,Suporte Forte,0,0
2022-03-14,6.70,7.42,7.87,8.22,8.58,9.10,9.75,10.58,11.63,0.00,0.00,0.24,Suporte Forte,0,0
2022-03-15,6.70,7.42,7.87,8.22,8.58,9.10,9.75,10.58,11.63,0.02,0.00,0.22,Suporte Forte,0,0
2022-03-16,6.52,7.28,7.75,8.14,8.52,9.06,9.75,10.63,11.75,0.18,0.00,0.06,Suporte Forte,0,0
2022-03-17,6.52,7.28,7.75,8.14,8.52,9.06,9.75,10.63,11.75,0.41,0.38,0.09,Zona de Consolidação,0,0
2022-03-18,6.52,7.28,7.75,8.14,8.52,9.06,9.75,10.63,11.75,0.39,0.38,0.11,Zona de Consolidação,1,0
2022-03-21,6.52,7.28,7.75,8.14,8.52,9.06,9.75,10.63,11.75,0.46,0.38,0.04,Zona de Consolidação,0,0
2022-03-22,6.52,7.28,7.75,8.14,8.52,9.06,9.75,10.63,11.75,0.60,0.50,0.02,Zona de Consolidação,1,0
2022-03-23,6.52,7.28,7.75,8.14,8.52,9.06,9.75,10.63,11.75,0.50,0.50,0.12,Zona de Consolidação,0,0
2022-03-24,6.52,7.28,7.75,8.14,8.52,9.06,9.75,10.63,11.75,0.50,0.50,0.12,Zona de Consolidação,0,0
2022-03-25,6.52,7.28,7.75,8.14,8.52,9.06,9.75,10.63,11.75,0.54,0.50,0.08,Zona de Consolidação,0,0
2022-03-28,6.52,7.28,7.75,8.14,8.52,9.06,9.75,10.63,11.75,0.55,0.50,0.07,Zona de Consolidação,0,0
2022-03-29,6.52,7.28,7.75,8.14,8.52,9.06,9.75,10.63,11.75,0.57,0.50,0.05,Zona de Consolidação,0,0
2022-03-30,6.52,7.28,7.75,8.14,8.52,9.06,9.75,10.63,11.75,0.55,0.50,0.07,Zona de Consolidação,0,0
2022-03-31,6.52,7.28,7.75,8.14,8.52,9.06,9.75,10.63,11.75,0.50,0.50,0.12,Zona de Consolidação,0,0
2022-04-01,6.52,7.28,7.75,8.14,8.52,9.06,9.75,10.63,11.75,0.51,0.50,0.11,Zona de Consolidação,0,0
2022-04-04,6.52,7.28,7.75,8.14,8.52,9.06,9.75,10.63,11.75,0.61,0.50,0.01,Zona de Consolidação,1,0
2022-04-05,6.52,7.28,7.75,8.14,8.52,9.06,9.75,10.63,11.75,0.62,0.62,0.17,Resistência,1,0
2022-04-06,6.52,7.28,7.75,8.14,8.52,9.06,9.75,10.63,11.75,0.61,0.50,0.01,Zona de Consolidação,1,0
2022-04-07,6.52,7.28,7.75,8.14,8.52,9.06,9.75,10.63,11.75,0.52,0.50,0.10,Zona de Consolidação,0,0
2022-04-08,6.52,7.28,7.75,8.14,8.52,9.06,9.75,10.63,11.75,0.69,0.62,0.10,Resistência,0,0
2022-04-11,6.52,7.28,7.75,8.14,8.52,9.06,9.75,10.63,11.75,0.73,0.62,0.06,Resistência,0,0
2022-04-12,6.52,7.28,7.75,8.14,8.52,9.06,9.75,10.63,11.75,0.69,0.62,0.10,Resistência,0,0
2022-04-13,6.52,7.28,7.75,8.14,8.52,9.06,9.75,10.63,11.75,0.73,0.62,0.06,Resistência,0,0
2022-04-14,6.52,7.28,7.75,8.14,8.52,9.06,9.75,10.63,11.75,0.69,0.62,0.10,Resistência,0,0
2022-04-18,6.52,7.28,7.75,8.14,8.52,9.06,9.75,10.63,11.75,0.30,0.24,0.08,Suporte,0,0
2022-04-19,6.52,7.28,7.75,8.14,8.52,9.06,9.75,10.63,11.75,0.39,0.38,0.11,Zona de Consolidação,1,0
2022-04-20,6.52,7.28,7.75,8.14,8.52,9.06,9.75,10.63,11.75,0.40,0.38,0.10,Zona de Consolidação,1,0
2022-04-21,6.52,7.28,7.75,8.14,8.52,9.06,9.75,10.63,11.75,0.43,0.38,0.07,Zona de Consolidação,0,0
2022-04-22,6.52,7.19,7.60,7.94,8.28,8.75,9.36,10.13,11.12,0.45,0.38,0.05,Zona de Consolidação,0,0
2022-04-25,6.52,7.15,7.54,7.85,8.16,8.61,9.18,9.90,10.82,0.67,0.62,0.12,Resistência,0,0
2022-04-26,6.52,7.15,7.54,7.85,8.16,8.61,9.18,9.90,10.82,0.67,0.62,0.12,Resistência,0,0
2022-04-27,6.52,7.15,7.54,7.85,8.16,8.61,9.18,9.90,10.82,0.70,0.62,0.09,Resistência,0,0
2022-04-28,6.52,7.15,7.54,7.85,8.16,8.61,9.18,9.90,10.82,0.83,0.79,0.17,Resistência Forte,0,0
2022-04-29,6.52,7.15,7.54,7.85,8.16,8.61,9.18,9.90,10.82,0.97,0.79,0.03,Resistência Forte,0,1
2022-05-02,6.52,7.22,7.66,8.01,8.36,8.86,9.50,10.31,11.34,0.78,0.62,0.01,Resistência,0,1
2022-05-03,6.52,7.22,7.66,8.01,8.36,8.86,9.50,10.31,11.34,0.79,0.79,0.21,Resistência Forte,0,1
2022-05-04,6.52,7.22,7.66,8.01,8.36,8.86,9.50,10.31,11.34,0.83,0.79,0.17,Resistência Forte,0,0
2022-05-05,6.52,7.22,7.66,8.01,8.36,8.86,9.50,10.31,11.34,0.78,0.62,0.01,Resistência,0,1
2022-05-06,6.52,7.22,7.66,8.01,8.36,8.86,9.50,10.31,11.34,0.70,0.62,0.09,Resistência,0,0
2022-05-09,6.52,7.22,7.66,8.01,8.36,8.86,9.50,10.31,11.34,0.70,0.62,0.09,Resistência,0,0
2022-05-10,6.52,7.22,7.66,8.01,8.36,8.86,9.50,10.31,11.34,0.63,0.62,0.16,Resistência,1,0
2022-05-11,6.52,7.22,7.66,8.01,8.36,8.86,9.50,10.31,11.34,0.50,0.50,0.12,Zona de Consolidação,0,0
2022-05-12,6.52,7.22,7.66,8.01,8.36,8.86,9.50,10.31,11.34,0.50,0.50,0.12,Zona de Consolidação,0,0
2022-05-13,6.52,7.22,7.66,8.01,8.36,8.86,9.50,10.31,11.34,0.50,0.50,0.12,Zona de Consolidação,0,0
2022-05-16,6.52,7.22,7.66,8.01,8.36,8.86,9.50,10.31,11.34,0.40,0.38,0.10,Zona de Consolidação,1,0
2022-05-17,6.52,7.22,7.66,8.01,8.36,8.86,9.50,10.31,11.34,0.54,0.50,0.08,Zona de Consolidação,0,0
2022-05-18,6.52,7.22,7.66,8.01,8.36,8.86,9.50,10.31,11.34,0.55,0.50,0.07,Zona de Consolidação,0,0
2022-05-19,6.52,7.22,7.66,8.01,8.36,8.86,9.50,10.31,11.34,0.50,0.50,0.12,Zona de Consolidação,0,0
2022-05-20,6.52,7.22,7.66,8.01,8.36,8.86,9.50,10.31,11.34,0.62,0.62,0.17,Resistência,1,0
2022-05-23,6.52,7.22,7.66,8.01,8.36,8.86,9.50,10.31,11.34,0.58,0.50,0.04,Zona de Consolidação,0,0
2022-05-24,6.52,7.22,7.66,8.01,8.36,8.86,9.50,10.31,11.34,0.50,0.50,0.12,Zona de Consolidação,0,0
2022-05-25,6.52,7.22,7.66,8.01,8.36,8.86,9.50,10.31,11.34,0.50,0.50,0.12,Zona de Consolidação,0,0
2022-05-26,6.95,7.55,7.92,8.22,8.53,8.95,9.50,10.19,11.08,0.42,0.38,0.08,Zona de Consolidação,0,0
2022-05-27,7.03,7.61,7.97,8.26,8.56,8.97,9.50,10.17,11.03,0.39,0.38,0.11,Zona de Consolidação,1,0
2022-05-31,7.03,7.61,7.97,8.26,8.56,8.97,9.50,10.17,11.03,0.30,0.24,0.08,Suporte,0,0
2022-06-01,7.03,7.61,7.97,8.26,8.56,8.97,9.50,10.17,11.03,0.39,0.38,0.11,Zona de Consolidação,1,0
2022-06-02,7.03,7.61,7.97,8.26,8.56,8.97,9.50,10.17,11.03,0.29,0.24,0.09,Suporte,0,0
2022-06-03,7.03,7.61,7.97,8.26,8.56,8.97,9.50,10.17,11.03,0.29,0.24,0.09,Suporte,0,0
2022-06-06,7.03,7.61,7.97,8.26,8.56,8.97,9.50,10.17,11.03,0.39,0.38,0.11,Zona de Consolidação,1,0
2022-06-07,7.03,7.61,7.97,8.26,8.56,8.97,9.50,10.17,11.03,0.35,0.24,0.03,Suporte,1,0
2022-06-08,7.03,7.61,7.97,8.26,8.56,8.97,9.50,10.17,11.03,0.39,0.38,0.11,Zona de Consolidação,1,0
2022-06-09,7.03,7.61,7.97,8.26,8.56,8.97,9.50,10.17,11.03,0.29,0.24,0.09,Suporte,0,0
2022-06-10,7.03,7.61,7.97,8.26,8.56,8.97,9.50,10.17,11.03,0.34,0.24,0.04,Suporte,0,0
2022-06-13,7.03,7.61,7.97,8.26,8.56,8.97,9.50,10.17,11.03,0.23,0.00,0.01,Suporte Forte,0,0
2022-06-14,7.03,7.61,7.97,8.26,8.56,8.97,9.50,10.17,11.03,0.12,0.00,0.12,Suporte Forte,0,0
2022-06-15,7.03,7.61,7.97,8.26,8.56,8.97,9.50,10.17,11.03,0.19,0.00,0.05,Suporte Forte,0,0
2022-06-16,7.03,7.61,7.97,8.26,8.56,8.97,9.50,10.17,11.03,0.16,0.00,0.08,Suporte Forte,0,0
2022-06-17,7.03,7.61,7.97,8.26,8.56,8.97,9.50,10.17,11.03,0.15,0.00,0.09,Suporte Forte,0,0
2022-06-21,7.03,7.61,7.97,8.26,8.56,8.97,9.50,10.17,11.03,0.19,0.00,0.05,Suporte Forte,0,0
2022-06-22,7.03,7.61,7.97,8.26,8.56,8.97,9.50,10.17,11.03,0.21,0.00,0.03,Suporte Forte,0,0
2022-06-23,7.03,7.61,7.97,8.26,8.56,8.97,9.50,10.17,11.03,0.16,0.00,0.08,Suporte Forte,0,0
2022-06-24,7.03,7.61,7.97,8.26,8.56,8.97,9.50,10.17,11.03,0.28,0.24,0.10,Suporte,0,0
2022-06-27,7.03,7.61,7.97,8.26,8.56,8.97,9.50,10.17,11.03,0.26,0.24,0.12,Suporte,0,0
2022-06-28,7.03,7.61,7.97,8.26,8.56,8.97,9.50,10.17,11.03,0.26,0.24,0.12,Suporte,0,0
2022-06-29,7.09,7.66,8.01,8.30,8.58,8.98,9.50,10.16,10.99,0.20,0.00,0.04,Suporte Forte,0,0
2022-06-30,7.09,7.66,8.01,8.30,8.58,8.98,9.50,10.16,10.99,0.32,0.24,0.06,Suporte,0,0
2022-07-01,7.09,7.66,8.01,8.30,8.58,8.98,9.50,10.16,10.99,0.26,0.24,0.12,Suporte,0,0
2022-07-05,7.09,7.66,8.01,8.30,8.58,8.98,9.50,10.16,10.99,0.21,0.00,0.03,Suporte Forte,0,0
2022-07-06,7.09,7.66,8.01,8.30,8.58,8.98,9.50,10.16,10.99,0.20,0.00,0.04,Suporte Forte,0,0
2022-07-07,7.09,7.66,8.01,8.30,8.58,8.98,9.50,10.16,10.99,0.17,0.00,0.07,Suporte Forte,0,0
2022-07-08,7.09,7.66,8.01,8.30,8.58,8.98,9.50,10.16,10.99,0.17,0.00,0.07,Suporte Forte,0,0
2022-07-11,7.09,7.66,8.01,8.30,8.58,8.98,9.50,10.16,10.99,0.17,0.00,0.07,Suporte Forte,0,0
2022-07-12,7.09,7.66,8.01,8.30,8.58,8.98,9.50,10.16,10.99,0.17,0.00,0.07,Suporte Forte,0,0
2022-07-13,7.09,7.66,8.01,8.30,8.58,8.98,9.50,10.16,10.99,0.18,0.00,0.06,Suporte Forte,0,0
2022-07-14,7.00,7.47,7.76,8.00,8.23,8.56,8.99,9.53,10.22,0.17,0.00,0.07,Suporte Forte,0,0
2022-07-15,7.00,7.47,7.76,8.00,8.23,8.56,8.99,9.53,10.22,0.23,0.00,0.01,Suporte Forte,0,0
2022-07-18,7.00,7.45,7.73,7.95,8.17,8.49,8.90,9.42,10.07,0.31,0.24,0.07,Suporte,0,0
2022-07-19,7.00,7.42,7.69,7.90,8.11,8.41,8.80,9.29,9.91,0.33,0.24,0.05,Suporte,0,0
2022-07-20,7.00,7.42,7.69,7.90,8.11,8.41,8.80,9.29,9.91,0.41,0.38,0.09,Zona de Consolidação,1,0
2022-07-21,7.00,7.39,7.64,7.84,8.03,8.31,8.67,9.12,9.70,0.46,0.38,0.04,Zona de Consolidação,0,0
2022-07-22,7.00,7.35,7.57,7.74,7.91,8.16,8.48,8.88,9.39,0.47,0.38,0.03,Zona de Consolidação,0,0
2022-07-25,7.00,7.35,7.57,7.74,7.91,8.16,8.48,8.88,9.39,0.49,0.38,0.01,Zona de Consolidação,0,0
2022-07-26,6.86,7.24,7.48,7.67,7.86,8.13,8.48,8.92,9.48,0.43,0.38,0.07,Zona de Consolidação,1,0
2022-07-27,6.86,7.24,7.48,7.67,7.86,8.13,8.48,8.92,9.48,0.43,0.38,0.07,Zona de Consolidação,1,0
2022-07-28,6.86,7.24,7.48,7.67,7.86,8.13,8.48,8.92,9.48,0.40,0.38,0.10,Zona de Consolidação,1,0
2022-07-29,6.78,7.18,7.43,7.63,7.83,8.12,8.48,8.94,9.53,0.10,0.00,0.14,Suporte Forte,0,0
2022-08-01,6.78,7.18,7.43,7.63,7.83,8.12,8.48,8.94,9.53,0.15,0.00,0.09,Suporte Forte,0,0
2022-08-02,6.78,7.18,7.43,7.63,7.83,8.12,8.48,8.94,9.53,0.14,0.00,0.10,Suporte Forte,0,0
2022-08-03,6.78,7.17,7.41,7.60,7.79,8.07,8.42,8.87,9.43,0.24,0.24,0.14,Suporte,0,0
2022-08-04,6.78,7.14,7.36,7.54,7.72,7.97,8.30,8.71,9.24,0.27,0.24,0.11,Suporte,0,0
2022-08-05,6.78,7.14,7.36,7.54,7.72,7.97,8.30,8.71,9.24,0.46,0.38,0.04,Zona de Consolidação,0,0
2022-08-08,6.78,7.14,7.36,7.54,7.72,7.97,8.30,8.71,9.24,0.36,0.24,0.02,Suporte,1,0
2022-08-09,6.78,7.14,7.36,7.54,7.72,7.97,8.30,8.71,9.24,0.25,0.24,0.13,Suporte,0,0
2022-08-10,6.78,7.14,7.36,7.54,7.72,7.97,8.30,8.71,9.24,0.48,0.38,0.02,Zona de Consolidação,0,0
2022-08-11,6.78,7.14,7.36,7.54,7.72,7.97,8.30,8.71,9.24,0.47,0.38,0.03,Zona de Consolidação,0,0
2022-08-12,6.78,7.14,7.36,7.54,7.72,7.97,8.30,8.71,9.24,0.57,0.50,0.05,Zona de Consolidação,0,0
2022-08-15,6.78,7.14,7.36,7.54,7.72,7.97,8.30,8.71,9.24,0.60,0.50,0.02,Zona de Consolidação,1,0
2022-08-16,6.78,7.14,7.36,7.54,7.72,7.97,8.30,8.71,9.24,0.57,0.50,0.05,Zona de Consolidação,0,0
2022-08-17,6.78,7.14,7.36,7.54,7.72,7.97,8.30,8.71,9.24,0.57,0.50,0.05,Zona de Consolidação,1,0
2022-08-18,6.78,7.14,7.36,7.54,7.72,7.97,8.30,8.71,9.24,0.52,0.50,0.10,Zona de Consolidação,0,0
2022-08-19,6.78,7.14,7.36,7.54,7.72,7.97,8.30,8.71,9.24,0.55,0.50,0.07,Zona de Consolidação,0,0
2022-08-22,6.76,7.05,7.23,7.38,7.52,7.73,7.99,8.32,8.75,0.20,0.00,0.04,Suporte Forte,0,0
2022-08-23,6.76,7.03,7.20,7.33,7.46,7.66,7.90,8.21,8.60,0.21,0.00,0.03,Suporte Forte,0,0
2022-08-24,6.68,6.97,7.15,7.29,7.43,7.64,7.90,8.23,8.65,0.26,0.24,0.12,Suporte,0,0
2022-08-25,6.68,6.97,7.15,7.29,7.43,7.64,7.90,8.23,8.65,0.21,0.00,0.03,Suporte Forte,0,0
2022-08-26,6.68,6.97,7.15,7.29,7.43,7.64,7.90,8.23,8.65,0.20,0.00,0.04,Suporte Forte,0,0
2022-08-29,6.68,6.97,7.15,7.29,7.43,7.64,7.90,8.23,8.65,0.24,0.24,0.14,Suporte,0,0
2022-08-30,6.68,6.97,7.15,7.29,7.43,7.64,7.90,8.23,8.65,0.25,0.24,0.13,Suporte,0,0
2022-08-31,6.68,6.97,7.15,7.29,7.43,7.64,7.90,8.23,8.65,0.39,0.38,0.11,Zona de Consolidação,1,0
2022-09-01,6.68,6.97,7.15,7.29,7.43,7.64,7.90,8.23,8.65,0.76,0.62,0.03,Resistência,0,1
2022-09-02,6.68,6.97,7.15,7.29,7.43,7.64,7.90,8.23,8.65,0.79,0.79,0.21,Resistência Forte,0,1
2022-09-06,6.68,6.97,7.15,7.29,7.43,7.64,7.90,8.23,8.65,0.79,0.79,0.21,Resistência Forte,0,1
2022-09-07,6.68,6.97,7.15,7.29,7.43,7.64,7.90,8.23,8.65,0.79,0.79,0.21,Resistência Forte,0,1
2022-09-08,6.68,6.97,7.15,7.29,7.43,7.64,7.90,8.23,8.65,0.89,0.79,0.11,Resistência Forte,0,0
2022-09-09,6.68,6.97,7.15,7.29,7.43,7.64,7.90,8.23,8.65,0.67,0.62,0.12,Resistência,1,0
2022-09-12,6.68,6.97,7.15,7.29,7.43,7.64,7.90,8.23,8.65,0.57,0.50,0.05,Zona de Consolidação,1,0
2022-09-13,6.55,6.84,7.02,7.16,7.31,7.52,7.78,8.11,8.54,0.13,0.00,0.11,Suporte Forte,0,0
2022-09-14,6.41,6.73,6.93,7.10,7.26,7.49,7.78,8.15,8.63,0.01,0.00,0.23,Suporte Forte,0,0
2022-09-15,6.28,6.63,6.85,7.03,7.21,7.46,7.78,8.19,8.71,0.15,0.00,0.09,Suporte Forte,0,0
2022-09-16,6.28,6.63,6.85,7.03,7.21,7.46,7.78,8.19,8.71,0.20,0.00,0.04,Suporte Forte,0,0
2022-09-19,6.28,6.63,6.85,7.03,7.21,7.46,7.78,8.19,8.71,0.26,0.24,0.12,Suporte,0,0
2022-09-20,6.28,6.63,6.85,7.03,7.21,7.46,7.78,8.19,8.71,0.48,0.38,0.02,Zona de Consolidação,0,0
2022-09-21,6.28,6.63,6.85,7.03,7.21,7.46,7.78,8.19,8.71,0.39,0.38,0.11,Zona de Consolidação,1,0
2022-09-22,6.28,6.63,6.85,7.03,7.21,7.46,7.78,8.19,8.71,0.15,0.00,0.09,Suporte Forte,0,0
2022-09-23,6.14,6.53,6.77,6.96,7.15,7.43,7.78,8.23,8.79,0.12,0.00,0.12,Suporte Forte,0,0
2022-09-26,5.96,6.39,6.66,6.87,7.08,7.39,7.78,8.28,8.90,0.19,0.00,0.05,Suporte Forte,0,0
2022-09-27,5.91,6.35,6.62,6.85,7.07,7.38,7.78,8.29,8.94,0.05,0.00,0.19,Suporte Forte,0,0
2022-09-28,5.91,6.35,6.62,6.85,7.07,7.38,7.78,8.29,8.94,0.15,0.00,0.09,Suporte Forte,0,0
2022-09-29,5.91,6.35,6.62,6.85,7.07,7.38,7.78,8.29,8.94,0.09,0.00,0.15,Suporte Forte,0,0
2022-09-30,5.88,6.33,6.61,6.83,7.05,7.37,7.78,8.30,8.95,0.19,0.00,0.05,Suporte Forte,0,0
2022-10-03,5.88,6.33,6.61,6.83,7.05,7.37,7.78,8.30,8.95,0.25,0.24,0.13,Suporte,0,0
2022-10-04,5.88,6.33,6.61,6.83,7.05,7.37,7.78,8.30,8.95,0.25,0.24,0.13,Suporte,0,0
2022-10-05,5.88,6.33,6.61,6.83,7.05,7.37,7.78,8.30,8.95,0.32,0.24,0.06,Suporte,0,0
2022-10-06,5.88,6.33,6.61,6.83,7.05,7.37,7.78,8.30,8.95,0.33,0.24,0.05,Suporte,0,0
2022-10-07,5.88,6.33,6.61,6.83,7.05,7.37,7.78,8.30,8.95,0.46,0.38,0.04,Zona de Consolidação,0,0
2022-10-10,5.88,6.33,6.61,6.83,7.05,7.37,7.78,8.30,8.95,0.47,0.38,0.03,Zona de Consolidação,0,0
2022-10-11,5.88,6.33,6.61,6.83,7.05,7.37,7.78,8.30,8.95,0.54,0.50,0.08,Zona de Consolidação,0,0
2022-10-12,5.88,6.33,6.61,6.83,7.05,7.37,7.78,8.30,8.95,0.60,0.50,0.02,Zona de Consolidação,1,0
2022-10-13,5.88,6.33,6.61,6.83,7.05,7.37,7.78,8.30,8.95,0.71,0.62,0.08,Resistência,0,0
2022-10-14,5.88,6.33,6.61,6.83,7.05,7.37,7.78,8.30,8.95,0.93,0.79,0.07,Resistência Forte,0,0
2022-10-17,5.88,6.33,6.61,6.83,7.05,7.37,7.78,8.30,8.95,0.96,0.79,0.04,Resistência Forte,0,0
2022-10-18,5.88,6.33,6.61,6.83,7.05,7.37,7.78,8.30,8.95,0.96,0.79,0.04,Resistência Forte,0,0
2022-10-19,5.88,6.33,6.61,6.83,7.05,7.37,7.78,8.30,8.95,0.89,0.79,0.11,Resistência Forte,0,0
2022-10-20,5.88,6.33,6.61,6.83,7.05,7.37,7.78,8.30,8.95,0.88,0.79,0.12,Resistência Forte,0,0
2022-10-21,5.88,6.33,6.61,6.83,7.05,7.37,7.78,8.30,8.95,0.91,0.79,0.09,Resistência Forte,0,0
2022-10-24,5.88,6.33,6.61,6.83,7.05,7.37,7.78,8.30,8.95,0.95,0.79,0.05,Resistência Forte,0,0
2022-10-25,5.88,6.33,6.61,6.83,7.05,7.37,7.78,8.30,8.95,0.96,0.79,0.04,Resistência Forte,0,1
2022-10-26,5.88,6.33,6.61,6.83,7.05,7.37,7.78,8.30,8.95,0.89,0.79,0.11,Resistência Forte,0,0
2022-10-27,5.88,6.33,6.61,6.84,7.06,7.38,7.79,8.31,8.97,0.97,0.79,0.03,Resistência Forte,0,1
2022-10-28,5.88,6.36,6.65,6.89,7.13,7.47,7.90,8.45,9.15,0.83,0.79,0.17,Resistência Forte,0,0
2022-10-31,5.88,6.41,6.73,6.99,7.26,7.63,8.11,8.72,9.49,1.00,1.00,0.27,Resistência Forte,0,1
2022-11-01,5.88,6.41,6.74,7.00,7.26,7.64,8.12,8.73,9.50,0.94,0.79,0.06,Resistência Forte,0,0
2022-11-02,5.88,6.41,6.74,7.00,7.26,7.64,8.12,8.73,9.50,0.92,0.79,0.08,Resistência Forte,0,0
2022-11-03,5.88,6.41,6.74,7.00,7.26,7.64,8.12,8.73,9.50,0.92,0.79,0.08,Resistência Forte,0,0
2022-11-04,5.88,6.41,6.74,7.00,7.26,7.64,8.12,8.73,9.50,0.97,0.79,0.03,Resistência Forte,0,1
2022-11-07,5.88,6.41,6.74,7.00,7.26,7.64,8.12,8.73,9.50,0.86,0.79,0.14,Resistência Forte,0,0
2022-11-08,5.88,6.41,6.74,7.00,7.26,7.64,8.12,8.73,9.50,0.87,0.79,0.13,Resistência Forte,0,0
2022-11-09,5.88,6.41,6.74,7.00,7.26,7.64,8.12,8.73,9.50,0.86,0.79,0.14,Resistência Forte,0,0
2022-11-10,5.88,6.50,6.88,7.19,7.50,7.94,8.50,9.21,10.12,0.71,0.62,0.08,Resistência,0,0
2022-11-11,5.88,6.50,6.88,7.19,7.50,7.94,8.50,9.21,10.12,0.73,0.62,0.06,Resistência,0,0
2022-11-14,5.88,6.50,6.88,7.19,7.50,7.94,8.50,9.21,10.12,0.74,0.62,0.05,Resistência,0,0
2022-11-15,5.88,6.50,6.88,7.19,7.50,7.94,8.50,9.21,10.12,0.75,0.62,0.04,Resistência,0,0
2022-11-16,5.88,6.50,6.88,7.19,7.50,7.94,8.50,9.21,10.12,0.75,0.62,0.04,Resistência,0,0
2022-11-17,5.88,6.50,6.88,7.19,7.50,7.94,8.50,9.21,10.12,0.76,0.62,0.03,Resistência,0,0
2022-11-18,5.88,6.50,6.88,7.19,7.50,7.94,8.50,9.21,10.12,0.76,0.62,0.03,Resistência,0,0
2022-11-21,5.88,6.50,6.88,7.19,7.50,7.94,8.50,9.21,10.12,0.76,0.62,0.03,Resistência,0,0
2022-11-22,5.88,6.50,6.88,7.19,7.50,7.94,8.50,9.21,10.12,0.73,0.62,0.06,Resistência,0,0
2022-11-23,5.88,6.50,6.88,7.19,7.50,7.94,8.50,9.21,10.12,0.74,0.62,0.05,Resistência,0,0
2022-11-25,5.88,6.50,6.88,7.19,7.50,7.94,8.50,9.21,10.12,0.75,0.62,0.04,Resistência,0,0
2022-11-28,5.88,6.50,6.88,7.19,7.50,7.94,8.50,9.21,10.12,0.75,0.62,0.04,Resistência,0,0
2022-11-29,5.88,6.50,6.88,7.19,7.50,7.94,8.50,9.21,10.12,0.71,0.62,0.08,Resistência,0,0
2022-11-30,5.88,6.50,6.88,7.19,7.50,7.94,8.50,9.21,10.12,0.74,0.62,0.05,Resistência,0,0
2022-12-01,5.88,6.50,6.88,7.19,7.50,7.94,8.50,9.21,10.12,0.73,0.62,0.06,Resistência,0,0
2022-12-02,5.88,6.50,6.88,7.19,7.50,7.94,8.50,9.21,10.12,0.73,0.62,0.06,Resistência,0,0
2022-12-05,5.88,6.50,6.88,7.19,7.50,7.94,8.50,9.21,10.12,0.69,0.62,0.10,Resistência,0,0
2022-12-06,5.88,6.50,6.88,7.19,7.50,7.94,8.50,9.21,10.12,0.66,0.62,0.13,Resistência,0,0
2022-12-07,5.88,6.50,6.88,7.19,7.50,7.94,8.50,9.21,10.12,0.73,0.62,0.06,Resistência,0,0
2022-12-08,5.88,6.50,6.88,7.19,7.50,7.94,8.50,9.21,10.12,0.68,0.62,0.11,Resistência,0,0
2022-12-09,5.88,6.50,6.88,7.19,7.50,7.94,8.50,9.21,10.12,0.71,0.62,0.08,Resistência,0,0
2022-12-12,6.10,6.67,7.02,7.30,7.58,7.99,8.50,9.15,9.98,0.72,0.62,0.07,Resistência,0,0
2022-12-13,6.21,6.75,7.08,7.36,7.63,8.01,8.50,9.12,9.92,0.64,0.62,0.15,Resistência,1,0
2022-12-14,6.21,6.75,7.08,7.36,7.63,8.01,8.50,9.12,9.92,0.66,0.62,0.13,Resistência,0,0
2022-12-15,6.21,6.75,7.08,7.36,7.63,8.01,8.50,9.12,9.92,0.65,0.62,0.14,Resistência,1,0
2022-12-16,6.21,6.75,7.08,7.36,7.63,8.01,8.50,9.12,9.92,0.66,0.62,0.13,Resistência,0,0
2022-12-19,6.48,6.96,7.25,7.49,7.73,8.07,8.50,9.05,9.75,0.72,0.62,0.07,Resistência,0,0
2022-12-20,6.56,7.02,7.30,7.53,7.76,8.08,8.50,9.03,9.70,0.69,0.62,0.10,Resistência,0,0
2022-12-21,6.86,7.25,7.49,7.68,7.87,8.15,8.50,8.95,9.51,0.53,0.50,0.09,Zona de Consolidação,0,0
2022-12-22,6.90,7.28,7.51,7.70,7.89,8.16,8.50,8.94,9.49,0.50,0.50,0.12,Zona de Consolidação,0,0
2022-12-23,7.12,7.45,7.65,7.81,7.97,8.20,8.50,8.88,9.35,0.43,0.38,0.07,Zona de Consolidação,1,0
2022-12-27,7.21,7.51,7.70,7.86,8.01,8.22,8.50,8.85,9.30,0.00,0.00,0.24,Suporte Forte,0,0
2022-12-28,7.17,7.48,7.68,7.84,7.99,8.22,8.50,8.86,9.32,0.28,0.24,0.10,Suporte,0,0
2022-12-29,7.15,7.47,7.67,7.82,7.98,8.21,8.50,8.87,9.33,0.44,0.38,0.06,Zona de Consolidação,0,0
2022-12-30,7.15,7.47,7.67,7.82,7.98,8.21,8.50,8.87,9.33,0.50,0.50,0.12,Zona de Consolidação,0,0
2023-01-03,7.15,7.47,7.67,7.82,7.98,8.21,8.50,8.87,9.33,0.47,0.38,0.03,Zona de Consolidação,0,0
2023-01-04,7.15,7.47,7.67,7.82,7.98,8.21,8.50,8.87,9.33,0.42,0.38,0.08,Zona de Consolidação,1,0
2023-01-05,7.15,7.47,7.67,7.82,7.98,8.21,8.50,8.87,9.33,0.37,0.24,0.01,Suporte,1,0
2023-01-06,7.15,7.47,7.67,7.82,7.98,8.21,8.50,8.87,9.33,0.27,0.24,0.11,Suporte,0,0
2023-01-09,7.15,7.47,7.67,7.82,7.98,8.21,8.50,8.87,9.33,0.24,0.24,0.14,Suporte,0,0
2023-01-10,7.15,7.47,7.67,7.82,7.98,8.21,8.50,8.87,9.33,0.24,0.24,0.14,Suporte,0,0
2023-01-11,7.15,7.47,7.67,7.82,7.98,8.21,8.50,8.87,9.33,0.24,0.24,0.14,Suporte,0,0
2023-01-12,7.15,7.47,7.67,7.82,7.98,8.21,8.50,8.87,9.33,0.25,0.24,0.13,Suporte,0,0
2023-01-13,7.15,7.47,7.67,7.82,7.98,8.21,8.50,8.87,9.33,0.25,0.24,0.13,Suporte,0,0
2023-01-17,7.15,7.47,7.67,7.82,7.98,8.21,8.50,8.87,9.33,0.25,0.24,0.13,Suporte,0,0
2023-01-18,7.15,7.47,7.67,7.82,7.98,8.21,8.50,8.87,9.33,0.37,0.24,0.01,Suporte,1,0
2023-01-19,7.15,7.47,7.67,7.82,7.98,8.21,8.50,8.87,9.33,0.50,0.50,0.12,Zona de Consolidação,0,0
2023-01-20,7.15,7.47,7.67,7.82,7.98,8.21,8.50,8.87,9.33,0.45,0.38,0.05,Zona de Consolidação,0,0
2023-01-23,7.15,7.47,7.67,7.82,7.98,8.21,8.50,8.87,9.33,0.44,0.38,0.06,Zona de Consolidação,1,0
2023-01-24,7.15,7.47,7.67,7.82,7.98,8.21,8.50,8.87,9.33,0.53,0.50,0.09,Zona de Consolidação,0,0
2023-01-25,7.15,7.37,7.51,7.62,7.72,7.88,8.08,8.33,8.65,0.56,0.50,0.06,Zona de Consolidação,1,0
2023-01-26,7.15,7.37,7.51,7.62,7.72,7.88,8.08,8.33,8.65,0.58,0.50,0.04,Zona de Consolidação,1,0
2023-01-27,7.15,7.37,7.51,7.62,7.72,7.88,8.08,8.33,8.65,0.63,0.62,0.16,Resistência,1,0
2023-01-30,7.15,7.37,7.51,7.62,7.72,7.88,8.08,8.33,8.65,0.39,0.38,0.11,Zona de Consolidação,1,0
2023-01-31,7.15,7.37,7.51,7.62,7.72,7.88,8.08,8.33,8.65,0.19,0.00,0.05,Suporte Forte,0,0
2023-02-01,7.00,7.25,7.41,7.54,7.67,7.85,8.08,8.37,8.75,0.00,0.00,0.24,Suporte Forte,0,0
2023-02-02,7.00,7.25,7.41,7.54,7.67,7.85,8.08,8.37,8.75,0.26,0.24,0.12,Suporte,0,0
2023-02-03,7.00,7.25,7.41,7.54,7.67,7.85,8.08,8.37,8.75,0.05,0.00,0.19,Suporte Forte,0,0
2023-02-06,7.00,7.25,7.41,7.54,7.67,7.85,8.08,8.37,8.75,0.14,0.00,0.10,Suporte Forte,0,0
2023-02-07,7.00,7.25,7.41,7.54,7.67,7.85,8.08,8.37,8.75,0.37,0.24,0.01,Suporte,1,0
2023-02-08,7.00,7.25,7.41,7.54,7.67,7.85,8.08,8.37,8.75,0.44,0.38,0.06,Zona de Consolidação,1,0
2023-02-09,7.00,7.25,7.41,7.54,7.67,7.85,8.08,8.37,8.75,0.44,0.38,0.06,Zona de Consolidação,1,0
2023-02-10,7.00,7.25,7.41,7.54,7.67,7.85,8.08,8.37,8.75,0.44,0.38,0.06,Zona de Consolidação,1,0
2023-02-13,7.00,7.35,7.57,7.74,7.91,8.16,8.48,8.88,9.39,0.34,0.24,0.04,Suporte,1,0
2023-02-14,7.00,7.35,7.57,7.74,7.91,8.16,8.48,8.88,9.39,0.11,0.00,0.13,Suporte Forte,0,0
2023-02-15,7.00,7.35,7.57,7.74,7.91,8.16,8.48,8.88,9.39,0.15,0.00,0.09,Suporte Forte,0,0
2023-02-16,7.00,7.35,7.57,7.74,7.91,8.16,8.48,8.88,9.39,0.02,0.00,0.22,Suporte Forte,0,0
2023-02-17,7.00,7.35,7.57,7.74,7.91,8.16,8.48,8.88,9.39,0.10,0.00,0.14,Suporte Forte,0,0
2023-02-21,6.99,7.34,7.56,7.74,7.91,8.16,8.48,8.89,9.40,0.11,0.00,0.13,Suporte Forte,0,0
2023-02-22,6.99,7.34,7.56,7.74,7.91,8.16,8.48,8.89,9.40,0.03,0.00,0.21,Suporte Forte,0,0
2023-02-23,6.99,7.34,7.56,7.74,7.91,8.16,8.48,8.89,9.40,0.02,0.00,0.22,Suporte Forte,0,0
2023-02-24,6.87,7.25,7.49,7.68,7.86,8.14,8.48,8.92,9.47,0.02,0.00,0.22,Suporte Forte,0,0
2023-02-27,6.76,7.17,7.42,7.62,7.82,8.11,8.48,8.95,9.54,0.14,0.00,0.10,Suporte Forte,0,0
2023-02-28,6.76,7.17,7.42,7.62,7.82,8.11,8.48,8.95,9.54,0.13,0.00,0.11,Suporte Forte,0,0
2023-03-01,6.76,7.17,7.42,7.62,7.82,8.11,8.48,8.95,9.54,0.01,0.00,0.23,Suporte Forte,0,0
2023-03-02,6.48,6.95,7.24,7.48,7.72,8.05,8.48,9.02,9.72,0.29,0.24,0.09,Suporte,0,0
2023-03-03,6.48,6.95,7.24,7.48,7.72,8.05,8.48,9.02,9.72,0.26,0.24,0.12,Suporte,0,0
2023-03-06,6.48,6.95,7.24,7.48,7.72,8.05,8.48,9.02,9.72,0.28,0.24,0.10,Suporte,0,0
2023-03-07,6.48,6.95,7.24,7.48,7.72,8.05,8.48,9.02,9.72,0.26,0.24,0.12,Suporte,0,0
2023-03-08,6.48,6.95,7.24,7.48,7.72,8.05,8.48,9.02,9.72,0.30,0.24,0.08,Suporte,0,0
2023-03-09,6.48,6.95,7.24,7.48,7.72,8.05,8.48,9.02,9.72,0.31,0.24,0.07,Suporte,0,0
2023-03-10,6.48,6.95,7.24,7.48,7.72,8.05,8.48,9.02,9.72,0.34,0.24,0.04,Suporte,0,0
2023-03-13,6.48,6.95,7.24,7.48,7.72,8.05,8.48,9.02,9.72,0.34,0.24,0.04,Suporte,0,0
2023-03-14,6.48,6.95,7.24,7.48,7.72,8.05,8.48,9.02,9.72,0.19,0.00,0.05,Suporte Forte,0,0
2023-03-15,6.48,6.95,7.24,7.48,7.72,8.05,8.48,9.02,9.72,0.16,0.00,0.08,Suporte Forte,0,0
2023-03-16,6.48,6.95,7.24,7.48,7.72,8.05,8.48,9.02,9.72,0.16,0.00,0.08,Suporte Forte,0,0
2023-03-17,6.48,6.95,7.24,7.48,7.72,8.05,8.48,9.02,9.72,0.11,0.00,0.13,Suporte Forte,0,0
2023-03-20,6.48,6.95,7.24,7.48,7.72,8.05,8.48,9.02,9.72,0.06,0.00,0.18,Suporte Forte,0,0
2023-03-21,6.48,6.95,7.24,7.48,7.72,8.05,8.48,9.02,9.72,0.06,0.00,0.18,Suporte Forte,0,0
2023-03-22,6.48,6.95,7.24,7.48,7.72,8.05,8.48,9.02,9.72,0.15,0.00,0.09,Suporte Forte,0,0
2023-03-23,6.48,6.95,7.24,7.48,7.72,8.05,8.48,9.02,9.72,0.19,0.00,0.05,Suporte Forte,0,0
2023-03-24,6.48,6.95,7.24,7.48,7.72,8.05,8.48,9.02,9.72,0.26,0.24,0.12,Suporte,0,0
2023-03-27,6.48,6.95,7.24,7.48,7.72,8.05,8.48,9.02,9.72,0.26,0.24,0.12,Suporte,0,0
2023-03-28,6.48,6.95,7.24,7.48,7.72,8.05,8.48,9.02,9.72,0.23,0.00,0.01,Suporte Forte,0,0
2023-03-29,6.48,6.95,7.24,7.48,7.72,8.05,8.48,9.02,9.72,0.26,0.24,0.12,Suporte,0,0
2023-03-30,6.48,6.95,7.24,7.48,7.72,8.05,8.48,9.02,9.72,0.26,0.24,0.12,Suporte,0,0
2023-03-31,6.48,6.95,7.24,7.48,7.72,8.05,8.48,9.02,9.72,0.22,0.00,0.02,Suporte Forte,0,0
2023-04-03,6.48,6.95,7.24,7.48,7.72,8.05,8.48,9.02,9.72,0.17,0.00,0.07,Suporte Forte,0,0
2023-04-04,6.48,6.95,7.24,7.48,7.72,8.05,8.48,9.02,9.72,0.32,0.24,0.06,Suporte,0,0
2023-04-05,6.48,6.95,7.24,7.48,7.72,8.05,8.48,9.02,9.72,0.28,0.24,0.10,Suporte,0,0
2023-04-06,6.48,6.95,7.24,7.48,7.72,8.05,8.48,9.02,9.72,0.27,0.24,0.11,Suporte,0,0
2023-04-10,6.48,6.95,7.24,7.48,7.72,8.05,8.48,9.02,9.72,0.28,0.24,0.10,Suporte,0,0
2023-04-11,6.48,6.95,7.24,7.48,7.72,8.05,8.48,9.02,9.72,0.33,0.24,0.05,Suporte,0,0
2023-04-12,6.48,6.95,7.24,7.48,7.72,8.05,8.48,9.02,9.72,0.28,0.24,0.10,Suporte,0,0
2023-04-13,6.48,6.95,7.24,7.48,7.72,8.05,8.48,9.02,9.72,0.28,0.24,0.10,Suporte,0,0
2023-04-14,6.48,6.95,7.24,7.48,7.72,8.05,8.48,9.02,9.72,0.38,0.24,0.00,Suporte,1,0
2023-04-17,6.48,6.95,7.24,7.48,7.72,8.05,8.48,9.02,9.72,0.38,0.24,0.00,Suporte,1,0
2023-04-18,6.48,6.95,7.24,7.48,7.72,8.05,8.48,9.02,9.72,0.38,0.24,0.00,Suporte,1,0
2023-04-19,6.48,6.95,7.24,7.48,7.72,8.05,8.48,9.02,9.72,0.29,0.24,0.09,Suporte,0,0
2023-04-20,6.48,6.95,7.24,7.48,7.72,8.05,8.48,9.02,9.72,0.29,0.24,0.09,Suporte,0,0
2023-04-21,6.48,6.95,7.24,7.48,7.72,8.05,8.48,9.02,9.72,0.36,0.24,0.02,Suporte,1,0
2023-04-24,6.48,6.95,7.24,7.48,7.72,8.05,8.48,9.02,9.72,0.20,0.00,0.04,Suporte Forte,0,0
2023-04-25,6.48,6.95,7.24,7.48,7.72,8.05,8.48,9.02,9.72,0.18,0.00,0.06,Suporte Forte,0,0
2023-04-26,6.48,6.76,6.93,7.07,7.21,7.41,7.66,7.98,8.39,0.10,0.00,0.14,Suporte Forte,0,0
2023-04-27,6.48,6.72,6.87,6.99,7.11,7.28,7.50,7.78,8.13,0.22,0.00,0.02,Suporte Forte,0,0
2023-04-28,6.48,6.72,6.87,6.99,7.11,7.28,7.50,7.78,8.13,0.36,0.24,0.02,Suporte,1,0
2023-05-01,6.48,6.71,6.85,6.96,7.08,7.24,7.45,7.71,8.05,0.04,0.00,0.20,Suporte Forte,0,0
2023-05-02,6.47,6.70,6.84,6.96,7.08,7.24,7.45,7.72,8.06,0.00,0.00,0.24,Suporte Forte,0,0
2023-05-03,6.26,6.54,6.71,6.86,7.00,7.20,7.45,7.77,8.19,0.00,0.00,0.24,Suporte Forte,0,0
2023-05-04,5.72,6.13,6.38,6.58,6.79,7.08,7.45,7.92,8.52,0.16,0.00,0.08,Suporte Forte,0,0
2023-05-05,5.72,6.13,6.38,6.58,6.79,7.08,7.45,7.92,8.52,0.21,0.00,0.03,Suporte Forte,0,0
2023-05-08,5.72,6.13,6.38,6.58,6.79,7.08,7.45,7.92,8.52,0.19,0.00,0.05,Suporte Forte,0,0
2023-05-09,5.72,6.13,6.38,6.58,6.79,7.08,7.45,7.92,8.52,0.21,0.00,0.03,Suporte Forte,0,0
2023-05-10,5.72,6.13,6.38,6.58,6.79,7.08,7.45,7.92,8.52,0.21,0.00,0.03,Suporte Forte,0,0
2023-05-11,5.72,6.13,6.38,6.58,6.79,7.08,7.45,7.92,8.52,0.21,0.00,0.03,Suporte Forte,0,0
2023-05-12,5.65,6.07,6.34,6.55,6.76,7.06,7.45,7.94,8.56,0.19,0.00,0.05,Suporte Forte,0,0
2023-05-15,5.65,6.07,6.34,6.55,6.76,7.06,7.45,7.94,8.56,0.19,0.00,0.05,Suporte Forte,0,0
2023-05-16,5.65,6.07,6.34,6.55,6.76,7.06,7.45,7.94,8.56,0.19,0.00,0.05,Suporte Forte,0,0
2023-05-17,5.65,6.07,6.34,6.55,6.76,7.06,7.45,7.94,8.56,0.17,0.00,0.07,Suporte Forte,0,0
2023-05-18,5.65,6.07,6.34,6.55,6.76,7.06,7.45,7.94,8.56,0.19,0.00,0.05,Suporte Forte,0,0
2023-05-19,5.65,6.07,6.34,6.55,6.76,7.06,7.45,7.94,8.56,0.15,0.00,0.09,Suporte Forte,0,0
2023-05-22,5.65,6.07,6.34,6.55,6.76,7.06,7.45,7.94,8.56,0.07,0.00,0.17,Suporte Forte,0,0
2023-05-23,5.65,6.07,6.34,6.55,6.76,7.06,7.45,7.94,8.56,0.03,0.00,0.21,Suporte Forte,0,0
2023-05-24,5.45,5.92,6.21,6.45,6.69,7.02,7.45,7.99,8.69,0.00,0.00,0.24,Suporte Forte,0,0
2023-05-25,5.45,5.92,6.21,6.45,6.69,7.02,7.45,7.99,8.69,0.09,0.00,0.15,Suporte Forte,0,0
2023-05-26,5.45,5.92,6.21,6.45,6.69,7.02,7.45,7.99,8.69,0.16,0.00,0.08,Suporte Forte,0,0
2023-05-30,5.45,5.92,6.21,6.45,6.69,7.02,7.45,7.99,8.69,0.07,0.00,0.17,Suporte Forte,0,0
2023-05-31,4.95,5.54,5.90,6.20,6.50,6.92,7.45,8.13,9.00,0.14,0.00,0.10,Suporte Forte,0,0
2023-06-01,4.95,5.54,5.90,6.20,6.50,6.92,7.45,8.13,9.00,0.13,0.00,0.11,Suporte Forte,0,0
2023-06-02,4.95,5.54,5.90,6.20,6.50,6.92,7.45,8.13,9.00,0.09,0.00,0.15,Suporte Forte,0,0
2023-06-05,4.95,5.54,5.90,6.20,6.50,6.92,7.45,8.13,9.00,0.00,0.00,0.24,Suporte Forte,0,0
2023-06-06,4.90,5.50,5.87,6.18,6.48,6.90,7.45,8.14,9.03,0.08,0.00,0.16,Suporte Forte,0,0
2023-06-07,4.90,5.50,5.87,6.18,6.48,6.90,7.45,8.14,9.03,0.04,0.00,0.20,Suporte Forte,0,0
2023-06-08,4.79,5.42,5.81,6.12,6.43,6.88,7.45,8.17,9.09,0.00,0.00,0.24,Suporte Forte,0,0
2023-06-09,4.36,5.09,5.54,5.90,6.27,6.79,7.45,8.29,9.36,0.13,0.00,0.11,Suporte Forte,0,0
2023-06-12,4.36,5.09,5.54,5.90,6.27,6.79,7.45,8.29,9.36,0.13,0.00,0.11,Suporte Forte,0,0
2023-06-13,4.36,5.09,5.54,5.90,6.27,6.79,7.45,8.29,9.36,0.05,0.00,0.19,Suporte Forte,0,0
2023-06-14,3.32,4.29,4.90,5.38,5.87,6.57,7.45,8.57,10.00,0.04,0.00,0.20,Suporte Forte,0,0
2023-06-15,3.32,4.29,4.90,5.38,5.87,6.57,7.45,8.57,10.00,0.04,0.00,0.20,Suporte Forte,0,0
2023-06-16,3.30,4.28,4.89,5.38,5.86,6.56,7.45,8.58,10.01,0.10,0.00,0.14,Suporte Forte,0,0
2023-06-20,3.30,4.28,4.89,5.38,5.86,6.56,7.45,8.58,10.01,0.07,0.00,0.17,Suporte Forte,0,0
2023-06-21,3.30,4.28,4.89,5.38,5.86,6.56,7.45,8.58,10.01,0.03,0.00,0.21,Suporte Forte,0,0
2023-06-22,3.30,4.28,4.89,5.38,5.86,6.56,7.45,8.58,10.01,0.03,0.00,0.21,Suporte Forte,0,0
2023-06-23,3.00,4.05,4.70,5.22,5.75,6.50,7.45,8.66,10.20,0.01,0.00,0.23,Suporte Forte,0,0
2023-06-26,3.00,4.05,4.70,5.22,5.75,6.50,7.45,8.66,10.20,0.00,0.00,0.24,Suporte Forte,0,0
2023-06-27,2.82,3.91,4.59,5.14,5.68,6.46,7.45,8.71,10.31,0.00,0.00,0.24,Suporte Forte,0,0
2023-06-28,2.65,3.78,4.48,5.05,5.62,6.42,7.45,8.76,10.42,0.04,0.00,0.20,Suporte Forte,0,0
2023-06-29,2.65,3.78,4.48,5.05,5.62,6.42,7.45,8.76,10.42,0.03,0.00,0.21,Suporte Forte,0,0
2023-06-30,2.65,3.78,4.48,5.05,5.62,6.42,7.45,8.76,10.42,0.05,0.00,0.19,Suporte Forte,0,0
2023-07-03,2.65,3.78,4.48,5.05,5.62,6.42,7.45,8.76,10.42,0.02,0.00,0.22,Suporte Forte,0,0
2023-07-05,2.65,3.78,4.48,5.05,5.62,6.42,7.45,8.76,10.42,0.03,0.00,0.21,Suporte Forte,0,0
2023-07-06,2.65,3.66,4.28,4.78,5.29,6.01,6.92,8.08,9.56,0.04,0.00,0.20,Suporte Forte,0,0
2023-07-07,2.65,3.66,4.28,4.78,5.29,6.01,6.92,8.08,9.56,0.06,0.00,0.18,Suporte Forte,0,0
2023-07-10,2.65,3.66,4.28,4.78,5.29,6.01,6.92,8.08,9.56,0.05,0.00,0.19,Suporte Forte,0,0
2023-07-11,2.65,3.66,4.28,4.78,5.29,6.01,6.92,8.08,9.56,0.07,0.00,0.17,Suporte Forte,0,0
2023-07-12,2.65,3.64,4.25,4.74,5.24,5.94,6.84,7.98,9.43,0.06,0.00,0.18,Suporte Forte,0,0
2023-07-13,2.65,3.56,4.12,4.58,5.03,5.68,6.50,7.55,8.88,0.06,0.00,0.18,Suporte Forte,0,0
2023-07-14,2.65,3.54,4.09,4.54,4.98,5.61,6.42,7.45,8.75,0.06,0.00,0.18,Suporte Forte,0,0
2023-07-17,2.65,3.50,4.02,4.44,4.87,5.47,6.24,7.22,8.46,0.06,0.00,0.18,Suporte Forte,0,0
2023-07-18,2.65,3.46,3.96,4.37,4.78,5.35,6.09,7.03,8.22,0.08,0.00,0.16,Suporte Forte,0,0
2023-07-19,2.65,3.46,3.96,4.36,4.77,5.35,6.08,7.01,8.20,0.13,0.00,0.11,Suporte Forte,0,0
2023-07-20,2.65,3.46,3.96,4.36,4.77,5.35,6.08,7.01,8.20,0.15,0.00,0.09,Suporte Forte,0,0
2023-07-21,2.65,3.46,3.96,4.36,4.77,5.35,6.08,7.01,8.20,0.13,0.00,0.11,Suporte Forte,0,0
2023-07-24,2.65,3.46,3.96,4.36,4.77,5.35,6.08,7.01,8.20,0.13,0.00,0.11,Suporte Forte,0,0
2023-07-25,2.65,3.44,3.93,4.32,4.72,5.28,6.00,6.91,8.07,0.09,0.00,0.15,Suporte Forte,0,0
2023-07-26,2.65,3.44,3.93,4.32,4.72,5.28,6.00,6.91,8.07,0.09,0.00,0.15,Suporte Forte,0,0
2023-07-27,2.65,3.44,3.93,4.32,4.72,5.28,6.00,6.91,8.07,0.04,0.00,0.20,Suporte Forte,0,0
2023-07-28,2.65,3.44,3.93,4.32,4.72,5.28,6.00,6.91,8.07,0.07,0.00,0.17,Suporte Forte,0,0
2023-07-31,2.65,3.44,3.93,4.32,4.71,5.28,5.99,6.90,8.05,0.07,0.00,0.17,Suporte Forte,0,0
2023-08-01,2.65,3.42,3.90,4.28,4.67,5.22,5.92,6.81,7.94,0.03,0.00,0.21,Suporte Forte,0,0
2023-08-02,2.65,3.39,3.84,4.21,4.58,5.10,5.77,6.62,7.70,0.02,0.00,0.22,Suporte Forte,0,0
2023-08-03,2.65,3.39,3.84,4.21,4.58,5.10,5.77,6.62,7.70,0.03,0.00,0.21,Suporte Forte,0,0
2023-08-04,2.65,3.39,3.84,4.21,4.58,5.10,5.77,6.62,7.70,0.02,0.00,0.22,Suporte Forte,0,0
2023-08-07,2.65,3.39,3.84,4.21,4.58,5.10,5.77,6.62,7.70,0.01,0.00,0.23,Suporte Forte,0,0
2023-08-08,2.58,3.33,3.80,4.18,4.55,5.09,5.77,6.64,7.74,0.10,0.00,0.14,Suporte Forte,0,0
2023-08-09,2.58,3.31,3.76,4.12,4.48,5.00,5.66,6.50,7.56,0.09,0.00,0.15,Suporte Forte,0,0
2023-08-10,2.58,3.28,3.71,4.06,4.42,4.91,5.55,6.36,7.39,0.09,0.00,0.15,Suporte Forte,0,0
2023-08-11,2.58,3.22,3.62,3.94,4.26,4.72,5.30,6.04,6.98,0.07,0.00,0.17,Suporte Forte,0,0
2023-08-14,2.58,3.20,3.58,3.89,4.20,4.64,5.20,5.91,6.82,0.03,0.00,0.21,Suporte Forte,0,0
2023-08-15,2.56,3.18,3.56,3.87,4.18,4.62,5.18,5.89,6.80,0.03,0.00,0.21,Suporte Forte,0,0
2023-08-16,2.56,3.16,3.53,3.83,4.13,4.56,5.10,5.79,6.67,0.06,0.00,0.18,Suporte Forte,0,0
2023-08-17,2.56,3.14,3.50,3.78,4.07,4.49,5.01,5.68,6.52,0.04,0.00,0.20,Suporte Forte,0,0
2023-08-18,2.56,3.12,3.46,3.74,4.02,4.41,4.92,5.56,6.38,0.02,0.00,0.22,Suporte Forte,0,0
2023-08-21,2.56,3.12,3.46,3.74,4.02,4.41,4.92,5.56,6.38,0.01,0.00,0.23,Suporte Forte,0,0
2023-08-22,2.56,3.12,3.46,3.74,4.02,4.41,4.92,5.56,6.38,0.01,0.00,0.23,Suporte Forte,0,0
2023-08-23,2.52,3.05,3.38,3.64,3.91,4.29,4.77,5.38,6.16,0.00,0.00,0.24,Suporte Forte,0,0
2023-08-24,2.50,3.04,3.37,3.64,3.90,4.28,4.77,5.39,6.17,0.02,0.00,0.22,Suporte Forte,0,0
2023-08-25,2.44,2.78,2.99,3.16,3.33,3.57,3.88,4.27,4.77,0.01,0.00,0.23,Suporte Forte,0,0
2023-08-28,2.44,2.77,2.97,3.14,3.30,3.53,3.83,4.21,4.69,0.01,0.00,0.23,Suporte Forte,0,0
2023-08-29,2.34,2.69,2.91,3.08,3.26,3.51,3.83,4.24,4.75,0.04,0.00,0.20,Suporte Forte,0,0
2023-08-30,2.19,2.54,2.76,2.93,3.10,3.35,3.67,4.07,4.58,0.07,0.00,0.17,Suporte Forte,0,0
2023-08-31,2.19,2.54,2.76,2.93,3.10,3.35,3.67,4.07,4.58,0.06,0.00,0.18,Suporte Forte,0,0
2023-09-01,2.19,2.52,2.72,2.88,3.04,3.27,3.57,3.95,4.42,0.04,0.00,0.20,Suporte Forte,0,0
2023-09-05,2.17,2.42,2.57,2.70,2.83,3.00,3.23,3.52,3.89,0.08,0.00,0.16,Suporte Forte,0,0
2023-09-06,2.17,2.42,2.57,2.70,2.83,3.00,3.23,3.52,3.89,0.10,0.00,0.14,Suporte Forte,0,0
2023-09-07,2.10,2.37,2.53,2.66,2.80,2.99,3.23,3.54,3.93,0.08,0.00,0.16,Suporte Forte,0,0
2023-09-08,2.01,2.30,2.48,2.62,2.76,2.97,3.23,3.56,3.98,0.10,0.00,0.14,Suporte Forte,0,0
2023-09-11,1.79,2.13,2.34,2.51,2.68,2.92,3.23,3.62,4.12,0.00,0.00,0.24,Suporte Forte,0,0
2023-09-12,1.79,2.13,2.34,2.51,2.68,2.92,3.23,3.62,4.12,0.08,0.00,0.16,Suporte Forte,0,0
2023-09-13,1.79,2.13,2.34,2.51,2.68,2.92,3.23,3.62,4.12,0.08,0.00,0.16,Suporte Forte,0,0
2023-09-14,1.75,2.10,2.32,2.49,2.66,2.91,3.23,3.63,4.14,0.07,0.00,0.17,Suporte Forte,0,0
2023-09-15,1.75,2.10,2.32,2.49,2.66,2.91,3.23,3.63,4.14,0.08,0.00,0.16,Suporte Forte,0,0
2023-09-18,1.75,2.10,2.32,2.49,2.66,2.91,3.23,3.63,4.14,0.05,0.00,0.19,Suporte Forte,0,0
2023-09-19,1.75,2.10,2.32,2.49,2.66,2.91,3.23,3.63,4.14,0.06,0.00,0.18,Suporte Forte,0,0
2023-09-20,1.55,1.95,2.19,2.39,2.59,2.87,3.23,3.69,4.27,0.01,0.00,0.23,Suporte Forte,0,0
2023-09-21,1.55,1.95,2.19,2.39,2.59,2.87,3.23,3.69,4.27,0.02,0.00,0.22,Suporte Forte,0,0
2023-09-22,1.55,1.95,2.19,2.39,2.59,2.87,3.23,3.69,4.27,0.00,0.00,0.24,Suporte Forte,0,0
2023-09-25,1.53,1.93,2.18,2.38,2.58,2.87,3.23,3.69,4.28,0.05,0.00,0.19,Suporte Forte,0,0
2023-09-26,1.52,1.92,2.17,2.38,2.58,2.86,3.23,3.70,4.29,0.02,0.00,0.22,Suporte Forte,0,0
2023-09-27,1.48,1.89,2.15,2.36,2.56,2.86,3.23,3.71,4.31,0.01,0.00,0.23,Suporte Forte,0,0
2023-09-28,1.48,1.89,2.15,2.36,2.56,2.86,3.23,3.71,4.31,0.03,0.00,0.21,Suporte Forte,0,0
2023-09-29,1.48,1.89,2.15,2.36,2.56,2.86,3.23,3.71,4.31,0.05,0.00,0.19,Suporte Forte,0,0
2023-10-02,1.48,1.89,2.15,2.36,2.56,2.86,3.23,3.71,4.31,0.14,0.00,0.10,Suporte Forte,0,0
2023-10-03,1.48,1.86,2.10,2.28,2.47,2.75,3.09,3.53,4.08,0.17,0.00,0.07,Suporte Forte,0,0
2023-10-04,1.48,1.84,2.06,2.24,2.43,2.68,3.01,3.43,3.96,0.16,0.00,0.08,Suporte Forte,0,0
2023-10-05,1.47,1.83,2.05,2.23,2.41,2.66,2.99,3.40,3.93,0.00,0.00,0.24,Suporte Forte,0,0
2023-10-06,1.46,1.82,2.04,2.22,2.41,2.66,2.99,3.41,3.94,0.05,0.00,0.19,Suporte Forte,0,0
2023-10-09,1.41,1.78,2.01,2.20,2.39,2.65,2.99,3.42,3.97,0.01,0.00,0.23,Suporte Forte,0,0
2023-10-10,1.37,1.75,1.99,2.18,2.37,2.64,2.99,3.43,3.99,0.06,0.00,0.18,Suporte Forte,0,0
2023-10-11,1.37,1.75,1.99,2.18,2.37,2.64,2.99,3.43,3.99,0.01,0.00,0.23,Suporte Forte,0,0
2023-10-12,1.30,1.70,1.95,2.14,2.34,2.63,2.99,3.45,4.03,0.05,0.00,0.19,Suporte Forte,0,0
2023-10-13,1.30,1.70,1.95,2.14,2.34,2.63,2.99,3.45,4.03,0.05,0.00,0.19,Suporte Forte,0,0
2023-10-16,1.30,1.70,1.95,2.14,2.34,2.63,2.99,3.45,4.03,0.10,0.00,0.14,Suporte Forte,0,0
2023-10-17,1.30,1.70,1.95,2.14,2.34,2.63,2.99,3.45,4.03,0.10,0.00,0.14,Suporte Forte,0,0
2023-10-18,1.30,1.70,1.95,2.14,2.34,2.63,2.99,3.45,4.03,0.04,0.00,0.20,Suporte Forte,0,0
2023-10-19,1.25,1.63,1.87,2.06,2.26,2.53,2.88,3.32,3.89,0.04,0.00,0.20,Suporte Forte,0,0
2023-10-20,1.25,1.63,1.86,2.05,2.24,2.51,2.85,3.29,3.84,0.03,0.00,0.21,Suporte Forte,0,0
2023-10-23,1.21,1.59,1.83,2.01,2.20,2.48,2.82,3.26,3.81,0.00,0.00,0.24,Suporte Forte,0,0
2023-10-24,1.15,1.54,1.79,1.98,2.18,2.46,2.82,3.27,3.85,0.00,0.00,0.24,Suporte Forte,0,0
2023-10-25,1.06,1.48,1.73,1.94,2.15,2.44,2.82,3.30,3.91,0.02,0.00,0.22,Suporte Forte,0,0
2023-10-26,1.00,1.41,1.67,1.88,2.08,2.38,2.75,3.23,3.83,0.05,0.00,0.19,Suporte Forte,0,0
2023-10-27,1.00,1.41,1.66,1.86,2.07,2.36,2.73,3.20,3.80,0.05,0.00,0.19,Suporte Forte,0,0
2023-10-30,1.00,1.40,1.64,1.84,2.04,2.32,2.68,3.14,3.72,0.07,0.00,0.17,Suporte Forte,0,0
2023-10-31,1.00,1.40,1.64,1.84,2.04,2.32,2.68,3.14,3.72,0.21,0.00,0.03,Suporte Forte,0,0
2023-11-01,1.00,1.37,1.60,1.79,1.98,2.24,2.58,3.01,3.56,0.21,0.00,0.03,Suporte Forte,0,0
2023-11-02,1.00,1.37,1.60,1.79,1.98,2.24,2.58,3.01,3.56,0.25,0.24,0.13,Suporte,0,0
2023-11-03,1.00,1.37,1.59,1.78,1.96,2.22,2.55,2.97,3.51,0.27,0.24,0.11,Suporte,0,0
2023-11-06,1.00,1.35,1.56,1.74,1.91,2.16,2.47,2.87,3.38,0.27,0.24,0.11,Suporte,0,0
2023-11-07,1.00,1.35,1.56,1.74,1.91,2.16,2.47,2.87,3.38,0.22,0.00,0.02,Suporte Forte,0,0
2023-11-08,1.00,1.34,1.56,1.73,1.90,2.15,2.46,2.86,3.36,0.21,0.00,0.03,Suporte Forte,0,0
2023-11-09,1.00,1.33,1.53,1.70,1.87,2.10,2.40,2.78,3.27,0.16,0.00,0.08,Suporte Forte,0,0
2023-11-10,1.00,1.31,1.50,1.66,1.82,2.04,2.32,2.68,3.14,0.15,0.00,0.09,Suporte Forte,0,0
2023-11-13,1.00,1.31,1.50,1.66,1.82,2.04,2.32,2.68,3.14,0.11,0.00,0.13,Suporte Forte,0,0
2023-11-14,1.00,1.31,1.50,1.66,1.82,2.04,2.32,2.68,3.14,0.22,0.00,0.02,Suporte Forte,0,0
2023-11-15,1.00,1.29,1.47,1.62,1.76,1.97,2.23,2.56,2.99,0.32,0.24,0.06,Suporte,0,0
2023-11-16,1.00,1.28,1.46,1.60,1.74,1.94,2.20,2.53,2.94,0.25,0.24,0.13,Suporte,0,0
2023-11-17,1.00,1.26,1.42,1.54,1.67,1.86,2.09,2.39,2.76,0.28,0.24,0.10,Suporte,0,0
2023-11-20,1.00,1.26,1.42,1.54,1.67,1.86,2.09,2.39,2.76,0.28,0.24,0.10,Suporte,0,0
2023-11-21,1.00,1.24,1.38,1.50,1.62,1.79,2.00,2.27,2.62,0.30,0.24,0.08,Suporte,0,0
2023-11-22,1.00,1.24,1.38,1.50,1.62,1.79,2.00,2.27,2.62,0.32,0.24,0.06,Suporte,0,0
2023-11-24,1.00,1.23,1.37,1.48,1.59,1.75,1.96,2.22,2.55,0.33,0.24,0.05,Suporte,0,0
2023-11-27,1.00,1.21,1.34,1.45,1.56,1.71,1.90,2.14,2.46,0.27,0.24,0.11,Suporte,0,0
2023-11-28,1.00,1.20,1.33,1.43,1.53,1.68,1.86,2.09,2.39,0.29,0.24,0.09,Suporte,0,0
2023-11-29,1.00,1.20,1.33,1.43,1.53,1.68,1.86,2.09,2.39,0.22,0.00,0.02,Suporte Forte,0,0
2023-11-30,1.00,1.19,1.31,1.40,1.49,1.63,1.80,2.02,2.29,0.31,0.24,0.07,Suporte,0,0
2023-12-01,1.00,1.19,1.31,1.40,1.49,1.63,1.80,2.02,2.29,0.36,0.24,0.02,Suporte,0,0
2023-12-04,1.00,1.19,1.31,1.40,1.49,1.63,1.80,2.02,2.29,0.43,0.38,0.07,Zona de Consolidação,0,0
2023-12-05,1.00,1.19,1.31,1.40,1.49,1.63,1.80,2.02,2.29,0.35,0.24,0.03,Suporte,0,0
2023-12-06,1.00,1.19,1.31,1.40,1.49,1.63,1.80,2.02,2.29,0.31,0.24,0.07,Suporte,0,0
2023-12-07,1.00,1.19,1.31,1.40,1.49,1.63,1.80,2.02,2.29,0.26,0.24,0.12,Suporte,0,0
2023-12-08,1.00,1.19,1.31,1.40,1.49,1.63,1.80,2.02,2.29,0.25,0.24,0.13,Suporte,0,0
2023-12-11,1.00,1.19,1.31,1.40,1.49,1.63,1.80,2.02,2.29,0.25,0.24,0.13,Suporte,0,0
2023-12-12,1.00,1.19,1.31,1.40,1.49,1.63,1.80,2.02,2.29,0.25,0.24,0.13,Suporte,0,0
2023-12-13,1.00,1.19,1.31,1.40,1.49,1.63,1.80,2.02,2.29,0.24,0.24,0.14,Suporte,0,0
2023-12-14,1.00,1.17,1.28,1.37,1.46,1.58,1.74,1.94,2.20,0.22,0.00,0.02,Suporte Forte,0,0
2023-12-15,1.00,1.13,1.21,1.27,1.34,1.43,1.55,1.70,1.89,0.29,0.24,0.09,Suporte,0,0
2023-12-18,1.00,1.13,1.21,1.27,1.34,1.43,1.55,1.70,1.89,0.35,0.24,0.03,Suporte,0,0
2023-12-19,1.00,1.13,1.21,1.27,1.34,1.43,1.55,1.70,1.89,0.36,0.24,0.02,Suporte,1,0
2023-12-20,1.00,1.13,1.21,1.27,1.34,1.43,1.55,1.70,1.89,0.38,0.24,0.00,Suporte,1,0
2023-12-21,1.00,1.13,1.21,1.27,1.34,1.43,1.55,1.70,1.89,0.55,0.50,0.07,Zona de Consolidação,0,0
2023-12-22,1.00,1.16,1.26,1.34,1.43,1.54,1.69,1.88,2.12,0.96,0.79,0.04,Resistência Forte,0,0
2023-12-26,1.00,1.31,1.51,1.66,1.82,2.05,2.33,2.69,3.15,0.96,0.79,0.04,Resistência Forte,0,0
2023-12-27,1.00,1.63,2.02,2.34,2.65,3.10,3.67,4.40,5.32,0.90,0.79,0.10,Resistência Forte,0,0
2023-12-28,1.00,1.71,2.14,2.50,2.85,3.35,3.99,4.80,5.84,0.94,0.79,0.06,Resistência Forte,0,0
2023-12-29,1.00,1.71,2.14,2.50,2.85,3.35,3.99,4.80,5.84,0.82,0.79,0.18,Resistência Forte,0,0
2024-01-02,1.00,1.71,2.14,2.50,2.85,3.35,3.99,4.80,5.84,0.69,0.62,0.10,Resistência,0,0
2024-01-03,1.00,1.71,2.14,2.50,2.85,3.35,3.99,4.80,5.84,0.71,0.62,0.08,Resistência,0,0
2024-01-04,1.00,1.71,2.14,2.50,2.85,3.35,3.99,4.80,5.84,0.74,0.62,0.05,Resistência,0,0
2024-01-05,1.00,1.71,2.14,2.50,2.85,3.35,3.99,4.80,5.84,0.79,0.79,0.21,Resistência Forte,0,1
2024-01-08,1.00,1.71,2.14,2.50,2.85,3.35,3.99,4.80,5.84,0.83,0.79,0.17,Resistência Forte,0,0
2024-01-09,1.04,1.79,2.25,2.62,3.00,3.53,4.21,5.07,6.17,1.00,1.00,0.27,Resistência Forte,0,1
2024-01-10,1.06,1.93,2.46,2.90,3.33,3.94,4.73,5.73,7.00,0.97,0.79,0.03,Resistência Forte,0,0
2024-01-11,1.06,1.93,2.46,2.90,3.33,3.94,4.73,5.73,7.00,0.74,0.62,0.05,Resistência,0,0
2024-01-12,1.13,1.98,2.51,2.93,3.35,3.96,4.73,5.71,6.95,0.73,0.62,0.06,Resistência,0,0
2024-01-16,1.13,1.98,2.51,2.93,3.35,3.96,4.73,5.71,6.95,0.51,0.50,0.11,Zona de Consolidação,0,0
2024-01-17,1.13,1.98,2.51,2.93,3.35,3.96,4.73,5.71,6.95,0.51,0.50,0.11,Zona de Consolidação,0,0
2024-01-18,1.13,1.98,2.51,2.93,3.35,3.96,4.73,5.71,6.95,0.52,0.50,0.10,Zona de Consolidação,0,0
2024-01-19,1.13,1.98,2.51,2.93,3.35,3.96,4.73,5.71,6.95,0.51,0.50,0.11,Zona de Consolidação,0,0
2024-01-22,1.13,1.98,2.51,2.93,3.35,3.96,4.73,5.71,6.95,0.59,0.50,0.03,Zona de Consolidação,0,0
2024-01-23,1.13,1.98,2.51,2.93,3.35,3.96,4.73,5.71,6.95,0.52,0.50,0.10,Zona de Consolidação,0,0
2024-01-24,1.13,1.98,2.51,2.93,3.35,3.96,4.73,5.71,6.95,0.52,0.50,0.10,Zona de Consolidação,0,0
2024-01-25,1.14,1.99,2.51,2.94,3.36,3.96,4.73,5.71,6.95,0.55,0.50,0.07,Zona de Consolidação,0,0
2024-01-26,1.14,1.99,2.51,2.94,3.36,3.96,4.73,5.71,6.95,0.62,0.62,0.17,Resistência,1,0
2024-01-29,1.15,1.99,2.52,2.94,3.36,3.96,4.73,5.70,6.94,0.59,0.50,0.03,Zona de Consolidação,0,0
2024-01-30,1.15,1.99,2.52,2.94,3.36,3.96,4.73,5.70,6.94,0.62,0.62,0.17,Resistência,1,0
2024-01-31,1.15,1.99,2.52,2.94,3.36,3.96,4.73,5.70,6.94,0.61,0.50,0.01,Zona de Consolidação,1,0
2024-02-01,1.15,1.99,2.52,2.94,3.36,3.96,4.73,5.70,6.94,0.60,0.50,0.02,Zona de Consolidação,0,0
2024-02-02,1.15,1.99,2.52,2.94,3.36,3.96,4.73,5.70,6.94,0.63,0.62,0.16,Resistência,0,0
2024-02-05,1.15,1.99,2.52,2.94,3.36,3.96,4.73,5.70,6.94,0.62,0.62,0.17,Resistência,1,0
2024-02-06,1.15,1.99,2.52,2.94,3.36,3.96,4.73,5.70,6.94,0.72,0.62,0.07,Resistência,0,0
2024-02-07,1.15,1.99,2.52,2.94,3.36,3.96,4.73,5.70,6.94,0.66,0.62,0.13,Resistência,0,0
2024-02-08,1.15,1.99,2.52,2.94,3.36,3.96,4.73,5.70,6.94,0.66,0.62,0.13,Resistência,0,0
2024-02-09,1.15,1.99,2.52,2.94,3.36,3.96,4.73,5.70,6.94,0.69,0.62,0.10,Resistência,0,0
2024-02-12,1.15,1.99,2.52,2.94,3.36,3.96,4.73,5.70,6.94,0.57,0.50,0.05,Zona de Consolidação,0,0
2024-02-13,1.15,1.99,2.52,2.94,3.36,3.96,4.73,5.70,6.94,0.54,0.50,0.08,Zona de Consolidação,0,0
2024-02-14,1.15,1.99,2.52,2.94,3.36,3.96,4.73,5.70,6.94,0.55,0.50,0.07,Zona de Consolidação,0,0
2024-02-15,1.15,1.99,2.52,2.94,3.36,3.96,4.73,5.70,6.94,0.53,0.50,0.09,Zona de Consolidação,0,0
2024-02-16,1.15,1.99,2.52,2.94,3.36,3.96,4.73,5.70,6.94,0.53,0.50,0.09,Zona de Consolidação,0,0
2024-02-20,1.15,1.99,2.52,2.94,3.36,3.96,4.73,5.70,6.94,0.53,0.50,0.09,Zona de Consolidação,0,0
2024-02-21,1.15,1.99,2.52,2.94,3.36,3.96,4.73,5.70,6.94,0.52,0.50,0.10,Zona de Consolidação,0,0
2024-02-22,1.15,1.99,2.52,2.94,3.36,3.96,4.73,5.70,6.94,0.52,0.50,0.10,Zona de Consolidação,0,0
2024-02-23,1.15,1.99,2.52,2.94,3.36,3.96,4.73,5.70,6.94,0.52,0.50,0.10,Zona de Consolidação,0,0
2024-02-26,1.15,1.99,2.52,2.94,3.36,3.96,4.73,5.70,6.94,0.55,0.50,0.07,Zona de Consolidação,0,0
2024-02-27,1.15,1.99,2.52,2.94,3.36,3.96,4.73,5.70,6.94,0.59,0.50,0.03,Zona de Consolidação,0,0
2024-02-28,1.16,2.00,2.52,2.94,3.37,3.97,4.73,5.70,6.94,0.59,0.50,0.03,Zona de Consolidação,0,0
2024-02-29,1.16,2.00,2.52,2.94,3.37,3.97,4.73,5.70,6.94,0.55,0.50,0.07,Zona de Consolidação,0,0
2024-03-01,1.19,2.03,2.54,2.96,3.38,3.97,4.73,5.69,6.92,0.54,0.50,0.08,Zona de Consolidação,0,0
2024-03-04,1.20,2.03,2.55,2.96,3.38,3.97,4.73,5.69,6.91,0.55,0.50,0.07,Zona de Consolidação,0,0
2024-03-05,1.21,2.04,2.55,2.97,3.39,3.98,4.73,5.69,6.91,0.58,0.50,0.04,Zona de Consolidação,0,0
2024-03-06,1.30,2.11,2.61,3.02,3.42,4.00,4.73,5.66,6.85,0.58,0.50,0.04,Zona de Consolidação,0,0
2024-03-07,1.66,2.38,2.83,3.20,3.56,4.07,4.73,5.57,6.63,0.55,0.50,0.07,Zona de Consolidação,0,0
2024-03-08,2.40,2.95,3.29,3.57,3.84,4.23,4.73,5.36,6.17,0.38,0.24,0.00,Suporte,1,0
2024-03-11,2.84,3.29,3.56,3.78,4.01,4.33,4.73,5.24,5.90,0.28,0.24,0.10,Suporte,0,0
2024-03-12,2.84,3.29,3.56,3.78,4.01,4.33,4.73,5.24,5.90,0.31,0.24,0.07,Suporte,0,0
2024-03-13,2.84,3.29,3.56,3.78,4.01,4.33,4.73,5.24,5.90,0.27,0.24,0.11,Suporte,0,0
2024-03-14,2.84,3.29,3.56,3.78,4.01,4.33,4.73,5.24,5.90,0.27,0.24,0.11,Suporte,0,0
2024-03-15,2.84,3.29,3.56,3.78,4.01,4.33,4.73,5.24,5.90,0.31,0.24,0.07,Suporte,0,0
2024-03-18,2.84,3.29,3.56,3.78,4.01,4.33,4.73,5.24,5.90,0.29,0.24,0.09,Suporte,0,0
2024-03-19,2.84,3.29,3.56,3.78,4.01,4.33,4.73,5.24,5.90,0.29,0.24,0.09,Suporte,0,0
2024-03-20,2.84,3.29,3.56,3.78,4.01,4.33,4.73,5.24,5.90,0.29,0.24,0.09,Suporte,0,0
2024-03-21,2.84,3.29,3.56,3.78,4.01,4.33,4.73,5.24,5.90,0.29,0.24,0.09,Suporte,0,0
2024-03-22,2.84,3.27,3.54,3.76,3.97,4.28,4.67,5.17,5.80,0.34,0.24,0.04,Suporte,0,0
2024-03-25,2.84,3.07,3.21,3.32,3.43,3.59,3.80,4.06,4.39,0.74,0.62,0.05,Resistência,0,0
2024-03-26,2.84,3.07,3.21,3.32,3.43,3.59,3.80,4.06,4.39,0.55,0.50,0.07,Zona de Consolidação,0,0
2024-03-27,2.84,3.07,3.21,3.32,3.43,3.59,3.80,4.06,4.39,0.39,0.38,0.11,Zona de Consolidação,1,0
2024-03-28,2.84,3.07,3.21,3.32,3.43,3.59,3.80,4.06,4.39,0.43,0.38,0.07,Zona de Consolidação,0,0
2024-04-01,2.88,3.10,3.23,3.34,3.45,3.60,3.80,4.05,4.37,0.08,0.00,0.16,Suporte Forte,0,0
2024-04-02,2.70,2.96,3.12,3.25,3.38,3.56,3.80,4.10,4.48,0.24,0.24,0.14,Suporte,0,0
2024-04-03,2.70,2.96,3.12,3.25,3.38,3.56,3.80,4.10,4.48,0.27,0.24,0.11,Suporte,0,0
2024-04-04,2.70,2.96,3.12,3.25,3.38,3.56,3.80,4.10,4.48,0.25,0.24,0.13,Suporte,0,0
2024-04-05,2.70,2.96,3.12,3.25,3.38,3.56,3.80,4.10,4.48,0.23,0.00,0.01,Suporte Forte,0,0
2024-04-08,2.70,2.96,3.12,3.25,3.38,3.56,3.80,4.10,4.48,0.23,0.00,0.01,Suporte Forte,0,0
2024-04-09,2.70,2.96,3.12,3.25,3.38,3.56,3.80,4.10,4.48,0.23,0.00,0.01,Suporte Forte,0,0
2024-04-10,2.70,2.96,3.12,3.25,3.38,3.56,3.80,4.10,4.48,0.23,0.00,0.01,Suporte Forte,0,0
2024-04-11,2.70,2.96,3.12,3.25,3.38,3.56,3.80,4.10,4.48,0.23,0.00,0.01,Suporte Forte,0,0
2024-04-12,2.70,2.96,3.12,3.25,3.38,3.56,3.80,4.10,4.48,0.24,0.24,0.14,Suporte,0,0
2024-04-15,2.70,2.96,3.12,3.25,3.38,3.56,3.80,4.10,4.48,0.23,0.00,0.01,Suporte Forte,0,0
2024-04-16,2.70,2.96,3.12,3.25,3.38,3.56,3.80,4.10,4.48,0.23,0.00,0.01,Suporte Forte,0,0
2024-04-17,2.70,2.96,3.12,3.25,3.38,3.56,3.80,4.10,4.48,0.21,0.00,0.03,Suporte Forte,0,0
2024-04-18,2.70,2.95,3.10,3.22,3.35,3.53,3.75,4.04,4.40,0.24,0.24,0.14,Suporte,0,0
2024-04-19,2.70,2.94,3.09,3.21,3.33,3.50,3.72,4.00,4.35,0.25,0.24,0.13,Suporte,0,0
2024-04-22,2.70,2.94,3.09,3.21,3.33,3.50,3.72,4.00,4.35,0.07,0.00,0.17,Suporte Forte,0,0
2024-04-23,2.70,2.93,3.07,3.18,3.30,3.46,3.67,3.93,4.27,0.11,0.00,0.13,Suporte Forte,0,0
2024-04-24,2.50,2.76,2.92,3.05,3.18,3.36,3.60,3.90,4.28,0.05,0.00,0.19,Suporte Forte,0,0
2024-04-25,2.50,2.76,2.92,3.05,3.18,3.36,3.60,3.90,4.28,0.00,0.00,0.24,Suporte Forte,0,0
2024-04-26,2.23,2.55,2.75,2.92,3.08,3.31,3.60,3.97,4.45,0.00,0.00,0.24,Suporte Forte,0,0
2024-04-29,2.10,2.45,2.67,2.85,3.03,3.28,3.60,4.01,4.53,0.00,0.00,0.24,Suporte Forte,0,0
2024-04-30,1.50,2.00,2.30,2.55,2.80,3.15,3.60,4.17,4.90,0.23,0.00,0.01,Suporte Forte,0,0
2024-05-01,1.50,2.00,2.30,2.55,2.80,3.15,3.60,4.17,4.90,0.09,0.00,0.15,Suporte Forte,0,0
2024-05-02,1.50,2.00,2.30,2.55,2.80,3.15,3.60,4.17,4.90,0.08,0.00,0.16,Suporte Forte,0,0
2024-05-03,1.50,2.00,2.30,2.55,2.80,3.15,3.60,4.17,4.90,0.10,0.00,0.14,Suporte Forte,0,0
2024-05-06,1.50,2.00,2.30,2.55,2.80,3.15,3.60,4.17,4.90,0.07,0.00,0.17,Suporte Forte,0,0
2024-05-07,1.50,2.00,2.30,2.55,2.80,3.15,3.60,4.17,4.90,0.02,0.00,0.22,Suporte Forte,0,0
2024-05-08,1.50,2.00,2.30,2.55,2.80,3.15,3.60,4.17,4.90,0.06,0.00,0.18,Suporte Forte,0,0
2024-05-09,1.50,2.00,2.30,2.55,2.80,3.15,3.60,4.17,4.90,0.08,0.00,0.16,Suporte Forte,0,0
2024-05-10,1.50,2.00,2.30,2.55,2.80,3.15,3.60,4.17,4.90,0.23,0.00,0.01,Suporte Forte,0,0
2024-05-13,1.50,2.00,2.30,2.55,2.80,3.15,3.60,4.17,4.90,0.19,0.00,0.05,Suporte Forte,0,0
2024-05-14,1.50,2.00,2.30,2.55,2.80,3.15,3.60,4.17,4.90,0.19,0.00,0.05,Suporte Forte,0,0
2024-05-15,1.50,2.00,2.30,2.55,2.80,3.15,3.60,4.17,4.90,0.10,0.00,0.14,Suporte Forte,0,0
2024-05-16,1.50,2.00,2.30,2.55,2.80,3.15,3.60,4.17,4.90,0.10,0.00,0.14,Suporte Forte,0,0
2024-05-17,1.50,2.00,2.30,2.55,2.80,3.15,3.60,4.17,4.90,0.07,0.00,0.17,Suporte Forte,0,0
2024-05-20,1.50,2.00,2.30,2.55,2.80,3.15,3.60,4.17,4.90,0.08,0.00,0.16,Suporte Forte,0,0
2024-05-21,1.50,2.00,2.30,2.55,2.80,3.15,3.60,4.17,4.90,0.04,0.00,0.20,Suporte Forte,0,0
2024-05-22,1.40,1.92,2.24,2.50,2.76,3.13,3.60,4.20,4.96,0.07,0.00,0.17,Suporte Forte,0,0
2024-05-23,1.40,1.92,2.24,2.50,2.76,3.13,3.60,4.20,4.96,0.10,0.00,0.14,Suporte Forte,0,0
2024-05-24,1.40,1.92,2.24,2.50,2.76,3.13,3.60,4.20,4.96,0.14,0.00,0.10,Suporte Forte,0,0
2024-05-28,1.40,1.92,2.24,2.50,2.76,3.13,3.60,4.20,4.96,0.18,0.00,0.06,Suporte Forte,0,0
2024-05-29,1.40,1.92,2.24,2.50,2.76,3.13,3.60,4.20,4.96,0.37,0.24,0.01,Suporte,1,0
2024-05-30,1.40,1.92,2.24,2.50,2.76,3.13,3.60,4.20,4.96,0.32,0.24,0.06,Suporte,0,0
2024-05-31,1.40,1.92,2.24,2.50,2.76,3.13,3.60,4.20,4.96,0.27,0.24,0.11,Suporte,0,0
2024-06-03,1.40,1.92,2.24,2.50,2.76,3.13,3.60,4.20,4.96,0.17,0.00,0.07,Suporte Forte,0,0
2024-06-04,1.40,1.92,2.24,2.50,2.76,3.13,3.60,4.20,4.96,0.13,0.00,0.11,Suporte Forte,0,0
2024-06-05,1.40,1.92,2.24,2.50,2.76,3.13,3.60,4.20,4.96,0.11,0.00,0.13,Suporte Forte,0,0
2024-06-06,1.40,1.86,2.15,2.38,2.62,2.95,3.37,3.91,4.59,0.29,0.24,0.09,Suporte,0,0
2024-06-07,1.40,1.85,2.12,2.34,2.57,2.89,3.29,3.80,4.46,0.19,0.00,0.05,Suporte Forte,0,0
2024-06-10,1.40,1.83,2.10,2.31,2.52,2.83,3.22,3.72,4.34,0.10,0.00,0.14,Suporte Forte,0,0
2024-06-11,1.40,1.80,2.05,2.25,2.45,2.74,3.10,3.56,4.15,0.08,0.00,0.16,Suporte Forte,0,0
2024-06-12,1.40,1.80,2.05,2.25,2.45,2.74,3.10,3.56,4.15,0.05,0.00,0.19,Suporte Forte,0,0
2024-06-13,1.28,1.71,1.98,2.19,2.40,2.71,3.10,3.60,4.22,0.08,0.00,0.16,Suporte Forte,0,0
2024-06-14,1.28,1.71,1.98,2.19,2.40,2.71,3.10,3.60,4.22,0.08,0.00,0.16,Suporte Forte,0,0
2024-06-17,1.28,1.71,1.98,2.19,2.40,2.71,3.10,3.60,4.22,0.15,0.00,0.09,Suporte Forte,0,0
2024-06-18,1.28,1.71,1.98,2.19,2.40,2.71,3.10,3.60,4.22,0.04,0.00,0.20,Suporte Forte,0,0
2024-06-20,1.28,1.71,1.98,2.19,2.40,2.71,3.10,3.60,4.22,0.03,0.00,0.21,Suporte Forte,0,0
2024-06-21,1.28,1.71,1.98,2.19,2.40,2.71,3.10,3.60,4.22,0.04,0.00,0.20,Suporte Forte,0,0
2024-06-24,1.28,1.71,1.98,2.19,2.40,2.71,3.10,3.60,4.22,0.06,0.00,0.18,Suporte Forte,0,0
2024-06-25,1.28,1.71,1.98,2.19,2.40,2.71,3.10,3.60,4.22,0.07,0.00,0.17,Suporte Forte,0,0
2024-06-26,1.28,1.71,1.98,2.19,2.40,2.71,3.10,3.60,4.22,0.15,0.00,0.09,Suporte Forte,0,0
2024-06-27,1.28,1.71,1.98,2.19,2.40,2.71,3.10,3.60,4.22,0.06,0.00,0.18,Suporte Forte,0,0
2024-06-28,1.28,1.71,1.98,2.19,2.40,2.71,3.10,3.60,4.22,0.05,0.00,0.19,Suporte Forte,0,0
2024-07-01,1.28,1.71,1.98,2.19,2.40,2.71,3.10,3.60,4.22,0.04,0.00,0.20,Suporte Forte,0,0
2024-07-02,1.28,1.67,1.91,2.10,2.30,2.58,2.93,3.38,3.95,0.07,0.00,0.17,Suporte Forte,0,0
2024-07-03,1.28,1.66,1.89,2.08,2.27,2.54,2.88,3.32,3.87,0.07,0.00,0.17,Suporte Forte,0,0
2024-07-05,1.28,1.63,1.85,2.03,2.21,2.46,2.78,3.19,3.71,0.05,0.00,0.19,Suporte Forte,0,0
2024-07-08,1.28,1.58,1.77,1.92,2.06,2.28,2.55,2.90,3.33,0.02,0.00,0.22,Suporte Forte,0,0
2024-07-09,1.28,1.57,1.75,1.89,2.03,2.24,2.50,2.83,3.25,0.04,0.00,0.20,Suporte Forte,0,0
2024-07-10,1.28,1.57,1.74,1.89,2.03,2.23,2.49,2.82,3.24,0.09,0.00,0.15,Suporte Forte,0,0
2024-07-11,1.28,1.57,1.74,1.89,2.03,2.23,2.49,2.82,3.24,0.08,0.00,0.16,Suporte Forte,0,0
2024-07-12,1.28,1.57,1.74,1.89,2.03,2.23,2.49,2.82,3.24,0.11,0.00,0.13,Suporte Forte,0,0
2024-07-15,1.28,1.57,1.74,1.89,2.03,2.23,2.49,2.82,3.24,0.15,0.00,0.09,Suporte Forte,0,0
2024-07-16,1.28,1.57,1.74,1.89,2.03,2.23,2.49,2.82,3.24,0.12,0.00,0.12,Suporte Forte,0,0
2024-07-17,1.28,1.57,1.74,1.89,2.03,2.23,2.49,2.82,3.24,0.10,0.00,0.14,Suporte Forte,0,0
2024-07-18,1.28,1.57,1.74,1.89,2.03,2.23,2.49,2.82,3.24,0.08,0.00,0.16,Suporte Forte,0,0
2024-07-19,1.28,1.57,1.74,1.89,2.03,2.23,2.49,2.82,3.24,0.09,0.00,0.15,Suporte Forte,0,0
2024-07-22,1.28,1.57,1.74,1.89,2.03,2.23,2.49,2.82,3.24,0.14,0.00,0.10,Suporte Forte,0,0
2024-07-23,1.28,1.57,1.74,1.89,2.03,2.23,2.49,2.82,3.24,0.18,0.00,0.06,Suporte Forte,0,0
2024-07-24,1.28,1.57,1.74,1.89,2.03,2.23,2.49,2.82,3.24,0.18,0.00,0.06,Suporte Forte,0,0
2024-07-25,1.28,1.57,1.74,1.89,2.03,2.23,2.49,2.82,3.24,0.37,0.24,0.01,Suporte,1,0
2024-07-26,1.28,1.57,1.74,1.89,2.03,2.23,2.49,2.82,3.24,0.34,0.24,0.04,Suporte,0,0
2024-07-29,1.28,1.57,1.74,1.89,2.03,2.23,2.49,2.82,3.24,0.37,0.24,0.01,Suporte,1,0
2024-07-30,1.28,1.57,1.74,1.89,2.03,2.23,2.49,2.82,3.24,0.31,0.24,0.07,Suporte,0,0
2024-07-31,1.28,1.57,1.74,1.89,2.03,2.23,2.49,2.82,3.24,0.32,0.24,0.06,Suporte,0,0
2024-08-01,1.28,1.57,1.74,1.89,2.03,2.23,2.49,2.82,3.24,0.36,0.24,0.02,Suporte,0,0
2024-08-02,1.28,1.57,1.74,1.89,2.03,2.23,2.49,2.82,3.24,0.21,0.00,0.03,Suporte Forte,0,0
2024-08-05,1.27,1.56,1.74,1.88,2.02,2.23,2.49,2.82,3.24,0.11,0.00,0.13,Suporte Forte,0,0
2024-08-06,1.27,1.56,1.74,1.88,2.02,2.23,2.49,2.82,3.24,0.17,0.00,0.07,Suporte Forte,0,0
2024-08-07,1.27,1.56,1.74,1.88,2.02,2.23,2.49,2.82,3.24,0.15,0.00,0.09,Suporte Forte,0,0
2024-08-08,1.27,1.56,1.74,1.88,2.02,2.23,2.49,2.82,3.24,0.16,0.00,0.08,Suporte Forte,0,0
2024-08-09,1.27,1.54,1.70,1.84,1.97,2.16,2.40,2.71,3.10,0.18,0.00,0.06,Suporte Forte,0,0
2024-08-12,1.27,1.47,1.59,1.69,1.79,1.93,2.11,2.34,2.63,0.35,0.24,0.03,Suporte,0,0
2024-08-13,1.27,1.45,1.56,1.64,1.73,1.86,2.02,2.22,2.48,0.33,0.24,0.05,Suporte,0,0
2024-08-14,1.27,1.45,1.56,1.64,1.73,1.86,2.02,2.22,2.48,0.43,0.38,0.07,Zona de Consolidação,0,0
2024-08-15,1.27,1.45,1.56,1.64,1.73,1.86,2.02,2.22,2.48,0.48,0.38,0.02,Zona de Consolidação,0,0
2024-08-16,1.27,1.45,1.56,1.64,1.73,1.86,2.02,2.22,2.48,0.35,0.24,0.03,Suporte,0,0
2024-08-19,1.27,1.42,1.52,1.60,1.67,1.78,1.92,2.10,2.32,0.60,0.50,0.02,Zona de Consolidação,1,0
2024-08-20,1.27,1.41,1.49,1.56,1.63,1.73,1.85,2.01,2.21,0.79,0.79,0.21,Resistência Forte,0,1
2024-08-21,1.27,1.41,1.49,1.56,1.63,1.73,1.85,2.01,2.21,0.83,0.79,0.17,Resistência Forte,0,0
2024-08-22,1.27,1.41,1.49,1.56,1.63,1.73,1.85,2.01,2.21,0.72,0.62,0.07,Resistência,0,0
2024-08-23,1.27,1.41,1.49,1.56,1.63,1.73,1.85,2.01,2.21,0.74,0.62,0.05,Resistência,0,0
2024-08-26,1.27,1.41,1.49,1.56,1.63,1.73,1.85,2.01,2.21,0.74,0.62,0.05,Resistência,0,0
2024-08-27,1.27,1.43,1.53,1.60,1.68,1.80,1.94,2.12,2.35,0.87,0.79,0.13,Resistência Forte,0,0
2024-08-28,1.27,1.43,1.53,1.60,1.68,1.80,1.94,2.12,2.35,0.72,0.62,0.07,Resistência,0,0
2024-08-29,1.27,1.43,1.53,1.60,1.68,1.80,1.94,2.12,2.35,0.88,0.79,0.12,Resistência Forte,0,0
2024-08-30,1.27,1.43,1.53,1.60,1.68,1.80,1.94,2.12,2.35,0.87,0.79,0.13,Resistência Forte,0,0
2024-09-03,1.27,1.43,1.53,1.60,1.68,1.80,1.94,2.12,2.35,0.73,0.62,0.06,Resistência,0,0
2024-09-04,1.27,1.43,1.53,1.60,1.68,1.80,1.94,2.12,2.35,0.79,0.79,0.21,Resistência Forte,0,1
2024-09-05,1.27,1.43,1.53,1.60,1.68,1.80,1.94,2.12,2.35,0.87,0.79,0.13,Resistência Forte,0,0
2024-09-06,1.27,1.43,1.53,1.60,1.68,1.80,1.94,2.12,2.35,0.85,0.79,0.15,Resistência Forte,0,0
2024-09-09,1.27,1.43,1.53,1.60,1.68,1.80,1.94,2.12,2.35,0.82,0.79,0.18,Resistência Forte,0,0
2024-09-10,1.27,1.43,1.53,1.60,1.68,1.80,1.94,2.12,2.35,0.76,0.62,0.03,Resistência,0,0
2024-09-11,1.27,1.43,1.53,1.60,1.68,1.80,1.94,2.12,2.35,0.82,0.79,0.18,Resistência Forte,0,0
2024-09-12,1.27,1.43,1.53,1.60,1.68,1.80,1.94,2.12,2.35,0.85,0.79,0.15,Resistência Forte,0,0
2024-09-13,1.27,1.43,1.53,1.60,1.68,1.80,1.94,2.12,2.35,0.93,0.79,0.07,Resistência Forte,0,0
2024-09-16,1.27,1.53,1.70,1.83,1.96,2.15,2.39,2.69,3.08,0.96,0.79,0.04,Resistência Forte,0,0
2024-09-17,1.27,1.55,1.72,1.86,2.01,2.21,2.46,2.78,3.20,0.67,0.62,0.12,Resistência,0,0
2024-09-18,1.27,1.55,1.72,1.86,2.01,2.21,2.46,2.78,3.20,0.55,0.50,0.07,Zona de Consolidação,0,0
2024-09-19,1.27,1.55,1.72,1.86,2.01,2.21,2.46,2.78,3.20,0.61,0.50,0.01,Zona de Consolidação,1,0
2024-09-20,1.27,1.55,1.72,1.86,2.01,2.21,2.46,2.78,3.20,0.45,0.38,0.05,Zona de Consolidação,0,0
2024-09-23,1.27,1.55,1.72,1.86,2.01,2.21,2.46,2.78,3.20,0.50,0.50,0.12,Zona de Consolidação,0,0
2024-09-24,1.27,1.55,1.72,1.86,2.01,2.21,2.46,2.78,3.20,0.51,0.50,0.11,Zona de Consolidação,0,0
2024-09-25,1.27,1.55,1.72,1.86,2.01,2.21,2.46,2.78,3.20,0.53,0.50,0.09,Zona de Consolidação,0,0
2024-09-26,1.27,1.55,1.72,1.86,2.01,2.21,2.46,2.78,3.20,0.54,0.50,0.08,Zona de Consolidação,0,0
2024-09-27,1.27,1.55,1.72,1.86,2.01,2.21,2.46,2.78,3.20,0.55,0.50,0.07,Zona de Consolidação,0,0
2024-09-30,1.27,1.55,1.72,1.86,2.01,2.21,2.46,2.78,3.20,0.49,0.38,0.01,Zona de Consolidação,0,0
2024-10-01,1.27,1.55,1.72,1.86,2.01,2.21,2.46,2.78,3.20,0.61,0.50,0.01,Zona de Consolidação,1,0
2024-10-02,1.27,1.55,1.72,1.86,2.01,2.21,2.46,2.78,3.20,0.61,0.50,0.01,Zona de Consolidação,1,0
2024-10-03,1.27,1.55,1.72,1.86,2.01,2.21,2.46,2.78,3.20,0.61,0.50,0.01,Zona de Consolidação,1,0
2024-10-04,1.27,1.55,1.72,1.86,2.01,2.21,2.46,2.78,3.20,0.61,0.50,0.01,Zona de Consolidação,1,0
2024-10-07,1.27,1.55,1.72,1.86,2.01,2.21,2.46,2.78,3.20,0.61,0.50,0.01,Zona de Consolidação,1,0
2024-10-08,1.27,1.55,1.72,1.86,2.01,2.21,2.46,2.78,3.20,0.57,0.50,0.05,Zona de Consolidação,0,0
2024-10-09,1.27,1.55,1.72,1.86,2.01,2.21,2.46,2.78,3.20,0.61,0.50,0.01,Zona de Consolidação,1,0
2024-10-10,1.27,1.55,1.72,1.86,2.01,2.21,2.46,2.78,3.20,0.58,0.50,0.04,Zona de Consolidação,0,0
2024-10-11,1.27,1.55,1.72,1.86,2.01,2.21,2.46,2.78,3.20,0.61,0.50,0.01,Zona de Consolidação,1,0
2024-10-14,1.27,1.55,1.72,1.86,2.01,2.21,2.46,2.78,3.20,0.61,0.50,0.01,Zona de Consolidação,1,0
2024-10-15,1.37,1.63,1.79,1.92,2.04,2.23,2.46,2.76,3.13,0.58,0.50,0.04,Zona de Consolidação,0,0
2024-10-16,1.37,1.63,1.79,1.92,2.04,2.23,2.46,2.76,3.13,0.58,0.50,0.04,Zona de Consolidação,0,0
2024-10-17,1.37,1.63,1.79,1.92,2.04,2.23,2.46,2.76,3.13,0.56,0.50,0.06,Zona de Consolidação,0,0
2024-10-18,1.37,1.63,1.79,1.92,2.04,2.23,2.46,2.76,3.13,0.56,0.50,0.06,Zona de Consolidação,0,0
2024-10-21,1.37,1.63,1.79,1.92,2.04,2.23,2.46,2.76,3.13,0.52,0.50,0.10,Zona de Consolidação,0,0
2024-10-22,1.37,1.63,1.79,1.92,2.04,2.23,2.46,2.76,3.13,0.49,0.38,0.01,Zona de Consolidação,0,0
2024-10-23,1.37,1.63,1.79,1.92,2.04,2.23,2.46,2.76,3.13,0.44,0.38,0.06,Zona de Consolidação,0,0
2024-10-24,1.37,1.63,1.79,1.92,2.04,2.23,2.46,2.76,3.13,0.35,0.24,0.03,Suporte,0,0
2024-10-25,1.37,1.63,1.79,1.92,2.04,2.23,2.46,2.76,3.13,0.43,0.38,0.07,Zona de Consolidação,0,0
2024-10-28,1.52,1.74,1.88,1.99,2.10,2.26,2.46,2.72,3.04,0.32,0.24,0.06,Suporte,0,0
2024-10-29,1.58,1.79,1.92,2.02,2.12,2.27,2.46,2.70,3.00,0.36,0.24,0.02,Suporte,0,0
2024-10-30,1.58,1.79,1.92,2.02,2.12,2.27,2.46,2.70,3.00,0.20,0.00,0.04,Suporte Forte,0,0
2024-10-31,1.58,1.79,1.92,2.02,2.12,2.27,2.46,2.70,3.00,0.25,0.24,0.13,Suporte,0,0
2024-11-01,1.64,1.83,1.95,2.05,2.15,2.28,2.46,2.68,2.97,0.37,0.24,0.01,Suporte,1,0
2024-11-04,1.68,1.86,1.98,2.07,2.16,2.29,2.46,2.67,2.94,0.37,0.24,0.01,Suporte,1,0
2024-11-05,1.70,1.88,1.99,2.08,2.17,2.30,2.46,2.67,2.93,0.29,0.24,0.09,Suporte,0,0
2024-11-06,1.70,1.88,1.99,2.08,2.17,2.30,2.46,2.67,2.93,0.20,0.00,0.04,Suporte Forte,0,0
2024-11-07,1.70,1.88,1.99,2.08,2.17,2.30,2.46,2.67,2.93,0.24,0.24,0.14,Suporte,0,0
2024-11-08,1.70,1.88,1.99,2.08,2.17,2.30,2.46,2.67,2.93,0.14,0.00,0.10,Suporte Forte,0,0
2024-11-11,1.70,1.88,1.99,2.08,2.17,2.30,2.46,2.67,2.93,0.20,0.00,0.04,Suporte Forte,0,0
2024-11-12,1.70,1.88,1.99,2.08,2.17,2.30,2.46,2.67,2.93,0.13,0.00,0.11,Suporte Forte,0,0
2024-11-13,1.70,1.88,1.99,2.08,2.17,2.30,2.46,2.67,2.93,0.18,0.00,0.06,Suporte Forte,0,0
2024-11-14,1.70,1.88,1.99,2.08,2.17,2.30,2.46,2.67,2.93,0.03,0.00,0.21,Suporte Forte,0,0
2024-11-15,1.70,1.88,1.99,2.08,2.17,2.30,2.46,2.67,2.93,0.00,0.00,0.24,Suporte Forte,0,0
2024-11-18,1.70,1.88,1.99,2.08,2.17,2.30,2.46,2.67,2.93,0.03,0.00,0.21,Suporte Forte,0,0
2024-11-19,1.70,1.88,1.99,2.08,2.17,2.30,2.46,2.67,2.93,0.00,0.00,0.24,Suporte Forte,0,0
2024-11-20,1.69,1.87,1.98,2.08,2.17,2.30,2.46,2.67,2.94,0.01,0.00,0.23,Suporte Forte,0,0
2024-11-21,1.67,1.86,1.97,2.06,2.16,2.29,2.46,2.67,2.95,0.04,0.00,0.20,Suporte Forte,0,0
2024-11-22,1.67,1.86,1.97,2.06,2.16,2.29,2.46,2.67,2.95,0.04,0.00,0.20,Suporte Forte,0,0
2024-11-25,1.67,1.86,1.97,2.06,2.16,2.29,2.46,2.67,2.95,0.01,0.00,0.23,Suporte Forte,0,0
2024-11-26,1.67,1.80,1.87,1.94,2.00,2.09,2.20,2.34,2.53,0.02,0.00,0.22,Suporte Forte,0,0
2024-11-27,1.57,1.72,1.81,1.89,1.96,2.07,2.20,2.37,2.59,0.11,0.00,0.13,Suporte Forte,0,0
2024-11-29,1.57,1.72,1.81,1.89,1.96,2.07,2.20,2.37,2.59,0.21,0.00,0.03,Suporte Forte,0,0
2024-12-02,1.57,1.72,1.81,1.89,1.96,2.07,2.20,2.37,2.59,0.06,0.00,0.18,Suporte Forte,0,0
2024-12-03,1.42,1.60,1.72,1.81,1.90,2.03,2.20,2.41,2.68,0.27,0.24,0.11,Suporte,0,0
2024-12-04,1.42,1.60,1.72,1.81,1.90,2.03,2.20,2.41,2.68,0.31,0.24,0.07,Suporte,0,0
2024-12-05,1.42,1.60,1.72,1.81,1.90,2.03,2.20,2.41,2.68,0.18,0.00,0.06,Suporte Forte,0,0
2024-12-06,1.42,1.60,1.72,1.81,1.90,2.03,2.20,2.41,2.68,0.37,0.24,0.01,Suporte,1,0
2024-12-09,1.42,1.60,1.72,1.81,1.90,2.03,2.20,2.41,2.68,0.62,0.62,0.17,Resistência,1,0
2024-12-10,1.42,1.60,1.72,1.81,1.90,2.03,2.20,2.41,2.68,0.35,0.24,0.03,Suporte,0,0
2024-12-11,1.42,1.60,1.72,1.81,1.90,2.03,2.20,2.41,2.68,0.35,0.24,0.03,Suporte,0,0
2024-12-12,1.42,1.60,1.72,1.81,1.90,2.03,2.20,2.41,2.68,0.23,0.00,0.01,Suporte Forte,0,0
2024-12-13,1.42,1.60,1.72,1.81,1.90,2.03,2.20,2.41,2.68,0.19,0.00,0.05,Suporte Forte,0,0
2024-12-16,1.35,1.55,1.67,1.78,1.88,2.02,2.20,2.43,2.73,0.05,0.00,0.19,Suporte Forte,0,0
2024-12-17,1.35,1.55,1.67,1.78,1.88,2.02,2.20,2.43,2.73,0.27,0.24,0.11,Suporte,0,0
2024-12-18,1.35,1.73,1.97,2.16,2.35,2.62,2.97,3.41,3.97,0.82,0.79,0.18,Resistência Forte,0,0
2024-12-19,1.35,1.95,2.32,2.62,2.91,3.34,3.88,4.57,5.44,0.57,0.50,0.05,Zona de Consolidação,0,0
2024-12-20,1.35,2.17,2.68,3.08,3.49,4.08,4.82,5.76,6.96,1.00,1.00,0.27,Resistência Forte,0,1
2024-12-23,1.35,2.66,3.47,4.12,4.77,5.70,6.89,8.40,10.31,0.66,0.62,0.13,Resistência,0,0
2024-12-24,1.35,2.66,3.47,4.12,4.77,5.70,6.89,8.40,10.31,0.48,0.38,0.02,Zona de Consolidação,0,0
2024-12-26,1.35,2.66,3.47,4.12,4.77,5.70,6.89,8.40,10.31,0.43,0.38,0.07,Zona de Consolidação,0,0
2024-12-27,1.35,2.66,3.47,4.12,4.77,5.70,6.89,8.40,10.31,0.48,0.38,0.02,Zona de Consolidação,0,0
2024-12-30,1.35,2.66,3.47,4.12,4.77,5.70,6.89,8.40,10.31,0.46,0.38,0.04,Zona de Consolidação,0,0
2024-12-31,1.35,2.66,3.47,4.12,4.77,5.70,6.89,8.40,10.31,0.41,0.38,0.09,Zona de Consolidação,0,0
2025-01-02,1.35,2.66,3.47,4.12,4.77,5.70,6.89,8.40,10.31,0.46,0.38,0.04,Zona de Consolidação,0,0
2025-01-03,1.35,2.66,3.47,4.12,4.77,5.70,6.89,8.40,10.31,0.50,0.50,0.12,Zona de Consolidação,0,0
2025-01-06,1.35,2.66,3.47,4.12,4.77,5.70,6.89,8.40,10.31,0.52,0.50,0.10,Zona de Consolidação,0,0
2025-01-07,1.35,2.66,3.47,4.12,4.77,5.70,6.89,8.40,10.31,0.53,0.50,0.09,Zona de Consolidação,0,0
2025-01-08,1.35,2.66,3.47,4.12,4.77,5.70,6.89,8.40,10.31,0.48,0.38,0.02,Zona de Consolidação,0,0
2025-01-10,1.35,2.66,3.47,4.12,4.77,5.70,6.89,8.40,10.31,0.49,0.38,0.01,Zona de Consolidação,0,0
2025-01-13,1.35,2.66,3.47,4.12,4.77,5.70,6.89,8.40,10.31,0.56,0.50,0.06,Zona de Consolidação,0,0
2025-01-14,1.35,2.66,3.47,4.12,4.77,5.70,6.89,8.40,10.31,0.49,0.38,0.01,Zona de Consolidação,0,0
2025-01-15,1.35,2.66,3.47,4.12,4.77,5.70,6.89,8.40,10.31,0.47,0.38,0.03,Zona de Consolidação,0,0
2025-01-16,1.35,2.66,3.47,4.12,4.77,5.70,6.89,8.40,10.31,0.42,0.38,0.08,Zona de Consolidação,0,0
2025-01-17,1.35,2.66,3.47,4.12,4.77,5.70,6.89,8.40,10.31,0.37,0.24,0.01,Suporte,0,0
2025-01-21,1.35,2.66,3.47,4.12,4.77,5.70,6.89,8.40,10.31,0.29,0.24,0.09,Suporte,0,0
2025-01-22,1.35,2.66,3.47,4.12,4.77,5.70,6.89,8.40,10.31,0.18,0.00,0.06,Suporte Forte,0,0
2025-01-23,1.35,2.66,3.47,4.12,4.77,5.70,6.89,8.40,10.31,0.46,0.38,0.04,Zona de Consolidação,0,0
2025-01-24,1.35,2.66,3.47,4.12,4.77,5.70,6.89,8.40,10.31,0.35,0.24,0.03,Suporte,0,0
2025-01-27,1.35,2.66,3.47,4.12,4.77,5.70,6.89,8.40,10.31,0.39,0.38,0.11,Zona de Consolidação,0,0
2025-01-28,1.35,2.66,3.47,4.12,4.77,5.70,6.89,8.40,10.31,0.39,0.38,0.11,Zona de Consolidação,1,0
2025-01-29,1.35,2.66,3.47,4.12,4.77,5.70,6.89,8.40,10.31,0.42,0.38,0.08,Zona de Consolidação,0,0
2025-01-30,1.35,2.66,3.47,4.12,4.77,5.70,6.89,8.40,10.31,0.39,0.38,0.11,Zona de Consolidação,0,0
2025-01-31,1.35,2.66,3.47,4.12,4.77,5.70,6.89,8.40,10.31,0.39,0.38,0.11,Zona de Consolidação,0,0
2025-02-03,1.35,2.66,3.47,4.12,4.77,5.70,6.89,8.40,10.31,0.38,0.24,0.00,Suporte,1,0
2025-02-04,1.35,2.66,3.47,4.12,4.77,5.70,6.89,8.40,10.31,0.40,0.38,0.10,Zona de Consolidação,0,0
2025-02-05,1.35,2.66,3.47,4.12,4.77,5.70,6.89,8.40,10.31,0.36,0.24,0.02,Suporte,0,0
2025-02-06,1.35,2.66,3.47,4.12,4.77,5.70,6.89,8.40,10.31,0.35,0.24,0.03,Suporte,0,0
2025-02-07,1.35,2.66,3.47,4.12,4.77,5.70,6.89,8.40,10.31,0.37,0.24,0.01,Suporte,0,0
2025-02-10,1.35,2.66,3.47,4.12,4.77,5.70,6.89,8.40,10.31,0.30,0.24,0.08,Suporte,0,0
2025-02-11,1.35,2.66,3.47,4.12,4.77,5.70,6.89,8.40,10.31,0.29,0.24,0.09,Suporte,0,0
2025-02-12,1.35,2.66,3.47,4.12,4.77,5.70,6.89,8.40,10.31,0.29,0.24,0.09,Suporte,0,0
2025-02-13,1.35,2.66,3.47,4.12,4.77,5.70,6.89,8.40,10.31,0.29,0.24,0.09,Suporte,0,0
2025-02-14,1.35,2.66,3.47,4.12,4.77,5.70,6.89,8.40,10.31,0.31,0.24,0.07,Suporte,0,0
2025-02-18,1.35,2.66,3.47,4.12,4.77,5.70,6.89,8.40,10.31,0.28,0.24,0.10,Suporte,0,0
2025-02-19,1.35,2.66,3.47,4.12,4.77,5.70,6.89,8.40,10.31,0.25,0.24,0.13,Suporte,0,0
2025-02-20,1.35,2.66,3.47,4.12,4.77,5.70,6.89,8.40,10.31,0.25,0.24,0.13,Suporte,0,0
2025-02-21,1.35,2.66,3.47,4.12,4.77,5.70,6.89,8.40,10.31,0.22,0.00,0.02,Suporte Forte,0,0
2025-02-24,1.35,2.66,3.47,4.12,4.77,5.70,6.89,8.40,10.31,0.24,0.24,0.14,Suporte,0,0
2025-02-25,1.35,2.66,3.47,4.12,4.77,5.70,6.89,8.40,10.31,0.25,0.24,0.13,Suporte,0,0
2025-02-26,1.35,2.66,3.47,4.12,4.77,5.70,6.89,8.40,10.31,0.27,0.24,0.11,Suporte,0,0
2025-02-27,1.35,2.66,3.47,4.12,4.77,5.70,6.89,8.40,10.31,0.26,0.24,0.12,Suporte,0,0
2025-02-28,1.35,2.66,3.47,4.12,4.77,5.70,6.89,8.40,10.31,0.26,0.24,0.12,Suporte,0,0
2025-03-03,1.43,2.72,3.52,4.16,4.80,5.72,6.89,8.38,10.26,0.22,0.00,0.02,Suporte Forte,0,0
2025-03-04,1.78,2.99,3.73,4.34,4.94,5.80,6.89,8.28,10.05,0.13,0.00,0.11,Suporte Forte,0,0
2025-03-05,2.10,3.23,3.93,4.49,5.06,5.86,6.89,8.19,9.85,0.06,0.00,0.18,Suporte Forte,0,0
2025-03-06,2.10,3.23,3.93,4.49,5.06,5.86,6.89,8.19,9.85,0.06,0.00,0.18,Suporte Forte,0,0
2025-03-07,2.10,3.23,3.93,4.49,5.06,5.86,6.89,8.19,9.85,0.04,0.00,0.20,Suporte Forte,0,0
2025-03-10,2.10,3.02,3.59,4.05,4.51,5.17,6.00,7.06,8.41,0.06,0.00,0.18,Suporte Forte,0,0
2025-03-11,2.10,3.02,3.59,4.04,4.50,5.16,5.99,7.05,8.39,0.03,0.00,0.21,Suporte Forte,0,0
2025-03-12,2.04,2.97,3.55,4.02,4.48,5.14,5.99,7.06,8.43,0.01,0.00,0.23,Suporte Forte,0,0
2025-03-13,2.02,2.96,3.54,4.00,4.47,5.14,5.99,7.07,8.44,0.01,0.00,0.23,Suporte Forte,0,0
2025-03-14,2.01,2.85,3.37,3.79,4.21,4.81,5.57,6.54,7.77,0.01,0.00,0.23,Suporte Forte,0,0
2025-03-17,1.91,2.77,3.31,3.74,4.17,4.79,5.57,6.57,7.83,0.05,0.00,0.19,Suporte Forte,0,0
2025-03-18,1.91,2.77,3.31,3.74,4.17,4.79,5.57,6.57,7.83,0.04,0.00,0.20,Suporte Forte,0,0
2025-03-19,1.90,2.77,3.30,3.74,4.17,4.78,5.57,6.57,7.84,0.02,0.00,0.22,Suporte Forte,0,0
2025-03-20,1.90,2.77,3.30,3.74,4.17,4.78,5.57,6.57,7.84,0.01,0.00,0.23,Suporte Forte,0,0
2025-03-21,1.90,2.77,3.30,3.74,4.17,4.78,5.57,6.57,7.84,0.02,0.00,0.22,Suporte Forte,0,0
2025-03-24,1.86,2.74,3.28,3.72,4.15,4.78,5.57,6.58,7.86,0.03,0.00,0.21,Suporte Forte,0,0
2025-03-25,1.86,2.74,3.28,3.72,4.15,4.78,5.57,6.58,7.86,0.03,0.00,0.21,Suporte Forte,0,0
2025-03-26,1.86,2.74,3.28,3.72,4.15,4.78,5.57,6.58,7.86,0.05,0.00,0.19,Suporte Forte,0,0
2025-03-27,1.86,2.74,3.28,3.72,4.15,4.78,5.57,6.58,7.86,0.05,0.00,0.19,Suporte Forte,0,0
2025-03-28,1.86,2.74,3.28,3.72,4.15,4.78,5.57,6.58,7.86,0.02,0.00,0.22,Suporte Forte,0,0
2025-03-31,1.78,2.67,3.23,3.68,4.12,4.76,5.57,6.60,7.91,0.04,0.00,0.20,Suporte Forte,0,0
2025-04-01,1.78,2.67,3.23,3.68,4.12,4.76,5.57,6.60,7.91,0.05,0.00,0.19,Suporte Forte,0,0
2025-04-02,1.76,2.66,3.22,3.66,4.11,4.75,5.57,6.61,7.92,0.05,0.00,0.19,Suporte Forte,0,0
2025-04-03,1.76,2.66,3.22,3.66,4.11,4.75,5.57,6.61,7.92,0.03,0.00,0.21,Suporte Forte,0,0
2025-04-04,1.63,2.24,2.62,2.93,3.24,3.67,4.23,4.94,5.84,0.02,0.00,0.22,Suporte Forte,0,0
2025-04-07,1.55,2.07,2.40,2.66,2.92,3.29,3.77,4.37,5.14,0.00,0.00,0.24,Suporte Forte,0,0
2025-04-08,1.30,1.88,2.24,2.54,2.83,3.24,3.77,4.44,5.30,0.03,0.00,0.21,Suporte Forte,0,0
2025-04-09,1.30,1.88,2.24,2.54,2.83,3.24,3.77,4.44,5.30,0.13,0.00,0.11,Suporte Forte,0,0
2025-04-10,1.30,1.88,2.24,2.54,2.83,3.24,3.77,4.44,5.30,0.08,0.00,0.16,Suporte Forte,0,0
2025-04-11,1.30,1.88,2.24,2.54,2.83,3.24,3.77,4.44,5.30,0.10,0.00,0.14,Suporte Forte,0,0
2025-04-14,1.30,1.84,2.18,2.45,2.72,3.11,3.60,4.23,5.02,0.13,0.00,0.11,Suporte Forte,0,0
2025-04-15,1.30,1.84,2.18,2.45,2.72,3.11,3.60,4.23,5.02,0.17,0.00,0.07,Suporte Forte,0,0
2025-04-16,1.30,1.83,2.16,2.42,2.69,3.07,3.55,4.16,4.94,0.09,0.00,0.15,Suporte Forte,0,0
2025-04-17,1.30,1.83,2.16,2.42,2.69,3.07,3.55,4.16,4.94,0.12,0.00,0.12,Suporte Forte,0,0
2025-04-21,1.30,1.83,2.16,2.42,2.69,3.07,3.55,4.16,4.94,0.13,0.00,0.11,Suporte Forte,0,0
2025-04-22,1.30,1.79,2.09,2.34,2.59,2.93,3.38,3.95,4.67,0.15,0.00,0.09,Suporte Forte,0,0
2025-04-23,1.30,1.73,2.00,2.22,2.44,2.75,3.14,3.64,4.28,0.21,0.00,0.03,Suporte Forte,0,0
2025-04-24,1.30,1.73,2.00,2.22,2.44,2.75,3.14,3.64,4.28,0.27,0.24,0.11,Suporte,0,0
2025-04-25,1.30,1.73,2.00,2.22,2.44,2.75,3.14,3.64,4.28,0.30,0.24,0.08,Suporte,0,0
2025-04-28,1.30,1.73,2.00,2.22,2.44,2.75,3.14,3.64,4.28,0.25,0.24,0.13,Suporte,0,0
2025-04-29,1.30,1.71,1.96,2.17,2.38,2.67,3.04,3.51,4.12,0.28,0.24,0.10,Suporte,0,0
2025-04-30,1.30,1.71,1.96,2.17,2.38,2.67,3.04,3.51,4.12,0.24,0.24,0.14,Suporte,0,0
2025-05-01,1.30,1.69,1.93,2.13,2.33,2.60,2.96,3.41,3.99,0.40,0.38,0.10,Zona de Consolidação,0,0
2025-05-02,1.30,1.69,1.93,2.13,2.33,2.60,2.96,3.41,3.99,0.57,0.50,0.05,Zona de Consolidação,0,0
2025-05-05,1.30,1.69,1.93,2.13,2.33,2.60,2.96,3.41,3.99,0.42,0.38,0.08,Zona de Consolidação,0,0
2025-05-06,1.30,1.69,1.93,2.13,2.33,2.60,2.96,3.41,3.99,0.33,0.24,0.05,Suporte,0,0
2025-05-07,1.30,1.69,1.93,2.13,2.33,2.60,2.96,3.41,3.99,0.23,0.00,0.01,Suporte Forte,0,0
2025-05-08,1.30,1.68,1.91,2.10,2.29,2.56,2.90,3.34,3.89,0.19,0.00,0.05,Suporte Forte,0,0
2025-05-09,1.30,1.66,1.88,2.06,2.25,2.50,2.83,3.25,3.78,0.23,0.00,0.01,Suporte Forte,0,0
2025-05-12,1.30,1.65,1.87,2.04,2.22,2.47,2.79,3.20,3.71,0.26,0.24,0.12,Suporte,0,0
2025-05-13,1.30,1.61,1.81,1.96,2.12,2.35,2.63,2.99,3.45,0.27,0.24,0.11,Suporte,0,0
2025-05-14,1.30,1.59,1.76,1.90,2.05,2.25,2.51,2.84,3.26,0.29,0.24,0.09,Suporte,0,0
2025-05-15,1.30,1.58,1.75,1.90,2.04,2.24,2.49,2.81,3.23,0.34,0.24,0.04,Suporte,0,0
2025-05-16,1.30,1.58,1.75,1.90,2.04,2.24,2.49,2.81,3.23,0.35,0.24,0.03,Suporte,0,0
2025-05-19,1.30,1.58,1.75,1.90,2.04,2.24,2.49,2.81,3.23,0.30,0.24,0.08,Suporte,0,0
2025-05-20,1.30,1.58,1.75,1.90,2.04,2.24,2.49,2.81,3.23,0.32,0.24,0.06,Suporte,0,0
2025-05-21,1.30,1.58,1.75,1.90,2.04,2.24,2.49,2.81,3.23,0.24,0.24,0.14,Suporte,0,0
2025-05-22,1.30,1.58,1.75,1.90,2.04,2.24,2.49,2.81,3.23,0.24,0.24,0.14,Suporte,0,0
2025-05-23,1.30,1.58,1.75,1.90,2.04,2.24,2.49,2.81,3.23,0.14,0.00,0.10,Suporte Forte,0,0
2025-05-27,1.30,1.58,1.75,1.90,2.04,2.24,2.49,2.81,3.23,0.20,0.00,0.04,Suporte Forte,0,0
2025-05-28,1.30,1.58,1.75,1.90,2.04,2.24,2.49,2.81,3.23,0.18,0.00,0.06,Suporte Forte,0,0
2025-05-29,1.30,1.58,1.75,1.90,2.04,2.24,2.49,2.81,3.23,0.17,0.00,0.07,Suporte Forte,0,0
2025-05-30,1.30,1.58,1.75,1.90,2.04,2.24,2.49,2.81,3.23,0.12,0.00,0.12,Suporte Forte,0,0
2025-06-02,1.30,1.58,1.75,1.90,2.04,2.24,2.49,2.81,3.23,0.15,0.00,0.09,Suporte Forte,0,0
2025-06-03,1.30,1.58,1.75,1.90,2.04,2.24,2.49,2.81,3.23,0.22,0.00,0.02,Suporte Forte,0,0
2025-06-04,1.30,1.58,1.75,1.90,2.04,2.24,2.49,2.81,3.23,0.18,0.00,0.06,Suporte Forte,0,0
2025-06-05,1.30,1.58,1.75,1.90,2.04,2.24,2.49,2.81,3.23,0.14,0.00,0.10,Suporte Forte,0,0
2025-06-06,1.30,1.58,1.75,1.90,2.04,2.24,2.49,2.81,3.23,0.15,0.00,0.09,Suporte Forte,0,0
2025-06-09,1.30,1.58,1.75,1.90,2.04,2.24,2.49,2.81,3.23,0.14,0.00,0.10,Suporte Forte,0,0
2025-06-10,1.30,1.58,1.75,1.90,2.04,2.24,2.49,2.81,3.23,0.13,0.00,0.11,Suporte Forte,0,0
2025-06-11,1.30,1.58,1.75,1.90,2.04,2.24,2.49,2.81,3.23,0.10,0.00,0.14,Suporte Forte,0,0
2025-06-12,1.30,1.58,1.75,1.90,2.04,2.24,2.49,2.81,3.23,0.15,0.00,0.09,Suporte Forte,0,0
2025-06-13,1.30,1.58,1.75,1.90,2.04,2.24,2.49,2.81,3.23,0.13,0.00,0.11,Suporte Forte,0,0
2025-06-16,1.30,1.58,1.75,1.90,2.04,2.24,2.49,2.81,3.23,0.32,0.24,0.06,Suporte,0,0
2025-06-17,1.30,1.58,1.75,1.90,2.04,2.24,2.49,2.81,3.23,0.15,0.00,0.09,Suporte Forte,0,0
2025-06-18,1.25,1.54,1.72,1.87,2.02,2.22,2.49,2.83,3.26,0.19,0.00,0.05,Suporte Forte,0,0
2025-06-20,1.25,1.54,1.72,1.87,2.02,2.22,2.49,2.83,3.26,0.14,0.00,0.10,Suporte Forte,0,0
2025-06-23,1.25,1.54,1.72,1.87,2.02,2.22,2.49,2.83,3.26,0.07,0.00,0.17,Suporte Forte,0,0
2025-06-24,1.02,1.37,1.58,1.76,1.93,2.18,2.49,2.89,3.40,0.16,0.00,0.08,Suporte Forte,0,0
2025-06-25,1.02,1.37,1.58,1.76,1.93,2.18,2.49,2.89,3.40,0.18,0.00,0.06,Suporte Forte,0,0
2025-06-26,1.02,1.37,1.58,1.76,1.93,2.18,2.49,2.89,3.40,0.17,0.00,0.07,Suporte Forte,0,0
2025-06-27,1.02,1.37,1.58,1.76,1.93,2.18,2.49,2.89,3.40,0.27,0.24,0.11,Suporte,0,0
2025-06-30,1.02,1.37,1.58,1.76,1.93,2.18,2.49,2.89,3.40,0.29,0.24,0.09,Suporte,0,0
2025-07-01,1.02,1.37,1.58,1.76,1.93,2.18,2.49,2.89,3.40,0.29,0.24,0.09,Suporte,0,0
2025-07-02,1.02,1.37,1.58,1.76,1.93,2.18,2.49,2.89,3.40,0.28,0.24,0.10,Suporte,0,0
2025-07-03,1.02,1.37,1.58,1.76,1.93,2.18,2.49,2.89,3.40,0.28,0.24,0.10,Suporte,0,0
2025-07-07,1.02,1.37,1.58,1.76,1.93,2.18,2.49,2.89,3.40,0.31,0.24,0.07,Suporte,0,0
2025-07-08,1.02,1.37,1.58,1.76,1.93,2.18,2.49,2.89,3.40,0.35,0.24,0.03,Suporte,0,0
2025-07-09,1.02,1.37,1.58,1.76,1.93,2.18,2.49,2.89,3.40,0.37,0.24,0.01,Suporte,1,0
2025-07-10,1.02,1.37,1.58,1.76,1.93,2.18,2.49,2.89,3.40,0.39,0.38,0.11,Zona de Consolidação,0,0
2025-07-11,1.02,1.37,1.58,1.76,1.93,2.18,2.49,2.89,3.40,0.37,0.24,0.01,Suporte,1,0
2025-07-14,1.02,1.37,1.58,1.76,1.93,2.18,2.49,2.89,3.40,0.36,0.24,0.02,Suporte,0,0
2025-07-15,1.02,1.37,1.58,1.76,1.93,2.18,2.49,2.89,3.40,0.29,0.24,0.09,Suporte,0,0
2025-07-16,1.02,1.33,1.52,1.68,1.84,2.06,2.34,2.70,3.16,0.36,0.24,0.02,Suporte,0,0
2025-07-17,1.02,1.25,1.39,1.51,1.63,1.79,2.00,2.27,2.61,0.45,0.38,0.05,Zona de Consolidação,0,0
2025-07-18,1.02,1.22,1.34,1.44,1.53,1.67,1.85,2.08,2.36,0.54,0.50,0.08,Zona de Consolidação,0,0
2025-07-21,1.02,1.21,1.33,1.42,1.51,1.65,1.82,2.04,2.31,0.60,0.50,0.02,Zona de Consolidação,1,0
2025-07-22,1.02,1.21,1.33,1.42,1.51,1.65,1.82,2.04,2.31,0.61,0.50,0.01,Zona de Consolidação,1,0
2025-07-23,1.02,1.21,1.33,1.42,1.51,1.65,1.82,2.04,2.31,0.68,0.62,0.11,Resistência,0,0
2025-07-24,1.02,1.20,1.31,1.40,1.49,1.62,1.78,1.99,2.25,0.71,0.62,0.08,Resistência,0,0
2025-07-25,1.02,1.20,1.31,1.40,1.49,1.62,1.78,1.99,2.25,0.68,0.62,0.11,Resistência,0,0
2025-07-28,1.02,1.20,1.31,1.40,1.49,1.62,1.78,1.99,2.25,0.76,0.62,0.03,Resistência,0,0
2025-07-29,1.02,1.20,1.31,1.40,1.49,1.62,1.78,1.99,2.25,0.72,0.62,0.07,Resistência,0,0
2025-07-30,1.02,1.19,1.29,1.37,1.45,1.57,1.72,1.91,2.15,0.74,0.62,0.05,Resistência,0,0
2025-07-31,1.02,1.19,1.29,1.37,1.45,1.57,1.72,1.91,2.15,0.73,0.62,0.06,Resistência,0,0
2025-08-01,1.02,1.19,1.29,1.37,1.45,1.57,1.72,1.91,2.15,0.71,0.62,0.08,Resistência,0,0
2025-08-04,1.02,1.19,1.29,1.37,1.45,1.57,1.72,1.91,2.15,0.80,0.79,0.20,Resistência Forte,0,1
2025-08-05,1.02,1.19,1.29,1.37,1.45,1.57,1.72,1.91,2.15,0.77,0.62,0.02,Resistência,0,1
2025-08-06,1.02,1.19,1.29,1.37,1.45,1.57,1.72,1.91,2.15,0.79,0.79,0.21,Resistência Forte,0,1
2025-08-07,1.02,1.19,1.29,1.37,1.45,1.57,1.72,1.91,2.15,0.83,0.79,0.17,Resistência Forte,0,0
2025-08-08,1.02,1.19,1.29,1.37,1.45,1.57,1.72,1.91,2.15,0.79,0.79,0.21,Resistência Forte,0,1
2025-08-11,1.02,1.19,1.29,1.37,1.45,1.57,1.72,1.91,2.15,0.79,0.79,0.21,Resistência Forte,0,1
2025-08-12,1.02,1.19,1.29,1.37,1.45,1.57,1.72,1.91,2.15,0.73,0.62,0.06,Resistência,0,0
2025-08-13,1.02,1.19,1.29,1.37,1.45,1.57,1.72,1.91,2.15,0.74,0.62,0.05,Resistência,0,0
2025-08-14,1.02,1.19,1.29,1.37,1.45,1.57,1.72,1.91,2.15,0.73,0.62,0.06,Resistência,0,0
2025-08-15,1.02,1.19,1.29,1.37,1.45,1.57,1.72,1.91,2.15,0.61,0.50,0.01,Zona de Consolidação,1,0
2025-08-18,1.02,1.19,1.29,1.37,1.45,1.57,1.72,1.91,2.15,0.66,0.62,0.13,Resistência,0,0
2025-08-19,1.02,1.19,1.29,1.37,1.45,1.57,1.72,1.91,2.15,0.60,0.50,0.02,Zona de Consolidação,1,0
2025-08-20,1.02,1.19,1.29,1.37,1.45,1.57,1.72,1.91,2.15,0.61,0.50,0.01,Zona de Consolidação,1,0
2025-08-21,1.02,1.19,1.29,1.37,1.45,1.57,1.72,1.91,2.15,0.64,0.62,0.15,Resistência,0,0
2025-08-22,1.02,1.19,1.29,1.37,1.45,1.57,1.72,1.91,2.15,0.71,0.62,0.08,Resistência,0,0
2025-08-25,1.02,1.19,1.29,1.37,1.45,1.57,1.72,1.91,2.15,0.64,0.62,0.15,Resistência,0,0
2025-08-26,1.02,1.19,1.29,1.37,1.45,1.57,1.72,1.91,2.15,0.61,0.50,0.01,Zona de Consolidação,1,0
2025-08-27,1.02,1.18,1.27,1.35,1.43,1.54,1.68,1.86,2.09,0.61,0.50,0.01,Zona de Consolidação,1,0
2025-08-28,1.02,1.16,1.25,1.32,1.40,1.50,1.63,1.80,2.01,0.72,0.62,0.07,Resistência,0,0
2025-08-29,1.02,1.16,1.25,1.32,1.40,1.50,1.63,1.80,2.01,0.66,0.62,0.13,Resistência,0,0
2025-09-02,1.02,1.16,1.25,1.32,1.40,1.50,1.63,1.80,2.01,0.80,0.79,0.20,Resistência Forte,0,1
2025-09-03,1.02,1.16,1.25,1.32,1.40,1.50,1.63,1.80,2.01,0.80,0.79,0.20,Resistência Forte,0,1
2025-09-04,1.19,1.29,1.36,1.41,1.46,1.54,1.63,1.75,1.90,0.80,0.79,0.20,Resistência Forte,0,1
2025-09-05,1.19,1.29,1.36,1.41,1.46,1.54,1.63,1.75,1.90,0.73,0.62,0.06,Resistência,0,0
2025-09-08,1.19,1.29,1.36,1.41,1.46,1.54,1.63,1.75,1.90,0.66,0.62,0.13,Resistência,0,0
2025-09-09,1.19,1.29,1.36,1.41,1.46,1.54,1.63,1.75,1.90,0.70,0.62,0.09,Resistência,0,0
2025-09-10,1.19,1.30,1.37,1.42,1.48,1.56,1.66,1.79,1.95,1.00,1.00,0.27,Resistência Forte,0,1
2025-09-11,1.19,1.90,2.34,2.70,3.05,3.56,4.20,5.02,6.06,0.65,0.62,0.14,Resistência,0,0
2025-09-12,1.19,1.90,2.34,2.70,3.05,3.56,4.20,5.02,6.06,0.49,0.38,0.01,Zona de Consolidação,0,0
2025-09-15,1.19,1.90,2.34,2.70,3.05,3.56,4.20,5.02,6.06,0.53,0.50,0.09,Zona de Consolidação,0,0
2025-09-16,1.19,1.90,2.34,2.70,3.05,3.56,4.20,5.02,6.06,0.48,0.38,0.02,Zona de Consolidação,0,0
2025-09-17,1.19,1.90,2.34,2.70,3.05,3.56,4.20,5.02,6.06,0.45,0.38,0.05,Zona de Consolidação,0,0
2025-09-18,1.19,1.90,2.34,2.70,3.05,3.56,4.20,5.02,6.06,0.48,0.38,0.02,Zona de Consolidação,0,0
2025-09-19,1.19,1.90,2.34,2.70,3.05,3.56,4.20,5.02,6.06,0.66,0.62,0.13,Resistência,0,0
2025-09-22,1.19,1.90,2.34,2.70,3.05,3.56,4.20,5.02,6.06,0.75,0.62,0.04,Resistência,0,0
2025-09-23,1.19,1.90,2.34,2.70,3.05,3.56,4.20,5.02,6.06,0.60,0.50,0.02,Zona de Consolidação,0,0
2025-09-24,1.28,1.97,2.40,2.74,3.08,3.58,4.20,4.99,6.00,0.69,0.62,0.10,Resistência,0,0
2025-09-25,1.28,1.97,2.40,2.74,3.08,3.58,4.20,4.99,6.00,0.77,0.62,0.02,Resistência,0,0
2025-09-26,1.28,1.97,2.40,2.74,3.08,3.58,4.20,4.99,6.00,0.76,0.62,0.03,Resistência,0,0
2025-09-29,1.28,1.97,2.40,2.74,3.08,3.58,4.20,4.99,6.00,0.66,0.62,0.13,Resistência,0,0
2025-09-30,1.28,1.97,2.40,2.74,3.08,3.58,4.20,4.99,6.00,0.71,0.62,0.08,Resistência,0,0
2025-10-01,1.28,1.97,2.40,2.74,3.08,3.58,4.20,4.99,6.00,0.71,0.62,0.08,Resistência,0,0
2025-10-02,1.28,1.97,2.40,2.74,3.08,3.58,4.20,4.99,6.00,0.63,0.62,0.16,Resistência,0,0
2025-10-03,1.28,1.97,2.40,2.74,3.08,3.58,4.20,4.99,6.00,0.63,0.62,0.16,Resistência,0,0
2025-10-06,1.28,1.97,2.40,2.74,3.08,3.58,4.20,4.99,6.00,0.68,0.62,0.11,Resistência,0,0
2025-10-07,1.28,1.97,2.40,2.74,3.08,3.58,4.20,4.99,6.00,0.64,0.62,0.15,Resistência,0,0
2025-10-08,1.28,1.97,2.40,2.74,3.08,3.58,4.20,4.99,6.00,0.63,0.62,0.16,Resistência,0,0
2025-10-09,1.28,1.97,2.40,2.74,3.08,3.58,4.20,4.99,6.00,0.61,0.50,0.01,Zona de Consolidação,1,0
2025-10-10,1.28,1.97,2.40,2.74,3.08,3.58,4.20,4.99,6.00,0.54,0.50,0.08,Zona de Consolidação,0,0
2025-10-13,1.28,1.97,2.40,2.74,3.08,3.58,4.20,4.99,6.00,0.47,0.38,0.03,Zona de Consolidação,0,0
2025-10-14,1.28,1.97,2.40,2.74,3.08,3.58,4.20,4.99,6.00,0.53,0.50,0.09,Zona de Consolidação,0,0
2025-10-15,1.28,1.97,2.40,2.74,3.08,3.58,4.20,4.99,6.00,0.66,0.62,0.13,Resistência,0,0
2025-10-16,1.28,1.97,2.40,2.74,3.08,3.58,4.20,4.99,6.00,0.61,0.50,0.01,Zona de Consolidação,1,0
2025-10-17,1.28,1.97,2.40,2.74,3.08,3.58,4.20,4.99,6.00,0.61,0.50,0.01,Zona de Consolidação,1,0
2025-10-20,1.28,1.97,2.40,2.74,3.08,3.58,4.20,4.99,6.00,0.56,0.50,0.06,Zona de Consolidação,0,0
2025-10-21,1.28,1.97,2.40,2.74,3.08,3.58,4.20,4.99,6.00,0.57,0.50,0.05,Zona de Consolidação,0,0
2025-10-22,1.39,2.05,2.46,2.80,3.13,3.60,4.20,4.96,5.94,0.54,0.50,0.08,Zona de Consolidação,0,0
2025-10-23,1.39,2.05,2.46,2.80,3.13,3.60,4.20,4.96,5.94,0.56,0.50,0.06,Zona de Consolidação,0,0
2025-10-24,1.39,2.05,2.46,2.80,3.13,3.60,4.20,4.96,5.94,0.56,0.50,0.06,Zona de Consolidação,0,0
2025-10-27,1.39,2.05,2.46,2.80,3.13,3.60,4.20,4.96,5.94,0.56,0.50,0.06,Zona de Consolidação,0,0
2025-10-28,1.39,2.05,2.46,2.80,3.13,3.60,4.20,4.96,5.94,0.51,0.50,0.11,Zona de Consolidação,0,0
2025-10-29,1.39,2.05,2.46,2.80,3.13,3.60,4.20,4.96,5.94,0.49,0.38,0.01,Zona de Consolidação,0,0
2025-10-30,1.39,2.05,2.46,2.80,3.13,3.60,4.20,4.96,5.94,0.51,0.50,0.11,Zona de Consolidação,0,0
2025-10-31,1.39,2.05,2.46,2.80,3.13,3.60,4.20,4.96,5.94,0.52,0.50,0.10,Zona de Consolidação,0,0
2025-11-03,1.39,2.05,2.46,2.80,3.13,3.60,4.20,4.96,5.94,0.51,0.50,0.11,Zona de Consolidação,0,0
2025-11-04,1.39,2.05,2.46,2.80,3.13,3.60,4.20,4.96,5.94,0.50,0.50,0.12,Zona de Consolidação,0,0
2025-11-05,1.39,2.05,2.46,2.80,3.13,3.60,4.20,4.96,5.94,0.50,0.50,0.12,Zona de Consolidação,0,0
2025-11-06,1.39,2.05,2.46,2.80,3.13,3.60,4.20,4.96,5.94,0.44,0.38,0.06,Zona de Consolidação,0,0
2025-11-07,1.39,2.05,2.46,2.80,3.13,3.60,4.20,4.96,5.94,0.44,0.38,0.06,Zona de Consolidação,0,0
2025-11-10,1.39,2.05,2.46,2.80,3.13,3.60,4.20,4.96,5.94,0.47,0.38,0.03,Zona de Consolidação,0,0
2025-11-11,1.46,2.11,2.51,2.83,3.15,3.61,4.20,4.95,5.89,0.43,0.38,0.07,Zona de Consolidação,0,0
2025-11-12,1.46,2.11,2.51,2.83,3.15,3.61,4.20,4.95,5.89,0.45,0.38,0.05,Zona de Consolidação,0,0
2025-11-13,1.46,2.11,2.51,2.83,3.15,3.61,4.20,4.95,5.89,0.45,0.38,0.05,Zona de Consolidação,0,0
2025-11-14,1.46,2.11,2.51,2.83,3.15,3.61,4.20,4.95,5.89,0.37,0.24,0.01,Suporte,0,0
2025-11-17,1.47,2.11,2.51,2.84,3.16,3.62,4.20,4.94,5.89,0.37,0.24,0.01,Suporte,0,0
2025-11-18,1.47,2.11,2.51,2.84,3.16,3.62,4.20,4.94,5.89,0.34,0.24,0.04,Suporte,0,0
2025-11-19,2.28,2.73,3.01,3.24,3.47,3.79,4.20,4.72,5.39,0.04,0.00,0.20,Suporte Forte,0,0
2025-11-20,2.28,2.60,2.80,2.96,3.11,3.34,3.63,4.00,4.46,0.14,0.00,0.10,Suporte Forte,0,0
2025-11-21,2.28,2.60,2.80,2.96,3.11,3.34,3.63,4.00,4.46,0.12,0.00,0.12,Suporte Forte,0,0
2025-11-24,2.28,2.60,2.80,2.96,3.11,3.34,3.63,4.00,4.46,0.04,0.00,0.20,Suporte Forte,0,0
2025-11-25,2.28,2.60,2.80,2.96,3.11,3.34,3.63,4.00,4.46,0.04,0.00,0.20,Suporte Forte,0,0
2025-11-26,2.28,2.60,2.80,2.96,3.11,3.34,3.63,4.00,4.46,0.15,0.00,0.09,Suporte Forte,0,0
2025-11-28,2.28,2.60,2.80,2.96,3.11,3.34,3.63,4.00,4.46,0.19,0.00,0.05,Suporte Forte,0,0
2025-12-01,2.28,2.60,2.80,2.96,3.11,3.34,3.63,4.00,4.46,0.33,0.24,0.05,Suporte,0,0
2025-12-02,2.28,2.60,2.80,2.96,3.11,3.34,3.63,4.00,4.46,0.24,0.24,0.14,Suporte,0,0
2025-12-03,2.28,2.59,2.78,2.94,3.10,3.32,3.60,3.96,4.42,0.39,0.38,0.11,Zona de Consolidação,1,0
2025-12-04,2.28,2.59,2.78,2.94,3.10,3.32,3.60,3.96,4.42,0.45,0.38,0.05,Zona de Consolidação,0,0
2025-12-05,2.28,2.59,2.78,2.94,3.10,3.32,3.60,3.96,4.42,0.53,0.50,0.09,Zona de Consolidação,0,0
2025-12-08,2.28,2.58,2.77,2.92,3.08,3.29,3.57,3.92,4.37,0.71,0.62,0.08,Resistência,0,0
2025-12-09,2.28,2.59,2.78,2.93,3.09,3.31,3.59,3.95,4.40,0.76,0.62,0.03,Resistência,0,0
2025-12-10,2.28,2.59,2.78,2.93,3.09,3.31,3.59,3.95,4.40,0.85,0.79,0.15,Resistência Forte,0,0
2025-12-11,2.28,2.59,2.78,2.93,3.09,3.31,3.59,3.95,4.40,0.79,0.79,0.21,Resistência Forte,0,1
2025-12-12,2.28,2.59,2.78,2.93,3.09,3.31,3.59,3.95,4.40,0.93,0.79,0.07,Resistência Forte,0,0
2025-12-15,2.28,2.63,2.84,3.01,3.19,3.44,3.75,4.15,4.66,0.93,0.79,0.07,Resistência Forte,0,0
2025-12-16,2.28,2.63,2.84,3.01,3.19,3.44,3.75,4.15,4.66,0.93,0.79,0.07,Resistência Forte,0,0
2025-12-17,2.28,2.63,2.84,3.01,3.19,3.44,3.75,4.15,4.66,0.82,0.79,0.18,Resistência Forte,0,0
2025-12-18,2.28,2.63,2.84,3.01,3.19,3.44,3.75,4.15,4.66,0.87,0.79,0.13,Resistência Forte,0,0
2025-12-19,2.28,2.70,2.97,3.18,3.39,3.69,4.08,4.57,5.19,0.97,0.79,0.03,Resistência Forte,0,0
2025-12-22,2.28,2.83,3.16,3.43,3.71,4.10,4.59,5.22,6.02,0.92,0.79,0.08,Resistência Forte,0,0
2025-12-23,2.28,2.84,3.19,3.46,3.74,4.14,4.65,5.29,6.11,0.90,0.79,0.10,Resistência Forte,0,0
2025-12-24,2.28,2.84,3.19,3.46,3.74,4.14,4.65,5.29,6.11,0.83,0.79,0.17,Resistência Forte,0,0
2025-12-26,2.28,2.84,3.19,3.46,3.74,4.14,4.65,5.29,6.11,0.89,0.79,0.11,Resistência Forte,0,0
2025-12-29,2.28,2.84,3.19,3.46,3.74,4.14,4.65,5.29,6.11,0.87,0.79,0.13,Resistência Forte,0,0
2025-12-30,2.28,2.84,3.19,3.46,3.74,4.14,4.65,5.29,6.11,0.76,0.62,0.03,Resistência,0,0
2025-12-31,2.28,2.84,3.19,3.46,3.74,4.14,4.65,5.29,6.11,0.76,0.62,0.03,Resistência,0,0
2026-01-02,2.28,2.84,3.19,3.46,3.74,4.14,4.65,5.29,6.11,0.81,0.79,0.19,Resistência Forte,0,0
2026-01-05,2.28,2.84,3.19,3.46,3.74,4.14,4.65,5.29,6.11,0.89,0.79,0.11,Resistência Forte,0,0
2026-01-06,2.28,2.84,3.19,3.46,3.74,4.14,4.65,5.29,6.11,0.74,0.62,0.05,Resistência,0,0
2026-01-07,2.28,2.84,3.19,3.46,3.74,4.14,4.65,5.29,6.11,0.65,0.62,0.14,Resistência,0,0
2026-01-08,2.28,2.84,3.19,3.46,3.74,4.14,4.65,5.29,6.11,0.55,0.50,0.07,Zona de Consolidação,0,0
2026-01-09,2.28,2.84,3.19,3.46,3.74,4.14,4.65,5.29,6.11,0.48,0.38,0.02,Zona de Consolidação,0,0
2026-01-12,2.28,2.84,3.19,3.46,3.74,4.14,4.65,5.29,6.11,0.30,0.24,0.08,Suporte,0,0
2026-01-13,2.28,2.84,3.19,3.46,3.74,4.14,4.65,5.29,6.11,0.22,0.00,0.02,Suporte Forte,0,0
2026-01-14,2.28,2.84,3.19,3.46,3.74,4.14,4.65,5.29,6.11,0.24,0.24,0.14,Suporte,0,0
2026-01-15,2.28,2.84,3.19,3.46,3.74,4.14,4.65,5.29,6.11,0.28,0.24,0.10,Suporte,0,0
2026-01-16,2.28,2.84,3.19,3.46,3.74,4.14,4.65,5.29,6.11,0.22,0.00,0.02,Suporte Forte,0,0
2026-01-20,2.28,2.84,3.19,3.46,3.74,4.14,4.65,5.29,6.11,0.20,0.00,0.04,Suporte Forte,0,0
2026-01-21,2.30,2.85,3.20,3.48,3.75,4.15,4.65,5.29,6.10,0.19,0.00,0.05,Suporte Forte,0,0
2026-01-22,2.30,2.85,3.20,3.48,3.75,4.15,4.65,5.29,6.10,0.19,0.00,0.05,Suporte Forte,0,0
2026-01-23,2.30,2.85,3.20,3.48,3.75,4.15,4.65,5.29,6.10,0.19,0.00,0.05,Suporte Forte,0,0
2026-01-26,2.30,2.85,3.20,3.48,3.75,4.15,4.65,5.29,6.10,0.14,0.00,0.10,Suporte Forte,0,0
2026-01-27,2.30,2.85,3.20,3.48,3.75,4.15,4.65,5.29,6.10,0.13,0.00,0.11,Suporte Forte,0,0
2026-01-28,2.30,2.85,3.20,3.48,3.75,4.15,4.65,5.29,6.10,0.17,0.00,0.07,Suporte Forte,0,0
2026-01-29,2.30,2.85,3.20,3.48,3.75,4.15,4.65,5.29,6.10,0.22,0.00,0.02,Suporte Forte,0,0
2026-01-30,2.30,2.85,3.20,3.48,3.75,4.15,4.65,5.29,6.10,0.17,0.00,0.07,Suporte Forte,0,0
2026-02-02,2.30,2.85,3.20,3.48,3.75,4.15,4.65,5.29,6.10,0.20,0.00,0.04,Suporte Forte,0,0
2026-02-03,2.30,2.85,3.20,3.48,3.75,4.15,4.65,5.29,6.10,0.19,0.00,0.05,Suporte Forte,0,0
2026-02-04,2.30,2.85,3.20,3.48,3.75,4.15,4.65,5.29,6.10,0.18,0.00,0.06,Suporte Forte,0,0
2026-02-05,2.30,2.85,3.20,3.48,3.75,4.15,4.65,5.29,6.10,0.10,0.00,0.14,Suporte Forte,0,0
2026-02-06,2.31,2.86,3.20,3.48,3.76,4.15,4.65,5.29,6.10,0.12,0.00,0.12,Suporte Forte,0,0
2026-02-09,2.31,2.86,3.20,3.48,3.76,4.15,4.65,5.29,6.10,0.13,0.00,0.11,Suporte Forte,0,0
2026-02-10,2.40,2.93,3.26,3.53,3.79,4.17,4.65,5.26,6.04,0.11,0.00,0.13,Suporte Forte,0,0
2026-02-11,2.43,2.95,3.28,3.54,3.80,4.17,4.65,5.25,6.02,0.09,0.00,0.15,Suporte Forte,0,0
2026-02-12,2.43,2.95,3.28,3.54,3.80,4.17,4.65,5.25,6.02,0.03,0.00,0.21,Suporte Forte,0,0
2026-02-13,2.43,2.95,3.28,3.54,3.80,4.17,4.65,5.25,6.02,0.07,0.00,0.17,Suporte Forte,0,0
2026-02-17,2.43,2.95,3.28,3.54,3.80,4.17,4.65,5.25,6.02,0.05,0.00,0.19,Suporte Forte,0,0
2026-02-18,2.43,2.95,3.28,3.54,3.80,4.17,4.65,5.25,6.02,0.14,0.00,0.10,Suporte Forte,0,0
2026-02-19,2.43,2.95,3.28,3.54,3.80,4.17,4.65,5.25,6.02,0.10,0.00,0.14,Suporte Forte,0,0
2026-02-20,2.43,2.95,3.28,3.54,3.80,4.17,4.65,5.25,6.02,0.24,0.24,0.14,Suporte,0,0
2026-02-23,2.43,2.95,3.28,3.54,3.80,4.17,4.65,5.25,6.02,0.14,0.00,0.10,Suporte Forte,0,0
2026-02-24,2.43,2.95,3.28,3.54,3.80,4.17,4.65,5.25,6.02,0.21,0.00,0.03,Suporte Forte,0,0
2026-02-25,2.43,2.95,3.28,3.54,3.80,4.17,4.65,5.25,6.02,0.28,0.24,0.10,Suporte,0,0
2026-02-26,2.43,2.95,3.28,3.54,3.80,4.17,4.65,5.25,6.02,0.35,0.24,0.03,Suporte,0,0
2026-02-27,2.43,2.95,3.28,3.54,3.80,4.17,4.65,5.25,6.02,0.30,0.24,0.08,Suporte,0,0
2026-03-02,2.43,2.95,3.28,3.54,3.80,4.17,4.65,5.25,6.02,0.25,0.24,0.13,Suporte,0,0
2026-03-03,2.43,2.95,3.28,3.54,3.80,4.17,4.65,5.25,6.02,0.18,0.00,0.06,Suporte Forte,0,0
2026-03-04,2.43,2.95,3.28,3.54,3.80,4.17,4.65,5.25,6.02,0.20,0.00,0.04,Suporte Forte,0,0
2026-03-05,2.43,2.95,3.28,3.54,3.80,4.17,4.65,5.25,6.02,0.16,0.00,0.08,Suporte Forte,0,0
2026-03-06,2.43,2.95,3.28,3.54,3.80,4.17,4.65,5.25,6.02,0.11,0.00,0.13,Suporte Forte,0,0
2026-03-09,2.43,2.95,3.27,3.54,3.80,4.17,4.64,5.24,6.01,0.08,0.00,0.16,Suporte Forte,0,0
2026-03-10,2.43,2.95,3.27,3.54,3.80,4.17,4.64,5.24,6.01,0.05,0.00,0.19,Suporte Forte,0,0
2026-03-11,2.43,2.95,3.27,3.54,3.80,4.17,4.64,5.24,6.01,0.01,0.00,0.23,Suporte Forte,0,0
2026-03-12,2.43,2.92,3.22,3.46,3.71,4.06,4.50,5.06,5.78,0.01,0.00,0.23,Suporte Forte,0,0
2026-03-13,2.43,2.92,3.22,3.46,3.71,4.06,4.50,5.06,5.78,0.03,0.00,0.21,Suporte Forte,0,0
2026-03-16,2.38,2.88,3.19,3.44,3.69,4.05,4.50,5.08,5.81,0.01,0.00,0.23,Suporte Forte,0,0
2026-03-17,2.34,2.85,3.17,3.42,3.67,4.04,4.50,5.09,5.83,0.00,0.00,0.24,Suporte Forte,0,0
2026-03-18,2.21,2.75,3.08,3.36,3.63,4.01,4.50,5.12,5.92,0.00,0.00,0.24,Suporte Forte,0,0
2026-03-19,2.13,2.64,2.96,3.22,3.47,3.84,4.30,4.89,5.64,0.03,0.00,0.21,Suporte Forte,0,0
2026-03-20,2.07,2.49,2.76,2.97,3.18,3.48,3.87,4.36,4.98,0.06,0.00,0.18,Suporte Forte,0,0
2026-03-23,2.07,2.43,2.65,2.84,3.02,3.27,3.60,4.02,4.55,0.08,0.00,0.16,Suporte Forte,0,0
2026-03-24,2.07,2.37,2.55,2.70,2.85,3.06,3.33,3.67,4.11,0.07,0.00,0.17,Suporte Forte,0,0
2026-03-25,2.06,2.34,2.51,2.66,2.80,3.00,3.25,3.57,3.99,0.02,0.00,0.22,Suporte Forte,0,0
2026-03-26,2.04,2.33,2.50,2.64,2.79,2.99,3.25,3.58,4.00,0.00,0.00,0.24,Suporte Forte,0,0
2026-03-27,1.95,2.26,2.45,2.60,2.75,2.97,3.25,3.60,4.05,0.03,0.00,0.21,Suporte Forte,0,0
2026-03-30,1.95,2.26,2.45,2.60,2.75,2.97,3.25,3.60,4.05,0.21,0.00,0.03,Suporte Forte,0,0
2026-03-31,1.95,2.26,2.45,2.60,2.75,2.97,3.25,3.60,4.05,0.35,0.24,0.03,Suporte,0,0
2026-04-01,1.95,2.26,2.45,2.60,2.75,2.97,3.25,3.60,4.05,0.39,0.38,0.11,Zona de Consolidação,1,0
2026-04-02,1.95,2.26,2.45,2.60,2.75,2.97,3.25,3.60,4.05,0.32,0.24,0.06,Suporte,0,0
2026-04-06,1.95,2.26,2.45,2.60,2.75,2.97,3.25,3.60,4.05,0.28,0.24,0.10,Suporte,0,0
2026-04-07,1.95,2.26,2.45,2.60,2.75,2.97,3.25,3.60,4.05,0.24,0.24,0.14,Suporte,0,0
2026-04-08,1.95,2.26,2.45,2.60,2.75,2.97,3.25,3.60,4.05,0.35,0.24,0.03,Suporte,0,0
2026-04-09,1.95,2.26,2.45,2.60,2.75,2.97,3.25,3.60,4.05,0.38,0.24,0.00,Suporte,1,0
2026-04-10,1.95,2.26,2.45,2.60,2.75,2.97,3.25,3.60,4.05,0.45,0.38,0.05,Zona de Consolidação,0,0
2026-04-13,1.95,2.26,2.45,2.60,2.75,2.97,3.25,3.60,4.05,0.40,0.38,0.10,Zona de Consolidação,1,0
2026-04-14,1.95,2.26,2.45,2.60,2.75,2.97,3.25,3.60,4.05,0.66,0.62,0.13,Resistência,0,0
2026-04-15,1.95,2.31,2.54,2.72,2.90,3.16,3.49,3.91,4.44,0.77,0.62,0.02,Resistência,0,1
2026-04-16,1.95,2.31,2.54,2.72,2.90,3.16,3.49,3.91,4.44,0.71,0.62,0.08,Resistência,0,0
2026-04-17,1.95,2.31,2.54,2.72,2.90,3.16,3.49,3.91,4.44,0.94,0.79,0.06,Resistência Forte,0,0
2026-04-20,1.95,2.57,2.96,3.27,3.58,4.03,4.59,5.31,6.22,0.96,0.79,0.04,Resistência Forte,0,0
2026-04-21,1.95,2.61,3.02,3.35,3.68,4.15,4.75,5.51,6.48,0.76,0.62,0.03,Resistência,0,0
2026-04-22,1.95,2.61,3.02,3.35,3.68,4.15,4.75,5.51,6.48,0.87,0.79,0.13,Resistência Forte,0,0
2026-04-23,1.95,2.61,3.02,3.35,3.68,4.15,4.75,5.51,6.48,0.84,0.79,0.16,Resistência Forte,0,0
2026-04-24,1.95,2.67,3.12,3.47,3.83,4.35,5.00,5.83,6.88,0.93,0.79,0.07,Resistência Forte,0,0
2026-04-27,1.95,2.74,3.22,3.62,4.01,4.57,5.28,6.19,7.34,0.80,0.79,0.20,Resistência Forte,0,1
2026-04-28,1.95,2.74,3.22,3.62,4.01,4.57,5.28,6.19,7.34,0.87,0.79,0.13,Resistência Forte,0,0
2026-04-29,1.95,2.74,3.22,3.62,4.01,4.57,5.28,6.19,7.34,0.80,0.79,0.20,Resistência Forte,0,0
2026-04-30,1.95,2.74,3.22,3.62,4.01,4.57,5.28,6.19,7.34,0.91,0.79,0.09,Resistência Forte,0,0
2026-05-01,1.95,2.74,3.22,3.62,4.01,4.57,5.28,6.19,7.34,0.89,0.79,0.11,Resistência Forte,0,0
2026-05-04,1.95,2.76,3.26,3.66,4.06,4.64,5.37,6.30,7.48,0.96,0.79,0.04,Resistência Forte,0,0
2026-05-05,1.95,2.87,3.43,3.89,4.35,5.00,5.83,6.89,8.23,0.93,0.79,0.07,Resistência Forte,0,0
2026-05-06,1.95,2.88,3.46,3.92,4.39,5.05,5.90,6.97,8.34,0.77,0.62,0.02,Resistência,0,0
2026-05-07,1.95,2.88,3.46,3.92,4.39,5.05,5.90,6.97,8.34,0.71,0.62,0.08,Resistência,0,0
2026-05-08,1.95,2.88,3.46,3.92,4.39,5.05,5.90,6.97,8.34,0.68,0.62,0.11,Resistência,0,0
2026-05-11,1.95,2.88,3.46,3.92,4.39,5.05,5.90,6.97,8.34,0.56,0.50,0.06,Zona de Consolidação,0,0
2026-05-12,1.95,2.88,3.46,3.92,4.39,5.05,5.90,6.97,8.34,0.61,0.50,0.01,Zona de Consolidação,0,0
2026-05-13,1.95,2.88,3.46,3.92,4.39,5.05,5.90,6.97,8.34,0.57,0.50,0.05,Zona de Consolidação,0,0
2026-05-14,1.95,2.88,3.46,3.92,4.39,5.05,5.90,6.97,8.34,0.57,0.50,0.05,Zona de Consolidação,0,0
2026-05-15,1.95,2.88,3.46,3.92,4.39,5.05,5.90,6.97,8.34,0.58,0.50,0.04,Zona de Consolidação,0,0
2026-05-18,1.95,2.88,3.46,3.92,4.39,5.05,5.90,6.97,8.34,0.57,0.50,0.05,Zona de Consolidação,0,0
2026-05-19,1.95,2.88,3.46,3.92,4.39,5.05,5.90,6.97,8.34,0.60,0.50,0.02,Zona de Consolidação,0,0
2026-05-20,1.95,2.88,3.46,3.92,4.39,5.05,5.90,6.97,8.34,0.59,0.50,0.03,Zona de Consolidação,0,0
2026-05-21,1.95,2.88,3.46,3.92,4.39,5.05,5.90,6.97,8.34,0.57,0.50,0.05,Zona de Consolidação,0,0
2026-05-22,1.95,2.88,3.46,3.92,4.39,5.05,5.90,6.97,8.34,0.57,0.50,0.05,Zona de Consolidação,0,0
2026-05-26,1.95,2.88,3.46,3.92,4.39,5.05,5.90,6.97,8.34,0.56,0.50,0.06,Zona de Consolidação,0,0
2026-05-27,1.95,2.88,3.46,3.92,4.39,5.05,5.90,6.97,8.34,0.57,0.50,0.05,Zona de Consolidação,0,0
2026-05-28,1.95,2.88,3.46,3.92,4.39,5.05,5.90,6.97,8.34,0.59,0.50,0.03,Zona de Consolidação,0,0
2026-05-29,1.95,2.88,3.46,3.92,4.39,5.05,5.90,6.97,8.34,0.62,0.62,0.17,Resistência,1,0
2026-06-01,1.95,2.88,3.46,3.92,4.39,5.05,5.90,6.97,8.34,0.65,0.62,0.14,Resistência,0,0
2026-06-02,1.95,2.88,3.46,3.92,4.39,5.05,5.90,6.97,8.34,0.66,0.62,0.13,Resistência,0,0
2026-06-03,1.95,2.88,3.46,3.92,4.39,5.05,5.90,6.97,8.34,0.61,0.50,0.01,Zona de Consolidação,1,0
2026-06-04,1.95,2.88,3.46,3.92,4.39,5.05,5.90,6.97,8.34,0.64,0.62,0.15,Resistência,0,0
2026-06-05,1.95,2.88,3.46,3.92,4.39,5.05,5.90,6.97,8.34,0.62,0.62,0.17,Resistência,1,0
2026-06-08,1.95,2.88,3.46,3.92,4.39,5.05,5.90,6.97,8.34,0.69,0.62,0.10,Resistência,0,0
2026-06-09,2.08,2.98,3.54,3.99,4.44,5.08,5.90,6.94,8.26,0.62,0.62,0.17,Resistência,1,0
2026-06-10,2.24,3.10,3.64,4.07,4.50,5.12,5.90,6.90,8.16,0.58,0.50,0.04,Zona de Consolidação,0,0
2026-06-11,2.24,3.10,3.64,4.07,4.50,5.12,5.90,6.90,8.16,0.70,0.62,0.09,Resistência,0,0
2026-06-12,2.24,3.10,3.64,4.07,4.50,5.12,5.90,6.90,8.16,0.70,0.62,0.09,Resistência,0,0
2026-06-15,2.24,3.10,3.64,4.07,4.50,5.12,5.90,6.90,8.16,0.76,0.62,0.03,Resistência,0,0
2026-06-16,2.24,3.41,4.13,4.72,5.31,6.14,7.20,8.55,10.27,0.95,0.79,0.05,Resistência Forte,0,0
2026-06-17,2.24,3.52,4.31,4.94,5.58,6.49,7.65,9.12,10.99,0.90,0.79,0.10,Resistência Forte,0,0
2026-06-18,2.24,3.65,4.52,5.22,5.92,6.92,8.20,9.82,11.88,0.82,0.79,0.18,Resistência Forte,0,0
2026-06-22,2.24,3.65,4.52,5.22,5.92,6.92,8.20,9.82,11.88,0.76,0.62,0.03,Resistência,0,0
2026-06-23,2.24,3.65,4.52,5.22,5.92,6.92,8.20,9.82,11.88,0.78,0.62,0.01,Resistência,0,1
