Date,Open,High,Low,Close,Volume,Dividends,Stock Splits
2021-09-23,3242.16,3816.72,3132.00,3618.00,43656,0.00,0.00
2021-09-24,3650.40,4175.28,3479.76,3585.60,17719,0.00,0.00
2021-09-27,3743.93,3744.14,3378.24,3672.00,7897,0.00,0.00
2021-09-28,3656.88,3656.88,3276.72,3328.56,5588,0.00,0.00
2021-09-29,3470.47,3489.48,3294.00,3326.40,2188,0.00,0.00
2021-09-30,3365.28,3492.72,3294.00,3456.00,2538,0.00,0.00
2021-10-01,3564.00,3653.64,3458.16,3561.84,3759,0.00,0.00
2021-10-04,3484.08,3585.60,3382.56,3484.08,2165,0.00,0.00
2021-10-05,3484.08,3602.88,3425.76,3514.32,2145,0.00,0.00
2021-10-06,3603.10,3732.48,3456.00,3525.12,3381,0.00,0.00
2021-10-07,3471.12,3564.00,3389.04,3540.24,1846,0.00,0.00
2021-10-08,3464.64,3564.00,3316.03,3348.00,3620,0.00,0.00
2021-10-11,3391.20,3438.72,3324.24,3376.08,2510,0.00,0.00
2021-10-12,3367.44,3396.38,3228.12,3291.84,1716,0.00,0.00
2021-10-13,3293.35,3376.08,3232.44,3332.88,1248,0.00,0.00
2021-10-14,3434.18,3434.18,3268.08,3369.60,1227,0.00,0.00
2021-10-15,3466.80,3715.20,3358.80,3654.72,3992,0.00,0.00
2021-10-18,3650.40,3983.04,3579.12,3721.68,5367,0.00,0.00
2021-10-19,3790.80,4045.68,3743.28,3851.28,3018,0.00,0.00
2021-10-20,3829.68,3948.48,3812.40,3896.64,2517,0.00,0.00
2021-10-21,4101.84,4356.72,3944.16,4052.16,4971,0.00,0.00
2021-10-22,4015.44,4039.20,3633.12,3676.32,2761,0.00,0.00
2021-10-25,3682.80,4037.04,3682.80,3942.00,3469,0.00,0.00
2021-10-26,3749.76,3790.80,3611.52,3626.64,2742,0.00,0.00
2021-10-27,3564.00,3581.28,3328.56,3412.80,2446,0.00,0.00
2021-10-28,3447.36,3656.88,3417.12,3512.16,2729,0.00,0.00
2021-10-29,3548.88,3672.00,3516.48,3639.60,1274,0.00,0.00
2021-11-01,3761.42,3978.72,3738.96,3849.12,4913,0.00,0.00
2021-11-02,3909.60,3995.78,3726.00,3881.52,3978,0.00,0.00
2021-11-03,3682.80,3827.52,3672.00,3743.28,3214,0.00,0.00
2021-11-04,3758.40,3849.12,3676.32,3738.96,2968,0.00,0.00
2021-11-05,3639.60,3799.44,3535.92,3777.84,3539,0.00,0.00
2021-11-08,3736.80,4071.60,3721.68,3967.92,5769,0.00,0.00
2021-11-09,4082.40,4456.08,3885.84,4440.96,8726,0.00,0.00
2021-11-10,4417.20,4417.20,4017.60,4123.44,4320,0.00,0.00
2021-11-11,4104.00,4248.72,3952.80,4216.32,2403,0.00,0.00
2021-11-12,4011.12,4159.08,3980.88,4095.36,2435,0.00,0.00
2021-11-15,4170.96,4192.13,3837.02,3909.60,2921,0.00,0.00
2021-11-16,4048.06,4361.04,4013.28,4315.68,8711,0.00,0.00
2021-11-17,4276.80,4536.00,4028.40,4170.96,4672,0.00,0.00
2021-11-18,4179.60,4179.60,3792.96,3814.56,4086,0.00,0.00
2021-11-19,3881.52,4106.16,3823.20,4082.40,2451,0.00,0.00
2021-11-22,4017.60,4077.22,3663.14,3715.20,3203,0.00,0.00
2021-11-23,3838.32,3885.84,3672.00,3857.76,1837,0.00,0.00
2021-11-24,3855.60,4134.24,3781.08,4080.24,3277,0.00,0.00
2021-11-26,3877.20,4024.08,3844.80,3991.68,1064,0.00,0.00
2021-11-29,4000.32,4050.65,3763.58,3870.72,2364,0.00,0.00
2021-11-30,3881.52,4028.40,3846.96,3898.80,1792,0.00,0.00
2021-12-01,3987.36,4069.44,3717.36,3741.12,2485,0.00,0.00
2021-12-02,3721.68,3758.40,3417.12,3542.40,3633,0.00,0.00
2021-12-03,3628.80,3665.52,3224.88,3309.12,2727,0.00,0.00
2021-12-06,3065.04,3072.60,2706.48,2920.32,6331,0.00,0.00
2021-12-07,3220.56,3224.88,3088.80,3134.16,2108,0.00,0.00
2021-12-08,3103.92,3179.52,2976.48,3179.52,1834,0.00,0.00
2021-12-09,3034.80,3121.20,2840.40,2859.84,2076,0.00,0.00
2021-12-10,3052.08,3103.92,2818.80,2849.04,1466,0.00,0.00
2021-12-13,2858.76,2858.76,2598.48,2646.00,2300,0.00,0.00
2021-12-14,2723.76,2926.80,2628.72,2743.20,1667,0.00,0.00
2021-12-15,2743.20,2832.84,2581.20,2820.96,1613,0.00,0.00
2021-12-16,2808.00,2840.40,2613.60,2676.24,1300,0.00,0.00
2021-12-17,2592.00,2907.36,2505.60,2801.52,3676,0.00,0.00
2021-12-20,2484.00,2592.00,2449.44,2458.08,2864,0.00,0.00
2021-12-21,2678.40,2700.00,2533.68,2667.60,1525,0.00,0.00
2021-12-22,2678.40,2836.08,2667.60,2790.72,1714,0.00,0.00
2021-12-23,2799.36,3049.92,2754.00,3011.04,2950,0.00,0.00
2021-12-27,3078.00,3196.80,3013.20,3181.68,1502,0.00,0.00
2021-12-28,3032.64,3078.00,2820.96,2879.28,1468,0.00,0.00
2021-12-29,2820.96,2864.16,2762.64,2769.12,1161,0.00,0.00
2021-12-30,2769.12,2846.88,2721.60,2747.52,1404,0.00,0.00
2021-12-31,2788.56,2792.88,2598.48,2626.56,1235,0.00,0.00
2022-01-03,2635.20,2764.80,2594.16,2743.20,902,0.00,0.00
2022-01-04,2725.92,2838.24,2646.00,2689.20,1473,0.00,0.00
2022-01-05,2721.60,2721.60,2440.80,2464.56,1740,0.00,0.00
2022-01-06,2451.60,2521.80,2332.80,2358.72,2626,0.00,0.00
2022-01-07,2419.20,2525.04,2365.20,2421.36,1346,0.00,0.00
2022-01-10,2339.28,2462.40,2255.04,2412.72,1350,0.00,0.00
2022-01-11,2434.32,2600.64,2376.00,2529.36,990,0.00,0.00
2022-01-12,2625.05,2700.00,2512.08,2570.40,1010,0.00,0.00
2022-01-13,2581.20,2613.60,2386.80,2397.60,769,0.00,0.00
2022-01-14,2365.20,2430.00,2311.20,2369.52,1424,0.00,0.00
2022-01-18,2311.20,2388.96,2298.24,2313.36,1057,0.00,0.00
2022-01-19,2339.28,2432.16,2322.00,2345.76,1132,0.00,0.00
2022-01-20,2369.52,2516.40,2369.52,2417.04,1021,0.00,0.00
2022-01-21,2207.52,2259.36,2075.33,2080.08,2468,0.00,0.00
2022-01-24,1730.16,2010.96,1706.40,2000.16,2900,0.00,0.00
2022-01-25,1982.88,2155.68,1944.00,2080.08,1028,0.00,0.00
2022-01-26,2203.20,2300.40,2099.52,2151.36,1112,0.00,0.00
2022-01-27,2136.24,2138.40,1915.92,1995.84,681,0.00,0.00
2022-01-28,1920.24,2084.62,1870.56,2021.76,1156,0.00,0.00
2022-01-31,2017.44,2207.52,2006.64,2196.72,735,0.00,0.00
2022-02-01,2235.60,2276.64,2138.40,2239.92,500,0.00,0.00
2022-02-02,2239.92,2239.92,2041.20,2052.00,740,0.00,0.00
2022-02-03,2041.20,2157.84,2008.80,2080.08,706,0.00,0.00
2022-02-04,2136.24,2317.68,2084.40,2246.40,943,0.00,0.00
2022-02-07,2315.52,2414.88,2259.36,2306.88,1184,0.00,0.00
2022-02-08,2203.20,2373.84,2162.16,2365.20,730,0.00,0.00
2022-02-09,2278.80,2432.16,2278.80,2425.68,1082,0.00,0.00
2022-02-10,2337.12,2462.40,2256.34,2296.08,1249,0.00,0.00
2022-02-11,2300.40,2373.84,2058.48,2058.48,1004,0.00,0.00
2022-02-14,2101.68,2166.48,2010.96,2026.08,864,0.00,0.00
2022-02-15,2108.16,2244.24,2108.16,2235.60,975,0.00,0.00
2022-02-16,2226.96,2268.00,2166.48,2242.08,747,0.00,0.00
2022-02-17,2198.88,2235.60,2097.36,2147.04,471,0.00,0.00
2022-02-18,2118.96,2138.40,1950.48,1963.44,773,0.00,0.00
2022-02-22,1931.04,1965.17,1857.60,1905.12,888,0.00,0.00
2022-02-23,1933.20,1982.88,1792.80,1801.44,599,0.00,0.00
2022-02-24,1628.64,1924.56,1622.16,1915.92,1192,0.00,0.00
2022-02-25,2012.04,2015.28,1866.24,1872.72,818,0.00,0.00
2022-02-28,1836.00,2052.00,1836.00,1974.24,1044,0.00,0.00
2022-03-01,2110.32,2166.48,1950.48,2030.40,1054,0.00,0.00
2022-03-02,2043.36,2099.52,2006.64,2006.64,751,0.00,0.00
2022-03-03,2028.24,2028.24,1753.92,1773.36,1983,0.00,0.00
2022-03-04,1745.28,1840.32,1710.72,1730.16,1603,0.00,0.00
2022-03-07,1739.88,1773.14,1641.60,1656.72,768,0.00,0.00
2022-03-08,1643.76,1777.68,1607.04,1667.52,870,0.00,0.00
2022-03-09,1777.68,1956.96,1777.68,1922.40,902,0.00,0.00
2022-03-10,1838.16,1872.72,1775.52,1838.16,673,0.00,0.00
2022-03-11,1881.36,1881.36,1756.08,1758.24,269,0.00,0.00
2022-03-14,1749.60,1792.80,1639.44,1641.60,469,0.00,0.00
2022-03-15,1667.52,1759.32,1566.00,1587.60,938,0.00,0.00
2022-03-16,1730.16,1836.00,1708.56,1799.28,856,0.00,0.00
2022-03-17,1825.20,1894.32,1794.96,1844.64,472,0.00,0.00
2022-03-18,1836.00,2099.52,1773.36,2030.40,1571,0.00,0.00
2022-03-21,1987.20,1987.20,1859.76,1926.72,849,0.00,0.00
2022-03-22,2004.48,2054.16,1958.26,2000.16,677,0.00,0.00
2022-03-23,1993.68,2039.04,1913.76,2023.92,483,0.00,0.00
2022-03-24,2023.92,2181.60,1998.00,2127.60,871,0.00,0.00
2022-03-25,2155.68,2164.32,2066.04,2142.72,405,0.00,0.00
2022-03-28,2164.32,2322.00,2144.88,2172.96,1036,0.00,0.00
2022-03-29,2207.52,2248.56,2138.40,2248.56,465,0.00,0.00
2022-03-30,2214.00,2214.00,2068.20,2103.84,913,0.00,0.00
2022-03-31,2131.92,2180.52,2077.92,2129.76,546,0.00,0.00
2022-04-01,2123.28,2185.92,2088.72,2144.88,491,0.00,0.00
2022-04-04,2160.00,2185.92,2108.16,2142.72,398,0.00,0.00
2022-04-05,2179.44,2179.44,2062.80,2125.44,403,0.00,0.00
2022-04-06,2075.76,2084.40,1939.68,1967.76,476,0.00,0.00
2022-04-07,2010.96,2021.33,1887.84,1969.92,316,0.00,0.00
2022-04-08,1952.64,2019.60,1944.00,1959.12,299,0.00,0.00
2022-04-11,1922.40,1974.24,1890.00,1900.80,299,0.00,0.00
2022-04-12,1939.68,1976.40,1838.16,1844.64,314,0.00,0.00
2022-04-13,1842.48,1965.60,1842.48,1911.60,541,0.00,0.00
2022-04-14,1933.20,1933.20,1844.64,1870.56,588,0.00,0.00
2022-04-18,1870.56,1877.04,1782.00,1823.04,646,0.00,0.00
2022-04-19,1836.00,1950.48,1836.00,1905.12,777,0.00,0.00
2022-04-20,1924.56,1948.32,1844.64,1864.08,448,0.00,0.00
2022-04-21,1902.96,1928.88,1771.20,1792.80,434,0.00,0.00
2022-04-22,1831.68,1881.36,1794.96,1836.00,439,0.00,0.00
2022-04-25,1771.20,1825.20,1641.60,1702.08,921,0.00,0.00
2022-04-26,1686.96,1686.96,1583.28,1589.76,512,0.00,0.00
2022-04-27,1706.40,1706.40,1615.68,1617.84,583,0.00,0.00
2022-04-28,1771.20,1827.14,1667.52,1790.64,924,0.00,0.00
2022-04-29,1760.40,1823.04,1676.16,1691.28,401,0.00,0.00
2022-05-02,1663.20,1756.08,1620.00,1738.80,371,0.00,0.00
2022-05-03,1730.16,1751.76,1674.00,1719.36,677,0.00,0.00
2022-05-04,1656.72,1805.76,1656.72,1794.96,715,0.00,0.00
2022-05-05,1782.00,1787.62,1611.36,1661.04,356,0.00,0.00
2022-05-06,1641.60,1682.64,1544.40,1628.64,570,0.00,0.00
2022-05-09,1501.20,1501.20,1350.00,1388.88,968,0.00,0.00
2022-05-10,1516.32,1563.84,1388.88,1427.76,623,0.00,0.00
2022-05-11,1360.80,1485.65,1246.32,1302.48,1173,0.00,0.00
2022-05-12,1222.56,1293.84,1164.24,1218.24,991,0.00,0.00
2022-05-13,1244.16,1343.52,1244.16,1300.32,508,0.00,0.00
2022-05-16,1296.00,1317.60,1242.00,1242.00,468,0.00,0.00
2022-05-17,1311.12,1429.92,1306.80,1380.24,711,0.00,0.00
2022-05-18,1350.00,1383.91,1288.87,1326.24,442,0.00,0.00
2022-05-19,1358.64,1468.80,1328.40,1388.88,948,0.00,0.00
2022-05-20,1475.28,1475.28,1233.36,1252.80,436,0.00,0.00
2022-05-23,1274.40,1334.88,1274.40,1311.12,336,0.00,0.00
2022-05-24,1278.72,1278.72,1200.96,1211.76,301,0.00,0.00
2022-05-25,1252.80,1275.48,1205.28,1267.92,431,0.00,0.00
2022-05-26,1242.00,1296.00,1213.70,1265.76,363,0.00,0.00
2022-05-27,1296.00,1350.00,1270.08,1339.20,617,0.00,0.00
2022-05-31,1375.92,1429.06,1347.84,1395.36,301,0.00,0.00
2022-06-01,1412.64,1425.60,1317.60,1356.48,391,0.00,0.00
2022-06-02,1345.68,1438.99,1321.06,1393.20,244,0.00,0.00
2022-06-03,1391.04,1404.00,1323.65,1397.52,301,0.00,0.00
2022-06-06,1347.84,1404.00,1328.40,1375.92,365,0.00,0.00
2022-06-07,1319.76,1369.44,1286.93,1315.44,462,0.00,0.00
2022-06-08,1302.48,1358.64,1287.36,1339.20,226,0.00,0.00
2022-06-09,1326.24,1326.24,1278.72,1300.32,260,0.00,0.00
2022-06-10,1267.92,1275.05,1209.60,1237.68,357,0.00,0.00
2022-06-13,1023.84,1105.92,987.12,1026.00,1056,0.00,0.00
2022-06-14,967.68,989.28,909.36,909.36,818,0.00,0.00
2022-06-15,933.12,1002.24,827.28,948.24,854,0.00,0.00
2022-06-16,902.88,906.55,840.24,883.44,467,0.00,0.00
2022-06-17,885.60,937.44,801.36,812.16,1008,0.00,0.00
2022-06-21,918.00,1047.60,918.00,959.04,1953,0.00,0.00
2022-06-22,952.56,981.72,918.00,928.80,551,0.00,0.00
2022-06-23,948.24,972.00,887.76,935.28,506,0.00,0.00
2022-06-24,963.36,989.28,931.39,961.20,429,0.00,0.00
2022-06-27,967.68,1038.96,909.36,1032.48,498,0.00,0.00
2022-06-28,1047.60,1047.60,924.48,937.44,646,0.00,0.00
2022-06-29,939.60,939.60,864.00,879.12,513,0.00,0.00
2022-06-30,879.12,896.40,812.16,812.16,610,0.00,0.00
2022-07-01,818.64,870.26,816.48,866.16,336,0.00,0.00
2022-07-05,838.08,956.88,829.44,946.08,731,0.00,0.00
2022-07-06,946.08,961.85,895.32,900.72,242,0.00,0.00
2022-07-07,909.36,965.52,892.08,965.52,415,0.00,0.00
2022-07-08,963.36,1011.74,948.24,993.60,403,0.00,0.00
2022-07-11,961.20,978.48,898.56,918.00,250,0.00,0.00
2022-07-12,922.32,922.32,874.80,885.60,198,0.00,0.00
2022-07-13,848.88,919.08,840.46,900.72,239,0.00,0.00
2022-07-14,883.44,894.24,853.20,874.80,190,0.00,0.00
2022-07-15,915.84,932.04,869.18,902.88,503,0.00,0.00
2022-07-18,933.12,986.90,902.88,920.16,536,0.00,0.00
2022-07-19,930.96,1036.80,918.00,1024.92,646,0.00,0.00
2022-07-20,1047.60,1172.88,1036.80,1064.88,1173,0.00,0.00
2022-07-21,1064.88,1086.48,1019.52,1084.32,393,0.00,0.00
2022-07-22,1099.44,1106.57,1010.88,1036.80,319,0.00,0.00
2022-07-25,1036.80,1036.80,974.16,1006.56,258,0.00,0.00
2022-07-26,980.64,985.39,900.72,907.20,328,0.00,0.00
2022-07-27,948.24,1026.00,864.00,982.80,505,0.00,0.00
2022-07-28,1017.36,1058.40,972.00,1045.44,367,0.00,0.00
2022-07-29,1069.20,1075.68,1019.52,1051.92,352,0.00,0.00
2022-08-01,1045.44,1112.40,1019.30,1064.88,452,0.00,0.00
2022-08-02,1064.88,1099.44,1034.64,1090.80,246,0.00,0.00
2022-08-03,1103.76,1137.67,1080.00,1105.92,405,0.00,0.00
2022-08-04,1103.76,1131.84,1062.72,1092.96,279,0.00,0.00
2022-08-05,1069.20,1131.84,1069.20,1092.96,400,0.00,0.00
2022-08-08,1140.48,1170.72,1127.52,1170.72,340,0.00,0.00
2022-08-09,1142.64,1155.60,1082.16,1099.44,282,0.00,0.00
2022-08-10,1166.40,1235.52,1120.82,1235.52,524,0.00,0.00
2022-08-11,1321.92,1501.20,1242.00,1308.96,1423,0.00,0.00
2022-08-12,1334.88,1350.00,1291.68,1350.00,542,0.00,0.00
2022-08-15,1350.00,1423.44,1317.60,1408.32,890,0.00,0.00
2022-08-16,1408.32,1408.32,1296.00,1354.32,550,0.00,0.00
2022-08-17,1332.72,1332.72,1252.80,1280.88,523,0.00,0.00
2022-08-18,1263.60,1273.32,1203.12,1231.20,302,0.00,0.00
2022-08-19,1170.72,1170.72,1049.76,1075.68,633,0.00,0.00
2022-08-22,1041.12,1095.12,1008.72,1054.08,326,0.00,0.00
2022-08-23,1058.40,1101.60,1049.76,1082.16,217,0.00,0.00
2022-08-24,1097.28,1131.62,1045.44,1089.72,276,0.00,0.00
2022-08-25,1080.00,1099.44,1062.72,1064.88,222,0.00,0.00
2022-08-26,1080.00,1080.00,984.96,984.96,258,0.00,0.00
2022-08-29,972.00,995.76,943.92,995.76,296,0.00,0.00
2022-08-30,1004.40,1029.24,932.90,941.76,212,0.00,0.00
2022-08-31,1004.40,1077.84,1004.40,1028.16,320,0.00,0.00
2022-09-01,1006.56,1026.00,975.24,987.12,218,0.00,0.00
2022-09-02,1028.16,1073.52,982.80,997.92,230,0.00,0.00
2022-09-06,987.12,988.20,885.60,889.92,419,0.00,0.00
2022-09-07,864.00,900.72,842.40,861.84,469,0.00,0.00
2022-09-08,855.36,948.24,855.36,898.56,399,0.00,0.00
2022-09-09,939.60,1058.40,939.60,1021.68,534,0.00,0.00
2022-09-12,1121.04,1144.80,1030.32,1086.48,434,0.00,0.00
2022-09-13,989.28,1038.96,972.00,982.80,350,0.00,0.00
2022-09-14,997.92,1032.48,946.30,1017.36,238,0.00,0.00
2022-09-15,1004.40,1013.04,943.92,969.84,338,0.00,0.00
2022-09-16,935.28,1030.32,928.80,1021.68,619,0.00,0.00
2022-09-19,978.48,1036.80,939.60,939.60,350,0.00,0.00
2022-09-20,939.60,967.68,881.28,902.88,508,0.00,0.00
2022-09-21,896.40,939.60,842.40,857.52,356,0.00,0.00
2022-09-22,866.16,892.08,838.08,885.60,318,0.00,0.00
2022-09-23,844.56,861.19,810.00,831.60,412,0.00,0.00
2022-09-26,807.84,860.76,799.20,818.64,300,0.00,0.00
2022-09-27,818.64,888.84,818.64,853.20,424,0.00,0.00
2022-09-28,887.76,922.32,829.44,879.12,545,0.00,0.00
2022-09-29,874.80,874.80,790.56,851.04,360,0.00,0.00
2022-09-30,844.56,885.60,822.96,835.92,242,0.00,0.00
2022-10-03,838.08,861.84,799.20,851.04,188,0.00,0.00
2022-10-04,868.32,913.68,864.00,881.28,455,0.00,0.00
2022-10-05,848.88,907.20,831.60,881.28,317,0.00,0.00
2022-10-06,870.48,902.88,851.04,900.72,93,0.00,0.00
2022-10-07,691.20,753.84,626.40,691.20,2100,0.00,0.00
2022-10-10,613.44,613.44,480.60,531.36,1746,0.00,0.00
2022-10-11,464.40,509.76,440.64,473.04,1317,0.00,0.00
2022-10-12,432.00,449.28,425.52,436.32,1431,0.00,0.00
2022-10-13,382.32,414.72,349.92,401.76,1840,0.00,0.00
2022-10-14,419.04,425.52,378.00,386.64,777,0.00,0.00
2022-10-17,393.12,401.76,367.20,380.16,969,0.00,0.00
2022-10-18,380.16,384.48,356.40,358.56,572,0.00,0.00
2022-10-19,356.40,356.40,330.48,336.96,841,0.00,0.00
2022-10-20,330.48,330.48,298.08,311.04,1974,0.00,0.00
2022-10-21,302.40,334.80,298.08,330.48,902,0.00,0.00
2022-10-24,330.48,330.48,295.92,298.08,1187,0.00,0.00
2022-10-25,332.64,412.56,313.42,406.08,3364,0.00,0.00
2022-10-26,442.80,619.92,436.32,498.96,18112,0.00,0.00
2022-10-27,498.96,501.12,423.36,425.52,2619,0.00,0.00
2022-10-28,425.52,453.60,399.60,425.52,1595,0.00,0.00
2022-10-31,250.56,274.32,190.51,239.76,14953,0.00,0.00
2022-11-01,213.84,216.00,190.08,196.56,5948,0.00,0.00
2022-11-02,196.56,216.00,174.96,184.68,3667,0.00,0.00
2022-11-03,185.76,194.40,181.44,194.40,1014,0.00,0.00
2022-11-04,211.68,215.57,196.56,197.21,3338,0.00,0.00
2022-11-07,211.03,211.25,185.76,194.83,1465,0.00,0.00
2022-11-08,175.39,197.64,172.80,196.56,1997,0.00,0.00
2022-11-09,181.44,183.60,169.56,175.61,1311,0.00,0.00
2022-11-10,174.96,185.76,173.66,181.87,939,0.00,0.00
2022-11-11,192.24,198.72,184.03,190.08,1297,0.00,0.00
2022-11-14,194.40,198.07,185.98,186.62,667,0.00,0.00
2022-11-15,190.08,196.56,190.08,195.26,902,0.00,0.00
2022-11-16,191.81,194.40,178.63,192.24,798,0.00,0.00
2022-11-17,184.68,187.92,167.83,171.94,1446,0.00,0.00
2022-11-18,173.23,180.36,172.80,176.90,503,0.00,0.00
2022-11-21,181.44,181.44,168.48,173.88,432,0.00,0.00
2022-11-22,177.12,179.28,170.64,172.80,449,0.00,0.00
2022-11-23,168.48,178.42,168.48,175.39,463,0.00,0.00
2022-11-25,182.52,182.52,172.80,175.39,273,0.00,0.00
2022-11-28,172.80,174.96,164.81,166.32,419,0.00,0.00
2022-11-29,165.24,174.96,164.16,165.89,399,0.00,0.00
2022-11-30,164.16,168.91,151.20,160.92,913,0.00,0.00
2022-12-01,151.20,163.08,151.20,159.41,781,0.00,0.00
2022-12-02,163.30,163.30,147.74,156.82,1309,0.00,0.00
2022-12-05,158.76,160.92,146.88,152.50,626,0.00,0.00
2022-12-06,151.20,159.84,145.15,145.80,931,0.00,0.00
2022-12-07,159.62,159.62,140.40,142.56,932,0.00,0.00
2022-12-08,148.61,151.20,142.78,148.61,364,0.00,0.00
2022-12-09,148.61,148.61,148.61,148.61,28,0.00,0.00
2022-12-12,148.61,148.61,148.61,148.61,0,0.00,0.00
2022-12-13,118.80,129.60,77.76,93.31,6523,0.00,0.00
2022-12-14,96.98,114.48,78.19,100.44,2449,0.00,0.00
2022-12-15,107.14,116.42,99.36,104.76,1749,0.00,0.00
2022-12-16,91.80,123.12,77.76,82.73,3428,0.00,0.00
2022-12-19,94.39,103.25,88.56,94.61,1440,0.00,0.00
2022-12-20,99.36,102.17,86.40,92.88,713,0.00,0.00
2022-12-21,97.20,101.52,82.73,90.29,1216,0.00,0.00
2022-12-22,85.10,97.20,84.24,87.48,1433,0.00,0.00
2022-12-23,95.04,118.58,89.21,116.42,2353,0.00,0.00
2022-12-27,116.42,116.42,116.42,116.42,0,0.00,0.00
2022-12-28,146.23,158.54,117.07,158.54,20970,0.00,0.00
2022-12-29,142.56,198.72,136.73,195.26,4618,0.00,0.00
2022-12-30,170.64,299.38,164.16,233.28,9106,0.00,0.00
2023-01-03,196.34,254.88,179.71,250.56,5294,0.00,0.00
2023-01-04,265.68,302.40,254.88,259.20,4171,0.00,0.00
2023-01-05,308.88,386.64,288.58,345.60,13879,0.00,0.00
2023-01-06,313.20,319.25,272.16,306.72,2652,0.00,0.00
2023-01-09,302.40,330.48,291.60,306.72,1220,0.00,0.00
2023-01-10,278.64,291.60,259.20,274.32,1466,0.00,0.00
2023-01-11,241.92,250.56,213.84,224.64,3263,0.00,0.00
2023-01-12,270.00,319.68,241.92,306.72,5231,0.00,0.00
2023-01-13,302.40,343.44,302.40,317.52,1973,0.00,0.00
2023-01-17,403.92,403.92,356.40,393.12,4456,0.00,0.00
2023-01-18,388.80,399.60,345.60,358.56,2251,0.00,0.00
2023-01-19,339.12,393.12,332.64,371.52,1262,0.00,0.00
2023-01-20,382.32,395.28,347.76,373.68,2004,0.00,0.00
2023-01-23,408.24,438.48,395.50,419.04,2547,0.00,0.00
2023-01-24,442.80,447.12,419.04,444.96,1569,0.00,0.00
2023-01-25,419.04,432.00,378.00,423.36,2339,0.00,0.00
2023-01-26,432.00,440.64,410.40,438.48,1283,0.00,0.00
2023-01-27,423.36,434.16,403.92,410.40,1291,0.00,0.00
2023-01-30,403.92,412.56,369.36,386.64,940,0.00,0.00
2023-01-31,386.64,423.36,382.97,414.72,844,0.00,0.00
2023-02-01,406.08,421.20,386.64,410.40,974,0.00,0.00
2023-02-02,427.68,475.20,421.20,457.92,2092,0.00,0.00
2023-02-03,434.16,453.60,406.08,425.52,1204,0.00,0.00
2023-02-06,410.40,691.20,410.40,574.56,14040,0.00,0.00
2023-02-07,552.96,594.00,522.72,587.52,4767,0.00,0.00
2023-02-08,529.20,542.16,453.60,470.88,1927,0.00,0.00
2023-02-09,442.80,468.72,378.00,408.24,1718,0.00,0.00
2023-02-10,403.92,453.60,401.76,410.40,690,0.00,0.00
2023-02-13,406.08,410.40,368.28,395.28,837,0.00,0.00
2023-02-14,380.16,419.04,280.80,291.60,8494,0.00,0.00
2023-02-15,332.64,354.24,293.76,347.76,7385,0.00,0.00
2023-02-16,360.72,427.68,354.24,388.80,4622,0.00,0.00
2023-02-17,378.00,403.92,345.60,399.60,1358,0.00,0.00
2023-02-21,399.60,399.60,347.76,386.64,1572,0.00,0.00
2023-02-22,360.72,373.68,330.48,352.08,1002,0.00,0.00
2023-02-23,371.52,386.64,352.08,362.88,928,0.00,0.00
2023-02-24,345.60,365.04,334.80,356.40,561,0.00,0.00
2023-02-27,347.76,363.96,336.53,339.12,644,0.00,0.00
2023-02-28,345.60,371.52,345.60,367.20,519,0.00,0.00
2023-03-01,375.84,375.84,352.08,360.72,218,0.00,0.00
2023-03-02,369.36,369.36,349.92,365.04,263,0.00,0.00
2023-03-03,339.12,365.04,339.12,352.08,538,0.00,0.00
2023-03-06,339.12,367.20,338.47,360.72,434,0.00,0.00
2023-03-07,360.72,360.72,339.12,347.76,238,0.00,0.00
2023-03-08,339.12,343.44,324.00,328.32,300,0.00,0.00
2023-03-09,326.16,334.58,291.60,291.60,412,0.00,0.00
2023-03-10,285.12,302.40,272.16,291.60,468,0.00,0.00
2023-03-13,302.40,343.44,280.80,320.76,1091,0.00,0.00
2023-03-14,382.32,384.48,332.64,352.08,1599,0.00,0.00
2023-03-15,339.12,352.08,330.48,343.44,307,0.00,0.00
2023-03-16,339.12,352.08,328.32,334.80,293,0.00,0.00
2023-03-17,360.72,386.64,347.76,362.88,2383,0.00,0.00
2023-03-20,380.16,399.60,369.36,380.16,792,0.00,0.00
2023-03-21,388.80,395.28,356.40,388.80,841,0.00,0.00
2023-03-22,388.80,388.80,345.60,365.04,613,0.00,0.00
2023-03-23,362.88,382.32,336.96,356.40,813,0.00,0.00
2023-03-24,345.60,363.74,304.56,334.80,1000,0.00,0.00
2023-03-27,339.12,345.60,311.04,326.16,385,0.00,0.00
2023-03-28,324.00,334.80,315.36,324.00,311,0.00,0.00
2023-03-29,352.08,352.08,319.68,334.80,399,0.00,0.00
2023-03-30,328.32,356.40,328.32,354.24,447,0.00,0.00
2023-03-31,356.40,360.72,336.96,360.72,339,0.00,0.00
2023-04-03,362.88,375.84,345.60,375.84,225,0.00,0.00
2023-04-04,343.44,365.04,334.80,341.28,424,0.00,0.00
2023-04-05,341.28,345.60,319.68,331.56,159,0.00,0.00
2023-04-06,321.84,341.28,317.52,319.68,226,0.00,0.00
2023-04-10,317.52,341.28,313.20,328.32,484,0.00,0.00
2023-04-11,356.40,362.88,321.84,343.44,1279,0.00,0.00
2023-04-12,345.60,345.60,304.56,324.00,543,0.00,0.00
2023-04-13,330.48,345.60,321.84,338.04,1133,0.00,0.00
2023-04-14,356.40,365.04,319.68,324.00,1419,0.00,0.00
2023-04-17,321.84,326.16,306.72,313.20,871,0.00,0.00
2023-04-18,330.48,337.39,321.84,324.00,592,0.00,0.00
2023-04-19,334.80,334.80,311.04,313.20,502,0.00,0.00
2023-04-20,313.20,326.16,298.08,315.36,579,0.00,0.00
2023-04-21,311.04,328.32,306.72,311.04,650,0.00,0.00
2023-04-24,304.56,319.68,282.96,292.68,738,0.00,0.00
2023-04-25,287.28,305.86,263.52,293.76,1355,0.00,0.00
2023-04-26,315.36,324.00,306.72,311.04,536,0.00,0.00
2023-04-27,308.88,313.20,285.12,295.92,791,0.00,0.00
2023-04-28,295.92,319.68,295.92,307.80,460,0.00,0.00
2023-05-01,317.52,319.68,295.92,304.56,299,0.00,0.00
2023-05-02,302.40,315.36,295.92,315.36,333,0.00,0.00
2023-05-03,308.88,321.62,295.92,300.24,200,0.00,0.00
2023-05-04,300.24,317.52,300.02,304.56,222,0.00,0.00
2023-05-05,308.88,319.68,298.08,306.72,427,0.00,0.00
2023-05-08,302.40,309.96,293.76,293.76,241,0.00,0.00
2023-05-09,293.76,302.40,289.44,300.24,358,0.00,0.00
2023-05-10,302.40,313.20,298.08,300.24,617,0.00,0.00
2023-05-11,317.52,317.52,298.08,311.04,669,0.00,0.00
2023-05-12,295.92,301.10,276.48,285.12,422,0.00,0.00
2023-05-15,287.28,289.44,265.68,289.44,465,0.00,0.00
2023-05-16,272.16,280.80,257.04,261.36,606,0.00,0.00
2023-05-17,252.72,267.84,244.08,267.84,602,0.00,0.00
2023-05-18,259.20,270.00,248.40,257.04,448,0.00,0.00
2023-05-19,259.20,265.68,241.92,257.04,257,0.00,0.00
2023-05-22,259.20,263.52,250.56,263.52,296,0.00,0.00
2023-05-23,261.36,270.00,252.72,252.72,365,0.00,0.00
2023-05-24,261.36,261.36,239.76,250.56,542,0.00,0.00
2023-05-25,244.08,257.04,241.92,250.56,225,0.00,0.00
2023-05-26,252.72,259.20,241.92,254.88,206,0.00,0.00
2023-05-30,257.04,270.00,250.56,257.04,527,0.00,0.00
2023-05-31,250.56,265.68,248.40,259.20,432,0.00,0.00
2023-06-01,250.56,282.96,248.40,265.68,674,0.00,0.00
2023-06-02,278.64,279.29,259.20,274.32,606,0.00,0.00
2023-06-05,265.68,274.32,252.72,265.68,592,0.00,0.00
2023-06-06,259.20,274.32,248.40,274.32,445,0.00,0.00
2023-06-07,254.88,274.32,252.72,259.20,601,0.00,0.00
2023-06-08,270.00,270.00,254.88,263.52,396,0.00,0.00
2023-06-09,263.52,265.68,241.92,250.56,425,0.00,0.00
2023-06-12,259.20,265.68,243.00,254.88,934,0.00,0.00
2023-06-13,252.72,259.20,247.32,248.40,332,0.00,0.00
2023-06-14,252.72,257.04,244.08,250.56,364,0.00,0.00
2023-06-15,241.92,252.50,226.80,233.28,708,0.00,0.00
2023-06-16,237.60,237.60,198.72,222.48,2425,0.00,0.00
2023-06-20,231.12,250.56,216.00,250.56,1125,0.00,0.00
2023-06-21,267.84,347.76,262.44,306.72,5713,0.00,0.00
2023-06-22,315.36,324.00,282.96,287.28,2676,0.00,0.00
2023-06-23,298.08,382.32,289.44,347.76,4981,0.00,0.00
2023-06-26,349.92,365.04,308.88,345.60,2057,0.00,0.00
2023-06-27,341.28,384.48,324.00,384.48,1305,0.00,0.00
2023-06-28,356.40,362.02,336.96,341.28,1213,0.00,0.00
2023-06-29,356.40,380.16,336.96,378.00,2127,0.00,0.00
2023-06-30,373.68,384.48,327.24,345.60,2628,0.00,0.00
2023-07-03,352.08,371.52,336.96,358.56,1592,0.00,0.00
2023-07-05,356.40,356.40,324.00,340.20,2067,0.00,0.00
2023-07-06,341.28,345.60,317.52,345.60,1230,0.00,0.00
2023-07-07,334.80,380.16,332.64,380.16,2843,0.00,0.00
2023-07-10,358.56,386.64,343.44,384.48,3249,0.00,0.00
2023-07-11,384.48,384.48,356.40,382.32,2928,0.00,0.00
2023-07-12,388.80,507.60,388.80,479.52,6779,0.00,0.00
2023-07-13,444.96,555.12,429.84,544.32,7761,0.00,0.00
2023-07-14,535.68,544.32,436.32,446.04,6107,0.00,0.00
2023-07-17,444.96,490.32,414.72,432.00,3825,0.00,0.00
2023-07-18,432.00,432.00,341.28,343.44,6521,0.00,0.00
2023-07-19,347.76,365.04,334.80,352.08,5063,0.00,0.00
2023-07-20,352.08,360.72,322.92,328.32,3985,0.00,0.00
2023-07-21,334.80,362.88,308.88,339.12,6000,0.00,0.00
2023-07-24,317.52,334.80,306.72,311.04,2517,0.00,0.00
2023-07-25,317.52,324.00,306.72,315.36,1778,0.00,0.00
2023-07-26,317.52,324.00,311.04,321.84,1480,0.00,0.00
2023-07-27,328.32,332.64,306.72,306.72,1464,0.00,0.00
2023-07-28,304.56,317.52,304.56,313.20,1041,0.00,0.00
2023-07-31,319.68,321.84,302.40,315.36,1963,0.00,0.00
2023-08-01,298.08,308.88,293.76,298.08,1631,0.00,0.00
2023-08-02,304.56,306.72,287.28,298.08,1343,0.00,0.00
2023-08-03,293.76,298.08,280.80,285.12,850,0.00,0.00
2023-08-04,289.44,291.60,282.96,287.28,349,0.00,0.00
2023-08-07,280.80,282.96,259.20,274.32,2162,0.00,0.00
2023-08-08,287.28,313.20,280.80,308.88,3787,0.00,0.00
2023-08-09,306.72,334.80,302.40,304.56,2041,0.00,0.00
2023-08-10,319.68,319.68,302.40,308.88,617,0.00,0.00
2023-08-11,313.20,313.20,293.76,308.88,546,0.00,0.00
2023-08-14,295.92,308.88,250.56,280.80,2275,0.00,0.00
2023-08-15,282.96,287.28,259.20,274.32,532,0.00,0.00
2023-08-16,270.00,277.13,252.72,257.04,605,0.00,0.00
2023-08-17,257.04,270.00,230.69,233.28,1417,0.00,0.00
2023-08-18,231.12,248.40,226.80,228.96,1044,0.00,0.00
2023-08-21,237.60,259.20,228.96,248.40,937,0.00,0.00
2023-08-22,248.40,259.20,246.24,246.24,769,0.00,0.00
2023-08-23,248.40,259.20,246.24,254.88,688,0.00,0.00
2023-08-24,259.20,259.20,235.44,235.44,804,0.00,0.00
2023-08-25,239.76,246.24,213.84,218.16,2877,0.00,0.00
2023-08-28,224.64,235.44,205.20,214.06,1631,0.00,0.00
2023-08-29,213.84,276.48,207.79,265.68,2927,0.00,0.00
2023-08-30,246.24,262.66,244.08,250.56,1178,0.00,0.00
2023-08-31,248.40,250.56,228.96,250.56,1744,0.00,0.00
2023-09-01,244.08,259.20,233.28,246.24,556,0.00,0.00
2023-09-05,252.72,252.72,233.28,244.08,521,0.00,0.00
2023-09-06,244.08,244.08,231.12,239.76,293,0.00,0.00
2023-09-07,233.28,241.92,231.12,235.44,294,0.00,0.00
2023-09-08,237.60,241.92,228.96,237.60,690,0.00,0.00
2023-09-11,228.96,237.60,224.64,226.80,625,0.00,0.00
2023-09-12,224.64,245.81,224.64,235.44,638,0.00,0.00
2023-09-13,233.28,241.92,231.12,237.60,105,0.00,0.00
2023-09-14,235.44,241.92,235.44,241.92,391,0.00,0.00
2023-09-15,235.44,239.76,231.12,233.28,325,0.00,0.00
2023-09-18,237.60,241.92,228.96,237.60,499,0.00,0.00
2023-09-19,228.96,241.92,224.64,233.28,546,0.00,0.00
2023-09-20,239.76,239.76,224.64,231.12,259,0.00,0.00
2023-09-21,226.80,231.12,222.48,222.48,260,0.00,0.00
2023-09-22,224.64,226.80,216.43,224.64,425,0.00,0.00
2023-09-25,222.48,226.80,216.00,216.00,336,0.00,0.00
2023-09-26,237.60,237.60,203.04,213.84,703,0.00,0.00
2023-09-27,226.80,226.80,205.85,216.00,420,0.00,0.00
2023-09-28,216.00,224.64,206.28,224.64,424,0.00,0.00
2023-09-29,228.96,228.96,209.52,216.00,366,0.00,0.00
2023-10-02,235.44,235.44,210.60,226.80,634,0.00,0.00
2023-10-03,218.16,222.05,207.36,211.68,370,0.00,0.00
2023-10-04,209.52,224.64,205.20,218.16,395,0.00,0.00
2023-10-05,209.52,218.16,207.36,211.46,540,0.00,0.00
2023-10-06,211.68,220.32,211.68,220.32,288,0.00,0.00
2023-10-09,211.68,222.48,211.68,212.54,195,0.00,0.00
2023-10-10,216.00,220.32,205.20,218.16,293,0.00,0.00
2023-10-11,216.00,237.60,208.87,235.44,671,0.00,0.00
2023-10-12,237.60,237.60,218.16,237.60,344,0.00,0.00
2023-10-13,233.28,235.44,216.00,222.48,232,0.00,0.00
2023-10-16,235.44,248.40,213.84,224.64,917,0.00,0.00
2023-10-17,220.32,233.28,220.32,220.32,307,0.00,0.00
2023-10-18,220.32,220.32,208.44,220.32,329,0.00,0.00
2023-10-19,216.00,218.16,205.42,208.44,504,0.00,0.00
2023-10-20,215.35,218.16,203.04,203.04,618,0.00,0.00
2023-10-23,218.16,237.60,209.52,235.44,869,0.00,0.00
2023-10-24,259.20,298.08,254.88,298.08,3543,0.00,0.00
2023-10-25,293.76,334.80,270.00,315.36,2886,0.00,0.00
2023-10-26,287.28,289.44,239.76,241.92,1288,0.00,0.00
2023-10-27,246.24,276.48,239.76,254.88,811,0.00,0.00
2023-10-30,246.24,272.16,246.24,259.20,582,0.00,0.00
2023-10-31,257.04,278.64,254.88,270.00,398,0.00,0.00
2023-11-01,280.80,280.80,248.40,259.20,631,0.00,0.00
2023-11-02,263.52,278.64,254.88,263.52,1038,0.00,0.00
2023-11-03,267.84,267.84,241.92,259.20,970,0.00,0.00
2023-11-06,259.20,270.00,244.08,248.40,805,0.00,0.00
2023-11-07,248.40,257.04,239.76,252.72,428,0.00,0.00
2023-11-08,252.72,252.72,233.28,239.76,750,0.00,0.00
2023-11-09,263.52,272.16,235.44,246.24,1870,0.00,0.00
2023-11-10,248.40,256.82,241.92,248.40,1243,0.00,0.00
2023-11-13,237.60,246.24,233.28,235.44,690,0.00,0.00
2023-11-14,235.44,243.00,218.16,237.60,1302,0.00,0.00
2023-11-15,228.96,259.20,226.80,252.72,1389,0.00,0.00
2023-11-16,252.72,261.36,237.60,261.36,1018,0.00,0.00
2023-11-17,248.40,254.88,239.76,241.92,765,0.00,0.00
2023-11-20,252.72,257.04,239.76,250.56,728,0.00,0.00
2023-11-21,250.56,250.56,241.92,246.24,209,0.00,0.00
2023-11-22,246.24,246.24,237.60,244.08,426,0.00,0.00
2023-11-24,239.76,254.88,226.80,254.88,1131,0.00,0.00
2023-11-27,259.20,261.36,246.24,248.40,862,0.00,0.00
2023-11-28,248.40,261.36,246.24,261.36,1125,0.00,0.00
2023-11-29,261.36,265.68,248.40,250.56,658,0.00,0.00
2023-11-30,252.72,259.20,239.76,239.76,703,0.00,0.00
2023-12-01,241.92,270.00,241.92,267.84,1304,0.00,0.00
2023-12-04,313.20,362.88,287.28,362.88,5568,0.00,0.00
2023-12-05,321.84,378.00,308.88,365.04,4486,0.00,0.00
2023-12-06,373.68,382.32,343.44,350.78,1620,0.00,0.00
2023-12-07,343.44,345.60,306.72,334.80,1486,0.00,0.00
2023-12-08,341.28,414.72,326.16,401.76,3943,0.00,0.00
2023-12-11,369.36,390.10,330.48,341.28,3317,0.00,0.00
2023-12-12,358.56,380.16,345.60,354.24,2210,0.00,0.00
2023-12-13,339.12,397.44,334.80,392.04,2400,0.00,0.00
2023-12-14,403.92,464.40,393.12,462.24,6496,0.00,0.00
2023-12-15,429.84,449.28,393.12,447.12,4765,0.00,0.00
2023-12-18,412.56,440.21,393.12,408.24,4586,0.00,0.00
2023-12-19,427.68,455.76,403.92,429.84,3435,0.00,0.00
2023-12-20,444.96,509.76,434.16,464.40,6188,0.00,0.00
2023-12-21,492.48,555.12,475.20,555.12,6392,0.00,0.00
2023-12-22,585.36,777.60,583.20,749.52,20996,0.00,0.00
2023-12-26,738.72,762.48,691.20,740.88,8741,0.00,0.00
2023-12-27,714.96,941.76,714.96,810.00,18933,0.00,0.00
2023-12-28,775.44,915.84,758.16,881.28,16504,0.00,0.00
2023-12-29,838.08,900.72,766.80,807.84,16425,0.00,0.00
2024-01-02,954.72,961.20,708.48,723.60,13305,0.00,0.00
2024-01-03,689.04,833.76,622.08,816.48,10453,0.00,0.00
2024-01-04,818.64,868.32,771.12,825.12,6550,0.00,0.00
2024-01-05,805.68,809.78,714.96,756.00,4013,0.00,0.00
2024-01-08,667.44,718.42,610.20,684.72,11297,0.00,0.00
2024-01-09,626.40,628.56,520.56,537.84,10814,0.00,0.00
2024-01-10,540.00,673.49,531.36,598.32,10736,0.00,0.00
2024-01-11,643.68,676.08,535.68,548.64,9911,0.00,0.00
2024-01-12,529.20,540.00,434.16,440.64,9784,0.00,0.00
2024-01-16,451.44,481.68,438.48,451.44,4233,0.00,0.00
2024-01-17,440.64,442.80,414.72,427.68,2141,0.00,0.00
2024-01-18,427.68,455.76,371.52,380.16,4106,0.00,0.00
2024-01-19,390.96,406.08,356.40,406.08,4045,0.00,0.00
2024-01-22,403.92,440.64,388.37,403.92,3206,0.00,0.00
2024-01-23,386.64,412.56,377.14,388.80,1581,0.00,0.00
2024-01-24,401.76,431.57,386.64,401.76,2106,0.00,0.00
2024-01-25,410.40,419.04,384.48,406.08,947,0.00,0.00
2024-01-26,432.00,496.80,422.06,494.64,5088,0.00,0.00
2024-01-29,483.84,533.52,481.68,522.72,6209,0.00,0.00
2024-01-30,501.12,514.08,457.92,466.56,3714,0.00,0.00
2024-01-31,449.28,468.72,403.92,434.16,3184,0.00,0.00
2024-02-01,436.32,459.86,425.52,449.28,1769,0.00,0.00
2024-02-02,444.96,449.28,414.72,416.88,1670,0.00,0.00
2024-02-05,416.88,436.32,395.28,397.44,2474,0.00,0.00
2024-02-06,397.44,410.40,384.48,401.76,2346,0.00,0.00
2024-02-07,408.24,408.24,373.68,401.76,1933,0.00,0.00
2024-02-08,403.92,501.12,403.92,483.84,5693,0.00,0.00
2024-02-09,514.08,550.80,490.32,537.84,5828,0.00,0.00
2024-02-12,557.28,615.60,544.32,615.60,7491,0.00,0.00
2024-02-13,555.12,581.04,503.28,529.20,4210,0.00,0.00
2024-02-14,600.48,630.72,574.78,613.44,5335,0.00,0.00
2024-02-15,613.44,626.40,544.32,557.28,5092,0.00,0.00
2024-02-16,563.76,581.04,522.72,546.48,2256,0.00,0.00
2024-02-20,533.52,540.00,477.36,501.12,2361,0.00,0.00
2024-02-21,475.20,486.00,462.24,466.56,1362,0.00,0.00
2024-02-22,470.88,518.40,462.24,492.48,2381,0.00,0.00
2024-02-23,492.48,492.48,444.96,453.60,1642,0.00,0.00
2024-02-26,462.24,546.48,460.08,537.84,4123,0.00,0.00
2024-02-27,594.00,600.48,527.04,570.24,5758,0.00,0.00
2024-02-28,552.96,596.16,529.20,535.68,5753,0.00,0.00
2024-02-29,544.32,559.44,436.32,436.32,6818,0.00,0.00
2024-03-01,462.24,503.28,453.60,501.12,3060,0.00,0.00
2024-03-04,496.80,516.24,460.08,475.20,4675,0.00,0.00
2024-03-05,432.00,447.12,378.00,386.64,6817,0.00,0.00
2024-03-06,421.20,436.10,401.76,416.88,2464,0.00,0.00
2024-03-07,432.00,432.00,401.76,408.24,2010,0.00,0.00
2024-03-08,432.00,457.92,414.72,433.08,3937,0.00,0.00
2024-03-11,427.68,446.69,388.80,390.96,3699,0.00,0.00
2024-03-12,401.76,403.92,373.68,386.64,2113,0.00,0.00
2024-03-13,395.28,397.44,378.00,380.16,2059,0.00,0.00
2024-03-14,369.36,369.36,306.72,336.96,4033,0.00,0.00
2024-03-15,328.32,356.40,326.16,356.40,2962,0.00,0.00
2024-03-18,349.92,380.16,334.80,356.40,1791,0.00,0.00
2024-03-19,343.44,345.60,319.68,324.00,1528,0.00,0.00
2024-03-20,324.00,388.80,324.00,380.16,2709,0.00,0.00
2024-03-21,380.16,386.64,346.68,352.08,2231,0.00,0.00
2024-03-22,356.40,369.36,336.96,352.08,2289,0.00,0.00
2024-03-25,360.72,374.76,347.76,352.08,2729,0.00,0.00
2024-03-26,358.56,362.88,332.64,339.12,1706,0.00,0.00
2024-03-27,339.12,349.92,332.64,345.60,812,0.00,0.00
2024-03-28,347.76,535.68,339.12,468.72,12511,0.00,0.00
2024-04-01,436.32,444.96,373.68,397.44,5394,0.00,0.00
2024-04-02,356.40,371.52,345.60,365.04,2335,0.00,0.00
2024-04-03,362.88,371.52,356.40,356.40,1384,0.00,0.00
2024-04-04,360.72,375.84,336.96,336.96,2582,0.00,0.00
2024-04-05,341.28,373.68,336.96,343.44,1781,0.00,0.00
2024-04-08,371.52,375.84,345.60,354.24,2023,0.00,0.00
2024-04-09,356.40,365.26,343.44,345.60,1068,0.00,0.00
2024-04-10,347.76,354.24,331.56,341.28,1056,0.00,0.00
2024-04-11,339.12,341.28,319.68,328.32,1286,0.00,0.00
2024-04-12,328.32,328.32,302.40,311.04,1372,0.00,0.00
2024-04-15,308.88,317.52,278.64,289.44,1263,0.00,0.00
2024-04-16,291.60,315.36,285.12,311.04,885,0.00,0.00
2024-04-17,319.68,319.68,302.40,319.68,779,0.00,0.00
2024-04-18,319.68,341.28,311.04,313.20,1094,0.00,0.00
2024-04-19,326.16,334.80,311.04,328.32,1411,0.00,0.00
2024-04-22,330.48,358.56,313.20,341.28,1612,0.00,0.00
2024-04-23,336.96,356.40,326.16,336.96,1428,0.00,0.00
2024-04-24,334.80,341.93,313.20,326.16,978,0.00,0.00
2024-04-25,317.52,334.80,308.88,328.32,606,0.00,0.00
2024-04-26,308.88,332.64,308.88,328.32,795,0.00,0.00
2024-04-29,326.16,328.10,315.36,321.84,705,0.00,0.00
2024-04-30,315.36,317.52,295.92,300.24,849,0.00,0.00
2024-05-01,291.60,311.04,287.28,295.92,841,0.00,0.00
2024-05-02,304.56,304.56,289.44,300.24,905,0.00,0.00
2024-05-03,306.72,313.20,290.30,293.76,628,0.00,0.00
2024-05-06,306.72,319.68,287.28,291.60,947,0.00,0.00
2024-05-07,295.92,295.92,285.12,293.76,825,0.00,0.00
2024-05-08,291.60,291.60,276.48,291.60,734,0.00,0.00
2024-05-09,287.28,300.02,280.80,295.92,558,0.00,0.00
2024-05-10,295.92,304.56,274.32,278.64,1064,0.00,0.00
2024-05-13,298.08,302.40,287.28,302.40,745,0.00,0.00
2024-05-14,300.24,301.97,285.12,291.60,744,0.00,0.00
2024-05-15,300.24,330.48,293.76,324.00,1492,0.00,0.00
2024-05-16,317.52,324.00,292.68,298.08,1698,0.00,0.00
2024-05-17,287.28,313.20,287.28,311.04,817,0.00,0.00
2024-05-20,311.04,334.80,298.08,321.84,2051,0.00,0.00
2024-05-21,324.00,332.64,306.72,315.36,1343,0.00,0.00
2024-05-22,319.68,334.80,308.88,313.20,1491,0.00,0.00
2024-05-23,308.88,321.62,291.60,295.92,868,0.00,0.00
2024-05-24,300.24,306.72,287.28,295.92,864,0.00,0.00
2024-05-28,298.08,313.20,291.60,300.24,830,0.00,0.00
2024-05-29,291.60,302.40,291.60,298.08,360,0.00,0.00
2024-05-30,295.92,313.20,295.92,304.56,617,0.00,0.00
2024-05-31,300.24,306.72,291.60,298.08,447,0.00,0.00
2024-06-03,306.72,312.98,289.44,298.08,785,0.00,0.00
2024-06-04,291.60,300.24,285.12,291.60,1386,0.00,0.00
2024-06-05,289.44,302.40,281.88,301.97,1201,0.00,0.00
2024-06-06,291.60,354.24,289.66,326.16,4356,0.00,0.00
2024-06-07,291.60,326.16,291.60,302.40,2682,0.00,0.00
2024-06-10,293.76,300.24,291.60,292.68,1187,0.00,0.00
2024-06-11,289.44,291.60,268.06,285.12,2000,0.00,0.00
2024-06-12,287.28,319.68,280.80,298.08,2668,0.00,0.00
2024-06-13,300.24,306.72,285.12,291.60,1296,0.00,0.00
2024-06-14,289.44,291.60,272.16,278.64,1791,0.00,0.00
2024-06-17,270.00,282.96,263.52,280.80,1800,0.00,0.00
2024-06-18,280.80,280.80,263.52,270.00,1836,0.00,0.00
2024-06-20,270.00,289.44,263.52,274.10,1410,0.00,0.00
2024-06-21,274.32,278.64,231.12,231.12,4719,0.00,0.00
2024-06-24,226.80,246.24,224.64,241.92,1946,0.00,0.00
2024-06-25,248.40,261.36,244.08,250.56,875,0.00,0.00
2024-06-26,250.56,267.84,246.24,254.88,1103,0.00,0.00
2024-06-27,254.88,270.00,253.80,267.84,967,0.00,0.00
2024-06-28,267.84,267.84,248.40,248.40,1666,0.00,0.00
2024-07-01,254.88,276.48,251.42,263.52,1850,0.00,0.00
2024-07-02,259.20,270.00,254.88,261.36,818,0.00,0.00
2024-07-03,261.36,267.84,257.04,261.36,386,0.00,0.00
2024-07-05,248.40,265.68,244.08,257.47,1522,0.00,0.00
2024-07-08,261.36,263.52,250.56,254.88,718,0.00,0.00
2024-07-09,261.36,261.36,235.44,239.76,1095,0.00,0.00
2024-07-10,248.40,252.72,235.44,239.76,1626,0.00,0.00
2024-07-11,252.72,252.72,233.28,239.76,981,0.00,0.00
2024-07-12,239.76,250.56,237.60,243.00,945,0.00,0.00
2024-07-15,250.56,300.24,248.40,289.44,6352,0.00,0.00
2024-07-16,287.28,368.93,284.90,360.72,9482,0.00,0.00
2024-07-17,345.60,373.68,317.52,326.16,7567,0.00,0.00
2024-07-18,334.80,354.24,311.04,324.00,3168,0.00,0.00
2024-07-19,302.40,334.80,282.96,317.52,3531,0.00,0.00
2024-07-22,319.68,386.64,319.68,380.16,9725,0.00,0.00
2024-07-23,356.40,371.52,321.84,321.84,3694,0.00,0.00
2024-07-24,319.68,365.04,311.04,343.44,5097,0.00,0.00
2024-07-25,328.32,345.60,317.52,324.00,1544,0.00,0.00
2024-07-26,334.80,360.72,333.72,352.08,2900,0.00,0.00
2024-07-29,365.04,429.84,349.92,354.24,6892,0.00,0.00
2024-07-30,339.12,349.92,302.40,311.04,3733,0.00,0.00
2024-07-31,330.48,339.12,298.08,304.56,2559,0.00,0.00
2024-08-01,304.56,311.04,270.00,282.96,2913,0.00,0.00
2024-08-02,282.96,293.76,250.56,263.52,3155,0.00,0.00
2024-08-05,228.96,257.04,226.80,244.08,3243,0.00,0.00
2024-08-06,259.20,278.64,241.92,261.36,1917,0.00,0.00
2024-08-07,270.00,272.16,237.60,241.92,1290,0.00,0.00
2024-08-08,252.72,267.84,246.24,261.36,989,0.00,0.00
2024-08-09,272.16,272.16,252.72,259.20,1566,0.00,0.00
2024-08-12,257.04,274.32,252.72,267.84,913,0.00,0.00
2024-08-13,265.68,295.70,265.68,280.80,1319,0.00,0.00
2024-08-14,285.12,285.12,261.36,261.36,1135,0.00,0.00
2024-08-15,270.00,278.64,261.36,265.68,702,0.00,0.00
2024-08-16,265.68,282.96,265.68,267.84,618,0.00,0.00
2024-08-19,265.68,273.24,257.04,265.68,925,0.00,0.00
2024-08-20,276.48,280.80,270.00,274.32,1075,0.00,0.00
2024-08-21,282.96,313.20,280.58,300.24,2382,0.00,0.00
2024-08-22,300.24,300.24,282.96,285.12,553,0.00,0.00
2024-08-23,293.76,332.64,282.96,321.84,2130,0.00,0.00
2024-08-26,324.00,326.81,293.76,317.52,2070,0.00,0.00
2024-08-27,304.56,315.36,272.16,291.60,2425,0.00,0.00
2024-08-28,293.76,295.92,263.52,272.16,1605,0.00,0.00
2024-08-29,274.32,291.82,265.68,276.48,1244,0.00,0.00
2024-08-30,278.64,285.12,259.63,270.00,644,0.00,0.00
2024-09-03,272.16,274.32,241.92,243.00,1763,0.00,0.00
2024-09-04,241.92,252.72,241.92,250.56,838,0.00,0.00
2024-09-05,252.72,254.23,231.12,233.28,1677,0.00,0.00
2024-09-06,241.92,247.32,233.28,235.44,1188,0.00,0.00
2024-09-09,237.60,241.92,233.28,239.76,1357,0.00,0.00
2024-09-10,241.92,252.72,241.92,252.72,622,0.00,0.00
2024-09-11,246.24,248.40,233.28,244.08,921,0.00,0.00
2024-09-12,241.92,257.04,241.92,248.40,801,0.00,0.00
2024-09-13,241.92,261.36,241.92,252.72,837,0.00,0.00
2024-09-16,250.56,251.64,244.08,246.24,591,0.00,0.00
2024-09-17,259.20,259.20,244.08,248.40,976,0.00,0.00
2024-09-18,248.40,270.00,244.08,254.88,938,0.00,0.00
2024-09-19,270.00,278.64,261.36,272.16,1494,0.00,0.00
2024-09-20,267.84,270.00,237.60,237.60,1044,0.00,0.00
2024-09-23,252.72,257.04,244.08,244.08,1233,0.00,0.00
2024-09-24,252.72,252.72,228.96,244.08,1784,0.00,0.00
2024-09-25,237.60,248.40,235.44,235.44,1138,0.00,0.00
2024-09-26,248.40,259.20,244.08,253.80,2404,0.00,0.00
2024-09-27,257.04,291.60,253.37,291.60,2660,0.00,0.00
2024-09-30,270.00,280.80,259.20,261.36,6041,0.00,0.00
2024-10-01,261.36,265.68,248.40,250.56,838,0.00,0.00
2024-10-02,248.40,261.36,244.08,246.24,1020,0.00,0.00
2024-10-03,250.56,259.20,246.24,250.56,720,0.00,0.00
2024-10-04,257.04,267.84,250.56,259.20,858,0.00,0.00
2024-10-07,259.20,260.28,244.08,248.40,667,0.00,0.00
2024-10-08,246.24,250.56,237.60,241.92,1045,0.00,0.00
2024-10-09,244.08,250.56,233.28,237.60,1660,0.00,0.00
2024-10-10,239.76,241.92,226.80,227.88,1207,0.00,0.00
2024-10-11,233.28,246.24,233.28,244.08,1312,0.00,0.00
2024-10-14,252.72,257.04,239.76,250.56,2338,0.00,0.00
2024-10-15,250.56,265.68,237.60,241.92,1994,0.00,0.00
2024-10-16,241.92,263.52,241.92,257.04,2992,0.00,0.00
2024-10-17,252.72,254.88,246.24,248.40,733,0.00,0.00
2024-10-18,252.72,267.84,252.72,262.44,2622,0.00,0.00
2024-10-21,261.36,263.30,248.40,257.04,1695,0.00,0.00
2024-10-22,250.56,261.36,248.40,257.04,1135,0.00,0.00
2024-10-23,252.72,254.88,235.44,241.92,2656,0.00,0.00
2024-10-24,252.72,254.88,244.08,248.40,2153,0.00,0.00
2024-10-25,248.40,257.04,239.76,241.92,1524,0.00,0.00
2024-10-28,244.08,270.00,244.08,267.84,3587,0.00,0.00
2024-10-29,272.16,308.88,250.56,293.76,6999,0.00,0.00
2024-10-30,287.28,295.92,257.04,261.36,2507,0.00,0.00
2024-10-31,261.36,270.00,248.40,250.56,1432,0.00,0.00
2024-11-01,259.20,267.84,248.40,251.64,1336,0.00,0.00
2024-11-04,250.56,250.56,241.92,244.08,1760,0.00,0.00
2024-11-05,250.56,261.36,249.48,257.04,1573,0.00,0.00
2024-11-06,282.96,295.92,261.36,293.76,6451,0.00,0.00
2024-11-07,263.52,278.64,235.44,267.84,10799,0.00,0.00
2024-11-08,248.40,259.20,241.92,244.08,6454,0.00,0.00
2024-11-11,259.20,282.96,252.72,280.80,14990,0.00,0.00
2024-11-12,270.00,302.40,259.20,291.60,11505,0.00,0.00
2024-11-13,290.52,333.72,276.48,287.28,18232,0.00,0.00
2024-11-14,311.04,311.04,258.12,259.20,9012,0.00,0.00
2024-11-15,270.00,272.16,253.80,265.68,4981,0.00,0.00
2024-11-18,261.36,264.60,241.92,246.24,9125,0.00,0.00
2024-11-19,244.08,261.36,220.32,252.72,12047,0.00,0.00
2024-11-20,250.56,259.20,235.44,241.92,5388,0.00,0.00
2024-11-21,248.40,250.56,228.96,241.92,6931,0.00,0.00
2024-11-22,241.92,259.20,239.76,252.72,7204,0.00,0.00
2024-11-25,248.40,252.72,235.44,244.08,5062,0.00,0.00
2024-11-26,235.44,238.68,226.80,228.96,5608,0.00,0.00
2024-11-27,233.28,237.60,224.64,237.60,4601,0.00,0.00
2024-11-29,237.60,252.72,235.44,241.92,4338,0.00,0.00
2024-12-02,212.33,241.92,194.40,205.20,19831,0.00,0.00
2024-12-03,187.70,196.13,158.76,176.04,17376,0.00,0.00
2024-12-04,170.64,172.80,142.99,146.23,13796,0.00,0.00
2024-12-05,150.98,155.52,129.60,138.46,16331,0.00,0.00
2024-12-06,131.76,148.82,131.11,148.82,11575,0.00,0.00
2024-12-09,155.52,159.84,150.55,158.98,8143,0.00,0.00
2024-12-10,159.19,164.16,151.20,159.19,3864,0.00,0.00
2024-12-11,166.32,181.44,162.22,169.99,5016,0.00,0.00
2024-12-12,171.72,175.39,162.86,166.10,2941,0.00,0.00
2024-12-13,170.64,170.64,155.52,158.11,2516,0.00,0.00
2024-12-16,163.94,170.64,158.11,165.67,3413,0.00,0.00
2024-12-17,168.48,168.48,150.55,151.85,3130,0.00,0.00
2024-12-18,152.71,160.92,142.99,144.50,3589,0.00,0.00
2024-12-19,150.55,150.55,129.17,130.90,4316,0.00,0.00
2024-12-20,129.17,142.56,125.71,135.86,2855,0.00,0.00
2024-12-23,138.24,142.13,130.25,132.41,2229,0.00,0.00
2024-12-24,130.03,154.66,129.60,146.88,2635,0.00,0.00
2024-12-26,146.88,151.20,139.75,143.64,1407,0.00,0.00
2024-12-27,139.75,146.23,127.44,131.76,3624,0.00,0.00
2024-12-30,130.25,133.92,112.32,133.06,4662,0.00,0.00
2024-12-31,131.76,133.92,120.96,122.04,3133,0.00,0.00
2025-01-02,129.38,141.48,127.44,133.92,2381,0.00,0.00
2025-01-03,135.00,145.80,133.92,138.89,2470,0.00,0.00
2025-01-06,144.72,157.03,141.70,144.72,3940,0.00,0.00
2025-01-07,143.86,146.66,133.92,141.05,2003,0.00,0.00
2025-01-08,136.08,138.24,127.66,135.22,2038,0.00,0.00
2025-01-10,136.08,136.08,127.44,129.17,2130,0.00,0.00
2025-01-13,127.44,127.44,118.80,123.12,2001,0.00,0.00
2025-01-14,124.42,132.41,121.39,122.47,1395,0.00,0.00
2025-01-15,129.60,138.02,126.79,134.78,1743,0.00,0.00
2025-01-16,133.92,138.24,128.30,131.98,1336,0.00,0.00
2025-01-17,131.76,138.02,126.36,126.58,3286,0.00,0.00
2025-01-21,130.68,132.84,120.96,123.12,2369,0.00,0.00
2025-01-22,120.96,125.28,116.86,117.94,2362,0.00,0.00
2025-01-23,115.13,115.13,105.84,108.00,3868,0.00,0.00
2025-01-24,108.00,112.32,105.84,109.51,1865,0.00,0.00
2025-01-27,105.84,114.48,101.52,101.95,2289,0.00,0.00
2025-01-28,106.27,106.27,98.93,99.36,1549,0.00,0.00
2025-01-29,97.20,101.52,97.20,99.58,1069,0.00,0.00
2025-01-30,102.17,137.16,100.44,107.78,25567,0.00,0.00
2025-01-31,108.00,125.28,108.00,111.02,5784,0.00,0.00
2025-02-03,102.60,118.80,101.95,113.18,3134,0.00,0.00
2025-02-04,113.83,120.10,108.00,115.78,1439,0.00,0.00
2025-02-05,115.34,116.86,106.27,109.51,1366,0.00,0.00
2025-02-06,112.10,112.10,103.68,106.70,1329,0.00,0.00
2025-02-07,104.76,110.16,100.66,100.87,2365,0.00,0.00
2025-02-10,101.09,103.90,100.01,101.09,976,0.00,0.00
2025-02-11,103.68,105.19,96.12,96.12,1315,0.00,0.00
2025-02-12,95.04,102.38,93.53,102.17,1137,0.00,0.00
2025-02-13,105.84,112.10,99.36,109.94,1670,0.00,0.00
2025-02-14,116.64,118.58,108.65,115.78,1204,0.00,0.00
2025-02-18,118.80,118.80,105.84,106.92,1255,0.00,0.00
2025-02-19,110.16,110.16,101.52,106.49,973,0.00,0.00
2025-02-20,110.59,110.59,100.22,105.41,463,0.00,0.00
2025-02-21,108.00,108.00,98.71,99.14,475,0.00,0.00
2025-02-24,103.46,103.68,95.47,97.20,1467,0.00,0.00
2025-02-25,97.20,99.36,91.37,94.18,1103,0.00,0.00
2025-02-26,94.82,99.36,91.58,92.23,949,0.00,0.00
2025-02-27,97.20,99.36,88.78,89.21,913,0.00,0.00
2025-02-28,90.72,90.72,87.48,87.91,943,0.00,0.00
2025-03-03,89.86,142.56,64.80,73.87,307886,0.00,0.00
2025-03-04,73.87,93.74,69.34,75.60,19883,0.00,0.00
2025-03-05,84.24,86.40,76.25,80.78,7778,0.00,0.00
2025-03-06,79.92,85.97,78.41,80.78,3464,0.00,0.00
2025-03-07,79.92,116.64,78.19,97.20,22650,0.00,0.00
2025-03-10,91.37,91.37,82.08,84.24,3720,0.00,0.00
2025-03-11,86.40,90.50,82.08,90.50,1491,0.00,0.00
2025-03-12,86.62,93.31,86.40,87.48,1029,0.00,0.00
2025-03-13,89.64,89.86,83.16,86.62,825,0.00,0.00
2025-03-14,90.72,93.74,86.62,88.78,1703,0.00,0.00
2025-03-17,82.94,88.56,77.76,87.48,2791,0.00,0.00
2025-03-18,88.34,88.34,82.51,86.83,963,0.00,0.00
2025-03-19,86.40,88.34,80.35,86.83,1356,0.00,0.00
2025-03-20,84.24,84.24,81.00,83.38,1374,0.00,0.00
2025-03-21,85.32,85.32,80.14,81.86,1052,0.00,0.00
2025-03-24,82.08,90.72,82.08,90.72,2194,0.00,0.00
2025-03-25,90.72,90.94,85.54,85.75,1171,0.00,0.00
2025-03-26,88.34,89.42,81.00,83.81,1427,0.00,0.00
2025-03-27,84.46,85.97,81.22,83.16,838,0.00,0.00
2025-03-28,81.22,81.43,76.03,79.70,1235,0.00,0.00
2025-03-31,77.76,79.49,71.93,73.44,1458,0.00,0.00
2025-04-01,71.71,78.62,71.71,76.25,1018,0.00,0.00
2025-04-02,73.01,81.43,73.01,79.27,867,0.00,0.00
2025-04-03,77.11,79.06,71.28,72.36,2153,0.00,0.00
2025-04-04,69.12,77.98,69.12,72.36,1065,0.00,0.00
2025-04-07,69.12,74.95,63.07,70.63,2289,0.00,0.00
2025-04-08,70.63,72.79,67.18,67.39,962,0.00,0.00
2025-04-09,66.10,72.36,65.23,71.93,1543,0.00,0.00
2025-04-10,71.93,71.93,68.04,69.98,905,0.00,0.00
2025-04-11,69.12,72.58,69.12,72.36,849,0.00,0.00
2025-04-14,72.36,74.09,70.20,72.36,867,0.00,0.00
2025-04-15,75.60,79.49,67.82,74.52,1232,0.00,0.00
2025-04-16,73.66,75.60,71.71,74.30,402,0.00,0.00
2025-04-17,75.60,75.60,70.20,75.38,407,0.00,0.00
2025-04-21,72.36,76.90,71.28,71.28,922,0.00,0.00
2025-04-22,73.44,78.62,71.50,74.74,2087,0.00,0.00
2025-04-23,79.49,83.16,75.82,83.16,2023,0.00,0.00
2025-04-24,84.24,90.94,82.73,90.72,2309,0.00,0.00
2025-04-25,90.72,90.72,83.59,85.75,2151,0.00,0.00
2025-04-28,90.72,90.72,86.40,87.48,663,0.00,0.00
2025-04-29,88.56,97.20,84.24,95.26,1548,0.00,0.00
2025-04-30,87.48,90.72,75.82,80.14,2648,0.00,0.00
2025-05-01,86.40,90.50,84.67,85.97,1291,0.00,0.00
2025-05-02,87.26,92.23,85.97,92.23,938,0.00,0.00
2025-05-05,90.72,90.72,86.62,89.64,376,0.00,0.00
2025-05-06,88.56,89.21,84.24,85.32,594,0.00,0.00
2025-05-07,85.97,90.29,82.08,84.46,680,0.00,0.00
2025-05-08,84.24,84.24,77.76,82.30,3619,0.00,0.00
2025-05-09,84.24,84.24,77.76,78.84,3250,0.00,0.00
2025-05-12,84.46,84.46,76.46,77.11,3103,0.00,0.00
2025-05-13,79.92,84.24,77.11,82.73,2380,0.00,0.00
2025-05-14,82.08,99.14,82.08,91.37,4402,0.00,0.00
2025-05-15,85.97,91.15,84.46,87.48,1181,0.00,0.00
2025-05-16,86.40,105.84,86.40,100.66,6830,0.00,0.00
2025-05-19,100.66,100.66,91.80,97.63,3161,0.00,0.00
2025-05-20,96.77,97.42,90.72,93.96,1279,0.00,0.00
2025-05-21,95.04,99.14,88.99,92.45,2269,0.00,0.00
2025-05-22,95.04,97.20,90.72,94.39,2338,0.00,0.00
2025-05-23,90.72,96.55,85.32,93.31,1574,0.00,0.00
2025-05-27,93.10,96.12,86.40,89.42,2528,0.00,0.00
2025-05-28,88.56,92.23,85.32,89.86,1395,0.00,0.00
2025-05-29,87.48,90.07,32.40,76.03,3626,0.00,0.00
2025-05-30,82.08,82.30,75.82,78.84,1508,0.00,0.00
2025-06-02,81.43,81.43,73.44,75.60,1719,0.00,0.00
2025-06-03,73.44,81.00,71.71,79.70,928,0.00,0.00
2025-06-04,81.86,87.91,80.35,85.10,1091,0.00,0.00
2025-06-05,88.56,93.96,83.38,86.40,3441,0.00,0.00
2025-06-06,85.32,92.66,83.81,90.50,1569,0.00,0.00
2025-06-09,88.56,95.04,85.97,91.37,1149,0.00,0.00
2025-06-10,92.88,92.88,85.75,87.70,1109,0.00,0.00
2025-06-11,87.70,91.80,84.24,86.40,1063,0.00,0.00
2025-06-12,85.32,87.05,81.22,81.22,928,0.00,0.00
2025-06-13,87.26,87.26,78.41,81.00,1374,0.00,0.00
2025-06-16,84.24,87.70,79.92,82.30,1325,0.00,0.00
2025-06-17,86.40,88.56,80.35,81.43,547,0.00,0.00
2025-06-18,83.16,86.62,79.70,82.08,487,0.00,0.00
2025-06-20,88.13,88.13,78.41,79.49,991,0.00,0.00
2025-06-23,80.57,82.08,75.82,78.41,835,0.00,0.00
2025-06-24,79.70,80.78,76.46,78.62,858,0.00,0.00
2025-06-25,82.08,83.81,77.33,77.76,905,0.00,0.00
2025-06-26,78.62,79.92,75.60,76.46,1263,0.00,0.00
2025-06-27,77.76,79.92,75.82,78.62,611,0.00,0.00
2025-06-30,44.28,47.52,38.88,40.39,107796,0.00,0.00
2025-07-01,49.90,96.12,44.71,79.49,2074232,0.00,0.00
2025-07-02,61.56,69.77,58.32,63.50,77657,0.00,0.00
2025-07-03,63.50,63.72,52.92,54.65,27975,0.00,0.00
2025-07-07,51.84,68.04,48.82,56.59,73725,0.00,0.00
2025-07-08,63.72,68.69,61.56,62.64,69592,0.00,0.00
2025-07-09,64.37,64.37,55.73,57.46,21557,0.00,0.00
2025-07-10,60.48,64.58,51.84,59.83,45120,0.00,0.00
2025-07-11,68.26,77.33,65.02,65.45,125592,0.00,0.00
2025-07-14,66.74,77.54,64.58,70.42,69043,0.00,0.00
2025-07-15,69.12,71.28,64.37,66.74,22065,0.00,0.00
2025-07-16,66.53,66.96,60.70,63.72,17204,0.00,0.00
2025-07-17,65.88,90.72,63.72,86.40,60423,0.00,0.00
2025-07-18,88.56,139.54,83.16,108.43,312409,0.00,0.00
2025-07-21,106.49,118.58,86.40,87.05,44420,0.00,0.00
2025-07-22,90.07,95.04,82.08,84.46,19063,0.00,0.00
2025-07-23,87.05,90.50,82.30,82.30,11852,0.00,0.00
2025-07-24,82.08,86.18,79.49,82.30,8942,0.00,0.00
2025-07-25,79.92,81.00,70.42,74.09,15722,0.00,0.00
2025-07-28,78.41,79.49,70.42,72.58,7574,0.00,0.00
2025-07-29,71.28,76.68,65.88,67.82,6562,0.00,0.00
2025-07-30,66.96,69.12,60.70,63.07,7593,0.00,0.00
2025-07-31,68.26,73.01,64.80,67.18,8078,0.00,0.00
2025-08-01,66.96,69.12,61.13,63.50,6717,0.00,0.00
2025-08-04,69.12,70.85,63.07,66.10,5773,0.00,0.00
2025-08-05,66.31,66.96,62.86,63.50,2272,0.00,0.00
2025-08-06,63.07,65.66,60.70,65.45,3414,0.00,0.00
2025-08-07,66.96,73.01,64.15,68.04,7491,0.00,0.00
2025-08-08,68.04,70.20,65.23,69.34,4415,0.00,0.00
2025-08-11,71.28,71.71,65.23,65.23,5537,0.00,0.00
2025-08-12,65.23,73.44,65.02,73.22,9952,0.00,0.00
2025-08-13,71.28,72.79,65.45,68.04,5934,0.00,0.00
2025-08-14,69.12,69.12,65.02,65.02,3641,0.00,0.00
2025-08-15,66.96,66.96,64.80,65.23,3729,0.00,0.00
2025-08-18,67.82,69.12,62.86,64.80,3418,0.00,0.00
2025-08-19,66.74,66.74,60.70,61.78,2838,0.00,0.00
2025-08-20,64.58,64.58,59.40,60.70,3843,0.00,0.00
2025-08-21,59.18,60.05,56.38,58.54,4481,0.00,0.00
2025-08-22,58.32,63.07,57.46,62.21,6050,0.00,0.00
2025-08-25,60.48,63.94,59.83,60.48,4474,0.00,0.00
2025-08-26,62.64,62.64,58.97,60.48,2515,0.00,0.00
2025-08-27,60.48,61.34,58.32,59.40,3118,0.00,0.00
2025-08-28,61.99,61.99,58.97,60.91,1655,0.00,0.00
2025-08-29,60.91,62.21,57.24,57.89,2348,0.00,0.00
2025-09-02,60.48,60.48,54.43,55.94,3707,0.00,0.00
2025-09-03,57.02,58.97,54.00,55.73,2099,0.00,0.00
2025-09-04,58.32,59.18,51.84,53.14,4375,0.00,0.00
2025-09-05,56.16,56.16,51.84,52.70,3561,0.00,0.00
2025-09-08,52.92,55.51,50.76,51.19,4133,0.00,0.00
2025-09-09,53.57,53.57,50.76,52.06,2909,0.00,0.00
2025-09-10,53.57,54.00,52.27,54.00,6067,0.00,0.00
2025-09-11,54.00,63.29,54.00,60.48,10382,0.00,0.00
2025-09-12,63.72,63.72,56.38,58.54,5062,0.00,0.00
2025-09-15,55.08,58.10,55.08,56.16,4153,0.00,0.00
2025-09-16,58.32,58.32,54.65,55.73,2433,0.00,0.00
2025-09-17,52.92,58.54,52.92,58.54,34286,0.00,0.00
2025-09-18,62.42,62.42,55.30,57.67,8232,0.00,0.00
2025-09-19,58.32,60.48,56.59,60.48,6081,0.00,0.00
2025-09-22,60.48,60.70,56.16,60.05,3943,0.00,0.00
2025-09-23,60.48,61.13,58.32,60.26,4115,0.00,0.00
2025-09-24,59.83,60.26,54.00,57.24,9002,0.00,0.00
2025-09-25,57.24,57.24,55.30,56.38,3369,0.00,0.00
2025-09-26,58.32,58.32,55.08,56.16,4050,0.00,0.00
2025-09-29,56.16,60.05,55.94,59.18,7969,0.00,0.00
2025-09-30,59.40,59.83,56.16,56.59,3207,0.00,0.00
2025-10-01,58.32,83.16,57.24,78.84,160787,0.00,0.00
2025-10-02,72.79,77.76,65.66,73.01,43513,0.00,0.00
2025-10-03,75.17,95.69,73.01,90.29,57330,0.00,0.00
2025-10-06,142.99,205.20,126.36,176.26,1324044,0.00,0.00
2025-10-07,162.00,167.83,134.14,149.26,89368,0.00,0.00
2025-10-08,153.14,162.00,138.24,144.07,38274,0.00,0.00
2025-10-09,143.86,153.36,127.44,131.76,34478,0.00,0.00
2025-10-10,133.92,146.88,115.13,119.23,30936,0.00,0.00
2025-10-13,125.50,140.40,112.54,134.35,25978,0.00,0.00
2025-10-14,125.93,138.24,119.23,131.76,23925,0.00,0.00
2025-10-15,137.38,140.40,127.01,129.60,18344,0.00,0.00
2025-10-16,129.17,129.38,104.98,106.06,16533,0.00,0.00
2025-10-17,105.84,111.24,99.36,101.30,9737,0.00,0.00
2025-10-20,103.68,127.44,102.38,122.90,10660,0.00,0.00
2025-10-21,108.65,115.13,102.17,104.76,16723,0.00,0.00
2025-10-22,103.46,105.62,94.39,98.28,10682,0.00,0.00
2025-10-23,91.80,106.06,88.13,102.38,11606,0.00,0.00
2025-10-24,101.52,105.41,97.20,101.09,10306,0.00,0.00
2025-10-27,103.90,112.10,97.20,97.85,12561,0.00,0.00
2025-10-28,106.92,115.56,99.79,99.79,18916,0.00,0.00
2025-10-29,96.98,96.98,83.16,84.89,19215,0.00,0.00
2025-10-30,86.62,87.48,75.60,77.54,12064,0.00,0.00
2025-10-31,77.54,82.08,73.44,79.70,12969,0.00,0.00
2025-11-03,81.65,83.16,73.66,75.60,11306,0.00,0.00
2025-11-04,71.06,73.01,66.10,69.55,7273,0.00,0.00
2025-11-05,69.12,77.76,69.12,75.60,7129,0.00,0.00
2025-11-06,79.92,81.22,67.61,68.26,5726,0.00,0.00
2025-11-07,66.96,74.30,61.13,73.01,11094,0.00,0.00
2025-11-10,73.44,76.68,69.55,72.58,5592,0.00,0.00
2025-11-11,70.20,70.20,64.80,64.80,4250,0.00,0.00
2025-11-12,67.18,69.98,65.45,69.55,7633,0.00,0.00
2025-11-13,68.47,70.42,59.40,59.40,7966,0.00,0.00
2025-11-14,58.32,61.99,57.24,57.46,5466,0.00,0.00
2025-11-17,58.32,58.32,52.06,52.27,5916,0.00,0.00
2025-11-18,49.68,54.65,49.68,52.27,7095,0.00,0.00
2025-11-19,51.62,56.16,49.90,50.54,5213,0.00,0.00
2025-11-20,54.00,55.94,47.95,49.90,7133,0.00,0.00
2025-11-21,49.68,51.84,45.79,47.95,6202,0.00,0.00
2025-11-24,47.52,57.24,46.66,53.78,6834,0.00,0.00
2025-11-25,52.92,52.92,47.30,49.25,5653,0.00,0.00
2025-11-26,49.68,57.67,48.60,52.49,15308,0.00,0.00
2025-11-28,57.02,57.02,49.68,49.68,7431,0.00,0.00
2025-12-01,47.52,47.95,43.20,45.36,10719,0.00,0.00
2025-12-02,46.44,48.17,44.28,45.79,6389,0.00,0.00
2025-12-03,45.36,46.01,42.12,43.85,7152,0.00,0.00
2025-12-04,43.20,43.20,40.39,41.47,14008,0.00,0.00
2025-12-05,41.69,42.55,36.94,38.88,14059,0.00,0.00
2025-12-08,39.10,39.10,35.21,35.64,11197,0.00,0.00
2025-12-09,35.64,42.55,34.56,40.61,57722,0.00,0.00
2025-12-10,39.31,39.96,32.83,33.05,27590,0.00,0.00
2025-12-11,30.46,31.32,26.35,30.67,38989,0.00,0.00
2025-12-12,27.71,28.64,6.24,6.87,2071000,0.00,0.00
2025-12-15,5.90,6.69,5.01,5.66,494700,0.00,0.00
2025-12-16,5.53,6.10,5.10,5.73,241700,0.00,0.00
2025-12-17,5.41,5.83,4.53,4.89,341500,0.00,0.00
2025-12-18,4.95,6.79,4.71,4.85,1568600,0.00,0.00
2025-12-19,4.66,5.05,4.66,4.77,186500,0.00,0.00
2025-12-22,4.77,4.92,4.15,4.60,241100,0.00,0.00
2025-12-23,4.41,4.42,3.90,4.01,195700,0.00,0.00
2025-12-24,3.83,3.94,3.57,3.75,123300,0.00,0.00
2025-12-26,3.75,3.75,3.33,3.38,119200,0.00,0.00
2025-12-29,3.36,3.50,3.28,3.29,110600,0.00,0.00
2025-12-30,3.52,3.86,3.25,3.78,179000,0.00,0.00
2025-12-31,3.66,3.70,3.34,3.41,156800,0.00,0.00
2026-01-02,3.41,3.80,3.30,3.69,142300,0.00,0.00
2026-01-05,3.85,4.45,3.85,4.11,272500,0.00,0.00
2026-01-06,4.04,4.16,3.90,4.04,59600,0.00,0.00
2026-01-07,4.13,4.21,4.03,4.11,33000,0.00,0.00
2026-01-08,4.06,4.26,3.90,4.15,48800,0.00,0.00
2026-01-09,4.20,4.48,4.12,4.34,68500,0.00,0.00
2026-01-12,4.38,5.39,4.35,5.26,167000,0.00,0.00
2026-01-13,5.30,5.30,4.60,4.80,162700,0.00,0.00
2026-01-14,4.88,5.15,4.70,4.70,65900,0.00,0.00
2026-01-15,4.72,4.78,4.50,4.54,42000,0.00,0.00
2026-01-16,4.60,4.80,4.44,4.70,53600,0.00,0.00
2026-01-20,4.55,4.70,4.45,4.59,38300,0.00,0.00
2026-01-21,4.41,4.56,4.20,4.32,70600,0.00,0.00
2026-01-22,4.39,4.49,4.25,4.32,42400,0.00,0.00
2026-01-23,4.34,4.51,4.28,4.37,28400,0.00,0.00
2026-01-26,4.30,4.48,4.14,4.31,35200,0.00,0.00
2026-01-27,4.31,4.38,3.78,3.87,69300,0.00,0.00
2026-01-28,3.91,4.15,3.88,4.01,34700,0.00,0.00
2026-01-29,4.12,4.13,3.83,3.88,57700,0.00,0.00
2026-01-30,3.81,4.09,3.70,4.06,61500,0.00,0.00
2026-02-02,3.92,3.92,3.71,3.75,35900,0.00,0.00
2026-02-03,3.78,3.88,3.50,3.79,50400,0.00,0.00
2026-02-04,3.79,3.83,3.51,3.71,57800,0.00,0.00
2026-02-05,3.57,3.60,2.88,3.06,74900,0.00,0.00
2026-02-06,3.09,3.46,2.96,3.38,64600,0.00,0.00
2026-02-09,3.34,3.66,3.10,3.35,33600,0.00,0.00
2026-02-10,3.39,3.39,3.15,3.23,16500,0.00,0.00
2026-02-11,3.31,3.31,2.65,2.81,40200,0.00,0.00
2026-02-12,2.76,2.93,2.63,2.66,31000,0.00,0.00
2026-02-13,2.64,2.89,2.63,2.82,14500,0.00,0.00
2026-02-17,2.82,2.90,2.76,2.89,15800,0.00,0.00
2026-02-18,2.93,2.96,2.83,2.95,14000,0.00,0.00
2026-02-19,2.96,2.99,2.85,2.98,14200,0.00,0.00
2026-02-20,2.97,2.97,2.82,2.94,14300,0.00,0.00
2026-02-23,2.78,2.90,2.75,2.83,10000,0.00,0.00
2026-02-24,2.76,2.88,2.76,2.84,9100,0.00,0.00
2026-02-25,2.92,2.95,2.81,2.94,43600,0.00,0.00
2026-02-26,2.92,2.96,2.82,2.96,14900,0.00,0.00
2026-02-27,2.90,2.94,2.81,2.86,6900,0.00,0.00
2026-03-02,2.93,2.94,2.84,2.93,9800,0.00,0.00
2026-03-03,2.98,2.98,2.82,2.95,14000,0.00,0.00
2026-03-04,2.90,3.10,2.83,3.10,50200,0.00,0.00
2026-03-05,3.03,3.08,2.85,2.97,19600,0.00,0.00
2026-03-06,2.89,2.95,2.85,2.92,8500,0.00,0.00
2026-03-09,2.81,3.05,2.79,3.05,8100,0.00,0.00
2026-03-10,2.99,3.15,2.95,3.01,25500,0.00,0.00
2026-03-11,3.02,3.04,2.90,2.98,7200,0.00,0.00
2026-03-12,2.98,3.10,2.85,2.87,17600,0.00,0.00
2026-03-13,2.97,3.00,2.83,2.94,9800,0.00,0.00
2026-03-16,3.06,3.06,2.91,3.03,14600,0.00,0.00
2026-03-17,3.10,3.10,2.92,3.01,23800,0.00,0.00
2026-03-18,2.91,2.96,2.88,2.89,6500,0.00,0.00
2026-03-19,2.85,2.91,2.81,2.89,10800,0.00,0.00
2026-03-20,2.87,2.91,2.87,2.91,6900,0.00,0.00
2026-03-23,2.97,2.99,2.82,2.94,12100,0.00,0.00
2026-03-24,2.91,3.10,2.90,3.06,17800,0.00,0.00
2026-03-25,3.02,3.06,2.92,2.96,14700,0.00,0.00
2026-03-26,2.94,3.00,2.91,3.00,6700,0.00,0.00
2026-03-27,2.99,3.00,2.88,3.00,10900,0.00,0.00
2026-03-30,3.05,3.09,2.85,2.91,21200,0.00,0.00
2026-03-31,2.88,2.97,2.84,2.87,24700,0.00,0.00
2026-04-01,2.84,3.00,2.77,2.78,24200,0.00,0.00
2026-04-02,2.75,2.83,2.65,2.78,23900,0.00,0.00
2026-04-06,2.81,2.93,2.78,2.84,9800,0.00,0.00
2026-04-07,2.89,2.89,2.70,2.74,16700,0.00,0.00
2026-04-08,2.83,2.87,2.78,2.83,20900,0.00,0.00
2026-04-09,2.91,2.95,2.83,2.92,17300,0.00,0.00
2026-04-10,2.84,2.93,2.82,2.89,9000,0.00,0.00
2026-04-13,2.92,2.95,2.86,2.93,6800,0.00,0.00
2026-04-14,2.98,3.00,2.88,3.00,26300,0.00,0.00
2026-04-15,2.90,3.00,2.90,2.93,19200,0.00,0.00
2026-04-16,3.00,3.00,2.90,2.93,16900,0.00,0.00
2026-04-17,2.96,3.10,2.90,2.95,102300,0.00,0.00
2026-04-20,2.95,3.30,2.85,3.10,54000,0.00,0.00
2026-04-21,3.30,3.30,3.11,3.18,28500,0.00,0.00
2026-04-22,3.19,3.45,3.02,3.45,45300,0.00,0.00
2026-04-23,3.93,4.11,3.45,4.02,97800,0.00,0.00
2026-04-24,3.95,4.02,3.53,3.63,25500,0.00,0.00
2026-04-27,3.70,3.76,3.50,3.61,12700,0.00,0.00
2026-04-28,3.69,3.69,3.30,3.34,17900,0.00,0.00
2026-04-29,3.35,3.42,3.04,3.07,25700,0.00,0.00
2026-04-30,3.04,3.11,2.97,3.04,22800,0.00,0.00
2026-05-01,3.24,3.37,3.11,3.26,27000,0.00,0.00
2026-05-04,3.30,3.60,3.21,3.60,208900,0.00,0.00
2026-05-05,3.70,3.90,3.52,3.69,96000,0.00,0.00
2026-05-06,3.75,3.80,3.63,3.79,21800,0.00,0.00
2026-05-07,3.66,3.66,3.52,3.54,21000,0.00,0.00
2026-05-08,3.52,3.69,3.25,3.63,18700,0.00,0.00
2026-05-11,3.63,4.23,3.61,4.17,87900,0.00,0.00
2026-05-12,4.08,4.20,3.84,3.95,28100,0.00,0.00
2026-05-13,4.04,4.04,3.74,3.77,10700,0.00,0.00
2026-05-14,4.03,4.10,3.78,4.10,23900,0.00,0.00
2026-05-15,4.02,4.32,3.97,4.19,47200,0.00,0.00
2026-05-18,4.07,4.20,3.86,3.89,29500,0.00,0.00
2026-05-19,3.92,4.10,3.77,3.88,28400,0.00,0.00
2026-05-20,3.83,4.02,3.78,3.80,16600,0.00,0.00
2026-05-21,3.81,3.91,3.70,3.88,16200,0.00,0.00
2026-05-22,3.90,3.90,3.76,3.84,9200,0.00,0.00
2026-05-26,3.80,3.89,3.56,3.56,22700,0.00,0.00
2026-05-27,3.60,3.77,3.60,3.70,12200,0.00,0.00
2026-05-28,3.62,3.70,3.62,3.69,14600,0.00,0.00
2026-05-29,3.70,3.88,3.68,3.85,15500,0.00,0.00
2026-06-01,3.75,3.96,3.69,3.74,23500,0.00,0.00
2026-06-02,3.70,3.74,3.45,3.50,30200,0.00,0.00
2026-06-03,3.41,3.49,3.31,3.31,18500,0.00,0.00
2026-06-04,3.39,3.53,3.31,3.50,16500,0.00,0.00
2026-06-05,3.41,3.71,3.27,3.44,41100,0.00,0.00
2026-06-08,3.52,3.70,3.43,3.70,24800,0.00,0.00
2026-06-09,3.64,3.72,3.54,3.72,15400,0.00,0.00
2026-06-10,3.52,3.85,3.52,3.76,12700,0.00,0.00
2026-06-11,3.69,3.80,3.50,3.80,10900,0.00,0.00
2026-06-12,3.81,3.82,3.57,3.67,9300,0.00,0.00
2026-06-15,3.68,4.08,3.61,3.95,17200,0.00,0.00
2026-06-16,3.89,3.95,3.75,3.83,8100,0.00,0.00
2026-06-17,3.84,3.97,3.73,3.78,37600,0.00,0.00
2026-06-18,3.77,3.80,3.57,3.58,33500,0.00,0.00
2026-06-22,3.69,3.69,3.52,3.53,19000,0.00,0.00
2026-06-23,3.50,3.52,3.41,3.45,8600,0.00,0.00
