Date,Open,High,Low,Close,Volume,Dividends,Stock Splits,Capital Gains
2010-09-22,40.55,40.55,40.10,40.12,20100,0.00,0.00,0.00
2010-09-23,39.79,40.25,39.79,40.09,14000,0.00,0.00,0.00
2010-09-24,40.59,40.65,40.59,40.65,11100,0.00,0.00,0.00
2010-09-27,40.62,40.62,40.62,40.62,2000,0.00,0.00,0.00
2010-09-28,40.67,40.67,40.67,40.67,1000,0.00,0.00,0.00
2010-09-29,40.77,40.77,40.62,40.62,1400,0.00,0.00,0.00
2010-09-30,40.90,40.90,40.90,40.90,1000,0.00,0.00,0.00
2010-10-01,40.90,40.90,40.90,40.90,0,0.00,0.00,0.00
2010-10-04,40.32,40.36,40.32,40.36,2000,0.00,0.00,0.00
2010-10-05,41.20,41.22,41.20,41.22,6700,0.00,0.00,0.00
2010-10-06,41.22,41.22,41.22,41.22,0,0.00,0.00,0.00
2010-10-07,41.16,41.16,41.01,41.15,29000,0.00,0.00,0.00
2010-10-08,41.15,41.44,41.15,41.40,3500,0.00,0.00,0.00
2010-10-11,41.51,41.55,41.44,41.44,3700,0.00,0.00,0.00
2010-10-12,41.40,41.70,41.39,41.69,3600,0.00,0.00,0.00
2010-10-13,42.03,42.03,42.03,42.03,600,0.00,0.00,0.00
2010-10-14,41.98,41.99,41.71,41.71,2600,0.00,0.00,0.00
2010-10-15,41.95,41.95,41.95,41.95,1000,0.00,0.00,0.00
2010-10-18,41.95,41.95,41.95,41.95,0,0.00,0.00,0.00
2010-10-19,41.68,41.68,41.43,41.43,1000,0.00,0.00,0.00
2010-10-20,41.43,41.43,41.43,41.43,0,0.00,0.00,0.00
2010-10-21,41.93,41.93,41.75,41.93,1900,0.00,0.00,0.00
2010-10-22,42.05,42.05,42.03,42.03,1300,0.00,0.00,0.00
2010-10-25,42.42,42.42,42.42,42.42,5500,0.00,0.00,0.00
2010-10-26,41.96,42.26,41.96,42.18,42100,0.00,0.00,0.00
2010-10-27,41.96,42.07,41.72,42.07,12900,0.00,0.00,0.00
2010-10-28,42.38,42.42,42.01,42.12,13800,0.00,0.00,0.00
2010-10-29,42.08,42.22,42.01,42.20,3200,0.00,0.00,0.00
2010-11-01,42.25,42.29,41.96,41.96,2300,0.00,0.00,0.00
2010-11-02,42.51,42.52,42.51,42.52,500,0.00,0.00,0.00
2010-11-03,42.64,42.64,42.60,42.60,700,0.00,0.00,0.00
2010-11-04,43.24,43.39,43.22,43.39,14600,0.00,0.00,0.00
2010-11-05,43.57,43.76,43.54,43.54,3800,0.00,0.00,0.00
2010-11-08,43.47,43.59,43.47,43.59,2700,0.00,0.00,0.00
2010-11-09,43.72,43.77,43.20,43.24,24300,0.00,0.00,0.00
2010-11-10,43.22,43.47,43.10,43.46,16000,0.00,0.00,0.00
2010-11-11,43.16,43.41,43.15,43.33,3500,0.00,0.00,0.00
2010-11-12,43.18,43.24,42.76,42.76,1200,0.00,0.00,0.00
2010-11-15,43.01,43.09,42.95,42.98,3200,0.00,0.00,0.00
2010-11-16,42.60,42.60,41.97,41.97,7700,0.00,0.00,0.00
2010-11-17,42.22,42.24,42.20,42.20,2100,0.00,0.00,0.00
2010-11-18,42.61,42.88,42.61,42.76,5400,0.00,0.00,0.00
2010-11-19,42.63,42.91,42.53,42.90,14700,0.00,0.00,0.00
2010-11-22,42.69,42.81,42.48,42.76,14800,0.00,0.00,0.00
2010-11-23,42.40,42.41,42.18,42.29,3300,0.00,0.00,0.00
2010-11-24,42.71,42.97,42.68,42.97,4500,0.00,0.00,0.00
2010-11-26,42.60,42.83,42.60,42.72,4500,0.00,0.00,0.00
2010-11-29,42.26,42.68,42.18,42.68,19000,0.00,0.00,0.00
2010-11-30,42.21,42.61,42.20,42.58,18400,0.00,0.00,0.00
2010-12-01,43.03,43.33,43.03,43.29,15700,0.00,0.00,0.00
2010-12-02,43.36,43.83,43.36,43.80,7600,0.00,0.00,0.00
2010-12-03,43.72,43.82,43.72,43.82,3900,0.00,0.00,0.00
2010-12-06,43.90,44.04,43.90,44.04,1800,0.00,0.00,0.00
2010-12-07,44.40,44.41,44.00,44.00,30100,0.00,0.00,0.00
2010-12-08,44.08,44.17,43.87,44.07,16500,0.00,0.00,0.00
2010-12-09,44.32,44.32,44.14,44.25,20100,0.00,0.00,0.00
2010-12-10,44.36,44.60,44.28,44.58,30100,0.00,0.00,0.00
2010-12-13,44.65,44.77,44.55,44.55,31000,0.00,0.00,0.00
2010-12-14,44.64,44.69,44.50,44.57,16400,0.00,0.00,0.00
2010-12-15,44.53,44.66,44.34,44.45,16400,0.00,0.00,0.00
2010-12-16,44.45,44.66,44.41,44.64,6900,0.00,0.00,0.00
2010-12-17,44.65,44.80,44.57,44.72,94700,0.00,0.00,0.00
2010-12-20,44.88,44.97,44.82,44.93,66900,0.00,0.00,0.00
2010-12-21,45.04,45.04,45.04,45.04,600,0.00,0.00,0.00
2010-12-22,45.23,45.33,45.20,45.28,27100,0.00,0.00,0.00
2010-12-23,45.29,45.32,45.24,45.24,15800,0.00,0.00,0.00
2010-12-27,45.04,45.26,45.04,45.26,2200,0.27,0.00,0.00
2010-12-28,45.27,45.31,45.21,45.31,8600,0.00,0.00,0.00
2010-12-29,45.42,45.44,45.35,45.37,135500,0.00,0.00,0.00
2010-12-30,45.36,45.42,45.28,45.31,49400,0.00,0.00,0.00
2010-12-31,45.24,45.33,45.19,45.25,44200,0.00,0.00,0.00
2011-01-03,45.64,45.95,45.64,45.83,40400,0.00,0.00,0.00
2011-01-04,45.92,45.92,45.44,45.58,10000,0.00,0.00,0.00
2011-01-05,45.55,45.88,45.51,45.87,3300,0.00,0.00,0.00
2011-01-06,45.92,45.92,45.78,45.81,1700,0.00,0.00,0.00
2011-01-07,45.62,45.73,45.55,45.73,5900,0.00,0.00,0.00
2011-01-10,45.75,45.75,45.74,45.74,400,0.00,0.00,0.00
2011-01-11,45.92,45.92,45.92,45.92,600,0.00,0.00,0.00
2011-01-12,46.09,46.09,46.09,46.09,600,0.00,0.00,0.00
2011-01-13,46.09,46.09,46.09,46.09,0,0.00,0.00,0.00
2011-01-14,46.17,46.50,46.17,46.50,15800,0.00,0.00,0.00
2011-01-18,46.50,46.50,46.50,46.50,0,0.00,0.00,0.00
2011-01-19,46.48,46.50,46.07,46.11,4200,0.00,0.00,0.00
2011-01-20,45.82,45.82,45.82,45.82,400,0.00,0.00,0.00
2011-01-21,46.21,46.28,46.16,46.16,3400,0.00,0.00,0.00
2011-01-24,46.17,46.33,46.03,46.24,4400,0.00,0.00,0.00
2011-01-25,46.17,46.32,46.12,46.18,36200,0.00,0.00,0.00
2011-01-26,46.46,46.70,46.39,46.68,7600,0.00,0.00,0.00
2011-01-27,46.72,46.76,46.65,46.76,2800,0.00,0.00,0.00
2011-01-28,46.78,46.83,45.87,45.92,44500,0.00,0.00,0.00
2011-01-31,46.07,46.33,46.06,46.14,11100,0.00,0.00,0.00
2011-02-01,46.54,47.01,46.54,47.01,3600,0.00,0.00,0.00
2011-02-02,46.98,46.98,46.92,46.94,400,0.00,0.00,0.00
2011-02-03,46.91,47.08,46.91,47.08,500,0.00,0.00,0.00
2011-02-04,47.03,47.12,46.97,47.12,6700,0.00,0.00,0.00
2011-02-07,47.29,47.59,47.29,47.56,4900,0.00,0.00,0.00
2011-02-08,47.66,47.67,47.66,47.67,1000,0.00,0.00,0.00
2011-02-09,47.63,47.63,47.52,47.52,3200,0.00,0.00,0.00
2011-02-10,47.34,47.60,47.34,47.56,1300,0.00,0.00,0.00
2011-02-11,47.55,47.87,47.50,47.87,3300,0.00,0.00,0.00
2011-02-14,48.00,48.14,47.93,48.14,2600,0.00,0.00,0.00
2011-02-15,47.89,48.05,47.89,47.95,15700,0.00,0.00,0.00
2011-02-16,48.14,48.14,48.14,48.14,100,0.00,0.00,0.00
2011-02-17,48.21,48.46,48.21,48.46,1800,0.00,0.00,0.00
2011-02-18,48.53,48.53,48.53,48.53,300,0.00,0.00,0.00
2011-02-22,48.14,48.14,47.52,47.54,12300,0.00,0.00,0.00
2011-02-23,47.52,47.52,47.11,47.11,1500,0.00,0.00,0.00
2011-02-24,47.12,47.16,47.12,47.16,600,0.00,0.00,0.00
2011-02-25,47.57,47.57,47.57,47.57,500,0.00,0.00,0.00
2011-02-28,47.99,47.99,47.87,47.90,3800,0.00,0.00,0.00
2011-03-01,47.69,47.69,47.23,47.26,2200,0.00,0.00,0.00
2011-03-02,47.16,47.24,47.15,47.16,1600,0.00,0.00,0.00
2011-03-03,48.15,48.15,48.15,48.15,500,0.00,0.00,0.00
2011-03-04,48.18,48.18,47.48,47.52,1500,0.00,0.00,0.00
2011-03-07,48.02,48.02,47.36,47.36,500,0.00,0.00,0.00
2011-03-08,47.44,47.80,47.30,47.80,900,0.00,0.00,0.00
2011-03-09,47.72,47.72,47.67,47.68,1100,0.00,0.00,0.00
2011-03-10,46.99,46.99,46.99,46.99,500,0.00,0.00,0.00
2011-03-11,46.78,47.19,46.76,47.19,29400,0.00,0.00,0.00
2011-03-14,46.90,46.93,46.74,46.74,4600,0.00,0.00,0.00
2011-03-15,45.76,45.88,45.76,45.88,1100,0.00,0.00,0.00
2011-03-16,46.30,46.30,45.66,45.66,2500,0.00,0.00,0.00
2011-03-17,46.08,46.08,46.00,46.06,400,0.00,0.00,0.00
2011-03-18,46.49,46.54,46.20,46.21,11600,0.00,0.00,0.00
2011-03-21,46.86,47.05,46.85,46.98,13400,0.00,0.00,0.00
2011-03-22,46.98,46.98,46.79,46.79,6800,0.00,0.00,0.00
2011-03-23,46.85,47.05,46.83,47.05,3100,0.00,0.00,0.00
2011-03-24,47.25,47.46,47.23,47.45,2300,0.00,0.00,0.00
2011-03-25,47.74,47.74,47.69,47.69,400,0.18,0.00,0.00
2011-03-28,47.68,47.68,47.68,47.68,200,0.00,0.00,0.00
2011-03-29,47.59,47.69,47.59,47.68,7900,0.00,0.00,0.00
2011-03-30,48.03,48.26,48.02,48.25,2900,0.00,0.00,0.00
2011-03-31,48.19,48.23,48.19,48.23,1700,0.00,0.00,0.00
2011-04-01,48.23,48.23,48.23,48.23,0,0.00,0.00,0.00
2011-04-04,48.36,48.36,48.34,48.34,1100,0.00,0.00,0.00
2011-04-05,48.50,48.50,48.50,48.50,400,0.00,0.00,0.00
2011-04-06,48.66,48.66,48.39,48.50,6100,0.00,0.00,0.00
2011-04-07,48.45,48.45,48.45,48.45,200,0.00,0.00,0.00
2011-04-08,48.45,48.45,48.05,48.05,1500,0.00,0.00,0.00
2011-04-11,48.32,48.32,48.03,48.03,1300,0.00,0.00,0.00
2011-04-12,47.72,47.72,47.52,47.52,1300,0.00,0.00,0.00
2011-04-13,47.52,47.52,47.52,47.52,0,0.00,0.00,0.00
2011-04-14,47.31,47.73,47.31,47.73,300,0.00,0.00,0.00
2011-04-15,47.76,47.95,47.76,47.91,25900,0.00,0.00,0.00
2011-04-18,47.25,47.35,47.13,47.35,3300,0.00,0.00,0.00
2011-04-19,47.43,47.60,47.43,47.60,4300,0.00,0.00,0.00
2011-04-20,48.25,48.25,48.25,48.25,100,0.00,0.00,0.00
2011-04-21,48.54,48.54,48.52,48.52,200,0.00,0.00,0.00
2011-04-25,48.53,48.53,48.47,48.47,200,0.00,0.00,0.00
2011-04-26,48.67,48.71,48.67,48.71,1200,0.00,0.00,0.00
2011-04-27,49.02,49.10,48.91,49.10,700,0.00,0.00,0.00
2011-04-28,49.29,49.45,49.29,49.45,3900,0.00,0.00,0.00
2011-04-29,49.57,49.57,49.51,49.56,2200,0.00,0.00,0.00
2011-05-02,49.83,49.83,49.46,49.46,4900,0.00,0.00,0.00
2011-05-03,49.32,49.32,49.02,49.02,4600,0.00,0.00,0.00
2011-05-04,48.96,48.96,48.69,48.84,2400,0.00,0.00,0.00
2011-05-05,48.57,48.60,48.57,48.60,1000,0.00,0.00,0.00
2011-05-06,48.99,49.12,48.65,48.65,700,0.00,0.00,0.00
2011-05-09,48.69,48.97,48.67,48.92,4200,0.00,0.00,0.00
2011-05-10,49.20,49.20,49.20,49.20,200,0.00,0.00,0.00
2011-05-11,49.21,49.21,48.80,48.80,200,0.00,0.00,0.00
2011-05-12,49.04,49.04,49.04,49.04,200,0.00,0.00,0.00
2011-05-13,49.04,49.04,49.04,49.04,0,0.00,0.00,0.00
2011-05-16,49.04,49.04,49.04,49.04,0,0.00,0.00,0.00
2011-05-17,47.96,47.99,47.95,47.95,1100,0.00,0.00,0.00
2011-05-18,47.95,47.95,47.95,47.95,0,0.00,0.00,0.00
2011-05-19,48.91,48.91,48.65,48.79,900,0.00,0.00,0.00
2011-05-20,48.49,48.72,48.49,48.67,1200,0.00,0.00,0.00
2011-05-23,47.90,47.90,47.82,47.82,500,0.00,0.00,0.00
2011-05-24,47.78,47.82,47.78,47.82,700,0.00,0.00,0.00
2011-05-25,47.88,48.20,47.88,48.15,149900,0.00,0.00,0.00
2011-05-26,47.91,48.23,47.83,48.23,6500,0.00,0.00,0.00
2011-05-27,48.56,48.61,48.44,48.50,7000,0.00,0.00,0.00
2011-05-31,48.98,48.98,48.80,48.80,2300,0.00,0.00,0.00
2011-06-01,48.68,48.68,48.06,48.06,4100,0.00,0.00,0.00
2011-06-02,47.91,47.96,47.61,47.81,9600,0.00,0.00,0.00
2011-06-03,47.22,47.60,46.51,47.34,7000,0.00,0.00,0.00
2011-06-06,47.21,47.21,46.81,46.81,1000,0.00,0.00,0.00
2011-06-07,47.06,47.07,46.93,46.95,10200,0.00,0.00,0.00
2011-06-08,46.69,46.71,46.52,46.52,2700,0.00,0.00,0.00
2011-06-09,46.81,46.95,46.77,46.94,17800,0.00,0.00,0.00
2011-06-10,46.38,46.38,46.07,46.34,1100,0.00,0.00,0.00
2011-06-13,46.25,46.36,46.00,46.23,2600,0.00,0.00,0.00
2011-06-14,46.59,46.80,46.59,46.78,21100,0.00,0.00,0.00
2011-06-15,46.31,46.48,45.93,45.98,10300,0.00,0.00,0.00
2011-06-16,46.03,46.21,45.87,46.01,21500,0.00,0.00,0.00
2011-06-17,46.42,46.47,46.12,46.19,2200,0.00,0.00,0.00
2011-06-20,46.41,46.41,46.40,46.40,300,0.00,0.00,0.00
2011-06-21,46.66,47.17,46.65,47.15,7400,0.00,0.00,0.00
2011-06-22,46.94,47.25,46.92,46.99,9700,0.00,0.00,0.00
2011-06-23,46.18,46.71,45.99,46.71,10800,0.00,0.00,0.00
2011-06-24,46.77,46.78,46.23,46.23,5200,0.18,0.00,0.00
2011-06-27,46.48,46.64,46.46,46.64,1100,0.00,0.00,0.00
2011-06-28,46.93,47.16,46.93,47.16,3700,0.00,0.00,0.00
2011-06-29,47.49,47.71,47.49,47.66,10100,0.00,0.00,0.00
2011-06-30,47.84,48.06,47.84,48.01,2900,0.00,0.00,0.00
2011-07-01,48.06,48.83,48.06,48.81,1400,0.00,0.00,0.00
2011-07-05,48.75,48.89,48.75,48.81,1400,0.00,0.00,0.00
2011-07-06,48.68,48.88,48.59,48.86,3500,0.00,0.00,0.00
2011-07-07,49.32,49.51,49.29,49.47,1700,0.00,0.00,0.00
2011-07-08,48.86,49.00,48.70,48.94,3600,0.00,0.00,0.00
2011-07-11,48.94,48.94,48.94,48.94,0,0.00,0.00,0.00
2011-07-12,48.08,48.39,48.00,48.01,8600,0.00,0.00,0.00
2011-07-13,48.14,48.58,48.08,48.08,9300,0.00,0.00,0.00
2011-07-14,48.11,48.11,47.67,47.67,1100,0.00,0.00,0.00
2011-07-15,48.00,48.03,47.74,48.03,3000,0.00,0.00,0.00
2011-07-18,47.86,47.86,47.23,47.47,1600,0.00,0.00,0.00
2011-07-19,47.86,48.21,47.86,48.21,3300,0.00,0.00,0.00
2011-07-20,48.26,48.32,48.25,48.32,500,0.00,0.00,0.00
2011-07-21,48.81,48.94,48.81,48.93,2200,0.00,0.00,0.00
2011-07-22,49.03,49.03,48.80,48.99,4900,0.00,0.00,0.00
2011-07-25,48.55,48.82,48.53,48.82,2000,0.00,0.00,0.00
2011-07-26,48.55,48.72,48.47,48.62,2700,0.00,0.00,0.00
2011-07-27,48.14,48.14,47.49,47.54,6600,0.00,0.00,0.00
2011-07-28,47.50,47.81,47.50,47.56,2900,0.00,0.00,0.00
2011-07-29,46.81,47.36,46.72,46.91,3800,0.00,0.00,0.00
2011-08-01,47.60,47.62,46.46,46.75,8400,0.00,0.00,0.00
2011-08-02,46.69,46.74,45.62,45.62,9700,0.00,0.00,0.00
2011-08-03,45.40,45.81,44.96,45.77,10800,0.00,0.00,0.00
2011-08-04,44.92,44.92,43.70,43.70,12200,0.00,0.00,0.00
2011-08-05,43.25,43.80,42.27,43.18,5900,0.00,0.00,0.00
2011-08-08,42.21,42.34,40.38,40.38,8100,0.00,0.00,0.00
2011-08-09,41.04,42.35,40.00,42.35,26600,0.00,0.00,0.00
2011-08-10,41.25,41.74,40.50,40.50,3200,0.00,0.00,0.00
2011-08-11,41.01,42.82,41.01,42.57,3500,0.00,0.00,0.00
2011-08-12,42.85,43.07,42.41,42.77,18100,0.00,0.00,0.00
2011-08-15,42.98,43.43,42.98,43.41,5800,0.00,0.00,0.00
2011-08-16,43.22,43.42,43.10,43.21,1800,0.00,0.00,0.00
2011-08-17,43.71,43.75,42.94,43.15,13700,0.00,0.00,0.00
2011-08-18,42.06,42.06,40.88,41.24,2200,0.00,0.00,0.00
2011-08-19,41.32,41.45,40.59,40.59,1100,0.00,0.00,0.00
2011-08-22,40.86,40.87,40.56,40.56,2800,0.00,0.00,0.00
2011-08-23,41.09,41.97,41.09,41.97,7600,0.00,0.00,0.00
2011-08-24,41.91,42.51,41.82,42.51,39000,0.00,0.00,0.00
2011-08-25,42.14,42.14,41.76,41.81,1400,0.00,0.00,0.00
2011-08-26,41.42,42.54,41.31,42.45,2500,0.00,0.00,0.00
2011-08-29,43.37,43.86,43.37,43.86,900,0.00,0.00,0.00
2011-08-30,43.72,43.97,43.37,43.97,3200,0.00,0.00,0.00
2011-08-31,44.33,44.37,43.87,43.87,37500,0.00,0.00,0.00
2011-09-01,44.20,44.58,43.63,43.63,4000,0.00,0.00,0.00
2011-09-02,42.73,42.89,42.45,42.47,3500,0.00,0.00,0.00
2011-09-06,41.20,42.14,41.20,42.14,11900,0.00,0.00,0.00
2011-09-07,42.94,43.41,42.91,43.30,5900,0.00,0.00,0.00
2011-09-08,43.10,43.53,43.02,43.07,3500,0.00,0.00,0.00
2011-09-09,42.52,42.52,41.63,41.87,3600,0.00,0.00,0.00
2011-09-12,41.53,42.06,41.24,42.06,7700,0.00,0.00,0.00
2011-09-13,42.07,42.52,41.94,42.36,12600,0.00,0.00,0.00
2011-09-14,42.33,43.47,42.21,43.14,6600,0.00,0.00,0.00
2011-09-15,43.36,43.79,43.25,43.70,5700,0.00,0.00,0.00
2011-09-16,43.90,44.00,43.82,43.90,4800,0.00,0.00,0.00
2011-09-19,43.32,43.68,43.08,43.68,1600,0.00,0.00,0.00
2011-09-20,43.61,43.95,43.45,43.45,2600,0.00,0.00,0.00
2011-09-21,43.22,43.28,42.08,42.08,7200,0.00,0.00,0.00
2011-09-22,41.08,41.13,40.24,40.82,3600,0.00,0.00,0.00
2011-09-23,40.49,41.10,40.49,40.98,5800,0.25,0.00,0.00
2011-09-26,40.98,41.64,40.98,41.64,12500,0.00,0.00,0.00
2011-09-27,42.76,43.08,42.23,42.23,18400,0.00,0.00,0.00
2011-09-28,42.66,42.66,41.77,41.77,5500,0.00,0.00,0.00
2011-09-29,42.37,42.37,41.10,41.81,5200,0.00,0.00,0.00
2011-09-30,41.26,41.58,40.74,40.78,3900,0.00,0.00,0.00
2011-10-03,40.62,40.62,39.49,39.49,5600,0.00,0.00,0.00
2011-10-04,38.86,40.47,38.68,40.47,3200,0.00,0.00,0.00
2011-10-05,40.31,41.28,40.19,41.18,6100,0.00,0.00,0.00
2011-10-06,41.28,42.02,41.28,42.02,8400,0.00,0.00,0.00
2011-10-07,42.11,42.22,41.51,41.97,2100,0.00,0.00,0.00
2011-10-10,42.50,42.93,42.50,42.69,8600,0.00,0.00,0.00
2011-10-11,42.81,43.20,42.77,43.12,9000,0.00,0.00,0.00
2011-10-12,43.39,43.95,43.39,43.85,800,0.00,0.00,0.00
2011-10-13,43.22,43.60,43.09,43.40,11200,0.00,0.00,0.00
2011-10-14,44.08,44.17,43.81,44.17,4500,0.00,0.00,0.00
2011-10-17,43.93,43.95,43.36,43.50,4900,0.00,0.00,0.00
2011-10-18,43.32,44.51,43.07,44.27,6400,0.00,0.00,0.00
2011-10-19,44.16,44.27,43.60,43.75,4700,0.00,0.00,0.00
2011-10-20,43.54,43.90,43.20,43.70,6000,0.00,0.00,0.00
2011-10-21,44.62,44.72,44.25,44.55,3800,0.00,0.00,0.00
2011-10-24,44.97,45.35,44.97,45.28,600,0.00,0.00,0.00
2011-10-25,44.92,44.99,44.44,44.44,7400,0.00,0.00,0.00
2011-10-26,44.84,45.10,44.50,45.04,2900,0.00,0.00,0.00
2011-10-27,46.14,46.34,45.97,46.34,1900,0.00,0.00,0.00
2011-10-28,46.34,46.55,46.34,46.46,1500,0.00,0.00,0.00
2011-10-31,46.01,46.01,45.42,45.42,2000,0.00,0.00,0.00
2011-11-01,44.29,44.45,44.16,44.18,3500,0.00,0.00,0.00
2011-11-02,44.54,44.72,44.47,44.72,1800,0.00,0.00,0.00
2011-11-03,45.19,45.81,45.19,45.76,2300,0.00,0.00,0.00
2011-11-04,45.42,45.58,45.10,45.47,11000,0.00,0.00,0.00
2011-11-07,45.54,45.71,45.39,45.71,800,0.00,0.00,0.00
2011-11-08,46.01,46.01,45.97,45.97,800,0.00,0.00,0.00
2011-11-09,45.23,45.32,44.57,44.57,3900,0.00,0.00,0.00
2011-11-10,45.09,45.09,44.83,44.94,1900,0.00,0.00,0.00
2011-11-11,45.85,45.89,45.69,45.81,9000,0.00,0.00,0.00
2011-11-14,45.67,45.67,45.30,45.30,1600,0.00,0.00,0.00
2011-11-15,45.59,45.83,45.58,45.67,800,0.00,0.00,0.00
2011-11-16,45.23,45.75,44.90,44.90,1600,0.00,0.00,0.00
2011-11-17,44.80,44.82,43.98,44.17,1900,0.00,0.00,0.00
2011-11-18,44.20,44.20,44.11,44.20,1100,0.00,0.00,0.00
2011-11-21,43.29,43.46,43.09,43.35,1200,0.00,0.00,0.00
2011-11-22,43.24,43.43,42.90,43.10,2400,0.00,0.00,0.00
2011-11-23,42.36,42.43,42.23,42.23,2000,0.00,0.00,0.00
2011-11-25,42.43,42.43,42.43,42.43,100,0.00,0.00,0.00
2011-11-28,43.40,43.40,42.97,43.04,3800,0.00,0.00,0.00
2011-11-29,43.48,43.63,43.27,43.39,4900,0.00,0.00,0.00
2011-11-30,44.65,45.28,44.65,45.28,5200,0.00,0.00,0.00
2011-12-01,45.15,45.32,45.15,45.28,6000,0.00,0.00,0.00
2011-12-02,45.55,45.58,45.20,45.23,2900,0.00,0.00,0.00
2011-12-05,45.71,45.73,45.43,45.64,1900,0.00,0.00,0.00
2011-12-06,45.61,45.88,45.55,45.84,2400,0.00,0.00,0.00
2011-12-07,45.64,45.94,45.57,45.82,2000,0.00,0.00,0.00
2011-12-08,45.49,45.49,44.67,44.67,1400,0.00,0.00,0.00
2011-12-09,45.27,45.64,45.27,45.64,3700,0.00,0.00,0.00
2011-12-12,44.55,44.88,44.55,44.88,4500,0.00,0.00,0.00
2011-12-13,45.28,45.28,44.42,44.42,2000,0.00,0.00,0.00
2011-12-14,44.01,44.21,43.89,43.93,7700,0.00,0.00,0.00
2011-12-15,44.35,44.35,44.19,44.19,800,0.00,0.00,0.00
2011-12-16,44.43,44.43,44.15,44.24,12500,0.00,0.00,0.00
2011-12-19,44.41,44.41,43.72,43.72,3000,0.00,0.00,0.00
2011-12-20,44.64,45.04,44.64,45.04,2200,0.00,0.00,0.00
2011-12-21,44.82,45.19,44.71,45.19,700,0.00,0.00,0.00
2011-12-22,45.50,45.58,45.35,45.55,7200,0.00,0.00,0.00
2011-12-23,45.82,45.88,45.82,45.83,2200,0.26,0.00,0.00
2011-12-27,46.01,46.06,46.01,46.04,1000,0.00,0.00,0.00
2011-12-28,45.85,45.85,45.38,45.38,3100,0.00,0.00,0.00
2011-12-29,45.62,45.81,45.61,45.81,5700,0.00,0.00,0.00
2011-12-30,45.77,45.89,45.76,45.76,3700,0.00,0.00,0.00
2012-01-03,46.41,46.43,46.41,46.43,1200,0.00,0.00,0.00
2012-01-04,46.24,46.36,46.12,46.36,800,0.00,0.00,0.00
2012-01-05,45.87,46.53,45.87,46.52,1900,0.00,0.00,0.00
2012-01-06,46.29,46.52,46.29,46.41,1200,0.00,0.00,0.00
2012-01-09,46.51,46.56,46.46,46.55,1800,0.00,0.00,0.00
2012-01-10,47.07,47.07,46.96,46.96,1200,0.00,0.00,0.00
2012-01-11,46.82,47.08,46.81,47.03,2300,0.00,0.00,0.00
2012-01-12,47.22,47.22,46.83,47.16,2100,0.00,0.00,0.00
2012-01-13,46.76,46.92,46.65,46.91,1000,0.00,0.00,0.00
2012-01-17,47.34,47.35,47.01,47.06,4600,0.00,0.00,0.00
2012-01-18,47.22,47.65,47.22,47.61,1500,0.00,0.00,0.00
2012-01-19,47.78,47.90,47.78,47.83,3600,0.00,0.00,0.00
2012-01-20,47.83,47.83,47.83,47.83,0,0.00,0.00,0.00
2012-01-23,47.83,47.83,47.83,47.83,0,0.00,0.00,0.00
2012-01-24,47.68,47.93,47.68,47.89,2100,0.00,0.00,0.00
2012-01-25,47.96,48.44,47.96,48.44,3500,0.00,0.00,0.00
2012-01-26,48.55,48.55,48.12,48.12,1200,0.00,0.00,0.00
2012-01-27,48.02,48.19,48.00,48.19,3600,0.00,0.00,0.00
2012-01-30,47.65,47.93,47.65,47.93,1600,0.00,0.00,0.00
2012-01-31,48.21,48.24,47.86,47.86,1200,0.00,0.00,0.00
2012-02-01,48.26,48.59,48.26,48.44,2700,0.00,0.00,0.00
2012-02-02,48.67,48.67,48.60,48.60,700,0.00,0.00,0.00
2012-02-03,49.01,49.25,49.00,49.25,1700,0.00,0.00,0.00
2012-02-06,49.10,49.18,49.10,49.18,300,0.00,0.00,0.00
2012-02-07,49.22,49.46,49.06,49.42,6000,0.00,0.00,0.00
2012-02-08,49.42,49.42,49.42,49.42,0,0.00,0.00,0.00
2012-02-09,49.44,49.62,49.39,49.52,1400,0.00,0.00,0.00
2012-02-10,49.09,49.20,48.98,49.10,2900,0.00,0.00,0.00
2012-02-13,49.65,49.66,49.49,49.50,1600,0.00,0.00,0.00
2012-02-14,49.45,49.46,49.16,49.41,3000,0.00,0.00,0.00
2012-02-15,49.56,49.57,49.20,49.20,3700,0.00,0.00,0.00
2012-02-16,49.85,49.85,49.83,49.83,200,0.00,0.00,0.00
2012-02-17,49.99,49.99,49.91,49.97,1000,0.00,0.00,0.00
2012-02-21,49.97,49.97,49.97,49.97,0,0.00,0.00,0.00
2012-02-22,49.80,49.80,49.80,49.80,100,0.00,0.00,0.00
2012-02-23,49.72,49.81,49.72,49.81,400,0.00,0.00,0.00
2012-02-24,50.10,50.16,50.04,50.08,38400,0.00,0.00,0.00
2012-02-27,49.86,50.22,49.69,50.22,16800,0.00,0.00,0.00
2012-02-28,50.27,50.27,50.27,50.27,200,0.00,0.00,0.00
2012-02-29,50.33,50.44,50.04,50.04,6000,0.00,0.00,0.00
2012-03-01,50.23,50.27,50.23,50.27,3900,0.00,0.00,0.00
2012-03-02,50.05,50.10,50.05,50.10,400,0.00,0.00,0.00
2012-03-05,49.82,49.82,49.82,49.82,200,0.00,0.00,0.00
2012-03-06,49.46,49.46,49.05,49.14,3000,0.00,0.00,0.00
2012-03-07,49.49,49.55,49.49,49.54,5600,0.00,0.00,0.00
2012-03-08,49.97,50.09,49.95,50.09,1200,0.00,0.00,0.00
2012-03-09,50.39,50.39,50.28,50.28,1500,0.00,0.00,0.00
2012-03-12,50.17,50.24,50.17,50.24,5500,0.00,0.00,0.00
2012-03-13,50.55,50.68,50.48,50.68,2600,0.00,0.00,0.00
2012-03-14,51.17,51.17,51.12,51.12,800,0.00,0.00,0.00
2012-03-15,51.16,51.40,51.08,51.37,63400,0.00,0.00,0.00
2012-03-16,51.42,51.42,51.42,51.42,200,0.00,0.00,0.00
2012-03-19,51.50,51.66,51.34,51.66,13400,0.00,0.00,0.00
2012-03-20,51.42,51.42,51.33,51.33,200,0.00,0.00,0.00
2012-03-21,51.38,51.38,51.38,51.38,200,0.00,0.00,0.00
2012-03-22,50.96,51.11,50.90,50.90,48700,0.00,0.00,0.00
2012-03-23,51.10,51.26,50.95,51.26,12700,0.00,0.00,0.00
2012-03-26,51.77,51.84,51.77,51.81,3400,0.23,0.00,0.00
2012-03-27,51.89,51.97,51.89,51.94,3100,0.00,0.00,0.00
2012-03-28,51.52,51.52,51.25,51.34,2000,0.00,0.00,0.00
2012-03-29,51.06,51.12,51.06,51.12,1500,0.00,0.00,0.00
2012-03-30,51.73,51.73,51.61,51.66,3300,0.00,0.00,0.00
2012-04-02,51.63,52.13,51.53,51.97,4400,0.00,0.00,0.00
2012-04-03,51.95,51.95,51.61,51.79,600,0.00,0.00,0.00
2012-04-04,51.79,51.79,51.79,51.79,0,0.00,0.00,0.00
2012-04-05,51.12,51.12,51.12,51.12,300,0.00,0.00,0.00
2012-04-09,51.12,51.12,51.12,51.12,0,0.00,0.00,0.00
2012-04-10,50.25,50.25,49.69,49.69,2700,0.00,0.00,0.00
2012-04-11,49.69,49.69,49.69,49.69,0,0.00,0.00,0.00
2012-04-12,50.65,50.70,50.65,50.70,400,0.00,0.00,0.00
2012-04-13,50.31,50.43,50.31,50.43,500,0.00,0.00,0.00
2012-04-16,50.25,50.25,50.25,50.25,100,0.00,0.00,0.00
2012-04-17,50.56,50.56,50.56,50.56,100,0.00,0.00,0.00
2012-04-18,50.73,50.83,50.65,50.73,4100,0.00,0.00,0.00
2012-04-19,50.53,50.59,50.45,50.45,2100,0.00,0.00,0.00
2012-04-20,50.45,50.45,50.45,50.45,0,0.00,0.00,0.00
2012-04-23,49.92,50.01,49.92,50.01,400,0.00,0.00,0.00
2012-04-24,50.01,50.01,50.01,50.01,0,0.00,0.00,0.00
2012-04-25,50.01,50.01,50.01,50.01,0,0.00,0.00,0.00
2012-04-26,50.01,50.01,50.01,50.01,0,0.00,0.00,0.00
2012-04-27,51.37,51.59,51.37,51.57,1900,0.00,0.00,0.00
2012-04-30,51.57,51.57,51.57,51.57,0,0.00,0.00,0.00
2012-05-01,51.57,51.57,51.57,51.57,0,0.00,0.00,0.00
2012-05-02,51.32,51.38,51.32,51.38,10000,0.00,0.00,0.00
2012-05-03,51.25,51.25,50.93,50.93,115000,0.00,0.00,0.00
2012-05-04,50.65,50.65,50.15,50.15,6300,0.00,0.00,0.00
2012-05-07,49.93,50.27,49.93,50.16,2900,0.00,0.00,0.00
2012-05-08,49.96,49.96,49.58,49.58,200,0.00,0.00,0.00
2012-05-09,49.40,49.73,49.40,49.67,202200,0.00,0.00,0.00
2012-05-10,49.98,49.98,49.77,49.95,138000,0.00,0.00,0.00
2012-05-11,49.95,49.95,49.95,49.95,0,0.00,0.00,0.00
2012-05-14,49.22,49.36,49.02,49.02,2400,0.00,0.00,0.00
2012-05-15,48.90,49.05,48.82,48.82,3500,0.00,0.00,0.00
2012-05-16,48.85,48.85,48.65,48.73,1400,0.00,0.00,0.00
2012-05-17,48.41,48.41,47.80,47.80,1300,0.00,0.00,0.00
2012-05-18,47.70,47.70,47.31,47.38,7800,0.00,0.00,0.00
2012-05-21,47.86,47.86,47.86,47.86,200,0.00,0.00,0.00
2012-05-22,48.17,48.44,48.17,48.22,450600,0.00,0.00,0.00
2012-05-23,47.58,47.94,47.58,47.94,1100,0.00,0.00,0.00
2012-05-24,48.41,48.41,48.33,48.34,400,0.00,0.00,0.00
2012-05-25,48.32,48.32,48.32,48.32,200,0.00,0.00,0.00
2012-05-29,48.69,48.69,48.69,48.69,100,0.00,0.00,0.00
2012-05-30,48.17,48.17,48.17,48.17,600,0.00,0.00,0.00
2012-05-31,48.17,48.17,48.17,48.17,0,0.00,0.00,0.00
2012-06-01,47.19,47.19,46.83,46.83,2800,0.00,0.00,0.00
2012-06-04,46.54,46.70,46.43,46.70,4100,0.00,0.00,0.00
2012-06-05,46.63,46.78,46.63,46.78,1800,0.00,0.00,0.00
2012-06-06,47.88,47.88,47.88,47.88,600,0.00,0.00,0.00
2012-06-07,47.88,47.88,47.88,47.88,0,0.00,0.00,0.00
2012-06-08,48.05,48.47,48.03,48.45,2600,0.00,0.00,0.00
2012-06-11,48.33,48.33,48.20,48.20,2300,0.00,0.00,0.00
2012-06-12,47.99,48.24,47.99,48.24,300,0.00,0.00,0.00
2012-06-13,48.35,48.47,48.35,48.47,700,0.00,0.00,0.00
2012-06-14,48.40,48.46,48.40,48.46,700,0.00,0.00,0.00
2012-06-15,48.80,48.80,48.80,48.80,200,0.00,0.00,0.00
2012-06-18,48.97,48.97,48.97,48.97,500,0.00,0.00,0.00
2012-06-19,49.62,49.62,49.62,49.62,200,0.00,0.00,0.00
2012-06-20,49.66,49.79,49.61,49.64,2000,0.00,0.00,0.00
2012-06-21,49.60,49.60,48.57,48.57,6400,0.00,0.00,0.00
2012-06-22,48.65,48.86,48.65,48.86,500,0.00,0.00,0.00
2012-06-25,48.39,48.39,48.14,48.14,2200,0.25,0.00,0.00
2012-06-26,48.14,48.14,48.14,48.14,0,0.00,0.00,0.00
2012-06-27,48.67,48.67,48.67,48.67,100,0.00,0.00,0.00
2012-06-28,48.67,48.67,48.67,48.67,0,0.00,0.00,0.00
2012-06-29,49.61,49.83,49.61,49.82,3900,0.00,0.00,0.00
2012-07-02,49.83,49.83,49.82,49.82,600,0.00,0.00,0.00
2012-07-03,50.08,50.29,50.06,50.29,1300,0.00,0.00,0.00
2012-07-05,50.20,50.44,50.20,50.27,8900,0.00,0.00,0.00
2012-07-06,49.82,49.82,49.82,49.82,400,0.00,0.00,0.00
2012-07-09,49.82,49.82,49.82,49.82,0,0.00,0.00,0.00
2012-07-10,49.74,49.74,49.25,49.25,400,0.00,0.00,0.00
2012-07-11,49.26,49.26,49.17,49.17,300,0.00,0.00,0.00
2012-07-12,49.17,49.17,49.17,49.17,0,0.00,0.00,0.00
2012-07-13,49.17,49.17,49.17,49.17,0,0.00,0.00,0.00
2012-07-16,49.66,49.66,49.55,49.55,600,0.00,0.00,0.00
2012-07-17,49.95,49.95,49.92,49.92,200,0.00,0.00,0.00
2012-07-18,50.24,50.24,50.23,50.23,2700,0.00,0.00,0.00
2012-07-19,50.23,50.23,50.23,50.23,0,0.00,0.00,0.00
2012-07-20,50.14,50.15,49.96,49.96,1300,0.00,0.00,0.00
2012-07-23,49.19,49.19,48.94,49.13,800,0.00,0.00,0.00
2012-07-24,49.36,49.36,49.32,49.32,1600,0.00,0.00,0.00
2012-07-25,48.81,48.90,48.81,48.90,500,0.00,0.00,0.00
2012-07-26,48.90,48.90,48.90,48.90,0,0.00,0.00,0.00
2012-07-27,50.24,50.72,50.24,50.72,3500,0.00,0.00,0.00
2012-07-30,50.52,50.61,50.48,50.59,1300,0.00,0.00,0.00
2012-07-31,50.62,50.63,50.62,50.63,700,0.00,0.00,0.00
2012-08-01,50.34,50.34,50.34,50.34,200,0.00,0.00,0.00
2012-08-02,49.61,49.85,49.56,49.83,5800,0.00,0.00,0.00
2012-08-03,50.64,50.80,50.64,50.80,500,0.00,0.00,0.00
2012-08-06,51.02,51.08,51.02,51.07,2400,0.00,0.00,0.00
2012-08-07,51.19,51.37,51.18,51.37,2900,0.00,0.00,0.00
2012-08-08,51.10,51.25,51.10,51.25,700,0.00,0.00,0.00
2012-08-09,51.25,51.25,51.25,51.25,0,0.00,0.00,0.00
2012-08-10,51.19,51.24,51.19,51.24,500,0.00,0.00,0.00
2012-08-13,51.24,51.24,51.24,51.24,0,0.00,0.00,0.00
2012-08-14,51.24,51.24,51.24,51.24,0,0.00,0.00,0.00
2012-08-15,51.24,51.24,51.24,51.24,0,0.00,0.00,0.00
2012-08-16,51.24,51.24,51.24,51.24,0,0.00,0.00,0.00
2012-08-17,51.86,51.89,51.86,51.89,700,0.00,0.00,0.00
2012-08-20,51.83,51.89,51.83,51.89,400,0.00,0.00,0.00
2012-08-21,52.22,52.22,51.76,51.78,700,0.00,0.00,0.00
2012-08-22,51.75,51.81,51.75,51.81,9400,0.00,0.00,0.00
2012-08-23,51.61,51.61,51.61,51.61,100,0.00,0.00,0.00
2012-08-24,51.33,51.33,51.33,51.33,200,0.00,0.00,0.00
2012-08-27,51.89,51.89,51.89,51.89,200,0.00,0.00,0.00
2012-08-28,51.58,51.80,51.58,51.80,800,0.00,0.00,0.00
2012-08-29,51.80,51.80,51.80,51.80,0,0.00,0.00,0.00
2012-08-30,51.57,51.57,51.57,51.57,300,0.00,0.00,0.00
2012-08-31,51.57,51.57,51.57,51.57,0,0.00,0.00,0.00
2012-09-04,51.54,51.54,51.36,51.41,1100,0.00,0.00,0.00
2012-09-05,51.58,51.64,51.58,51.64,500,0.00,0.00,0.00
2012-09-06,51.88,52.64,51.88,52.64,300,0.00,0.00,0.00
2012-09-07,52.64,52.64,52.64,52.64,0,0.00,0.00,0.00
2012-09-10,52.88,52.88,52.88,52.88,200,0.00,0.00,0.00
2012-09-11,52.72,52.78,52.72,52.78,3600,0.00,0.00,0.00
2012-09-12,52.97,52.97,52.96,52.96,500,0.00,0.00,0.00
2012-09-13,53.74,53.74,53.74,53.74,100,0.00,0.00,0.00
2012-09-14,54.11,54.11,53.98,53.98,600,0.00,0.00,0.00
2012-09-17,53.89,53.92,53.68,53.80,30000,0.00,0.00,0.00
2012-09-18,53.75,53.75,53.75,53.75,200,0.00,0.00,0.00
2012-09-19,53.75,53.75,53.75,53.75,0,0.00,0.00,0.00
2012-09-20,53.57,53.68,53.57,53.68,1700,0.00,0.00,0.00
2012-09-21,53.86,53.87,53.86,53.87,400,0.00,0.00,0.00
2012-09-24,53.53,53.67,53.53,53.67,200,0.30,0.00,0.00
2012-09-25,53.80,53.83,53.80,53.83,500,0.00,0.00,0.00
2012-09-26,52.77,52.81,52.69,52.75,1900,0.00,0.00,0.00
2012-09-27,53.24,53.24,53.19,53.19,1200,0.00,0.00,0.00
2012-09-28,52.85,53.11,52.85,53.03,9600,0.00,0.00,0.00
2012-10-01,53.42,53.42,53.42,53.42,200,0.00,0.00,0.00
2012-10-02,53.31,53.31,53.13,53.13,800,0.00,0.00,0.00
2012-10-03,53.37,53.44,53.06,53.34,2700,0.00,0.00,0.00
2012-10-04,53.56,53.73,53.56,53.71,600,0.00,0.00,0.00
2012-10-05,53.99,54.14,53.91,53.91,5000,0.00,0.00,0.00
2012-10-08,53.59,53.59,53.58,53.58,1400,0.00,0.00,0.00
2012-10-09,53.03,53.03,53.03,53.03,300,0.00,0.00,0.00
2012-10-10,52.89,52.94,52.66,52.67,3100,0.00,0.00,0.00
2012-10-11,52.67,52.67,52.67,52.67,0,0.00,0.00,0.00
2012-10-12,52.53,52.62,52.53,52.53,1400,0.00,0.00,0.00
2012-10-15,52.87,52.87,52.87,52.87,500,0.00,0.00,0.00
2012-10-16,53.46,53.46,53.39,53.39,600,0.00,0.00,0.00
2012-10-17,53.51,53.77,53.51,53.77,900,0.00,0.00,0.00
2012-10-18,53.67,53.69,53.67,53.69,2300,0.00,0.00,0.00
2012-10-19,44.98,53.32,44.98,52.71,7000,0.00,0.00,0.00
2012-10-22,52.69,52.69,52.60,52.60,1100,0.00,0.00,0.00
2012-10-23,52.04,52.11,52.04,52.11,300,0.00,0.00,0.00
2012-10-24,52.16,52.16,52.03,52.03,700,0.00,0.00,0.00
2012-10-25,51.86,51.86,51.86,51.86,200,0.00,0.00,0.00
2012-10-26,51.86,51.86,51.86,51.86,0,0.00,0.00,0.00
2012-10-31,52.10,52.17,52.10,52.17,1700,0.00,0.00,0.00
2012-11-01,52.15,52.15,52.15,52.15,500,0.00,0.00,0.00
2012-11-02,52.93,52.93,52.16,52.16,700,0.00,0.00,0.00
2012-11-05,52.12,52.12,52.12,52.12,200,0.00,0.00,0.00
2012-11-06,52.53,52.83,52.53,52.73,1400,0.00,0.00,0.00
2012-11-07,52.04,52.04,51.65,51.65,800,0.00,0.00,0.00
2012-11-08,51.51,51.58,50.99,50.99,7200,0.00,0.00,0.00
2012-11-09,50.78,51.37,50.78,50.93,9000,0.00,0.00,0.00
2012-11-12,51.08,51.10,51.08,51.08,1000,0.00,0.00,0.00
2012-11-13,51.27,51.27,50.79,50.79,1400,0.00,0.00,0.00
2012-11-14,50.79,50.79,50.79,50.79,0,0.00,0.00,0.00
2012-11-15,50.01,50.16,49.85,49.90,1700,0.00,0.00,0.00
2012-11-16,49.86,50.23,49.61,50.23,4500,0.00,0.00,0.00
2012-11-19,50.73,51.19,50.73,51.19,2100,0.00,0.00,0.00
2012-11-20,51.15,51.24,51.11,51.23,5300,0.00,0.00,0.00
2012-11-21,51.32,51.34,51.26,51.30,1000,0.00,0.00,0.00
2012-11-23,51.61,51.74,51.61,51.74,400,0.00,0.00,0.00
2012-11-26,51.73,51.73,51.73,51.73,300,0.00,0.00,0.00
2012-11-27,51.88,52.02,51.72,51.73,2600,0.00,0.00,0.00
2012-11-28,51.57,52.11,51.51,52.11,3800,0.00,0.00,0.00
2012-11-29,52.36,52.47,52.28,52.47,1100,0.00,0.00,0.00
2012-11-30,52.35,52.38,52.35,52.38,500,0.00,0.00,0.00
2012-12-03,52.46,52.49,52.27,52.27,1700,0.00,0.00,0.00
2012-12-04,52.23,52.23,52.07,52.07,800,0.00,0.00,0.00
2012-12-05,52.07,52.07,52.07,52.07,0,0.00,0.00,0.00
2012-12-06,52.19,52.32,52.19,52.32,1400,0.00,0.00,0.00
2012-12-07,52.45,52.45,52.45,52.45,800,0.00,0.00,0.00
2012-12-10,52.61,52.61,52.61,52.61,1800,0.00,0.00,0.00
2012-12-11,52.98,52.98,52.85,52.85,4800,0.00,0.00,0.00
2012-12-12,53.10,53.24,53.09,53.24,700,0.00,0.00,0.00
2012-12-13,52.84,52.84,52.58,52.58,3100,0.00,0.00,0.00
2012-12-14,52.61,52.62,52.57,52.57,500,0.00,0.00,0.00
2012-12-17,52.57,52.99,52.57,52.99,6500,0.00,0.00,0.00
2012-12-18,53.21,53.73,53.19,53.73,4300,0.00,0.00,0.00
2012-12-19,53.76,53.76,53.43,53.43,20700,0.00,0.00,0.00
2012-12-20,53.32,53.64,53.32,53.61,2500,0.00,0.00,0.00
2012-12-21,53.02,53.28,52.96,53.26,5700,0.00,0.00,0.00
2012-12-24,53.13,53.13,53.01,53.05,2600,0.40,0.00,0.00
2012-12-26,52.91,52.91,52.81,52.81,400,0.00,0.00,0.00
2012-12-27,52.80,52.80,52.43,52.43,2900,0.00,0.00,0.00
2012-12-28,52.45,52.64,52.27,52.28,4700,0.00,0.00,0.00
2012-12-31,52.14,52.93,52.14,52.93,4900,0.00,0.00,0.00
2013-01-02,54.47,54.47,54.05,54.39,4000,0.00,0.00,0.00
2013-01-03,54.38,54.38,54.30,54.30,5400,0.00,0.00,0.00
2013-01-04,54.45,54.61,54.45,54.60,1200,0.00,0.00,0.00
2013-01-07,54.48,54.53,54.35,54.53,5300,0.00,0.00,0.00
2013-01-08,54.43,54.43,54.23,54.39,2100,0.00,0.00,0.00
2013-01-09,54.49,54.58,54.49,54.58,500,0.00,0.00,0.00
2013-01-10,54.78,54.79,54.58,54.58,900,0.00,0.00,0.00
2013-01-11,54.92,54.95,54.80,54.84,4700,0.00,0.00,0.00
2013-01-14,54.86,54.86,54.79,54.86,2800,0.00,0.00,0.00
2013-01-15,54.66,54.82,54.66,54.82,5700,0.00,0.00,0.00
2013-01-16,54.82,54.98,54.82,54.98,2100,0.00,0.00,0.00
2013-01-17,55.18,55.28,55.18,55.28,700,0.00,0.00,0.00
2013-01-18,55.25,55.46,55.25,55.46,2400,0.00,0.00,0.00
2013-01-22,55.46,55.73,55.38,55.73,5700,0.00,0.00,0.00
2013-01-23,55.77,55.86,55.72,55.81,5000,0.00,0.00,0.00
2013-01-24,56.03,56.04,55.76,55.76,1000,0.00,0.00,0.00
2013-01-25,55.94,56.19,55.94,56.16,4100,0.00,0.00,0.00
2013-01-28,56.24,56.24,55.96,56.14,12300,0.00,0.00,0.00
2013-01-29,56.07,56.36,56.07,56.33,5100,0.00,0.00,0.00
2013-01-30,56.37,56.37,55.99,56.00,50800,0.00,0.00,0.00
2013-01-31,55.96,56.01,55.96,56.01,1900,0.00,0.00,0.00
2013-02-01,56.41,56.51,56.41,56.50,1400,0.00,0.00,0.00
2013-02-04,56.21,56.21,55.86,55.86,3500,0.00,0.00,0.00
2013-02-05,56.15,56.52,56.15,56.52,900,0.00,0.00,0.00
2013-02-06,56.34,56.43,56.33,56.35,2300,0.00,0.00,0.00
2013-02-07,56.41,56.41,56.15,56.38,2400,0.00,0.00,0.00
2013-02-08,56.71,56.73,56.67,56.73,2500,0.00,0.00,0.00
2013-02-11,56.72,56.74,56.67,56.71,1800,0.00,0.00,0.00
2013-02-12,56.85,56.85,56.85,56.85,100,0.00,0.00,0.00
2013-02-13,56.82,56.82,56.79,56.79,500,0.00,0.00,0.00
2013-02-14,56.76,56.96,56.76,56.96,600,0.00,0.00,0.00
2013-02-15,56.97,56.98,56.97,56.98,3800,0.00,0.00,0.00
2013-02-19,57.00,57.38,57.00,57.38,3700,0.00,0.00,0.00
2013-02-20,57.16,57.16,56.64,56.64,1100,0.00,0.00,0.00
2013-02-21,56.50,56.50,56.24,56.24,2300,0.00,0.00,0.00
2013-02-22,56.51,56.53,56.43,56.51,1300,0.00,0.00,0.00
2013-02-25,57.10,57.10,55.70,55.70,105800,0.00,0.00,0.00
2013-02-26,55.89,56.07,55.67,56.07,75100,0.00,0.00,0.00
2013-02-27,55.91,56.89,55.91,56.89,6100,0.00,0.00,0.00
2013-02-28,56.71,57.10,56.70,56.70,11900,0.00,0.00,0.00
2013-03-01,56.33,56.90,56.33,56.84,107300,0.00,0.00,0.00
2013-03-04,56.76,57.07,56.67,57.07,2900,0.00,0.00,0.00
2013-03-05,57.57,57.79,57.53,57.75,4500,0.00,0.00,0.00
2013-03-06,57.89,57.89,57.66,57.78,2800,0.00,0.00,0.00
2013-03-07,57.91,57.93,57.81,57.92,5700,0.00,0.00,0.00
2013-03-08,58.15,58.18,58.05,58.18,17500,0.00,0.00,0.00
2013-03-11,58.17,58.35,58.09,58.32,5300,0.00,0.00,0.00
2013-03-12,58.30,58.30,58.23,58.23,5200,0.00,0.00,0.00
2013-03-13,58.30,58.37,58.30,58.37,500,0.00,0.00,0.00
2013-03-14,58.63,58.69,58.61,58.69,800,0.00,0.00,0.00
2013-03-15,58.65,58.65,58.48,58.56,1800,0.00,0.00,0.00
2013-03-18,58.09,58.37,58.09,58.37,800,0.00,0.00,0.00
2013-03-19,58.48,58.48,58.01,58.01,1600,0.00,0.00,0.00
2013-03-20,58.61,58.68,58.58,58.68,5300,0.00,0.00,0.00
2013-03-21,58.27,58.34,58.22,58.22,3300,0.00,0.00,0.00
2013-03-22,58.28,58.46,58.28,58.40,6000,0.25,0.00,0.00
2013-03-25,58.71,58.71,58.09,58.19,1200,0.00,0.00,0.00
2013-03-26,58.62,58.62,58.62,58.62,300,0.00,0.00,0.00
2013-03-27,58.39,58.71,58.28,58.71,4500,0.00,0.00,0.00
2013-03-28,58.73,58.85,58.73,58.84,1800,0.00,0.00,0.00
2013-04-01,58.96,58.96,58.60,58.62,1500,0.00,0.00,0.00
2013-04-02,58.99,58.99,58.98,58.99,800,0.00,0.00,0.00
2013-04-03,58.17,58.24,58.06,58.17,2700,0.00,0.00,0.00
2013-04-04,58.25,58.38,58.19,58.19,1800,0.00,0.00,0.00
2013-04-05,57.73,58.16,57.73,58.16,1700,0.00,0.00,0.00
2013-04-08,58.25,58.25,58.14,58.14,1300,0.00,0.00,0.00
2013-04-09,58.65,58.89,58.65,58.89,800,0.00,0.00,0.00
2013-04-10,59.29,59.57,59.29,59.55,1800,0.00,0.00,0.00
2013-04-11,59.54,59.65,59.54,59.65,400,0.00,0.00,0.00
2013-04-12,59.33,59.46,59.33,59.46,2900,0.00,0.00,0.00
2013-04-15,59.27,59.27,58.20,58.20,1400,0.00,0.00,0.00
2013-04-16,58.49,58.79,58.47,58.79,1700,0.00,0.00,0.00
2013-04-17,58.03,58.03,57.82,57.82,2800,0.00,0.00,0.00
2013-04-18,57.90,57.90,57.90,57.90,500,0.00,0.00,0.00
2013-04-19,58.20,58.20,58.20,58.20,1500,0.00,0.00,0.00
2013-04-22,58.23,58.50,57.96,58.50,1200,0.00,0.00,0.00
2013-04-23,58.50,58.50,58.50,58.50,0,0.00,0.00,0.00
2013-04-24,59.09,59.24,59.09,59.24,1000,0.00,0.00,0.00
2013-04-25,59.25,59.59,59.25,59.57,700,0.00,0.00,0.00
2013-04-26,59.17,59.43,59.17,59.33,2900,0.00,0.00,0.00
2013-04-29,59.69,59.69,59.69,59.69,200,0.00,0.00,0.00
2013-04-30,59.71,59.88,59.71,59.88,900,0.00,0.00,0.00
2013-05-01,59.68,59.68,59.44,59.48,1700,0.00,0.00,0.00
2013-05-02,59.59,59.87,59.59,59.86,24700,0.00,0.00,0.00
2013-05-03,60.38,60.57,60.38,60.51,3700,0.00,0.00,0.00
2013-05-06,60.57,60.73,60.51,60.73,1400,0.00,0.00,0.00
2013-05-07,60.77,60.94,60.60,60.94,4100,0.00,0.00,0.00
2013-05-08,60.92,61.19,60.92,61.19,1500,0.00,0.00,0.00
2013-05-09,61.25,61.25,61.25,61.25,600,0.00,0.00,0.00
2013-05-10,61.16,61.19,61.11,61.19,1900,0.00,0.00,0.00
2013-05-13,61.26,61.31,61.26,61.30,3800,0.00,0.00,0.00
2013-05-14,61.41,61.97,61.41,61.96,2300,0.00,0.00,0.00
2013-05-15,61.96,62.25,61.96,62.24,2000,0.00,0.00,0.00
2013-05-16,62.20,62.36,62.20,62.30,3300,0.00,0.00,0.00
2013-05-17,62.28,62.58,62.23,62.58,2200,0.00,0.00,0.00
2013-05-20,62.57,62.66,62.57,62.66,800,0.00,0.00,0.00
2013-05-21,62.75,62.78,62.57,62.75,9800,0.00,0.00,0.00
2013-05-22,62.77,63.23,62.10,62.10,4100,0.00,0.00,0.00
2013-05-23,61.61,61.95,61.61,61.95,5300,0.00,0.00,0.00
2013-05-24,61.67,61.68,61.63,61.63,1300,0.00,0.00,0.00
2013-05-28,62.58,62.59,62.58,62.59,400,0.00,0.00,0.00
2013-05-29,62.04,62.04,61.67,61.93,2400,0.00,0.00,0.00
2013-05-30,62.16,62.28,62.16,62.28,600,0.00,0.00,0.00
2013-05-31,61.91,62.09,61.91,62.05,1500,0.00,0.00,0.00
2013-06-03,61.34,61.44,61.10,61.44,9400,0.00,0.00,0.00
2013-06-04,61.71,61.78,61.19,61.19,1700,0.00,0.00,0.00
2013-06-05,60.60,60.60,60.40,60.40,600,0.00,0.00,0.00
2013-06-06,60.30,60.65,60.24,60.29,2700,0.00,0.00,0.00
2013-06-07,61.39,61.74,61.39,61.74,800,0.00,0.00,0.00
2013-06-10,61.86,61.88,61.66,61.74,59500,0.00,0.00,0.00
2013-06-11,61.21,61.58,61.21,61.22,2400,0.00,0.00,0.00
2013-06-12,61.48,61.48,60.67,60.68,1000,0.00,0.00,0.00
2013-06-13,60.60,60.76,60.60,60.76,700,0.00,0.00,0.00
2013-06-14,61.11,61.13,61.11,61.13,800,0.00,0.00,0.00
2013-06-17,61.76,61.77,61.53,61.61,2400,0.00,0.00,0.00
2013-06-18,61.68,62.14,61.68,62.10,3000,0.00,0.00,0.00
2013-06-19,62.09,62.09,61.57,61.57,2900,0.00,0.00,0.00
2013-06-20,60.20,60.20,59.70,59.71,3100,0.00,0.00,0.00
2013-06-21,60.00,60.00,59.46,59.90,35200,0.00,0.00,0.00
2013-06-24,59.35,59.39,58.62,59.37,6500,0.34,0.00,0.00
2013-06-25,59.60,59.85,59.60,59.82,2400,0.00,0.00,0.00
2013-06-26,60.28,60.39,60.01,60.32,1200,0.00,0.00,0.00
2013-06-27,60.78,60.82,60.76,60.76,800,0.00,0.00,0.00
2013-06-28,60.62,60.87,60.45,60.46,6900,0.00,0.00,0.00
2013-07-01,60.83,61.30,60.83,61.30,700,0.00,0.00,0.00
2013-07-02,60.91,61.18,60.75,60.75,5000,0.00,0.00,0.00
2013-07-03,60.66,60.79,60.66,60.79,400,0.00,0.00,0.00
2013-07-05,61.08,61.54,61.08,61.54,1800,0.00,0.00,0.00
2013-07-08,61.83,62.03,61.83,61.88,2000,0.00,0.00,0.00
2013-07-09,62.28,62.35,62.17,62.35,1300,0.00,0.00,0.00
2013-07-10,62.35,62.35,62.35,62.35,0,0.00,0.00,0.00
2013-07-11,63.10,63.21,62.95,63.21,5600,0.00,0.00,0.00
2013-07-12,63.30,63.42,63.21,63.38,2900,0.00,0.00,0.00
2013-07-15,63.55,63.61,63.55,63.55,1300,0.00,0.00,0.00
2013-07-16,63.47,63.48,63.25,63.25,800,0.00,0.00,0.00
2013-07-17,63.46,63.57,63.46,63.50,1600,0.00,0.00,0.00
2013-07-18,63.88,63.88,63.85,63.85,500,0.00,0.00,0.00
2013-07-19,63.64,63.93,63.64,63.93,2900,0.00,0.00,0.00
2013-07-22,63.92,64.07,63.92,64.06,4200,0.00,0.00,0.00
2013-07-23,64.20,64.20,63.93,63.93,2100,0.00,0.00,0.00
2013-07-24,63.93,63.93,63.93,63.93,0,0.00,0.00,0.00
2013-07-25,63.93,63.93,63.93,63.93,0,0.00,0.00,0.00
2013-07-26,63.73,63.82,63.73,63.82,700,0.00,0.00,0.00
2013-07-29,63.75,63.75,63.68,63.70,1800,0.00,0.00,0.00
2013-07-30,63.88,63.91,63.66,63.66,1100,0.00,0.00,0.00
2013-07-31,63.81,63.81,63.81,63.81,200,0.00,0.00,0.00
2013-08-01,64.55,64.66,64.51,64.66,700,0.00,0.00,0.00
2013-08-02,64.63,64.63,64.63,64.63,100,0.00,0.00,0.00
2013-08-05,64.71,64.74,64.57,64.72,2800,0.00,0.00,0.00
2013-08-06,64.71,64.71,64.25,64.25,6500,0.00,0.00,0.00
2013-08-07,64.03,64.03,63.85,63.92,700,0.00,0.00,0.00
2013-08-08,64.14,64.15,64.14,64.15,1400,0.00,0.00,0.00
2013-08-09,64.24,64.41,64.24,64.24,600,0.00,0.00,0.00
2013-08-12,63.87,64.09,63.87,64.09,500,0.00,0.00,0.00
2013-08-13,63.88,64.24,63.87,64.24,2000,0.00,0.00,0.00
2013-08-14,63.97,63.97,63.96,63.96,1000,0.00,0.00,0.00
2013-08-15,63.04,63.15,62.96,62.98,3600,0.00,0.00,0.00
2013-08-16,62.97,62.97,62.83,62.83,2200,0.00,0.00,0.00
2013-08-19,62.83,62.83,62.83,62.83,0,0.00,0.00,0.00
2013-08-20,62.57,62.88,62.52,62.72,9000,0.00,0.00,0.00
2013-08-21,62.53,62.53,62.53,62.53,1300,0.00,0.00,0.00
2013-08-22,62.52,62.91,62.52,62.89,1300,0.00,0.00,0.00
2013-08-23,62.98,63.11,62.98,63.11,700,0.00,0.00,0.00
2013-08-26,63.16,63.39,63.05,63.05,2700,0.00,0.00,0.00
2013-08-27,62.41,62.47,62.02,62.07,2400,0.00,0.00,0.00
2013-08-28,62.09,62.35,62.08,62.34,2900,0.00,0.00,0.00
2013-08-29,61.94,62.55,61.94,62.55,600,0.00,0.00,0.00
2013-08-30,62.47,62.47,62.01,62.09,800,0.00,0.00,0.00
2013-09-03,62.28,62.29,62.01,62.29,800,0.00,0.00,0.00
2013-09-04,62.33,62.83,62.33,62.83,600,0.00,0.00,0.00
2013-09-05,62.69,62.97,62.69,62.87,16300,0.00,0.00,0.00
2013-09-06,63.12,63.21,62.64,63.21,900,0.00,0.00,0.00
2013-09-09,63.34,63.52,63.34,63.52,800,0.00,0.00,0.00
2013-09-10,63.99,64.04,63.96,64.04,800,0.00,0.00,0.00
2013-09-11,64.05,64.20,63.89,64.20,2600,0.00,0.00,0.00
2013-09-12,64.31,64.31,64.11,64.13,800,0.00,0.00,0.00
2013-09-13,64.20,64.25,64.20,64.25,600,0.00,0.00,0.00
2013-09-16,64.96,64.96,64.56,64.56,6400,0.00,0.00,0.00
2013-09-17,64.87,64.94,64.86,64.94,2100,0.00,0.00,0.00
2013-09-18,64.78,65.69,64.75,65.63,2100,0.00,0.00,0.00
2013-09-19,65.77,65.77,65.60,65.60,2900,0.00,0.00,0.00
2013-09-20,65.46,65.46,65.24,65.24,1400,0.00,0.00,0.00
2013-09-23,64.83,64.83,64.83,64.83,100,0.33,0.00,0.00
2013-09-24,64.88,65.08,64.88,65.01,1200,0.00,0.00,0.00
2013-09-25,64.78,64.93,64.78,64.91,2500,0.00,0.00,0.00
2013-09-26,64.79,65.08,64.74,64.77,6300,0.00,0.00,0.00
2013-09-27,64.67,64.70,64.63,64.63,3700,0.00,0.00,0.00
2013-09-30,64.16,64.42,64.12,64.25,26300,0.00,0.00,0.00
2013-10-01,64.72,64.93,64.72,64.79,3200,0.00,0.00,0.00
2013-10-02,64.55,64.55,64.55,64.55,100,0.00,0.00,0.00
2013-10-03,64.39,64.39,64.39,64.39,200,0.00,0.00,0.00
2013-10-04,64.39,64.39,64.39,64.39,0,0.00,0.00,0.00
2013-10-07,64.28,64.47,64.28,64.42,1000,0.00,0.00,0.00
2013-10-08,64.19,64.19,63.32,63.32,3800,0.00,0.00,0.00
2013-10-09,63.34,63.34,63.09,63.09,1700,0.00,0.00,0.00
2013-10-10,64.00,64.38,64.00,64.38,500,0.00,0.00,0.00
2013-10-11,65.11,65.11,64.97,64.98,1500,0.00,0.00,0.00
2013-10-14,64.98,64.98,64.98,64.98,0,0.00,0.00,0.00
2013-10-15,65.33,65.35,65.07,65.07,1000,0.00,0.00,0.00
2013-10-16,65.61,65.79,65.61,65.79,2800,0.00,0.00,0.00
2013-10-17,65.72,66.27,65.72,66.23,6700,0.00,0.00,0.00
2013-10-18,66.62,66.77,66.58,66.77,800,0.00,0.00,0.00
2013-10-21,66.90,66.93,66.63,66.73,1400,0.00,0.00,0.00
2013-10-22,67.02,67.02,67.02,67.02,100,0.00,0.00,0.00
2013-10-23,66.99,66.99,66.60,66.77,4200,0.00,0.00,0.00
2013-10-24,66.87,67.05,66.87,67.05,2000,0.00,0.00,0.00
2013-10-25,67.26,67.32,67.08,67.30,5200,0.00,0.00,0.00
2013-10-28,67.45,67.46,67.22,67.46,3800,0.00,0.00,0.00
2013-10-29,67.41,67.65,67.41,67.60,2500,0.00,0.00,0.00
2013-10-30,67.50,67.53,67.22,67.30,1200,0.00,0.00,0.00
2013-10-31,67.15,67.32,67.15,67.16,1500,0.00,0.00,0.00
2013-11-01,67.27,67.27,66.86,66.95,53400,0.00,0.00,0.00
2013-11-04,67.47,67.47,67.30,67.36,1000,0.00,0.00,0.00
2013-11-05,67.35,67.35,67.19,67.34,1900,0.00,0.00,0.00
2013-11-06,67.53,67.53,67.47,67.47,11300,0.00,0.00,0.00
2013-11-07,67.23,67.23,66.73,66.84,13100,0.00,0.00,0.00
2013-11-08,67.26,67.45,67.23,67.45,1400,0.00,0.00,0.00
2013-11-11,67.51,67.58,67.51,67.58,4700,0.00,0.00,0.00
2013-11-12,67.52,67.52,67.29,67.36,900,0.00,0.00,0.00
2013-11-13,67.46,68.00,67.46,68.00,1200,0.00,0.00,0.00
2013-11-14,68.12,68.35,68.05,68.35,2000,0.00,0.00,0.00
2013-11-15,68.45,68.61,68.35,68.57,7000,0.00,0.00,0.00
2013-11-18,68.84,68.84,68.47,68.47,6000,0.00,0.00,0.00
2013-11-19,68.18,68.42,68.17,68.19,1600,0.00,0.00,0.00
2013-11-20,67.87,67.87,67.79,67.79,400,0.00,0.00,0.00
2013-11-21,68.08,68.51,68.08,68.44,3000,0.00,0.00,0.00
2013-11-22,68.58,68.71,68.58,68.71,2000,0.00,0.00,0.00
2013-11-25,68.93,68.93,68.80,68.80,900,0.00,0.00,0.00
2013-11-26,68.70,68.83,68.70,68.83,3200,0.00,0.00,0.00
2013-11-27,68.98,69.04,68.93,69.04,2600,0.00,0.00,0.00
2013-11-29,69.18,69.21,69.08,69.08,900,0.00,0.00,0.00
2013-12-02,68.92,69.05,68.69,68.69,1800,0.00,0.00,0.00
2013-12-03,68.69,68.69,68.29,68.53,1000,0.00,0.00,0.00
2013-12-04,68.30,68.59,68.30,68.50,700,0.00,0.00,0.00
2013-12-05,68.24,68.29,68.15,68.16,2400,0.00,0.00,0.00
2013-12-06,68.64,68.98,68.64,68.98,700,0.00,0.00,0.00
2013-12-09,69.18,69.18,69.07,69.08,1300,0.00,0.00,0.00
2013-12-10,68.83,68.83,68.83,68.83,1200,0.00,0.00,0.00
2013-12-11,68.16,68.25,68.01,68.01,1700,0.00,0.00,0.00
2013-12-12,67.92,67.95,67.83,67.83,1600,0.00,0.00,0.00
2013-12-13,67.89,68.01,67.77,67.86,3300,0.00,0.00,0.00
2013-12-16,68.29,68.43,68.14,68.36,6500,0.00,0.00,0.00
2013-12-17,68.39,68.39,68.12,68.28,1900,0.00,0.00,0.00
2013-12-18,67.96,69.25,67.85,69.25,1500,0.00,0.00,0.00
2013-12-19,69.08,69.18,69.08,69.15,1000,0.00,0.00,0.00
2013-12-20,69.16,69.72,69.16,69.67,3200,0.42,0.00,0.00
2013-12-23,69.95,70.08,69.95,70.02,3800,0.00,0.00,0.00
2013-12-24,70.00,70.25,70.00,70.23,2400,0.00,0.00,0.00
2013-12-26,70.42,70.53,70.42,70.53,800,0.00,0.00,0.00
2013-12-27,70.76,70.76,70.48,70.51,3500,0.00,0.00,0.00
2013-12-30,70.62,70.62,70.43,70.53,5900,0.00,0.00,0.00
2013-12-31,70.68,70.80,70.63,70.80,3400,0.00,0.00,0.00
2014-01-02,70.37,70.37,70.11,70.12,3100,0.00,0.00,0.00
2014-01-03,70.34,70.37,70.16,70.28,4600,0.00,0.00,0.00
2014-01-06,70.35,70.35,69.92,70.00,3400,0.00,0.00,0.00
2014-01-07,70.24,70.42,70.24,70.38,1000,0.00,0.00,0.00
2014-01-08,70.35,70.46,70.35,70.44,6700,0.00,0.00,0.00
2014-01-09,70.59,70.60,70.27,70.48,1300,0.00,0.00,0.00
2014-01-10,70.52,70.68,70.35,70.68,2700,0.00,0.00,0.00
2014-01-13,70.62,70.65,69.73,69.74,2600,0.00,0.00,0.00
2014-01-14,70.31,70.54,70.31,70.54,4600,0.00,0.00,0.00
2014-01-15,70.85,70.99,70.85,70.98,800,0.00,0.00,0.00
2014-01-16,70.79,70.90,70.77,70.90,4400,0.00,0.00,0.00
2014-01-17,70.75,70.82,70.73,70.73,1000,0.00,0.00,0.00
2014-01-21,71.05,71.05,70.58,70.76,3000,0.00,0.00,0.00
2014-01-22,70.89,70.92,70.89,70.92,400,0.00,0.00,0.00
2014-01-23,70.49,70.49,70.02,70.02,1400,0.00,0.00,0.00
2014-01-24,69.57,69.57,68.94,68.95,7900,0.00,0.00,0.00
2014-01-27,68.83,68.88,68.17,68.65,4900,0.00,0.00,0.00
2014-01-28,68.55,68.84,68.49,68.84,4200,0.00,0.00,0.00
2014-01-29,68.55,68.60,68.17,68.21,4000,0.00,0.00,0.00
2014-01-30,68.69,68.98,68.67,68.97,3300,0.00,0.00,0.00
2014-01-31,68.60,68.82,68.60,68.82,3500,0.00,0.00,0.00
2014-02-03,68.48,68.59,66.79,66.79,110300,0.00,0.00,0.00
2014-02-04,67.31,67.48,67.20,67.33,4200,0.00,0.00,0.00
2014-02-05,67.23,67.39,67.12,67.29,2200,0.00,0.00,0.00
2014-02-06,67.81,68.10,67.81,68.10,1000,0.00,0.00,0.00
2014-02-07,68.57,68.93,68.53,68.93,3600,0.00,0.00,0.00
2014-02-10,69.13,69.13,68.83,69.08,6900,0.00,0.00,0.00
2014-02-11,69.81,69.94,69.81,69.88,1900,0.00,0.00,0.00
2014-02-12,70.08,70.11,69.88,69.90,2100,0.00,0.00,0.00
2014-02-13,69.51,70.44,69.51,70.40,3000,0.00,0.00,0.00
2014-02-14,70.38,70.82,70.25,70.77,2000,0.00,0.00,0.00
2014-02-18,70.84,70.97,70.76,70.92,6900,0.00,0.00,0.00
2014-02-19,70.90,71.03,70.64,70.75,2000,0.00,0.00,0.00
2014-02-20,70.93,70.98,70.90,70.96,2800,0.00,0.00,0.00
2014-02-21,71.12,71.15,71.11,71.12,600,0.00,0.00,0.00
2014-02-24,71.07,71.52,71.07,71.47,2900,0.00,0.00,0.00
2014-02-25,71.41,71.41,71.06,71.21,4500,0.00,0.00,0.00
2014-02-26,71.43,71.55,71.27,71.27,1600,0.00,0.00,0.00
2014-02-27,71.19,71.19,71.19,71.19,900,0.00,0.00,0.00
2014-02-28,71.59,72.13,71.58,71.81,5500,0.00,0.00,0.00
2014-03-03,71.12,71.32,71.05,71.23,4900,0.00,0.00,0.00
2014-03-04,71.93,72.43,71.93,72.43,1700,0.00,0.00,0.00
2014-03-05,72.45,72.47,72.39,72.43,2700,0.00,0.00,0.00
2014-03-06,72.68,72.68,72.54,72.54,5200,0.00,0.00,0.00
2014-03-07,72.88,72.88,72.33,72.49,900,0.00,0.00,0.00
2014-03-10,72.24,72.42,72.24,72.42,1000,0.00,0.00,0.00
2014-03-11,72.60,72.67,72.05,72.05,4200,0.00,0.00,0.00
2014-03-12,71.78,72.06,71.76,71.95,3700,0.00,0.00,0.00
2014-03-13,72.19,72.19,71.19,71.19,4400,0.00,0.00,0.00
2014-03-14,71.06,71.41,71.06,71.17,1400,0.00,0.00,0.00
2014-03-17,71.41,71.87,71.41,71.87,1900,0.00,0.00,0.00
2014-03-18,72.02,72.40,72.02,72.39,3300,0.00,0.00,0.00
2014-03-19,72.38,72.38,71.93,71.93,800,0.00,0.00,0.00
2014-03-20,72.00,72.36,72.00,72.36,3600,0.00,0.00,0.00
2014-03-21,72.45,72.45,72.45,72.45,600,0.00,0.00,0.00
2014-03-24,72.20,72.20,71.33,71.82,12400,0.32,0.00,0.00
2014-03-25,72.04,72.18,71.54,71.54,2400,0.00,0.00,0.00
2014-03-26,72.20,72.20,71.36,71.36,112100,0.00,0.00,0.00
2014-03-27,71.37,71.37,71.18,71.21,1400,0.00,0.00,0.00
2014-03-28,71.42,71.83,71.38,71.42,4600,0.00,0.00,0.00
2014-03-31,71.98,72.27,71.95,72.27,7200,0.00,0.00,0.00
2014-04-01,72.31,72.66,72.31,72.58,14900,0.00,0.00,0.00
2014-04-02,72.87,73.10,72.77,73.01,35500,0.00,0.00,0.00
2014-04-03,73.16,73.16,72.68,72.81,6300,0.00,0.00,0.00
2014-04-04,73.19,73.19,71.82,71.82,5500,0.00,0.00,0.00
2014-04-07,71.74,71.74,70.82,71.02,7500,0.00,0.00,0.00
2014-04-08,70.99,71.43,70.99,71.23,364400,0.00,0.00,0.00
2014-04-09,71.58,71.97,71.47,71.97,3400,0.00,0.00,0.00
2014-04-10,71.48,71.49,70.44,70.53,4400,0.00,0.00,0.00
2014-04-11,69.81,70.04,69.81,70.04,1800,0.00,0.00,0.00
2014-04-14,70.40,70.41,69.73,69.83,206100,0.00,0.00,0.00
2014-04-15,70.65,70.65,69.70,70.33,8700,0.00,0.00,0.00
2014-04-16,71.22,71.42,70.99,71.42,1600,0.00,0.00,0.00
2014-04-17,71.42,71.77,71.42,71.77,3000,0.00,0.00,0.00
2014-04-21,71.76,71.86,71.76,71.81,17800,0.00,0.00,0.00
2014-04-22,72.26,72.40,72.26,72.32,1800,0.00,0.00,0.00
2014-04-23,72.20,72.20,72.14,72.14,1000,0.00,0.00,0.00
2014-04-24,72.39,72.39,71.95,72.21,1900,0.00,0.00,0.00
2014-04-25,72.21,72.21,72.21,72.21,0,0.00,0.00,0.00
2014-04-28,71.96,71.96,71.13,71.13,1200,0.00,0.00,0.00
2014-04-29,71.91,72.04,71.90,72.01,2500,0.00,0.00,0.00
2014-04-30,71.87,72.20,71.87,72.20,1100,0.00,0.00,0.00
2014-05-01,72.30,72.41,72.24,72.24,1600,0.00,0.00,0.00
2014-05-02,72.49,72.49,72.13,72.21,1900,0.00,0.00,0.00
2014-05-05,71.99,72.23,71.76,72.23,3300,0.00,0.00,0.00
2014-05-06,72.09,72.09,71.66,71.66,600,0.00,0.00,0.00
2014-05-07,71.74,71.89,71.68,71.76,1100,0.00,0.00,0.00
2014-05-08,72.01,72.34,71.86,71.86,900,0.00,0.00,0.00
2014-05-09,71.78,71.78,71.71,71.71,600,0.00,0.00,0.00
2014-05-12,72.49,72.82,72.49,72.82,1100,0.00,0.00,0.00
2014-05-13,72.87,72.87,72.75,72.75,1100,0.00,0.00,0.00
2014-05-14,72.57,72.59,72.34,72.35,1800,0.00,0.00,0.00
2014-05-15,72.15,72.15,71.37,71.60,5600,0.00,0.00,0.00
2014-05-16,71.94,71.94,71.62,71.67,2300,0.00,0.00,0.00
2014-05-19,71.78,72.29,71.78,72.29,800,0.00,0.00,0.00
2014-05-20,72.24,72.24,71.67,71.69,2700,0.00,0.00,0.00
2014-05-21,72.03,72.03,72.03,72.03,700,0.00,0.00,0.00
2014-05-22,72.61,72.73,72.58,72.73,900,0.00,0.00,0.00
2014-05-23,72.74,72.92,72.74,72.92,2700,0.00,0.00,0.00
2014-05-27,73.28,73.40,73.28,73.40,900,0.00,0.00,0.00
2014-05-28,73.41,73.50,73.38,73.50,1700,0.00,0.00,0.00
2014-05-29,73.50,73.68,73.41,73.68,2300,0.00,0.00,0.00
2014-05-30,73.70,73.77,73.58,73.77,5800,0.00,0.00,0.00
2014-06-02,73.81,73.85,73.61,73.84,1900,0.00,0.00,0.00
2014-06-03,73.64,73.84,73.59,73.81,3500,0.00,0.00,0.00
2014-06-04,73.98,73.98,73.94,73.98,2100,0.00,0.00,0.00
2014-06-05,74.20,74.56,74.08,74.56,27500,0.00,0.00,0.00
2014-06-06,74.75,74.91,74.75,74.89,2500,0.00,0.00,0.00
2014-06-09,74.98,75.12,74.98,75.05,3400,0.00,0.00,0.00
2014-06-10,74.90,75.02,74.87,75.02,500,0.00,0.00,0.00
2014-06-11,74.88,74.88,74.71,74.76,2400,0.00,0.00,0.00
2014-06-12,74.54,74.57,74.22,74.27,1800,0.00,0.00,0.00
2014-06-13,74.54,74.54,74.32,74.47,2500,0.00,0.00,0.00
2014-06-16,74.47,74.47,74.47,74.47,300,0.00,0.00,0.00
2014-06-17,74.50,74.80,74.45,74.80,3100,0.00,0.00,0.00
2014-06-18,74.90,75.21,74.78,75.21,2300,0.00,0.00,0.00
2014-06-19,75.51,75.51,75.19,75.41,9600,0.00,0.00,0.00
2014-06-20,75.58,75.58,75.54,75.56,1700,0.00,0.00,0.00
2014-06-23,75.76,75.83,75.57,75.63,2900,0.38,0.00,0.00
2014-06-24,75.60,75.81,75.10,75.10,1600,0.00,0.00,0.00
2014-06-25,74.96,75.48,74.96,75.46,2500,0.00,0.00,0.00
2014-06-26,75.10,75.40,75.10,75.36,2700,0.00,0.00,0.00
2014-06-27,75.38,75.42,75.38,75.42,1900,0.00,0.00,0.00
2014-06-30,75.60,75.65,75.60,75.60,1000,0.00,0.00,0.00
2014-07-01,75.88,76.36,75.88,76.18,3400,0.00,0.00,0.00
2014-07-02,76.24,76.24,76.10,76.10,900,0.00,0.00,0.00
2014-07-03,76.39,76.39,76.38,76.38,700,0.00,0.00,0.00
2014-07-07,76.33,76.33,76.07,76.09,2900,0.00,0.00,0.00
2014-07-08,76.02,76.02,75.46,75.51,1200,0.00,0.00,0.00
2014-07-09,75.83,75.83,75.70,75.71,1200,0.00,0.00,0.00
2014-07-10,75.71,75.71,75.71,75.71,0,0.00,0.00,0.00
2014-07-11,75.55,75.55,75.49,75.49,900,0.00,0.00,0.00
2014-07-14,75.99,75.99,75.99,75.99,400,0.00,0.00,0.00
2014-07-15,75.71,75.84,75.71,75.84,600,0.00,0.00,0.00
2014-07-16,76.07,76.10,75.89,76.08,2000,0.00,0.00,0.00
2014-07-17,75.77,75.77,75.72,75.73,2400,0.00,0.00,0.00
2014-07-18,75.76,75.94,75.75,75.94,800,0.00,0.00,0.00
2014-07-21,75.45,75.73,75.45,75.73,1200,0.00,0.00,0.00
2014-07-22,76.04,76.19,76.03,76.19,1700,0.00,0.00,0.00
2014-07-23,76.32,76.32,76.21,76.29,1200,0.00,0.00,0.00
2014-07-24,76.44,76.44,76.29,76.29,1100,0.00,0.00,0.00
2014-07-25,75.83,75.92,75.83,75.86,900,0.00,0.00,0.00
2014-07-28,75.93,75.93,75.87,75.87,400,0.00,0.00,0.00
2014-07-29,76.09,76.09,75.60,75.60,800,0.00,0.00,0.00
2014-07-30,75.90,75.90,75.50,75.50,600,0.00,0.00,0.00
2014-07-31,74.90,74.90,74.19,74.19,15200,0.00,0.00,0.00
2014-08-01,74.06,74.34,73.57,73.99,6400,0.00,0.00,0.00
2014-08-04,74.14,74.46,73.94,74.46,9700,0.00,0.00,0.00
2014-08-05,74.33,74.36,73.65,73.65,2100,0.00,0.00,0.00
2014-08-06,73.72,73.90,73.71,73.87,1400,0.00,0.00,0.00
2014-08-07,73.43,73.46,73.43,73.46,1600,0.00,0.00,0.00
2014-08-08,73.68,74.14,73.58,74.14,800,0.00,0.00,0.00
2014-08-11,74.67,74.75,74.67,74.74,3300,0.00,0.00,0.00
2014-08-12,74.55,74.64,74.27,74.37,5800,0.00,0.00,0.00
2014-08-13,74.72,74.98,74.64,74.95,8400,0.00,0.00,0.00
2014-08-14,74.98,75.16,74.98,75.16,600,0.00,0.00,0.00
2014-08-15,74.94,75.15,74.94,75.15,400,0.00,0.00,0.00
2014-08-18,75.70,75.94,75.70,75.89,900,0.00,0.00,0.00
2014-08-19,76.06,76.34,76.06,76.34,1900,0.00,0.00,0.00
2014-08-20,76.37,76.37,76.37,76.37,400,0.00,0.00,0.00
2014-08-21,76.64,76.66,76.60,76.66,1300,0.00,0.00,0.00
2014-08-22,76.67,76.69,76.52,76.69,800,0.00,0.00,0.00
2014-08-25,76.80,77.10,76.80,76.95,2600,0.00,0.00,0.00
2014-08-26,77.15,77.17,77.08,77.08,2700,0.00,0.00,0.00
2014-08-27,77.08,77.09,77.08,77.09,500,0.00,0.00,0.00
2014-08-28,76.94,76.94,76.94,76.94,200,0.00,0.00,0.00
2014-08-29,77.18,77.18,77.18,77.18,400,0.00,0.00,0.00
2014-09-02,77.20,77.22,77.04,77.22,2500,0.00,0.00,0.00
2014-09-03,77.48,77.48,77.14,77.16,800,0.00,0.00,0.00
2014-09-04,77.51,77.51,76.91,76.91,1700,0.00,0.00,0.00
2014-09-05,77.05,77.38,76.80,77.38,900,0.00,0.00,0.00
2014-09-08,77.43,77.43,77.03,77.27,1400,0.00,0.00,0.00
2014-09-09,77.06,77.07,76.66,76.66,4800,0.00,0.00,0.00
2014-09-10,76.78,76.91,76.49,76.89,14300,0.00,0.00,0.00
2014-09-11,76.72,77.07,76.72,77.07,1700,0.00,0.00,0.00
2014-09-12,77.08,77.08,76.43,76.63,6400,0.00,0.00,0.00
2014-09-15,76.74,76.74,76.34,76.43,2700,0.00,0.00,0.00
2014-09-16,76.34,77.03,76.34,76.97,5500,0.00,0.00,0.00
2014-09-17,77.20,77.40,76.93,77.40,2700,0.00,0.00,0.00
2014-09-18,77.23,77.23,77.22,77.22,1600,0.00,0.00,0.00
2014-09-19,77.63,77.63,77.18,77.19,2500,0.00,0.00,0.00
2014-09-22,77.23,77.23,76.64,76.64,2700,0.37,0.00,0.00
2014-09-23,76.38,76.38,76.38,76.38,800,0.00,0.00,0.00
2014-09-24,76.16,76.53,75.98,76.52,1800,0.00,0.00,0.00
2014-09-25,76.43,76.43,75.59,75.59,1200,0.00,0.00,0.00
2014-09-26,75.69,76.13,75.67,76.09,2900,0.00,0.00,0.00
2014-09-29,75.50,75.97,75.50,75.97,700,0.00,0.00,0.00
2014-09-30,75.79,75.79,75.63,75.63,7800,0.00,0.00,0.00
2014-10-01,75.26,75.26,74.51,74.78,9800,0.00,0.00,0.00
2014-10-02,74.00,74.68,73.99,74.68,1800,0.00,0.00,0.00
2014-10-03,75.51,75.57,75.43,75.43,800,0.00,0.00,0.00
2014-10-06,75.81,75.82,75.34,75.35,2000,0.00,0.00,0.00
2014-10-07,74.98,74.98,74.36,74.36,1700,0.00,0.00,0.00
2014-10-08,74.25,74.25,74.04,74.12,2100,0.00,0.00,0.00
2014-10-09,75.34,75.35,73.87,73.88,3800,0.00,0.00,0.00
2014-10-10,73.68,73.78,73.40,73.74,3500,0.00,0.00,0.00
2014-10-13,72.97,73.03,72.29,72.29,8900,0.00,0.00,0.00
2014-10-14,72.31,72.77,72.04,72.45,1400,0.00,0.00,0.00
2014-10-15,71.35,71.74,70.13,71.74,7900,0.00,0.00,0.00
2014-10-16,70.59,72.14,70.59,71.79,3300,0.00,0.00,0.00
2014-10-17,72.82,72.90,72.33,72.60,4200,0.00,0.00,0.00
2014-10-20,72.70,73.29,72.70,73.29,4000,0.00,0.00,0.00
2014-10-21,73.87,74.74,73.87,74.67,4400,0.00,0.00,0.00
2014-10-22,74.98,75.03,74.79,74.79,3400,0.00,0.00,0.00
2014-10-23,74.89,75.28,74.89,75.28,900,0.00,0.00,0.00
2014-10-24,75.23,75.47,74.86,75.41,1800,0.00,0.00,0.00
2014-10-27,75.67,75.67,75.29,75.47,7000,0.00,0.00,0.00
2014-10-28,75.84,76.39,75.84,76.39,5700,0.00,0.00,0.00
2014-10-29,76.53,76.53,75.97,76.31,3200,0.00,0.00,0.00
2014-10-30,76.24,76.79,76.24,76.78,2600,0.00,0.00,0.00
2014-10-31,77.60,77.63,77.38,77.58,1900,0.00,0.00,0.00
2014-11-03,77.98,77.98,77.67,77.67,3200,0.00,0.00,0.00
2014-11-04,77.54,77.62,77.11,77.41,3600,0.00,0.00,0.00
2014-11-05,78.09,78.09,77.62,77.81,2600,0.00,0.00,0.00
2014-11-06,77.96,78.10,77.70,78.10,6800,0.00,0.00,0.00
2014-11-07,78.19,78.31,78.06,78.31,8700,0.00,0.00,0.00
2014-11-10,78.43,78.48,78.22,78.41,6300,0.00,0.00,0.00
2014-11-11,78.41,78.57,78.41,78.57,1500,0.00,0.00,0.00
2014-11-12,78.35,78.64,78.35,78.64,3900,0.00,0.00,0.00
2014-11-13,78.69,78.69,78.36,78.47,11300,0.00,0.00,0.00
2014-11-14,78.57,78.57,78.51,78.54,2800,0.00,0.00,0.00
2014-11-17,78.48,78.53,78.38,78.41,1400,0.00,0.00,0.00
2014-11-18,78.65,79.14,78.65,79.13,7200,0.00,0.00,0.00
2014-11-19,78.97,78.97,78.65,78.83,2300,0.00,0.00,0.00
2014-11-20,78.57,79.07,78.57,78.95,8300,0.00,0.00,0.00
2014-11-21,79.73,79.73,79.33,79.43,4900,0.00,0.00,0.00
2014-11-24,79.66,79.79,79.63,79.78,3100,0.00,0.00,0.00
2014-11-25,79.79,79.79,79.63,79.75,700,0.00,0.00,0.00
2014-11-26,79.80,79.88,79.80,79.87,7000,0.00,0.00,0.00
2014-11-28,79.93,79.99,79.63,79.63,2400,0.00,0.00,0.00
2014-12-01,82.71,82.71,78.92,79.04,12200,0.00,0.00,0.00
2014-12-02,79.05,79.44,79.05,79.44,3500,0.00,0.00,0.00
2014-12-03,79.63,79.97,79.52,79.92,5800,0.00,0.00,0.00
2014-12-04,79.87,79.87,79.71,79.71,1000,0.00,0.00,0.00
2014-12-05,79.95,80.06,79.94,79.96,4300,0.00,0.00,0.00
2014-12-08,79.94,79.95,79.14,79.30,3400,0.00,0.00,0.00
2014-12-09,78.75,79.23,78.59,79.23,6600,0.00,0.00,0.00
2014-12-10,79.41,79.41,78.21,78.21,9300,0.00,0.00,0.00
2014-12-11,78.43,78.94,78.43,78.77,4800,0.00,0.00,0.00
2014-12-12,78.16,78.16,77.29,77.29,6700,0.00,0.00,0.00
2014-12-15,77.80,77.80,76.45,76.87,12000,0.00,0.00,0.00
2014-12-16,76.67,77.52,76.53,77.16,2700,0.00,0.00,0.00
2014-12-17,76.66,77.58,76.46,77.58,4700,0.00,0.00,0.00
2014-12-18,78.52,78.82,78.24,78.82,8400,0.00,0.00,0.00
2014-12-19,79.46,79.67,79.12,79.57,6400,0.00,0.00,0.00
2014-12-22,79.66,79.68,79.42,79.68,5400,0.00,0.00,0.00
2014-12-23,80.11,80.11,79.92,79.97,3400,0.00,0.00,0.00
2014-12-24,80.10,80.14,79.96,80.08,3700,0.00,0.00,0.00
2014-12-26,80.14,80.36,80.12,80.33,5900,0.00,0.00,0.00
2014-12-29,80.29,80.43,80.23,80.38,10500,0.00,0.00,0.00
2014-12-30,80.09,80.12,79.96,80.02,2500,0.00,0.00,0.00
2014-12-31,80.09,80.09,79.49,79.49,1900,0.00,0.00,0.00
2015-01-02,79.60,79.60,78.68,78.70,1800,0.00,0.00,0.00
2015-01-05,78.81,79.01,77.70,77.75,19300,0.00,0.00,0.00
2015-01-06,77.94,77.94,76.69,76.98,9000,0.00,0.00,0.00
2015-01-07,77.74,77.90,77.54,77.86,6400,0.00,0.00,0.00
2015-01-08,78.38,79.25,78.38,79.13,5500,0.00,0.00,0.00
2015-01-09,78.98,78.98,78.62,78.77,5300,0.00,0.00,0.00
2015-01-12,78.80,78.80,77.93,78.06,2000,0.00,0.00,0.00
2015-01-13,78.66,79.09,77.53,77.77,10200,0.00,0.00,0.00
2015-01-14,77.10,77.49,76.89,77.49,7500,0.00,0.00,0.00
2015-01-15,77.78,77.85,76.81,76.87,7100,0.00,0.00,0.00
2015-01-16,76.64,77.38,76.57,77.32,3500,0.00,0.00,0.00
2015-01-20,78.03,78.03,77.29,77.79,52200,0.00,0.00,0.00
2015-01-21,77.50,78.35,77.50,78.16,3100,0.00,0.00,0.00
2015-01-22,78.68,79.35,78.67,79.35,2400,0.00,0.00,0.00
2015-01-23,79.22,79.25,79.11,79.11,2000,0.00,0.00,0.00
2015-01-26,78.97,79.21,78.78,79.14,3800,0.00,0.00,0.00
2015-01-27,78.57,78.70,78.20,78.41,4100,0.00,0.00,0.00
2015-01-28,79.02,79.02,77.38,77.38,10500,0.00,0.00,0.00
2015-01-29,77.33,77.59,76.90,77.59,3200,0.00,0.00,0.00
2015-01-30,77.28,77.71,77.24,77.24,1600,0.00,0.00,0.00
2015-02-02,77.12,77.34,76.77,77.05,4000,0.00,0.00,0.00
2015-02-03,78.22,79.07,78.22,79.07,12000,0.00,0.00,0.00
2015-02-04,78.77,79.17,78.70,78.70,9000,0.00,0.00,0.00
2015-02-05,78.90,79.44,78.90,79.44,9700,0.00,0.00,0.00
2015-02-06,79.80,79.99,79.28,79.28,2200,0.00,0.00,0.00
2015-02-09,78.97,79.32,78.90,78.90,2500,0.00,0.00,0.00
2015-02-10,79.09,79.87,79.09,79.87,1700,0.00,0.00,0.00
2015-02-11,79.79,79.94,79.53,79.77,1300,0.00,0.00,0.00
2015-02-12,80.29,80.46,80.28,80.46,1800,0.00,0.00,0.00
2015-02-13,80.75,80.96,80.71,80.96,1600,0.00,0.00,0.00
2015-02-17,81.05,81.15,80.72,81.05,6600,0.00,0.00,0.00
2015-02-18,80.93,81.09,80.93,81.07,7600,0.00,0.00,0.00
2015-02-19,81.08,81.17,80.86,81.07,4100,0.00,0.00,0.00
2015-02-20,80.90,81.44,80.63,81.42,2700,0.00,0.00,0.00
2015-02-23,81.54,81.61,81.32,81.61,11200,0.00,0.00,0.00
2015-02-24,81.52,81.82,81.52,81.82,5300,0.00,0.00,0.00
2015-02-25,81.65,81.94,81.65,81.79,1600,0.00,0.00,0.00
2015-02-26,81.63,81.80,81.49,81.61,8300,0.00,0.00,0.00
2015-02-27,81.60,81.69,81.40,81.40,2800,0.00,0.00,0.00
2015-03-02,81.48,81.79,81.48,81.79,2700,0.00,0.00,0.00
2015-03-03,81.78,81.78,81.31,81.54,8000,0.00,0.00,0.00
2015-03-04,81.00,81.26,80.98,81.21,1200,0.00,0.00,0.00
2015-03-05,81.47,81.47,81.29,81.35,2700,0.00,0.00,0.00
2015-03-06,81.10,81.13,80.21,80.21,4400,0.00,0.00,0.00
2015-03-09,80.46,80.69,80.41,80.62,5700,0.00,0.00,0.00
2015-03-10,80.09,80.09,79.28,79.28,1200,0.00,0.00,0.00
2015-03-11,79.48,79.48,79.22,79.36,4000,0.00,0.00,0.00
2015-03-12,79.71,80.04,79.71,80.04,1500,0.00,0.00,0.00
2015-03-13,80.31,80.31,79.38,79.69,3100,0.00,0.00,0.00
2015-03-16,80.08,80.65,80.08,80.65,1500,0.00,0.00,0.00
2015-03-17,80.65,80.72,80.65,80.72,1900,0.00,0.00,0.00
2015-03-18,80.65,81.72,80.50,81.52,3300,0.00,0.00,0.00
2015-03-19,81.43,81.43,81.16,81.30,1900,0.00,0.00,0.00
2015-03-20,81.89,82.19,81.89,82.14,8900,0.00,0.00,0.00
2015-03-23,82.14,82.23,81.94,81.94,7500,0.34,0.00,0.00
2015-03-24,81.75,81.97,81.49,81.49,4500,0.00,0.00,0.00
2015-03-25,81.66,81.66,80.27,80.27,3800,0.00,0.00,0.00
2015-03-26,79.77,80.34,79.65,79.98,5900,0.00,0.00,0.00
2015-03-27,80.07,80.24,80.02,80.24,8900,0.00,0.00,0.00
2015-03-30,80.62,81.29,80.62,81.29,1900,0.00,0.00,0.00
2015-03-31,81.03,81.03,80.65,80.69,1900,0.00,0.00,0.00
2015-04-01,80.88,80.88,80.07,80.07,9800,0.00,0.00,0.00
2015-04-02,80.31,80.69,80.24,80.68,7800,0.00,0.00,0.00
2015-04-06,80.26,81.30,80.26,81.06,5500,0.00,0.00,0.00
2015-04-07,81.28,81.35,81.04,81.04,14800,0.00,0.00,0.00
2015-04-08,80.87,81.24,80.78,81.10,2300,0.00,0.00,0.00
2015-04-09,81.19,81.25,80.98,81.24,1000,0.00,0.00,0.00
2015-04-10,81.62,81.92,81.62,81.89,25100,0.00,0.00,0.00
2015-04-13,81.96,82.09,81.56,81.60,5600,0.00,0.00,0.00
2015-04-14,81.56,81.78,81.33,81.69,9200,0.00,0.00,0.00
2015-04-15,82.02,82.32,81.96,82.13,8600,0.00,0.00,0.00
2015-04-16,82.01,82.24,81.87,82.16,3500,0.00,0.00,0.00
2015-04-17,82.03,82.03,80.83,81.06,2300,0.00,0.00,0.00
2015-04-20,81.56,81.92,81.56,81.71,2600,0.00,0.00,0.00
2015-04-21,81.96,81.96,81.63,81.64,3400,0.00,0.00,0.00
2015-04-22,81.71,82.09,81.52,82.09,1500,0.00,0.00,0.00
2015-04-23,81.99,82.50,81.97,82.47,1800,0.00,0.00,0.00
2015-04-24,82.57,82.57,82.27,82.40,35500,0.00,0.00,0.00
2015-04-27,82.81,82.81,82.02,82.02,3900,0.00,0.00,0.00
2015-04-28,82.13,82.24,81.71,82.23,5700,0.00,0.00,0.00
2015-04-29,81.93,82.07,81.61,81.87,42300,0.00,0.00,0.00
2015-04-30,81.76,81.76,80.70,80.90,8500,0.00,0.00,0.00
2015-05-01,81.31,81.72,81.31,81.71,4000,0.00,0.00,0.00
2015-05-04,81.81,82.33,81.81,82.14,8900,0.00,0.00,0.00
2015-05-05,82.18,82.18,81.12,81.14,4400,0.00,0.00,0.00
2015-05-06,81.41,81.41,80.49,80.57,3100,0.00,0.00,0.00
2015-05-07,80.53,81.27,80.53,81.25,7500,0.00,0.00,0.00
2015-05-08,81.95,82.31,81.95,82.22,5900,0.00,0.00,0.00
2015-05-11,82.30,82.30,81.92,81.92,4200,0.00,0.00,0.00
2015-05-12,81.58,81.71,81.08,81.66,8800,0.00,0.00,0.00
2015-05-13,82.01,82.01,81.63,81.68,2800,0.00,0.00,0.00
2015-05-14,82.07,82.44,81.96,82.41,7700,0.00,0.00,0.00
2015-05-15,82.75,82.75,82.33,82.49,32100,0.00,0.00,0.00
2015-05-18,82.60,82.91,82.51,82.91,6900,0.00,0.00,0.00
2015-05-19,82.81,83.02,82.67,82.77,25000,0.00,0.00,0.00
2015-05-20,82.96,83.11,82.68,82.80,10500,0.00,0.00,0.00
2015-05-21,82.75,83.07,82.72,82.93,9700,0.00,0.00,0.00
2015-05-22,82.75,82.93,82.74,82.77,11700,0.00,0.00,0.00
2015-05-26,82.72,82.72,81.77,81.92,4200,0.00,0.00,0.00
2015-05-27,82.17,82.74,81.97,82.70,4600,0.00,0.00,0.00
2015-05-28,82.60,82.63,82.28,82.54,14500,0.00,0.00,0.00
2015-05-29,82.64,82.64,81.99,82.15,18300,0.00,0.00,0.00
2015-06-01,82.54,82.54,81.91,82.24,19100,0.00,0.00,0.00
2015-06-02,81.81,82.52,81.81,82.20,4300,0.00,0.00,0.00
2015-06-03,82.55,82.72,82.32,82.46,5700,0.00,0.00,0.00
2015-06-04,82.35,82.35,81.64,81.75,4100,0.00,0.00,0.00
2015-06-05,81.72,81.83,81.33,81.80,1800,0.00,0.00,0.00
2015-06-08,81.80,81.80,81.30,81.30,2700,0.00,0.00,0.00
2015-06-09,81.30,81.44,80.93,81.10,4300,0.00,0.00,0.00
2015-06-10,81.55,82.29,81.55,82.18,2200,0.00,0.00,0.00
2015-06-11,82.44,82.50,82.31,82.33,5000,0.00,0.00,0.00
2015-06-12,82.15,82.15,81.74,81.84,2600,0.00,0.00,0.00
2015-06-15,81.44,81.44,81.09,81.35,900,0.00,0.00,0.00
2015-06-16,81.53,81.98,81.43,81.85,2100,0.00,0.00,0.00
2015-06-17,82.10,82.22,81.90,82.11,4600,0.00,0.00,0.00
2015-06-18,82.70,82.91,82.70,82.86,1900,0.00,0.00,0.00
2015-06-19,82.79,82.88,82.61,82.79,8000,0.00,0.00,0.00
2015-06-22,83.16,83.24,82.90,82.98,2600,0.43,0.00,0.00
2015-06-23,83.22,83.22,82.94,83.06,8500,0.00,0.00,0.00
2015-06-24,83.17,83.17,82.44,82.48,35700,0.00,0.00,0.00
2015-06-25,82.79,82.79,82.15,82.19,4300,0.00,0.00,0.00
2015-06-26,82.58,82.58,82.09,82.09,3700,0.00,0.00,0.00
2015-06-29,81.21,81.65,80.34,80.34,13400,0.00,0.00,0.00
2015-06-30,81.32,81.32,80.43,80.62,5600,0.00,0.00,0.00
2015-07-01,81.47,81.47,80.84,81.03,138500,0.00,0.00,0.00
2015-07-02,81.47,81.47,80.87,80.87,2600,0.00,0.00,0.00
2015-07-06,80.57,80.97,80.39,80.77,16500,0.00,0.00,0.00
2015-07-07,80.82,81.30,79.96,81.30,7300,0.00,0.00,0.00
2015-07-08,80.77,80.77,79.87,79.87,7700,0.00,0.00,0.00
2015-07-09,81.05,81.05,80.18,80.18,6600,0.00,0.00,0.00
2015-07-10,81.28,81.28,80.80,81.18,2400,0.00,0.00,0.00
2015-07-13,81.88,82.04,81.72,82.04,6400,0.00,0.00,0.00
2015-07-14,82.09,82.49,82.09,82.36,3900,0.00,0.00,0.00
2015-07-15,82.52,82.52,82.10,82.15,5000,0.00,0.00,0.00
2015-07-16,82.75,82.79,82.75,82.75,1200,0.00,0.00,0.00
2015-07-17,82.98,82.98,82.61,82.85,9900,0.00,0.00,0.00
2015-07-20,83.04,83.04,82.80,82.81,2500,0.00,0.00,0.00
2015-07-21,82.83,82.84,82.38,82.55,5000,0.00,0.00,0.00
2015-07-22,82.04,82.49,82.04,82.34,7000,0.00,0.00,0.00
2015-07-23,82.57,82.57,82.00,82.04,2400,0.00,0.00,0.00
2015-07-24,82.09,82.09,80.91,81.02,4700,0.00,0.00,0.00
2015-07-27,80.89,80.89,80.33,80.41,9700,0.00,0.00,0.00
2015-07-28,80.79,81.46,80.52,81.46,4400,0.00,0.00,0.00
2015-07-29,81.59,82.10,81.47,82.08,12600,0.00,0.00,0.00
2015-07-30,81.93,82.12,81.56,82.12,7000,0.00,0.00,0.00
2015-07-31,82.17,82.38,82.04,82.04,3300,0.00,0.00,0.00
2015-08-03,81.93,81.93,81.41,81.41,8300,0.00,0.00,0.00
2015-08-04,81.77,81.77,81.67,81.67,500,0.00,0.00,0.00
2015-08-05,82.10,82.31,81.82,81.82,2300,0.00,0.00,0.00
2015-08-06,81.47,81.56,80.85,81.17,3700,0.00,0.00,0.00
2015-08-07,80.64,80.92,80.57,80.87,1700,0.00,0.00,0.00
2015-08-10,81.61,81.95,81.61,81.91,4100,0.00,0.00,0.00
2015-08-11,81.23,81.25,81.08,81.11,7400,0.00,0.00,0.00
2015-08-12,80.68,81.21,80.00,81.21,5900,0.00,0.00,0.00
2015-08-13,81.32,81.40,81.32,81.35,1500,0.00,0.00,0.00
2015-08-14,81.04,81.24,81.04,81.22,1200,0.00,0.00,0.00
2015-08-17,81.32,81.75,81.05,81.75,1900,0.00,0.00,0.00
2015-08-18,81.81,81.81,81.75,81.75,800,0.00,0.00,0.00
2015-08-19,81.20,81.20,80.71,81.15,1000,0.00,0.00,0.00
2015-08-20,80.55,80.55,79.57,79.59,5800,0.00,0.00,0.00
2015-08-21,78.40,78.60,77.10,77.35,11800,0.00,0.00,0.00
2015-08-24,74.42,75.09,72.43,74.29,29500,0.00,0.00,0.00
2015-08-25,76.59,76.61,73.41,73.41,33700,0.00,0.00,0.00
2015-08-26,75.03,75.03,73.64,74.76,16200,0.00,0.00,0.00
2015-08-27,76.80,77.53,76.41,77.20,8300,0.00,0.00,0.00
2015-08-28,77.35,77.68,77.23,77.51,4900,0.00,0.00,0.00
2015-08-31,77.36,77.59,76.99,77.03,93200,0.00,0.00,0.00
2015-09-01,75.58,75.81,74.38,74.73,19900,0.00,0.00,0.00
2015-09-02,75.91,75.91,75.04,75.77,4300,0.00,0.00,0.00
2015-09-03,76.87,76.88,76.18,76.18,1600,0.00,0.00,0.00
2015-09-04,75.55,75.55,74.95,75.21,12600,0.00,0.00,0.00
2015-09-08,76.54,76.94,76.36,76.94,800,0.00,0.00,0.00
2015-09-09,77.71,77.71,76.53,76.58,6500,0.00,0.00,0.00
2015-09-10,75.99,76.82,75.99,76.22,15400,0.00,0.00,0.00
2015-09-11,76.28,76.50,75.91,76.50,4400,0.00,0.00,0.00
2015-09-14,76.45,76.45,76.39,76.39,1000,0.00,0.00,0.00
2015-09-15,76.78,77.46,76.53,77.46,2700,0.00,0.00,0.00
2015-09-16,77.51,77.98,77.45,77.98,7100,0.00,0.00,0.00
2015-09-17,78.05,78.85,77.96,78.34,3300,0.00,0.00,0.00
2015-09-18,77.14,77.38,76.66,76.66,3000,0.00,0.00,0.00
2015-09-21,76.96,77.29,76.83,76.89,3800,0.39,0.00,0.00
2015-09-22,75.96,76.00,75.50,76.00,6600,0.00,0.00,0.00
2015-09-23,76.12,76.16,75.64,75.82,1800,0.00,0.00,0.00
2015-09-24,75.18,75.37,74.62,75.37,6900,0.00,0.00,0.00
2015-09-25,76.40,76.40,75.30,75.46,4100,0.00,0.00,0.00
2015-09-28,75.07,75.07,73.56,73.56,5000,0.00,0.00,0.00
2015-09-29,73.31,73.86,73.20,73.20,5600,0.00,0.00,0.00
2015-09-30,74.59,74.64,74.06,74.59,9500,0.00,0.00,0.00
2015-10-01,74.62,74.86,74.23,74.86,5500,0.00,0.00,0.00
2015-10-02,73.99,75.87,73.82,75.87,51100,0.00,0.00,0.00
2015-10-05,76.83,77.44,76.83,77.44,2300,0.00,0.00,0.00
2015-10-06,77.38,77.38,76.98,77.11,3600,0.00,0.00,0.00
2015-10-07,77.78,77.78,77.23,77.63,6000,0.00,0.00,0.00
2015-10-08,77.89,77.89,77.71,77.71,900,0.00,0.00,0.00
2015-10-09,78.59,78.65,78.51,78.51,2000,0.00,0.00,0.00
2015-10-12,78.67,78.67,78.49,78.60,11800,0.00,0.00,0.00
2015-10-13,78.65,78.82,78.21,78.21,1700,0.00,0.00,0.00
2015-10-14,77.63,77.63,77.63,77.63,600,0.00,0.00,0.00
2015-10-15,77.89,78.81,77.88,78.81,9500,0.00,0.00,0.00
2015-10-16,78.96,78.96,78.85,78.85,1400,0.00,0.00,0.00
2015-10-19,78.78,79.13,78.78,78.92,1000,0.00,0.00,0.00
2015-10-20,78.94,79.42,78.94,79.02,8100,0.00,0.00,0.00
2015-10-21,79.01,79.12,78.75,78.89,6900,0.00,0.00,0.00
2015-10-22,79.36,79.74,79.36,79.57,1100,0.00,0.00,0.00
2015-10-23,80.31,80.67,80.03,80.46,5600,0.00,0.00,0.00
2015-10-26,80.45,80.46,80.26,80.29,114200,0.00,0.00,0.00
2015-10-27,80.19,80.19,79.90,80.09,1900,0.00,0.00,0.00
2015-10-28,80.20,80.92,80.11,80.92,9000,0.00,0.00,0.00
2015-10-29,80.80,81.05,80.80,80.96,2100,0.00,0.00,0.00
2015-10-30,80.96,80.96,80.84,80.93,1900,0.00,0.00,0.00
2015-11-02,80.58,81.24,80.58,81.18,8600,0.00,0.00,0.00
2015-11-03,81.58,82.16,81.49,81.93,9400,0.00,0.00,0.00
2015-11-04,81.71,81.80,81.54,81.64,7000,0.00,0.00,0.00
2015-11-05,81.79,81.80,81.48,81.48,2400,0.00,0.00,0.00
2015-11-06,81.60,81.60,81.19,81.49,3900,0.00,0.00,0.00
2015-11-09,81.45,81.45,80.59,80.71,2800,0.00,0.00,0.00
2015-11-10,80.71,80.71,80.71,80.71,0,0.00,0.00,0.00
2015-11-11,81.18,81.18,80.73,80.73,6500,0.00,0.00,0.00
2015-11-12,80.06,80.24,79.98,79.98,3400,0.00,0.00,0.00
2015-11-13,79.39,79.39,78.65,78.73,2800,0.00,0.00,0.00
2015-11-16,78.54,79.68,78.54,79.68,28000,0.00,0.00,0.00
2015-11-17,80.01,80.22,79.78,80.22,2600,0.00,0.00,0.00
2015-11-18,80.05,80.45,80.04,80.45,76100,0.00,0.00,0.00
2015-11-19,80.87,80.89,80.76,80.80,3900,0.00,0.00,0.00
2015-11-20,81.18,81.33,81.06,81.08,31800,0.00,0.00,0.00
2015-11-23,81.15,81.42,80.91,81.11,3600,0.00,0.00,0.00
2015-11-24,80.67,81.34,80.67,81.34,2900,0.00,0.00,0.00
2015-11-25,81.27,81.56,81.26,81.33,32500,0.00,0.00,0.00
2015-11-27,81.30,81.51,81.16,81.51,700,0.00,0.00,0.00
2015-11-30,81.56,81.56,81.06,81.20,3200,0.00,0.00,0.00
2015-12-01,81.74,81.79,81.36,81.79,700,0.00,0.00,0.00
2015-12-02,81.86,81.92,81.02,81.02,1000,0.00,0.00,0.00
2015-12-03,81.22,81.22,79.69,79.78,4100,0.00,0.00,0.00
2015-12-04,79.94,81.27,79.94,81.27,3500,0.00,0.00,0.00
2015-12-07,81.11,81.11,80.41,80.53,15500,0.00,0.00,0.00
2015-12-08,79.93,80.45,79.79,80.18,5400,0.00,0.00,0.00
2015-12-09,79.99,80.52,79.23,79.47,10000,0.00,0.00,0.00
2015-12-10,79.47,80.26,79.47,79.62,5000,0.00,0.00,0.00
2015-12-11,78.95,78.95,78.14,78.14,16400,0.00,0.00,0.00
2015-12-14,78.13,78.42,77.62,78.41,7800,0.00,0.00,0.00
2015-12-15,78.93,79.55,78.93,79.25,13300,0.00,0.00,0.00
2015-12-16,79.73,80.51,79.43,80.51,3500,0.00,0.00,0.00
2015-12-17,80.62,80.62,79.59,79.67,2900,0.00,0.00,0.00
2015-12-18,78.63,78.63,78.13,78.13,4400,0.00,0.00,0.00
2015-12-21,78.51,78.51,77.99,78.16,1800,0.56,0.00,0.00
2015-12-22,79.07,79.34,78.47,79.18,7000,0.00,0.00,0.00
2015-12-23,79.75,80.23,79.75,80.13,3700,0.00,0.00,0.00
2015-12-24,80.12,80.25,80.09,80.23,3500,0.00,0.00,0.00
2015-12-28,80.23,80.23,79.55,79.83,21600,0.00,0.00,0.00
2015-12-29,80.65,80.79,80.50,80.79,7900,0.00,0.00,0.00
2015-12-30,80.75,80.75,80.21,80.21,2600,0.00,0.00,0.00
2015-12-31,79.74,80.12,79.59,79.64,9800,0.00,0.00,0.00
2016-01-04,78.38,78.38,77.44,78.16,37300,0.00,0.00,0.00
2016-01-05,78.31,78.40,78.20,78.32,5400,0.00,0.00,0.00
2016-01-06,77.49,77.94,77.06,77.25,14500,0.00,0.00,0.00
2016-01-07,76.13,76.45,75.38,75.40,3800,0.00,0.00,0.00
2016-01-08,75.96,75.98,74.50,74.50,6700,0.00,0.00,0.00
2016-01-11,75.08,75.08,73.65,74.41,26300,0.00,0.00,0.00
2016-01-12,75.31,75.31,74.11,75.02,98400,0.00,0.00,0.00
2016-01-13,75.32,75.32,73.00,73.04,8100,0.00,0.00,0.00
2016-01-14,73.49,74.57,73.31,74.45,8100,0.00,0.00,0.00
2016-01-15,72.92,72.92,71.99,72.67,37100,0.00,0.00,0.00
2016-01-19,73.21,73.34,72.11,72.54,13200,0.00,0.00,0.00
2016-01-20,71.50,72.59,70.02,72.01,5900,0.00,0.00,0.00
2016-01-21,71.91,73.03,71.74,72.43,8700,0.00,0.00,0.00
2016-01-22,73.37,73.73,73.35,73.73,15000,0.00,0.00,0.00
2016-01-25,73.61,73.61,72.46,72.53,7000,0.00,0.00,0.00
2016-01-26,72.76,73.73,72.76,73.54,6300,0.00,0.00,0.00
2016-01-27,73.75,73.75,72.51,72.51,17600,0.00,0.00,0.00
2016-01-28,73.13,73.16,72.59,73.14,2500,0.00,0.00,0.00
2016-01-29,73.60,74.80,73.60,74.62,5500,0.00,0.00,0.00
2016-02-01,74.53,75.14,74.24,74.83,5700,0.00,0.00,0.00
2016-02-02,73.85,73.85,73.35,73.61,1600,0.00,0.00,0.00
2016-02-03,73.70,73.89,72.71,73.85,2300,0.00,0.00,0.00
2016-02-04,73.76,74.41,73.67,73.75,1800,0.00,0.00,0.00
2016-02-05,73.03,73.03,72.41,72.48,1700,0.00,0.00,0.00
2016-02-08,71.89,71.89,70.63,71.10,7300,0.00,0.00,0.00
2016-02-09,70.84,71.84,70.70,71.47,25600,0.00,0.00,0.00
2016-02-10,72.29,72.29,71.22,71.43,13700,0.00,0.00,0.00
2016-02-11,70.37,70.74,69.77,70.52,5100,0.00,0.00,0.00
2016-02-12,71.31,71.89,70.97,71.89,2600,0.00,0.00,0.00
2016-02-16,72.84,73.17,72.45,73.08,3000,0.00,0.00,0.00
2016-02-17,73.77,74.51,73.77,74.45,4200,0.00,0.00,0.00
2016-02-18,74.62,74.62,74.02,74.02,102200,0.00,0.00,0.00
2016-02-19,73.69,74.05,73.69,73.94,6300,0.00,0.00,0.00
2016-02-22,74.88,75.15,74.88,75.14,8500,0.00,0.00,0.00
2016-02-23,74.73,74.73,74.27,74.32,3900,0.00,0.00,0.00
2016-02-24,73.22,74.65,73.19,74.65,2800,0.00,0.00,0.00
2016-02-25,74.91,75.44,74.73,75.44,3300,0.00,0.00,0.00
2016-02-26,76.02,76.02,75.44,75.44,1500,0.00,0.00,0.00
2016-02-29,75.60,75.82,75.42,75.82,2200,0.00,0.00,0.00
2016-03-01,75.57,76.58,75.33,76.58,1700,0.00,0.00,0.00
2016-03-02,76.58,77.12,76.42,77.12,9800,0.00,0.00,0.00
2016-03-03,76.90,77.19,76.90,77.19,800,0.00,0.00,0.00
2016-03-04,77.76,78.01,77.76,77.83,12100,0.00,0.00,0.00
2016-03-07,77.28,78.06,77.28,77.70,2600,0.00,0.00,0.00
2016-03-08,77.43,77.49,77.02,77.02,1600,0.00,0.00,0.00
2016-03-09,77.09,77.34,77.05,77.26,90200,0.00,0.00,0.00
2016-03-10,77.40,77.40,76.58,77.13,1300,0.00,0.00,0.00
2016-03-11,78.17,78.56,78.16,78.51,4300,0.00,0.00,0.00
2016-03-14,78.19,78.56,78.19,78.51,2000,0.00,0.00,0.00
2016-03-15,77.92,78.25,77.92,78.22,149800,0.00,0.00,0.00
2016-03-16,78.06,78.77,78.06,78.74,8900,0.00,0.00,0.00
2016-03-17,78.90,79.47,78.90,79.46,1600,0.00,0.00,0.00
2016-03-18,79.61,79.78,79.56,79.70,4200,0.00,0.00,0.00
2016-03-21,79.56,79.63,79.55,79.61,4500,0.40,0.00,0.00
2016-03-22,79.30,79.93,79.30,79.69,8000,0.00,0.00,0.00
2016-03-23,79.45,79.45,79.07,79.09,48300,0.00,0.00,0.00
2016-03-24,78.69,79.04,78.62,79.04,5600,0.00,0.00,0.00
2016-03-28,79.32,79.32,78.96,79.13,4400,0.00,0.00,0.00
2016-03-29,78.85,80.03,78.85,80.03,7900,0.00,0.00,0.00
2016-03-30,80.32,80.66,80.18,80.34,17000,0.00,0.00,0.00
2016-03-31,80.33,80.57,80.18,80.25,86400,0.00,0.00,0.00
2016-04-01,79.97,80.78,79.61,80.75,8500,0.00,0.00,0.00
2016-04-04,80.75,80.77,80.32,80.32,8200,0.00,0.00,0.00
2016-04-05,79.50,79.93,79.50,79.63,23800,0.00,0.00,0.00
2016-04-06,79.82,80.41,79.50,80.41,9200,0.00,0.00,0.00
2016-04-07,80.07,80.08,79.17,79.53,8000,0.00,0.00,0.00
2016-04-08,80.09,80.09,79.51,79.61,1000,0.00,0.00,0.00
2016-04-11,79.94,80.20,79.47,79.60,20400,0.00,0.00,0.00
2016-04-12,79.49,80.27,79.38,80.20,3800,0.00,0.00,0.00
2016-04-13,80.55,80.97,80.55,80.96,2700,0.00,0.00,0.00
2016-04-14,81.17,81.25,80.99,81.15,5400,0.00,0.00,0.00
2016-04-15,81.01,81.12,81.01,81.05,3400,0.00,0.00,0.00
2016-04-18,80.73,81.48,80.73,81.48,1200,0.00,0.00,0.00
2016-04-19,81.86,82.00,81.56,81.81,11500,0.00,0.00,0.00
2016-04-20,81.70,82.20,81.63,81.93,21000,0.00,0.00,0.00
2016-04-21,82.05,82.05,81.40,81.40,2500,0.00,0.00,0.00
2016-04-22,81.29,81.51,81.29,81.30,1700,0.00,0.00,0.00
2016-04-25,81.33,81.33,81.13,81.13,1100,0.00,0.00,0.00
2016-04-26,81.64,81.66,81.48,81.61,30100,0.00,0.00,0.00
2016-04-27,81.62,81.86,81.33,81.86,13400,0.00,0.00,0.00
2016-04-28,81.59,81.83,81.59,81.67,900,0.00,0.00,0.00
2016-04-29,80.84,80.84,80.21,80.60,3800,0.00,0.00,0.00
2016-05-02,80.91,81.22,80.63,81.22,2600,0.00,0.00,0.00
2016-05-03,80.31,80.55,80.31,80.45,3700,0.00,0.00,0.00
2016-05-04,80.05,80.26,79.88,79.90,4500,0.00,0.00,0.00
2016-05-05,80.03,80.07,80.02,80.03,3100,0.00,0.00,0.00
2016-05-06,79.61,80.11,79.61,80.11,1000,0.00,0.00,0.00
2016-05-09,80.14,80.32,80.11,80.32,2800,0.00,0.00,0.00
2016-05-10,80.87,81.05,80.87,81.05,3200,0.00,0.00,0.00
2016-05-11,80.91,81.03,80.46,80.48,5600,0.00,0.00,0.00
2016-05-12,80.73,80.73,80.08,80.08,1000,0.00,0.00,0.00
2016-05-13,80.20,80.20,79.71,79.74,1500,0.00,0.00,0.00
2016-05-16,79.74,80.73,79.74,80.67,4400,0.00,0.00,0.00
2016-05-17,80.32,80.32,79.67,79.80,67000,0.00,0.00,0.00
2016-05-18,79.50,80.20,79.50,79.79,3100,0.00,0.00,0.00
2016-05-19,79.54,79.54,79.09,79.48,1700,0.00,0.00,0.00
2016-05-20,80.21,80.21,80.06,80.14,1000,0.00,0.00,0.00
2016-05-23,80.17,80.26,79.98,80.03,25400,0.00,0.00,0.00
2016-05-24,80.47,81.25,80.46,81.19,6600,0.00,0.00,0.00
2016-05-25,81.51,81.79,81.51,81.79,4500,0.00,0.00,0.00
2016-05-26,81.79,81.79,81.55,81.62,2700,0.00,0.00,0.00
2016-05-27,81.85,81.93,81.85,81.93,700,0.00,0.00,0.00
2016-05-31,82.20,82.20,81.78,81.99,76700,0.00,0.00,0.00
2016-06-01,81.76,82.17,81.76,82.17,2600,0.00,0.00,0.00
2016-06-02,82.04,82.08,81.93,82.08,3100,0.00,0.00,0.00
2016-06-03,82.21,82.30,81.75,82.23,1400,0.00,0.00,0.00
2016-06-06,82.38,82.76,82.38,82.73,3600,0.00,0.00,0.00
2016-06-07,82.93,83.02,82.91,82.91,900,0.00,0.00,0.00
2016-06-08,82.97,83.10,82.90,83.09,2700,0.00,0.00,0.00
2016-06-09,82.70,82.95,82.70,82.86,1600,0.00,0.00,0.00
2016-06-10,82.36,82.38,81.91,82.07,9100,0.00,0.00,0.00
2016-06-13,82.14,82.15,81.40,81.40,2100,0.00,0.00,0.00
2016-06-14,81.18,81.20,80.92,81.20,5500,0.00,0.00,0.00
2016-06-15,81.60,81.60,81.18,81.18,2000,0.00,0.00,0.00
2016-06-16,80.59,81.37,80.32,81.37,2100,0.00,0.00,0.00
2016-06-17,81.50,81.50,80.95,81.09,2700,0.00,0.00,0.00
2016-06-20,81.63,82.18,81.63,81.65,5600,0.00,0.00,0.00
2016-06-21,81.79,81.89,81.79,81.85,12000,0.41,0.00,0.00
2016-06-22,81.93,81.95,81.76,81.76,5700,0.00,0.00,0.00
2016-06-23,82.39,82.54,82.31,82.54,3900,0.00,0.00,0.00
2016-06-24,80.22,81.00,79.49,79.80,48600,0.00,0.00,0.00
2016-06-27,79.50,79.50,77.84,78.24,57300,0.00,0.00,0.00
2016-06-28,79.14,79.61,79.05,79.59,6000,0.00,0.00,0.00
2016-06-29,80.33,81.13,80.33,81.10,11100,0.00,0.00,0.00
2016-06-30,81.35,81.93,81.16,81.87,11000,0.00,0.00,0.00
2016-07-01,82.12,82.64,82.12,82.35,25200,0.00,0.00,0.00
2016-07-05,82.33,82.33,81.44,81.53,6000,0.00,0.00,0.00
2016-07-06,81.31,82.18,81.31,82.13,9500,0.00,0.00,0.00
2016-07-07,82.39,82.61,81.91,82.19,2800,0.00,0.00,0.00
2016-07-08,82.83,83.55,82.83,83.54,14500,0.00,0.00,0.00
2016-07-11,83.72,84.14,83.72,84.00,30000,0.00,0.00,0.00
2016-07-12,84.56,84.66,84.34,84.57,7600,0.00,0.00,0.00
2016-07-13,84.52,84.69,84.31,84.51,4000,0.00,0.00,0.00
2016-07-14,84.98,84.98,84.74,84.85,5000,0.00,0.00,0.00
2016-07-15,85.06,85.06,84.73,84.73,4200,0.00,0.00,0.00
2016-07-18,84.92,85.08,84.91,85.05,3900,0.00,0.00,0.00
2016-07-19,84.92,84.95,84.82,84.82,1900,0.00,0.00,0.00
2016-07-20,85.15,85.42,84.94,85.26,4600,0.00,0.00,0.00
2016-07-21,85.24,85.24,84.96,85.09,11700,0.00,0.00,0.00
2016-07-22,85.20,85.39,85.13,85.32,2200,0.00,0.00,0.00
2016-07-25,85.35,85.35,84.91,85.12,1100,0.00,0.00,0.00
2016-07-26,85.37,85.37,84.96,85.24,13700,0.00,0.00,0.00
2016-07-27,85.65,85.65,84.98,85.20,6000,0.00,0.00,0.00
2016-07-28,85.31,85.37,84.96,85.37,2400,0.00,0.00,0.00
2016-07-29,85.36,85.53,85.18,85.51,2300,0.00,0.00,0.00
2016-08-01,85.60,85.60,85.18,85.39,2900,0.00,0.00,0.00
2016-08-02,85.10,85.27,84.54,84.76,13500,0.00,0.00,0.00
2016-08-03,84.55,85.00,84.50,85.00,4600,0.00,0.00,0.00
2016-08-04,85.11,85.23,85.04,85.04,99600,0.00,0.00,0.00
2016-08-05,85.38,85.82,85.38,85.76,6400,0.00,0.00,0.00
2016-08-08,85.84,86.00,85.77,85.82,11300,0.00,0.00,0.00
2016-08-09,85.74,86.12,85.71,85.78,3700,0.00,0.00,0.00
2016-08-10,85.80,85.87,85.50,85.51,2900,0.00,0.00,0.00
2016-08-11,85.96,86.14,85.94,86.06,5100,0.00,0.00,0.00
2016-08-12,85.94,86.07,85.84,85.96,4500,0.00,0.00,0.00
2016-08-15,86.38,86.50,86.25,86.25,7200,0.00,0.00,0.00
2016-08-16,86.26,86.26,85.86,85.90,4000,0.00,0.00,0.00
2016-08-17,85.70,85.90,85.43,85.73,6200,0.00,0.00,0.00
2016-08-18,85.79,86.15,85.79,86.06,13700,0.00,0.00,0.00
2016-08-19,86.07,86.19,85.79,86.04,7300,0.00,0.00,0.00
2016-08-22,85.82,86.18,85.73,86.06,1900,0.00,0.00,0.00
2016-08-23,86.39,86.59,86.20,86.21,16600,0.00,0.00,0.00
2016-08-24,86.42,86.42,85.72,85.72,9700,0.00,0.00,0.00
2016-08-25,85.75,85.95,85.60,85.60,6100,0.00,0.00,0.00
2016-08-26,85.75,86.31,85.34,85.41,8300,0.00,0.00,0.00
2016-08-29,85.92,86.08,85.88,86.07,2100,0.00,0.00,0.00
2016-08-30,86.10,86.10,85.74,85.81,5100,0.00,0.00,0.00
2016-08-31,85.62,85.63,85.28,85.60,3800,0.00,0.00,0.00
2016-09-01,85.50,85.60,85.30,85.60,1200,0.00,0.00,0.00
2016-09-02,85.71,86.20,85.71,85.94,2600,0.00,0.00,0.00
2016-09-06,86.09,86.20,86.09,86.20,2600,0.00,0.00,0.00
2016-09-07,86.23,86.36,86.20,86.36,1400,0.00,0.00,0.00
2016-09-08,86.21,86.24,86.09,86.09,600,0.00,0.00,0.00
2016-09-09,85.25,85.25,84.39,84.45,7200,0.00,0.00,0.00
2016-09-12,84.22,85.29,84.22,85.25,3000,0.00,0.00,0.00
2016-09-13,84.51,84.51,83.84,83.98,5500,0.00,0.00,0.00
2016-09-14,84.27,84.27,83.84,83.84,2800,0.00,0.00,0.00
2016-09-15,83.67,84.77,83.67,84.77,2600,0.00,0.00,0.00
2016-09-16,84.68,84.68,84.19,84.20,9000,0.00,0.00,0.00
2016-09-19,84.69,85.11,84.64,84.67,2400,0.00,0.00,0.00
2016-09-20,84.82,84.82,84.60,84.74,5200,0.50,0.00,0.00
2016-09-21,84.83,85.12,84.49,85.12,1700,0.00,0.00,0.00
2016-09-22,86.07,86.18,85.96,86.12,2700,0.00,0.00,0.00
2016-09-23,86.12,86.12,85.69,85.70,3000,0.00,0.00,0.00
2016-09-26,85.39,85.39,85.06,85.06,4900,0.00,0.00,0.00
2016-09-27,85.15,85.47,85.06,85.47,1700,0.00,0.00,0.00
2016-09-28,85.58,85.81,85.46,85.72,2100,0.00,0.00,0.00
2016-09-29,85.84,85.89,85.68,85.72,2200,0.00,0.00,0.00
2016-09-30,85.42,85.92,85.25,85.75,11200,0.00,0.00,0.00
2016-10-03,85.49,85.56,85.27,85.55,32400,0.00,0.00,0.00
2016-10-04,85.61,85.61,84.86,85.09,22800,0.00,0.00,0.00
2016-10-05,85.57,85.65,85.55,85.61,9000,0.00,0.00,0.00
2016-10-06,85.20,85.51,85.20,85.51,500,0.00,0.00,0.00
2016-10-07,85.44,85.44,85.22,85.25,2200,0.00,0.00,0.00
2016-10-10,85.75,85.77,85.51,85.77,2800,0.00,0.00,0.00
2016-10-11,85.34,85.40,84.18,84.46,18400,0.00,0.00,0.00
2016-10-12,84.64,84.69,84.49,84.59,5500,0.00,0.00,0.00
2016-10-13,83.93,84.53,83.65,84.32,23800,0.00,0.00,0.00
2016-10-14,84.85,84.88,84.41,84.47,1700,0.00,0.00,0.00
2016-10-17,84.19,84.22,84.03,84.04,6500,0.00,0.00,0.00
2016-10-18,84.67,84.74,84.55,84.58,2000,0.00,0.00,0.00
2016-10-19,84.62,84.95,84.59,84.84,11800,0.00,0.00,0.00
2016-10-20,84.73,84.89,84.38,84.72,9500,0.00,0.00,0.00
2016-10-21,84.51,84.71,84.51,84.71,14500,0.00,0.00,0.00
2016-10-24,85.21,85.25,84.92,85.02,12900,0.00,0.00,0.00
2016-10-25,84.87,84.91,84.67,84.67,2000,0.00,0.00,0.00
2016-10-26,84.37,84.68,84.24,84.40,10300,0.00,0.00,0.00
2016-10-27,84.89,84.89,84.13,84.13,8100,0.00,0.00,0.00
2016-10-28,84.18,84.24,83.74,83.91,1800,0.00,0.00,0.00
2016-10-31,83.92,84.10,83.84,83.92,56800,0.00,0.00,0.00
2016-11-01,83.49,83.49,83.11,83.11,28000,0.00,0.00,0.00
2016-11-02,83.11,83.16,82.61,82.61,7300,0.00,0.00,0.00
2016-11-03,82.72,82.77,82.17,82.28,2700,0.00,0.00,0.00
2016-11-04,82.39,82.80,82.23,82.23,2500,0.00,0.00,0.00
2016-11-07,83.84,84.05,83.52,84.05,4400,0.00,0.00,0.00
2016-11-08,84.32,84.61,83.81,84.55,7600,0.00,0.00,0.00
2016-11-09,84.05,85.52,83.85,85.50,10400,0.00,0.00,0.00
2016-11-10,85.98,86.25,85.54,85.74,4300,0.00,0.00,0.00
2016-11-11,85.59,85.85,85.39,85.85,5300,0.00,0.00,0.00
2016-11-14,86.06,86.07,85.88,86.04,3300,0.00,0.00,0.00
2016-11-15,86.25,86.65,86.17,86.63,6100,0.00,0.00,0.00
2016-11-16,86.44,86.49,86.44,86.49,7400,0.00,0.00,0.00
2016-11-17,86.71,87.06,86.71,86.88,2000,0.00,0.00,0.00
2016-11-18,86.89,87.12,86.81,86.89,5500,0.00,0.00,0.00
2016-11-21,87.25,87.50,87.21,87.38,2200,0.00,0.00,0.00
2016-11-22,87.83,87.83,87.52,87.75,13700,0.00,0.00,0.00
2016-11-23,87.63,87.83,87.52,87.83,7700,0.00,0.00,0.00
2016-11-25,88.01,88.20,88.01,88.20,6100,0.00,0.00,0.00
2016-11-28,88.20,88.20,87.68,87.68,7100,0.00,0.00,0.00
2016-11-29,87.60,88.09,87.60,88.07,2900,0.00,0.00,0.00
2016-11-30,88.09,88.09,87.65,87.65,8400,0.00,0.00,0.00
2016-12-01,87.96,87.96,87.16,87.16,3300,0.00,0.00,0.00
2016-12-02,87.36,87.58,87.27,87.27,5800,0.00,0.00,0.00
2016-12-05,87.86,88.07,87.83,87.89,6400,0.00,0.00,0.00
2016-12-06,87.88,88.29,87.88,88.27,13200,0.00,0.00,0.00
2016-12-07,88.35,89.51,88.35,89.31,4800,0.00,0.00,0.00
2016-12-08,89.58,89.87,89.45,89.75,4000,0.00,0.00,0.00
2016-12-09,90.02,90.20,89.97,90.20,7500,0.00,0.00,0.00
2016-12-12,90.43,90.43,89.90,90.01,6400,0.00,0.00,0.00
2016-12-13,90.45,90.78,90.38,90.63,7200,0.00,0.00,0.00
2016-12-14,90.63,90.63,89.77,89.84,2700,0.58,0.00,0.00
2016-12-15,89.91,90.59,89.91,90.13,16000,0.00,0.00,0.00
2016-12-16,90.02,90.49,89.96,89.96,11400,0.00,0.00,0.00
2016-12-19,90.03,90.41,90.03,90.29,6000,0.00,0.00,0.00
2016-12-20,90.74,90.74,90.42,90.49,11900,0.00,0.00,0.00
2016-12-21,90.56,90.56,90.37,90.37,5400,0.00,0.00,0.00
2016-12-22,90.37,90.37,89.99,90.15,6300,0.00,0.00,0.00
2016-12-23,90.27,90.34,90.14,90.34,9600,0.00,0.00,0.00
2016-12-27,90.29,90.69,90.29,90.56,5900,0.00,0.00,0.00
2016-12-28,90.68,90.68,89.77,89.81,12400,0.00,0.00,0.00
2016-12-29,89.88,89.96,89.57,89.72,7700,0.00,0.00,0.00
2016-12-30,90.06,90.06,89.48,89.55,5500,0.00,0.00,0.00
2017-01-03,90.40,90.40,89.56,89.80,6300,0.00,0.00,0.00
2017-01-04,90.42,90.84,90.42,90.83,7500,0.00,0.00,0.00
2017-01-05,90.79,90.79,90.36,90.67,9700,0.00,0.00,0.00
2017-01-06,90.84,91.14,90.64,90.90,16400,0.00,0.00,0.00
2017-01-09,91.04,91.04,90.56,90.59,8600,0.00,0.00,0.00
2017-01-10,90.66,90.99,90.49,90.88,3500,0.00,0.00,0.00
2017-01-11,90.82,90.90,90.36,90.90,9800,0.00,0.00,0.00
2017-01-12,90.87,90.87,90.05,90.68,14000,0.00,0.00,0.00
2017-01-13,91.01,91.08,90.78,90.92,9100,0.00,0.00,0.00
2017-01-17,91.07,91.07,90.35,90.49,5000,0.00,0.00,0.00
2017-01-18,90.49,90.67,90.49,90.58,3100,0.00,0.00,0.00
2017-01-19,90.68,90.76,90.25,90.36,8400,0.00,0.00,0.00
2017-01-20,90.88,90.88,90.49,90.49,2300,0.00,0.00,0.00
2017-01-23,90.42,90.60,90.23,90.43,31800,0.00,0.00,0.00
2017-01-24,90.40,91.18,90.40,91.14,3500,0.00,0.00,0.00
2017-01-25,91.58,91.85,91.49,91.85,12000,0.00,0.00,0.00
2017-01-26,91.85,91.92,91.65,91.73,5100,0.00,0.00,0.00
2017-01-27,91.70,91.70,91.49,91.54,10300,0.00,0.00,0.00
2017-01-30,91.08,91.08,90.48,90.98,5700,0.00,0.00,0.00
2017-01-31,90.64,91.06,90.56,90.97,5400,0.00,0.00,0.00
2017-02-01,91.43,91.53,90.79,91.02,27400,0.00,0.00,0.00
2017-02-02,90.98,91.18,90.82,91.05,5100,0.00,0.00,0.00
2017-02-03,91.56,91.83,91.41,91.80,4300,0.00,0.00,0.00
2017-02-06,91.83,91.83,91.58,91.59,3400,0.00,0.00,0.00
2017-02-07,91.66,91.80,91.49,91.49,4700,0.00,0.00,0.00
2017-02-08,91.50,91.67,91.34,91.63,3600,0.00,0.00,0.00
2017-02-09,91.96,92.39,91.75,92.29,19900,0.00,0.00,0.00
2017-02-10,92.42,92.71,92.41,92.56,10700,0.00,0.00,0.00
2017-02-13,92.78,93.17,92.78,93.04,5500,0.00,0.00,0.00
2017-02-14,93.10,93.44,92.91,93.36,5900,0.00,0.00,0.00
2017-02-15,93.42,94.00,93.42,94.00,30400,0.00,0.00,0.00
2017-02-16,93.82,94.03,93.48,93.82,14500,0.00,0.00,0.00
2017-02-17,93.63,93.91,93.58,93.91,1600,0.00,0.00,0.00
2017-02-21,94.25,94.59,94.25,94.55,6200,0.00,0.00,0.00
2017-02-22,94.57,94.57,94.35,94.41,11400,0.00,0.00,0.00
2017-02-23,94.74,94.74,94.17,94.35,10300,0.00,0.00,0.00
2017-02-24,93.87,94.52,93.87,94.52,7800,0.00,0.00,0.00
2017-02-27,94.53,94.80,94.37,94.78,10000,0.00,0.00,0.00
2017-02-28,94.49,94.75,94.25,94.36,12100,0.00,0.00,0.00
2017-03-01,95.25,95.79,95.25,95.64,20900,0.00,0.00,0.00
2017-03-02,95.80,95.80,95.06,95.11,25800,0.00,0.00,0.00
2017-03-03,95.10,95.14,94.83,95.14,7000,0.00,0.00,0.00
2017-03-06,94.55,94.84,94.51,94.80,25800,0.00,0.00,0.00
2017-03-07,94.87,94.87,94.48,94.49,11600,0.00,0.00,0.00
2017-03-08,94.48,94.59,94.18,94.18,11100,0.00,0.00,0.00
2017-03-09,94.32,94.38,93.92,94.19,7100,0.00,0.00,0.00
2017-03-10,94.74,94.74,94.19,94.50,2800,0.00,0.00,0.00
2017-03-13,94.44,94.73,94.44,94.54,5300,0.00,0.00,0.00
2017-03-14,94.30,94.32,93.94,94.32,8500,0.00,0.00,0.00
2017-03-15,94.61,95.32,94.59,95.13,10300,0.00,0.00,0.00
2017-03-16,95.09,95.28,95.03,95.03,3600,0.00,0.00,0.00
2017-03-17,95.20,95.20,94.96,95.02,2700,0.00,0.00,0.00
2017-03-20,94.95,94.98,94.59,94.75,4900,0.00,0.00,0.00
2017-03-21,95.11,95.11,93.33,93.33,20100,0.00,0.00,0.00
2017-03-22,93.45,93.67,93.18,93.66,5000,0.37,0.00,0.00
2017-03-23,93.44,94.06,93.44,93.54,15200,0.00,0.00,0.00
2017-03-24,93.68,93.88,93.25,93.25,15100,0.00,0.00,0.00
2017-03-27,92.58,93.50,92.58,93.41,14100,0.00,0.00,0.00
2017-03-28,93.40,94.25,93.40,94.25,4800,0.00,0.00,0.00
2017-03-29,94.10,94.33,94.07,94.31,4200,0.00,0.00,0.00
2017-03-30,94.41,94.71,94.41,94.58,14900,0.00,0.00,0.00
2017-03-31,94.61,94.69,94.51,94.54,8300,0.00,0.00,0.00
2017-04-03,94.54,94.54,93.85,94.22,63800,0.00,0.00,0.00
2017-04-04,94.11,94.25,94.03,94.25,82000,0.00,0.00,0.00
2017-04-05,94.81,94.90,94.30,94.30,3800,0.00,0.00,0.00
2017-04-06,93.99,94.36,93.99,94.12,1700,0.00,0.00,0.00
2017-04-07,94.15,94.24,94.09,94.16,2500,0.00,0.00,0.00
2017-04-10,94.31,94.53,94.01,94.14,4600,0.00,0.00,0.00
2017-04-11,94.08,94.08,93.58,94.02,4800,0.00,0.00,0.00
2017-04-12,94.05,94.05,93.72,93.74,3600,0.00,0.00,0.00
2017-04-13,93.49,93.82,93.11,93.13,5900,0.00,0.00,0.00
2017-04-17,93.39,93.63,93.36,93.63,5100,0.00,0.00,0.00
2017-04-18,93.45,93.79,93.45,93.66,2600,0.00,0.00,0.00
2017-04-19,93.82,94.03,93.51,93.51,4100,0.00,0.00,0.00
2017-04-20,93.89,94.44,93.85,94.44,3900,0.00,0.00,0.00
2017-04-21,94.33,94.33,93.90,94.09,8300,0.00,0.00,0.00
2017-04-24,94.99,95.17,94.86,95.06,5200,0.00,0.00,0.00
2017-04-25,95.46,95.75,95.46,95.75,4500,0.00,0.00,0.00
2017-04-26,95.86,96.06,95.69,95.69,5500,0.00,0.00,0.00
2017-04-27,95.90,95.90,95.61,95.80,1700,0.00,0.00,0.00
2017-04-28,95.62,95.62,95.38,95.40,6300,0.00,0.00,0.00
2017-05-01,95.73,95.75,95.47,95.74,1600,0.00,0.00,0.00
2017-05-02,95.86,95.86,95.48,95.62,4300,0.00,0.00,0.00
2017-05-03,95.55,95.55,95.21,95.30,4700,0.00,0.00,0.00
2017-05-04,95.54,95.54,95.21,95.40,6300,0.00,0.00,0.00
2017-05-05,95.67,95.89,95.63,95.89,5100,0.00,0.00,0.00
2017-05-08,96.11,96.11,95.66,95.78,11900,0.00,0.00,0.00
2017-05-09,96.11,96.11,95.73,95.73,40700,0.00,0.00,0.00
2017-05-10,95.88,96.01,95.70,95.96,24800,0.00,0.00,0.00
2017-05-11,95.91,95.91,95.28,95.73,4500,0.00,0.00,0.00
2017-05-12,95.77,95.79,95.51,95.54,2100,0.00,0.00,0.00
2017-05-15,95.84,96.07,95.84,96.06,8000,0.00,0.00,0.00
2017-05-16,96.40,96.40,95.92,96.00,6500,0.00,0.00,0.00
2017-05-17,95.30,95.30,94.40,94.50,3800,0.00,0.00,0.00
2017-05-18,94.32,94.86,94.10,94.64,10900,0.00,0.00,0.00
2017-05-19,94.92,95.51,94.92,95.21,9100,0.00,0.00,0.00
2017-05-22,95.54,95.74,95.52,95.65,3900,0.00,0.00,0.00
2017-05-23,96.02,96.02,95.73,95.88,6000,0.00,0.00,0.00
2017-05-24,96.00,96.05,95.93,95.93,1600,0.00,0.00,0.00
2017-05-25,96.53,96.63,96.53,96.56,2900,0.00,0.00,0.00
2017-05-26,96.76,96.76,96.49,96.53,2100,0.00,0.00,0.00
2017-05-30,96.57,96.57,96.34,96.46,3000,0.00,0.00,0.00
2017-05-31,96.33,96.40,96.06,96.39,9400,0.00,0.00,0.00
2017-06-01,96.52,97.19,96.52,97.19,4200,0.00,0.00,0.00
2017-06-02,97.38,97.73,97.19,97.60,18600,0.00,0.00,0.00
2017-06-05,97.48,97.52,97.48,97.51,2800,0.00,0.00,0.00
2017-06-06,97.28,97.41,97.17,97.18,7100,0.00,0.00,0.00
2017-06-07,97.40,97.40,97.16,97.33,3100,0.00,0.00,0.00
2017-06-08,97.27,97.54,97.27,97.48,2500,0.00,0.00,0.00
2017-06-09,97.96,97.98,97.40,97.40,4000,0.00,0.00,0.00
2017-06-12,97.07,97.34,97.07,97.21,3200,0.00,0.00,0.00
2017-06-13,97.73,97.88,97.61,97.81,5300,0.00,0.00,0.00
2017-06-14,98.05,98.05,97.50,97.59,4200,0.00,0.00,0.00
2017-06-15,97.22,97.48,97.22,97.48,97500,0.00,0.00,0.00
2017-06-16,97.41,97.48,97.14,97.48,5300,0.00,0.00,0.00
2017-06-19,98.14,98.28,97.97,98.28,94100,0.00,0.00,0.00
2017-06-20,98.06,98.09,97.67,97.68,8200,0.00,0.00,0.00
2017-06-21,97.64,97.74,97.33,97.39,5400,0.00,0.00,0.00
2017-06-22,97.61,97.80,97.45,97.68,6200,0.00,0.00,0.00
2017-06-23,97.57,97.79,97.55,97.74,1900,0.00,0.00,0.00
2017-06-26,98.15,98.15,97.75,97.82,13900,0.00,0.00,0.00
2017-06-27,97.58,97.81,96.95,96.95,3700,0.00,0.00,0.00
2017-06-28,97.39,98.00,97.39,98.00,8000,0.51,0.00,0.00
2017-06-29,97.81,97.81,97.04,97.15,2700,0.00,0.00,0.00
2017-06-30,97.37,97.61,97.30,97.39,4400,0.00,0.00,0.00
2017-07-03,97.67,97.85,97.67,97.76,2200,0.00,0.00,0.00
2017-07-05,97.75,97.75,97.32,97.61,208800,0.00,0.00,0.00
2017-07-06,97.14,97.28,96.56,96.66,96100,0.00,0.00,0.00
2017-07-07,97.25,97.33,97.21,97.26,1600,0.00,0.00,0.00
2017-07-10,97.14,97.52,97.13,97.44,6000,0.00,0.00,0.00
2017-07-11,97.38,97.38,97.06,97.37,2600,0.00,0.00,0.00
2017-07-12,98.03,98.11,98.03,98.11,700,0.00,0.00,0.00
2017-07-13,98.20,98.26,97.99,98.24,2400,0.00,0.00,0.00
2017-07-14,98.19,98.82,98.19,98.63,5400,0.00,0.00,0.00
2017-07-17,98.71,98.80,98.60,98.62,111700,0.00,0.00,0.00
2017-07-18,98.50,98.70,98.47,98.70,3100,0.00,0.00,0.00
2017-07-19,98.96,99.27,98.96,99.24,2200,0.00,0.00,0.00
2017-07-20,99.50,99.50,99.26,99.39,2900,0.00,0.00,0.00
2017-07-21,99.09,99.20,98.97,99.11,8100,0.00,0.00,0.00
2017-07-24,99.09,99.14,99.09,99.14,1600,0.00,0.00,0.00
2017-07-25,99.56,99.64,99.42,99.54,2100,0.00,0.00,0.00
2017-07-26,99.57,99.61,99.51,99.58,3000,0.00,0.00,0.00
2017-07-27,99.77,99.77,98.89,98.89,2300,0.00,0.00,0.00
2017-07-28,99.35,99.35,98.97,99.17,4700,0.00,0.00,0.00
2017-07-31,99.34,99.34,99.08,99.12,5600,0.00,0.00,0.00
2017-08-01,99.69,99.69,99.16,99.24,4000,0.00,0.00,0.00
2017-08-02,99.43,99.43,98.85,99.20,3600,0.00,0.00,0.00
2017-08-03,99.22,99.22,98.92,98.99,10300,0.00,0.00,0.00
2017-08-04,99.25,99.25,99.13,99.19,73200,0.00,0.00,0.00
2017-08-07,99.40,99.41,99.16,99.40,8600,0.00,0.00,0.00
2017-08-08,99.23,99.81,99.21,99.38,55000,0.00,0.00,0.00
2017-08-09,98.73,98.97,98.73,98.97,5500,0.00,0.00,0.00
2017-08-10,98.81,98.81,97.83,97.83,15300,0.00,0.00,0.00
2017-08-11,97.51,97.93,97.51,97.72,48900,0.00,0.00,0.00
2017-08-14,98.48,98.81,98.48,98.81,4000,0.00,0.00,0.00
2017-08-15,98.99,98.99,98.65,98.67,2000,0.00,0.00,0.00
2017-08-16,98.96,99.12,98.77,98.79,55500,0.00,0.00,0.00
2017-08-17,98.52,98.52,97.37,97.37,28500,0.00,0.00,0.00
2017-08-18,97.17,97.44,96.96,97.23,3200,0.00,0.00,0.00
2017-08-21,97.19,97.25,96.97,97.24,3300,0.00,0.00,0.00
2017-08-22,97.59,98.29,97.59,98.24,48800,0.00,0.00,0.00
2017-08-23,97.61,98.08,97.61,97.94,10100,0.00,0.00,0.00
2017-08-24,98.24,98.24,97.81,97.81,3200,0.00,0.00,0.00
2017-08-25,98.25,98.31,98.00,98.08,45900,0.00,0.00,0.00
2017-08-28,98.11,98.15,97.92,97.94,2100,0.00,0.00,0.00
2017-08-29,97.51,98.03,97.51,98.03,4200,0.00,0.00,0.00
2017-08-30,98.20,98.67,98.20,98.59,8100,0.00,0.00,0.00
2017-08-31,98.95,99.34,98.94,99.34,11700,0.00,0.00,0.00
2017-09-01,99.48,99.61,99.45,99.54,34800,0.00,0.00,0.00
2017-09-05,99.38,99.38,98.35,98.64,8000,0.00,0.00,0.00
2017-09-06,99.01,99.13,98.75,98.99,13200,0.00,0.00,0.00
2017-09-07,99.19,99.19,98.80,98.85,15000,0.00,0.00,0.00
2017-09-08,98.67,99.01,98.67,98.86,2400,0.00,0.00,0.00
2017-09-11,99.54,99.94,99.54,99.89,19900,0.00,0.00,0.00
2017-09-12,100.20,100.27,100.09,100.24,3700,0.00,0.00,0.00
2017-09-13,100.21,100.34,100.21,100.27,3300,0.00,0.00,0.00
2017-09-14,100.24,100.38,100.23,100.30,8000,0.00,0.00,0.00
2017-09-15,100.24,100.49,100.24,100.47,4100,0.00,0.00,0.00
2017-09-18,100.54,100.83,100.54,100.73,3300,0.00,0.00,0.00
2017-09-19,100.74,100.87,100.74,100.83,1900,0.00,0.00,0.00
2017-09-20,100.85,100.97,100.60,100.93,16100,0.00,0.00,0.00
2017-09-21,100.62,100.82,100.62,100.79,2900,0.00,0.00,0.00
2017-09-22,100.60,100.71,100.60,100.71,3800,0.00,0.00,0.00
2017-09-25,100.74,100.74,100.32,100.54,8300,0.00,0.00,0.00
2017-09-26,100.79,100.82,100.66,100.70,9800,0.00,0.00,0.00
2017-09-27,101.09,101.09,100.72,101.07,5400,0.56,0.00,0.00
2017-09-28,101.03,101.28,101.01,101.26,1500,0.00,0.00,0.00
2017-09-29,101.32,101.67,101.28,101.67,5500,0.00,0.00,0.00
2017-10-02,101.85,102.11,101.79,102.11,89000,0.00,0.00,0.00
2017-10-03,102.32,102.37,102.17,102.37,3400,0.00,0.00,0.00
2017-10-04,102.43,102.59,102.32,102.44,12500,0.00,0.00,0.00
2017-10-05,102.63,103.02,102.63,103.02,1700,0.00,0.00,0.00
2017-10-06,102.75,102.90,102.75,102.90,2600,0.00,0.00,0.00
2017-10-09,103.10,103.10,102.68,102.68,6100,0.00,0.00,0.00
2017-10-10,103.14,103.14,102.81,102.92,12700,0.00,0.00,0.00
2017-10-11,102.91,103.12,102.88,103.12,9500,0.00,0.00,0.00
2017-10-12,102.90,103.12,102.89,103.06,8000,0.00,0.00,0.00
2017-10-13,103.08,103.23,103.02,103.04,5000,0.00,0.00,0.00
2017-10-16,103.27,103.27,103.08,103.16,9300,0.00,0.00,0.00
2017-10-17,103.19,103.25,103.07,103.13,4300,0.00,0.00,0.00
2017-10-18,103.37,103.46,103.27,103.44,2800,0.00,0.00,0.00
2017-10-19,102.93,103.34,102.93,103.34,7600,0.00,0.00,0.00
2017-10-20,103.49,103.91,103.49,103.89,3300,0.00,0.00,0.00
2017-10-23,104.14,104.14,103.45,103.45,10500,0.00,0.00,0.00
2017-10-24,103.61,103.74,103.56,103.63,5300,0.00,0.00,0.00
2017-10-25,103.37,103.38,102.73,103.14,8700,0.00,0.00,0.00
2017-10-26,103.47,103.47,103.27,103.27,4900,0.00,0.00,0.00
2017-10-27,103.61,104.00,103.61,104.00,1900,0.00,0.00,0.00
2017-10-30,103.98,103.98,103.59,103.59,2600,0.00,0.00,0.00
2017-10-31,103.78,103.92,103.74,103.92,3200,0.00,0.00,0.00
2017-11-01,104.30,104.30,103.78,103.94,224100,0.00,0.00,0.00
2017-11-02,103.90,104.00,103.58,104.00,4800,0.00,0.00,0.00
2017-11-03,103.97,104.29,103.97,104.25,4400,0.00,0.00,0.00
2017-11-06,104.41,104.54,104.34,104.47,6900,0.00,0.00,0.00
2017-11-07,104.52,104.52,104.09,104.21,1800,0.00,0.00,0.00
2017-11-08,104.15,104.47,104.13,104.39,11900,0.00,0.00,0.00
2017-11-09,104.17,104.17,103.40,104.08,3200,0.00,0.00,0.00
2017-11-10,103.93,104.02,103.85,104.02,1800,0.00,0.00,0.00
2017-11-13,103.85,104.12,103.69,104.07,5900,0.00,0.00,0.00
2017-11-14,103.82,103.88,103.81,103.88,1800,0.00,0.00,0.00
2017-11-15,102.97,103.53,102.97,103.47,2600,0.00,0.00,0.00
2017-11-16,104.09,104.40,104.09,104.29,4600,0.00,0.00,0.00
2017-11-17,104.26,104.26,104.11,104.21,9900,0.00,0.00,0.00
2017-11-20,104.21,104.35,104.17,104.35,1200,0.00,0.00,0.00
2017-11-21,104.54,105.07,104.54,105.01,4200,0.00,0.00,0.00
2017-11-22,105.20,105.20,104.98,105.06,3400,0.00,0.00,0.00
2017-11-24,105.12,105.22,105.12,105.21,5600,0.00,0.00,0.00
2017-11-27,105.32,105.32,105.12,105.18,9600,0.00,0.00,0.00
2017-11-28,105.22,106.14,105.22,106.14,2700,0.00,0.00,0.00
2017-11-29,106.39,106.48,105.93,106.13,4000,0.00,0.00,0.00
2017-11-30,106.72,107.31,106.59,107.03,9900,0.00,0.00,0.00
2017-12-01,106.84,107.10,105.78,106.74,7400,0.00,0.00,0.00
2017-12-04,107.61,107.68,106.70,106.70,10400,0.00,0.00,0.00
2017-12-05,106.66,106.90,106.19,106.19,3600,0.00,0.00,0.00
2017-12-06,105.93,106.25,105.93,106.13,8600,0.00,0.00,0.00
2017-12-07,106.05,106.64,106.05,106.44,1800,0.00,0.00,0.00
2017-12-08,106.97,107.10,106.87,106.99,4500,0.00,0.00,0.00
2017-12-11,107.11,107.37,107.09,107.25,2400,0.00,0.00,0.00
2017-12-12,107.53,107.68,107.48,107.48,5500,0.00,0.00,0.00
2017-12-13,107.75,107.84,107.49,107.49,13000,0.00,0.00,0.00
2017-12-14,107.76,107.76,107.05,107.06,5100,0.56,0.00,0.00
2017-12-15,107.53,108.03,107.53,107.94,3000,0.00,0.00,0.00
2017-12-18,108.63,108.81,108.63,108.77,14100,0.00,0.00,0.00
2017-12-19,109.00,109.00,108.26,108.26,8600,0.00,0.00,0.00
2017-12-20,108.74,108.74,108.21,108.23,4400,0.00,0.00,0.00
2017-12-21,108.64,108.66,108.39,108.49,8400,0.00,0.00,0.00
2017-12-22,108.51,108.56,108.32,108.48,254400,0.00,0.00,0.00
2017-12-26,108.44,108.50,108.35,108.37,4000,0.00,0.00,0.00
2017-12-27,108.39,108.62,108.39,108.49,4800,0.00,0.00,0.00
2017-12-28,108.70,108.70,108.44,108.59,31900,0.00,0.00,0.00
2017-12-29,108.76,108.76,108.40,108.40,7700,0.00,0.00,0.00
2018-01-02,108.62,109.04,108.51,109.04,13400,0.00,0.00,0.00
2018-01-03,109.28,109.72,109.28,109.66,11600,0.00,0.00,0.00
2018-01-04,109.93,110.22,109.88,110.13,5100,0.00,0.00,0.00
2018-01-05,110.68,110.71,110.30,110.71,14100,0.00,0.00,0.00
2018-01-08,110.52,110.98,110.52,110.98,3100,0.00,0.00,0.00
2018-01-09,111.19,111.41,111.07,111.07,6700,0.00,0.00,0.00
2018-01-10,110.87,111.01,110.79,110.94,10900,0.00,0.00,0.00
2018-01-11,111.30,111.89,111.28,111.86,3900,0.00,0.00,0.00
2018-01-12,112.07,112.54,112.07,112.51,4500,0.00,0.00,0.00
2018-01-16,113.25,113.33,112.08,112.17,88800,0.00,0.00,0.00
2018-01-17,112.36,113.19,112.23,113.03,2800,0.00,0.00,0.00
2018-01-18,113.11,113.15,112.82,112.89,4600,0.00,0.00,0.00
2018-01-19,113.17,113.44,112.98,113.43,200600,0.00,0.00,0.00
2018-01-22,113.29,114.04,113.29,114.00,2000,0.00,0.00,0.00
2018-01-23,114.31,114.71,114.31,114.63,9800,0.00,0.00,0.00
2018-01-24,114.78,115.12,114.21,114.53,5200,0.00,0.00,0.00
2018-01-25,114.96,114.96,114.29,114.51,6100,0.00,0.00,0.00
2018-01-26,115.04,115.76,114.87,115.76,105600,0.00,0.00,0.00
2018-01-29,115.40,115.53,115.01,115.01,60500,0.00,0.00,0.00
2018-01-30,114.00,114.34,113.66,113.88,8200,0.00,0.00,0.00
2018-01-31,114.33,114.43,113.63,113.63,6300,0.00,0.00,0.00
2018-02-01,113.45,114.25,113.45,113.51,6400,0.00,0.00,0.00
2018-02-02,113.15,113.15,111.38,111.38,6900,0.00,0.00,0.00
2018-02-05,110.34,111.32,106.56,107.00,24500,0.00,0.00,0.00
2018-02-06,105.03,108.89,104.57,108.66,17900,0.00,0.00,0.00
2018-02-07,108.57,109.58,108.19,108.19,16800,0.00,0.00,0.00
2018-02-08,108.01,108.12,104.56,104.56,16000,0.00,0.00,0.00
2018-02-09,105.43,105.69,102.42,105.69,23800,0.00,0.00,0.00
2018-02-12,106.75,107.35,106.03,107.35,4400,0.00,0.00,0.00
2018-02-13,106.78,107.65,106.68,107.43,5400,0.00,0.00,0.00
2018-02-14,107.11,109.18,107.11,109.18,7100,0.00,0.00,0.00
2018-02-15,109.80,110.22,109.08,110.04,3800,0.00,0.00,0.00
2018-02-16,110.08,110.89,110.08,110.47,3500,0.00,0.00,0.00
2018-02-20,110.28,110.44,109.86,109.87,6200,0.00,0.00,0.00
2018-02-21,109.96,110.58,109.63,109.63,6300,0.00,0.00,0.00
2018-02-22,109.84,110.30,109.30,109.54,3600,0.00,0.00,0.00
2018-02-23,109.82,111.03,109.82,110.99,9900,0.00,0.00,0.00
2018-02-26,111.60,112.27,111.56,112.20,16800,0.00,0.00,0.00
2018-02-27,112.32,112.57,111.11,111.20,25000,0.00,0.00,0.00
2018-02-28,111.05,111.20,109.57,109.58,5900,0.00,0.00,0.00
2018-03-01,109.56,109.95,107.72,108.41,16300,0.00,0.00,0.00
2018-03-02,107.40,109.08,107.20,109.08,4100,0.00,0.00,0.00
2018-03-05,108.59,110.38,108.43,110.38,3700,0.00,0.00,0.00
2018-03-06,110.68,110.68,109.97,110.50,4000,0.00,0.00,0.00
2018-03-07,109.64,110.13,109.64,109.84,4600,0.00,0.00,0.00
2018-03-08,111.05,111.05,110.68,110.94,2000,0.00,0.00,0.00
2018-03-09,111.77,112.86,111.76,112.86,17000,0.00,0.00,0.00
2018-03-12,113.06,113.25,112.71,112.84,4100,0.00,0.00,0.00
2018-03-13,113.06,113.25,112.19,112.20,5300,0.00,0.00,0.00
2018-03-14,112.59,112.59,111.44,111.49,8500,0.00,0.00,0.00
2018-03-15,111.60,112.01,111.42,111.47,8400,0.00,0.00,0.00
2018-03-16,111.54,111.94,111.54,111.68,13800,0.00,0.00,0.00
2018-03-19,111.18,111.18,109.60,110.02,13200,0.00,0.00,0.00
2018-03-20,110.30,110.47,110.30,110.30,1100,0.00,0.00,0.00
2018-03-21,110.41,110.92,110.11,110.32,4700,0.00,0.00,0.00
2018-03-22,109.16,109.31,107.54,107.65,13800,0.42,0.00,0.00
2018-03-23,107.69,107.80,105.22,105.22,21900,0.00,0.00,0.00
2018-03-26,107.03,108.12,105.99,108.08,9600,0.00,0.00,0.00
2018-03-27,108.70,108.70,106.06,106.17,5400,0.00,0.00,0.00
2018-03-28,106.21,106.58,106.21,106.58,1000,0.00,0.00,0.00
2018-03-29,106.63,107.83,106.38,107.67,6300,0.00,0.00,0.00
2018-04-02,107.15,107.15,104.01,104.33,9700,0.00,0.00,0.00
2018-04-03,105.68,106.44,105.13,106.08,8300,0.00,0.00,0.00
2018-04-04,104.96,107.67,104.96,107.61,1700,0.00,0.00,0.00
2018-04-05,108.31,108.48,108.24,108.47,3200,0.00,0.00,0.00
2018-04-06,107.53,107.68,105.55,106.01,1900,0.00,0.00,0.00
2018-04-09,106.61,107.37,106.61,107.37,900,0.00,0.00,0.00
2018-04-10,107.51,108.12,107.34,107.93,14900,0.00,0.00,0.00
2018-04-11,107.61,108.19,107.48,107.48,5800,0.00,0.00,0.00
2018-04-12,108.08,108.70,108.08,108.39,5700,0.00,0.00,0.00
2018-04-13,109.02,109.02,107.63,108.06,13100,0.00,0.00,0.00
2018-04-16,108.63,109.11,108.63,108.93,5200,0.00,0.00,0.00
2018-04-17,109.86,110.32,109.86,110.32,2700,0.00,0.00,0.00
2018-04-18,110.06,110.48,110.06,110.21,5700,0.00,0.00,0.00
2018-04-19,109.83,109.91,109.33,109.69,7500,0.00,0.00,0.00
2018-04-20,109.65,109.65,108.62,108.68,4800,0.00,0.00,0.00
2018-04-23,108.82,109.12,108.34,108.54,3200,0.00,0.00,0.00
2018-04-24,108.94,108.94,107.20,107.32,3100,0.00,0.00,0.00
2018-04-25,107.46,107.70,106.62,107.27,5700,0.00,0.00,0.00
2018-04-26,107.98,108.66,107.98,108.50,1500,0.00,0.00,0.00
2018-04-27,108.89,108.89,108.47,108.60,2000,0.00,0.00,0.00
2018-04-30,108.70,109.12,107.81,107.82,5500,0.00,0.00,0.00
2018-05-01,107.46,108.00,106.90,108.00,78100,0.00,0.00,0.00
2018-05-02,108.10,108.10,107.21,107.21,4600,0.00,0.00,0.00
2018-05-03,106.47,107.23,105.88,107.07,2200,0.00,0.00,0.00
2018-05-04,107.86,108.04,107.85,108.04,1100,0.00,0.00,0.00
2018-05-07,109.08,109.24,108.75,108.93,9600,0.00,0.00,0.00
2018-05-08,108.74,109.00,108.70,108.95,2900,0.00,0.00,0.00
2018-05-09,109.57,110.08,109.36,110.08,4900,0.00,0.00,0.00
2018-05-10,110.23,111.02,110.23,110.94,56700,0.00,0.00,0.00
2018-05-11,110.96,111.27,110.96,111.14,1400,0.00,0.00,0.00
2018-05-14,111.66,111.66,111.13,111.21,4000,0.00,0.00,0.00
2018-05-15,110.85,110.85,110.31,110.41,5400,0.00,0.00,0.00
2018-05-16,110.79,111.28,110.79,111.09,10300,0.00,0.00,0.00
2018-05-17,111.22,111.39,111.09,111.09,2100,0.00,0.00,0.00
2018-05-18,111.02,111.02,110.87,110.87,1700,0.00,0.00,0.00
2018-05-21,111.70,111.83,111.56,111.58,4200,0.00,0.00,0.00
2018-05-22,111.87,111.87,111.83,111.83,1200,0.00,0.00,0.00
2018-05-23,110.70,111.27,110.70,111.27,2000,0.00,0.00,0.00
2018-05-24,111.41,111.41,111.08,111.08,1800,0.00,0.00,0.00
2018-05-25,111.48,111.48,111.07,111.07,2900,0.00,0.00,0.00
2018-05-29,110.66,110.69,109.61,109.89,5200,0.00,0.00,0.00
2018-05-30,111.41,111.72,111.41,111.62,2600,0.00,0.00,0.00
2018-05-31,111.24,111.24,110.75,110.75,8000,0.00,0.00,0.00
2018-06-01,111.31,111.94,111.31,111.87,5000,0.00,0.00,0.00
2018-06-04,112.38,112.48,112.26,112.45,6000,0.00,0.00,0.00
2018-06-05,112.47,112.65,112.37,112.65,9600,0.00,0.00,0.00
2018-06-06,112.77,113.39,112.77,113.39,3000,0.00,0.00,0.00
2018-06-07,113.54,113.61,113.29,113.47,3400,0.00,0.00,0.00
2018-06-08,113.08,113.76,113.08,113.76,1600,0.00,0.00,0.00
2018-06-11,114.12,114.24,114.06,114.16,3600,0.00,0.00,0.00
2018-06-12,114.20,114.24,113.96,114.19,7300,0.00,0.00,0.00
2018-06-13,114.24,114.24,113.90,113.90,9700,0.00,0.00,0.00
2018-06-14,114.05,114.21,113.88,113.93,1400,0.00,0.00,0.00
2018-06-15,113.36,113.82,113.30,113.82,4900,0.00,0.00,0.00
2018-06-18,113.39,113.88,113.35,113.88,1500,0.00,0.00,0.00
2018-06-19,112.72,113.43,112.72,113.41,2600,0.00,0.00,0.00
2018-06-20,113.73,113.93,113.63,113.74,2100,0.00,0.00,0.00
2018-06-21,113.78,113.78,112.92,112.94,4300,0.00,0.00,0.00
2018-06-22,113.54,113.54,113.12,113.19,7500,0.00,0.00,0.00
2018-06-25,112.49,112.49,111.10,111.52,3200,0.00,0.00,0.00
2018-06-26,111.58,112.10,111.58,112.03,5700,0.00,0.00,0.00
2018-06-27,112.21,112.59,110.71,110.71,7000,0.00,0.00,0.00
2018-06-28,110.94,111.36,110.47,111.36,2800,0.54,0.00,0.00
2018-06-29,111.91,112.32,111.85,111.85,7800,0.00,0.00,0.00
2018-07-02,110.99,111.49,110.74,111.49,3600,0.00,0.00,0.00
2018-07-03,112.55,112.55,111.91,111.91,2000,0.00,0.00,0.00
2018-07-05,111.99,112.36,111.88,112.36,6100,0.00,0.00,0.00
2018-07-06,113.36,113.53,113.36,113.53,1100,0.00,0.00,0.00
2018-07-09,113.77,114.31,113.77,114.28,1800,0.00,0.00,0.00
2018-07-10,114.69,114.81,114.50,114.66,3300,0.00,0.00,0.00
2018-07-11,114.16,114.31,114.00,114.08,1400,0.00,0.00,0.00
2018-07-12,114.37,114.76,114.30,114.72,4400,0.00,0.00,0.00
2018-07-13,114.66,115.09,114.66,114.98,2200,0.00,0.00,0.00
2018-07-16,115.02,115.02,114.64,114.64,1800,0.00,0.00,0.00
2018-07-17,114.32,115.27,114.32,115.21,2700,0.00,0.00,0.00
2018-07-18,115.39,115.50,115.08,115.40,2600,0.00,0.00,0.00
2018-07-19,115.05,115.44,115.05,115.14,7100,0.00,0.00,0.00
2018-07-20,115.14,115.31,115.00,115.00,5000,0.00,0.00,0.00
2018-07-23,114.78,115.24,114.78,115.10,10700,0.00,0.00,0.00
2018-07-24,115.72,115.72,115.12,115.23,1900,0.00,0.00,0.00
2018-07-25,115.45,116.34,115.30,116.34,1800,0.00,0.00,0.00
2018-07-26,116.08,116.43,116.08,116.17,5700,0.00,0.00,0.00
2018-07-27,116.67,116.67,114.97,115.22,5900,0.00,0.00,0.00
2018-07-30,115.02,115.03,114.45,114.45,2700,0.00,0.00,0.00
2018-07-31,114.88,115.46,114.88,115.19,4500,0.00,0.00,0.00
2018-08-01,115.27,115.48,114.87,115.13,3100,0.00,0.00,0.00
2018-08-02,114.36,115.72,114.36,115.72,4900,0.00,0.00,0.00
2018-08-03,115.77,116.09,115.71,116.09,7400,0.00,0.00,0.00
2018-08-06,116.25,116.70,116.09,116.60,2500,0.00,0.00,0.00
2018-08-07,116.99,117.13,116.98,116.98,3700,0.00,0.00,0.00
2018-08-08,116.96,116.98,116.79,116.91,2100,0.00,0.00,0.00
2018-08-09,117.16,117.16,116.98,117.06,2300,0.00,0.00,0.00
2018-08-10,116.24,116.41,116.03,116.14,5700,0.00,0.00,0.00
2018-08-13,116.31,116.42,115.65,115.65,4000,0.00,0.00,0.00
2018-08-14,115.91,116.53,115.91,116.49,2100,0.00,0.00,0.00
2018-08-15,115.65,115.65,115.08,115.32,2500,0.00,0.00,0.00
2018-08-16,115.98,116.57,115.98,116.51,2400,0.00,0.00,0.00
2018-08-17,116.79,116.89,116.79,116.82,500,0.00,0.00,0.00
2018-08-20,116.91,117.22,116.81,117.17,3300,0.00,0.00,0.00
2018-08-21,117.46,117.87,117.42,117.86,4400,0.00,0.00,0.00
2018-08-22,117.69,117.77,117.54,117.54,1600,0.00,0.00,0.00
2018-08-23,117.49,117.49,117.30,117.31,1600,0.00,0.00,0.00
2018-08-24,117.73,118.13,117.73,118.13,12300,0.00,0.00,0.00
2018-08-27,118.44,118.97,118.44,118.97,4600,0.00,0.00,0.00
2018-08-28,119.04,119.20,118.83,119.20,2600,0.00,0.00,0.00
2018-08-29,119.07,119.66,119.01,119.66,5300,0.00,0.00,0.00
2018-08-30,119.45,119.55,119.09,119.09,2800,0.00,0.00,0.00
2018-08-31,119.07,119.10,118.94,118.95,2200,0.00,0.00,0.00
2018-09-04,119.07,119.07,118.60,118.83,5100,0.00,0.00,0.00
2018-09-05,118.56,118.71,118.19,118.60,7600,0.00,0.00,0.00
2018-09-06,118.79,118.79,117.86,118.25,5800,0.00,0.00,0.00
2018-09-07,118.21,118.21,118.02,118.02,800,0.00,0.00,0.00
2018-09-10,118.44,118.44,118.15,118.20,2700,0.00,0.00,0.00
2018-09-11,117.85,118.60,117.78,118.52,40800,0.00,0.00,0.00
2018-09-12,118.49,118.69,118.20,118.59,3900,0.00,0.00,0.00
2018-09-13,119.09,119.25,118.97,119.11,8900,0.00,0.00,0.00
2018-09-14,119.18,119.41,118.97,119.33,4400,0.00,0.00,0.00
2018-09-17,119.47,119.47,118.76,118.92,3700,0.00,0.00,0.00
2018-09-18,118.99,119.31,118.90,119.28,2700,0.00,0.00,0.00
2018-09-19,119.28,119.43,119.10,119.14,5200,0.00,0.00,0.00
2018-09-20,120.01,120.27,119.48,120.22,11500,0.00,0.00,0.00
2018-09-21,120.42,120.42,120.19,120.20,1300,0.00,0.00,0.00
2018-09-24,119.68,119.77,119.34,119.60,6300,0.00,0.00,0.00
2018-09-25,119.90,119.90,119.49,119.49,5600,0.00,0.00,0.00
2018-09-26,119.54,120.02,119.43,119.43,8100,0.58,0.00,0.00
2018-09-27,119.34,119.77,119.32,119.54,3600,0.00,0.00,0.00
2018-09-28,119.42,119.62,119.40,119.43,87100,0.00,0.00,0.00
2018-10-01,120.65,120.65,119.66,119.69,3600,0.00,0.00,0.00
2018-10-02,119.64,119.72,119.43,119.47,6600,0.00,0.00,0.00
2018-10-03,120.00,120.00,119.61,119.61,4500,0.00,0.00,0.00
2018-10-04,119.04,119.23,117.93,118.25,3200,0.00,0.00,0.00
2018-10-05,118.64,118.75,117.27,117.85,72000,0.00,0.00,0.00
2018-10-08,117.40,117.84,116.79,117.68,7500,0.00,0.00,0.00
2018-10-09,117.39,117.62,117.34,117.44,4500,0.00,0.00,0.00
2018-10-10,117.44,117.44,113.71,113.71,6700,0.00,0.00,0.00
2018-10-11,113.40,113.90,111.30,111.51,10200,0.00,0.00,0.00
2018-10-12,113.24,113.24,111.32,112.78,15500,0.00,0.00,0.00
2018-10-15,112.64,113.17,112.23,112.73,12000,0.00,0.00,0.00
2018-10-16,113.08,114.82,113.08,114.82,6300,0.00,0.00,0.00
2018-10-17,114.92,114.92,113.97,114.68,18200,0.00,0.00,0.00
2018-10-18,114.57,114.57,112.53,113.08,11600,0.00,0.00,0.00
2018-10-19,113.63,114.13,112.86,113.08,28300,0.00,0.00,0.00
2018-10-22,113.15,113.15,112.40,112.40,4400,0.00,0.00,0.00
2018-10-23,110.61,111.75,109.88,111.75,13600,0.00,0.00,0.00
2018-10-24,111.54,111.66,108.88,108.88,9000,0.00,0.00,0.00
2018-10-25,109.26,110.82,109.26,110.11,5700,0.00,0.00,0.00
2018-10-26,108.40,109.49,107.20,108.32,32600,0.00,0.00,0.00
2018-10-29,109.77,110.29,106.19,107.62,17500,0.00,0.00,0.00
2018-10-30,107.36,108.72,107.36,108.04,5000,0.00,0.00,0.00
2018-10-31,110.42,111.41,110.42,110.68,10500,0.00,0.00,0.00
2018-11-01,111.03,111.93,110.88,111.86,9600,0.00,0.00,0.00
2018-11-02,112.10,112.13,110.43,111.31,6000,0.00,0.00,0.00
2018-11-05,111.56,111.86,111.05,111.71,4500,0.00,0.00,0.00
2018-11-06,111.89,112.44,111.89,112.44,4300,0.00,0.00,0.00
2018-11-07,113.55,114.80,113.32,114.80,14500,0.00,0.00,0.00
2018-11-08,114.65,114.83,114.23,114.40,4000,0.00,0.00,0.00
2018-11-09,114.03,114.03,112.91,113.58,3900,0.00,0.00,0.00
2018-11-12,112.90,112.90,111.46,111.76,4800,0.00,0.00,0.00
2018-11-13,111.58,112.06,111.01,111.22,2400,0.00,0.00,0.00
2018-11-14,111.79,111.81,110.23,110.23,5200,0.00,0.00,0.00
2018-11-15,109.71,111.66,109.15,111.64,19000,0.00,0.00,0.00
2018-11-16,111.49,111.83,111.14,111.67,6600,0.00,0.00,0.00
2018-11-19,111.54,111.54,109.45,109.80,6000,0.00,0.00,0.00
2018-11-20,108.06,108.71,107.53,107.78,11500,0.00,0.00,0.00
2018-11-21,108.51,109.08,108.41,108.54,6900,0.00,0.00,0.00
2018-11-23,107.68,108.24,107.68,107.80,24500,0.00,0.00,0.00
2018-11-26,109.14,109.33,108.87,109.31,9300,0.00,0.00,0.00
2018-11-27,109.07,109.52,109.03,109.50,11000,0.00,0.00,0.00
2018-11-28,110.07,112.20,109.69,112.20,11100,0.00,0.00,0.00
2018-11-29,111.77,112.49,111.39,111.89,10900,0.00,0.00,0.00
2018-11-30,111.71,112.59,111.71,112.59,4900,0.00,0.00,0.00
2018-12-03,114.54,114.65,113.28,113.98,8200,0.00,0.00,0.00
2018-12-04,113.46,113.46,110.55,110.55,6500,0.00,0.00,0.00
2018-12-06,108.29,109.99,107.33,109.99,6000,0.00,0.00,0.00
2018-12-07,110.05,110.12,107.45,107.99,5400,0.00,0.00,0.00
2018-12-10,107.61,107.91,105.82,107.72,6800,0.00,0.00,0.00
2018-12-11,109.10,109.10,107.65,107.65,9900,0.00,0.00,0.00
2018-12-12,108.89,109.47,108.83,109.47,4500,0.00,0.00,0.00
2018-12-13,108.71,108.71,107.64,108.21,12900,0.60,0.00,0.00
2018-12-14,106.95,107.56,105.92,106.06,13900,0.00,0.00,0.00
2018-12-17,105.77,105.77,103.22,103.84,32300,0.00,0.00,0.00
2018-12-18,104.79,104.95,103.17,104.01,16600,0.00,0.00,0.00
2018-12-19,103.96,104.99,101.80,102.34,13100,0.00,0.00,0.00
2018-12-20,101.85,102.13,99.52,100.51,70500,0.00,0.00,0.00
2018-12-21,100.83,101.88,98.06,98.57,37300,0.00,0.00,0.00
2018-12-24,97.65,97.82,95.92,95.92,22400,0.00,0.00,0.00
2018-12-26,96.64,99.51,95.95,99.51,55200,0.00,0.00,0.00
2018-12-27,98.96,101.45,97.90,101.45,212900,0.00,0.00,0.00
2018-12-28,102.10,102.84,101.00,101.11,141700,0.00,0.00,0.00
2018-12-31,102.25,102.39,101.48,102.28,44100,0.00,0.00,0.00
2019-01-02,101.00,102.58,100.76,102.38,38300,0.00,0.00,0.00
2019-01-03,101.46,101.61,100.19,100.24,48400,0.00,0.00,0.00
2019-01-04,102.16,103.45,102.12,103.44,11300,0.00,0.00,0.00
2019-01-07,103.47,104.78,103.44,104.31,56900,0.00,0.00,0.00
2019-01-08,105.12,105.47,104.24,105.41,11800,0.00,0.00,0.00
2019-01-09,105.69,106.29,105.53,105.88,9800,0.00,0.00,0.00
2019-01-10,105.55,106.46,105.55,106.42,3600,0.00,0.00,0.00
2019-01-11,105.98,106.44,105.94,106.44,9600,0.00,0.00,0.00
2019-01-14,105.73,106.14,105.61,105.85,8100,0.00,0.00,0.00
2019-01-15,106.39,106.91,106.32,106.86,15000,0.00,0.00,0.00
2019-01-16,107.22,107.58,107.11,107.29,9800,0.00,0.00,0.00
2019-01-17,106.98,108.16,106.98,107.88,11700,0.00,0.00,0.00
2019-01-18,108.83,109.72,108.61,109.36,63800,0.00,0.00,0.00
2019-01-22,108.84,108.84,107.45,107.55,5200,0.00,0.00,0.00
2019-01-23,108.35,108.53,107.20,107.96,12800,0.00,0.00,0.00
2019-01-24,107.99,108.44,107.77,108.38,11400,0.00,0.00,0.00
2019-01-25,109.10,109.59,109.10,109.28,10800,0.00,0.00,0.00
2019-01-28,108.37,108.58,108.01,108.57,5200,0.00,0.00,0.00
2019-01-29,108.62,108.67,108.29,108.35,4800,0.00,0.00,0.00
2019-01-30,108.96,110.41,108.74,110.01,10700,0.00,0.00,0.00
2019-01-31,110.21,111.16,110.01,111.05,41300,0.00,0.00,0.00
2019-02-01,111.24,111.50,110.81,111.16,92200,0.00,0.00,0.00
2019-02-04,111.26,111.80,110.96,111.79,7700,0.00,0.00,0.00
2019-02-05,112.08,112.56,111.97,112.50,96500,0.00,0.00,0.00
2019-02-06,112.21,112.37,111.99,112.26,9900,0.00,0.00,0.00
2019-02-07,111.41,111.78,110.57,111.18,16800,0.00,0.00,0.00
2019-02-08,110.72,111.35,110.45,111.35,10700,0.00,0.00,0.00
2019-02-11,111.60,111.65,111.38,111.61,15500,0.00,0.00,0.00
2019-02-12,112.39,113.10,112.39,113.03,4800,0.00,0.00,0.00
2019-02-13,113.69,113.69,113.17,113.36,34000,0.00,0.00,0.00
2019-02-14,112.88,113.53,112.56,113.37,15700,0.00,0.00,0.00
2019-02-15,113.90,114.29,113.86,114.29,8200,0.00,0.00,0.00
2019-02-19,114.20,114.84,114.20,114.79,3700,0.00,0.00,0.00
2019-02-20,114.60,114.86,114.57,114.83,5700,0.00,0.00,0.00
2019-02-21,114.58,114.58,114.27,114.47,5600,0.00,0.00,0.00
2019-02-22,114.81,115.24,114.81,115.09,6100,0.00,0.00,0.00
2019-02-25,115.84,116.07,115.33,115.33,11300,0.00,0.00,0.00
2019-02-26,115.12,115.54,115.12,115.31,4700,0.00,0.00,0.00
2019-02-27,115.02,115.24,114.55,115.18,3300,0.00,0.00,0.00
2019-02-28,115.18,115.25,114.90,114.93,5700,0.00,0.00,0.00
2019-03-01,115.62,115.84,115.07,115.72,9700,0.00,0.00,0.00
2019-03-04,116.06,116.16,114.45,114.92,7000,0.00,0.00,0.00
2019-03-05,115.12,115.28,114.72,115.15,4600,0.00,0.00,0.00
2019-03-06,114.32,114.34,114.12,114.16,3500,0.00,0.00,0.00
2019-03-07,113.50,113.55,113.15,113.15,8300,0.00,0.00,0.00
2019-03-08,112.30,112.95,112.30,112.95,11400,0.00,0.00,0.00
2019-03-11,113.43,114.57,113.21,114.57,6000,0.00,0.00,0.00
2019-03-12,115.11,115.19,114.91,114.91,4300,0.00,0.00,0.00
2019-03-13,115.32,116.05,115.32,115.80,8000,0.00,0.00,0.00
2019-03-14,115.68,115.83,115.55,115.66,4700,0.00,0.00,0.00
2019-03-15,116.01,116.42,116.01,116.22,3600,0.00,0.00,0.00
2019-03-18,116.37,116.73,116.33,116.63,7000,0.00,0.00,0.00
2019-03-19,117.14,117.38,116.47,116.47,8400,0.00,0.00,0.00
2019-03-20,116.69,116.98,115.75,116.25,14700,0.00,0.00,0.00
2019-03-21,115.77,117.60,115.77,117.54,15400,0.00,0.00,0.00
2019-03-22,117.03,117.12,115.05,115.05,6700,0.00,0.00,0.00
2019-03-25,114.91,115.43,114.47,115.10,5200,0.48,0.00,0.00
2019-03-26,115.65,116.32,115.48,115.73,4600,0.00,0.00,0.00
2019-03-27,115.96,116.04,115.23,115.38,4300,0.00,0.00,0.00
2019-03-28,115.59,115.91,115.59,115.79,4500,0.00,0.00,0.00
2019-03-29,116.45,116.63,116.08,116.63,13500,0.00,0.00,0.00
2019-04-01,117.34,117.99,117.34,117.81,6200,0.00,0.00,0.00
2019-04-02,117.84,118.03,117.66,118.01,10200,0.00,0.00,0.00
2019-04-03,118.50,118.66,117.96,118.23,10300,0.00,0.00,0.00
2019-04-04,118.37,118.57,118.01,118.44,7200,0.00,0.00,0.00
2019-04-05,118.80,119.09,118.74,119.04,6500,0.00,0.00,0.00
2019-04-08,118.84,119.21,118.80,119.21,6200,0.00,0.00,0.00
2019-04-09,118.91,118.91,118.39,118.42,6900,0.00,0.00,0.00
2019-04-10,118.81,119.03,118.70,119.01,4900,0.00,0.00,0.00
2019-04-11,119.42,119.42,118.87,119.04,4400,0.00,0.00,0.00
2019-04-12,119.77,119.82,119.46,119.73,9900,0.00,0.00,0.00
2019-04-15,120.02,120.02,119.43,119.71,10900,0.00,0.00,0.00
2019-04-16,120.07,120.08,119.59,119.68,41300,0.00,0.00,0.00
2019-04-17,119.95,119.95,119.19,119.41,7000,0.00,0.00,0.00
2019-04-18,119.41,119.61,118.98,119.47,7400,0.00,0.00,0.00
2019-04-22,119.30,119.54,119.19,119.45,4300,0.00,0.00,0.00
2019-04-23,119.85,120.80,119.76,120.77,11800,0.00,0.00,0.00
2019-04-24,120.64,120.93,120.61,120.65,3800,0.00,0.00,0.00
2019-04-25,120.55,120.59,120.22,120.46,5200,0.00,0.00,0.00
2019-04-26,120.38,120.86,120.19,120.82,5300,0.00,0.00,0.00
2019-04-29,121.16,121.38,121.16,121.25,4200,0.00,0.00,0.00
2019-04-30,120.93,121.21,120.58,121.21,3100,0.00,0.00,0.00
2019-05-01,121.58,121.58,120.37,120.38,6500,0.00,0.00,0.00
2019-05-02,120.28,120.69,119.77,120.12,3300,0.00,0.00,0.00
2019-05-03,120.66,121.48,120.66,121.47,2600,0.00,0.00,0.00
2019-05-06,119.35,121.08,119.35,121.08,6400,0.00,0.00,0.00
2019-05-07,119.88,119.96,118.30,118.94,4400,0.00,0.00,0.00
2019-05-08,118.74,119.22,118.72,118.77,10000,0.00,0.00,0.00
2019-05-09,117.84,118.52,117.02,118.39,8800,0.00,0.00,0.00
2019-05-10,117.97,119.18,116.79,118.89,37400,0.00,0.00,0.00
2019-05-13,116.86,116.86,115.60,116.02,9200,0.00,0.00,0.00
2019-05-14,117.02,117.39,116.99,116.99,3500,0.00,0.00,0.00
2019-05-15,116.29,117.76,116.29,117.56,2800,0.00,0.00,0.00
2019-05-16,118.17,119.08,118.00,118.49,2500,0.00,0.00,0.00
2019-05-17,117.90,118.82,117.82,117.82,4000,0.00,0.00,0.00
2019-05-20,117.08,117.51,116.83,117.00,1600,0.00,0.00,0.00
2019-05-21,117.78,118.27,117.78,118.02,6000,0.00,0.00,0.00
2019-05-22,117.85,118.03,117.52,117.69,5600,0.00,0.00,0.00
2019-05-23,117.02,117.02,115.63,115.97,2800,0.00,0.00,0.00
2019-05-24,116.77,116.77,116.47,116.61,37500,0.00,0.00,0.00
2019-05-28,116.69,117.07,115.56,115.56,4200,0.00,0.00,0.00
2019-05-29,114.93,114.94,114.27,114.75,6400,0.00,0.00,0.00
2019-05-30,115.24,115.39,114.80,114.85,2600,0.00,0.00,0.00
2019-05-31,113.73,113.74,113.49,113.54,3400,0.00,0.00,0.00
2019-06-03,113.54,113.78,112.98,113.06,27400,0.00,0.00,0.00
2019-06-04,114.16,115.53,114.16,115.53,900,0.00,0.00,0.00
2019-06-05,116.24,116.42,115.69,116.42,5600,0.00,0.00,0.00
2019-06-06,116.51,117.29,116.51,117.20,5000,0.00,0.00,0.00
2019-06-07,117.51,118.56,117.51,118.56,3000,0.00,0.00,0.00
2019-06-10,118.93,119.69,118.91,118.91,12900,0.00,0.00,0.00
2019-06-11,119.82,119.93,118.65,118.98,2200,0.00,0.00,0.00
2019-06-12,118.72,118.84,118.47,118.64,6500,0.00,0.00,0.00
2019-06-13,119.28,119.28,118.94,119.21,25200,0.00,0.00,0.00
2019-06-14,119.46,119.46,118.78,119.31,8900,0.00,0.00,0.00
2019-06-17,119.30,119.48,119.17,119.33,8200,0.00,0.00,0.00
2019-06-18,120.05,120.89,120.05,120.39,5200,0.00,0.00,0.00
2019-06-19,120.39,120.96,120.30,120.83,19100,0.00,0.00,0.00
2019-06-20,122.09,122.09,121.23,121.87,9700,0.00,0.00,0.00
2019-06-21,121.74,121.83,121.37,121.56,8000,0.63,0.00,0.00
2019-06-24,121.73,121.73,121.50,121.55,1800,0.00,0.00,0.00
2019-06-25,121.38,121.38,120.02,120.14,4500,0.00,0.00,0.00
2019-06-26,120.57,120.57,119.91,120.06,13200,0.00,0.00,0.00
2019-06-27,120.58,120.66,120.24,120.61,6600,0.00,0.00,0.00
2019-06-28,120.79,121.27,120.79,121.27,31600,0.00,0.00,0.00
2019-07-01,122.88,122.88,121.83,122.19,15600,0.00,0.00,0.00
2019-07-02,122.27,122.45,122.16,122.41,7600,0.00,0.00,0.00
2019-07-03,123.01,123.46,122.86,123.43,3600,0.00,0.00,0.00
2019-07-05,123.30,123.43,122.62,123.23,3900,0.00,0.00,0.00
2019-07-08,123.06,123.06,122.58,122.76,9600,0.00,0.00,0.00
2019-07-09,122.25,123.05,122.25,123.03,2600,0.00,0.00,0.00
2019-07-10,123.51,123.66,123.46,123.50,3600,0.00,0.00,0.00
2019-07-11,123.80,123.80,123.36,123.59,7700,0.00,0.00,0.00
2019-07-12,124.01,124.26,123.90,124.26,12100,0.00,0.00,0.00
2019-07-15,124.57,124.57,124.09,124.25,5300,0.00,0.00,0.00
2019-07-16,124.20,124.36,123.90,123.97,4500,0.00,0.00,0.00
2019-07-17,123.96,123.96,123.18,123.18,2200,0.00,0.00,0.00
2019-07-18,123.05,123.24,122.83,123.16,2400,0.00,0.00,0.00
2019-07-19,124.13,124.13,123.05,123.05,2900,0.00,0.00,0.00
2019-07-22,123.30,123.30,122.90,123.08,20000,0.00,0.00,0.00
2019-07-23,123.70,123.91,123.33,123.90,3900,0.00,0.00,0.00
2019-07-24,124.12,124.68,124.12,124.67,3700,0.00,0.00,0.00
2019-07-25,124.68,124.68,123.76,124.09,5200,0.00,0.00,0.00
2019-07-26,124.38,125.01,124.38,124.98,7200,0.00,0.00,0.00
2019-07-29,125.03,125.03,124.47,124.68,7300,0.00,0.00,0.00
2019-07-30,124.26,124.53,124.15,124.39,66400,0.00,0.00,0.00
2019-07-31,124.65,124.65,122.71,123.27,5000,0.00,0.00,0.00
2019-08-01,123.36,124.27,121.87,121.91,19000,0.00,0.00,0.00
2019-08-02,121.62,121.62,120.45,120.98,16400,0.00,0.00,0.00
2019-08-05,119.08,119.08,116.88,117.51,14100,0.00,0.00,0.00
2019-08-06,118.33,118.96,117.56,118.91,8100,0.00,0.00,0.00
2019-08-07,117.68,119.18,117.01,119.18,16100,0.00,0.00,0.00
2019-08-08,119.55,121.34,119.55,121.21,9600,0.00,0.00,0.00
2019-08-09,120.94,120.94,119.84,120.50,16800,0.00,0.00,0.00
2019-08-12,119.69,119.80,118.60,119.00,12100,0.00,0.00,0.00
2019-08-13,118.96,121.25,118.96,120.63,8600,0.00,0.00,0.00
2019-08-14,118.71,118.89,117.20,117.20,21800,0.00,0.00,0.00
2019-08-15,117.20,117.77,116.63,117.35,13900,0.00,0.00,0.00
2019-08-16,118.07,119.32,118.07,119.20,49500,0.00,0.00,0.00
2019-08-19,120.60,120.77,120.39,120.57,30400,0.00,0.00,0.00
2019-08-20,120.21,120.44,119.80,119.80,9500,0.00,0.00,0.00
2019-08-21,120.59,120.75,120.33,120.64,16300,0.00,0.00,0.00
2019-08-22,120.85,121.10,119.87,120.62,15700,0.00,0.00,0.00
2019-08-23,120.07,120.74,117.40,117.40,8700,0.00,0.00,0.00
2019-08-26,118.35,118.58,117.91,118.50,21500,0.00,0.00,0.00
2019-08-27,119.29,119.42,117.97,118.23,11600,0.00,0.00,0.00
2019-08-28,117.76,118.96,117.58,118.94,12400,0.00,0.00,0.00
2019-08-29,120.07,120.78,119.78,120.65,15200,0.00,0.00,0.00
2019-08-30,121.02,121.13,120.24,120.61,9100,0.00,0.00,0.00
2019-09-03,119.84,120.00,119.23,119.69,10200,0.00,0.00,0.00
2019-09-04,120.74,121.02,120.66,121.00,2700,0.00,0.00,0.00
2019-09-05,122.22,122.96,122.22,122.66,20600,0.00,0.00,0.00
2019-09-06,122.67,122.93,122.55,122.65,7100,0.00,0.00,0.00
2019-09-09,123.04,123.04,122.46,122.73,5700,0.00,0.00,0.00
2019-09-10,122.40,122.67,121.88,122.67,4400,0.00,0.00,0.00
2019-09-11,122.91,123.86,122.91,123.86,4300,0.00,0.00,0.00
2019-09-12,124.30,124.57,124.02,124.26,6600,0.00,0.00,0.00
2019-09-13,124.48,124.52,124.12,124.24,5100,0.00,0.00,0.00
2019-09-16,123.91,123.98,123.65,123.90,5400,0.00,0.00,0.00
2019-09-17,123.82,123.97,123.82,123.91,3100,0.00,0.00,0.00
2019-09-18,123.88,124.18,123.06,124.18,8800,0.00,0.00,0.00
2019-09-19,124.32,124.74,124.13,124.13,3300,0.00,0.00,0.00
2019-09-20,124.48,124.48,123.52,123.57,6800,0.00,0.00,0.00
2019-09-23,123.46,123.89,123.44,123.59,3700,0.00,0.00,0.00
2019-09-24,123.78,124.00,122.36,122.41,6900,0.00,0.00,0.00
2019-09-25,122.42,123.41,121.91,123.21,15800,0.00,0.00,0.00
2019-09-26,123.27,123.27,122.32,122.82,4900,0.65,0.00,0.00
2019-09-27,123.09,123.16,122.06,122.11,3400,0.00,0.00,0.00
2019-09-30,122.43,123.02,122.43,122.97,6200,0.00,0.00,0.00
2019-10-01,123.24,123.26,121.16,121.16,6600,0.00,0.00,0.00
2019-10-02,120.29,120.29,118.81,119.08,10100,0.00,0.00,0.00
2019-10-03,118.95,120.01,117.87,120.01,5500,0.00,0.00,0.00
2019-10-04,120.39,121.27,120.39,121.27,2700,0.00,0.00,0.00
2019-10-07,121.31,121.97,121.17,121.26,16400,0.00,0.00,0.00
2019-10-08,120.27,120.33,119.30,119.30,56800,0.00,0.00,0.00
2019-10-09,120.20,120.74,120.09,120.54,5900,0.00,0.00,0.00
2019-10-10,120.44,121.46,120.44,121.03,4800,0.00,0.00,0.00
2019-10-11,122.78,123.36,122.71,122.71,8100,0.00,0.00,0.00
2019-10-14,122.48,122.48,122.36,122.38,1400,0.00,0.00,0.00
2019-10-15,122.70,123.81,122.70,123.59,14000,0.00,0.00,0.00
2019-10-16,123.41,123.51,123.15,123.30,5000,0.00,0.00,0.00
2019-10-17,123.86,123.86,123.70,123.79,1600,0.00,0.00,0.00
2019-10-18,123.56,123.62,122.80,123.34,8600,0.00,0.00,0.00
2019-10-21,123.87,124.09,123.72,124.09,7500,0.00,0.00,0.00
2019-10-22,124.20,124.33,123.69,123.69,4700,0.00,0.00,0.00
2019-10-23,123.69,123.89,123.51,123.88,4400,0.00,0.00,0.00
2019-10-24,124.30,124.35,123.89,124.31,13000,0.00,0.00,0.00
2019-10-25,124.22,124.84,124.21,124.78,3600,0.00,0.00,0.00
2019-10-28,125.30,125.67,125.30,125.53,6700,0.00,0.00,0.00
2019-10-29,125.35,125.89,125.35,125.50,8700,0.00,0.00,0.00
2019-10-30,125.40,125.81,125.22,125.81,4900,0.00,0.00,0.00
2019-10-31,125.76,125.76,124.80,125.20,272700,0.00,0.00,0.00
2019-11-01,125.87,126.63,125.87,126.62,44900,0.00,0.00,0.00
2019-11-04,127.42,127.42,127.02,127.13,6200,0.00,0.00,0.00
2019-11-05,127.24,127.25,127.01,127.01,5500,0.00,0.00,0.00
2019-11-06,127.02,127.10,126.72,127.02,12700,0.00,0.00,0.00
2019-11-07,127.71,127.96,127.25,127.41,29100,0.00,0.00,0.00
2019-11-08,127.31,127.74,127.14,127.74,7500,0.00,0.00,0.00
2019-11-11,127.27,127.62,127.27,127.54,2600,0.00,0.00,0.00
2019-11-12,127.73,128.26,127.62,127.77,5900,0.00,0.00,0.00
2019-11-13,127.63,127.98,127.35,127.85,11300,0.00,0.00,0.00
2019-11-14,127.96,127.98,127.44,127.98,30400,0.00,0.00,0.00
2019-11-15,128.71,128.87,128.70,128.87,6100,0.00,0.00,0.00
2019-11-18,129.10,129.10,128.66,129.00,13000,0.00,0.00,0.00
2019-11-19,129.17,129.26,128.79,129.14,8800,0.00,0.00,0.00
2019-11-20,129.02,129.03,128.03,128.59,5400,0.00,0.00,0.00
2019-11-21,128.87,128.87,128.26,128.34,6100,0.00,0.00,0.00
2019-11-22,128.61,128.66,128.29,128.55,2200,0.00,0.00,0.00
2019-11-25,129.03,129.69,129.03,129.69,4700,0.00,0.00,0.00
2019-11-26,129.81,130.10,129.81,130.08,13800,0.00,0.00,0.00
2019-11-27,130.44,130.69,130.29,130.69,3300,0.00,0.00,0.00
2019-11-29,130.57,130.57,130.08,130.08,22500,0.00,0.00,0.00
2019-12-02,130.23,130.23,128.97,128.97,10100,0.00,0.00,0.00
2019-12-03,127.75,128.22,127.42,128.19,8200,0.00,0.00,0.00
2019-12-04,128.76,129.22,128.76,129.11,2100,0.00,0.00,0.00
2019-12-05,129.21,129.23,128.81,129.14,11300,0.00,0.00,0.00
2019-12-06,130.22,130.55,130.22,130.40,8300,0.00,0.00,0.00
2019-12-09,130.46,130.47,129.97,129.97,4300,0.00,0.00,0.00
2019-12-10,130.05,130.14,129.67,129.72,14500,0.00,0.00,0.00
2019-12-11,130.02,130.17,129.89,130.16,5500,0.00,0.00,0.00
2019-12-12,130.24,131.52,130.08,131.25,3700,0.00,0.00,0.00
2019-12-13,131.27,131.71,130.93,131.13,9800,0.00,0.00,0.00
2019-12-16,132.00,132.50,132.00,132.21,13400,0.66,0.00,0.00
2019-12-17,132.50,132.50,132.26,132.33,21600,0.00,0.00,0.00
2019-12-18,132.52,132.52,132.28,132.51,4600,0.00,0.00,0.00
2019-12-19,132.55,132.89,132.43,132.82,8800,0.00,0.00,0.00
2019-12-20,133.39,133.64,133.37,133.63,10600,0.00,0.00,0.00
2019-12-23,133.60,133.95,133.60,133.62,6900,0.00,0.00,0.00
2019-12-24,133.61,133.68,133.61,133.67,2000,0.00,0.00,0.00
2019-12-26,134.04,134.22,134.04,134.22,2100,0.00,0.00,0.00
2019-12-27,134.81,134.81,134.09,134.09,7200,0.00,0.00,0.00
2019-12-30,134.26,134.26,133.24,133.42,14900,0.00,0.00,0.00
2019-12-31,133.41,133.92,133.34,133.79,14900,0.00,0.00,0.00
2020-01-02,134.58,134.85,134.07,134.85,13600,0.00,0.00,0.00
2020-01-03,133.26,134.43,133.26,134.11,13300,0.00,0.00,0.00
2020-01-06,133.20,134.44,133.20,134.44,30700,0.00,0.00,0.00
2020-01-07,134.44,134.44,134.15,134.20,5100,0.00,0.00,0.00
2020-01-08,134.15,135.38,134.15,134.85,16300,0.00,0.00,0.00
2020-01-09,135.63,135.72,135.35,135.69,13000,0.00,0.00,0.00
2020-01-10,135.88,135.97,135.31,135.34,10300,0.00,0.00,0.00
2020-01-13,135.72,136.26,135.56,136.26,8800,0.00,0.00,0.00
2020-01-14,136.28,136.64,135.83,136.19,13000,0.00,0.00,0.00
2020-01-15,136.48,136.91,136.11,136.39,19900,0.00,0.00,0.00
2020-01-16,137.25,137.54,137.19,137.53,15800,0.00,0.00,0.00
2020-01-17,138.23,138.23,137.84,138.01,7200,0.00,0.00,0.00
2020-01-21,137.81,138.04,137.57,137.67,16400,0.00,0.00,0.00
2020-01-22,138.03,138.44,137.74,137.74,12700,0.00,0.00,0.00
2020-01-23,137.31,137.91,137.08,137.90,262900,0.00,0.00,0.00
2020-01-24,138.32,138.32,136.24,136.44,26100,0.00,0.00,0.00
2020-01-27,134.75,135.09,134.10,134.54,14700,0.00,0.00,0.00
2020-01-28,135.33,136.10,135.00,136.00,5900,0.00,0.00,0.00
2020-01-29,135.99,136.32,135.86,135.87,8500,0.00,0.00,0.00
2020-01-30,135.00,136.14,134.64,136.14,12100,0.00,0.00,0.00
2020-01-31,135.86,135.86,133.37,133.75,26900,0.00,0.00,0.00
2020-02-03,135.14,135.33,134.61,134.85,40300,0.00,0.00,0.00
2020-02-04,136.72,137.15,136.61,136.92,9800,0.00,0.00,0.00
2020-02-05,138.24,138.34,137.58,138.21,10100,0.00,0.00,0.00
2020-02-06,139.19,139.19,138.45,138.79,91400,0.00,0.00,0.00
2020-02-07,138.59,138.59,137.90,138.04,13500,0.00,0.00,0.00
2020-02-10,137.66,138.97,137.66,138.97,6400,0.00,0.00,0.00
2020-02-11,139.59,140.12,139.30,139.30,7000,0.00,0.00,0.00
2020-02-12,140.06,140.47,140.00,140.32,11700,0.00,0.00,0.00
2020-02-13,140.12,140.70,139.74,140.36,8600,0.00,0.00,0.00
2020-02-14,140.42,140.58,140.02,140.54,3300,0.00,0.00,0.00
2020-02-18,140.22,140.22,139.52,140.15,13700,0.00,0.00,0.00
2020-02-19,140.59,141.00,140.45,140.71,10400,0.00,0.00,0.00
2020-02-20,140.69,140.89,139.47,140.28,5400,0.00,0.00,0.00
2020-02-21,139.89,139.89,138.49,138.77,10900,0.00,0.00,0.00
2020-02-24,134.78,135.38,133.77,134.48,18100,0.00,0.00,0.00
2020-02-25,135.16,135.16,130.06,130.12,6600,0.00,0.00,0.00
2020-02-26,130.47,132.07,129.42,129.42,13000,0.00,0.00,0.00
2020-02-27,126.76,128.67,124.28,124.28,45300,0.00,0.00,0.00
2020-02-28,121.95,122.97,118.98,122.96,46700,0.00,0.00,0.00
2020-03-02,123.35,127.53,122.54,127.53,101500,0.00,0.00,0.00
2020-03-03,128.96,129.87,123.74,124.74,43800,0.00,0.00,0.00
2020-03-04,127.42,129.74,126.40,129.74,18500,0.00,0.00,0.00
2020-03-05,126.57,127.00,124.58,125.52,11800,0.00,0.00,0.00
2020-03-06,122.25,123.37,120.44,123.29,11100,0.00,0.00,0.00
2020-03-09,118.72,120.20,113.39,113.56,34900,0.00,0.00,0.00
2020-03-10,118.23,118.91,112.89,118.79,168900,0.00,0.00,0.00
2020-03-11,115.86,115.86,111.49,112.86,29400,0.00,0.00,0.00
2020-03-12,106.92,109.07,91.38,102.19,86000,0.00,0.00,0.00
2020-03-13,107.38,108.52,102.47,108.51,32600,0.00,0.00,0.00
2020-03-16,96.48,104.50,96.48,99.39,76300,0.00,0.00,0.00
2020-03-17,99.61,103.99,97.62,102.82,94900,0.00,0.00,0.00
2020-03-18,97.02,99.61,92.38,96.22,56000,0.00,0.00,0.00
2020-03-19,96.81,100.21,93.82,98.21,48000,0.00,0.00,0.00
2020-03-20,100.14,100.14,94.13,94.13,60100,0.00,0.00,0.00
2020-03-23,92.96,93.70,89.35,92.01,366500,0.00,0.00,0.00
2020-03-24,97.10,100.18,96.07,100.18,111700,0.00,0.00,0.00
2020-03-25,101.30,105.51,98.69,101.27,56400,0.00,0.00,0.00
2020-03-26,103.10,107.66,102.91,107.66,55900,0.58,0.00,0.00
2020-03-27,105.18,106.75,103.35,104.08,25000,0.00,0.00,0.00
2020-03-30,104.64,107.64,104.64,107.37,68900,0.00,0.00,0.00
2020-03-31,107.42,107.97,105.50,105.77,25600,0.00,0.00,0.00
2020-04-01,102.65,103.04,100.06,101.09,33300,0.00,0.00,0.00
2020-04-02,100.95,103.01,100.31,103.01,42700,0.00,0.00,0.00
2020-04-03,102.75,102.91,100.52,101.34,20700,0.00,0.00,0.00
2020-04-06,104.89,108.88,104.89,108.44,15400,0.00,0.00,0.00
2020-04-07,112.82,112.82,108.82,108.82,25400,0.00,0.00,0.00
2020-04-08,109.16,112.88,109.16,112.32,24900,0.00,0.00,0.00
2020-04-09,114.02,115.54,113.46,114.52,17800,0.00,0.00,0.00
2020-04-13,113.61,113.67,111.75,113.24,26100,0.00,0.00,0.00
2020-04-14,114.88,116.61,114.88,116.56,9300,0.00,0.00,0.00
2020-04-15,114.70,114.70,113.09,113.84,21200,0.00,0.00,0.00
2020-04-16,115.14,115.14,112.96,114.27,29600,0.00,0.00,0.00
2020-04-17,117.21,117.54,116.16,117.54,14800,0.00,0.00,0.00
2020-04-20,116.60,117.49,115.61,115.82,10700,0.00,0.00,0.00
2020-04-21,114.04,114.04,111.79,112.31,22100,0.00,0.00,0.00
2020-04-22,114.58,115.13,113.97,114.66,15900,0.00,0.00,0.00
2020-04-23,115.68,116.55,114.72,114.72,18300,0.00,0.00,0.00
2020-04-24,115.81,116.27,115.05,116.15,26500,0.00,0.00,0.00
2020-04-27,117.72,118.56,117.08,118.43,7800,0.00,0.00,0.00
2020-04-28,120.39,120.39,117.90,117.94,17600,0.00,0.00,0.00
2020-04-29,121.10,121.96,120.08,121.44,13800,0.00,0.00,0.00
2020-04-30,120.82,120.82,119.36,119.80,13100,0.00,0.00,0.00
2020-05-01,117.25,117.72,116.05,116.32,102700,0.00,0.00,0.00
2020-05-04,115.70,116.93,115.16,116.89,16700,0.00,0.00,0.00
2020-05-05,118.87,119.26,118.44,118.44,3300,0.00,0.00,0.00
2020-05-06,119.26,119.26,117.30,117.50,14200,0.00,0.00,0.00
2020-05-07,119.35,119.57,118.66,118.96,21500,0.00,0.00,0.00
2020-05-08,119.78,121.09,119.78,121.02,8900,0.00,0.00,0.00
2020-05-11,119.91,121.52,119.91,121.24,20600,0.00,0.00,0.00
2020-05-12,121.63,121.63,118.38,118.38,51000,0.00,0.00,0.00
2020-05-13,118.55,118.55,115.37,116.12,10100,0.00,0.00,0.00
2020-05-14,114.59,117.26,114.05,117.23,11900,0.00,0.00,0.00
2020-05-15,116.25,118.01,116.04,118.01,11700,0.00,0.00,0.00
2020-05-18,120.81,122.64,120.81,122.64,13900,0.00,0.00,0.00
2020-05-19,122.09,122.64,121.37,121.40,79200,0.00,0.00,0.00
2020-05-20,122.81,123.29,122.39,122.95,9900,0.00,0.00,0.00
2020-05-21,122.87,122.89,122.19,122.19,3600,0.00,0.00,0.00
2020-05-22,121.97,122.51,121.64,122.26,4800,0.00,0.00,0.00
2020-05-26,124.79,125.14,124.15,124.15,2500,0.00,0.00,0.00
2020-05-27,125.30,126.15,123.73,126.15,5700,0.00,0.00,0.00
2020-05-28,126.77,127.29,125.62,125.62,19300,0.00,0.00,0.00
2020-05-29,125.80,126.03,124.58,126.03,6800,0.00,0.00,0.00
2020-06-01,126.56,127.17,125.88,126.98,16900,0.00,0.00,0.00
2020-06-02,127.55,127.69,127.38,127.42,5400,0.00,0.00,0.00
2020-06-03,128.70,130.00,128.70,130.00,13600,0.00,0.00,0.00
2020-06-04,129.27,130.17,129.23,129.41,5100,0.00,0.00,0.00
2020-06-05,132.05,133.52,132.05,132.83,44600,0.00,0.00,0.00
2020-06-08,133.26,134.63,133.26,134.63,5800,0.00,0.00,0.00
2020-06-09,133.02,133.93,132.87,133.56,16100,0.00,0.00,0.00
2020-06-10,134.17,134.17,132.65,132.68,11500,0.00,0.00,0.00
2020-06-11,128.63,129.39,124.59,124.65,14200,0.00,0.00,0.00
2020-06-12,127.59,127.59,123.75,126.44,12100,0.00,0.00,0.00
2020-06-15,123.62,128.03,123.34,127.62,9400,0.00,0.00,0.00
2020-06-16,131.97,131.97,129.20,130.00,6100,0.00,0.00,0.00
2020-06-17,130.44,130.50,129.55,129.57,6100,0.00,0.00,0.00
2020-06-18,128.84,129.71,128.84,129.64,2200,0.00,0.00,0.00
2020-06-19,130.65,130.90,128.49,129.05,6500,0.00,0.00,0.00
2020-06-22,128.75,129.92,128.67,129.83,2800,0.00,0.00,0.00
2020-06-23,130.73,131.29,130.28,130.34,15600,0.00,0.00,0.00
2020-06-24,129.63,129.63,126.45,126.81,5300,0.00,0.00,0.00
2020-06-25,126.82,128.32,125.75,128.32,7600,0.57,0.00,0.00
2020-06-26,127.93,127.93,125.23,125.23,62600,0.00,0.00,0.00
2020-06-29,125.77,127.14,125.77,127.14,8800,0.00,0.00,0.00
2020-06-30,127.25,129.07,127.12,129.04,6200,0.00,0.00,0.00
2020-07-01,129.67,130.11,129.36,130.11,106000,0.00,0.00,0.00
2020-07-02,131.30,131.91,130.24,130.43,13300,0.00,0.00,0.00
2020-07-06,132.69,132.69,131.91,132.41,25300,0.00,0.00,0.00
2020-07-07,131.62,132.57,130.99,131.07,5200,0.00,0.00,0.00
2020-07-08,131.94,131.94,131.27,131.56,2900,0.00,0.00,0.00
2020-07-09,132.38,132.53,130.63,131.24,2800,0.00,0.00,0.00
2020-07-10,131.82,132.80,131.82,132.76,4200,0.00,0.00,0.00
2020-07-13,133.69,134.72,131.77,131.77,8700,0.00,0.00,0.00
2020-07-14,131.00,132.36,130.24,132.19,9900,0.00,0.00,0.00
2020-07-15,134.72,134.81,133.73,134.64,5700,0.00,0.00,0.00
2020-07-16,133.94,134.03,133.63,134.03,12000,0.00,0.00,0.00
2020-07-17,133.76,134.64,133.76,134.52,3000,0.00,0.00,0.00
2020-07-20,134.59,135.87,134.33,135.78,12800,0.00,0.00,0.00
2020-07-21,137.31,137.31,135.79,136.05,4800,0.00,0.00,0.00
2020-07-22,136.43,136.43,136.01,136.34,5400,0.00,0.00,0.00
2020-07-23,136.95,137.02,134.80,134.93,49100,0.00,0.00,0.00
2020-07-24,134.69,134.69,134.05,134.14,1400,0.00,0.00,0.00
2020-07-27,134.27,135.28,134.27,135.28,22800,0.00,0.00,0.00
2020-07-28,134.94,135.41,134.35,134.41,5400,0.00,0.00,0.00
2020-07-29,135.26,136.45,135.16,136.15,7600,0.00,0.00,0.00
2020-07-30,134.64,135.81,134.29,135.78,2900,0.00,0.00,0.00
2020-07-31,136.56,136.56,134.62,136.44,118200,0.00,0.00,0.00
2020-08-03,137.26,138.06,137.20,137.66,20900,0.00,0.00,0.00
2020-08-04,137.30,138.29,136.79,138.29,15500,0.00,0.00,0.00
2020-08-05,138.63,139.39,138.63,139.38,3200,0.00,0.00,0.00
2020-08-06,139.28,140.00,139.04,139.96,11800,0.00,0.00,0.00
2020-08-07,139.41,140.23,139.20,140.10,50800,0.00,0.00,0.00
2020-08-10,140.29,140.57,139.98,140.46,234900,0.00,0.00,0.00
2020-08-11,140.47,141.32,139.61,139.61,8100,0.00,0.00,0.00
2020-08-12,140.67,141.54,140.67,141.27,5300,0.00,0.00,0.00
2020-08-13,141.07,141.65,140.89,141.12,7900,0.00,0.00,0.00
2020-08-14,140.90,141.24,140.69,140.85,5100,0.00,0.00,0.00
2020-08-17,141.45,141.77,141.45,141.63,4800,0.00,0.00,0.00
2020-08-18,141.89,142.00,141.30,141.98,2300,0.00,0.00,0.00
2020-08-19,141.82,142.26,141.30,141.30,4500,0.00,0.00,0.00
2020-08-20,140.41,141.90,140.41,141.78,11300,0.00,0.00,0.00
2020-08-21,141.71,142.06,141.66,142.01,4000,0.00,0.00,0.00
2020-08-24,142.78,143.29,142.74,143.29,8700,0.00,0.00,0.00
2020-08-25,143.53,143.90,143.27,143.86,10500,0.00,0.00,0.00
2020-08-26,143.97,145.34,143.97,145.25,5900,0.00,0.00,0.00
2020-08-27,145.60,146.08,144.94,145.63,8800,0.00,0.00,0.00
2020-08-28,146.11,146.57,145.87,146.57,6700,0.00,0.00,0.00
2020-08-31,146.19,146.79,146.19,146.20,6000,0.00,0.00,0.00
2020-09-01,146.08,147.37,146.08,147.35,11700,0.00,0.00,0.00
2020-09-02,148.57,149.86,147.76,149.83,5800,0.00,0.00,0.00
2020-09-03,149.07,149.08,143.53,143.76,9500,0.00,0.00,0.00
2020-09-04,144.64,145.24,139.75,143.81,14300,0.00,0.00,0.00
2020-09-08,140.63,140.86,138.98,138.98,12400,0.00,0.00,0.00
2020-09-09,141.33,142.64,140.58,141.79,22000,0.00,0.00,0.00
2020-09-10,142.96,143.08,139.48,139.81,10600,0.00,0.00,0.00
2020-09-11,140.63,140.63,138.48,139.43,5600,0.48,0.00,0.00
2020-09-14,142.02,142.02,141.53,141.81,2300,0.00,0.00,0.00
2020-09-15,142.74,143.06,142.23,142.23,4000,0.00,0.00,0.00
2020-09-16,143.17,143.53,142.24,142.24,13100,0.00,0.00,0.00
2020-09-17,139.35,140.54,139.35,140.00,7600,0.00,0.00,0.00
2020-09-18,141.42,141.42,138.84,139.31,7100,0.00,0.00,0.00
2020-09-21,136.77,137.68,135.67,137.68,16700,0.00,0.00,0.00
2020-09-22,138.20,139.06,137.75,139.06,3500,0.00,0.00,0.00
2020-09-23,138.83,138.83,135.66,135.66,15500,0.00,0.00,0.00
2020-09-24,134.88,137.39,134.85,135.48,11900,0.00,0.00,0.00
2020-09-25,136.08,138.32,135.96,138.32,10400,0.00,0.00,0.00
2020-09-28,140.38,140.80,139.79,140.80,6300,0.00,0.00,0.00
2020-09-29,140.90,140.90,139.86,140.23,1900,0.00,0.00,0.00
2020-09-30,140.73,142.31,140.73,140.89,12900,0.00,0.00,0.00
2020-10-01,142.17,142.17,141.39,141.69,19800,0.00,0.00,0.00
2020-10-02,139.24,141.59,139.24,140.96,10500,0.00,0.00,0.00
2020-10-05,141.82,143.55,141.59,143.55,6100,0.00,0.00,0.00
2020-10-06,143.90,144.21,141.94,142.04,36200,0.00,0.00,0.00
2020-10-07,142.93,144.60,142.52,144.38,18400,0.00,0.00,0.00
2020-10-08,145.22,145.64,145.12,145.62,105400,0.00,0.00,0.00
2020-10-09,146.22,147.06,146.20,146.74,3600,0.00,0.00,0.00
2020-10-12,148.62,149.50,147.87,149.16,12300,0.00,0.00,0.00
2020-10-13,148.90,148.90,147.95,148.31,3600,0.00,0.00,0.00
2020-10-14,148.86,148.86,147.32,147.41,6000,0.00,0.00,0.00
2020-10-15,146.12,147.35,145.67,147.20,7400,0.00,0.00,0.00
2020-10-16,147.89,148.34,147.20,147.20,9000,0.00,0.00,0.00
2020-10-19,147.45,147.45,146.26,146.26,5400,0.00,0.00,0.00
2020-10-20,145.46,146.84,145.23,145.61,42100,0.00,0.00,0.00
2020-10-21,145.36,146.25,145.13,145.46,9300,0.00,0.00,0.00
2020-10-22,145.34,145.94,144.26,145.74,11400,0.00,0.00,0.00
2020-10-23,146.30,146.30,145.54,146.22,7200,0.00,0.00,0.00
2020-10-26,144.75,145.20,142.41,143.70,43200,0.00,0.00,0.00
2020-10-27,143.79,144.21,143.21,143.25,13800,0.00,0.00,0.00
2020-10-28,141.08,141.08,138.87,139.23,6200,0.00,0.00,0.00
2020-10-29,138.81,140.84,138.66,139.89,31300,0.00,0.00,0.00
2020-10-30,138.65,138.94,136.87,138.07,15900,0.00,0.00,0.00
2020-11-02,139.89,140.51,138.36,139.52,140600,0.00,0.00,0.00
2020-11-03,141.33,142.96,141.33,142.36,8200,0.00,0.00,0.00
2020-11-04,144.39,147.08,143.81,145.33,25100,0.00,0.00,0.00
2020-11-05,147.59,148.74,147.45,148.51,8100,0.00,0.00,0.00
2020-11-06,148.16,148.62,147.53,148.21,5400,0.00,0.00,0.00
2020-11-09,154.61,154.61,150.08,150.08,54900,0.00,0.00,0.00
2020-11-10,149.91,150.31,148.51,149.95,25800,0.00,0.00,0.00
2020-11-11,150.38,151.35,150.38,151.01,41200,0.00,0.00,0.00
2020-11-12,150.83,150.83,148.96,149.46,25300,0.00,0.00,0.00
2020-11-13,150.38,151.92,150.38,151.77,3300,0.00,0.00,0.00
2020-11-16,153.73,153.73,152.42,153.59,27800,0.00,0.00,0.00
2020-11-17,152.87,153.66,152.17,153.20,13300,0.00,0.00,0.00
2020-11-18,153.21,153.72,151.81,151.82,16600,0.00,0.00,0.00
2020-11-19,152.01,152.55,151.22,152.36,7500,0.00,0.00,0.00
2020-11-20,152.58,152.58,151.73,151.93,4400,0.00,0.00,0.00
2020-11-23,152.49,153.18,152.11,152.74,19200,0.00,0.00,0.00
2020-11-24,154.67,155.31,153.92,155.29,52200,0.00,0.00,0.00
2020-11-25,155.36,155.36,154.69,155.17,10900,0.00,0.00,0.00
2020-11-27,155.91,155.92,155.46,155.67,4800,0.00,0.00,0.00
2020-11-30,155.66,155.66,154.28,154.88,6700,0.00,0.00,0.00
2020-12-01,156.61,157.14,156.33,156.51,12600,0.00,0.00,0.00
2020-12-02,156.09,156.70,155.82,156.66,13400,0.00,0.00,0.00
2020-12-03,157.16,157.49,156.68,156.80,73400,0.00,0.00,0.00
2020-12-04,157.34,158.44,157.22,158.44,22200,0.00,0.00,0.00
2020-12-07,158.31,158.42,157.91,158.30,30400,0.00,0.00,0.00
2020-12-08,158.23,159.08,158.23,158.97,4000,0.00,0.00,0.00
2020-12-09,159.59,159.59,157.21,157.69,13100,0.00,0.00,0.00
2020-12-10,157.63,157.94,157.30,157.77,5500,0.00,0.00,0.00
2020-12-11,156.83,157.47,156.22,157.43,10700,0.00,0.00,0.00
2020-12-14,158.87,158.97,157.08,157.08,15100,0.00,0.00,0.00
2020-12-15,158.21,159.26,157.85,159.24,139000,0.00,0.00,0.00
2020-12-16,159.36,159.79,159.04,159.39,13400,0.00,0.00,0.00
2020-12-17,160.78,160.78,160.07,160.60,9000,0.75,0.00,0.00
2020-12-18,160.91,160.91,159.14,160.11,6700,0.00,0.00,0.00
2020-12-21,158.65,159.78,157.40,159.59,17400,0.00,0.00,0.00
2020-12-22,160.73,160.73,159.68,159.76,10000,0.00,0.00,0.00
2020-12-23,159.91,160.61,159.91,160.09,14700,0.00,0.00,0.00
2020-12-24,160.07,160.30,159.86,160.30,2500,0.00,0.00,0.00
2020-12-28,162.00,162.00,161.13,161.18,9600,0.00,0.00,0.00
2020-12-29,161.59,161.59,160.31,160.54,6900,0.00,0.00,0.00
2020-12-30,161.12,161.41,160.80,160.95,8100,0.00,0.00,0.00
2020-12-31,160.80,161.84,160.64,161.80,4500,0.00,0.00,0.00
2021-01-04,162.18,162.18,157.95,159.42,41300,0.00,0.00,0.00
2021-01-05,159.15,161.09,159.15,160.65,29600,0.00,0.00,0.00
2021-01-06,159.71,163.57,159.71,162.05,13100,0.00,0.00,0.00
2021-01-07,163.58,164.92,163.33,164.69,17500,0.00,0.00,0.00
2021-01-08,165.60,165.66,164.13,165.59,26600,0.00,0.00,0.00
2021-01-11,164.55,165.35,163.99,164.60,20200,0.00,0.00,0.00
2021-01-12,164.81,165.30,163.98,165.23,9400,0.00,0.00,0.00
2021-01-13,165.25,165.71,164.70,165.31,12400,0.00,0.00,0.00
2021-01-14,165.77,166.02,165.03,165.10,16100,0.00,0.00,0.00
2021-01-15,164.42,164.55,163.30,163.86,31600,0.00,0.00,0.00
2021-01-19,164.99,165.32,164.59,165.13,11100,0.00,0.00,0.00
2021-01-20,166.43,167.54,166.43,167.34,26400,0.00,0.00,0.00
2021-01-21,168.15,168.15,166.89,167.22,9000,0.00,0.00,0.00
2021-01-22,166.91,167.12,166.28,166.98,11700,0.00,0.00,0.00
2021-01-25,167.32,167.65,165.71,167.23,30700,0.00,0.00,0.00
2021-01-26,167.50,167.52,166.69,166.69,9300,0.00,0.00,0.00
2021-01-27,165.51,165.51,161.70,162.46,19500,0.00,0.00,0.00
2021-01-28,163.40,165.87,163.40,164.22,22600,0.00,0.00,0.00
2021-01-29,163.87,163.87,160.50,160.95,25400,0.00,0.00,0.00
2021-02-01,163.07,164.15,162.05,164.01,41000,0.00,0.00,0.00
2021-02-02,165.96,166.75,165.56,166.30,17000,0.00,0.00,0.00
2021-02-03,167.24,167.24,166.42,166.42,22000,0.00,0.00,0.00
2021-02-04,166.86,168.38,166.86,168.28,13300,0.00,0.00,0.00
2021-02-05,170.08,170.08,168.68,169.18,30000,0.00,0.00,0.00
2021-02-08,170.83,170.83,169.94,170.71,9500,0.00,0.00,0.00
2021-02-09,170.31,171.23,170.31,170.85,28400,0.00,0.00,0.00
2021-02-10,172.18,172.18,169.94,170.84,15500,0.00,0.00,0.00
2021-02-11,171.71,171.71,170.09,171.13,6400,0.00,0.00,0.00
2021-02-12,171.05,172.03,170.74,172.03,13900,0.00,0.00,0.00
2021-02-16,173.13,173.13,171.67,171.67,10700,0.00,0.00,0.00
2021-02-17,171.31,171.53,170.33,171.44,8500,0.00,0.00,0.00
2021-02-18,170.85,170.85,169.56,170.39,10000,0.00,0.00,0.00
2021-02-19,171.02,171.59,170.65,170.75,5500,0.00,0.00,0.00
2021-02-22,170.08,170.38,169.16,169.17,70000,0.00,0.00,0.00
2021-02-23,168.60,169.50,165.91,169.14,52000,0.00,0.00,0.00
2021-02-24,169.12,171.21,168.75,171.21,12800,0.00,0.00,0.00
2021-02-25,171.35,171.35,166.38,166.76,15100,0.00,0.00,0.00
2021-02-26,167.71,167.80,165.22,166.00,56000,0.00,0.00,0.00
2021-03-01,169.14,170.60,169.14,170.17,69500,0.00,0.00,0.00
2021-03-02,170.10,170.10,168.58,168.64,61700,0.00,0.00,0.00
2021-03-03,168.64,168.79,166.17,166.17,19600,0.00,0.00,0.00
2021-03-04,165.72,167.05,161.51,163.50,97400,0.00,0.00,0.00
2021-03-05,165.96,166.06,161.72,166.05,12700,0.00,0.00,0.00
2021-03-08,166.75,168.38,165.99,166.09,19900,0.00,0.00,0.00
2021-03-09,168.11,169.54,167.59,169.15,14500,0.00,0.00,0.00
2021-03-10,170.10,170.29,169.16,169.50,17700,0.00,0.00,0.00
2021-03-11,171.32,172.32,170.85,171.62,12200,0.00,0.00,0.00
2021-03-12,171.02,171.96,170.81,171.96,14800,0.00,0.00,0.00
2021-03-15,172.97,173.12,171.39,173.12,39300,0.00,0.00,0.00
2021-03-16,174.25,174.25,172.35,172.64,11400,0.00,0.00,0.00
2021-03-17,172.01,173.39,171.53,173.12,9800,0.00,0.00,0.00
2021-03-18,172.73,172.78,170.09,170.20,9400,0.00,0.00,0.00
2021-03-19,170.59,170.83,169.02,170.74,4200,0.00,0.00,0.00
2021-03-22,171.28,171.91,170.49,171.24,29800,0.00,0.00,0.00
2021-03-23,171.34,171.34,170.00,170.00,4900,0.00,0.00,0.00
2021-03-24,170.25,170.59,168.77,168.77,8000,0.00,0.00,0.00
2021-03-25,167.83,169.56,166.40,169.56,9400,0.00,0.00,0.00
2021-03-26,170.47,170.76,169.44,169.44,24300,0.56,0.00,0.00
2021-03-29,171.56,171.78,170.40,171.25,10700,0.00,0.00,0.00
2021-03-30,171.30,171.30,170.21,170.86,18200,0.00,0.00,0.00
2021-03-31,172.29,172.87,172.02,172.35,6900,0.00,0.00,0.00
2021-04-01,173.52,174.24,173.27,174.16,159800,0.00,0.00,0.00
2021-04-05,176.23,176.51,175.56,176.40,14000,0.00,0.00,0.00
2021-04-06,176.47,176.99,176.26,176.26,62500,0.00,0.00,0.00
2021-04-07,176.71,176.71,176.00,176.20,14800,0.00,0.00,0.00
2021-04-08,177.65,177.65,176.66,177.20,7100,0.00,0.00,0.00
2021-04-09,177.46,178.45,177.16,178.37,38900,0.00,0.00,0.00
2021-04-12,178.70,178.70,177.99,178.46,11700,0.00,0.00,0.00
2021-04-13,178.18,179.30,178.18,179.00,10500,0.00,0.00,0.00
2021-04-14,179.48,179.82,178.32,178.39,21100,0.00,0.00,0.00
2021-04-15,180.21,180.50,179.53,180.50,12200,0.00,0.00,0.00
2021-04-16,181.44,181.44,180.55,181.04,9900,0.00,0.00,0.00
2021-04-19,181.02,181.02,179.53,179.74,16600,0.00,0.00,0.00
2021-04-20,179.80,179.80,177.67,178.34,18700,0.00,0.00,0.00
2021-04-21,177.58,180.25,177.58,180.25,13800,0.00,0.00,0.00
2021-04-22,179.95,180.79,178.44,178.99,9700,0.00,0.00,0.00
2021-04-23,178.87,181.50,178.87,181.09,31900,0.00,0.00,0.00
2021-04-26,181.08,181.85,181.08,181.50,26600,0.00,0.00,0.00
2021-04-27,182.54,182.54,181.27,181.68,20300,0.00,0.00,0.00
2021-04-28,182.30,182.30,181.39,181.39,6000,0.00,0.00,0.00
2021-04-29,183.06,183.06,180.96,182.30,9500,0.00,0.00,0.00
2021-04-30,181.59,181.59,180.74,180.89,11100,0.00,0.00,0.00
2021-05-03,182.44,182.44,181.09,181.09,8800,0.00,0.00,0.00
2021-05-04,180.65,180.65,178.43,179.37,54000,0.00,0.00,0.00
2021-05-05,180.38,180.43,179.70,179.75,6100,0.00,0.00,0.00
2021-05-06,179.48,180.85,178.80,180.85,13800,0.00,0.00,0.00
2021-05-07,181.80,182.56,181.80,182.41,6500,0.00,0.00,0.00
2021-05-10,182.97,182.97,180.30,180.30,19600,0.00,0.00,0.00
2021-05-11,177.35,179.15,177.15,178.54,11100,0.00,0.00,0.00
2021-05-12,177.07,178.40,174.90,175.01,17600,0.00,0.00,0.00
2021-05-13,175.98,177.67,175.81,176.94,24100,0.00,0.00,0.00
2021-05-14,178.88,180.22,178.88,179.75,20300,0.00,0.00,0.00
2021-05-17,178.89,179.50,178.61,179.13,55600,0.00,0.00,0.00
2021-05-18,178.96,179.69,177.82,177.82,130000,0.00,0.00,0.00
2021-05-19,175.78,177.26,175.07,177.26,24800,0.00,0.00,0.00
2021-05-20,177.57,179.68,177.57,179.32,4500,0.00,0.00,0.00
2021-05-21,180.57,180.57,179.20,179.21,9200,0.00,0.00,0.00
2021-05-24,180.75,181.36,180.30,180.90,6500,0.00,0.00,0.00
2021-05-25,181.59,181.59,180.26,180.45,73000,0.00,0.00,0.00
2021-05-26,181.49,181.49,180.52,181.09,6600,0.00,0.00,0.00
2021-05-27,181.30,181.83,181.30,181.50,4200,0.00,0.00,0.00
2021-05-28,181.66,182.20,181.64,181.64,36000,0.00,0.00,0.00
2021-06-01,182.73,182.74,181.60,181.98,9900,0.00,0.00,0.00
2021-06-02,182.53,182.53,181.73,181.90,52200,0.00,0.00,0.00
2021-06-03,181.52,181.52,180.52,181.16,4800,0.00,0.00,0.00
2021-06-04,182.36,182.58,182.17,182.57,4500,0.00,0.00,0.00
2021-06-07,183.05,183.05,182.45,182.91,21000,0.00,0.00,0.00
2021-06-08,183.73,183.73,182.92,183.14,3600,0.00,0.00,0.00
2021-06-09,183.92,183.92,182.71,182.71,5100,0.00,0.00,0.00
2021-06-10,183.85,183.85,182.89,183.55,5600,0.00,0.00,0.00
2021-06-11,184.15,184.15,183.40,184.11,11900,0.00,0.00,0.00
2021-06-14,184.52,184.52,183.56,184.30,5000,0.00,0.00,0.00
2021-06-15,184.98,184.98,183.36,183.64,63300,0.00,0.00,0.00
2021-06-16,184.31,184.31,182.25,182.87,6400,0.00,0.00,0.00
2021-06-17,182.87,183.08,181.49,182.66,19900,0.00,0.00,0.00
2021-06-18,181.02,181.38,180.35,180.35,8800,0.00,0.00,0.00
2021-06-21,180.76,182.97,180.76,182.94,34000,0.00,0.00,0.00
2021-06-22,183.36,184.14,182.73,183.98,13800,0.00,0.00,0.00
2021-06-23,183.66,184.38,183.66,184.16,16600,0.00,0.00,0.00
2021-06-24,185.10,185.20,184.87,184.98,7900,0.00,0.00,0.00
2021-06-25,185.83,185.83,185.50,185.79,12400,0.00,0.00,0.00
2021-06-28,185.53,186.04,185.30,185.99,19800,0.00,0.00,0.00
2021-06-29,186.75,186.75,185.99,186.00,3800,0.55,0.00,0.00
2021-06-30,186.54,186.54,185.85,186.15,82500,0.00,0.00,0.00
2021-07-01,186.07,186.96,186.07,186.96,17700,0.00,0.00,0.00
2021-07-02,187.92,188.07,187.29,187.96,7900,0.00,0.00,0.00
2021-07-06,188.56,188.56,186.36,187.61,27800,0.00,0.00,0.00
2021-07-07,187.93,188.07,187.28,187.94,4900,0.00,0.00,0.00
2021-07-08,185.47,186.68,185.11,186.20,7500,0.00,0.00,0.00
2021-07-09,186.73,188.60,186.73,188.57,4100,0.00,0.00,0.00
2021-07-12,188.94,189.14,188.48,189.14,5500,0.00,0.00,0.00
2021-07-13,189.07,189.07,188.03,188.05,7900,0.00,0.00,0.00
2021-07-14,189.22,189.22,187.56,187.73,7700,0.00,0.00,0.00
2021-07-15,187.25,187.51,186.21,187.13,6900,0.00,0.00,0.00
2021-07-16,188.43,188.43,185.63,185.73,11700,0.00,0.00,0.00
2021-07-19,183.67,183.67,182.13,183.02,18400,0.00,0.00,0.00
2021-07-20,184.06,186.78,184.06,186.21,12600,0.00,0.00,0.00
2021-07-21,186.98,187.81,186.98,187.81,5700,0.00,0.00,0.00
2021-07-22,188.15,188.15,187.34,187.95,15300,0.00,0.00,0.00
2021-07-23,189.16,189.77,188.65,189.77,3600,0.00,0.00,0.00
2021-07-26,189.97,190.21,189.66,190.21,20200,0.00,0.00,0.00
2021-07-27,190.07,190.07,187.83,189.16,23200,0.00,0.00,0.00
2021-07-28,189.81,190.07,189.01,189.32,36500,0.00,0.00,0.00
2021-07-29,190.31,190.91,190.31,190.37,5900,0.00,0.00,0.00
2021-07-30,189.51,189.75,189.20,189.22,8300,0.00,0.00,0.00
2021-08-02,189.70,190.26,188.76,188.87,9600,0.00,0.00,0.00
2021-08-03,189.63,190.22,188.23,190.22,62500,0.00,0.00,0.00
2021-08-04,189.92,189.92,189.48,189.52,3800,0.00,0.00,0.00
2021-08-05,189.90,190.76,189.89,190.76,4700,0.00,0.00,0.00
2021-08-06,191.55,191.55,190.91,190.96,4600,0.00,0.00,0.00
2021-08-09,191.22,191.22,190.67,190.71,4100,0.00,0.00,0.00
2021-08-10,190.74,191.23,190.74,190.81,2900,0.00,0.00,0.00
2021-08-11,191.61,191.61,190.77,191.30,9800,0.00,0.00,0.00
2021-08-12,191.60,191.81,190.92,191.68,7200,0.00,0.00,0.00
2021-08-13,192.33,192.33,191.75,191.94,11600,0.00,0.00,0.00
2021-08-16,191.59,191.91,190.68,191.90,5600,0.00,0.00,0.00
2021-08-17,190.61,190.92,189.32,190.63,8500,0.00,0.00,0.00
2021-08-18,190.43,190.55,188.82,188.82,5700,0.00,0.00,0.00
2021-08-19,187.51,189.05,187.51,188.54,6300,0.00,0.00,0.00
2021-08-20,188.96,190.35,188.96,190.31,4000,0.00,0.00,0.00
2021-08-23,191.48,192.39,191.48,192.10,7400,0.00,0.00,0.00
2021-08-24,192.87,193.02,192.59,192.74,9200,0.00,0.00,0.00
2021-08-25,192.71,193.55,192.71,193.31,14900,0.00,0.00,0.00
2021-08-26,192.94,193.27,192.04,192.04,56000,0.00,0.00,0.00
2021-08-27,192.44,194.41,192.44,194.20,14700,0.00,0.00,0.00
2021-08-30,195.20,195.26,194.47,195.07,24200,0.00,0.00,0.00
2021-08-31,195.06,195.06,194.51,194.68,5100,0.00,0.00,0.00
2021-09-01,194.94,195.56,194.91,194.98,14400,0.00,0.00,0.00
2021-09-02,195.66,195.68,195.05,195.53,25000,0.00,0.00,0.00
2021-09-03,195.48,195.51,195.02,195.39,8500,0.00,0.00,0.00
2021-09-07,195.60,195.60,194.59,194.60,4500,0.00,0.00,0.00
2021-09-08,194.31,194.36,193.41,194.13,7700,0.00,0.00,0.00
2021-09-09,194.26,194.86,193.37,193.37,4600,0.00,0.00,0.00
2021-09-10,194.49,194.62,191.83,191.83,6000,0.00,0.00,0.00
2021-09-13,193.50,193.50,191.39,192.23,22300,0.00,0.00,0.00
2021-09-14,192.35,192.96,190.83,190.94,8100,0.00,0.00,0.00
2021-09-15,191.71,193.09,190.88,192.84,26200,0.00,0.00,0.00
2021-09-16,193.04,193.09,191.79,192.68,5200,0.00,0.00,0.00
2021-09-17,192.60,192.60,190.96,191.35,8200,0.00,0.00,0.00
2021-09-20,187.65,188.72,185.80,187.89,27200,0.00,0.00,0.00
2021-09-21,189.21,189.23,187.50,187.88,7300,0.00,0.00,0.00
2021-09-22,188.00,190.66,188.00,189.71,31500,0.00,0.00,0.00
2021-09-23,190.69,192.56,190.69,192.10,5600,0.00,0.00,0.00
2021-09-24,191.33,192.33,191.33,192.22,80500,0.00,0.00,0.00
2021-09-27,192.00,192.31,191.52,192.08,12000,0.00,0.00,0.00
2021-09-28,190.09,190.15,187.72,187.80,9300,0.00,0.00,0.00
2021-09-29,188.73,188.93,187.80,187.85,11900,0.63,0.00,0.00
2021-09-30,188.80,188.80,185.77,185.77,11100,0.00,0.00,0.00
2021-10-01,186.88,188.61,185.11,188.14,14900,0.00,0.00,0.00
2021-10-04,188.26,188.26,184.77,185.50,14100,0.00,0.00,0.00
2021-10-05,186.46,188.22,185.99,187.46,21400,0.00,0.00,0.00
2021-10-06,185.81,188.14,185.72,188.13,6400,0.00,0.00,0.00
2021-10-07,189.85,191.17,189.83,189.95,51600,0.00,0.00,0.00
2021-10-08,190.89,190.89,189.31,189.40,36500,0.00,0.00,0.00
2021-10-11,189.57,190.46,188.16,188.16,4800,0.00,0.00,0.00
2021-10-12,189.07,189.07,187.65,188.09,62400,0.00,0.00,0.00
2021-10-13,188.84,188.84,187.37,188.79,19800,0.00,0.00,0.00
2021-10-14,191.23,192.02,190.59,192.02,56300,0.00,0.00,0.00
2021-10-15,193.46,193.47,192.78,193.16,24600,0.00,0.00,0.00
2021-10-18,192.27,193.70,192.27,193.63,10300,0.00,0.00,0.00
2021-10-19,194.88,195.19,194.61,195.10,5600,0.00,0.00,0.00
2021-10-20,195.69,196.11,195.43,195.84,4200,0.00,0.00,0.00
2021-10-21,196.02,196.67,195.98,196.64,5800,0.00,0.00,0.00
2021-10-22,196.24,196.96,195.50,196.35,12000,0.00,0.00,0.00
2021-10-25,196.60,197.54,196.27,197.23,13000,0.00,0.00,0.00
2021-10-26,198.38,198.49,197.20,197.61,7000,0.00,0.00,0.00
2021-10-27,197.77,197.77,195.89,196.00,78500,0.00,0.00,0.00
2021-10-28,196.90,198.12,196.90,198.12,10000,0.00,0.00,0.00
2021-10-29,197.87,198.56,197.22,198.41,13300,0.00,0.00,0.00
2021-11-01,199.30,199.37,198.41,199.36,40300,0.00,0.00,0.00
2021-11-02,199.80,199.97,199.49,199.94,6400,0.00,0.00,0.00
2021-11-03,199.77,201.36,199.77,201.30,85000,0.00,0.00,0.00
2021-11-04,201.98,202.44,201.50,201.81,18400,0.00,0.00,0.00
2021-11-05,203.36,203.65,202.32,202.86,26500,0.00,0.00,0.00
2021-11-08,203.31,203.51,202.94,203.12,38400,0.00,0.00,0.00
2021-11-09,203.59,203.59,201.89,202.38,9900,0.00,0.00,0.00
2021-11-10,201.52,202.15,200.15,200.57,5500,0.00,0.00,0.00
2021-11-11,201.58,201.58,200.83,200.89,10800,0.00,0.00,0.00
2021-11-12,201.66,202.32,200.98,202.28,14800,0.00,0.00,0.00
2021-11-15,203.10,203.10,201.94,202.04,4200,0.00,0.00,0.00
2021-11-16,201.92,203.42,201.92,202.88,7900,0.00,0.00,0.00
2021-11-17,203.12,203.12,202.00,202.45,8200,0.00,0.00,0.00
2021-11-18,202.98,202.98,201.99,202.58,8600,0.00,0.00,0.00
2021-11-19,202.75,202.78,201.90,201.90,15000,0.00,0.00,0.00
2021-11-22,202.46,203.69,201.02,201.02,19600,0.00,0.00,0.00
2021-11-23,201.18,201.55,199.64,201.27,11200,0.00,0.00,0.00
2021-11-24,200.41,201.81,199.95,201.67,12500,0.00,0.00,0.00
2021-11-26,198.72,199.16,196.96,197.09,10700,0.00,0.00,0.00
2021-11-29,199.76,200.01,198.29,199.46,13700,0.00,0.00,0.00
2021-11-30,198.59,198.59,195.42,195.83,43700,0.00,0.00,0.00
2021-12-01,198.44,198.94,192.47,192.47,64000,0.00,0.00,0.00
2021-12-02,192.89,196.40,192.89,195.42,12500,0.00,0.00,0.00
2021-12-03,196.72,196.72,191.96,193.57,29900,0.00,0.00,0.00
2021-12-06,194.87,196.63,194.33,195.95,8900,0.00,0.00,0.00
2021-12-07,199.12,200.67,199.10,200.08,18500,0.00,0.00,0.00
2021-12-08,200.71,201.14,199.88,201.05,43400,0.00,0.00,0.00
2021-12-09,200.24,200.25,199.16,199.16,7700,0.00,0.00,0.00
2021-12-10,200.68,200.68,199.39,200.59,4600,0.00,0.00,0.00
2021-12-13,200.65,200.65,198.58,198.58,8600,0.00,0.00,0.00
2021-12-14,196.68,197.60,196.09,197.19,37900,0.00,0.00,0.00
2021-12-15,196.65,200.28,196.00,200.25,7400,0.00,0.00,0.00
2021-12-16,200.96,201.14,197.90,198.44,14700,0.76,0.00,0.00
2021-12-17,196.26,198.43,195.78,197.26,8200,0.00,0.00,0.00
2021-12-20,194.54,194.54,192.87,194.53,42400,0.00,0.00,0.00
2021-12-21,196.53,198.29,195.60,198.08,12800,0.00,0.00,0.00
2021-12-22,198.51,200.19,198.51,200.19,16300,0.00,0.00,0.00
2021-12-23,201.13,202.19,201.13,201.64,87200,0.00,0.00,0.00
2021-12-27,202.50,204.19,202.47,204.19,13700,0.00,0.00,0.00
2021-12-28,204.19,204.97,203.73,203.77,18700,0.00,0.00,0.00
2021-12-29,204.26,204.41,203.26,203.92,7800,0.00,0.00,0.00
2021-12-30,204.59,204.86,203.54,203.74,32000,0.00,0.00,0.00
2021-12-31,203.98,203.98,203.05,203.05,10000,0.00,0.00,0.00
2022-01-03,204.12,204.19,202.97,204.19,24200,0.00,0.00,0.00
2022-01-04,205.30,205.30,203.61,204.05,17500,0.00,0.00,0.00
2022-01-05,203.69,204.00,199.62,199.62,13500,0.00,0.00,0.00
2022-01-06,199.20,200.59,198.77,199.61,13400,0.00,0.00,0.00
2022-01-07,200.07,200.15,198.68,198.68,7000,0.00,0.00,0.00
2022-01-10,196.71,198.33,194.49,198.33,26000,0.00,0.00,0.00
2022-01-11,198.55,200.28,197.30,200.28,15600,0.00,0.00,0.00
2022-01-12,201.48,201.70,199.84,200.58,13900,0.00,0.00,0.00
2022-01-13,201.56,201.56,197.63,197.76,33500,0.00,0.00,0.00
2022-01-14,196.15,197.95,195.65,197.77,29100,0.00,0.00,0.00
2022-01-18,195.31,195.38,193.62,193.83,25800,0.00,0.00,0.00
2022-01-19,194.38,195.52,191.81,191.87,17500,0.00,0.00,0.00
2022-01-20,192.30,194.52,189.72,189.73,21400,0.00,0.00,0.00
2022-01-21,188.95,189.57,186.00,186.00,33000,0.00,0.00,0.00
2022-01-24,183.22,187.53,178.84,187.32,124100,0.00,0.00,0.00
2022-01-25,184.79,186.72,181.61,184.36,39200,0.00,0.00,0.00
2022-01-26,187.11,188.56,183.55,184.08,11700,0.00,0.00,0.00
2022-01-27,186.33,186.64,182.46,182.78,10500,0.00,0.00,0.00
2022-01-28,182.79,187.09,181.45,187.09,86600,0.00,0.00,0.00
2022-01-31,187.24,191.12,187.24,191.12,34900,0.00,0.00,0.00
2022-02-01,191.92,192.31,190.32,192.30,79400,0.00,0.00,0.00
2022-02-02,193.94,193.95,192.10,193.70,12700,0.00,0.00,0.00
2022-02-03,191.40,191.78,188.93,189.04,19300,0.00,0.00,0.00
2022-02-04,189.43,191.13,188.20,190.54,5900,0.00,0.00,0.00
2022-02-07,191.01,191.32,189.53,189.72,11600,0.00,0.00,0.00
2022-02-08,189.89,191.62,189.68,191.62,4400,0.00,0.00,0.00
2022-02-09,193.71,194.53,193.54,194.51,9400,0.00,0.00,0.00
2022-02-10,192.07,194.98,190.72,191.29,11200,0.00,0.00,0.00
2022-02-11,191.67,192.01,187.40,188.32,71400,0.00,0.00,0.00
2022-02-14,186.95,187.91,185.38,186.75,16900,0.00,0.00,0.00
2022-02-15,189.32,190.28,189.32,190.28,8300,0.00,0.00,0.00
2022-02-16,188.66,190.92,188.64,190.36,26300,0.00,0.00,0.00
2022-02-17,189.22,189.22,186.15,186.26,8300,0.00,0.00,0.00
2022-02-18,186.35,186.71,184.01,184.87,6400,0.00,0.00,0.00
2022-02-22,183.67,184.79,181.28,183.34,51700,0.00,0.00,0.00
2022-02-23,183.84,184.06,179.16,179.16,13100,0.00,0.00,0.00
2022-02-24,173.92,182.56,173.74,182.31,91300,0.00,0.00,0.00
2022-02-25,182.84,186.49,182.31,186.49,34800,0.00,0.00,0.00
2022-02-28,184.76,186.71,183.93,186.00,40700,0.00,0.00,0.00
2022-03-01,186.22,186.22,182.16,183.22,20300,0.00,0.00,0.00
2022-03-02,184.62,187.44,184.30,187.08,19100,0.00,0.00,0.00
2022-03-03,187.63,187.81,184.66,185.26,13100,0.00,0.00,0.00
2022-03-04,183.68,184.13,182.25,183.68,12600,0.00,0.00,0.00
2022-03-07,183.66,183.66,177.97,178.02,61900,0.00,0.00,0.00
2022-03-08,178.20,181.45,176.45,176.99,63200,0.00,0.00,0.00
2022-03-09,180.86,182.41,180.11,181.72,25300,0.00,0.00,0.00
2022-03-10,179.88,181.28,178.84,181.09,20200,0.00,0.00,0.00
2022-03-11,182.52,182.52,178.39,178.39,25400,0.00,0.00,0.00
2022-03-14,178.88,179.90,176.36,176.77,19300,0.00,0.00,0.00
2022-03-15,177.90,180.71,177.50,180.40,11400,0.00,0.00,0.00
2022-03-16,182.32,184.93,180.53,184.87,11700,0.00,0.00,0.00
2022-03-17,184.53,187.36,184.10,187.30,47900,0.00,0.00,0.00
2022-03-18,186.91,189.82,186.75,189.69,91400,0.00,0.00,0.00
2022-03-21,189.73,190.61,188.35,189.37,14600,0.00,0.00,0.00
2022-03-22,190.64,192.16,190.64,191.63,7400,0.00,0.00,0.00
2022-03-23,190.69,191.28,189.18,189.39,16800,0.00,0.00,0.00
2022-03-24,189.85,191.92,189.67,191.86,15300,0.56,0.00,0.00
2022-03-25,191.94,192.87,191.08,192.75,22800,0.00,0.00,0.00
2022-03-28,192.48,194.17,191.48,194.17,19700,0.00,0.00,0.00
2022-03-29,196.07,196.82,195.17,196.77,68300,0.00,0.00,0.00
2022-03-30,196.53,196.61,194.66,195.26,13300,0.00,0.00,0.00
2022-03-31,194.90,195.35,192.48,192.48,10800,0.00,0.00,0.00
2022-04-01,192.78,193.21,191.50,193.11,14400,0.00,0.00,0.00
2022-04-04,193.28,194.62,193.13,194.58,6900,0.00,0.00,0.00
2022-04-05,194.37,194.57,191.76,191.82,9500,0.00,0.00,0.00
2022-04-06,189.69,190.43,188.78,189.84,135600,0.00,0.00,0.00
2022-04-07,189.40,191.32,188.48,190.37,21800,0.00,0.00,0.00
2022-04-08,190.21,191.14,189.35,189.78,22400,0.00,0.00,0.00
2022-04-11,188.11,188.71,186.76,186.94,15700,0.00,0.00,0.00
2022-04-12,188.38,189.14,185.88,186.38,24700,0.00,0.00,0.00
2022-04-13,186.32,189.00,186.29,188.83,8400,0.00,0.00,0.00
2022-04-14,189.29,189.29,186.38,186.39,173200,0.00,0.00,0.00
2022-04-18,185.97,186.90,185.21,186.01,123000,0.00,0.00,0.00
2022-04-19,185.65,189.64,185.65,189.51,13900,0.00,0.00,0.00
2022-04-20,190.30,190.30,189.05,189.37,48900,0.00,0.00,0.00
2022-04-21,191.31,191.31,185.87,186.13,8400,0.00,0.00,0.00
2022-04-22,185.97,185.97,181.16,181.24,13700,0.00,0.00,0.00
2022-04-25,179.87,182.24,178.70,182.19,22700,0.00,0.00,0.00
2022-04-26,180.41,180.41,176.98,177.01,6400,0.00,0.00,0.00
2022-04-27,177.43,179.47,176.50,177.29,22100,0.00,0.00,0.00
2022-04-28,179.20,182.20,177.52,181.41,47300,0.00,0.00,0.00
2022-04-29,179.95,180.93,174.78,174.99,7500,0.00,0.00,0.00
2022-05-02,174.90,176.51,172.51,176.08,22400,0.00,0.00,0.00
2022-05-03,176.43,177.87,176.32,177.07,9000,0.00,0.00,0.00
2022-05-04,177.32,182.39,175.86,182.00,56400,0.00,0.00,0.00
2022-05-05,180.54,180.54,173.80,175.47,69100,0.00,0.00,0.00
2022-05-06,174.76,175.67,171.79,174.22,30100,0.00,0.00,0.00
2022-05-09,171.46,171.60,167.56,168.01,76500,0.00,0.00,0.00
2022-05-10,170.95,171.46,166.49,168.46,41600,0.00,0.00,0.00
2022-05-11,168.10,170.28,165.35,165.64,33200,0.00,0.00,0.00
2022-05-12,164.16,166.25,162.72,165.57,216800,0.00,0.00,0.00
2022-05-13,167.81,170.56,167.80,169.84,15900,0.00,0.00,0.00
2022-05-16,169.66,170.69,168.48,169.19,14600,0.00,0.00,0.00
2022-05-17,171.79,172.72,170.77,172.64,72900,0.00,0.00,0.00
2022-05-18,170.54,170.54,165.79,165.94,26400,0.00,0.00,0.00
2022-05-19,165.94,167.01,164.25,165.34,98200,0.00,0.00,0.00
2022-05-20,166.59,166.93,161.42,165.10,54700,0.00,0.00,0.00
2022-05-23,166.71,168.15,165.57,167.99,21300,0.00,0.00,0.00
2022-05-24,166.32,166.92,163.84,166.35,62200,0.00,0.00,0.00
2022-05-25,166.02,168.94,166.02,168.34,26700,0.00,0.00,0.00
2022-05-26,169.01,172.43,169.01,171.87,31000,0.00,0.00,0.00
2022-05-27,173.02,176.00,173.02,176.00,21300,0.00,0.00,0.00
2022-05-31,175.42,175.94,173.69,174.68,32000,0.00,0.00,0.00
2022-06-01,175.79,175.79,172.47,173.52,11400,0.00,0.00,0.00
2022-06-02,173.54,176.98,172.81,176.98,35000,0.00,0.00,0.00
2022-06-03,174.90,174.90,173.85,174.19,17200,0.00,0.00,0.00
2022-06-06,175.88,176.55,174.24,174.81,23200,0.00,0.00,0.00
2022-06-07,173.04,176.63,173.04,176.63,23700,0.00,0.00,0.00
2022-06-08,175.48,176.52,174.18,174.66,24400,0.00,0.00,0.00
2022-06-09,173.65,174.38,170.42,170.56,18600,0.00,0.00,0.00
2022-06-10,167.26,167.56,165.38,165.52,63300,0.00,0.00,0.00
2022-06-13,161.03,161.66,158.03,158.49,186300,0.00,0.00,0.00
2022-06-14,159.54,159.90,157.00,158.21,67900,0.00,0.00,0.00
2022-06-15,160.14,161.23,158.46,160.64,44700,0.00,0.00,0.00
2022-06-16,157.05,157.05,153.94,154.84,34400,0.00,0.00,0.00
2022-06-17,154.93,156.79,154.19,155.65,31000,0.00,0.00,0.00
2022-06-21,157.97,159.81,157.97,159.16,47200,0.00,0.00,0.00
2022-06-22,157.54,160.73,157.54,159.16,49800,0.00,0.00,0.00
2022-06-23,159.96,160.90,158.51,160.80,36400,0.00,0.00,0.00
2022-06-24,162.06,165.78,162.06,165.68,42000,0.00,0.00,0.00
2022-06-27,166.45,166.45,164.90,165.23,45900,0.00,0.00,0.00
2022-06-28,166.16,167.22,161.97,162.13,108100,0.00,0.00,0.00
2022-06-29,161.31,162.11,160.99,161.73,23500,0.62,0.00,0.00
2022-06-30,159.57,161.37,158.16,160.10,22800,0.00,0.00,0.00
2022-07-01,160.07,162.14,159.02,161.88,22800,0.00,0.00,0.00
2022-07-05,159.43,162.42,158.42,162.34,44300,0.00,0.00,0.00
2022-07-06,162.85,163.91,161.72,162.83,47000,0.00,0.00,0.00
2022-07-07,163.93,165.73,163.93,165.64,17700,0.00,0.00,0.00
2022-07-08,164.71,166.20,164.07,165.32,14000,0.00,0.00,0.00
2022-07-11,164.35,164.35,162.87,163.05,17800,0.00,0.00,0.00
2022-07-12,162.79,163.99,161.09,161.73,20900,0.00,0.00,0.00
2022-07-13,159.61,162.11,159.27,161.24,70700,0.00,0.00,0.00
2022-07-14,158.97,160.47,157.82,160.32,15700,0.00,0.00,0.00
2022-07-15,162.29,163.49,162.00,163.26,39600,0.00,0.00,0.00
2022-07-18,165.08,165.17,162.09,162.25,21100,0.00,0.00,0.00
2022-07-19,164.17,167.03,164.17,166.70,70500,0.00,0.00,0.00
2022-07-20,166.84,168.76,166.55,168.40,17300,0.00,0.00,0.00
2022-07-21,168.04,169.89,167.56,169.72,79900,0.00,0.00,0.00
2022-07-22,169.75,170.14,167.16,167.99,13300,0.00,0.00,0.00
2022-07-25,168.37,168.59,167.44,168.15,24700,0.00,0.00,0.00
2022-07-26,167.16,167.16,165.93,166.29,7700,0.00,0.00,0.00
2022-07-27,168.03,171.22,168.03,170.81,14000,0.00,0.00,0.00
2022-07-28,170.98,173.02,169.46,172.84,18500,0.00,0.00,0.00
2022-07-29,173.62,175.43,173.09,175.37,8900,0.00,0.00,0.00
2022-08-01,174.39,175.55,173.95,174.97,23900,0.00,0.00,0.00
2022-08-02,173.94,175.79,173.44,174.00,15400,0.00,0.00,0.00
2022-08-03,175.24,177.08,175.24,176.78,8200,0.00,0.00,0.00
2022-08-04,176.80,176.80,176.14,176.52,12300,0.00,0.00,0.00
2022-08-05,174.69,176.69,174.69,176.54,20200,0.00,0.00,0.00
2022-08-08,177.14,178.52,176.20,176.41,43300,0.00,0.00,0.00
2022-08-09,175.96,175.97,175.09,175.49,8700,0.00,0.00,0.00
2022-08-10,178.28,179.54,178.28,179.53,64400,0.00,0.00,0.00
2022-08-11,180.95,181.36,179.26,179.57,17800,0.00,0.00,0.00
2022-08-12,180.67,182.64,180.19,182.37,36000,0.00,0.00,0.00
2022-08-15,181.91,183.43,181.87,183.43,7700,0.00,0.00,0.00
2022-08-16,183.20,184.40,182.30,183.76,8500,0.00,0.00,0.00
2022-08-17,181.77,182.94,181.21,181.93,10000,0.00,0.00,0.00
2022-08-18,182.02,182.86,181.63,182.75,8100,0.00,0.00,0.00
2022-08-19,181.17,181.17,179.81,179.91,4200,0.00,0.00,0.00
2022-08-22,177.71,177.80,175.81,176.14,20900,0.00,0.00,0.00
2022-08-23,176.10,177.22,175.76,175.92,12300,0.00,0.00,0.00
2022-08-24,175.79,177.14,175.42,176.64,13300,0.00,0.00,0.00
2022-08-25,177.19,178.99,177.19,178.88,15600,0.00,0.00,0.00
2022-08-26,179.13,179.13,173.10,173.24,7000,0.00,0.00,0.00
2022-08-29,171.78,173.01,171.47,172.00,12600,0.00,0.00,0.00
2022-08-30,172.50,172.50,169.03,169.72,323800,0.00,0.00,0.00
2022-08-31,170.53,170.89,168.74,168.82,25200,0.00,0.00,0.00
2022-09-01,167.49,168.85,166.06,168.61,33300,0.00,0.00,0.00
2022-09-02,170.41,170.92,166.35,166.96,56400,0.00,0.00,0.00
2022-09-06,167.40,167.66,165.48,166.19,24000,0.00,0.00,0.00
2022-09-07,166.19,169.72,166.19,169.63,34400,0.00,0.00,0.00
2022-09-08,168.22,170.74,167.96,170.59,8100,0.00,0.00,0.00
2022-09-09,172.06,173.85,172.06,173.62,16400,0.00,0.00,0.00
2022-09-12,174.50,175.87,174.50,175.54,81600,0.00,0.00,0.00
2022-09-13,171.71,171.71,167.58,167.94,23200,0.00,0.00,0.00
2022-09-14,168.51,168.93,167.32,168.54,11900,0.00,0.00,0.00
2022-09-15,168.01,168.88,166.65,166.80,8800,0.00,0.00,0.00
2022-09-16,164.93,165.45,163.77,165.31,16100,0.00,0.00,0.00
2022-09-19,163.73,166.53,163.73,166.44,29200,0.00,0.00,0.00
2022-09-20,164.35,165.36,163.33,164.65,10100,0.00,0.00,0.00
2022-09-21,165.22,166.18,161.47,161.78,28100,0.00,0.00,0.00
2022-09-22,161.12,161.31,159.74,159.89,17600,0.00,0.00,0.00
2022-09-23,157.98,157.98,155.34,156.92,60100,0.00,0.00,0.00
2022-09-26,157.25,157.90,154.87,155.47,63600,0.00,0.00,0.00
2022-09-27,157.13,157.60,154.21,155.03,50000,0.00,0.00,0.00
2022-09-28,155.56,159.11,155.33,158.57,48800,0.65,0.00,0.00
2022-09-29,155.30,155.78,153.99,155.29,29900,0.00,0.00,0.00
2022-09-30,154.87,156.62,153.02,153.22,26400,0.00,0.00,0.00
2022-10-03,154.95,157.77,153.97,156.75,91000,0.00,0.00,0.00
2022-10-04,159.66,162.09,159.66,162.09,95100,0.00,0.00,0.00
2022-10-05,160.00,162.16,159.19,161.72,12200,0.00,0.00,0.00
2022-10-06,161.83,161.83,159.97,160.31,15700,0.00,0.00,0.00
2022-10-07,158.24,158.24,155.01,155.47,47400,0.00,0.00,0.00
2022-10-10,156.05,156.05,153.47,154.40,24900,0.00,0.00,0.00
2022-10-11,153.45,155.40,152.51,153.35,19200,0.00,0.00,0.00
2022-10-12,153.43,153.98,152.88,153.03,79800,0.00,0.00,0.00
2022-10-13,149.69,157.42,149.35,156.90,84200,0.00,0.00,0.00
2022-10-14,158.29,158.29,153.02,153.30,66100,0.00,0.00,0.00
2022-10-17,155.81,157.58,155.81,157.19,16900,0.00,0.00,0.00
2022-10-18,160.71,160.84,157.75,159.29,83300,0.00,0.00,0.00
2022-10-19,158.17,158.97,156.65,157.67,22700,0.00,0.00,0.00
2022-10-20,157.63,159.15,156.00,156.37,32000,0.00,0.00,0.00
2022-10-21,156.14,160.24,155.66,160.11,337600,0.00,0.00,0.00
2022-10-24,160.57,162.20,159.49,161.81,25000,0.00,0.00,0.00
2022-10-25,162.13,164.79,161.84,164.66,46800,0.00,0.00,0.00
2022-10-26,163.31,165.94,163.31,163.72,24900,0.00,0.00,0.00
2022-10-27,164.07,164.73,162.86,162.95,389000,0.00,0.00,0.00
2022-10-28,162.84,166.68,162.83,166.65,369000,0.00,0.00,0.00
2022-10-31,165.69,166.40,165.11,165.66,26700,0.00,0.00,0.00
2022-11-01,167.25,167.44,164.48,165.04,24700,0.00,0.00,0.00
2022-11-02,164.85,166.15,160.71,160.80,27200,0.00,0.00,0.00
2022-11-03,158.91,160.42,158.36,159.26,23100,0.00,0.00,0.00
2022-11-04,161.83,161.97,158.79,161.18,23000,0.00,0.00,0.00
2022-11-07,161.93,162.65,160.65,162.59,39900,0.00,0.00,0.00
2022-11-08,163.36,164.73,161.70,163.44,24800,0.00,0.00,0.00
2022-11-09,162.32,162.81,159.83,160.06,20400,0.00,0.00,0.00
2022-11-10,165.49,168.98,165.15,168.89,30100,0.00,0.00,0.00
2022-11-11,169.31,171.15,168.94,170.71,34100,0.00,0.00,0.00
2022-11-14,170.10,171.34,169.04,169.24,50400,0.00,0.00,0.00
2022-11-15,172.09,172.14,169.66,170.70,33800,0.00,0.00,0.00
2022-11-16,170.00,170.00,169.00,169.33,12900,0.00,0.00,0.00
2022-11-17,166.87,168.79,166.87,168.30,11500,0.00,0.00,0.00
2022-11-18,169.64,169.64,168.15,169.32,40600,0.00,0.00,0.00
2022-11-21,168.99,168.99,167.77,168.63,50000,0.00,0.00,0.00
2022-11-22,169.23,170.86,169.23,170.86,34700,0.00,0.00,0.00
2022-11-23,170.53,172.04,170.53,171.63,28300,0.00,0.00,0.00
2022-11-25,171.72,172.11,171.66,172.04,3500,0.00,0.00,0.00
2022-11-28,170.35,170.81,168.79,169.27,12200,0.00,0.00,0.00
2022-11-29,169.09,169.79,168.30,169.05,15700,0.00,0.00,0.00
2022-11-30,168.77,174.26,168.41,174.26,15800,0.00,0.00,0.00
2022-12-01,174.80,174.86,173.33,174.29,28900,0.00,0.00,0.00
2022-12-02,171.94,174.19,171.94,173.75,68700,0.00,0.00,0.00
2022-12-05,172.97,172.97,170.17,170.72,59500,0.00,0.00,0.00
2022-12-06,170.53,170.58,167.23,168.03,35700,0.00,0.00,0.00
2022-12-07,167.94,168.53,167.27,167.86,43400,0.00,0.00,0.00
2022-12-08,169.28,169.47,168.45,168.83,16300,0.00,0.00,0.00
2022-12-09,168.56,169.49,167.71,167.88,22300,0.00,0.00,0.00
2022-12-12,168.12,170.30,167.83,170.30,75900,0.00,0.00,0.00
2022-12-13,174.71,175.01,170.30,171.25,42600,0.00,0.00,0.00
2022-12-14,171.13,172.85,169.71,170.62,20400,0.00,0.00,0.00
2022-12-15,168.34,168.34,165.62,166.44,26600,0.79,0.00,0.00
2022-12-16,164.87,165.49,163.31,164.49,20700,0.00,0.00,0.00
2022-12-19,164.47,164.48,162.04,162.75,421900,0.00,0.00,0.00
2022-12-20,162.55,163.74,162.04,163.22,132800,0.00,0.00,0.00
2022-12-21,164.28,165.90,164.13,165.32,356700,0.00,0.00,0.00
2022-12-22,164.28,164.28,160.67,163.32,104400,0.00,0.00,0.00
2022-12-23,162.45,163.95,162.06,163.81,30200,0.00,0.00,0.00
2022-12-27,163.95,163.98,162.85,163.51,32700,0.00,0.00,0.00
2022-12-28,163.12,164.01,161.10,161.10,89200,0.00,0.00,0.00
2022-12-29,162.25,164.62,162.25,164.15,97900,0.00,0.00,0.00
2022-12-30,163.13,164.07,162.37,164.07,47100,0.00,0.00,0.00
2023-01-03,165.08,165.44,161.95,163.34,77400,0.00,0.00,0.00
2023-01-04,163.72,165.23,163.19,164.41,13600,0.00,0.00,0.00
2023-01-05,163.57,163.57,162.47,162.82,60500,0.00,0.00,0.00
2023-01-06,163.80,166.65,162.85,166.44,16800,0.00,0.00,0.00
2023-01-09,167.07,168.57,166.23,166.49,40100,0.00,0.00,0.00
2023-01-10,165.89,167.79,165.89,167.79,20100,0.00,0.00,0.00
2023-01-11,168.43,169.84,168.25,169.82,15100,0.00,0.00,0.00
2023-01-12,170.47,171.16,169.07,170.86,77700,0.00,0.00,0.00
2023-01-13,169.32,171.59,169.32,171.57,14400,0.00,0.00,0.00
2023-01-17,171.24,171.95,170.89,170.97,16600,0.00,0.00,0.00
2023-01-18,171.63,172.15,168.48,168.48,143200,0.00,0.00,0.00
2023-01-19,167.22,168.11,166.59,167.12,35900,0.00,0.00,0.00
2023-01-20,167.78,170.40,167.24,170.40,24300,0.00,0.00,0.00
2023-01-23,171.00,173.26,170.52,172.54,26800,0.00,0.00,0.00
2023-01-24,171.88,172.56,171.25,172.31,10000,0.00,0.00,0.00
2023-01-25,170.68,172.34,169.57,172.34,80100,0.00,0.00,0.00
2023-01-26,173.45,174.23,172.39,174.13,22400,0.00,0.00,0.00
2023-01-27,173.94,175.55,173.86,174.77,8600,0.00,0.00,0.00
2023-01-30,173.66,174.44,172.37,172.47,20100,0.00,0.00,0.00
2023-01-31,173.05,175.25,172.78,175.25,11200,0.00,0.00,0.00
2023-02-01,175.15,177.84,173.77,177.30,221900,0.00,0.00,0.00
2023-02-02,179.35,180.65,178.44,180.02,16100,0.00,0.00,0.00
2023-02-03,177.94,180.03,177.68,178.10,11200,0.00,0.00,0.00
2023-02-06,177.42,177.42,176.38,176.84,24200,0.00,0.00,0.00
2023-02-07,176.91,179.46,175.94,179.08,9400,0.00,0.00,0.00
2023-02-08,178.56,178.56,176.96,177.07,18200,0.00,0.00,0.00
2023-02-09,178.83,178.83,175.20,175.53,25100,0.00,0.00,0.00
2023-02-10,174.97,175.79,174.69,175.79,10300,0.00,0.00,0.00
2023-02-13,176.34,177.85,175.82,177.85,185500,0.00,0.00,0.00
2023-02-14,177.54,178.70,176.10,177.94,12500,0.00,0.00,0.00
2023-02-15,177.29,178.79,176.99,178.79,11600,0.00,0.00,0.00
2023-02-16,176.95,178.09,176.31,176.42,7200,0.00,0.00,0.00
2023-02-17,175.74,175.93,174.46,175.93,18100,0.00,0.00,0.00
2023-02-21,174.36,174.36,171.95,172.08,9100,0.00,0.00,0.00
2023-02-22,172.14,172.94,171.49,172.14,19200,0.00,0.00,0.00
2023-02-23,173.63,173.63,171.25,172.98,7100,0.00,0.00,0.00
2023-02-24,170.53,171.20,169.95,171.19,253500,0.00,0.00,0.00
2023-02-27,172.62,172.85,171.21,171.37,16600,0.00,0.00,0.00
2023-02-28,171.73,172.24,171.02,171.08,4600,0.00,0.00,0.00
2023-03-01,171.11,171.11,170.13,170.54,12200,0.00,0.00,0.00
2023-03-02,169.45,171.94,169.45,171.82,6700,0.00,0.00,0.00
2023-03-03,172.83,174.44,172.30,174.37,66100,0.00,0.00,0.00
2023-03-06,175.08,175.53,174.02,174.33,20700,0.00,0.00,0.00
2023-03-07,174.42,174.42,171.40,171.74,13000,0.00,0.00,0.00
2023-03-08,171.89,172.13,170.90,171.98,9800,0.00,0.00,0.00
2023-03-09,172.31,172.56,168.22,168.26,45300,0.00,0.00,0.00
2023-03-10,167.92,168.50,164.90,165.72,8700,0.00,0.00,0.00
2023-03-13,163.52,166.76,163.52,164.81,9300,0.00,0.00,0.00
2023-03-14,167.36,168.52,165.99,167.96,118800,0.00,0.00,0.00
2023-03-15,165.31,166.33,164.23,166.23,9600,0.00,0.00,0.00
2023-03-16,165.63,169.51,165.63,169.51,11400,0.00,0.00,0.00
2023-03-17,169.07,169.07,166.87,167.38,5400,0.00,0.00,0.00
2023-03-20,167.74,168.96,167.74,168.86,18200,0.00,0.00,0.00
2023-03-21,170.29,171.28,169.99,171.23,26000,0.00,0.00,0.00
2023-03-22,170.91,171.95,168.02,168.20,212300,0.00,0.00,0.00
2023-03-23,169.50,170.84,167.53,168.33,32800,0.65,0.00,0.00
2023-03-24,167.85,169.61,167.38,169.61,33200,0.00,0.00,0.00
2023-03-27,170.68,170.84,169.61,170.03,19600,0.00,0.00,0.00
2023-03-28,169.96,170.02,168.97,169.82,114500,0.00,0.00,0.00
2023-03-29,171.50,172.09,170.92,172.08,39900,0.00,0.00,0.00
2023-03-30,172.95,173.25,172.27,172.97,34600,0.00,0.00,0.00
2023-03-31,173.65,175.75,173.65,175.75,5800,0.00,0.00,0.00
2023-04-03,175.17,176.16,175.17,176.04,12600,0.00,0.00,0.00
2023-04-04,176.74,176.74,174.34,175.03,54000,0.00,0.00,0.00
2023-04-05,174.43,174.43,173.49,174.40,13800,0.00,0.00,0.00
2023-04-06,174.15,175.01,173.52,175.01,12900,0.00,0.00,0.00
2023-04-10,173.75,175.24,173.73,175.23,20400,0.00,0.00,0.00
2023-04-11,175.55,176.06,175.20,175.61,11200,0.00,0.00,0.00
2023-04-12,176.56,176.56,174.46,174.80,20600,0.00,0.00,0.00
2023-04-13,175.55,177.08,175.55,177.08,8900,0.00,0.00,0.00
2023-04-14,176.99,177.56,175.67,176.47,9200,0.00,0.00,0.00
2023-04-17,176.47,177.32,175.92,177.32,7300,0.00,0.00,0.00
2023-04-18,177.70,177.90,177.15,177.45,4000,0.00,0.00,0.00
2023-04-19,176.42,177.56,176.42,177.33,5300,0.00,0.00,0.00
2023-04-20,176.18,176.96,175.75,176.42,2900,0.00,0.00,0.00
2023-04-21,176.45,176.54,175.64,176.21,5800,0.00,0.00,0.00
2023-04-24,176.79,176.80,175.95,176.66,34600,0.00,0.00,0.00
2023-04-25,175.42,175.42,173.30,173.30,6700,0.00,0.00,0.00
2023-04-26,173.88,174.01,172.69,172.75,210800,0.00,0.00,0.00
2023-04-27,173.98,176.19,173.88,176.19,4600,0.00,0.00,0.00
2023-04-28,175.49,177.61,175.49,177.61,9000,0.00,0.00,0.00
2023-05-01,177.53,178.12,177.40,177.60,30000,0.00,0.00,0.00
2023-05-02,176.86,176.86,174.12,175.41,12500,0.00,0.00,0.00
2023-05-03,175.89,176.08,174.20,174.24,7600,0.00,0.00,0.00
2023-05-04,173.84,173.84,172.30,173.06,16300,0.00,0.00,0.00
2023-05-05,174.70,176.61,174.70,176.30,6000,0.00,0.00,0.00
2023-05-08,176.16,176.37,175.72,176.17,9700,0.00,0.00,0.00
2023-05-09,175.89,175.96,175.49,175.55,13700,0.00,0.00,0.00
2023-05-10,176.60,176.66,174.80,176.34,6400,0.00,0.00,0.00
2023-05-11,175.72,176.02,175.20,175.75,22000,0.00,0.00,0.00
2023-05-12,176.56,176.65,174.65,175.86,11500,0.00,0.00,0.00
2023-05-15,176.13,176.66,175.73,176.60,5400,0.00,0.00,0.00
2023-05-16,176.26,176.26,175.15,175.23,11800,0.00,0.00,0.00
2023-05-17,176.36,177.63,175.84,177.17,123300,0.00,0.00,0.00
2023-05-18,176.94,179.30,176.94,179.06,36600,0.00,0.00,0.00
2023-05-19,179.25,179.67,178.34,178.66,11900,0.00,0.00,0.00
2023-05-22,178.53,179.43,178.53,179.00,15100,0.00,0.00,0.00
2023-05-23,178.16,178.89,177.08,177.08,9400,0.00,0.00,0.00
2023-05-24,176.65,176.65,175.36,175.95,10600,0.00,0.00,0.00
2023-05-25,177.07,177.49,176.15,177.14,26400,0.00,0.00,0.00
2023-05-26,177.18,179.46,177.18,179.08,6900,0.00,0.00,0.00
2023-05-30,179.93,180.19,178.85,179.26,18400,0.00,0.00,0.00
2023-05-31,178.63,178.70,177.61,178.43,143400,0.00,0.00,0.00
2023-06-01,178.50,180.43,178.10,179.93,36200,0.00,0.00,0.00
2023-06-02,181.03,183.09,181.03,182.77,24700,0.00,0.00,0.00
2023-06-05,183.20,183.44,182.27,182.47,73100,0.00,0.00,0.00
2023-06-06,182.39,183.46,182.38,183.46,11200,0.00,0.00,0.00
2023-06-07,183.80,184.05,182.61,183.10,76000,0.00,0.00,0.00
2023-06-08,183.17,183.88,182.98,183.88,5100,0.00,0.00,0.00
2023-06-09,184.34,184.86,183.85,184.15,3600,0.00,0.00,0.00
2023-06-12,184.59,185.58,184.26,185.58,5100,0.00,0.00,0.00
2023-06-13,186.36,187.13,186.36,187.11,4700,0.00,0.00,0.00
2023-06-14,187.38,187.82,185.57,187.02,25700,0.00,0.00,0.00
2023-06-15,186.88,189.59,186.88,189.33,16300,0.00,0.00,0.00
2023-06-16,189.99,189.99,188.37,188.37,16000,0.00,0.00,0.00
2023-06-20,188.04,188.04,186.88,187.46,21800,0.00,0.00,0.00
2023-06-21,187.44,187.44,186.38,186.71,27400,0.00,0.00,0.00
2023-06-22,185.97,186.96,185.96,186.96,15900,0.00,0.00,0.00
2023-06-23,185.89,186.24,185.41,185.62,9700,0.84,0.00,0.00
2023-06-26,185.68,186.12,184.85,184.89,25400,0.00,0.00,0.00
2023-06-27,185.62,187.42,185.37,187.18,183400,0.00,0.00,0.00
2023-06-28,187.09,187.68,186.51,187.35,16000,0.00,0.00,0.00
2023-06-29,187.44,188.24,187.44,188.24,8700,0.00,0.00,0.00
2023-06-30,189.28,190.62,189.28,190.14,42300,0.00,0.00,0.00
2023-07-03,190.38,190.67,190.08,190.67,15100,0.00,0.00,0.00
2023-07-05,189.99,190.40,189.88,190.19,10400,0.00,0.00,0.00
2023-07-06,188.64,188.64,187.31,188.60,10200,0.00,0.00,0.00
2023-07-07,188.38,189.82,188.30,188.42,14100,0.00,0.00,0.00
2023-07-10,188.30,189.09,188.15,189.09,24900,0.00,0.00,0.00
2023-07-11,189.19,190.46,189.19,190.32,10800,0.00,0.00,0.00
2023-07-12,191.99,192.46,191.67,192.00,14300,0.00,0.00,0.00
2023-07-13,192.71,193.89,192.71,193.57,62600,0.00,0.00,0.00
2023-07-14,194.23,194.23,193.01,193.06,8400,0.00,0.00,0.00
2023-07-17,192.99,194.32,192.99,194.23,11700,0.00,0.00,0.00
2023-07-18,194.15,195.82,193.89,195.67,9800,0.00,0.00,0.00
2023-07-19,196.06,196.49,195.73,196.18,58100,0.00,0.00,0.00
2023-07-20,195.78,195.78,194.46,194.88,10700,0.00,0.00,0.00
2023-07-21,195.91,195.91,194.68,194.72,10200,0.00,0.00,0.00
2023-07-24,194.95,195.63,194.89,195.35,7100,0.00,0.00,0.00
2023-07-25,195.21,196.45,195.21,195.94,7700,0.00,0.00,0.00
2023-07-26,195.73,196.47,195.49,196.08,6900,0.00,0.00,0.00
2023-07-27,197.37,197.45,194.35,194.35,7900,0.00,0.00,0.00
2023-07-28,195.97,196.76,195.97,196.58,8600,0.00,0.00,0.00
2023-07-31,196.59,197.20,196.54,197.20,17500,0.00,0.00,0.00
2023-08-01,196.56,196.72,196.32,196.56,8100,0.00,0.00,0.00
2023-08-02,194.92,195.06,193.49,193.98,14300,0.00,0.00,0.00
2023-08-03,192.67,193.96,192.59,193.43,7400,0.00,0.00,0.00
2023-08-04,194.14,194.78,192.15,192.15,19600,0.00,0.00,0.00
2023-08-07,192.88,193.96,192.88,193.96,4400,0.00,0.00,0.00
2023-08-08,192.21,192.92,191.44,192.81,17200,0.00,0.00,0.00
2023-08-09,192.98,192.99,191.43,191.43,8500,0.00,0.00,0.00
2023-08-10,193.19,193.19,191.59,191.83,12500,0.00,0.00,0.00
2023-08-11,190.91,191.74,190.91,191.27,5800,0.00,0.00,0.00
2023-08-14,190.90,192.50,190.90,192.50,6100,0.00,0.00,0.00
2023-08-15,191.63,191.63,190.42,190.42,7600,0.00,0.00,0.00
2023-08-16,189.81,190.52,188.79,188.81,61300,0.00,0.00,0.00
2023-08-17,189.20,189.20,187.11,187.11,10600,0.00,0.00,0.00
2023-08-18,186.06,187.73,186.06,187.12,9100,0.00,0.00,0.00
2023-08-21,188.25,188.65,186.86,188.62,12700,0.00,0.00,0.00
2023-08-22,189.06,189.06,187.81,187.88,7800,0.00,0.00,0.00
2023-08-23,188.33,190.23,188.33,189.93,3900,0.00,0.00,0.00
2023-08-24,190.68,190.79,187.46,187.46,15000,0.00,0.00,0.00
2023-08-25,188.12,189.10,186.86,188.76,13800,0.00,0.00,0.00
2023-08-28,189.92,190.11,189.20,190.05,9700,0.00,0.00,0.00
2023-08-29,189.70,192.80,189.70,192.80,13500,0.00,0.00,0.00
2023-08-30,192.47,193.74,192.47,193.56,7900,0.00,0.00,0.00
2023-08-31,193.74,194.32,193.33,193.33,8100,0.00,0.00,0.00
2023-09-01,194.51,194.51,193.41,193.79,16100,0.00,0.00,0.00
2023-09-05,193.54,193.60,192.70,192.70,6700,0.00,0.00,0.00
2023-09-06,192.60,192.60,190.78,191.80,10200,0.00,0.00,0.00
2023-09-07,190.05,191.05,190.05,190.78,9100,0.00,0.00,0.00
2023-09-08,191.07,191.75,190.89,191.36,4900,0.00,0.00,0.00
2023-09-11,192.41,192.47,192.02,192.39,4900,0.00,0.00,0.00
2023-09-12,191.93,192.50,191.41,191.64,5900,0.00,0.00,0.00
2023-09-13,191.51,191.94,191.05,191.32,6700,0.00,0.00,0.00
2023-09-14,192.48,193.39,192.27,193.33,5100,0.00,0.00,0.00
2023-09-15,192.68,192.68,190.76,191.08,11100,0.00,0.00,0.00
2023-09-18,190.66,191.51,190.66,190.90,12400,0.00,0.00,0.00
2023-09-19,190.51,190.80,189.39,190.60,17200,0.00,0.00,0.00
2023-09-20,191.17,191.17,188.88,188.88,141800,0.00,0.00,0.00
2023-09-21,187.78,187.78,185.47,185.67,14200,0.72,0.00,0.00
2023-09-22,185.90,186.46,184.93,184.93,8400,0.00,0.00,0.00
2023-09-25,184.52,186.03,184.52,186.03,12800,0.00,0.00,0.00
2023-09-26,185.00,185.00,182.99,182.99,15800,0.00,0.00,0.00
2023-09-27,183.98,183.98,182.22,183.62,7600,0.00,0.00,0.00
2023-09-28,183.72,185.15,183.31,184.60,7700,0.00,0.00,0.00
2023-09-29,186.16,186.16,183.95,184.35,4500,0.00,0.00,0.00
2023-10-02,183.98,184.34,182.82,183.66,7000,0.00,0.00,0.00
2023-10-03,182.66,183.46,180.69,181.36,12100,0.00,0.00,0.00
2023-10-04,181.50,182.74,181.32,182.46,8100,0.00,0.00,0.00
2023-10-05,182.07,182.72,181.04,182.24,20800,0.00,0.00,0.00
2023-10-06,181.70,185.19,180.94,184.76,22800,0.00,0.00,0.00
2023-10-09,183.89,186.01,183.44,185.62,21200,0.00,0.00,0.00
2023-10-10,186.47,187.96,186.08,186.92,14800,0.00,0.00,0.00
2023-10-11,187.34,187.71,186.56,187.45,22100,0.00,0.00,0.00
2023-10-12,187.73,187.73,185.33,186.27,32700,0.00,0.00,0.00
2023-10-13,187.25,187.25,184.61,185.12,24500,0.00,0.00,0.00
2023-10-16,186.29,187.41,186.26,187.16,7100,0.00,0.00,0.00
2023-10-17,186.10,188.13,186.04,187.50,32100,0.00,0.00,0.00
2023-10-18,186.46,186.69,184.59,184.60,6500,0.00,0.00,0.00
2023-10-19,184.83,185.67,182.83,182.83,4500,0.00,0.00,0.00
2023-10-20,182.63,182.63,180.66,180.66,3800,0.00,0.00,0.00
2023-10-23,179.65,181.66,179.40,180.14,21500,0.00,0.00,0.00
2023-10-24,181.40,181.95,180.69,181.71,6900,0.00,0.00,0.00
2023-10-25,181.01,181.01,178.57,178.81,85600,0.00,0.00,0.00
2023-10-26,178.27,178.29,176.81,176.81,17500,0.00,0.00,0.00
2023-10-27,177.26,177.59,175.52,175.92,15300,0.00,0.00,0.00
2023-10-30,177.12,178.35,176.67,177.75,102400,0.00,0.00,0.00
2023-10-31,177.80,179.22,177.80,179.22,21700,0.00,0.00,0.00
2023-11-01,179.66,181.19,179.36,180.90,21000,0.00,0.00,0.00
2023-11-02,182.90,184.58,182.90,184.58,9500,0.00,0.00,0.00
2023-11-03,185.56,187.39,185.56,186.58,123700,0.00,0.00,0.00
2023-11-06,187.29,187.29,185.99,186.80,85100,0.00,0.00,0.00
2023-11-07,186.98,187.57,186.30,187.39,10200,0.00,0.00,0.00
2023-11-08,187.30,187.62,186.48,187.16,161900,0.00,0.00,0.00
2023-11-09,187.63,187.63,185.53,185.76,18800,0.00,0.00,0.00
2023-11-10,186.41,188.46,185.84,188.37,88300,0.00,0.00,0.00
2023-11-13,188.28,188.70,187.47,188.29,50200,0.00,0.00,0.00
2023-11-14,190.78,192.97,190.78,192.55,12200,0.00,0.00,0.00
2023-11-15,192.84,193.70,192.84,193.10,118200,0.00,0.00,0.00
2023-11-16,192.61,193.05,192.08,192.68,10500,0.00,0.00,0.00
2023-11-17,192.85,193.51,192.85,193.45,36900,0.00,0.00,0.00
2023-11-20,193.27,195.10,192.95,194.74,12700,0.00,0.00,0.00
2023-11-21,194.50,194.50,193.85,194.38,32700,0.00,0.00,0.00
2023-11-22,194.65,195.50,194.65,195.05,25000,0.00,0.00,0.00
2023-11-24,195.15,195.48,195.04,195.48,17800,0.00,0.00,0.00
2023-11-27,194.82,195.48,194.82,194.91,30800,0.00,0.00,0.00
2023-11-28,194.99,195.71,194.53,195.30,18600,0.00,0.00,0.00
2023-11-29,195.82,196.75,195.06,195.17,67800,0.00,0.00,0.00
2023-11-30,195.78,196.06,194.92,195.88,11900,0.00,0.00,0.00
2023-12-01,195.48,197.72,195.48,197.51,79700,0.00,0.00,0.00
2023-12-04,196.47,197.25,195.87,197.10,111900,0.00,0.00,0.00
2023-12-05,196.22,196.93,196.02,196.68,28000,0.00,0.00,0.00
2023-12-06,197.55,197.63,195.75,195.94,16500,0.00,0.00,0.00
2023-12-07,196.38,197.46,196.38,197.44,130900,0.00,0.00,0.00
2023-12-08,197.06,198.45,197.06,198.05,28800,0.00,0.00,0.00
2023-12-11,197.84,198.96,197.84,198.84,16500,0.00,0.00,0.00
2023-12-12,198.95,199.91,198.34,199.91,230300,0.00,0.00,0.00
2023-12-13,200.16,203.05,199.72,203.05,15400,0.00,0.00,0.00
2023-12-14,204.32,204.71,202.88,204.19,29900,0.00,0.00,0.00
2023-12-15,204.01,204.21,203.22,203.88,49600,0.00,0.00,0.00
2023-12-18,204.08,205.01,204.08,204.84,35700,0.00,0.00,0.00
2023-12-19,204.81,206.19,204.81,205.99,15100,0.92,0.00,0.00
2023-12-20,206.40,206.68,203.10,203.29,112100,0.00,0.00,0.00
2023-12-21,205.01,205.45,203.86,205.42,16900,0.00,0.00,0.00
2023-12-22,206.00,206.51,205.07,205.96,27700,0.00,0.00,0.00
2023-12-26,206.20,207.14,206.20,207.00,16100,0.00,0.00,0.00
2023-12-27,207.05,207.34,206.68,207.25,30300,0.00,0.00,0.00
2023-12-28,206.97,207.62,206.97,207.11,20000,0.00,0.00,0.00
2023-12-29,207.36,207.52,205.88,206.61,61200,0.00,0.00,0.00
2024-01-02,206.61,206.61,204.27,205.29,104300,0.00,0.00,0.00
2024-01-03,203.95,204.07,202.79,202.79,39600,0.00,0.00,0.00
2024-01-04,203.03,204.08,202.37,202.37,314600,0.00,0.00,0.00
2024-01-05,202.22,203.88,202.22,202.59,30100,0.00,0.00,0.00
2024-01-08,203.11,205.95,203.11,205.95,15500,0.00,0.00,0.00
2024-01-09,204.94,205.78,204.46,205.39,94300,0.00,0.00,0.00
2024-01-10,205.64,206.64,205.61,206.53,77000,0.00,0.00,0.00
2024-01-11,206.81,206.81,204.53,206.02,10900,0.00,0.00,0.00
2024-01-12,206.85,207.21,205.77,206.26,15100,0.00,0.00,0.00
2024-01-16,205.20,206.06,204.68,205.30,43600,0.00,0.00,0.00
2024-01-17,203.80,204.30,203.09,204.30,9300,0.00,0.00,0.00
2024-01-18,205.01,206.06,204.22,205.86,50600,0.00,0.00,0.00
2024-01-19,206.61,208.53,206.16,208.53,37900,0.00,0.00,0.00
2024-01-22,209.36,209.85,209.00,209.07,26800,0.00,0.00,0.00
2024-01-23,209.73,209.83,208.84,209.83,29500,0.00,0.00,0.00
2024-01-24,210.81,211.14,209.46,209.63,45400,0.00,0.00,0.00
2024-01-25,210.69,210.84,209.91,210.83,131500,0.00,0.00,0.00
2024-01-26,210.61,211.30,210.37,210.82,12300,0.00,0.00,0.00
2024-01-29,210.66,212.64,210.66,212.64,40000,0.00,0.00,0.00
2024-01-30,212.34,212.42,211.92,212.37,20000,0.00,0.00,0.00
2024-01-31,211.04,211.32,208.63,208.80,16400,0.00,0.00,0.00
2024-02-01,209.52,211.28,209.49,211.06,13900,0.00,0.00,0.00
2024-02-02,211.09,213.72,211.09,213.21,22700,0.00,0.00,0.00
2024-02-05,212.93,212.93,211.41,212.42,24600,0.00,0.00,0.00
2024-02-06,212.88,212.97,212.15,212.97,12600,0.00,0.00,0.00
2024-02-07,214.08,214.82,213.45,214.82,10200,0.00,0.00,0.00
2024-02-08,214.72,215.11,214.61,214.96,14500,0.00,0.00,0.00
2024-02-09,215.68,216.61,215.33,216.61,8100,0.00,0.00,0.00
2024-02-12,216.63,217.70,216.53,216.62,11400,0.00,0.00,0.00
2024-02-13,212.96,214.08,211.93,213.40,18900,0.00,0.00,0.00
2024-02-14,214.79,215.76,213.82,215.76,10900,0.00,0.00,0.00
2024-02-15,216.16,217.44,215.82,217.44,12100,0.00,0.00,0.00
2024-02-16,217.23,217.60,215.91,216.11,15600,0.00,0.00,0.00
2024-02-20,215.57,215.57,214.05,214.76,26400,0.00,0.00,0.00
2024-02-21,214.25,214.83,213.34,214.83,28500,0.00,0.00,0.00
2024-02-22,217.54,219.13,217.34,218.86,12900,0.00,0.00,0.00
2024-02-23,219.93,219.94,219.01,219.01,15400,0.00,0.00,0.00
2024-02-26,219.36,219.36,218.51,218.51,11800,0.00,0.00,0.00
2024-02-27,219.16,219.20,218.43,219.20,12100,0.00,0.00,0.00
2024-02-28,218.59,219.06,218.59,218.94,71300,0.00,0.00,0.00
2024-02-29,219.95,220.32,219.14,219.82,11000,0.00,0.00,0.00
2024-03-01,220.00,221.69,219.81,221.63,13100,0.00,0.00,0.00
2024-03-04,221.31,222.19,221.31,221.39,37200,0.00,0.00,0.00
2024-03-05,220.27,220.34,218.26,219.05,6400,0.00,0.00,0.00
2024-03-06,220.81,221.20,219.83,220.37,12000,0.00,0.00,0.00
2024-03-07,221.43,222.85,221.43,222.56,11900,0.00,0.00,0.00
2024-03-08,223.36,224.07,221.11,221.31,16500,0.00,0.00,0.00
2024-03-11,220.65,221.08,219.93,220.97,9200,0.00,0.00,0.00
2024-03-12,221.91,223.24,221.91,223.07,8100,0.00,0.00,0.00
2024-03-13,223.14,223.40,222.30,222.91,4600,0.00,0.00,0.00
2024-03-14,222.30,222.30,220.70,222.20,8400,0.00,0.00,0.00
2024-03-15,220.71,221.47,220.21,220.74,8900,0.00,0.00,0.00
2024-03-18,222.06,222.86,221.87,222.06,8800,0.00,0.00,0.00
2024-03-19,221.35,223.13,221.20,223.13,7300,0.00,0.00,0.00
2024-03-20,222.66,225.46,222.66,225.33,28000,0.00,0.00,0.00
2024-03-21,226.86,226.98,226.39,226.39,8600,0.66,0.00,0.00
2024-03-22,225.96,226.25,225.53,225.56,14500,0.00,0.00,0.00
2024-03-25,225.47,225.70,225.10,225.26,8800,0.00,0.00,0.00
2024-03-26,226.17,226.17,224.59,224.59,15200,0.00,0.00,0.00
2024-03-27,226.18,226.76,225.28,226.73,9300,0.00,0.00,0.00
2024-03-28,226.87,227.32,226.80,226.80,25100,0.00,0.00,0.00
2024-04-01,227.60,227.60,226.05,226.17,18700,0.00,0.00,0.00
2024-04-02,224.07,224.55,223.65,224.51,10200,0.00,0.00,0.00
2024-04-03,223.69,225.53,223.69,224.81,145700,0.00,0.00,0.00
2024-04-04,226.82,226.83,222.29,222.37,11300,0.00,0.00,0.00
2024-04-05,222.90,225.13,222.90,224.56,9100,0.00,0.00,0.00
2024-04-08,225.14,225.27,224.60,224.88,9900,0.00,0.00,0.00
2024-04-09,225.29,225.29,223.01,224.97,10900,0.00,0.00,0.00
2024-04-10,222.14,223.20,221.97,222.58,17000,0.00,0.00,0.00
2024-04-11,223.34,224.66,221.73,224.15,13100,0.00,0.00,0.00
2024-04-12,222.58,222.96,220.37,220.93,20700,0.00,0.00,0.00
2024-04-15,222.24,222.39,217.81,217.81,11300,0.00,0.00,0.00
2024-04-16,217.71,218.63,216.91,217.42,9700,0.00,0.00,0.00
2024-04-17,218.51,218.56,216.13,216.34,46800,0.00,0.00,0.00
2024-04-18,216.56,217.55,215.44,215.64,7600,0.00,0.00,0.00
2024-04-19,215.20,216.10,213.58,214.08,18100,0.00,0.00,0.00
2024-04-22,215.13,217.27,214.61,215.96,17600,0.00,0.00,0.00
2024-04-23,217.99,219.08,217.99,218.68,9400,0.00,0.00,0.00
2024-04-24,219.03,219.08,217.73,218.76,5700,0.00,0.00,0.00
2024-04-25,215.62,217.84,215.47,217.65,56300,0.00,0.00,0.00
2024-04-26,219.15,220.28,219.15,219.76,5900,0.00,0.00,0.00
2024-04-29,220.42,220.92,219.95,220.49,8200,0.00,0.00,0.00
2024-04-30,219.53,220.25,216.82,216.82,95400,0.00,0.00,0.00
2024-05-01,216.95,219.41,216.39,216.66,15800,0.00,0.00,0.00
2024-05-02,218.33,218.83,216.66,218.61,33100,0.00,0.00,0.00
2024-05-03,221.69,221.69,220.50,221.30,8900,0.00,0.00,0.00
2024-05-06,222.20,223.58,222.20,223.54,26000,0.00,0.00,0.00
2024-05-07,224.03,224.45,223.80,223.92,44600,0.00,0.00,0.00
2024-05-08,222.50,223.73,222.50,223.53,4500,0.00,0.00,0.00
2024-05-09,223.80,225.17,223.77,225.17,8100,0.00,0.00,0.00
2024-05-10,225.78,225.85,224.74,225.15,51500,0.00,0.00,0.00
2024-05-13,226.32,226.32,224.91,225.38,16800,0.00,0.00,0.00
2024-05-14,225.60,226.54,225.30,226.47,13700,0.00,0.00,0.00
2024-05-15,227.58,229.32,227.31,229.32,8500,0.00,0.00,0.00
2024-05-16,229.30,229.58,228.49,228.49,6200,0.00,0.00,0.00
2024-05-17,228.64,229.10,228.22,228.88,12400,0.00,0.00,0.00
2024-05-20,229.01,229.74,229.01,229.19,9400,0.00,0.00,0.00
2024-05-21,229.04,229.72,229.04,229.72,6500,0.00,0.00,0.00
2024-05-22,229.22,229.50,228.00,228.66,8600,0.00,0.00,0.00
2024-05-23,230.12,230.12,226.44,226.88,12700,0.00,0.00,0.00
2024-05-24,227.53,228.47,227.53,228.46,4200,0.00,0.00,0.00
2024-05-28,229.01,229.01,227.35,228.39,43100,0.00,0.00,0.00
2024-05-29,226.80,227.04,226.45,226.76,57300,0.00,0.00,0.00
2024-05-30,226.16,226.51,225.64,225.74,10300,0.00,0.00,0.00
2024-05-31,226.03,227.36,224.06,227.17,9800,0.00,0.00,0.00
2024-06-03,228.34,228.34,225.73,227.42,9700,0.00,0.00,0.00
2024-06-04,226.91,227.66,226.19,227.38,10200,0.00,0.00,0.00
2024-06-05,228.16,230.20,228.16,230.20,8800,0.00,0.00,0.00
2024-06-06,230.25,230.38,229.53,229.90,8800,0.00,0.00,0.00
2024-06-07,229.55,230.41,229.32,229.54,6900,0.00,0.00,0.00
2024-06-10,229.07,230.18,228.78,230.13,8000,0.00,0.00,0.00
2024-06-11,229.49,230.71,229.22,230.71,11300,0.00,0.00,0.00
2024-06-12,233.19,233.90,232.69,232.83,22600,0.00,0.00,0.00
2024-06-13,233.68,233.68,231.63,232.81,36500,0.00,0.00,0.00
2024-06-14,231.77,232.25,231.37,232.21,31400,0.00,0.00,0.00
2024-06-17,232.17,234.71,231.98,234.23,11500,0.00,0.00,0.00
2024-06-18,234.11,234.81,234.11,234.73,11200,0.00,0.00,0.00
2024-06-20,234.90,235.19,233.76,234.23,7800,0.00,0.00,0.00
2024-06-21,233.64,234.24,233.35,234.02,10500,0.00,0.00,0.00
2024-06-24,233.77,235.11,233.51,233.51,80800,0.00,0.00,0.00
2024-06-25,234.02,234.25,233.65,234.24,18800,0.00,0.00,0.00
2024-06-26,233.77,234.57,233.49,234.23,22900,0.00,0.00,0.00
2024-06-27,234.55,235.04,234.22,234.96,10300,0.78,0.00,0.00
2024-06-28,235.11,236.37,233.91,234.01,7800,0.00,0.00,0.00
2024-07-01,235.20,235.20,233.65,234.72,14400,0.00,0.00,0.00
2024-07-02,233.79,236.07,233.79,236.07,15600,0.00,0.00,0.00
2024-07-03,236.14,237.05,236.06,236.99,5400,0.00,0.00,0.00
2024-07-05,237.01,238.04,236.68,238.04,29900,0.00,0.00,0.00
2024-07-08,238.32,238.68,238.02,238.34,14000,0.00,0.00,0.00
2024-07-09,238.70,239.02,238.27,238.38,15800,0.00,0.00,0.00
2024-07-10,238.74,240.69,238.74,240.69,17300,0.00,0.00,0.00
2024-07-11,241.20,241.43,239.41,239.73,35900,0.00,0.00,0.00
2024-07-12,240.33,242.49,239.98,241.22,12300,0.00,0.00,0.00
2024-07-15,241.92,243.30,241.63,242.32,12700,0.00,0.00,0.00
2024-07-16,242.84,244.29,242.84,244.29,11300,0.00,0.00,0.00
2024-07-17,241.58,242.33,240.76,240.85,14500,0.00,0.00,0.00
2024-07-18,241.65,241.95,238.40,238.77,11300,0.00,0.00,0.00
2024-07-19,238.20,238.52,236.99,237.15,7900,0.00,0.00,0.00
2024-07-22,239.31,239.97,238.17,239.61,15200,0.00,0.00,0.00
2024-07-23,239.63,240.71,239.43,239.43,21100,0.00,0.00,0.00
2024-07-24,237.30,237.30,233.83,233.84,14400,0.00,0.00,0.00
2024-07-25,234.26,236.98,233.12,233.12,12700,0.00,0.00,0.00
2024-07-26,234.60,237.05,234.60,235.80,13800,0.00,0.00,0.00
2024-07-29,236.83,237.06,235.63,235.99,11300,0.00,0.00,0.00
2024-07-30,236.75,237.11,234.27,234.98,24200,0.00,0.00,0.00
2024-07-31,237.99,240.06,237.74,238.70,25700,0.00,0.00,0.00
2024-08-01,239.46,239.72,233.47,235.09,11400,0.00,0.00,0.00
2024-08-02,230.78,231.76,228.25,230.36,14600,0.00,0.00,0.00
2024-08-05,219.52,226.20,219.22,223.22,38600,0.00,0.00,0.00
2024-08-06,224.87,228.55,224.25,225.70,13500,0.00,0.00,0.00
2024-08-07,228.67,229.53,223.81,224.13,8800,0.00,0.00,0.00
2024-08-08,226.36,229.52,226.36,229.37,23500,0.00,0.00,0.00
2024-08-09,228.50,230.50,228.50,230.11,7100,0.00,0.00,0.00
2024-08-12,231.08,231.08,229.70,230.17,10100,0.00,0.00,0.00
2024-08-13,231.46,233.84,231.46,233.83,6900,0.00,0.00,0.00
2024-08-14,234.40,234.98,233.31,234.62,14400,0.00,0.00,0.00
2024-08-15,237.32,238.87,237.19,238.78,9100,0.00,0.00,0.00
2024-08-16,237.85,239.33,237.85,239.10,9600,0.00,0.00,0.00
2024-08-19,239.57,241.68,239.57,241.68,29900,0.00,0.00,0.00
2024-08-20,241.53,241.81,240.40,241.02,23300,0.00,0.00,0.00
2024-08-21,241.50,242.36,241.08,242.15,27200,0.00,0.00,0.00
2024-08-22,242.87,242.88,239.66,239.85,8800,0.00,0.00,0.00
2024-08-23,241.38,243.20,241.38,243.20,18200,0.00,0.00,0.00
2024-08-26,243.40,244.16,241.97,242.23,12000,0.00,0.00,0.00
2024-08-27,241.43,242.88,241.43,242.50,8300,0.00,0.00,0.00
2024-08-28,242.18,242.39,240.12,240.96,8900,0.00,0.00,0.00
2024-08-29,242.20,243.43,241.18,241.67,10200,0.00,0.00,0.00
2024-08-30,242.68,243.92,240.85,243.82,15300,0.00,0.00,0.00
2024-09-03,242.58,242.58,237.91,238.69,11700,0.00,0.00,0.00
2024-09-04,237.46,239.36,237.46,238.00,30900,0.00,0.00,0.00
2024-09-05,238.00,239.01,236.55,237.36,21400,0.00,0.00,0.00
2024-09-06,237.34,237.34,232.99,233.24,8300,0.00,0.00,0.00
2024-09-09,235.11,236.14,234.44,235.66,9400,0.00,0.00,0.00
2024-09-10,236.75,236.75,234.71,236.72,10100,0.00,0.00,0.00
2024-09-11,236.52,239.06,233.12,238.83,16400,0.00,0.00,0.00
2024-09-12,239.42,241.09,238.60,241.09,4400,0.00,0.00,0.00
2024-09-13,241.74,243.02,241.74,242.88,6900,0.00,0.00,0.00
2024-09-16,242.51,243.37,242.28,243.33,12200,0.00,0.00,0.00
2024-09-17,244.44,244.82,242.96,243.62,10200,0.00,0.00,0.00
2024-09-18,243.50,244.88,242.66,242.66,7500,0.00,0.00,0.00
2024-09-19,247.35,247.79,246.32,247.16,10000,0.00,0.00,0.00
2024-09-20,246.46,246.74,245.71,246.24,6600,0.00,0.00,0.00
2024-09-23,247.10,247.33,246.67,247.02,8500,0.00,0.00,0.00
2024-09-24,247.79,247.82,246.42,247.82,84600,0.00,0.00,0.00
2024-09-25,247.95,247.95,246.57,246.74,13100,0.00,0.00,0.00
2024-09-26,248.70,248.73,247.51,248.11,13900,0.79,0.00,0.00
2024-09-27,249.00,249.00,247.47,247.83,81600,0.00,0.00,0.00
2024-09-30,247.59,248.83,247.29,248.53,20600,0.00,0.00,0.00
2024-10-01,248.94,248.94,245.53,246.61,16200,0.00,0.00,0.00
2024-10-02,245.74,246.88,245.74,246.65,7200,0.00,0.00,0.00
2024-10-03,245.67,246.58,245.33,246.24,38600,0.00,0.00,0.00
2024-10-04,248.29,248.51,246.54,248.51,11100,0.00,0.00,0.00
2024-10-07,247.96,247.96,245.76,246.25,18400,0.00,0.00,0.00
2024-10-08,246.75,248.35,246.75,248.26,6800,0.00,0.00,0.00
2024-10-09,248.56,250.10,248.56,250.10,6400,0.00,0.00,0.00
2024-10-10,249.30,249.96,248.85,249.50,11600,0.00,0.00,0.00
2024-10-11,249.96,251.54,249.96,251.12,9900,0.00,0.00,0.00
2024-10-14,252.16,253.51,252.01,253.43,13100,0.00,0.00,0.00
2024-10-15,253.16,253.69,251.16,251.73,9900,0.00,0.00,0.00
2024-10-16,251.58,252.99,251.58,252.65,13100,0.00,0.00,0.00
2024-10-17,254.04,254.04,252.68,252.68,9900,0.00,0.00,0.00
2024-10-18,253.23,254.02,253.23,253.77,9900,0.00,0.00,0.00
2024-10-21,253.45,253.56,252.04,252.77,12000,0.00,0.00,0.00
2024-10-22,251.86,252.94,251.53,252.94,43300,0.00,0.00,0.00
2024-10-23,252.08,252.10,249.01,250.25,41800,0.00,0.00,0.00
2024-10-24,251.27,251.44,250.32,250.84,77700,0.00,0.00,0.00
2024-10-25,252.23,253.29,250.63,250.96,48700,0.00,0.00,0.00
2024-10-28,252.06,252.43,251.83,251.83,49300,0.00,0.00,0.00
2024-10-29,251.10,252.76,251.07,252.43,50600,0.00,0.00,0.00
2024-10-30,251.74,253.08,251.56,251.60,49600,0.00,0.00,0.00
2024-10-31,250.08,250.08,247.16,247.16,82700,0.00,0.00,0.00
2024-11-01,248.41,249.72,247.82,247.95,67000,0.00,0.00,0.00
2024-11-04,247.74,248.52,246.77,247.43,16100,0.00,0.00,0.00
2024-11-05,248.40,250.63,248.40,250.62,14800,0.00,0.00,0.00
2024-11-06,255.96,257.63,255.10,257.61,19200,0.00,0.00,0.00
2024-11-07,258.75,259.88,258.45,259.48,92500,0.00,0.00,0.00
2024-11-08,259.94,261.26,259.72,260.85,625500,0.00,0.00,0.00
2024-11-11,261.93,261.93,261.10,261.51,20500,0.00,0.00,0.00
2024-11-12,261.47,261.55,259.50,260.38,17800,0.00,0.00,0.00
2024-11-13,261.10,261.38,260.02,260.47,17800,0.00,0.00,0.00
2024-11-14,260.77,260.77,258.47,258.56,485400,0.00,0.00,0.00
2024-11-15,257.17,257.17,254.62,255.13,11800,0.00,0.00,0.00
2024-11-18,255.55,256.80,255.05,256.33,21400,0.00,0.00,0.00
2024-11-19,254.63,257.63,254.63,257.47,19600,0.00,0.00,0.00
2024-11-20,257.71,257.71,255.38,257.70,24200,0.00,0.00,0.00
2024-11-21,259.07,259.99,257.11,259.18,10900,0.00,0.00,0.00
2024-11-22,259.37,260.79,259.37,260.49,111200,0.00,0.00,0.00
2024-11-25,262.64,263.18,261.36,261.62,18800,0.00,0.00,0.00
2024-11-26,262.45,262.98,261.79,262.70,11800,0.00,0.00,0.00
2024-11-27,262.73,263.15,261.63,261.78,41300,0.00,0.00,0.00
2024-11-29,262.72,263.69,262.72,263.69,3700,0.00,0.00,0.00
2024-12-02,264.08,264.18,263.44,264.12,9900,0.00,0.00,0.00
2024-12-03,263.68,264.09,263.41,264.05,9700,0.00,0.00,0.00
2024-12-04,265.15,265.95,264.68,265.95,12600,0.00,0.00,0.00
2024-12-05,266.01,266.01,264.78,264.78,16200,0.00,0.00,0.00
2024-12-06,265.91,266.15,265.31,265.85,30300,0.00,0.00,0.00
2024-12-09,266.04,266.04,263.85,263.85,13600,0.00,0.00,0.00
2024-12-10,264.46,264.46,262.82,263.18,12200,0.00,0.00,0.00
2024-12-11,264.64,265.49,264.17,265.18,13600,0.00,0.00,0.00
2024-12-12,265.13,265.13,263.63,263.92,10300,0.00,0.00,0.00
2024-12-13,264.67,264.67,262.76,263.69,16100,0.00,0.00,0.00
2024-12-16,264.53,265.03,264.12,264.66,46500,0.00,0.00,0.00
2024-12-17,263.36,263.54,262.65,263.09,22500,0.00,0.00,0.00
2024-12-18,263.28,263.88,254.89,255.03,20400,0.00,0.00,0.00
2024-12-19,257.49,257.67,254.73,254.73,25200,0.00,0.00,0.00
2024-12-20,253.51,259.60,253.51,257.69,21900,0.00,0.00,0.00
2024-12-23,257.50,258.91,256.71,258.91,13600,0.86,0.00,0.00
2024-12-24,259.79,262.07,259.79,262.07,13600,0.00,0.00,0.00
2024-12-26,261.41,262.44,261.08,262.26,25700,0.00,0.00,0.00
2024-12-27,260.46,260.46,257.75,259.40,20600,0.00,0.00,0.00
2024-12-30,256.36,257.81,254.87,256.49,37000,0.00,0.00,0.00
2024-12-31,257.46,257.56,254.99,255.31,97600,0.00,0.00,0.00
2025-01-02,257.12,257.78,253.32,254.76,25300,0.00,0.00,0.00
2025-01-03,256.31,258.56,256.31,257.99,18200,0.00,0.00,0.00
2025-01-06,260.21,261.51,259.00,259.56,21700,0.00,0.00,0.00
2025-01-07,260.89,260.89,256.14,256.69,21000,0.00,0.00,0.00
2025-01-08,256.35,257.13,255.30,256.86,43100,0.00,0.00,0.00
2025-01-10,255.53,255.53,252.53,252.90,28200,0.00,0.00,0.00
2025-01-13,250.57,253.71,250.57,253.48,22500,0.00,0.00,0.00
2025-01-14,255.27,255.27,252.83,254.48,33200,0.00,0.00,0.00
2025-01-15,257.85,259.36,257.76,258.94,20500,0.00,0.00,0.00
2025-01-16,259.02,259.54,258.52,258.73,11500,0.00,0.00,0.00
2025-01-17,261.67,261.85,260.62,261.18,32500,0.00,0.00,0.00
2025-01-21,262.80,263.86,262.31,263.86,34400,0.00,0.00,0.00
2025-01-22,265.59,265.59,264.77,265.08,26800,0.00,0.00,0.00
2025-01-23,264.90,266.56,264.59,266.56,367300,0.00,0.00,0.00
2025-01-24,266.62,266.77,265.25,265.66,14000,0.00,0.00,0.00
2025-01-27,259.89,262.25,259.89,261.68,21600,0.00,0.00,0.00
2025-01-28,262.33,264.37,261.05,263.93,22500,0.00,0.00,0.00
2025-01-29,263.94,263.94,261.88,263.15,9600,0.00,0.00,0.00
2025-01-30,263.94,265.29,262.85,264.31,87000,0.00,0.00,0.00
2025-01-31,266.18,266.51,262.90,263.06,61400,0.00,0.00,0.00
2025-02-03,258.25,262.36,258.21,261.42,35400,0.00,0.00,0.00
2025-02-04,261.66,263.38,261.30,263.38,19400,0.00,0.00,0.00
2025-02-05,262.79,264.30,262.62,264.21,11700,0.00,0.00,0.00
2025-02-06,265.18,265.27,263.98,265.27,18200,0.00,0.00,0.00
2025-02-07,265.16,265.81,262.51,262.65,27300,0.00,0.00,0.00
2025-02-10,264.06,264.63,263.60,264.17,8800,0.00,0.00,0.00
2025-02-11,263.14,264.31,263.14,264.06,10400,0.00,0.00,0.00
2025-02-12,261.59,263.72,261.46,263.45,24100,0.00,0.00,0.00
2025-02-13,263.65,266.01,263.65,265.98,21000,0.00,0.00,0.00
2025-02-14,266.46,266.62,266.00,266.27,12300,0.00,0.00,0.00
2025-02-18,266.68,266.73,265.60,266.69,14700,0.00,0.00,0.00
2025-02-19,266.46,267.40,265.98,267.40,31000,0.00,0.00,0.00
2025-02-20,267.38,267.38,264.41,266.03,25300,0.00,0.00,0.00
2025-02-21,266.20,266.20,260.60,260.64,21500,0.00,0.00,0.00
2025-02-24,261.42,261.42,259.45,259.45,20700,0.00,0.00,0.00
2025-02-25,259.37,259.68,256.36,258.36,11700,0.00,0.00,0.00
2025-02-26,259.21,260.61,257.47,258.59,14800,0.00,0.00,0.00
2025-02-27,259.97,259.97,254.10,254.10,33800,0.00,0.00,0.00
2025-02-28,254.04,258.30,253.68,258.30,41700,0.00,0.00,0.00
2025-03-03,258.70,259.85,251.79,253.37,28200,0.00,0.00,0.00
2025-03-04,251.07,253.94,248.18,250.25,39000,0.00,0.00,0.00
2025-03-05,250.26,253.42,249.03,253.04,28100,0.00,0.00,0.00
2025-03-06,250.40,250.72,247.31,248.60,19200,0.00,0.00,0.00
2025-03-07,248.01,250.25,245.07,249.94,117500,0.00,0.00,0.00
2025-03-10,245.81,246.64,240.82,243.13,30600,0.00,0.00,0.00
2025-03-11,242.13,243.67,239.50,241.13,94600,0.00,0.00,0.00
2025-03-12,244.68,244.68,240.49,242.50,15200,0.00,0.00,0.00
2025-03-13,242.35,242.35,238.44,239.05,65000,0.00,0.00,0.00
2025-03-14,241.07,244.57,240.87,244.45,33400,0.00,0.00,0.00
2025-03-17,243.92,247.40,243.92,246.23,26700,0.00,0.00,0.00
2025-03-18,244.98,245.24,243.07,243.45,53600,0.00,0.00,0.00
2025-03-19,244.35,247.83,244.31,246.23,34600,0.00,0.00,0.00
2025-03-20,245.23,247.65,245.11,245.94,128300,0.00,0.00,0.00
2025-03-21,243.50,246.12,243.50,245.94,37400,0.00,0.00,0.00
2025-03-24,249.41,250.90,248.82,250.41,21600,0.00,0.00,0.00
2025-03-25,250.88,251.43,250.12,250.83,11600,0.77,0.00,0.00
2025-03-26,250.76,250.76,247.31,248.03,47900,0.00,0.00,0.00
2025-03-27,247.32,248.54,246.48,247.11,33100,0.00,0.00,0.00
2025-03-28,246.04,246.46,241.65,242.18,172700,0.00,0.00,0.00
2025-03-31,238.70,243.58,238.24,243.29,18400,0.00,0.00,0.00
2025-04-01,242.39,244.58,241.35,244.32,15200,0.00,0.00,0.00
2025-04-02,241.23,247.02,241.23,245.94,124200,0.00,0.00,0.00
2025-04-03,238.12,238.12,233.36,233.86,79400,0.00,0.00,0.00
2025-04-04,226.68,227.71,219.85,220.14,128600,0.00,0.00,0.00
2025-04-07,211.41,226.17,210.11,219.16,393600,0.00,0.00,0.00
2025-04-08,227.50,228.00,212.72,215.63,675600,0.00,0.00,0.00
2025-04-09,214.02,237.09,214.01,236.28,109000,0.00,0.00,0.00
2025-04-10,231.85,231.85,221.35,227.51,96500,0.00,0.00,0.00
2025-04-11,226.84,232.12,226.19,231.31,51600,0.00,0.00,0.00
2025-04-14,236.06,236.11,231.91,233.78,59400,0.00,0.00,0.00
2025-04-15,234.00,235.42,233.02,233.19,26400,0.00,0.00,0.00
2025-04-16,230.98,232.26,226.20,228.31,30900,0.00,0.00,0.00
2025-04-17,228.83,230.83,227.97,229.07,52900,0.00,0.00,0.00
2025-04-21,227.25,227.25,221.24,223.64,45800,0.00,0.00,0.00
2025-04-22,225.83,229.63,225.83,229.39,14500,0.00,0.00,0.00
2025-04-23,235.45,237.50,232.64,233.14,32900,0.00,0.00,0.00
2025-04-24,233.74,238.37,233.27,238.08,45800,0.00,0.00,0.00
2025-04-25,238.05,239.85,236.97,239.67,31800,0.00,0.00,0.00
2025-04-28,240.01,240.85,237.32,239.87,12900,0.00,0.00,0.00
2025-04-29,239.51,241.82,239.41,241.40,15200,0.00,0.00,0.00
2025-04-30,237.82,241.88,236.53,241.51,29600,0.00,0.00,0.00
2025-05-01,244.13,245.20,242.85,242.95,25000,0.00,0.00,0.00
2025-05-02,245.81,247.31,245.11,246.45,37200,0.00,0.00,0.00
2025-05-05,244.54,246.78,244.54,245.05,11800,0.00,0.00,0.00
2025-05-06,242.53,244.77,242.53,243.38,16100,0.00,0.00,0.00
2025-05-07,243.94,245.18,242.54,244.21,23800,0.00,0.00,0.00
2025-05-08,245.94,248.54,245.19,246.43,31700,0.00,0.00,0.00
2025-05-09,247.26,247.47,245.65,246.01,19500,0.00,0.00,0.00
2025-05-12,253.84,254.52,251.98,254.09,44100,0.00,0.00,0.00
2025-05-13,254.80,256.84,254.47,256.02,20200,0.00,0.00,0.00
2025-05-14,256.66,256.99,255.60,256.15,29800,0.00,0.00,0.00
2025-05-15,255.19,257.32,255.08,257.16,14100,0.00,0.00,0.00
2025-05-16,257.21,258.99,256.95,258.73,59800,0.00,0.00,0.00
2025-05-19,256.04,259.19,256.04,258.93,16500,0.00,0.00,0.00
2025-05-20,258.78,258.81,257.55,258.05,150100,0.00,0.00,0.00
2025-05-21,256.17,257.64,253.35,254.00,37400,0.00,0.00,0.00
2025-05-22,253.47,255.28,253.15,253.65,43200,0.00,0.00,0.00
2025-05-23,250.55,253.07,250.55,252.38,12500,0.00,0.00,0.00
2025-05-27,255.52,257.34,254.61,257.34,55600,0.00,0.00,0.00
2025-05-28,257.38,257.38,255.77,255.89,24800,0.00,0.00,0.00
2025-05-29,258.50,258.50,255.27,256.77,20200,0.00,0.00,0.00
2025-05-30,255.74,257.19,253.75,256.66,26600,0.00,0.00,0.00
2025-06-02,256.18,257.82,254.95,257.82,19900,0.00,0.00,0.00
2025-06-03,258.01,259.98,257.61,259.45,17000,0.00,0.00,0.00
2025-06-04,259.76,260.41,259.59,259.79,26800,0.00,0.00,0.00
2025-06-05,260.07,260.70,257.53,258.16,19200,0.00,0.00,0.00
2025-06-06,261.00,261.70,260.63,261.09,149500,0.00,0.00,0.00
2025-06-09,261.58,262.26,260.91,261.66,27100,0.00,0.00,0.00
2025-06-10,261.58,262.91,261.58,262.76,34900,0.00,0.00,0.00
2025-06-11,262.82,263.50,261.30,262.02,20600,0.00,0.00,0.00
2025-06-12,261.18,263.01,261.11,263.01,104200,0.00,0.00,0.00
2025-06-13,260.29,261.78,259.19,259.81,28200,0.00,0.00,0.00
2025-06-16,261.69,262.94,261.38,262.43,13200,0.00,0.00,0.00
2025-06-17,260.79,261.77,259.89,259.97,17200,0.00,0.00,0.00
2025-06-18,259.74,261.77,259.74,260.02,14400,0.00,0.00,0.00
2025-06-20,261.36,261.75,258.91,259.31,10900,0.77,0.00,0.00
2025-06-23,259.64,262.14,258.53,262.04,17000,0.00,0.00,0.00
2025-06-24,264.17,265.38,263.76,265.09,14200,0.00,0.00,0.00
2025-06-25,265.54,265.76,264.51,264.71,63300,0.00,0.00,0.00
2025-06-26,265.42,267.11,265.42,267.11,7900,0.00,0.00,0.00
2025-06-27,267.96,268.95,266.86,268.46,13600,0.00,0.00,0.00
2025-06-30,269.38,270.08,268.77,269.70,31800,0.00,0.00,0.00
2025-07-01,268.94,270.00,268.67,269.49,17000,0.00,0.00,0.00
2025-07-02,269.38,270.97,269.04,270.97,78300,0.00,0.00,0.00
2025-07-03,271.91,273.43,271.91,273.20,22100,0.00,0.00,0.00
2025-07-07,272.31,272.47,269.96,271.10,16500,0.00,0.00,0.00
2025-07-08,271.71,271.71,270.85,270.97,11600,0.00,0.00,0.00
2025-07-09,271.99,272.74,271.31,272.65,76200,0.00,0.00,0.00
2025-07-10,272.91,273.91,272.34,273.63,106300,0.00,0.00,0.00
2025-07-11,272.43,272.77,271.63,272.22,53600,0.00,0.00,0.00
2025-07-14,272.21,273.06,271.93,273.06,13500,0.00,0.00,0.00
2025-07-15,274.45,274.45,271.53,271.53,59900,0.00,0.00,0.00
2025-07-16,272.09,272.81,270.08,272.72,19400,0.00,0.00,0.00
2025-07-17,272.93,274.71,272.86,274.51,24200,0.00,0.00,0.00
2025-07-18,275.25,275.25,273.79,274.09,58000,0.00,0.00,0.00
2025-07-21,274.82,275.76,274.30,274.36,16000,0.00,0.00,0.00
2025-07-22,274.60,274.95,273.77,274.72,17000,0.00,0.00,0.00
2025-07-23,275.62,277.00,275.23,276.96,41600,0.00,0.00,0.00
2025-07-24,277.02,277.57,276.83,276.95,11900,0.00,0.00,0.00
2025-07-25,277.43,278.27,277.08,278.05,9300,0.00,0.00,0.00
2025-07-28,278.44,278.44,277.47,277.97,14600,0.00,0.00,0.00
2025-07-29,278.53,278.60,276.88,277.08,12400,0.00,0.00,0.00
2025-07-30,277.66,278.06,275.61,276.74,33700,0.00,0.00,0.00
2025-07-31,279.05,279.05,275.59,275.59,10000,0.00,0.00,0.00
2025-08-01,272.44,272.50,270.10,271.20,16300,0.00,0.00,0.00
2025-08-04,272.80,275.26,272.80,275.26,36400,0.00,0.00,0.00
2025-08-05,275.33,276.12,273.72,274.14,20600,0.00,0.00,0.00
2025-08-06,274.50,276.12,274.06,275.94,11400,0.00,0.00,0.00
2025-08-07,277.97,277.97,274.62,275.70,15500,0.00,0.00,0.00
2025-08-08,276.77,277.77,276.73,277.54,6300,0.00,0.00,0.00
2025-08-11,278.03,278.24,276.60,276.82,17300,0.00,0.00,0.00
2025-08-12,278.37,280.47,278.27,280.42,46600,0.00,0.00,0.00
2025-08-13,281.83,281.93,280.56,281.72,16400,0.00,0.00,0.00
2025-08-14,280.43,281.50,280.43,281.50,15000,0.00,0.00,0.00
2025-08-15,281.12,281.32,280.63,280.63,8500,0.00,0.00,0.00
2025-08-18,280.84,280.90,280.20,280.76,21600,0.00,0.00,0.00
2025-08-19,280.64,281.08,278.73,278.91,13400,0.00,0.00,0.00
2025-08-20,278.54,278.63,276.01,278.20,49600,0.00,0.00,0.00
2025-08-21,277.30,277.99,276.88,277.17,10300,0.00,0.00,0.00
2025-08-22,278.31,282.51,278.31,281.91,7300,0.00,0.00,0.00
2025-08-25,281.72,281.84,280.77,280.85,12200,0.00,0.00,0.00
2025-08-26,280.58,282.07,280.37,282.02,10400,0.00,0.00,0.00
2025-08-27,281.93,283.01,281.93,282.90,8500,0.00,0.00,0.00
2025-08-28,282.99,283.96,282.60,283.78,82000,0.00,0.00,0.00
2025-08-29,283.26,283.26,281.61,282.01,15300,0.00,0.00,0.00
2025-09-02,278.49,280.20,277.99,280.14,17300,0.00,0.00,0.00
2025-09-03,281.56,281.71,280.19,281.34,11800,0.00,0.00,0.00
2025-09-04,281.81,283.94,281.78,283.88,9400,0.00,0.00,0.00
2025-09-05,285.07,285.25,282.39,283.18,23500,0.00,0.00,0.00
2025-09-08,284.40,284.59,283.58,284.20,8300,0.00,0.00,0.00
2025-09-09,284.44,284.72,283.58,284.72,9000,0.00,0.00,0.00
2025-09-10,286.43,286.43,284.74,285.44,12000,0.00,0.00,0.00
2025-09-11,285.78,288.08,285.78,288.08,16400,0.00,0.00,0.00
2025-09-12,288.04,288.17,287.44,287.65,17100,0.00,0.00,0.00
2025-09-15,288.62,289.20,288.44,288.85,33300,0.00,0.00,0.00
2025-09-16,289.51,289.51,288.28,288.62,9300,0.00,0.00,0.00
2025-09-17,288.81,288.91,286.76,288.17,10700,0.00,0.00,0.00
2025-09-18,290.05,290.82,289.49,290.24,10600,0.00,0.00,0.00
2025-09-19,291.12,291.57,289.85,291.34,10100,0.00,0.00,0.00
2025-09-22,290.58,292.68,290.58,292.54,25700,0.00,0.00,0.00
2025-09-23,292.81,292.84,290.67,290.87,6600,0.00,0.00,0.00
2025-09-24,291.54,291.54,289.53,289.83,14600,0.81,0.00,0.00
2025-09-25,287.78,288.77,287.03,288.27,15000,0.00,0.00,0.00
2025-09-26,289.46,290.15,288.34,290.11,25700,0.00,0.00,0.00
2025-09-29,291.32,291.42,290.07,290.71,12000,0.00,0.00,0.00
2025-09-30,290.25,291.83,289.86,291.83,11000,0.00,0.00,0.00
2025-10-01,290.38,293.20,290.38,292.95,76300,0.00,0.00,0.00
2025-10-02,293.75,293.75,292.33,293.10,76600,0.00,0.00,0.00
2025-10-03,293.14,294.93,292.93,293.22,12300,0.00,0.00,0.00
2025-10-06,294.59,294.88,293.38,294.42,16200,0.00,0.00,0.00
2025-10-07,294.81,294.95,292.42,292.90,62400,0.00,0.00,0.00
2025-10-08,294.19,294.92,293.67,294.87,14600,0.00,0.00,0.00
2025-10-09,294.87,295.07,293.14,293.75,16000,0.00,0.00,0.00
2025-10-10,294.21,294.77,285.92,285.99,18800,0.00,0.00,0.00
2025-10-13,288.99,290.95,288.99,290.61,9000,0.00,0.00,0.00
2025-10-14,287.60,291.95,286.70,290.54,35900,0.00,0.00,0.00
2025-10-15,293.28,293.92,289.79,291.64,23200,0.00,0.00,0.00
2025-10-16,292.91,292.91,288.46,289.62,16500,0.00,0.00,0.00
2025-10-17,288.50,291.40,288.50,290.84,13900,0.00,0.00,0.00
2025-10-20,292.41,294.47,292.41,294.16,11300,0.00,0.00,0.00
2025-10-21,294.30,294.86,293.78,294.20,18300,0.00,0.00,0.00
2025-10-22,294.03,294.03,290.46,292.31,63600,0.00,0.00,0.00
2025-10-23,292.34,294.81,292.34,294.42,8800,0.00,0.00,0.00
2025-10-24,296.43,297.34,296.43,296.72,11900,0.00,0.00,0.00
2025-10-27,298.78,300.15,298.78,300.14,19800,0.00,0.00,0.00
2025-10-28,300.76,301.14,299.90,300.56,14100,0.00,0.00,0.00
2025-10-29,301.29,301.29,299.07,300.00,12300,0.00,0.00,0.00
2025-10-30,298.90,299.72,297.06,297.10,12500,0.00,0.00,0.00
2025-10-31,299.51,299.51,297.66,298.32,10200,0.00,0.00,0.00
2025-11-03,299.42,299.42,296.94,298.48,17700,0.00,0.00,0.00
2025-11-04,294.94,296.88,294.70,294.74,17900,0.00,0.00,0.00
2025-11-05,294.53,297.42,294.53,296.10,16000,0.00,0.00,0.00
2025-11-06,295.94,295.94,292.22,292.79,43800,0.00,0.00,0.00
2025-11-07,291.33,293.36,288.94,293.29,22600,0.00,0.00,0.00
2025-11-10,296.77,298.15,295.38,297.70,22900,0.00,0.00,0.00
2025-11-11,296.77,298.67,296.68,298.22,14400,0.00,0.00,0.00
2025-11-12,299.51,299.54,297.96,298.39,13700,0.00,0.00,0.00
2025-11-13,297.30,297.30,292.82,293.22,102000,0.00,0.00,0.00
2025-11-14,289.63,294.82,289.63,293.05,19100,0.00,0.00,0.00
2025-11-17,292.43,293.99,288.76,290.03,24000,0.00,0.00,0.00
2025-11-18,288.19,289.93,286.21,288.29,24000,0.00,0.00,0.00
2025-11-19,288.14,291.11,287.78,289.26,30300,0.00,0.00,0.00
2025-11-20,294.02,294.76,284.50,284.61,53600,0.00,0.00,0.00
2025-11-21,285.49,290.14,284.22,287.75,92400,0.00,0.00,0.00
2025-11-24,288.74,292.52,288.74,292.09,36700,0.00,0.00,0.00
2025-11-25,292.22,295.59,290.50,295.17,69600,0.00,0.00,0.00
2025-11-26,296.37,298.05,296.02,297.02,15100,0.00,0.00,0.00
2025-11-28,297.63,298.73,297.63,298.70,58300,0.00,0.00,0.00
2025-12-01,296.33,298.46,296.33,297.15,27500,0.00,0.00,0.00
2025-12-02,297.89,298.78,296.91,297.71,10200,0.00,0.00,0.00
2025-12-03,297.27,299.47,297.05,298.97,35000,0.00,0.00,0.00
2025-12-04,299.77,299.77,298.24,299.22,22200,0.00,0.00,0.00
2025-12-05,299.98,301.17,299.65,299.89,36600,0.00,0.00,0.00
2025-12-08,300.22,300.22,298.34,298.75,14000,0.00,0.00,0.00
2025-12-09,298.40,299.90,298.38,298.71,61400,0.00,0.00,0.00
2025-12-10,298.40,301.68,298.34,301.14,28600,0.00,0.00,0.00
2025-12-11,300.26,302.07,299.22,301.87,129100,0.00,0.00,0.00
2025-12-12,301.32,301.74,297.93,298.66,144000,0.00,0.00,0.00
2025-12-15,300.58,300.58,297.47,298.32,26700,0.00,0.00,0.00
2025-12-16,298.00,298.00,295.52,297.08,14500,0.00,0.00,0.00
2025-12-17,297.92,297.92,293.83,293.91,31600,0.00,0.00,0.00
2025-12-18,296.56,298.04,295.67,296.19,122600,0.00,0.00,0.00
2025-12-19,297.41,299.11,297.41,298.90,43400,0.00,0.00,0.00
2025-12-22,300.31,301.18,300.01,300.89,33800,0.89,0.00,0.00
2025-12-23,300.39,301.99,300.39,301.96,43300,0.00,0.00,0.00
2025-12-24,302.10,303.23,301.89,302.93,206400,0.00,0.00,0.00
2025-12-26,302.83,303.58,302.35,302.79,76400,0.00,0.00,0.00
2025-12-29,301.91,302.07,300.89,301.52,111400,0.00,0.00,0.00
2025-12-30,301.64,301.92,301.00,301.14,25900,0.00,0.00,0.00
2025-12-31,300.68,300.72,298.68,298.68,107300,0.00,0.00,0.00
2026-01-02,300.63,300.89,298.39,299.50,60900,0.00,0.00,0.00
2026-01-05,301.02,302.62,301.02,301.87,29900,0.00,0.00,0.00
2026-01-06,302.32,304.19,302.30,304.05,54500,0.00,0.00,0.00
2026-01-07,304.31,304.73,302.80,302.94,15600,0.00,0.00,0.00
2026-01-08,302.27,303.51,302.12,303.11,23700,0.00,0.00,0.00
2026-01-09,303.96,305.48,303.86,305.08,44200,0.00,0.00,0.00
2026-01-12,303.69,305.98,303.69,305.63,108200,0.00,0.00,0.00
2026-01-13,306.10,306.10,304.21,305.13,125300,0.00,0.00,0.00
2026-01-14,303.86,304.40,302.07,303.82,48900,0.00,0.00,0.00
2026-01-15,305.86,306.13,304.55,304.71,18300,0.00,0.00,0.00
2026-01-16,305.27,305.47,303.91,304.59,116500,0.00,0.00,0.00
2026-01-20,300.05,301.68,298.32,298.55,35700,0.00,0.00,0.00
2026-01-21,299.68,303.33,299.02,302.20,67900,0.00,0.00,0.00
2026-01-22,304.61,304.70,303.24,303.81,28700,0.00,0.00,0.00
2026-01-23,303.83,304.27,302.85,303.47,63800,0.00,0.00,0.00
2026-01-26,304.12,305.32,303.96,304.82,34200,0.00,0.00,0.00
2026-01-27,305.76,306.21,305.08,305.84,41300,0.00,0.00,0.00
2026-01-28,306.27,306.75,305.06,305.50,71800,0.00,0.00,0.00
2026-01-29,305.66,306.15,301.08,305.05,48500,0.00,0.00,0.00
2026-01-30,303.28,304.46,301.57,303.38,10500,0.00,0.00,0.00
2026-02-02,302.38,305.80,302.38,305.16,18500,0.00,0.00,0.00
2026-02-03,305.83,305.93,300.25,302.74,23600,0.00,0.00,0.00
2026-02-04,303.12,303.58,299.43,301.33,19300,0.00,0.00,0.00
2026-02-05,298.59,300.38,297.02,297.28,24100,0.00,0.00,0.00
2026-02-06,300.04,304.47,300.04,303.86,49400,0.00,0.00,0.00
2026-02-09,303.88,306.05,303.34,305.30,30200,0.00,0.00,0.00
2026-02-10,305.67,306.38,304.54,304.54,20000,0.00,0.00,0.00
2026-02-11,306.74,307.05,303.27,304.29,33000,0.00,0.00,0.00
2026-02-12,305.51,305.91,299.21,299.48,27600,0.00,0.00,0.00
2026-02-13,299.51,301.83,298.35,299.94,17300,0.00,0.00,0.00
2026-02-17,299.21,301.25,297.30,300.19,21300,0.00,0.00,0.00
2026-02-18,301.32,303.18,301.10,302.12,27900,0.00,0.00,0.00
2026-02-19,301.00,301.68,300.18,301.21,13500,0.00,0.00,0.00
2026-02-20,300.29,303.33,300.29,303.21,24700,0.00,0.00,0.00
2026-02-23,301.97,303.65,299.12,299.51,54300,0.00,0.00,0.00
2026-02-24,299.40,302.49,298.70,302.27,34400,0.00,0.00,0.00
2026-02-25,303.55,304.80,303.25,304.64,78500,0.00,0.00,0.00
2026-02-26,304.79,304.79,301.27,303.46,16500,0.00,0.00,0.00
2026-02-27,300.48,302.09,300.24,301.93,44000,0.00,0.00,0.00
2026-03-02,298.19,303.16,297.83,302.51,51700,0.00,0.00,0.00
2026-03-03,297.56,300.35,294.23,299.32,38800,0.00,0.00,0.00
2026-03-04,300.45,302.23,299.18,301.52,18100,0.00,0.00,0.00
2026-03-05,299.78,301.29,297.25,299.56,23000,0.00,0.00,0.00
2026-03-06,295.71,296.81,294.37,295.56,82600,0.00,0.00,0.00
2026-03-09,292.18,298.48,291.17,298.04,27400,0.00,0.00,0.00
2026-03-10,298.01,300.19,296.90,297.25,16000,0.00,0.00,0.00
2026-03-11,297.39,297.75,295.74,297.04,26900,0.00,0.00,0.00
2026-03-12,294.28,294.79,292.20,292.20,13700,0.00,0.00,0.00
2026-03-13,293.59,294.98,290.43,290.62,20700,0.00,0.00,0.00
2026-03-16,293.05,294.88,293.05,293.95,74400,0.00,0.00,0.00
2026-03-17,294.49,296.24,294.23,294.46,24800,0.00,0.00,0.00
2026-03-18,293.51,294.13,290.51,290.51,23000,0.00,0.00,0.00
2026-03-19,288.10,291.19,287.82,289.85,24500,0.00,0.00,0.00
2026-03-20,289.26,289.26,284.02,285.23,34200,0.00,0.00,0.00
2026-03-23,289.22,291.99,288.34,288.63,20800,0.00,0.00,0.00
2026-03-24,286.57,289.52,286.57,287.61,47000,0.86,0.00,0.00
2026-03-25,290.79,291.66,288.64,289.71,37200,0.00,0.00,0.00
2026-03-26,288.06,289.02,284.64,284.87,29500,0.00,0.00,0.00
2026-03-27,283.54,283.54,279.39,279.81,47300,0.00,0.00,0.00
2026-03-30,281.55,282.38,277.74,278.59,23400,0.00,0.00,0.00
2026-03-31,281.50,287.50,281.50,286.83,65500,0.00,0.00,0.00
2026-04-01,289.11,290.62,288.45,289.02,79800,0.00,0.00,0.00
2026-04-02,284.84,289.82,284.84,289.44,18500,0.00,0.00,0.00
2026-04-06,289.58,290.81,289.45,290.78,26000,0.00,0.00,0.00
2026-04-07,289.64,291.02,287.67,290.66,99700,0.00,0.00,0.00
2026-04-08,299.17,299.17,296.38,298.08,22600,0.00,0.00,0.00
2026-04-09,297.76,300.32,297.18,300.08,44000,0.00,0.00,0.00
2026-04-10,300.43,300.46,299.02,299.30,53900,0.00,0.00,0.00
2026-04-13,298.14,302.66,298.14,302.29,24400,0.00,0.00,0.00
2026-04-14,303.83,306.15,303.62,306.08,13400,0.00,0.00,0.00
2026-04-15,306.87,308.51,306.22,308.45,21400,0.00,0.00,0.00
2026-04-16,309.33,309.47,307.87,309.17,71000,0.00,0.00,0.00
2026-04-17,310.76,314.07,310.76,313.13,46100,0.00,0.00,0.00
2026-04-20,312.22,313.05,311.81,312.76,42000,0.00,0.00,0.00
2026-04-21,313.23,314.15,310.23,310.73,21900,0.00,0.00,0.00
2026-04-22,313.54,313.76,312.67,313.71,22000,0.00,0.00,0.00
2026-04-23,312.14,313.97,309.87,312.44,10000,0.00,0.00,0.00
2026-04-24,313.68,314.73,312.38,314.62,31700,0.00,0.00,0.00
2026-04-27,314.07,315.10,313.85,314.97,14300,0.00,0.00,0.00
2026-04-28,313.29,314.11,312.42,313.21,58300,0.00,0.00,0.00
2026-04-29,313.57,313.57,311.56,312.72,30700,0.00,0.00,0.00
2026-04-30,314.61,316.66,312.49,316.40,33200,0.00,0.00,0.00
2026-05-01,317.51,318.70,317.08,317.17,28200,0.00,0.00,0.00
2026-05-04,317.37,317.91,314.71,315.94,51700,0.00,0.00,0.00
2026-05-05,318.19,319.08,317.73,318.55,12700,0.00,0.00,0.00
2026-05-06,320.90,323.27,320.67,323.00,26900,0.00,0.00,0.00
2026-05-07,324.11,324.11,321.06,321.42,12500,0.00,0.00,0.00
2026-05-08,322.91,324.09,322.89,323.92,18600,0.00,0.00,0.00
2026-05-11,323.66,325.17,323.66,324.37,11300,0.00,0.00,0.00
2026-05-12,322.99,324.33,321.19,323.86,15100,0.00,0.00,0.00
2026-05-13,323.65,326.07,323.04,325.47,26800,0.00,0.00,0.00
2026-05-14,325.94,328.57,325.94,327.84,48000,0.00,0.00,0.00
2026-05-15,325.65,325.65,323.57,323.69,32200,0.00,0.00,0.00
2026-05-18,324.18,324.75,321.49,323.40,26100,0.00,0.00,0.00
2026-05-19,321.73,322.97,320.36,321.21,10800,0.00,0.00,0.00
2026-05-20,322.06,325.11,321.66,325.08,102000,0.00,0.00,0.00
2026-05-21,323.81,326.50,323.31,325.90,40400,0.00,0.00,0.00
2026-05-22,327.68,328.56,326.70,327.21,177700,0.00,0.00,0.00
2026-05-26,328.46,330.27,328.46,329.59,35300,0.00,0.00,0.00
2026-05-27,329.72,329.90,328.72,329.52,31000,0.00,0.00,0.00
2026-05-28,328.88,331.74,328.88,331.40,11200,0.00,0.00,0.00
2026-05-29,332.19,332.80,331.59,332.26,17600,0.00,0.00,0.00
2026-06-01,331.07,333.74,331.07,332.92,19000,0.00,0.00,0.00
2026-06-02,332.03,333.91,332.03,333.67,47500,0.00,0.00,0.00
2026-06-03,333.76,333.76,331.14,331.35,20700,0.00,0.00,0.00
2026-06-04,330.28,333.36,330.28,332.96,12800,0.00,0.00,0.00
2026-06-05,330.40,331.32,323.60,324.38,18200,0.00,0.00,0.00
2026-06-08,325.96,327.80,325.02,325.13,29900,0.00,0.00,0.00
2026-06-09,326.67,328.46,318.07,324.24,28300,0.00,0.00,0.00
2026-06-10,322.19,324.84,319.31,319.76,15300,0.00,0.00,0.00
2026-06-11,320.91,326.14,319.50,324.96,95200,0.00,0.00,0.00
2026-06-12,326.00,327.92,323.97,326.93,79700,0.00,0.00,0.00
2026-06-15,331.86,333.22,331.37,332.37,77700,0.00,0.00,0.00
2026-06-16,332.27,332.85,330.14,330.33,62300,0.00,0.00,0.00
2026-06-17,331.26,331.43,325.66,326.27,39300,0.00,0.00,0.00
2026-06-18,330.30,330.31,328.50,330.27,21900,0.84,0.00,0.00
2026-06-22,330.07,331.37,328.49,329.07,14400,0.00,0.00,0.00
2026-06-23,324.96,326.89,323.86,324.65,29300,0.00,0.00,0.00
