Date,Returns,Returns_Log,Volatilidade_20,Range_Diario,Range_Percentual,Gap,Gap_Percentual,Volume_Medio_20,Volume_Ratio
2021-10-01,,,,0.00,0.00,,,0.00,1.00
2021-10-04,0.00,0.00,,0.00,0.00,0.00,0.00,0.00,1.00
2021-10-05,0.00,0.00,,1350.00,0.30,0.00,0.00,1.00,2.00
2021-10-06,0.00,0.00,,3915.00,0.88,-2250.00,-0.51,1.00,3.00
2021-10-07,-0.00,-0.00,,900.00,0.20,0.00,0.00,4.00,3.50
2021-10-08,0.00,0.00,,0.00,0.00,0.00,0.00,3.00,0.00
2021-10-11,0.00,0.00,,450.00,0.10,0.00,0.00,3.00,0.67
2021-10-12,0.01,0.01,,4050.00,0.91,450.00,0.10,3.00,0.67
2021-10-13,0.00,0.00,,900.00,0.20,-675.00,-0.15,3.00,0.00
2021-10-14,0.00,0.00,,2700.00,0.60,2700.00,0.60,2.00,1.00
2021-10-15,0.00,0.00,,450.00,0.10,-450.00,-0.10,2.00,0.50
2021-10-18,0.00,0.00,,0.00,0.00,0.00,0.00,2.00,0.00
2021-10-19,-0.00,-0.00,,450.00,0.10,-900.00,-0.20,2.00,0.50
2021-10-20,-0.00,-0.00,,0.00,0.00,-450.00,-0.10,2.00,1.50
2021-10-21,-0.01,-0.01,,3150.00,0.71,-450.00,-0.10,3.00,3.33
2021-10-22,0.00,0.00,,0.00,0.00,0.00,0.00,2.00,0.00
2021-10-25,0.00,0.00,,0.00,0.00,0.00,0.00,2.00,0.00
2021-10-26,0.01,0.01,,2250.00,0.50,0.00,0.00,2.00,0.00
2021-10-27,0.00,0.00,,1350.00,0.30,-450.00,-0.10,2.00,2.50
2021-10-28,0.00,0.00,,0.00,0.00,0.00,0.00,2.00,0.00
2021-10-29,0.00,0.00,0.04,1350.00,0.30,1350.00,0.30,3.00,2.33
2021-11-01,0.00,0.00,0.04,450.00,0.10,-450.00,-0.10,3.00,0.00
2021-11-02,0.00,0.00,0.04,2250.00,0.50,-1800.00,-0.40,3.00,0.67
2021-11-03,0.00,0.00,0.04,0.00,0.00,0.00,0.00,2.00,0.00
2021-11-04,-0.00,-0.00,0.04,1800.00,0.40,-2250.00,-0.50,3.00,5.33
2021-11-05,0.00,0.00,0.04,900.00,0.20,900.00,0.20,3.00,0.33
2021-11-08,-0.00,-0.00,0.04,900.00,0.20,-1350.00,-0.30,2.00,0.00
2021-11-09,0.00,0.00,0.03,900.00,0.20,1350.00,0.30,2.00,0.00
2021-11-10,-0.00,-0.00,0.04,0.00,0.00,-1350.00,-0.30,2.00,0.00
2021-11-11,0.00,0.00,0.04,0.00,0.00,0.00,0.00,2.00,0.00
2021-11-12,0.01,0.01,0.05,2250.00,0.50,1350.00,0.30,2.00,0.50
2021-11-15,-0.00,-0.00,0.05,1800.00,0.40,0.00,0.00,2.00,0.00
2021-11-16,0.00,0.00,0.05,23850.00,5.30,-360.00,-0.08,2.00,0.00
2021-11-17,-0.01,-0.01,0.05,5850.00,1.31,-2250.00,-0.50,2.00,0.00
2021-11-18,-0.00,-0.00,0.05,2250.00,0.50,450.00,0.10,2.00,0.00
2021-11-19,0.00,0.00,0.05,1800.00,0.40,1485.00,0.33,2.00,0.00
2021-11-22,0.00,0.00,0.05,1800.00,0.40,-1350.00,-0.30,2.00,0.00
2021-11-23,0.00,0.00,0.05,1800.00,0.40,-450.00,-0.10,2.00,0.00
2021-11-24,-0.00,-0.00,0.05,1530.00,0.34,-2700.00,-0.60,1.00,0.00
2021-11-26,-0.00,-0.00,0.05,450.00,0.10,-630.00,-0.14,1.00,0.00
2021-11-29,0.01,0.01,0.05,3150.00,0.70,450.00,0.10,1.00,0.00
2021-11-30,-0.01,-0.01,0.06,450.00,0.10,-2700.00,-0.60,1.00,0.00
2021-12-01,0.00,0.00,0.06,1350.00,0.30,-450.00,-0.10,1.00,0.00
2021-12-02,0.00,0.00,0.06,0.00,0.00,0.00,0.00,1.00,0.00
2021-12-03,-0.00,-0.00,0.06,0.00,0.00,-1350.00,-0.30,0.00,1.00
2021-12-06,0.00,0.00,0.06,0.00,0.00,0.00,0.00,0.00,1.00
2021-12-07,0.00,0.00,0.06,1800.00,0.40,900.00,0.20,0.00,1.00
2021-12-08,0.00,0.00,0.06,0.00,0.00,0.00,0.00,0.00,1.00
2021-12-09,-0.00,-0.00,0.06,2700.00,0.61,900.00,0.20,0.00,1.00
2021-12-10,0.00,0.00,0.06,900.00,0.20,0.00,0.00,0.00,1.00
2021-12-13,-0.00,-0.00,0.05,0.00,0.00,-900.00,-0.20,0.00,1.00
2021-12-14,-0.00,-0.00,0.05,450.00,0.10,0.00,0.00,0.00,1.00
2021-12-15,-0.00,-0.00,0.05,0.00,0.00,-450.00,-0.10,0.00,1.00
2021-12-16,-0.00,-0.00,0.05,2250.00,0.51,-1350.00,-0.30,0.00,1.00
2021-12-17,0.01,0.01,0.05,1350.00,0.30,1350.00,0.30,0.00,1.00
2021-12-20,0.00,0.00,0.05,0.00,0.00,0.00,0.00,0.00,1.00
2021-12-21,0.00,0.00,0.05,0.00,0.00,0.00,0.00,0.00,1.00
2021-12-22,0.00,0.00,0.05,0.00,0.00,0.00,0.00,0.00,1.00
2021-12-23,0.00,0.00,0.05,0.00,0.00,0.00,0.00,0.00,1.00
2021-12-27,0.00,0.00,0.05,0.00,0.00,0.00,0.00,0.00,1.00
2021-12-28,0.00,0.00,0.04,0.00,0.00,0.00,0.00,0.00,1.00
2021-12-29,0.00,0.00,0.03,0.00,0.00,0.00,0.00,0.00,1.00
2021-12-30,-0.00,-0.00,0.03,0.00,0.00,-450.00,-0.10,0.00,1.00
2021-12-31,0.00,0.00,0.03,0.00,0.00,0.00,0.00,0.00,1.00
2022-01-03,0.00,0.00,0.03,450.00,0.10,450.00,0.10,0.00,1.00
2022-01-04,0.00,0.00,0.03,0.00,0.00,450.00,0.10,0.00,1.00
2022-01-05,0.00,0.00,0.03,0.00,0.00,0.00,0.00,0.00,1.00
2022-01-06,0.00,0.00,0.03,0.00,0.00,0.00,0.00,0.00,1.00
2022-01-07,0.00,0.00,0.03,0.00,0.00,0.00,0.00,0.00,1.00
2022-01-10,0.00,0.00,0.03,0.00,0.00,0.00,0.00,0.00,1.00
2022-01-11,0.00,0.00,0.03,0.00,0.00,0.00,0.00,0.00,1.00
2022-01-12,0.00,0.00,0.03,0.00,0.00,0.00,0.00,0.00,1.00
2022-01-13,0.00,0.00,0.03,0.00,0.00,450.00,0.10,0.00,1.00
2022-01-14,0.00,0.00,0.02,0.00,0.00,0.00,0.00,0.00,1.00
2022-01-18,0.00,0.00,0.01,0.00,0.00,450.00,0.10,0.00,1.00
2022-01-19,0.00,0.00,0.01,900.00,0.20,-900.00,-0.20,0.00,1.00
2022-01-20,-0.00,-0.00,0.01,0.00,0.00,-1350.00,-0.30,0.00,1.00
2022-01-21,0.00,0.00,0.01,225.00,0.05,0.00,0.00,0.00,1.00
2022-01-24,0.00,0.00,0.01,225.00,0.05,225.00,0.05,0.00,1.00
2022-01-25,0.00,0.00,0.01,1350.00,0.30,-900.00,-0.20,0.00,1.00
2022-01-26,0.00,0.00,0.01,6300.00,1.41,0.00,0.00,0.00,1.00
2022-01-27,-0.00,-0.00,0.02,0.00,0.00,-1350.00,-0.30,0.00,1.00
2022-01-28,0.00,0.00,0.02,450.00,0.10,0.00,0.00,0.00,1.00
2022-01-31,0.00,0.00,0.02,2250.00,0.51,900.00,0.20,0.00,1.00
2022-02-01,0.00,0.00,0.02,1800.00,0.40,1800.00,0.40,0.00,1.00
2022-02-02,0.00,0.00,0.02,0.00,0.00,0.00,0.00,0.00,1.00
2022-02-03,0.00,0.00,0.02,0.00,0.00,0.00,0.00,0.00,1.00
2022-02-04,0.00,0.00,0.02,1350.00,0.30,1800.00,0.40,0.00,1.00
2022-02-07,0.00,0.00,0.02,315.00,0.07,1350.00,0.30,0.00,1.00
2022-02-08,-0.00,-0.00,0.02,900.00,0.20,-1035.00,-0.23,0.00,1.00
2022-02-09,0.00,0.00,0.02,0.00,0.00,0.00,0.00,0.00,1.00
2022-02-10,0.00,0.00,0.02,675.00,0.15,450.00,0.10,0.00,1.00
2022-02-11,-0.00,-0.00,0.02,0.00,0.00,-450.00,-0.10,0.00,1.00
2022-02-14,0.00,0.00,0.02,0.00,0.00,0.00,0.00,0.00,1.00
2022-02-15,0.00,0.00,0.02,0.00,0.00,450.00,0.10,0.00,1.00
2022-02-16,0.00,0.00,0.02,225.00,0.05,0.00,0.00,0.00,1.00
2022-02-17,0.00,0.00,0.02,0.00,0.00,0.00,0.00,0.00,1.00
2022-02-18,0.00,0.00,0.02,0.00,0.00,0.00,0.00,0.00,1.00
2022-02-22,0.00,0.00,0.02,0.00,0.00,0.00,0.00,0.00,1.00
2022-02-23,-0.00,-0.00,0.02,0.00,0.00,-450.00,-0.10,0.00,1.00
2022-02-24,0.00,0.00,0.02,0.00,0.00,0.00,0.00,0.00,1.00
2022-02-25,0.00,0.00,0.01,450.00,0.10,450.00,0.10,0.00,1.00
2022-02-28,0.00,0.00,0.01,0.00,0.00,225.00,0.05,0.00,1.00
2022-03-01,0.00,0.00,0.01,450.00,0.10,225.00,0.05,0.00,1.00
2022-03-02,0.00,0.00,0.01,0.00,0.00,0.00,0.00,0.00,1.00
2022-03-03,0.00,0.00,0.01,0.00,0.00,0.00,0.00,0.00,1.00
2022-03-04,0.00,0.00,0.01,0.00,0.00,0.00,0.00,0.00,1.00
2022-03-07,0.00,0.00,0.01,0.00,0.00,0.00,0.00,0.00,1.00
2022-03-08,0.00,0.00,0.01,0.00,0.00,0.00,0.00,0.00,1.00
2022-03-09,0.00,0.00,0.01,450.00,0.10,0.00,0.00,0.00,1.00
2022-03-10,0.00,0.00,0.01,900.00,0.20,-900.00,-0.20,0.00,1.00
2022-03-11,0.00,0.00,0.01,0.00,0.00,450.00,0.10,0.00,1.00
2022-03-14,-0.00,-0.00,0.01,0.00,0.00,-450.00,-0.10,0.00,1.00
2022-03-15,0.00,0.00,0.01,450.00,0.10,900.00,0.20,0.00,1.00
2022-03-16,0.00,0.00,0.01,0.00,0.00,0.00,0.00,0.00,1.00
2022-03-17,-0.00,-0.00,0.01,0.00,0.00,-450.00,-0.10,0.00,1.00
2022-03-18,0.00,0.00,0.01,0.00,0.00,900.00,0.20,0.00,1.00
2022-03-21,-0.00,-0.00,0.01,450.00,0.10,0.00,0.00,0.00,1.00
2022-03-22,0.00,0.00,0.01,450.00,0.10,0.00,0.00,0.00,1.00
2022-03-23,0.00,0.00,0.01,0.00,0.00,0.00,0.00,0.00,1.00
2022-03-24,0.00,0.00,0.01,0.00,0.00,0.00,0.00,0.00,1.00
2022-03-25,0.00,0.00,0.01,450.00,0.10,0.00,0.00,0.00,1.00
2022-03-28,0.00,0.00,0.01,0.00,0.00,0.00,0.00,0.00,1.00
2022-03-29,0.00,0.00,0.01,0.00,0.00,0.00,0.00,0.00,1.00
2022-03-30,0.00,0.00,0.01,0.00,0.00,0.00,0.00,0.00,1.00
2022-03-31,0.00,0.00,0.01,450.00,0.10,450.00,0.10,0.00,1.00
2022-04-01,-0.00,-0.00,0.02,900.00,0.20,0.00,0.00,0.00,1.00
2022-04-04,0.00,0.00,0.02,900.00,0.20,0.00,0.00,0.00,1.00
2022-04-05,0.00,0.00,0.02,0.00,0.00,450.00,0.10,0.00,1.00
2022-04-06,0.00,0.00,0.02,900.00,0.20,-900.00,-0.20,0.00,1.00
2022-04-07,0.00,0.00,0.02,225.00,0.05,-225.00,-0.05,0.00,1.00
2022-04-08,0.00,0.00,0.02,0.00,0.00,0.00,0.00,0.00,1.00
2022-04-11,-0.00,-0.00,0.02,0.00,0.00,-450.00,-0.10,0.00,1.00
2022-04-12,0.00,0.00,0.02,225.00,0.05,900.00,0.20,0.00,1.00
2022-04-13,0.00,0.00,0.02,0.00,0.00,0.00,0.00,0.00,1.00
2022-04-14,0.00,0.00,0.02,1350.00,0.30,450.00,0.10,0.00,1.00
2022-04-18,-0.00,-0.00,0.02,900.00,0.20,-450.00,-0.10,0.00,1.00
2022-04-19,0.00,0.00,0.02,0.00,0.00,0.00,0.00,0.00,1.00
2022-04-20,0.00,0.00,0.02,0.00,0.00,900.00,0.20,0.00,1.00
2022-04-21,0.00,0.00,0.02,0.00,0.00,0.00,0.00,0.00,1.00
2022-04-22,0.00,0.00,0.02,0.00,0.00,0.00,0.00,0.00,1.00
2022-04-25,0.00,0.00,0.02,0.00,0.00,900.00,0.20,0.00,1.00
2022-04-26,0.00,0.00,0.02,0.00,0.00,0.00,0.00,0.00,1.00
2022-04-27,0.00,0.00,0.02,1350.00,0.30,-450.00,-0.10,0.00,1.00
2022-04-28,0.00,0.00,0.02,1350.00,0.30,-900.00,-0.20,0.00,1.00
2022-04-29,0.00,0.00,0.02,0.00,0.00,0.00,0.00,0.00,1.00
2022-05-02,0.00,0.00,0.02,0.00,0.00,0.00,0.00,0.00,1.00
2022-05-03,0.00,0.00,0.02,0.00,0.00,0.00,0.00,0.00,1.00
2022-05-04,0.00,0.00,0.02,0.00,0.00,0.00,0.00,0.00,1.00
2022-05-05,-0.00,-0.00,0.02,2250.00,0.50,900.00,0.20,0.00,1.00
2022-05-06,0.00,0.00,0.02,0.00,0.00,0.00,0.00,0.00,1.00
2022-05-09,0.00,0.00,0.02,0.00,0.00,0.00,0.00,0.00,1.00
2022-05-10,0.00,0.00,0.02,0.00,0.00,0.00,0.00,0.00,1.00
2022-05-11,0.00,0.00,0.02,0.00,0.00,0.00,0.00,0.00,1.00
2022-05-12,-0.00,-0.00,0.02,23175.00,5.16,-900.00,-0.20,0.00,1.00
2022-05-13,0.00,0.00,0.02,0.00,0.00,450.00,0.10,0.00,1.00
2022-05-16,0.00,0.00,0.02,1800.00,0.40,405.00,0.09,0.00,1.00
2022-05-17,-0.00,-0.00,0.03,0.00,0.00,-1800.00,-0.40,0.00,1.00
2022-05-18,0.00,0.00,0.03,1125.00,0.25,0.00,0.00,0.00,1.00
2022-05-19,-0.00,-0.00,0.03,450.00,0.10,-675.00,-0.15,0.00,1.00
2022-05-20,0.00,0.00,0.03,0.00,0.00,0.00,0.00,0.00,1.00
2022-05-23,0.00,0.00,0.03,0.00,0.00,450.00,0.10,0.00,1.00
2022-05-24,-0.00,-0.00,0.03,450.00,0.10,0.00,0.00,0.00,1.00
2022-05-25,0.00,0.00,0.03,0.00,0.00,450.00,0.10,0.00,1.00
2022-05-26,0.00,0.00,0.03,675.00,0.15,0.00,0.00,0.00,1.00
2022-05-27,0.00,0.00,0.03,0.00,0.00,0.00,0.00,0.00,1.00
2022-05-31,0.00,0.00,0.03,25200.00,5.59,22410.00,4.98,0.00,1.00
2022-06-01,0.00,0.00,0.03,0.00,0.00,0.00,0.00,0.00,1.00
2022-06-02,0.00,0.00,0.03,1350.00,0.30,-450.00,-0.10,0.00,1.00
2022-06-03,-0.00,-0.00,0.03,2025.00,0.45,-450.00,-0.10,1.00,9.00
2022-06-06,0.00,0.00,0.03,46350.00,10.28,22050.00,4.90,1.00,1.00
2022-06-07,0.00,0.00,0.03,450.00,0.10,0.00,0.00,1.00,0.00
2022-06-08,-0.00,-0.00,0.03,450.00,0.10,-450.00,-0.10,1.00,0.00
2022-06-09,-0.00,-0.00,0.03,900.00,0.20,675.00,0.15,1.00,0.00
2022-06-10,0.00,0.00,0.03,900.00,0.20,900.00,0.20,1.00,1.00
2022-06-13,-0.00,-0.00,0.03,450.00,0.10,-675.00,-0.15,1.00,0.00
2022-06-14,0.00,0.00,0.02,225.00,0.05,0.00,0.00,1.00,0.00
2022-06-15,0.00,0.00,0.02,0.00,0.00,450.00,0.10,1.00,0.00
2022-06-16,-0.00,-0.00,0.02,1350.00,0.30,-450.00,-0.10,1.00,2.00
2022-06-17,0.00,0.00,0.02,1125.00,0.25,0.00,0.00,1.00,3.00
2022-06-21,0.00,0.00,0.02,4950.00,1.10,5175.00,1.15,1.00,2.00
2022-06-22,0.00,0.00,0.02,900.00,0.20,-900.00,-0.20,1.00,3.00
2022-06-23,-0.00,-0.00,0.02,900.00,0.20,450.00,0.10,1.00,0.00
2022-06-24,0.00,0.00,0.02,450.00,0.10,900.00,0.20,1.00,1.00
2022-06-27,0.00,0.00,0.02,450.00,0.10,0.00,0.00,1.00,2.00
2022-06-28,0.00,0.00,0.02,0.00,0.00,0.00,0.00,1.00,0.00
2022-06-29,0.00,0.00,0.02,0.00,0.00,0.00,0.00,1.00,0.00
2022-06-30,-0.00,-0.00,0.02,0.00,0.00,-1350.00,-0.30,1.00,0.00
2022-07-01,0.00,0.00,0.02,0.00,0.00,0.00,0.00,1.00,0.00
2022-07-05,0.00,0.00,0.02,450.00,0.10,0.00,0.00,1.00,1.00
2022-07-06,0.00,0.00,0.02,0.00,0.00,0.00,0.00,1.00,0.00
2022-07-07,-0.00,-0.00,0.02,0.00,0.00,-225.00,-0.05,1.00,2.00
2022-07-08,-0.00,-0.00,0.02,1350.00,0.30,1125.00,0.25,1.00,0.00
2022-07-11,0.00,0.00,0.02,0.00,0.00,0.00,0.00,1.00,0.00
2022-07-12,0.00,0.00,0.02,0.00,0.00,900.00,0.20,1.00,1.00
2022-07-13,0.00,0.00,0.02,0.00,0.00,0.00,0.00,1.00,0.00
2022-07-14,-0.00,-0.00,0.02,0.00,0.00,-450.00,-0.10,1.00,0.00
2022-07-15,0.00,0.00,0.02,0.00,0.00,450.00,0.10,1.00,0.00
2022-07-18,0.00,0.00,0.02,0.00,0.00,1350.00,0.30,1.00,0.00
2022-07-19,0.00,0.00,0.02,0.00,0.00,450.00,0.10,1.00,0.00
2022-07-20,0.00,0.00,0.02,0.00,0.00,0.00,0.00,0.00,1.00
2022-07-21,0.00,0.00,0.02,0.00,0.00,0.00,0.00,0.00,1.00
2022-07-22,0.00,0.00,0.02,0.00,0.00,0.00,0.00,0.00,1.00
2022-07-25,0.00,0.00,0.02,0.00,0.00,0.00,0.00,0.00,1.00
2022-07-26,-0.00,-0.00,0.02,225.00,0.05,-675.00,-0.15,0.00,1.00
2022-07-27,0.00,0.00,0.02,0.00,0.00,0.00,0.00,0.00,1.00
2022-07-28,0.00,0.00,0.02,225.00,0.05,405.00,0.09,0.00,1.00
2022-07-29,0.00,0.00,0.02,0.00,0.00,0.00,0.00,0.00,1.00
2022-08-01,0.00,0.00,0.02,0.00,0.00,0.00,0.00,0.00,1.00
2022-08-02,-0.00,-0.00,0.02,495.00,0.11,-450.00,-0.10,1.00,9.00
2022-08-03,0.00,0.00,0.02,0.00,0.00,0.00,0.00,1.00,0.00
2022-08-04,0.00,0.00,0.02,0.00,0.00,0.00,0.00,1.00,0.00
2022-08-05,0.00,0.00,0.02,0.00,0.00,0.00,0.00,1.00,0.00
2022-08-08,0.00,0.00,0.02,0.00,0.00,0.00,0.00,1.00,0.00
2022-08-09,0.00,0.00,0.02,0.00,0.00,0.00,0.00,1.00,0.00
2022-08-10,0.00,0.00,0.02,1800.00,0.40,1800.00,0.40,1.00,1.00
2022-08-11,0.00,0.00,0.02,900.00,0.20,0.00,0.00,1.00,0.00
2022-08-12,0.00,0.00,0.02,0.00,0.00,450.00,0.10,1.00,0.00
2022-08-15,-0.00,-0.00,0.01,0.00,0.00,-450.00,-0.10,1.00,0.00
2022-08-16,0.00,0.00,0.01,0.00,0.00,0.00,0.00,1.00,0.00
2022-08-17,-0.00,-0.00,0.01,900.00,0.20,0.00,0.00,1.00,9.00
2022-08-18,-0.00,-0.00,0.01,675.00,0.15,0.00,0.00,1.00,5.00
2022-08-19,0.00,0.00,0.01,0.00,0.00,0.00,0.00,1.00,0.00
2022-08-22,0.00,0.00,0.01,225.00,0.05,0.00,0.00,2.00,2.50
2022-08-23,0.00,0.00,0.01,0.00,0.00,225.00,0.05,2.00,0.50
2022-08-24,0.00,0.00,0.01,0.00,0.00,0.00,0.00,2.00,0.00
2022-08-25,-0.00,-0.00,0.02,2475.00,0.55,-225.00,-0.05,2.00,2.50
2022-08-26,0.00,0.00,0.02,450.00,0.10,450.00,0.10,2.00,0.00
2022-08-29,-0.00,-0.00,0.02,450.00,0.10,-450.00,-0.10,2.00,0.00
2022-08-30,0.00,0.00,0.02,450.00,0.10,0.00,0.00,1.00,0.00
2022-08-31,0.00,0.00,0.02,0.00,0.00,0.00,0.00,1.00,0.00
2022-09-01,0.00,0.00,0.02,0.00,0.00,0.00,0.00,1.00,0.00
2022-09-02,-0.00,-0.00,0.02,225.00,0.05,0.00,0.00,1.00,0.00
2022-09-06,0.00,0.00,0.02,0.00,0.00,0.00,0.00,1.00,0.00
2022-09-07,0.00,0.00,0.02,0.00,0.00,0.00,0.00,1.00,0.00
2022-09-08,0.00,0.00,0.02,225.00,0.05,225.00,0.05,1.00,0.00
2022-09-09,0.00,0.00,0.02,225.00,0.05,0.00,0.00,1.00,0.00
2022-09-12,0.00,0.00,0.02,0.00,0.00,0.00,0.00,1.00,0.00
2022-09-13,0.00,0.00,0.02,0.00,0.00,0.00,0.00,1.00,0.00
2022-09-14,0.00,0.00,0.02,0.00,0.00,0.00,0.00,1.00,0.00
2022-09-15,0.00,0.00,0.02,0.00,0.00,0.00,0.00,1.00,0.00
2022-09-16,0.00,0.00,0.01,0.00,0.00,0.00,0.00,1.00,0.00
2022-09-19,0.00,0.00,0.01,1800.00,0.40,-450.00,-0.10,1.00,0.00
2022-09-20,-0.00,-0.00,0.02,0.00,0.00,-450.00,-0.10,0.00,1.00
2022-09-21,0.00,0.00,0.02,0.00,0.00,900.00,0.20,0.00,1.00
2022-09-22,0.00,0.00,0.02,0.00,0.00,0.00,0.00,0.00,1.00
2022-09-23,-0.00,-0.00,0.02,0.00,0.00,-1350.00,-0.30,0.00,1.00
2022-09-26,0.00,0.00,0.02,0.00,0.00,0.00,0.00,0.00,1.00
2022-09-27,0.00,0.00,0.02,900.00,0.20,900.00,0.20,0.00,1.00
2022-09-28,0.00,0.00,0.02,1800.00,0.40,450.00,0.10,0.00,1.00
2022-09-29,0.00,0.00,0.02,0.00,0.00,0.00,0.00,0.00,1.00
2022-09-30,0.00,0.00,0.02,0.00,0.00,0.00,0.00,0.00,1.00
2022-10-03,-0.00,-0.00,0.02,2475.00,0.55,-900.00,-0.20,0.00,1.00
2022-10-04,0.00,0.00,0.02,450.00,0.10,450.00,0.10,0.00,1.00
2022-10-05,0.00,0.00,0.02,1800.00,0.40,-900.00,-0.20,0.00,1.00
2022-10-06,0.00,0.00,0.02,0.00,0.00,0.00,0.00,0.00,1.00
2022-10-07,0.00,0.00,0.02,0.00,0.00,0.00,0.00,0.00,1.00
2022-10-10,0.00,0.00,0.02,3600.00,0.79,1800.00,0.40,0.00,1.00
2022-10-11,0.00,0.00,0.02,0.00,0.00,0.00,0.00,0.00,1.00
2022-10-12,0.00,0.00,0.03,2475.00,0.54,1350.00,0.30,1.00,10.00
2022-10-13,0.00,0.00,0.03,0.00,0.00,0.00,0.00,1.00,0.00
2022-10-14,0.00,0.00,0.03,450.00,0.10,-225.00,-0.05,1.00,1.00
2022-10-17,0.00,0.00,0.03,0.00,0.00,0.00,0.00,1.00,0.00
2022-10-18,0.00,0.00,0.03,450.00,0.10,450.00,0.10,1.00,0.00
2022-10-19,0.00,0.00,0.02,0.00,0.00,0.00,0.00,1.00,1.00
2022-10-20,0.00,0.00,0.02,0.00,0.00,0.00,0.00,1.00,0.00
2022-10-21,0.00,0.00,0.02,0.00,0.00,450.00,0.10,1.00,0.00
2022-10-24,0.00,0.00,0.02,450.00,0.10,0.00,0.00,1.00,0.00
2022-10-25,0.00,0.00,0.02,450.00,0.10,1125.00,0.25,1.00,0.00
2022-10-26,0.00,0.00,0.02,225.00,0.05,225.00,0.05,1.00,0.00
2022-10-27,0.00,0.00,0.02,450.00,0.10,-450.00,-0.10,1.00,0.00
2022-10-28,0.00,0.00,0.02,450.00,0.10,0.00,0.00,1.00,0.00
2022-10-31,0.00,0.00,0.02,225.00,0.05,0.00,0.00,1.00,1.00
2022-11-01,0.00,0.00,0.02,225.00,0.05,0.00,0.00,1.00,1.00
2022-11-02,0.00,0.00,0.02,0.00,0.00,0.00,0.00,1.00,0.00
2022-11-03,-0.00,-0.00,0.02,900.00,0.20,-450.00,-0.10,1.00,2.00
2022-11-04,0.01,0.01,0.02,3825.00,0.83,225.00,0.05,1.00,1.00
2022-11-07,0.00,0.00,0.02,900.00,0.20,225.00,0.05,1.00,4.00
2022-11-08,0.01,0.01,0.03,2925.00,0.63,3150.00,0.68,1.00,1.00
2022-11-09,0.00,0.00,0.03,6525.00,1.40,-855.00,-0.18,1.00,0.00
2022-11-10,-0.00,-0.00,0.03,7065.00,1.52,4140.00,0.89,1.00,0.00
2022-11-11,-0.00,-0.00,0.04,450.00,0.10,-1575.00,-0.34,1.00,0.00
2022-11-14,0.00,0.00,0.04,0.00,0.00,0.00,0.00,1.00,1.00
2022-11-15,0.00,0.00,0.04,3825.00,0.82,1800.00,0.39,1.00,3.00
2022-11-16,-0.00,-0.00,0.04,450.00,0.10,-225.00,-0.05,1.00,0.00
2022-11-17,0.00,0.00,0.04,900.00,0.19,450.00,0.10,1.00,0.00
2022-11-18,0.00,0.00,0.04,0.00,0.00,0.00,0.00,1.00,0.00
2022-11-21,0.00,0.00,0.04,675.00,0.15,0.00,0.00,1.00,0.00
2022-11-22,-0.00,-0.00,0.04,0.00,0.00,-450.00,-0.10,1.00,0.00
2022-11-23,0.00,0.00,0.04,1350.00,0.29,0.00,0.00,1.00,0.00
2022-11-25,0.00,0.00,0.04,0.00,0.00,0.00,0.00,1.00,0.00
2022-11-28,-0.00,-0.00,0.04,450.00,0.10,-900.00,-0.19,1.00,0.00
2022-11-29,0.00,0.00,0.04,900.00,0.19,-225.00,-0.05,1.00,1.00
2022-11-30,0.00,0.00,0.04,450.00,0.10,450.00,0.10,1.00,0.00
2022-12-01,-0.00,-0.00,0.04,450.00,0.10,-90.00,-0.02,1.00,2.00
2022-12-02,0.00,0.00,0.04,0.00,0.00,0.00,0.00,1.00,0.00
2022-12-05,0.00,0.00,0.04,0.00,0.00,0.00,0.00,1.00,0.00
2022-12-06,0.00,0.00,0.04,0.00,0.00,0.00,0.00,0.00,1.00
2022-12-07,0.00,0.00,0.02,0.00,0.00,0.00,0.00,0.00,1.00
2022-12-08,0.00,0.00,0.02,0.00,0.00,0.00,0.00,0.00,1.00
2022-12-09,0.00,0.00,0.02,0.00,0.00,0.00,0.00,0.00,1.00
2022-12-12,0.00,0.00,0.02,0.00,0.00,0.00,0.00,0.00,1.00
2022-12-13,0.00,0.00,0.02,0.00,0.00,450.00,0.10,0.00,1.00
2022-12-14,0.00,0.00,0.02,0.00,0.00,450.00,0.10,0.00,1.00
2022-12-15,0.00,0.00,0.02,450.00,0.10,450.00,0.10,0.00,1.00
2022-12-16,0.00,0.00,0.02,0.00,0.00,0.00,0.00,0.00,1.00
2022-12-19,0.00,0.00,0.02,0.00,0.00,0.00,0.00,0.00,1.00
2022-12-20,0.00,0.00,0.02,0.00,0.00,0.00,0.00,0.00,1.00
2022-12-21,0.00,0.00,0.01,0.00,0.00,0.00,0.00,0.00,1.00
2022-12-22,0.00,0.00,0.01,450.00,0.10,450.00,0.10,0.00,1.00
2022-12-23,0.00,0.00,0.01,450.00,0.10,450.00,0.10,0.00,1.00
2022-12-27,0.00,0.00,0.01,0.00,0.00,0.00,0.00,0.00,1.00
2022-12-28,0.00,0.00,0.01,0.00,0.00,900.00,0.19,0.00,1.00
2022-12-29,0.00,0.00,0.01,0.00,0.00,0.00,0.00,0.00,1.00
2022-12-30,0.01,0.01,0.02,900.00,0.19,3600.00,0.77,0.00,1.00
2023-01-03,0.00,0.00,0.02,0.00,0.00,0.00,0.00,0.00,1.00
2023-01-04,-0.00,-0.00,0.02,0.00,0.00,-900.00,-0.19,0.00,1.00
2023-01-05,0.00,0.00,0.02,1125.00,0.24,-225.00,-0.05,0.00,1.00
2023-01-06,0.00,0.00,0.02,0.00,0.00,0.00,0.00,0.00,1.00
2023-01-09,0.00,0.00,0.02,4500.00,0.96,4500.00,0.96,0.00,1.00
2023-01-10,0.00,0.00,0.02,0.00,0.00,0.00,0.00,0.00,1.00
2023-01-11,0.00,0.00,0.02,0.00,0.00,0.00,0.00,0.00,1.00
2023-01-12,0.00,0.00,0.02,0.00,0.00,0.00,0.00,0.00,1.00
2023-01-13,0.01,0.01,0.04,5400.00,1.14,-900.00,-0.19,0.00,1.00
2023-01-17,0.00,0.00,0.04,900.00,0.19,-450.00,-0.09,0.00,1.00
2023-01-18,0.00,0.00,0.04,0.00,0.00,0.00,0.00,0.00,1.00
2023-01-19,0.00,0.00,0.04,0.00,0.00,0.00,0.00,0.00,1.00
2023-01-20,0.00,0.00,0.04,450.00,0.09,0.00,0.00,0.00,1.00
2023-01-23,0.00,0.00,0.04,0.00,0.00,0.00,0.00,0.00,1.00
2023-01-24,0.00,0.00,0.04,0.00,0.00,0.00,0.00,0.00,1.00
2023-01-25,0.00,0.00,0.04,0.00,0.00,0.00,0.00,0.00,1.00
2023-01-26,0.00,0.00,0.04,450.00,0.09,0.00,0.00,0.00,1.00
2023-01-27,0.00,0.00,0.04,0.00,0.00,0.00,0.00,0.00,1.00
2023-01-30,0.00,0.00,0.04,0.00,0.00,0.00,0.00,0.00,1.00
2023-01-31,0.00,0.00,0.04,0.00,0.00,0.00,0.00,0.00,1.00
2023-02-01,0.00,0.00,0.04,0.00,0.00,0.00,0.00,0.00,1.00
2023-02-02,0.00,0.00,0.03,0.00,0.00,0.00,0.00,0.00,1.00
2023-02-03,0.00,0.00,0.03,0.00,0.00,0.00,0.00,0.00,1.00
2023-02-06,0.00,0.00,0.03,0.00,0.00,0.00,0.00,0.00,1.00
2023-02-07,0.00,0.00,0.03,0.00,0.00,0.00,0.00,0.00,1.00
2023-02-08,0.00,0.00,0.03,0.00,0.00,0.00,0.00,0.00,1.00
2023-02-09,0.00,0.00,0.03,0.00,0.00,0.00,0.00,0.00,1.00
2023-02-10,0.00,0.00,0.03,0.00,0.00,0.00,0.00,0.00,1.00
2023-02-13,0.00,0.00,0.01,0.00,0.00,0.00,0.00,0.00,1.00
2023-02-14,0.00,0.00,0.00,0.00,0.00,0.00,0.00,0.00,1.00
2023-02-15,0.00,0.00,0.00,0.00,0.00,0.00,0.00,0.00,1.00
2023-02-16,0.00,0.00,0.00,0.00,0.00,0.00,0.00,0.00,1.00
2023-02-17,0.00,0.00,0.00,0.00,0.00,0.00,0.00,0.00,1.00
2023-02-21,0.00,0.00,0.00,0.00,0.00,0.00,0.00,0.00,1.00
2023-02-22,0.00,0.00,0.00,0.00,0.00,0.00,0.00,0.00,1.00
2023-02-23,0.00,0.00,0.00,0.00,0.00,0.00,0.00,0.00,1.00
2023-02-24,0.01,0.01,0.03,5850.00,1.22,450.00,0.09,0.00,1.00
2023-02-27,-0.00,-0.00,0.03,675.00,0.14,-900.00,-0.19,0.00,1.00
2023-02-28,0.00,0.00,0.03,1350.00,0.28,1350.00,0.28,0.00,1.00
2023-03-01,0.00,0.00,0.03,450.00,0.09,0.00,0.00,0.00,1.00
2023-03-02,0.00,0.00,0.03,900.00,0.19,1350.00,0.28,0.00,1.00
2023-03-03,0.00,0.00,0.03,0.00,0.00,0.00,0.00,0.00,1.00
2023-03-06,-0.01,-0.01,0.05,3600.00,0.75,0.00,0.00,0.00,1.00
2023-03-07,0.00,0.00,0.05,0.00,0.00,0.00,0.00,0.00,1.00
2023-03-08,0.01,0.01,0.05,0.00,0.00,2700.00,0.56,0.00,1.00
2023-03-09,0.00,0.00,0.05,0.00,0.00,0.00,0.00,0.00,1.00
2023-03-10,0.00,0.00,0.05,0.00,0.00,900.00,0.19,0.00,1.00
2023-03-13,0.00,0.00,0.05,0.00,0.00,0.00,0.00,0.00,1.00
2023-03-14,0.00,0.00,0.05,0.00,0.00,0.00,0.00,0.00,1.00
2023-03-15,0.00,0.00,0.05,0.00,0.00,0.00,0.00,0.00,1.00
2023-03-16,0.00,0.00,0.05,0.00,0.00,0.00,0.00,0.00,1.00
2023-03-17,-0.00,-0.00,0.05,1125.00,0.23,0.00,0.00,0.00,1.00
2023-03-20,0.01,0.01,0.05,2475.00,0.51,225.00,0.05,0.00,1.00
2023-03-21,0.00,0.00,0.05,0.00,0.00,0.00,0.00,0.00,1.00
2023-03-22,0.00,0.00,0.05,0.00,0.00,0.00,0.00,0.00,1.00
2023-03-23,0.00,0.00,0.05,0.00,0.00,0.00,0.00,0.00,1.00
2023-03-24,0.00,0.00,0.04,0.00,0.00,225.00,0.05,0.00,1.00
2023-03-27,0.00,0.00,0.04,0.00,0.00,0.00,0.00,0.00,1.00
2023-03-28,0.00,0.00,0.05,0.00,0.00,1800.00,0.37,0.00,1.00
2023-03-29,0.00,0.00,0.05,0.00,0.00,0.00,0.00,0.00,1.00
2023-03-30,0.00,0.00,0.04,0.00,0.00,0.00,0.00,0.00,1.00
2023-03-31,-0.01,-0.01,0.05,450.00,0.09,-3600.00,-0.74,0.00,1.00
2023-04-03,-0.00,-0.00,0.04,0.00,0.00,-450.00,-0.09,0.00,1.00
2023-04-04,0.00,0.00,0.04,0.00,0.00,0.00,0.00,0.00,1.00
2023-04-05,0.00,0.00,0.04,0.00,0.00,450.00,0.09,0.00,1.00
2023-04-06,0.00,0.00,0.04,450.00,0.09,450.00,0.09,0.00,1.00
2023-04-10,0.00,0.00,0.04,0.00,0.00,0.00,0.00,0.00,1.00
2023-04-11,0.00,0.00,0.04,225.00,0.05,-225.00,-0.05,0.00,1.00
2023-04-12,0.00,0.00,0.04,1800.00,0.37,0.00,0.00,0.00,1.00
2023-04-13,0.00,0.00,0.04,0.00,0.00,0.00,0.00,0.00,1.00
2023-04-14,0.00,0.00,0.04,6300.00,1.30,0.00,0.00,0.00,1.00
2023-04-17,0.00,0.00,0.04,33750.00,6.92,-2700.00,-0.56,0.00,1.00
2023-04-18,0.00,0.00,0.04,0.00,0.00,0.00,0.00,0.00,1.00
2023-04-19,0.00,0.00,0.04,0.00,0.00,0.00,0.00,0.00,1.00
2023-04-20,0.00,0.00,0.04,0.00,0.00,0.00,0.00,0.00,1.00
2023-04-21,0.00,0.00,0.04,0.00,0.00,0.00,0.00,0.00,1.00
2023-04-24,0.00,0.00,0.04,0.00,0.00,0.00,0.00,0.00,1.00
2023-04-25,-0.01,-0.01,0.05,0.00,0.00,-4500.00,-0.92,0.00,1.00
2023-04-26,-0.00,-0.00,0.05,4500.00,0.93,4050.00,0.84,0.00,1.00
2023-04-27,0.00,0.00,0.05,0.00,0.00,0.00,0.00,0.00,1.00
2023-04-28,0.00,0.00,0.05,1350.00,0.28,0.00,0.00,0.00,1.00
2023-05-01,0.01,0.01,0.05,0.00,0.00,2700.00,0.56,0.00,1.00
2023-05-02,0.00,0.00,0.05,0.00,0.00,0.00,0.00,0.00,1.00
2023-05-03,0.00,0.00,0.05,0.00,0.00,450.00,0.09,0.00,1.00
2023-05-04,0.00,0.00,0.05,0.00,0.00,0.00,0.00,0.00,1.00
2023-05-05,0.00,0.00,0.05,1350.00,0.28,0.00,0.00,0.00,1.00
2023-05-08,0.00,0.00,0.05,0.00,0.00,0.00,0.00,0.00,1.00
2023-05-09,0.00,0.00,0.05,0.00,0.00,0.00,0.00,0.00,1.00
2023-05-10,0.00,0.00,0.05,0.00,0.00,0.00,0.00,0.00,1.00
2023-05-11,0.00,0.00,0.05,0.00,0.00,0.00,0.00,0.00,1.00
2023-05-12,-0.00,-0.00,0.05,0.00,0.00,-450.00,-0.09,0.00,1.00
2023-05-15,0.00,0.00,0.04,0.00,0.00,0.00,0.00,0.00,1.00
2023-05-16,0.00,0.00,0.04,0.00,0.00,0.00,0.00,0.00,1.00
2023-05-17,0.00,0.00,0.04,0.00,0.00,0.00,0.00,0.00,1.00
2023-05-18,0.00,0.00,0.04,0.00,0.00,0.00,0.00,0.00,1.00
2023-05-19,0.00,0.00,0.04,0.00,0.00,0.00,0.00,0.00,1.00
2023-05-22,0.00,0.00,0.04,0.00,0.00,0.00,0.00,0.00,1.00
2023-05-23,0.00,0.00,0.02,0.00,0.00,0.00,0.00,0.00,1.00
2023-05-24,0.00,0.00,0.02,0.00,0.00,900.00,0.18,0.00,1.00
2023-05-25,0.00,0.00,0.02,0.00,0.00,900.00,0.18,0.00,1.00
2023-05-26,-0.00,-0.00,0.03,0.00,0.00,-1350.00,-0.28,0.00,1.00
2023-05-30,0.00,0.00,0.02,0.00,0.00,0.00,0.00,0.00,1.00
2023-05-31,0.01,0.01,0.04,12600.00,2.55,5850.00,1.20,0.00,1.00
2023-06-01,0.01,0.01,0.06,6300.00,1.26,5400.00,1.09,0.00,1.00
2023-06-02,0.00,0.00,0.06,0.00,0.00,0.00,0.00,0.00,1.00
2023-06-05,-0.01,-0.01,0.07,0.00,0.00,-6300.00,-1.26,0.00,1.00
2023-06-06,0.00,0.00,0.07,0.00,0.00,0.00,0.00,0.00,1.00
2023-06-07,0.00,0.00,0.07,0.00,0.00,0.00,0.00,0.00,1.00
2023-06-08,0.00,0.00,0.07,0.00,0.00,0.00,0.00,0.00,1.00
2023-06-09,0.01,0.01,0.08,0.00,0.00,2700.00,0.55,0.00,1.00
2023-06-12,0.00,0.00,0.08,0.00,0.00,0.00,0.00,0.00,1.00
2023-06-13,-0.01,-0.01,0.08,0.00,0.00,-2700.00,-0.54,0.00,1.00
2023-06-14,0.00,0.00,0.08,0.00,0.00,0.00,0.00,0.00,1.00
2023-06-15,0.00,0.00,0.08,4500.00,0.91,-4500.00,-0.91,0.00,1.00
2023-06-16,0.00,0.00,0.08,0.00,0.00,0.00,0.00,0.00,1.00
2023-06-20,0.00,0.00,0.08,0.00,0.00,0.00,0.00,0.00,1.00
2023-06-21,0.00,0.00,0.08,0.00,0.00,0.00,0.00,0.00,1.00
2023-06-22,0.01,0.01,0.08,0.00,0.00,4500.00,0.91,0.00,1.00
2023-06-23,-0.01,-0.01,0.09,450.00,0.09,-3600.00,-0.72,0.00,1.00
2023-06-26,0.00,0.00,0.09,450.00,0.09,1800.00,0.36,0.00,1.00
2023-06-27,-0.01,-0.01,0.09,0.00,0.00,-3600.00,-0.72,0.00,1.00
2023-06-28,0.00,0.00,0.09,0.00,0.00,0.00,0.00,0.00,1.00
2023-06-29,0.00,0.00,0.08,0.00,0.00,0.00,0.00,0.00,1.00
2023-06-30,-0.01,-0.01,0.08,0.00,0.00,-4050.00,-0.82,0.00,1.00
2023-07-03,0.01,0.01,0.08,2250.00,0.46,5850.00,1.20,0.00,1.00
2023-07-05,0.00,0.00,0.07,0.00,0.00,0.00,0.00,0.00,1.00
2023-07-06,-0.00,-0.00,0.07,450.00,0.09,-1350.00,-0.27,0.00,1.00
2023-07-07,0.00,0.00,0.07,0.00,0.00,0.00,0.00,0.00,1.00
2023-07-10,0.00,0.00,0.07,0.00,0.00,0.00,0.00,0.00,1.00
2023-07-11,0.00,0.00,0.07,0.00,0.00,0.00,0.00,0.00,1.00
2023-07-12,-0.00,-0.00,0.07,2250.00,0.46,-2250.00,-0.46,0.00,1.00
2023-07-13,0.00,0.00,0.07,450.00,0.09,0.00,0.00,0.00,1.00
2023-07-14,0.00,0.00,0.07,0.00,0.00,0.00,0.00,0.00,1.00
2023-07-17,0.01,0.01,0.08,3150.00,0.63,5850.00,1.19,0.00,1.00
2023-07-18,0.00,0.00,0.08,0.00,0.00,0.00,0.00,0.00,1.00
2023-07-19,0.00,0.00,0.08,1350.00,0.27,1350.00,0.27,0.00,1.00
2023-07-20,0.00,0.00,0.08,225.00,0.05,225.00,0.05,0.00,1.00
2023-07-21,0.00,0.00,0.07,0.00,0.00,450.00,0.09,0.00,1.00
2023-07-24,0.00,0.00,0.07,450.00,0.09,0.00,0.00,0.00,1.00
2023-07-25,0.02,0.02,0.08,8550.00,1.69,450.00,0.09,0.00,1.00
2023-07-26,0.00,0.00,0.08,8685.00,1.72,-5850.00,-1.16,0.00,1.00
2023-07-27,-0.01,-0.01,0.09,4950.00,0.99,-1575.00,-0.31,0.00,1.00
2023-07-28,0.00,0.00,0.09,0.00,0.00,900.00,0.18,0.00,1.00
2023-07-31,-0.00,-0.00,0.08,2250.00,0.45,-2250.00,-0.45,0.00,1.00
2023-08-01,-0.08,-0.08,0.28,40950.00,8.84,-5400.00,-1.08,0.00,1.00
2023-08-02,0.11,0.11,0.50,59355.00,11.52,90.00,0.02,0.00,1.00
2023-08-03,-0.02,-0.02,0.50,24300.00,4.82,-22590.00,-4.38,0.00,1.00
2023-08-04,0.00,0.00,0.50,29205.00,5.78,-21150.00,-4.20,0.00,1.00
2023-08-07,-0.17,-0.19,0.79,429300.00,102.25,44100.00,8.73,1.00,10.00
2023-08-08,-0.03,-0.03,0.79,97020.00,23.88,-3150.00,-0.75,2.00,8.50
2023-08-09,0.11,0.10,0.90,44955.00,9.96,25650.00,6.31,2.00,0.50
2023-08-10,-0.14,-0.15,1.03,89550.00,23.14,-23850.00,-5.28,2.00,3.50
2023-08-11,-0.23,-0.26,1.29,198990.00,66.70,36000.00,9.30,3.00,4.33
2023-08-14,-0.25,-0.28,1.51,155700.00,69.20,-64350.00,-21.57,4.00,4.50
2023-08-15,0.04,0.04,1.52,102105.00,43.72,-5850.00,-2.60,4.00,1.75
2023-08-16,-0.28,-0.33,1.76,97200.00,58.06,-8100.00,-3.47,4.00,0.75
2023-08-17,0.08,0.07,1.80,45450.00,25.25,-3600.00,-2.15,4.00,1.00
2023-08-18,0.64,0.50,3.03,210150.00,71.08,9900.00,5.50,10.00,12.10
2023-08-21,-0.24,-0.28,3.14,79650.00,35.47,-15300.00,-5.18,11.00,1.27
2023-08-22,-0.10,-0.10,3.14,37350.00,18.44,-5400.00,-2.40,11.00,0.82
2023-08-23,-0.02,-0.02,3.14,23850.00,12.05,-2250.00,-1.11,12.00,0.25
2023-08-24,-0.01,-0.01,3.14,21150.00,10.83,-900.00,-0.45,12.00,0.17
2023-08-25,-0.06,-0.06,3.14,21870.00,11.85,-9000.00,-4.61,12.00,0.25
2023-08-28,-0.05,-0.05,3.14,27000.00,15.42,-900.00,-0.49,12.00,0.17
2023-08-29,-0.03,-0.03,3.14,16200.00,9.55,2700.00,1.54,12.00,0.08
2023-08-30,-0.12,-0.13,3.10,36900.00,24.85,-6750.00,-3.98,12.00,0.17
2023-08-31,0.12,0.11,3.16,27000.00,16.22,4500.00,3.03,12.00,0.42
2023-09-01,-0.01,-0.01,3.16,26100.00,15.89,-2700.00,-1.62,12.00,0.17
2023-09-05,0.07,0.07,3.14,18900.00,10.77,1350.00,0.82,12.00,0.25
2023-09-06,0.01,0.01,3.14,21465.00,12.11,2700.00,1.54,11.00,0.18
2023-09-07,-0.04,-0.04,3.10,12150.00,7.15,-5400.00,-3.05,11.00,0.00
2023-09-08,-0.08,-0.08,3.08,16650.00,10.60,-5175.00,-3.05,11.00,0.09
2023-09-11,0.02,0.02,2.99,14175.00,8.87,-4050.00,-2.58,10.00,0.10
2023-09-12,-0.01,-0.01,2.86,13050.00,8.22,0.00,0.00,9.00,0.00
2023-09-13,-0.06,-0.06,2.86,18900.00,12.69,-10350.00,-6.52,9.00,0.11
2023-09-14,-0.05,-0.05,2.68,12600.00,8.89,-4500.00,-3.02,9.00,0.00
2023-09-15,-0.03,-0.04,2.67,18450.00,13.49,0.00,0.00,9.00,0.22
2023-09-18,-0.11,-0.11,1.18,21870.00,17.93,1800.00,1.32,3.00,0.00
2023-09-19,-0.02,-0.02,0.91,23850.00,20.04,13500.00,11.07,2.00,0.50
2023-09-20,-0.05,-0.05,0.88,18360.00,16.25,-4275.00,-3.59,2.00,1.00
2023-09-21,-0.00,-0.00,0.88,23850.00,21.20,9900.00,8.76,2.00,1.00
2023-09-22,0.05,0.05,0.92,16470.00,13.94,0.00,0.00,2.00,0.50
2023-09-25,0.17,0.16,1.14,36900.00,26.71,-8775.00,-7.43,2.00,1.50
2023-09-26,0.10,0.10,1.20,20250.00,13.27,-5400.00,-3.91,2.00,0.50
2023-09-27,-0.01,-0.01,1.19,49050.00,32.34,17550.00,11.50,2.00,3.50
2023-09-28,-0.11,-0.11,1.17,31050.00,22.92,-6750.00,-4.45,2.00,1.00
2023-09-29,0.07,0.07,1.11,20250.00,13.95,0.00,0.00,2.00,0.50
2023-10-02,-0.01,-0.01,1.11,18585.00,12.99,12375.00,8.53,2.00,0.50
2023-10-03,-0.03,-0.03,1.08,14850.00,10.71,-3600.00,-2.52,1.00,0.00
2023-10-04,-0.03,-0.03,1.08,23130.00,17.13,-2250.00,-1.62,1.00,1.00
2023-10-05,-0.07,-0.07,1.09,12600.00,10.00,-8550.00,-6.33,1.00,0.00
2023-10-06,-0.12,-0.13,1.14,15300.00,13.77,-3015.00,-2.39,1.00,1.00
2023-10-09,0.02,0.02,1.14,9630.00,8.46,3600.00,3.24,1.00,0.00
2023-10-10,-0.06,-0.07,1.15,27900.00,26.16,-1350.00,-1.19,1.00,1.00
2023-10-11,-0.01,-0.01,1.14,8190.00,7.74,450.00,0.42,1.00,1.00
2023-10-12,0.06,0.06,1.16,9450.00,8.43,6750.00,6.38,1.00,0.00
2023-10-13,-0.01,-0.01,1.16,9450.00,8.54,-1800.00,-1.61,1.00,0.00
2023-10-16,-0.02,-0.02,1.10,11160.00,10.25,8100.00,7.32,1.00,0.00
2023-10-17,0.01,0.01,1.09,9000.00,8.16,-900.00,-0.83,1.00,0.00
2023-10-18,-0.11,-0.12,1.15,20430.00,20.83,900.00,0.82,1.00,1.00
2023-10-19,-0.04,-0.04,1.16,14850.00,15.79,4950.00,5.05,1.00,0.00
2023-10-20,0.06,0.06,1.16,8100.00,8.14,4950.00,5.26,1.00,0.00
2023-10-23,-0.04,-0.04,0.96,6120.00,6.42,0.00,0.00,1.00,0.00
2023-10-24,-0.06,-0.06,0.86,4050.00,4.50,-4950.00,-5.19,1.00,0.00
2023-10-25,-0.10,-0.11,0.89,10800.00,13.33,0.00,0.00,0.00,1.00
2023-10-26,0.01,0.01,0.85,9000.00,11.05,4050.00,5.00,0.00,1.00
2023-10-27,-0.22,-0.25,1.03,16605.00,26.17,-2700.00,-3.31,0.00,1.00
2023-10-30,0.08,0.08,1.11,4950.00,7.24,0.00,0.00,0.00,1.00
2023-10-31,-0.02,-0.02,1.11,4050.00,6.04,-4500.00,-6.58,0.00,1.00
2023-11-01,-0.26,-0.30,1.38,21150.00,42.73,-5400.00,-8.05,0.00,1.00
2023-11-02,0.07,0.07,1.43,12150.00,22.88,12600.00,25.45,0.00,1.00
2023-11-03,-0.03,-0.03,1.40,7200.00,14.04,-3150.00,-5.93,0.00,1.00
2023-11-06,0.02,0.02,1.40,8865.00,16.98,5400.00,10.53,0.00,1.00
2023-11-07,0.01,0.01,1.40,9270.00,17.61,-1350.00,-2.59,0.00,1.00
2023-11-08,-0.01,-0.01,1.40,4500.00,8.62,-1035.00,-1.97,0.00,1.00
2023-11-09,-0.09,-0.10,1.38,8505.00,18.00,2700.00,5.17,0.00,1.00
2023-11-10,0.02,0.02,1.39,4095.00,8.50,4995.00,10.57,0.00,1.00
2023-11-13,-0.02,-0.02,1.39,13050.00,27.62,2250.00,4.67,0.00,1.00
2023-11-14,0.22,0.20,1.65,9450.00,16.41,9900.00,20.95,0.00,1.00
2023-11-15,0.06,0.06,1.65,16200.00,26.47,450.00,0.78,0.00,1.00
2023-11-16,-0.03,-0.03,1.65,27450.00,46.21,4950.00,8.09,0.00,1.00
2023-11-17,0.13,0.12,1.71,14400.00,21.48,-900.00,-1.52,0.00,1.00
2023-11-20,0.02,0.02,1.71,11700.00,17.11,-2250.00,-3.36,1.00,1.00
2023-11-21,-0.03,-0.03,1.71,7515.00,11.28,-1350.00,-1.97,1.00,1.00
2023-11-22,0.01,0.01,1.67,9000.00,13.33,450.00,0.68,1.00,1.00
2023-11-24,0.09,0.09,1.71,4050.00,5.49,6300.00,9.33,1.00,0.00
2023-11-27,-0.07,-0.07,1.52,9000.00,13.07,0.00,0.00,1.00,1.00
2023-11-28,0.01,0.01,1.50,8190.00,11.74,3150.00,4.58,1.00,1.00
2023-11-29,0.10,0.10,1.53,13590.00,17.66,1800.00,2.58,1.00,2.00
2023-11-30,0.00,0.00,1.15,15300.00,19.88,10350.00,13.45,1.00,1.00
2023-12-01,-0.01,-0.01,1.14,8100.00,10.59,3600.00,4.68,1.00,0.00
2023-12-04,-0.13,-0.14,1.24,14085.00,21.15,4050.00,5.29,1.00,1.00
2023-12-05,0.02,0.02,1.24,4500.00,6.62,900.00,1.35,1.00,0.00
2023-12-06,0.00,0.00,1.24,7650.00,11.26,5850.00,8.61,1.00,0.00
2023-12-07,0.06,0.06,1.25,7200.00,10.00,-3150.00,-4.64,1.00,0.00
2023-12-08,0.01,0.01,1.18,16200.00,22.35,-3600.00,-5.00,1.00,1.00
2023-12-11,0.87,0.63,3.24,89100.00,65.56,10755.00,14.84,96.00,19.91
2023-12-12,-0.11,-0.11,3.28,30600.00,25.19,-2700.00,-1.99,100.00,0.72
2023-12-13,0.04,0.04,3.23,30600.00,24.29,-16200.00,-13.33,101.00,0.28
2023-12-14,0.12,0.12,3.24,47250.00,33.33,-1800.00,-1.43,103.00,0.37
2023-12-15,0.14,0.13,3.24,62550.00,38.72,2250.00,1.59,110.00,1.23
2023-12-18,-0.17,-0.18,3.33,23805.00,17.69,-17550.00,-10.86,110.00,0.08
2023-12-19,-0.14,-0.15,3.40,24750.00,21.32,-5400.00,-4.01,110.00,0.06
2023-12-20,0.10,0.09,3.39,13050.00,10.25,1800.00,1.55,111.00,0.05
2023-12-21,0.01,0.01,3.39,20430.00,15.82,2250.00,1.77,111.00,0.05
2023-12-22,-0.08,-0.09,3.42,18000.00,15.21,450.00,0.35,111.00,0.03
2023-12-26,-0.39,-0.50,3.73,49500.00,68.75,-900.00,-0.76,111.00,0.06
2023-12-27,0.19,0.17,3.78,18000.00,21.05,25650.00,35.62,116.00,0.91
2023-12-28,-0.17,-0.19,3.83,17550.00,24.84,-900.00,-1.05,117.00,0.16
2023-12-29,-0.08,-0.09,3.85,12105.00,18.68,-900.00,-1.27,118.00,0.10
2024-01-02,0.01,0.01,3.85,8100.00,12.41,2250.00,3.47,118.00,0.03
2024-01-03,-0.01,-0.01,3.81,6750.00,10.42,2250.00,3.45,118.00,0.02
2024-01-04,0.04,0.04,3.81,4500.00,6.67,450.00,0.69,118.00,0.03
2024-01-05,-0.01,-0.01,3.82,6570.00,9.80,-900.00,-1.33,118.00,0.02
2024-01-08,-0.05,-0.06,3.82,5400.00,8.51,1800.00,2.68,118.00,0.02
2024-01-09,-0.05,-0.05,3.83,11250.00,18.66,6750.00,10.64,119.00,0.02
2024-01-10,-0.10,-0.10,2.09,9900.00,18.18,2700.00,4.48,23.00,0.17
2024-01-11,-0.07,-0.08,2.08,6300.00,12.50,450.00,0.83,20.00,0.10
2024-01-12,0.21,0.19,2.24,16200.00,26.47,3150.00,6.25,24.00,4.38
2024-01-16,-0.01,-0.01,2.17,9450.00,15.67,-2700.00,-4.41,22.00,0.64
2024-01-17,-0.05,-0.05,2.08,4500.00,7.87,-2700.00,-4.48,16.00,0.38
2024-01-18,-0.12,-0.13,2.05,6300.00,12.50,-900.00,-1.57,16.00,0.31
2024-01-19,-0.07,-0.07,2.02,6750.00,14.42,1800.00,3.57,16.00,0.56
2024-01-22,0.17,0.16,2.10,11700.00,21.31,-450.00,-0.96,16.00,0.81
2024-01-23,-0.10,-0.10,2.10,15750.00,31.82,-450.00,-0.82,18.00,2.28
2024-01-24,-0.01,-0.01,2.10,4320.00,8.81,0.00,0.00,18.00,0.39
2024-01-25,-0.09,-0.09,1.64,6300.00,14.11,-450.00,-0.92,18.00,0.50
2024-01-26,-0.07,-0.07,1.46,6570.00,15.82,1260.00,2.82,13.00,0.62
2024-01-29,-0.04,-0.04,1.36,3870.00,9.66,-1485.00,-3.58,13.00,0.85
2024-01-30,0.00,0.00,1.34,3150.00,7.87,0.00,0.00,13.00,0.38
2024-01-31,0.12,0.12,1.43,14400.00,32.00,1800.00,4.49,16.00,4.00
2024-02-01,-0.10,-0.11,1.46,6525.00,16.11,-1395.00,-3.10,16.00,0.81
2024-02-02,-0.05,-0.05,1.45,5580.00,14.50,450.00,1.11,16.00,0.25
2024-02-05,-0.04,-0.04,1.45,4230.00,11.42,675.00,1.75,16.00,0.19
2024-02-06,0.06,0.06,1.47,5445.00,13.91,-990.00,-2.67,16.00,0.25
2024-02-07,-0.11,-0.12,1.50,5625.00,16.13,450.00,1.15,17.00,0.47
2024-02-08,-0.02,-0.02,1.48,2880.00,8.42,0.00,0.00,17.00,0.24
2024-02-09,0.04,0.04,1.48,6300.00,17.65,1980.00,5.79,17.00,0.76
2024-02-12,0.01,0.01,1.22,2025.00,5.60,2025.00,5.67,12.00,0.25
2024-02-13,0.02,0.02,1.23,1125.00,3.05,315.00,0.87,12.00,0.17
2024-02-14,0.00,0.00,1.22,1755.00,4.76,810.00,2.20,11.00,0.27
2024-02-15,0.00,0.00,1.17,1710.00,4.62,-900.00,-2.44,11.00,0.18
2024-02-16,0.30,0.26,1.59,11700.00,24.30,2340.00,6.33,15.00,5.93
2024-02-20,-0.12,-0.13,1.53,5400.00,12.79,-3150.00,-6.54,15.00,0.60
2024-02-21,-0.01,-0.01,1.49,7245.00,17.31,-2160.00,-5.12,13.00,0.54
2024-02-22,-0.03,-0.03,1.49,4050.00,10.00,-810.00,-1.94,13.00,0.31
2024-02-23,-0.03,-0.04,1.46,6300.00,16.11,1800.00,4.44,13.00,0.62
2024-02-26,0.01,0.01,1.44,6750.00,17.14,-1890.00,-4.83,14.00,1.07
2024-02-27,0.42,0.35,2.06,18900.00,33.87,-180.00,-0.46,17.00,5.06
2024-02-28,-0.15,-0.17,2.15,15300.00,32.38,4050.00,7.26,19.00,1.84
2024-02-29,-0.06,-0.06,2.12,6705.00,15.05,0.00,0.00,16.00,1.00
2024-03-01,-0.01,-0.01,2.09,2925.00,6.63,360.00,0.81,16.00,0.31
2024-03-04,-0.11,-0.12,2.12,7380.00,18.85,900.00,2.04,16.00,0.50
2024-03-05,0.04,0.04,2.12,2115.00,5.19,1800.00,4.60,16.00,0.25
2024-03-06,0.02,0.02,2.11,6300.00,15.22,1890.00,4.64,16.00,0.44
2024-03-07,-0.01,-0.01,2.07,2925.00,7.14,900.00,2.17,16.00,0.44
2024-03-08,0.00,0.00,2.06,2700.00,6.59,450.00,1.10,16.00,0.25
2024-03-11,-0.02,-0.02,2.07,2025.00,5.03,-450.00,-1.10,16.00,0.38
2024-03-12,-0.05,-0.05,2.08,2700.00,7.08,-630.00,-1.57,16.00,0.38
2024-03-13,0.00,0.00,2.08,4950.00,12.94,1575.00,4.13,17.00,1.00
2024-03-14,-0.22,-0.25,2.23,8550.00,28.74,-135.00,-0.35,18.00,1.33
2024-03-15,0.63,0.49,3.18,19080.00,39.26,18855.00,63.39,131.00,17.23
2024-03-18,-0.10,-0.11,3.04,8595.00,19.69,-900.00,-1.85,130.00,0.58
2024-03-19,0.03,0.03,3.00,5850.00,13.07,-450.00,-1.03,131.00,0.27
2024-03-20,-0.07,-0.07,3.01,7425.00,17.78,0.00,0.00,132.00,0.22
2024-03-21,-0.08,-0.08,3.03,3150.00,8.21,-810.00,-1.94,133.00,0.13
2024-03-22,0.01,0.01,3.02,2745.00,7.10,-90.00,-0.23,133.00,0.05
2024-03-25,0.05,0.05,3.02,3240.00,8.00,-315.00,-0.81,133.00,0.05
2024-03-26,0.05,0.05,2.63,7650.00,18.01,-900.00,-2.22,129.00,0.15
2024-03-27,-0.04,-0.04,2.58,2205.00,5.38,-1575.00,-3.71,128.00,0.04
2024-03-28,0.02,0.02,2.57,3375.00,8.11,-765.00,-1.87,127.00,0.05
2024-04-01,-0.03,-0.03,2.57,3240.00,8.00,-1125.00,-2.70,127.00,0.06
2024-04-02,-0.02,-0.02,2.53,2925.00,7.34,-900.00,-2.22,127.00,0.04
2024-04-03,-0.04,-0.04,2.54,3375.00,8.82,0.00,0.00,127.00,0.07
2024-04-04,-0.00,-0.00,2.54,2025.00,5.31,360.00,0.94,127.00,0.02
2024-04-05,-0.01,-0.01,2.54,1620.00,4.30,0.00,0.00,127.00,0.02
2024-04-08,0.00,0.00,2.54,1800.00,4.76,540.00,1.43,127.00,0.02
2024-04-09,-0.03,-0.03,2.54,2205.00,5.98,135.00,0.36,127.00,0.02
2024-04-10,-0.04,-0.04,2.53,900.00,2.53,-900.00,-2.44,127.00,0.04
2024-04-11,-0.01,-0.01,2.53,1845.00,5.24,90.00,0.25,126.00,0.03
2024-04-12,0.02,0.02,2.39,2070.00,5.75,810.00,2.30,125.00,0.03
2024-04-15,-0.02,-0.02,0.63,3465.00,9.82,-900.00,-2.50,12.00,0.33
2024-04-16,-0.07,-0.07,0.57,4230.00,12.84,-675.00,-1.91,9.00,0.33
2024-04-17,-0.04,-0.04,0.56,1530.00,4.85,0.00,0.00,7.00,0.29
2024-04-18,0.06,0.05,0.58,2655.00,7.97,405.00,1.28,6.00,0.33
2024-04-19,-0.01,-0.01,0.52,1800.00,5.48,450.00,1.35,5.00,0.40
2024-04-22,-0.05,-0.05,0.54,1710.00,5.49,-585.00,-1.78,5.00,0.40
2024-04-23,0.03,0.03,0.52,1800.00,5.59,-540.00,-1.73,4.00,0.50
2024-04-24,-0.02,-0.02,0.47,1305.00,4.15,0.00,0.00,4.00,0.25
2024-04-25,0.00,0.00,0.47,2025.00,6.43,90.00,0.29,3.00,0.33
2024-04-26,0.03,0.03,0.48,2250.00,6.94,675.00,2.14,3.00,0.67
2024-04-29,-0.03,-0.03,0.48,900.00,2.85,-540.00,-1.67,3.00,0.67
2024-04-30,0.05,0.05,0.53,3555.00,10.69,3105.00,9.84,3.00,1.00
2024-05-01,-0.01,-0.01,0.52,2475.00,7.52,900.00,2.71,2.00,0.50
2024-05-02,0.01,0.01,0.53,2250.00,6.76,405.00,1.23,2.00,0.50
2024-05-03,0.01,0.01,0.53,3060.00,9.07,1710.00,5.14,2.00,1.00
2024-05-06,0.00,0.00,0.53,3150.00,9.31,-675.00,-2.00,2.00,0.50
2024-05-07,-0.08,-0.08,0.58,3555.00,11.37,810.00,2.39,2.00,2.00
2024-05-08,0.00,0.00,0.58,3150.00,10.03,1125.00,3.60,3.00,3.67
2024-05-09,0.00,0.00,0.58,1395.00,4.43,0.00,0.00,3.00,1.00
2024-05-10,-0.01,-0.01,0.57,1395.00,4.49,0.00,0.00,3.00,0.67
2024-05-13,-0.01,-0.01,0.56,1080.00,3.52,630.00,2.03,2.00,0.50
2024-05-14,0.00,0.00,0.52,2700.00,8.81,2205.00,7.20,2.00,1.50
2024-05-15,0.01,0.01,0.50,1350.00,4.38,90.00,0.29,2.00,1.50
2024-05-16,-0.01,-0.01,0.45,1035.00,3.39,360.00,1.17,2.00,0.50
2024-05-17,-0.01,-0.01,0.45,1305.00,4.32,45.00,0.15,2.00,1.00
2024-05-20,0.02,0.02,0.42,1350.00,4.39,1215.00,4.02,2.00,1.00
2024-05-21,-0.03,-0.03,0.41,1305.00,4.39,-270.00,-0.88,2.00,1.00
2024-05-22,0.02,0.02,0.42,1485.00,4.89,810.00,2.73,2.00,0.50
2024-05-23,0.04,0.04,0.45,3735.00,11.77,-810.00,-2.67,3.00,2.00
2024-05-24,-0.03,-0.03,0.45,1485.00,4.83,-630.00,-1.99,3.00,1.00
2024-05-28,-0.00,-0.00,0.44,990.00,3.24,0.00,0.00,3.00,0.67
2024-05-29,-0.02,-0.02,0.39,900.00,3.01,0.00,0.00,3.00,0.33
2024-05-30,-0.01,-0.01,0.39,1350.00,4.57,900.00,3.01,3.00,0.67
2024-05-31,-0.04,-0.04,0.40,2025.00,7.13,90.00,0.30,3.00,0.33
2024-06-03,-0.00,-0.00,0.40,3555.00,12.56,1710.00,6.02,3.00,0.67
2024-06-04,0.02,0.02,0.41,4410.00,15.34,-315.00,-1.11,3.00,1.67
2024-06-05,-0.01,-0.01,0.32,1215.00,4.25,495.00,1.72,3.00,0.67
2024-06-06,0.03,0.03,0.34,1935.00,6.55,225.00,0.79,2.00,1.00
2024-06-07,-0.12,-0.12,0.53,4275.00,16.38,-810.00,-2.74,2.00,2.50
2024-06-10,0.03,0.03,0.55,6975.00,25.88,900.00,3.45,3.00,4.00
2024-06-11,-0.06,-0.06,0.57,3105.00,12.21,45.00,0.17,3.00,1.67
2024-06-12,-0.06,-0.07,0.61,9720.00,40.83,1080.00,4.25,4.00,4.50
2024-06-13,-0.06,-0.07,0.63,3600.00,16.16,45.00,0.19,4.00,1.25
2024-06-14,-0.03,-0.03,0.63,1350.00,6.25,-990.00,-4.44,4.00,0.75
2024-06-17,0.04,0.04,0.66,3420.00,15.20,45.00,0.21,4.00,0.75
2024-06-18,-0.10,-0.10,0.72,1530.00,7.54,-675.00,-3.00,4.00,0.25
2024-06-20,-0.02,-0.02,0.71,1620.00,8.11,405.00,2.00,4.00,0.50
2024-06-21,-0.02,-0.02,0.70,1755.00,8.94,1350.00,6.76,4.00,0.50
2024-06-24,0.09,0.09,0.77,3150.00,14.71,630.00,3.21,4.00,0.75
2024-06-25,-0.05,-0.05,0.78,2700.00,13.22,-45.00,-0.21,4.00,0.25
2024-06-26,0.02,0.02,0.79,2475.00,11.93,-450.00,-2.20,4.00,0.50
2024-06-27,-0.17,-0.19,0.96,4050.00,23.62,-495.00,-2.39,5.00,4.40
2024-06-28,-0.11,-0.12,1.01,2430.00,15.98,-270.00,-1.57,6.00,2.33
2024-07-01,-0.02,-0.02,1.01,1305.00,8.79,495.00,3.25,6.00,0.67
2024-07-02,-0.09,-0.10,1.02,1575.00,11.67,-450.00,-3.03,6.00,1.00
2024-07-03,0.04,0.04,1.04,630.00,4.50,270.00,2.00,6.00,0.67
2024-07-05,0.12,0.11,1.16,3150.00,20.17,675.00,4.82,6.00,2.17
2024-07-08,-0.05,-0.05,1.14,1935.00,12.99,135.00,0.86,6.00,0.50
2024-07-09,-0.06,-0.07,1.11,3780.00,27.10,-270.00,-1.81,6.00,0.67
2024-07-10,0.05,0.04,1.12,1755.00,12.04,45.00,0.32,6.00,1.50
2024-07-11,0.11,0.11,1.21,2115.00,13.06,450.00,3.09,6.00,0.83
2024-07-12,-0.03,-0.03,1.20,2880.00,18.29,-90.00,-0.56,5.00,0.60
2024-07-15,-0.03,-0.03,1.19,1350.00,8.82,180.00,1.14,5.00,0.60
2024-07-16,0.04,0.04,1.21,1800.00,11.30,855.00,5.59,5.00,0.60
2024-07-17,-0.03,-0.03,1.19,1440.00,9.28,45.00,0.28,5.00,0.40
2024-07-18,-0.07,-0.08,1.17,1350.00,9.38,-630.00,-4.06,5.00,0.40
2024-07-19,0.16,0.15,1.32,2700.00,16.22,450.00,3.12,8.00,7.88
2024-07-22,-0.15,-0.16,1.42,2655.00,18.79,-900.00,-5.41,9.00,1.00
2024-07-23,-0.09,-0.10,1.39,2205.00,17.19,225.00,1.59,9.00,0.89
2024-07-24,-0.00,-0.00,1.38,495.00,3.87,-225.00,-1.75,9.00,0.33
2024-07-25,0.19,0.17,1.56,1980.00,13.06,1170.00,9.15,10.00,1.80
2024-07-26,-0.11,-0.12,1.49,2835.00,21.00,135.00,0.89,9.00,0.78
2024-07-29,-0.00,-0.00,1.44,1125.00,8.36,0.00,0.00,18.00,10.72
2024-07-30,0.12,0.11,1.50,4950.00,32.84,5895.00,43.81,82.00,15.51
2024-07-31,-0.13,-0.13,1.53,2565.00,19.45,-3015.00,-20.00,87.00,1.31
2024-08-01,-0.05,-0.05,1.54,1755.00,13.98,-1215.00,-9.22,89.00,0.45
2024-08-02,-0.05,-0.06,1.48,900.00,7.58,-360.00,-2.87,89.00,0.13
2024-08-05,-0.05,-0.05,1.49,3015.00,26.80,-1305.00,-10.98,90.00,0.26
2024-08-06,-0.04,-0.04,1.48,1755.00,16.25,585.00,5.20,90.00,0.13
2024-08-07,0.01,0.01,1.47,585.00,5.37,-315.00,-2.92,90.00,0.06
2024-08-08,-0.02,-0.02,1.39,765.00,7.14,-360.00,-3.31,90.00,0.04
2024-08-09,0.09,0.09,1.45,1710.00,14.62,-360.00,-3.36,90.00,0.07
2024-08-12,-0.00,-0.00,1.44,990.00,8.49,0.00,0.00,90.00,0.04
2024-08-13,-0.02,-0.02,1.43,810.00,7.11,-360.00,-3.09,90.00,0.07
2024-08-14,-0.00,-0.00,1.43,810.00,7.14,315.00,2.77,90.00,0.06
2024-08-15,-0.08,-0.08,1.44,1035.00,9.91,-90.00,-0.79,91.00,0.08
2024-08-16,-0.03,-0.03,1.29,1350.00,13.33,315.00,3.02,88.00,0.06
2024-08-19,-0.05,-0.05,1.20,1215.00,12.62,0.00,0.00,92.00,1.10
2024-08-20,-0.07,-0.07,1.18,990.00,11.00,135.00,1.40,94.00,0.36
2024-08-21,-0.06,-0.06,1.19,945.00,11.11,315.00,3.50,94.00,0.22
2024-08-22,0.07,0.07,0.98,1305.00,14.36,45.00,0.53,95.00,0.34
2024-08-23,0.02,0.02,0.93,900.00,9.71,45.00,0.50,110.00,2.77
2024-08-26,-0.06,-0.06,0.94,720.00,8.25,90.00,0.97,102.00,0.25
2024-08-27,-0.02,-0.02,0.78,900.00,10.47,0.00,0.00,40.00,0.75
2024-08-28,-0.08,-0.09,0.73,900.00,11.43,0.00,0.00,35.00,0.43
2024-08-29,-0.14,-0.15,0.84,1575.00,23.33,180.00,2.29,34.00,0.65
2024-08-30,-0.01,-0.01,0.84,630.00,9.40,450.00,6.67,34.00,0.62
2024-09-03,-0.04,-0.04,0.83,765.00,11.89,180.00,2.68,34.00,0.53
2024-09-04,-0.02,-0.02,0.83,540.00,8.57,90.00,1.40,34.00,0.21
2024-09-05,-0.05,-0.05,0.82,855.00,14.29,225.00,3.57,35.00,0.83
2024-09-06,-0.05,-0.05,0.82,900.00,15.75,-135.00,-2.26,36.00,0.67
2024-09-09,0.03,0.03,0.73,810.00,13.74,45.00,0.79,37.00,0.76
2024-09-10,-0.05,-0.05,0.72,630.00,11.20,225.00,3.82,38.00,0.50
2024-09-11,0.02,0.02,0.74,1710.00,29.92,900.00,16.00,41.00,1.83
2024-09-12,-0.04,-0.04,0.73,360.00,6.56,0.00,0.00,42.00,0.26
2024-09-13,0.08,0.08,0.82,675.00,11.36,270.00,4.92,43.00,0.95
2024-09-16,-0.03,-0.03,0.82,450.00,7.81,0.00,0.00,44.00,0.39
2024-09-17,-0.03,-0.03,0.82,315.00,5.65,-90.00,-1.56,39.00,0.28
2024-09-18,-0.06,-0.06,0.81,675.00,12.82,-90.00,-1.61,38.00,0.42
2024-09-19,0.03,0.03,0.83,585.00,10.74,360.00,6.84,38.00,0.61
2024-09-20,-0.09,-0.10,0.80,630.00,12.73,135.00,2.48,38.00,0.82
2024-09-23,-0.05,-0.05,0.78,495.00,10.48,180.00,3.64,24.00,1.04
2024-09-24,0.03,0.03,0.80,315.00,6.48,45.00,0.95,24.00,0.92
2024-09-25,-0.11,-0.12,0.85,1215.00,28.12,180.00,3.70,29.00,4.17
2024-09-26,0.07,0.07,0.90,495.00,10.68,45.00,1.04,31.00,1.65
2024-09-27,-0.05,-0.05,0.80,540.00,12.24,-45.00,-0.97,31.00,0.87
2024-09-30,0.10,0.10,0.91,450.00,9.26,90.00,2.04,31.00,0.97
2024-10-01,-0.16,-0.17,1.04,855.00,20.88,-135.00,-2.78,33.00,1.52
2024-10-02,0.02,0.02,1.05,675.00,16.13,135.00,3.30,35.00,1.46
2024-10-03,-0.01,-0.01,1.04,180.00,4.35,90.00,2.15,35.00,0.74
2024-10-04,-0.08,-0.08,1.06,585.00,15.29,90.00,2.17,36.00,1.03
2024-10-07,-0.02,-0.02,1.04,540.00,14.46,180.00,4.71,36.00,1.00
2024-10-08,0.06,0.06,1.07,990.00,25.00,-90.00,-2.41,40.00,2.30
2024-10-09,0.06,0.06,1.10,540.00,12.90,-135.00,-3.41,40.00,2.30
2024-10-10,-0.12,-0.13,1.16,7920.00,214.63,2025.00,48.39,942.00,19.15
2024-10-11,0.23,0.21,1.42,2385.00,52.48,1035.00,28.05,1318.00,5.73
2024-10-14,0.01,0.01,1.42,1125.00,24.51,810.00,17.82,1439.00,1.69
2024-10-15,-0.09,-0.09,1.45,855.00,20.43,225.00,4.90,1488.00,0.67
2024-10-16,-0.08,-0.08,1.46,450.00,11.63,-90.00,-2.15,1515.00,0.36
2024-10-17,0.13,0.12,1.53,1170.00,26.80,630.00,16.28,1664.00,1.81
2024-10-18,0.06,0.06,1.52,2205.00,47.57,720.00,16.49,2049.00,3.77
2024-10-21,-0.12,-0.12,1.57,630.00,15.38,-135.00,-2.91,2121.00,0.69
2024-10-22,0.10,0.09,1.60,720.00,16.00,90.00,2.20,2193.00,0.67
2024-10-23,-0.10,-0.11,1.59,540.00,13.33,-180.00,-4.00,2241.00,0.49
2024-10-24,-0.10,-0.11,1.61,450.00,12.35,-45.00,-1.11,2285.00,0.41
2024-10-25,-0.16,-0.17,1.69,585.00,19.12,-45.00,-1.23,2334.00,0.43
2024-10-28,0.03,0.03,1.65,270.00,8.57,180.00,5.88,2421.00,0.73
2024-10-29,-0.03,-0.03,1.56,315.00,10.29,-45.00,-1.43,2475.00,0.45
2024-10-30,-0.07,-0.08,1.57,360.00,12.70,90.00,2.94,2504.00,0.25
2024-10-31,0.03,0.03,1.58,630.00,21.54,90.00,3.17,2556.00,0.42
2024-11-01,-0.05,-0.05,1.57,360.00,12.90,180.00,6.15,2571.00,0.12
2024-11-04,0.11,0.11,1.63,360.00,11.59,90.00,3.23,2599.00,0.23
2024-11-05,-0.12,-0.12,1.66,585.00,21.31,0.00,0.00,2650.00,0.42
2024-11-06,-0.02,-0.02,1.64,270.00,10.00,0.00,0.00,2673.00,0.21
2024-11-07,-0.03,-0.03,1.59,270.00,10.34,0.00,0.00,1798.00,0.31
2024-11-08,-0.26,-0.30,1.55,855.00,44.19,-270.00,-10.34,1475.00,0.74
2024-11-11,-0.09,-0.10,1.55,405.00,23.08,0.00,0.00,1421.00,0.95
2024-11-12,-0.24,-0.28,1.70,374.00,28.16,-373.00,-21.25,1466.00,1.29
2024-11-13,0.22,0.20,1.95,810.00,49.88,-18.00,-1.36,1637.00,2.43
2024-11-14,-0.29,-0.34,2.04,352.00,30.34,-188.00,-11.58,1596.00,1.37
2024-11-15,-0.08,-0.08,2.00,120.20,11.23,-18.00,-1.55,1235.00,0.40
2024-11-18,0.19,0.17,2.17,280.00,22.05,76.00,7.10,1357.00,2.87
2024-11-19,0.07,0.07,2.15,295.00,21.72,-8.00,-0.63,1320.00,0.55
2024-11-20,-0.06,-0.06,2.14,92.00,7.21,-146.00,-10.75,1293.00,0.42
2024-11-21,-0.05,-0.05,2.13,88.40,7.26,-26.00,-2.04,1264.00,0.28
2024-11-22,-0.03,-0.03,2.09,594.00,50.08,390.00,32.02,4633.00,14.76
2024-11-25,-0.06,-0.06,2.07,162.00,14.57,-94.00,-7.93,4628.00,0.36
2024-11-26,0.01,0.01,2.08,70.00,6.25,-4.00,-0.36,4604.00,0.14
2024-11-27,-0.06,-0.06,2.08,92.00,8.71,-42.00,-3.75,4633.00,0.26
2024-11-29,-0.07,-0.08,2.06,136.00,13.91,12.00,1.14,4629.00,0.22
2024-12-02,-0.16,-0.18,2.10,121.40,14.80,-54.00,-5.52,4674.00,0.26
2024-12-03,-0.06,-0.06,2.01,86.00,11.11,-60.00,-7.32,4701.00,0.25
2024-12-04,-0.02,-0.02,2.00,58.00,7.65,-4.00,-0.52,4662.00,0.07
2024-12-05,-0.02,-0.02,2.00,59.20,7.94,2.00,0.26,4661.00,0.11
2024-12-06,0.07,0.07,2.05,130.20,16.27,-4.00,-0.54,4748.00,0.49
2024-12-09,0.06,0.06,1.93,109.80,12.92,20.00,2.50,5052.00,1.42
2024-12-10,-0.05,-0.05,1.92,583.00,72.33,90.00,10.59,6379.00,4.37
2024-12-11,0.17,0.16,1.88,138.00,14.59,54.00,6.70,6449.00,0.51
2024-12-12,0.04,0.04,1.68,145.00,14.80,14.00,1.48,6339.00,0.28
2024-12-13,-0.08,-0.08,1.37,98.00,10.84,-26.00,-2.65,6268.00,0.12
2024-12-16,-0.03,-0.03,1.35,76.00,8.64,-22.00,-2.43,6279.00,0.11
2024-12-17,-0.03,-0.03,1.14,64.00,7.49,2.00,0.23,6113.00,0.09
2024-12-18,-0.09,-0.10,1.13,92.80,11.96,-14.00,-1.64,6106.00,0.10
2024-12-19,0.02,0.02,1.13,68.00,8.59,34.00,4.38,6098.00,0.06
2024-12-20,-0.10,-0.11,1.16,74.40,10.45,-46.00,-5.81,6133.00,0.17
2024-12-23,-0.04,-0.04,1.16,82.00,11.99,4.00,0.56,2741.00,0.20
2024-12-24,0.79,0.58,3.11,828.00,67.54,828.00,121.05,11333.00,15.31
2024-12-26,-0.02,-0.02,3.12,326.00,27.17,-158.00,-12.89,11686.00,0.66
2024-12-27,-0.09,-0.09,3.13,186.00,16.97,-26.00,-2.17,11752.00,0.22
2024-12-30,-0.11,-0.12,3.14,119.00,12.19,-18.00,-1.64,11786.00,0.14
2024-12-31,-0.07,-0.07,3.09,188.00,20.70,34.00,3.48,11794.00,0.12
2025-01-02,0.00,0.00,3.08,86.00,9.45,-18.00,-1.98,11773.00,0.06
2025-01-03,0.02,0.02,3.08,78.00,8.42,0.00,0.00,11796.00,0.07
2025-01-06,-0.07,-0.07,3.09,140.00,16.24,-4.00,-0.43,11847.00,0.13
2025-01-07,-0.05,-0.05,3.10,70.00,8.54,10.00,1.16,11767.00,0.06
2025-01-08,-0.09,-0.09,3.11,99.00,13.20,8.00,0.98,11444.00,0.06
2025-01-10,0.03,0.03,3.10,80.00,10.39,-18.00,-2.40,10079.00,0.06
2025-01-13,-0.09,-0.09,3.06,87.20,12.39,4.00,0.52,9948.00,0.07
2025-01-14,-0.01,-0.01,3.05,74.00,10.66,2.00,0.28,9910.00,0.10
2025-01-15,0.06,0.06,3.05,68.00,9.26,12.00,1.73,9936.00,0.13
2025-01-16,0.02,0.02,3.05,108.00,14.44,12.00,1.63,9949.00,0.10
2025-01-17,0.03,0.03,3.05,54.00,6.99,12.00,1.60,9941.00,0.04
2025-01-21,-0.07,-0.07,3.04,60.00,8.33,-8.00,-1.04,9947.00,0.07
2025-01-22,-0.04,-0.04,3.04,78.00,11.30,8.00,1.11,10033.00,0.21
2025-01-23,0.04,0.04,3.02,94.00,13.09,0.00,0.00,10026.00,0.09
2025-01-24,-0.01,-0.01,3.01,42.00,5.93,8.00,1.11,10038.00,0.08
2025-01-27,-0.15,-0.16,0.90,82.80,13.75,-48.00,-6.78,1415.00,0.74
2025-01-28,0.03,0.03,0.92,59.60,9.64,0.00,0.00,1059.00,0.56
2025-01-29,-0.06,-0.06,0.90,51.80,8.87,-14.00,-2.27,965.00,0.66
2025-01-30,-0.08,-0.08,0.87,62.00,11.52,2.00,0.34,918.00,0.82
2025-01-31,-0.01,-0.01,0.86,34.00,6.39,-2.00,-0.37,874.00,0.56
2025-02-03,-0.06,-0.06,0.86,48.00,9.56,-16.00,-3.01,868.00,0.71
2025-02-04,-0.00,-0.00,0.85,26.00,5.20,-8.00,-1.59,845.00,0.37
2025-02-05,-0.06,-0.07,0.85,43.00,9.19,0.00,0.00,790.00,0.58
2025-02-06,0.09,0.09,0.94,52.00,10.20,0.00,0.00,808.00,1.33
2025-02-07,0.00,0.00,0.91,32.00,6.25,-2.00,-0.39,799.00,0.64
2025-02-10,-0.00,-0.00,0.90,26.20,5.14,0.00,0.00,786.00,0.43
2025-02-11,-0.03,-0.03,0.87,40.00,8.10,12.00,2.35,764.00,0.31
2025-02-12,-0.00,-0.00,0.87,32.20,6.54,-12.00,-2.43,724.00,0.30
2025-02-13,0.05,0.05,0.86,44.00,8.53,4.00,0.81,684.00,0.69
2025-02-14,1.34,0.85,4.88,626.00,51.91,650.00,125.97,26754.00,19.53
2025-02-18,-0.33,-0.40,5.06,220.00,27.09,-242.00,-20.07,27378.00,0.47
2025-02-19,1.50,0.92,7.24,1344.00,66.21,352.00,43.35,64686.00,11.55
2025-02-20,-0.28,-0.32,7.36,710.00,48.30,-32.00,-1.58,66582.00,0.60
2025-02-21,-0.10,-0.11,7.39,381.60,28.95,-46.00,-3.13,67302.00,0.23
2025-02-24,-0.11,-0.11,7.41,248.60,21.14,-48.00,-3.64,67517.00,0.08
2025-02-25,0.15,0.14,7.36,724.00,53.71,38.00,3.23,72200.00,1.31
2025-02-26,0.03,0.03,7.36,260.00,18.79,-74.00,-5.49,72561.00,0.11
2025-02-27,-0.02,-0.02,7.35,332.00,24.52,-20.00,-1.45,72893.00,0.10
2025-02-28,0.05,0.04,7.33,182.00,12.85,46.00,3.40,73052.00,0.05
2025-03-03,-0.10,-0.11,7.35,216.00,17.03,20.00,1.41,73170.00,0.04
2025-03-04,-0.11,-0.12,7.37,134.00,11.90,-54.00,-4.26,73243.00,0.03
2025-03-05,0.04,0.04,7.37,75.00,6.42,14.00,1.24,73263.00,0.01
2025-03-06,-0.07,-0.07,7.37,92.00,8.42,-42.00,-3.60,73286.00,0.01
2025-03-07,-0.07,-0.07,7.39,167.60,16.43,0.00,0.00,73292.00,0.02
2025-03-10,-0.20,-0.23,7.46,230.00,28.33,-32.00,-3.14,73355.00,0.02
2025-03-11,0.06,0.06,7.46,86.00,9.95,10.00,1.23,73383.00,0.01
2025-03-12,-0.01,-0.01,7.45,90.00,10.49,6.00,0.69,73410.00,0.01
2025-03-13,-0.07,-0.07,7.46,105.60,13.17,2.00,0.23,73428.00,0.01
2025-03-14,0.07,0.07,7.46,96.00,11.16,16.00,2.00,73440.00,0.01
2025-03-17,0.10,0.09,5.83,264.00,28.03,10.00,1.16,47450.00,0.05
2025-03-18,0.07,0.06,5.68,165.00,16.43,-12.00,-1.27,46868.00,0.03
2025-03-19,0.03,0.03,1.67,115.80,11.16,20.00,1.99,9594.00,0.14
2025-03-20,0.06,0.06,1.42,256.00,23.32,0.00,0.00,7706.00,0.29
2025-03-21,-0.02,-0.02,1.37,139.40,12.91,-14.00,-1.28,7035.00,0.27
2025-03-24,-0.06,-0.06,1.34,153.80,15.11,54.00,5.00,6870.00,0.26
2025-03-25,-0.08,-0.09,1.24,104.20,11.16,-32.00,-3.14,2189.00,0.50
2025-03-26,-0.03,-0.03,1.23,48.60,5.35,-4.00,-0.43,1815.00,0.20
2025-03-27,-0.01,-0.01,1.23,64.00,7.13,6.00,0.66,1477.00,0.34
2025-03-28,-0.08,-0.08,1.22,104.00,12.59,2.00,0.22,1306.00,0.40
2025-03-31,0.01,0.01,1.19,77.40,9.26,-18.00,-2.18,1190.00,0.43
2025-04-01,0.02,0.02,1.15,82.00,9.58,0.00,0.00,1110.00,0.45
2025-04-02,0.02,0.02,1.14,54.00,6.18,-32.00,-3.74,1090.00,0.29
2025-04-03,-0.06,-0.07,1.14,50.20,6.14,-64.00,-7.32,1060.00,0.29
2025-04-04,0.03,0.03,1.13,144.60,17.17,-38.00,-4.65,1028.00,0.54
2025-04-07,0.02,0.02,0.86,88.00,10.26,-62.00,-7.36,957.00,0.36
2025-04-08,-0.08,-0.09,0.88,98.00,12.44,10.00,1.17,932.00,0.44
2025-04-09,0.10,0.09,0.95,118.00,13.63,4.00,0.51,919.00,0.57
2025-04-10,-0.04,-0.04,0.93,63.40,7.66,-32.00,-3.70,910.00,0.43
2025-04-11,-0.03,-0.03,0.90,54.60,6.77,-22.00,-2.66,884.00,0.22
2025-04-14,0.01,0.01,0.83,80.00,9.83,18.00,2.23,772.00,0.43
2025-04-15,0.00,0.00,0.78,54.00,6.63,0.00,0.00,720.00,0.33
2025-04-16,-0.05,-0.05,0.78,60.00,7.77,-20.00,-2.46,662.00,0.33
2025-04-17,0.01,0.01,0.74,44.00,5.67,-16.00,-2.07,558.00,0.32
2025-04-21,-0.00,-0.00,0.74,57.00,7.36,-10.00,-1.29,481.00,0.75
2025-04-22,-0.03,-0.03,0.72,36.80,4.88,-32.00,-4.13,416.00,1.16
2025-04-23,-0.01,-0.01,0.67,60.00,8.04,12.00,1.59,378.00,0.84
2025-04-24,0.05,0.05,0.71,46.00,5.85,6.00,0.80,374.00,0.74
2025-04-25,-0.01,-0.01,0.71,35.80,4.60,2.00,0.25,359.00,0.58
2025-04-28,-0.01,-0.01,0.65,36.00,4.68,2.00,0.26,341.00,0.49
2025-04-29,-0.01,-0.01,0.65,32.80,4.29,4.00,0.52,327.00,0.67
2025-04-30,0.06,0.06,0.68,92.00,11.36,38.00,4.97,1805.00,16.66
2025-05-01,-0.05,-0.05,0.70,38.00,4.95,-40.00,-4.94,1863.00,0.79
2025-05-02,0.08,0.07,0.72,62.00,7.51,12.00,1.56,1927.00,0.82
2025-05-05,0.05,0.04,0.73,138.00,15.97,-6.00,-0.73,1999.00,0.99
2025-05-06,0.05,0.05,0.74,76.00,8.41,-30.00,-3.47,2018.00,0.36
2025-05-07,-0.04,-0.04,0.69,62.00,7.13,-12.00,-1.33,2018.00,0.21
2025-05-08,0.04,0.04,0.62,54.80,6.05,6.00,0.69,2011.00,0.19
2025-05-09,-0.01,-0.01,0.59,40.00,4.45,-14.00,-1.55,2012.00,0.20
2025-05-12,-0.02,-0.02,0.59,56.00,6.33,20.00,2.23,2023.00,0.20
2025-05-13,-0.03,-0.03,0.60,39.00,4.57,-12.00,-1.36,2023.00,0.17
2025-05-14,0.02,0.02,0.61,53.40,6.11,-14.00,-1.64,2040.00,0.27
2025-05-15,0.01,0.01,0.57,37.80,4.29,20.00,2.29,2054.00,0.25
2025-05-16,-0.08,-0.08,0.64,88.00,10.81,0.00,0.00,2084.00,0.37
2025-05-19,0.01,0.01,0.64,56.00,6.80,-14.00,-1.72,2083.00,0.17
2025-05-20,0.00,0.00,0.63,40.00,4.84,0.00,0.00,2071.00,0.11
2025-05-21,-0.05,-0.05,0.66,44.00,5.61,-8.00,-0.97,2068.00,0.13
2025-05-22,0.06,0.06,0.67,58.00,6.95,5.00,0.64,2076.00,0.21
2025-05-23,-0.05,-0.05,0.70,44.00,5.56,0.00,0.00,2087.00,0.20
2025-05-27,0.04,0.04,0.71,128.00,15.57,74.00,9.34,3078.00,6.49
2025-05-28,-0.07,-0.08,0.76,56.00,7.35,-22.00,-2.68,3203.00,0.85
2025-05-29,-0.00,-0.00,0.73,32.00,4.21,8.00,1.05,1741.00,0.48
2025-05-30,0.00,0.00,0.70,58.00,7.63,-10.00,-1.32,1700.00,0.39
2025-06-02,-0.00,-0.00,0.64,39.00,5.15,-16.00,-2.11,1651.00,0.37
2025-06-03,0.04,0.04,0.64,46.00,5.85,58.00,7.65,1730.00,2.07
2025-06-04,0.04,0.04,0.63,58.00,7.13,42.00,5.34,1782.00,0.98
2025-06-05,0.12,0.11,0.74,124.00,13.66,22.00,2.70,2101.00,3.24
2025-06-06,-0.07,-0.08,0.78,66.00,7.84,-8.00,-0.88,2155.00,0.68
2025-06-09,-0.06,-0.06,0.80,73.00,9.19,2.00,0.24,2200.00,0.59
2025-06-10,0.01,0.01,0.80,30.60,3.81,2.00,0.25,2200.00,0.18
2025-06-11,-0.04,-0.04,0.80,43.60,5.63,6.00,0.75,2223.00,0.37
2025-06-12,-0.04,-0.04,0.80,50.00,6.70,16.00,2.07,2237.00,0.38
2025-06-13,-0.04,-0.04,0.81,47.40,6.62,-6.00,-0.80,2245.00,0.30
2025-06-16,-0.04,-0.04,0.78,57.60,8.35,6.00,0.84,2238.00,0.28
2025-06-17,-0.02,-0.02,0.77,40.00,5.93,0.00,0.00,2239.00,0.16
2025-06-18,0.04,0.04,0.79,32.00,4.57,5.20,0.77,2249.00,0.19
2025-06-20,-0.02,-0.02,0.77,20.00,2.91,6.00,0.86,2263.00,0.24
2025-06-23,0.09,0.08,0.81,90.00,12.03,4.00,0.58,2297.00,0.49
2025-06-24,0.03,0.03,0.79,42.00,5.47,28.00,3.74,2327.00,0.44
2025-06-25,-0.04,-0.04,0.79,42.00,5.68,10.00,1.30,1354.00,0.38
2025-06-26,-0.04,-0.04,0.76,88.00,12.39,-52.00,-7.03,1652.00,5.26
2025-06-27,0.04,0.04,0.77,54.00,7.34,-6.00,-0.85,1658.00,0.57
2025-06-30,-0.01,-0.01,0.77,28.00,3.84,-6.00,-0.82,1653.00,0.33
2025-07-01,-0.02,-0.02,0.78,63.80,8.91,-2.00,-0.27,1657.00,0.42
2025-07-02,-0.01,-0.01,0.76,24.00,3.40,-10.00,-1.40,1510.00,0.42
2025-07-03,-0.01,-0.01,0.75,13.60,1.95,2.00,0.28,1448.00,0.36
2025-07-07,-0.03,-0.03,0.60,32.00,4.71,-4.00,-0.57,1143.00,0.60
2025-07-08,0.04,0.04,0.59,28.00,3.94,12.00,1.76,1096.00,0.49
2025-07-09,0.05,0.05,0.60,34.00,4.55,10.00,1.41,1075.00,0.81
2025-07-10,-0.01,-0.01,0.59,18.00,2.43,-6.00,-0.80,1071.00,0.29
2025-07-11,-0.00,-0.00,0.58,24.00,3.24,-12.00,-1.62,1056.00,0.50
2025-07-14,-0.01,-0.01,0.57,20.00,2.74,-4.00,-0.54,1037.00,0.45
2025-07-15,-0.01,-0.01,0.55,16.80,2.31,0.00,0.00,1020.00,0.32
2025-07-16,0.02,0.02,0.53,24.00,3.24,-6.00,-0.83,1007.00,0.37
2025-07-17,0.03,0.03,0.53,37.00,4.87,0.00,0.00,1022.00,0.65
2025-07-18,0.02,0.02,0.52,26.60,3.42,0.00,0.00,1026.00,0.51
2025-07-21,-0.02,-0.02,0.52,42.00,5.50,8.00,1.03,1026.00,0.54
2025-07-22,0.04,0.04,0.45,44.00,5.53,26.00,3.40,995.00,0.48
2025-07-23,-0.02,-0.02,0.45,30.00,3.85,2.00,0.25,960.00,0.35
2025-07-24,-0.02,-0.02,0.43,28.00,3.65,-2.00,-0.26,950.00,0.31
2025-07-25,-0.03,-0.03,0.42,36.00,4.85,-4.00,-0.52,537.00,0.82
2025-07-28,-0.05,-0.05,0.44,42.00,5.95,-8.00,-1.08,523.00,1.26
2025-07-29,0.00,0.00,0.44,10.00,1.42,2.00,0.28,509.00,0.56
2025-07-30,-0.02,-0.02,0.44,33.60,4.87,-6.00,-0.85,490.00,0.62
2025-07-31,-0.01,-0.01,0.44,32.00,4.68,10.00,1.45,481.00,0.93
2025-08-01,-0.04,-0.04,0.46,34.00,5.18,0.00,0.00,472.00,0.75
2025-08-04,-0.00,-0.00,0.45,34.00,5.20,24.00,3.66,451.00,0.61
2025-08-05,-0.01,-0.01,0.42,24.00,3.70,0.00,0.00,436.00,0.52
2025-08-06,-0.01,-0.01,0.36,24.00,3.75,0.00,0.00,408.00,0.77
2025-08-07,-0.02,-0.02,0.36,34.00,5.40,2.00,0.31,405.00,0.63
2025-08-08,-0.00,-0.00,0.36,22.00,3.50,-2.00,-0.32,390.00,0.58
2025-08-11,-0.03,-0.03,0.36,18.00,2.94,-8.00,-1.27,380.00,0.68
2025-08-12,0.01,0.01,0.37,13.20,2.13,-4.00,-0.65,376.00,0.67
2025-08-13,0.03,0.03,0.38,28.00,4.40,7.00,1.13,375.00,0.92
2025-08-14,0.09,0.08,0.50,68.00,9.83,0.00,0.00,384.00,2.21
2025-08-15,-0.05,-0.06,0.51,72.00,11.01,16.00,2.31,382.00,1.29
2025-08-18,-0.02,-0.02,0.51,38.00,5.92,14.00,2.14,368.00,0.72
2025-08-19,-0.05,-0.05,0.50,24.00,3.95,-20.00,-3.12,358.00,0.80
2025-08-20,0.02,0.02,0.51,18.00,2.91,4.00,0.66,353.00,0.66
2025-08-21,0.01,0.01,0.52,21.80,3.48,18.00,2.91,344.00,0.30
2025-08-22,0.09,0.09,0.62,64.00,9.36,6.00,0.96,339.00,1.06
2025-08-25,-0.05,-0.05,0.62,44.00,6.75,12.00,1.75,315.00,0.54
2025-08-26,0.00,0.00,0.62,25.40,3.90,18.00,2.76,307.00,0.42
2025-08-27,0.04,0.04,0.63,28.60,4.23,0.00,0.00,299.00,0.47
2025-08-28,-0.02,-0.02,0.64,22.00,3.32,4.00,0.59,281.00,0.33
2025-08-29,0.05,0.05,0.64,42.00,6.05,-8.00,-1.21,275.00,0.79
2025-09-02,-0.03,-0.03,0.65,44.00,6.51,-6.00,-0.86,270.00,0.64
2025-09-03,-0.04,-0.04,0.67,28.00,4.32,-18.00,-2.66,266.00,0.61
2025-09-04,-0.03,-0.03,0.67,34.00,5.40,0.00,0.00,260.00,0.69
2025-09-05,0.00,0.00,0.67,18.00,2.86,-6.00,-0.95,254.00,0.56
2025-09-08,-0.01,-0.01,0.67,24.00,3.83,10.00,1.59,254.00,0.86
2025-09-09,-0.00,-0.00,0.66,9.00,1.44,-2.00,-0.32,251.00,0.84
2025-09-10,0.00,0.00,0.66,18.00,2.88,0.00,0.00,244.00,0.41
2025-09-11,0.04,0.04,0.67,31.00,4.75,2.00,0.32,238.00,0.97
2025-09-12,-0.02,-0.02,0.59,15.40,2.41,-12.00,-1.84,203.00,0.73
2025-09-15,0.03,0.02,0.57,18.00,2.75,0.00,0.00,186.00,0.87
2025-09-16,-0.01,-0.01,0.57,12.00,1.85,-2.00,-0.31,184.00,1.20
2025-09-17,-0.03,-0.03,0.54,26.00,4.13,4.00,0.62,180.00,1.13
2025-09-18,0.06,0.06,0.58,28.00,4.19,12.00,1.90,185.00,1.78
2025-09-19,0.01,0.01,0.58,22.00,3.27,4.00,0.60,194.00,1.52
2025-09-22,0.07,0.07,0.54,49.00,6.81,16.00,2.38,231.00,4.71
2025-09-23,-0.01,-0.01,0.51,88.00,12.29,4.00,0.56,275.00,3.85
2025-09-24,0.01,0.01,0.51,76.00,10.47,12.00,1.68,308.00,2.51
2025-09-25,-0.04,-0.04,0.52,46.00,6.61,-8.00,-1.10,318.00,1.09
2025-09-26,0.06,0.06,0.55,68.20,9.27,-6.00,-0.86,343.00,1.74
2025-09-29,-0.05,-0.05,0.55,50.00,7.12,0.00,0.00,350.00,0.99
2025-09-30,-0.05,-0.05,0.57,38.00,5.69,-5.00,-0.71,365.00,1.35
2025-10-01,-0.00,-0.00,0.55,32.00,4.80,8.00,1.20,384.00,1.37
2025-10-02,0.02,0.02,0.54,34.80,5.13,10.00,1.50,397.00,1.12
2025-10-03,-0.07,-0.07,0.61,60.00,9.52,-2.00,-0.29,480.00,3.76
2025-10-06,-0.02,-0.02,0.61,39.00,6.33,18.00,2.86,525.00,2.13
2025-10-07,-0.05,-0.05,0.64,74.00,12.67,20.00,3.25,697.00,5.25
2025-10-08,0.00,0.00,0.64,34.20,5.84,6.00,1.03,731.00,1.04
2025-10-09,0.00,0.00,0.62,32.00,5.44,4.00,0.68,750.00,0.83
2025-10-10,-0.09,-0.09,0.68,76.00,14.18,18.00,3.06,807.00,1.60
2025-10-13,0.03,0.03,0.68,26.00,4.73,26.00,4.85,831.00,0.77
2025-10-14,0.15,0.14,0.88,130.00,20.57,-14.00,-2.55,1002.00,3.63
2025-10-15,-0.03,-0.03,0.88,50.00,8.14,6.00,0.95,1055.00,1.20
2025-10-16,-0.06,-0.06,0.88,56.00,9.72,10.00,1.63,1080.00,0.76
2025-10-17,-0.03,-0.03,0.88,32.00,5.71,-2.00,-0.35,1099.00,0.62
2025-10-20,0.05,0.05,0.86,26.00,4.42,24.00,4.29,1060.00,0.30
2025-10-21,-0.05,-0.05,0.87,41.80,7.49,6.00,1.02,1032.00,0.49
2025-10-22,-0.06,-0.06,0.88,36.00,6.87,-2.00,-0.36,1021.00,0.54
2025-10-23,0.03,0.03,0.89,26.00,4.81,2.00,0.38,1029.00,0.50
2025-10-24,0.01,0.01,0.86,20.80,3.80,8.00,1.48,1008.00,0.18
2025-10-27,0.03,0.03,0.86,45.20,8.04,14.00,2.55,1051.00,1.14
2025-10-28,-0.04,-0.04,0.86,39.80,7.37,8.00,1.42,1062.00,0.66
2025-10-29,-0.07,-0.07,0.88,50.00,9.92,-4.00,-0.74,1086.00,0.94
2025-10-30,-0.06,-0.06,0.89,69.80,14.73,-14.00,-2.78,1100.00,0.65
2025-10-31,0.02,0.02,0.87,30.60,6.35,-4.00,-0.84,1023.00,0.26
2025-11-03,-0.05,-0.05,0.88,50.40,10.96,18.00,3.73,1008.00,0.80
2025-11-04,-0.11,-0.12,0.94,42.00,10.29,-16.00,-3.48,851.00,0.62
2025-11-05,0.03,0.03,0.95,15.60,3.70,2.00,0.49,830.00,0.42
2025-11-06,0.00,0.00,0.95,33.80,8.01,2.00,0.47,814.00,0.37
2025-11-07,0.03,0.03,0.92,24.60,5.67,8.00,1.90,774.00,0.63
2025-11-10,-0.01,-0.01,0.91,22.00,5.12,10.00,2.30,758.00,0.43
2025-11-11,0.03,0.03,0.71,30.00,6.79,2.00,0.47,585.00,0.29
2025-11-12,-0.04,-0.04,0.71,38.00,8.92,8.00,1.81,538.00,0.60
2025-11-13,-0.07,-0.07,0.72,48.00,12.12,4.00,0.94,535.00,1.42
2025-11-14,-0.07,-0.07,0.74,30.00,8.11,-4.00,-1.01,514.00,0.54
2025-11-17,-0.09,-0.09,0.73,38.00,11.24,-2.00,-0.54,529.00,1.13
2025-11-18,-0.01,-0.01,0.72,18.00,5.39,-2.00,-0.59,517.00,0.52
2025-11-19,-0.02,-0.02,0.71,30.00,9.20,14.00,4.19,504.00,0.58
2025-11-20,-0.04,-0.04,0.68,33.40,10.64,6.00,1.84,493.00,0.57
2025-11-21,0.04,0.04,0.71,40.00,12.27,6.00,1.91,515.00,1.21
2025-11-24,0.06,0.05,0.74,22.00,6.40,2.00,0.61,468.00,0.59
2025-11-25,0.05,0.05,0.78,30.00,8.33,0.00,0.00,448.00,0.67
2025-11-26,0.11,0.11,0.88,62.00,15.50,14.00,3.89,442.00,2.04
2025-11-28,-0.01,-0.02,0.86,50.00,12.69,11.00,2.75,461.00,2.37
2025-12-01,-0.11,-0.12,0.93,30.00,8.57,-14.00,-3.55,464.00,0.68
2025-12-02,-0.12,-0.13,1.00,34.40,11.17,-10.00,-2.86,461.00,1.65
2025-12-03,-0.01,-0.01,0.94,31.00,10.20,0.00,0.00,461.00,1.13
2025-12-04,0.07,0.06,0.96,46.00,14.20,12.00,3.95,525.00,3.08
2025-12-05,-0.01,-0.01,0.96,18.00,5.59,8.00,2.47,523.00,0.52
2025-12-08,0.00,0.00,0.95,22.00,6.83,10.00,3.11,523.00,0.93
2025-12-09,0.04,0.04,0.97,19.20,5.75,-4.00,-1.24,520.00,0.49
2025-12-10,-0.01,-0.01,0.96,14.00,4.24,-4.00,-1.20,525.00,0.54
2025-12-11,-0.05,-0.06,0.97,11.00,3.53,-10.00,-3.03,524.00,0.58
2025-12-12,-0.08,-0.08,0.97,34.00,11.79,10.00,3.21,515.00,1.12
2025-12-15,-0.14,-0.15,1.05,46.00,18.53,1.60,0.55,607.00,3.47
2025-12-16,-0.06,-0.06,1.03,28.00,11.97,9.80,3.95,607.00,1.01
2025-12-17,0.03,0.03,1.04,18.00,7.50,2.00,0.85,614.00,0.64
2025-12-18,-0.10,-0.11,1.09,42.00,19.44,14.00,5.83,643.00,1.37
2025-12-19,0.07,0.07,1.13,22.00,9.48,-2.00,-0.93,647.00,0.55
2025-12-22,0.03,0.03,1.13,12.00,5.00,6.00,2.59,638.00,0.71
2025-12-23,-0.28,-0.33,1.45,180.00,104.53,92.00,38.33,4880.00,17.44
2025-12-24,-0.14,-0.15,1.47,39.20,26.49,1.80,1.05,5267.00,1.53
2025-12-26,-0.01,-0.01,1.37,9.80,6.72,-1.40,-0.95,5375.00,0.57
2025-12-29,-0.04,-0.04,1.36,12.60,9.00,0.00,0.00,5486.00,0.60
2025-12-30,-0.06,-0.07,1.34,31.00,23.66,9.00,6.43,6727.00,3.74
2025-12-31,-0.11,-0.11,1.33,16.80,14.33,-9.60,-7.33,6916.00,0.66
2026-01-02,0.11,0.10,1.43,23.00,17.75,2.80,2.39,7020.00,0.37
2026-01-05,-0.02,-0.02,1.38,20.20,15.86,4.20,3.24,7082.00,0.40
2026-01-06,0.00,0.00,1.38,5.00,3.92,0.60,0.47,7130.00,0.17
2026-01-07,-0.12,-0.13,1.40,18.40,16.43,0.40,0.31,7233.00,0.35
2026-01-08,0.29,0.26,1.83,91.80,63.40,44.40,39.64,88189.00,18.36
2026-01-09,-0.24,-0.27,1.97,33.00,30.00,-5.00,-3.45,91922.00,0.82
2026-01-12,-0.15,-0.16,2.00,13.20,14.04,-6.00,-5.45,93995.00,0.44
2026-01-13,-0.15,-0.16,2.03,25.40,31.75,-4.00,-4.26,101476.00,1.48
2026-01-14,0.14,0.13,2.11,22.00,24.18,24.20,30.25,128165.00,4.18
2026-01-15,0.02,0.02,2.12,15.00,16.09,5.00,5.49,137236.00,1.33
2026-01-16,-0.16,-0.18,2.16,13.80,17.65,-12.00,-12.88,141579.00,0.62
2026-01-20,0.05,0.04,2.17,8.80,10.76,1.80,2.30,143995.00,0.34
2026-01-21,-0.15,-0.16,2.16,13.20,19.02,-9.80,-11.98,146809.00,0.39
2026-01-22,-0.18,-0.20,2.18,13.00,22.81,-3.80,-5.48,152447.00,0.74
2026-01-23,0.05,0.05,2.05,8.60,14.33,5.40,9.47,151697.00,0.46
2026-01-26,-0.03,-0.03,2.02,6.00,10.31,-0.40,-0.67,154294.00,0.39
2026-01-27,-0.17,-0.19,2.07,9.60,19.92,-3.80,-6.53,158014.00,0.49
2026-01-28,0.06,0.06,2.10,10.00,19.61,2.80,5.81,163835.00,0.73
2026-01-29,-0.33,-0.41,2.35,15.00,44.12,-6.40,-12.55,169244.00,0.79
2026-01-30,-0.13,-0.14,2.36,4.00,13.51,-1.20,-3.53,172352.00,0.39
2026-02-02,0.28,0.25,2.59,22.20,58.42,0.00,0.00,218738.00,4.25
2026-02-03,-0.13,-0.14,2.60,4.60,13.86,-2.20,-5.79,225282.00,0.59
2026-02-04,-0.07,-0.07,2.60,5.00,16.23,0.00,0.00,232579.00,0.63
2026-02-05,-0.05,-0.05,2.58,21.40,73.29,1.80,5.84,308058.00,4.91
2026-02-06,0.03,0.03,2.27,4.00,13.33,3.40,11.64,244480.00,1.42
2026-02-09,-0.05,-0.05,2.17,2.40,8.45,-0.60,-2.00,247507.00,0.55
2026-02-10,0.04,0.03,2.17,2.40,8.16,-0.40,-1.41,251892.00,0.51
2026-02-11,-0.05,-0.05,2.13,2.00,7.14,-0.40,-1.36,249493.00,0.41
2026-02-12,0.00,0.00,2.03,8.40,30.00,4.60,16.43,257762.00,2.72
2026-02-13,-0.03,-0.03,2.02,1.40,5.15,-1.60,-5.71,255314.00,0.52
2026-02-17,-0.26,-0.30,2.11,4.80,23.76,-4.60,-16.91,260667.00,0.75
2026-02-18,0.29,0.25,2.42,7.00,26.92,0.20,0.99,270287.00,0.89
2026-02-19,-0.15,-0.16,2.42,2.80,12.61,-3.20,-12.31,273406.00,0.44
2026-02-20,-0.02,-0.02,2.36,1.40,6.42,-0.20,-0.90,271309.00,0.26
2026-02-23,0.08,0.08,2.38,2.60,11.02,0.20,0.92,271939.00,0.30
2026-02-24,-0.04,-0.04,2.38,1.80,7.96,-1.40,-5.93,271171.00,0.16
2026-02-25,0.09,0.08,2.36,7.20,29.27,-0.80,-3.54,280222.00,0.92
2026-02-26,-0.07,-0.07,2.35,1.40,6.09,-1.00,-4.07,278028.00,0.27
2026-02-27,-0.03,-0.04,2.05,1.40,6.31,-0.40,-1.74,275418.00,0.29
2026-03-02,0.02,0.02,2.01,1.40,6.19,0.00,0.00,275004.00,0.21
2026-03-03,-0.10,-0.10,1.71,2.20,10.78,-2.00,-8.85,232221.00,0.32
2026-03-04,0.16,0.15,1.78,3.00,12.71,0.80,3.92,229503.00,0.35
2026-03-05,-0.03,-0.03,1.77,2.40,10.43,-0.80,-3.39,227922.00,0.51
2026-03-06,-0.08,-0.08,1.78,1.60,7.55,-1.60,-6.96,156031.00,0.48
2026-03-09,-0.06,-0.06,1.78,3.60,18.00,0.20,0.94,145159.00,0.90
2026-03-10,0.00,0.00,1.78,1.00,5.00,0.40,2.00,140877.00,0.35
2026-03-11,-0.03,-0.03,1.77,1.00,5.15,0.00,0.00,136731.00,0.34
2026-03-12,0.02,0.02,1.77,1.40,7.07,0.20,1.03,134176.00,0.38
2026-03-13,-0.02,-0.02,1.77,3.80,19.59,0.00,0.00,101119.00,0.40
2026-03-16,-0.02,-0.02,1.77,0.80,4.21,-0.20,-1.03,96612.00,0.44
2026-03-17,0.12,0.11,1.57,6.20,29.25,7.00,36.84,190631.00,10.88
2026-03-18,-0.08,-0.08,1.19,2.20,11.22,-0.80,-3.77,186527.00,0.86
2026-03-19,-0.05,-0.05,1.09,2.80,15.05,-1.20,-6.12,186420.00,0.63
2026-03-20,0.13,0.12,1.19,2.20,10.48,0.20,1.08,186972.00,0.44
2026-03-23,0.00,0.00,1.15,2.00,9.52,-0.20,-0.95,185976.00,0.34
2026-03-24,-0.05,-0.05,1.15,3.60,18.00,-0.40,-1.90,185954.00,0.24
2026-03-25,-0.06,-0.06,1.12,2.20,11.70,0.00,0.00,175492.00,0.28
2026-03-26,-0.05,-0.05,1.11,2.00,11.24,0.20,1.06,175267.00,0.41
2026-03-27,-0.11,-0.12,1.16,4.20,26.58,-0.20,-1.12,175172.00,0.45
2026-03-30,0.03,0.03,1.17,1.60,9.88,0.40,2.53,175300.00,0.35
2026-03-31,0.06,0.06,1.15,2.00,11.63,0.20,1.23,176799.00,0.59
2026-04-01,-0.03,-0.04,0.98,1.20,7.23,-0.40,-2.33,174943.00,0.24
2026-04-02,-0.02,-0.02,0.98,1.40,8.64,0.20,1.20,171208.00,0.24
2026-04-06,-0.48,-0.66,1.92,9.40,111.90,0.20,1.23,192843.00,2.63
2026-04-07,-0.07,-0.07,1.92,1.60,20.51,-0.40,-4.76,238245.00,4.36
2026-04-08,-0.27,-0.31,2.08,5.39,94.40,2.55,32.69,436003.00,9.19
2026-04-09,0.16,0.14,2.21,1.60,24.24,-0.41,-7.18,566341.00,4.68
2026-04-10,-0.08,-0.09,2.20,0.53,8.75,-0.30,-4.55,581404.00,0.61
2026-04-13,0.08,0.08,2.24,0.66,10.08,-0.03,-0.50,601554.00,0.74
2026-04-14,0.13,0.12,2.32,1.62,21.95,-0.31,-4.73,624657.00,0.81
2026-04-15,0.04,0.04,2.27,1.12,14.62,-0.20,-2.71,537422.00,0.61
2026-04-16,-0.00,-0.00,2.27,0.76,9.93,-0.36,-4.70,540311.00,0.40
2026-04-17,-0.05,-0.05,2.27,0.62,8.52,-0.11,-1.44,544992.00,0.39
2026-04-20,-0.05,-0.05,2.19,2.48,35.73,1.13,15.52,796353.00,6.42
2026-04-21,0.16,0.15,2.30,1.27,15.76,0.17,2.45,826488.00,0.81
2026-04-22,-0.05,-0.05,2.30,0.55,7.19,-0.23,-2.85,834302.00,0.24
2026-04-23,0.01,0.01,2.30,0.45,5.85,-0.22,-2.88,841652.00,0.23
2026-04-24,-0.07,-0.08,2.31,0.69,9.69,-0.19,-2.47,847898.00,0.23
2026-04-27,-0.06,-0.07,2.29,0.62,9.30,-0.10,-1.40,850144.00,0.15
2026-04-28,-0.06,-0.07,2.28,0.47,7.52,-0.15,-2.25,851944.00,0.11
2026-04-29,0.01,0.01,2.26,0.35,5.55,0.03,0.48,850626.00,0.09
2026-04-30,0.08,0.08,2.30,0.64,9.40,0.00,0.00,852209.00,0.09
2026-05-01,0.03,0.03,2.31,0.74,10.53,0.31,4.55,877801.00,0.63
2026-05-04,0.02,0.02,1.57,0.95,13.23,-0.27,-3.84,861962.00,0.22
2026-05-05,0.00,0.00,1.55,0.27,3.76,-0.07,-0.97,813315.00,0.08
2026-05-06,0.07,0.06,1.20,0.72,9.39,-0.12,-1.67,622465.00,0.30
2026-05-07,-0.02,-0.02,1.08,0.30,3.97,-0.06,-0.78,501345.00,0.46
2026-05-08,-0.06,-0.07,1.07,0.49,6.94,-0.06,-0.79,494320.00,0.43
2026-05-11,-0.05,-0.06,1.05,0.61,9.13,-0.03,-0.42,481595.00,0.39
2026-05-12,-0.06,-0.07,0.97,0.41,6.56,-0.12,-1.80,459795.00,0.15
2026-05-13,0.01,0.01,0.96,0.41,6.52,0.05,0.80,447990.00,0.21
2026-05-14,0.09,0.08,1.02,0.49,7.16,0.07,1.11,441505.00,0.20
2026-05-15,0.02,0.02,1.00,0.79,11.35,-0.14,-2.05,438835.00,0.36
2026-05-18,-0.06,-0.06,1.01,0.64,9.79,0.07,1.01,188170.00,0.51
2026-05-19,-0.03,-0.03,0.81,0.28,4.40,-0.01,-0.15,158490.00,0.45
2026-05-20,0.08,0.08,0.87,0.53,7.67,0.04,0.63,151940.00,0.46
2026-05-21,0.00,0.00,0.87,0.42,6.08,-0.04,-0.58,148535.00,0.86
2026-05-22,0.02,0.02,0.83,0.60,8.49,-0.03,-0.43,149200.00,1.40
2026-05-26,0.11,0.10,0.88,0.92,11.72,0.38,5.37,168455.00,3.02
2026-05-27,0.08,0.07,0.87,0.90,10.64,-0.11,-1.40,183160.00,2.14
2026-05-28,0.09,0.09,0.91,1.37,14.83,0.04,0.47,207970.00,2.76
2026-05-29,-0.10,-0.10,0.97,1.12,13.46,-0.85,-9.20,218135.00,1.27
2026-06-01,0.08,0.08,1.00,0.68,7.55,0.20,2.40,200550.00,1.00
2026-06-02,-0.05,-0.05,1.03,0.81,9.47,0.04,0.44,201935.00,1.08
2026-06-03,-0.05,-0.05,1.05,0.92,11.30,-0.05,-0.58,206515.00,0.76
2026-06-04,0.03,0.03,1.03,0.69,8.21,-0.02,-0.25,202125.00,0.50
2026-06-05,-0.10,-0.10,1.09,0.84,11.05,-0.19,-2.26,198370.00,0.79
2026-06-08,0.04,0.04,1.07,0.81,10.25,0.05,0.66,194955.00,0.74
2026-06-09,-0.01,-0.01,1.05,1.11,14.21,-0.49,-6.20,220450.00,3.17
2026-06-10,-0.05,-0.05,1.04,0.54,7.30,-0.16,-2.05,223445.00,0.58
2026-06-11,0.07,0.07,1.06,0.62,7.83,0.06,0.81,236870.00,1.53
2026-06-12,-0.15,-0.16,1.16,1.00,14.81,-0.36,-4.55,243700.00,0.92
2026-06-15,-0.05,-0.05,1.18,0.84,13.15,0.06,0.89,244180.00,0.68
2026-06-16,-0.03,-0.03,1.16,0.57,9.15,-0.09,-1.41,248105.00,0.70
2026-06-17,0.05,0.05,1.17,0.68,10.41,0.00,0.00,250965.00,0.51
2026-06-18,0.08,0.07,1.16,0.71,10.10,0.14,2.14,254225.00,0.53
2026-06-22,-0.00,-0.00,1.16,0.31,4.42,-0.06,-0.85,251760.00,0.31
2026-06-23,0.00,0.00,1.16,0.39,5.55,-0.24,-3.42,244220.00,0.24
