Date,Returns,Returns_Log,Volatilidade_20,Range_Diario,Range_Percentual,Gap,Gap_Percentual,Volume_Medio_20,Volume_Ratio
2024-06-12,,,,0.07,0.70,,,1910600.00,1.00
2024-06-13,0.00,0.00,,0.05,0.50,0.01,0.10,1007350.00,0.10
2024-06-14,-0.00,-0.00,,0.04,0.40,0.02,0.20,687467.00,0.07
2024-06-17,0.00,0.00,,0.02,0.20,0.01,0.10,544725.00,0.21
2024-06-18,0.00,0.00,,0.02,0.20,0.00,0.00,440640.00,0.06
2024-06-20,0.00,0.00,,0.02,0.20,0.01,0.10,370917.00,0.06
2024-06-21,-0.00,-0.00,,0.01,0.10,-0.01,-0.10,320100.00,0.05
2024-06-24,0.00,0.00,,0.04,0.40,-0.03,-0.30,281262.00,0.03
2024-06-25,-0.01,-0.01,,0.05,0.50,-0.02,-0.20,254144.00,0.15
2024-06-26,-0.00,-0.00,,0.02,0.20,0.01,0.10,236630.00,0.33
2024-06-27,0.01,0.01,,0.03,0.30,0.03,0.30,217427.00,0.12
2024-06-28,-0.00,-0.00,,0.03,0.30,-0.03,-0.30,199633.00,0.02
2024-07-01,0.00,0.00,,0.06,0.60,-0.01,-0.10,187038.00,0.19
2024-07-02,-0.00,-0.00,,0.01,0.10,-0.02,-0.20,173871.00,0.02
2024-07-03,0.00,0.00,,0.01,0.10,0.01,0.10,162953.00,0.06
2024-07-05,0.00,0.00,,0.00,0.00,0.02,0.20,152781.00,0.00
2024-07-08,-0.00,-0.00,,0.03,0.30,0.02,0.20,143841.00,0.01
2024-07-09,0.00,0.00,,0.00,0.00,0.03,0.30,135872.00,0.00
2024-07-10,0.00,0.00,,0.00,0.00,0.00,0.00,128832.00,0.02
2024-07-11,-0.00,-0.00,,0.00,0.00,-0.03,-0.30,122510.00,0.02
2024-07-12,0.00,0.00,0.04,0.00,0.00,0.00,0.00,27055.00,0.06
2024-07-15,0.00,0.00,0.04,0.01,0.10,0.03,0.30,22045.00,0.18
2024-07-16,-0.00,-0.00,0.04,0.00,0.00,-0.01,-0.10,19865.00,0.21
2024-07-17,-0.00,-0.00,0.04,0.02,0.20,0.00,0.00,14695.00,0.89
2024-07-18,0.00,0.00,0.04,0.02,0.20,0.02,0.20,13590.00,0.16
2024-07-19,0.00,0.00,0.04,0.00,0.00,0.00,0.00,12490.00,0.02
2024-07-22,0.00,0.00,0.04,0.01,0.10,0.02,0.20,11790.00,0.10
2024-07-23,0.00,0.00,0.04,0.00,0.00,0.00,0.00,11320.00,0.00
2024-07-24,0.00,0.00,0.03,0.00,0.00,0.00,0.00,9460.00,0.00
2024-07-25,0.00,0.00,0.03,0.03,0.30,-0.01,-0.10,5660.00,0.53
2024-07-26,0.00,0.00,0.03,0.00,0.00,0.00,0.00,4390.00,0.00
2024-07-29,0.00,0.00,0.03,0.00,0.00,0.00,0.00,4195.00,0.00
2024-07-30,0.00,0.00,0.03,0.00,0.00,0.00,0.00,2400.00,0.00
2024-07-31,-0.00,-0.00,0.02,0.00,0.00,-0.01,-0.10,2345.00,0.68
2024-08-01,0.00,0.00,0.02,0.00,0.00,0.00,0.00,1840.00,0.00
2024-08-02,-0.00,-0.00,0.02,0.00,0.00,-0.01,-0.10,1880.00,0.53
2024-08-05,0.00,0.00,0.02,0.00,0.00,0.00,0.00,1850.00,0.11
2024-08-06,-0.00,-0.00,0.02,0.01,0.10,0.00,0.00,2895.00,7.36
2024-08-07,0.00,0.00,0.02,0.00,0.00,0.00,0.00,2790.00,0.00
2024-08-08,0.00,0.00,0.02,0.00,0.00,0.00,0.00,2745.00,0.55
2024-08-09,0.00,0.00,0.02,0.00,0.00,0.03,0.30,4610.00,8.42
2024-08-12,0.00,0.00,0.02,0.00,0.00,0.00,0.00,4415.00,0.00
2024-08-13,0.00,0.00,0.02,0.00,0.00,0.00,0.00,4210.00,0.00
2024-08-14,0.00,0.00,0.01,0.00,0.00,0.00,0.00,3555.00,0.00
2024-08-15,-0.00,-0.00,0.02,0.01,0.10,-0.01,-0.10,3520.00,0.43
2024-08-16,-0.00,-0.00,0.02,0.01,0.10,-0.01,-0.10,5195.00,6.51
2024-08-19,0.00,0.00,0.02,0.00,0.00,0.00,0.00,5135.00,0.00
2024-08-20,0.00,0.00,0.02,0.00,0.00,0.00,0.00,5135.00,0.00
2024-08-21,0.00,0.00,0.02,0.00,0.00,0.00,0.00,5135.00,0.00
2024-08-22,0.00,0.00,0.01,0.01,0.10,0.00,0.00,13030.00,12.35
2024-08-23,0.00,0.00,0.01,0.00,0.00,0.00,0.00,14030.00,1.43
2024-08-26,0.00,0.00,0.01,0.01,0.10,-0.01,-0.10,14545.00,0.71
2024-08-27,-0.00,-0.00,0.01,0.00,0.00,-0.01,-0.10,16455.00,2.32
2024-08-28,-0.00,-0.00,0.01,0.01,0.10,0.00,0.00,18110.00,1.92
2024-08-29,0.00,0.00,0.01,0.00,0.00,0.01,0.10,34645.00,9.55
2024-08-30,-0.00,-0.00,0.01,0.01,0.10,0.00,0.00,35000.00,0.23
2024-09-03,0.00,0.00,0.01,0.01,0.10,0.01,0.10,35880.00,0.50
2024-09-04,0.00,0.00,0.01,0.00,0.00,0.01,0.10,34870.00,0.03
2024-09-05,-0.00,-0.00,0.01,0.01,0.10,0.00,0.00,34905.00,0.02
2024-09-06,0.00,0.00,0.01,0.00,0.00,0.00,0.00,34830.00,0.00
2024-09-09,0.00,0.00,0.01,0.01,0.10,0.02,0.20,32975.00,0.05
2024-09-10,0.00,0.00,0.01,0.00,0.00,0.00,0.00,32975.00,0.00
2024-09-11,-0.00,-0.00,0.01,0.01,0.10,0.00,0.00,42075.00,4.33
2024-09-12,0.00,0.00,0.01,0.01,0.10,0.01,0.10,42095.00,0.01
2024-09-13,0.00,0.00,0.01,0.01,0.10,0.01,0.10,42525.00,0.24
2024-09-16,0.00,0.00,0.01,0.00,0.00,0.00,0.00,41580.00,0.36
2024-09-17,0.00,0.00,0.01,0.00,0.00,0.00,0.00,41640.00,0.03
2024-09-18,-0.00,-0.00,0.01,0.00,0.00,-0.01,-0.10,42395.00,0.36
2024-09-19,0.00,0.00,0.01,0.02,0.20,0.01,0.10,43545.00,0.53
2024-09-20,-0.00,-0.00,0.01,0.01,0.10,-0.01,-0.10,36240.00,0.41
2024-09-23,-0.00,-0.00,0.01,0.00,0.00,-0.01,-0.10,35395.00,0.09
2024-09-24,0.00,0.00,0.01,0.00,0.00,0.00,0.00,36225.00,0.74
2024-09-25,0.00,0.00,0.01,0.00,0.00,0.00,0.00,34335.00,0.01
2024-09-26,0.00,0.00,0.01,0.00,0.00,0.00,0.00,33825.00,0.72
2024-09-27,0.00,0.00,0.01,0.00,0.00,0.00,0.00,17930.00,0.71
2024-09-30,0.00,0.00,0.01,0.00,0.00,0.00,0.00,17525.00,0.00
2024-10-01,0.00,0.00,0.01,0.01,0.10,0.01,0.10,18390.00,1.91
2024-10-02,0.00,0.00,0.01,0.00,0.00,0.00,0.00,18595.00,0.28
2024-10-03,0.00,0.00,0.01,0.00,0.00,0.00,0.00,18570.00,0.01
2024-10-04,0.00,0.00,0.01,0.00,0.00,0.00,0.00,18570.00,0.00
2024-10-07,0.00,0.00,0.01,0.01,0.10,0.01,0.10,18595.00,0.12
2024-10-08,0.00,0.00,0.01,0.00,0.00,0.01,0.10,18650.00,0.06
2024-10-09,0.00,0.00,0.01,0.00,0.00,0.02,0.20,9560.00,0.02
2024-10-10,0.00,0.00,0.01,0.00,0.00,0.00,0.00,9550.00,0.02
2024-10-11,0.00,0.00,0.01,0.00,0.00,0.00,0.00,9045.00,0.00
2024-10-14,-0.00,-0.00,0.01,0.00,0.00,-0.02,-0.20,8800.00,1.14
2024-10-15,0.00,0.00,0.01,0.00,0.00,0.00,0.00,8740.00,0.00
2024-10-16,0.00,0.00,0.01,0.00,0.00,0.00,0.00,12980.00,7.70
2024-10-17,0.00,0.00,0.01,0.00,0.00,0.00,0.00,11830.00,0.00
2024-10-18,0.00,0.00,0.02,0.00,0.00,0.02,0.20,11115.00,0.04
2024-10-21,0.00,0.00,0.01,0.00,0.00,0.00,0.00,10960.00,0.00
2024-10-22,0.00,0.00,0.01,0.00,0.00,0.00,0.00,9615.00,0.00
2024-10-23,0.00,0.00,0.01,0.00,0.00,0.00,0.00,9595.00,0.00
2024-10-24,0.00,0.00,0.01,0.00,0.00,0.00,0.00,8370.00,0.00
2024-10-25,0.00,0.00,0.01,0.00,0.00,0.00,0.00,7730.00,0.00
2024-10-28,0.00,0.00,0.01,0.00,0.00,0.00,0.00,7730.00,0.00
2024-10-29,0.00,0.00,0.01,0.00,0.00,0.00,0.00,5975.00,0.00
2024-10-30,0.00,0.00,0.01,0.00,0.00,0.00,0.00,6715.00,2.98
2024-10-31,0.00,0.00,0.01,0.00,0.00,0.00,0.00,6705.00,0.00
2024-11-01,0.00,0.00,0.01,0.00,0.00,0.00,0.00,6705.00,0.00
2024-11-04,0.00,0.00,0.01,0.00,0.00,0.00,0.00,6595.00,0.00
2024-11-05,0.00,0.00,0.01,0.00,0.00,0.00,0.00,6540.00,0.00
2024-11-06,0.00,0.00,0.01,0.02,0.20,0.03,0.30,7595.00,2.80
2024-11-07,0.00,0.00,0.01,0.00,0.00,0.00,0.00,12590.00,7.95
2024-11-08,0.00,0.00,0.01,0.00,0.00,0.00,0.00,12590.00,0.00
2024-11-11,0.00,0.00,0.01,0.00,0.00,0.00,0.00,12090.00,0.00
2024-11-12,0.00,0.00,0.01,0.00,0.00,0.00,0.00,12090.00,0.00
2024-11-13,0.00,0.00,0.01,0.00,0.00,0.00,0.00,7095.00,0.00
2024-11-14,0.00,0.00,0.01,0.00,0.00,0.00,0.00,7095.00,0.00
2024-11-15,0.00,0.00,0.01,0.02,0.20,0.04,0.40,7430.00,0.97
2024-11-18,0.00,0.00,0.02,0.00,0.00,0.03,0.30,7455.00,0.07
2024-11-19,0.00,0.00,0.02,0.00,0.00,0.00,0.00,7455.00,0.00
2024-11-20,-0.00,-0.00,0.02,0.02,0.20,0.00,0.00,7580.00,0.33
2024-11-21,-0.00,-0.00,0.02,0.00,0.00,-0.03,-0.30,7590.00,0.03
2024-11-22,0.00,0.00,0.02,0.00,0.00,0.00,0.00,7590.00,0.00
2024-11-25,0.00,0.00,0.02,0.00,0.00,0.01,0.10,10090.00,4.96
2024-11-26,0.00,0.00,0.02,0.00,0.00,0.00,0.00,10090.00,0.00
2024-11-27,0.00,0.00,0.02,0.00,0.00,0.00,0.00,9090.00,0.00
2024-11-29,0.00,0.00,0.02,0.04,0.40,0.04,0.40,24695.00,12.64
2024-12-02,0.00,0.00,0.02,0.00,0.00,0.00,0.00,25660.00,0.75
2024-12-03,0.00,0.00,0.02,0.00,0.00,0.01,0.10,25930.00,0.21
2024-12-04,0.00,0.00,0.02,0.04,0.39,0.00,0.00,26945.00,0.75
2024-12-05,0.00,0.00,0.02,0.00,0.00,0.00,0.00,25880.00,0.00
2024-12-06,0.00,0.00,0.02,0.00,0.00,0.00,0.00,20875.00,0.00
2024-12-09,0.00,0.00,0.02,0.02,0.20,0.01,0.10,23440.00,2.19
2024-12-10,0.00,0.00,0.02,0.00,0.00,0.00,0.00,23445.00,0.00
2024-12-11,0.00,0.00,0.02,0.00,0.00,0.00,0.00,23445.00,0.00
2024-12-12,0.01,0.01,0.03,0.04,0.39,0.05,0.49,25340.00,1.50
2024-12-13,0.00,0.00,0.03,0.00,0.00,0.00,0.00,25340.00,0.00
2024-12-16,0.00,0.00,0.03,0.00,0.00,0.00,0.00,24980.00,0.00
2024-12-17,0.00,0.00,0.03,0.00,0.00,0.00,0.00,24955.00,0.00
2024-12-18,0.00,0.00,0.03,0.00,0.00,0.00,0.00,24955.00,0.00
2024-12-19,0.00,0.00,0.02,0.00,0.00,0.00,0.00,24830.00,0.00
2024-12-20,-0.00,-0.00,0.02,0.00,0.00,-0.02,-0.20,24830.00,0.01
2024-12-23,-0.00,-0.00,0.03,0.00,0.00,-0.04,-0.39,29285.00,3.04
2024-12-24,0.00,0.00,0.03,0.00,0.00,0.00,0.00,26785.00,0.00
2024-12-26,0.00,0.00,0.03,0.00,0.00,0.00,0.00,26785.00,0.00
2024-12-27,0.00,0.00,0.03,0.00,0.00,0.00,0.00,28030.00,0.89
2024-12-30,0.00,0.00,0.03,0.00,0.00,0.00,0.00,12425.00,0.00
2024-12-31,0.00,0.00,0.03,0.04,0.39,0.01,0.10,11730.00,0.46
2025-01-02,0.00,0.00,0.03,0.00,0.00,0.00,0.00,13960.00,3.58
2025-01-03,0.00,0.00,0.03,0.00,0.00,0.00,0.00,12945.00,0.00
2025-01-06,0.00,0.00,0.03,0.00,0.00,0.00,0.00,13510.00,0.84
2025-01-07,-0.00,-0.00,0.03,0.04,0.39,0.02,0.20,16710.00,3.83
2025-01-08,0.00,0.00,0.03,0.05,0.49,0.03,0.29,14215.00,0.10
2025-01-10,0.00,0.00,0.03,0.01,0.10,0.00,0.00,14975.00,1.02
2025-01-13,0.00,0.00,0.03,0.01,0.10,0.00,0.00,15165.00,0.25
2025-01-14,0.00,0.00,0.03,0.00,0.00,0.00,0.00,13270.00,0.00
2025-01-15,0.00,0.00,0.03,0.00,0.00,0.00,0.00,13270.00,0.00
2025-01-16,0.00,0.00,0.03,0.00,0.00,0.00,0.00,13270.00,0.00
2025-01-17,0.00,0.00,0.03,0.00,0.00,0.00,0.00,13270.00,0.00
2025-01-21,0.00,0.00,0.03,0.00,0.00,0.00,0.00,13270.00,0.00
2025-01-22,-0.00,-0.00,0.03,0.00,0.00,-0.02,-0.20,13280.00,0.02
2025-01-23,0.00,0.00,0.03,0.00,0.00,0.00,0.00,13270.00,0.00
2025-01-24,0.01,0.01,0.03,0.01,0.10,0.06,0.59,8995.00,0.40
2025-01-27,-0.01,-0.01,0.04,0.08,0.79,0.01,0.10,9045.00,0.11
2025-01-28,0.00,0.00,0.04,0.00,0.00,0.00,0.00,9095.00,0.11
2025-01-29,0.00,0.00,0.04,0.00,0.00,0.00,0.00,7850.00,0.00
2025-01-30,0.00,0.00,0.04,0.00,0.00,0.00,0.00,7850.00,0.00
2025-01-31,0.00,0.00,0.04,0.00,0.00,0.00,0.00,7730.00,0.39
2025-02-03,0.00,0.00,0.04,0.04,0.39,0.02,0.20,5280.00,0.19
2025-02-04,0.00,0.00,0.04,0.00,0.00,0.00,0.00,5280.00,0.00
2025-02-05,0.00,0.00,0.04,0.00,0.00,0.00,0.00,4715.00,0.00
2025-02-06,0.00,0.00,0.04,0.00,0.00,0.00,0.00,1515.00,0.00
2025-02-07,0.00,0.00,0.04,0.00,0.00,0.00,0.00,1445.00,0.00
2025-02-10,0.01,0.01,0.05,0.05,0.49,0.05,0.49,1010.00,6.53
2025-02-11,0.00,0.00,0.05,0.00,0.00,0.00,0.00,820.00,0.00
2025-02-12,0.00,0.00,0.05,0.00,0.00,0.02,0.19,910.00,1.98
2025-02-13,0.00,0.00,0.05,0.00,0.00,0.00,0.00,910.00,0.00
2025-02-14,0.00,0.00,0.05,0.00,0.00,0.00,0.00,910.00,0.00
2025-02-18,0.00,0.00,0.05,0.00,0.00,0.00,0.00,910.00,0.00
2025-02-19,0.00,0.00,0.05,0.00,0.00,0.00,0.00,910.00,0.00
2025-02-20,0.00,0.00,0.05,0.00,0.00,0.00,0.00,900.00,0.00
2025-02-21,0.00,0.00,0.05,0.00,0.00,0.00,0.00,900.00,0.00
2025-02-24,0.00,0.00,0.04,0.00,0.00,0.00,0.00,720.00,0.00
2025-02-25,-0.00,-0.00,0.03,0.00,0.00,-0.02,-0.19,925.00,5.51
2025-02-26,0.00,0.00,0.03,0.00,0.00,0.00,0.00,2370.00,12.62
2025-02-27,0.00,0.00,0.03,0.00,0.00,0.00,0.00,2370.00,0.00
2025-02-28,0.00,0.00,0.03,0.00,0.00,0.00,0.00,2370.00,0.00
2025-03-03,0.00,0.00,0.03,0.02,0.19,0.01,0.10,8400.00,14.71
2025-03-04,-0.00,-0.00,0.03,0.00,0.00,-0.01,-0.10,8600.00,0.58
2025-03-05,0.00,0.00,0.03,0.00,0.00,0.00,0.00,8600.00,0.00
2025-03-06,0.00,0.00,0.03,0.00,0.00,0.00,0.00,8600.00,0.00
2025-03-07,0.00,0.00,0.03,0.00,0.00,0.00,0.00,8615.00,0.03
2025-03-10,0.00,0.00,0.03,0.00,0.00,0.02,0.19,9125.00,1.12
2025-03-11,0.00,0.00,0.02,0.00,0.00,0.00,0.00,8810.00,0.03
2025-03-12,0.00,0.00,0.02,0.00,0.00,0.00,0.00,8810.00,0.00
2025-03-13,0.00,0.00,0.01,0.00,0.00,0.00,0.00,8720.00,0.00
2025-03-14,-0.00,-0.00,0.02,0.00,0.00,-0.02,-0.19,8860.00,0.32
2025-03-17,0.00,0.00,0.02,0.00,0.00,0.00,0.00,8970.00,0.25
2025-03-18,-0.00,-0.00,0.02,0.02,0.19,0.00,0.00,11615.00,4.55
2025-03-19,0.00,0.00,0.02,0.00,0.00,0.00,0.00,11615.00,0.00
2025-03-20,0.00,0.00,0.02,0.00,0.00,0.00,0.00,11615.00,0.00
2025-03-21,0.00,0.00,0.02,0.00,0.00,0.00,0.00,11615.00,0.00
2025-03-24,0.00,0.00,0.02,0.00,0.00,0.00,0.00,11615.00,0.00
2025-03-25,0.00,0.00,0.02,0.00,0.00,0.00,0.00,11360.00,0.00
2025-03-26,0.00,0.00,0.02,0.00,0.00,0.00,0.00,9865.00,0.00
2025-03-27,0.00,0.00,0.02,0.00,0.00,0.00,0.00,9865.00,0.00
2025-03-28,0.00,0.00,0.02,0.01,0.10,0.03,0.29,9880.00,0.03
2025-03-31,0.00,0.00,0.01,0.00,0.00,0.00,0.00,3700.00,0.00
2025-04-01,0.00,0.00,0.01,0.00,0.00,0.00,0.00,3450.00,0.00
2025-04-02,0.00,0.00,0.01,0.00,0.00,0.00,0.00,3450.00,0.00
2025-04-03,0.00,0.00,0.01,0.00,0.00,0.00,0.00,3450.00,0.00
2025-04-04,-0.01,-0.01,0.03,0.07,0.68,0.00,0.00,4210.00,3.68
2025-04-07,0.00,0.00,0.03,0.00,0.00,0.00,0.00,3700.00,0.00
2025-04-08,0.00,0.00,0.03,0.00,0.00,0.00,0.00,3685.00,0.00
2025-04-09,0.00,0.00,0.03,0.00,0.00,0.00,0.00,3685.00,0.00
2025-04-10,0.00,0.00,0.03,0.00,0.00,0.00,0.00,3685.00,0.00
2025-04-11,0.00,0.00,0.03,0.00,0.00,0.00,0.00,3545.00,0.00
2025-04-14,0.01,0.01,0.06,0.00,0.00,0.15,1.47,3440.00,0.03
2025-04-15,0.00,0.00,0.06,0.00,0.00,0.00,0.00,795.00,0.00
2025-04-16,0.00,0.00,0.06,0.00,0.00,0.00,0.00,795.00,0.00
2025-04-17,0.00,0.00,0.06,0.00,0.00,0.00,0.00,795.00,0.00
2025-04-21,0.00,0.00,0.06,0.00,0.00,0.00,0.00,795.00,0.00
2025-04-22,-0.00,-0.00,0.06,0.00,0.00,-0.01,-0.10,1570.00,9.87
2025-04-23,-0.01,-0.01,0.06,0.02,0.19,-0.09,-0.87,1715.00,1.69
2025-04-24,0.01,0.01,0.07,0.00,0.00,0.09,0.87,1970.00,2.59
2025-04-25,0.00,0.00,0.07,0.00,0.00,0.01,0.10,1980.00,0.10
2025-04-28,-0.00,-0.00,0.07,0.05,0.48,0.02,0.19,2085.00,1.15
2025-04-29,0.00,0.00,0.07,0.00,0.00,0.00,0.00,2085.00,0.00
2025-04-30,0.00,0.00,0.07,0.00,0.00,0.03,0.29,2090.00,0.05
2025-05-01,0.01,0.01,0.08,0.09,0.86,0.00,0.00,2265.00,1.55
2025-05-02,0.00,0.00,0.08,0.00,0.00,0.00,0.00,2265.00,0.00
2025-05-05,-0.01,-0.01,0.09,0.00,0.00,-0.15,-1.43,1495.00,0.07
2025-05-06,0.00,0.00,0.09,0.00,0.00,0.00,0.00,1495.00,0.00
2025-05-07,0.00,0.00,0.09,0.00,0.00,0.00,0.00,1495.00,0.00
2025-05-08,-0.00,-0.00,0.09,0.02,0.19,-0.01,-0.10,1550.00,0.71
2025-05-09,0.00,0.00,0.09,0.00,0.00,0.00,0.00,1550.00,0.00
2025-05-12,0.00,0.00,0.09,0.00,0.00,0.00,0.00,1550.00,0.00
2025-05-13,0.00,0.00,0.07,0.00,0.00,0.00,0.00,1545.00,0.00
2025-05-14,0.00,0.00,0.08,0.00,0.00,0.05,0.48,1740.00,2.24
2025-05-15,0.00,0.00,0.08,0.00,0.00,0.00,0.00,1740.00,0.00
2025-05-16,0.00,0.00,0.08,0.09,0.87,0.10,0.96,1840.00,1.09
2025-05-19,0.00,0.00,0.08,0.00,0.00,0.00,0.00,1840.00,0.00
2025-05-20,0.02,0.02,0.09,0.04,0.38,0.14,1.35,1250.00,2.96
2025-05-21,0.00,0.00,0.09,0.00,0.00,0.00,0.00,1105.00,0.00
2025-05-22,0.00,0.00,0.09,0.00,0.00,0.00,0.00,850.00,0.00
2025-05-23,0.00,0.00,0.09,0.00,0.00,0.00,0.00,840.00,0.00
2025-05-27,0.00,0.00,0.08,0.00,0.00,0.00,0.00,720.00,0.00
2025-05-28,0.00,0.00,0.08,0.00,0.00,0.00,0.00,720.00,0.00
2025-05-29,0.00,0.00,0.08,0.00,0.00,0.00,0.00,715.00,0.00
2025-05-30,0.00,0.00,0.08,0.00,0.00,0.00,0.00,540.00,0.00
2025-06-02,0.00,0.00,0.08,0.02,0.19,0.00,0.00,2220.00,15.14
2025-06-03,0.01,0.01,0.07,0.12,1.12,0.01,0.09,3755.00,8.20
2025-06-04,-0.01,-0.01,0.08,0.00,0.00,-0.08,-0.75,3775.00,0.11
2025-06-05,0.00,0.00,0.08,0.00,0.00,0.00,0.00,3775.00,0.00
2025-06-06,0.00,0.00,0.08,0.00,0.00,0.00,0.00,3720.00,0.00
2025-06-09,0.00,0.00,0.08,0.00,0.00,0.00,0.00,3720.00,0.00
2025-06-10,0.00,0.00,0.08,0.00,0.00,0.00,0.00,3720.00,0.00
2025-06-11,-0.00,-0.00,0.08,0.00,0.00,-0.02,-0.19,3785.00,0.34
2025-06-12,0.00,0.00,0.08,0.00,0.00,0.00,0.00,3590.00,0.00
2025-06-13,-0.00,-0.00,0.08,0.10,0.95,0.06,0.57,3750.00,0.85
2025-06-16,0.00,0.00,0.08,0.05,0.47,0.00,0.00,5495.00,6.72
2025-06-17,0.01,0.01,0.09,0.18,1.68,0.00,0.00,6140.00,2.10
2025-06-18,-0.00,-0.00,0.07,0.04,0.37,0.00,0.00,6255.00,0.96
2025-06-20,0.00,0.00,0.07,0.02,0.19,0.02,0.19,6655.00,1.20
2025-06-23,-0.01,-0.01,0.08,0.01,0.09,-0.10,-0.93,6675.00,0.06
2025-06-24,0.00,0.00,0.08,0.06,0.57,0.00,0.00,7210.00,1.48
2025-06-25,0.01,0.01,0.08,0.06,0.56,0.09,0.85,8140.00,2.29
2025-06-26,-0.01,-0.01,0.09,0.02,0.19,-0.11,-1.03,8850.00,1.60
2025-06-27,0.00,0.00,0.09,0.00,0.00,0.00,0.00,8850.00,0.00
2025-06-30,0.00,0.00,0.09,0.10,0.94,0.14,1.32,8965.00,0.26
2025-07-01,0.01,0.01,0.09,0.10,0.94,0.00,0.00,7560.00,0.73
2025-07-02,0.00,0.00,0.08,0.15,1.40,-0.08,-0.75,6845.00,2.41
2025-07-03,-0.00,-0.00,0.08,0.00,0.00,-0.01,-0.09,6830.00,0.01
2025-07-07,-0.01,-0.01,0.09,0.00,0.00,-0.15,-1.40,6880.00,0.15
2025-07-08,0.00,0.00,0.09,0.00,0.00,0.00,0.00,6880.00,0.00
2025-07-09,0.00,0.00,0.09,0.00,0.00,0.00,0.00,6880.00,0.00
2025-07-10,0.00,0.00,0.09,0.00,0.00,0.00,0.00,6880.00,0.00
2025-07-11,0.00,0.00,0.09,0.00,0.00,0.00,0.00,6815.00,0.00
2025-07-14,0.00,0.00,0.09,0.00,0.00,0.00,0.00,6815.00,0.00
2025-07-15,0.01,0.01,0.11,0.00,0.00,0.15,1.42,6660.00,0.02
2025-07-16,0.00,0.00,0.10,0.00,0.00,0.00,0.00,4815.00,0.00
2025-07-17,0.00,0.00,0.10,0.00,0.00,0.00,0.00,4170.00,0.00
2025-07-18,0.00,0.00,0.10,0.00,0.00,0.00,0.00,3870.00,0.00
2025-07-21,-0.01,-0.01,0.10,0.07,0.66,-0.07,-0.65,4165.00,3.34
2025-07-22,0.00,0.00,0.10,0.00,0.00,0.00,0.00,4145.00,0.00
2025-07-23,0.00,0.00,0.10,0.00,0.00,0.00,0.00,3610.00,0.00
2025-07-24,0.00,0.00,0.09,0.00,0.00,0.00,0.00,2680.00,0.00
2025-07-25,0.00,0.00,0.08,0.00,0.00,0.00,0.00,1970.00,0.00
2025-07-28,-0.00,-0.00,0.08,0.00,0.00,-0.01,-0.09,1980.00,0.10
2025-07-29,-0.00,-0.00,0.08,0.00,0.00,-0.02,-0.19,1885.00,0.21
2025-07-30,0.00,0.00,0.08,0.00,0.00,0.00,0.00,1610.00,0.00
2025-07-31,0.00,0.00,0.08,0.00,0.00,0.00,0.00,790.00,0.13
2025-08-01,0.00,0.00,0.08,0.00,0.00,0.00,0.00,785.00,0.00
2025-08-04,0.00,0.00,0.06,0.00,0.00,0.00,0.00,735.00,0.00
2025-08-05,0.00,0.00,0.06,0.04,0.38,0.02,0.19,935.00,4.28
2025-08-06,0.00,0.00,0.06,0.01,0.09,0.00,0.00,1030.00,1.84
2025-08-07,0.00,0.00,0.06,0.00,0.00,0.00,0.00,1030.00,0.00
2025-08-08,0.00,0.00,0.06,0.00,0.00,0.00,0.00,1030.00,0.00
2025-08-11,0.00,0.00,0.06,0.00,0.00,0.00,0.00,1030.00,0.00
2025-08-12,0.00,0.00,0.03,0.00,0.00,0.00,0.00,1025.00,0.00
2025-08-13,0.00,0.00,0.03,0.00,0.00,0.00,0.00,1030.00,0.10
2025-08-14,0.00,0.00,0.03,0.00,0.00,0.00,0.00,1030.00,0.00
2025-08-15,0.00,0.00,0.03,0.00,0.00,0.00,0.00,1030.00,0.00
2025-08-18,0.00,0.00,0.01,0.00,0.00,0.00,0.00,335.00,0.00
2025-08-19,0.00,0.00,0.01,0.00,0.00,0.00,0.00,335.00,0.00
2025-08-20,0.00,0.00,0.01,0.00,0.00,0.00,0.00,335.00,0.00
2025-08-21,0.00,0.00,0.01,0.00,0.00,0.00,0.00,335.00,0.00
2025-08-22,0.00,0.00,0.01,0.00,0.00,0.00,0.00,340.00,0.29
2025-08-25,-0.00,-0.00,0.01,0.01,0.09,-0.01,-0.09,600.00,9.00
2025-08-26,0.00,0.00,0.00,0.00,0.00,0.00,0.00,580.00,0.00
2025-08-27,-0.00,-0.00,0.01,0.02,0.19,-0.01,-0.09,1150.00,9.91
2025-08-28,0.00,0.00,0.01,0.00,0.00,0.00,0.00,1145.00,0.00
2025-08-29,0.00,0.00,0.02,0.00,0.00,0.04,0.38,1200.00,0.92
2025-09-02,0.00,0.00,0.02,0.00,0.00,0.00,0.00,1200.00,0.00
2025-09-03,0.00,0.00,0.02,0.00,0.00,0.02,0.19,1520.00,6.84
2025-09-04,-0.00,-0.00,0.02,0.00,0.00,-0.05,-0.47,1470.00,0.61
2025-09-05,0.00,0.00,0.02,0.00,0.00,0.00,0.00,1470.00,0.00
2025-09-08,0.00,0.00,0.02,0.00,0.00,0.00,0.00,1470.00,0.00
2025-09-09,0.00,0.00,0.02,0.00,0.00,0.00,0.00,1470.00,0.00
2025-09-10,0.00,0.00,0.02,0.00,0.00,0.00,0.00,1470.00,0.00
2025-09-11,0.00,0.00,0.02,0.00,0.00,0.00,0.00,1465.00,0.00
2025-09-12,0.00,0.00,0.02,0.00,0.00,0.00,0.00,1465.00,0.00
2025-09-15,0.00,0.00,0.02,0.00,0.00,0.00,0.00,1465.00,0.00
2025-09-16,0.00,0.00,0.02,0.00,0.00,0.00,0.00,1465.00,0.00
2025-09-17,0.00,0.00,0.02,0.00,0.00,0.00,0.00,1465.00,0.00
2025-09-18,0.00,0.00,0.02,0.00,0.00,0.00,0.00,1465.00,0.00
2025-09-19,0.00,0.00,0.03,0.00,0.00,0.05,0.47,1725.00,3.01
2025-09-22,0.00,0.00,0.03,0.00,0.00,0.00,0.00,1925.00,2.13
2025-09-23,0.00,0.00,0.03,0.00,0.00,0.00,0.00,1655.00,0.00
2025-09-24,0.00,0.00,0.03,0.00,0.00,0.00,0.00,1910.00,2.67
2025-09-25,0.00,0.00,0.03,0.01,0.09,0.00,0.00,1600.00,3.25
2025-09-26,0.00,0.00,0.03,0.00,0.00,0.00,0.00,1600.00,0.00
2025-09-29,0.00,0.00,0.03,0.00,0.00,0.00,0.00,1545.00,0.00
2025-09-30,0.00,0.00,0.03,0.00,0.00,0.00,0.00,1545.00,0.00
2025-10-01,0.00,0.00,0.02,0.00,0.00,0.00,0.00,1505.00,6.38
2025-10-02,0.00,0.00,0.02,0.00,0.00,0.00,0.00,1460.00,0.00
2025-10-03,0.00,0.00,0.02,0.00,0.00,0.00,0.00,1460.00,0.00
2025-10-06,0.00,0.00,0.02,0.00,0.00,0.00,0.00,1460.00,0.00
2025-10-07,0.00,0.00,0.02,0.00,0.00,0.00,0.00,1460.00,0.00
2025-10-08,0.00,0.00,0.02,0.00,0.00,0.00,0.00,1460.00,0.00
2025-10-09,0.00,0.00,0.02,0.00,0.00,0.00,0.00,1460.00,0.00
2025-10-10,0.00,0.00,0.02,0.00,0.00,0.03,0.28,1560.00,1.28
2025-10-13,0.00,0.00,0.02,0.00,0.00,0.01,0.09,3060.00,9.80
2025-10-14,0.00,0.00,0.02,0.00,0.00,0.00,0.00,3060.00,0.00
2025-10-15,0.00,0.00,0.02,0.00,0.00,0.00,0.00,3060.00,0.00
2025-10-16,0.00,0.00,0.02,0.00,0.00,0.00,0.00,3060.00,0.00
2025-10-17,0.01,0.01,0.02,0.02,0.19,0.04,0.38,5025.00,8.86
2025-10-20,-0.00,-0.00,0.02,0.00,0.00,-0.02,-0.19,4865.00,0.18
2025-10-21,0.00,0.00,0.02,0.00,0.00,0.00,0.00,4865.00,0.00
2025-10-22,0.00,0.00,0.02,0.00,0.00,0.00,0.00,4610.00,0.00
2025-10-23,0.00,0.00,0.02,0.00,0.00,0.00,0.00,4350.00,0.00
2025-10-24,0.00,0.00,0.02,0.00,0.00,0.00,0.00,4350.00,0.00
2025-10-27,0.00,0.00,0.02,0.00,0.00,0.00,0.00,4350.00,0.00
2025-10-28,0.00,0.00,0.02,0.00,0.00,0.02,0.19,4400.00,0.23
2025-10-29,0.00,0.00,0.02,0.00,0.00,0.00,0.00,4015.00,0.47
2025-10-30,0.00,0.00,0.02,0.00,0.00,0.00,0.00,4015.00,0.00
2025-10-31,0.00,0.00,0.02,0.00,0.00,0.00,0.00,4015.00,0.00
2025-11-03,0.00,0.00,0.03,0.00,0.00,0.03,0.28,4065.00,0.25
2025-11-04,0.00,0.00,0.03,0.02,0.19,0.00,0.00,4140.00,0.36
2025-11-05,0.00,0.00,0.03,0.00,0.00,0.00,0.00,4140.00,0.00
2025-11-06,0.00,0.00,0.03,0.00,0.00,0.00,0.00,4140.00,0.00
2025-11-07,-0.00,-0.00,0.03,0.01,0.09,-0.02,-0.19,4295.00,1.19
2025-11-10,0.00,0.00,0.03,0.00,0.00,0.00,0.00,2795.00,0.00
2025-11-11,0.00,0.00,0.03,0.00,0.00,0.00,0.00,2795.00,0.00
2025-11-12,0.01,0.01,0.03,0.00,0.00,0.07,0.65,2945.00,1.02
2025-11-13,0.00,0.00,0.03,0.05,0.46,-0.01,-0.09,3955.00,5.11
2025-11-14,0.00,0.00,0.03,0.00,0.00,0.00,0.00,1730.00,0.00
2025-11-17,0.00,0.00,0.03,0.00,0.00,0.00,0.00,1685.00,0.00
2025-11-18,-0.00,-0.00,0.03,0.00,0.00,-0.04,-0.37,1695.00,0.12
2025-11-19,0.00,0.00,0.03,0.00,0.00,0.00,0.00,1695.00,0.00
2025-11-20,0.00,0.00,0.03,0.00,0.00,0.00,0.00,1695.00,0.00
2025-11-21,0.00,0.00,0.03,0.00,0.00,0.00,0.00,1695.00,0.00
2025-11-24,0.00,0.00,0.03,0.00,0.00,0.00,0.00,1700.00,0.06
2025-11-25,0.00,0.00,0.03,0.00,0.00,0.00,0.00,1655.00,0.06
2025-11-26,0.00,0.00,0.03,0.00,0.00,0.00,0.00,1610.00,0.62
2025-11-28,0.00,0.00,0.03,0.00,0.00,0.04,0.37,1615.00,0.06
2025-12-01,-0.00,-0.00,0.03,0.02,0.19,0.00,0.00,2225.00,5.48
2025-12-02,0.00,0.00,0.03,0.00,0.00,0.00,0.00,2180.00,0.05
2025-12-03,-0.01,-0.01,0.04,0.00,0.00,-0.07,-0.65,2165.00,0.55
2025-12-04,0.00,0.00,0.04,0.02,0.19,0.02,0.19,4965.00,11.28
2025-12-05,0.14,0.13,0.50,1.23,10.08,1.11,10.37,159755.00,19.38
2025-12-08,0.06,0.06,0.53,0.55,4.25,0.29,2.38,184925.00,2.75
2025-12-09,-0.02,-0.02,0.54,0.56,4.41,-0.11,-0.85,212185.00,2.57
2025-12-10,-0.00,-0.00,0.54,0.39,3.08,0.35,2.76,230960.00,1.63
2025-12-11,-0.02,-0.02,0.55,0.72,5.78,-0.36,-2.84,239805.00,0.75
2025-12-12,-0.02,-0.02,0.56,0.51,4.18,0.10,0.80,255010.00,1.27
2025-12-15,0.00,0.00,0.56,0.68,5.56,0.18,1.47,267630.00,0.94
2025-12-16,-0.04,-0.04,0.58,0.47,3.98,-0.01,-0.08,273400.00,0.42
2025-12-17,0.02,0.02,0.58,0.20,1.67,0.30,2.54,275970.00,0.19
2025-12-18,0.02,0.02,0.58,0.69,5.63,0.06,0.50,299620.00,1.58
2025-12-19,0.04,0.04,0.59,0.30,2.36,0.22,1.79,303090.00,0.23
2025-12-22,0.06,0.06,0.62,1.46,10.81,0.00,0.00,309210.00,0.40
2025-12-23,-0.00,-0.00,0.62,1.27,9.41,-0.20,-1.48,315290.00,0.39
2025-12-24,0.02,0.02,0.62,0.55,4.01,0.39,2.89,316905.00,0.10
2025-12-26,-0.03,-0.03,0.64,0.68,5.12,0.22,1.60,317945.00,0.07
2025-12-29,0.00,0.00,0.64,0.65,4.88,0.01,0.08,318385.00,0.03
2025-12-30,-0.02,-0.02,0.65,0.82,6.29,0.15,1.13,319480.00,0.11
2025-12-31,-0.00,-0.00,0.65,0.87,6.68,0.45,3.45,326350.00,0.42
2026-01-02,-0.00,-0.00,0.64,0.72,5.54,0.19,1.46,328030.00,0.11
2026-01-05,0.00,0.00,0.64,0.40,3.08,0.15,1.15,329160.00,0.24
2026-01-06,0.04,0.04,0.45,0.83,6.11,0.42,3.23,195705.00,2.18
2026-01-07,-0.02,-0.02,0.41,0.62,4.68,0.17,1.25,173475.00,0.37
2026-01-08,0.02,0.01,0.41,0.35,2.60,0.45,3.40,155095.00,1.15
2026-01-09,-0.00,-0.00,0.41,0.44,3.28,-0.13,-0.97,142680.00,0.89
2026-01-12,-0.02,-0.02,0.41,0.60,4.55,0.08,0.60,138980.00,0.76
2026-01-13,0.04,0.04,0.41,0.90,6.57,-0.07,-0.53,125710.00,0.47
2026-01-14,-0.00,-0.00,0.42,0.49,3.59,-0.45,-3.29,114145.00,0.18
2026-01-15,0.00,0.00,0.39,0.47,3.44,-0.31,-2.27,112130.00,0.67
2026-01-16,-0.03,-0.03,0.40,0.22,1.65,-0.34,-2.49,111320.00,0.32
2026-01-20,0.02,0.02,0.40,0.43,3.17,0.00,0.00,88375.00,0.16
2026-01-21,0.00,0.00,0.38,0.05,0.37,0.05,0.37,85420.00,0.12
2026-01-22,0.00,0.00,0.31,0.32,2.34,0.00,0.00,80330.00,0.26
2026-01-23,0.03,0.03,0.32,0.67,4.79,0.10,0.73,80040.00,1.45
2026-01-26,0.01,0.01,0.32,0.33,2.32,0.17,1.21,80590.00,0.54
2026-01-27,-0.02,-0.02,0.31,0.38,2.74,0.00,0.00,81690.00,0.54
2026-01-28,0.00,0.00,0.31,0.57,4.10,0.45,3.24,82445.00,0.29
2026-01-29,0.00,0.00,0.30,0.35,2.51,0.00,0.00,81170.00,0.11
2026-01-30,0.01,0.01,0.30,0.41,2.93,0.41,2.94,75700.00,0.37
2026-02-02,-0.01,-0.01,0.30,0.78,5.61,-0.12,-0.86,77340.00,0.87
2026-02-03,0.01,0.01,0.30,0.54,3.86,0.00,0.00,77045.00,0.94
2026-02-04,-0.04,-0.04,0.30,0.72,5.38,0.02,0.14,56765.00,0.37
2026-02-05,0.02,0.02,0.30,0.53,3.89,0.60,4.48,54875.00,0.48
2026-02-06,0.00,0.00,0.29,0.51,3.74,0.38,2.79,46435.00,0.19
2026-02-09,0.01,0.01,0.29,0.50,3.62,-0.05,-0.37,41940.00,0.89
2026-02-10,-0.01,-0.01,0.29,0.20,1.47,-0.04,-0.29,37150.00,0.27
2026-02-11,0.02,0.02,0.27,0.34,2.45,0.45,3.30,34910.00,0.40
2026-02-12,0.01,0.01,0.27,0.41,2.91,0.20,1.44,36425.00,1.41
2026-02-13,-0.01,-0.01,0.27,0.41,2.95,-0.10,-0.71,33875.00,0.71
2026-02-17,0.01,0.01,0.26,0.39,2.77,0.08,0.58,32700.00,0.36
2026-02-18,0.00,0.00,0.25,0.37,2.62,0.37,2.62,32290.00,0.18
2026-02-19,-0.02,-0.02,0.27,0.63,4.58,-0.17,-1.21,35270.00,1.98
2026-02-20,-0.03,-0.03,0.29,1.32,9.90,-0.81,-5.89,39065.00,2.47
2026-02-23,-0.02,-0.03,0.28,0.65,5.00,-0.10,-0.75,35825.00,1.43
2026-02-24,-0.01,-0.01,0.28,0.32,2.48,-0.15,-1.15,34190.00,0.31
2026-02-25,0.04,0.04,0.30,1.62,12.13,0.01,0.08,33335.00,0.80
2026-02-26,-0.05,-0.05,0.35,0.25,1.97,-0.56,-4.19,32465.00,0.20
2026-02-27,0.00,0.00,0.35,0.20,1.57,-0.17,-1.34,32125.00,0.06
2026-03-02,-0.01,-0.01,0.35,0.78,6.23,-0.13,-1.02,32950.00,1.35
2026-03-03,-0.05,-0.05,0.38,1.04,8.70,-0.46,-3.67,31805.00,1.41
2026-03-04,-0.02,-0.02,0.37,0.70,5.96,-0.18,-1.51,30130.00,1.30
2026-03-05,0.00,0.00,0.35,0.67,5.70,0.25,2.13,31010.00,1.25
2026-03-06,-0.02,-0.02,0.34,1.00,8.68,0.75,6.38,30395.00,0.45
2026-03-09,0.02,0.02,0.35,0.80,6.81,0.78,6.77,31125.00,0.75
2026-03-10,-0.02,-0.02,0.35,0.74,6.42,-0.47,-4.00,31190.00,1.24
2026-03-11,-0.02,-0.02,0.35,1.24,10.98,0.86,7.46,31415.00,0.46
2026-03-12,-0.01,-0.01,0.34,0.73,6.53,0.11,0.97,33510.00,1.67
2026-03-13,-0.01,-0.01,0.33,0.53,4.77,0.09,0.81,34560.00,2.09
2026-03-16,0.00,0.00,0.33,0.17,1.52,-0.04,-0.36,34275.00,0.54
2026-03-17,-0.00,-0.00,0.32,0.38,3.41,-0.10,-0.90,44810.00,4.97
2026-03-18,-0.00,-0.00,0.32,0.47,4.23,-0.03,-0.27,47395.00,1.22
2026-03-19,-0.00,-0.00,0.32,0.24,2.16,-0.10,-0.90,47205.00,1.40
2026-03-20,0.00,0.00,0.31,0.21,1.89,-0.04,-0.36,45115.00,1.21
2026-03-23,-0.00,-0.00,0.30,0.56,5.06,-0.10,-0.90,76015.00,8.80
2026-03-24,-0.01,-0.01,0.30,0.33,3.01,-0.06,-0.54,95800.00,4.24
2026-03-25,-0.00,-0.00,0.26,0.31,2.83,0.28,2.55,95945.00,0.31
2026-03-26,-0.01,-0.01,0.21,0.29,2.68,0.12,1.10,96255.00,0.13
2026-03-27,0.01,0.01,0.22,0.09,0.82,0.19,1.76,96420.00,0.05
2026-03-30,-0.01,-0.01,0.22,0.12,1.10,-0.14,-1.28,95225.00,0.22
2026-03-31,0.01,0.01,0.17,0.25,2.28,0.08,0.74,95360.00,0.50
2026-04-01,-0.01,-0.01,0.17,0.34,3.12,0.23,2.10,95325.00,0.40
2026-04-02,0.00,0.00,0.17,0.27,2.47,0.20,1.83,95540.00,0.45
2026-04-06,0.01,0.01,0.16,0.15,1.37,0.03,0.27,96195.00,0.28
2026-04-07,-0.01,-0.01,0.14,0.10,0.92,0.03,0.27,95090.00,0.01
2026-04-08,0.00,0.00,0.13,0.34,3.11,0.16,1.47,102965.00,1.90
2026-04-09,-0.00,-0.00,0.11,0.10,0.91,-0.01,-0.09,104260.00,0.39
2026-04-10,0.00,0.00,0.11,0.26,2.37,0.02,0.18,109965.00,1.55
2026-04-13,-0.00,-0.00,0.10,0.19,1.74,0.02,0.18,109945.00,0.65
2026-04-14,0.01,0.01,0.11,0.27,2.45,0.18,1.65,111065.00,0.37
2026-04-15,0.00,0.00,0.11,0.09,0.82,-0.04,-0.36,105605.00,1.07
2026-04-16,0.00,0.00,0.11,0.10,0.90,0.06,0.54,105460.00,0.52
2026-04-17,0.01,0.01,0.12,0.40,3.57,0.15,1.36,109035.00,1.26
2026-04-20,0.01,0.01,0.13,0.36,3.17,-0.05,-0.45,109940.00,0.66
2026-04-21,-0.00,-0.00,0.13,0.10,0.88,0.02,0.18,78755.00,0.58
2026-04-22,-0.00,-0.00,0.12,0.22,1.96,0.00,0.00,59365.00,0.31
2026-04-23,0.00,0.00,0.12,0.25,2.21,-0.10,-0.89,58195.00,0.11
2026-04-24,0.01,0.01,0.11,0.34,2.99,-0.01,-0.09,58030.00,0.16
2026-04-27,-0.01,-0.01,0.11,0.23,2.05,0.09,0.79,57840.00,0.02
2026-04-28,-0.00,-0.00,0.11,0.24,2.14,0.17,1.51,57140.00,0.12
2026-04-29,0.01,0.01,0.11,0.18,1.60,0.12,1.07,54940.00,0.06
2026-04-30,0.00,0.00,0.10,0.23,2.04,0.13,1.15,53385.00,0.14
2026-05-01,-0.01,-0.01,0.11,0.27,2.42,-0.04,-0.35,52300.00,0.41
2026-05-04,-0.00,-0.00,0.11,0.28,2.51,0.13,1.16,52220.00,0.48
2026-05-05,0.01,0.01,0.11,0.15,1.33,0.15,1.35,53335.00,0.44
2026-05-06,0.00,0.00,0.11,0.18,1.59,0.17,1.51,44375.00,0.38
2026-05-07,-0.00,-0.00,0.11,0.20,1.77,0.19,1.68,42505.00,0.07
2026-05-08,0.00,0.00,0.11,0.11,0.98,-0.08,-0.71,34500.00,0.29
2026-05-11,0.00,0.00,0.11,0.27,2.39,-0.07,-0.62,32300.00,0.87
2026-05-12,0.00,0.00,0.11,0.10,0.88,-0.03,-0.27,30350.00,0.06
2026-05-13,0.00,0.00,0.11,0.05,0.44,0.00,0.00,25275.00,0.47
2026-05-14,0.00,0.00,0.11,0.19,1.68,0.10,0.88,23370.00,0.71
2026-05-15,-0.02,-0.02,0.12,0.36,3.25,-0.09,-0.80,19755.00,3.31
2026-05-18,0.00,0.00,0.11,0.24,2.17,0.12,1.08,20405.00,4.20
2026-05-19,0.01,0.01,0.11,0.13,1.17,0.12,1.08,20330.00,2.16
2026-05-20,0.00,0.00,0.11,0.16,1.43,0.07,0.63,19495.00,0.10
2026-05-21,0.00,0.00,0.11,0.18,1.61,0.01,0.09,21605.00,2.24
2026-05-22,-0.00,-0.00,0.11,0.20,1.79,0.03,0.27,23850.00,2.28
2026-05-26,-0.00,-0.00,0.10,0.12,1.08,0.08,0.72,24510.00,0.59
2026-05-27,0.00,0.00,0.10,0.17,1.52,-0.03,-0.27,24470.00,0.24
2026-05-28,0.00,0.00,0.10,0.25,2.23,0.09,0.80,26790.00,1.86
2026-05-29,-0.01,-0.01,0.10,0.29,2.60,-0.03,-0.27,31825.00,3.40
2026-06-01,-0.00,-0.00,0.09,0.39,3.52,0.08,0.72,42340.00,5.47
2026-06-02,-0.00,-0.00,0.09,0.21,1.90,0.14,1.26,45275.00,1.86
2026-06-03,0.01,0.01,0.09,0.21,1.88,-0.02,-0.18,80335.00,9.02
2026-06-04,0.01,0.01,0.09,0.24,2.14,-0.09,-0.81,88860.00,2.11
2026-06-05,-0.01,-0.01,0.10,0.25,2.25,-0.07,-0.62,96050.00,1.53
2026-06-08,0.00,0.00,0.10,0.14,1.26,0.12,1.08,99485.00,0.79
2026-06-09,-0.00,-0.00,0.10,0.23,2.06,0.00,0.00,100880.00,0.55
2026-06-10,0.01,0.01,0.10,0.22,1.96,0.03,0.27,105530.00,0.90
2026-06-11,0.00,0.00,0.11,0.35,3.11,0.15,1.33,117610.00,2.16
2026-06-12,0.01,0.01,0.11,0.31,2.72,0.16,1.42,127935.00,1.74
2026-06-15,-0.02,-0.02,0.11,0.47,4.19,-0.02,-0.18,128335.00,0.57
2026-06-16,-0.00,-0.00,0.11,0.09,0.80,0.01,0.09,126145.00,0.33
2026-06-17,-0.00,-0.00,0.11,0.35,3.14,0.30,2.68,125905.00,0.31
2026-06-18,-0.01,-0.01,0.11,0.29,2.61,0.09,0.81,128070.00,0.35
2026-06-22,-0.01,-0.01,0.11,0.48,4.36,0.14,1.26,131170.00,0.84
2026-06-23,-0.01,-0.01,0.11,0.12,1.10,-0.01,-0.09,134255.00,0.86
