Date,MA_7,MA_14,MA_30,MA_50,MA_200,Sinal_MA_7_14,Sinal_MA_50_200
2000-01-03,165.00,165.00,165.00,165.00,165.00,-1,-1
2000-01-04,164.06,164.06,164.06,164.06,164.06,-1,-1
2000-01-05,163.12,163.12,163.12,163.12,163.12,-1,-1
2000-01-06,162.19,162.19,162.19,162.19,162.19,-1,-1
2000-01-07,162.00,162.00,162.00,162.00,162.00,-1,-1
2000-01-10,162.19,162.19,162.19,162.19,162.19,-1,-1
2000-01-11,162.05,162.05,162.05,162.05,162.05,-1,-1
2000-01-12,161.25,161.72,161.72,161.72,161.72,-1,-1
2000-01-13,161.65,162.19,162.19,162.19,162.19,-1,-1
2000-01-14,162.19,162.47,162.47,162.47,162.47,-1,-1
2000-01-18,165.80,164.49,164.49,164.49,164.49,1,-1
2000-01-19,168.35,165.70,165.70,165.70,165.70,1,-1
2000-01-20,175.18,169.18,169.18,169.18,169.18,1,-1
2000-01-21,182.41,172.23,172.23,172.23,172.23,1,-1
2000-01-24,190.98,176.12,175.38,175.38,175.38,1,-1
2000-01-25,200.09,180.87,178.77,178.77,178.77,1,-1
2000-01-26,208.39,185.29,181.38,181.38,181.38,1,-1
2000-01-27,213.08,189.44,183.39,183.39,183.39,1,-1
2000-01-28,217.50,192.92,184.79,184.79,184.79,1,-1
2000-01-31,216.30,195.74,185.67,185.67,185.67,1,-1
2000-02-01,215.22,198.82,186.56,186.56,186.56,1,-1
2000-02-02,214.42,202.70,187.80,187.80,187.80,1,-1
2000-02-03,213.75,206.92,189.42,189.42,189.42,1,-1
2000-02-04,215.63,212.01,191.37,191.37,191.37,1,-1
2000-02-07,219.91,216.50,193.61,193.61,193.61,1,-1
2000-02-08,229.02,223.26,196.70,196.70,196.70,1,-1
2000-02-09,240.00,228.15,199.76,199.76,199.76,1,-1
2000-02-10,253.93,234.58,203.40,203.40,203.40,1,-1
2000-02-11,266.52,240.47,206.80,206.80,206.80,1,-1
2000-02-14,274.56,244.15,209.28,209.28,209.28,1,-1
2000-02-15,280.18,247.90,212.97,211.42,211.42,1,-1
2000-02-16,285.00,252.46,216.91,213.60,213.60,1,-1
2000-02-17,288.62,258.82,221.50,216.19,216.19,1,-1
2000-02-18,293.71,266.85,226.69,219.10,219.10,1,-1
2000-02-22,302.54,278.24,233.44,223.23,223.23,1,-1
2000-02-23,312.99,289.76,240.50,227.45,227.45,1,-1
2000-02-24,327.05,300.80,247.78,231.56,231.56,1,-1
2000-02-25,341.38,310.78,255.00,235.36,235.36,1,-1
2000-02-28,354.78,319.89,261.97,238.94,238.94,1,-1
2000-02-29,369.64,329.13,269.91,243.05,243.05,1,-1
2000-03-01,388.79,341.25,278.72,248.07,248.07,1,-1
2000-03-02,398.17,350.36,287.06,252.39,252.39,1,-1
2000-03-03,402.99,357.99,293.66,256.03,256.03,1,-1
2000-03-06,406.07,366.56,299.97,259.33,259.33,1,-1
2000-03-07,404.87,373.12,304.91,261.73,261.73,1,-1
2000-03-08,404.06,379.42,309.56,264.07,264.07,1,-1
2000-03-09,410.22,389.93,317.00,267.95,267.95,1,-1
2000-03-10,421.21,405.00,327.28,273.32,273.32,1,-1
2000-03-13,437.55,417.86,338.41,278.84,278.84,1,-1
2000-03-14,461.65,432.32,350.91,284.81,284.81,1,-1
2000-03-15,479.33,442.70,361.59,292.01,289.52,1,1
2000-03-16,496.47,450.67,370.72,298.50,293.33,1,1
2000-03-17,519.78,461.92,380.97,305.93,297.84,1,1
2000-03-20,536.38,473.30,391.84,313.99,302.74,1,1
2000-03-21,540.54,480.87,402.09,321.86,307.33,1,1
2000-03-22,537.32,487.43,410.34,329.03,311.15,1,1
2000-03-23,539.06,500.36,420.69,337.59,316.04,1,1
2000-03-24,549.51,514.42,430.56,346.37,320.90,1,1
2000-03-27,563.44,529.96,440.00,354.75,325.38,1,1
2000-03-28,564.51,542.14,448.62,362.25,328.95,1,1
2000-03-29,552.45,544.42,455.38,368.12,331.40,1,1
2000-03-30,530.36,535.45,459.34,372.54,332.51,-1,1
2000-03-31,504.64,520.98,460.75,375.15,332.65,-1,1
2000-04-03,460.58,499.82,459.62,376.54,331.85,-1,1
2000-04-04,413.97,481.74,456.56,377.59,330.92,-1,1
2000-04-05,374.33,468.88,454.31,379.14,330.57,-1,1
2000-04-06,353.70,459.11,454.84,382.59,331.54,-1,1
2000-04-07,342.46,447.46,455.62,386.23,332.54,-1,1
2000-04-10,335.63,432.99,454.88,389.08,332.83,-1,1
2000-04-11,338.30,421.47,453.44,392.23,333.21,-1,1
2000-04-12,343.66,402.12,449.09,394.52,333.01,-1,1
2000-04-13,350.89,382.43,445.53,396.69,332.86,-1,1
2000-04-14,347.68,361.00,441.41,397.89,332.21,-1,1
2000-04-17,332.41,343.06,437.66,398.94,331.62,-1,1
2000-04-18,323.44,332.95,436.62,400.73,331.69,-1,1
2000-04-19,320.49,328.06,435.38,401.89,331.69,-1,1
2000-04-20,314.60,326.45,431.12,402.68,331.52,-1,1
2000-04-24,311.92,327.79,423.59,402.64,331.12,-1,1
2000-04-25,312.86,331.88,416.44,403.18,331.09,-1,1
2000-04-26,315.00,331.34,407.19,403.56,330.70,-1,1
2000-04-27,317.68,325.04,399.94,404.19,330.42,-1,1
2000-04-28,316.88,320.16,394.72,405.19,330.42,-1,1
2000-05-01,314.46,317.48,387.47,405.51,330.24,-1,1
2000-05-02,312.05,313.33,378.78,405.24,329.90,-1,1
2000-05-03,310.58,311.25,369.94,403.76,329.43,-1,1
2000-05-04,306.30,309.58,362.53,402.24,329.07,-1,1
2000-05-05,306.83,310.92,353.00,400.73,328.78,-1,1
2000-05-08,306.70,312.19,343.28,399.34,328.53,-1,1
2000-05-09,299.87,308.37,333.22,397.50,328.02,-1,1
2000-05-10,294.24,304.35,324.41,394.95,327.44,-1,1
2000-05-11,291.83,301.94,317.97,391.67,326.97,-1,1
2000-05-12,292.23,301.41,314.38,388.93,326.60,-1,1
2000-05-15,291.16,298.73,312.72,386.59,326.22,-1,1
2000-05-16,292.36,299.60,313.75,384.81,326.07,-1,1
2000-05-17,292.50,299.60,314.94,383.61,325.88,-1,1
2000-05-18,296.52,298.19,315.06,382.44,325.72,-1,1
2000-05-19,299.33,296.78,311.72,379.42,325.41,1,1
2000-05-22,298.93,295.38,307.81,374.55,324.97,1,1
2000-05-23,297.59,294.91,305.50,369.34,324.55,1,1
2000-05-24,298.53,294.84,303.44,363.75,324.28,1,1
2000-05-25,294.64,293.50,302.31,358.95,323.89,1,1
2000-05-26,291.03,291.76,300.97,354.84,323.48,-1,1
2000-05-30,288.21,292.36,301.19,350.02,323.17,-1,1
2000-05-31,288.21,293.77,301.41,344.68,322.91,-1,1
2000-06-01,293.44,296.18,300.81,339.96,322.87,-1,1
2000-06-02,301.20,299.40,301.00,336.28,323.00,1,1
2000-06-05,307.90,303.21,301.87,331.39,323.21,1,1
2000-06-06,316.47,305.56,303.37,326.32,323.41,1,1
2000-06-07,324.24,307.63,303.62,321.36,323.53,1,-1
2000-06-08,328.93,308.57,304.44,317.04,323.54,1,-1
2000-06-09,332.81,310.51,304.94,313.93,323.53,1,-1
2000-06-12,334.55,314.00,304.94,312.54,323.60,1,-1
2000-06-13,338.04,319.62,306.50,312.96,323.94,1,-1
2000-06-14,344.20,326.05,309.37,315.09,324.50,1,-1
2000-06-15,353.84,335.16,313.47,317.91,325.26,1,-1
2000-06-16,363.89,344.06,317.06,319.89,325.97,1,-1
2000-06-19,375.13,352.03,320.37,320.04,326.63,1,-1
2000-06-20,389.33,361.07,324.22,320.49,327.43,1,-1
2000-06-21,407.41,370.98,330.03,322.59,328.53,1,-1
2000-06-22,419.06,378.55,335.62,324.26,329.48,1,-1
2000-06-23,429.38,386.79,341.47,327.09,330.57,1,-1
2000-06-26,441.03,397.43,348.19,330.52,331.91,1,-1
2000-06-27,451.87,407.88,354.56,334.48,333.13,1,1
2000-06-28,463.13,419.13,360.22,338.34,334.33,1,1
2000-06-29,471.16,430.25,365.91,341.17,335.48,1,1
2000-06-30,475.71,441.56,371.84,344.32,336.70,1,1
2000-07-03,484.82,451.94,378.91,348.09,338.05,1,1
2000-07-05,483.88,456.63,384.62,351.17,338.95,1,1
2000-07-06,477.56,459.29,390.18,353.58,339.81,1,1
2000-07-07,472.47,462.17,395.15,356.53,340.64,1,1
2000-07-10,471.93,467.53,401.59,359.94,341.68,1,1
2000-07-11,471.13,471.14,407.93,362.77,342.68,-1,1
2000-07-12,468.45,472.08,413.90,365.88,343.64,-1,1
2000-07-13,462.15,473.49,419.49,369.11,344.53,-1,1
2000-07-14,462.96,473.42,424.18,372.50,345.38,-1,1
2000-07-17,471.03,474.29,429.80,376.64,346.56,-1,1
2000-07-18,478.12,475.30,434.87,380.51,347.66,1,1
2000-07-19,478.93,475.43,439.49,384.05,348.65,1,1
2000-07-20,477.86,474.49,443.77,387.69,349.48,1,1
2000-07-21,475.71,472.08,448.15,391.29,350.24,1,1
2000-07-24,475.18,468.67,452.71,394.78,351.02,1,1
2000-07-25,474.11,468.53,456.74,397.96,351.73,1,1
2000-07-26,461.79,466.41,458.68,400.53,352.20,-1,1
2000-07-27,444.24,461.18,458.21,401.77,352.36,-1,1
2000-07-28,428.04,453.48,456.80,403.03,352.48,-1,1
2000-07-31,419.20,448.53,456.68,404.86,352.83,-1,1
2000-08-01,410.36,443.04,456.37,406.83,353.10,-1,1
2000-08-02,399.51,437.34,455.09,408.86,353.31,-1,1
2000-08-03,384.64,429.38,451.43,410.15,353.27,-1,1
2000-08-04,374.86,418.33,448.37,411.22,353.26,-1,1
2000-08-07,373.39,408.82,445.15,412.80,353.33,-1,1
2000-08-08,371.65,399.84,440.62,414.31,353.36,-1,1
2000-08-09,365.49,392.34,436.52,415.68,353.41,-1,1
2000-08-10,359.20,384.78,432.12,416.77,353.38,-1,1
2000-08-11,352.90,376.20,427.49,417.18,353.29,-1,1
2000-08-14,356.52,370.58,423.62,417.90,353.42,-1,1
2000-08-15,357.86,366.36,418.74,418.21,353.47,-1,1
2000-08-16,359.46,366.43,416.12,418.81,353.60,-1,1
2000-08-17,362.68,367.16,413.81,419.70,353.77,-1,1
2000-08-18,364.15,364.82,411.25,420.61,353.88,-1,1
2000-08-21,369.78,364.49,408.28,421.95,354.09,1,1
2000-08-22,379.28,366.09,406.06,423.45,354.41,1,1
2000-08-23,388.26,372.39,404.91,424.93,354.91,1,1
2000-08-24,397.77,377.81,403.72,425.71,355.36,1,1
2000-08-25,404.46,381.96,402.47,425.90,355.76,1,1
2000-08-28,412.77,387.72,400.22,426.54,356.26,1,1
2000-08-29,420.40,392.28,397.78,426.95,356.66,1,1
2000-08-30,427.37,398.57,396.25,427.27,357.15,1,1
2000-08-31,432.32,405.80,395.44,426.93,357.64,1,1
2000-09-01,431.92,410.09,394.69,426.73,358.09,1,1
2000-09-05,435.13,416.45,394.37,426.52,358.62,1,1
2000-09-06,436.74,420.60,393.75,425.30,359.06,1,1
2000-09-07,437.81,425.29,394.62,424.57,359.56,1,1
2000-09-08,440.09,430.24,396.81,423.73,360.02,1,1
2000-09-11,435.94,431.65,398.09,422.34,360.30,1,1
2000-09-12,430.58,431.45,398.09,420.61,360.54,-1,1
2000-09-13,425.62,428.77,398.25,418.44,360.76,-1,1
2000-09-14,419.06,427.10,398.94,417.44,361.00,-1,1
2000-09-15,413.17,424.95,400.41,416.29,361.17,-1,1
2000-09-18,403.66,420.74,401.34,414.94,361.27,-1,1
2000-09-19,394.42,417.25,401.72,412.87,361.35,-1,1
2000-09-20,388.80,412.37,402.09,410.81,361.39,-1,1
2000-09-21,382.10,406.34,401.97,408.52,361.37,-1,1
2000-09-22,374.73,400.18,401.88,406.20,361.29,-1,1
2000-09-25,366.30,392.68,402.06,403.91,361.20,-1,1
2000-09-26,360.54,386.85,401.34,400.82,361.15,-1,1
2000-09-27,355.58,379.62,400.81,397.78,361.06,-1,1
2000-09-28,350.36,372.39,399.59,394.87,360.94,-1,1
2000-09-29,344.73,366.76,397.91,392.17,360.78,-1,1
2000-10-02,336.70,359.40,395.56,389.06,360.46,-1,1
2000-10-03,330.13,352.43,392.63,385.89,360.15,-1,1
2000-10-04,324.38,345.34,389.25,382.95,359.86,-1,1
2000-10-05,319.15,339.84,385.22,380.85,359.62,-1,1
2000-10-06,313.39,334.49,381.13,379.46,359.34,-1,1
2000-10-09,304.96,327.66,376.38,377.64,358.93,-1,1
2000-10-10,301.74,323.24,372.00,375.73,358.67,-1,1
2000-10-11,302.01,319.35,367.94,373.89,358.38,-1,1
2000-10-12,297.59,313.86,362.34,371.63,357.93,-1,1
2000-10-13,297.46,310.92,357.78,370.74,357.66,-1,1
2000-10-16,295.85,307.50,353.47,369.79,357.39,-1,1
2000-10-17,294.11,303.75,348.22,368.36,358.03,-1,1
2000-10-18,295.45,300.20,343.41,366.98,358.66,-1,1
2000-10-19,294.38,298.06,338.53,365.78,359.35,-1,1
2000-10-20,293.44,297.72,333.72,364.69,360.03,-1,1
2000-10-23,295.71,296.65,329.63,363.62,360.66,-1,1
2000-10-24,290.62,294.04,325.13,361.52,361.18,-1,1
2000-10-25,282.59,289.22,320.09,359.25,361.61,-1,-1
2000-10-26,276.56,285.33,314.97,356.76,362.07,-1,-1
2000-10-27,269.20,282.32,309.81,353.89,362.42,-1,-1
2000-10-30,263.97,279.17,305.94,351.75,362.91,-1,-1
2000-10-31,261.56,277.50,302.72,349.54,363.38,-1,-1
2000-11-01,260.49,278.10,299.69,346.99,363.88,-1,-1
2000-11-02,266.65,278.64,298.19,344.49,364.38,-1,-1
2000-11-03,276.83,279.71,297.25,342.32,364.92,-1,-1
2000-11-06,284.47,280.51,295.88,339.96,365.34,1,-1
2000-11-07,295.58,282.39,294.66,337.48,365.76,1,-1
2000-11-08,298.93,281.45,292.72,334.74,366.08,1,-1
2000-11-09,299.33,280.45,290.81,331.61,366.40,1,-1
2000-11-10,297.59,279.04,288.69,328.13,366.68,1,-1
2000-11-13,289.02,277.84,287.06,324.49,366.93,1,-1
2000-11-14,281.92,279.38,286.00,320.87,367.25,1,-1
2000-11-15,278.57,281.52,285.19,317.81,367.58,-1,-1
2000-11-16,272.14,283.86,283.69,314.29,367.81,-1,-1
2000-11-17,268.39,283.66,282.22,310.71,367.93,-1,-1
2000-11-20,265.58,282.46,281.62,307.76,368.00,-1,-1
2000-11-21,264.37,280.98,279.97,304.86,367.92,-1,-1
2000-11-22,262.23,275.62,277.78,301.61,367.71,-1,-1
2000-11-24,259.95,270.94,277.22,298.59,367.46,-1,-1
2000-11-27,257.14,267.86,275.78,295.97,367.26,-1,-1
2000-11-28,253.66,262.90,273.84,293.29,367.08,-1,-1
2000-11-29,249.64,259.02,271.84,290.44,366.86,-1,-1
2000-11-30,241.34,253.46,269.00,287.12,366.47,-1,-1
2000-12-01,232.10,248.23,265.44,283.86,365.94,-1,-1
2000-12-04,225.93,244.08,262.03,280.78,365.33,-1,-1
2000-12-05,219.77,239.86,259.50,278.08,364.56,-1,-1
2000-12-06,211.91,234.52,257.41,275.16,363.72,-1,-1
2000-12-07,205.48,229.57,255.85,272.27,362.82,-1,-1
2000-12-08,203.34,226.49,254.76,269.85,362.03,-1,-1
2000-12-11,210.03,225.68,255.19,268.26,361.41,-1,-1
2000-12-12,218.34,225.22,254.79,267.29,360.65,-1,-1
2000-12-13,226.64,226.29,253.88,266.29,359.66,1,-1
2000-12-14,232.27,226.02,252.91,265.19,358.76,1,-1
2000-12-15,235.58,223.74,250.16,263.46,357.86,1,-1
2000-12-18,238.39,221.94,246.88,261.77,356.95,1,-1
2000-12-19,236.52,219.93,243.57,260.27,356.14,1,-1
2000-12-20,228.35,219.19,239.51,257.99,355.26,1,-1
2000-12-21,218.71,218.52,236.07,255.62,353.94,1,-1
2000-12-22,208.53,217.58,232.69,253.82,352.21,-1,-1
2000-12-26,197.54,214.90,229.57,251.20,350.36,-1,-1
2000-12-27,189.51,212.54,226.94,248.57,348.33,-1,-1
2000-12-28,182.28,210.34,223.63,246.12,346.56,-1,-1
2000-12-29,175.71,206.12,219.57,243.51,344.91,-1,-1
2001-01-02,169.55,198.95,215.57,240.51,343.00,-1,-1
2001-01-03,167.81,193.26,212.60,238.04,341.04,-1,-1
2001-01-04,164.87,186.70,209.19,235.50,339.07,-1,-1
2001-01-05,162.19,179.87,205.73,233.22,337.23,-1,-1
2001-01-08,158.71,174.11,202.79,231.23,335.02,-1,-1
2001-01-09,155.89,169.08,199.35,229.22,332.78,-1,-1
2001-01-10,157.37,166.54,196.29,227.85,330.70,-1,-1
2001-01-11,161.65,165.60,194.10,226.19,328.90,-1,-1
2001-01-12,164.20,166.01,192.66,224.40,327.45,-1,-1
2001-01-16,172.50,168.68,193.13,223.19,326.54,1,-1
2001-01-17,182.41,172.30,194.13,221.42,325.95,1,-1
2001-01-18,192.32,175.51,194.95,219.40,325.63,1,-1
2001-01-19,203.17,179.53,195.48,217.84,325.40,1,-1
2001-01-22,212.81,185.09,196.50,216.27,325.05,1,-1
2001-01-23,220.85,191.25,197.69,215.25,324.25,1,-1
2001-01-24,229.69,196.94,198.81,214.65,323.51,1,-1
2001-01-25,234.37,203.44,198.81,214.34,323.00,1,-1
2001-01-26,237.19,209.80,198.53,214.17,322.41,1,-1
2001-01-29,238.93,215.62,197.81,213.38,321.97,1,-1
2001-01-30,237.05,220.11,196.59,212.03,321.42,1,-1
2001-01-31,235.45,224.13,196.47,211.13,321.12,1,-1
2001-02-01,234.51,227.68,196.78,210.51,320.82,1,-1
2001-02-02,231.16,230.42,197.56,209.84,320.28,1,-1
2001-02-05,225.80,230.09,198.22,208.94,319.68,-1,-1
2001-02-06,221.65,229.42,199.22,208.49,319.16,-1,-1
2001-02-07,217.50,228.21,199.91,207.44,318.66,-1,-1
2001-02-08,216.03,226.54,200.91,206.27,318.03,-1,-1
2001-02-09,212.28,223.86,201.78,205.34,317.52,-1,-1
2001-02-12,207.59,221.05,202.69,204.62,316.97,-1,-1
2001-02-13,204.37,217.77,204.25,204.66,316.34,-1,-1
2001-02-14,202.23,214.02,205.84,204.75,315.75,-1,-1
2001-02-15,201.16,211.41,207.00,205.02,315.28,-1,-1
2001-02-16,200.76,209.13,208.28,204.77,314.82,-1,-1
2001-02-20,200.76,208.39,209.91,204.71,314.33,-1,-1
2001-02-21,201.03,206.65,211.66,204.71,313.82,-1,-1
2001-02-22,200.09,203.84,213.00,204.17,313.24,-1,-1
2001-02-23,196.87,200.62,213.47,202.82,312.74,-1,-1
2001-02-26,196.20,199.22,213.91,201.66,312.32,-1,-1
2001-02-27,194.33,197.74,214.03,200.49,311.86,-1,-1
2001-02-28,192.72,196.74,213.00,199.24,311.33,-1,-1
2001-03-01,190.71,195.74,211.84,198.43,310.82,-1,-1
2001-03-02,189.64,195.33,211.03,197.89,310.22,-1,-1
2001-03-05,189.24,194.66,209.75,197.55,309.62,-1,-1
2001-03-06,190.98,193.93,208.37,197.59,309.04,-1,-1
2001-03-07,192.59,194.40,207.31,198.00,308.59,-1,-1
2001-03-08,193.13,193.73,205.50,198.34,308.16,-1,-1
2001-03-09,191.92,192.32,203.09,198.45,307.64,-1,-1
2001-03-12,187.37,189.04,200.22,198.13,306.93,-1,-1
2001-03-13,182.68,186.16,197.90,197.94,306.30,-1,-1
2001-03-14,178.12,183.68,196.00,197.89,305.67,-1,-1
2001-03-15,171.96,181.47,193.56,197.92,304.97,-1,-1
2001-03-16,163.39,177.99,190.72,197.38,304.22,-1,-1
2001-03-19,157.23,175.18,188.25,197.27,303.39,-1,-1
2001-03-20,153.75,172.84,186.28,197.27,302.47,-1,-1
2001-03-21,151.88,169.62,183.94,197.17,301.47,-1,-1
2001-03-22,149.33,166.01,182.00,197.02,300.45,-1,-1
2001-03-23,148.33,163.23,180.20,196.62,299.51,-1,-1
2001-03-26,148.46,160.21,178.67,196.08,298.66,-1,-1
2001-03-27,149.26,156.33,177.11,195.29,297.79,-1,-1
2001-03-28,147.15,152.19,174.90,193.72,296.83,-1,-1
2001-03-29,144.61,149.18,172.84,191.98,295.70,-1,-1
2001-03-30,143.27,147.57,170.43,190.31,294.43,-1,-1
2001-04-02,142.33,145.83,168.37,188.51,293.05,-1,-1
2001-04-03,139.79,144.06,165.98,186.40,291.67,-1,-1
2001-04-04,135.23,141.85,163.32,184.09,290.26,-1,-1
2001-04-05,131.75,140.51,161.16,181.58,288.78,-1,-1
2001-04-06,128.64,137.90,158.98,178.92,287.08,-1,-1
2001-04-09,125.93,135.27,156.44,176.40,285.45,-1,-1
2001-04-10,124.40,133.83,154.11,174.27,283.76,-1,-1
2001-04-11,122.35,132.34,151.95,172.45,281.90,-1,-1
2001-04-12,121.82,130.80,149.90,170.49,280.12,-1,-1
2001-04-16,122.22,128.73,147.59,168.37,278.33,-1,-1
2001-04-17,122.06,126.91,145.49,166.31,276.56,-1,-1
2001-04-18,124.29,126.46,143.41,164.70,274.78,-1,-1
2001-04-19,128.57,127.25,141.50,163.37,272.98,1,-1
2001-04-20,130.78,127.59,139.56,162.13,271.40,1,-1
2001-04-23,132.06,127.21,137.98,160.69,269.81,1,-1
2001-04-24,133.20,127.51,137.26,159.42,268.24,1,-1
2001-04-25,134.81,128.52,136.42,158.18,266.53,1,-1
2001-04-26,136.63,129.35,135.81,156.82,264.85,1,-1
2001-04-27,137.27,130.78,135.32,155.61,263.19,1,-1
2001-04-30,138.69,133.63,135.74,154.62,261.66,1,-1
2001-05-01,144.17,137.48,136.52,154.21,260.24,1,-1
2001-05-02,149.44,140.75,136.98,153.51,258.55,1,-1
2001-05-03,153.19,143.20,137.57,152.72,256.87,1,-1
2001-05-04,157.59,146.20,138.34,152.23,255.28,1,-1
2001-05-07,161.12,148.88,138.79,151.82,253.77,1,-1
2001-05-08,165.43,151.35,139.28,151.30,252.33,1,-1
2001-05-09,166.71,152.70,139.81,150.76,250.86,1,-1
2001-05-10,165.24,154.70,140.74,150.36,249.43,1,-1
2001-05-11,164.55,157.00,141.63,149.85,248.15,1,-1
2001-05-14,163.67,158.43,142.33,149.09,247.05,1,-1
2001-05-15,162.58,160.08,143.07,148.50,245.99,1,-1
2001-05-16,162.81,161.97,144.17,147.87,244.79,1,-1
2001-05-17,162.54,163.98,145.65,147.09,243.65,-1,-1
2001-05-18,162.43,164.57,146.97,146.46,242.56,-1,-1
2001-05-21,162.17,163.70,148.56,146.20,241.65,-1,-1
2001-05-22,163.99,164.27,150.51,146.58,240.77,-1,-1
2001-05-23,166.82,165.25,152.23,146.87,239.82,1,-1
2001-05-24,170.38,166.48,154.28,147.42,238.95,1,-1
2001-05-25,172.71,167.76,156.04,147.98,238.05,1,-1
2001-05-29,174.69,168.61,157.89,148.67,237.19,1,-1
2001-05-30,176.38,169.40,159.64,149.14,236.38,1,-1
2001-05-31,177.71,169.94,161.02,149.55,235.39,1,-1
2001-06-01,178.14,171.06,162.07,150.25,234.48,1,-1
2001-06-04,178.16,172.49,163.28,150.90,233.48,1,-1
2001-06-05,177.94,174.16,164.98,151.56,232.48,1,-1
2001-06-06,179.01,175.86,166.73,152.26,231.57,1,-1
2001-06-07,180.71,177.70,168.60,153.08,230.58,1,-1
2001-06-08,183.06,179.72,170.48,154.17,229.52,1,-1
2001-06-11,185.38,181.54,172.25,155.26,228.29,1,-1
2001-06-12,187.31,182.72,173.42,156.42,227.11,1,-1
2001-06-13,189.51,183.84,173.86,157.51,225.95,1,-1
2001-06-14,190.31,184.12,174.52,158.63,224.69,1,-1
2001-06-15,190.35,184.68,175.40,159.97,223.52,1,-1
2001-06-18,189.02,184.86,175.94,161.09,222.24,1,-1
2001-06-19,187.20,185.13,176.56,162.37,220.94,1,-1
2001-06-20,184.63,185.00,176.73,163.48,219.63,-1,-1
2001-06-21,181.14,184.22,176.78,164.36,218.22,-1,-1
2001-06-22,177.86,183.69,176.81,165.28,216.89,-1,-1
2001-06-25,174.92,182.61,176.94,166.07,215.49,-1,-1
2001-06-26,171.66,181.01,177.26,166.89,214.12,-1,-1
2001-06-27,168.77,178.90,177.38,167.63,212.88,-1,-1
2001-06-28,166.41,176.81,177.40,168.26,211.69,-1,-1
2001-06-29,165.69,175.16,177.46,168.67,210.53,-1,-1
2001-07-02,165.58,173.36,177.52,169.23,209.35,-1,-1
2001-07-03,165.21,171.54,177.52,169.92,208.21,-1,-1
2001-07-05,163.71,169.32,176.87,170.34,207.10,-1,-1
2001-07-06,162.26,166.96,176.20,170.74,205.99,-1,-1
2001-07-09,160.82,164.80,175.15,171.02,204.91,-1,-1
2001-07-10,159.11,162.76,174.22,171.32,203.89,-1,-1
2001-07-11,156.73,161.21,173.28,171.20,202.90,-1,-1
2001-07-12,154.80,160.19,172.48,170.72,201.95,-1,-1
2001-07-13,153.19,159.20,171.80,170.44,200.96,-1,-1
2001-07-16,152.53,158.12,170.90,170.25,199.99,-1,-1
2001-07-17,152.06,157.16,170.11,169.96,199.05,-1,-1
2001-07-18,151.20,156.01,168.91,169.63,198.13,-1,-1
2001-07-19,150.45,154.78,167.56,169.22,197.37,-1,-1
2001-07-20,149.72,153.22,166.04,168.82,196.59,-1,-1
2001-07-23,147.96,151.38,164.30,168.30,195.77,-1,-1
2001-07-24,145.29,149.24,162.45,167.75,194.87,-1,-1
2001-07-25,142.97,147.75,160.55,167.35,194.02,-1,-1
2001-07-26,140.51,146.28,158.68,166.87,193.30,-1,-1
2001-07-27,138.58,144.89,156.84,166.24,192.42,-1,-1
2001-07-30,136.61,143.53,155.02,165.59,191.58,-1,-1
2001-07-31,135.09,142.40,153.46,164.99,190.90,-1,-1
2001-08-01,136.91,142.44,152.56,164.77,190.15,-1,-1
2001-08-02,140.49,142.89,152.15,164.46,189.43,-1,-1
2001-08-03,144.51,143.74,152.01,164.23,188.79,1,-1
2001-08-06,148.48,144.49,151.82,163.81,188.15,1,-1
2001-08-07,153.24,145.91,151.78,163.51,187.48,1,-1
2001-08-08,157.35,146.98,151.68,163.17,186.81,1,-1
2001-08-09,161.10,148.09,151.67,162.85,186.19,1,-1
2001-08-10,162.17,149.54,151.57,162.59,185.66,1,-1
2001-08-13,162.24,151.36,151.34,162.23,185.22,1,-1
2001-08-14,162.11,153.31,151.20,161.98,184.78,1,-1
2001-08-15,163.01,155.74,151.30,161.72,184.44,1,-1
2001-08-16,163.39,158.31,151.70,161.32,183.96,1,-1
2001-08-17,162.81,160.08,151.81,160.66,183.36,1,-1
2001-08-20,162.24,161.67,152.00,159.94,182.75,1,-1
2001-08-21,161.46,161.82,152.12,159.24,181.98,-1,-1
2001-08-22,160.91,161.57,152.32,158.54,181.16,-1,-1
2001-08-23,160.07,161.09,152.43,157.86,180.43,-1,-1
2001-08-24,158.61,160.81,152.57,157.28,179.64,-1,-1
2001-08-27,156.90,160.15,152.72,156.64,178.99,-1,-1
2001-08-28,156.43,159.62,152.83,156.10,178.36,-1,-1
2001-08-29,155.61,158.92,153.03,155.51,177.78,-1,-1
2001-08-30,154.44,157.95,153.05,155.02,177.26,-1,-1
2001-08-31,153.13,157.02,153.11,154.61,176.66,-1,-1
2001-09-04,150.86,155.46,153.10,154.08,175.96,-1,-1
2001-09-05,147.88,153.25,153.18,153.49,175.29,-1,-1
2001-09-06,144.88,150.89,153.17,152.89,174.67,-1,-1
2001-09-07,142.05,149.24,153.19,152.36,174.03,-1,-1
2001-09-10,138.73,147.17,153.06,151.64,173.39,-1,-1
2001-09-17,133.35,143.89,152.29,150.49,172.75,-1,-1
2001-09-18,127.11,140.12,151.25,149.23,172.01,-1,-1
2001-09-19,120.00,135.43,149.16,147.75,171.16,-1,-1
2001-09-20,114.11,130.99,147.02,146.55,170.41,-1,-1
2001-09-21,107.79,126.33,144.60,145.27,169.70,-1,-1
2001-09-24,101.49,121.77,142.22,144.05,169.14,-1,-1
2001-09-25,95.70,117.21,139.64,142.76,168.61,-1,-1
2001-09-26,92.40,112.88,137.14,141.48,168.08,-1,-1
2001-09-27,89.79,108.45,134.61,140.13,167.46,-1,-1
2001-09-28,89.01,104.51,132.08,138.76,166.86,-1,-1
2001-10-01,87.54,100.82,129.59,137.45,166.28,-1,-1
2001-10-02,86.94,97.36,127.06,136.15,165.63,-1,-1
2001-10-03,86.68,94.08,124.42,135.02,164.82,-1,-1
2001-10-04,87.00,91.35,121.82,133.88,164.01,-1,-1
2001-10-05,87.34,89.87,119.52,132.75,163.20,-1,-1
2001-10-08,87.92,88.85,117.27,131.72,162.41,-1,-1
2001-10-09,87.81,88.41,114.90,130.72,161.69,-1,-1
2001-10-10,88.09,87.81,112.60,129.76,161.02,1,-1
2001-10-11,88.48,87.71,110.36,128.86,160.45,1,-1
2001-10-12,89.14,87.91,108.20,128.10,159.95,1,-1
2001-10-15,89.14,88.07,106.01,127.23,159.48,1,-1
2001-10-16,89.51,88.42,103.91,126.37,159.04,1,-1
2001-10-17,89.57,88.75,101.86,125.09,158.63,1,-1
2001-10-18,89.79,88.80,99.82,123.62,158.20,1,-1
2001-10-19,89.61,88.85,97.78,122.08,157.78,1,-1
2001-10-22,89.27,88.88,95.98,120.58,157.42,1,-1
2001-10-23,88.33,88.74,94.31,119.01,157.11,-1,-1
2001-10-24,87.69,88.41,92.66,117.48,156.68,-1,-1
2001-10-25,86.51,88.01,90.95,115.93,156.30,-1,-1
2001-10-26,85.65,87.61,89.48,114.38,155.95,-1,-1
2001-10-29,85.03,87.41,88.54,112.81,155.62,-1,-1
2001-10-30,83.51,86.56,87.60,111.08,155.25,-1,-1
2001-10-31,80.85,85.06,86.85,109.07,154.74,-1,-1
2001-11-01,77.42,82.88,85.75,106.97,154.16,-1,-1
2001-11-02,73.99,80.84,84.78,105.04,153.52,-1,-1
2001-11-05,71.68,79.09,83.99,103.25,152.77,-1,-1
2001-11-06,69.17,77.41,83.29,101.46,151.98,-1,-1
2001-11-07,66.88,75.95,82.58,99.64,151.23,-1,-1
2001-11-08,65.98,74.74,82.05,97.90,150.44,-1,-1
2001-11-09,66.26,73.55,81.54,96.14,149.61,-1,-1
2001-11-12,68.36,72.89,81.28,94.58,148.82,-1,-1
2001-11-13,72.11,73.05,81.32,93.24,148.00,-1,-1
2001-11-14,74.79,73.23,81.22,91.93,147.18,1,-1
2001-11-15,77.46,73.32,81.06,90.68,146.39,1,-1
2001-11-16,80.29,73.59,80.94,89.45,145.67,1,-1
2001-11-19,83.01,74.50,80.90,88.40,145.05,1,-1
2001-11-20,85.20,75.73,80.93,87.37,144.35,1,-1
2001-11-21,86.34,77.35,80.86,86.38,143.63,1,-1
2001-11-23,86.98,79.54,80.96,85.53,142.96,1,-1
2001-11-26,88.69,81.74,81.11,84.93,142.38,1,-1
2001-11-27,90.62,84.04,81.40,84.70,141.81,1,-1
2001-11-28,91.97,86.13,81.52,84.53,141.28,1,-1
2001-11-29,92.53,87.77,81.60,84.56,140.73,1,-1
2001-11-30,93.47,89.34,81.79,84.48,140.20,1,-1
2001-12-03,94.20,90.27,81.94,84.48,139.67,1,-1
2001-12-04,93.88,90.43,82.04,84.46,139.09,1,-1
2001-12-05,93.15,90.92,82.24,84.57,138.57,1,-1
2001-12-06,92.55,91.59,82.54,84.72,138.01,1,-1
2001-12-07,92.68,92.32,82.96,84.93,137.50,1,-1
2001-12-10,92.87,92.70,83.28,85.10,136.95,1,-1
2001-12-11,92.57,93.02,83.55,85.18,136.40,-1,-1
2001-12-12,92.87,93.54,84.12,85.31,135.91,-1,-1
2001-12-13,93.13,93.50,84.90,85.37,135.46,-1,-1
2001-12-14,92.08,92.61,85.66,85.28,134.92,-1,-1
2001-12-17,90.79,91.67,86.46,85.21,134.38,-1,-1
2001-12-18,88.99,90.84,86.99,85.08,133.87,-1,-1
2001-12-19,87.17,90.02,87.48,85.01,133.33,-1,-1
2001-12-20,85.31,88.94,87.85,84.80,132.75,-1,-1
2001-12-21,83.89,88.38,88.30,84.67,132.23,-1,-1
2001-12-24,83.01,88.07,88.82,84.51,131.68,-1,-1
2001-12-26,84.28,88.18,89.38,84.60,131.13,-1,-1
2001-12-27,85.89,88.34,89.68,84.70,130.63,-1,-1
2001-12-28,88.11,88.55,90.10,84.88,130.23,-1,-1
2001-12-31,90.11,88.64,90.43,85.05,129.93,1,-1
2002-01-02,93.47,89.39,90.92,85.34,129.63,1,-1
2002-01-03,97.74,90.81,91.74,85.85,129.41,1,-1
2002-01-04,101.79,92.40,92.68,86.39,129.22,1,-1
2002-01-07,105.00,94.64,93.73,87.02,129.09,1,-1
2002-01-08,108.30,97.09,94.65,87.75,128.92,1,-1
2002-01-09,111.45,99.78,95.42,88.49,128.75,1,-1
2002-01-10,115.03,102.57,96.12,89.25,128.64,1,-1
2002-01-11,117.60,105.54,96.90,90.11,128.52,1,-1
2002-01-14,118.07,107.90,97.70,91.06,128.35,1,-1
2002-01-15,117.94,109.86,98.40,92.07,128.16,1,-1
2002-01-16,116.04,110.52,98.82,92.91,127.92,1,-1
2002-01-17,113.68,110.99,99.27,93.63,127.75,1,-1
2002-01-18,111.26,111.35,99.64,94.38,127.59,-1,-1
2002-01-22,107.74,111.39,99.67,94.97,127.39,-1,-1
2002-01-23,104.79,111.19,99.73,95.54,127.20,-1,-1
2002-01-24,101.91,109.99,99.80,96.06,127.03,-1,-1
2002-01-25,99.28,108.61,99.96,96.40,126.90,-1,-1
2002-01-28,97.41,106.72,99.88,96.45,126.72,-1,-1
2002-01-29,96.36,105.02,100.02,96.65,126.62,-1,-1
2002-01-30,94.35,102.80,100.17,96.75,126.48,-1,-1
2002-01-31,94.41,101.08,100.52,96.95,126.34,-1,-1
2002-02-01,94.26,99.52,100.96,97.12,126.22,-1,-1
2002-02-04,94.18,98.05,101.44,97.31,126.06,-1,-1
2002-02-05,94.29,96.78,102.06,97.51,125.92,-1,-1
2002-02-06,94.35,95.88,102.32,97.48,125.75,-1,-1
2002-02-07,93.71,95.04,102.52,97.35,125.55,-1,-1
2002-02-08,93.62,93.99,102.35,97.17,125.26,-1,-1
2002-02-11,92.34,93.38,102.02,97.00,125.00,-1,-1
2002-02-12,90.94,92.60,101.62,96.89,124.78,-1,-1
2002-02-13,90.13,92.15,101.44,96.85,124.55,-1,-1
2002-02-14,89.36,91.82,101.10,96.83,124.33,-1,-1
2002-02-15,89.12,91.74,100.32,96.82,124.09,-1,-1
2002-02-19,88.05,90.88,99.32,96.64,123.82,-1,-1
2002-02-20,87.54,90.58,98.28,96.46,123.47,-1,-1
2002-02-21,86.57,89.45,96.95,96.15,122.98,-1,-1
2002-02-22,85.69,88.32,95.61,95.89,122.55,-1,-1
2002-02-25,84.34,87.24,94.28,95.69,122.14,-1,-1
2002-02-26,83.06,86.21,93.04,95.46,121.72,-1,-1
2002-02-27,82.09,85.61,91.92,95.27,121.32,-1,-1
2002-02-28,81.75,84.90,90.87,95.19,120.89,-1,-1
2002-03-01,81.28,84.41,90.16,95.13,120.48,-1,-1
2002-03-04,82.11,84.34,89.58,95.18,120.07,-1,-1
2002-03-05,82.56,84.13,88.92,95.24,119.68,-1,-1
2002-03-06,83.16,83.75,88.55,95.39,119.33,-1,-1
2002-03-07,83.79,83.42,88.14,95.44,118.96,1,-1
2002-03-08,84.34,83.22,87.82,95.46,118.58,1,-1
2002-03-11,85.86,83.81,87.74,95.42,118.21,1,-1
2002-03-12,87.11,84.19,87.76,95.30,117.84,1,-1
2002-03-13,87.75,84.93,87.58,95.13,117.47,1,-1
2002-03-14,89.01,85.79,87.67,95.09,117.05,1,-1
2002-03-15,90.26,86.71,87.58,94.94,116.65,1,-1
2002-03-18,91.46,87.62,87.48,94.56,116.20,1,-1
2002-03-19,93.13,88.74,87.58,94.25,115.79,1,-1
2002-03-20,93.56,89.71,87.57,93.81,115.37,1,-1
2002-03-21,94.14,90.62,87.71,93.32,114.96,1,-1
2002-03-22,94.67,91.21,87.80,92.78,114.56,1,-1
2002-03-25,94.89,91.95,87.96,92.27,114.14,1,-1
2002-03-26,95.36,92.81,88.29,91.83,113.75,1,-1
2002-03-27,95.53,93.49,88.55,91.41,113.32,1,-1
2002-03-28,95.04,94.08,88.72,91.04,112.85,1,-1
2002-04-01,94.71,94.14,88.82,90.83,112.36,1,-1
2002-04-02,94.44,94.29,88.95,90.63,111.86,1,-1
2002-04-03,94.16,94.41,89.22,90.39,111.37,-1,-1
2002-04-04,93.75,94.32,89.42,90.31,110.87,-1,-1
2002-04-05,93.36,94.36,89.87,90.23,110.38,-1,-1
2002-04-08,92.91,94.22,90.24,90.15,109.91,-1,-1
2002-04-09,92.29,93.66,90.58,90.06,109.42,-1,-1
2002-04-10,91.86,93.29,90.88,90.05,108.96,-1,-1
2002-04-11,91.29,92.86,91.10,89.92,108.50,-1,-1
2002-04-12,90.86,92.51,91.35,89.90,108.09,-1,-1
2002-04-15,90.11,91.93,91.48,89.71,107.68,-1,-1
2002-04-16,89.55,91.46,91.60,89.57,107.29,-1,-1
2002-04-17,89.57,91.24,91.87,89.50,106.92,-1,-1
2002-04-18,89.70,91.00,92.10,89.42,106.55,-1,-1
2002-04-19,89.87,90.87,92.30,89.42,106.20,-1,-1
2002-04-22,89.91,90.60,92.40,89.38,105.83,-1,-1
2002-04-23,89.76,90.31,92.26,89.36,105.43,-1,-1
2002-04-24,89.76,89.94,92.10,89.35,105.03,-1,-1
2002-04-25,89.01,89.28,91.90,89.30,104.62,-1,-1
2002-04-26,87.36,88.47,91.48,89.12,104.25,-1,-1
2002-04-29,85.93,87.81,91.09,88.94,103.88,-1,-1
2002-04-30,84.90,87.39,90.76,88.83,103.54,-1,-1
2002-05-01,84.15,87.03,90.30,88.84,103.20,-1,-1
2002-05-02,83.66,86.71,89.95,88.82,102.87,-1,-1
2002-05-03,83.53,86.65,89.62,88.92,102.53,-1,-1
2002-05-06,83.06,86.04,89.19,88.93,102.17,-1,-1
2002-05-07,83.21,85.29,88.76,88.96,101.82,-1,-1
2002-05-08,83.57,84.75,88.34,89.01,101.48,-1,-1
2002-05-09,82.97,83.94,87.84,88.96,101.15,-1,-1
2002-05-10,82.20,83.18,87.30,88.90,100.81,-1,-1
2002-05-13,81.47,82.56,86.86,88.84,100.48,-1,-1
2002-05-14,81.47,82.50,86.60,88.83,100.21,-1,-1
2002-05-15,82.09,82.58,86.38,88.87,99.96,-1,-1
2002-05-16,82.97,83.09,86.25,88.93,99.72,-1,-1
2002-05-17,83.25,83.41,85.98,88.94,99.48,-1,-1
2002-05-20,84.17,83.57,85.80,88.93,99.25,1,-1
2002-05-21,85.33,83.76,85.68,88.83,99.02,1,-1
2002-05-22,86.64,84.05,85.64,88.78,98.79,1,-1
2002-05-23,87.62,84.55,85.74,88.82,98.48,1,-1
2002-05-24,88.99,85.54,85.94,88.86,98.16,1,-1
2002-05-28,90.81,86.89,86.41,89.01,97.84,1,-1
2002-05-29,92.59,87.92,86.69,89.10,97.52,1,-1
2002-05-30,93.79,88.98,86.78,89.02,97.17,1,-1
2002-05-31,95.16,90.25,86.96,89.05,96.84,1,-1
2002-06-03,95.61,91.12,86.98,88.99,96.50,1,-1
2002-06-04,95.27,91.45,86.99,88.90,96.14,1,-1
2002-06-05,94.74,91.86,87.10,88.84,95.79,1,-1
2002-06-06,92.72,91.77,87.10,88.64,95.41,1,-1
2002-06-07,91.11,91.85,87.18,88.48,95.01,-1,-1
2002-06-10,89.70,91.75,87.32,88.28,94.59,-1,-1
2002-06-11,88.01,91.59,87.44,88.11,94.22,-1,-1
2002-06-12,87.00,91.31,87.47,87.94,93.86,-1,-1
2002-06-13,86.27,90.77,87.48,87.80,93.51,-1,-1
2002-06-14,85.48,90.11,87.52,87.68,93.15,-1,-1
2002-06-17,85.67,89.20,87.60,87.56,92.81,-1,-1
2002-06-18,85.67,88.39,87.79,87.46,92.45,-1,-1
2002-06-19,85.74,87.72,87.92,87.36,92.10,-1,-1
2002-06-20,85.39,86.70,87.86,87.21,91.74,-1,-1
2002-06-21,84.92,85.96,87.92,87.05,91.39,-1,-1
2002-06-24,84.34,85.31,87.98,86.88,91.05,-1,-1
2002-06-25,84.17,84.82,88.16,86.85,90.74,-1,-1
2002-06-26,83.85,84.76,88.15,86.76,90.46,-1,-1
2002-06-27,83.74,84.71,88.18,86.65,90.21,-1,-1
2002-06-28,83.94,84.84,88.14,86.55,89.97,-1,-1
2002-07-01,84.39,84.89,88.13,86.44,89.72,-1,-1
2002-07-02,84.73,84.82,88.06,86.33,89.50,-1,-1
2002-07-03,84.99,84.66,87.90,86.21,89.36,1,-1
2002-07-05,84.84,84.50,87.73,86.16,89.26,1,-1
2002-07-08,83.96,83.90,87.30,86.06,89.20,1,-1
2002-07-09,82.99,83.37,86.78,86.04,89.12,-1,-1
2002-07-10,82.01,82.97,86.08,86.00,89.06,-1,-1
2002-07-11,80.89,82.64,85.40,85.88,89.00,-1,-1
2002-07-12,79.89,82.31,84.81,85.73,88.94,-1,-1
2002-07-15,79.07,82.03,84.15,85.57,88.89,-1,-1
2002-07-16,78.13,81.48,83.66,85.41,88.85,-1,-1
2002-07-17,78.02,80.99,83.28,85.35,88.82,-1,-1
2002-07-18,77.64,80.31,82.78,85.26,88.77,-1,-1
2002-07-19,77.76,79.89,82.60,85.19,88.74,-1,-1
2002-07-22,77.85,79.37,82.30,85.16,88.69,-1,-1
2002-07-23,77.87,78.88,82.05,85.12,88.63,-1,-1
2002-07-24,77.70,78.39,81.74,85.04,88.56,-1,-1
2002-07-25,77.51,77.82,81.44,84.85,88.49,-1,-1
2002-07-26,77.36,77.69,81.20,84.69,88.45,-1,-1
2002-07-29,77.27,77.45,80.87,84.46,88.39,-1,-1
2002-07-30,77.34,77.55,80.65,84.36,88.35,-1,-1
2002-07-31,77.68,77.76,80.44,84.25,88.29,-1,-1
2002-08-01,77.91,77.89,80.22,84.09,88.23,1,-1
2002-08-02,78.56,78.13,80.15,83.91,88.17,1,-1
2002-08-05,78.77,78.14,80.00,83.61,88.11,1,-1
2002-08-06,79.07,78.21,79.96,83.30,88.08,1,-1
2002-08-07,79.54,78.41,79.79,82.88,88.04,1,-1
2002-08-08,79.14,78.24,79.55,82.48,88.00,1,-1
2002-08-09,78.79,78.24,79.29,82.15,87.95,1,-1
2002-08-12,78.58,78.25,78.97,81.76,87.91,1,-1
2002-08-13,77.85,78.20,78.62,81.43,87.87,-1,-1
2002-08-14,77.66,78.21,78.36,81.15,87.83,-1,-1
2002-08-15,77.23,78.15,78.16,80.85,87.80,-1,-1
2002-08-16,77.12,78.33,77.99,80.70,87.82,-1,-1
2002-08-19,77.38,78.26,78.02,80.56,87.88,-1,-1
2002-08-20,77.61,78.20,78.03,80.46,87.96,-1,-1
2002-08-21,77.94,78.26,78.03,80.36,88.05,-1,-1
2002-08-22,78.32,78.09,78.03,80.21,88.10,1,-1
2002-08-23,78.36,78.01,78.00,80.04,88.15,1,-1
2002-08-26,78.60,77.91,78.04,79.88,88.21,1,-1
2002-08-27,78.47,77.80,78.07,79.69,88.26,1,-1
2002-08-28,78.19,77.79,78.05,79.51,88.29,1,-1
2002-08-29,77.87,77.74,78.09,79.36,88.29,1,-1
2002-08-30,77.55,77.74,77.97,79.26,88.24,-1,-1
2002-09-03,77.19,77.75,77.87,79.13,88.19,-1,-1
2002-09-04,77.21,77.79,77.84,79.04,88.14,-1,-1
2002-09-05,76.95,77.77,77.87,78.87,88.10,-1,-1
2002-09-06,76.78,77.62,77.90,78.70,88.04,-1,-1
2002-09-09,76.61,77.40,77.88,78.51,87.99,-1,-1
2002-09-10,76.65,77.26,77.94,78.34,87.96,-1,-1
2002-09-11,76.65,77.10,77.82,78.17,87.88,-1,-1
2002-09-12,76.95,77.07,77.70,78.04,87.78,-1,-1
2002-09-13,76.89,77.05,77.60,77.91,87.66,-1,-1
2002-09-16,76.71,76.83,77.44,77.74,87.56,-1,-1
2002-09-17,76.50,76.64,77.37,77.66,87.48,-1,-1
2002-09-18,76.11,76.36,77.19,77.55,87.39,-1,-1
2002-09-19,75.28,75.96,76.94,77.40,87.29,-1,-1
2002-09-20,74.29,75.47,76.68,77.25,87.20,-1,-1
2002-09-23,73.01,74.98,76.35,77.08,87.07,-1,-1
2002-09-24,71.68,74.28,75.99,76.87,86.93,-1,-1
2002-09-25,70.26,73.49,75.67,76.64,86.78,-1,-1
2002-09-26,67.99,72.25,75.11,76.25,86.61,-1,-1
2002-09-27,65.68,70.90,74.49,75.87,86.44,-1,-1
2002-09-30,62.66,68.97,73.57,75.28,86.24,-1,-1
2002-10-01,60.11,67.20,72.66,74.77,86.04,-1,-1
2002-10-02,58.20,65.60,71.82,74.32,85.89,-1,-1
2002-10-03,55.91,63.79,70.85,73.82,85.71,-1,-1
2002-10-04,54.06,62.16,70.01,73.35,85.56,-1,-1
2002-10-07,53.59,60.79,69.33,72.92,85.43,-1,-1
2002-10-08,53.61,59.65,68.67,72.56,85.34,-1,-1
2002-10-09,54.36,58.51,67.94,72.07,85.20,-1,-1
2002-10-10,54.30,57.20,67.08,71.49,85.03,-1,-1
2002-10-11,53.91,56.06,66.23,70.96,84.82,-1,-1
2002-10-14,54.09,55.00,65.38,70.40,84.60,-1,-1
2002-10-15,54.06,54.06,64.61,69.89,84.36,-1,-1
2002-10-16,53.46,53.53,63.79,69.34,84.15,-1,-1
2002-10-17,52.59,53.10,62.98,68.79,83.90,-1,-1
2002-10-18,51.92,53.14,62.14,68.26,83.60,-1,-1
2002-10-21,51.90,53.10,61.31,67.73,83.29,-1,-1
2002-10-22,51.79,52.85,60.43,67.21,82.96,-1,-1
2002-10-23,51.79,52.94,59.58,66.75,82.62,-1,-1
2002-10-24,51.69,52.88,58.72,66.26,82.27,-1,-1
2002-10-25,51.73,52.60,57.92,65.77,81.93,-1,-1
2002-10-28,52.44,52.51,57.32,65.33,81.62,-1,-1
2002-10-29,52.63,52.28,56.58,64.79,81.31,1,-1
2002-10-30,53.46,52.68,56.03,64.35,81.03,1,-1
2002-10-31,54.17,52.98,55.50,63.88,80.80,1,-1
2002-11-01,54.94,53.37,55.07,63.47,80.56,1,-1
2002-11-04,56.19,53.94,54.79,63.15,80.34,1,-1
2002-11-05,57.15,54.44,54.54,62.77,80.16,1,-1
2002-11-06,58.24,55.34,54.51,62.50,80.00,1,-1
2002-11-07,59.53,56.08,54.60,62.18,79.82,1,-1
2002-11-08,60.71,57.09,54.87,61.94,79.68,1,-1
2002-11-11,61.48,57.82,55.23,61.64,79.54,1,-1
2002-11-12,62.42,58.68,55.60,61.41,79.38,1,-1
2002-11-13,63.00,59.59,55.91,61.16,79.25,1,-1
2002-11-14,63.71,60.43,56.36,60.91,79.09,1,-1
2002-11-15,63.81,61.03,56.78,60.68,78.93,1,-1
2002-11-18,64.74,62.13,57.20,60.52,78.79,1,-1
2002-11-19,64.78,62.74,57.48,60.28,78.65,1,-1
2002-11-20,65.55,63.51,57.84,60.08,78.53,1,-1
2002-11-21,65.85,64.14,58.30,59.85,78.40,1,-1
2002-11-22,66.21,64.61,58.78,59.67,78.29,1,-1
2002-11-25,67.26,65.49,59.43,59.59,78.21,1,-1
2002-11-26,68.36,66.09,60.12,59.54,78.14,1,-1
2002-11-27,69.41,67.07,60.92,59.58,78.07,1,-1
2002-11-29,70.65,67.71,61.69,59.63,77.99,1,-1
2002-12-02,72.71,69.13,62.69,59.86,77.96,1,-1
2002-12-03,74.76,70.31,63.64,60.10,77.94,1,-1
2002-12-04,75.94,71.08,64.42,60.27,77.88,1,-1
2002-12-05,76.50,71.88,65.20,60.46,77.86,1,-1
2002-12-06,76.59,72.47,65.93,60.75,77.82,1,-1
2002-12-09,75.58,72.49,66.48,60.96,77.76,1,-1
2002-12-10,75.19,72.92,67.00,61.39,77.72,1,-1
2002-12-11,74.01,73.36,67.68,61.81,77.67,1,-1
2002-12-12,72.60,73.68,68.10,62.12,77.62,-1,-1
2002-12-13,72.04,73.99,68.59,62.53,77.56,-1,-1
2002-12-16,71.10,73.80,68.96,62.85,77.47,-1,-1
2002-12-17,70.18,73.38,69.19,63.07,77.39,-1,-1
2002-12-18,69.58,72.58,69.38,63.20,77.29,-1,-1
2002-12-19,67.82,71.51,69.23,63.27,77.16,-1,-1
2002-12-20,65.83,69.92,69.15,63.42,77.02,-1,-1
2002-12-23,63.54,68.07,68.76,63.46,76.83,-1,-1
2002-12-24,60.88,66.46,68.45,63.48,76.64,-1,-1
2002-12-26,58.39,64.75,68.02,63.45,76.44,-1,-1
2002-12-27,56.10,63.14,67.58,63.44,76.23,-1,-1
2002-12-30,53.98,61.78,67.11,63.39,76.02,-1,-1
2002-12-31,52.31,60.06,66.55,63.33,75.79,-1,-1
2003-01-02,50.98,58.40,65.94,63.29,75.55,-1,-1
2003-01-03,50.51,57.02,65.43,63.28,75.33,-1,-1
2003-01-06,50.29,55.59,64.89,63.27,75.11,-1,-1
2003-01-07,50.21,54.30,64.38,63.25,74.89,-1,-1
2003-01-08,50.10,53.10,63.82,63.21,74.67,-1,-1
2003-01-09,49.93,51.95,63.07,63.04,74.43,-1,-1
2003-01-10,50.21,51.26,62.32,62.99,74.20,-1,-1
2003-01-13,49.95,50.46,61.40,62.80,73.97,-1,-1
2003-01-14,49.56,50.04,60.51,62.64,73.75,-1,-1
2003-01-15,49.22,49.76,59.41,62.47,73.52,-1,-1
2003-01-16,49.22,49.71,58.41,62.27,73.31,-1,-1
2003-01-17,49.18,49.64,57.58,62.09,73.11,-1,-1
2003-01-21,49.24,49.59,56.71,61.78,72.88,-1,-1
2003-01-22,48.99,49.60,55.88,61.51,72.67,-1,-1
2003-01-23,49.14,49.54,55.23,61.18,72.46,-1,-1
2003-01-24,49.33,49.45,54.48,60.94,72.26,-1,-1
2003-01-27,49.37,49.30,53.66,60.64,72.06,1,-1
2003-01-28,49.18,49.20,52.95,60.34,71.86,-1,-1
2003-01-29,49.03,49.10,52.21,60.04,71.67,-1,-1
2003-01-30,48.96,49.10,51.54,59.70,71.46,-1,-1
2003-01-31,48.96,48.98,50.92,59.30,71.24,-1,-1
2003-02-03,48.77,48.95,50.38,58.94,71.03,-1,-1
2003-02-04,48.51,48.92,49.97,58.55,70.81,-1,-1
2003-02-05,48.28,48.82,49.57,58.18,70.60,-1,-1
2003-02-06,48.02,48.60,49.33,57.79,70.40,-1,-1
2003-02-07,47.89,48.46,49.18,57.33,70.20,-1,-1
2003-02-10,46.67,47.82,48.81,56.67,69.98,-1,-1
2003-02-11,44.91,46.94,48.32,55.88,69.76,-1,-1
2003-02-12,43.29,46.03,47.88,55.11,69.54,-1,-1
2003-02-13,41.53,45.02,47.46,54.19,69.29,-1,-1
2003-02-14,39.79,44.04,46.96,53.28,69.05,-1,-1
2003-02-18,38.14,43.08,46.44,52.50,68.80,-1,-1
2003-02-19,36.15,42.02,45.88,51.68,68.55,-1,-1
2003-02-20,35.14,40.91,45.30,50.86,68.30,-1,-1
2003-02-21,34.80,39.86,44.74,50.17,68.06,-1,-1
2003-02-24,34.97,39.13,44.39,49.48,67.83,-1,-1
2003-02-25,35.14,38.34,43.94,48.74,67.62,-1,-1
2003-02-26,35.16,37.48,43.50,48.04,67.40,-1,-1
2003-02-27,35.36,36.75,43.13,47.36,67.19,-1,-1
2003-02-28,35.66,35.90,42.72,46.72,66.94,-1,-1
2003-03-03,36.13,35.64,42.24,46.10,66.69,1,-1
2003-03-04,36.51,35.66,41.79,45.54,66.44,1,-1
2003-03-05,36.24,35.60,41.36,45.05,66.19,1,-1
2003-03-06,35.81,35.48,40.86,44.54,65.93,1,-1
2003-03-07,35.61,35.39,40.35,44.13,65.66,1,-1
2003-03-10,35.16,35.26,39.83,43.76,65.39,-1,-1
2003-03-11,34.82,35.24,39.32,43.42,65.09,-1,-1
2003-03-12,34.44,35.28,38.80,43.06,64.78,-1,-1
2003-03-13,34.05,35.28,38.29,42.75,64.45,-1,-1
2003-03-14,33.75,34.99,37.80,42.46,64.13,-1,-1
2003-03-17,33.73,34.77,37.31,42.13,63.82,-1,-1
2003-03-18,33.60,34.61,36.81,41.77,63.51,-1,-1
2003-03-19,33.79,34.48,36.39,41.45,63.22,-1,-1
2003-03-20,33.96,34.39,35.98,41.14,62.95,-1,-1
2003-03-21,34.54,34.49,35.66,40.89,62.68,1,-1
2003-03-24,35.06,34.55,35.30,40.66,62.43,1,-1
2003-03-25,35.70,34.72,35.24,40.42,62.19,1,-1
2003-03-26,36.86,35.29,35.43,40.29,61.97,1,-1
2003-03-27,38.10,35.85,35.60,40.16,61.76,1,-1
2003-03-28,38.98,36.39,35.79,40.02,61.54,1,-1
2003-03-31,39.90,36.93,36.01,39.84,61.33,1,-1
2003-04-01,40.52,37.53,36.21,39.67,61.10,1,-1
2003-04-02,41.40,38.23,36.52,39.57,60.88,1,-1
2003-04-03,42.06,38.88,36.86,39.46,60.66,1,-1
2003-04-04,42.26,39.56,37.17,39.33,60.45,1,-1
2003-04-07,42.96,40.53,37.47,39.27,60.27,1,-1
2003-04-08,44.12,41.55,37.89,39.28,60.11,1,-1
2003-04-09,45.62,42.76,38.44,39.34,59.97,1,-1
2003-04-10,46.82,43.67,38.88,39.37,59.80,1,-1
2003-04-11,48.06,44.73,39.42,39.44,59.63,1,-1
2003-04-14,49.54,45.80,39.99,39.54,59.47,1,-1
2003-04-15,50.64,46.45,40.47,39.59,59.29,1,-1
2003-04-16,51.47,47.22,41.02,39.68,59.12,1,-1
2003-04-17,51.73,47.92,41.60,39.76,58.96,1,-1
2003-04-21,51.11,48.36,42.06,39.77,58.78,1,-1
2003-04-22,50.87,48.85,42.55,39.78,58.61,1,-1
2003-04-23,50.46,49.26,43.07,39.97,58.46,1,-1
2003-04-24,50.38,49.96,43.71,40.30,58.33,1,-1
2003-04-25,50.94,50.79,44.40,40.66,58.20,1,-1
2003-04-28,51.06,51.27,45.06,41.02,58.08,-1,-1
2003-04-29,51.54,51.63,45.76,41.41,57.97,-1,-1
2003-04-30,52.37,51.74,46.44,41.76,57.85,1,-1
2003-05-01,53.59,52.23,47.17,42.22,57.75,1,-1
2003-05-02,54.99,52.72,47.98,42.75,57.65,1,-1
2003-05-05,56.79,53.58,48.90,43.38,57.60,1,-1
2003-05-06,58.39,54.66,49.85,43.94,57.52,1,-1
2003-05-07,60.17,55.62,50.77,44.52,57.46,1,-1
2003-05-08,62.31,56.92,51.70,45.21,57.42,1,-1
2003-05-09,64.65,58.51,52.64,45.86,57.39,1,-1
2003-05-12,67.93,60.76,53.92,46.74,57.41,1,-1
2003-05-13,71.12,63.05,55.26,47.65,57.44,1,-1
2003-05-14,74.74,65.76,56.88,48.73,57.51,1,-1
2003-05-15,78.84,68.61,58.58,49.90,57.57,1,-1
2003-05-16,82.35,71.26,60.17,51.04,57.62,1,-1
2003-05-19,84.17,73.24,61.48,52.01,57.64,1,-1
2003-05-20,84.77,74.71,62.39,52.81,57.61,1,-1
2003-05-21,83.61,75.77,63.14,53.57,57.58,1,-1
2003-05-22,82.69,76.91,63.91,54.40,57.56,1,-1
2003-05-23,80.89,77.82,64.83,55.29,57.55,1,-1
2003-05-27,79.24,79.04,65.86,56.27,57.58,1,-1
2003-05-28,78.49,80.42,66.92,57.31,57.61,-1,-1
2003-05-29,78.51,81.34,67.98,58.30,57.64,-1,1
2003-05-30,79.97,82.37,69.04,59.27,57.68,-1,1
2003-06-02,81.34,82.48,70.05,60.21,57.71,-1,1
2003-06-03,82.07,82.38,71.13,61.06,57.73,-1,1
2003-06-04,81.84,81.36,72.06,61.84,57.72,1,1
2003-06-05,81.94,80.59,73.20,62.75,57.74,1,1
2003-06-06,81.17,79.83,74.11,63.51,57.74,1,1
2003-06-09,80.08,79.30,74.79,64.17,57.71,1,1
2003-06-10,79.01,79.49,75.56,64.88,57.71,-1,1
2003-06-11,77.89,79.62,76.20,65.53,57.70,-1,1
2003-06-12,76.95,79.51,76.87,66.16,57.67,-1,1
2003-06-13,76.54,79.19,77.41,66.76,57.65,-1,1
2003-06-16,75.81,78.88,78.06,67.47,57.65,-1,1
2003-06-17,75.66,78.42,78.52,68.19,57.66,-1,1
2003-06-18,76.22,78.15,78.94,68.83,57.67,-1,1
2003-06-19,76.26,77.64,79.32,69.38,57.68,-1,1
2003-06-20,77.08,77.49,79.65,69.93,57.69,-1,1
2003-06-23,77.27,77.11,79.82,70.42,57.68,1,1
2003-06-24,77.53,77.04,79.65,70.88,57.68,1,1
2003-06-25,77.12,76.47,79.46,71.33,57.67,1,1
2003-06-26,76.35,76.01,78.89,71.79,57.65,1,1
2003-06-27,75.64,75.93,78.20,72.21,57.63,-1,1
2003-06-30,74.87,75.57,77.57,72.62,57.60,-1,1
2003-07-01,73.71,75.40,77.20,73.10,57.58,-1,1
2003-07-02,73.50,75.39,77.18,73.59,57.57,-1,1
2003-07-03,73.46,75.49,77.29,74.10,57.57,-1,1
2003-07-07,73.78,75.45,77.39,74.61,57.59,-1,1
2003-07-08,74.14,75.25,77.32,75.04,57.61,-1,1
2003-07-09,74.46,75.05,77.08,75.49,57.64,-1,1
2003-07-10,74.64,74.75,76.67,75.85,57.66,-1,1
2003-07-11,75.13,74.42,76.41,76.28,57.70,1,1
2003-07-14,75.36,74.43,76.11,76.64,57.75,1,1
2003-07-15,75.36,74.41,75.89,76.96,57.83,1,1
2003-07-16,74.94,74.36,75.72,77.15,57.92,1,1
2003-07-17,74.34,74.24,75.57,77.27,58.02,1,1
2003-07-18,73.97,74.22,75.22,77.42,58.12,-1,1
2003-07-21,73.59,74.11,74.90,77.43,58.20,-1,1
2003-07-22,72.92,74.02,74.74,77.44,58.30,-1,1
2003-07-23,71.87,73.62,74.45,77.19,58.37,-1,1
2003-07-24,70.59,72.98,74.18,76.88,58.42,-1,1
2003-07-25,69.54,72.24,73.99,76.42,58.47,-1,1
2003-07-28,69.34,71.84,73.89,75.94,58.54,-1,1
2003-07-29,69.43,71.70,73.74,75.61,58.65,-1,1
2003-07-30,69.75,71.67,73.52,75.41,58.75,-1,1
2003-07-31,69.79,71.36,73.24,75.34,58.85,-1,1
2003-08-01,70.61,71.24,73.12,75.37,58.95,-1,1
2003-08-04,71.14,70.86,72.80,75.26,59.04,1,1
2003-08-05,71.25,70.39,72.58,75.07,59.13,1,1
2003-08-06,70.84,70.09,72.32,74.76,59.20,1,1
2003-08-07,70.97,70.20,72.30,74.56,59.32,1,1
2003-08-08,70.41,70.08,72.13,74.28,59.41,1,1
2003-08-11,69.77,69.78,71.88,73.91,59.48,-1,1
2003-08-12,68.72,69.66,71.69,73.60,59.55,-1,1
2003-08-13,68.23,69.69,71.52,73.33,59.62,-1,1
2003-08-14,68.49,69.87,71.41,73.20,59.69,-1,1
2003-08-15,68.89,69.87,71.26,72.94,59.77,-1,1
2003-08-18,68.38,69.68,71.04,72.77,59.84,-1,1
2003-08-19,68.36,69.39,70.79,72.64,59.90,-1,1
2003-08-20,68.49,69.13,70.48,72.44,59.95,-1,1
2003-08-21,69.21,68.97,70.42,72.39,60.01,1,1
2003-08-22,69.64,68.94,70.24,72.30,60.06,1,1
2003-08-25,69.47,68.98,70.04,72.21,60.08,1,1
2003-08-26,69.06,68.98,69.79,71.99,60.11,1,1
2003-08-27,68.61,68.50,69.56,71.78,60.12,1,1
2003-08-28,68.83,68.59,69.50,71.60,60.16,1,1
2003-08-29,69.15,68.82,69.36,71.44,60.19,1,1
2003-09-02,69.30,69.26,69.42,71.30,60.23,1,1
2003-09-03,69.81,69.73,69.52,71.26,60.27,1,1
2003-09-04,69.92,69.70,69.59,71.15,60.29,1,1
2003-09-05,70.82,69.94,69.84,71.11,60.32,1,1
2003-09-08,71.44,70.03,70.01,71.09,60.35,1,1
2003-09-09,71.76,70.30,70.06,71.06,60.38,1,1
2003-09-10,71.74,70.45,69.90,71.01,60.39,1,1
2003-09-11,71.14,70.22,69.75,70.94,60.40,1,1
2003-09-12,70.46,70.14,69.67,70.83,60.38,1,1
2003-09-15,70.07,70.00,69.46,70.67,60.35,1,1
2003-09-16,69.39,70.10,69.44,70.49,60.32,-1,1
2003-09-17,68.61,70.03,69.40,70.32,60.28,-1,1
2003-09-18,67.22,69.49,69.22,70.04,60.18,-1,1
2003-09-19,66.04,68.89,68.74,69.80,60.09,-1,1
2003-09-22,65.01,68.08,68.49,69.52,60.02,-1,1
2003-09-23,64.39,67.42,68.41,69.30,59.96,-1,1
2003-09-24,63.94,67.01,68.34,69.08,59.91,-1,1
2003-09-25,63.19,66.29,68.26,68.85,59.89,-1,1
2003-09-26,62.44,65.53,67.98,68.66,59.84,-1,1
2003-09-29,62.68,64.95,67.77,68.46,59.79,-1,1
2003-09-30,62.83,64.44,67.45,68.30,59.74,-1,1
2003-10-01,63.30,64.16,67.31,68.18,59.71,-1,1
2003-10-02,63.21,63.80,67.18,68.08,59.68,-1,1
2003-10-03,63.30,63.62,66.96,68.06,59.67,-1,1
2003-10-06,63.30,63.25,66.78,67.98,59.67,1,1
2003-10-07,63.26,62.85,66.54,67.80,59.68,1,1
2003-10-08,63.09,62.88,66.38,67.58,59.69,1,1
2003-10-09,63.45,63.14,66.24,67.42,59.74,1,1
2003-10-10,63.41,63.35,66.04,67.28,59.80,1,1
2003-10-13,64.63,63.92,66.13,67.25,59.90,1,1
2003-10-14,66.51,64.91,66.32,67.41,60.04,1,1
2003-10-15,69.19,66.25,66.64,67.69,60.20,1,1
2003-10-16,72.28,67.77,67.08,68.00,60.37,1,1
2003-10-17,75.06,69.08,67.36,68.15,60.53,1,1
2003-10-20,77.87,70.66,67.74,68.46,60.70,1,1
2003-10-21,81.51,72.46,68.32,68.92,60.89,1,1
2003-10-22,84.15,74.39,69.03,69.41,61.09,1,1
2003-10-23,85.26,75.89,69.61,69.79,61.27,1,1
2003-10-24,85.35,77.27,70.11,70.05,61.44,1,1
2003-10-27,85.29,78.78,70.64,70.30,61.60,1,1
2003-10-28,85.86,80.46,71.21,70.60,61.79,1,1
2003-10-29,86.40,82.14,71.90,70.99,61.99,1,1
2003-10-30,86.61,84.06,72.85,71.46,62.20,1,1
2003-10-31,86.68,85.41,73.84,71.85,62.40,1,1
2003-11-03,87.54,86.40,74.86,72.30,62.61,1,1
2003-11-04,89.08,87.21,75.87,72.80,62.83,1,1
2003-11-05,90.96,88.12,76.94,73.36,63.07,1,1
2003-11-06,93.43,89.65,78.27,74.07,63.34,1,1
2003-11-07,95.87,91.14,79.69,74.77,63.62,1,1
2003-11-10,98.87,92.74,81.29,75.62,63.93,1,1
2003-11-11,100.82,93.75,82.70,76.27,64.21,1,1
2003-11-12,104.01,95.78,84.36,77.08,64.53,1,1
2003-11-13,106.67,97.88,86.01,77.94,64.85,1,1
2003-11-14,108.36,99.66,87.46,78.62,65.15,1,1
2003-11-17,108.86,101.14,88.90,79.31,65.44,1,1
2003-11-18,109.50,102.69,90.48,80.06,65.75,1,1
2003-11-19,109.16,104.01,92.04,80.86,66.06,1,1
2003-11-20,108.75,104.79,93.28,81.53,66.33,1,1
2003-11-21,107.38,105.70,94.62,82.25,66.61,1,1
2003-11-24,106.31,106.49,95.74,83.01,66.94,-1,1
2003-11-25,105.69,107.02,96.60,83.70,67.28,-1,1
2003-11-26,105.30,107.08,97.32,84.44,67.62,-1,1
2003-11-28,104.81,107.15,98.08,85.32,67.97,-1,1
2003-12-01,105.34,107.25,99.10,86.36,68.36,-1,1
2003-12-02,107.01,107.88,100.08,87.41,68.74,-1,1
2003-12-03,107.38,107.38,100.66,88.27,69.11,-1,1
2003-12-04,107.72,107.01,101.23,89.14,69.48,1,1
2003-12-05,107.25,106.47,101.72,89.87,69.81,1,1
2003-12-08,105.73,105.51,102.08,90.50,70.09,1,1
2003-12-09,104.19,104.50,102.48,91.13,70.38,-1,1
2003-12-10,101.53,103.44,102.76,91.78,70.68,-1,1
2003-12-11,99.34,103.18,103.10,92.46,70.98,-1,1
2003-12-12,98.42,102.90,103.42,93.20,71.30,-1,1
2003-12-15,97.78,102.75,103.82,93.97,71.64,-1,1
2003-12-16,98.36,102.80,104.25,94.78,71.98,-1,1
2003-12-17,100.20,102.96,104.67,95.68,72.33,-1,1
2003-12-18,101.55,102.87,104.95,96.51,72.68,-1,1
2003-12-19,103.22,102.38,105.04,97.35,73.05,1,1
2003-12-22,104.61,101.98,105.14,98.23,73.41,1,1
2003-12-23,105.69,102.05,105.01,98.95,73.78,1,1
2003-12-24,106.52,102.15,105.16,99.57,74.16,1,1
2003-12-26,107.31,102.84,105.02,100.12,74.54,1,1
2003-12-29,108.71,104.45,105.14,100.78,74.95,1,1
2003-12-30,110.29,105.92,105.40,101.44,75.36,1,1
2003-12-31,112.03,107.62,105.78,102.13,75.79,1,1
2004-01-02,115.65,110.13,106.57,103.00,76.28,1,1
2004-01-05,120.21,112.95,107.58,104.00,76.80,1,1
2004-01-06,123.45,114.99,108.58,104.92,77.27,1,1
2004-01-07,126.66,116.99,109.52,105.90,77.75,1,1
2004-01-08,129.77,119.24,110.62,107.00,78.25,1,1
2004-01-09,133.05,121.67,111.79,108.05,78.73,1,1
2004-01-12,137.06,124.54,113.20,109.22,79.25,1,1
2004-01-13,138.86,127.25,114.52,110.32,79.78,1,1
2004-01-14,140.29,130.25,115.74,111.50,80.32,1,1
2004-01-15,142.93,133.19,116.96,112.67,80.86,1,1
2004-01-16,145.65,136.16,118.45,113.82,81.40,1,1
2004-01-20,146.61,138.19,119.70,114.80,81.91,1,1
2004-01-21,145.37,139.21,120.68,115.32,82.34,1,1
2004-01-22,141.36,139.21,121.51,115.59,82.70,1,1
2004-01-23,135.56,137.21,121.84,115.46,82.98,-1,1
2004-01-26,129.79,135.04,122.34,115.56,83.26,-1,1
2004-01-27,123.86,133.39,122.68,115.45,83.55,-1,1
2004-01-28,116.91,131.28,122.76,115.25,83.81,-1,1
2004-01-29,110.59,128.60,122.68,115.11,84.04,-1,1
2004-01-30,106.82,126.10,122.66,115.04,84.31,-1,1
2004-02-02,105.02,123.19,122.64,114.97,84.57,-1,1
2004-02-03,105.34,120.45,122.72,114.92,84.85,-1,1
2004-02-04,104.21,117.00,122.56,114.92,85.12,-1,1
2004-02-05,102.90,113.38,122.29,114.82,85.37,-1,1
2004-02-06,103.07,109.99,122.15,114.80,85.65,-1,1
2004-02-09,103.82,107.21,122.06,114.85,85.91,-1,1
2004-02-10,103.93,105.38,121.87,114.85,86.16,-1,1
2004-02-11,103.99,104.51,121.54,114.85,86.43,-1,1
2004-02-12,103.80,104.57,121.20,114.70,86.68,-1,1
2004-02-13,104.27,104.24,120.76,114.54,86.94,1,1
2004-02-17,105.94,104.42,120.02,114.62,87.21,1,1
2004-02-18,107.04,105.05,119.08,114.70,87.47,1,1
2004-02-19,108.00,105.91,118.45,114.95,87.71,1,1
2004-02-20,109.09,106.51,117.77,115.32,87.94,1,1
2004-02-23,109.76,106.88,116.86,115.63,88.16,1,1
2004-02-24,109.86,106.83,115.80,115.87,88.35,1,1
2004-02-25,109.89,107.08,114.42,116.02,88.52,1,1
2004-02-26,108.94,107.44,113.04,116.09,88.64,1,1
2004-02-27,107.98,107.51,111.54,116.13,88.76,1,1
2004-03-01,107.40,107.70,110.16,116.22,88.85,-1,1
2004-03-02,106.46,107.78,108.62,116.19,88.90,-1,1
2004-03-03,105.60,107.68,107.30,116.20,88.97,-1,1
2004-03-04,105.26,107.56,106.44,116.16,89.08,-1,1
2004-03-05,105.56,107.72,106.06,116.15,89.25,-1,1
2004-03-08,105.54,107.24,106.04,116.07,89.41,-1,1
2004-03-09,104.91,106.45,105.73,115.91,89.54,-1,1
2004-03-10,103.39,105.40,105.38,115.67,89.64,-1,1
2004-03-11,101.76,104.11,105.09,115.22,89.69,-1,1
2004-03-12,100.93,103.26,105.04,114.89,89.76,-1,1
2004-03-15,99.90,102.58,104.82,114.46,89.83,-1,1
2004-03-16,98.87,102.21,104.62,113.80,89.91,-1,1
2004-03-17,98.21,101.87,104.37,112.99,90.00,-1,1
2004-03-18,98.53,101.72,104.41,112.42,90.11,-1,1
2004-03-19,99.24,101.31,104.53,111.83,90.25,-1,1
2004-03-22,99.77,100.77,104.32,111.02,90.32,-1,1
2004-03-23,100.01,100.47,104.15,110.26,90.42,-1,1
2004-03-24,100.11,100.01,103.93,109.29,90.53,1,1
2004-03-25,100.65,99.76,103.84,108.45,90.67,1,1
2004-03-26,101.40,99.80,103.81,107.55,90.82,1,1
2004-03-29,101.94,100.23,103.86,106.68,90.99,1,1
2004-03-30,102.36,100.80,103.70,105.77,91.15,1,1
2004-03-31,103.44,101.60,103.48,104.98,91.28,1,1
2004-04-01,103.71,101.86,103.15,104.43,91.40,1,1
2004-04-02,105.00,102.56,102.98,104.20,91.54,1,1
2004-04-05,105.26,102.95,102.80,104.21,91.68,1,1
2004-04-06,105.58,103.49,102.81,104.16,91.82,1,1
2004-04-07,105.49,103.71,102.84,104.11,91.98,1,1
2004-04-08,105.34,103.85,102.86,104.15,92.12,1,1
2004-04-12,105.30,104.37,102.85,104.24,92.27,1,1
2004-04-13,105.39,104.55,102.68,104.23,92.42,1,1
2004-04-14,104.51,104.75,102.52,104.12,92.55,-1,1
2004-04-15,103.18,104.22,102.23,103.90,92.67,-1,1
2004-04-16,101.79,103.68,102.00,103.82,92.80,-1,1
2004-04-19,100.89,103.19,101.75,103.83,92.93,-1,1
2004-04-20,99.77,102.56,101.51,103.69,93.04,-1,1
2004-04-21,98.55,101.92,101.37,103.50,93.14,-1,1
2004-04-22,97.18,101.28,101.23,103.28,93.22,-1,1
2004-04-23,96.66,100.59,101.33,103.10,93.33,-1,1
2004-04-26,96.77,99.98,101.26,102.92,93.45,-1,1
2004-04-27,96.69,99.24,101.25,102.76,93.56,-1,1
2004-04-28,95.55,98.22,100.98,102.37,93.64,-1,1
2004-04-29,94.52,97.15,100.65,101.93,93.71,-1,1
2004-04-30,93.28,95.91,100.14,101.44,93.78,-1,1
2004-05-03,93.09,95.13,99.80,101.04,93.88,-1,1
2004-05-04,92.81,94.74,99.70,100.72,93.99,-1,1
2004-05-05,92.23,94.50,99.44,100.45,94.10,-1,1
2004-05-06,91.01,93.85,99.12,100.11,94.19,-1,1
2004-05-07,90.66,93.11,98.64,99.81,94.30,-1,1
2004-05-10,89.31,91.92,97.83,99.32,94.37,-1,1
2004-05-11,88.50,90.89,97.01,98.79,94.44,-1,1
2004-05-12,86.68,89.88,96.14,98.27,94.49,-1,1
2004-05-13,83.96,88.38,95.16,97.70,94.50,-1,1
2004-05-14,81.79,87.01,94.33,97.17,94.52,-1,1
2004-05-17,79.93,85.47,93.28,96.52,94.54,-1,1
2004-05-18,77.85,84.26,92.25,95.94,94.55,-1,1
2004-05-19,77.38,83.35,91.25,95.47,94.59,-1,1
2004-05-20,76.50,82.50,90.24,95.02,94.62,-1,1
2004-05-21,75.94,81.31,89.28,94.66,94.66,-1,-1
2004-05-24,75.81,79.89,88.28,94.18,94.66,-1,-1
2004-05-25,75.41,78.60,87.34,93.74,94.70,-1,-1
2004-05-26,75.47,77.70,86.50,93.25,94.74,-1,-1
2004-05-27,75.90,76.88,85.88,92.81,94.80,-1,-1
2004-05-28,76.18,76.78,85.28,92.34,94.87,-1,-1
2004-06-01,76.39,76.45,84.53,91.83,94.90,-1,-1
2004-06-02,76.56,76.25,83.86,91.41,94.93,1,-1
2004-06-03,76.67,76.24,83.18,90.91,94.96,1,-1
2004-06-04,76.71,76.06,82.56,90.46,94.99,1,-1
2004-06-07,77.06,76.26,81.92,89.95,95.04,1,-1
2004-06-08,77.25,76.58,81.33,89.43,95.08,1,-1
2004-06-09,77.10,76.64,80.70,88.86,95.13,1,-1
2004-06-10,77.42,76.91,80.30,88.34,95.18,1,-1
2004-06-14,78.51,77.54,80.12,87.92,95.26,1,-1
2004-06-15,80.53,78.60,80.20,87.67,95.37,1,-1
2004-06-16,82.20,79.46,80.02,87.27,95.46,1,-1
2004-06-17,82.86,79.96,79.60,86.81,95.52,1,-1
2004-06-18,83.57,80.41,79.31,86.35,95.58,1,-1
2004-06-21,84.54,80.82,79.19,85.93,95.64,1,-1
2004-06-22,85.20,81.31,79.03,85.52,95.71,1,-1
2004-06-23,85.09,81.80,79.14,85.09,95.76,1,-1
2004-06-24,84.34,82.44,79.23,84.72,95.82,1,-1
2004-06-25,84.19,83.20,79.44,84.43,95.89,1,-1
2004-06-28,84.60,83.73,79.76,84.21,95.97,1,-1
2004-06-29,84.79,84.18,80.01,83.97,96.06,1,-1
2004-06-30,85.14,84.84,80.41,83.72,96.16,1,-1
2004-07-01,85.65,85.42,80.84,83.54,96.26,1,-1
2004-07-02,86.42,85.76,81.25,83.39,96.36,1,-1
2004-07-06,86.53,85.44,81.57,83.23,96.45,1,-1
2004-07-07,85.93,85.06,81.77,82.92,96.55,1,-1
2004-07-08,84.49,84.55,81.78,82.49,96.62,-1,-1
2004-07-09,83.55,84.17,81.91,82.13,96.71,-1,-1
2004-07-12,81.94,83.54,81.92,81.82,96.77,-1,-1
2004-07-13,80.25,82.95,81.86,81.54,96.83,-1,-1
2004-07-14,77.98,82.20,81.67,81.25,96.88,-1,-1
2004-07-15,76.01,81.27,81.48,80.84,96.93,-1,-1
2004-07-16,74.42,80.18,81.27,80.35,96.96,-1,-1
2004-07-19,74.68,79.59,81.32,80.03,97.04,-1,-1
2004-07-20,74.19,78.87,81.32,79.78,97.09,-1,-1
2004-07-21,72.77,77.36,80.92,79.31,97.10,-1,-1
2004-07-22,70.93,75.59,80.39,78.97,97.10,-1,-1
2004-07-23,69.36,73.67,79.87,78.57,97.09,-1,-1
2004-07-26,67.99,72.00,79.28,78.22,97.09,-1,-1
2004-07-27,66.81,70.62,78.54,77.95,97.09,-1,-1
2004-07-28,64.59,69.63,77.60,77.62,97.07,-1,-1
2004-07-29,62.08,68.13,76.62,77.28,97.04,-1,-1
2004-07-30,60.96,66.87,75.81,76.95,96.98,-1,-1
2004-08-02,60.02,65.47,74.89,76.54,96.87,-1,-1
2004-08-03,58.78,64.07,73.86,76.09,96.73,-1,-1
2004-08-04,57.41,62.70,72.80,75.63,96.57,-1,-1
2004-08-05,56.01,61.41,71.75,75.18,96.42,-1,-1
2004-08-06,54.51,59.55,70.63,74.70,96.26,-1,-1
2004-08-09,53.01,57.55,69.35,74.14,96.05,-1,-1
2004-08-10,51.54,56.25,68.10,73.54,95.84,-1,-1
2004-08-11,50.19,55.10,66.82,72.90,95.64,-1,-1
2004-08-12,49.05,53.91,65.44,72.26,95.45,-1,-1
2004-08-13,47.98,52.69,64.00,71.62,95.26,-1,-1
2004-08-16,47.10,51.56,62.58,71.04,95.07,-1,-1
2004-08-17,46.78,50.65,61.36,70.51,94.87,-1,-1
2004-08-18,47.19,50.10,60.31,69.95,94.67,-1,-1
2004-08-19,47.66,49.60,59.50,69.39,94.47,-1,-1
2004-08-20,48.11,49.15,58.54,68.84,94.26,-1,-1
2004-08-23,48.99,49.02,57.74,68.28,94.05,-1,-1
2004-08-24,50.16,49.07,56.98,67.66,93.84,1,-1
2004-08-25,51.43,49.26,56.39,66.96,93.60,1,-1
2004-08-26,52.33,49.55,55.84,66.33,93.35,1,-1
2004-08-27,53.10,50.14,55.34,65.79,93.07,1,-1
2004-08-30,53.21,50.43,54.49,65.14,92.80,1,-1
2004-08-31,53.01,50.56,53.60,64.42,92.48,1,-1
2004-09-01,52.80,50.89,53.09,63.75,92.17,1,-1
2004-09-02,52.71,51.44,52.74,63.12,91.89,1,-1
2004-09-03,52.48,51.95,52.45,62.50,91.62,1,-1
2004-09-07,52.41,52.37,52.20,61.88,91.35,1,-1
2004-09-08,52.18,52.64,51.92,61.25,91.07,-1,-1
2004-09-09,52.48,52.84,51.66,60.62,90.83,-1,-1
2004-09-10,53.23,53.12,51.54,59.96,90.58,1,-1
2004-09-13,54.13,53.46,51.49,59.33,90.34,1,-1
2004-09-14,54.75,53.73,51.50,58.69,90.11,1,-1
2004-09-15,55.09,53.79,51.59,58.10,89.86,1,-1
2004-09-16,55.11,53.76,51.66,57.56,89.61,1,-1
2004-09-17,55.35,53.76,51.76,57.17,89.32,1,-1
2004-09-20,55.50,53.99,51.90,56.69,89.03,1,-1
2004-09-21,55.52,54.38,52.12,56.26,88.77,1,-1
2004-09-22,55.16,54.64,52.34,55.82,88.50,1,-1
2004-09-23,54.69,54.72,52.56,55.43,88.27,-1,-1
2004-09-24,54.39,54.74,52.83,55.07,88.07,-1,-1
2004-09-27,53.89,54.50,53.04,54.69,87.85,-1,-1
2004-09-28,52.95,54.15,53.13,54.13,87.62,-1,-1
2004-09-29,52.03,53.76,53.12,53.59,87.37,-1,-1
2004-09-30,51.30,53.41,53.08,53.25,87.12,-1,-1
2004-10-01,50.76,52.96,53.06,53.00,86.85,-1,-1
2004-10-04,50.31,52.50,53.07,52.76,86.59,-1,-1
2004-10-05,49.91,52.15,53.04,52.54,86.31,-1,-1
2004-10-06,49.80,51.85,52.96,52.31,86.04,-1,-1
2004-10-07,50.08,51.51,52.81,52.10,85.76,-1,-1
2004-10-08,50.46,51.25,52.68,51.96,85.48,-1,-1
2004-10-11,50.42,50.86,52.46,51.78,85.18,-1,-1
2004-10-12,50.01,50.39,52.31,51.60,84.88,-1,-1
2004-10-13,49.59,49.95,52.27,51.47,84.56,-1,-1
2004-10-14,48.84,49.37,52.12,51.34,84.21,-1,-1
2004-10-15,48.24,49.02,51.91,51.22,83.87,-1,-1
2004-10-18,47.70,48.89,51.70,51.14,83.51,-1,-1
2004-10-19,46.82,48.64,51.38,51.10,83.07,-1,-1
2004-10-20,46.35,48.39,51.10,51.05,82.60,-1,-1
2004-10-21,45.28,47.65,50.64,50.91,82.14,-1,-1
2004-10-22,44.06,46.82,50.13,50.78,81.67,-1,-1
2004-10-25,42.21,45.52,49.34,50.54,81.15,-1,-1
2004-10-26,40.41,44.32,48.57,50.28,80.62,-1,-1
2004-10-27,38.57,43.14,47.84,49.99,80.06,-1,-1
2004-10-28,36.43,41.62,47.02,49.59,79.48,-1,-1
2004-10-29,34.31,40.33,46.19,49.18,78.89,-1,-1
2004-11-01,33.00,39.14,45.38,48.80,78.29,-1,-1
2004-11-02,31.89,37.97,44.62,48.38,77.69,-1,-1
2004-11-03,31.20,36.71,43.75,47.88,77.11,-1,-1
2004-11-04,30.00,35.21,42.81,47.28,76.59,-1,-1
2004-11-05,29.08,33.83,41.94,46.74,76.13,-1,-1
2004-11-08,28.54,32.49,41.10,46.15,75.74,-1,-1
2004-11-09,27.90,31.10,40.35,45.64,75.32,-1,-1
2004-11-10,27.36,30.18,39.63,45.20,74.92,-1,-1
2004-11-11,26.91,29.40,38.92,44.76,74.54,-1,-1
2004-11-12,26.87,29.04,38.17,44.26,74.18,-1,-1
2004-11-15,27.43,28.71,37.47,43.78,73.81,-1,-1
2004-11-16,28.05,28.56,36.84,43.33,73.44,-1,-1
2004-11-17,29.49,29.01,36.36,42.98,73.08,1,-1
2004-11-18,30.73,29.31,35.83,42.59,72.75,1,-1
2004-11-19,31.71,29.54,35.26,42.19,72.42,1,-1
2004-11-22,32.55,29.73,34.76,41.74,72.07,1,-1
2004-11-23,33.39,30.13,34.29,41.27,71.71,1,-1
2004-11-24,33.92,30.68,33.82,40.81,71.36,1,-1
2004-11-26,33.99,31.02,33.38,40.37,70.99,1,-1
2004-11-29,33.34,31.41,32.89,39.89,70.62,1,-1
2004-11-30,32.74,31.74,32.34,39.41,70.25,1,-1
2004-12-01,32.31,32.01,31.87,38.94,69.85,1,-1
2004-12-02,31.93,32.24,31.39,38.48,69.44,-1,-1
2004-12-03,31.69,32.54,31.12,38.05,69.04,-1,-1
2004-12-06,31.91,32.91,30.98,37.66,68.66,-1,-1
2004-12-07,32.29,33.14,31.06,37.34,68.28,-1,-1
2004-12-08,32.64,32.99,31.08,37.05,67.92,-1,-1
2004-12-09,33.09,32.91,31.06,36.76,67.56,1,-1
2004-12-10,33.56,32.94,31.20,36.46,67.21,1,-1
2004-12-13,34.03,32.98,31.32,36.14,66.86,1,-1
2004-12-14,34.37,33.03,31.44,35.82,66.49,1,-1
2004-12-15,34.20,33.05,31.52,35.47,66.13,1,-1
2004-12-16,33.79,33.04,31.66,35.10,65.76,1,-1
2004-12-17,33.54,33.09,31.90,34.73,65.41,1,-1
2004-12-20,33.28,33.18,32.04,34.35,65.03,1,-1
2004-12-21,32.85,33.20,32.20,34.00,64.67,-1,-1
2004-12-22,32.44,33.24,32.38,33.68,64.32,-1,-1
2004-12-23,32.19,33.28,32.57,33.38,63.99,-1,-1
2004-12-27,31.95,33.08,32.70,33.10,63.68,-1,-1
2004-12-28,31.78,32.79,32.81,32.80,63.34,-1,-1
2004-12-29,31.74,32.64,32.90,32.50,63.02,-1,-1
2004-12-30,31.80,32.54,32.92,32.25,62.68,-1,-1
2004-12-31,32.19,32.52,32.84,32.02,62.35,-1,-1
2005-01-03,32.57,32.51,32.82,31.90,62.01,1,-1
2005-01-04,32.61,32.40,32.78,31.78,61.66,1,-1
2005-01-05,32.70,32.32,32.73,31.77,61.34,1,-1
2005-01-06,32.79,32.28,32.67,31.73,60.99,1,-1
2005-01-07,32.81,32.27,32.65,31.69,60.66,1,-1
2005-01-10,32.98,32.39,32.68,31.76,60.31,1,-1
2005-01-11,32.74,32.46,32.70,31.80,59.95,1,-1
2005-01-12,32.38,32.48,32.73,31.82,59.58,-1,-1
2005-01-13,32.29,32.45,32.78,31.84,59.21,-1,-1
2005-01-14,32.29,32.50,32.82,31.92,58.84,-1,-1
2005-01-18,32.34,32.56,32.82,32.06,58.49,-1,-1
2005-01-19,32.21,32.51,32.71,32.13,58.12,-1,-1
2005-01-20,31.82,32.40,32.57,32.22,57.74,-1,-1
2005-01-21,31.67,32.21,32.47,32.33,57.36,-1,-1
2005-01-24,31.61,31.99,32.39,32.41,56.99,-1,-1
2005-01-25,31.54,31.92,32.30,32.49,56.63,-1,-1
2005-01-26,31.54,31.92,32.24,32.58,56.26,-1,-1
2005-01-27,31.07,31.70,32.05,32.57,55.89,-1,-1
2005-01-28,30.60,31.40,31.88,32.49,55.53,-1,-1
2005-01-31,30.17,31.00,31.72,32.32,55.19,-1,-1
2005-02-01,29.87,30.77,31.62,32.20,54.85,-1,-1
2005-02-02,29.55,30.58,31.51,32.11,54.49,-1,-1
2005-02-03,29.06,30.30,31.42,32.00,54.15,-1,-1
2005-02-04,28.52,30.03,31.32,31.90,53.81,-1,-1
2005-02-07,28.11,29.59,31.10,31.76,53.47,-1,-1
2005-02-08,28.07,29.34,30.97,31.66,53.13,-1,-1
2005-02-09,28.09,29.13,30.86,31.58,52.78,-1,-1
2005-02-10,28.05,28.96,30.76,31.55,52.45,-1,-1
2005-02-11,28.16,28.85,30.66,31.52,52.14,-1,-1
2005-02-14,28.33,28.69,30.52,31.49,51.83,-1,-1
2005-02-15,28.48,28.50,30.36,31.45,51.54,-1,-1
2005-02-16,28.86,28.49,30.22,31.33,51.23,1,-1
2005-02-17,28.86,28.47,30.08,31.18,50.89,1,-1
2005-02-18,28.86,28.48,29.95,31.06,50.57,1,-1
2005-02-22,28.54,28.30,29.76,30.91,50.26,1,-1
2005-02-23,28.05,28.10,29.52,30.75,49.94,-1,-1
2005-02-24,27.58,27.95,29.32,30.59,49.67,-1,-1
2005-02-25,27.09,27.78,29.13,30.43,49.40,-1,-1
2005-02-28,26.66,27.76,28.91,30.27,49.13,-1,-1
2005-03-01,26.42,27.64,28.70,30.15,48.88,-1,-1
2005-03-02,26.21,27.54,28.52,30.03,48.62,-1,-1
2005-03-03,26.12,27.33,28.34,29.91,48.38,-1,-1
2005-03-04,26.04,27.04,28.17,29.80,48.13,-1,-1
2005-03-07,25.99,26.79,27.99,29.69,47.88,-1,-1
2005-03-08,25.91,26.50,27.80,29.55,47.62,-1,-1
2005-03-09,25.86,26.26,27.58,29.42,47.37,-1,-1
2005-03-10,25.67,26.05,27.33,29.29,47.12,-1,-1
2005-03-11,25.39,25.80,27.20,29.14,46.87,-1,-1
2005-03-14,25.18,25.65,27.08,28.98,46.62,-1,-1
2005-03-15,25.11,25.58,26.98,28.81,46.35,-1,-1
2005-03-16,24.79,25.39,26.80,28.60,46.08,-1,-1
2005-03-17,24.62,25.26,26.65,28.43,45.81,-1,-1
2005-03-18,24.34,25.10,26.49,28.25,45.55,-1,-1
2005-03-21,23.96,24.81,26.27,28.06,45.28,-1,-1
2005-03-22,23.66,24.52,26.15,27.86,45.01,-1,-1
2005-03-23,23.46,24.32,26.00,27.65,44.74,-1,-1
2005-03-24,23.16,24.14,25.84,27.47,44.46,-1,-1
2005-03-28,23.29,24.04,25.69,27.33,44.19,-1,-1
2005-03-29,23.40,24.01,25.54,27.18,43.92,-1,-1
2005-03-30,23.87,24.11,25.44,27.07,43.63,-1,-1
2005-03-31,24.51,24.24,25.35,26.96,43.32,1,-1
2005-04-01,25.20,24.43,25.30,26.88,43.02,1,-1
2005-04-04,25.63,24.55,25.24,26.78,42.74,1,-1
2005-04-05,25.91,24.54,25.14,26.66,42.44,1,-1
2005-04-06,26.19,24.74,25.14,26.57,42.15,1,-1
2005-04-07,26.27,24.84,25.12,26.44,41.86,1,-1
2005-04-08,26.21,25.04,25.12,26.32,41.57,1,-1
2005-04-11,26.10,25.31,25.12,26.26,41.28,1,-1
2005-04-12,25.80,25.50,25.10,26.21,40.97,1,-1
2005-04-13,25.44,25.53,25.02,26.12,40.67,-1,-1
2005-04-14,25.26,25.59,24.92,26.02,40.36,-1,-1
2005-04-15,24.73,25.46,24.82,25.89,40.04,-1,-1
2005-04-18,24.49,25.38,24.76,25.81,39.72,-1,-1
2005-04-19,24.21,25.21,24.71,25.72,39.39,-1,-1
2005-04-20,23.87,24.99,24.64,25.67,39.08,-1,-1
2005-04-21,23.89,24.85,24.64,25.62,38.80,-1,-1
2005-04-22,24.32,24.88,24.70,25.59,38.56,-1,-1
2005-04-25,24.54,24.90,24.72,25.52,38.29,-1,-1
2005-04-26,24.84,24.78,24.74,25.43,38.04,1,-1
2005-04-27,24.90,24.70,24.72,25.33,37.78,1,-1
2005-04-28,24.84,24.52,24.72,25.21,37.53,1,-1
2005-04-29,24.86,24.36,24.70,25.11,37.29,1,-1
2005-05-02,24.77,24.33,24.74,25.05,37.07,1,-1
2005-05-03,24.36,24.34,24.80,24.96,36.80,1,-1
2005-05-04,24.17,24.35,24.85,24.91,36.54,-1,-1
2005-05-05,24.11,24.47,24.89,24.88,36.34,-1,-1
2005-05-06,24.19,24.55,24.96,24.85,36.15,-1,-1
2005-05-09,24.41,24.62,24.98,24.84,35.96,-1,-1
2005-05-10,24.58,24.72,24.97,24.82,35.78,-1,-1
2005-05-11,24.75,24.76,24.94,24.82,35.59,-1,-1
2005-05-12,25.03,24.70,24.92,24.80,35.41,1,-1
2005-05-13,25.26,24.72,24.86,24.79,35.25,1,-1
2005-05-16,25.26,24.69,24.80,24.77,35.09,1,-1
2005-05-17,25.20,24.70,24.79,24.74,34.93,1,-1
2005-05-18,25.09,24.75,24.72,24.72,34.78,1,-1
2005-05-19,25.03,24.80,24.68,24.70,34.64,1,-1
2005-05-20,24.81,24.78,24.62,24.70,34.50,1,-1
2005-05-23,24.64,24.84,24.58,24.69,34.37,-1,-1
2005-05-24,24.41,24.84,24.54,24.68,34.25,-1,-1
2005-05-25,24.51,24.89,24.59,24.68,34.14,-1,-1
2005-05-26,24.51,24.86,24.62,24.70,34.03,-1,-1
2005-05-27,24.62,24.86,24.70,24.72,33.93,-1,-1
2005-05-31,24.69,24.86,24.72,24.75,33.83,-1,-1
2005-06-01,24.58,24.70,24.70,24.78,33.71,-1,-1
2005-06-02,24.58,24.61,24.74,24.82,33.59,-1,-1
2005-06-03,24.64,24.52,24.71,24.85,33.46,1,-1
2005-06-06,24.56,24.54,24.64,24.88,33.33,1,-1
2005-06-07,24.51,24.51,24.61,24.87,33.20,-1,-1
2005-06-08,24.21,24.42,24.56,24.84,33.06,-1,-1
2005-06-09,24.09,24.39,24.54,24.78,32.91,-1,-1
2005-06-10,24.28,24.43,24.58,24.75,32.76,-1,-1
2005-06-13,24.17,24.38,24.58,24.68,32.61,-1,-1
2005-06-14,24.06,24.35,24.54,24.63,32.45,-1,-1
2005-06-15,23.89,24.22,24.54,24.60,32.31,-1,-1
2005-06-16,23.72,24.12,24.50,24.53,32.18,-1,-1
2005-06-17,23.66,23.94,24.45,24.47,32.04,-1,-1
2005-06-20,23.12,23.60,24.28,24.35,31.88,-1,-1
2005-06-21,22.44,23.36,24.12,24.24,31.71,-1,-1
2005-06-22,21.77,22.97,23.92,24.11,31.53,-1,-1
2005-06-23,21.13,22.60,23.70,24.03,31.36,-1,-1
2005-06-24,20.57,22.23,23.49,23.94,31.19,-1,-1
2005-06-27,19.93,21.82,23.26,23.86,31.01,-1,-1
2005-06-28,19.20,21.43,23.04,23.73,30.82,-1,-1
2005-06-29,18.79,20.96,22.79,23.59,30.62,-1,-1
2005-06-30,18.49,20.46,22.58,23.48,30.43,-1,-1
2005-07-01,18.28,20.03,22.35,23.33,30.24,-1,-1
2005-07-05,18.13,19.63,22.14,23.16,30.06,-1,-1
2005-07-06,17.91,19.24,21.92,23.01,29.87,-1,-1
2005-07-07,17.74,18.84,21.70,22.86,29.69,-1,-1
2005-07-08,17.81,18.50,21.47,22.74,29.51,-1,-1
2005-07-11,18.02,18.41,21.28,22.64,29.34,-1,-1
2005-07-12,18.04,18.27,21.04,22.53,29.16,-1,-1
2005-07-13,18.09,18.18,20.81,22.39,28.99,-1,-1
2005-07-14,18.19,18.16,20.65,22.30,28.84,1,-1
2005-07-15,18.19,18.05,20.43,22.18,28.69,1,-1
2005-07-18,18.34,18.04,20.24,22.06,28.54,1,-1
2005-07-19,18.39,18.10,20.03,21.92,28.38,1,-1
2005-07-20,18.34,18.18,19.83,21.79,28.22,1,-1
2005-07-21,18.39,18.21,19.68,21.66,28.06,1,-1
2005-07-22,18.43,18.26,19.49,21.51,27.89,1,-1
2005-07-25,18.51,18.35,19.30,21.38,27.74,1,-1
2005-07-26,18.75,18.47,19.17,21.26,27.58,1,-1
2005-07-27,18.94,18.64,19.04,21.17,27.43,1,-1
2005-07-28,19.18,18.78,18.93,21.08,27.30,1,-1
2005-07-29,19.35,18.85,18.82,20.98,27.16,1,-1
2005-08-01,19.39,18.89,18.68,20.87,27.02,1,-1
2005-08-02,19.44,18.93,18.63,20.75,26.89,1,-1
2005-08-03,19.33,18.92,18.58,20.64,26.74,1,-1
2005-08-04,19.18,18.96,18.56,20.53,26.61,1,-1
2005-08-05,18.96,18.95,18.54,20.39,26.48,1,-1
2005-08-08,18.77,18.97,18.51,20.28,26.37,-1,-1
2005-08-09,18.51,18.93,18.49,20.13,26.26,-1,-1
2005-08-10,18.39,18.89,18.50,19.99,26.19,-1,-1
2005-08-11,18.26,18.85,18.50,19.87,26.11,-1,-1
2005-08-12,18.09,18.71,18.48,19.73,26.03,-1,-1
2005-08-15,17.91,18.55,18.48,19.59,25.96,-1,-1
2005-08-16,17.79,18.38,18.45,19.45,25.90,-1,-1
2005-08-17,17.61,18.19,18.44,19.31,25.83,-1,-1
2005-08-18,17.61,18.06,18.45,19.20,25.77,-1,-1
2005-08-19,17.64,18.01,18.45,19.09,25.72,-1,-1
2005-08-22,17.64,17.95,18.42,18.94,25.68,-1,-1
2005-08-23,17.66,17.87,18.40,18.82,25.63,-1,-1
2005-08-24,17.64,17.78,18.38,18.69,25.58,-1,-1
2005-08-25,17.59,17.69,18.32,18.56,25.54,-1,-1
2005-08-26,17.59,17.60,18.30,18.45,25.49,-1,-1
2005-08-29,17.72,17.67,18.31,18.37,25.44,1,-1
2005-08-30,17.72,17.68,18.30,18.33,25.40,1,-1
2005-08-31,17.94,17.79,18.32,18.31,25.34,1,-1
2005-09-01,18.00,17.83,18.30,18.29,25.28,1,-1
2005-09-02,18.06,17.85,18.29,18.26,25.18,1,-1
2005-09-06,18.17,17.88,18.24,18.23,25.10,1,-1
2005-09-07,18.21,17.90,18.18,18.21,25.02,1,-1
2005-09-08,18.11,17.91,18.11,18.22,24.94,1,-1
2005-09-09,18.00,17.86,18.02,18.22,24.86,1,-1
2005-09-12,17.87,17.90,17.98,18.22,24.78,-1,-1
2005-09-13,17.81,17.90,17.93,18.23,24.71,-1,-1
2005-09-14,17.85,17.96,17.92,18.22,24.64,-1,-1
2005-09-15,17.79,17.98,17.88,18.21,24.57,-1,-1
2005-09-16,17.76,17.99,17.85,18.22,24.51,-1,-1
2005-09-19,18.04,18.08,17.90,18.25,24.45,-1,-1
2005-09-20,18.21,18.11,17.89,18.25,24.39,1,-1
2005-09-21,18.21,18.04,17.90,18.25,24.30,1,-1
2005-09-22,18.19,18.00,17.89,18.24,24.22,1,-1
2005-09-23,18.21,18.03,17.91,18.23,24.14,1,-1
2005-09-26,18.26,18.02,17.92,18.22,24.05,1,-1
2005-09-27,18.24,18.00,17.92,18.20,23.97,1,-1
2005-09-28,17.89,17.97,17.92,18.18,23.89,-1,-1
2005-09-29,17.81,18.01,17.94,18.17,23.81,-1,-1
2005-09-30,17.85,18.03,17.96,18.17,23.73,-1,-1
2005-10-03,17.79,17.99,17.92,18.15,23.66,-1,-1
2005-10-04,17.70,17.96,17.92,18.11,23.58,-1,-1
2005-10-05,17.66,17.96,17.92,18.07,23.51,-1,-1
2005-10-06,17.66,17.95,17.92,18.02,23.44,-1,-1
2005-10-07,17.74,17.82,17.96,17.98,23.37,-1,-1
2005-10-10,17.76,17.79,17.98,17.95,23.30,-1,-1
2005-10-11,17.64,17.74,17.94,17.92,23.23,-1,-1
2005-10-12,17.81,17.80,17.94,17.92,23.17,1,-1
2005-10-13,17.83,17.76,17.90,17.90,23.09,1,-1
2005-10-14,17.85,17.75,17.88,17.88,23.02,1,-1
2005-10-17,17.83,17.74,17.87,17.86,22.94,1,-1
2005-10-18,17.64,17.69,17.83,17.82,22.85,-1,-1
2005-10-19,17.49,17.62,17.81,17.81,22.77,-1,-1
2005-10-20,17.38,17.51,17.77,17.78,22.69,-1,-1
2005-10-21,17.27,17.54,17.77,17.78,22.62,-1,-1
2005-10-24,17.23,17.53,17.75,17.78,22.55,-1,-1
2005-10-25,17.23,17.54,17.74,17.78,22.47,-1,-1
2005-10-26,17.21,17.52,17.72,17.78,22.39,-1,-1
2005-10-27,17.49,17.56,17.76,17.80,22.33,-1,-1
2005-10-28,17.55,17.52,17.76,17.80,22.26,1,-1
2005-10-31,17.79,17.58,17.71,17.80,22.19,1,-1
2005-11-01,18.11,17.69,17.75,17.85,22.12,1,-1
2005-11-02,18.62,17.92,17.84,17.92,22.07,1,-1
2005-11-03,19.14,18.18,17.96,17.99,22.02,1,-1
2005-11-04,19.74,18.47,18.08,18.08,21.98,1,-1
2005-11-07,20.14,18.81,18.20,18.16,21.93,1,-1
2005-11-08,20.64,19.09,18.32,18.21,21.87,1,-1
2005-11-09,21.04,19.41,18.44,18.27,21.82,1,-1
2005-11-10,21.19,19.65,18.54,18.31,21.78,1,-1
2005-11-11,21.15,19.89,18.62,18.36,21.74,1,-1
2005-11-14,21.06,20.10,18.73,18.41,21.71,1,-1
2005-11-15,20.87,20.30,18.81,18.46,21.66,1,-1
2005-11-16,20.59,20.37,18.89,18.50,21.61,1,-1
2005-11-17,20.49,20.56,18.98,18.54,21.57,-1,-1
2005-11-18,20.40,20.72,19.07,18.61,21.53,-1,-1
2005-11-21,20.25,20.72,19.12,18.64,21.50,-1,-1
2005-11-22,20.12,20.64,19.20,18.68,21.46,-1,-1
2005-11-23,20.04,20.55,19.25,18.72,21.42,-1,-1
2005-11-25,20.04,20.45,19.33,18.77,21.38,-1,-1
2005-11-28,20.34,20.46,19.47,18.86,21.34,-1,-1
2005-11-29,20.87,20.68,19.69,18.94,21.31,1,-1
2005-11-30,21.51,20.96,19.97,19.07,21.29,1,-1
2005-12-01,22.09,21.17,20.20,19.18,21.27,1,-1
2005-12-02,22.67,21.40,20.43,19.31,21.25,1,-1
2005-12-05,23.40,21.72,20.68,19.45,21.23,1,-1
2005-12-06,24.17,22.10,20.95,19.60,21.23,1,-1
2005-12-07,24.54,22.44,21.18,19.74,21.22,1,-1
2005-12-08,24.51,22.69,21.40,19.86,21.21,1,-1
2005-12-09,24.28,22.90,21.56,19.97,21.19,1,-1
2005-12-12,24.26,23.18,21.76,20.08,21.18,1,-1
2005-12-13,24.21,23.44,21.93,20.21,21.17,1,-1
2005-12-14,24.06,23.73,22.07,20.34,21.16,1,-1
2005-12-15,23.81,23.99,22.16,20.46,21.15,-1,-1
2005-12-16,23.85,24.19,22.28,20.60,21.14,-1,-1
2005-12-19,24.09,24.30,22.41,20.75,21.14,-1,-1
2005-12-20,24.58,24.43,22.59,20.93,21.15,1,-1
2005-12-21,24.51,24.39,22.67,21.04,21.14,1,-1
2005-12-22,24.51,24.36,22.74,21.15,21.13,1,1
2005-12-23,24.45,24.26,22.83,21.26,21.12,1,1
2005-12-27,24.32,24.06,22.90,21.37,21.12,1,1
2005-12-28,24.00,23.93,22.96,21.47,21.10,1,1
2005-12-29,23.44,23.76,23.01,21.56,21.09,-1,1
2005-12-30,22.69,23.64,23.08,21.66,21.08,-1,1
2006-01-03,22.91,23.71,23.23,21.82,21.09,-1,1
2006-01-04,23.36,23.94,23.43,22.00,21.11,-1,1
2006-01-05,23.72,24.09,23.64,22.17,21.13,-1,1
2006-01-06,24.24,24.28,23.86,22.35,21.14,-1,1
2006-01-09,24.36,24.18,23.97,22.47,21.14,1,1
2006-01-10,24.66,24.05,24.09,22.57,21.14,1,1
2006-01-11,25.03,23.86,24.18,22.70,21.14,1,1
2006-01-12,24.92,23.91,24.18,22.82,21.12,1,1
2006-01-13,24.58,23.97,24.14,22.90,21.11,1,1
2006-01-17,24.32,24.02,24.16,22.97,21.10,1,1
2006-01-18,23.94,24.09,24.16,23.02,21.08,-1,1
2006-01-19,24.06,24.21,24.12,23.08,21.08,-1,1
2006-01-20,24.02,24.34,24.06,23.11,21.06,-1,1
2006-01-23,23.89,24.46,24.02,23.16,21.05,-1,1
2006-01-24,23.89,24.41,24.03,23.21,21.04,-1,1
2006-01-25,23.89,24.24,24.06,23.28,21.03,-1,1
2006-01-26,23.83,24.08,24.06,23.35,21.03,-1,1
2006-01-27,23.83,23.88,24.06,23.41,21.03,-1,1
2006-01-30,23.74,23.90,24.05,23.48,21.03,-1,1
2006-01-31,23.79,23.90,24.05,23.56,21.03,-1,1
2006-02-01,24.15,24.02,24.10,23.67,21.04,1,1
2006-02-02,24.21,24.05,24.06,23.75,21.04,1,1
2006-02-03,24.21,24.05,23.97,23.84,21.05,1,1
2006-02-06,24.30,24.06,24.01,23.93,21.04,1,1
2006-02-07,24.09,23.96,23.96,23.98,21.02,1,1
2006-02-08,23.96,23.85,23.94,24.03,21.01,1,1
2006-02-09,23.85,23.82,23.94,24.05,21.00,1,1
2006-02-10,23.40,23.78,23.96,24.03,20.99,-1,1
2006-02-13,22.99,23.60,23.96,23.96,20.98,-1,1
2006-02-14,22.63,23.42,23.96,23.91,20.97,-1,1
2006-02-15,22.22,23.26,23.85,23.87,20.95,-1,1
2006-02-16,22.16,23.12,23.68,23.80,20.94,-1,1
2006-02-17,22.07,23.01,23.55,23.73,20.93,-1,1
2006-02-21,21.73,22.79,23.36,23.66,20.91,-1,1
2006-02-22,21.28,22.34,23.24,23.57,20.89,-1,1
2006-02-23,20.98,21.99,23.10,23.49,20.86,-1,1
2006-02-24,20.66,21.64,22.94,23.41,20.83,-1,1
2006-02-27,20.51,21.36,22.82,23.35,20.80,-1,1
2006-02-28,20.38,21.27,22.70,23.29,20.78,-1,1
2006-03-01,20.23,21.15,22.60,23.23,20.76,-1,1
2006-03-02,20.19,20.96,22.48,23.14,20.74,-1,1
2006-03-03,20.42,20.85,22.38,23.06,20.72,-1,1
2006-03-06,20.66,20.82,22.31,22.94,20.70,-1,1
2006-03-07,20.83,20.74,22.22,22.89,20.68,1,1
2006-03-08,20.81,20.66,22.10,22.83,20.66,1,1
2006-03-09,20.68,20.53,21.96,22.76,20.64,1,1
2006-03-10,20.59,20.41,21.84,22.71,20.62,1,1
2006-03-13,20.57,20.38,21.72,22.66,20.60,1,1
2006-03-14,20.53,20.48,21.64,22.65,20.58,1,1
2006-03-15,20.44,20.55,21.53,22.63,20.56,-1,1
2006-03-16,20.44,20.64,21.36,22.55,20.54,-1,1
2006-03-17,20.57,20.69,21.25,22.44,20.52,-1,1
2006-03-20,20.74,20.71,21.14,22.34,20.51,1,1
2006-03-21,20.79,20.69,21.02,22.23,20.49,1,1
2006-03-22,20.94,20.75,20.98,22.18,20.47,1,1
2006-03-23,21.00,20.76,20.94,22.14,20.46,1,1
2006-03-24,21.13,20.79,20.89,22.08,20.45,1,1
2006-03-27,21.09,20.76,20.82,22.01,20.43,1,1
2006-03-28,20.91,20.74,20.76,21.93,20.41,1,1
2006-03-29,20.70,20.72,20.70,21.83,20.39,-1,1
2006-03-30,20.53,20.66,20.62,21.75,20.36,-1,1
2006-03-31,20.25,20.59,20.54,21.65,20.34,-1,1
2006-04-03,20.14,20.57,20.50,21.60,20.33,-1,1
2006-04-04,20.01,20.57,20.50,21.54,20.32,-1,1
2006-04-05,20.06,20.57,20.53,21.47,20.32,-1,1
2006-04-06,20.16,20.54,20.58,21.40,20.33,-1,1
2006-04-07,20.25,20.47,20.60,21.33,20.33,-1,1
2006-04-10,20.34,20.43,20.58,21.26,20.34,-1,1
2006-04-11,20.40,20.32,20.54,21.18,20.34,1,1
2006-04-12,20.23,20.19,20.50,21.10,20.34,1,1
2006-04-13,20.08,20.05,20.47,20.97,20.35,1,1
2006-04-17,19.97,20.01,20.42,20.88,20.36,-1,1
2006-04-18,19.89,20.02,20.40,20.80,20.37,-1,1
2006-04-19,19.89,20.07,20.38,20.72,20.39,-1,1
2006-04-20,19.91,20.12,20.38,20.68,20.40,-1,1
2006-04-21,20.06,20.23,20.40,20.64,20.41,-1,1
2006-04-24,20.16,20.20,20.40,20.58,20.43,-1,1
2006-04-25,20.27,20.18,20.40,20.53,20.44,1,1
2006-04-26,20.34,20.15,20.38,20.51,20.44,1,1
2006-04-27,20.42,20.15,20.39,20.49,20.46,1,1
2006-04-28,20.49,20.19,20.39,20.47,20.47,1,-1
2006-05-01,20.59,20.25,20.38,20.46,20.48,1,-1
2006-05-02,20.68,20.37,20.39,20.44,20.50,1,-1
2006-05-03,20.83,20.50,20.40,20.46,20.51,1,-1
2006-05-04,21.26,20.76,20.48,20.53,20.54,1,-1
2006-05-05,21.64,20.99,20.53,20.60,20.56,1,1
2006-05-08,21.96,21.19,20.58,20.67,20.58,1,1
2006-05-09,22.41,21.45,20.70,20.74,20.61,1,1
2006-05-10,22.59,21.59,20.77,20.77,20.62,1,1
2006-05-11,22.67,21.68,20.84,20.78,20.64,1,1
2006-05-12,22.67,21.75,20.90,20.80,20.64,1,1
2006-05-15,22.59,21.92,21.02,20.83,20.66,1,1
2006-05-16,22.86,22.25,21.16,20.91,20.68,1,1
2006-05-17,23.23,22.60,21.34,21.01,20.72,1,1
2006-05-18,23.21,22.81,21.44,21.08,20.74,1,1
2006-05-19,23.46,23.02,21.54,21.16,20.77,1,1
2006-05-22,23.76,23.22,21.66,21.23,20.80,1,1
2006-05-23,24.19,23.43,21.81,21.31,20.83,1,1
2006-05-24,24.51,23.55,21.98,21.39,20.86,1,1
2006-05-25,24.41,23.64,22.14,21.46,20.89,1,1
2006-05-26,24.36,23.80,22.33,21.56,20.93,1,1
2006-05-30,24.45,23.83,22.48,21.62,20.96,1,1
2006-05-31,24.51,23.99,22.62,21.68,20.99,1,1
2006-06-01,24.66,24.21,22.78,21.77,21.03,1,1
2006-06-02,24.75,24.47,22.94,21.85,21.07,1,1
2006-06-05,24.51,24.51,23.02,21.88,21.10,-1,1
2006-06-06,24.21,24.31,23.08,21.90,21.12,-1,1
2006-06-07,23.76,24.06,23.15,21.93,21.14,-1,1
2006-06-08,23.40,23.92,23.20,21.97,21.16,-1,1
2006-06-09,23.01,23.76,23.22,22.01,21.18,-1,1
2006-06-12,22.59,23.62,23.27,22.06,21.21,-1,1
2006-06-13,22.03,23.39,23.27,22.10,21.23,-1,1
2006-06-14,21.79,23.15,23.28,22.11,21.25,-1,1
2006-06-15,21.84,23.02,23.32,22.15,21.26,-1,1
2006-06-16,21.86,22.81,23.29,22.18,21.29,-1,1
2006-06-19,21.84,22.62,23.24,22.20,21.30,-1,1
2006-06-20,21.90,22.46,23.21,22.24,21.32,-1,1
2006-06-21,21.94,22.26,23.16,22.28,21.34,-1,1
2006-06-22,22.07,22.05,23.15,22.33,21.36,1,1
2006-06-23,22.09,21.94,23.14,22.37,21.38,1,1
2006-06-26,21.94,21.89,23.15,22.41,21.40,1,1
2006-06-27,21.71,21.78,23.08,22.43,21.42,-1,1
2006-06-28,21.58,21.71,22.94,22.44,21.43,-1,1
2006-06-29,21.47,21.69,22.80,22.46,21.45,-1,1
2006-06-30,21.28,21.61,22.71,22.48,21.46,-1,1
2006-07-03,21.21,21.64,22.62,22.49,21.48,-1,1
2006-07-05,21.15,21.62,22.54,22.51,21.50,-1,1
2006-07-06,21.11,21.52,22.43,22.53,21.51,-1,1
2006-07-07,21.30,21.50,22.33,22.56,21.52,-1,1
2006-07-10,21.43,21.50,22.24,22.58,21.54,-1,1
2006-07-11,21.51,21.49,22.14,22.60,21.56,1,1
2006-07-12,21.47,21.38,22.02,22.60,21.58,1,1
2006-07-13,21.13,21.17,21.83,22.55,21.58,-1,1
2006-07-14,20.79,20.97,21.63,22.51,21.59,-1,1
2006-07-17,20.57,20.84,21.46,22.43,21.60,-1,1
2006-07-18,20.29,20.80,21.35,22.37,21.61,-1,1
2006-07-19,20.21,20.82,21.31,22.33,21.62,-1,1
2006-07-20,20.16,20.84,21.30,22.29,21.65,-1,1
2006-07-21,20.16,20.82,21.26,22.26,21.66,-1,1
2006-07-24,20.42,20.78,21.23,22.24,21.68,-1,1
2006-07-25,20.87,20.83,21.23,22.25,21.70,1,1
2006-07-26,21.04,20.81,21.22,22.22,21.72,1,1
2006-07-27,21.15,20.72,21.20,22.13,21.73,1,1
2006-07-28,21.15,20.68,21.15,22.04,21.75,1,1
2006-07-31,21.04,20.60,21.10,21.99,21.76,1,1
2006-08-01,20.96,20.56,21.06,21.91,21.77,1,1
2006-08-02,21.06,20.74,21.04,21.86,21.79,1,1
2006-08-03,21.06,20.97,21.02,21.82,21.82,1,-1
2006-08-04,21.17,21.11,21.02,21.75,21.84,1,-1
2006-08-07,21.15,21.15,20.98,21.68,21.86,-1,-1
2006-08-08,21.19,21.17,20.98,21.60,21.88,1,-1
2006-08-09,21.17,21.11,20.98,21.53,21.90,1,-1
2006-08-10,21.36,21.16,21.00,21.47,21.92,1,-1
2006-08-11,21.28,21.17,20.99,21.39,21.93,1,-1
2006-08-14,21.13,21.10,20.99,21.31,21.95,1,-1
2006-08-15,21.11,21.14,20.99,21.27,21.97,-1,-1
2006-08-16,21.17,21.16,20.98,21.25,21.98,1,-1
2006-08-17,21.17,21.18,20.99,21.23,22.00,-1,-1
2006-08-18,21.26,21.21,20.97,21.23,22.01,1,-1
2006-08-21,21.15,21.26,20.94,21.21,22.00,-1,-1
2006-08-22,21.11,21.19,20.90,21.18,22.00,-1,-1
2006-08-23,20.96,21.04,20.87,21.16,22.00,-1,-1
2006-08-24,20.83,20.97,20.92,21.14,21.99,-1,-1
2006-08-25,20.76,20.97,20.98,21.10,21.99,-1,-1
2006-08-28,20.70,20.94,21.02,21.07,21.99,-1,-1
2006-08-29,20.57,20.91,21.04,21.05,21.98,-1,-1
2006-08-30,20.53,20.84,21.01,21.02,21.98,-1,-1
2006-08-31,20.38,20.74,20.94,20.96,21.98,-1,-1
2006-09-01,20.40,20.68,20.92,20.92,21.98,-1,-1
2006-09-05,20.36,20.59,20.90,20.90,21.98,-1,-1
2006-09-06,20.14,20.45,20.81,20.85,21.98,-1,-1
2006-09-07,19.95,20.32,20.76,20.83,21.97,-1,-1
2006-09-08,19.80,20.19,20.72,20.80,21.97,-1,-1
2006-09-11,19.67,20.10,20.67,20.76,21.97,-1,-1
2006-09-12,19.69,20.04,20.63,20.74,21.97,-1,-1
2006-09-13,19.69,20.05,20.63,20.71,21.97,-1,-1
2006-09-14,19.59,19.97,20.56,20.68,21.96,-1,-1
2006-09-15,19.74,19.94,20.50,20.66,21.94,-1,-1
2006-09-18,19.82,19.89,20.45,20.62,21.91,-1,-1
2006-09-19,19.93,19.86,20.44,20.59,21.89,1,-1
2006-09-20,20.04,19.85,20.40,20.56,21.88,1,-1
2006-09-21,20.10,19.90,20.38,20.55,21.85,1,-1
2006-09-22,20.08,19.89,20.33,20.56,21.82,1,-1
2006-09-25,20.42,20.00,20.36,20.62,21.81,1,-1
2006-09-26,20.66,20.20,20.39,20.67,21.80,1,-1
2006-09-27,20.94,20.38,20.41,20.71,21.79,1,-1
2006-09-28,21.19,20.56,20.44,20.73,21.79,1,-1
2006-09-29,21.43,20.73,20.46,20.73,21.78,1,-1
2006-10-02,21.58,20.84,20.45,20.74,21.76,1,-1
2006-10-03,21.84,20.96,20.49,20.76,21.75,1,-1
2006-10-04,21.90,21.16,20.54,20.77,21.74,1,-1
2006-10-05,22.20,21.43,20.68,20.83,21.74,1,-1
2006-10-06,22.80,21.87,20.87,20.94,21.73,1,-1
2006-10-09,24.19,22.69,21.24,21.16,21.77,1,-1
2006-10-10,25.16,23.29,21.50,21.31,21.80,1,-1
2006-10-11,26.16,23.87,21.76,21.47,21.82,1,-1
2006-10-12,27.17,24.50,22.04,21.62,21.85,1,-1
2006-10-13,27.96,24.93,22.32,21.74,21.88,1,-1
2006-10-16,28.31,25.25,22.52,21.83,21.91,1,-1
2006-10-17,28.54,25.67,22.78,21.98,21.94,1,1
2006-10-18,28.07,26.13,23.09,22.12,21.96,1,1
2006-10-19,28.16,26.66,23.42,22.29,21.97,1,1
2006-10-20,28.24,27.20,23.73,22.44,21.98,1,1
2006-10-23,28.14,27.65,24.01,22.58,21.99,1,1
2006-10-24,28.16,28.06,24.29,22.72,22.01,1,1
2006-10-25,28.26,28.29,24.52,22.83,22.03,-1,1
2006-10-26,28.24,28.39,24.80,22.96,22.05,-1,1
2006-10-27,28.05,28.06,25.03,23.08,22.06,-1,1
2006-10-30,27.62,27.89,25.24,23.18,22.07,-1,1
2006-10-31,27.15,27.70,25.42,23.28,22.08,-1,1
2006-11-01,26.87,27.50,25.61,23.38,22.09,-1,1
2006-11-02,26.70,27.43,25.83,23.52,22.11,-1,1
2006-11-03,26.76,27.51,26.08,23.66,22.13,-1,1
2006-11-06,27.09,27.66,26.36,23.85,22.16,-1,1
2006-11-07,27.11,27.58,26.54,23.98,22.18,-1,1
2006-11-08,27.26,27.44,26.71,24.11,22.19,-1,1
2006-11-09,27.41,27.28,26.86,24.24,22.21,1,1
2006-11-10,27.54,27.20,27.04,24.39,22.22,1,1
2006-11-13,27.81,27.26,27.29,24.56,22.25,1,1
2006-11-14,28.31,27.54,27.60,24.78,22.29,1,1
2006-11-15,28.35,27.72,27.86,25.00,22.31,1,1
2006-11-16,28.69,27.90,28.05,25.20,22.33,1,1
2006-11-17,29.19,28.22,28.20,25.43,22.37,1,1
2006-11-20,29.85,28.63,28.18,25.66,22.40,1,1
2006-11-21,30.54,29.04,28.29,25.90,22.45,1,1
2006-11-22,30.77,29.29,28.36,26.11,22.49,1,1
2006-11-24,30.62,29.46,28.40,26.32,22.52,1,1
2006-11-27,30.34,29.35,28.42,26.48,22.55,1,1
2006-11-28,30.21,29.45,28.50,26.66,22.59,1,1
2006-11-29,29.96,29.57,28.53,26.83,22.62,1,1
2006-11-30,29.55,29.70,28.53,27.00,22.66,-1,1
2006-12-01,28.97,29.75,28.48,27.15,22.69,-1,1
2006-12-04,28.59,29.68,28.44,27.30,22.72,-1,1
2006-12-05,28.35,29.49,28.45,27.43,22.76,-1,1
2006-12-06,28.31,29.32,28.45,27.56,22.80,-1,1
2006-12-07,28.20,29.21,28.48,27.68,22.84,-1,1
2006-12-08,28.05,29.00,28.48,27.79,22.88,-1,1
2006-12-11,27.94,28.75,28.50,27.91,22.92,-1,1
2006-12-12,27.90,28.44,28.54,28.03,22.95,-1,1
2006-12-13,27.84,28.21,28.60,28.14,22.98,-1,1
2006-12-14,27.64,28.00,28.63,28.24,23.02,-1,1
2006-12-15,27.43,27.87,28.62,28.29,23.04,-1,1
2006-12-18,27.30,27.75,28.60,28.30,23.07,-1,1
2006-12-19,27.15,27.60,28.50,28.21,23.10,-1,1
2006-12-20,26.94,27.44,28.46,28.16,23.13,-1,1
2006-12-21,26.98,27.44,28.48,28.15,23.17,-1,1
2006-12-22,27.11,27.47,28.53,28.13,23.21,-1,1
2006-12-26,27.15,27.40,28.54,28.12,23.25,-1,1
2006-12-27,27.21,27.32,28.48,28.13,23.28,-1,1
2006-12-28,27.04,27.17,28.31,28.10,23.30,-1,1
2006-12-29,26.87,27.01,28.16,28.04,23.33,-1,1
2007-01-03,26.98,26.96,28.06,27.99,23.36,1,1
2007-01-04,26.79,26.88,27.92,27.94,23.38,-1,1
2007-01-05,26.55,26.83,27.76,27.91,23.41,-1,1
2007-01-08,26.36,26.75,27.56,27.87,23.44,-1,1
2007-01-09,26.40,26.81,27.46,27.87,23.47,-1,1
2007-01-10,26.68,26.86,27.39,27.88,23.50,-1,1
2007-01-11,27.00,26.94,27.38,27.89,23.54,1,1
2007-01-12,27.15,27.06,27.35,27.93,23.57,1,1
2007-01-16,27.34,27.06,27.31,27.97,23.62,1,1
2007-01-17,27.49,27.02,27.28,28.00,23.66,1,1
2007-01-18,27.60,26.98,27.24,28.00,23.69,1,1
2007-01-19,27.56,26.98,27.22,27.98,23.72,1,1
2007-01-22,27.64,27.16,27.22,27.95,23.76,1,1
2007-01-23,27.79,27.40,27.26,27.99,23.81,1,1
2007-01-24,27.92,27.54,27.29,28.02,23.85,1,1
2007-01-25,28.11,27.73,27.32,28.07,23.89,1,1
2007-01-26,28.20,27.85,27.34,28.09,23.93,1,1
2007-01-29,28.44,28.02,27.37,28.08,23.97,1,1
2007-01-30,28.61,28.08,27.40,28.03,24.02,1,1
2007-01-31,28.74,28.19,27.48,28.01,24.07,1,1
2007-02-01,28.91,28.35,27.60,28.02,24.12,1,1
2007-02-02,29.12,28.52,27.71,28.01,24.17,1,1
2007-02-05,29.36,28.74,27.84,28.00,24.22,1,1
2007-02-06,29.79,28.99,28.00,27.99,24.28,1,1
2007-02-07,29.94,29.19,28.06,27.97,24.32,1,1
2007-02-08,29.91,29.26,28.06,27.93,24.36,1,1
2007-02-09,29.83,29.28,28.10,27.94,24.40,1,1
2007-02-12,29.44,29.18,28.12,27.91,24.44,1,1
2007-02-13,29.06,29.09,28.18,27.88,24.47,-1,1
2007-02-14,28.69,29.02,28.26,27.88,24.51,-1,1
2007-02-15,28.22,29.00,28.30,27.88,24.54,-1,1
2007-02-16,28.05,28.99,28.36,27.89,24.58,-1,1
2007-02-20,28.14,29.02,28.42,27.90,24.62,-1,1
2007-02-21,28.09,28.96,28.51,27.91,24.64,-1,1
2007-02-22,28.22,28.83,28.54,27.91,24.67,-1,1
2007-02-23,28.29,28.67,28.56,27.92,24.69,-1,1
2007-02-26,28.33,28.51,28.58,27.93,24.72,-1,1
2007-02-27,28.18,28.20,28.54,27.92,24.74,-1,1
2007-02-28,28.03,28.04,28.52,27.92,24.77,-1,1
2007-03-01,27.77,27.95,28.49,27.92,24.79,-1,1
2007-03-02,27.47,27.78,28.48,27.91,24.81,-1,1
2007-03-05,27.04,27.63,28.42,27.88,24.81,-1,1
2007-03-06,26.81,27.55,28.36,27.87,24.82,-1,1
2007-03-07,26.53,27.43,28.28,27.88,24.83,-1,1
2007-03-08,26.40,27.29,28.18,27.84,24.84,-1,1
2007-03-09,26.27,27.15,28.08,27.80,24.85,-1,1
2007-03-12,26.16,26.97,28.02,27.78,24.86,-1,1
2007-03-13,26.06,26.76,27.92,27.75,24.87,-1,1
2007-03-14,26.08,26.56,27.84,27.74,24.87,-1,1
2007-03-15,25.97,26.39,27.71,27.74,24.87,-1,1
2007-03-16,25.91,26.22,27.58,27.73,24.88,-1,1
2007-03-19,25.84,26.12,27.42,27.71,24.89,-1,1
2007-03-20,25.67,25.97,27.22,27.68,24.89,-1,1
2007-03-21,25.56,25.86,27.03,27.67,24.89,-1,1
2007-03-22,25.44,25.75,26.88,27.62,24.90,-1,1
2007-03-23,25.46,25.77,26.80,27.57,24.92,-1,1
2007-03-26,25.46,25.71,26.70,27.53,24.93,-1,1
2007-03-27,25.39,25.65,26.64,27.48,24.95,-1,1
2007-03-28,25.39,25.62,26.56,27.44,24.97,-1,1
2007-03-29,25.39,25.53,26.46,27.38,24.99,-1,1
2007-03-30,25.44,25.50,26.38,27.36,25.01,-1,1
2007-04-02,25.54,25.49,26.29,27.33,25.03,1,1
2007-04-03,25.61,25.53,26.20,27.28,25.05,1,1
2007-04-04,25.65,25.55,26.12,27.23,25.07,1,1
2007-04-05,25.71,25.55,26.05,27.17,25.09,1,1
2007-04-09,25.78,25.59,25.98,27.11,25.11,1,1
2007-04-10,25.91,25.65,25.89,27.06,25.13,1,1
2007-04-11,26.04,25.74,25.88,27.03,25.15,1,1
2007-04-12,26.31,25.93,25.89,27.01,25.18,1,1
2007-04-13,26.55,26.08,25.92,26.98,25.21,1,1
2007-04-16,26.72,26.19,25.95,26.92,25.24,1,1
2007-04-17,26.83,26.27,26.00,26.85,25.27,1,1
2007-04-18,27.00,26.39,26.02,26.78,25.30,1,1
2007-04-19,27.19,26.55,26.04,26.70,25.33,1,1
2007-04-20,27.39,26.71,26.11,26.67,25.36,1,1
2007-04-23,27.39,26.85,26.15,26.66,25.40,1,1
2007-04-24,27.43,26.99,26.21,26.64,25.43,1,1
2007-04-25,27.60,27.16,26.31,26.66,25.46,1,1
2007-04-26,27.81,27.32,26.40,26.68,25.50,1,1
2007-04-27,27.92,27.46,26.48,26.67,25.53,1,1
2007-04-30,27.90,27.55,26.51,26.66,25.56,1,1
2007-05-01,27.79,27.59,26.56,26.63,25.60,1,1
2007-05-02,27.69,27.54,26.62,26.60,25.64,1,1
2007-05-03,27.60,27.51,26.69,26.57,25.68,1,1
2007-05-04,27.39,27.49,26.76,26.55,25.71,-1,1
2007-05-07,27.26,27.54,26.82,26.53,25.74,-1,1
2007-05-08,27.11,27.51,26.86,26.50,25.77,-1,1
2007-05-09,27.11,27.50,26.91,26.50,25.80,-1,1
2007-05-10,27.11,27.45,26.96,26.50,25.83,-1,1
2007-05-11,27.17,27.43,27.04,26.51,25.86,-1,1
2007-05-14,27.15,27.38,27.09,26.53,25.89,-1,1
2007-05-15,27.19,27.29,27.15,26.57,25.92,-1,1
2007-05-16,27.17,27.21,27.19,26.58,25.95,-1,1
2007-05-17,27.21,27.16,27.22,26.60,25.98,1,1
2007-05-18,27.19,27.15,27.26,26.62,26.02,1,1
2007-05-21,27.13,27.12,27.28,26.62,26.04,1,1
2007-05-22,27.11,27.14,27.32,26.64,26.07,-1,1
2007-05-23,27.02,27.09,27.32,26.66,26.09,-1,1
2007-05-24,26.76,26.98,27.26,26.66,26.12,-1,1
2007-05-25,26.51,26.84,27.18,26.66,26.14,-1,1
2007-05-29,26.21,26.71,27.10,26.64,26.16,-1,1
2007-05-30,25.91,26.55,27.04,26.62,26.18,-1,1
2007-05-31,25.44,26.28,26.92,26.59,26.19,-1,1
2007-06-01,25.01,26.06,26.80,26.56,26.20,-1,1
2007-06-04,24.62,25.82,26.68,26.55,26.22,-1,1
2007-06-05,24.41,25.59,26.56,26.52,26.23,-1,1
2007-06-06,24.19,25.35,26.42,26.48,26.25,-1,1
2007-06-07,23.91,25.06,26.24,26.43,26.25,-1,1
2007-06-08,23.66,24.78,26.07,26.38,26.27,-1,1
2007-06-11,23.66,24.55,25.92,26.35,26.28,-1,1
2007-06-12,23.57,24.29,25.80,26.30,26.30,-1,-1
2007-06-13,23.53,24.07,25.68,26.27,26.31,-1,-1
2007-06-14,23.49,23.95,25.58,26.22,26.33,-1,-1
2007-06-15,23.42,23.81,25.45,26.17,26.34,-1,-1
2007-06-18,23.46,23.69,25.33,26.12,26.36,-1,-1
2007-06-19,23.49,23.57,25.19,26.06,26.37,-1,-1
2007-06-20,23.36,23.51,25.04,25.99,26.38,-1,-1
2007-06-21,23.23,23.40,24.89,25.91,26.40,-1,-1
2007-06-22,23.16,23.35,24.76,25.83,26.41,-1,-1
2007-06-25,22.97,23.23,24.60,25.72,26.43,-1,-1
2007-06-26,22.74,23.08,24.42,25.61,26.44,-1,-1
2007-06-27,22.50,22.98,24.24,25.51,26.45,-1,-1
2007-06-28,22.26,22.88,24.04,25.40,26.46,-1,-1
2007-06-29,22.11,22.74,23.86,25.28,26.47,-1,-1
2007-07-02,22.01,22.62,23.68,25.16,26.48,-1,-1
2007-07-03,21.86,22.51,23.53,25.05,26.49,-1,-1
2007-07-05,21.77,22.37,23.36,24.93,26.50,-1,-1
2007-07-06,21.79,22.26,23.20,24.80,26.51,-1,-1
2007-07-09,21.86,22.18,23.09,24.68,26.52,-1,-1
2007-07-10,21.92,22.09,22.98,24.56,26.53,-1,-1
2007-07-11,22.05,22.08,22.88,24.46,26.54,-1,-1
2007-07-12,22.22,22.11,22.82,24.38,26.55,1,-1
2007-07-13,22.48,22.17,22.84,24.32,26.56,1,-1
2007-07-16,22.99,22.38,22.88,24.28,26.58,1,-1
2007-07-17,23.49,22.64,22.94,24.25,26.60,1,-1
2007-07-18,23.87,22.86,22.96,24.20,26.61,1,-1
2007-07-19,24.60,23.26,23.07,24.21,26.64,1,-1
2007-07-20,25.35,23.70,23.22,24.22,26.67,1,-1
2007-07-23,25.89,24.05,23.34,24.21,26.69,1,-1
2007-07-24,26.23,24.35,23.44,24.19,26.71,1,-1
2007-07-25,26.29,24.64,23.52,24.16,26.72,1,-1
2007-07-26,26.14,24.81,23.54,24.10,26.71,1,-1
2007-07-27,25.99,24.93,23.55,24.04,26.67,1,-1
2007-07-30,25.50,25.05,23.56,23.97,26.65,1,-1
2007-07-31,25.03,25.19,23.58,23.91,26.63,-1,-1
2007-08-01,24.56,25.22,23.59,23.85,26.60,-1,-1
2007-08-02,24.19,25.21,23.64,23.78,26.58,-1,-1
2007-08-03,23.83,25.06,23.66,23.72,26.57,-1,-1
2007-08-06,23.66,24.90,23.66,23.67,26.54,-1,-1
2007-08-07,23.68,24.84,23.71,23.64,26.52,-1,-1
2007-08-08,23.81,24.65,23.80,23.63,26.50,-1,-1
2007-08-09,23.79,24.41,23.88,23.62,26.47,-1,-1
2007-08-10,23.85,24.20,23.96,23.62,26.45,-1,-1
2007-08-13,24.09,24.14,24.10,23.66,26.44,-1,-1
2007-08-14,24.32,24.08,24.20,23.67,26.43,1,-1
2007-08-15,24.06,23.86,24.18,23.62,26.40,1,-1
2007-08-16,23.23,23.45,24.06,23.50,26.35,-1,-1
2007-08-17,22.39,23.10,23.94,23.42,26.31,-1,-1
2007-08-20,21.79,22.79,23.87,23.36,26.29,-1,-1
2007-08-21,21.19,22.52,23.79,23.28,26.25,-1,-1
2007-08-22,20.44,22.26,23.72,23.22,26.22,-1,-1
2007-08-23,19.84,22.08,23.64,23.16,26.19,-1,-1
2007-08-24,19.74,21.90,23.54,23.10,26.14,-1,-1
2007-08-27,20.12,21.68,23.38,23.04,26.11,-1,-1
2007-08-28,20.40,21.40,23.22,22.99,26.07,-1,-1
2007-08-29,20.46,21.13,23.08,22.93,26.04,-1,-1
2007-08-30,20.55,20.87,22.85,22.89,26.01,-1,-1
2007-08-31,20.59,20.52,22.61,22.85,25.97,1,-1
2007-09-04,20.61,20.23,22.42,22.80,25.92,1,-1
2007-09-05,20.55,20.14,22.21,22.76,25.87,1,-1
2007-09-06,20.53,20.32,22.04,22.73,25.82,1,-1
2007-09-07,20.49,20.44,21.91,22.71,25.77,1,-1
2007-09-10,20.49,20.48,21.79,22.68,25.71,1,-1
2007-09-11,20.81,20.68,21.75,22.70,25.67,1,-1
2007-09-12,20.94,20.76,21.65,22.70,25.62,1,-1
2007-09-13,20.98,20.80,21.58,22.68,25.58,1,-1
2007-09-14,21.26,20.90,21.52,22.69,25.55,1,-1
2007-09-17,21.43,20.98,21.48,22.68,25.51,1,-1
2007-09-18,21.60,21.04,21.42,22.67,25.48,1,-1
2007-09-19,21.90,21.19,21.38,22.68,25.45,1,-1
2007-09-20,22.09,21.45,21.35,22.71,25.43,1,-1
2007-09-21,22.63,21.78,21.38,22.76,25.41,1,-1
2007-09-24,23.14,22.06,21.42,22.77,25.40,1,-1
2007-09-25,23.66,22.46,21.42,22.78,25.39,1,-1
2007-09-26,24.30,22.86,21.48,22.80,25.38,1,-1
2007-09-27,25.01,23.30,21.64,22.83,25.37,1,-1
2007-09-28,25.63,23.76,21.94,22.82,25.37,1,-1
2007-10-01,26.06,24.07,22.20,22.81,25.36,1,-1
2007-10-02,26.12,24.38,22.39,22.79,25.35,1,-1
2007-10-03,26.29,24.72,22.60,22.78,25.35,1,-1
2007-10-04,26.31,24.99,22.80,22.78,25.35,1,-1
2007-10-05,26.21,25.25,22.96,22.81,25.34,1,-1
2007-10-08,25.99,25.50,23.10,22.83,25.33,1,-1
2007-10-09,25.80,25.71,23.26,22.87,25.33,1,-1
2007-10-10,25.52,25.79,23.40,22.88,25.31,-1,-1
2007-10-11,25.37,25.75,23.54,22.90,25.29,-1,-1
2007-10-12,25.24,25.77,23.70,22.93,25.28,-1,-1
2007-10-15,25.05,25.68,23.83,22.95,25.27,-1,-1
2007-10-16,24.86,25.53,23.95,22.97,25.26,-1,-1
2007-10-17,24.92,25.46,24.12,23.00,25.26,-1,-1
2007-10-18,24.90,25.35,24.28,23.02,25.25,-1,-1
2007-10-19,24.86,25.19,24.42,23.03,25.24,-1,-1
2007-10-22,24.86,25.11,24.56,23.04,25.23,-1,-1
2007-10-23,24.81,25.03,24.64,23.03,25.23,-1,-1
2007-10-24,24.79,24.92,24.74,23.02,25.21,-1,-1
2007-10-25,24.81,24.84,24.84,23.08,25.20,-1,-1
2007-10-26,24.69,24.80,24.92,23.21,25.18,-1,-1
2007-10-29,24.66,24.78,25.04,23.34,25.17,-1,-1
2007-10-30,24.77,24.81,25.16,23.44,25.15,-1,-1
2007-10-31,24.92,24.89,25.26,23.56,25.14,1,-1
2007-11-01,24.96,24.89,25.30,23.66,25.14,1,-1
2007-11-02,25.03,24.91,25.30,23.74,25.13,1,-1
2007-11-05,25.14,24.98,25.31,23.84,25.11,1,-1
2007-11-06,25.22,24.95,25.29,23.92,25.09,1,-1
2007-11-07,25.18,24.92,25.24,24.01,25.07,1,-1
2007-11-08,24.99,24.88,25.15,24.08,25.04,1,-1
2007-11-09,24.69,24.80,25.04,24.14,25.02,-1,-1
2007-11-12,24.34,24.65,24.90,24.19,24.99,-1,-1
2007-11-13,24.17,24.60,24.84,24.24,24.97,-1,-1
2007-11-14,23.94,24.54,24.76,24.31,24.94,-1,-1
2007-11-15,23.57,24.40,24.65,24.35,24.90,-1,-1
2007-11-16,23.29,24.24,24.56,24.40,24.87,-1,-1
2007-11-19,23.10,24.04,24.48,24.44,24.83,-1,-1
2007-11-20,23.01,23.85,24.40,24.45,24.78,-1,-1
2007-11-21,22.95,23.65,24.31,24.47,24.75,-1,-1
2007-11-23,22.78,23.48,24.24,24.50,24.72,-1,-1
2007-11-26,22.63,23.28,24.15,24.50,24.69,-1,-1
2007-11-27,22.65,23.11,24.09,24.52,24.67,-1,-1
2007-11-28,22.74,23.01,24.06,24.56,24.64,-1,-1
2007-11-29,22.76,22.93,23.98,24.56,24.62,-1,-1
2007-11-30,22.76,22.89,23.89,24.55,24.59,-1,-1
2007-12-03,22.91,22.93,23.85,24.51,24.57,-1,-1
2007-12-04,22.99,22.89,23.80,24.47,24.54,1,-1
2007-12-05,23.14,22.89,23.76,24.43,24.52,1,-1
2007-12-06,23.27,22.96,23.74,24.38,24.49,1,-1
2007-12-07,23.23,22.98,23.70,24.31,24.47,1,-1
2007-12-10,23.31,23.04,23.65,24.24,24.44,1,-1
2007-12-11,23.34,23.05,23.58,24.16,24.42,1,-1
2007-12-12,23.23,23.07,23.49,24.10,24.40,1,-1
2007-12-13,23.23,23.11,23.40,24.04,24.38,1,-1
2007-12-14,23.12,23.13,23.33,23.98,24.36,-1,-1
2007-12-17,22.76,23.01,23.20,23.89,24.34,-1,-1
2007-12-18,22.59,22.91,23.10,23.83,24.32,-1,-1
2007-12-19,22.50,22.91,23.02,23.78,24.30,-1,-1
2007-12-20,22.41,22.88,22.94,23.73,24.28,-1,-1
2007-12-21,22.44,22.83,22.90,23.69,24.27,-1,-1
2007-12-24,22.33,22.78,22.86,23.64,24.25,-1,-1
2007-12-26,22.18,22.65,22.82,23.58,24.23,-1,-1
2007-12-27,22.20,22.48,22.74,23.52,24.21,-1,-1
2007-12-28,22.11,22.35,22.68,23.44,24.19,-1,-1
2007-12-31,21.84,22.17,22.62,23.35,24.16,-1,-1
2008-01-02,21.73,22.07,22.58,23.29,24.14,-1,-1
2008-01-03,21.39,21.91,22.50,23.20,24.12,-1,-1
2008-01-04,21.13,21.73,22.42,23.12,24.09,-1,-1
2008-01-07,20.76,21.47,22.32,23.02,24.06,-1,-1
2008-01-08,20.42,21.31,22.19,22.90,24.03,-1,-1
2008-01-09,19.97,21.04,22.06,22.78,23.99,-1,-1
2008-01-10,19.67,20.75,21.92,22.65,23.96,-1,-1
2008-01-11,19.14,20.43,21.74,22.50,23.92,-1,-1
2008-01-14,18.92,20.15,21.60,22.36,23.89,-1,-1
2008-01-15,18.51,19.82,21.42,22.22,23.85,-1,-1
2008-01-16,18.13,19.45,21.20,22.05,23.80,-1,-1
2008-01-17,17.85,19.14,21.00,21.88,23.76,-1,-1
2008-01-18,17.68,18.82,20.78,21.72,23.71,-1,-1
2008-01-22,17.25,18.46,20.52,21.54,23.66,-1,-1
2008-01-23,16.54,17.84,20.18,21.32,23.60,-1,-1
2008-01-24,15.92,17.42,19.88,21.14,23.54,-1,-1
2008-01-25,15.56,17.04,19.61,20.99,23.48,-1,-1
2008-01-28,15.32,16.73,19.36,20.81,23.42,-1,-1
2008-01-29,15.15,16.50,19.11,20.66,23.36,-1,-1
2008-01-30,14.87,16.28,18.86,20.50,23.30,-1,-1
2008-01-31,14.98,16.11,18.70,20.38,23.25,-1,-1
2008-02-01,15.45,16.00,18.51,20.25,23.19,-1,-1
2008-02-04,15.86,15.89,18.32,20.14,23.14,-1,-1
2008-02-05,16.09,15.82,18.14,20.03,23.09,1,-1
2008-02-06,16.33,15.82,17.93,19.91,23.03,1,-1
2008-02-07,16.35,15.75,17.72,19.78,22.97,1,-1
2008-02-08,16.46,15.66,17.52,19.64,22.91,1,-1
2008-02-11,16.31,15.64,17.32,19.48,22.84,1,-1
2008-02-12,16.26,15.86,17.14,19.34,22.79,1,-1
2008-02-13,16.16,16.01,17.00,19.21,22.73,1,-1
2008-02-14,16.11,16.10,16.82,19.08,22.68,1,-1
2008-02-15,16.03,16.18,16.68,18.93,22.63,-1,-1
2008-02-19,16.03,16.19,16.52,18.78,22.57,-1,-1
2008-02-20,16.03,16.24,16.42,18.62,22.51,-1,-1
2008-02-21,16.09,16.20,16.32,18.48,22.45,-1,-1
2008-02-22,16.05,16.16,16.23,18.32,22.40,-1,-1
2008-02-25,15.92,16.04,16.12,18.17,22.34,-1,-1
2008-02-26,15.79,15.95,16.04,18.04,22.28,-1,-1
2008-02-27,15.75,15.89,15.94,17.89,22.23,-1,-1
2008-02-28,15.64,15.84,15.85,17.73,22.16,-1,-1
2008-02-29,15.58,15.80,15.82,17.62,22.11,-1,-1
2008-03-03,15.41,15.75,15.74,17.47,22.04,-1,-1
2008-03-04,15.09,15.57,15.62,17.29,21.97,-1,-1
2008-03-05,14.81,15.36,15.56,17.11,21.91,-1,-1
2008-03-06,14.53,15.16,15.58,16.93,21.84,-1,-1
2008-03-07,14.21,14.98,15.54,16.75,21.77,-1,-1
2008-03-10,13.76,14.70,15.44,16.55,21.70,-1,-1
2008-03-11,13.35,14.46,15.36,16.38,21.64,-1,-1
2008-03-12,13.18,14.29,15.28,16.22,21.58,-1,-1
2008-03-13,13.03,14.06,15.20,16.05,21.51,-1,-1
2008-03-14,12.88,13.84,15.06,15.87,21.45,-1,-1
2008-03-17,12.75,13.64,14.94,15.72,21.40,-1,-1
2008-03-18,12.62,13.41,14.78,15.56,21.34,-1,-1
2008-03-19,12.73,13.24,14.65,15.43,21.28,-1,-1
2008-03-20,12.75,13.05,14.52,15.31,21.23,-1,-1
2008-03-24,12.77,12.98,14.45,15.21,21.18,-1,-1
2008-03-25,13.09,13.06,14.41,15.13,21.13,1,-1
2008-03-26,13.37,13.12,14.38,15.06,21.09,1,-1
2008-03-27,13.78,13.26,14.37,15.00,21.05,1,-1
2008-03-28,14.25,13.44,14.34,14.96,21.01,1,-1
2008-03-31,14.64,13.68,14.31,14.94,20.97,1,-1
2008-04-01,15.11,13.93,14.31,14.92,20.93,1,-1
2008-04-02,15.32,14.05,14.28,14.88,20.89,1,-1
2008-04-03,15.36,14.23,14.26,14.87,20.85,1,-1
2008-04-04,15.36,14.37,14.21,14.90,20.81,1,-1
2008-04-07,15.17,14.48,14.16,14.90,20.77,1,-1
2008-04-08,14.94,14.59,14.11,14.87,20.72,1,-1
2008-04-09,14.66,14.65,14.04,14.85,20.68,1,-1
2008-04-10,14.27,14.69,13.96,14.80,20.63,-1,-1
2008-04-11,14.01,14.67,13.90,14.76,20.59,-1,-1
2008-04-14,13.80,14.58,13.84,14.70,20.55,-1,-1
2008-04-15,13.63,14.50,13.79,14.64,20.50,-1,-1
2008-04-16,13.56,14.37,13.80,14.57,20.47,-1,-1
2008-04-17,13.48,14.21,13.80,14.51,20.43,-1,-1
2008-04-18,13.52,14.09,13.81,14.45,20.38,-1,-1
2008-04-21,13.61,13.94,13.82,14.42,20.34,-1,-1
2008-04-22,13.67,13.84,13.88,14.37,20.30,-1,-1
2008-04-23,13.71,13.76,13.92,14.34,20.26,-1,-1
2008-04-24,13.78,13.70,13.93,14.30,20.22,1,-1
2008-04-25,13.71,13.64,13.96,14.23,20.18,1,-1
2008-04-28,13.69,13.59,13.99,14.17,20.13,1,-1
2008-04-29,13.54,13.53,13.99,14.11,20.07,1,-1
2008-04-30,13.35,13.48,14.00,14.04,20.01,-1,-1
2008-05-01,13.18,13.42,13.99,13.97,19.94,-1,-1
2008-05-02,13.05,13.38,14.00,13.91,19.88,-1,-1
2008-05-05,13.05,13.41,14.00,13.88,19.82,-1,-1
2008-05-06,13.29,13.50,14.01,13.86,19.75,-1,-1
2008-05-07,13.59,13.64,14.04,13.86,19.70,-1,-1
2008-05-08,13.97,13.76,14.03,13.86,19.64,1,-1
2008-05-09,14.40,13.88,14.03,13.87,19.59,1,-1
2008-05-12,14.91,14.05,14.06,13.88,19.55,1,-1
2008-05-13,15.43,14.24,14.07,13.92,19.51,1,-1
2008-05-14,15.84,14.44,14.12,13.98,19.48,1,-1
2008-05-15,16.26,14.78,14.22,14.07,19.45,1,-1
2008-05-16,16.69,15.14,14.35,14.16,19.42,1,-1
2008-05-19,16.97,15.47,14.46,14.24,19.39,1,-1
2008-05-20,17.08,15.74,14.53,14.33,19.35,1,-1
2008-05-21,16.99,15.95,14.60,14.39,19.32,1,-1
2008-05-22,16.82,16.12,14.66,14.43,19.27,1,-1
2008-05-23,16.59,16.21,14.72,14.48,19.22,1,-1
2008-05-27,16.14,16.20,14.76,14.52,19.18,-1,-1
2008-05-28,15.66,16.18,14.82,14.57,19.13,-1,-1
2008-05-29,15.28,16.12,14.85,14.62,19.08,-1,-1
2008-05-30,15.02,16.05,14.89,14.65,19.03,-1,-1
2008-06-02,14.83,15.91,14.90,14.68,18.99,-1,-1
2008-06-03,14.70,15.76,14.92,14.70,18.97,-1,-1
2008-06-04,14.51,15.55,14.92,14.68,18.95,-1,-1
2008-06-05,14.34,15.24,14.91,14.66,18.92,-1,-1
2008-06-06,14.12,14.89,14.90,14.62,18.89,-1,-1
2008-06-09,13.97,14.62,14.92,14.58,18.85,-1,-1
2008-06-10,13.82,14.42,14.92,14.54,18.82,-1,-1
2008-06-11,13.65,14.24,14.93,14.48,18.78,-1,-1
2008-06-12,13.46,14.08,14.94,14.44,18.74,-1,-1
2008-06-13,13.37,13.94,14.96,14.40,18.70,-1,-1
2008-06-16,13.29,13.81,14.97,14.37,18.67,-1,-1
2008-06-17,13.20,13.66,14.94,14.34,18.63,-1,-1
2008-06-18,13.07,13.52,14.86,14.32,18.59,-1,-1
2008-06-19,12.92,13.37,14.77,14.30,18.55,-1,-1
2008-06-20,12.84,13.24,14.66,14.28,18.51,-1,-1
2008-06-23,12.84,13.15,14.58,14.27,18.47,-1,-1
2008-06-24,12.79,13.08,14.47,14.26,18.43,-1,-1
2008-06-25,12.84,13.06,14.36,14.26,18.40,-1,-1
2008-06-26,12.84,13.02,14.24,14.24,18.35,-1,-1
2008-06-27,12.86,12.96,14.07,14.23,18.31,-1,-1
2008-06-30,12.86,12.89,13.87,14.20,18.26,-1,-1
2008-07-01,12.86,12.85,13.71,14.17,18.22,1,-1
2008-07-02,12.73,12.78,13.56,14.14,18.17,-1,-1
2008-07-03,12.66,12.73,13.46,14.11,18.12,-1,-1
2008-07-07,12.51,12.68,13.36,14.08,18.07,-1,-1
2008-07-08,12.41,12.62,13.27,14.06,18.01,-1,-1
2008-07-09,12.28,12.57,13.17,14.03,17.95,-1,-1
2008-07-10,12.21,12.54,13.07,14.02,17.88,-1,-1
2008-07-11,12.09,12.47,12.96,14.00,17.81,-1,-1
2008-07-14,12.00,12.36,12.86,13.97,17.74,-1,-1
2008-07-15,11.85,12.26,12.76,13.94,17.66,-1,-1
2008-07-16,11.72,12.12,12.66,13.89,17.58,-1,-1
2008-07-17,11.59,12.00,12.58,13.82,17.51,-1,-1
2008-07-18,11.44,11.86,12.50,13.73,17.43,-1,-1
2008-07-21,11.34,11.78,12.42,13.65,17.36,-1,-1
2008-07-22,11.27,11.68,12.33,13.56,17.28,-1,-1
2008-07-23,11.16,11.58,12.24,13.45,17.21,-1,-1
2008-07-24,11.10,11.48,12.16,13.34,17.14,-1,-1
2008-07-25,11.01,11.37,12.09,13.22,17.07,-1,-1
2008-07-28,10.89,11.24,12.00,13.07,16.99,-1,-1
2008-07-29,10.84,11.14,11.93,12.91,16.92,-1,-1
2008-07-30,10.82,11.08,11.86,12.79,16.85,-1,-1
2008-07-31,10.74,11.00,11.78,12.67,16.78,-1,-1
2008-08-01,10.71,10.94,11.73,12.57,16.72,-1,-1
2008-08-04,10.69,10.90,11.66,12.48,16.64,-1,-1
2008-08-05,10.67,10.84,11.58,12.39,16.57,-1,-1
2008-08-06,10.65,10.77,11.50,12.30,16.50,-1,-1
2008-08-07,10.69,10.77,11.42,12.22,16.43,-1,-1
2008-08-08,10.78,10.80,11.38,12.16,16.36,-1,-1
2008-08-11,10.86,10.80,11.32,12.09,16.30,1,-1
2008-08-12,10.84,10.78,11.26,12.01,16.23,1,-1
2008-08-13,10.86,10.78,11.20,11.94,16.16,1,-1
2008-08-14,10.84,10.76,11.15,11.88,16.08,1,-1
2008-08-15,10.84,10.75,11.08,11.81,16.01,1,-1
2008-08-18,10.71,10.70,11.00,11.74,15.93,1,-1
2008-08-19,10.50,10.64,10.93,11.67,15.86,-1,-1
2008-08-20,10.50,10.68,10.90,11.62,15.79,-1,-1
2008-08-21,10.56,10.70,10.87,11.58,15.72,-1,-1
2008-08-22,10.63,10.75,10.86,11.54,15.65,-1,-1
2008-08-25,10.74,10.79,10.85,11.51,15.58,-1,-1
2008-08-26,10.82,10.83,10.84,11.47,15.51,-1,-1
2008-08-27,10.91,10.81,10.82,11.42,15.45,1,-1
2008-08-28,10.99,10.75,10.80,11.38,15.39,1,-1
2008-08-29,10.97,10.74,10.80,11.35,15.33,1,-1
2008-09-02,10.89,10.72,10.76,11.31,15.26,1,-1
2008-09-03,10.78,10.70,10.74,11.26,15.20,1,-1
2008-09-04,10.63,10.68,10.72,11.20,15.14,-1,-1
2008-09-05,10.56,10.69,10.72,11.15,15.07,-1,-1
2008-09-08,10.54,10.72,10.71,11.10,15.01,-1,-1
2008-09-09,10.50,10.75,10.71,11.05,14.95,-1,-1
2008-09-10,10.44,10.70,10.70,11.01,14.89,-1,-1
2008-09-11,10.37,10.63,10.66,10.96,14.83,-1,-1
2008-09-12,10.29,10.53,10.64,10.91,14.77,-1,-1
2008-09-15,10.14,10.38,10.59,10.85,14.69,-1,-1
2008-09-16,9.79,10.18,10.50,10.77,14.62,-1,-1
2008-09-17,9.28,9.91,10.38,10.66,14.54,-1,-1
2008-09-18,8.76,9.63,10.26,10.56,14.46,-1,-1
2008-09-19,8.36,9.40,10.16,10.47,14.38,-1,-1
2008-09-22,8.08,9.22,10.03,10.40,14.30,-1,-1
2008-09-23,7.82,9.05,9.93,10.33,14.23,-1,-1
2008-09-24,7.69,8.91,9.85,10.27,14.15,-1,-1
2008-09-25,7.82,8.81,9.79,10.22,14.08,-1,-1
2008-09-26,8.08,8.68,9.74,10.17,14.01,-1,-1
2008-09-29,8.16,8.46,9.64,10.10,13.93,-1,-1
2008-09-30,8.21,8.28,9.57,10.03,13.86,-1,-1
2008-10-01,8.19,8.13,9.49,9.97,13.78,1,-1
2008-10-02,8.06,7.94,9.36,9.89,13.71,1,-1
2008-10-03,7.93,7.81,9.24,9.82,13.64,1,-1
2008-10-06,7.59,7.70,9.09,9.74,13.56,-1,-1
2008-10-07,7.20,7.64,8.91,9.65,13.47,-1,-1
2008-10-08,6.88,7.52,8.72,9.54,13.39,-1,-1
2008-10-09,6.56,7.38,8.56,9.44,13.30,-1,-1
2008-10-10,6.24,7.21,8.38,9.34,13.22,-1,-1
2008-10-13,6.02,7.04,8.20,9.24,13.14,-1,-1
2008-10-14,5.83,6.88,8.06,9.14,13.07,-1,-1
2008-10-15,5.64,6.61,7.88,9.04,12.99,-1,-1
2008-10-16,5.55,6.38,7.72,8.94,12.91,-1,-1
2008-10-17,5.51,6.19,7.54,8.82,12.83,-1,-1
2008-10-20,5.44,6.00,7.36,8.69,12.75,-1,-1
2008-10-21,5.40,5.82,7.19,8.57,12.68,-1,-1
2008-10-22,5.29,5.66,7.00,8.46,12.62,-1,-1
2008-10-23,5.16,5.50,6.84,8.35,12.55,-1,-1
2008-10-24,5.08,5.36,6.67,8.23,12.48,-1,-1
2008-10-27,4.89,5.22,6.50,8.10,12.41,-1,-1
2008-10-28,4.74,5.12,6.36,7.98,12.33,-1,-1
2008-10-29,4.48,4.96,6.24,7.84,12.26,-1,-1
2008-10-30,4.18,4.79,6.12,7.69,12.20,-1,-1
2008-10-31,3.94,4.62,5.98,7.53,12.13,-1,-1
2008-11-03,3.79,4.48,5.84,7.39,12.06,-1,-1
2008-11-04,3.86,4.47,5.74,7.27,12.01,-1,-1
2008-11-05,4.01,4.45,5.64,7.15,11.97,-1,-1
2008-11-06,4.09,4.41,5.49,7.03,11.92,-1,-1
2008-11-07,4.29,4.38,5.36,6.91,11.87,-1,-1
2008-11-10,4.52,4.35,5.27,6.78,11.82,1,-1
2008-11-11,4.76,4.35,5.17,6.68,11.76,1,-1
2008-11-12,4.82,4.31,5.06,6.56,11.71,1,-1
2008-11-13,4.54,4.20,4.92,6.41,11.64,1,-1
2008-11-14,4.33,4.17,4.80,6.28,11.58,1,-1
2008-11-17,4.16,4.12,4.69,6.13,11.51,1,-1
2008-11-18,3.92,4.10,4.60,5.98,11.44,-1,-1
2008-11-19,3.66,4.09,4.52,5.84,11.38,-1,-1
2008-11-20,3.36,4.06,4.42,5.69,11.31,-1,-1
2008-11-21,3.11,3.96,4.33,5.55,11.24,-1,-1
2008-11-24,3.11,3.82,4.24,5.43,11.18,-1,-1
2008-11-25,3.06,3.70,4.15,5.33,11.12,-1,-1
2008-11-26,3.02,3.59,4.08,5.26,11.05,-1,-1
2008-11-28,3.04,3.48,4.01,5.18,10.99,-1,-1
2008-12-01,3.04,3.35,3.94,5.09,10.92,-1,-1
2008-12-02,3.06,3.21,3.87,4.99,10.86,-1,-1
2008-12-03,3.06,3.09,3.78,4.88,10.79,-1,-1
2008-12-04,2.98,3.04,3.70,4.77,10.72,-1,-1
2008-12-05,2.87,2.97,3.62,4.64,10.66,-1,-1
2008-12-08,2.79,2.90,3.54,4.51,10.59,-1,-1
2008-12-09,2.66,2.85,3.49,4.41,10.53,-1,-1
2008-12-10,2.55,2.80,3.44,4.30,10.46,-1,-1
2008-12-11,2.46,2.76,3.40,4.19,10.40,-1,-1
2008-12-12,2.42,2.74,3.38,4.10,10.33,-1,-1
2008-12-15,2.44,2.71,3.36,4.00,10.27,-1,-1
2008-12-16,2.42,2.65,3.30,3.92,10.21,-1,-1
2008-12-17,2.42,2.60,3.21,3.85,10.16,-1,-1
2008-12-18,2.44,2.55,3.12,3.79,10.10,-1,-1
2008-12-19,2.46,2.51,3.06,3.73,10.05,-1,-1
2008-12-22,2.44,2.45,2.97,3.66,10.00,-1,-1
2008-12-23,2.40,2.41,2.88,3.59,9.95,-1,-1
2008-12-24,2.29,2.37,2.78,3.51,9.89,-1,-1
2008-12-26,2.23,2.32,2.70,3.44,9.84,-1,-1
2008-12-29,2.12,2.27,2.64,3.37,9.78,-1,-1
2008-12-30,1.97,2.21,2.58,3.30,9.73,-1,-1
2008-12-31,1.93,2.20,2.53,3.23,9.67,-1,-1
2009-01-02,1.95,2.20,2.51,3.18,9.62,-1,-1
2009-01-05,2.01,2.21,2.49,3.13,9.57,-1,-1
2009-01-06,2.16,2.23,2.50,3.09,9.52,-1,-1
2009-01-07,2.36,2.29,2.52,3.06,9.46,1,-1
2009-01-08,2.57,2.35,2.52,3.04,9.40,1,-1
2009-01-09,2.74,2.36,2.50,3.02,9.34,1,-1
2009-01-12,2.85,2.39,2.49,3.01,9.27,1,-1
2009-01-13,2.89,2.42,2.48,3.00,9.21,1,-1
2009-01-14,2.89,2.45,2.46,2.98,9.14,1,-1
2009-01-15,2.81,2.49,2.44,2.95,9.08,1,-1
2009-01-16,2.72,2.54,2.44,2.90,9.02,1,-1
2009-01-20,2.64,2.60,2.44,2.85,8.96,1,-1
2009-01-21,2.61,2.68,2.44,2.81,8.90,-1,-1
2009-01-22,2.55,2.70,2.44,2.76,8.84,-1,-1
2009-01-23,2.51,2.70,2.44,2.72,8.79,-1,-1
2009-01-26,2.51,2.70,2.45,2.67,8.73,-1,-1
2009-01-27,2.49,2.65,2.45,2.62,8.68,-1,-1
2009-01-28,2.44,2.58,2.44,2.61,8.62,-1,-1
2009-01-29,2.46,2.55,2.44,2.59,8.57,-1,-1
2009-01-30,2.46,2.54,2.45,2.57,8.51,-1,-1
2009-02-02,2.49,2.52,2.45,2.56,8.46,-1,-1
2009-02-03,2.53,2.52,2.46,2.56,8.40,1,-1
2009-02-04,2.57,2.54,2.48,2.56,8.35,1,-1
2009-02-05,2.66,2.57,2.49,2.56,8.29,1,-1
2009-02-06,2.72,2.58,2.52,2.55,8.24,1,-1
2009-02-09,2.76,2.61,2.55,2.55,8.18,1,-1
2009-02-10,2.83,2.65,2.59,2.55,8.13,1,-1
2009-02-11,2.89,2.69,2.64,2.54,8.08,1,-1
2009-02-12,2.91,2.72,2.68,2.54,8.03,1,-1
2009-02-13,2.91,2.74,2.70,2.54,7.98,1,-1
2009-02-17,2.91,2.79,2.72,2.54,7.93,1,-1
2009-02-18,2.89,2.81,2.72,2.54,7.88,1,-1
2009-02-19,2.87,2.82,2.72,2.55,7.83,1,-1
2009-02-20,2.87,2.85,2.71,2.56,7.77,1,-1
2009-02-23,2.81,2.85,2.69,2.56,7.70,-1,-1
2009-02-24,2.76,2.84,2.68,2.57,7.64,-1,-1
2009-02-25,2.70,2.81,2.67,2.57,7.57,-1,-1
2009-02-26,2.66,2.79,2.66,2.57,7.50,-1,-1
2009-02-27,2.66,2.78,2.67,2.57,7.43,-1,-1
2009-03-02,2.59,2.73,2.67,2.57,7.36,-1,-1
2009-03-03,2.53,2.70,2.66,2.57,7.28,-1,-1
2009-03-04,2.53,2.67,2.66,2.57,7.21,-1,-1
2009-03-05,2.55,2.66,2.67,2.58,7.13,-1,-1
2009-03-06,2.57,2.64,2.68,2.59,7.06,-1,-1
2009-03-09,2.55,2.60,2.68,2.59,7.00,-1,-1
2009-03-10,2.53,2.59,2.68,2.60,6.93,-1,-1
2009-03-11,2.55,2.57,2.68,2.62,6.87,-1,-1
2009-03-12,2.53,2.53,2.68,2.63,6.81,-1,-1
2009-03-13,2.53,2.53,2.68,2.65,6.75,-1,-1
2009-03-16,2.51,2.53,2.68,2.66,6.68,-1,-1
2009-03-17,2.53,2.55,2.69,2.67,6.63,-1,-1
2009-03-18,2.55,2.55,2.68,2.67,6.57,-1,-1
2009-03-19,2.57,2.55,2.68,2.66,6.51,1,-1
2009-03-20,2.57,2.56,2.66,2.65,6.45,1,-1
2009-03-23,2.61,2.57,2.66,2.64,6.40,1,-1
2009-03-24,2.66,2.59,2.66,2.64,6.34,1,-1
2009-03-25,2.70,2.60,2.65,2.64,6.29,1,-1
2009-03-26,2.81,2.67,2.66,2.66,6.24,1,-1
2009-03-27,2.91,2.73,2.68,2.67,6.19,1,-1
2009-03-30,2.96,2.76,2.68,2.68,6.14,1,-1
2009-03-31,3.04,2.81,2.70,2.69,6.09,1,-1
2009-04-01,3.13,2.87,2.72,2.71,6.04,1,-1
2009-04-02,3.17,2.91,2.72,2.72,5.99,1,-1
2009-04-03,3.21,2.96,2.73,2.73,5.95,1,-1
2009-04-06,3.32,3.06,2.78,2.77,5.90,1,-1
2009-04-07,3.41,3.16,2.83,2.80,5.86,1,-1
2009-04-08,3.54,3.25,2.88,2.83,5.82,1,-1
2009-04-09,3.69,3.36,2.94,2.86,5.77,1,-1
2009-04-13,3.90,3.51,3.00,2.91,5.73,1,-1
2009-04-14,4.20,3.69,3.10,2.96,5.69,1,-1
2009-04-15,4.52,3.87,3.20,3.02,5.65,1,-1
2009-04-16,4.67,4.00,3.28,3.07,5.62,1,-1
2009-04-17,4.84,4.12,3.36,3.11,5.58,1,-1
2009-04-20,4.93,4.23,3.43,3.15,5.54,1,-1
2009-04-21,4.95,4.32,3.50,3.18,5.50,1,-1
2009-04-22,4.89,4.39,3.56,3.20,5.46,1,-1
2009-04-23,4.78,4.49,3.62,3.23,5.42,1,-1
2009-04-24,4.63,4.58,3.68,3.26,5.39,1,-1
2009-04-27,4.46,4.56,3.74,3.28,5.35,-1,-1
2009-04-28,4.33,4.59,3.79,3.31,5.31,-1,-1
2009-04-29,4.31,4.62,3.84,3.34,5.27,-1,-1
2009-04-30,4.29,4.62,3.90,3.37,5.24,-1,-1
2009-05-01,4.29,4.59,3.95,3.40,5.20,-1,-1
2009-05-04,4.22,4.50,4.00,3.42,5.17,-1,-1
2009-05-05,4.20,4.41,4.06,3.46,5.13,-1,-1
2009-05-06,4.22,4.34,4.10,3.49,5.10,-1,-1
2009-05-07,4.22,4.27,4.15,3.52,5.06,-1,-1
2009-05-08,4.22,4.26,4.18,3.56,5.03,-1,-1
2009-05-11,4.22,4.25,4.20,3.59,5.00,-1,-1
2009-05-12,4.20,4.24,4.24,3.63,4.96,-1,-1
2009-05-13,4.22,4.22,4.28,3.66,4.93,-1,-1
2009-05-14,4.22,4.21,4.31,3.69,4.90,1,-1
2009-05-15,4.22,4.22,4.34,3.72,4.87,-1,-1
2009-05-18,4.20,4.21,4.38,3.75,4.83,-1,-1
2009-05-19,4.16,4.19,4.37,3.79,4.80,-1,-1
2009-05-20,4.18,4.20,4.38,3.82,4.77,-1,-1
2009-05-21,4.24,4.22,4.41,3.86,4.74,1,-1
2009-05-22,4.37,4.30,4.44,3.92,4.71,1,-1
2009-05-26,4.46,4.34,4.44,3.96,4.68,1,-1
2009-05-27,4.48,4.35,4.41,4.00,4.65,1,-1
2009-05-28,4.50,4.35,4.37,4.03,4.61,1,-1
2009-05-29,4.52,4.34,4.34,4.06,4.58,1,-1
2009-06-01,4.52,4.35,4.31,4.10,4.55,1,-1
2009-06-02,4.46,4.35,4.30,4.13,4.52,1,-1
2009-06-03,4.33,4.35,4.30,4.16,4.49,-1,-1
2009-06-04,4.26,4.36,4.30,4.19,4.46,-1,-1
2009-06-05,4.26,4.37,4.29,4.22,4.43,-1,-1
2009-06-08,4.26,4.38,4.28,4.23,4.39,-1,-1
2009-06-09,4.29,4.40,4.30,4.25,4.36,-1,-1
2009-06-10,4.33,4.42,4.31,4.29,4.33,-1,-1
2009-06-11,4.33,4.39,4.31,4.31,4.29,-1,1
2009-06-12,4.35,4.34,4.31,4.33,4.26,1,1
2009-06-15,4.35,4.31,4.31,4.35,4.23,1,1
2009-06-16,4.35,4.31,4.32,4.38,4.19,1,1
2009-06-17,4.35,4.31,4.32,4.38,4.16,1,1
2009-06-18,4.41,4.35,4.34,4.39,4.13,1,1
2009-06-19,4.44,4.38,4.36,4.41,4.10,1,1
2009-06-22,4.48,4.40,4.36,4.42,4.08,1,1
2009-06-23,4.50,4.42,4.38,4.41,4.05,1,1
2009-06-24,4.52,4.44,4.38,4.40,4.02,1,1
2009-06-25,4.54,4.45,4.39,4.38,3.99,1,1
2009-06-26,4.63,4.49,4.42,4.37,3.96,1,1
2009-06-29,4.65,4.53,4.44,4.37,3.93,1,1
2009-06-30,4.78,4.61,4.50,4.39,3.91,1,1
2009-07-01,5.06,4.77,4.58,4.43,3.90,1,1
2009-07-02,5.31,4.91,4.64,4.47,3.89,1,1
2009-07-06,5.44,4.98,4.66,4.49,3.88,1,1
2009-07-07,5.55,5.05,4.67,4.51,3.87,1,1
2009-07-08,5.61,5.12,4.69,4.53,3.86,1,1
2009-07-09,5.70,5.18,4.72,4.56,3.85,1,1
2009-07-10,5.64,5.21,4.76,4.58,3.84,1,1
2009-07-13,5.55,5.30,4.82,4.61,3.82,1,1
2009-07-14,5.55,5.43,4.88,4.65,3.81,1,1
2009-07-15,5.79,5.61,4.97,4.71,3.80,1,1
2009-07-16,6.00,5.78,5.06,4.76,3.80,1,1
2009-07-17,6.21,5.91,5.14,4.81,3.79,1,1
2009-07-20,6.39,6.04,5.22,4.86,3.79,1,1
2009-07-21,6.69,6.16,5.32,4.92,3.79,1,1
2009-07-22,7.07,6.31,5.47,5.01,3.79,1,1
2009-07-23,7.59,6.57,5.64,5.12,3.81,1,1
2009-07-24,7.97,6.88,5.82,5.24,3.83,1,1
2009-07-27,8.34,7.17,5.99,5.34,3.85,1,1
2009-07-28,8.68,7.45,6.15,5.44,3.87,1,1
2009-07-29,9.06,7.72,6.32,5.54,3.89,1,1
2009-07-30,9.26,7.97,6.47,5.64,3.90,1,1
2009-07-31,9.30,8.19,6.60,5.73,3.92,1,1
2009-08-03,9.49,8.54,6.82,5.86,3.94,1,1
2009-08-04,9.99,8.98,7.11,6.02,3.98,1,1
2009-08-05,10.76,9.55,7.45,6.22,4.03,1,1
2009-08-06,11.38,10.03,7.75,6.40,4.07,1,1
2009-08-07,12.15,10.61,8.10,6.62,4.12,1,1
2009-08-10,13.05,11.15,8.44,6.83,4.17,1,1
2009-08-11,13.89,11.59,8.76,7.04,4.22,1,1
2009-08-12,14.81,12.15,9.16,7.31,4.29,1,1
2009-08-13,15.79,12.89,9.62,7.63,4.37,1,1
2009-08-14,16.41,13.59,10.04,7.92,4.44,1,1
2009-08-17,16.82,14.10,10.40,8.16,4.51,1,1
2009-08-18,17.55,14.85,10.90,8.48,4.59,1,1
2009-08-19,18.21,15.63,11.38,8.78,4.67,1,1
2009-08-20,18.99,16.44,11.86,9.09,4.75,1,1
2009-08-21,19.22,17.01,12.33,9.39,4.82,1,1
2009-08-24,19.01,17.40,12.76,9.68,4.89,1,1
2009-08-25,18.94,17.68,13.16,9.96,4.96,1,1
2009-08-26,19.18,18.00,13.53,10.24,5.03,1,1
2009-08-27,18.77,18.16,13.88,10.49,5.09,1,1
2009-08-28,18.54,18.38,14.25,10.76,5.15,1,1
2009-08-31,17.87,18.43,14.54,10.97,5.21,-1,1
2009-09-01,17.34,18.28,14.82,11.19,5.27,-1,1
2009-09-02,16.74,17.87,15.01,11.39,5.32,-1,1
2009-09-03,16.09,17.52,15.15,11.58,5.38,-1,1
2009-09-04,15.62,17.40,15.32,11.79,5.44,-1,1
2009-09-08,15.39,17.08,15.52,12.00,5.50,-1,1
2009-09-09,14.96,16.75,15.72,12.20,5.56,-1,1
2009-09-10,14.87,16.37,15.90,12.38,5.62,-1,1
2009-09-11,14.76,16.05,16.10,12.55,5.68,-1,1
2009-09-14,14.70,15.72,16.27,12.70,5.73,-1,1
2009-09-15,14.59,15.34,16.34,12.86,5.78,-1,1
2009-09-16,14.49,15.05,16.36,13.04,5.84,-1,1
2009-09-17,14.40,14.89,16.37,13.23,5.90,-1,1
2009-09-18,14.31,14.64,16.40,13.41,5.95,-1,1
2009-09-21,14.25,14.56,16.38,13.59,6.01,-1,1
2009-09-22,14.19,14.47,16.36,13.76,6.07,-1,1
2009-09-23,14.23,14.46,16.35,13.92,6.13,-1,1
2009-09-24,14.31,14.45,16.23,14.06,6.19,-1,1
2009-09-25,14.29,14.39,16.02,14.20,6.24,-1,1
2009-09-28,14.12,14.26,15.84,14.34,6.30,-1,1
2009-09-29,14.06,14.19,15.76,14.48,6.36,-1,1
2009-09-30,13.99,14.12,15.56,14.61,6.42,-1,1
2009-10-01,13.93,14.06,15.36,14.72,6.47,-1,1
2009-10-02,13.82,14.02,15.15,14.79,6.53,-1,1
2009-10-05,13.78,14.05,14.96,14.87,6.58,-1,1
2009-10-06,13.80,14.05,14.80,14.96,6.64,-1,1
2009-10-07,13.80,13.96,14.64,15.05,6.70,-1,1
2009-10-08,13.80,13.93,14.50,15.14,6.76,-1,1
2009-10-09,13.82,13.91,14.40,15.25,6.82,-1,1
2009-10-12,14.36,14.14,14.39,15.43,6.90,1,1
2009-10-13,14.70,14.26,14.40,15.52,6.97,1,1
2009-10-14,15.06,14.42,14.42,15.58,7.04,1,1
2009-10-15,15.41,14.60,14.49,15.62,7.11,1,1
2009-10-16,15.71,14.75,14.54,15.66,7.18,1,1
2009-10-19,16.03,14.91,14.60,15.69,7.25,1,1
2009-10-20,16.26,15.04,14.60,15.70,7.32,1,1
2009-10-21,16.05,15.20,14.64,15.73,7.38,1,1
2009-10-22,16.05,15.38,14.68,15.70,7.44,1,1
2009-10-23,16.01,15.54,14.72,15.61,7.51,1,1
2009-10-26,16.01,15.71,14.80,15.56,7.58,1,1
2009-10-27,16.03,15.87,14.88,15.55,7.64,1,1
2009-10-28,15.81,15.92,14.90,15.44,7.70,-1,1
2009-10-29,15.75,16.01,14.92,15.36,7.77,-1,1
2009-10-30,15.51,15.78,14.92,15.25,7.83,-1,1
2009-11-02,15.28,15.66,14.92,15.14,7.88,-1,1
2009-11-03,15.06,15.54,14.92,15.06,7.94,-1,1
2009-11-04,14.85,15.43,14.94,14.98,8.00,-1,1
2009-11-05,14.70,15.36,14.97,14.92,8.07,-1,1
2009-11-06,14.76,15.29,15.01,14.88,8.13,-1,1
2009-11-09,14.83,15.29,15.08,14.84,8.20,-1,1
2009-11-10,14.89,15.20,15.12,14.83,8.26,-1,1
2009-11-11,15.06,15.17,15.17,14.83,8.33,-1,1
2009-11-12,15.15,15.11,15.20,14.84,8.39,1,1
2009-11-13,15.28,15.06,15.28,14.87,8.45,1,1
2009-11-16,15.39,15.04,15.34,14.89,8.52,1,1
2009-11-17,15.41,15.09,15.39,14.89,8.58,1,1
2009-11-18,15.32,15.08,15.44,14.89,8.64,1,1
2009-11-19,15.28,15.09,15.46,14.89,8.70,1,1
2009-11-20,15.21,15.14,15.50,14.89,8.76,1,1
2009-11-23,15.41,15.28,15.45,14.94,8.83,1,1
2009-11-24,15.47,15.38,15.46,14.99,8.90,1,1
2009-11-25,15.49,15.44,15.44,15.03,8.96,1,1
2009-11-27,15.49,15.45,15.41,15.04,9.02,1,1
2009-11-30,15.45,15.39,15.38,15.05,9.08,1,1
2009-12-01,15.54,15.41,15.35,15.07,9.14,1,1
2009-12-02,15.54,15.38,15.32,15.08,9.21,1,1
2009-12-03,15.32,15.36,15.28,15.09,9.27,-1,1
2009-12-04,15.15,15.31,15.25,15.11,9.33,-1,1
2009-12-07,15.02,15.26,15.22,15.13,9.39,-1,1
2009-12-08,14.98,15.24,15.17,15.16,9.45,-1,1
2009-12-09,14.98,15.21,15.14,15.18,9.51,-1,1
2009-12-10,14.89,15.21,15.14,15.19,9.57,-1,1
2009-12-11,14.87,15.20,15.12,15.21,9.63,-1,1
2009-12-14,14.89,15.11,15.14,15.24,9.70,-1,1
2009-12-15,14.85,15.00,15.15,15.26,9.76,-1,1
2009-12-16,14.85,14.94,15.16,15.28,9.82,-1,1
2009-12-17,14.72,14.85,15.14,15.29,9.88,-1,1
2009-12-18,14.61,14.80,15.12,15.29,9.93,-1,1
2009-12-21,14.66,14.78,15.11,15.31,10.00,-1,1
2009-12-22,14.66,14.76,15.08,15.25,10.06,-1,1
2009-12-23,14.68,14.79,15.08,15.24,10.12,-1,1
2009-12-24,14.72,14.79,15.07,15.21,10.18,-1,1
2009-12-28,14.66,14.75,15.05,15.17,10.24,-1,1
2009-12-29,14.66,14.69,15.00,15.14,10.30,-1,1
2009-12-30,14.72,14.67,14.96,15.11,10.36,1,1
2009-12-31,14.66,14.66,14.94,15.08,10.42,-1,1
2010-01-04,14.83,14.74,14.96,15.08,10.49,1,1
2010-01-05,14.96,14.82,15.01,15.08,10.55,1,1
2010-01-06,15.04,14.88,15.03,15.08,10.62,1,1
2010-01-07,15.15,14.90,14.99,15.05,10.68,1,1
2010-01-08,15.36,15.01,14.97,15.05,10.74,1,1
2010-01-11,15.58,15.15,14.98,15.08,10.81,1,1
2010-01-12,15.79,15.22,15.00,15.09,10.87,1,1
2010-01-13,15.96,15.40,15.08,15.14,10.94,1,1
2010-01-14,16.14,15.55,15.15,15.20,11.01,1,1
2010-01-15,16.33,15.69,15.22,15.26,11.08,1,1
2010-01-19,16.86,16.01,15.35,15.34,11.16,1,1
2010-01-20,17.27,16.32,15.46,15.41,11.24,1,1
2010-01-21,17.59,16.59,15.58,15.47,11.31,1,1
2010-01-22,17.91,16.85,15.69,15.52,11.38,1,1
2010-01-25,18.00,16.98,15.79,15.58,11.45,1,1
2010-01-26,18.09,17.11,15.90,15.63,11.52,1,1
2010-01-27,18.26,17.29,16.00,15.69,11.58,1,1
2010-01-28,18.09,17.47,16.10,15.73,11.65,1,1
2010-01-29,17.91,17.59,16.18,15.76,11.70,1,1
2010-02-01,17.76,17.68,16.26,15.80,11.76,1,1
2010-02-02,17.74,17.83,16.40,15.86,11.83,-1,1
2010-02-03,17.87,17.94,16.55,15.94,11.90,-1,1
2010-02-04,18.15,18.12,16.71,16.04,11.98,1,1
2010-02-05,18.39,18.32,16.88,16.11,12.06,1,1
2010-02-08,18.58,18.33,17.00,16.16,12.13,1,1
2010-02-09,18.81,18.36,17.13,16.23,12.20,1,1
2010-02-10,19.09,18.43,17.30,16.30,12.28,1,1
2010-02-11,19.24,18.49,17.46,16.39,12.35,1,1
2010-02-12,19.26,18.57,17.61,16.46,12.42,1,1
2010-02-16,19.26,18.71,17.78,16.56,12.50,1,1
2010-02-17,19.41,18.90,17.94,16.68,12.58,1,1
2010-02-18,19.71,19.15,18.12,16.80,12.67,1,1
2010-02-19,20.04,19.42,18.30,16.93,12.76,1,1
2010-02-22,20.76,19.93,18.61,17.11,12.86,1,1
2010-02-23,21.39,20.31,18.87,17.29,12.95,1,1
2010-02-24,22.01,20.64,19.11,17.46,13.05,1,1
2010-02-25,22.86,21.06,19.43,17.68,13.16,1,1
2010-02-26,23.38,21.40,19.68,17.87,13.26,1,1
2010-03-01,23.81,21.76,19.90,18.06,13.36,1,1
2010-03-02,24.43,22.23,20.19,18.27,13.46,1,1
2010-03-03,24.90,22.83,20.48,18.54,13.58,1,1
2010-03-04,25.41,23.40,20.77,18.80,13.70,1,1
2010-03-05,25.91,23.96,21.05,19.04,13.81,1,1
2010-03-08,25.89,24.38,21.30,19.25,13.91,1,1
2010-03-09,25.82,24.60,21.50,19.43,14.01,1,1
2010-03-10,26.01,24.91,21.76,19.64,14.11,1,1
2010-03-11,25.99,25.21,22.00,19.86,14.22,1,1
2010-03-12,25.69,25.30,22.26,20.08,14.32,1,1
2010-03-15,25.24,25.33,22.48,20.27,14.42,-1,1
2010-03-16,24.86,25.38,22.70,20.46,14.52,-1,1
2010-03-17,24.77,25.33,22.94,20.64,14.62,-1,1
2010-03-18,24.86,25.34,23.13,20.81,14.73,-1,1
2010-03-19,24.64,25.33,23.27,20.98,14.82,-1,1
2010-03-22,24.54,25.26,23.43,21.17,14.93,-1,1
2010-03-23,24.62,25.16,23.67,21.38,15.03,-1,1
2010-03-24,24.84,25.04,23.88,21.57,15.14,-1,1
2010-03-25,25.03,24.94,24.09,21.76,15.25,1,1
2010-03-26,25.05,24.91,24.29,21.92,15.35,1,1
2010-03-29,25.11,24.99,24.49,22.07,15.45,1,1
2010-03-30,25.33,24.99,24.68,22.24,15.56,1,1
2010-03-31,25.41,24.98,24.83,22.37,15.66,1,1
2010-04-01,25.31,24.96,24.97,22.51,15.77,1,1
2010-04-05,25.22,25.03,25.10,22.64,15.87,1,1
2010-04-06,25.09,25.06,25.10,22.76,15.97,1,1
2010-04-07,24.94,25.00,25.12,22.89,16.07,-1,1
2010-04-08,24.73,24.92,25.13,23.00,16.16,-1,1
2010-04-09,24.47,24.90,25.06,23.11,16.26,-1,1
2010-04-12,24.24,24.82,25.03,23.23,16.35,-1,1
2010-04-13,24.02,24.66,25.02,23.36,16.45,-1,1
2010-04-14,24.11,24.66,25.02,23.53,16.55,-1,1
2010-04-15,24.17,24.63,24.93,23.66,16.65,-1,1
2010-04-16,24.24,24.59,24.85,23.78,16.75,-1,1
2010-04-19,24.30,24.51,24.76,23.86,16.84,-1,1
2010-04-20,24.34,24.41,24.70,23.95,16.92,-1,1
2010-04-21,24.41,24.32,24.70,24.04,17.02,1,1
2010-04-22,24.41,24.21,24.64,24.14,17.11,1,1
2010-04-23,24.19,24.15,24.60,24.24,17.20,1,1
2010-04-26,24.06,24.12,24.55,24.34,17.30,-1,1
2010-04-27,23.89,24.06,24.53,24.43,17.39,-1,1
2010-04-28,23.83,24.06,24.52,24.50,17.48,-1,1
2010-04-29,23.74,24.04,24.46,24.55,17.56,-1,1
2010-04-30,23.49,23.95,24.38,24.57,17.64,-1,1
2010-05-03,23.25,23.83,24.32,24.59,17.71,-1,1
2010-05-04,22.74,23.46,24.18,24.52,17.78,-1,1
2010-05-05,22.14,23.10,23.97,24.44,17.85,-1,1
2010-05-06,21.73,22.81,23.80,24.39,17.91,-1,1
2010-05-07,21.32,22.58,23.65,24.28,17.97,-1,1
2010-05-10,21.43,22.59,23.62,24.28,18.05,-1,1
2010-05-11,21.75,22.62,23.60,24.28,18.12,-1,1
2010-05-12,22.11,22.68,23.57,24.27,18.20,-1,1
2010-05-13,22.54,22.64,23.51,24.19,18.27,-1,1
2010-05-14,22.93,22.53,23.42,24.09,18.33,1,1
2010-05-17,23.10,22.41,23.31,23.99,18.40,1,1
2010-05-18,23.25,22.29,23.22,23.92,18.46,1,1
2010-05-19,22.82,22.12,23.12,23.86,18.51,1,1
2010-05-20,22.33,22.04,23.04,23.77,18.55,1,1
2010-05-21,21.88,22.00,22.96,23.69,18.58,-1,1
2010-05-24,21.56,22.05,22.88,23.61,18.62,-1,1
2010-05-25,21.17,22.05,22.75,23.52,18.65,-1,1
2010-05-26,20.94,22.02,22.57,23.44,18.67,-1,1
2010-05-27,20.83,22.04,22.44,23.36,18.70,-1,1
2010-05-28,20.74,21.78,22.30,23.28,18.72,-1,1
2010-06-01,20.55,21.44,22.16,23.20,18.72,-1,1
2010-06-02,20.40,21.14,22.04,23.12,18.72,-1,1
2010-06-03,20.49,21.02,21.97,23.03,18.75,-1,1
2010-06-04,20.59,20.88,21.86,22.93,18.75,-1,1
2010-06-07,20.57,20.75,21.72,22.82,18.76,-1,1
2010-06-08,20.42,20.62,21.59,22.72,18.76,-1,1
2010-06-09,20.23,20.49,21.45,22.60,18.75,-1,1
2010-06-10,20.38,20.46,21.36,22.50,18.76,-1,1
2010-06-11,20.46,20.43,21.28,22.42,18.78,1,1
2010-06-14,20.49,20.49,21.27,22.35,18.80,-1,1
2010-06-15,20.70,20.65,21.26,22.30,18.82,1,1
2010-06-16,20.96,20.76,21.31,22.24,18.84,1,1
2010-06-17,21.24,20.83,21.38,22.20,18.87,1,1
2010-06-18,21.66,20.95,21.44,22.17,18.91,1,1
2010-06-21,22.05,21.21,21.52,22.16,18.95,1,1
2010-06-22,22.22,21.34,21.46,22.14,18.99,1,1
2010-06-23,22.22,21.35,21.38,22.10,19.03,1,1
2010-06-24,22.07,21.39,21.26,22.01,19.06,1,1
2010-06-25,22.01,21.48,21.18,21.94,19.09,1,1
2010-06-28,21.96,21.60,21.16,21.88,19.12,1,1
2010-06-29,21.86,21.76,21.14,21.83,19.15,1,1
2010-06-30,21.54,21.79,21.12,21.77,19.19,-1,1
2010-07-01,21.24,21.73,21.09,21.70,19.22,-1,1
2010-07-02,21.06,21.64,21.08,21.63,19.26,-1,1
2010-07-06,20.89,21.48,21.02,21.55,19.28,-1,1
2010-07-07,20.72,21.36,20.99,21.47,19.31,-1,1
2010-07-08,20.55,21.26,21.01,21.41,19.34,-1,1
2010-07-09,20.44,21.15,21.03,21.35,19.37,-1,1
2010-07-12,20.42,20.98,21.03,21.31,19.41,-1,1
2010-07-13,20.64,20.94,21.07,21.30,19.45,-1,1
2010-07-14,20.81,20.94,21.14,21.29,19.49,-1,1
2010-07-15,21.02,20.96,21.17,21.31,19.52,1,1
2010-07-16,21.19,20.96,21.15,21.34,19.56,1,1
2010-07-19,21.28,20.91,21.17,21.35,19.60,1,1
2010-07-20,21.39,20.91,21.22,21.36,19.63,1,1
2010-07-21,21.39,20.90,21.26,21.30,19.67,1,1
2010-07-22,21.32,20.98,21.32,21.24,19.71,1,1
2010-07-23,21.26,21.03,21.35,21.17,19.75,1,1
2010-07-26,21.30,21.16,21.36,21.14,19.79,1,1
2010-07-27,21.43,21.31,21.38,21.13,19.83,1,1
2010-07-28,21.54,21.41,21.36,21.13,19.87,1,1
2010-07-29,21.58,21.48,21.36,21.13,19.89,1,1
2010-07-30,21.69,21.54,21.36,21.14,19.92,1,1
2010-08-02,21.73,21.52,21.34,21.15,19.94,1,1
2010-08-03,21.66,21.46,21.26,21.14,19.97,1,1
2010-08-04,21.56,21.43,21.21,21.14,19.99,1,1
2010-08-05,21.43,21.43,21.19,21.16,20.02,-1,1
2010-08-06,21.41,21.47,21.21,21.20,20.05,-1,1
2010-08-09,21.71,21.64,21.30,21.25,20.08,1,1
2010-08-10,21.79,21.74,21.32,21.29,20.12,1,1
2010-08-11,21.79,21.76,21.32,21.33,20.15,1,1
2010-08-12,22.01,21.84,21.37,21.37,20.18,1,1
2010-08-13,22.20,21.88,21.44,21.38,20.21,1,1
2010-08-16,22.37,21.90,21.50,21.41,20.25,1,1
2010-08-17,22.76,22.08,21.64,21.50,20.29,1,1
2010-08-18,22.74,22.22,21.76,21.58,20.34,1,1
2010-08-19,22.86,22.33,21.86,21.66,20.38,1,1
2010-08-20,23.10,22.45,21.94,21.71,20.43,1,1
2010-08-23,23.08,22.54,21.99,21.73,20.46,1,1
2010-08-24,22.95,22.58,21.98,21.72,20.50,1,1
2010-08-25,22.74,22.55,21.94,21.70,20.53,1,1
2010-08-26,22.26,22.51,21.94,21.68,20.55,-1,1
2010-08-27,21.90,22.32,21.93,21.67,20.58,-1,1
2010-08-30,21.56,22.21,21.92,21.64,20.61,-1,1
2010-08-31,21.19,22.15,21.90,21.59,20.64,-1,1
2010-09-01,20.87,21.98,21.87,21.54,20.66,-1,1
2010-09-02,20.76,21.86,21.85,21.52,20.68,-1,1
2010-09-03,20.70,21.72,21.82,21.51,20.71,-1,1
2010-09-07,20.59,21.43,21.77,21.49,20.74,-1,1
2010-09-08,20.40,21.15,21.69,21.45,20.76,-1,1
2010-09-09,20.16,20.86,21.60,21.40,20.78,-1,1
2010-09-10,20.04,20.61,21.54,21.38,20.80,-1,1
2010-09-13,20.14,20.51,21.51,21.39,20.82,-1,1
2010-09-14,20.21,20.49,21.49,21.40,20.85,-1,1
2010-09-15,20.27,20.49,21.49,21.42,20.88,-1,1
2010-09-16,20.34,20.46,21.48,21.43,20.91,-1,1
2010-09-17,20.44,20.42,21.46,21.44,20.93,1,1
2010-09-20,20.66,20.41,21.43,21.44,20.96,1,1
2010-09-21,20.76,20.40,21.32,21.43,20.99,1,1
2010-09-22,20.72,20.43,21.26,21.40,21.02,1,1
2010-09-23,20.68,20.44,21.23,21.38,21.05,1,1
2010-09-24,20.70,20.49,21.18,21.38,21.08,1,1
2010-09-27,20.68,20.51,21.13,21.36,21.11,1,1
2010-09-28,20.70,20.57,21.07,21.35,21.14,1,1
2010-09-29,20.64,20.65,20.94,21.33,21.16,-1,1
2010-09-30,20.59,20.68,20.82,21.32,21.19,-1,1
2010-10-01,20.55,20.64,20.72,21.29,21.22,-1,1
2010-10-04,20.61,20.65,20.65,21.29,21.25,-1,1
2010-10-05,20.74,20.72,20.64,21.30,21.29,1,1
2010-10-06,20.91,20.80,20.65,21.29,21.33,1,-1
2010-10-07,21.06,20.88,20.68,21.29,21.36,1,-1
2010-10-08,21.28,20.96,20.70,21.29,21.40,1,-1
2010-10-11,21.54,21.06,20.74,21.29,21.43,1,-1
2010-10-12,21.81,21.18,20.78,21.31,21.47,1,-1
2010-10-13,21.94,21.28,20.82,21.33,21.50,1,-1
2010-10-14,21.94,21.34,20.89,21.35,21.54,1,-1
2010-10-15,21.96,21.44,20.94,21.36,21.58,1,-1
2010-10-18,21.90,21.48,20.96,21.36,21.62,1,-1
2010-10-19,21.84,21.56,21.00,21.31,21.64,1,-1
2010-10-20,21.77,21.65,21.06,21.29,21.67,1,-1
2010-10-21,21.64,21.73,21.12,21.28,21.70,-1,-1
2010-10-22,21.54,21.74,21.18,21.26,21.73,-1,-1
2010-10-25,21.43,21.69,21.19,21.24,21.76,-1,-1
2010-10-26,21.24,21.60,21.18,21.20,21.78,-1,-1
2010-10-27,21.11,21.50,21.15,21.13,21.80,-1,-1
2010-10-28,20.98,21.41,21.14,21.06,21.82,-1,-1
2010-10-29,20.81,21.29,21.14,21.00,21.83,-1,-1
2010-11-01,20.72,21.18,21.14,20.95,21.85,-1,-1
2010-11-02,20.81,21.17,21.18,20.94,21.87,-1,-1
2010-11-03,20.96,21.19,21.24,20.96,21.89,-1,-1
2010-11-04,21.49,21.36,21.36,21.03,21.92,1,-1
2010-11-05,22.14,21.62,21.49,21.11,21.95,1,-1
2010-11-08,22.63,21.80,21.60,21.16,21.98,1,-1
2010-11-09,23.08,21.94,21.69,21.22,22.01,1,-1
2010-11-10,23.57,22.15,21.82,21.28,22.04,1,-1
2010-11-11,23.68,22.24,21.90,21.34,22.06,1,-1
2010-11-12,23.57,22.26,21.95,21.36,22.08,1,-1
2010-11-15,23.31,22.40,22.00,21.40,22.11,1,-1
2010-11-16,22.86,22.50,21.99,21.43,22.13,1,-1
2010-11-17,22.59,22.61,21.99,21.47,22.14,-1,-1
2010-11-18,22.37,22.72,22.00,21.52,22.16,-1,-1
2010-11-19,22.11,22.84,22.02,21.58,22.17,-1,-1
2010-11-22,21.92,22.80,21.99,21.58,22.18,-1,-1
2010-11-23,21.79,22.68,21.94,21.58,22.19,-1,-1
2010-11-24,21.71,22.51,21.94,21.60,22.20,-1,-1
2010-11-26,21.66,22.26,21.92,21.61,22.21,-1,-1
2010-11-29,21.58,22.08,21.90,21.63,22.22,-1,-1
2010-11-30,21.41,21.89,21.88,21.63,22.23,-1,-1
2010-12-01,21.26,21.69,21.88,21.64,22.23,-1,-1
2010-12-02,21.21,21.57,21.86,21.65,22.23,-1,-1
2010-12-03,21.28,21.54,21.86,21.66,22.23,-1,-1
2010-12-06,21.19,21.45,21.86,21.67,22.22,-1,-1
2010-12-07,21.17,21.42,21.86,21.68,22.21,-1,-1
2010-12-08,21.15,21.36,21.88,21.69,22.19,-1,-1
2010-12-09,21.15,21.28,21.89,21.70,22.17,-1,-1
2010-12-10,21.09,21.17,21.91,21.71,22.15,-1,-1
2010-12-13,21.04,21.13,21.92,21.72,22.13,-1,-1
2010-12-14,21.00,21.14,21.92,21.72,22.11,-1,-1
2010-12-15,20.94,21.06,21.89,21.69,22.08,-1,-1
2010-12-16,20.89,21.03,21.85,21.68,22.05,-1,-1
2010-12-17,20.87,21.01,21.74,21.66,22.02,-1,-1
2010-12-20,20.89,21.02,21.61,21.65,22.00,-1,-1
2010-12-21,20.87,20.98,21.50,21.62,21.98,-1,-1
2010-12-22,20.83,20.94,21.40,21.58,21.95,-1,-1
2010-12-23,20.76,20.88,21.27,21.55,21.93,-1,-1
2010-12-27,20.68,20.81,21.19,21.52,21.90,-1,-1
2010-12-28,20.57,20.73,21.14,21.48,21.88,-1,-1
2010-12-29,20.55,20.71,21.09,21.47,21.87,-1,-1
2010-12-30,20.55,20.72,21.06,21.47,21.85,-1,-1
2010-12-31,20.61,20.74,21.04,21.46,21.83,-1,-1
2011-01-03,20.87,20.85,21.04,21.48,21.82,1,-1
2011-01-04,21.09,20.92,21.03,21.49,21.81,1,-1
2011-01-05,21.26,20.97,21.04,21.49,21.78,1,-1
2011-01-06,21.39,20.98,21.05,21.50,21.76,1,-1
2011-01-07,21.41,20.98,21.02,21.52,21.74,1,-1
2011-01-10,21.45,21.00,21.01,21.53,21.72,1,-1
2011-01-11,21.51,21.06,21.02,21.56,21.70,1,-1
2011-01-12,21.58,21.22,21.08,21.60,21.69,1,-1
2011-01-13,21.62,21.35,21.12,21.60,21.68,1,-1
2011-01-14,21.86,21.56,21.18,21.62,21.66,1,-1
2011-01-18,22.05,21.72,21.23,21.58,21.65,1,-1
2011-01-19,22.18,21.79,21.25,21.52,21.64,1,-1
2011-01-20,22.20,21.82,21.26,21.47,21.63,1,-1
2011-01-21,22.14,21.82,21.26,21.43,21.61,1,-1
2011-01-24,22.03,21.80,21.29,21.38,21.60,1,-1
2011-01-25,21.94,21.78,21.32,21.36,21.59,1,-1
2011-01-26,21.73,21.79,21.35,21.36,21.58,-1,-1
2011-01-27,21.62,21.84,21.38,21.34,21.56,-1,-1
2011-01-28,21.49,21.84,21.38,21.33,21.55,-1,-1
2011-01-31,21.39,21.79,21.37,21.31,21.53,-1,-1
2011-02-01,21.34,21.74,21.36,21.28,21.51,-1,-1
2011-02-02,21.19,21.61,21.36,21.25,21.49,-1,-1
2011-02-03,21.04,21.49,21.36,21.24,21.48,-1,-1
2011-02-04,20.91,21.32,21.36,21.24,21.46,-1,-1
2011-02-07,20.87,21.25,21.40,21.23,21.45,-1,-1
2011-02-08,20.87,21.18,21.42,21.22,21.43,-1,-1
2011-02-09,20.87,21.13,21.44,21.21,21.42,-1,-1
2011-02-10,20.83,21.09,21.43,21.20,21.40,-1,-1
2011-02-11,20.87,21.03,21.44,21.20,21.39,-1,-1
2011-02-14,21.04,21.04,21.46,21.21,21.39,-1,-1
2011-02-15,21.09,21.00,21.42,21.21,21.39,1,-1
2011-02-16,21.06,20.97,21.40,21.21,21.39,1,-1
2011-02-17,21.09,20.98,21.38,21.21,21.40,1,-1
2011-02-18,21.17,21.02,21.39,21.21,21.40,1,-1
2011-02-22,21.21,21.02,21.38,21.21,21.40,1,-1
2011-02-23,21.11,20.99,21.36,21.20,21.38,1,-1
2011-02-24,20.96,21.00,21.32,21.20,21.36,-1,-1
2011-02-25,20.94,21.01,21.26,21.20,21.34,-1,-1
2011-02-28,20.79,20.92,21.20,21.19,21.33,-1,-1
2011-03-01,20.55,20.82,21.08,21.16,21.31,-1,-1
2011-03-02,20.25,20.71,20.97,21.12,21.30,-1,-1
2011-03-03,20.10,20.66,20.90,21.10,21.29,-1,-1
2011-03-04,20.08,20.59,20.86,21.09,21.29,-1,-1
2011-03-07,19.91,20.43,20.80,21.07,21.28,-1,-1
2011-03-08,19.69,20.31,20.72,21.05,21.27,-1,-1
2011-03-09,19.54,20.16,20.64,21.03,21.26,-1,-1
2011-03-10,19.50,20.03,20.56,21.01,21.26,-1,-1
2011-03-11,19.48,19.86,20.47,20.97,21.25,-1,-1
2011-03-14,19.29,19.69,20.38,20.92,21.24,-1,-1
2011-03-15,19.01,19.54,20.30,20.86,21.23,-1,-1
2011-03-16,18.81,19.36,20.22,20.78,21.22,-1,-1
2011-03-17,18.73,19.21,20.14,20.72,21.21,-1,-1
2011-03-18,18.62,19.08,20.08,20.66,21.19,-1,-1
2011-03-21,18.73,19.11,20.05,20.64,21.19,-1,-1
2011-03-22,18.86,19.17,20.00,20.62,21.19,-1,-1
2011-03-23,19.03,19.16,19.96,20.58,21.19,-1,-1
2011-03-24,19.22,19.11,19.92,20.54,21.19,1,-1
2011-03-25,19.41,19.11,19.89,20.48,21.18,1,-1
2011-03-28,19.52,19.12,19.83,20.43,21.18,1,-1
2011-03-29,19.69,19.16,19.76,20.36,21.16,1,-1
2011-03-30,19.65,19.19,19.71,20.30,21.15,1,-1
2011-03-31,19.65,19.25,19.67,20.26,21.14,1,-1
2011-04-01,19.74,19.38,19.64,20.24,21.14,1,-1
2011-04-04,19.99,19.61,19.64,20.24,21.13,1,-1
2011-04-05,20.25,19.83,19.66,20.23,21.12,1,-1
2011-04-06,20.46,19.99,19.68,20.22,21.11,1,-1
2011-04-07,20.64,20.16,19.69,20.20,21.11,1,-1
2011-04-08,20.79,20.22,19.68,20.18,21.11,1,-1
2011-04-11,20.83,20.24,19.68,20.17,21.10,1,-1
2011-04-12,20.81,20.27,19.70,20.16,21.10,1,-1
2011-04-13,20.72,20.36,19.76,20.16,21.09,1,-1
2011-04-14,20.64,20.44,19.78,20.15,21.09,1,-1
2011-04-15,20.59,20.53,19.80,20.16,21.09,1,-1
2011-04-18,20.51,20.57,19.82,20.15,21.09,-1,-1
2011-04-19,20.42,20.60,19.85,20.12,21.09,-1,-1
2011-04-20,20.46,20.65,19.90,20.11,21.09,-1,-1
2011-04-21,20.51,20.66,19.93,20.11,21.09,-1,-1
2011-04-25,20.46,20.59,19.99,20.11,21.09,-1,-1
2011-04-26,20.44,20.54,20.06,20.09,21.09,-1,-1
2011-04-27,20.42,20.51,20.13,20.07,21.08,-1,-1
2011-04-28,20.46,20.49,20.21,20.06,21.08,-1,-1
2011-04-29,20.51,20.46,20.26,20.04,21.07,1,-1
2011-05-02,20.42,20.44,20.32,20.02,21.07,-1,-1
2011-05-03,20.25,20.38,20.29,19.98,21.06,-1,-1
2011-05-04,20.10,20.28,20.27,19.95,21.05,-1,-1
2011-05-05,19.91,20.18,20.26,19.93,21.04,-1,-1
2011-05-06,19.69,20.06,20.24,19.89,21.03,-1,-1
2011-05-09,19.50,19.98,20.23,19.86,21.02,-1,-1
2011-05-10,19.33,19.92,20.22,19.84,21.00,-1,-1
2011-05-11,19.20,19.81,20.20,19.83,20.99,-1,-1
2011-05-12,19.18,19.71,20.18,19.83,20.98,-1,-1
2011-05-13,19.09,19.60,20.14,19.81,20.96,-1,-1
2011-05-16,18.92,19.41,20.07,19.76,20.94,-1,-1
2011-05-17,18.79,19.24,19.96,19.74,20.92,-1,-1
2011-05-18,18.62,19.06,19.85,19.71,20.91,-1,-1
2011-05-19,18.64,18.99,19.80,19.71,20.90,-1,-1
2011-05-20,18.66,18.93,19.74,19.71,20.89,-1,-1
2011-05-23,18.56,18.87,19.66,19.70,20.88,-1,-1
2011-05-24,18.41,18.75,19.58,19.69,20.85,-1,-1
2011-05-25,18.30,18.61,19.48,19.66,20.82,-1,-1
2011-05-26,18.19,18.49,19.37,19.65,20.80,-1,-1
2011-05-27,18.19,18.41,19.28,19.64,20.78,-1,-1
2011-05-31,17.98,18.31,19.18,19.62,20.75,-1,-1
2011-06-01,17.70,18.18,19.08,19.57,20.73,-1,-1
2011-06-02,17.55,18.05,18.99,19.52,20.69,-1,-1
2011-06-03,17.44,17.92,18.88,19.46,20.66,-1,-1
2011-06-06,17.36,17.83,18.75,19.40,20.63,-1,-1
2011-06-07,17.29,17.74,18.63,19.35,20.60,-1,-1
2011-06-08,17.12,17.66,18.50,19.30,20.57,-1,-1
2011-06-09,16.86,17.42,18.36,19.23,20.54,-1,-1
2011-06-10,16.63,17.16,18.19,19.15,20.51,-1,-1
2011-06-13,16.50,17.03,18.06,19.07,20.49,-1,-1
2011-06-14,16.41,16.93,17.94,19.00,20.47,-1,-1
2011-06-15,16.48,16.92,17.87,18.91,20.45,-1,-1
2011-06-16,16.67,16.98,17.83,18.85,20.44,-1,-1
2011-06-17,16.84,16.98,17.79,18.79,20.43,-1,-1
2011-06-20,16.99,16.93,17.73,18.72,20.41,1,-1
2011-06-21,17.25,16.94,17.67,18.65,20.39,1,-1
2011-06-22,17.40,16.95,17.60,18.59,20.38,1,-1
2011-06-23,17.46,16.94,17.54,18.53,20.37,1,-1
2011-06-24,17.46,16.97,17.47,18.46,20.36,1,-1
2011-06-27,17.29,16.98,17.41,18.38,20.34,1,-1
2011-06-28,17.16,17.00,17.38,18.31,20.32,1,-1
2011-06-29,17.21,17.10,17.36,18.26,20.30,1,-1
2011-06-30,17.23,17.24,17.34,18.20,20.29,-1,-1
2011-07-01,17.29,17.35,17.29,18.15,20.27,-1,-1
2011-07-05,17.36,17.41,17.23,18.09,20.26,-1,-1
2011-07-06,17.38,17.42,17.20,18.02,20.24,-1,-1
2011-07-07,17.49,17.39,17.20,17.97,20.23,1,-1
2011-07-08,17.49,17.32,17.19,17.90,20.21,1,-1
2011-07-11,17.36,17.28,17.16,17.82,20.19,1,-1
2011-07-12,17.21,17.22,17.11,17.74,20.17,-1,-1
2011-07-13,16.99,17.14,17.06,17.67,20.14,-1,-1
2011-07-14,16.86,17.11,17.04,17.62,20.12,-1,-1
2011-07-15,16.71,17.05,17.00,17.55,20.10,-1,-1
2011-07-18,16.48,16.98,16.97,17.49,20.08,-1,-1
2011-07-19,16.37,16.93,16.96,17.44,20.06,-1,-1
2011-07-20,16.37,16.86,16.94,17.38,20.04,-1,-1
2011-07-21,16.37,16.79,16.93,17.33,20.01,-1,-1
2011-07-22,16.44,16.71,16.96,17.28,19.99,-1,-1
2011-07-25,16.44,16.65,16.99,17.23,19.96,-1,-1
2011-07-26,16.48,16.60,17.00,17.18,19.93,-1,-1
2011-07-27,16.44,16.46,16.98,17.14,19.90,-1,-1
2011-07-28,16.33,16.35,16.92,17.09,19.87,-1,-1
2011-07-29,16.24,16.31,16.85,17.05,19.84,-1,-1
2011-08-01,16.18,16.28,16.78,16.98,19.81,-1,-1
2011-08-02,16.01,16.22,16.73,16.91,19.78,-1,-1
2011-08-03,15.92,16.18,16.68,16.86,19.75,-1,-1
2011-08-04,15.73,16.10,16.60,16.81,19.72,-1,-1
2011-08-05,15.56,16.00,16.53,16.76,19.69,-1,-1
2011-08-08,15.19,15.76,16.40,16.67,19.65,-1,-1
2011-08-09,14.79,15.51,16.26,16.57,19.60,-1,-1
2011-08-10,14.21,15.19,16.09,16.45,19.56,-1,-1
2011-08-11,13.74,14.87,15.92,16.36,19.52,-1,-1
2011-08-12,13.18,14.55,15.74,16.25,19.47,-1,-1
2011-08-15,12.84,14.28,15.56,16.16,19.44,-1,-1
2011-08-16,12.45,14.00,15.38,16.07,19.39,-1,-1
2011-08-17,12.34,13.77,15.22,15.98,19.35,-1,-1
2011-08-18,12.15,13.47,15.01,15.88,19.30,-1,-1
2011-08-19,12.06,13.14,14.82,15.78,19.25,-1,-1
2011-08-22,12.00,12.87,14.67,15.71,19.18,-1,-1
2011-08-23,12.00,12.59,14.52,15.62,19.12,-1,-1
2011-08-24,11.81,12.32,14.35,15.52,19.06,-1,-1
2011-08-25,11.64,12.04,14.16,15.39,18.99,-1,-1
2011-08-26,11.49,11.91,14.00,15.25,18.93,-1,-1
2011-08-29,11.49,11.82,13.85,15.13,18.87,-1,-1
2011-08-30,11.51,11.79,13.69,15.02,18.82,-1,-1
2011-08-31,11.49,11.74,13.53,14.90,18.77,-1,-1
2011-09-01,11.40,11.70,13.36,14.78,18.72,-1,-1
2011-09-02,11.36,11.58,13.17,14.66,18.66,-1,-1
2011-09-06,11.38,11.51,12.98,14.54,18.61,-1,-1
2011-09-07,11.38,11.43,12.81,14.42,18.55,-1,-1
2011-09-08,11.25,11.37,12.64,14.30,18.50,-1,-1
2011-09-09,11.12,11.31,12.48,14.16,18.45,-1,-1
2011-09-12,10.84,11.16,12.27,14.01,18.39,-1,-1
2011-09-13,10.61,11.00,12.06,13.84,18.33,-1,-1
2011-09-14,10.46,10.91,11.88,13.70,18.28,-1,-1
2011-09-15,10.44,10.91,11.70,13.57,18.23,-1,-1
2011-09-16,10.33,10.85,11.55,13.42,18.17,-1,-1
2011-09-19,10.20,10.72,11.39,13.28,18.12,-1,-1
2011-09-20,10.14,10.63,11.30,13.15,18.06,-1,-1
2011-09-21,10.16,10.50,11.19,13.02,18.00,-1,-1
2011-09-22,10.16,10.38,11.12,12.89,17.95,-1,-1
2011-09-23,10.11,10.29,11.03,12.75,17.89,-1,-1
2011-09-26,10.01,10.22,10.96,12.63,17.84,-1,-1
2011-09-27,9.99,10.16,10.88,12.51,17.78,-1,-1
2011-09-28,9.99,10.09,10.82,12.38,17.73,-1,-1
2011-09-29,9.94,10.04,10.74,12.25,17.67,-1,-1
2011-09-30,9.94,10.05,10.68,12.12,17.62,-1,-1
2011-10-03,9.88,10.02,10.60,11.97,17.56,-1,-1
2011-10-04,9.79,9.95,10.51,11.82,17.50,-1,-1
2011-10-05,9.69,9.85,10.42,11.68,17.44,-1,-1
2011-10-06,9.58,9.78,10.37,11.55,17.39,-1,-1
2011-10-07,9.51,9.75,10.32,11.43,17.33,-1,-1
2011-10-10,9.54,9.74,10.28,11.31,17.28,-1,-1
2011-10-11,9.49,9.72,10.21,11.18,17.23,-1,-1
2011-10-12,9.60,9.74,10.16,11.07,17.18,-1,-1
2011-10-13,9.73,9.76,10.10,10.96,17.12,-1,-1
2011-10-14,9.86,9.77,10.06,10.86,17.07,1,-1
2011-10-17,9.92,9.75,10.03,10.76,17.01,1,-1
2011-10-18,10.05,9.78,10.01,10.71,16.95,1,-1
2011-10-19,10.07,9.80,9.98,10.65,16.90,1,-1
2011-10-20,10.16,9.83,9.96,10.62,16.84,1,-1
2011-10-21,10.24,9.92,9.96,10.58,16.79,1,-1
2011-10-24,10.46,10.09,10.01,10.58,16.74,1,-1
2011-10-25,10.69,10.28,10.09,10.56,16.69,1,-1
2011-10-26,10.93,10.42,10.14,10.55,16.64,1,-1
2011-10-27,11.23,10.64,10.20,10.55,16.59,1,-1
2011-10-28,11.61,10.84,10.28,10.58,16.55,1,-1
2011-10-31,11.85,11.00,10.34,10.59,16.49,1,-1
2011-11-01,11.89,11.07,10.36,10.57,16.43,1,-1
2011-11-02,11.87,11.16,10.42,10.56,16.38,1,-1
2011-11-03,11.87,11.28,10.49,10.57,16.33,1,-1
2011-11-04,11.87,11.40,10.55,10.58,16.28,1,-1
2011-11-07,11.81,11.52,10.62,10.60,16.23,1,-1
2011-11-08,11.66,11.64,10.66,10.60,16.18,1,-1
2011-11-09,11.53,11.69,10.70,10.59,16.13,-1,-1
2011-11-10,11.55,11.72,10.74,10.58,16.08,-1,-1
2011-11-11,11.55,11.71,10.79,10.58,16.03,-1,-1
2011-11-14,11.53,11.70,10.87,10.59,15.99,-1,-1
2011-11-15,11.51,11.69,10.95,10.60,15.94,-1,-1
2011-11-16,11.34,11.57,11.00,10.59,15.89,-1,-1
2011-11-17,11.16,11.41,11.03,10.59,15.84,-1,-1
2011-11-18,11.12,11.32,11.08,10.59,15.79,-1,-1
2011-11-21,10.97,11.26,11.08,10.60,15.73,-1,-1
2011-11-22,10.76,11.15,11.08,10.60,15.68,-1,-1
2011-11-23,10.48,11.00,11.08,10.59,15.62,-1,-1
2011-11-25,10.18,10.84,11.06,10.57,15.57,-1,-1
2011-11-28,10.07,10.70,11.05,10.56,15.51,-1,-1
2011-11-29,9.96,10.56,11.04,10.56,15.45,-1,-1
2011-11-30,9.92,10.52,11.04,10.56,15.40,-1,-1
2011-12-01,9.90,10.44,11.03,10.56,15.34,-1,-1
2011-12-02,9.92,10.34,11.03,10.57,15.29,-1,-1
2011-12-05,9.99,10.23,11.01,10.58,15.23,-1,-1
2011-12-06,10.05,10.11,10.96,10.57,15.18,-1,-1
2011-12-07,9.99,10.03,10.88,10.56,15.12,-1,-1
2011-12-08,9.94,9.95,10.82,10.55,15.07,-1,-1
2011-12-09,9.86,9.89,10.72,10.55,15.01,-1,-1
2011-12-12,9.79,9.85,10.61,10.54,14.96,-1,-1
2011-12-13,9.69,9.80,10.52,10.54,14.91,-1,-1
2011-12-14,9.58,9.78,10.48,10.54,14.86,-1,-1
2011-12-15,9.51,9.78,10.41,10.55,14.80,-1,-1
2011-12-16,9.49,9.74,10.33,10.54,14.75,-1,-1
2011-12-19,9.43,9.69,10.24,10.54,14.70,-1,-1
2011-12-20,9.39,9.62,10.16,10.53,14.65,-1,-1
2011-12-21,9.34,9.57,10.07,10.52,14.60,-1,-1
2011-12-22,9.34,9.51,10.01,10.50,14.55,-1,-1
2011-12-23,9.32,9.45,9.96,10.49,14.50,-1,-1
2011-12-27,9.32,9.42,9.89,10.47,14.46,-1,-1
2011-12-28,9.28,9.39,9.81,10.46,14.41,-1,-1
2011-12-29,9.28,9.35,9.72,10.43,14.37,-1,-1
2011-12-30,9.28,9.33,9.68,10.42,14.32,-1,-1
2012-01-03,9.30,9.32,9.64,10.40,14.27,-1,-1
2012-01-04,9.28,9.31,9.59,10.37,14.22,-1,-1
2012-01-05,9.28,9.30,9.56,10.32,14.17,-1,-1
2012-01-06,9.24,9.28,9.54,10.27,14.11,-1,-1
2012-01-09,9.26,9.27,9.52,10.22,14.06,-1,-1
2012-01-10,9.41,9.34,9.54,10.18,14.02,1,-1
2012-01-11,9.51,9.40,9.55,10.12,13.97,1,-1
2012-01-12,9.66,9.48,9.57,10.09,13.92,1,-1
2012-01-13,9.81,9.55,9.56,10.08,13.88,1,-1
2012-01-17,9.92,9.60,9.57,10.05,13.83,1,-1
2012-01-18,10.09,9.66,9.57,10.02,13.78,1,-1
2012-01-19,10.24,9.75,9.58,9.99,13.72,1,-1
2012-01-20,10.33,9.87,9.61,9.97,13.67,1,-1
2012-01-23,10.37,9.94,9.64,9.94,13.62,1,-1
2012-01-24,10.39,10.03,9.67,9.93,13.56,1,-1
2012-01-25,10.41,10.11,9.69,9.92,13.51,1,-1
2012-01-26,10.52,10.22,9.74,9.91,13.46,1,-1
2012-01-27,10.54,10.32,9.78,9.88,13.42,1,-1
2012-01-30,10.56,10.40,9.81,9.86,13.36,1,-1
2012-01-31,10.63,10.48,9.87,9.87,13.32,1,-1
2012-02-01,10.76,10.56,9.93,9.88,13.27,1,-1
2012-02-02,10.89,10.64,10.01,9.90,13.23,1,-1
2012-02-03,11.10,10.76,10.09,9.94,13.19,1,-1
2012-02-06,11.23,10.88,10.18,9.97,13.14,1,-1
2012-02-07,11.42,10.98,10.26,10.01,13.10,1,-1
2012-02-08,11.66,11.11,10.36,10.07,13.06,1,-1
2012-02-09,11.83,11.23,10.46,10.12,13.02,1,-1
2012-02-10,11.94,11.35,10.56,10.16,12.97,1,-1
2012-02-13,12.15,11.52,10.68,10.21,12.94,1,-1
2012-02-14,12.26,11.68,10.78,10.27,12.90,1,-1
2012-02-15,12.47,11.85,10.92,10.33,12.86,1,-1
2012-02-16,12.66,12.04,11.05,10.39,12.83,1,-1
2012-02-17,12.81,12.24,11.18,10.46,12.80,1,-1
2012-02-21,12.77,12.30,11.28,10.51,12.77,1,-1
2012-02-22,12.75,12.34,11.37,10.55,12.73,1,-1
2012-02-23,12.56,12.35,11.42,10.59,12.69,1,-1
2012-02-24,12.43,12.34,11.46,10.64,12.66,1,-1
2012-02-27,12.13,12.30,11.49,10.67,12.62,-1,-1
2012-02-28,11.79,12.22,11.51,10.70,12.57,-1,-1
2012-02-29,11.42,12.12,11.53,10.72,12.53,-1,-1
2012-03-01,11.25,12.01,11.55,10.75,12.50,-1,-1
2012-03-02,11.08,11.91,11.56,10.78,12.46,-1,-1
2012-03-05,10.95,11.75,11.56,10.81,12.42,-1,-1
2012-03-06,10.76,11.59,11.56,10.83,12.38,-1,-1
2012-03-07,10.65,11.39,11.55,10.85,12.34,-1,-1
2012-03-08,10.63,11.21,11.56,10.88,12.30,-1,-1
2012-03-09,10.61,11.01,11.55,10.90,12.26,-1,-1
2012-03-12,10.52,10.89,11.54,10.93,12.23,-1,-1
2012-03-13,10.52,10.80,11.56,10.96,12.19,-1,-1
2012-03-14,10.59,10.77,11.55,10.99,12.16,-1,-1
2012-03-15,10.65,10.70,11.53,11.02,12.12,-1,-1
2012-03-16,10.74,10.69,11.51,11.06,12.09,1,-1
2012-03-19,10.89,10.76,11.51,11.11,12.06,1,-1
2012-03-20,11.10,10.85,11.52,11.16,12.04,1,-1
2012-03-21,11.38,10.95,11.54,11.22,12.02,1,-1
2012-03-22,11.74,11.13,11.58,11.29,12.00,1,-1
2012-03-23,12.02,11.30,11.60,11.34,11.98,1,-1
2012-03-26,12.45,11.55,11.65,11.41,11.97,1,-1
2012-03-27,12.79,11.76,11.66,11.48,11.96,1,-1
2012-03-28,12.92,11.90,11.66,11.53,11.94,1,-1
2012-03-29,13.09,12.10,11.66,11.58,11.92,1,-1
2012-03-30,13.22,12.30,11.66,11.64,11.90,1,-1
2012-04-02,13.20,12.47,11.66,11.69,11.88,1,-1
2012-04-03,13.20,12.61,11.70,11.74,11.85,1,-1
2012-04-04,13.03,12.74,11.72,11.78,11.83,1,-1
2012-04-05,12.92,12.86,11.75,11.83,11.81,1,1
2012-04-09,12.88,12.90,11.77,11.86,11.78,-1,1
2012-04-10,12.75,12.92,11.81,11.89,11.76,-1,1
2012-04-11,12.62,12.92,11.86,11.93,11.73,-1,1
2012-04-12,12.54,12.87,11.92,11.96,11.71,-1,1
2012-04-13,12.47,12.84,11.98,11.98,11.69,-1,1
2012-04-16,12.56,12.79,12.06,12.02,11.67,-1,1
2012-04-17,12.69,12.80,12.16,12.05,11.65,-1,1
2012-04-18,12.79,12.84,12.24,12.08,11.62,-1,1
2012-04-19,12.96,12.86,12.35,12.11,11.60,1,1
2012-04-20,13.14,12.88,12.44,12.14,11.58,1,1
2012-04-23,13.22,12.88,12.54,12.15,11.56,1,1
2012-04-24,13.44,12.95,12.66,12.19,11.55,1,1
2012-04-25,13.56,13.06,12.77,12.21,11.53,1,1
2012-04-26,13.65,13.17,12.87,12.24,11.52,1,1
2012-04-27,13.86,13.33,13.00,12.27,11.51,1,1
2012-04-30,14.01,13.49,13.12,12.30,11.50,1,1
2012-05-01,14.23,13.68,13.22,12.33,11.50,1,1
2012-05-02,14.40,13.81,13.31,12.38,11.49,1,1
2012-05-03,14.49,13.96,13.38,12.43,11.48,1,1
2012-05-04,14.55,14.06,13.42,12.49,11.47,1,1
2012-05-07,14.59,14.12,13.47,12.55,11.46,1,1
2012-05-08,14.55,14.21,13.49,12.61,11.45,1,1
2012-05-09,14.51,14.26,13.51,12.68,11.44,1,1
2012-05-10,14.42,14.32,13.58,12.75,11.43,1,1
2012-05-11,14.44,14.42,13.62,12.82,11.42,1,1
2012-05-14,14.44,14.46,13.67,12.90,11.41,-1,1
2012-05-15,14.42,14.49,13.71,12.98,11.41,-1,1
2012-05-16,14.40,14.50,13.75,13.06,11.40,-1,1
2012-05-17,14.14,14.35,13.74,13.10,11.38,-1,1
2012-05-18,13.86,14.19,13.74,13.13,11.36,-1,1
2012-05-21,13.65,14.04,13.76,13.18,11.35,-1,1
2012-05-22,13.41,13.93,13.78,13.23,11.34,-1,1
2012-05-23,13.09,13.77,13.78,13.26,11.34,-1,1
2012-05-24,12.84,13.63,13.78,13.29,11.34,-1,1
2012-05-25,12.60,13.50,13.78,13.33,11.34,-1,1
2012-05-29,12.43,13.29,13.72,13.34,11.34,-1,1
2012-05-30,12.28,13.07,13.64,13.33,11.33,-1,1
2012-05-31,12.09,12.87,13.59,13.32,11.33,-1,1
2012-06-01,11.83,12.62,13.51,13.29,11.32,-1,1
2012-06-04,11.64,12.36,13.43,13.25,11.32,-1,1
2012-06-05,11.49,12.16,13.38,13.22,11.32,-1,1
2012-06-06,11.40,12.00,13.31,13.18,11.32,-1,1
2012-06-07,11.53,11.98,13.24,13.16,11.32,-1,1
2012-06-08,11.68,11.98,13.18,13.15,11.32,-1,1
2012-06-11,11.74,11.91,13.10,13.13,11.32,-1,1
2012-06-12,11.85,11.84,13.00,13.10,11.33,1,1
2012-06-13,11.89,11.76,12.88,13.06,11.33,1,1
2012-06-14,11.81,11.65,12.77,13.02,11.33,1,1
2012-06-15,11.68,11.54,12.65,12.99,11.32,1,1
2012-06-18,11.51,11.52,12.53,12.96,11.32,-1,1
2012-06-19,11.40,11.54,12.44,12.94,11.32,-1,1
2012-06-20,11.34,11.54,12.34,12.93,11.32,-1,1
2012-06-21,11.19,11.52,12.23,12.90,11.32,-1,1
2012-06-22,11.12,11.51,12.12,12.87,11.32,-1,1
2012-06-25,11.12,11.46,12.00,12.83,11.32,-1,1
2012-06-26,11.06,11.37,11.86,12.78,11.32,-1,1
2012-06-27,11.01,11.26,11.74,12.73,11.33,-1,1
2012-06-28,10.76,11.08,11.58,12.66,11.33,-1,1
2012-06-29,10.54,10.94,11.50,12.59,11.33,-1,1
2012-07-02,10.39,10.79,11.42,12.52,11.32,-1,1
2012-07-03,10.29,10.70,11.33,12.46,11.32,-1,1
2012-07-05,10.16,10.64,11.23,12.38,11.32,-1,1
2012-07-06,10.03,10.54,11.14,12.29,11.32,-1,1
2012-07-09,9.88,10.45,11.04,12.20,11.32,-1,1
2012-07-10,9.86,10.31,10.94,12.10,11.32,-1,1
2012-07-11,9.77,10.16,10.88,12.00,11.31,-1,1
2012-07-12,9.71,10.05,10.82,11.88,11.31,-1,1
2012-07-13,9.60,9.94,10.75,11.78,11.31,-1,1
2012-07-16,9.49,9.83,10.69,11.68,11.30,-1,1
2012-07-17,9.43,9.73,10.63,11.57,11.30,-1,1
2012-07-18,9.36,9.62,10.55,11.47,11.30,-1,1
2012-07-19,9.32,9.59,10.46,11.37,11.30,-1,1
2012-07-20,9.28,9.52,10.36,11.26,11.30,-1,-1
2012-07-23,9.19,9.45,10.24,11.15,11.29,-1,-1
2012-07-24,9.04,9.32,10.12,11.03,11.29,-1,-1
2012-07-25,8.89,9.19,10.00,10.90,11.28,-1,-1
2012-07-26,8.74,9.09,9.90,10.78,11.27,-1,-1
2012-07-27,8.70,9.03,9.82,10.67,11.27,-1,-1
2012-07-30,8.74,9.03,9.78,10.61,11.27,-1,-1
2012-07-31,8.83,9.05,9.74,10.56,11.26,-1,-1
2012-08-01,8.87,9.03,9.65,10.48,11.26,-1,-1
2012-08-02,8.91,8.98,9.56,10.40,11.25,-1,-1
2012-08-03,9.04,8.97,9.50,10.33,11.25,1,-1
2012-08-06,9.15,8.95,9.44,10.26,11.24,1,-1
2012-08-07,9.28,8.99,9.40,10.20,11.24,1,-1
2012-08-08,9.39,9.06,9.39,10.19,11.24,1,-1
2012-08-09,9.26,9.04,9.33,10.14,11.22,1,-1
2012-08-10,9.24,9.06,9.30,10.08,11.21,1,-1
2012-08-13,9.13,9.02,9.23,10.02,11.19,1,-1
2012-08-14,8.94,8.99,9.16,9.96,11.17,-1,-1
2012-08-15,8.70,8.93,9.07,9.87,11.14,-1,-1
2012-08-16,8.44,8.86,8.99,9.79,11.12,-1,-1
2012-08-17,8.11,8.75,8.94,9.71,11.10,-1,-1
2012-08-20,7.93,8.60,8.87,9.61,11.09,-1,-1
2012-08-21,7.74,8.49,8.80,9.52,11.06,-1,-1
2012-08-22,7.66,8.40,8.73,9.43,11.04,-1,-1
2012-08-23,7.57,8.25,8.66,9.35,11.02,-1,-1
2012-08-24,7.55,8.12,8.59,9.27,10.99,-1,-1
2012-08-27,7.42,7.93,8.51,9.19,10.98,-1,-1
2012-08-28,7.28,7.69,8.44,9.11,10.95,-1,-1
2012-08-29,7.27,7.60,8.38,9.03,10.94,-1,-1
2012-08-30,7.30,7.52,8.33,8.96,10.92,-1,-1
2012-08-31,7.37,7.52,8.29,8.90,10.90,-1,-1
2012-09-04,7.59,7.58,8.29,8.86,10.89,1,-1
2012-09-05,7.79,7.67,8.29,8.81,10.88,1,-1
2012-09-06,8.06,7.74,8.32,8.77,10.87,1,-1
2012-09-07,8.34,7.81,8.34,8.74,10.86,1,-1
2012-09-10,8.47,7.87,8.33,8.71,10.86,1,-1
2012-09-11,8.54,7.92,8.28,8.68,10.85,1,-1
2012-09-12,8.58,7.97,8.23,8.65,10.84,1,-1
2012-09-13,8.56,8.08,8.22,8.61,10.83,1,-1
2012-09-14,8.62,8.20,8.22,8.59,10.83,1,-1
2012-09-17,8.61,8.33,8.22,8.57,10.82,1,-1
2012-09-18,8.59,8.46,8.21,8.56,10.82,1,-1
2012-09-19,8.64,8.55,8.18,8.54,10.81,1,-1
2012-09-20,8.72,8.63,8.13,8.53,10.80,1,-1
2012-09-21,8.81,8.69,8.12,8.52,10.80,1,-1
2012-09-24,8.85,8.71,8.12,8.51,10.79,1,-1
2012-09-25,8.84,8.73,8.16,8.50,10.79,1,-1
2012-09-26,8.83,8.72,8.19,8.49,10.79,1,-1
2012-09-27,8.83,8.71,8.24,8.48,10.78,1,-1
2012-09-28,8.84,8.74,8.27,8.48,10.78,1,-1
2012-10-01,8.85,8.78,8.30,8.47,10.78,1,-1
2012-10-02,8.84,8.83,8.34,8.47,10.77,1,-1
2012-10-03,8.84,8.84,8.38,8.48,10.77,-1,-1
2012-10-04,8.83,8.83,8.43,8.49,10.77,-1,-1
2012-10-05,8.82,8.83,8.48,8.50,10.77,-1,-1
2012-10-08,8.82,8.83,8.54,8.50,10.76,-1,-1
2012-10-09,8.78,8.81,8.59,8.48,10.76,-1,-1
2012-10-10,8.73,8.79,8.64,8.46,10.76,-1,-1
2012-10-11,8.70,8.77,8.67,8.45,10.75,-1,-1
2012-10-12,8.66,8.75,8.70,8.44,10.75,-1,-1
2012-10-15,8.70,8.76,8.74,8.44,10.75,-1,-1
2012-10-16,8.72,8.77,8.75,8.44,10.75,-1,-1
2012-10-17,8.71,8.76,8.75,8.42,10.74,-1,-1
2012-10-18,8.73,8.76,8.75,8.39,10.74,-1,-1
2012-10-19,8.73,8.73,8.73,8.38,10.74,-1,-1
2012-10-22,8.70,8.70,8.73,8.37,10.73,-1,-1
2012-10-23,8.65,8.66,8.72,8.38,10.73,-1,-1
2012-10-24,8.49,8.60,8.72,8.38,10.72,-1,-1
2012-10-25,8.38,8.55,8.70,8.40,10.71,-1,-1
2012-10-26,8.29,8.50,8.68,8.40,10.70,-1,-1
2012-10-31,8.23,8.48,8.66,8.41,10.69,-1,-1
2012-11-01,8.21,8.47,8.64,8.42,10.68,-1,-1
2012-11-02,8.19,8.45,8.62,8.43,10.67,-1,-1
2012-11-05,8.17,8.41,8.60,8.45,10.66,-1,-1
2012-11-06,8.19,8.34,8.57,8.47,10.64,-1,-1
2012-11-07,8.15,8.27,8.54,8.48,10.63,-1,-1
2012-11-08,8.10,8.19,8.50,8.49,10.62,-1,-1
2012-11-09,7.99,8.11,8.46,8.51,10.60,-1,-1
2012-11-12,7.89,8.05,8.42,8.51,10.59,-1,-1
2012-11-13,7.79,7.99,8.38,8.50,10.57,-1,-1
2012-11-14,7.68,7.92,8.32,8.49,10.55,-1,-1
2012-11-15,7.58,7.89,8.28,8.47,10.54,-1,-1
2012-11-16,7.51,7.83,8.23,8.44,10.52,-1,-1
2012-11-19,7.57,7.84,8.21,8.43,10.50,-1,-1
2012-11-20,7.66,7.83,8.19,8.41,10.48,-1,-1
2012-11-21,7.74,7.81,8.17,8.41,10.46,-1,-1
2012-11-23,7.85,7.82,8.16,8.41,10.45,1,-1
2012-11-26,8.03,7.85,8.16,8.41,10.43,1,-1
2012-11-27,8.22,7.90,8.17,8.42,10.41,1,-1
2012-11-28,8.40,7.96,8.17,8.41,10.39,1,-1
2012-11-29,8.46,8.02,8.15,8.40,10.37,1,-1
2012-11-30,8.49,8.08,8.14,8.40,10.35,1,-1
2012-12-03,8.56,8.15,8.13,8.40,10.33,1,-1
2012-12-04,8.59,8.22,8.13,8.39,10.30,1,-1
2012-12-05,8.58,8.30,8.12,8.38,10.28,1,-1
2012-12-06,8.56,8.39,8.14,8.38,10.26,1,-1
2012-12-07,8.56,8.48,8.15,8.37,10.25,1,-1
2012-12-10,8.60,8.53,8.18,8.37,10.23,1,-1
2012-12-11,8.68,8.59,8.21,8.38,10.22,1,-1
2012-12-12,8.71,8.64,8.23,8.38,10.21,1,-1
2012-12-13,8.72,8.66,8.24,8.37,10.20,1,-1
2012-12-14,8.74,8.66,8.25,8.37,10.19,1,-1
2012-12-17,8.67,8.62,8.25,8.35,10.17,1,-1
2012-12-18,8.61,8.58,8.25,8.34,10.16,1,-1
2012-12-19,8.52,8.56,8.25,8.33,10.15,-1,-1
2012-12-20,8.40,8.54,8.26,8.32,10.14,-1,-1
2012-12-21,8.30,8.50,8.28,8.31,10.12,-1,-1
2012-12-24,8.20,8.46,8.29,8.30,10.11,-1,-1
2012-12-26,8.11,8.43,8.30,8.29,10.10,-1,-1
2012-12-27,8.10,8.38,8.32,8.28,10.09,-1,-1
2012-12-28,8.07,8.34,8.34,8.26,10.07,-1,-1
2012-12-31,8.04,8.28,8.36,8.24,10.06,-1,-1
2013-01-02,8.09,8.25,8.40,8.23,10.05,-1,-1
2013-01-03,8.11,8.20,8.40,8.22,10.03,-1,-1
2013-01-04,8.14,8.17,8.40,8.22,10.02,-1,-1
2013-01-07,8.18,8.15,8.41,8.21,10.00,1,-1
2013-01-08,8.19,8.14,8.40,8.21,9.98,1,-1
2013-01-09,8.23,8.15,8.39,8.22,9.95,1,-1
2013-01-10,8.30,8.17,8.38,8.22,9.93,1,-1
2013-01-11,8.30,8.19,8.38,8.23,9.90,1,-1
2013-01-14,8.32,8.21,8.37,8.23,9.88,1,-1
2013-01-15,8.33,8.24,8.36,8.23,9.85,1,-1
2013-01-16,8.36,8.27,8.36,8.24,9.83,1,-1
2013-01-17,8.41,8.30,8.36,8.24,9.81,1,-1
2013-01-18,8.43,8.33,8.36,8.25,9.78,1,-1
2013-01-22,8.42,8.36,8.35,8.26,9.76,1,-1
2013-01-23,8.42,8.36,8.34,8.28,9.74,1,-1
2013-01-24,8.44,8.38,8.33,8.30,9.72,1,-1
2013-01-25,8.47,8.40,8.32,8.31,9.70,1,-1
2013-01-28,8.45,8.41,8.30,8.33,9.68,1,-1
2013-01-29,8.44,8.42,8.29,8.35,9.66,1,-1
2013-01-30,8.41,8.42,8.28,8.37,9.64,-1,-1
2013-01-31,8.41,8.42,8.29,8.39,9.62,-1,-1
2013-02-01,8.41,8.41,8.30,8.39,9.59,-1,-1
2013-02-04,8.37,8.40,8.30,8.40,9.57,-1,-1
2013-02-05,8.34,8.41,8.30,8.40,9.54,-1,-1
2013-02-06,8.34,8.39,8.31,8.40,9.52,-1,-1
2013-02-07,8.33,8.38,8.32,8.39,9.49,-1,-1
2013-02-08,8.35,8.38,8.34,8.39,9.47,-1,-1
2013-02-11,8.34,8.38,8.34,8.38,9.44,-1,-1
2013-02-12,8.29,8.35,8.35,8.37,9.41,-1,-1
2013-02-13,8.27,8.32,8.35,8.36,9.38,-1,-1
2013-02-14,8.16,8.25,8.32,8.34,9.34,-1,-1
2013-02-15,8.02,8.18,8.29,8.32,9.31,-1,-1
2013-02-19,7.89,8.11,8.26,8.30,9.27,-1,-1
2013-02-20,7.72,8.04,8.23,8.27,9.23,-1,-1
2013-02-21,7.53,7.93,8.19,8.23,9.20,-1,-1
2013-02-22,7.37,7.83,8.14,8.20,9.16,-1,-1
2013-02-25,7.19,7.73,8.09,8.16,9.12,-1,-1
2013-02-26,7.08,7.62,8.04,8.11,9.08,-1,-1
2013-02-27,7.03,7.53,7.99,8.08,9.05,-1,-1
2013-02-28,6.95,7.42,7.94,8.05,9.01,-1,-1
2013-03-01,6.87,7.29,7.88,8.02,8.97,-1,-1
2013-03-04,6.84,7.18,7.82,7.99,8.93,-1,-1
2013-03-05,6.79,7.08,7.76,7.96,8.89,-1,-1
2013-03-06,6.69,6.94,7.69,7.92,8.85,-1,-1
2013-03-07,6.65,6.86,7.62,7.88,8.82,-1,-1
2013-03-08,6.58,6.81,7.55,7.85,8.79,-1,-1
2013-03-11,6.59,6.77,7.50,7.83,8.76,-1,-1
2013-03-12,6.62,6.74,7.45,7.81,8.73,-1,-1
2013-03-13,6.67,6.76,7.41,7.79,8.71,-1,-1
2013-03-14,6.79,6.79,7.38,7.78,8.68,-1,-1
2013-03-15,6.97,6.83,7.35,7.76,8.65,1,-1
2013-03-18,7.02,6.83,7.30,7.73,8.63,1,-1
2013-03-19,7.08,6.83,7.25,7.71,8.61,1,-1
2013-03-20,7.10,6.84,7.21,7.68,8.59,1,-1
2013-03-21,7.10,6.86,7.16,7.66,8.57,1,-1
2013-03-22,7.08,6.88,7.12,7.63,8.55,1,-1
2013-03-25,6.98,6.89,7.06,7.60,8.52,1,-1
2013-03-26,6.90,6.94,7.02,7.56,8.50,-1,-1
2013-03-27,6.93,6.97,6.98,7.54,8.47,-1,-1
2013-03-28,6.95,7.02,6.95,7.51,8.44,-1,-1
2013-04-01,6.95,7.02,6.93,7.48,8.42,-1,-1
2013-04-02,6.99,7.04,6.92,7.46,8.40,-1,-1
2013-04-03,6.98,7.03,6.91,7.43,8.37,-1,-1
2013-04-04,6.98,6.98,6.89,7.40,8.35,-1,-1
2013-04-05,6.97,6.93,6.89,7.36,8.33,1,-1
2013-04-08,7.02,6.97,6.90,7.34,8.31,1,-1
2013-04-09,7.08,7.01,6.92,7.32,8.29,1,-1
2013-04-10,7.19,7.07,6.95,7.31,8.27,1,-1
2013-04-11,7.23,7.11,6.97,7.29,8.26,1,-1
2013-04-12,7.28,7.13,6.98,7.27,8.24,1,-1
2013-04-15,7.32,7.15,7.00,7.24,8.22,1,-1
2013-04-16,7.38,7.17,7.01,7.22,8.20,1,-1
2013-04-17,7.30,7.16,7.02,7.19,8.18,1,-1
2013-04-18,7.18,7.13,7.03,7.15,8.17,1,-1
2013-04-19,7.02,7.10,7.04,7.12,8.15,-1,-1
2013-04-22,6.87,7.05,7.04,7.08,8.13,-1,-1
2013-04-23,6.74,7.01,7.02,7.04,8.12,-1,-1
2013-04-24,6.68,7.00,7.01,7.01,8.10,-1,-1
2013-04-25,6.57,6.98,6.99,6.98,8.08,-1,-1
2013-04-26,6.52,6.91,6.95,6.94,8.07,-1,-1
2013-04-29,6.50,6.84,6.92,6.92,8.05,-1,-1
2013-04-30,6.48,6.75,6.91,6.91,8.04,-1,-1
2013-05-01,6.50,6.69,6.90,6.89,8.02,-1,-1
2013-05-02,6.52,6.63,6.89,6.87,8.01,-1,-1
2013-05-03,6.53,6.61,6.88,6.87,7.99,-1,-1
2013-05-06,6.56,6.56,6.87,6.86,7.98,-1,-1
2013-05-07,6.58,6.55,6.86,6.86,7.97,1,-1
2013-05-08,6.59,6.55,6.85,6.85,7.95,1,-1
2013-05-09,6.62,6.55,6.84,6.85,7.94,1,-1
2013-05-10,6.58,6.54,6.81,6.84,7.93,1,-1
2013-05-13,6.53,6.53,6.79,6.83,7.92,-1,-1
2013-05-14,6.46,6.50,6.76,6.82,7.91,-1,-1
2013-05-15,6.40,6.48,6.73,6.81,7.90,-1,-1
2013-05-16,6.35,6.46,6.71,6.81,7.89,-1,-1
2013-05-17,6.30,6.45,6.69,6.80,7.87,-1,-1
2013-05-20,6.26,6.44,6.66,6.80,7.85,-1,-1
2013-05-21,6.30,6.44,6.63,6.80,7.84,-1,-1
2013-05-22,6.30,6.42,6.58,6.78,7.83,-1,-1
2013-05-23,6.31,6.38,6.54,6.77,7.81,-1,-1
2013-05-24,6.32,6.36,6.51,6.74,7.80,-1,-1
2013-05-28,6.34,6.34,6.48,6.72,7.78,-1,-1
2013-05-29,6.39,6.34,6.46,6.72,7.76,1,-1
2013-05-30,6.37,6.32,6.45,6.70,7.75,1,-1
2013-05-31,6.32,6.31,6.43,6.69,7.74,1,-1
2013-06-03,6.31,6.30,6.41,6.67,7.73,1,-1
2013-06-04,6.28,6.29,6.40,6.66,7.72,-1,-1
2013-06-05,6.26,6.29,6.40,6.64,7.71,-1,-1
2013-06-06,6.23,6.28,6.38,6.63,7.71,-1,-1
2013-06-07,6.17,6.28,6.37,6.61,7.70,-1,-1
2013-06-10,6.12,6.25,6.35,6.59,7.69,-1,-1
2013-06-11,6.08,6.20,6.33,6.57,7.68,-1,-1
2013-06-12,6.01,6.16,6.30,6.54,7.67,-1,-1
2013-06-13,5.88,6.08,6.26,6.50,7.66,-1,-1
2013-06-14,5.74,6.00,6.21,6.47,7.65,-1,-1
2013-06-17,5.60,5.92,6.16,6.44,7.64,-1,-1
2013-06-18,5.46,5.82,6.11,6.39,7.63,-1,-1
2013-06-19,5.35,5.74,6.07,6.35,7.62,-1,-1
2013-06-20,5.22,5.65,6.01,6.29,7.61,-1,-1
2013-06-21,5.12,5.57,5.96,6.24,7.59,-1,-1
2013-06-24,5.06,5.47,5.91,6.19,7.57,-1,-1
2013-06-25,5.04,5.39,5.86,6.15,7.56,-1,-1
2013-06-26,4.98,5.29,5.82,6.10,7.53,-1,-1
2013-06-27,4.93,5.19,5.77,6.06,7.51,-1,-1
2013-06-28,4.87,5.11,5.72,6.02,7.50,-1,-1
2013-07-01,4.87,5.04,5.68,5.99,7.48,-1,-1
2013-07-02,4.86,4.99,5.63,5.96,7.46,-1,-1
2013-07-03,4.87,4.97,5.57,5.93,7.44,-1,-1
2013-07-05,4.86,4.95,5.53,5.89,7.42,-1,-1
2013-07-08,4.86,4.92,5.48,5.86,7.40,-1,-1
2013-07-09,4.88,4.91,5.44,5.83,7.38,-1,-1
2013-07-10,4.90,4.88,5.39,5.80,7.36,1,-1
2013-07-11,4.90,4.89,5.33,5.77,7.35,1,-1
2013-07-12,4.92,4.89,5.29,5.74,7.33,1,-1
2013-07-15,4.94,4.90,5.25,5.71,7.31,1,-1
2013-07-16,4.95,4.91,5.21,5.67,7.29,1,-1
2013-07-17,4.97,4.92,5.17,5.64,7.27,1,-1
2013-07-18,4.97,4.93,5.13,5.61,7.25,1,-1
2013-07-19,4.99,4.94,5.10,5.57,7.23,1,-1
2013-07-22,5.01,4.96,5.06,5.54,7.21,1,-1
2013-07-23,5.01,4.96,5.03,5.52,7.19,1,-1
2013-07-24,4.96,4.95,4.99,5.49,7.17,1,-1
2013-07-25,4.90,4.92,4.95,5.45,7.15,-1,-1
2013-07-26,4.84,4.90,4.93,5.42,7.13,-1,-1
2013-07-29,4.74,4.86,4.90,5.38,7.11,-1,-1
2013-07-30,4.64,4.81,4.87,5.34,7.08,-1,-1
2013-07-31,4.56,4.78,4.85,5.30,7.06,-1,-1
2013-08-01,4.49,4.75,4.83,5.26,7.04,-1,-1
2013-08-02,4.49,4.73,4.82,5.23,7.03,-1,-1
2013-08-05,4.53,4.72,4.81,5.20,7.00,-1,-1
2013-08-06,4.61,4.73,4.83,5.18,6.99,-1,-1
2013-08-07,4.71,4.73,4.83,5.15,6.97,-1,-1
2013-08-08,4.80,4.72,4.83,5.12,6.95,1,-1
2013-08-09,4.81,4.69,4.82,5.09,6.93,1,-1
2013-08-12,4.84,4.66,4.82,5.06,6.91,1,-1
2013-08-13,4.83,4.66,4.81,5.03,6.89,1,-1
2013-08-14,4.81,4.67,4.80,5.00,6.88,1,-1
2013-08-15,4.74,4.68,4.80,4.97,6.86,1,-1
2013-08-16,4.69,4.70,4.79,4.94,6.84,-1,-1
2013-08-19,4.66,4.73,4.78,4.91,6.82,-1,-1
2013-08-20,4.66,4.73,4.77,4.88,6.80,-1,-1
2013-08-21,4.64,4.74,4.76,4.86,6.79,-1,-1
2013-08-22,4.63,4.73,4.75,4.83,6.77,-1,-1
2013-08-23,4.63,4.72,4.74,4.82,6.75,-1,-1
2013-08-26,4.59,4.66,4.72,4.81,6.73,-1,-1
2013-08-27,4.53,4.61,4.69,4.79,6.72,-1,-1
2013-08-28,4.48,4.57,4.67,4.77,6.70,-1,-1
2013-08-29,4.42,4.54,4.64,4.75,6.68,-1,-1
2013-08-30,4.37,4.51,4.62,4.74,6.67,-1,-1
2013-09-03,4.35,4.49,4.60,4.73,6.65,-1,-1
2013-09-04,4.32,4.47,4.57,4.72,6.64,-1,-1
2013-09-05,4.32,4.45,4.57,4.71,6.62,-1,-1
2013-09-06,4.36,4.44,4.56,4.70,6.60,-1,-1
2013-09-09,4.41,4.44,4.56,4.70,6.59,-1,-1
2013-09-10,4.48,4.45,4.58,4.70,6.57,1,-1
2013-09-11,4.56,4.46,4.60,4.69,6.55,1,-1
2013-09-12,4.62,4.48,4.61,4.69,6.53,1,-1
2013-09-13,4.67,4.50,4.62,4.69,6.51,1,-1
2013-09-16,4.76,4.54,4.63,4.69,6.49,1,-1
2013-09-17,4.85,4.60,4.64,4.70,6.48,1,-1
2013-09-18,4.90,4.65,4.63,4.70,6.46,1,-1
2013-09-19,4.94,4.71,4.63,4.70,6.44,1,-1
2013-09-20,4.97,4.76,4.64,4.70,6.42,1,-1
2013-09-23,5.00,4.81,4.65,4.70,6.41,1,-1
2013-09-24,5.03,4.85,4.66,4.70,6.39,1,-1
2013-09-25,5.03,4.89,4.67,4.70,6.37,1,-1
2013-09-26,5.02,4.93,4.68,4.70,6.35,1,-1
2013-09-27,5.01,4.96,4.69,4.70,6.33,1,-1
2013-09-30,4.98,4.96,4.70,4.70,6.31,1,-1
2013-10-01,4.97,4.97,4.71,4.70,6.29,-1,-1
2013-10-02,4.96,4.98,4.72,4.70,6.27,-1,-1
2013-10-03,4.95,4.99,4.73,4.70,6.26,-1,-1
2013-10-04,4.94,4.98,4.74,4.71,6.24,-1,-1
2013-10-07,4.93,4.97,4.75,4.72,6.23,-1,-1
2013-10-08,4.89,4.95,4.77,4.73,6.21,-1,-1
2013-10-09,4.89,4.94,4.79,4.74,6.19,-1,-1
2013-10-10,4.88,4.93,4.81,4.74,6.18,-1,-1
2013-10-11,4.89,4.92,4.83,4.75,6.16,-1,-1
2013-10-14,4.92,4.93,4.86,4.76,6.15,-1,-1
2013-10-15,4.95,4.95,4.88,4.77,6.13,-1,-1
2013-10-16,4.98,4.95,4.91,4.77,6.12,1,-1
2013-10-17,5.02,4.96,4.93,4.77,6.10,1,-1
2013-10-18,5.05,4.97,4.95,4.77,6.08,1,-1
2013-10-21,5.06,4.97,4.96,4.78,6.07,1,-1
2013-10-22,5.08,4.98,4.97,4.79,6.05,1,-1
2013-10-23,5.06,4.99,4.98,4.79,6.04,1,-1
2013-10-24,5.04,5.00,4.98,4.80,6.02,1,-1
2013-10-25,5.03,5.00,4.99,4.81,6.00,1,-1
2013-10-28,5.01,5.01,4.99,4.81,5.99,-1,-1
2013-10-29,5.00,5.02,4.98,4.82,5.97,-1,-1
2013-10-30,4.98,5.02,4.98,4.83,5.95,-1,-1
2013-10-31,4.95,5.01,4.97,4.83,5.93,-1,-1
2013-11-01,4.92,4.99,4.97,4.83,5.92,-1,-1
2013-11-04,4.89,4.97,4.96,4.84,5.90,-1,-1
2013-11-05,4.88,4.95,4.96,4.85,5.88,-1,-1
2013-11-06,4.83,4.92,4.94,4.86,5.86,-1,-1
2013-11-07,4.79,4.89,4.93,4.86,5.84,-1,-1
2013-11-08,4.75,4.87,4.92,4.87,5.82,-1,-1
2013-11-11,4.73,4.84,4.91,4.88,5.80,-1,-1
2013-11-12,4.71,4.82,4.90,4.88,5.78,-1,-1
2013-11-13,4.70,4.79,4.90,4.89,5.77,-1,-1
2013-11-14,4.66,4.77,4.89,4.90,5.75,-1,-1
2013-11-15,4.66,4.74,4.88,4.90,5.73,-1,-1
2013-11-18,4.63,4.71,4.86,4.89,5.71,-1,-1
2013-11-19,4.60,4.67,4.85,4.89,5.69,-1,-1
2013-11-20,4.56,4.64,4.84,4.88,5.67,-1,-1
2013-11-21,4.51,4.61,4.82,4.87,5.65,-1,-1
2013-11-22,4.46,4.58,4.80,4.86,5.63,-1,-1
2013-11-25,4.42,4.54,4.77,4.85,5.61,-1,-1
2013-11-26,4.37,4.51,4.74,4.83,5.59,-1,-1
2013-11-27,4.34,4.49,4.71,4.82,5.57,-1,-1
2013-11-29,4.31,4.45,4.69,4.80,5.56,-1,-1
2013-12-02,4.26,4.41,4.65,4.78,5.54,-1,-1
2013-12-03,4.21,4.36,4.62,4.76,5.52,-1,-1
2013-12-04,4.16,4.31,4.58,4.74,5.51,-1,-1
2013-12-05,4.11,4.26,4.55,4.72,5.49,-1,-1
2013-12-06,4.07,4.22,4.51,4.70,5.48,-1,-1
2013-12-09,4.03,4.18,4.48,4.68,5.46,-1,-1
2013-12-10,4.01,4.16,4.45,4.66,5.45,-1,-1
2013-12-11,4.00,4.13,4.42,4.64,5.43,-1,-1
2013-12-12,3.97,4.09,4.38,4.62,5.42,-1,-1
2013-12-13,3.97,4.06,4.35,4.60,5.40,-1,-1
2013-12-16,3.96,4.03,4.32,4.58,5.39,-1,-1
2013-12-17,3.94,4.00,4.29,4.56,5.38,-1,-1
2013-12-18,3.98,4.01,4.27,4.55,5.37,-1,-1
2013-12-19,4.04,4.03,4.27,4.54,5.36,1,-1
2013-12-20,4.41,4.20,4.33,4.58,5.36,1,-1
2013-12-23,4.71,4.34,4.37,4.60,5.35,1,-1
2013-12-24,4.97,4.47,4.41,4.61,5.35,1,-1
2013-12-26,5.26,4.61,4.45,4.62,5.34,1,-1
2013-12-27,5.54,4.74,4.49,4.64,5.33,1,-1
2013-12-30,5.75,4.86,4.53,4.65,5.32,1,-1
2013-12-31,5.94,4.99,4.57,4.67,5.32,1,-1
2014-01-02,5.86,5.13,4.61,4.69,5.31,1,-1
2014-01-03,5.82,5.27,4.66,4.70,5.31,1,-1
2014-01-06,5.81,5.39,4.70,4.71,5.30,1,-1
2014-01-07,5.76,5.51,4.74,4.73,5.29,1,-1
2014-01-08,5.72,5.63,4.78,4.74,5.29,1,-1
2014-01-09,5.70,5.72,4.82,4.75,5.28,-1,-1
2014-01-10,5.66,5.80,4.86,4.76,5.27,-1,-1
2014-01-13,5.62,5.74,4.91,4.78,5.27,-1,-1
2014-01-14,5.65,5.74,4.97,4.80,5.26,-1,-1
2014-01-15,5.74,5.77,5.05,4.83,5.26,-1,-1
2014-01-16,5.84,5.80,5.12,4.86,5.25,1,-1
2014-01-17,5.95,5.84,5.20,4.89,5.25,1,-1
2014-01-21,6.04,5.87,5.28,4.92,5.25,1,-1
2014-01-22,6.12,5.89,5.34,4.95,5.24,1,-1
2014-01-23,6.20,5.91,5.42,4.98,5.24,1,-1
2014-01-24,6.21,5.93,5.48,5.01,5.23,1,-1
2014-01-27,6.15,5.94,5.55,5.03,5.22,1,-1
2014-01-28,6.11,5.97,5.62,5.06,5.21,1,-1
2014-01-29,6.09,6.02,5.70,5.09,5.21,1,-1
2014-01-30,6.10,6.07,5.78,5.12,5.20,1,-1
2014-01-31,6.10,6.11,5.85,5.15,5.20,-1,-1
2014-02-03,6.07,6.13,5.91,5.18,5.20,-1,-1
2014-02-04,6.07,6.14,5.96,5.22,5.19,-1,1
2014-02-05,6.10,6.13,5.94,5.25,5.19,-1,1
2014-02-06,6.20,6.15,5.97,5.30,5.19,1,1
2014-02-07,6.26,6.17,6.00,5.34,5.19,1,1
2014-02-10,6.33,6.21,6.02,5.39,5.20,1,1
2014-02-11,6.46,6.28,6.06,5.45,5.20,1,1
2014-02-12,6.62,6.35,6.11,5.51,5.20,1,1
2014-02-13,6.84,6.45,6.17,5.58,5.21,1,1
2014-02-14,7.02,6.56,6.22,5.64,5.21,1,1
2014-02-18,7.10,6.65,6.27,5.71,5.21,1,1
2014-02-19,7.17,6.72,6.31,5.77,5.22,1,1
2014-02-20,7.20,6.76,6.36,5.83,5.22,1,1
2014-02-21,7.19,6.82,6.41,5.89,5.22,1,1
2014-02-24,7.18,6.90,6.46,5.95,5.22,1,1
2014-02-25,7.10,6.97,6.50,6.01,5.22,1,1
2014-02-26,7.06,7.04,6.55,6.08,5.23,1,1
2014-02-27,7.15,7.12,6.62,6.16,5.24,1,1
2014-02-28,7.22,7.20,6.66,6.23,5.24,1,1
2014-03-03,7.37,7.28,6.72,6.31,5.25,1,1
2014-03-04,7.49,7.34,6.77,6.38,5.26,1,1
2014-03-05,7.63,7.40,6.83,6.45,5.27,1,1
2014-03-06,7.83,7.46,6.90,6.49,5.28,1,1
2014-03-07,7.96,7.51,6.96,6.53,5.29,1,1
2014-03-10,7.98,7.56,7.03,6.58,5.30,1,1
2014-03-11,8.07,7.65,7.11,6.62,5.31,1,1
2014-03-12,8.14,7.75,7.19,6.68,5.32,1,1
2014-03-13,8.22,7.86,7.26,6.73,5.33,1,1
2014-03-14,8.26,7.94,7.33,6.78,5.34,1,1
2014-03-17,8.26,8.04,7.40,6.83,5.34,1,1
2014-03-18,8.32,8.14,7.49,6.88,5.36,1,1
2014-03-19,8.43,8.20,7.58,6.94,5.37,1,1
2014-03-20,8.60,8.33,7.69,7.02,5.39,1,1
2014-03-21,8.73,8.43,7.78,7.10,5.40,1,1
2014-03-24,8.82,8.52,7.86,7.17,5.42,1,1
2014-03-25,8.95,8.60,7.94,7.24,5.43,1,1
2014-03-26,9.03,8.64,8.00,7.30,5.45,1,1
2014-03-27,9.08,8.70,8.06,7.36,5.46,1,1
2014-03-28,9.10,8.76,8.11,7.41,5.48,1,1
2014-03-31,9.04,8.82,8.16,7.47,5.50,1,1
2014-04-01,9.10,8.92,8.25,7.54,5.52,1,1
2014-04-02,9.17,8.99,8.33,7.61,5.54,1,1
2014-04-03,9.23,9.09,8.42,7.67,5.56,1,1
2014-04-04,9.28,9.16,8.49,7.74,5.58,1,1
2014-04-07,9.30,9.19,8.55,7.80,5.60,1,1
2014-04-08,9.31,9.20,8.62,7.86,5.62,1,1
2014-04-09,9.36,9.20,8.70,7.93,5.65,1,1
2014-04-10,9.25,9.18,8.74,7.98,5.67,1,1
2014-04-11,9.18,9.17,8.78,8.04,5.69,1,1
2014-04-14,9.06,9.14,8.81,8.09,5.71,-1,1
2014-04-15,8.98,9.13,8.84,8.14,5.73,-1,1
2014-04-16,8.94,9.12,8.86,8.20,5.75,-1,1
2014-04-17,8.88,9.10,8.87,8.25,5.76,-1,1
2014-04-21,8.77,9.06,8.89,8.29,5.78,-1,1
2014-04-22,8.75,9.00,8.92,8.33,5.80,-1,1
2014-04-23,8.70,8.94,8.93,8.37,5.82,-1,1
2014-04-24,8.68,8.87,8.94,8.40,5.84,-1,1
2014-04-25,8.65,8.82,8.94,8.43,5.86,-1,1
2014-04-28,8.56,8.75,8.93,8.44,5.87,-1,1
2014-04-29,8.48,8.68,8.92,8.45,5.89,-1,1
2014-04-30,8.37,8.57,8.90,8.46,5.90,-1,1
2014-05-01,8.24,8.50,8.88,8.48,5.92,-1,1
2014-05-02,8.15,8.43,8.83,8.50,5.93,-1,1
2014-05-05,8.05,8.36,8.78,8.52,5.95,-1,1
2014-05-06,7.94,8.30,8.73,8.53,5.96,-1,1
2014-05-07,7.88,8.22,8.68,8.55,5.98,-1,1
2014-05-08,7.84,8.16,8.64,8.56,5.99,-1,1
2014-05-09,7.83,8.10,8.61,8.56,6.00,-1,1
2014-05-12,7.90,8.07,8.60,8.57,6.02,-1,1
2014-05-13,7.97,8.06,8.58,8.59,6.04,-1,1
2014-05-14,8.05,8.05,8.53,8.60,6.06,-1,1
2014-05-15,8.17,8.06,8.50,8.61,6.09,1,1
2014-05-16,8.36,8.12,8.48,8.62,6.11,1,1
2014-05-19,8.56,8.20,8.48,8.64,6.13,1,1
2014-05-20,8.74,8.28,8.48,8.67,6.15,1,1
2014-05-21,8.81,8.35,8.48,8.68,6.17,1,1
2014-05-22,8.94,8.46,8.48,8.70,6.20,1,1
2014-05-23,9.07,8.56,8.49,8.72,6.22,1,1
2014-05-27,9.21,8.69,8.51,8.74,6.24,1,1
2014-05-28,9.29,8.82,8.53,8.77,6.27,1,1
2014-05-29,9.36,8.96,8.56,8.79,6.29,1,1
2014-05-30,9.42,9.08,8.59,8.80,6.31,1,1
2014-06-02,9.48,9.14,8.62,8.80,6.34,1,1
2014-06-03,9.46,9.20,8.64,8.80,6.36,1,1
2014-06-04,9.47,9.27,8.66,8.81,6.38,1,1
2014-06-05,9.46,9.33,8.69,8.81,6.41,1,1
2014-06-06,9.46,9.38,8.71,8.83,6.43,1,1
2014-06-09,9.41,9.38,8.74,8.83,6.46,1,1
2014-06-10,9.38,9.40,8.78,8.84,6.48,-1,1
2014-06-11,9.36,9.42,8.82,8.85,6.50,-1,1
2014-06-12,9.33,9.40,8.87,8.83,6.53,-1,1
2014-06-13,9.30,9.39,8.91,8.83,6.55,-1,1
2014-06-16,9.25,9.35,8.94,8.82,6.58,-1,1
2014-06-17,9.20,9.33,8.98,8.82,6.60,-1,1
2014-06-18,9.20,9.31,9.03,8.82,6.63,-1,1
2014-06-19,9.21,9.29,9.09,8.83,6.65,-1,1
2014-06-20,9.23,9.29,9.15,8.83,6.67,-1,1
2014-06-23,9.23,9.28,9.19,8.83,6.70,-1,1
2014-06-24,9.21,9.26,9.21,8.83,6.72,-1,1
2014-06-25,9.23,9.24,9.23,8.84,6.74,-1,1
2014-06-26,9.23,9.22,9.26,8.85,6.77,1,1
2014-06-27,9.21,9.21,9.28,8.86,6.79,-1,1
2014-06-30,9.18,9.19,9.28,8.87,6.81,-1,1
2014-07-01,9.17,9.20,9.29,8.88,6.83,-1,1
2014-07-02,9.19,9.21,9.30,8.89,6.85,-1,1
2014-07-03,9.27,9.24,9.32,8.91,6.88,1,1
2014-07-07,9.40,9.32,9.34,8.94,6.90,1,1
2014-07-08,9.46,9.34,9.35,8.96,6.92,1,1
2014-07-09,9.53,9.37,9.35,9.00,6.95,1,1
2014-07-10,9.59,9.39,9.35,9.03,6.97,1,1
2014-07-11,9.62,9.39,9.35,9.06,6.99,1,1
2014-07-14,9.65,9.42,9.35,9.09,7.02,1,1
2014-07-15,9.68,9.48,9.37,9.13,7.04,1,1
2014-07-16,9.84,9.62,9.43,9.19,7.07,1,1
2014-07-17,10.03,9.74,9.48,9.26,7.10,1,1
2014-07-18,10.25,9.89,9.54,9.33,7.13,1,1
2014-07-21,10.53,10.06,9.60,9.40,7.17,1,1
2014-07-22,10.78,10.20,9.67,9.47,7.20,1,1
2014-07-23,10.98,10.32,9.72,9.52,7.23,1,1
2014-07-24,11.11,10.39,9.77,9.56,7.26,1,1
2014-07-25,10.99,10.41,9.82,9.60,7.28,1,1
2014-07-28,10.91,10.47,9.86,9.64,7.31,1,1
2014-07-29,10.79,10.52,9.90,9.67,7.34,1,1
2014-07-30,10.65,10.59,9.94,9.69,7.37,1,1
2014-07-31,10.48,10.63,9.97,9.72,7.39,-1,1
2014-08-01,10.40,10.69,10.00,9.74,7.42,-1,1
2014-08-04,10.44,10.78,10.06,9.77,7.45,-1,1
2014-08-05,10.47,10.73,10.11,9.80,7.48,-1,1
2014-08-06,10.48,10.70,10.15,9.82,7.50,-1,1
2014-08-07,10.46,10.63,10.18,9.83,7.53,-1,1
2014-08-08,10.41,10.53,10.21,9.84,7.55,-1,1
2014-08-11,10.46,10.47,10.26,9.86,7.58,-1,1
2014-08-12,10.43,10.42,10.29,9.88,7.61,1,1
2014-08-13,10.33,10.39,10.33,9.90,7.63,-1,1
2014-08-14,10.24,10.36,10.35,9.91,7.66,-1,1
2014-08-15,10.19,10.34,10.37,9.92,7.68,-1,1
2014-08-18,10.18,10.32,10.37,9.93,7.71,-1,1
2014-08-19,10.25,10.33,10.40,9.96,7.74,-1,1
2014-08-20,10.24,10.35,10.43,9.98,7.77,-1,1
2014-08-21,10.32,10.38,10.46,10.01,7.80,-1,1
2014-08-22,10.34,10.34,10.50,10.04,7.82,-1,1
2014-08-25,10.46,10.35,10.54,10.07,7.86,1,1
2014-08-26,10.59,10.39,10.58,10.11,7.89,1,1
2014-08-27,10.72,10.45,10.57,10.15,7.92,1,1
2014-08-28,10.83,10.54,10.59,10.19,7.95,1,1
2014-08-29,11.01,10.63,10.60,10.24,7.99,1,1
2014-09-02,11.13,10.72,10.60,10.28,8.02,1,1
2014-09-03,11.27,10.81,10.61,10.32,8.06,1,1
2014-09-04,11.38,10.92,10.64,10.38,8.09,1,1
2014-09-05,11.52,11.05,10.68,10.43,8.13,1,1
2014-09-08,11.66,11.19,10.73,10.49,8.17,1,1
2014-09-09,11.71,11.27,10.77,10.54,8.20,1,1
2014-09-10,11.66,11.34,10.81,10.58,8.24,1,1
2014-09-11,11.67,11.40,10.84,10.63,8.27,1,1
2014-09-12,11.64,11.46,10.88,10.67,8.31,1,1
2014-09-15,11.52,11.45,10.90,10.69,8.34,1,1
2014-09-16,11.39,11.46,10.90,10.71,8.38,-1,1
2014-09-17,11.27,11.46,10.91,10.74,8.41,-1,1
2014-09-18,11.20,11.45,10.94,10.77,8.45,-1,1
2014-09-19,11.14,11.40,10.97,10.80,8.48,-1,1
2014-09-22,10.99,11.33,10.98,10.82,8.51,-1,1
2014-09-23,10.87,11.26,10.98,10.84,8.55,-1,1
2014-09-24,10.82,11.17,10.99,10.85,8.58,-1,1
2014-09-25,10.69,11.04,10.98,10.83,8.61,-1,1
2014-09-26,10.56,10.92,10.99,10.81,8.64,-1,1
2014-09-29,10.45,10.82,11.00,10.80,8.67,-1,1
2014-09-30,10.33,10.73,11.00,10.77,8.70,-1,1
2014-10-01,10.22,10.61,10.97,10.74,8.73,-1,1
2014-10-02,10.11,10.49,10.95,10.72,8.76,-1,1
2014-10-03,10.07,10.45,10.93,10.70,8.79,-1,1
2014-10-06,10.04,10.36,10.91,10.69,8.82,-1,1
2014-10-07,9.94,10.25,10.87,10.68,8.85,-1,1
2014-10-08,9.87,10.16,10.83,10.67,8.86,-1,1
2014-10-09,9.77,10.05,10.78,10.65,8.88,-1,1
2014-10-10,9.67,9.95,10.70,10.63,8.90,-1,1
2014-10-13,9.55,9.83,10.61,10.60,8.91,-1,1
2014-10-14,9.39,9.73,10.52,10.56,8.93,-1,1
2014-10-15,9.28,9.66,10.45,10.53,8.94,-1,1
2014-10-16,9.22,9.58,10.36,10.50,8.96,-1,1
2014-10-17,9.12,9.49,10.27,10.48,8.98,-1,1
2014-10-20,9.05,9.41,10.17,10.46,8.99,-1,1
2014-10-21,9.08,9.38,10.09,10.43,9.01,-1,1
2014-10-22,9.09,9.32,10.01,10.41,9.03,-1,1
2014-10-23,9.09,9.24,9.92,10.38,9.04,-1,1
2014-10-24,9.06,9.17,9.84,10.36,9.06,-1,1
2014-10-27,9.04,9.13,9.78,10.34,9.08,-1,1
2014-10-28,9.07,9.09,9.73,10.33,9.10,-1,1
2014-10-29,9.19,9.12,9.69,10.31,9.12,1,1
2014-10-30,9.24,9.16,9.63,10.29,9.13,1,1
2014-10-31,9.37,9.23,9.59,10.28,9.15,1,1
2014-11-03,9.52,9.31,9.58,10.27,9.17,1,1
2014-11-04,9.68,9.37,9.56,10.25,9.19,1,1
2014-11-05,9.84,9.44,9.55,10.23,9.21,1,1
2014-11-06,9.97,9.52,9.56,10.22,9.23,1,1
2014-11-07,10.02,9.61,9.56,10.20,9.25,1,1
2014-11-10,10.11,9.68,9.55,10.17,9.27,1,1
2014-11-11,10.16,9.77,9.56,10.14,9.29,1,1
2014-11-12,10.22,9.87,9.58,10.12,9.31,1,1
2014-11-13,10.37,10.02,9.62,10.11,9.34,1,1
2014-11-14,10.55,10.20,9.67,10.10,9.36,1,1
2014-11-17,10.67,10.32,9.71,10.08,9.39,1,1
2014-11-18,10.83,10.42,9.77,10.07,9.42,1,1
2014-11-19,10.96,10.53,9.81,10.07,9.44,1,1
2014-11-20,11.19,10.68,9.89,10.07,9.47,1,1
2014-11-21,11.41,10.81,9.98,10.09,9.49,1,1
2014-11-24,11.65,11.01,10.11,10.13,9.52,1,1
2014-11-25,11.85,11.20,10.24,10.16,9.55,1,1
2014-11-26,12.12,11.39,10.37,10.20,9.58,1,1
2014-11-28,12.33,11.58,10.49,10.23,9.61,1,1
2014-12-01,12.55,11.76,10.61,10.27,9.64,1,1
2014-12-02,12.72,11.95,10.74,10.32,9.66,1,1
2014-12-03,12.92,12.16,10.88,10.37,9.70,1,1
2014-12-04,13.08,12.36,11.04,10.44,9.73,1,1
2014-12-05,13.22,12.54,11.20,10.52,9.76,1,1
2014-12-08,13.30,12.71,11.36,10.58,9.80,1,1
2014-12-09,13.44,12.88,11.52,10.65,9.83,1,1
2014-12-10,13.55,13.05,11.66,10.72,9.86,1,1
2014-12-11,13.60,13.16,11.77,10.79,9.89,1,1
2014-12-12,13.63,13.27,11.90,10.87,9.92,1,1
2014-12-15,13.56,13.32,12.02,10.93,9.95,1,1
2014-12-16,13.41,13.32,12.11,10.99,9.97,1,1
2014-12-17,13.30,13.30,12.21,11.06,10.00,-1,1
2014-12-18,13.18,13.31,12.30,11.12,10.02,-1,1
2014-12-19,13.13,13.34,12.39,11.19,10.04,-1,1
2014-12-22,13.05,13.33,12.48,11.26,10.07,-1,1
2014-12-23,12.91,13.27,12.56,11.34,10.09,-1,1
2014-12-24,12.80,13.18,12.64,11.41,10.11,-1,1
2014-12-26,12.79,13.10,12.71,11.48,10.13,-1,1
2014-12-29,12.81,13.06,12.78,11.56,10.15,-1,1
2014-12-30,12.83,13.01,12.83,11.64,10.18,-1,1
2014-12-31,12.87,13.00,12.91,11.72,10.20,-1,1
2015-01-02,12.92,12.99,12.97,11.80,10.23,-1,1
2015-01-05,12.99,12.95,13.03,11.88,10.24,1,1
2015-01-06,12.98,12.89,13.06,11.95,10.26,1,1
2015-01-07,12.95,12.87,13.08,12.03,10.28,1,1
2015-01-08,12.97,12.89,13.09,12.11,10.30,1,1
2015-01-09,13.02,12.92,13.11,12.19,10.32,1,1
2015-01-12,13.02,12.94,13.12,12.26,10.34,1,1
2015-01-13,13.03,12.97,13.13,12.33,10.36,1,1
2015-01-14,13.09,13.04,13.15,12.40,10.38,1,1
2015-01-15,13.19,13.09,13.17,12.47,10.40,1,1
2015-01-16,13.31,13.13,13.17,12.54,10.42,1,1
2015-01-20,13.40,13.18,13.16,12.61,10.44,1,1
2015-01-21,13.51,13.26,13.17,12.68,10.47,1,1
2015-01-22,13.68,13.35,13.20,12.77,10.49,1,1
2015-01-23,13.92,13.48,13.24,12.86,10.52,1,1
2015-01-26,14.16,13.62,13.30,12.96,10.55,1,1
2015-01-27,14.47,13.83,13.37,13.06,10.58,1,1
2015-01-28,14.86,14.08,13.45,13.16,10.62,1,1
2015-01-29,15.09,14.24,13.52,13.24,10.65,1,1
2015-01-30,15.23,14.37,13.60,13.32,10.69,1,1
2015-02-02,15.23,14.46,13.65,13.39,10.71,1,1
2015-02-03,15.11,14.52,13.69,13.45,10.74,1,1
2015-02-04,15.00,14.58,13.73,13.50,10.77,1,1
2015-02-05,14.88,14.68,13.79,13.55,10.80,1,1
2015-02-06,14.70,14.78,13.87,13.59,10.83,-1,1
2015-02-09,14.51,14.80,13.92,13.62,10.86,-1,1
2015-02-10,14.37,14.80,13.96,13.64,10.89,-1,1
2015-02-11,14.30,14.77,14.00,13.66,10.92,-1,1
2015-02-12,14.29,14.70,14.03,13.69,10.95,-1,1
2015-02-13,14.24,14.62,14.05,13.71,10.98,-1,1
2015-02-17,14.06,14.47,14.06,13.71,11.00,-1,1
2015-02-18,13.81,14.25,14.06,13.69,11.03,-1,1
2015-02-19,13.72,14.12,14.09,13.68,11.06,-1,1
2015-02-20,13.65,14.01,14.13,13.69,11.09,-1,1
2015-02-23,13.90,14.10,14.22,13.73,11.13,-1,1
2015-02-24,14.13,14.21,14.29,13.77,11.17,-1,1
2015-02-25,14.41,14.32,14.38,13.82,11.21,1,1
2015-02-26,14.82,14.44,14.48,13.88,11.24,1,1
2015-02-27,15.25,14.53,14.57,13.93,11.28,1,1
2015-03-02,15.74,14.73,14.68,14.01,11.32,1,1
2015-03-03,16.34,14.99,14.83,14.11,11.37,1,1
2015-03-04,16.61,15.26,14.97,14.21,11.41,1,1
2015-03-05,16.92,15.52,15.09,14.30,11.46,1,1
2015-03-06,17.15,15.78,15.19,14.40,11.50,1,1
2015-03-09,17.25,16.04,15.26,14.48,11.54,1,1
2015-03-10,17.30,16.28,15.30,14.56,11.58,1,1
2015-03-11,17.33,16.53,15.35,14.64,11.61,1,1
2015-03-12,17.20,16.77,15.38,14.73,11.65,1,1
2015-03-13,17.15,16.88,15.45,14.81,11.69,1,1
2015-03-16,17.12,17.02,15.53,14.90,11.73,1,1
2015-03-17,17.19,17.17,15.64,14.99,11.77,1,1
2015-03-18,17.30,17.28,15.77,15.09,11.81,1,1
2015-03-19,17.51,17.40,15.88,15.19,11.86,1,1
2015-03-20,17.63,17.48,15.99,15.30,11.90,1,1
2015-03-23,17.70,17.45,16.08,15.39,11.94,1,1
2015-03-24,17.72,17.44,16.20,15.47,11.98,1,1
2015-03-25,17.57,17.34,16.27,15.53,12.02,1,1
2015-03-26,17.39,17.29,16.37,15.60,12.05,1,1
2015-03-27,17.28,17.29,16.46,15.68,12.09,-1,1
2015-03-30,17.17,17.34,16.57,15.75,12.13,-1,1
2015-03-31,17.05,17.34,16.69,15.82,12.17,-1,1
2015-04-01,17.03,17.36,16.83,15.90,12.21,-1,1
2015-04-02,17.06,17.39,16.98,15.97,12.25,-1,1
2015-04-06,17.22,17.39,17.11,16.03,12.30,-1,1
2015-04-07,17.29,17.34,17.16,16.07,12.34,-1,1
2015-04-08,17.28,17.28,17.20,16.11,12.37,-1,1
2015-04-09,17.25,17.21,17.23,16.14,12.41,1,1
2015-04-10,17.27,17.16,17.26,16.16,12.45,1,1
2015-04-13,17.18,17.11,17.28,16.19,12.49,1,1
2015-04-14,17.17,17.12,17.31,16.24,12.53,1,1
2015-04-15,17.19,17.20,17.31,16.30,12.58,-1,1
2015-04-16,17.27,17.28,17.31,16.38,12.62,-1,1
2015-04-17,17.33,17.31,17.30,16.44,12.66,1,1
2015-04-20,17.41,17.33,17.29,16.49,12.70,1,1
2015-04-21,17.46,17.36,17.31,16.55,12.74,1,1
2015-04-22,17.53,17.36,17.34,16.61,12.77,1,1
2015-04-23,17.48,17.32,17.35,16.67,12.81,1,1
2015-04-24,17.33,17.26,17.34,16.73,12.85,1,1
2015-04-27,17.12,17.19,17.30,16.77,12.88,-1,1
2015-04-28,16.84,17.08,17.23,16.80,12.91,-1,1
2015-04-29,16.58,16.99,17.15,16.85,12.94,-1,1
2015-04-30,16.17,16.82,17.04,16.88,12.97,-1,1
2015-05-01,15.86,16.70,16.95,16.91,12.99,-1,1
2015-05-04,15.59,16.54,16.87,16.95,13.01,-1,1
2015-05-05,15.31,16.32,16.78,16.92,13.03,-1,1
2015-05-06,15.12,16.12,16.69,16.91,13.04,-1,1
2015-05-07,15.11,15.98,16.66,16.90,13.06,-1,1
2015-05-08,15.20,15.89,16.64,16.90,13.09,-1,1
2015-05-11,15.47,15.82,16.62,16.91,13.12,-1,1
2015-05-12,15.65,15.76,16.60,16.90,13.15,-1,1
2015-05-13,15.64,15.62,16.54,16.85,13.17,1,1
2015-05-14,15.83,15.57,16.50,16.81,13.20,1,1
2015-05-15,15.91,15.51,16.42,16.77,13.23,1,1
2015-05-18,16.01,15.56,16.38,16.74,13.26,1,1
2015-05-19,15.93,15.56,16.32,16.71,13.28,1,1
2015-05-20,15.76,15.62,16.27,16.69,13.30,1,1
2015-05-21,15.59,15.62,16.21,16.66,13.33,-1,1
2015-05-22,15.63,15.64,16.16,16.63,13.35,-1,1
2015-05-26,15.51,15.67,16.10,16.58,13.38,-1,1
2015-05-27,15.49,15.70,16.03,16.54,13.40,-1,1
2015-05-28,15.42,15.71,15.96,16.49,13.43,-1,1
2015-05-29,15.39,15.66,15.88,16.45,13.46,-1,1
2015-06-01,15.45,15.61,15.83,16.40,13.48,-1,1
2015-06-02,15.53,15.56,15.77,16.36,13.51,-1,1
2015-06-03,15.51,15.57,15.71,16.32,13.54,-1,1
2015-06-04,15.54,15.52,15.64,16.28,13.57,1,1
2015-06-05,15.46,15.48,15.56,16.25,13.59,-1,1
2015-06-08,15.26,15.34,15.48,16.20,13.61,-1,1
2015-06-09,15.11,15.25,15.42,16.14,13.62,-1,1
2015-06-10,15.00,15.22,15.40,16.10,13.65,-1,1
2015-06-11,14.90,15.21,15.38,16.06,13.67,-1,1
2015-06-12,14.86,15.19,15.40,16.02,13.69,-1,1
2015-06-15,14.83,15.18,15.40,15.97,13.71,-1,1
2015-06-16,14.87,15.17,15.40,15.92,13.73,-1,1
2015-06-17,15.09,15.18,15.43,15.89,13.75,-1,1
2015-06-18,15.29,15.20,15.46,15.86,13.77,1,1
2015-06-19,15.44,15.22,15.48,15.85,13.79,1,1
2015-06-22,15.73,15.32,15.50,15.85,13.82,1,1
2015-06-23,15.95,15.41,15.51,15.85,13.84,1,1
2015-06-24,16.13,15.48,15.51,15.82,13.87,1,1
2015-06-25,16.27,15.57,15.54,15.79,13.89,1,1
2015-06-26,16.28,15.69,15.54,15.75,13.91,1,1
2015-06-29,16.18,15.74,15.52,15.70,13.93,1,1
2015-06-30,16.10,15.77,15.50,15.67,13.95,1,1
2015-07-01,15.87,15.80,15.49,15.62,13.97,1,1
2015-07-02,15.63,15.79,15.48,15.58,13.99,-1,1
2015-07-06,15.41,15.77,15.47,15.53,14.01,-1,1
2015-07-07,15.13,15.70,15.42,15.48,14.03,-1,1
2015-07-08,14.80,15.54,15.37,15.43,14.04,-1,1
2015-07-09,14.54,15.36,15.30,15.38,14.05,-1,1
2015-07-10,14.32,15.21,15.24,15.35,14.07,-1,1
2015-07-13,14.11,14.99,15.19,15.33,14.09,-1,1
2015-07-14,13.93,14.78,15.13,15.31,14.11,-1,1
2015-07-15,13.75,14.58,15.06,15.27,14.12,-1,1
2015-07-16,13.67,14.40,14.99,15.25,14.14,-1,1
2015-07-17,13.67,14.23,14.94,15.22,14.16,-1,1
2015-07-20,13.70,14.12,14.89,15.18,14.17,-1,1
2015-07-21,13.66,13.99,14.87,15.13,14.19,-1,1
2015-07-22,13.51,13.81,14.82,15.06,14.21,-1,1
2015-07-23,13.55,13.74,14.79,15.02,14.23,-1,1
2015-07-24,13.58,13.67,14.75,14.99,14.25,-1,1
2015-07-27,13.61,13.64,14.70,14.94,14.27,-1,1
2015-07-28,13.65,13.66,14.66,14.91,14.29,-1,1
2015-07-29,13.67,13.69,14.61,14.86,14.31,-1,1
2015-07-30,13.60,13.63,14.52,14.81,14.34,-1,1
2015-07-31,13.65,13.58,14.43,14.76,14.36,1,1
2015-08-03,13.44,13.50,14.32,14.72,14.37,-1,1
2015-08-04,13.34,13.46,14.19,14.66,14.39,-1,1
2015-08-05,13.35,13.48,14.09,14.64,14.42,-1,1
2015-08-06,13.41,13.53,14.02,14.61,14.44,-1,1
2015-08-07,13.46,13.57,13.95,14.58,14.47,-1,1
2015-08-10,13.72,13.66,13.92,14.57,14.50,1,1
2015-08-11,13.84,13.75,13.89,14.54,14.52,1,1
2015-08-12,14.06,13.75,13.85,14.51,14.55,1,-1
2015-08-13,14.19,13.76,13.80,14.48,14.57,1,-1
2015-08-14,14.19,13.77,13.76,14.45,14.60,1,-1
2015-08-17,14.22,13.81,13.74,14.44,14.62,1,-1
2015-08-18,14.21,13.83,13.74,14.44,14.64,1,-1
2015-08-19,14.06,13.89,13.75,14.42,14.66,1,-1
2015-08-20,13.90,13.87,13.74,14.38,14.68,1,-1
2015-08-21,13.66,13.86,13.69,14.34,14.69,-1,-1
2015-08-24,13.34,13.76,13.62,14.26,14.70,-1,-1
2015-08-25,13.03,13.61,13.55,14.20,14.70,-1,-1
2015-08-26,12.70,13.46,13.50,14.13,14.71,-1,-1
2015-08-27,12.48,13.34,13.46,14.07,14.72,-1,-1
2015-08-28,12.27,13.16,13.42,14.00,14.73,-1,-1
2015-08-31,12.14,13.02,13.37,13.92,14.74,-1,-1
2015-09-01,12.02,12.84,13.31,13.82,14.75,-1,-1
2015-09-02,12.18,12.76,13.31,13.74,14.75,-1,-1
2015-09-03,12.26,12.64,13.25,13.66,14.76,-1,-1
2015-09-04,12.32,12.51,13.20,13.58,14.77,-1,-1
2015-09-08,12.53,12.50,13.21,13.55,14.78,1,-1
2015-09-09,12.71,12.49,13.20,13.51,14.79,1,-1
2015-09-10,13.00,12.57,13.21,13.49,14.80,1,-1
2015-09-11,13.32,12.67,13.25,13.46,14.81,1,-1
2015-09-14,13.46,12.82,13.26,13.43,14.81,1,-1
2015-09-15,13.71,12.99,13.31,13.42,14.82,1,-1
2015-09-16,13.91,13.12,13.34,13.41,14.82,1,-1
2015-09-17,13.91,13.22,13.34,13.42,14.83,1,-1
2015-09-18,13.94,13.33,13.33,13.43,14.83,1,-1
2015-09-21,13.84,13.42,13.30,13.42,14.83,1,-1
2015-09-22,13.74,13.53,13.25,13.41,14.83,1,-1
2015-09-23,13.66,13.56,13.22,13.40,14.83,1,-1
2015-09-24,13.47,13.59,13.17,13.38,14.82,-1,-1
2015-09-25,13.27,13.59,13.12,13.36,14.81,-1,-1
2015-09-28,13.01,13.46,13.06,13.33,14.81,-1,-1
2015-09-29,12.84,13.39,13.00,13.31,14.80,-1,-1
2015-09-30,12.76,13.30,12.97,13.30,14.80,-1,-1
2015-10-01,12.62,13.18,12.92,13.28,14.80,-1,-1
2015-10-02,12.55,13.11,12.91,13.26,14.80,-1,-1
2015-10-05,12.62,13.04,12.93,13.24,14.80,-1,-1
2015-10-06,12.67,12.97,12.97,13.22,14.80,-1,-1
2015-10-07,12.83,12.92,13.02,13.21,14.80,-1,-1
2015-10-08,12.95,12.90,13.06,13.21,14.80,1,-1
2015-10-09,12.99,12.88,13.09,13.21,14.80,1,-1
2015-10-12,13.10,12.86,13.11,13.21,14.81,1,-1
2015-10-13,13.08,12.82,13.13,13.20,14.81,1,-1
2015-10-14,13.01,12.81,13.16,13.20,14.80,1,-1
2015-10-15,13.05,12.86,13.17,13.18,14.80,1,-1
2015-10-16,12.99,12.91,13.19,13.16,14.80,1,-1
2015-10-19,12.91,12.93,13.20,13.13,14.80,-1,-1
2015-10-20,12.98,12.99,13.19,13.11,14.80,-1,-1
2015-10-21,13.06,13.08,13.19,13.10,14.81,-1,-1
2015-10-22,13.22,13.15,13.18,13.09,14.81,1,-1
2015-10-23,13.38,13.19,13.17,13.09,14.82,1,-1
2015-10-26,13.44,13.24,13.17,13.08,14.82,1,-1
2015-10-27,13.52,13.25,13.14,13.06,14.82,1,-1
2015-10-28,13.69,13.30,13.15,13.06,14.82,1,-1
2015-10-29,13.69,13.33,13.14,13.06,14.82,1,-1
2015-10-30,13.65,13.36,13.12,13.06,14.82,1,-1
2015-11-02,13.65,13.44,13.13,13.09,14.83,1,-1
2015-11-03,13.64,13.51,13.15,13.13,14.83,1,-1
2015-11-04,13.68,13.56,13.17,13.17,14.83,1,-1
2015-11-05,13.71,13.61,13.20,13.20,14.82,1,-1
2015-11-06,13.76,13.72,13.26,13.24,14.82,1,-1
2015-11-09,13.83,13.76,13.33,13.28,14.81,1,-1
2015-11-10,13.98,13.82,13.39,13.32,14.81,1,-1
2015-11-11,14.20,13.93,13.47,13.39,14.80,1,-1
2015-11-12,14.39,14.02,13.56,13.44,14.80,1,-1
2015-11-13,14.54,14.11,13.64,13.49,14.80,1,-1
2015-11-16,14.73,14.22,13.69,13.54,14.80,1,-1
2015-11-17,14.86,14.31,13.77,13.56,14.81,1,-1
2015-11-18,15.16,14.50,13.87,13.62,14.82,1,-1
2015-11-19,15.37,14.68,13.96,13.65,14.83,1,-1
2015-11-20,15.48,14.84,14.05,13.69,14.83,1,-1
2015-11-23,15.59,14.99,14.14,13.74,14.84,1,-1
2015-11-24,15.70,15.12,14.25,13.77,14.85,1,-1
2015-11-25,15.88,15.31,14.36,13.81,14.86,1,-1
2015-11-27,15.97,15.42,14.46,13.85,14.87,1,-1
2015-11-30,15.91,15.54,14.55,13.89,14.88,1,-1
2015-12-01,15.91,15.64,14.66,13.94,14.89,1,-1
2015-12-02,15.88,15.68,14.73,13.99,14.90,1,-1
2015-12-03,15.83,15.71,14.79,14.04,14.91,1,-1
2015-12-04,15.85,15.78,14.86,14.10,14.92,1,-1
2015-12-07,15.78,15.83,14.92,14.16,14.92,-1,-1
2015-12-08,15.73,15.85,14.99,14.23,14.92,-1,-1
2015-12-09,15.67,15.79,15.06,14.29,14.92,-1,-1
2015-12-10,15.61,15.76,15.10,14.34,14.92,-1,-1
2015-12-11,15.50,15.69,15.15,14.40,14.91,-1,-1
2015-12-14,15.33,15.58,15.18,14.43,14.90,-1,-1
2015-12-15,15.17,15.51,15.22,14.46,14.88,-1,-1
2015-12-16,15.09,15.44,15.26,14.50,14.87,-1,-1
2015-12-17,15.06,15.40,15.31,14.55,14.86,-1,-1
2015-12-18,14.99,15.33,15.36,14.58,14.85,-1,-1
2015-12-21,14.94,15.28,15.38,14.62,14.84,-1,-1
2015-12-22,14.94,15.22,15.41,14.65,14.83,-1,-1
2015-12-23,15.06,15.19,15.43,14.70,14.82,-1,-1
2015-12-24,15.09,15.13,15.42,14.75,14.81,-1,-1
2015-12-28,15.08,15.08,15.42,14.79,14.80,-1,-1
2015-12-29,15.00,15.03,15.42,14.83,14.78,-1,1
2015-12-30,14.93,14.96,15.40,14.86,14.77,-1,1
2015-12-31,14.77,14.86,15.36,14.87,14.75,-1,1
2016-01-04,14.60,14.77,15.28,14.87,14.73,-1,1
2016-01-05,14.43,14.74,15.21,14.87,14.71,-1,1
2016-01-06,14.17,14.63,15.12,14.86,14.69,-1,1
2016-01-07,13.85,14.46,15.01,14.84,14.66,-1,1
2016-01-08,13.52,14.26,14.91,14.83,14.64,-1,1
2016-01-11,13.28,14.10,14.80,14.80,14.62,-1,1
2016-01-12,13.16,13.97,14.71,14.79,14.60,-1,1
2016-01-13,12.97,13.79,14.59,14.78,14.58,-1,1
2016-01-14,12.61,13.52,14.44,14.73,14.55,-1,1
2016-01-15,12.36,13.26,14.30,14.68,14.52,-1,1
2016-01-19,12.26,13.06,14.18,14.65,14.49,-1,1
2016-01-20,12.11,12.82,14.04,14.60,14.46,-1,1
2016-01-21,11.99,12.63,13.91,14.55,14.44,-1,1
2016-01-22,11.81,12.48,13.79,14.51,14.41,-1,1
2016-01-25,11.74,12.36,13.68,14.46,14.39,-1,1
2016-01-26,11.84,12.22,13.56,14.40,14.36,-1,1
2016-01-27,11.90,12.13,13.45,14.33,14.34,-1,-1
2016-01-28,11.94,12.10,13.39,14.28,14.31,-1,-1
2016-01-29,12.09,12.10,13.32,14.23,14.29,-1,-1
2016-02-01,12.18,12.09,13.23,14.18,14.26,1,-1
2016-02-02,12.22,12.02,13.13,14.10,14.23,1,-1
2016-02-03,12.30,12.02,13.05,14.03,14.21,1,-1
2016-02-04,12.44,12.14,12.97,13.97,14.19,1,-1
2016-02-05,12.52,12.21,12.89,13.90,14.16,1,-1
2016-02-08,12.48,12.21,12.79,13.83,14.14,1,-1
2016-02-09,12.39,12.24,12.69,13.75,14.11,1,-1
2016-02-10,12.24,12.21,12.57,13.66,14.09,1,-1
2016-02-11,12.10,12.16,12.45,13.56,14.07,-1,-1
2016-02-12,11.94,12.12,12.35,13.47,14.05,-1,-1
2016-02-16,11.81,12.12,12.28,13.40,14.03,-1,-1
2016-02-17,11.82,12.17,12.24,13.34,14.02,-1,-1
2016-02-18,11.89,12.19,12.20,13.28,14.01,-1,-1
2016-02-19,11.97,12.18,12.18,13.21,14.00,-1,-1
2016-02-22,12.15,12.19,12.18,13.15,13.99,-1,-1
2016-02-23,12.46,12.28,12.20,13.11,13.97,1,-1
2016-02-24,12.78,12.36,12.23,13.08,13.96,1,-1
2016-02-25,13.03,12.42,12.25,13.05,13.95,1,-1
2016-02-26,13.17,12.50,12.29,13.04,13.93,1,-1
2016-02-29,13.33,12.61,12.37,13.02,13.93,1,-1
2016-03-01,13.48,12.73,12.44,12.99,13.91,1,-1
2016-03-02,13.62,12.88,12.49,12.95,13.90,1,-1
2016-03-03,13.58,13.02,12.54,12.92,13.89,1,-1
2016-03-04,13.57,13.17,12.60,12.89,13.88,1,-1
2016-03-07,13.56,13.29,12.66,12.86,13.87,1,-1
2016-03-08,13.46,13.32,12.69,12.82,13.86,1,-1
2016-03-09,13.41,13.37,12.73,12.78,13.85,1,-1
2016-03-10,13.31,13.39,12.77,12.74,13.84,-1,-1
2016-03-11,13.26,13.44,12.80,12.71,13.83,-1,-1
2016-03-14,13.24,13.41,12.81,12.68,13.81,-1,-1
2016-03-15,13.09,13.33,12.81,12.65,13.80,-1,-1
2016-03-16,12.98,13.27,12.83,12.63,13.78,-1,-1
2016-03-17,12.94,13.20,12.84,12.61,13.77,-1,-1
2016-03-18,12.88,13.14,12.84,12.60,13.76,-1,-1
2016-03-21,12.81,13.06,12.83,12.60,13.74,-1,-1
2016-03-22,12.61,12.93,12.83,12.58,13.73,-1,-1
2016-03-23,12.43,12.83,12.82,12.56,13.71,-1,-1
2016-03-24,12.33,12.71,12.83,12.53,13.70,-1,-1
2016-03-28,12.15,12.56,12.85,12.52,13.69,-1,-1
2016-03-29,12.05,12.49,12.87,12.53,13.67,-1,-1
2016-03-30,12.00,12.44,12.88,12.55,13.66,-1,-1
2016-03-31,11.95,12.38,12.86,12.55,13.64,-1,-1
2016-04-01,11.99,12.30,12.85,12.56,13.63,-1,-1
2016-04-04,12.02,12.23,12.83,12.57,13.61,-1,-1
2016-04-05,12.00,12.17,12.80,12.56,13.59,-1,-1
2016-04-06,12.02,12.09,12.74,12.56,13.57,-1,-1
2016-04-07,11.96,12.01,12.68,12.55,13.54,-1,-1
2016-04-08,11.83,11.91,12.60,12.54,13.51,-1,-1
2016-04-11,11.74,11.84,12.53,12.52,13.49,-1,-1
2016-04-12,11.62,11.80,12.45,12.50,13.46,-1,-1
2016-04-13,11.56,11.79,12.39,12.48,13.44,-1,-1
2016-04-14,11.54,11.77,12.32,12.47,13.42,-1,-1
2016-04-15,11.49,11.75,12.26,12.44,13.40,-1,-1
2016-04-18,11.46,11.71,12.18,12.41,13.38,-1,-1
2016-04-19,11.45,11.64,12.11,12.39,13.37,-1,-1
2016-04-20,11.52,11.63,12.08,12.39,13.35,-1,-1
2016-04-21,11.64,11.63,12.04,12.39,13.34,1,-1
2016-04-22,11.75,11.66,12.02,12.41,13.34,1,-1
2016-04-25,11.84,11.69,11.99,12.43,13.33,1,-1
2016-04-26,11.96,11.72,11.96,12.44,13.32,1,-1
2016-04-27,12.07,11.76,11.95,12.45,13.31,1,-1
2016-04-28,12.16,11.80,11.92,12.44,13.30,1,-1
2016-04-29,12.11,11.82,11.88,12.42,13.29,1,-1
2016-05-02,12.06,11.85,11.85,12.40,13.28,1,-1
2016-05-03,11.93,11.84,11.82,12.38,13.27,1,-1
2016-05-04,11.80,11.82,11.80,12.34,13.26,-1,-1
2016-05-05,11.71,11.84,11.79,12.30,13.25,-1,-1
2016-05-06,11.66,11.86,11.79,12.26,13.25,-1,-1
2016-05-09,11.72,11.94,11.82,12.23,13.24,-1,-1
2016-05-10,11.74,11.93,11.81,12.20,13.23,-1,-1
2016-05-11,11.69,11.87,11.78,12.15,13.22,-1,-1
2016-05-12,11.62,11.77,11.74,12.10,13.20,-1,-1
2016-05-13,11.62,11.71,11.71,12.06,13.19,-1,-1
2016-05-16,11.59,11.65,11.69,12.02,13.18,-1,-1
2016-05-17,11.54,11.60,11.68,11.97,13.17,-1,-1
2016-05-18,11.40,11.56,11.67,11.94,13.17,-1,-1
2016-05-19,11.32,11.53,11.66,11.91,13.16,-1,-1
2016-05-20,11.39,11.54,11.67,11.88,13.15,-1,-1
2016-05-23,11.57,11.59,11.70,11.86,13.14,-1,-1
2016-05-24,11.78,11.70,11.75,11.86,13.13,1,-1
2016-05-25,11.98,11.79,11.79,11.86,13.12,1,-1
2016-05-26,12.17,11.86,11.83,11.86,13.12,1,-1
2016-05-27,12.33,11.86,11.87,11.86,13.11,1,-1
2016-05-31,12.61,11.97,11.93,11.87,13.10,1,-1
2016-06-01,12.86,12.12,12.00,11.89,13.10,1,-1
2016-06-02,12.98,12.28,12.04,11.92,13.10,1,-1
2016-06-03,13.03,12.40,12.07,11.94,13.09,1,-1
2016-06-06,13.04,12.51,12.09,11.96,13.09,1,-1
2016-06-07,13.07,12.62,12.11,11.99,13.09,1,-1
2016-06-08,13.10,12.71,12.13,12.01,13.09,1,-1
2016-06-09,13.03,12.82,12.16,12.01,13.09,1,-1
2016-06-10,12.88,12.87,12.17,12.02,13.10,1,-1
2016-06-13,12.74,12.86,12.19,12.02,13.10,-1,-1
2016-06-14,12.65,12.84,12.21,12.03,13.10,-1,-1
2016-06-15,12.59,12.81,12.24,12.05,13.10,-1,-1
2016-06-16,12.49,12.78,12.27,12.06,13.10,-1,-1
2016-06-17,12.37,12.73,12.29,12.06,13.10,-1,-1
2016-06-20,12.26,12.64,12.30,12.07,13.10,-1,-1
2016-06-21,12.23,12.56,12.29,12.09,13.10,-1,-1
2016-06-22,12.26,12.50,12.31,12.11,13.10,-1,-1
2016-06-23,12.27,12.46,12.35,12.13,13.09,-1,-1
2016-06-24,12.20,12.40,12.38,12.14,13.08,-1,-1
2016-06-27,12.08,12.28,12.38,12.14,13.07,-1,-1
2016-06-28,12.04,12.21,12.39,12.14,13.05,-1,-1
2016-06-29,12.02,12.14,12.41,12.15,13.05,-1,-1
2016-06-30,12.04,12.14,12.44,12.16,13.04,-1,-1
2016-07-01,12.04,12.15,12.48,12.17,13.03,-1,-1
2016-07-05,11.97,12.12,12.48,12.16,13.02,-1,-1
2016-07-06,11.96,12.08,12.47,12.16,13.01,-1,-1
2016-07-07,12.07,12.07,12.45,12.15,13.00,-1,-1
2016-07-08,12.17,12.11,12.44,12.16,13.00,1,-1
2016-07-11,12.29,12.16,12.44,12.17,13.00,1,-1
2016-07-12,12.35,12.20,12.45,12.20,13.00,1,-1
2016-07-13,12.41,12.23,12.43,12.22,13.00,1,-1
2016-07-14,12.57,12.27,12.42,12.25,13.00,1,-1
2016-07-15,12.72,12.34,12.41,12.28,13.01,1,-1
2016-07-18,12.91,12.49,12.42,12.32,13.01,1,-1
2016-07-19,12.94,12.56,12.41,12.34,13.01,1,-1
2016-07-20,12.98,12.64,12.42,12.35,13.01,1,-1
2016-07-21,12.99,12.67,12.42,12.37,13.01,1,-1
2016-07-22,13.00,12.70,12.42,12.40,13.01,1,-1
2016-07-25,13.02,12.80,12.45,12.45,13.01,1,-1
2016-07-26,13.09,12.91,12.49,12.49,13.01,1,-1
2016-07-27,13.08,13.00,12.52,12.53,13.01,1,-1
2016-07-28,13.22,13.08,12.56,12.57,13.02,1,-1
2016-07-29,13.28,13.13,12.60,12.61,13.02,1,-1
2016-08-01,13.42,13.20,12.66,12.66,13.03,1,-1
2016-08-02,13.50,13.25,12.71,12.70,13.03,1,-1
2016-08-03,13.56,13.29,12.76,12.72,13.03,1,-1
2016-08-04,13.82,13.45,12.85,12.78,13.04,1,-1
2016-08-05,14.08,13.58,12.94,12.82,13.05,1,-1
2016-08-08,14.30,13.76,13.05,12.87,13.06,1,-1
2016-08-09,14.54,13.91,13.18,12.92,13.07,1,-1
2016-08-10,14.70,14.06,13.28,12.96,13.07,1,-1
2016-08-11,14.91,14.21,13.39,12.99,13.08,1,-1
2016-08-12,15.10,14.33,13.47,13.02,13.09,1,-1
2016-08-15,15.05,14.44,13.56,13.06,13.09,1,-1
2016-08-16,15.04,14.56,13.66,13.10,13.10,1,-1
2016-08-17,15.02,14.66,13.76,13.15,13.11,1,1
2016-08-18,15.01,14.78,13.87,13.19,13.11,1,1
2016-08-19,15.04,14.87,13.95,13.24,13.12,1,1
2016-08-22,15.08,15.00,14.04,13.29,13.13,1,1
2016-08-23,15.15,15.12,14.12,13.36,13.14,1,1
2016-08-24,15.21,15.13,14.21,13.42,13.14,1,1
2016-08-25,15.24,15.14,14.28,13.47,13.15,1,1
2016-08-26,15.29,15.16,14.36,13.54,13.15,1,1
2016-08-29,15.33,15.17,14.43,13.61,13.15,1,1
2016-08-30,15.39,15.21,14.52,13.67,13.16,1,1
2016-08-31,15.45,15.26,14.61,13.74,13.16,1,1
2016-09-01,15.52,15.34,14.72,13.81,13.16,1,1
2016-09-02,15.61,15.41,14.82,13.88,13.17,1,1
2016-09-06,15.68,15.46,14.90,13.96,13.17,1,1
2016-09-07,15.73,15.51,14.98,14.05,13.16,1,1
2016-09-08,15.77,15.55,15.06,14.13,13.16,1,1
2016-09-09,15.72,15.55,15.11,14.19,13.16,1,1
2016-09-12,15.67,15.56,15.17,14.25,13.16,1,1
2016-09-13,15.52,15.52,15.21,14.30,13.15,-1,1
2016-09-14,15.39,15.50,15.26,14.36,13.15,-1,1
2016-09-15,15.29,15.49,15.31,14.43,13.14,-1,1
2016-09-16,15.21,15.47,15.30,14.49,13.14,-1,1
2016-09-19,15.11,15.44,15.30,14.54,13.14,-1,1
2016-09-20,15.09,15.40,15.29,14.58,13.13,-1,1
2016-09-21,15.07,15.37,15.29,14.63,13.13,-1,1
2016-09-22,15.14,15.33,15.31,14.68,13.13,-1,1
2016-09-23,15.17,15.28,15.32,14.73,13.13,-1,1
2016-09-26,15.15,15.22,15.32,14.77,13.13,-1,1
2016-09-27,15.18,15.20,15.33,14.81,13.13,-1,1
2016-09-28,15.17,15.14,15.33,14.85,13.12,1,1
2016-09-29,15.17,15.13,15.33,14.89,13.13,1,1
2016-09-30,15.16,15.12,15.33,14.94,13.13,1,1
2016-10-03,15.13,15.14,15.33,14.98,13.13,-1,1
2016-10-04,15.17,15.17,15.34,15.03,13.13,-1,1
2016-10-05,15.26,15.20,15.34,15.07,13.14,1,1
2016-10-06,15.37,15.28,15.37,15.13,13.14,1,1
2016-10-07,15.54,15.36,15.40,15.18,13.15,1,1
2016-10-10,15.71,15.44,15.43,15.23,13.15,1,1
2016-10-11,15.82,15.49,15.44,15.27,13.16,1,1
2016-10-12,15.94,15.54,15.46,15.32,13.16,1,1
2016-10-13,15.97,15.57,15.46,15.37,13.17,1,1
2016-10-14,16.00,15.63,15.46,15.38,13.17,1,1
2016-10-17,15.98,15.67,15.46,15.39,13.18,1,1
2016-10-18,15.94,15.74,15.46,15.41,13.19,1,1
2016-10-19,15.90,15.81,15.46,15.42,13.20,1,1
2016-10-20,15.89,15.85,15.47,15.44,13.22,1,1
2016-10-21,15.87,15.90,15.49,15.46,13.23,-1,1
2016-10-24,15.93,15.95,15.52,15.48,13.25,-1,1
2016-10-25,15.94,15.97,15.56,15.50,13.27,-1,1
2016-10-26,15.93,15.95,15.58,15.52,13.28,-1,1
2016-10-27,15.92,15.93,15.60,15.53,13.30,-1,1
2016-10-28,15.89,15.89,15.62,15.54,13.32,-1,1
2016-10-31,15.84,15.87,15.64,15.55,13.34,-1,1
2016-11-01,15.79,15.83,15.66,15.56,13.36,-1,1
2016-11-02,15.68,15.81,15.67,15.56,13.38,-1,1
2016-11-03,15.61,15.78,15.67,15.56,13.39,-1,1
2016-11-04,15.55,15.74,15.67,15.56,13.41,-1,1
2016-11-07,15.55,15.73,15.70,15.57,13.43,-1,1
2016-11-08,15.57,15.73,15.71,15.58,13.45,-1,1
2016-11-09,15.60,15.72,15.74,15.58,13.47,-1,1
2016-11-10,15.60,15.70,15.76,15.58,13.48,-1,1
2016-11-11,15.70,15.69,15.79,15.58,13.50,1,1
2016-11-14,15.86,15.74,15.84,15.59,13.52,1,1
2016-11-15,16.16,15.86,15.90,15.63,13.55,1,1
2016-11-16,16.40,15.97,15.96,15.66,13.57,1,1
2016-11-17,16.74,16.15,16.03,15.71,13.60,1,1
2016-11-18,17.05,16.33,16.09,15.77,13.63,1,1
2016-11-21,17.44,16.52,16.16,15.83,13.66,1,1
2016-11-22,17.76,16.73,16.24,15.90,13.69,1,1
2016-11-23,18.02,16.94,16.32,15.96,13.72,1,1
2016-11-25,18.13,17.14,16.41,16.02,13.76,1,1
2016-11-28,18.21,17.30,16.48,16.08,13.79,1,1
2016-11-29,18.19,17.46,16.55,16.14,13.82,1,1
2016-11-30,18.19,17.62,16.62,16.20,13.85,1,1
2016-12-01,18.10,17.77,16.68,16.25,13.87,1,1
2016-12-02,17.99,17.88,16.73,16.29,13.90,1,1
2016-12-05,17.93,17.98,16.80,16.35,13.93,-1,1
2016-12-06,17.94,18.04,16.88,16.42,13.95,-1,1
2016-12-07,18.02,18.11,16.96,16.48,13.98,-1,1
2016-12-08,18.16,18.18,17.07,16.56,14.00,-1,1
2016-12-09,18.31,18.25,17.18,16.64,14.03,1,1
2016-12-12,18.46,18.28,17.28,16.71,14.05,1,1
2016-12-13,18.66,18.33,17.39,16.79,14.08,1,1
2016-12-14,18.78,18.36,17.50,16.85,14.11,1,1
2016-12-15,18.88,18.41,17.62,16.92,14.14,1,1
2016-12-16,18.94,18.48,17.74,16.98,14.16,1,1
2016-12-19,19.05,18.60,17.89,17.05,14.19,1,1
2016-12-20,19.15,18.73,18.02,17.12,14.23,1,1
2016-12-21,19.29,18.88,18.14,17.20,14.26,1,1
2016-12-22,19.35,19.01,18.27,17.27,14.29,1,1
2016-12-23,19.45,19.12,18.40,17.34,14.32,1,1
2016-12-27,19.52,19.20,18.51,17.41,14.36,1,1
2016-12-28,19.53,19.24,18.60,17.48,14.39,1,1
2016-12-29,19.45,19.25,18.65,17.54,14.42,1,1
2016-12-30,19.35,19.25,18.70,17.61,14.45,1,1
2017-01-03,19.28,19.29,18.74,17.67,14.48,-1,1
2017-01-04,19.28,19.32,18.79,17.74,14.52,-1,1
2017-01-05,19.26,19.35,18.82,17.81,14.56,-1,1
2017-01-06,19.24,19.38,18.86,17.88,14.59,-1,1
2017-01-09,19.32,19.42,18.90,17.95,14.63,-1,1
2017-01-10,19.45,19.45,18.96,18.04,14.68,-1,1
2017-01-11,19.64,19.49,19.04,18.13,14.72,1,1
2017-01-12,19.79,19.54,19.11,18.23,14.76,1,1
2017-01-13,19.93,19.60,19.19,18.32,14.80,1,1
2017-01-17,20.04,19.65,19.28,18.42,14.84,1,1
2017-01-18,20.16,19.70,19.36,18.51,14.88,1,1
2017-01-19,20.22,19.77,19.43,18.61,14.92,1,1
2017-01-20,20.26,19.85,19.50,18.70,14.96,1,1
2017-01-23,20.25,19.94,19.56,18.79,15.01,1,1
2017-01-24,20.33,20.06,19.62,18.89,15.05,1,1
2017-01-25,20.48,20.20,19.70,19.01,15.10,1,1
2017-01-26,20.66,20.35,19.79,19.11,15.15,1,1
2017-01-27,20.83,20.49,19.87,19.21,15.20,1,1
2017-01-30,21.01,20.62,19.95,19.28,15.25,1,1
2017-01-31,21.13,20.70,20.03,19.36,15.30,1,1
2017-02-01,21.32,20.78,20.11,19.43,15.35,1,1
2017-02-02,21.41,20.87,20.17,19.50,15.40,1,1
2017-02-03,21.44,20.96,20.23,19.57,15.45,1,1
2017-02-06,21.52,21.09,20.31,19.64,15.50,1,1
2017-02-07,21.56,21.20,20.39,19.70,15.55,1,1
2017-02-08,21.59,21.30,20.45,19.77,15.59,1,1
2017-02-09,21.71,21.42,20.54,19.85,15.64,1,1
2017-02-10,21.77,21.55,20.64,19.93,15.69,1,1
2017-02-13,21.93,21.67,20.75,20.02,15.75,1,1
2017-02-14,22.00,21.72,20.85,20.11,15.80,1,1
2017-02-15,22.00,21.76,20.94,20.20,15.85,1,1
2017-02-16,22.02,21.79,21.02,20.28,15.90,1,1
2017-02-17,22.18,21.88,21.13,20.36,15.96,1,1
2017-02-21,22.32,22.02,21.26,20.45,16.01,1,1
2017-02-22,22.46,22.12,21.37,20.53,16.07,1,1
2017-02-23,22.52,22.23,21.47,20.61,16.12,1,1
2017-02-24,22.65,22.33,21.56,20.70,16.18,1,1
2017-02-27,22.84,22.42,21.65,20.78,16.24,1,1
2017-02-28,22.98,22.50,21.74,20.86,16.30,1,1
2017-03-01,23.09,22.63,21.85,20.95,16.36,1,1
2017-03-02,23.12,22.72,21.95,21.04,16.42,1,1
2017-03-03,23.13,22.80,22.05,21.10,16.48,1,1
2017-03-06,23.16,22.84,22.14,21.17,16.54,1,1
2017-03-07,23.19,22.92,22.24,21.25,16.59,1,1
2017-03-08,23.20,23.02,22.32,21.32,16.65,1,1
2017-03-09,23.20,23.09,22.37,21.39,16.71,1,1
2017-03-10,23.15,23.12,22.43,21.46,16.76,1,1
2017-03-13,23.11,23.12,22.48,21.54,16.81,-1,1
2017-03-14,23.02,23.08,22.52,21.60,16.86,-1,1
2017-03-15,23.01,23.08,22.58,21.68,16.91,-1,1
2017-03-16,22.93,23.06,22.62,21.76,16.96,-1,1
2017-03-17,22.89,23.04,22.67,21.83,17.00,-1,1
2017-03-20,22.94,23.07,22.72,21.91,17.05,-1,1
2017-03-21,22.89,23.02,22.75,21.97,17.10,-1,1
2017-03-22,22.89,23.00,22.79,22.04,17.15,-1,1
2017-03-23,22.95,22.99,22.84,22.09,17.20,-1,1
2017-03-24,22.95,22.98,22.87,22.15,17.25,-1,1
2017-03-27,22.99,22.96,22.90,22.20,17.30,1,1
2017-03-28,23.03,22.96,22.92,22.26,17.36,1,1
2017-03-29,22.99,22.97,22.95,22.32,17.41,1,1
2017-03-30,23.07,22.98,23.00,22.38,17.47,1,1
2017-03-31,23.08,22.99,23.04,22.44,17.52,1,1
2017-04-03,23.05,23.00,23.04,22.48,17.57,1,1
2017-04-04,22.99,22.97,23.02,22.53,17.63,1,1
2017-04-05,22.88,22.94,23.00,22.56,17.68,-1,1
2017-04-06,22.79,22.91,22.98,22.58,17.73,-1,1
2017-04-07,22.68,22.84,22.96,22.60,17.78,-1,1
2017-04-10,22.50,22.79,22.92,22.61,17.82,-1,1
2017-04-11,22.30,22.69,22.88,22.62,17.87,-1,1
2017-04-12,22.09,22.57,22.81,22.62,17.92,-1,1
2017-04-13,21.83,22.41,22.72,22.60,17.97,-1,1
2017-04-17,21.64,22.26,22.65,22.59,18.01,-1,1
2017-04-18,21.43,22.11,22.58,22.58,18.06,-1,1
2017-04-19,21.28,21.98,22.51,22.57,18.10,-1,1
2017-04-20,21.22,21.86,22.46,22.57,18.15,-1,1
2017-04-21,21.21,21.75,22.41,22.57,18.20,-1,1
2017-04-24,21.34,21.71,22.38,22.57,18.25,-1,1
2017-04-25,21.54,21.69,22.36,22.57,18.30,-1,1
2017-04-26,21.67,21.65,22.34,22.56,18.34,1,1
2017-04-27,21.82,21.62,22.30,22.56,18.39,1,1
2017-04-28,21.86,21.57,22.26,22.55,18.43,1,1
2017-05-01,21.87,21.54,22.22,22.54,18.47,1,1
2017-05-02,21.83,21.52,22.15,22.52,18.52,1,1
2017-05-03,21.71,21.52,22.11,22.48,18.55,1,1
2017-05-04,21.58,21.56,22.05,22.45,18.60,1,1
2017-05-05,21.50,21.58,22.00,22.41,18.64,-1,1
2017-05-08,21.78,21.80,22.03,22.43,18.70,-1,1
2017-05-09,22.23,22.04,22.08,22.46,18.75,1,1
2017-05-10,22.64,22.25,22.13,22.50,18.81,1,1
2017-05-11,23.15,22.49,22.19,22.53,18.87,1,1
2017-05-12,23.63,22.67,22.24,22.55,18.92,1,1
2017-05-15,24.14,22.86,22.30,22.59,18.98,1,1
2017-05-16,24.65,23.08,22.37,22.62,19.04,1,1
2017-05-17,24.64,23.21,22.42,22.64,19.09,1,1
2017-05-18,24.65,23.44,22.50,22.67,19.14,1,1
2017-05-19,24.74,23.69,22.59,22.71,19.20,1,1
2017-05-22,24.79,23.97,22.68,22.76,19.25,1,1
2017-05-23,24.84,24.24,22.78,22.80,19.30,1,1
2017-05-24,24.93,24.53,22.91,22.86,19.35,1,1
2017-05-25,25.03,24.84,23.06,22.91,19.40,1,1
2017-05-26,25.25,24.94,23.21,22.96,19.46,1,1
2017-05-30,25.35,25.00,23.36,23.01,19.51,1,1
2017-05-31,25.37,25.05,23.51,23.05,19.56,1,1
2017-06-01,25.38,25.08,23.64,23.10,19.61,1,1
2017-06-02,25.47,25.16,23.77,23.16,19.67,1,1
2017-06-05,25.45,25.19,23.90,23.21,19.72,1,1
2017-06-06,25.41,25.22,24.01,23.25,19.77,1,1
2017-06-07,25.37,25.31,24.11,23.29,19.82,1,1
2017-06-08,25.37,25.36,24.23,23.34,19.87,1,1
2017-06-09,25.31,25.34,24.32,23.38,19.92,-1,1
2017-06-12,25.17,25.28,24.42,23.40,19.96,-1,1
2017-06-13,25.01,25.24,24.51,23.43,20.01,-1,1
2017-06-14,24.85,25.15,24.61,23.46,20.05,-1,1
2017-06-15,24.65,25.03,24.70,23.48,20.09,-1,1
2017-06-16,24.47,24.92,24.78,23.52,20.14,-1,1
2017-06-19,24.32,24.85,24.88,23.55,20.18,-1,1
2017-06-20,24.16,24.73,24.88,23.58,20.22,-1,1
2017-06-21,24.12,24.64,24.86,23.62,20.26,-1,1
2017-06-22,24.12,24.56,24.85,23.68,20.30,-1,1
2017-06-23,24.19,24.52,24.85,23.75,20.35,-1,1
2017-06-26,24.28,24.47,24.85,23.83,20.39,-1,1
2017-06-27,24.32,24.40,24.83,23.89,20.44,-1,1
2017-06-28,24.36,24.34,24.81,23.96,20.48,1,1
2017-06-29,24.40,24.28,24.82,24.02,20.53,1,1
2017-06-30,24.37,24.24,24.79,24.06,20.57,1,1
2017-07-03,24.24,24.18,24.74,24.11,20.62,1,1
2017-07-05,24.11,24.15,24.69,24.14,20.66,-1,1
2017-07-06,24.01,24.14,24.65,24.17,20.70,-1,1
2017-07-07,24.01,24.17,24.61,24.22,20.75,-1,1
2017-07-10,23.97,24.16,24.57,24.26,20.80,-1,1
2017-07-11,23.99,24.19,24.53,24.32,20.84,-1,1
2017-07-12,24.19,24.28,24.52,24.39,20.89,-1,1
2017-07-13,24.48,24.36,24.53,24.48,20.94,1,1
2017-07-14,24.83,24.47,24.56,24.58,21.00,1,1
2017-07-17,25.21,24.61,24.59,24.68,21.06,1,1
2017-07-18,25.63,24.82,24.65,24.80,21.12,1,1
2017-07-19,26.07,25.02,24.72,24.86,21.18,1,1
2017-07-20,26.52,25.26,24.79,24.92,21.24,1,1
2017-07-21,26.78,25.48,24.85,24.97,21.30,1,1
2017-07-24,26.95,25.72,24.91,25.01,21.35,1,1
2017-07-25,27.04,25.93,25.00,25.05,21.41,1,1
2017-07-26,27.12,26.17,25.09,25.10,21.46,1,1
2017-07-27,27.07,26.35,25.17,25.14,21.51,1,1
2017-07-28,26.95,26.51,25.26,25.19,21.57,1,1
2017-07-31,26.78,26.65,25.33,25.22,21.62,1,1
2017-08-01,26.66,26.72,25.40,25.24,21.67,-1,1
2017-08-02,26.50,26.72,25.46,25.25,21.72,-1,1
2017-08-03,26.14,26.59,25.47,25.24,21.76,-1,1
2017-08-04,25.76,26.44,25.47,25.22,21.80,-1,1
2017-08-07,25.53,26.30,25.48,25.21,21.85,-1,1
2017-08-08,25.38,26.16,25.51,25.21,21.90,-1,1
2017-08-09,25.35,26.06,25.57,25.22,21.95,-1,1
2017-08-10,25.14,25.90,25.58,25.21,21.99,-1,1
2017-08-11,25.01,25.76,25.60,25.20,22.04,-1,1
2017-08-14,25.23,25.69,25.67,25.20,22.09,-1,1
2017-08-15,25.38,25.57,25.73,25.21,22.14,-1,1
2017-08-16,25.42,25.48,25.79,25.21,22.18,-1,1
2017-08-17,25.36,25.37,25.83,25.21,22.23,-1,1
2017-08-18,25.22,25.29,25.85,25.20,22.28,-1,1
2017-08-21,25.46,25.30,25.92,25.23,22.33,1,1
2017-08-22,25.79,25.40,26.02,25.28,22.39,1,1
2017-08-23,26.10,25.66,26.12,25.35,22.46,1,1
2017-08-24,26.44,25.91,26.19,25.43,22.52,1,1
2017-08-25,26.74,26.08,26.24,25.50,22.58,1,1
2017-08-28,27.17,26.27,26.29,25.58,22.64,1,1
2017-08-29,27.62,26.42,26.32,25.66,22.70,1,1
2017-08-30,28.00,26.73,26.37,25.76,22.76,1,1
2017-08-31,28.44,27.11,26.47,25.89,22.83,1,1
2017-09-01,28.71,27.40,26.57,26.00,22.90,1,1
2017-09-05,28.94,27.69,26.66,26.09,22.96,1,1
2017-09-06,29.17,27.96,26.73,26.19,23.01,1,1
2017-09-07,29.31,28.24,26.80,26.28,23.07,1,1
2017-09-08,29.38,28.50,26.86,26.36,23.12,1,1
2017-09-11,29.40,28.70,26.94,26.46,23.17,1,1
2017-09-12,29.22,28.83,27.04,26.57,23.23,1,1
2017-09-13,29.10,28.90,27.13,26.68,23.28,1,1
2017-09-14,29.18,29.06,27.28,26.80,23.34,1,1
2017-09-15,29.30,29.23,27.47,26.93,23.40,1,1
2017-09-18,29.46,29.39,27.66,27.04,23.46,1,1
2017-09-19,29.67,29.53,27.82,27.16,23.52,1,1
2017-09-20,29.73,29.56,27.96,27.27,23.58,1,1
2017-09-21,29.83,29.52,28.08,27.36,23.64,1,1
2017-09-22,29.94,29.52,28.25,27.44,23.70,1,1
2017-09-25,29.78,29.48,28.40,27.50,23.75,1,1
2017-09-26,29.76,29.53,28.53,27.56,23.81,1,1
2017-09-27,29.82,29.64,28.70,27.63,23.86,1,1
2017-09-28,29.92,29.80,28.87,27.70,23.92,1,1
2017-09-29,30.09,29.91,29.06,27.77,23.98,1,1
2017-10-02,30.36,30.09,29.28,27.86,24.05,1,1
2017-10-03,30.53,30.24,29.44,27.94,24.11,1,1
2017-10-04,30.86,30.32,29.58,28.03,24.17,1,1
2017-10-05,31.07,30.42,29.69,28.12,24.23,1,1
2017-10-06,31.15,30.49,29.80,28.20,24.28,1,1
2017-10-09,31.27,30.60,29.93,28.30,24.34,1,1
2017-10-10,31.36,30.72,30.04,28.41,24.40,1,1
2017-10-11,31.31,30.84,30.14,28.51,24.46,1,1
2017-10-12,31.29,30.91,30.21,28.61,24.52,1,1
2017-10-13,31.25,31.06,30.24,28.75,24.58,1,1
2017-10-16,31.22,31.14,30.27,28.88,24.64,1,1
2017-10-17,31.28,31.22,30.34,29.01,24.70,1,1
2017-10-18,31.30,31.28,30.43,29.13,24.76,1,1
2017-10-19,31.28,31.32,30.50,29.24,24.82,-1,1
2017-10-20,31.32,31.32,30.60,29.37,24.88,-1,1
2017-10-23,31.38,31.34,30.67,29.51,24.94,1,1
2017-10-24,31.59,31.42,30.79,29.64,25.01,1,1
2017-10-25,31.76,31.49,30.89,29.77,25.07,1,1
2017-10-26,31.88,31.58,30.97,29.91,25.13,1,1
2017-10-27,32.00,31.65,31.06,30.06,25.19,1,1
2017-10-30,32.18,31.73,31.13,30.21,25.25,1,1
2017-10-31,32.40,31.86,31.23,30.34,25.32,1,1
2017-11-01,32.59,31.99,31.34,30.46,25.38,1,1
2017-11-02,32.57,32.08,31.43,30.54,25.44,1,1
2017-11-03,32.60,32.18,31.51,30.63,25.50,1,1
2017-11-06,32.70,32.29,31.65,30.75,25.57,1,1
2017-11-07,32.64,32.32,31.73,30.83,25.62,1,1
2017-11-08,32.84,32.51,31.84,30.94,25.68,1,1
2017-11-09,32.87,32.63,31.92,31.03,25.74,1,1
2017-11-10,32.97,32.78,32.01,31.09,25.80,1,1
2017-11-13,33.18,32.88,32.09,31.17,25.87,1,1
2017-11-14,33.39,33.00,32.18,31.26,25.93,1,1
2017-11-15,33.52,33.11,32.27,31.35,25.99,1,1
2017-11-16,33.89,33.27,32.39,31.47,26.06,1,1
2017-11-17,34.00,33.42,32.50,31.59,26.12,1,1
2017-11-20,34.18,33.53,32.60,31.70,26.19,1,1
2017-11-21,34.44,33.70,32.73,31.82,26.25,1,1
2017-11-22,34.62,33.90,32.86,31.94,26.32,1,1
2017-11-24,34.84,34.12,33.01,32.05,26.39,1,1
2017-11-27,35.01,34.27,33.15,32.15,26.46,1,1
2017-11-28,35.07,34.48,33.29,32.26,26.52,1,1
2017-11-29,35.05,34.52,33.38,32.34,26.58,1,1
2017-11-30,35.15,34.67,33.50,32.46,26.65,1,1
2017-12-01,35.09,34.77,33.62,32.56,26.71,1,1
2017-12-04,34.97,34.79,33.71,32.65,26.77,1,1
2017-12-05,34.79,34.81,33.80,32.75,26.83,-1,1
2017-12-06,34.52,34.77,33.83,32.82,26.88,-1,1
2017-12-07,34.27,34.67,33.87,32.88,26.93,-1,1
2017-12-08,34.09,34.57,33.90,32.93,26.98,-1,1
2017-12-11,33.83,34.49,33.92,32.98,27.03,-1,1
2017-12-12,33.58,34.34,33.95,33.01,27.08,-1,1
2017-12-13,33.43,34.20,33.95,33.05,27.13,-1,1
2017-12-14,33.33,34.06,33.98,33.10,27.18,-1,1
2017-12-15,33.38,33.95,34.02,33.14,27.24,-1,1
2017-12-18,33.51,33.89,34.08,33.21,27.29,-1,1
2017-12-19,33.59,33.84,34.11,33.25,27.35,-1,1
2017-12-20,33.72,33.77,34.18,33.31,27.40,-1,1
2017-12-21,33.85,33.71,34.18,33.37,27.46,1,1
2017-12-22,33.97,33.70,34.21,33.43,27.51,1,1
2017-12-26,34.04,33.69,34.23,33.49,27.57,1,1
2017-12-27,34.12,33.75,34.24,33.55,27.63,1,1
2017-12-28,34.12,33.81,34.25,33.60,27.68,1,1
2017-12-29,34.15,33.87,34.25,33.65,27.74,1,1
2018-01-02,34.19,33.95,34.24,33.72,27.80,1,1
2018-01-03,34.36,34.10,34.27,33.79,27.86,1,1
2018-01-04,34.52,34.25,34.29,33.87,27.92,1,1
2018-01-05,34.76,34.40,34.30,33.93,27.98,1,1
2018-01-08,35.00,34.56,34.33,34.01,28.05,1,1
2018-01-09,35.18,34.65,34.33,34.07,28.11,1,1
2018-01-10,35.29,34.72,34.32,34.11,28.17,1,1
2018-01-11,35.33,34.76,34.30,34.16,28.23,1,1
2018-01-12,35.28,34.82,34.32,34.20,28.29,1,1
2018-01-16,35.06,34.79,34.27,34.21,28.34,1,1
2018-01-17,34.83,34.80,34.24,34.25,28.39,1,1
2018-01-18,34.55,34.78,34.23,34.28,28.45,-1,1
2018-01-19,34.30,34.74,34.22,34.29,28.51,-1,1
2018-01-22,34.21,34.75,34.25,34.33,28.56,-1,1
2018-01-23,34.16,34.74,34.28,34.34,28.62,-1,1
2018-01-24,33.98,34.63,34.29,34.35,28.68,-1,1
2018-01-25,34.00,34.53,34.31,34.36,28.74,-1,1
2018-01-26,34.10,34.47,34.36,34.38,28.81,-1,1
2018-01-29,34.25,34.40,34.42,34.40,28.88,-1,1
2018-01-30,34.41,34.36,34.47,34.42,28.95,1,1
2018-01-31,34.48,34.35,34.50,34.41,29.01,1,1
2018-02-01,34.35,34.25,34.47,34.39,29.08,1,1
2018-02-02,34.13,34.06,34.42,34.34,29.13,1,1
2018-02-05,33.80,33.90,34.33,34.27,29.18,-1,1
2018-02-06,33.48,33.79,34.28,34.22,29.24,-1,1
2018-02-07,33.04,33.65,34.21,34.15,29.28,-1,1
2018-02-08,32.56,33.48,34.12,34.07,29.33,-1,1
2018-02-09,32.12,33.30,34.04,34.00,29.38,-1,1
2018-02-12,31.97,33.16,33.97,33.96,29.43,-1,1
2018-02-13,31.99,33.06,33.92,33.90,29.49,-1,1
2018-02-14,32.13,32.96,33.85,33.85,29.54,-1,1
2018-02-15,32.24,32.86,33.78,33.84,29.60,-1,1
2018-02-16,32.43,32.73,33.72,33.82,29.66,-1,1
2018-02-20,32.76,32.66,33.66,33.83,29.72,1,1
2018-02-21,33.03,32.58,33.58,33.83,29.78,1,1
2018-02-22,32.71,32.34,33.40,33.77,29.81,1,1
2018-02-23,32.36,32.18,33.24,33.70,29.84,1,1
2018-02-26,32.07,32.10,33.09,33.64,29.87,-1,1
2018-02-27,31.52,31.88,32.90,33.57,29.89,-1,1
2018-02-28,30.91,31.67,32.75,33.48,29.91,-1,1
2018-03-01,30.13,31.45,32.56,33.37,29.93,-1,1
2018-03-02,29.51,31.27,32.40,33.27,29.95,-1,1
2018-03-05,29.39,31.05,32.25,33.18,29.98,-1,1
2018-03-06,29.35,30.86,32.10,33.09,30.01,-1,1
2018-03-07,29.17,30.62,31.92,32.99,30.02,-1,1
2018-03-08,29.07,30.30,31.76,32.88,30.04,-1,1
2018-03-09,29.18,30.04,31.62,32.80,30.07,-1,1
2018-03-12,29.40,29.76,31.46,32.71,30.09,-1,1
2018-03-13,29.43,29.47,31.28,32.61,30.11,-1,1
2018-03-14,29.45,29.42,31.10,32.52,30.13,1,1
2018-03-15,29.48,29.41,30.93,32.43,30.15,1,1
2018-03-16,29.62,29.39,30.82,32.32,30.17,1,1
2018-03-19,29.74,29.41,30.74,32.21,30.20,1,1
2018-03-20,29.78,29.48,30.69,32.10,30.22,1,1
2018-03-21,29.76,29.58,30.59,31.98,30.24,1,1
2018-03-22,29.64,29.53,30.48,31.84,30.26,1,1
2018-03-23,29.47,29.46,30.37,31.71,30.27,1,1
2018-03-26,29.31,29.40,30.28,31.58,30.29,-1,1
2018-03-27,28.91,29.26,30.10,31.43,30.30,-1,1
2018-03-28,28.46,29.10,29.91,31.29,30.31,-1,1
2018-03-29,28.03,28.90,29.73,31.15,30.32,-1,1
2018-04-02,27.59,28.67,29.51,31.00,30.34,-1,1
2018-04-03,27.39,28.51,29.31,30.87,30.35,-1,1
2018-04-04,27.22,28.34,29.08,30.73,30.37,-1,1
2018-04-05,27.01,28.16,28.87,30.58,30.38,-1,1
2018-04-06,26.92,27.91,28.75,30.44,30.40,-1,1
2018-04-09,26.97,27.72,28.65,30.30,30.41,-1,-1
2018-04-10,27.09,27.56,28.56,30.16,30.43,-1,-1
2018-04-11,27.26,27.42,28.51,30.02,30.44,-1,-1
2018-04-12,27.49,27.44,28.51,29.90,30.46,1,-1
2018-04-13,27.68,27.45,28.51,29.77,30.49,1,-1
2018-04-16,27.89,27.45,28.49,29.68,30.51,1,-1
2018-04-17,28.25,27.58,28.49,29.62,30.53,1,-1
2018-04-18,28.57,27.77,28.47,29.57,30.56,1,-1
2018-04-19,28.45,27.77,28.40,29.46,30.57,1,-1
2018-04-20,28.25,27.75,28.32,29.35,30.59,1,-1
2018-04-23,27.82,27.66,28.19,29.24,30.60,1,-1
2018-04-24,27.37,27.53,28.04,29.11,30.60,-1,-1
2018-04-25,26.88,27.39,27.90,28.97,30.61,-1,-1
2018-04-26,26.47,27.36,27.79,28.84,30.62,-1,-1
2018-04-27,26.00,27.28,27.66,28.71,30.62,-1,-1
2018-04-30,25.85,27.15,27.52,28.56,30.62,-1,-1
2018-05-01,25.85,27.05,27.41,28.43,30.62,-1,-1
2018-05-02,25.98,26.90,27.31,28.29,30.62,-1,-1
2018-05-03,26.18,26.77,27.20,28.15,30.62,-1,-1
2018-05-04,26.50,26.69,27.17,28.10,30.62,-1,-1
2018-05-07,26.33,26.40,27.06,28.00,30.61,-1,-1
2018-05-08,26.07,26.04,26.90,27.87,30.60,1,-1
2018-05-09,25.87,25.86,26.81,27.77,30.58,1,-1
2018-05-10,25.70,25.78,26.77,27.70,30.58,-1,-1
2018-05-11,25.48,25.73,26.71,27.64,30.57,-1,-1
2018-05-14,25.24,25.71,26.65,27.55,30.56,-1,-1
2018-05-15,24.85,25.68,26.58,27.46,30.55,-1,-1
2018-05-16,24.83,25.58,26.50,27.37,30.54,-1,-1
2018-05-17,24.93,25.50,26.42,27.28,30.54,-1,-1
2018-05-18,24.94,25.40,26.35,27.20,30.53,-1,-1
2018-05-21,24.87,25.29,26.28,27.10,30.53,-1,-1
2018-05-22,24.86,25.17,26.19,27.00,30.54,-1,-1
2018-05-23,24.85,25.04,26.09,26.91,30.53,-1,-1
2018-05-24,24.90,24.88,25.97,26.83,30.53,1,-1
2018-05-25,24.99,24.91,25.87,26.74,30.53,1,-1
2018-05-29,25.09,25.01,25.76,26.65,30.53,1,-1
2018-05-30,25.28,25.11,25.66,26.57,30.54,1,-1
2018-05-31,25.43,25.15,25.55,26.49,30.54,1,-1
2018-06-01,25.60,25.23,25.53,26.42,30.54,1,-1
2018-06-04,25.79,25.32,25.52,26.37,30.55,1,-1
2018-06-05,25.93,25.42,25.53,26.33,30.55,1,-1
2018-06-06,26.02,25.50,25.55,26.28,30.56,1,-1
2018-06-07,26.01,25.55,25.56,26.24,30.55,1,-1
2018-06-08,25.92,25.60,25.53,26.21,30.54,1,-1
2018-06-11,25.80,25.62,25.50,26.18,30.53,1,-1
2018-06-12,25.57,25.59,25.46,26.14,30.51,-1,-1
2018-06-13,25.33,25.56,25.40,26.08,30.50,-1,-1
2018-06-14,25.03,25.48,25.31,26.02,30.48,-1,-1
2018-06-15,24.71,25.37,25.21,25.96,30.46,-1,-1
2018-06-18,24.34,25.18,25.06,25.88,30.43,-1,-1
2018-06-19,23.91,24.92,24.97,25.79,30.39,-1,-1
2018-06-20,23.53,24.67,24.91,25.68,30.35,-1,-1
2018-06-21,23.18,24.37,24.83,25.56,30.31,-1,-1
2018-06-22,22.92,24.13,24.75,25.44,30.28,-1,-1
2018-06-25,22.67,23.85,24.65,25.32,30.24,-1,-1
2018-06-26,22.51,23.61,24.58,25.20,30.22,-1,-1
2018-06-27,22.39,23.37,24.48,25.06,30.18,-1,-1
2018-06-28,22.36,23.14,24.39,24.92,30.15,-1,-1
2018-06-29,22.30,22.92,24.30,24.82,30.11,-1,-1
2018-07-02,22.26,22.72,24.21,24.73,30.07,-1,-1
2018-07-03,22.07,22.50,24.09,24.64,30.03,-1,-1
2018-07-05,22.06,22.37,24.00,24.58,29.99,-1,-1
2018-07-06,22.02,22.26,23.92,24.52,29.95,-1,-1
2018-07-09,22.04,22.22,23.82,24.44,29.91,-1,-1
2018-07-10,22.11,22.24,23.72,24.37,29.88,-1,-1
2018-07-11,22.09,22.20,23.60,24.29,29.83,-1,-1
2018-07-12,22.09,22.17,23.46,24.20,29.80,-1,-1
2018-07-13,22.08,22.08,23.31,24.09,29.76,-1,-1
2018-07-16,21.97,22.02,23.15,23.99,29.71,-1,-1
2018-07-17,21.89,21.95,23.00,23.87,29.67,-1,-1
2018-07-18,21.91,21.98,22.88,23.82,29.62,-1,-1
2018-07-19,21.93,22.02,22.76,23.79,29.58,-1,-1
2018-07-20,22.07,22.08,22.68,23.76,29.54,-1,-1
2018-07-23,22.24,22.16,22.60,23.71,29.50,1,-1
2018-07-24,22.46,22.27,22.53,23.67,29.46,1,-1
2018-07-25,22.70,22.34,22.48,23.63,29.42,1,-1
2018-07-26,22.42,22.16,22.32,23.53,29.36,1,-1
2018-07-27,22.10,22.01,22.20,23.44,29.30,1,-1
2018-07-30,21.80,21.86,22.08,23.36,29.25,-1,-1
2018-07-31,21.49,21.78,22.01,23.28,29.20,-1,-1
2018-08-01,21.13,21.68,21.95,23.19,29.14,-1,-1
2018-08-02,20.77,21.61,21.89,23.10,29.09,-1,-1
2018-08-03,20.36,21.53,21.83,23.01,29.03,-1,-1
2018-08-06,20.47,21.44,21.75,22.91,28.98,-1,-1
2018-08-07,20.51,21.31,21.69,22.82,28.92,-1,-1
2018-08-08,20.54,21.17,21.63,22.72,28.87,-1,-1
2018-08-09,20.51,21.00,21.57,22.61,28.82,-1,-1
2018-08-10,20.45,20.79,21.51,22.49,28.75,-1,-1
2018-08-13,20.41,20.59,21.44,22.37,28.69,-1,-1
2018-08-14,20.39,20.38,21.39,22.25,28.63,1,-1
2018-08-15,20.27,20.37,21.33,22.12,28.57,-1,-1
2018-08-16,20.15,20.33,21.25,21.99,28.50,-1,-1
2018-08-17,20.04,20.29,21.16,21.88,28.44,-1,-1
2018-08-20,19.96,20.23,21.08,21.77,28.37,-1,-1
2018-08-21,20.01,20.23,21.02,21.68,28.31,-1,-1
2018-08-22,20.05,20.23,20.97,21.60,28.25,-1,-1
2018-08-23,20.06,20.23,20.92,21.51,28.19,-1,-1
2018-08-24,20.23,20.25,20.90,21.45,28.13,-1,-1
2018-08-27,20.46,20.30,20.89,21.40,28.07,1,-1
2018-08-28,20.76,20.40,20.90,21.38,28.01,1,-1
2018-08-29,21.01,20.48,20.87,21.37,27.95,1,-1
2018-08-30,21.16,20.59,20.84,21.35,27.89,1,-1
2018-08-31,21.35,20.70,20.80,21.34,27.83,1,-1
2018-09-04,21.63,20.84,20.78,21.33,27.77,1,-1
2018-09-05,21.77,21.00,20.74,21.32,27.71,1,-1
2018-09-06,21.75,21.10,20.67,21.29,27.64,1,-1
2018-09-07,21.61,21.18,20.71,21.27,27.57,1,-1
2018-09-10,21.49,21.25,20.73,21.25,27.50,1,-1
2018-09-11,21.40,21.28,20.74,21.22,27.43,1,-1
2018-09-12,21.30,21.33,20.76,21.21,27.36,-1,-1
2018-09-13,21.15,21.39,20.78,21.20,27.29,-1,-1
2018-09-14,21.07,21.42,20.81,21.18,27.22,-1,-1
2018-09-17,21.15,21.45,20.86,21.17,27.15,-1,-1
2018-09-18,21.30,21.45,20.91,21.17,27.09,-1,-1
2018-09-19,21.47,21.48,20.95,21.16,27.02,-1,-1
2018-09-20,21.68,21.54,21.01,21.17,26.96,1,-1
2018-09-21,21.87,21.59,21.08,21.18,26.91,1,-1
2018-09-24,22.07,21.61,21.16,21.20,26.85,1,-1
2018-09-25,22.19,21.63,21.23,21.21,26.80,1,-1
2018-09-26,22.24,21.70,21.29,21.22,26.74,1,-1
2018-09-27,22.25,21.78,21.37,21.21,26.68,1,-1
2018-09-28,22.22,21.84,21.44,21.20,26.63,1,-1
2018-10-01,22.09,21.89,21.49,21.17,26.57,1,-1
2018-10-02,21.99,21.93,21.55,21.15,26.51,1,-1
2018-10-03,21.93,22.00,21.61,21.13,26.45,-1,-1
2018-10-04,21.80,21.99,21.63,21.09,26.39,-1,-1
2018-10-05,21.56,21.90,21.64,21.10,26.32,-1,-1
2018-10-08,21.26,21.76,21.61,21.10,26.25,-1,-1
2018-10-09,21.17,21.70,21.60,21.11,26.18,-1,-1
2018-10-10,20.97,21.53,21.54,21.10,26.11,-1,-1
2018-10-11,20.78,21.39,21.50,21.10,26.04,-1,-1
2018-10-12,20.55,21.24,21.46,21.09,25.98,-1,-1
2018-10-15,20.36,21.08,21.40,21.09,25.90,-1,-1
2018-10-16,20.33,20.94,21.34,21.08,25.84,-1,-1
2018-10-17,20.34,20.80,21.28,21.07,25.76,-1,-1
2018-10-18,20.15,20.66,21.23,21.05,25.69,-1,-1
2018-10-19,20.06,20.51,21.18,21.03,25.61,-1,-1
2018-10-22,19.93,20.35,21.13,21.02,25.53,-1,-1
2018-10-23,19.72,20.13,21.07,21.00,25.44,-1,-1
2018-10-24,19.36,19.86,20.95,20.94,25.35,-1,-1
2018-10-25,19.05,19.69,20.85,20.91,25.27,-1,-1
2018-10-26,18.71,19.53,20.73,20.87,25.18,-1,-1
2018-10-29,17.88,19.02,20.47,20.75,25.08,-1,-1
2018-10-30,17.24,18.65,20.23,20.65,24.98,-1,-1
2018-10-31,16.70,18.31,20.02,20.56,24.89,-1,-1
2018-11-01,16.34,18.03,19.82,20.48,24.80,-1,-1
2018-11-02,16.19,17.77,19.62,20.40,24.72,-1,-1
2018-11-05,15.86,17.45,19.40,20.30,24.62,-1,-1
2018-11-06,15.55,17.13,19.18,20.18,24.53,-1,-1
2018-11-07,15.81,16.85,18.97,20.06,24.44,-1,-1
2018-11-08,15.89,16.56,18.74,19.94,24.35,-1,-1
2018-11-09,15.83,16.26,18.53,19.81,24.25,-1,-1
2018-11-12,15.53,15.94,18.29,19.66,24.15,-1,-1
2018-11-13,15.32,15.76,18.06,19.52,24.05,-1,-1
2018-11-14,15.18,15.52,17.82,19.38,23.95,-1,-1
2018-11-15,15.10,15.32,17.61,19.25,23.86,-1,-1
2018-11-16,14.96,15.38,17.42,19.13,23.77,-1,-1
2018-11-19,14.80,15.34,17.24,19.00,23.68,-1,-1
2018-11-20,14.67,15.25,17.01,18.87,23.59,-1,-1
2018-11-21,14.74,15.14,16.84,18.74,23.51,-1,-1
2018-11-23,14.70,15.01,16.65,18.61,23.42,-1,-1
2018-11-26,14.71,14.95,16.46,18.48,23.34,-1,-1
2018-11-27,14.73,14.91,16.30,18.35,23.25,-1,-1
2018-11-28,14.86,14.91,16.15,18.23,23.17,-1,-1
2018-11-29,15.05,14.92,16.00,18.10,23.09,1,-1
2018-11-30,15.24,14.96,15.87,17.97,23.00,1,-1
2018-12-03,15.48,15.11,15.77,17.85,22.91,1,-1
2018-12-04,15.66,15.18,15.65,17.72,22.82,1,-1
2018-12-06,15.78,15.25,15.54,17.59,22.74,1,-1
2018-12-07,15.87,15.30,15.49,17.46,22.66,1,-1
2018-12-10,15.83,15.34,15.40,17.33,22.59,1,-1
2018-12-11,15.78,15.41,15.32,17.20,22.52,1,-1
2018-12-12,15.74,15.49,15.37,17.08,22.45,1,-1
2018-12-13,15.53,15.50,15.37,16.94,22.38,1,-1
2018-12-14,15.40,15.53,15.35,16.80,22.31,-1,-1
2018-12-17,15.22,15.50,15.28,16.67,22.24,-1,-1
2018-12-18,15.06,15.47,15.22,16.55,22.16,-1,-1
2018-12-19,14.89,15.36,15.17,16.43,22.08,-1,-1
2018-12-20,14.74,15.26,15.13,16.30,22.01,-1,-1
2018-12-21,14.55,15.14,15.07,16.18,21.94,-1,-1
2018-12-24,14.34,14.94,15.01,16.04,21.86,-1,-1
2018-12-26,14.28,14.84,14.98,15.93,21.78,-1,-1
2018-12-27,14.28,14.75,14.99,15.82,21.71,-1,-1
2018-12-28,14.33,14.69,14.99,15.71,21.63,-1,-1
2018-12-31,14.40,14.65,14.99,15.60,21.56,-1,-1
2019-01-02,14.48,14.61,14.98,15.51,21.48,-1,-1
2019-01-03,14.47,14.51,14.96,15.40,21.40,-1,-1
2019-01-04,14.60,14.47,14.96,15.30,21.33,1,-1
2019-01-07,14.60,14.44,14.97,15.21,21.25,1,-1
2019-01-08,14.60,14.44,14.96,15.15,21.18,1,-1
2019-01-09,14.54,14.43,14.95,15.08,21.11,1,-1
2019-01-10,14.55,14.48,14.95,15.02,21.04,1,-1
2019-01-11,14.56,14.52,14.94,15.04,20.98,1,-1
2019-01-14,14.65,14.56,14.91,15.03,20.92,1,-1
2019-01-15,14.65,14.62,14.87,15.01,20.86,1,-1
2019-01-16,14.63,14.62,14.82,14.97,20.80,1,-1
2019-01-17,14.57,14.58,14.75,14.92,20.73,-1,-1
2019-01-18,14.51,14.53,14.69,14.89,20.67,-1,-1
2019-01-22,14.38,14.46,14.62,14.86,20.60,-1,-1
2019-01-23,14.24,14.40,14.57,14.82,20.54,-1,-1
2019-01-24,14.22,14.43,14.53,14.80,20.47,-1,-1
2019-01-25,14.25,14.45,14.51,14.79,20.41,-1,-1
2019-01-28,14.29,14.46,14.49,14.80,20.34,-1,-1
2019-01-29,14.34,14.46,14.47,14.79,20.27,-1,-1
2019-01-30,14.44,14.47,14.46,14.79,20.20,-1,-1
2019-01-31,14.58,14.48,14.47,14.78,20.13,1,-1
2019-02-01,14.69,14.46,14.48,14.78,20.06,1,-1
2019-02-04,14.70,14.46,14.49,14.79,19.99,1,-1
2019-02-05,14.71,14.48,14.51,14.79,19.93,1,-1
2019-02-06,14.86,14.58,14.56,14.81,19.87,1,-1
2019-02-07,15.03,14.69,14.63,14.83,19.82,1,-1
2019-02-08,15.15,14.79,14.67,14.85,19.77,1,-1
2019-02-11,15.26,14.92,14.70,14.86,19.73,1,-1
2019-02-12,15.47,15.08,14.74,14.87,19.68,1,-1
2019-02-13,15.66,15.18,14.78,14.87,19.63,1,-1
2019-02-14,15.83,15.27,14.82,14.88,19.58,1,-1
2019-02-15,15.89,15.38,14.89,14.87,19.52,1,-1
2019-02-19,16.25,15.64,15.02,14.92,19.48,1,-1
2019-02-20,16.65,15.90,15.14,14.97,19.44,1,-1
2019-02-21,17.03,16.14,15.27,15.02,19.39,1,-1
2019-02-22,17.39,16.43,15.41,15.09,19.36,1,-1
2019-02-25,17.77,16.71,15.53,15.15,19.34,1,-1
2019-02-26,18.11,16.97,15.65,15.21,19.30,1,-1
2019-02-27,18.44,17.16,15.78,15.28,19.27,1,-1
2019-02-28,18.40,17.32,15.89,15.34,19.23,1,-1
2019-03-01,18.35,17.50,16.01,15.41,19.20,1,-1
2019-03-04,18.26,17.65,16.13,15.47,19.16,1,-1
2019-03-05,18.09,17.74,16.24,15.53,19.13,1,-1
2019-03-06,17.84,17.81,16.34,15.59,19.09,1,-1
2019-03-07,17.56,17.83,16.42,15.63,19.05,-1,-1
2019-03-08,17.29,17.86,16.49,15.69,19.00,-1,-1
2019-03-11,17.17,17.78,16.57,15.74,18.97,-1,-1
2019-03-12,17.00,17.68,16.64,15.79,18.92,-1,-1
2019-03-13,16.88,17.57,16.72,15.83,18.88,-1,-1
2019-03-14,16.75,17.42,16.78,15.86,18.84,-1,-1
2019-03-15,16.68,17.26,16.83,15.89,18.79,-1,-1
2019-03-18,16.72,17.14,16.90,15.95,18.75,-1,-1
2019-03-19,16.77,17.03,16.98,16.00,18.70,-1,-1
2019-03-20,16.69,16.93,17.03,16.03,18.65,-1,-1
2019-03-21,16.70,16.85,17.07,16.08,18.61,-1,-1
2019-03-22,16.68,16.78,17.11,16.13,18.56,-1,-1
2019-03-25,16.68,16.72,17.14,16.16,18.51,-1,-1
2019-03-26,16.78,16.73,17.19,16.20,18.47,1,-1
2019-03-27,16.81,16.77,17.21,16.25,18.43,1,-1
2019-03-28,16.73,16.75,17.23,16.29,18.38,-1,-1
2019-03-29,16.74,16.72,17.25,16.33,18.34,1,-1
2019-04-01,16.76,16.73,17.28,16.39,18.31,1,-1
2019-04-02,16.84,16.76,17.25,16.45,18.27,1,-1
2019-04-03,17.03,16.85,17.23,16.53,18.24,1,-1
2019-04-04,17.15,16.96,17.22,16.61,18.22,1,-1
2019-04-05,17.30,17.06,17.19,16.68,18.20,1,-1
2019-04-08,17.53,17.13,17.17,16.74,18.17,1,-1
2019-04-09,17.70,17.22,17.15,16.81,18.15,1,-1
2019-04-10,17.82,17.29,17.13,16.88,18.13,1,-1
2019-04-11,17.87,17.36,17.12,16.93,18.11,1,-1
2019-04-12,17.90,17.46,17.12,17.00,18.08,1,-1
2019-04-15,17.91,17.53,17.13,17.06,18.06,1,-1
2019-04-16,17.92,17.61,17.15,17.13,18.04,1,-1
2019-04-17,17.92,17.72,17.19,17.19,18.02,1,-1
2019-04-18,17.90,17.80,17.23,17.23,18.00,1,-1
2019-04-22,17.83,17.82,17.26,17.27,17.98,1,-1
2019-04-23,17.83,17.85,17.28,17.31,17.96,-1,-1
2019-04-24,17.84,17.87,17.32,17.36,17.94,-1,-1
2019-04-25,17.79,17.85,17.35,17.39,17.91,-1,-1
2019-04-26,17.74,17.83,17.38,17.42,17.89,-1,-1
2019-04-29,17.76,17.84,17.44,17.46,17.87,-1,-1
2019-04-30,17.81,17.85,17.48,17.50,17.85,-1,-1
2019-05-01,17.92,17.88,17.53,17.50,17.83,1,-1
2019-05-02,18.02,17.92,17.59,17.50,17.82,1,-1
2019-05-03,18.12,17.98,17.65,17.51,17.80,1,-1
2019-05-06,18.23,18.01,17.71,17.51,17.78,1,-1
2019-05-07,18.31,18.02,17.76,17.50,17.76,1,-1
2019-05-08,18.33,18.05,17.80,17.50,17.74,1,-1
2019-05-09,18.36,18.08,17.84,17.49,17.71,1,-1
2019-05-10,18.33,18.13,17.90,17.49,17.69,1,-1
2019-05-13,18.11,18.06,17.91,17.47,17.66,1,-1
2019-05-14,17.88,18.00,17.91,17.46,17.64,-1,-1
2019-05-15,17.79,18.01,17.93,17.46,17.63,-1,-1
2019-05-16,17.62,17.97,17.90,17.47,17.62,-1,-1
2019-05-17,17.40,17.86,17.86,17.47,17.60,-1,-1
2019-05-20,17.09,17.73,17.79,17.46,17.57,-1,-1
2019-05-21,16.83,17.58,17.74,17.44,17.55,-1,-1
2019-05-22,16.67,17.39,17.67,17.42,17.53,-1,-1
2019-05-23,16.42,17.15,17.58,17.39,17.50,-1,-1
2019-05-24,16.09,16.94,17.51,17.37,17.48,-1,-1
2019-05-28,15.81,16.72,17.42,17.35,17.45,-1,-1
2019-05-29,15.61,16.50,17.32,17.32,17.42,-1,-1
2019-05-30,15.49,16.29,17.23,17.28,17.40,-1,-1
2019-05-31,15.30,16.07,17.13,17.25,17.37,-1,-1
2019-06-03,15.17,15.92,17.03,17.21,17.35,-1,-1
2019-06-04,15.17,15.79,16.96,17.18,17.32,-1,-1
2019-06-05,15.12,15.60,16.88,17.15,17.30,-1,-1
2019-06-06,15.10,15.46,16.78,17.11,17.28,-1,-1
2019-06-07,15.12,15.36,16.70,17.08,17.25,-1,-1
2019-06-10,15.16,15.33,16.63,17.06,17.23,-1,-1
2019-06-11,15.25,15.28,16.54,17.04,17.20,-1,-1
2019-06-12,15.31,15.24,16.45,17.00,17.18,1,-1
2019-06-13,15.28,15.22,16.34,16.96,17.15,1,-1
2019-06-14,15.26,15.19,16.24,16.91,17.12,1,-1
2019-06-17,15.27,15.19,16.11,16.85,17.09,1,-1
2019-06-18,15.27,15.19,16.01,16.80,17.05,1,-1
2019-06-19,15.27,15.21,15.92,16.75,17.02,1,-1
2019-06-20,15.28,15.26,15.83,16.70,16.99,1,-1
2019-06-21,15.33,15.32,15.74,16.65,16.96,1,-1
2019-06-24,15.31,15.30,15.64,16.60,16.92,1,-1
2019-06-25,15.25,15.25,15.57,16.53,16.89,-1,-1
2019-06-26,15.27,15.27,15.50,16.48,16.86,-1,-1
2019-06-27,15.29,15.28,15.43,16.43,16.84,1,-1
2019-06-28,15.33,15.30,15.38,16.38,16.81,1,-1
2019-07-01,15.49,15.38,15.38,16.37,16.79,1,-1
2019-07-02,15.68,15.50,15.41,16.35,16.77,1,-1
2019-07-03,15.90,15.61,15.42,16.33,16.74,1,-1
2019-07-05,16.17,15.71,15.45,16.30,16.72,1,-1
2019-07-08,16.31,15.79,15.48,16.27,16.69,1,-1
2019-07-09,16.41,15.85,15.50,16.24,16.66,1,-1
2019-07-10,16.52,15.92,15.55,16.21,16.63,1,-1
2019-07-11,16.49,15.99,15.59,16.18,16.60,1,-1
2019-07-12,16.45,16.07,15.63,16.15,16.57,1,-1
2019-07-15,16.51,16.20,15.70,16.12,16.55,1,-1
2019-07-16,16.50,16.34,15.76,16.07,16.52,1,-1
2019-07-17,16.55,16.43,15.80,16.04,16.49,1,-1
2019-07-18,16.61,16.51,15.85,16.00,16.46,1,-1
2019-07-19,16.59,16.56,15.89,15.97,16.44,1,-1
2019-07-22,16.61,16.55,15.94,15.94,16.41,1,-1
2019-07-23,16.65,16.55,15.98,15.91,16.39,1,-1
2019-07-24,16.92,16.72,16.10,15.96,16.37,1,-1
2019-07-25,17.21,16.85,16.21,15.98,16.36,1,-1
2019-07-26,17.46,17.01,16.31,15.99,16.36,1,-1
2019-07-29,17.98,17.30,16.48,16.05,16.35,1,-1
2019-07-30,18.43,17.51,16.63,16.11,16.35,1,-1
2019-07-31,18.87,17.74,16.78,16.18,16.35,1,-1
2019-08-01,19.28,17.97,16.92,16.26,16.34,1,-1
2019-08-02,19.40,18.16,17.06,16.34,16.34,1,-1
2019-08-05,19.43,18.32,17.16,16.40,16.33,1,1
2019-08-06,19.57,18.52,17.30,16.48,16.33,1,1
2019-08-07,19.42,18.70,17.46,16.56,16.33,1,1
2019-08-08,19.44,18.94,17.61,16.65,16.33,1,1
2019-08-09,19.41,19.14,17.74,16.73,16.33,1,1
2019-08-12,19.38,19.33,17.86,16.83,16.33,1,1
2019-08-13,19.35,19.37,17.96,16.92,16.34,-1,1
2019-08-14,19.38,19.41,18.03,16.99,16.34,-1,1
2019-08-15,19.29,19.43,18.09,17.06,16.35,-1,1
2019-08-16,19.27,19.35,18.18,17.14,16.37,-1,1
2019-08-19,19.24,19.34,18.29,17.23,16.40,-1,1
2019-08-20,19.25,19.33,18.40,17.31,16.42,-1,1
2019-08-21,19.25,19.32,18.50,17.39,16.43,-1,1
2019-08-22,19.25,19.30,18.60,17.47,16.45,-1,1
2019-08-23,19.22,19.30,18.67,17.54,16.46,-1,1
2019-08-26,19.21,19.25,18.73,17.61,16.48,-1,1
2019-08-27,19.07,19.17,18.78,17.68,16.49,-1,1
2019-08-28,18.93,19.08,18.85,17.74,16.50,-1,1
2019-08-29,18.86,19.05,18.92,17.81,16.52,-1,1
2019-08-30,18.78,19.02,19.01,17.88,16.55,-1,1
2019-09-03,18.65,18.95,19.08,17.94,16.56,-1,1
2019-09-04,18.68,18.95,19.15,18.01,16.58,-1,1
2019-09-05,18.78,18.99,19.16,18.11,16.61,-1,1
2019-09-06,18.99,19.03,19.20,18.20,16.63,-1,1
2019-09-09,19.16,19.04,19.24,18.28,16.66,1,1
2019-09-10,19.26,19.06,19.22,18.36,16.68,1,1
2019-09-11,19.41,19.10,19.24,18.43,16.71,1,1
2019-09-12,19.65,19.15,19.26,18.49,16.74,1,1
2019-09-13,19.90,19.29,19.29,18.57,16.77,1,1
2019-09-16,20.05,19.41,19.31,18.65,16.79,1,1
2019-09-17,20.12,19.56,19.36,18.73,16.81,1,1
2019-09-18,20.20,19.68,19.39,18.81,16.84,1,1
2019-09-19,20.24,19.75,19.41,18.88,16.86,1,1
2019-09-20,20.17,19.79,19.41,18.94,16.87,1,1
2019-09-23,20.09,19.87,19.42,19.00,16.89,1,1
2019-09-24,19.88,19.89,19.41,19.05,16.91,-1,1
2019-09-25,19.74,19.89,19.40,19.10,16.93,-1,1
2019-09-26,19.61,19.87,19.41,19.16,16.95,-1,1
2019-09-27,19.42,19.81,19.42,19.20,16.96,-1,1
2019-09-30,19.31,19.77,19.42,19.26,16.98,-1,1
2019-10-01,19.33,19.75,19.43,19.32,17.01,-1,1
2019-10-02,19.33,19.71,19.43,19.38,17.03,-1,1
2019-10-03,19.44,19.66,19.45,19.40,17.06,-1,1
2019-10-04,19.61,19.67,19.48,19.44,17.09,-1,1
2019-10-07,19.74,19.68,19.53,19.48,17.12,1,1
2019-10-08,19.85,19.64,19.57,19.47,17.14,1,1
2019-10-09,19.92,19.61,19.62,19.47,17.17,1,1
2019-10-10,19.99,19.66,19.68,19.48,17.20,1,1
2019-10-11,20.20,19.76,19.75,19.51,17.24,1,1
2019-10-14,20.35,19.90,19.82,19.53,17.27,1,1
2019-10-15,20.54,20.07,19.93,19.60,17.30,1,1
2019-10-16,20.77,20.26,20.02,19.65,17.34,1,1
2019-10-17,21.18,20.51,20.13,19.71,17.38,1,1
2019-10-18,21.55,20.73,20.22,19.76,17.42,1,1
2019-10-21,21.86,20.92,20.31,19.82,17.46,1,1
2019-10-22,22.01,21.10,20.39,19.87,17.50,1,1
2019-10-23,22.07,21.21,20.44,19.91,17.53,1,1
2019-10-24,22.04,21.29,20.48,19.97,17.57,1,1
2019-10-25,22.03,21.40,20.52,20.03,17.60,1,1
2019-10-28,21.98,21.58,20.58,20.09,17.64,1,1
2019-10-29,21.93,21.74,20.64,20.14,17.67,1,1
2019-10-30,21.88,21.87,20.70,20.19,17.71,1,1
2019-10-31,21.85,21.93,20.76,20.24,17.75,-1,1
2019-11-01,22.03,22.05,20.87,20.30,17.79,-1,1
2019-11-04,22.22,22.13,20.98,20.39,17.84,1,1
2019-11-05,22.33,22.18,21.09,20.47,17.88,1,1
2019-11-06,22.35,22.16,21.19,20.55,17.92,1,1
2019-11-07,22.38,22.16,21.28,20.62,17.96,1,1
2019-11-08,22.45,22.16,21.41,20.69,18.00,1,1
2019-11-11,22.57,22.21,21.53,20.77,18.04,1,1
2019-11-12,22.61,22.32,21.63,20.86,18.08,1,1
2019-11-13,22.64,22.43,21.76,20.94,18.12,1,1
2019-11-14,22.66,22.50,21.84,21.01,18.16,1,1
2019-11-15,22.71,22.53,21.91,21.07,18.20,1,1
2019-11-18,22.73,22.56,21.98,21.12,18.24,1,1
2019-11-19,22.69,22.57,22.07,21.17,18.28,1,1
2019-11-20,22.58,22.58,22.15,21.21,18.31,-1,1
2019-11-21,22.44,22.52,22.21,21.25,18.34,-1,1
2019-11-22,22.25,22.45,22.24,21.27,18.37,-1,1
2019-11-25,22.20,22.43,22.27,21.31,18.41,-1,1
2019-11-26,22.14,22.42,22.28,21.35,18.44,-1,1
2019-11-27,22.19,22.46,22.31,21.40,18.47,-1,1
2019-11-29,22.14,22.42,22.29,21.44,18.50,-1,1
2019-12-02,22.16,22.37,22.29,21.49,18.53,-1,1
2019-12-03,22.17,22.31,22.28,21.54,18.55,-1,1
2019-12-04,22.27,22.26,22.30,21.61,18.57,1,1
2019-12-05,22.43,22.32,22.36,21.69,18.59,1,1
2019-12-06,22.63,22.38,22.42,21.77,18.62,1,1
2019-12-09,22.72,22.45,22.47,21.86,18.64,1,1
2019-12-10,22.90,22.52,22.51,21.94,18.67,1,1
2019-12-11,23.11,22.64,22.57,22.02,18.69,1,1
2019-12-12,23.38,22.78,22.63,22.11,18.72,1,1
2019-12-13,23.56,22.92,22.70,22.18,18.75,1,1
2019-12-16,23.72,23.08,22.75,22.26,18.79,1,1
2019-12-17,23.86,23.25,22.80,22.35,18.82,1,1
2019-12-18,24.01,23.36,22.86,22.44,18.86,1,1
2019-12-19,24.20,23.55,22.94,22.54,18.90,1,1
2019-12-20,24.37,23.74,23.03,22.63,18.94,1,1
2019-12-23,24.45,23.92,23.10,22.70,18.98,1,1
2019-12-24,24.55,24.06,23.16,22.77,19.02,1,1
2019-12-26,24.57,24.15,23.21,22.83,19.05,1,1
2019-12-27,24.53,24.20,23.25,22.88,19.09,1,1
2019-12-30,24.47,24.24,23.29,22.91,19.13,1,1
2019-12-31,24.41,24.30,23.33,22.94,19.17,1,1
2020-01-02,24.36,24.37,23.41,22.98,19.21,-1,1
2020-01-03,24.30,24.37,23.47,23.02,19.24,-1,1
2020-01-06,24.19,24.37,23.53,23.07,19.28,-1,1
2020-01-07,24.13,24.35,23.61,23.12,19.32,-1,1
2020-01-08,24.17,24.35,23.69,23.18,19.36,-1,1
2020-01-09,24.31,24.39,23.78,23.23,19.39,-1,1
2020-01-10,24.44,24.42,23.87,23.29,19.43,1,1
2020-01-13,24.59,24.48,23.97,23.36,19.48,1,1
2020-01-14,24.79,24.54,24.09,23.44,19.53,1,1
2020-01-15,24.96,24.58,24.19,23.48,19.57,1,1
2020-01-16,25.16,24.64,24.30,23.53,19.61,1,1
2020-01-17,25.25,24.71,24.39,23.59,19.64,1,1
2020-01-21,25.25,24.78,24.44,23.64,19.68,1,1
2020-01-22,25.23,24.83,24.48,23.69,19.71,1,1
2020-01-23,25.17,24.88,24.54,23.74,19.75,1,1
2020-01-24,25.08,24.94,24.60,23.79,19.78,1,1
2020-01-27,24.85,24.90,24.59,23.80,19.81,-1,1
2020-01-28,24.61,24.88,24.59,23.81,19.84,-1,1
2020-01-29,24.34,24.79,24.57,23.82,19.87,-1,1
2020-01-30,24.09,24.67,24.52,23.83,19.89,-1,1
2020-01-31,23.71,24.47,24.44,23.83,19.91,-1,1
2020-02-03,23.25,24.21,24.37,23.82,19.93,-1,1
2020-02-04,22.97,24.02,24.31,23.84,19.96,-1,1
2020-02-05,22.94,23.90,24.26,23.87,19.99,-1,1
2020-02-06,22.92,23.77,24.23,23.90,20.02,-1,1
2020-02-07,22.93,23.63,24.19,23.92,20.05,-1,1
2020-02-10,22.96,23.52,24.14,23.95,20.07,-1,1
2020-02-11,23.20,23.46,24.13,23.97,20.11,-1,1
2020-02-12,23.58,23.42,24.16,24.02,20.14,1,1
2020-02-13,23.78,23.38,24.17,24.07,20.17,1,1
2020-02-14,23.90,23.42,24.15,24.11,20.20,1,1
2020-02-18,23.62,23.27,24.08,24.09,20.22,1,1
2020-02-19,23.47,23.20,24.02,24.07,20.23,1,1
2020-02-20,23.30,23.13,23.95,24.04,20.25,1,1
2020-02-21,22.95,23.07,23.85,24.00,20.27,-1,1
2020-02-24,22.28,22.93,23.69,23.94,20.28,-1,1
2020-02-25,21.61,22.69,23.51,23.86,20.28,-1,1
2020-02-26,21.05,22.47,23.32,23.78,20.29,-1,1
2020-02-27,20.66,22.14,23.11,23.68,20.31,-1,1
2020-02-28,20.31,21.89,22.94,23.59,20.32,-1,1
2020-03-02,20.06,21.68,22.76,23.51,20.33,-1,1
2020-03-03,19.79,21.37,22.57,23.41,20.34,-1,1
2020-03-04,19.78,21.03,22.41,23.32,20.36,-1,1
2020-03-05,19.71,20.66,22.22,23.20,20.38,-1,1
2020-03-06,19.49,20.27,22.00,23.09,20.39,-1,1
2020-03-09,19.14,19.90,21.73,22.93,20.39,-1,1
2020-03-10,18.80,19.56,21.52,22.78,20.40,-1,1
2020-03-11,18.25,19.15,21.28,22.63,20.41,-1,1
2020-03-12,17.48,18.63,20.97,22.43,20.40,-1,1
2020-03-13,16.74,18.26,20.69,22.25,20.40,-1,1
2020-03-16,15.95,17.83,20.41,22.03,20.39,-1,1
2020-03-17,15.39,17.44,20.16,21.84,20.39,-1,1
2020-03-18,15.03,17.08,19.87,21.64,20.39,-1,1
2020-03-19,14.55,16.67,19.57,21.44,20.38,-1,1
2020-03-20,14.18,16.21,19.24,21.23,20.37,-1,1
2020-03-23,14.20,15.84,18.94,21.02,20.37,-1,1
2020-03-24,14.30,15.52,18.67,20.83,20.37,-1,1
2020-03-25,14.55,15.25,18.39,20.62,20.37,-1,1
2020-03-26,14.75,15.07,18.10,20.43,20.37,-1,1
2020-03-27,14.99,15.01,17.82,20.25,20.38,-1,-1
2020-03-30,15.19,14.87,17.53,20.05,20.38,1,-1
2020-03-31,15.48,14.83,17.34,19.86,20.38,1,-1
2020-04-01,15.66,14.93,17.11,19.67,20.38,1,-1
2020-04-02,15.68,14.99,16.90,19.49,20.39,1,-1
2020-04-03,15.70,15.12,16.70,19.29,20.39,1,-1
2020-04-06,15.83,15.29,16.60,19.14,20.39,1,-1
2020-04-07,16.02,15.51,16.52,19.01,20.40,1,-1
2020-04-08,16.32,15.76,16.43,18.89,20.41,1,-1
2020-04-09,16.55,16.01,16.38,18.77,20.43,1,-1
2020-04-13,16.92,16.29,16.32,18.67,20.44,1,-1
2020-04-14,17.37,16.52,16.27,18.60,20.46,1,-1
2020-04-15,17.71,16.70,16.21,18.52,20.47,1,-1
2020-04-16,17.83,16.83,16.14,18.42,20.47,1,-1
2020-04-17,17.94,16.98,16.11,18.31,20.48,1,-1
2020-04-20,17.98,17.15,16.08,18.19,20.49,1,-1
2020-04-21,17.91,17.23,16.09,18.07,20.49,1,-1
2020-04-22,17.82,17.37,16.09,17.95,20.49,1,-1
2020-04-23,17.64,17.50,16.13,17.82,20.50,1,-1
2020-04-24,17.71,17.71,16.27,17.70,20.51,-1,-1
2020-04-27,17.86,17.84,16.40,17.59,20.52,1,-1
2020-04-28,18.00,17.97,16.58,17.48,20.53,1,-1
2020-04-29,18.26,18.12,16.75,17.44,20.55,1,-1
2020-04-30,18.58,18.25,16.92,17.38,20.56,1,-1
2020-05-01,18.70,18.26,17.06,17.31,20.57,1,-1
2020-05-04,18.85,18.24,17.22,17.25,20.58,1,-1
2020-05-05,18.94,18.32,17.37,17.23,20.59,1,-1
2020-05-06,18.94,18.40,17.49,17.21,20.60,1,-1
2020-05-07,19.02,18.51,17.63,17.20,20.62,1,-1
2020-05-08,19.08,18.67,17.76,17.22,20.62,1,-1
2020-05-11,19.22,18.90,17.90,17.23,20.63,1,-1
2020-05-12,19.47,19.09,18.06,17.23,20.64,1,-1
2020-05-13,19.66,19.26,18.19,17.23,20.64,1,-1
2020-05-14,19.81,19.38,18.34,17.23,20.64,1,-1
2020-05-15,19.83,19.39,18.46,17.23,20.64,1,-1
2020-05-18,19.90,19.46,18.61,17.26,20.64,1,-1
2020-05-19,19.87,19.47,18.70,17.32,20.64,1,-1
2020-05-20,19.92,19.57,18.81,17.39,20.65,1,-1
2020-05-21,19.84,19.66,18.88,17.45,20.65,1,-1
2020-05-22,19.85,19.76,18.96,17.56,20.65,1,-1
2020-05-26,19.95,19.88,19.05,17.68,20.66,1,-1
2020-05-27,20.19,20.01,19.12,17.83,20.66,1,-1
2020-05-28,20.19,20.05,19.19,17.93,20.67,1,-1
2020-05-29,20.23,20.05,19.26,18.05,20.67,1,-1
2020-06-01,20.11,20.02,19.32,18.16,20.67,1,-1
2020-06-02,20.18,20.01,19.40,18.29,20.68,1,-1
2020-06-03,20.27,20.06,19.51,18.41,20.69,1,-1
2020-06-04,20.24,20.09,19.61,18.52,20.69,1,-1
2020-06-05,20.36,20.28,19.75,18.64,20.70,1,-1
2020-06-08,20.53,20.36,19.84,18.74,20.71,1,-1
2020-06-09,20.71,20.47,19.93,18.85,20.72,1,-1
2020-06-10,20.87,20.49,19.99,18.96,20.73,1,-1
2020-06-11,20.83,20.50,20.00,19.04,20.74,1,-1
2020-06-12,20.74,20.50,20.02,19.13,20.75,1,-1
2020-06-15,20.69,20.47,20.08,19.22,20.76,1,-1
2020-06-16,20.52,20.44,20.14,19.31,20.76,1,-1
2020-06-17,20.37,20.45,20.18,19.38,20.77,-1,-1
2020-06-18,20.18,20.45,20.22,19.43,20.77,-1,-1
2020-06-19,19.99,20.43,20.22,19.47,20.78,-1,-1
2020-06-22,20.00,20.41,20.21,19.52,20.78,-1,-1
2020-06-23,20.00,20.37,20.20,19.56,20.78,-1,-1
2020-06-24,19.85,20.27,20.17,19.57,20.78,-1,-1
2020-06-25,19.62,20.07,20.13,19.58,20.77,-1,-1
2020-06-26,19.39,19.88,20.08,19.60,20.77,-1,-1
2020-06-29,19.20,19.69,20.07,19.61,20.76,-1,-1
2020-06-30,19.14,19.57,20.04,19.64,20.75,-1,-1
2020-07-01,19.01,19.50,20.01,19.67,20.74,-1,-1
2020-07-02,18.90,19.45,19.96,19.71,20.74,-1,-1
2020-07-06,19.00,19.43,19.97,19.76,20.74,-1,-1
2020-07-07,19.14,19.38,19.96,19.78,20.74,-1,-1
2020-07-08,19.38,19.38,19.95,19.81,20.74,-1,-1
2020-07-09,19.68,19.44,19.95,19.85,20.74,1,-1
2020-07-10,19.89,19.51,19.97,19.86,20.75,1,-1
2020-07-13,20.14,19.57,19.99,19.89,20.76,1,-1
2020-07-14,20.43,19.66,20.04,19.95,20.77,1,-1
2020-07-15,20.65,19.82,20.08,20.01,20.78,1,-1
2020-07-16,20.84,19.99,20.10,20.05,20.79,1,-1
2020-07-17,21.02,20.20,20.13,20.10,20.80,1,-1
2020-07-20,21.17,20.43,20.14,20.15,20.81,1,-1
2020-07-21,21.38,20.63,20.17,20.19,20.82,1,-1
2020-07-22,21.74,20.94,20.23,20.24,20.83,1,-1
2020-07-23,22.06,21.24,20.31,20.31,20.85,1,-1
2020-07-24,22.32,21.48,20.43,20.38,20.87,1,-1
2020-07-27,22.65,21.74,20.54,20.44,20.88,1,-1
2020-07-28,22.87,21.94,20.63,20.52,20.90,1,-1
2020-07-29,22.64,21.90,20.63,20.53,20.89,1,-1
2020-07-30,22.52,21.95,20.67,20.56,20.90,1,-1
2020-07-31,22.29,22.01,20.72,20.58,20.89,1,-1
2020-08-03,22.06,22.06,20.79,20.62,20.89,-1,-1
2020-08-04,21.84,22.08,20.86,20.66,20.89,-1,-1
2020-08-05,21.58,22.11,20.91,20.67,20.89,-1,-1
2020-08-06,21.35,22.11,20.98,20.69,20.88,-1,-1
2020-08-07,21.46,22.05,21.06,20.71,20.88,-1,-1
2020-08-10,21.46,21.99,21.15,20.73,20.87,-1,-1
2020-08-11,21.39,21.84,21.23,20.76,20.87,-1,-1
2020-08-12,21.30,21.68,21.30,20.78,20.87,-1,-1
2020-08-13,21.25,21.54,21.38,20.80,20.86,-1,-1
2020-08-14,21.22,21.40,21.45,20.81,20.86,-1,-1
2020-08-17,21.19,21.27,21.49,20.80,20.86,-1,-1
2020-08-18,21.11,21.29,21.52,20.79,20.85,-1,-1
2020-08-19,20.95,21.20,21.52,20.76,20.84,-1,-1
2020-08-20,20.73,21.06,21.47,20.74,20.82,-1,-1
2020-08-21,20.50,20.90,21.44,20.73,20.80,-1,-1
2020-08-24,20.28,20.77,21.42,20.73,20.79,-1,-1
2020-08-25,20.11,20.67,21.38,20.73,20.78,-1,-1
2020-08-26,19.97,20.58,21.34,20.72,20.77,-1,-1
2020-08-27,19.79,20.45,21.28,20.71,20.75,-1,-1
2020-08-28,19.75,20.35,21.22,20.70,20.74,-1,-1
2020-08-31,19.74,20.23,21.14,20.70,20.72,-1,-1
2020-09-01,19.78,20.14,21.07,20.70,20.70,-1,-1
2020-09-02,19.80,20.04,20.96,20.70,20.69,-1,1
2020-09-03,19.65,19.88,20.82,20.70,20.67,-1,1
2020-09-04,19.48,19.72,20.67,20.71,20.66,-1,1
2020-09-08,19.27,19.53,20.49,20.69,20.64,-1,1
2020-09-09,19.05,19.40,20.33,20.68,20.62,-1,1
2020-09-10,18.84,19.29,20.25,20.66,20.60,-1,1
2020-09-11,18.54,19.16,20.14,20.64,20.58,-1,1
2020-09-14,18.31,19.06,20.04,20.62,20.56,-1,1
2020-09-15,18.25,18.95,19.93,20.60,20.54,-1,1
2020-09-16,18.25,18.86,19.84,20.58,20.52,-1,1
2020-09-17,18.33,18.80,19.73,20.55,20.50,-1,1
2020-09-18,18.40,18.73,19.64,20.50,20.49,-1,1
2020-09-21,18.51,18.67,19.56,20.46,20.47,-1,-1
2020-09-22,18.66,18.60,19.49,20.43,20.44,1,-1
2020-09-23,18.62,18.46,19.39,20.37,20.42,1,-1
2020-09-24,18.50,18.38,19.28,20.30,20.39,1,-1
2020-09-25,18.38,18.31,19.17,20.24,20.36,1,-1
2020-09-28,18.38,18.36,19.07,20.18,20.34,1,-1
2020-09-29,18.35,18.38,18.98,20.11,20.31,-1,-1
2020-09-30,18.29,18.40,18.90,20.03,20.28,-1,-1
2020-10-01,18.24,18.45,18.86,19.94,20.25,-1,-1
2020-10-02,18.28,18.45,18.82,19.84,20.22,-1,-1
2020-10-05,18.41,18.45,18.79,19.75,20.19,-1,-1
2020-10-06,18.48,18.43,18.74,19.65,20.16,1,-1
2020-10-07,18.53,18.46,18.70,19.57,20.13,1,-1
2020-10-08,18.70,18.53,18.69,19.56,20.11,1,-1
2020-10-09,18.94,18.61,18.71,19.53,20.08,1,-1
2020-10-12,19.14,18.69,18.72,19.50,20.06,1,-1
2020-10-13,19.37,18.83,18.73,19.46,20.04,1,-1
2020-10-14,19.52,18.96,18.73,19.42,20.02,1,-1
2020-10-15,19.71,19.09,18.72,19.39,20.00,1,-1
2020-10-16,19.79,19.16,18.74,19.35,19.97,1,-1
2020-10-19,19.76,19.23,18.75,19.32,19.95,1,-1
2020-10-20,19.72,19.33,18.81,19.29,19.93,1,-1
2020-10-21,19.70,19.42,18.87,19.26,19.91,1,-1
2020-10-22,19.70,19.53,18.93,19.24,19.88,1,-1
2020-10-23,19.72,19.62,19.00,19.21,19.86,1,-1
2020-10-26,19.87,19.79,19.09,19.20,19.84,1,-1
2020-10-27,20.14,19.97,19.18,19.21,19.82,1,-1
2020-10-28,20.28,20.02,19.23,19.20,19.79,1,-1
2020-10-29,20.51,20.11,19.32,19.22,19.77,1,-1
2020-10-30,20.68,20.19,19.40,19.26,19.75,1,-1
2020-11-02,20.84,20.27,19.48,19.28,19.73,1,-1
2020-11-03,21.09,20.41,19.57,19.32,19.71,1,-1
2020-11-04,21.26,20.56,19.70,19.36,19.70,1,-1
2020-11-05,21.38,20.76,19.85,19.40,19.68,1,-1
2020-11-06,21.65,20.97,19.99,19.46,19.67,1,-1
2020-11-09,21.89,21.20,20.13,19.53,19.67,1,-1
2020-11-10,22.08,21.38,20.27,19.58,19.66,1,-1
2020-11-11,22.36,21.60,20.43,19.65,19.66,1,-1
2020-11-12,22.49,21.79,20.56,19.70,19.66,1,1
2020-11-13,22.63,21.94,20.72,19.78,19.66,1,1
2020-11-16,22.87,22.13,20.89,19.88,19.67,1,1
2020-11-17,23.06,22.36,21.06,19.99,19.67,1,1
2020-11-18,23.11,22.50,21.20,20.09,19.67,1,1
2020-11-19,23.27,22.68,21.33,20.20,19.67,1,1
2020-11-20,23.34,22.85,21.46,20.32,19.67,1,1
2020-11-23,23.59,23.04,21.60,20.44,19.68,1,1
2020-11-24,23.83,23.23,21.76,20.56,19.68,1,1
2020-11-25,23.85,23.36,21.90,20.66,19.68,1,1
2020-11-27,23.97,23.52,22.06,20.78,19.68,1,1
2020-11-30,24.15,23.63,22.22,20.90,19.68,1,1
2020-12-01,24.47,23.87,22.43,21.04,19.70,1,1
2020-12-02,24.78,24.06,22.64,21.17,19.72,1,1
2020-12-03,24.97,24.28,22.83,21.33,19.74,1,1
2020-12-04,25.26,24.54,23.05,21.50,19.76,1,1
2020-12-07,25.66,24.76,23.29,21.68,19.80,1,1
2020-12-08,26.00,24.98,23.48,21.85,19.83,1,1
2020-12-09,26.19,25.17,23.63,22.00,19.86,1,1
2020-12-10,26.22,25.35,23.82,22.15,19.90,1,1
2020-12-11,26.19,25.48,23.96,22.29,19.93,1,1
2020-12-14,26.16,25.56,24.11,22.43,19.95,1,1
2020-12-15,26.00,25.63,24.26,22.57,19.98,1,1
2020-12-16,25.76,25.71,24.38,22.70,20.01,1,1
2020-12-17,25.53,25.76,24.48,22.83,20.04,-1,1
2020-12-18,25.46,25.83,24.58,22.94,20.07,-1,1
2020-12-21,25.28,25.75,24.66,23.04,20.11,-1,1
2020-12-22,25.13,25.66,24.72,23.13,20.15,-1,1
2020-12-23,25.06,25.61,24.80,23.23,20.19,-1,1
2020-12-24,25.03,25.52,24.88,23.34,20.25,-1,1
2020-12-28,25.18,25.47,25.00,23.47,20.30,-1,1
2020-12-29,25.19,25.36,25.08,23.58,20.36,-1,1
2020-12-30,25.28,25.37,25.15,23.72,20.42,-1,1
2020-12-31,25.45,25.36,25.22,23.84,20.48,1,1
2021-01-04,25.67,25.40,25.31,23.96,20.54,1,1
2021-01-05,25.92,25.49,25.42,24.10,20.60,1,1
2021-01-06,26.07,25.55,25.52,24.23,20.66,1,1
2021-01-07,26.38,25.78,25.66,24.38,20.73,1,1
2021-01-08,26.73,25.96,25.76,24.51,20.79,1,1
2021-01-11,27.06,26.17,25.90,24.66,20.85,1,1
2021-01-12,27.38,26.41,26.02,24.80,20.91,1,1
2021-01-13,27.70,26.68,26.14,24.95,20.97,1,1
2021-01-14,28.04,26.98,26.25,25.11,21.04,1,1
2021-01-15,28.33,27.20,26.35,25.24,21.10,1,1
2021-01-19,28.50,27.44,26.48,25.39,21.18,1,1
2021-01-20,28.85,27.79,26.59,25.55,21.25,1,1
2021-01-21,29.16,28.11,26.71,25.72,21.32,1,1
2021-01-22,29.47,28.43,26.83,25.86,21.38,1,1
2021-01-25,29.72,28.71,26.96,26.01,21.44,1,1
2021-01-26,29.82,28.93,27.09,26.15,21.50,1,1
2021-01-27,29.82,29.07,27.19,26.27,21.56,1,1
2021-01-28,29.64,29.07,27.29,26.38,21.60,1,1
2021-01-29,29.33,29.09,27.37,26.46,21.66,1,1
2021-02-01,29.36,29.26,27.55,26.60,21.72,1,1
2021-02-02,29.43,29.45,27.74,26.75,21.78,-1,1
2021-02-03,29.50,29.61,27.91,26.89,21.85,-1,1
2021-02-04,29.70,29.76,28.13,27.04,21.92,-1,1
2021-02-05,30.11,29.96,28.35,27.18,21.99,1,1
2021-02-08,30.65,30.14,28.59,27.33,22.06,1,1
2021-02-09,31.20,30.27,28.81,27.48,22.13,1,1
2021-02-10,31.37,30.36,28.99,27.63,22.19,1,1
2021-02-11,31.64,30.54,29.24,27.80,22.26,1,1
2021-02-12,32.00,30.75,29.47,27.94,22.33,1,1
2021-02-16,32.28,30.99,29.72,28.09,22.40,1,1
2021-02-17,32.47,31.29,29.94,28.23,22.47,1,1
2021-02-18,32.40,31.52,30.11,28.33,22.53,1,1
2021-02-19,32.37,31.78,30.28,28.42,22.60,1,1
2021-02-22,32.28,31.82,30.37,28.51,22.66,1,1
2021-02-23,32.00,31.82,30.47,28.61,22.72,1,1
2021-02-24,31.81,31.90,30.58,28.72,22.77,-1,1
2021-02-25,31.30,31.79,30.63,28.81,22.82,-1,1
2021-02-26,30.83,31.65,30.67,28.88,22.87,-1,1
2021-03-01,30.68,31.54,30.72,28.98,22.92,-1,1
2021-03-02,30.49,31.43,30.79,29.09,22.97,-1,1
2021-03-03,30.22,31.25,30.77,29.17,23.02,-1,1
2021-03-04,29.73,30.86,30.68,29.21,23.06,-1,1
2021-03-05,29.18,30.50,30.59,29.27,23.10,-1,1
2021-03-08,28.80,30.05,30.48,29.32,23.13,-1,1
2021-03-09,28.59,29.71,30.41,29.38,23.17,-1,1
2021-03-10,28.11,29.40,30.32,29.42,23.21,-1,1
2021-03-11,27.91,29.20,30.34,29.47,23.25,-1,1
2021-03-12,27.90,29.06,30.36,29.55,23.29,-1,1
2021-03-15,28.28,29.00,30.43,29.63,23.34,-1,1
2021-03-16,28.62,28.90,30.41,29.71,23.39,-1,1
2021-03-17,29.06,28.93,30.39,29.79,23.44,1,1
2021-03-18,29.21,28.90,30.34,29.84,23.49,1,1
2021-03-19,29.47,28.79,30.27,29.89,23.53,1,1
2021-03-22,29.56,28.74,30.21,29.91,23.58,1,1
2021-03-23,29.44,28.67,30.08,29.93,23.61,1,1
2021-03-24,29.09,28.69,29.94,29.91,23.64,1,1
2021-03-25,28.72,28.67,29.80,29.90,23.67,1,1
2021-03-26,28.42,28.74,29.64,29.89,23.71,-1,1
2021-03-29,28.18,28.70,29.45,29.86,23.75,-1,1
2021-03-30,27.98,28.72,29.27,29.84,23.78,-1,1
2021-03-31,27.76,28.66,29.11,29.81,23.82,-1,1
2021-04-01,27.86,28.65,29.02,29.79,23.87,-1,1
2021-04-05,28.22,28.66,28.97,29.78,23.92,-1,1
2021-04-06,28.52,28.62,28.92,29.77,23.96,-1,1
2021-04-07,28.81,28.62,28.90,29.77,24.02,1,1
2021-04-08,29.18,28.68,28.84,29.77,24.07,1,1
2021-04-09,29.53,28.75,28.85,29.80,24.12,1,1
2021-04-12,29.85,28.81,28.88,29.84,24.17,1,1
2021-04-13,29.98,28.92,28.86,29.88,24.23,1,1
2021-04-14,29.92,29.07,28.84,29.86,24.29,1,1
2021-04-15,29.96,29.24,28.86,29.84,24.34,1,1
2021-04-16,29.89,29.35,28.93,29.82,24.39,1,1
2021-04-19,29.70,29.44,28.96,29.77,24.44,1,1
2021-04-20,29.44,29.48,29.00,29.71,24.49,-1,1
2021-04-21,29.28,29.56,29.04,29.65,24.53,-1,1
2021-04-22,29.13,29.55,29.10,29.59,24.58,-1,1
2021-04-23,29.07,29.50,29.11,29.54,24.62,-1,1
2021-04-26,29.02,29.49,29.12,29.48,24.67,-1,1
2021-04-27,28.99,29.44,29.10,29.40,24.71,-1,1
2021-04-28,29.07,29.39,29.07,29.32,24.75,-1,1
2021-04-29,29.22,29.33,29.04,29.25,24.79,-1,1
2021-04-30,29.10,29.19,29.02,29.19,24.83,-1,1
2021-05-03,29.06,29.09,29.00,29.12,24.87,-1,1
2021-05-04,28.89,28.98,28.95,29.06,24.90,-1,1
2021-05-05,28.66,28.84,28.94,29.01,24.93,-1,1
2021-05-06,28.46,28.72,28.95,28.93,24.96,-1,1
2021-05-07,28.36,28.72,28.98,28.91,24.99,-1,1
2021-05-10,28.12,28.67,28.97,28.87,25.01,-1,1
2021-05-11,28.02,28.56,28.98,28.81,25.03,-1,1
2021-05-12,27.56,28.31,28.90,28.71,25.04,-1,1
2021-05-13,27.23,28.06,28.83,28.64,25.05,-1,1
2021-05-14,27.01,27.84,28.74,28.63,25.08,-1,1
2021-05-17,26.75,27.61,28.61,28.59,25.11,-1,1
2021-05-18,26.43,27.39,28.49,28.58,25.13,-1,1
2021-05-19,26.27,27.19,28.38,28.55,25.15,-1,1
2021-05-20,26.20,27.11,28.28,28.55,25.18,-1,1
2021-05-21,26.45,27.01,28.18,28.51,25.21,-1,1
2021-05-24,26.70,26.96,28.09,28.48,25.24,-1,1
2021-05-25,26.78,26.89,28.00,28.42,25.27,-1,1
2021-05-26,26.94,26.85,27.91,28.36,25.30,1,1
2021-05-27,27.14,26.78,27.83,28.31,25.33,1,1
2021-05-28,27.28,26.77,27.77,28.28,25.36,1,1
2021-06-01,27.29,26.74,27.72,28.24,25.39,1,1
2021-06-02,27.30,26.88,27.68,28.19,25.42,1,1
2021-06-03,27.13,26.92,27.59,28.15,25.45,1,1
2021-06-04,27.16,26.97,27.54,28.15,25.48,1,1
2021-06-07,27.08,27.01,27.45,28.13,25.51,1,1
2021-06-08,26.98,27.06,27.36,28.11,25.55,-1,1
2021-06-09,26.88,27.08,27.28,28.10,25.59,-1,1
2021-06-10,26.89,27.09,27.21,28.09,25.62,-1,1
2021-06-11,26.95,27.13,27.15,28.08,25.66,-1,1
2021-06-14,27.21,27.17,27.15,28.06,25.70,1,1
2021-06-15,27.30,27.23,27.13,28.02,25.74,1,1
2021-06-16,27.43,27.26,27.11,27.98,25.78,1,1
2021-06-17,27.55,27.27,27.10,27.93,25.82,1,1
2021-06-18,27.53,27.20,27.06,27.86,25.86,1,1
2021-06-21,27.52,27.20,27.01,27.81,25.89,1,1
2021-06-22,27.47,27.21,27.00,27.74,25.93,1,1
2021-06-23,27.35,27.28,26.99,27.70,25.98,1,1
2021-06-24,27.53,27.42,27.12,27.68,26.03,1,1
2021-06-25,27.73,27.58,27.23,27.66,26.09,1,1
2021-06-28,27.97,27.76,27.32,27.66,26.14,1,1
2021-06-29,28.40,27.97,27.44,27.68,26.20,1,1
2021-06-30,28.73,28.12,27.55,27.71,26.26,1,1
2021-07-01,29.03,28.25,27.65,27.71,26.31,1,1
2021-07-02,29.34,28.35,27.73,27.73,26.37,1,1
2021-07-06,29.28,28.40,27.78,27.71,26.42,1,1
2021-07-07,29.01,28.37,27.77,27.66,26.46,1,1
2021-07-08,28.61,28.29,27.75,27.61,26.50,1,1
2021-07-09,28.27,28.34,27.75,27.57,26.54,-1,1
2021-07-12,28.02,28.38,27.76,27.54,26.59,-1,1
2021-07-13,27.76,28.40,27.76,27.52,26.64,-1,1
2021-07-14,27.43,28.39,27.76,27.50,26.68,-1,1
2021-07-15,27.16,28.22,27.75,27.47,26.72,-1,1
2021-07-16,27.01,28.01,27.74,27.43,26.76,-1,1
2021-07-19,26.95,27.78,27.70,27.40,26.80,-1,1
2021-07-20,26.87,27.57,27.70,27.36,26.84,-1,1
2021-07-21,26.82,27.42,27.72,27.36,26.89,-1,1
2021-07-22,26.72,27.24,27.72,27.34,26.93,-1,1
2021-07-23,26.70,27.06,27.72,27.38,26.97,-1,1
2021-07-26,26.71,26.94,27.69,27.40,27.01,-1,1
2021-07-27,26.73,26.87,27.63,27.39,27.04,-1,1
2021-07-28,26.80,26.88,27.59,27.40,27.08,-1,1
2021-07-29,26.94,26.90,27.59,27.43,27.11,1,1
2021-07-30,27.01,26.91,27.59,27.46,27.15,1,1
2021-08-02,27.36,27.04,27.68,27.50,27.20,1,1
2021-08-03,27.71,27.21,27.76,27.55,27.25,1,1
2021-08-04,28.06,27.39,27.83,27.59,27.30,1,1
2021-08-05,28.53,27.63,27.90,27.64,27.35,1,1
2021-08-06,28.91,27.85,27.91,27.68,27.40,1,1
2021-08-09,29.16,28.05,27.92,27.72,27.45,1,1
2021-08-10,29.30,28.15,27.90,27.74,27.49,1,1
2021-08-11,29.26,28.31,27.88,27.78,27.54,1,1
2021-08-12,29.12,28.42,27.85,27.81,27.57,1,1
2021-08-13,29.01,28.54,27.82,27.85,27.61,1,1
2021-08-16,28.80,28.67,27.78,27.87,27.65,1,1
2021-08-17,28.47,28.69,27.72,27.87,27.68,-1,1
2021-08-18,28.11,28.63,27.71,27.87,27.71,-1,1
2021-08-19,27.92,28.61,27.74,27.89,27.74,-1,1
2021-08-20,27.75,28.50,27.76,27.90,27.77,-1,1
2021-08-23,27.72,28.42,27.78,27.92,27.80,-1,1
2021-08-24,27.74,28.38,27.82,27.92,27.83,-1,1
2021-08-25,27.89,28.35,27.88,27.95,27.87,-1,1
2021-08-26,28.17,28.32,27.96,27.98,27.90,-1,1
2021-08-27,28.54,28.32,28.07,28.01,27.93,1,1
2021-08-30,28.82,28.37,28.18,28.07,27.96,1,1
2021-08-31,29.03,28.39,28.27,28.11,28.00,1,1
2021-09-01,29.15,28.44,28.33,28.15,28.03,1,1
2021-09-02,29.20,28.47,28.40,28.18,28.05,1,1
2021-09-03,29.23,28.56,28.47,28.19,28.08,1,1
2021-09-07,29.26,28.71,28.55,28.19,28.11,1,1
2021-09-08,29.14,28.84,28.63,28.18,28.14,1,1
2021-09-09,29.10,28.96,28.71,28.17,28.16,1,1
2021-09-10,29.04,29.04,28.76,28.16,28.19,-1,-1
2021-09-13,29.07,29.11,28.81,28.16,28.21,-1,-1
2021-09-14,29.38,29.29,28.87,28.19,28.25,1,-1
2021-09-15,29.63,29.43,28.92,28.24,28.28,1,-1
2021-09-16,29.91,29.58,28.98,28.32,28.31,1,1
2021-09-17,30.26,29.70,29.04,28.41,28.34,1,1
2021-09-20,30.39,29.74,29.06,28.46,28.36,1,1
2021-09-21,30.55,29.80,29.08,28.51,28.38,1,1
2021-09-22,30.82,29.95,29.16,28.59,28.41,1,1
2021-09-23,31.01,30.20,29.28,28.69,28.43,1,1
2021-09-24,31.21,30.42,29.41,28.80,28.46,1,1
2021-09-27,31.39,30.65,29.54,28.93,28.49,1,1
2021-09-28,31.42,30.84,29.65,29.03,28.52,1,1
2021-09-29,31.46,30.93,29.76,29.11,28.55,1,1
2021-09-30,31.43,30.99,29.86,29.16,28.57,1,1
2021-10-01,31.26,31.04,29.94,29.22,28.59,1,1
2021-10-04,30.78,30.89,29.98,29.26,28.61,-1,1
2021-10-05,30.33,30.77,30.02,29.31,28.63,-1,1
2021-10-06,29.86,30.63,30.03,29.37,28.65,-1,1
2021-10-07,29.61,30.51,30.05,29.43,28.67,-1,1
2021-10-08,29.45,30.46,30.06,29.46,28.70,-1,1
2021-10-11,29.34,30.39,30.05,29.48,28.72,-1,1
2021-10-12,29.12,30.19,30.02,29.47,28.73,-1,1
2021-10-13,29.07,29.93,29.99,29.45,28.75,-1,1
2021-10-14,29.11,29.72,30.01,29.46,28.77,-1,1
2021-10-15,29.27,29.57,30.05,29.47,28.79,-1,1
2021-10-18,29.38,29.50,30.08,29.49,28.81,-1,1
2021-10-19,29.64,29.55,30.15,29.53,28.84,1,1
2021-10-20,29.95,29.65,30.24,29.58,28.86,1,1
2021-10-21,30.33,29.73,30.30,29.62,28.88,1,1
2021-10-22,30.67,29.87,30.37,29.67,28.90,1,1
2021-10-25,31.10,30.10,30.48,29.75,28.92,1,1
2021-10-26,31.34,30.30,30.50,29.83,28.94,1,1
2021-10-27,31.53,30.45,30.52,29.92,28.96,1,1
2021-10-28,31.67,30.66,30.56,30.02,28.98,1,1
2021-10-29,31.74,30.85,30.58,30.11,28.99,1,1
2021-11-01,32.07,31.20,30.69,30.22,29.01,1,1
2021-11-02,32.53,31.60,30.84,30.34,29.04,1,1
2021-11-03,32.75,31.93,30.93,30.45,29.06,1,1
2021-11-04,33.19,32.27,31.01,30.57,29.08,1,1
2021-11-05,33.71,32.62,31.11,30.70,29.10,1,1
2021-11-08,34.39,33.03,31.26,30.84,29.14,1,1
2021-11-09,35.08,33.41,31.44,30.99,29.17,1,1
2021-11-10,35.44,33.75,31.62,31.12,29.21,1,1
2021-11-11,35.72,34.13,31.84,31.26,29.25,1,1
2021-11-12,36.07,34.41,32.05,31.41,29.29,1,1
2021-11-15,36.33,34.76,32.31,31.56,29.32,1,1
2021-11-16,36.60,35.15,32.57,31.72,29.36,1,1
2021-11-17,36.58,35.48,32.82,31.88,29.39,1,1
2021-11-18,36.56,35.82,33.06,32.03,29.41,1,1
2021-11-19,36.63,36.03,33.30,32.18,29.44,1,1
2021-11-22,36.66,36.19,33.54,32.32,29.46,1,1
2021-11-23,36.59,36.33,33.80,32.42,29.48,1,1
2021-11-24,36.47,36.40,34.04,32.52,29.50,1,1
2021-11-26,36.17,36.39,34.22,32.60,29.51,-1,1
2021-11-29,36.07,36.32,34.41,32.70,29.53,-1,1
2021-11-30,35.91,36.24,34.58,32.81,29.54,-1,1
2021-12-01,35.89,36.26,34.75,32.93,29.56,-1,1
2021-12-02,36.03,36.35,34.96,33.05,29.59,-1,1
2021-12-03,36.14,36.36,35.15,33.14,29.61,-1,1
2021-12-06,36.49,36.48,35.40,33.26,29.65,1,1
2021-12-07,36.99,36.58,35.59,33.38,29.69,1,1
2021-12-08,37.36,36.71,35.81,33.53,29.72,1,1
2021-12-09,37.57,36.74,35.99,33.66,29.76,1,1
2021-12-10,37.67,36.78,36.15,33.80,29.80,1,1
2021-12-13,37.56,36.80,36.32,33.94,29.83,1,1
2021-12-14,37.47,36.81,36.41,34.08,29.86,1,1
2021-12-15,37.47,36.98,36.55,34.26,29.90,1,1
2021-12-16,37.24,37.12,36.64,34.42,29.95,1,1
2021-12-17,36.95,37.16,36.69,34.56,30.00,-1,1
2021-12-20,36.88,37.22,36.73,34.70,30.04,-1,1
2021-12-21,36.92,37.30,36.74,34.86,30.09,-1,1
2021-12-22,37.13,37.35,36.80,35.06,30.14,-1,1
2021-12-23,37.44,37.46,36.88,35.25,30.19,-1,1
2021-12-27,37.65,37.56,37.00,35.46,30.24,1,1
2021-12-28,37.99,37.61,37.09,35.64,30.29,1,1
2021-12-29,38.39,37.67,37.17,35.82,30.34,1,1
2021-12-30,38.79,37.83,37.24,35.98,30.38,1,1
2021-12-31,39.14,38.03,37.34,36.15,30.44,1,1
2022-01-03,39.42,38.27,37.46,36.33,30.49,1,1
2022-01-04,39.69,38.56,37.59,36.51,30.55,1,1
2022-01-05,39.66,38.65,37.70,36.66,30.60,1,1
2022-01-06,39.78,38.88,37.83,36.82,30.66,1,1
2022-01-07,39.75,39.07,37.93,36.97,30.72,1,1
2022-01-10,39.74,39.26,38.07,37.11,30.78,1,1
2022-01-11,39.87,39.51,38.23,37.29,30.85,1,1
2022-01-12,39.84,39.63,38.38,37.42,30.91,1,1
2022-01-13,39.74,39.71,38.49,37.52,30.96,1,1
2022-01-14,39.81,39.74,38.58,37.64,31.02,1,1
2022-01-18,39.65,39.71,38.65,37.72,31.06,-1,1
2022-01-19,39.41,39.58,38.62,37.77,31.10,-1,1
2022-01-20,38.96,39.35,38.53,37.75,31.13,-1,1
2022-01-21,38.19,39.03,38.42,37.72,31.16,-1,1
2022-01-24,37.59,38.72,38.39,37.72,31.19,-1,1
2022-01-25,36.74,38.24,38.28,37.66,31.21,-1,1
2022-01-26,35.85,37.83,38.18,37.61,31.23,-1,1
2022-01-27,34.84,37.25,38.03,37.51,31.24,-1,1
2022-01-28,34.19,36.80,37.85,37.43,31.25,-1,1
2022-01-31,33.96,36.46,37.77,37.38,31.28,-1,1
2022-02-01,33.84,36.02,37.70,37.34,31.31,-1,1
2022-02-02,33.76,35.67,37.66,37.32,31.34,-1,1
2022-02-03,33.76,35.25,37.54,37.26,31.36,-1,1
2022-02-04,33.80,34.83,37.41,37.22,31.39,-1,1
2022-02-07,34.20,34.52,37.28,37.19,31.42,-1,1
2022-02-08,34.53,34.36,37.12,37.20,31.44,1,1
2022-02-09,34.79,34.38,37.02,37.20,31.48,1,1
2022-02-10,34.91,34.38,36.89,37.20,31.51,1,1
2022-02-11,34.71,34.23,36.71,37.15,31.53,1,1
2022-02-14,34.64,34.20,36.49,37.06,31.56,1,1
2022-02-15,36.46,35.13,36.72,37.27,31.65,1,1
2022-02-16,38.27,36.24,36.95,37.44,31.75,1,1
2022-02-17,39.94,37.24,37.19,37.61,31.84,1,1
2022-02-18,41.48,38.14,37.42,37.78,31.94,1,1
2022-02-22,43.11,39.01,37.67,37.97,32.03,1,1
2022-02-23,44.96,39.83,37.92,38.17,32.12,1,1
2022-02-24,46.93,40.79,38.14,38.38,32.22,1,1
2022-02-25,46.90,41.68,38.36,38.59,32.33,1,1
2022-02-28,46.84,42.56,38.61,38.76,32.43,1,1
2022-03-01,46.81,43.38,38.82,38.95,32.53,1,1
2022-03-02,46.82,44.15,39.09,39.16,32.64,1,1
2022-03-03,46.86,44.98,39.41,39.37,32.74,1,1
2022-03-04,46.88,45.92,39.77,39.57,32.84,1,1
2022-03-07,46.85,46.89,40.16,39.74,32.94,-1,1
2022-03-08,46.87,46.89,40.53,39.91,33.04,-1,1
2022-03-09,46.94,46.89,40.99,40.06,33.14,1,1
2022-03-10,47.03,46.92,41.43,40.22,33.24,1,1
2022-03-11,47.05,46.93,41.94,40.37,33.34,1,1
2022-03-14,47.08,46.97,42.42,40.53,33.44,1,1
2022-03-15,47.12,47.00,42.84,40.68,33.54,1,1
2022-03-16,47.24,47.05,43.28,40.83,33.64,1,1
2022-03-17,47.37,47.12,43.71,40.98,33.74,1,1
2022-03-18,47.53,47.23,44.20,41.16,33.85,1,1
2022-03-21,47.67,47.35,44.66,41.32,33.96,1,1
2022-03-22,47.92,47.48,45.14,41.52,34.07,1,1
2022-03-23,48.13,47.60,45.59,41.71,34.18,1,1
2022-03-24,48.35,47.73,46.01,41.87,34.29,1,1
2022-03-25,48.53,47.88,46.46,42.05,34.40,1,1
2022-03-28,48.63,48.00,46.96,42.23,34.50,1,1
2022-03-29,48.69,48.11,47.48,42.40,34.61,1,1
2022-03-30,48.73,48.20,47.53,42.60,34.71,1,1
2022-03-31,48.66,48.29,47.57,42.81,34.81,1,1
2022-04-01,48.65,48.39,47.62,43.07,34.92,1,1
2022-04-04,48.67,48.51,47.68,43.34,35.03,1,1
2022-04-05,48.64,48.58,47.75,43.60,35.14,1,1
2022-04-06,48.60,48.62,47.80,43.89,35.24,-1,1
2022-04-07,48.56,48.63,47.86,44.18,35.35,-1,1
2022-04-08,48.56,48.64,47.91,44.52,35.45,-1,1
2022-04-11,48.53,48.59,47.96,44.82,35.54,-1,1
2022-04-12,48.49,48.57,48.01,45.10,35.64,-1,1
2022-04-13,48.41,48.54,48.06,45.38,35.73,-1,1
2022-04-14,48.34,48.49,48.10,45.64,35.82,-1,1
2022-04-18,48.33,48.47,48.14,45.93,35.92,-1,1
2022-04-19,48.32,48.44,48.20,46.21,36.01,-1,1
2022-04-20,48.33,48.44,48.25,46.49,36.11,-1,1
2022-04-21,48.35,48.44,48.29,46.76,36.22,-1,1
2022-04-22,48.36,48.42,48.32,47.00,36.33,-1,1
2022-04-25,48.42,48.42,48.38,47.27,36.43,-1,1
2022-04-26,48.45,48.40,48.42,47.56,36.54,1,1
2022-04-27,48.45,48.39,48.45,47.86,36.64,1,1
2022-04-28,48.44,48.38,48.48,47.89,36.75,1,1
2022-04-29,48.39,48.36,48.49,47.91,36.86,1,1
2022-05-02,48.41,48.38,48.49,47.94,36.97,1,1
2022-05-03,48.46,48.41,48.51,47.98,37.08,1,1
2022-05-04,48.51,48.46,48.51,48.03,37.19,1,1
2022-05-05,48.56,48.51,48.52,48.06,37.30,1,1
2022-05-06,48.57,48.51,48.51,48.09,37.41,1,1
2022-05-09,48.39,48.41,48.45,48.10,37.51,-1,1
2022-05-10,48.26,48.32,48.40,48.11,37.61,-1,1
2022-05-11,48.06,48.24,48.35,48.12,37.71,-1,1
2022-05-12,47.81,48.14,48.29,48.11,37.82,-1,1
2022-05-13,47.52,48.02,48.25,48.12,37.91,-1,1
2022-05-16,47.21,47.89,48.18,48.11,38.01,-1,1
2022-05-17,47.02,47.80,48.12,48.12,38.09,-1,1
2022-05-18,46.89,47.64,48.04,48.10,38.18,-1,1
2022-05-19,46.70,47.48,47.96,48.08,38.26,-1,1
2022-05-20,46.50,47.28,47.87,48.04,38.34,-1,1
2022-05-23,46.43,47.12,47.79,48.03,38.43,-1,1
2022-05-24,46.33,46.93,47.74,48.01,38.51,-1,1
2022-05-25,46.39,46.80,47.70,48.01,38.60,-1,1
2022-05-26,46.45,46.74,47.66,48.01,38.70,-1,1
2022-05-27,46.75,46.82,47.67,48.01,38.80,-1,1
2022-05-31,47.07,46.88,47.67,48.01,38.89,1,1
2022-06-01,47.38,46.94,47.65,48.00,38.99,1,1
2022-06-02,47.67,47.05,47.64,47.99,39.10,1,1
2022-06-03,47.94,47.14,47.64,47.99,39.21,1,1
2022-06-06,48.10,47.25,47.64,47.98,39.31,1,1
2022-06-07,48.17,47.31,47.61,47.96,39.41,1,1
2022-06-08,48.12,47.43,47.59,47.94,39.51,1,1
2022-06-09,48.03,47.55,47.57,47.92,39.60,1,1
2022-06-10,47.96,47.67,47.54,47.89,39.70,1,1
2022-06-13,47.70,47.68,47.48,47.86,39.78,1,1
2022-06-14,47.42,47.68,47.41,47.82,39.87,-1,1
2022-06-15,47.24,47.67,47.35,47.78,39.96,-1,1
2022-06-16,47.04,47.60,47.26,47.73,40.04,-1,1
2022-06-17,46.84,47.48,47.19,47.69,40.13,-1,1
2022-06-21,46.72,47.37,47.13,47.66,40.22,-1,1
2022-06-22,46.61,47.28,47.12,47.62,40.30,-1,1
2022-06-23,46.62,47.16,47.10,47.59,40.39,-1,1
2022-06-24,46.67,47.04,47.08,47.56,40.48,-1,1
2022-06-27,46.64,46.94,47.08,47.53,40.57,-1,1
2022-06-28,46.64,46.84,47.06,47.50,40.66,-1,1
2022-06-29,46.66,46.75,47.06,47.46,40.74,-1,1
2022-06-30,46.57,46.65,47.03,47.42,40.82,-1,1
2022-07-01,46.44,46.53,47.01,47.36,40.89,-1,1
2022-07-05,46.33,46.47,47.01,47.31,40.97,-1,1
2022-07-06,46.19,46.43,47.01,47.26,41.04,-1,1
2022-07-07,46.12,46.38,47.00,47.20,41.12,-1,1
2022-07-08,46.10,46.37,47.00,47.17,41.20,-1,1
2022-07-11,46.06,46.36,46.98,47.12,41.28,-1,1
2022-07-12,46.06,46.31,46.94,47.08,41.35,-1,1
2022-07-13,46.13,46.29,46.87,47.04,41.41,-1,1
2022-07-14,46.14,46.24,46.79,46.99,41.48,-1,1
2022-07-15,46.19,46.19,46.73,46.94,41.56,-1,1
2022-07-18,46.13,46.12,46.64,46.87,41.63,1,1
2022-07-19,46.05,46.08,46.56,46.81,41.71,-1,1
2022-07-20,46.02,46.04,46.49,46.77,41.79,-1,1
2022-07-21,46.03,46.04,46.44,46.75,41.88,-1,1
2022-07-22,46.00,46.06,46.37,46.72,41.96,-1,1
2022-07-25,46.03,46.08,46.33,46.70,42.05,-1,1
2022-07-26,46.01,46.10,46.28,46.69,42.13,-1,1
2022-07-27,46.15,46.14,46.28,46.68,42.22,1,1
2022-07-28,46.35,46.20,46.31,46.69,42.31,1,1
2022-07-29,46.61,46.31,46.35,46.71,42.41,1,1
2022-08-01,46.70,46.36,46.36,46.72,42.50,1,1
2022-08-02,46.84,46.42,46.38,46.74,42.58,1,1
2022-08-03,46.98,46.50,46.39,46.77,42.67,1,1
2022-08-04,47.20,46.60,46.42,46.79,42.75,1,1
2022-08-05,47.29,46.72,46.44,46.81,42.84,1,1
2022-08-08,47.34,46.84,46.47,46.83,42.92,1,1
2022-08-09,47.30,46.96,46.50,46.83,43.00,1,1
2022-08-10,47.35,47.02,46.52,46.81,43.08,1,1
2022-08-11,47.38,47.11,46.54,46.79,43.15,1,1
2022-08-12,47.46,47.22,46.59,46.78,43.23,1,1
2022-08-15,47.49,47.34,46.66,46.77,43.31,1,1
2022-08-16,47.53,47.41,46.72,46.75,43.39,1,1
2022-08-17,47.48,47.41,46.77,46.74,43.47,1,1
2022-08-18,47.40,47.35,46.80,46.72,43.54,1,1
2022-08-19,47.32,47.34,46.81,46.70,43.60,-1,1
2022-08-22,47.19,47.29,46.81,46.67,43.66,-1,1
2022-08-23,47.01,47.23,46.82,46.65,43.72,-1,1
2022-08-24,46.84,47.16,46.82,46.65,43.77,-1,1
2022-08-25,46.71,47.12,46.85,46.66,43.82,-1,1
2022-08-26,46.59,47.04,46.87,46.65,43.87,-1,1
2022-08-29,46.49,46.95,46.89,46.64,43.92,-1,1
2022-08-30,46.46,46.89,46.91,46.64,43.97,-1,1
2022-08-31,46.48,46.83,46.92,46.64,44.02,-1,1
2022-09-01,46.39,46.70,46.90,46.62,44.07,-1,1
2022-09-02,46.25,46.54,46.88,46.60,44.11,-1,1
2022-09-06,46.02,46.37,46.85,46.57,44.15,-1,1
2022-09-07,45.90,46.24,46.84,46.54,44.20,-1,1
2022-09-08,45.84,46.17,46.81,46.53,44.25,-1,1
2022-09-09,45.75,46.11,46.77,46.52,44.29,-1,1
2022-09-12,45.67,46.08,46.70,46.51,44.34,-1,1
2022-09-13,45.61,46.00,46.64,46.50,44.39,-1,1
2022-09-14,45.55,45.90,46.58,46.49,44.44,-1,1
2022-09-15,45.54,45.78,46.51,46.47,44.48,-1,1
2022-09-16,45.45,45.68,46.43,46.45,44.53,-1,1
2022-09-19,45.29,45.56,46.35,46.42,44.57,-1,1
2022-09-20,45.12,45.44,46.25,46.39,44.61,-1,1
2022-09-21,44.95,45.31,46.15,46.36,44.65,-1,1
2022-09-22,44.81,45.21,46.05,46.32,44.68,-1,1
2022-09-23,44.60,45.08,45.93,46.27,44.70,-1,1
2022-09-26,44.33,44.94,45.79,46.21,44.73,-1,1
2022-09-27,44.10,44.77,45.64,46.17,44.76,-1,1
2022-09-28,44.09,44.69,45.54,46.14,44.80,-1,1
2022-09-29,44.05,44.58,45.45,46.11,44.84,-1,1
2022-09-30,43.95,44.45,45.34,46.06,44.88,-1,1
2022-10-03,43.95,44.38,45.26,46.03,44.90,-1,1
2022-10-04,44.06,44.33,45.20,46.00,44.94,-1,1
2022-10-05,44.29,44.31,45.15,45.97,44.98,-1,1
2022-10-06,44.52,44.31,45.10,45.94,45.03,1,1
2022-10-07,44.52,44.31,45.03,45.89,45.06,1,1
2022-10-10,44.43,44.24,44.94,45.81,45.09,1,1
2022-10-11,44.32,44.13,44.84,45.73,45.12,1,1
2022-10-12,44.11,44.03,44.72,45.65,45.13,1,1
2022-10-13,43.89,43.98,44.60,45.56,45.15,-1,1
2022-10-14,43.64,43.96,44.51,45.48,45.17,-1,1
2022-10-17,43.41,43.96,44.44,45.40,45.19,-1,1
2022-10-18,43.12,43.82,44.36,45.30,45.20,-1,1
2022-10-19,42.97,43.70,44.26,45.20,45.22,-1,-1
2022-10-20,42.93,43.62,44.16,45.11,45.23,-1,-1
2022-10-21,42.99,43.55,44.07,45.03,45.25,-1,-1
2022-10-24,42.93,43.41,43.96,44.93,45.26,-1,-1
2022-10-25,42.85,43.25,43.87,44.83,45.28,-1,-1
2022-10-26,42.73,43.07,43.78,44.72,45.29,-1,-1
2022-10-27,42.64,42.88,43.68,44.62,45.30,-1,-1
2022-10-28,42.65,42.81,43.60,44.53,45.32,-1,-1
2022-10-31,42.63,42.78,43.54,44.46,45.33,-1,-1
2022-11-01,42.59,42.79,43.48,44.39,45.35,-1,-1
2022-11-02,42.37,42.65,43.36,44.28,45.36,-1,-1
2022-11-03,42.06,42.45,43.22,44.16,45.37,-1,-1
2022-11-04,41.71,42.22,43.11,44.02,45.39,-1,-1
2022-11-07,41.40,42.02,43.00,43.89,45.41,-1,-1
2022-11-08,41.05,41.85,42.90,43.77,45.44,-1,-1
2022-11-09,40.66,41.64,42.74,43.64,45.47,-1,-1
2022-11-10,40.35,41.47,42.62,43.53,45.50,-1,-1
2022-11-11,40.36,41.36,42.52,43.44,45.55,-1,-1
2022-11-14,40.65,41.35,42.45,43.37,45.60,-1,-1
2022-11-15,41.10,41.40,42.42,43.34,45.64,-1,-1
2022-11-16,41.47,41.44,42.34,43.27,45.68,1,-1
2022-11-17,41.86,41.46,42.28,43.22,45.72,1,-1
2022-11-18,42.32,41.49,42.22,43.16,45.77,1,-1
2022-11-21,42.62,41.48,42.19,43.10,45.81,1,-1
2022-11-22,42.96,41.66,42.21,43.07,45.86,1,-1
2022-11-23,43.20,41.92,42.24,43.04,45.90,1,-1
2022-11-25,43.33,42.21,42.28,43.03,45.94,1,-1
2022-11-28,43.43,42.45,42.29,42.99,45.98,1,-1
2022-11-29,43.56,42.71,42.31,42.97,46.03,1,-1
2022-11-30,43.75,43.04,42.37,42.97,46.09,1,-1
2022-12-01,43.98,43.30,42.43,42.97,46.07,1,-1
2022-12-02,44.16,43.56,42.49,42.98,46.06,1,-1
2022-12-05,44.27,43.74,42.54,43.00,46.05,1,-1
2022-12-06,44.38,43.85,42.62,43.03,46.04,1,-1
2022-12-07,44.59,44.01,42.70,43.06,46.03,1,-1
2022-12-08,44.78,44.17,42.79,43.07,46.02,1,-1
2022-12-09,44.96,44.36,42.91,43.10,46.02,1,-1
2022-12-12,45.17,44.58,43.02,43.14,46.01,1,-1
2022-12-13,45.40,44.78,43.14,43.18,46.01,1,-1
2022-12-14,45.61,44.94,43.24,43.22,46.01,1,-1
2022-12-15,45.77,45.07,43.41,43.24,46.00,1,-1
2022-12-16,45.92,45.25,43.60,43.26,46.00,1,-1
2022-12-19,45.92,45.35,43.77,43.27,45.99,1,-1
2022-12-20,45.81,45.38,43.94,43.29,45.98,1,-1
2022-12-21,45.65,45.41,44.09,43.33,45.97,1,-1
2022-12-22,45.36,45.38,44.24,43.35,45.96,-1,-1
2022-12-23,45.04,45.32,44.34,43.38,45.94,-1,-1
2022-12-27,44.71,45.24,44.43,43.39,45.92,-1,-1
2022-12-28,44.33,45.12,44.46,43.38,45.90,-1,-1
2022-12-29,44.04,44.98,44.46,43.39,45.88,-1,-1
2022-12-30,43.77,44.79,44.48,43.40,45.86,-1,-1
2023-01-03,43.51,44.58,44.48,43.41,45.84,-1,-1
2023-01-04,43.37,44.36,44.48,43.41,45.81,-1,-1
2023-01-05,43.31,44.17,44.50,43.43,45.79,-1,-1
2023-01-06,43.38,44.05,44.53,43.46,45.76,-1,-1
2023-01-09,43.51,43.92,44.53,43.49,45.74,-1,-1
2023-01-10,43.64,43.84,44.53,43.53,45.72,-1,-1
2023-01-11,43.77,43.77,44.56,43.56,45.69,-1,-1
2023-01-12,43.82,43.67,44.54,43.57,45.67,1,-1
2023-01-13,43.87,43.62,44.51,43.59,45.64,1,-1
2023-01-17,43.92,43.62,44.49,43.65,45.62,1,-1
2023-01-18,43.86,43.62,44.46,43.72,45.59,1,-1
2023-01-19,43.79,43.65,44.41,43.78,45.57,1,-1
2023-01-20,43.62,43.63,44.35,43.84,45.54,-1,-1
2023-01-23,43.51,43.64,44.30,43.90,45.51,-1,-1
2023-01-24,43.44,43.63,44.22,43.96,45.49,-1,-1
2023-01-25,43.40,43.63,44.14,44.01,45.46,-1,-1
2023-01-26,43.26,43.59,44.04,44.05,45.43,-1,-1
2023-01-27,43.12,43.49,43.92,44.06,45.41,-1,-1
2023-01-30,42.89,43.34,43.78,44.03,45.37,-1,-1
2023-01-31,42.72,43.17,43.64,44.02,45.34,-1,-1
2023-02-01,42.46,42.98,43.50,43.99,45.31,-1,-1
2023-02-02,42.31,42.87,43.38,43.96,45.28,-1,-1
2023-02-03,42.04,42.72,43.26,43.93,45.24,-1,-1
2023-02-06,41.81,42.53,43.14,43.89,45.20,-1,-1
2023-02-07,41.65,42.38,43.06,43.84,45.17,-1,-1
2023-02-08,41.61,42.25,42.98,43.79,45.14,-1,-1
2023-02-09,41.57,42.14,42.91,43.76,45.10,-1,-1
2023-02-10,41.59,42.02,42.86,43.71,45.07,-1,-1
2023-02-13,41.44,41.87,42.78,43.64,45.03,-1,-1
2023-02-14,41.32,41.68,42.69,43.56,44.99,-1,-1
2023-02-15,41.21,41.51,42.61,43.48,44.95,-1,-1
2023-02-16,41.11,41.38,42.53,43.40,44.92,-1,-1
2023-02-17,41.00,41.30,42.44,43.32,44.88,-1,-1
2023-02-21,40.89,41.23,42.33,43.24,44.83,-1,-1
2023-02-22,40.84,41.22,42.23,43.16,44.80,-1,-1
2023-02-23,40.91,41.17,42.14,43.07,44.76,-1,-1
2023-02-24,40.94,41.13,42.03,42.97,44.73,-1,-1
2023-02-27,40.91,41.06,41.93,42.85,44.70,-1,-1
2023-02-28,40.85,40.98,41.83,42.74,44.66,-1,-1
2023-03-01,40.80,40.90,41.71,42.63,44.63,-1,-1
2023-03-02,40.74,40.82,41.60,42.52,44.60,-1,-1
2023-03-03,40.59,40.71,41.49,42.41,44.57,-1,-1
2023-03-06,40.40,40.65,41.39,42.31,44.53,-1,-1
2023-03-07,40.25,40.60,41.27,42.21,44.50,-1,-1
2023-03-08,40.33,40.62,41.21,42.14,44.47,-1,-1
2023-03-09,40.43,40.64,41.14,42.09,44.45,-1,-1
2023-03-10,40.51,40.65,41.07,42.04,44.42,-1,-1
2023-03-13,40.58,40.66,41.01,41.99,44.40,-1,-1
2023-03-14,40.70,40.64,40.98,41.95,44.37,1,-1
2023-03-15,40.81,40.61,40.94,41.90,44.33,1,-1
2023-03-16,40.93,40.59,40.91,41.85,44.29,1,-1
2023-03-17,40.79,40.56,40.85,41.78,44.25,1,-1
2023-03-20,40.66,40.54,40.81,41.72,44.22,1,-1
2023-03-21,40.61,40.56,40.79,41.65,44.18,1,-1
2023-03-22,40.64,40.61,40.77,41.59,44.14,1,-1
2023-03-23,40.70,40.70,40.76,41.53,44.11,-1,-1
2023-03-24,40.77,40.79,40.75,41.48,44.07,-1,-1
2023-03-27,40.83,40.88,40.74,41.43,44.04,-1,-1
2023-03-28,41.01,40.90,40.75,41.38,44.01,1,-1
2023-03-29,41.31,40.98,40.81,41.35,43.98,1,-1
2023-03-30,41.55,41.08,40.87,41.32,43.96,1,-1
2023-03-31,41.75,41.19,40.92,41.30,43.94,1,-1
2023-04-03,41.94,41.32,40.98,41.30,43.92,1,-1
2023-04-04,42.16,41.46,41.05,41.29,43.90,1,-1
2023-04-05,42.35,41.59,41.09,41.28,43.88,1,-1
2023-04-06,42.46,41.73,41.11,41.25,43.86,1,-1
2023-04-10,42.39,41.85,41.15,41.23,43.84,1,-1
2023-04-11,42.55,42.05,41.25,41.25,43.82,1,-1
2023-04-12,42.75,42.25,41.36,41.28,43.80,1,-1
2023-04-13,43.05,42.49,41.51,41.35,43.80,1,-1
2023-04-14,43.40,42.78,41.67,41.42,43.79,1,-1
2023-04-17,43.74,43.05,41.83,41.48,43.78,1,-1
2023-04-18,44.10,43.28,41.98,41.54,43.77,1,-1
2023-04-19,44.49,43.44,42.14,41.61,43.77,1,-1
2023-04-20,44.69,43.62,42.27,41.67,43.76,1,-1
2023-04-21,44.82,43.79,42.39,41.74,43.76,1,-1
2023-04-24,44.82,43.93,42.51,41.80,43.75,1,-1
2023-04-25,44.67,44.04,42.63,41.85,43.74,1,-1
2023-04-26,44.56,44.15,42.73,41.92,43.73,1,-1
2023-04-27,44.70,44.40,42.88,42.01,43.72,1,-1
2023-04-28,44.75,44.62,43.03,42.10,43.72,1,-1
2023-05-01,44.74,44.71,43.19,42.18,43.71,1,-1
2023-05-02,44.69,44.76,43.33,42.25,43.70,-1,-1
2023-05-03,44.64,44.73,43.45,42.32,43.70,-1,-1
2023-05-04,44.55,44.61,43.54,42.37,43.69,-1,-1
2023-05-05,44.45,44.50,43.60,42.41,43.67,-1,-1
2023-05-08,44.07,44.38,43.65,42.45,43.66,-1,-1
2023-05-09,43.62,44.18,43.68,42.48,43.64,-1,-1
2023-05-10,43.16,43.95,43.69,42.50,43.61,-1,-1
2023-05-11,42.67,43.68,43.65,42.51,43.59,-1,-1
2023-05-12,42.10,43.37,43.58,42.51,43.56,-1,-1
2023-05-15,41.73,43.14,43.53,42.53,43.53,-1,-1
2023-05-16,41.30,42.87,43.45,42.54,43.49,-1,-1
2023-05-17,40.97,42.52,43.38,42.55,43.46,-1,-1
2023-05-18,40.96,42.29,43.36,42.57,43.43,-1,-1
2023-05-19,40.95,42.06,43.34,42.57,43.40,-1,-1
2023-05-22,40.89,41.78,43.30,42.57,43.37,-1,-1
2023-05-23,40.84,41.47,43.18,42.55,43.33,-1,-1
2023-05-24,40.38,41.05,42.98,42.49,43.28,-1,-1
2023-05-25,40.04,40.67,42.75,42.43,43.23,-1,-1
2023-05-26,39.82,40.40,42.54,42.40,43.19,-1,-1
2023-05-30,39.62,40.29,42.39,42.41,43.16,-1,-1
2023-05-31,39.29,40.12,42.22,42.38,43.12,-1,-1
2023-06-01,39.03,39.96,42.02,42.35,43.07,-1,-1
2023-06-02,38.79,39.82,41.81,42.29,43.02,-1,-1
2023-06-05,38.92,39.65,41.60,42.24,42.98,-1,-1
2023-06-06,38.93,39.49,41.38,42.18,42.94,-1,-1
2023-06-07,38.87,39.34,41.19,42.12,42.90,-1,-1
2023-06-08,38.59,39.11,41.00,42.07,42.86,-1,-1
2023-06-09,38.59,38.94,40.79,42.00,42.82,-1,-1
2023-06-12,38.68,38.86,40.61,41.95,42.79,-1,-1
2023-06-13,38.95,38.87,40.46,41.90,42.75,1,-1
2023-06-14,39.30,39.11,40.34,41.87,42.73,1,-1
2023-06-15,39.74,39.34,40.24,41.84,42.70,1,-1
2023-06-16,40.12,39.50,40.15,41.81,42.67,1,-1
2023-06-20,40.46,39.52,40.07,41.79,42.65,1,-1
2023-06-21,40.45,39.52,39.95,41.73,42.61,1,-1
2023-06-22,40.37,39.53,39.85,41.64,42.58,1,-1
2023-06-23,40.13,39.54,39.75,41.53,42.55,1,-1
2023-06-26,39.76,39.53,39.66,41.41,42.51,1,-1
2023-06-27,39.27,39.50,39.57,41.26,42.47,-1,-1
2023-06-28,38.71,39.42,39.45,41.11,42.43,-1,-1
2023-06-29,38.17,39.31,39.34,40.96,42.38,-1,-1
2023-06-30,37.95,39.20,39.24,40.81,42.34,-1,-1
2023-07-03,37.70,39.04,39.09,40.66,42.31,-1,-1
2023-07-05,37.40,38.76,38.92,40.49,42.26,-1,-1
2023-07-06,37.03,38.39,38.76,40.32,42.22,-1,-1
2023-07-07,36.72,37.99,38.61,40.14,42.17,-1,-1
2023-07-10,36.45,37.58,38.53,39.97,42.12,-1,-1
2023-07-11,36.37,37.27,38.48,39.79,42.08,-1,-1
2023-07-12,36.36,37.15,38.43,39.64,42.05,-1,-1
2023-07-13,36.35,37.02,38.32,39.49,42.02,-1,-1
2023-07-14,36.50,36.95,38.27,39.35,41.99,-1,-1
2023-07-17,36.85,36.94,38.25,39.23,41.96,-1,-1
2023-07-18,37.19,36.96,38.24,39.11,41.93,1,-1
2023-07-19,37.52,36.98,38.21,39.00,41.90,1,-1
2023-07-20,37.56,36.96,38.16,38.88,41.86,1,-1
2023-07-21,37.41,36.88,38.09,38.77,41.82,1,-1
2023-07-24,37.10,36.72,37.97,38.64,41.77,1,-1
2023-07-25,36.71,36.60,37.83,38.51,41.72,1,-1
2023-07-26,36.47,36.66,37.74,38.44,41.68,-1,-1
2023-07-27,36.20,36.70,37.60,38.34,41.64,-1,-1
2023-07-28,36.14,36.83,37.47,38.28,41.61,-1,-1
2023-07-31,36.28,36.92,37.36,38.22,41.58,-1,-1
2023-08-01,36.50,36.95,37.25,38.15,41.55,-1,-1
2023-08-02,36.83,36.96,37.13,38.06,41.53,-1,-1
2023-08-03,37.20,36.95,37.07,38.00,41.50,1,-1
2023-08-04,37.19,36.83,37.00,37.93,41.46,1,-1
2023-08-07,37.30,36.75,36.94,37.91,41.43,1,-1
2023-08-08,37.14,36.64,36.86,37.87,41.40,1,-1
2023-08-09,36.75,36.51,36.77,37.79,41.36,1,-1
2023-08-10,36.29,36.40,36.68,37.68,41.32,-1,-1
2023-08-11,35.88,36.35,36.59,37.58,41.28,-1,-1
2023-08-14,35.39,36.29,36.47,37.48,41.24,-1,-1
2023-08-15,34.97,36.08,36.36,37.39,41.19,-1,-1
2023-08-16,34.02,35.66,36.15,37.22,41.13,-1,-1
2023-08-17,33.21,35.18,35.97,37.07,41.07,-1,-1
2023-08-18,32.59,34.67,35.80,36.91,41.01,-1,-1
2023-08-21,32.04,34.17,35.65,36.76,40.95,-1,-1
2023-08-22,31.47,33.67,35.45,36.59,40.90,-1,-1
2023-08-23,30.89,33.14,35.20,36.39,40.84,-1,-1
2023-08-24,30.11,32.54,34.90,36.16,40.79,-1,-1
2023-08-25,29.90,31.96,34.61,35.91,40.73,-1,-1
2023-08-28,29.56,31.38,34.27,35.65,40.67,-1,-1
2023-08-29,29.26,30.92,33.95,35.39,40.61,-1,-1
2023-08-30,28.98,30.51,33.66,35.16,40.55,-1,-1
2023-08-31,28.89,30.18,33.43,34.97,40.50,-1,-1
2023-09-01,28.90,29.90,33.21,34.79,40.43,-1,-1
2023-09-05,29.06,29.59,33.03,34.61,40.36,-1,-1
2023-09-06,29.08,29.49,32.83,34.41,40.30,-1,-1
2023-09-07,29.16,29.36,32.56,34.23,40.22,-1,-1
2023-09-08,29.11,29.18,32.30,34.05,40.15,-1,-1
2023-09-11,28.99,28.99,32.00,33.87,40.08,-1,-1
2023-09-12,28.75,28.82,31.67,33.68,40.00,-1,-1
2023-09-13,28.48,28.69,31.34,33.50,39.92,-1,-1
2023-09-14,28.27,28.67,31.03,33.33,39.84,-1,-1
2023-09-15,27.97,28.53,30.68,33.14,39.76,-1,-1
2023-09-18,27.69,28.42,30.34,32.97,39.67,-1,-1
2023-09-19,27.44,28.28,30.00,32.79,39.58,-1,-1
2023-09-20,27.11,28.05,29.65,32.57,39.48,-1,-1
2023-09-21,26.71,27.73,29.33,32.33,39.39,-1,-1
2023-09-22,26.31,27.40,29.01,32.09,39.29,-1,-1
2023-09-25,25.92,27.10,28.71,31.85,39.19,-1,-1
2023-09-26,25.59,26.78,28.39,31.57,39.09,-1,-1
2023-09-27,25.29,26.49,28.08,31.30,38.99,-1,-1
2023-09-28,25.04,26.24,27.90,31.04,38.88,-1,-1
2023-09-29,24.85,25.98,27.70,30.80,38.77,-1,-1
2023-10-02,24.74,25.72,27.50,30.56,38.66,-1,-1
2023-10-03,24.51,25.41,27.26,30.33,38.55,-1,-1
2023-10-04,24.33,25.12,27.04,30.11,38.44,-1,-1
2023-10-05,24.28,24.94,26.85,29.86,38.33,-1,-1
2023-10-06,24.28,24.78,26.72,29.63,38.23,-1,-1
2023-10-09,24.02,24.53,26.53,29.34,38.12,-1,-1
2023-10-10,23.83,24.34,26.37,29.05,38.01,-1,-1
2023-10-11,23.61,24.17,26.18,28.75,37.90,-1,-1
2023-10-12,23.43,23.97,25.96,28.46,37.80,-1,-1
2023-10-13,23.15,23.74,25.70,28.15,37.69,-1,-1
2023-10-16,22.84,23.56,25.43,27.85,37.58,-1,-1
2023-10-17,22.48,23.38,25.19,27.55,37.47,-1,-1
2023-10-18,22.40,23.21,24.97,27.28,37.37,-1,-1
2023-10-19,22.24,23.04,24.75,27.02,37.27,-1,-1
2023-10-20,22.11,22.86,24.55,26.77,37.16,-1,-1
2023-10-23,22.14,22.78,24.36,26.53,37.05,-1,-1
2023-10-24,22.34,22.74,24.21,26.32,36.95,-1,-1
2023-10-25,22.57,22.70,24.05,26.12,36.85,-1,-1
2023-10-26,22.74,22.61,23.90,25.98,36.74,1,-1
2023-10-27,22.87,22.63,23.78,25.83,36.64,1,-1
2023-10-30,22.99,22.62,23.66,25.68,36.54,1,-1
2023-10-31,23.14,22.63,23.54,25.52,36.43,1,-1
2023-11-01,23.19,22.67,23.45,25.37,36.33,1,-1
2023-11-02,23.20,22.77,23.39,25.24,36.23,1,-1
2023-11-03,23.28,22.92,23.35,25.16,36.13,1,-1
2023-11-06,23.39,23.07,23.31,25.07,36.03,1,-1
2023-11-07,23.53,23.20,23.30,24.99,35.94,1,-1
2023-11-08,23.75,23.37,23.30,24.91,35.85,1,-1
2023-11-09,23.92,23.53,23.28,24.81,35.75,1,-1
2023-11-10,24.14,23.66,23.28,24.71,35.66,1,-1
2023-11-13,24.43,23.82,23.32,24.62,35.57,1,-1
2023-11-14,24.81,24.04,23.42,24.56,35.50,1,-1
2023-11-15,25.26,24.33,23.52,24.53,35.42,1,-1
2023-11-16,25.67,24.60,23.62,24.50,35.35,1,-1
2023-11-17,26.06,24.90,23.71,24.48,35.28,1,-1
2023-11-20,26.57,25.25,23.88,24.47,35.21,1,-1
2023-11-21,27.01,25.57,24.02,24.46,35.14,1,-1
2023-11-22,27.37,25.90,24.19,24.46,35.07,1,-1
2023-11-24,27.58,26.20,24.38,24.47,35.01,1,-1
2023-11-27,27.58,26.42,24.56,24.48,34.93,1,-1
2023-11-28,27.63,26.65,24.74,24.49,34.86,1,-1
2023-11-29,27.72,26.89,24.94,24.52,34.80,1,-1
2023-11-30,27.65,27.11,25.11,24.55,34.73,1,-1
2023-12-01,27.66,27.34,25.29,24.60,34.67,1,-1
2023-12-04,27.60,27.49,25.47,24.64,34.60,1,-1
2023-12-05,27.50,27.54,25.63,24.69,34.53,-1,-1
2023-12-06,27.61,27.60,25.79,24.76,34.47,1,-1
2023-12-07,27.77,27.70,25.96,24.84,34.41,1,-1
2023-12-08,27.84,27.78,26.13,24.91,34.34,1,-1
2023-12-11,28.09,27.87,26.32,25.00,34.28,1,-1
2023-12-12,28.38,28.02,26.55,25.11,34.23,1,-1
2023-12-13,28.73,28.16,26.78,25.23,34.18,1,-1
2023-12-14,29.16,28.33,27.03,25.36,34.13,1,-1
2023-12-15,29.49,28.55,27.26,25.49,34.08,1,-1
2023-12-18,29.70,28.73,27.45,25.60,34.02,1,-1
2023-12-19,30.00,28.92,27.67,25.75,33.98,1,-1
2023-12-20,30.14,29.11,27.86,25.89,33.93,1,-1
2023-12-21,30.28,29.33,28.07,26.04,33.88,1,-1
2023-12-22,30.31,29.52,28.27,26.20,33.82,1,-1
2023-12-26,30.23,29.70,28.45,26.36,33.77,1,-1
2023-12-27,30.24,29.87,28.61,26.53,33.71,1,-1
2023-12-28,30.32,30.01,28.74,26.70,33.66,1,-1
2023-12-29,30.32,30.16,28.85,26.86,33.61,1,-1
2024-01-02,30.36,30.25,28.96,27.02,33.56,1,-1
2024-01-03,30.34,30.31,29.07,27.19,33.51,1,-1
2024-01-04,30.26,30.29,29.13,27.33,33.46,-1,-1
2024-01-05,30.20,30.21,29.19,27.46,33.40,-1,-1
2024-01-08,30.13,30.19,29.26,27.58,33.35,-1,-1
2024-01-09,30.07,30.20,29.32,27.72,33.29,-1,-1
2024-01-10,29.97,30.15,29.41,27.85,33.23,-1,-1
2024-01-11,29.85,30.10,29.48,27.98,33.17,-1,-1
2024-01-12,29.66,30.00,29.52,28.10,33.11,-1,-1
2024-01-16,29.45,29.86,29.55,28.21,33.04,-1,-1
2024-01-17,29.37,29.78,29.59,28.32,32.98,-1,-1
2024-01-18,29.29,29.71,29.65,28.43,32.91,-1,-1
2024-01-19,29.26,29.67,29.73,28.54,32.85,-1,-1
2024-01-22,29.36,29.66,29.81,28.67,32.78,-1,-1
2024-01-23,29.51,29.68,29.88,28.79,32.72,-1,-1
2024-01-24,29.63,29.64,29.94,28.90,32.66,-1,-1
2024-01-25,29.73,29.59,29.93,28.99,32.60,1,-1
2024-01-26,29.74,29.55,29.91,29.06,32.53,1,-1
2024-01-29,29.73,29.51,29.89,29.12,32.45,1,-1
2024-01-30,29.60,29.43,29.83,29.15,32.38,1,-1
2024-01-31,29.37,29.36,29.79,29.19,32.29,1,-1
2024-02-01,29.10,29.31,29.74,29.22,32.21,-1,-1
2024-02-02,28.92,29.28,29.68,29.23,32.13,-1,-1
2024-02-05,28.86,29.29,29.63,29.25,32.05,-1,-1
2024-02-06,28.85,29.30,29.58,29.27,31.97,-1,-1
2024-02-07,28.84,29.29,29.54,29.29,31.90,-1,-1
2024-02-08,28.91,29.26,29.53,29.34,31.82,-1,-1
2024-02-09,28.99,29.18,29.49,29.38,31.74,-1,-1
2024-02-12,29.19,29.15,29.48,29.42,31.67,1,-1
2024-02-13,29.18,29.05,29.42,29.45,31.59,1,-1
2024-02-14,29.66,29.26,29.47,29.53,31.52,1,-1
2024-02-15,30.23,29.54,29.55,29.64,31.47,1,-1
2024-02-16,30.87,29.85,29.68,29.76,31.41,1,-1
2024-02-20,31.50,30.21,29.83,29.88,31.36,1,-1
2024-02-21,32.06,30.52,29.94,29.98,31.31,1,-1
2024-02-22,32.55,30.87,30.06,30.08,31.26,1,-1
2024-02-23,33.21,31.20,30.17,30.16,31.21,1,-1
2024-02-26,33.46,31.56,30.31,30.24,31.17,1,-1
2024-02-27,33.52,31.87,30.45,30.31,31.13,1,-1
2024-02-28,33.37,32.12,30.60,30.35,31.09,1,-1
2024-02-29,33.22,32.36,30.73,30.40,31.05,1,-1
2024-03-01,33.26,32.66,30.87,30.48,31.01,1,-1
2024-03-04,33.26,32.90,30.99,30.54,30.98,1,-1
2024-03-05,33.20,33.21,31.07,30.59,30.94,-1,-1
2024-03-06,33.07,33.26,31.14,30.63,30.89,-1,-1
2024-03-07,33.03,33.28,31.24,30.69,30.85,-1,-1
2024-03-08,32.98,33.17,31.36,30.74,30.81,-1,-1
2024-03-11,32.77,32.99,31.44,30.76,30.77,-1,-1
2024-03-12,32.49,32.88,31.51,30.78,30.73,-1,1
2024-03-13,32.14,32.70,31.58,30.79,30.70,-1,1
2024-03-14,31.87,32.54,31.65,30.80,30.66,-1,1
2024-03-15,31.63,32.35,31.73,30.81,30.61,-1,1
2024-03-18,31.55,32.29,31.86,30.87,30.58,-1,1
2024-03-19,31.62,32.30,32.00,30.94,30.55,-1,1
2024-03-20,31.89,32.33,32.15,31.00,30.52,-1,1
2024-03-21,32.13,32.31,32.28,31.07,30.50,-1,1
2024-03-22,32.40,32.27,32.40,31.13,30.47,1,1
2024-03-25,32.68,32.28,32.52,31.20,30.44,1,1
2024-03-26,32.93,32.28,32.60,31.27,30.41,1,1
2024-03-27,33.01,32.28,32.75,31.37,30.38,1,1
2024-03-28,33.10,32.36,32.80,31.46,30.35,1,1
2024-04-01,33.07,32.48,32.81,31.53,30.32,1,1
2024-04-02,33.02,32.57,32.79,31.59,30.28,1,1
2024-04-03,33.00,32.70,32.75,31.64,30.24,1,1
2024-04-04,32.99,32.84,32.73,31.69,30.19,1,1
2024-04-05,32.98,32.95,32.70,31.74,30.15,1,1
2024-04-08,33.05,33.03,32.71,31.83,30.13,1,1
2024-04-09,33.20,33.15,32.74,31.94,30.10,1,1
2024-04-10,33.30,33.19,32.76,32.03,30.08,1,1
2024-04-11,33.35,33.18,32.78,32.12,30.05,1,1
2024-04-12,33.17,33.08,32.74,32.17,30.02,1,1
2024-04-15,32.91,32.95,32.65,32.22,29.99,-1,1
2024-04-16,32.79,32.88,32.59,32.28,29.96,-1,1
2024-04-17,32.52,32.78,32.55,32.34,29.94,-1,1
2024-04-18,32.04,32.62,32.50,32.39,29.90,-1,1
2024-04-19,31.63,32.47,32.43,32.42,29.88,-1,1
2024-04-22,31.44,32.39,32.42,32.47,29.86,-1,1
2024-04-23,31.46,32.32,32.43,32.52,29.84,-1,1
2024-04-24,31.56,32.24,32.43,32.55,29.82,-1,1
2024-04-25,31.62,32.20,32.47,32.62,29.80,-1,1
2024-04-26,31.73,32.12,32.52,32.63,29.77,-1,1
2024-04-29,31.94,31.99,32.57,32.63,29.75,-1,1
2024-04-30,32.21,31.92,32.59,32.61,29.73,1,1
2024-05-01,32.26,31.85,32.57,32.58,29.70,1,1
2024-05-02,32.37,31.92,32.54,32.56,29.67,1,1
2024-05-03,32.56,32.06,32.53,32.55,29.65,1,1
2024-05-06,32.79,32.20,32.56,32.56,29.63,1,1
2024-05-07,33.12,32.42,32.62,32.59,29.62,1,1
2024-05-08,33.35,32.65,32.67,32.61,29.62,1,1
2024-05-09,33.86,33.04,32.79,32.68,29.63,1,1
2024-05-10,34.49,33.38,32.90,32.76,29.63,1,1
2024-05-13,35.06,33.71,33.01,32.81,29.63,1,1
2024-05-14,35.62,34.09,33.14,32.88,29.63,1,1
2024-05-15,36.04,34.41,33.27,32.96,29.62,1,1
2024-05-16,36.36,34.74,33.41,33.05,29.62,1,1
2024-05-17,36.72,35.03,33.54,33.12,29.62,1,1
2024-05-20,36.79,35.33,33.66,33.21,29.61,1,1
2024-05-21,36.81,35.65,33.74,33.32,29.61,1,1
2024-05-22,36.97,36.01,33.86,33.44,29.62,1,1
2024-05-23,36.95,36.28,33.98,33.56,29.62,1,1
2024-05-24,37.08,36.56,34.18,33.69,29.63,1,1
2024-05-28,37.21,36.79,34.41,33.83,29.65,1,1
2024-05-29,37.28,37.00,34.59,33.92,29.66,1,1
2024-05-30,37.35,37.07,34.79,34.02,29.68,1,1
2024-05-31,37.45,37.13,35.00,34.10,29.70,1,1
2024-06-03,37.45,37.21,35.22,34.19,29.74,1,1
2024-06-04,37.44,37.20,35.38,34.26,29.77,1,1
2024-06-05,37.42,37.25,35.57,34.35,29.80,1,1
2024-06-06,37.43,37.32,35.78,34.46,29.84,1,1
2024-06-07,37.45,37.36,35.95,34.54,29.87,1,1
2024-06-10,37.59,37.47,36.16,34.65,29.92,1,1
2024-06-11,37.76,37.61,36.36,34.76,29.97,1,1
2024-06-12,37.95,37.70,36.56,34.88,30.02,1,1
2024-06-13,38.23,37.83,36.77,34.99,30.07,1,1
2024-06-14,38.39,37.90,36.98,35.11,30.12,1,1
2024-06-17,38.55,37.99,37.18,35.24,30.17,1,1
2024-06-18,38.89,38.17,37.37,35.36,30.22,1,1
2024-06-20,38.97,38.28,37.52,35.45,30.27,1,1
2024-06-21,39.02,38.39,37.68,35.56,30.32,1,1
2024-06-24,38.92,38.44,37.74,35.66,30.36,1,1
2024-06-25,38.89,38.56,37.80,35.79,30.41,1,1
2024-06-26,38.91,38.65,37.88,35.95,30.47,1,1
2024-06-27,38.84,38.70,37.93,36.09,30.52,1,1
2024-06-28,38.79,38.84,38.02,36.24,30.57,-1,1
2024-07-01,38.87,38.92,38.11,36.41,30.63,-1,1
2024-07-02,38.91,38.96,38.19,36.58,30.69,-1,1
2024-07-03,39.08,39.00,38.28,36.73,30.75,1,1
2024-07-05,39.35,39.12,38.39,36.90,30.82,1,1
2024-07-08,39.66,39.29,38.50,37.08,30.89,1,1
2024-07-09,39.95,39.40,38.63,37.25,30.97,1,1
2024-07-10,40.17,39.48,38.74,37.42,31.05,1,1
2024-07-11,40.32,39.60,38.83,37.58,31.12,1,1
2024-07-12,40.66,39.78,38.98,37.76,31.21,1,1
2024-07-15,41.02,40.05,39.13,37.95,31.29,1,1
2024-07-16,41.23,40.29,39.27,38.14,31.38,1,1
2024-07-17,41.22,40.44,39.38,38.30,31.46,1,1
2024-07-18,41.23,40.59,39.52,38.43,31.54,1,1
2024-07-19,41.20,40.68,39.62,38.55,31.62,1,1
2024-07-22,41.28,40.80,39.73,38.69,31.71,1,1
2024-07-23,41.22,40.94,39.86,38.79,31.80,1,1
2024-07-24,41.37,41.19,40.01,38.92,31.89,1,1
2024-07-25,41.36,41.30,40.11,39.02,31.98,1,1
2024-07-26,41.64,41.43,40.24,39.14,32.08,1,1
2024-07-29,41.81,41.52,40.35,39.24,32.17,1,1
2024-07-30,41.82,41.51,40.42,39.32,32.26,1,1
2024-07-31,41.75,41.51,40.48,39.40,32.35,1,1
2024-08-01,41.45,41.33,40.46,39.44,32.44,1,1
2024-08-02,40.66,41.01,40.41,39.46,32.52,-1,1
2024-08-05,39.87,40.62,40.31,39.43,32.59,-1,1
2024-08-06,39.06,40.35,40.28,39.44,32.66,-1,1
2024-08-07,38.37,40.09,40.23,39.42,32.73,-1,1
2024-08-08,38.02,39.92,40.21,39.43,32.82,-1,1
2024-08-09,37.60,39.68,40.19,39.44,32.89,-1,1
2024-08-12,37.44,39.44,40.15,39.45,32.97,-1,1
2024-08-13,37.62,39.14,40.11,39.48,33.04,-1,1
2024-08-14,38.01,38.94,40.10,39.51,33.12,-1,1
2024-08-15,38.44,38.75,40.13,39.58,33.21,-1,1
2024-08-16,38.86,38.62,40.12,39.62,33.29,1,1
2024-08-19,39.17,38.60,40.10,39.67,33.38,1,1
2024-08-20,39.63,38.61,40.11,39.75,33.47,1,1
2024-08-21,40.04,38.74,40.12,39.80,33.56,1,1
2024-08-22,40.27,38.94,40.10,39.83,33.64,1,1
2024-08-23,40.62,39.32,40.09,39.88,33.72,1,1
2024-08-26,40.85,39.64,40.09,39.94,33.81,1,1
2024-08-27,41.25,40.06,40.12,40.02,33.90,1,1
2024-08-28,41.61,40.39,40.19,40.10,34.00,1,1
2024-08-29,41.97,40.80,40.28,40.18,34.09,1,1
2024-08-30,42.43,41.24,40.40,40.28,34.19,1,1
2024-09-03,42.58,41.42,40.41,40.33,34.26,1,1
2024-09-04,42.52,41.57,40.40,40.38,34.33,1,1
2024-09-05,42.45,41.65,40.34,40.44,34.40,1,1
2024-09-06,42.14,41.69,40.30,40.48,34.47,1,1
2024-09-09,41.82,41.71,40.23,40.52,34.53,1,1
2024-09-10,41.42,41.70,40.19,40.55,34.60,-1,1
2024-09-11,41.16,41.80,40.25,40.60,34.67,-1,1
2024-09-12,41.25,41.91,40.29,40.66,34.74,-1,1
2024-09-13,41.51,42.01,40.41,40.72,34.82,-1,1
2024-09-16,41.55,42.00,40.55,40.75,34.89,-1,1
2024-09-17,41.68,41.91,40.72,40.76,34.95,-1,1
2024-09-18,41.67,41.74,40.84,40.76,35.02,-1,1
2024-09-19,41.78,41.60,40.99,40.77,35.09,1,1
2024-09-20,41.77,41.46,41.13,40.81,35.16,1,1
2024-09-23,41.80,41.52,41.27,40.81,35.24,1,1
2024-09-24,41.85,41.68,41.44,40.84,35.31,1,1
2024-09-25,42.02,41.79,41.58,40.86,35.39,1,1
2024-09-26,42.34,42.01,41.73,40.92,35.46,1,1
2024-09-27,42.82,42.24,41.86,40.98,35.54,1,1
2024-09-30,43.20,42.49,42.00,41.05,35.61,1,1
2024-10-01,43.31,42.54,42.09,41.09,35.67,1,1
2024-10-02,43.58,42.69,42.19,41.15,35.74,1,1
2024-10-03,43.74,42.80,42.30,41.17,35.81,1,1
2024-10-04,43.95,42.99,42.44,41.22,35.88,1,1
2024-10-07,44.04,43.19,42.53,41.25,35.95,1,1
2024-10-08,44.15,43.48,42.63,41.31,36.03,1,1
2024-10-09,44.28,43.74,42.71,41.40,36.10,1,1
2024-10-10,44.63,43.97,42.80,41.49,36.18,1,1
2024-10-11,44.88,44.23,42.87,41.63,36.25,1,1
2024-10-14,45.12,44.43,42.93,41.80,36.33,1,1
2024-10-15,45.15,44.55,43.04,41.96,36.40,1,1
2024-10-16,45.08,44.56,43.13,42.09,36.47,1,1
2024-10-17,44.95,44.55,43.21,42.23,36.54,1,1
2024-10-18,44.78,44.53,43.32,42.35,36.60,1,1
2024-10-21,44.74,44.68,43.48,42.49,36.68,1,1
2024-10-22,44.68,44.78,43.63,42.64,36.76,-1,1
2024-10-23,44.40,44.76,43.69,42.75,36.83,-1,1
2024-10-24,44.36,44.75,43.76,42.85,36.90,-1,1
2024-10-25,44.50,44.79,43.83,42.94,36.98,-1,1
2024-10-28,44.69,44.82,43.94,43.05,37.06,-1,1
2024-10-29,44.82,44.80,44.06,43.14,37.14,1,1
2024-10-30,44.54,44.64,44.15,43.18,37.21,-1,1
2024-10-31,44.05,44.36,44.16,43.20,37.28,-1,1
2024-11-01,43.75,44.07,44.15,43.23,37.34,-1,1
2024-11-04,43.29,43.82,44.11,43.22,37.39,-1,1
2024-11-05,42.86,43.68,44.06,43.22,37.45,-1,1
2024-11-06,42.61,43.65,44.08,43.24,37.51,-1,1
2024-11-07,42.40,43.61,44.07,43.25,37.58,-1,1
2024-11-08,42.77,43.65,44.14,43.29,37.67,-1,1
2024-11-11,43.44,43.74,44.22,43.34,37.75,-1,1
2024-11-12,43.60,43.67,44.22,43.38,37.82,-1,1
2024-11-13,44.66,43.97,44.36,43.52,37.92,1,1
2024-11-14,45.31,44.08,44.43,43.62,38.01,1,1
2024-11-15,45.47,44.04,44.43,43.70,38.09,1,1
2024-11-18,45.79,44.10,44.48,43.80,38.17,1,1
2024-11-19,45.92,44.34,44.55,43.92,38.26,1,1
2024-11-20,45.92,44.68,44.60,44.01,38.35,1,1
2024-11-21,46.59,45.10,44.67,44.12,38.45,1,1
2024-11-22,46.51,45.58,44.74,44.22,38.54,1,1
2024-11-25,46.73,46.02,44.80,44.35,38.63,1,1
2024-11-26,47.24,46.36,44.92,44.48,38.72,1,1
2024-11-27,47.49,46.64,45.04,44.62,38.81,1,1
2024-11-29,47.54,46.73,45.15,44.73,38.89,1,1
2024-12-02,47.71,46.82,45.28,44.84,38.96,1,1
2024-12-03,47.88,47.23,45.41,44.98,39.04,1,1
2024-12-04,48.13,47.32,45.55,45.10,39.12,1,1
2024-12-05,48.37,47.55,45.73,45.24,39.20,1,1
2024-12-06,48.61,47.92,45.91,45.36,39.28,1,1
2024-12-09,48.78,48.14,46.04,45.45,39.36,1,1
2024-12-10,49.13,48.33,46.19,45.56,39.44,1,1
2024-12-11,49.30,48.51,46.33,45.68,39.52,1,1
2024-12-12,49.47,48.67,46.56,45.80,39.60,1,1
2024-12-13,49.52,48.82,46.82,45.91,39.69,1,1
2024-12-16,49.90,49.14,47.16,46.07,39.78,1,1
2024-12-17,50.28,49.44,47.54,46.23,39.88,1,1
2024-12-18,50.64,49.71,47.86,46.36,39.97,1,1
2024-12-19,50.78,49.95,48.10,46.47,40.06,1,1
2024-12-20,51.06,50.18,48.35,46.58,40.15,1,1
2024-12-23,51.17,50.32,48.51,46.68,40.24,1,1
2024-12-24,51.50,50.51,48.70,46.80,40.35,1,1
2024-12-26,51.61,50.76,49.03,46.97,40.45,1,1
2024-12-27,51.55,50.92,49.15,47.14,40.56,1,1
2024-12-30,51.69,51.16,49.35,47.30,40.66,1,1
2024-12-31,51.83,51.30,49.58,47.46,40.76,1,1
2025-01-02,51.91,51.48,49.78,47.58,40.86,1,1
2025-01-03,52.08,51.62,49.95,47.72,40.96,1,1
2025-01-06,52.02,51.76,50.13,47.87,41.05,1,1
2025-01-07,51.86,51.73,50.26,48.02,41.14,1,1
2025-01-08,51.80,51.68,50.39,48.16,41.24,1,1
2025-01-10,51.64,51.67,50.49,48.28,41.33,-1,1
2025-01-13,51.50,51.66,50.57,48.39,41.41,-1,1
2025-01-14,51.42,51.66,50.69,48.55,41.50,-1,1
2025-01-15,51.22,51.65,50.81,48.72,41.59,-1,1
2025-01-16,51.27,51.64,50.96,48.93,41.69,-1,1
2025-01-17,51.38,51.62,51.08,49.16,41.78,-1,1
2025-01-21,51.68,51.74,51.22,49.40,41.89,-1,1
2025-01-22,52.14,51.89,51.37,49.61,42.00,1,1
2025-01-23,52.66,52.08,51.52,49.83,42.10,1,1
2025-01-24,53.19,52.31,51.72,50.00,42.21,1,1
2025-01-27,52.45,51.84,51.59,49.98,42.26,1,1
2025-01-28,51.58,51.42,51.49,50.04,42.33,1,1
2025-01-29,50.76,51.07,51.38,50.01,42.39,-1,1
2025-01-30,50.04,50.86,51.34,50.06,42.48,-1,1
2025-01-31,49.28,50.71,51.23,50.15,42.57,-1,1
2025-02-03,48.60,50.63,51.13,50.22,42.66,-1,1
2025-02-04,47.89,50.54,51.08,50.28,42.75,-1,1
2025-02-05,48.56,50.50,51.07,50.35,42.84,-1,1
2025-02-06,49.07,50.33,51.03,50.39,42.94,-1,1
2025-02-07,49.33,50.04,50.95,50.41,43.02,-1,1
2025-02-10,49.08,49.56,50.77,50.39,43.10,-1,1
2025-02-11,48.64,48.96,50.53,50.34,43.17,-1,1
2025-02-12,48.08,48.34,50.32,50.30,43.23,-1,1
2025-02-13,47.86,47.88,50.19,50.33,43.31,-1,1
2025-02-14,47.49,48.03,50.06,50.32,43.39,-1,1
2025-02-18,47.26,48.17,49.94,50.30,43.46,-1,1
2025-02-19,47.06,48.19,49.78,50.26,43.54,-1,1
2025-02-20,47.00,48.04,49.60,50.20,43.61,-1,1
2025-02-21,46.91,47.77,49.38,50.10,43.67,-1,1
2025-02-24,46.72,47.40,49.13,50.01,43.72,-1,1
2025-02-25,45.98,46.92,48.87,49.88,43.76,-1,1
2025-02-26,45.40,46.44,48.63,49.77,43.81,-1,1
2025-02-27,44.56,45.91,48.34,49.62,43.84,-1,1
2025-02-28,43.89,45.47,48.07,49.47,43.87,-1,1
2025-03-03,43.17,45.09,47.71,49.25,43.89,-1,1
2025-03-04,42.64,44.78,47.34,49.03,43.91,-1,1
2025-03-05,42.25,44.49,46.93,48.84,43.94,-1,1
2025-03-06,41.68,43.83,46.43,48.61,43.95,-1,1
2025-03-07,41.08,43.24,45.93,48.38,43.96,-1,1
2025-03-10,40.19,42.38,45.31,48.08,43.96,-1,1
2025-03-11,39.38,41.64,45.02,47.77,43.96,-1,1
2025-03-12,38.93,41.05,44.76,47.48,43.96,-1,1
2025-03-13,38.36,40.50,44.45,47.19,43.96,-1,1
2025-03-14,38.00,40.13,44.12,46.92,43.97,-1,1
2025-03-17,38.00,39.84,43.79,46.68,43.98,-1,1
2025-03-18,37.84,39.46,43.42,46.41,43.98,-1,1
2025-03-19,38.23,39.21,43.06,46.14,43.99,-1,1
2025-03-20,38.49,38.94,42.67,45.88,43.99,-1,1
2025-03-21,38.47,38.70,42.29,45.61,44.00,-1,1
2025-03-24,38.74,38.55,41.98,45.36,44.01,1,1
2025-03-25,38.72,38.36,41.71,45.12,44.02,1,1
2025-03-26,38.53,38.26,41.44,44.86,44.01,1,1
2025-03-27,38.32,38.08,41.14,44.57,44.01,1,1
2025-03-28,37.84,38.03,40.72,44.27,44.00,-1,1
2025-03-31,37.41,37.95,40.32,43.94,43.98,-1,-1
2025-04-01,37.15,37.81,39.93,43.61,43.97,-1,-1
2025-04-02,36.88,37.81,39.60,43.29,43.96,-1,-1
2025-04-03,35.84,37.28,39.10,42.83,43.93,-1,-1
2025-04-04,34.70,36.61,38.59,42.34,43.88,-1,-1
2025-04-07,34.00,36.16,38.17,41.89,43.84,-1,-1
2025-04-08,33.35,35.59,37.77,41.59,43.80,-1,-1
2025-04-09,33.30,35.36,37.49,41.38,43.78,-1,-1
2025-04-10,32.90,35.03,37.21,41.11,43.76,-1,-1
2025-04-11,32.42,34.65,36.92,40.82,43.74,-1,-1
2025-04-14,32.81,34.33,36.68,40.53,43.71,-1,-1
2025-04-15,33.58,34.14,36.47,40.24,43.70,-1,-1
2025-04-16,33.89,33.94,36.22,39.93,43.67,-1,-1
2025-04-17,34.54,33.95,36.10,39.63,43.65,1,-1
2025-04-21,34.54,33.92,35.97,39.34,43.63,1,-1
2025-04-22,34.78,33.84,35.95,39.08,43.61,1,-1
2025-04-23,35.05,33.73,35.91,38.85,43.59,1,-1
2025-04-24,35.40,34.10,35.86,38.67,43.56,1,-1
2025-04-25,35.75,34.66,35.86,38.51,43.55,1,-1
2025-04-28,36.15,35.02,35.79,38.29,43.53,1,-1
2025-04-29,36.25,35.39,35.69,38.06,43.51,1,-1
2025-04-30,36.32,35.43,35.61,37.81,43.48,1,-1
2025-05-01,36.47,35.62,35.53,37.60,43.45,1,-1
2025-05-02,36.68,35.86,35.49,37.41,43.43,1,-1
2025-05-05,36.64,36.02,35.43,37.24,43.40,1,-1
2025-05-06,36.41,36.08,35.32,37.07,43.38,1,-1
2025-05-07,36.29,36.22,35.22,36.93,43.36,1,-1
2025-05-08,36.48,36.36,35.22,36.81,43.34,1,-1
2025-05-09,36.73,36.52,35.24,36.71,43.32,1,-1
2025-05-12,37.19,36.83,35.38,36.66,43.30,1,-1
2025-05-13,37.59,37.13,35.53,36.63,43.29,1,-1
2025-05-14,38.39,37.51,35.72,36.64,43.29,1,-1
2025-05-15,39.27,37.84,35.88,36.65,43.29,1,-1
2025-05-16,40.00,38.15,36.19,36.69,43.29,1,-1
2025-05-19,40.53,38.50,36.58,36.73,43.30,1,-1
2025-05-20,41.05,38.89,36.89,36.83,43.30,1,-1
2025-05-21,41.25,39.22,37.22,36.92,43.32,1,-1
2025-05-22,41.34,39.46,37.41,36.96,43.35,1,-1
2025-05-23,41.13,39.76,37.64,37.03,43.36,1,-1
2025-05-27,41.06,40.16,37.89,37.08,43.39,1,-1
2025-05-28,41.11,40.56,38.13,37.13,43.40,1,-1
2025-05-29,41.02,40.77,38.31,37.18,43.41,1,-1
2025-05-30,40.77,40.91,38.49,37.19,43.42,-1,-1
2025-06-02,40.66,40.96,38.65,37.22,43.43,-1,-1
2025-06-03,40.63,40.99,38.83,37.27,43.44,-1,-1
2025-06-04,40.84,40.98,39.05,37.32,43.45,-1,-1
2025-06-05,40.79,40.92,39.23,37.37,43.45,-1,-1
2025-06-06,40.61,40.86,39.35,37.42,43.45,-1,-1
2025-06-09,40.75,40.88,39.48,37.52,43.45,-1,-1
2025-06-10,40.98,40.87,39.62,37.63,43.45,1,-1
2025-06-11,41.13,40.90,39.79,37.74,43.46,1,-1
2025-06-12,41.08,40.86,39.94,37.82,43.45,1,-1
2025-06-13,40.51,40.68,40.00,37.83,43.43,-1,-1
2025-06-16,40.39,40.59,40.10,38.01,43.42,-1,-1
2025-06-17,40.21,40.41,40.18,38.19,43.40,-1,-1
2025-06-18,39.99,40.37,40.31,38.35,43.38,-1,-1
2025-06-20,39.76,40.37,40.43,38.53,43.36,-1,-1
2025-06-23,39.59,40.36,40.52,38.62,43.35,-1,-1
2025-06-24,39.94,40.51,40.69,38.80,43.36,-1,-1
2025-06-25,40.62,40.56,40.80,38.98,43.37,1,-1
2025-06-26,41.10,40.75,40.92,39.17,43.39,1,-1
2025-06-27,41.74,40.98,40.96,39.34,43.40,1,-1
2025-06-30,42.24,41.11,41.01,39.52,43.41,1,-1
2025-07-01,42.66,41.21,41.05,39.66,43.41,1,-1
2025-07-02,43.17,41.38,41.13,39.83,43.42,1,-1
2025-07-03,43.70,41.82,41.31,40.05,43.44,1,-1
2025-07-07,44.03,42.32,41.44,40.24,43.46,1,-1
2025-07-08,44.13,42.62,41.57,40.39,43.47,1,-1
2025-07-09,44.36,43.05,41.72,40.54,43.49,1,-1
2025-07-10,44.57,43.40,41.83,40.70,43.51,1,-1
2025-07-11,44.98,43.82,41.95,40.88,43.53,1,-1
2025-07-14,45.13,44.15,42.09,41.06,43.54,1,-1
2025-07-15,44.99,44.34,42.29,41.24,43.55,1,-1
2025-07-16,45.06,44.54,42.47,41.41,43.56,1,-1
2025-07-17,45.69,44.91,42.75,41.66,43.59,1,-1
2025-07-18,46.19,45.28,42.97,41.91,43.61,1,-1
2025-07-21,46.92,45.74,43.25,42.19,43.64,1,-1
2025-07-22,47.42,46.20,43.54,42.42,43.67,1,-1
2025-07-23,47.96,46.54,43.78,42.64,43.69,1,-1
2025-07-24,48.20,46.59,43.98,42.78,43.71,1,-1
2025-07-25,48.40,46.73,44.17,42.92,43.72,1,-1
2025-07-28,48.26,46.97,44.42,43.04,43.74,1,-1
2025-07-29,48.15,47.17,44.75,43.16,43.75,1,-1
2025-07-30,47.69,47.30,44.96,43.27,43.76,1,-1
2025-07-31,47.25,47.34,45.18,43.36,43.76,-1,-1
2025-08-01,46.71,47.33,45.34,43.43,43.76,-1,-1
2025-08-04,47.26,47.73,45.73,43.63,43.78,-1,-1
2025-08-05,47.71,48.05,46.06,43.82,43.81,-1,1
2025-08-06,47.84,48.05,46.27,43.98,43.83,-1,1
2025-08-07,47.98,48.07,46.47,44.12,43.86,-1,1
2025-08-08,48.21,47.95,46.62,44.26,43.88,1,1
2025-08-11,48.29,47.77,46.71,44.38,43.89,1,1
2025-08-12,48.50,47.60,46.80,44.51,43.89,1,1
2025-08-13,47.92,47.59,46.96,44.64,43.90,1,1
2025-08-14,47.51,47.61,47.07,44.78,43.92,-1,1
2025-08-15,47.22,47.53,47.09,44.87,43.93,-1,1
2025-08-18,47.27,47.63,47.23,45.03,43.95,-1,1
2025-08-19,47.57,47.89,47.42,45.24,43.98,-1,1
2025-08-20,48.10,48.20,47.59,45.41,44.01,-1,1
2025-08-21,48.66,48.58,47.76,45.58,44.05,1,1
2025-08-22,49.77,48.84,48.07,45.85,44.11,1,1
2025-08-25,51.25,49.38,48.50,46.20,44.20,1,1
2025-08-26,53.12,50.17,48.99,46.64,44.29,1,1
2025-08-27,54.52,50.90,49.43,47.01,44.37,1,1
2025-08-28,56.02,51.80,49.83,47.45,44.45,1,1
2025-08-29,57.27,52.69,50.17,47.83,44.52,1,1
2025-09-02,58.80,53.73,50.53,48.25,44.59,1,1
2025-09-03,59.88,54.82,50.98,48.69,44.68,1,1
2025-09-04,60.65,55.95,51.46,49.10,44.76,1,1
2025-09-05,61.11,57.12,52.00,49.51,44.84,1,1
2025-09-08,61.95,58.23,52.59,49.93,44.94,1,1
2025-09-09,62.48,59.25,53.15,50.35,45.04,1,1
2025-09-10,63.75,60.51,53.81,50.84,45.14,1,1
2025-09-11,64.50,61.65,54.46,51.31,45.24,1,1
2025-09-12,65.04,62.46,55.13,51.76,45.33,1,1
2025-09-15,65.48,63.06,55.84,52.15,45.42,1,1
2025-09-16,65.83,63.47,56.33,52.56,45.51,1,1
2025-09-17,66.25,64.10,56.92,53.03,45.61,1,1
2025-09-18,66.86,64.67,57.59,53.50,45.72,1,1
2025-09-19,66.77,65.26,58.19,53.95,45.81,1,1
2025-09-22,67.27,65.89,58.90,54.43,45.92,1,1
2025-09-23,67.63,66.34,59.64,54.91,46.02,1,1
2025-09-24,67.89,66.68,60.37,55.36,46.11,1,1
2025-09-25,68.27,67.05,61.08,55.81,46.21,1,1
2025-09-26,68.37,67.31,61.79,56.20,46.30,1,1
2025-09-29,68.61,67.74,62.58,56.64,46.41,1,1
2025-09-30,69.37,68.07,63.35,57.09,46.52,1,1
2025-10-01,70.11,68.69,64.16,57.61,46.65,1,1
2025-10-02,71.21,69.42,65.03,58.16,46.78,1,1
2025-10-03,71.92,69.90,65.79,58.68,46.90,1,1
2025-10-06,72.69,70.48,66.43,59.21,47.00,1,1
2025-10-07,73.20,70.79,66.91,59.69,47.10,1,1
2025-10-08,73.73,71.17,67.39,60.22,47.22,1,1
2025-10-09,73.99,71.68,67.89,60.77,47.34,1,1
2025-10-10,73.47,71.79,68.24,61.28,47.44,1,1
2025-10-13,73.07,72.14,68.72,61.85,47.55,1,1
2025-10-14,73.16,72.54,69.14,62.30,47.65,1,1
2025-10-15,73.21,72.95,69.54,62.78,47.76,1,1
2025-10-16,73.61,73.41,69.94,63.30,47.87,1,1
2025-10-17,73.55,73.64,70.29,63.80,47.98,-1,1
2025-10-20,73.73,73.86,70.64,64.34,48.10,-1,1
2025-10-21,74.20,73.83,70.97,64.90,48.22,1,1
2025-10-22,74.10,73.59,71.14,65.44,48.32,1,1
2025-10-23,74.32,73.74,71.44,66.00,48.43,1,1
2025-10-24,74.55,73.88,71.76,66.57,48.55,1,1
2025-10-27,75.15,74.38,72.19,67.21,48.69,1,1
2025-10-28,76.07,74.81,72.68,67.83,48.84,1,1
2025-10-29,77.22,75.48,73.20,68.49,49.00,1,1
2025-10-30,78.57,76.38,73.70,69.17,49.17,1,1
2025-10-31,80.34,77.22,74.31,69.87,49.34,1,1
2025-11-03,81.70,78.01,74.80,70.47,49.50,1,1
2025-11-04,82.65,78.60,75.26,70.96,49.65,1,1
2025-11-05,83.80,79.48,75.91,71.51,49.82,1,1
2025-11-06,84.39,80.23,76.44,72.01,49.97,1,1
2025-11-07,84.47,80.85,76.96,72.48,50.12,1,1
2025-11-10,86.52,82.54,77.88,73.26,50.33,1,1
2025-11-11,88.60,84.47,78.79,74.05,50.60,1,1
2025-11-12,91.75,86.72,79.85,74.93,50.91,1,1
2025-11-13,94.12,88.39,80.61,75.65,51.17,1,1
2025-11-14,95.87,89.84,81.49,76.37,51.42,1,1
2025-11-17,97.44,90.92,82.21,76.98,51.65,1,1
2025-11-18,99.24,91.86,83.03,77.62,51.89,1,1
2025-11-19,99.30,92.91,83.85,78.24,52.13,1,1
2025-11-20,98.14,93.37,84.43,78.75,52.34,1,1
2025-11-21,96.31,94.03,85.18,79.31,52.56,1,1
2025-11-24,95.88,95.00,85.93,79.91,52.80,1,1
2025-11-25,95.70,95.78,86.75,80.55,53.05,-1,1
2025-11-26,96.85,97.15,87.73,81.27,53.34,-1,1
2025-11-28,98.49,98.86,88.84,82.05,53.65,-1,1
2025-12-01,100.39,99.85,90.11,82.95,53.97,1,1
2025-12-02,103.94,101.04,91.48,83.89,54.31,1,1
2025-12-03,107.14,101.72,92.86,84.84,54.65,1,1
2025-12-04,109.85,102.86,94.27,85.78,54.99,1,1
2025-12-05,112.14,103.92,95.58,86.70,55.33,1,1
2025-12-08,114.26,105.56,96.99,87.69,55.70,1,1
2025-12-09,116.53,107.51,98.49,88.76,56.10,1,1
2025-12-10,118.62,109.51,100.04,89.85,56.51,1,1
2025-12-11,120.41,112.17,101.55,90.93,56.94,1,1
2025-12-12,120.82,113.98,102.72,91.78,57.32,1,1
2025-12-15,121.28,115.57,103.83,92.69,57.70,1,1
2025-12-16,121.40,116.77,104.84,93.51,58.07,1,1
2025-12-17,120.58,117.42,105.85,94.32,58.42,1,1
2025-12-18,119.54,118.04,106.83,95.18,58.80,1,1
2025-12-19,118.49,118.56,107.99,96.07,59.20,-1,1
2025-12-22,116.98,118.69,109.14,97.02,59.60,-1,1
2025-12-23,117.28,119.05,109.90,97.97,60.02,-1,1
2025-12-24,117.89,119.58,110.66,98.95,60.45,-1,1
2025-12-26,118.85,120.13,111.17,99.90,60.87,-1,1
2025-12-29,120.07,120.33,111.90,100.83,61.28,-1,1
2025-12-30,120.64,120.09,112.61,101.77,61.69,1,1
2025-12-31,120.39,119.44,113.35,102.61,62.09,1,1
2026-01-02,120.87,118.92,114.18,103.55,62.50,1,1
2026-01-05,120.62,118.95,114.88,104.48,62.91,1,1
2026-01-06,120.59,119.24,115.90,105.43,63.32,1,1
2026-01-07,120.68,119.76,116.85,106.36,63.74,1,1
2026-01-08,120.14,120.10,117.56,107.13,64.13,1,1
2026-01-09,120.04,120.34,118.29,107.92,64.54,-1,1
2026-01-12,120.60,120.49,118.89,108.68,64.96,1,1
2026-01-13,121.03,120.95,119.44,109.50,65.40,1,1
2026-01-14,121.59,121.10,119.82,110.26,65.84,1,1
2026-01-15,121.84,121.21,120.07,111.05,66.28,1,1
2026-01-16,122.92,121.80,120.53,112.00,66.75,1,1
2026-01-20,124.59,122.36,121.00,112.84,67.20,1,1
2026-01-21,126.50,123.27,121.65,113.82,67.71,1,1
2026-01-22,127.74,124.17,122.04,114.74,68.21,1,1
2026-01-23,128.29,124.66,122.19,115.35,68.70,1,1
2026-01-26,128.84,125.22,122.21,115.89,69.18,1,1
2026-01-27,130.07,125.96,122.33,116.42,69.67,1,1
2026-01-28,131.37,127.15,123.00,117.21,70.19,1,1
2026-01-29,132.19,128.39,123.54,117.92,70.70,1,1
2026-01-30,132.38,129.44,124.21,118.71,71.20,1,1
2026-02-02,133.36,130.55,125.02,119.51,71.71,1,1
2026-02-03,134.48,131.38,125.67,120.27,72.22,1,1
2026-02-04,133.65,131.25,125.74,120.87,72.65,1,1
2026-02-05,133.15,131.61,126.10,121.57,73.12,1,1
2026-02-06,133.16,132.27,126.70,122.43,73.64,1,1
2026-02-09,134.99,133.59,127.54,123.42,74.19,1,1
2026-02-10,135.26,133.82,128.04,124.09,74.69,1,1
2026-02-11,134.91,134.14,128.48,124.61,75.18,1,1
2026-02-12,134.50,134.49,128.91,125.05,75.66,1,1
2026-02-13,135.57,134.61,129.29,125.29,76.12,1,1
2026-02-17,135.38,134.26,129.49,125.53,76.58,1,1
2026-02-18,133.86,133.51,129.79,125.79,77.04,1,1
2026-02-19,130.76,132.88,129.91,126.03,77.49,-1,1
2026-02-20,129.60,132.43,130.12,126.23,77.95,-1,1
2026-02-23,128.60,131.75,130.45,126.30,78.40,-1,1
2026-02-24,127.52,131.01,130.65,126.29,78.85,-1,1
2026-02-25,127.12,131.35,130.81,126.23,79.30,-1,1
2026-02-26,126.56,130.97,130.78,126.33,79.73,-1,1
2026-02-27,126.06,129.96,130.83,126.46,80.15,-1,1
2026-03-02,127.88,129.32,131.32,126.94,80.65,-1,1
2026-03-03,127.46,128.53,131.18,127.20,81.06,-1,1
2026-03-04,126.90,127.75,130.99,127.33,81.47,-1,1
2026-03-05,126.12,126.82,130.56,127.36,81.87,-1,1
2026-03-06,123.92,125.52,129.92,127.21,82.22,-1,1
2026-03-09,122.73,124.64,129.48,127.09,82.59,-1,1
2026-03-10,121.58,123.82,129.14,126.98,82.97,-1,1
2026-03-11,118.85,123.37,128.70,126.94,83.36,-1,1
2026-03-12,117.85,122.66,128.02,126.89,83.75,-1,1
2026-03-13,118.02,122.46,127.69,126.97,84.16,-1,1
2026-03-16,120.58,123.35,127.81,127.39,84.65,-1,1
2026-03-17,124.48,124.20,127.84,127.71,85.14,1,1
2026-03-18,128.27,125.50,128.03,128.16,85.65,1,1
2026-03-19,135.29,128.44,129.52,129.04,86.28,1,1
2026-03-20,141.61,130.23,130.68,129.87,86.89,1,1
2026-03-23,149.26,133.56,131.78,130.96,87.54,1,1
2026-03-24,157.28,137.65,132.89,132.18,88.24,1,1
2026-03-25,164.46,142.52,134.63,133.53,88.98,1,1
2026-03-26,169.72,147.10,135.97,134.53,89.65,1,1
2026-03-27,174.00,151.13,137.25,135.50,90.30,1,1
2026-03-30,172.93,154.11,138.24,136.19,90.89,1,1
2026-03-31,174.62,158.11,139.83,137.11,91.57,1,1
2026-04-01,176.76,163.01,141.79,138.27,92.31,1,1
2026-04-02,179.18,168.23,144.19,139.56,93.10,1,1
2026-04-06,179.39,171.92,146.24,140.76,93.86,1,1
2026-04-07,181.70,175.71,148.36,142.00,94.61,1,1
2026-04-08,186.24,180.12,150.95,143.54,95.43,1,1
2026-04-09,192.70,182.81,153.54,144.96,96.25,1,1
2026-04-10,196.72,185.67,156.20,146.25,97.05,1,1
2026-04-13,199.92,188.34,159.02,147.75,97.89,1,1
2026-04-14,202.25,190.71,161.54,149.34,98.74,1,1
2026-04-15,205.88,192.63,164.54,150.91,99.60,1,1
2026-04-16,209.29,195.50,167.58,152.48,100.46,1,1
2026-04-17,212.55,199.39,171.11,154.58,101.38,1,1
2026-04-20,215.50,204.10,174.91,156.49,102.28,1,1
2026-04-21,217.37,207.04,178.28,158.04,103.13,1,1
2026-04-22,216.89,208.40,181.26,159.22,103.94,1,1
2026-04-23,215.06,208.65,183.99,160.51,104.72,1,1
2026-04-24,212.90,209.39,186.72,161.83,105.50,1,1
2026-04-27,211.27,210.28,189.34,163.23,106.29,1,1
2026-04-28,206.57,209.56,191.18,164.52,107.03,-1,1
2026-04-29,202.96,209.23,193.22,165.95,107.81,-1,1
2026-04-30,203.57,210.47,195.86,167.80,108.68,-1,1
2026-05-01,205.28,211.08,197.59,169.65,109.55,-1,1
2026-05-04,207.25,211.15,199.30,171.38,110.38,-1,1
2026-05-05,210.82,211.86,201.08,173.34,111.26,-1,1
2026-05-06,212.75,212.01,202.28,175.16,112.10,1,1
2026-05-07,215.10,210.84,202.99,176.84,112.90,1,1
2026-05-08,216.79,209.87,204.20,178.58,113.72,1,1
2026-05-11,217.91,210.74,206.10,180.66,114.62,1,1
2026-05-12,218.31,211.79,208.18,182.31,115.49,1,1
2026-05-13,226.27,216.76,211.35,185.21,116.61,1,1
2026-05-14,234.15,222.48,214.47,188.36,117.77,1,1
2026-05-15,242.31,227.53,217.01,191.43,118.91,1,1
2026-05-18,247.75,231.42,218.94,194.17,119.92,1,1
2026-05-19,253.50,235.15,220.96,196.89,120.95,1,1
2026-05-20,258.59,238.25,222.98,199.84,122.02,1,1
2026-05-21,266.90,242.60,225.49,203.03,123.16,1,1
2026-05-22,268.71,247.49,228.15,206.33,124.34,1,1
2026-05-26,269.83,251.99,230.79,209.61,125.54,1,1
2026-05-27,270.37,256.34,232.91,212.40,126.68,1,1
2026-05-28,274.29,261.02,234.91,215.15,127.83,1,1
2026-05-29,274.85,264.18,236.25,217.41,128.88,1,1
2026-06-01,273.15,265.87,237.12,219.14,129.90,1,1
2026-06-02,272.53,269.71,238.80,221.36,131.04,1,1
2026-06-03,270.31,269.51,240.50,223.28,132.15,1,1
2026-06-04,266.43,268.13,242.34,224.89,133.21,-1,1
2026-06-05,260.38,265.38,243.48,225.82,134.13,-1,1
2026-06-08,255.60,264.94,244.87,227.17,135.09,-1,1
2026-06-09,251.72,263.29,245.69,228.29,135.98,-1,1
2026-06-10,249.01,261.08,247.03,229.79,136.88,-1,1
2026-06-11,246.67,259.60,249.00,231.45,137.88,-1,1
2026-06-12,245.96,258.14,250.39,232.97,138.89,-1,1
2026-06-15,249.61,258.02,252.69,234.75,140.03,-1,1
2026-06-16,254.33,257.36,254.47,236.32,141.07,-1,1
2026-06-17,257.91,256.76,255.86,237.84,142.11,1,1
2026-06-18,266.29,259.01,258.19,239.50,143.24,1,1
2026-06-22,278.20,263.60,261.75,241.76,144.52,1,1
2026-06-23,281.67,264.17,264.14,243.34,145.62,1,1
