Date,Close,Shares_Outstanding,Market_Cap,Market_Cap_B,Market_Cap_Change_Pct,Volume_Dollar
2021-01-12,4.48,24787446,111047758.08,0.11,,5796224.00
2021-01-13,4.40,24787446,109064762.40,0.11,-1.79,2166120.00
2021-01-14,4.45,24787446,110304134.70,0.11,1.14,819245.00
2021-01-15,4.58,24787446,113526502.68,0.11,2.92,677382.00
2021-01-19,4.34,24787446,107577515.64,0.11,-5.24,1183518.00
2021-01-20,4.42,24787446,109560511.32,0.11,1.84,464542.00
2021-01-21,4.33,24787446,107329641.18,0.11,-2.04,462444.00
2021-01-22,4.26,24787446,105594519.96,0.11,-1.62,657318.00
2021-01-25,4.42,24787446,109560511.32,0.11,3.76,861458.00
2021-01-26,4.39,24787446,108816887.94,0.11,-0.68,916193.00
2021-01-27,4.33,24787446,107329641.18,0.11,-1.37,624386.00
2021-01-28,4.42,24787446,109560511.32,0.11,2.08,688636.00
2021-01-29,4.63,24787446,114765874.98,0.11,4.75,802842.00
2021-02-01,4.75,24787446,117740368.50,0.12,2.59,856425.00
2021-02-02,4.84,24787446,119971238.64,0.12,1.89,1390048.00
2021-02-03,7.25,24787446,179708983.50,0.18,49.79,26134075.00
2021-02-04,7.11,24787446,176238741.06,0.18,-1.93,6364872.00
2021-02-05,7.20,24787446,178469611.20,0.18,1.27,3834000.00
2021-02-08,7.44,24787446,184418598.24,0.18,3.33,2637480.00
2021-02-09,8.38,24787446,207718797.48,0.21,12.63,4096982.00
2021-02-10,7.95,24787446,197060195.70,0.20,-5.13,3944790.00
2021-02-11,7.98,24787446,197803819.08,0.20,0.38,2647764.00
2021-02-12,6.97,24787446,172768498.62,0.17,-12.66,1536885.00
2021-02-16,7.21,24787446,178717485.66,0.18,3.44,1845760.00
2021-02-17,6.99,24787446,173264247.54,0.17,-3.05,1405689.00
2021-02-18,6.71,24787446,166323762.66,0.17,-4.01,515328.00
2021-02-19,6.90,24787446,171033377.40,0.17,2.83,923220.00
2021-02-22,6.48,24787446,160622650.08,0.16,-6.09,1200744.00
2021-02-23,6.09,24787446,150955546.14,0.15,-6.02,1320312.00
2021-02-24,6.52,24787446,161614147.92,0.16,7.06,540508.00
2021-02-25,6.11,24787446,151451295.06,0.15,-6.29,572507.00
2021-02-26,5.98,24787446,148228927.08,0.15,-2.13,582452.00
2021-03-01,5.95,24787446,147485303.70,0.15,-0.50,564060.00
2021-03-02,6.53,24787446,161862022.38,0.16,9.75,1690617.00
2021-03-03,6.04,24787446,149716173.84,0.15,-7.50,941032.00
2021-03-04,5.45,24787446,135091580.70,0.14,-9.77,560805.00
2021-03-05,5.45,24787446,135091580.70,0.14,0.00,698690.00
2021-03-08,5.57,24787446,138066074.22,0.14,2.20,225585.00
2021-03-09,5.74,24787446,142279940.04,0.14,3.05,362768.00
2021-03-10,6.24,24787446,154673663.04,0.15,8.71,1705392.00
2021-03-11,6.31,24787446,156408784.26,0.16,1.12,411412.00
2021-03-12,6.36,24787446,157648156.56,0.16,0.79,461100.00
2021-03-15,6.50,24787446,161118399.00,0.16,2.20,371800.00
2021-03-16,6.88,24787446,170537628.48,0.17,5.85,2408000.00
2021-03-17,7.00,24787446,173512122.00,0.17,1.74,1204700.00
2021-03-18,6.52,24787446,161614147.92,0.16,-6.86,489000.00
2021-03-19,6.04,24787446,149716173.84,0.15,-7.36,745940.00
2021-03-22,5.55,24787446,137570325.30,0.14,-8.11,1253745.00
2021-03-23,5.38,24787446,133356459.48,0.13,-3.06,268462.00
2021-03-24,5.34,24787446,132364961.64,0.13,-0.74,455502.00
2021-03-25,5.48,24787446,135835204.08,0.14,2.62,235640.00
2021-03-26,5.37,24787446,133108585.02,0.13,-2.01,113307.00
2021-03-29,5.20,24787446,128894719.20,0.13,-3.17,162760.00
2021-03-30,5.42,24787446,134347957.32,0.13,4.23,176150.00
2021-03-31,5.61,24787446,139057572.06,0.14,3.51,172788.00
2021-04-01,5.59,24787446,138561823.14,0.14,-0.36,157638.00
2021-04-05,5.74,24787446,142279940.04,0.14,2.68,134316.00
2021-04-06,5.74,24787446,142279940.04,0.14,0.00,179088.00
2021-04-07,5.66,24787446,140296944.36,0.14,-1.39,131312.00
2021-04-08,5.55,24787446,137570325.30,0.14,-1.94,104895.00
2021-04-09,5.48,24787446,135835204.08,0.14,-1.26,132068.00
2021-04-12,5.09,24787446,126168100.14,0.13,-7.12,324233.00
2021-04-13,5.01,24787446,124185104.46,0.12,-1.57,133767.00
2021-04-14,4.95,24787446,122697857.70,0.12,-1.20,240570.00
2021-04-15,5.07,24787446,125672351.22,0.13,2.42,126243.00
2021-04-16,4.96,24787446,122945732.16,0.12,-2.17,316448.00
2021-04-19,4.80,24787446,118979740.80,0.12,-3.23,157440.00
2021-04-20,4.61,24787446,114270126.06,0.11,-3.96,250323.00
2021-04-21,4.76,24787446,117988242.96,0.12,3.25,129948.00
2021-04-22,5.30,24787446,131373463.80,0.13,11.34,104940.00
2021-04-23,5.33,24787446,132117087.18,0.13,0.57,191880.00
2021-04-26,5.30,24787446,131373463.80,0.13,-0.56,158470.00
2021-04-27,5.15,24787446,127655346.90,0.13,-2.83,122570.00
2021-04-28,5.02,24787446,124432978.92,0.12,-2.52,207326.00
2021-04-29,5.12,24787446,126911723.52,0.13,1.99,54784.00
2021-04-30,5.06,24787446,125424476.76,0.13,-1.17,93610.00
2021-05-03,5.20,24787446,128894719.20,0.13,2.77,83200.00
2021-05-04,5.14,24787446,127407472.44,0.13,-1.15,67334.00
2021-05-05,5.03,24787446,124680853.38,0.12,-2.14,163978.00
2021-05-06,6.14,24787446,152194918.44,0.15,22.07,298138138.00
2021-05-07,6.26,24787446,155169411.96,0.16,1.95,17353972.00
2021-05-10,6.22,24787446,154177914.12,0.15,-0.64,12424450.00
2021-05-11,6.35,24787446,157400282.10,0.16,2.09,2473325.00
2021-05-12,6.23,24787446,154425788.58,0.15,-1.89,2769235.00
2021-05-13,6.50,24787446,161118399.00,0.16,4.33,2537600.00
2021-05-14,6.19,24787446,153434290.74,0.15,-4.77,730420.00
2021-05-17,5.95,24787446,147485303.70,0.15,-3.88,821100.00
2021-05-18,5.65,24787446,140049069.90,0.14,-5.04,1000050.00
2021-05-19,5.40,24787446,133852208.40,0.13,-4.42,645840.00
2021-05-20,5.44,24787446,134843706.24,0.13,0.74,2591616.00
2021-05-21,5.80,24787446,143767186.80,0.14,6.62,841000.00
2021-05-24,5.80,24787446,143767186.80,0.14,0.00,512720.00
2021-05-25,5.81,24787446,144015061.26,0.14,0.17,507794.00
2021-05-26,6.11,24787446,151451295.06,0.15,5.16,896337.00
2021-05-27,6.28,24787446,155665160.88,0.16,2.78,442112.00
2021-05-28,6.08,24787446,150707671.68,0.15,-3.18,418912.00
2021-06-01,6.33,24787446,156904533.18,0.16,4.11,418413.00
2021-06-02,6.12,24787446,151699169.52,0.15,-3.32,450432.00
2021-06-03,6.62,24787446,164092892.52,0.16,8.17,1411384.00
2021-06-04,6.91,24787446,171281251.86,0.17,4.38,856149.00
2021-06-07,6.86,24787446,170041879.56,0.17,-0.72,679140.00
2021-06-08,7.02,24787446,174007870.92,0.17,2.33,1083186.00
2021-06-09,6.78,24787446,168058883.88,0.17,-3.42,648846.00
2021-06-10,6.49,24787446,160870524.54,0.16,-4.28,589941.00
2021-06-11,6.55,24787446,162357771.30,0.16,0.92,336670.00
2021-06-14,6.67,24787446,165332264.82,0.17,1.83,317492.00
2021-06-15,6.92,24787446,171529126.32,0.17,3.75,3658604.00
2021-06-16,6.55,24787446,162357771.30,0.16,-5.35,588845.00
2021-06-17,6.88,24787446,170537628.48,0.17,5.04,3058848.00
2021-06-18,6.79,24787446,168306758.34,0.17,-1.31,436597.00
2021-06-21,6.70,24787446,166075888.20,0.17,-1.33,295470.00
2021-06-22,6.62,24787446,164092892.52,0.16,-1.19,214488.00
2021-06-23,6.64,24787446,164588641.44,0.16,0.30,237712.00
2021-06-24,6.72,24787446,166571637.12,0.17,1.20,525504.00
2021-06-25,7.00,24787446,173512122.00,0.17,4.17,816900.00
2021-06-28,6.88,24787446,170537628.48,0.17,-1.71,1341600.00
2021-06-29,6.98,24787446,173016373.08,0.17,1.45,512332.00
2021-06-30,7.00,24787446,173512122.00,0.17,0.29,499100.00
2021-07-01,6.95,24787446,172272749.70,0.17,-0.71,236300.00
2021-07-02,6.87,24787446,170289754.02,0.17,-1.15,316707.00
2021-07-06,6.76,24787446,167563134.96,0.17,-1.60,578656.00
2021-07-07,6.71,24787446,166323762.66,0.17,-0.74,246257.00
2021-07-08,6.71,24787446,166323762.66,0.17,0.00,343552.00
2021-07-09,7.23,24787446,179213234.58,0.18,7.75,1142340.00
2021-07-12,7.07,24787446,175247243.22,0.18,-2.21,313908.00
2021-07-13,6.82,24787446,169050381.72,0.17,-3.54,386012.00
2021-07-14,6.67,24787446,165332264.82,0.17,-2.20,450225.00
2021-07-15,6.87,24787446,170289754.02,0.17,3.00,1033248.00
2021-07-16,6.52,24787446,161614147.92,0.16,-5.09,505952.00
2021-07-19,6.32,24787446,156656658.72,0.16,-3.07,308416.00
2021-07-20,6.59,24787446,163349269.14,0.16,4.27,210880.00
2021-07-21,8.44,24787446,209206044.24,0.21,28.07,451282580.00
2021-07-22,7.39,24787446,183179225.94,0.18,-12.44,20189480.00
2021-07-23,6.77,24787446,167811009.42,0.17,-8.39,4565688.00
2021-07-26,6.77,24787446,167811009.42,0.17,0.00,29496890.00
2021-07-27,6.74,24787446,167067386.04,0.17,-0.44,2871914.00
2021-07-28,6.42,24787446,159135403.32,0.16,-4.75,2378610.00
2021-07-29,6.70,24787446,166075888.20,0.17,4.36,2546000.00
2021-07-30,6.23,24787446,154425788.58,0.15,-7.01,1216719.00
2021-08-02,6.41,24787446,158887528.86,0.16,2.89,2656304.00
2021-08-03,6.39,24787446,158391779.94,0.16,-0.31,1129113.00
2021-08-04,6.24,24787446,154673663.04,0.15,-2.35,1152528.00
2021-08-05,6.09,24787446,150955546.14,0.15,-2.40,1673532.00
2021-08-06,6.18,24787446,153186416.28,0.15,1.48,765702.00
2021-08-09,5.89,24787446,145998056.94,0.15,-4.69,933565.00
2021-08-10,5.81,24787446,144015061.26,0.14,-1.36,725669.00
2021-08-11,5.76,24787446,142775688.96,0.14,-0.86,382464.00
2021-08-12,5.59,24787446,138561823.14,0.14,-2.95,370058.00
2021-08-13,5.51,24787446,136578827.46,0.14,-1.43,323988.00
2021-08-16,5.57,24787446,138066074.22,0.14,1.09,483476.00
2021-08-17,5.39,24787446,133604333.94,0.13,-3.23,485100.00
2021-08-18,5.39,24787446,133604333.94,0.13,0.00,496958.00
2021-08-19,5.53,24787446,137074576.38,0.14,2.60,447377.00
2021-08-20,5.81,24787446,144015061.26,0.14,5.06,481649.00
2021-08-23,6.24,24787446,154673663.04,0.15,7.40,1670448.00
2021-08-24,6.15,24787446,152442792.90,0.15,-1.44,891135.00
2021-08-25,6.15,24787446,152442792.90,0.15,0.00,206640.00
2021-08-26,6.00,24787446,148724676.00,0.15,-2.44,233400.00
2021-08-27,6.09,24787446,150955546.14,0.15,1.50,669900.00
2021-08-30,6.16,24787446,152690667.36,0.15,1.15,1013320.00
2021-08-31,6.22,24787446,154177914.12,0.15,0.97,704726.00
2021-09-01,6.21,24787446,153930039.66,0.15,-0.16,309258.00
2021-09-02,6.18,24787446,153186416.28,0.15,-0.48,364620.00
2021-09-03,6.30,24787446,156160909.80,0.16,1.94,231210.00
2021-09-07,7.02,24787446,174007870.92,0.17,11.43,32592456.00
2021-09-08,6.61,24787446,163845018.06,0.16,-5.84,1926815.00
2021-09-09,6.34,24787446,157152407.64,0.16,-4.08,1193188.00
2021-09-10,6.17,24787446,152938541.82,0.15,-2.68,657722.00
2021-09-13,6.02,24787446,149220424.92,0.15,-2.43,707350.00
2021-09-14,6.25,24787446,154921537.50,0.15,3.82,1294375.00
2021-09-15,6.21,24787446,153930039.66,0.15,-0.64,341550.00
2021-09-16,6.14,24787446,152194918.44,0.15,-1.13,334630.00
2021-09-17,6.32,24787446,156656658.72,0.16,2.93,441136.00
2021-09-20,6.39,24787446,158391779.94,0.16,1.11,1257552.00
2021-09-21,6.62,24787446,164092892.52,0.16,3.60,943350.00
2021-09-22,6.72,24787446,166571637.12,0.17,1.51,1241856.00
2021-09-23,6.76,24787446,167563134.96,0.17,0.60,661804.00
2021-09-24,6.86,24787446,170041879.56,0.17,1.48,2765952.00
2021-09-27,6.85,24787446,169794005.10,0.17,-0.15,417165.00
2021-09-28,6.58,24787446,163101394.68,0.16,-3.94,561274.00
2021-09-29,6.29,24787446,155913035.34,0.16,-4.41,688755.00
2021-09-30,6.26,24787446,155169411.96,0.16,-0.48,318634.00
2021-10-01,6.38,24787446,158143905.48,0.16,1.92,194590.00
2021-10-04,6.30,24787446,156160909.80,0.16,-1.25,307440.00
2021-10-05,6.44,24787446,159631152.24,0.16,2.22,2620436.00
2021-10-06,6.31,24787446,156408784.26,0.16,-2.02,977419.00
2021-10-07,6.49,24787446,160870524.54,0.16,2.85,593835.00
2021-10-08,6.58,24787446,163101394.68,0.16,1.39,461258.00
2021-10-11,6.64,24787446,164588641.44,0.16,0.91,183264.00
2021-10-12,6.90,24787446,171033377.40,0.17,3.92,1219230.00
2021-10-13,6.69,24787446,165828013.74,0.17,-3.04,2051154.00
2021-10-14,6.86,24787446,170041879.56,0.17,2.54,168070.00
2021-10-15,6.84,24787446,169546130.64,0.17,-0.29,135432.00
2021-10-18,6.77,24787446,167811009.42,0.17,-1.02,456975.00
2021-10-19,6.81,24787446,168802507.26,0.17,0.59,385446.00
2021-10-20,6.74,24787446,167067386.04,0.17,-1.03,208940.00
2021-10-21,6.78,24787446,168058883.88,0.17,0.59,293574.00
2021-10-22,6.59,24787446,163349269.14,0.16,-2.80,302481.00
2021-10-25,6.45,24787446,159879026.70,0.16,-2.12,451500.00
2021-10-26,6.35,24787446,157400282.10,0.16,-1.55,309880.00
2021-10-27,6.30,24787446,156160909.80,0.16,-0.79,323190.00
2021-10-28,6.14,24787446,152194918.44,0.15,-2.54,612772.00
2021-10-29,6.19,24787446,153434290.74,0.15,0.81,365210.00
2021-11-01,6.33,24787446,156904533.18,0.16,2.26,350049.00
2021-11-02,6.26,24787446,155169411.96,0.16,-1.11,205328.00
2021-11-03,6.40,24787446,158639654.40,0.16,2.24,225920.00
2021-11-04,6.34,24787446,157152407.64,0.16,-0.94,149624.00
2021-11-05,6.28,24787446,155665160.88,0.16,-0.95,145068.00
2021-11-08,6.40,24787446,158639654.40,0.16,1.91,384000.00
2021-11-09,6.55,24787446,162357771.30,0.16,2.34,309160.00
2021-11-10,6.50,24787446,161118399.00,0.16,-0.76,399100.00
2021-11-11,6.52,24787446,161614147.92,0.16,0.31,284272.00
2021-11-12,6.56,24787446,162605645.76,0.16,0.61,423776.00
2021-11-15,6.44,24787446,159631152.24,0.16,-1.83,307832.00
2021-11-16,6.12,24787446,151699169.52,0.15,-4.97,623628.00
2021-11-17,6.08,24787446,150707671.68,0.15,-0.65,323456.00
2021-11-18,5.75,24787446,142527814.50,0.14,-5.43,471500.00
2021-11-19,5.57,24787446,138066074.22,0.14,-3.13,362050.00
2021-11-22,5.26,24787446,130381965.96,0.13,-5.57,838444.00
2021-11-23,5.23,24787446,129638342.58,0.13,-0.57,221229.00
2021-11-24,5.32,24787446,131869212.72,0.13,1.72,316008.00
2021-11-26,5.34,24787446,132364961.64,0.13,0.38,137238.00
2021-11-29,5.45,24787446,135091580.70,0.14,2.06,225630.00
2021-11-30,5.30,24787446,131373463.80,0.13,-2.75,260760.00
2021-12-01,5.09,24787446,126168100.14,0.13,-3.96,359863.00
2021-12-02,5.00,24787446,123937230.00,0.12,-1.77,662000.00
2021-12-03,4.81,24787446,119227615.26,0.12,-3.80,395863.00
2021-12-06,4.72,24787446,116996745.12,0.12,-1.87,213816.00
2021-12-07,4.92,24787446,121954234.32,0.12,4.24,181548.00
2021-12-08,5.60,24787446,138809697.60,0.14,13.82,73986080.00
2021-12-09,4.98,24787446,123441481.08,0.12,-11.07,2543286.00
2021-12-10,4.94,24787446,122449983.24,0.12,-0.80,1422226.00
2021-12-13,5.16,24787446,127903221.36,0.13,4.45,1000524.00
2021-12-14,4.65,24787446,115261623.90,0.12,-9.88,745860.00
2021-12-15,4.49,24787446,111295632.54,0.11,-3.44,623661.00
2021-12-16,4.53,24787446,112287130.38,0.11,0.89,2645520.00
2021-12-17,4.42,24787446,109560511.32,0.11,-2.43,398242.00
2021-12-20,4.16,24787446,103115775.36,0.10,-5.88,544544.00
2021-12-21,4.40,24787446,109064762.40,0.11,5.77,473440.00
2021-12-22,4.25,24787446,105346645.50,0.11,-3.41,232900.00
2021-12-23,4.19,24787446,103859398.74,0.10,-1.41,486878.00
2021-12-27,4.23,24787446,104850896.58,0.10,0.95,472491.00
2021-12-28,4.14,24787446,102620026.44,0.10,-2.13,486450.00
2021-12-29,3.87,24787446,95927416.02,0.10,-6.52,2745765.00
2021-12-30,4.07,24787446,100884905.22,0.10,5.17,265364.00
2021-12-31,4.03,24787446,99893407.38,0.10,-0.98,338117.00
2022-01-03,4.28,24787446,106090268.88,0.11,6.20,586360.00
2022-01-04,4.39,24787446,108816887.94,0.11,2.57,340664.00
2022-01-05,4.21,24787446,104355147.66,0.10,-4.10,313645.00
2022-01-06,4.33,24787446,107329641.18,0.11,2.85,194850.00
2022-01-07,4.36,24787446,108073264.56,0.11,0.69,537588.00
2022-01-10,4.30,24787446,106586017.80,0.11,-1.38,128570.00
2022-01-11,4.47,24787446,110799883.62,0.11,3.95,160026.00
2022-01-12,4.55,24787446,112782879.30,0.11,1.79,154700.00
2022-01-13,4.41,24787446,109312636.86,0.11,-3.08,149058.00
2022-01-14,4.61,24787446,114270126.06,0.11,4.54,190393.00
2022-01-18,4.61,24787446,114270126.06,0.11,0.00,426886.00
2022-01-19,4.65,24787446,115261623.90,0.12,0.87,331080.00
2022-01-20,4.70,24787446,116500996.20,0.12,1.08,296570.00
2022-01-21,4.52,24787446,112039255.92,0.11,-3.83,231424.00
2022-01-24,4.30,24787446,106586017.80,0.11,-4.87,586950.00
2022-01-25,4.38,24787446,108569013.48,0.11,1.86,90228.00
2022-01-26,4.28,24787446,106090268.88,0.11,-2.28,107428.00
2022-01-27,4.17,24787446,103363649.82,0.10,-2.57,213504.00
2022-01-28,4.08,24787446,101132779.68,0.10,-2.16,300696.00
2022-01-31,4.00,24787446,99149784.00,0.10,-1.96,196800.00
2022-02-01,4.24,24787446,105098771.04,0.11,6.00,160272.00
2022-02-02,3.86,24787446,95679541.56,0.10,-8.96,3218468.00
2022-02-03,3.85,24787446,95431667.10,0.10,-0.26,170555.00
2022-02-04,3.93,24787446,97414662.78,0.10,2.08,181566.00
2022-02-07,3.90,24787446,96671039.40,0.10,-0.76,98670.00
2022-02-08,3.87,24787446,95927416.02,0.10,-0.77,149382.00
2022-02-09,3.89,24787446,96423164.94,0.10,0.52,130315.00
2022-02-10,3.77,24787446,93448671.42,0.09,-3.08,117624.00
2022-02-11,3.59,24787446,88986931.14,0.09,-4.77,169089.00
2022-02-14,3.62,24787446,89730554.52,0.09,0.84,139370.00
2022-02-15,3.90,24787446,96671039.40,0.10,7.73,138840.00
2022-02-16,3.89,24787446,96423164.94,0.10,-0.26,54460.00
2022-02-17,3.80,24787446,94192294.80,0.09,-2.31,113240.00
2022-02-18,3.86,24787446,95679541.56,0.10,1.58,63690.00
2022-02-22,3.67,24787446,90969926.82,0.09,-4.92,124413.00
2022-02-23,3.75,24787446,92952922.50,0.09,2.18,60000.00
2022-02-24,3.40,24787446,84277316.40,0.08,-9.33,582080.00
2022-02-25,3.48,24787446,86260312.08,0.09,2.35,157644.00
2022-02-28,3.55,24787446,87995433.30,0.09,2.01,73840.00
2022-03-01,3.62,24787446,89730554.52,0.09,1.97,40544.00
2022-03-02,3.60,24787446,89234805.60,0.09,-0.55,79920.00
2022-03-03,3.40,24787446,84277316.40,0.08,-5.56,79560.00
2022-03-04,3.32,24787446,82294320.72,0.08,-2.35,169984.00
2022-03-07,3.38,24787446,83781567.48,0.08,1.81,48672.00
2022-03-08,3.38,24787446,83781567.48,0.08,0.00,223080.00
2022-03-09,3.40,24787446,84277316.40,0.08,0.59,77520.00
2022-03-10,3.33,24787446,82542195.18,0.08,-2.06,138861.00
2022-03-11,3.35,24787446,83037944.10,0.08,0.60,109210.00
2022-03-14,2.91,24787446,72131467.86,0.07,-13.13,167907.00
2022-03-15,3.14,24787446,77832580.44,0.08,7.90,79128.00
2022-03-16,2.92,24787446,72379342.32,0.07,-7.01,224256.00
2022-03-17,2.90,24787446,71883593.40,0.07,-0.68,144420.00
2022-03-18,2.78,24787446,68909099.88,0.07,-4.14,180700.00
2022-03-21,2.88,24787446,71387844.48,0.07,3.60,540288.00
2022-03-22,3.06,24787446,75849584.76,0.08,6.25,107406.00
2022-03-23,3.14,24787446,77832580.44,0.08,2.61,86036.00
2022-03-24,3.24,24787446,80311325.04,0.08,3.18,67068.00
2022-03-25,3.44,24787446,85268814.24,0.09,6.17,395944.00
2022-03-28,3.25,24787446,80559199.50,0.08,-5.52,200850.00
2022-03-29,3.29,24787446,81550697.34,0.08,1.23,58233.00
2022-03-30,3.41,24787446,84525190.86,0.08,3.65,111848.00
2022-03-31,3.30,24787446,81798571.80,0.08,-3.23,82500.00
2022-04-01,3.30,24787446,81798571.80,0.08,0.00,57090.00
2022-04-04,3.22,24787446,79815576.12,0.08,-2.42,56028.00
2022-04-05,3.15,24787446,78080454.90,0.08,-2.17,82845.00
2022-04-06,3.03,24787446,75105961.38,0.08,-3.81,165741.00
2022-04-07,3.00,24787446,74362338.00,0.07,-0.99,36300.00
2022-04-08,3.04,24787446,75353835.84,0.08,1.33,48944.00
2022-04-11,3.22,24787446,79815576.12,0.08,5.92,240534.00
2022-04-12,3.24,24787446,80311325.04,0.08,0.62,86184.00
2022-04-13,3.28,24787446,81302822.88,0.08,1.23,36736.00
2022-04-14,3.83,24787446,94935918.18,0.09,16.77,194840143.00
2022-04-18,4.05,24787446,100389156.30,0.10,5.74,4806945.00
2022-04-19,4.06,24787446,100637030.76,0.10,0.25,4830588.00
2022-04-20,3.46,24787446,85764563.16,0.09,-14.78,1162214.00
2022-04-21,3.30,24787446,81798571.80,0.08,-4.62,890670.00
2022-04-22,3.00,24787446,74362338.00,0.07,-9.09,660000.00
2022-04-25,3.05,24787446,75601710.30,0.08,1.67,402600.00
2022-04-26,2.75,24787446,68165476.50,0.07,-9.84,370700.00
2022-04-27,2.94,24787446,72875091.24,0.07,6.91,303114.00
2022-04-28,2.80,24787446,69404848.80,0.07,-4.76,199640.00
2022-04-29,2.78,24787446,68909099.88,0.07,-0.71,84512.00
2022-05-02,2.61,24787446,64695234.06,0.06,-6.12,220545.00
2022-05-03,2.85,24787446,70644221.10,0.07,9.20,236835.00
2022-05-04,3.01,24787446,74610212.46,0.07,5.61,117691.00
2022-05-05,2.72,24787446,67421853.12,0.07,-9.63,125120.00
2022-05-06,2.85,24787446,70644221.10,0.07,4.78,85500.00
2022-05-09,2.48,24787446,61472866.08,0.06,-12.98,262880.00
2022-05-10,2.48,24787446,61472866.08,0.06,0.00,179304.00
2022-05-11,2.37,24787446,58746247.02,0.06,-4.44,139593.00
2022-05-12,2.19,24787446,54284506.74,0.05,-7.59,374928.00
2022-05-13,2.05,24787446,50814264.30,0.05,-6.39,363465.00
2022-05-16,2.05,24787446,50814264.30,0.05,0.00,132020.00
2022-05-17,2.02,24787446,50070640.92,0.05,-1.46,124230.00
2022-05-18,1.97,24787446,48831268.62,0.05,-2.48,114851.00
2022-05-19,2.15,24787446,53293008.90,0.05,9.14,203820.00
2022-05-20,2.01,24787446,49822766.46,0.05,-6.51,123213.00
2022-05-23,2.02,24787446,50070640.92,0.05,0.50,26462.00
2022-05-24,1.88,24787446,46600398.48,0.05,-6.93,80088.00
2022-05-25,1.97,24787446,48831268.62,0.05,4.79,57524.00
2022-05-26,2.01,24787446,49822766.46,0.05,2.03,61305.00
2022-05-27,2.06,24787446,51062138.76,0.05,2.49,99498.00
2022-05-31,2.05,24787446,50814264.30,0.05,-0.49,168100.00
2022-06-01,2.08,24787446,51557887.68,0.05,1.46,84656.00
2022-06-02,2.25,24787446,55771753.50,0.06,8.17,115650.00
2022-06-03,2.18,24787446,54036632.28,0.05,-3.11,171130.00
2022-06-06,2.16,24787446,53540883.36,0.05,-0.92,75168.00
2022-06-07,2.26,24787446,56019627.96,0.06,4.63,110966.00
2022-06-08,2.31,24787446,57259000.26,0.06,2.21,461307.00
2022-06-09,2.33,24787446,57754749.18,0.06,0.87,51027.00
2022-06-10,2.39,24787446,59241995.94,0.06,2.58,60945.00
2022-06-13,2.22,24787446,55028130.12,0.06,-7.11,135198.00
2022-06-14,2.23,24787446,55276004.58,0.06,0.45,113507.00
2022-06-15,2.24,24787446,55523879.04,0.06,0.45,45024.00
2022-06-16,2.16,24787446,53540883.36,0.05,-3.57,34992.00
2022-06-17,2.33,24787446,57754749.18,0.06,7.87,91802.00
2022-06-21,2.77,24787446,68661225.42,0.07,18.88,428796.00
2022-06-22,2.90,24787446,71883593.40,0.07,4.69,163270.00
2022-06-23,3.07,24787446,76097459.22,0.08,5.86,115432.00
2022-06-24,3.29,24787446,81550697.34,0.08,7.17,100345.00
2022-06-27,3.18,24787446,78824078.28,0.08,-3.34,72504.00
2022-06-28,3.31,24787446,82046446.26,0.08,4.09,259504.00
2022-06-29,3.23,24787446,80063450.58,0.08,-2.42,497743.00
2022-06-30,2.98,24787446,73866589.08,0.07,-7.74,656196.00
2022-07-01,2.76,24787446,68413350.96,0.07,-7.38,161736.00
2022-07-05,2.90,24787446,71883593.40,0.07,5.07,247660.00
2022-07-06,2.72,24787446,67421853.12,0.07,-6.21,298384.00
2022-07-07,2.85,24787446,70644221.10,0.07,4.78,261630.00
2022-07-08,2.92,24787446,72379342.32,0.07,2.46,224840.00
2022-07-11,2.79,24787446,69156974.34,0.07,-4.45,254169.00
2022-07-12,2.84,24787446,70396346.64,0.07,1.79,198800.00
2022-07-13,2.84,24787446,70396346.64,0.07,0.00,222656.00
2022-07-14,2.79,24787446,69156974.34,0.07,-1.76,92907.00
2022-07-15,2.86,24787446,70892095.56,0.07,2.51,18876.00
2022-07-18,2.78,24787446,68909099.88,0.07,-2.80,70056.00
2022-07-19,2.86,24787446,70892095.56,0.07,2.88,54340.00
2022-07-20,2.87,24787446,71139970.02,0.07,0.35,50512.00
2022-07-21,2.83,24787446,70148472.18,0.07,-1.39,85183.00
2022-07-22,2.80,24787446,69404848.80,0.07,-1.06,201320.00
2022-07-25,2.70,24787446,66926104.20,0.07,-3.57,176580.00
2022-07-26,2.63,24787446,65190982.98,0.07,-2.59,106515.00
2022-07-27,2.71,24787446,67173978.66,0.07,3.04,191326.00
2022-07-28,2.75,24787446,68165476.50,0.07,1.48,50875.00
2022-07-29,2.70,24787446,66926104.20,0.07,-1.82,25920.00
2022-08-01,2.76,24787446,68413350.96,0.07,2.22,22356.00
2022-08-02,2.78,24787446,68909099.88,0.07,0.72,94798.00
2022-08-03,2.72,24787446,67421853.12,0.07,-2.16,183600.00
2022-08-04,2.78,24787446,68909099.88,0.07,2.21,48372.00
2022-08-05,2.83,24787446,70148472.18,0.07,1.80,31130.00
2022-08-08,2.80,24787446,69404848.80,0.07,-1.06,29400.00
2022-08-09,2.79,24787446,69156974.34,0.07,-0.36,57753.00
2022-08-10,2.87,24787446,71139970.02,0.07,2.87,256004.00
2022-08-11,3.24,24787446,80311325.04,0.08,12.89,237816.00
2022-08-12,3.28,24787446,81302822.88,0.08,1.23,298808.00
2022-08-15,3.20,24787446,79319827.20,0.08,-2.44,1617280.00
2022-08-16,3.15,24787446,78080454.90,0.08,-1.56,160965.00
2022-08-17,2.95,24787446,73122965.70,0.07,-6.35,69325.00
2022-08-18,2.89,24787446,71635718.94,0.07,-2.03,47396.00
2022-08-19,2.77,24787446,68661225.42,0.07,-4.15,12742.00
2022-08-22,2.84,24787446,70396346.64,0.07,2.53,100536.00
2022-08-23,2.94,24787446,72875091.24,0.07,3.52,58800.00
2022-08-24,2.97,24787446,73618714.62,0.07,1.02,127116.00
2022-08-25,3.01,24787446,74610212.46,0.07,1.35,71036.00
2022-08-26,2.90,24787446,71883593.40,0.07,-3.65,68440.00
2022-08-29,3.01,24787446,74610212.46,0.07,3.79,70434.00
2022-08-30,2.99,24787446,74114463.54,0.07,-0.66,53222.00
2022-08-31,2.96,24787446,73370840.16,0.07,-1.00,51504.00
2022-09-01,3.03,24787446,75105961.38,0.08,2.36,138168.00
2022-09-02,2.98,24787446,73866589.08,0.07,-1.65,63772.00
2022-09-06,3.01,24787446,74610212.46,0.07,1.01,46354.00
2022-09-07,3.03,24787446,75105961.38,0.08,0.66,63024.00
2022-09-08,3.00,24787446,74362338.00,0.07,-0.99,50100.00
2022-09-09,3.17,24787446,78576203.82,0.08,5.67,197808.00
2022-09-12,3.15,24787446,78080454.90,0.08,-0.63,79065.00
2022-09-13,2.95,24787446,73122965.70,0.07,-6.35,233935.00
2022-09-14,2.90,24787446,71883593.40,0.07,-1.69,120060.00
2022-09-15,2.93,24787446,72627216.78,0.07,1.03,39262.00
2022-09-16,2.84,24787446,70396346.64,0.07,-3.07,230324.00
2022-09-19,2.84,24787446,70396346.64,0.07,0.00,38624.00
2022-09-20,2.85,24787446,70644221.10,0.07,0.35,55005.00
2022-09-21,2.80,24787446,69404848.80,0.07,-1.75,55440.00
2022-09-22,2.76,24787446,68413350.96,0.07,-1.43,39192.00
2022-09-23,2.47,24787446,61224991.62,0.06,-10.51,227240.00
2022-09-26,2.41,24787446,59737744.86,0.06,-2.43,49646.00
2022-09-27,2.48,24787446,61472866.08,0.06,2.90,17856.00
2022-09-28,2.49,24787446,61720740.54,0.06,0.40,43326.00
2022-09-29,2.44,24787446,60481368.24,0.06,-2.01,140788.00
2022-09-30,2.45,24787446,60729242.70,0.06,0.41,14945.00
2022-10-03,2.55,24787446,63207987.30,0.06,4.08,23970.00
2022-10-04,2.45,24787446,60729242.70,0.06,-3.92,29645.00
2022-10-05,2.42,24787446,59985619.32,0.06,-1.22,7744.00
2022-10-06,2.50,24787446,61968615.00,0.06,3.31,16500.00
2022-10-07,2.21,24787446,54780255.66,0.05,-11.60,216359.00
2022-10-10,2.00,24787446,49574892.00,0.05,-9.50,143600.00
2022-10-11,1.95,24787446,48335519.70,0.05,-2.50,40365.00
2022-10-12,2.00,24787446,49574892.00,0.05,2.56,139200.00
2022-10-13,2.13,24787446,52797259.98,0.05,6.50,58362.00
2022-10-14,2.11,24787446,52301511.06,0.05,-0.94,25109.00
2022-10-17,2.04,24787446,50566389.84,0.05,-3.32,26520.00
2022-10-18,2.14,24787446,53045134.44,0.05,4.90,17976.00
2022-10-19,2.06,24787446,51062138.76,0.05,-3.74,26574.00
2022-10-20,2.06,24787446,51062138.76,0.05,0.00,14214.00
2022-10-21,2.06,24787446,51062138.76,0.05,0.00,9682.00
2022-10-24,2.07,24787446,51310013.22,0.05,0.49,51750.00
2022-10-25,2.06,24787446,51062138.76,0.05,-0.48,114124.00
2022-10-26,2.07,24787446,51310013.22,0.05,0.49,10143.00
2022-10-27,2.19,24787446,54284506.74,0.05,5.80,173448.00
2022-10-28,2.23,24787446,55276004.58,0.06,1.83,43039.00
2022-10-31,2.21,24787446,54780255.66,0.05,-0.90,40664.00
2022-11-01,2.20,24787446,54532381.20,0.05,-0.45,6600.00
2022-11-02,2.17,24787446,53788757.82,0.05,-1.36,3472.00
2022-11-03,2.21,24787446,54780255.66,0.05,1.84,9282.00
2022-11-04,2.17,24787446,53788757.82,0.05,-1.81,4123.00
2022-11-07,2.18,24787446,54036632.28,0.05,0.46,30738.00
2022-11-08,2.17,24787446,53788757.82,0.05,-0.46,17143.00
2022-11-09,2.25,24787446,55771753.50,0.06,3.69,19800.00
2022-11-10,2.35,24787446,58250498.10,0.06,4.44,87890.00
2022-11-11,2.36,24787446,58498372.56,0.06,0.43,41064.00
2022-11-14,2.37,24787446,58746247.02,0.06,0.42,4740.00
2022-11-15,2.40,24787446,59489870.40,0.06,1.27,29280.00
2022-11-16,2.31,24787446,57259000.26,0.06,-3.75,35343.00
2022-11-17,2.15,24787446,53293008.90,0.05,-6.93,27520.00
2022-11-18,2.20,24787446,54532381.20,0.05,2.33,38280.00
2022-11-21,2.22,24787446,55028130.12,0.06,0.91,8214.00
2022-11-22,2.25,24787446,55771753.50,0.06,1.35,34875.00
2022-11-23,2.36,24787446,58498372.56,0.06,4.89,14160.00
2022-11-25,2.37,24787446,58746247.02,0.06,0.42,5925.00
2022-11-28,2.44,24787446,60481368.24,0.06,2.95,13908.00
2022-11-29,2.70,24787446,66926104.20,0.07,10.66,56970.00
2022-11-30,2.96,24787446,73370840.16,0.07,9.63,59792.00
2022-12-01,2.98,24787446,73866589.08,0.07,0.68,108770.00
2022-12-02,2.95,24787446,73122965.70,0.07,-1.01,30090.00
2022-12-05,2.93,24787446,72627216.78,0.07,-0.68,32230.00
2022-12-06,2.86,24787446,70892095.56,0.07,-2.39,29458.00
2022-12-07,2.90,24787446,71883593.40,0.07,1.40,16240.00
2022-12-08,2.92,24787446,72379342.32,0.07,0.69,21608.00
2022-12-09,2.93,24787446,72627216.78,0.07,0.34,43071.00
2022-12-12,2.96,24787446,73370840.16,0.07,1.02,22496.00
2022-12-13,2.96,24787446,73370840.16,0.07,0.00,20720.00
2022-12-14,2.87,24787446,71139970.02,0.07,-3.04,75481.00
2022-12-15,2.79,24787446,69156974.34,0.07,-2.79,93465.00
2022-12-16,2.68,24787446,66430355.28,0.07,-3.94,29212.00
2022-12-19,2.42,24787446,59985619.32,0.06,-9.70,32186.00
2022-12-20,2.32,24787446,57506874.72,0.06,-4.13,12296.00
2022-12-21,2.45,24787446,60729242.70,0.06,5.60,63700.00
2022-12-22,2.46,24787446,60977117.16,0.06,0.41,24846.00
2022-12-23,2.45,24787446,60729242.70,0.06,-0.41,13965.00
2022-12-27,2.36,24787446,58498372.56,0.06,-3.67,25488.00
2022-12-28,2.35,24787446,58250498.10,0.06,-0.42,7520.00
2022-12-29,2.46,24787446,60977117.16,0.06,4.68,30258.00
2022-12-30,2.46,24787446,60977117.16,0.06,0.00,22386.00
2023-01-03,2.55,24787446,63207987.30,0.06,3.66,45645.00
2023-01-04,2.70,24787446,66926104.20,0.07,5.88,18900.00
2023-01-05,2.67,24787446,66182480.82,0.07,-1.11,17355.00
2023-01-06,2.69,24787446,66678229.74,0.07,0.75,23134.00
2023-01-09,2.60,24787446,64447359.60,0.06,-3.35,44200.00
2023-01-10,2.60,24787446,64447359.60,0.06,0.00,10400.00
2023-01-11,2.65,24787446,65686731.90,0.07,1.92,32860.00
2023-01-12,2.74,24787446,67917602.04,0.07,3.40,14796.00
2023-01-13,2.77,24787446,68661225.42,0.07,1.09,40996.00
2023-01-17,2.78,24787446,68909099.88,0.07,0.36,185148.00
2023-01-18,2.78,24787446,68909099.88,0.07,0.00,56990.00
2023-01-19,2.73,24787446,67669727.58,0.07,-1.80,57876.00
2023-01-20,2.72,24787446,67421853.12,0.07,-0.37,36176.00
2023-01-23,2.75,24787446,68165476.50,0.07,1.10,65175.00
2023-01-24,2.87,24787446,71139970.02,0.07,4.36,65149.00
2023-01-25,2.86,24787446,70892095.56,0.07,-0.35,9152.00
2023-01-26,2.84,24787446,70396346.64,0.07,-0.70,21016.00
2023-01-27,2.94,24787446,72875091.24,0.07,3.52,72618.00
2023-01-30,3.24,24787446,80311325.04,0.08,10.20,107892.00
2023-01-31,3.21,24787446,79567701.66,0.08,-0.93,62595.00
2023-02-01,3.14,24787446,77832580.44,0.08,-2.18,54950.00
2023-02-02,3.01,24787446,74610212.46,0.07,-4.14,101738.00
2023-02-03,3.01,24787446,74610212.46,0.07,0.00,44849.00
2023-02-06,2.91,24787446,72131467.86,0.07,-3.32,97194.00
2023-02-07,2.76,24787446,68413350.96,0.07,-5.15,80868.00
2023-02-08,2.79,24787446,69156974.34,0.07,1.09,28737.00
2023-02-09,2.84,24787446,70396346.64,0.07,1.79,20164.00
2023-02-10,2.81,24787446,69652723.26,0.07,-1.06,26133.00
2023-02-13,2.73,24787446,67669727.58,0.07,-2.85,42588.00
2023-02-14,2.93,24787446,72627216.78,0.07,7.33,128920.00
2023-02-15,2.97,24787446,73618714.62,0.07,1.37,47223.00
2023-02-16,2.96,24787446,73370840.16,0.07,-0.34,28712.00
2023-02-17,3.04,24787446,75353835.84,0.08,2.70,44688.00
2023-02-21,2.97,24787446,73618714.62,0.07,-2.30,155925.00
2023-02-22,3.05,24787446,75601710.30,0.08,2.69,47275.00
2023-02-23,3.06,24787446,75849584.76,0.08,0.33,47430.00
2023-02-24,3.00,24787446,74362338.00,0.07,-1.96,27300.00
2023-02-27,3.03,24787446,75105961.38,0.08,1.00,46056.00
2023-02-28,3.03,24787446,75105961.38,0.08,0.00,33330.00
2023-03-01,2.96,24787446,73370840.16,0.07,-2.31,51208.00
2023-03-02,3.06,24787446,75849584.76,0.08,3.38,256428.00
2023-03-03,3.13,24787446,77584705.98,0.08,2.29,70738.00
2023-03-06,3.47,24787446,86012437.62,0.09,10.86,447977.00
2023-03-07,3.35,24787446,83037944.10,0.08,-3.46,134670.00
2023-03-08,3.29,24787446,81550697.34,0.08,-1.79,66787.00
2023-03-09,3.18,24787446,78824078.28,0.08,-3.34,58512.00
2023-03-10,2.94,24787446,72875091.24,0.07,-7.55,166992.00
2023-03-13,2.97,24787446,73618714.62,0.07,1.02,32076.00
2023-03-14,2.79,24787446,69156974.34,0.07,-6.06,37386.00
2023-03-15,2.71,24787446,67173978.66,0.07,-2.87,20325.00
2023-03-16,2.75,24787446,68165476.50,0.07,1.48,30250.00
2023-03-17,2.55,24787446,63207987.30,0.06,-7.27,67575.00
2023-03-20,2.53,24787446,62712238.38,0.06,-0.78,52118.00
2023-03-21,2.52,24787446,62464363.92,0.06,-0.40,25200.00
2023-03-22,2.47,24787446,61224991.62,0.06,-1.98,28405.00
2023-03-23,2.56,24787446,63455861.76,0.06,3.64,9728.00
2023-03-24,2.50,24787446,61968615.00,0.06,-2.34,23000.00
2023-03-27,2.56,24787446,63455861.76,0.06,2.40,26624.00
2023-03-28,2.48,24787446,61472866.08,0.06,-3.12,12896.00
2023-03-29,2.70,24787446,66926104.20,0.07,8.87,66150.00
2023-03-30,2.69,24787446,66678229.74,0.07,-0.37,11567.00
2023-03-31,2.72,24787446,67421853.12,0.07,1.12,13056.00
2023-04-03,2.69,24787446,66678229.74,0.07,-1.10,36853.00
2023-04-04,2.39,24787446,59241995.94,0.06,-11.15,80304.00
2023-04-05,2.33,24787446,57754749.18,0.06,-2.51,16077.00
2023-04-06,2.37,24787446,58746247.02,0.06,1.72,20856.00
2023-04-10,2.35,24787446,58250498.10,0.06,-0.84,26085.00
2023-04-11,2.33,24787446,57754749.18,0.06,-0.85,17708.00
2023-04-12,2.28,24787446,56515376.88,0.06,-2.15,77064.00
2023-04-13,2.31,24787446,57259000.26,0.06,1.32,23331.00
2023-04-14,2.18,24787446,54036632.28,0.05,-5.63,44254.00
2023-04-17,2.17,24787446,53788757.82,0.05,-0.46,59675.00
2023-04-18,2.26,24787446,56019627.96,0.06,4.15,75936.00
2023-04-19,2.24,24787446,55523879.04,0.06,-0.88,30464.00
2023-04-20,2.20,24787446,54532381.20,0.05,-1.79,40040.00
2023-04-21,2.27,24787446,56267502.42,0.06,3.18,34050.00
2023-04-24,2.26,24787446,56019627.96,0.06,-0.44,30736.00
2023-04-25,2.20,24787446,54532381.20,0.05,-2.65,22220.00
2023-04-26,2.26,24787446,56019627.96,0.06,2.73,6554.00
2023-04-27,2.18,24787446,54036632.28,0.05,-3.54,18966.00
2023-04-28,2.09,24787446,51805762.14,0.05,-4.13,40964.00
2023-05-01,1.86,24787446,46104649.56,0.05,-11.00,151032.00
2023-05-02,1.86,24787446,46104649.56,0.05,0.00,39432.00
2023-05-03,1.62,24787446,40155662.52,0.04,-12.90,74196.00
2023-05-04,1.37,24787446,33958801.02,0.03,-15.43,161660.00
2023-05-05,1.31,24787446,32471554.26,0.03,-4.38,122616.00
2023-05-08,1.02,24787446,25283194.92,0.03,-22.14,257346.00
2023-05-09,0.79,24787446,19582082.34,0.02,-22.55,1006223.00
2023-05-10,0.77,24787446,19086333.42,0.02,-2.53,238161.00
2023-05-11,0.78,24787446,19334207.88,0.02,1.30,136890.00
2023-05-12,0.75,24787446,18590584.50,0.02,-3.85,37350.00
2023-05-15,0.73,24787446,18094835.58,0.02,-2.67,68985.00
2023-05-16,0.74,24787446,18342710.04,0.02,1.37,24272.00
2023-05-17,0.74,24787446,18342710.04,0.02,0.00,46768.00
2023-05-18,0.88,24787446,21812952.48,0.02,18.92,2115608.00
2023-05-19,0.75,24787446,18590584.50,0.02,-14.77,370050.00
2023-05-22,0.69,24787446,17103337.74,0.02,-8.00,241638.00
2023-05-23,0.78,24787446,19334207.88,0.02,13.04,1297920.00
2023-05-24,0.76,24787446,18838458.96,0.02,-2.56,155344.00
2023-05-25,0.75,24787446,18590584.50,0.02,-1.32,54750.00
2023-05-26,0.78,24787446,19334207.88,0.02,4.00,79092.00
2023-05-30,0.73,24787446,18094835.58,0.02,-6.41,32266.00
2023-05-31,0.74,24787446,18342710.04,0.02,1.37,30636.00
2023-06-01,0.76,24787446,18838458.96,0.02,2.70,31920.00
2023-06-02,0.76,24787446,18838458.96,0.02,0.00,53048.00
2023-06-05,0.76,24787446,18838458.96,0.02,0.00,12540.00
2023-06-06,0.76,24787446,18838458.96,0.02,0.00,20748.00
2023-06-07,0.76,24787446,18838458.96,0.02,0.00,19304.00
2023-06-08,0.77,24787446,19086333.42,0.02,1.32,24717.00
2023-06-09,0.74,24787446,18342710.04,0.02,-3.90,52244.00
2023-06-12,0.75,24787446,18590584.50,0.02,1.35,10650.00
2023-06-13,0.73,24787446,18094835.58,0.02,-2.67,34164.00
2023-06-14,0.72,24787446,17846961.12,0.02,-1.37,6264.00
2023-06-15,0.69,24787446,17103337.74,0.02,-4.17,107364.00
2023-06-16,0.70,24787446,17351212.20,0.02,1.45,191590.00
2023-06-20,0.73,24787446,18094835.58,0.02,4.29,79716.00
2023-06-21,0.77,24787446,19086333.42,0.02,5.48,63910.00
2023-06-22,0.83,24787446,20573580.18,0.02,7.79,155293.00
2023-06-23,0.79,24787446,19582082.34,0.02,-4.82,49138.00
2023-06-26,0.80,24787446,19829956.80,0.02,1.27,32240.00
2023-06-27,0.71,24787446,17599086.66,0.02,-11.25,59427.00
2023-06-28,0.75,24787446,18590584.50,0.02,5.63,20400.00
2023-06-29,0.74,24787446,18342710.04,0.02,-1.33,21164.00
2023-06-30,0.73,24787446,18094835.58,0.02,-1.35,24309.00
2023-07-03,0.75,24787446,18590584.50,0.02,2.74,24600.00
2023-07-05,0.72,24787446,17846961.12,0.02,-4.00,27576.00
2023-07-06,0.77,24787446,19086333.42,0.02,6.94,21791.00
2023-07-07,0.76,24787446,18838458.96,0.02,-1.30,30172.00
2023-07-10,0.80,24787446,19829956.80,0.02,5.26,24320.00
2023-07-11,0.83,24787446,20573580.18,0.02,3.75,53203.00
2023-07-12,0.85,24787446,21069329.10,0.02,2.41,56865.00
2023-07-13,0.83,24787446,20573580.18,0.02,-2.35,60424.00
2023-07-14,0.83,24787446,20573580.18,0.02,0.00,15189.00
2023-07-17,0.77,24787446,19086333.42,0.02,-7.23,27643.00
2023-07-18,0.80,24787446,19829956.80,0.02,3.90,24080.00
2023-07-19,0.78,24787446,19334207.88,0.02,-2.50,761748.00
2023-07-20,0.76,24787446,18838458.96,0.02,-2.56,76988.00
2023-07-21,0.87,24787446,21565078.02,0.02,14.47,326250.00
2023-07-24,0.85,24787446,21069329.10,0.02,-2.30,115005.00
2023-07-25,0.79,24787446,19582082.34,0.02,-7.06,76709.00
2023-07-26,0.77,24787446,19086333.42,0.02,-2.53,22715.00
2023-07-27,0.80,24787446,19829956.80,0.02,3.90,30080.00
2023-07-28,0.81,24787446,20077831.26,0.02,1.25,33048.00
2023-07-31,0.83,24787446,20573580.18,0.02,2.47,44488.00
2023-08-01,0.85,24787446,21069329.10,0.02,2.41,48535.00
2023-08-02,0.83,24787446,20573580.18,0.02,-2.35,25315.00
2023-08-03,0.84,24787446,20821454.64,0.02,1.20,31836.00
2023-08-04,0.90,24787446,22308701.40,0.02,7.14,170820.00
2023-08-07,0.88,24787446,21812952.48,0.02,-2.22,16720.00
2023-08-08,0.93,24787446,23052324.78,0.02,5.68,54498.00
2023-08-09,0.99,24787446,24539571.54,0.02,6.45,378477.00
2023-08-10,1.02,24787446,25283194.92,0.03,3.03,172074.00
2023-08-11,1.01,24787446,25035320.46,0.03,-0.98,62115.00
2023-08-14,1.03,24787446,25531069.38,0.03,1.98,87859.00
2023-08-15,1.11,24787446,27514065.06,0.03,7.77,227439.00
2023-08-16,1.06,24787446,26274692.76,0.03,-4.50,141298.00
2023-08-17,1.04,24787446,25778943.84,0.03,-1.89,44928.00
2023-08-18,1.03,24787446,25531069.38,0.03,-0.96,103412.00
2023-08-21,1.08,24787446,26770441.68,0.03,4.85,69012.00
2023-08-22,1.07,24787446,26522567.22,0.03,-0.93,60241.00
2023-08-23,1.11,24787446,27514065.06,0.03,3.74,98568.00
2023-08-24,1.09,24787446,27018316.14,0.03,-1.80,41856.00
2023-08-25,1.08,24787446,26770441.68,0.03,-0.92,12960.00
2023-08-28,1.03,24787446,25531069.38,0.03,-4.63,95584.00
2023-08-29,1.03,24787446,25531069.38,0.03,0.00,202395.00
2023-08-30,0.99,24787446,24539571.54,0.02,-3.88,86130.00
2023-08-31,1.05,24787446,26026818.30,0.03,6.06,56280.00
2023-09-01,1.00,24787446,24787446.00,0.02,-4.76,145600.00
2023-09-05,0.95,24787446,23548073.70,0.02,-5.00,97755.00
2023-09-06,0.89,24787446,22060826.94,0.02,-6.32,98167.00
2023-09-07,0.86,24787446,21317203.56,0.02,-3.37,79206.00
2023-09-08,0.89,24787446,22060826.94,0.02,3.49,14418.00
2023-09-11,0.88,24787446,21812952.48,0.02,-1.12,11176.00
2023-09-12,0.92,24787446,22804450.32,0.02,4.55,12972.00
2023-09-13,0.96,24787446,23795948.16,0.02,4.35,26976.00
2023-09-14,0.95,24787446,23548073.70,0.02,-1.04,40945.00
2023-09-15,0.87,24787446,21565078.02,0.02,-8.42,81084.00
2023-09-18,0.91,24787446,22556575.86,0.02,4.60,37401.00
2023-09-19,0.91,24787446,22556575.86,0.02,0.00,43134.00
2023-09-20,0.90,24787446,22308701.40,0.02,-1.10,18990.00
2023-09-21,0.92,24787446,22804450.32,0.02,2.22,23276.00
2023-09-22,0.93,24787446,23052324.78,0.02,1.09,29946.00
2023-09-25,0.90,24787446,22308701.40,0.02,-3.23,14040.00
2023-09-26,0.95,24787446,23548073.70,0.02,5.56,35150.00
2023-09-27,0.96,24787446,23795948.16,0.02,1.05,64896.00
2023-09-28,0.97,24787446,24043822.62,0.02,1.04,21437.00
2023-09-29,1.00,24787446,24787446.00,0.02,3.09,50200.00
2023-10-02,0.96,24787446,23795948.16,0.02,-4.00,22464.00
2023-10-03,1.00,24787446,24787446.00,0.02,4.17,48000.00
2023-10-04,0.95,24787446,23548073.70,0.02,-5.00,31160.00
2023-10-05,0.92,24787446,22804450.32,0.02,-3.16,20332.00
2023-10-06,0.99,24787446,24539571.54,0.02,7.61,32571.00
2023-10-09,1.00,24787446,24787446.00,0.02,1.01,21400.00
2023-10-10,0.99,24787446,24539571.54,0.02,-1.00,23760.00
2023-10-11,0.98,24787446,24291697.08,0.02,-1.01,19796.00
2023-10-12,0.98,24787446,24291697.08,0.02,0.00,39200.00
2023-10-13,0.92,24787446,22804450.32,0.02,-6.12,497260.00
2023-10-16,0.94,24787446,23300199.24,0.02,2.17,58280.00
2023-10-17,0.96,24787446,23795948.16,0.02,2.13,63840.00
2023-10-18,1.00,24787446,24787446.00,0.02,4.17,137900.00
2023-10-19,1.08,24787446,26770441.68,0.03,8.00,85104.00
2023-10-20,1.18,24787446,29249186.28,0.03,9.26,118944.00
2023-10-23,1.33,24787446,32967303.18,0.03,12.71,492898.00
2023-10-24,1.21,24787446,29992809.66,0.03,-9.02,703252.00
2023-10-25,1.14,24787446,28257688.44,0.03,-5.79,64524.00
2023-10-26,1.12,24787446,27761939.52,0.03,-1.75,22288.00
2023-10-27,1.16,24787446,28753437.36,0.03,3.57,44428.00
2023-10-30,1.33,24787446,32967303.18,0.03,14.66,164654.00
2023-10-31,1.38,24787446,34206675.48,0.03,3.76,449604.00
2023-11-01,1.45,24787446,35941796.70,0.04,5.07,223010.00
2023-11-02,1.43,24787446,35446047.78,0.04,-1.38,160446.00
2023-11-03,1.46,24787446,36189671.16,0.04,2.10,750002.00
2023-11-06,1.55,24787446,38420541.30,0.04,6.16,368745.00
2023-11-07,1.69,24787446,41890783.74,0.04,9.03,412360.00
2023-11-08,1.57,24787446,38916290.22,0.04,-7.10,276477.00
2023-11-09,1.57,24787446,38916290.22,0.04,0.00,83210.00
2023-11-10,1.41,24787446,34950298.86,0.03,-10.19,339810.00
2023-11-13,1.32,24787446,32719428.72,0.03,-6.38,105204.00
2023-11-14,1.30,24787446,32223679.80,0.03,-1.52,82940.00
2023-11-15,1.34,24787446,33215177.64,0.03,3.08,23986.00
2023-11-16,1.39,24787446,34454549.94,0.03,3.73,50874.00
2023-11-17,1.31,24787446,32471554.26,0.03,-5.76,58688.00
2023-11-20,1.23,24787446,30488558.58,0.03,-6.11,59532.00
2023-11-21,1.26,24787446,31232181.96,0.03,2.44,44100.00
2023-11-22,1.32,24787446,32719428.72,0.03,4.76,114048.00
2023-11-24,1.31,24787446,32471554.26,0.03,-0.76,13362.00
2023-11-27,1.63,24787446,40403536.98,0.04,24.43,1070747.00
2023-11-28,1.60,24787446,39659913.60,0.04,-1.84,320800.00
2023-11-29,1.50,24787446,37181169.00,0.04,-6.25,164100.00
2023-11-30,1.50,24787446,37181169.00,0.04,0.00,67500.00
2023-12-01,1.58,24787446,39164164.68,0.04,5.33,348548.00
2023-12-04,1.52,24787446,37676917.92,0.04,-3.80,86184.00
2023-12-05,1.54,24787446,38172666.84,0.04,1.32,57596.00
2023-12-06,1.51,24787446,37429043.46,0.04,-1.95,47263.00
2023-12-07,1.44,24787446,35693922.24,0.04,-4.64,929952.00
2023-12-08,1.35,24787446,33463052.10,0.03,-6.25,197640.00
2023-12-11,1.36,24787446,33710926.56,0.03,0.74,79016.00
2023-12-12,1.27,24787446,31480056.42,0.03,-6.62,263652.00
2023-12-13,1.43,24787446,35446047.78,0.04,12.60,37466.00
2023-12-14,1.39,24787446,34454549.94,0.03,-2.80,82983.00
2023-12-15,1.27,24787446,31480056.42,0.03,-8.63,110871.00
2023-12-18,1.41,24787446,34950298.86,0.03,11.02,65142.00
2023-12-19,1.40,24787446,34702424.40,0.03,-0.71,65660.00
2023-12-20,1.30,24787446,32223679.80,0.03,-7.14,48750.00
2023-12-21,1.34,24787446,33215177.64,0.03,3.08,13936.00
2023-12-22,1.29,24787446,31975805.34,0.03,-3.73,38958.00
2023-12-26,1.24,24787446,30736433.04,0.03,-3.88,22196.00
2023-12-27,1.28,24787446,31727930.88,0.03,3.23,7680.00
2023-12-28,1.28,24787446,31727930.88,0.03,0.00,27520.00
2023-12-29,1.25,24787446,30984307.50,0.03,-2.34,164875.00
2024-01-02,1.29,24787446,31975805.34,0.03,3.20,134934.00
2024-01-03,1.30,24787446,32223679.80,0.03,0.78,19110.00
2024-01-04,1.39,24787446,34454549.94,0.03,6.92,422838.00
2024-01-05,1.35,24787446,33463052.10,0.03,-2.88,104355.00
2024-01-08,1.37,24787446,33958801.02,0.03,1.48,47813.00
2024-01-09,1.42,24787446,35198173.32,0.04,3.65,184742.00
2024-01-10,1.44,24787446,35693922.24,0.04,1.41,279504.00
2024-01-11,1.52,24787446,37676917.92,0.04,5.56,177840.00
2024-01-12,1.51,24787446,37429043.46,0.04,-0.66,89241.00
2024-01-16,1.55,24787446,38420541.30,0.04,2.65,421910.00
2024-01-17,1.63,24787446,40403536.98,0.04,5.16,372781.00
2024-01-18,1.60,24787446,39659913.60,0.04,-1.84,384320.00
2024-01-19,1.47,24787446,36437545.62,0.04,-8.13,306348.00
2024-01-22,1.52,24787446,37676917.92,0.04,3.40,54720.00
2024-01-23,1.52,24787446,37676917.92,0.04,0.00,149568.00
2024-01-24,1.57,24787446,38916290.22,0.04,3.29,183847.00
2024-01-25,1.46,24787446,36189671.16,0.04,-7.01,147314.00
2024-01-26,1.42,24787446,35198173.32,0.04,-2.74,83070.00
2024-01-29,1.50,24787446,37181169.00,0.04,5.63,62850.00
2024-01-30,1.48,24787446,36685420.08,0.04,-1.33,64084.00
2024-01-31,1.49,24787446,36933294.54,0.04,0.68,80758.00
2024-02-01,1.57,24787446,38916290.22,0.04,5.37,115081.00
2024-02-02,1.74,24787446,43130156.04,0.04,10.83,413424.00
2024-02-05,1.71,24787446,42386532.66,0.04,-1.72,912969.00
2024-02-06,1.94,24787446,48087645.24,0.05,13.45,1065836.00
2024-02-07,1.98,24787446,49079143.08,0.05,2.06,449658.00
2024-02-08,1.90,24787446,47096147.40,0.05,-4.04,262390.00
2024-02-09,2.30,24787446,57011125.80,0.06,21.05,1814470.00
2024-02-12,2.27,24787446,56267502.42,0.06,-1.30,463307.00
2024-02-13,2.46,24787446,60977117.16,0.06,8.37,573918.00
2024-02-14,2.60,24787446,64447359.60,0.06,5.69,820300.00
2024-02-15,2.36,24787446,58498372.56,0.06,-9.23,1021172.00
2024-02-16,2.14,24787446,53045134.44,0.05,-9.32,916990.00
2024-02-20,2.32,24787446,57506874.72,0.06,8.41,476064.00
2024-02-21,2.25,24787446,55771753.50,0.06,-3.02,232200.00
2024-02-22,2.27,24787446,56267502.42,0.06,0.89,660116.00
2024-02-23,2.21,24787446,54780255.66,0.05,-2.64,206193.00
2024-02-26,2.26,24787446,56019627.96,0.06,2.26,311880.00
2024-02-27,2.40,24787446,59489870.40,0.06,6.19,1696560.00
2024-02-28,2.55,24787446,63207987.30,0.06,6.25,2586465.00
2024-02-29,3.45,24787446,85516688.70,0.09,35.29,3552465.00
2024-03-01,2.92,24787446,72379342.32,0.07,-15.36,4708792.00
2024-03-04,3.00,24787446,74362338.00,0.07,2.74,1932900.00
2024-03-05,3.38,24787446,83781567.48,0.08,12.67,3392168.00
2024-03-06,4.48,24787446,111047758.08,0.11,32.54,6138496.00
2024-03-07,5.00,24787446,123937230.00,0.12,11.61,7088000.00
2024-03-08,5.50,24787446,136330953.00,0.14,10.00,8487600.00
2024-03-11,6.25,24787446,154921537.50,0.15,13.64,7865625.00
2024-03-12,4.18,24787446,103611524.28,0.10,-33.12,15177162.00
2024-03-13,4.40,24787446,109064762.40,0.11,5.26,4408800.00
2024-03-14,3.85,24787446,95431667.10,0.10,-12.50,1958495.00
2024-03-15,3.90,24787446,96671039.40,0.10,1.30,1811940.00
2024-03-18,3.40,24787446,84277316.40,0.08,-12.82,2781540.00
2024-03-19,4.00,24787446,99149784.00,0.10,17.65,4369600.00
2024-03-20,3.70,24787446,91713550.20,0.09,-7.50,1515150.00
2024-03-21,3.44,24787446,85268814.24,0.09,-7.03,2917808.00
2024-03-22,3.47,24787446,86012437.62,0.09,0.87,647155.00
2024-03-25,3.95,24787446,97910411.70,0.10,13.83,2390935.00
2024-03-26,3.79,24787446,93944420.34,0.09,-4.05,887997.00
2024-03-27,3.71,24787446,91961424.66,0.09,-2.11,864059.00
2024-03-28,3.63,24787446,89978428.98,0.09,-2.16,611292.00
2024-04-01,3.42,24787446,84773065.32,0.08,-5.79,544464.00
2024-04-02,3.47,24787446,86012437.62,0.09,1.46,466368.00
2024-04-03,3.41,24787446,84525190.86,0.08,-1.73,841247.00
2024-04-04,3.19,24787446,79071952.74,0.08,-6.45,862895.00
2024-04-05,3.05,24787446,75601710.30,0.08,-4.39,380030.00
2024-04-08,2.96,24787446,73370840.16,0.07,-2.95,459688.00
2024-04-09,2.70,24787446,66926104.20,0.07,-8.78,666090.00
2024-04-10,2.66,24787446,65934606.36,0.07,-1.48,381444.00
2024-04-11,2.51,24787446,62216489.46,0.06,-5.64,626747.00
2024-04-12,2.12,24787446,52549385.52,0.05,-15.54,966720.00
2024-04-15,1.99,24787446,49327017.54,0.05,-6.13,627049.00
2024-04-16,2.31,24787446,57259000.26,0.06,16.08,708015.00
2024-04-17,2.34,24787446,58002623.64,0.06,1.30,1078740.00
2024-04-18,2.25,24787446,55771753.50,0.06,-3.85,280575.00
2024-04-19,2.20,24787446,54532381.20,0.05,-2.22,135520.00
2024-04-22,2.27,24787446,56267502.42,0.06,3.18,78315.00
2024-04-23,2.24,24787446,55523879.04,0.06,-1.32,120960.00
2024-04-24,2.20,24787446,54532381.20,0.05,-1.79,217580.00
2024-04-25,2.19,24787446,54284506.74,0.05,-0.45,48399.00
2024-04-26,2.35,24787446,58250498.10,0.06,7.31,404435.00
2024-04-29,2.46,24787446,60977117.16,0.06,4.68,304548.00
2024-04-30,3.09,24787446,76593208.14,0.08,25.61,2004174.00
2024-05-01,3.49,24787446,86508186.54,0.09,12.94,1268615.00
2024-05-02,3.00,24787446,74362338.00,0.07,-14.04,555300.00
2024-05-03,3.13,24787446,77584705.98,0.08,4.33,349308.00
2024-05-06,3.41,24787446,84525190.86,0.08,8.95,1003222.00
2024-05-07,3.43,24787446,85020939.78,0.09,0.59,776895.00
2024-05-08,3.54,24787446,87747558.84,0.09,3.21,378072.00
2024-05-09,3.60,24787446,89234805.60,0.09,1.69,692640.00
2024-05-10,3.55,24787446,87995433.30,0.09,-1.39,908800.00
2024-05-13,3.18,24787446,78824078.28,0.08,-10.42,736488.00
2024-05-14,3.08,24787446,76345333.68,0.08,-3.14,313852.00
2024-05-15,3.08,24787446,76345333.68,0.08,0.00,537460.00
2024-05-16,3.14,24787446,77832580.44,0.08,1.95,368322.00
2024-05-17,3.15,24787446,78080454.90,0.08,0.32,887040.00
2024-05-20,2.92,24787446,72379342.32,0.07,-7.30,1014116.00
2024-05-21,2.99,24787446,74114463.54,0.07,2.40,1062048.00
2024-05-22,2.75,24787446,68165476.50,0.07,-8.03,913825.00
2024-05-23,2.88,24787446,71387844.48,0.07,4.73,995328.00
2024-05-24,3.12,24787446,77336831.52,0.08,8.33,697632.00
2024-05-28,3.39,24787446,84029441.94,0.08,8.65,1668219.00
2024-05-29,3.80,24787446,94192294.80,0.09,12.09,1877200.00
2024-05-30,3.99,24787446,98901909.54,0.10,5.00,2551605.00
2024-05-31,3.89,24787446,96423164.94,0.10,-2.51,1613183.00
2024-06-03,3.89,24787446,96423164.94,0.10,0.00,2970015.00
2024-06-04,4.00,24787446,99149784.00,0.10,2.83,499200.00
2024-06-05,3.81,24787446,94440169.26,0.09,-4.75,651510.00
2024-06-06,3.41,24787446,84525190.86,0.08,-10.50,1010724.00
2024-06-07,3.27,24787446,81054948.42,0.08,-4.11,1163793.00
2024-06-10,3.27,24787446,81054948.42,0.08,0.00,367875.00
2024-06-11,3.07,24787446,76097459.22,0.08,-6.12,254196.00
2024-06-12,3.24,24787446,80311325.04,0.08,5.54,243000.00
2024-06-13,3.29,24787446,81550697.34,0.08,1.54,498764.00
2024-06-14,3.09,24787446,76593208.14,0.08,-6.08,300348.00
2024-06-17,2.93,24787446,72627216.78,0.07,-5.18,747150.00
2024-06-18,2.97,24787446,73618714.62,0.07,1.37,509058.00
2024-06-20,2.88,24787446,71387844.48,0.07,-3.03,564480.00
2024-06-21,2.69,24787446,66678229.74,0.07,-6.60,427172.00
2024-06-24,2.65,24787446,65686731.90,0.07,-1.49,320915.00
2024-06-25,2.59,24787446,64199485.14,0.06,-2.26,421652.00
2024-06-26,2.61,24787446,64695234.06,0.06,0.77,348957.00
2024-06-27,2.63,24787446,65190982.98,0.07,0.77,462091.00
2024-06-28,2.78,24787446,68909099.88,0.07,5.70,281058.00
2024-07-01,2.76,24787446,68413350.96,0.07,-0.72,191268.00
2024-07-02,2.62,24787446,64943108.52,0.06,-5.07,324618.00
2024-07-03,2.64,24787446,65438857.44,0.07,0.76,67848.00
2024-07-05,2.73,24787446,67669727.58,0.07,3.41,226044.00
2024-07-08,2.58,24787446,63951610.68,0.06,-5.49,434988.00
2024-07-09,2.58,24787446,63951610.68,0.06,0.00,103458.00
2024-07-10,2.89,24787446,71635718.94,0.07,12.02,936071.00
2024-07-11,2.81,24787446,69652723.26,0.07,-2.77,265264.00
2024-07-12,2.79,24787446,69156974.34,0.07,-0.71,244404.00
2024-07-15,2.91,24787446,72131467.86,0.07,4.30,253752.00
2024-07-16,2.97,24787446,73618714.62,0.07,2.06,260766.00
2024-07-17,2.88,24787446,71387844.48,0.07,-3.03,887328.00
2024-07-18,2.76,24787446,68413350.96,0.07,-4.17,441324.00
2024-07-19,2.73,24787446,67669727.58,0.07,-1.09,227409.00
2024-07-22,2.88,24787446,71387844.48,0.07,5.49,509184.00
2024-07-23,3.02,24787446,74858086.92,0.07,4.86,671346.00
2024-07-24,3.14,24787446,77832580.44,0.08,3.97,1195084.00
2024-07-25,3.09,24787446,76593208.14,0.08,-1.59,419622.00
2024-07-26,3.38,24787446,83781567.48,0.08,9.39,681070.00
2024-07-29,3.54,24787446,87747558.84,0.09,4.73,1074744.00
2024-07-30,3.67,24787446,90969926.82,0.09,3.67,488477.00
2024-07-31,4.09,24787446,101380654.14,0.10,11.44,1159106.00
2024-08-01,3.98,24787446,98654035.08,0.10,-2.69,1037188.00
2024-08-02,3.74,24787446,92705048.04,0.09,-6.03,710974.00
2024-08-05,3.39,24787446,84029441.94,0.08,-9.36,494601.00
2024-08-06,3.52,24787446,87251809.92,0.09,3.83,837056.00
2024-08-07,3.59,24787446,88986931.14,0.09,1.99,261352.00
2024-08-08,3.31,24787446,82046446.26,0.08,-7.80,571306.00
2024-08-09,3.13,24787446,77584705.98,0.08,-5.44,813174.00
2024-08-12,3.27,24787446,81054948.42,0.08,4.47,1328601.00
2024-08-13,3.23,24787446,80063450.58,0.08,-1.22,149872.00
2024-08-14,3.21,24787446,79567701.66,0.08,-0.62,375891.00
2024-08-15,3.15,24787446,78080454.90,0.08,-1.87,378315.00
2024-08-16,3.18,24787446,78824078.28,0.08,0.95,282384.00
2024-08-19,3.18,24787446,78824078.28,0.08,0.00,1929624.00
2024-08-20,3.25,24787446,80559199.50,0.08,2.20,521300.00
2024-08-21,3.29,24787446,81550697.34,0.08,1.23,1237369.00
2024-08-22,3.03,24787446,75105961.38,0.08,-7.90,543279.00
2024-08-23,3.03,24787446,75105961.38,0.08,0.00,703869.00
2024-08-26,2.90,24787446,71883593.40,0.07,-4.29,385990.00
2024-08-27,2.87,24787446,71139970.02,0.07,-1.03,170191.00
2024-08-28,2.92,24787446,72379342.32,0.07,1.74,175784.00
2024-08-29,3.23,24787446,80063450.58,0.08,10.62,794903.00
2024-08-30,3.91,24787446,96918913.86,0.10,21.05,5071661.00
2024-09-03,3.65,24787446,90474177.90,0.09,-6.65,870890.00
2024-09-04,3.44,24787446,85268814.24,0.09,-5.75,639152.00
2024-09-05,3.30,24787446,81798571.80,0.08,-4.07,473550.00
2024-09-06,3.13,24787446,77584705.98,0.08,-5.15,281074.00
2024-09-09,3.39,24787446,84029441.94,0.08,8.31,212892.00
2024-09-10,3.55,24787446,87995433.30,0.09,4.72,301040.00
2024-09-11,3.56,24787446,88243307.76,0.09,0.28,312568.00
2024-09-12,3.52,24787446,87251809.92,0.09,-1.12,398464.00
2024-09-13,3.43,24787446,85020939.78,0.09,-2.56,319676.00
2024-09-16,3.37,24787446,83533693.02,0.08,-1.75,240955.00
2024-09-17,3.26,24787446,80807073.96,0.08,-3.26,138876.00
2024-09-18,3.22,24787446,79815576.12,0.08,-1.23,419566.00
2024-09-19,3.15,24787446,78080454.90,0.08,-2.17,411705.00
2024-09-20,3.26,24787446,80807073.96,0.08,3.49,647110.00
2024-09-23,3.16,24787446,78328329.36,0.08,-3.07,305256.00
2024-09-24,3.12,24787446,77336831.52,0.08,-1.27,387192.00
2024-09-25,3.12,24787446,77336831.52,0.08,0.00,379392.00
2024-09-26,2.97,24787446,73618714.62,0.07,-4.81,369765.00
2024-09-27,3.02,24787446,74858086.92,0.07,1.68,212306.00
2024-09-30,3.05,24787446,75601710.30,0.08,0.99,348920.00
2024-10-01,3.16,24787446,78328329.36,0.08,3.61,270180.00
2024-10-02,3.30,24787446,81798571.80,0.08,4.43,248820.00
2024-10-03,3.31,24787446,82046446.26,0.08,0.30,291942.00
2024-10-04,3.19,24787446,79071952.74,0.08,-3.63,271469.00
2024-10-07,3.09,24787446,76593208.14,0.08,-3.13,145230.00
2024-10-08,3.06,24787446,75849584.76,0.08,-0.97,186660.00
2024-10-09,2.97,24787446,73618714.62,0.07,-2.94,236115.00
2024-10-10,3.06,24787446,75849584.76,0.08,3.03,228582.00
2024-10-11,3.10,24787446,76841082.60,0.08,1.31,172980.00
2024-10-14,3.06,24787446,75849584.76,0.08,-1.29,160038.00
2024-10-15,2.87,24787446,71139970.02,0.07,-6.21,381997.00
2024-10-16,2.87,24787446,71139970.02,0.07,0.00,394912.00
2024-10-17,2.83,24787446,70148472.18,0.07,-1.39,534870.00
2024-10-18,2.76,24787446,68413350.96,0.07,-2.47,211140.00
2024-10-21,2.75,24787446,68165476.50,0.07,-0.36,307175.00
2024-10-22,2.76,24787446,68413350.96,0.07,0.36,277656.00
2024-10-23,2.70,24787446,66926104.20,0.07,-2.17,443880.00
2024-10-24,2.73,24787446,67669727.58,0.07,1.11,190281.00
2024-10-25,2.65,24787446,65686731.90,0.07,-2.93,189475.00
2024-10-28,2.52,24787446,62464363.92,0.06,-4.91,439992.00
2024-10-29,2.36,24787446,58498372.56,0.06,-6.35,363912.00
2024-10-30,2.27,24787446,56267502.42,0.06,-3.81,293965.00
2024-10-31,2.15,24787446,53293008.90,0.05,-5.29,439460.00
2024-11-01,2.32,24787446,57506874.72,0.06,7.91,277936.00
2024-11-04,2.28,24787446,56515376.88,0.06,-1.72,290928.00
2024-11-05,2.23,24787446,55276004.58,0.06,-2.19,266708.00
2024-11-06,2.19,24787446,54284506.74,0.05,-1.79,232359.00
2024-11-07,2.32,24787446,57506874.72,0.06,5.94,421312.00
2024-11-08,2.36,24787446,58498372.56,0.06,1.72,496308.00
2024-11-11,2.31,24787446,57259000.26,0.06,-2.12,248556.00
2024-11-12,2.30,24787446,57011125.80,0.06,-0.43,733700.00
2024-11-13,2.26,24787446,56019627.96,0.06,-1.74,352334.00
2024-11-14,2.12,24787446,52549385.52,0.05,-6.19,369516.00
2024-11-15,2.01,24787446,49822766.46,0.05,-5.19,335067.00
2024-11-18,2.09,24787446,51805762.14,0.05,3.98,275462.00
2024-11-19,2.17,24787446,53788757.82,0.05,3.83,162099.00
2024-11-20,2.20,24787446,54532381.20,0.05,1.38,223520.00
2024-11-21,2.16,24787446,53540883.36,0.05,-1.82,218160.00
2024-11-22,2.09,24787446,51805762.14,0.05,-3.24,241604.00
2024-11-25,2.15,24787446,53293008.90,0.05,2.87,265955.00
2024-11-26,2.13,24787446,52797259.98,0.05,-0.93,870105.00
2024-11-27,2.09,24787446,51805762.14,0.05,-1.88,186637.00
2024-11-29,2.08,24787446,51557887.68,0.05,-0.48,91728.00
2024-12-02,2.24,24787446,55523879.04,0.06,7.69,424480.00
2024-12-03,2.70,24787446,66926104.20,0.07,20.54,1162620.00
2024-12-04,2.59,24787446,64199485.14,0.06,-4.07,703444.00
2024-12-05,2.34,24787446,58002623.64,0.06,-9.65,712764.00
2024-12-06,2.37,24787446,58746247.02,0.06,1.28,323742.00
2024-12-09,2.41,24787446,59737744.86,0.06,1.69,306070.00
2024-12-10,2.48,24787446,61472866.08,0.06,2.90,744248.00
2024-12-11,2.34,24787446,58002623.64,0.06,-5.65,441558.00
2024-12-12,2.26,24787446,56019627.96,0.06,-3.42,533134.00
2024-12-13,2.24,24787446,55523879.04,0.06,-0.88,533120.00
2024-12-16,2.16,24787446,53540883.36,0.05,-3.57,384048.00
2024-12-17,2.08,24787446,51557887.68,0.05,-3.70,736944.00
2024-12-18,2.11,24787446,52301511.06,0.05,1.44,261429.00
2024-12-19,2.21,24787446,54780255.66,0.05,4.74,213486.00
2024-12-20,2.23,24787446,55276004.58,0.06,0.90,214749.00
2024-12-23,2.20,24787446,54532381.20,0.05,-1.35,120780.00
2024-12-24,2.21,24787446,54780255.66,0.05,0.45,77350.00
2024-12-26,2.37,24787446,58746247.02,0.06,7.24,313314.00
2024-12-27,2.29,24787446,56763251.34,0.06,-3.38,262892.00
2024-12-30,2.20,24787446,54532381.20,0.05,-3.93,240460.00
2024-12-31,2.10,24787446,52053636.60,0.05,-4.55,787500.00
2025-01-02,2.30,24787446,57011125.80,0.06,9.52,130640.00
2025-01-03,2.29,24787446,56763251.34,0.06,-0.43,263121.00
2025-01-06,2.18,24787446,54036632.28,0.05,-4.80,310650.00
2025-01-07,2.24,24787446,55523879.04,0.06,2.75,254016.00
2025-01-08,2.21,24787446,54780255.66,0.05,-1.34,182325.00
2025-01-10,2.16,24787446,53540883.36,0.05,-2.26,128952.00
2025-01-13,2.06,24787446,51062138.76,0.05,-4.63,188284.00
2025-01-14,1.93,24787446,47839770.78,0.05,-6.31,4488022.00
2025-01-15,1.90,24787446,47096147.40,0.05,-1.55,1288390.00
2025-01-16,1.98,24787446,49079143.08,0.05,4.21,282150.00
2025-01-17,1.90,24787446,47096147.40,0.05,-4.04,91770.00
2025-01-21,1.94,24787446,48087645.24,0.05,2.11,125324.00
2025-01-22,1.98,24787446,49079143.08,0.05,2.06,493614.00
2025-01-23,1.82,24787446,45113151.72,0.05,-8.08,213122.00
2025-01-24,1.74,24787446,43130156.04,0.04,-4.40,179742.00
2025-01-27,1.73,24787446,42882281.58,0.04,-0.57,231301.00
2025-01-28,1.71,24787446,42386532.66,0.04,-1.16,148086.00
2025-01-29,1.81,24787446,44865277.26,0.04,5.85,57196.00
2025-01-30,1.82,24787446,45113151.72,0.05,0.55,129220.00
2025-01-31,1.77,24787446,43873779.42,0.04,-2.75,86022.00
2025-02-03,1.77,24787446,43873779.42,0.04,0.00,62304.00
2025-02-04,1.77,24787446,43873779.42,0.04,0.00,33276.00
2025-02-05,1.86,24787446,46104649.56,0.05,5.08,194370.00
2025-02-06,1.89,24787446,46848272.94,0.05,1.61,189189.00
2025-02-07,1.78,24787446,44121653.88,0.04,-5.82,124244.00
2025-02-10,1.70,24787446,42138658.20,0.04,-4.49,140250.00
2025-02-11,1.61,24787446,39907788.06,0.04,-5.29,130249.00
2025-02-12,1.52,24787446,37676917.92,0.04,-5.59,219488.00
2025-02-13,1.53,24787446,37924792.38,0.04,0.66,162639.00
2025-02-14,1.60,24787446,39659913.60,0.04,4.58,278080.00
2025-02-18,1.51,24787446,37429043.46,0.04,-5.63,92714.00
2025-02-19,1.59,24787446,39412039.14,0.04,5.30,173469.00
2025-02-20,1.43,24787446,35446047.78,0.04,-10.06,609752.00
2025-02-21,1.45,24787446,35941796.70,0.04,1.40,323205.00
2025-02-24,1.53,24787446,37924792.38,0.04,5.52,130203.00
2025-02-25,1.48,24787446,36685420.08,0.04,-3.27,96052.00
2025-02-26,1.53,24787446,37924792.38,0.04,3.38,63648.00
2025-02-27,1.55,24787446,38420541.30,0.04,1.31,110670.00
2025-02-28,1.47,24787446,36437545.62,0.04,-5.16,94374.00
2025-03-03,1.28,24787446,31727930.88,0.03,-12.93,347904.00
2025-03-04,1.21,24787446,29992809.66,0.03,-5.47,303710.00
2025-03-05,1.38,24787446,34206675.48,0.03,14.05,134412.00
2025-03-06,1.38,24787446,34206675.48,0.03,0.00,115092.00
2025-03-07,1.45,24787446,35941796.70,0.04,5.07,98745.00
2025-03-10,1.34,24787446,33215177.64,0.03,-7.59,58156.00
2025-03-11,1.42,24787446,35198173.32,0.04,5.97,83070.00
2025-03-12,1.44,24787446,35693922.24,0.04,1.41,18288.00
2025-03-13,1.32,24787446,32719428.72,0.03,-8.33,35244.00
2025-03-14,1.35,24787446,33463052.10,0.03,2.27,34425.00
2025-03-17,1.47,24787446,36437545.62,0.04,8.89,64386.00
2025-03-18,1.39,24787446,34454549.94,0.03,-5.44,1244050.00
2025-03-19,1.44,24787446,35693922.24,0.04,3.60,111600.00
2025-03-20,1.58,24787446,39164164.68,0.04,9.72,113128.00
2025-03-21,1.77,24787446,43873779.42,0.04,12.03,334530.00
2025-03-24,1.76,24787446,43625904.96,0.04,-0.56,132000.00
2025-03-25,1.82,24787446,45113151.72,0.05,3.41,142688.00
2025-03-26,1.80,24787446,44617402.80,0.04,-1.10,22860.00
2025-03-27,1.75,24787446,43378030.50,0.04,-2.78,35000.00
2025-03-28,1.72,24787446,42634407.12,0.04,-1.71,98040.00
2025-03-31,1.71,24787446,42386532.66,0.04,-0.58,121239.00
2025-04-01,1.64,24787446,40651411.44,0.04,-4.09,129724.00
2025-04-02,1.67,24787446,41395034.82,0.04,1.83,57114.00
2025-04-03,1.53,24787446,37924792.38,0.04,-8.38,195381.00
2025-04-04,1.41,24787446,34950298.86,0.03,-7.84,164829.00
2025-04-07,1.40,24787446,34702424.40,0.03,-0.71,81900.00
2025-04-08,1.33,24787446,32967303.18,0.03,-5.00,71421.00
2025-04-09,1.40,24787446,34702424.40,0.03,5.26,88060.00
2025-04-10,1.34,24787446,33215177.64,0.03,-4.29,42210.00
2025-04-11,1.35,24787446,33463052.10,0.03,0.75,59670.00
2025-04-14,1.41,24787446,34950298.86,0.03,4.44,28482.00
2025-04-15,1.43,24787446,35446047.78,0.04,1.42,45617.00
2025-04-16,1.40,24787446,34702424.40,0.03,-2.10,40460.00
2025-04-17,1.38,24787446,34206675.48,0.03,-1.43,136482.00
2025-04-21,1.39,24787446,34454549.94,0.03,0.72,37113.00
2025-04-22,1.46,24787446,36189671.16,0.04,5.04,27886.00
2025-04-23,1.59,24787446,39412039.14,0.04,8.90,197478.00
2025-04-24,1.69,24787446,41890783.74,0.04,6.29,101738.00
2025-04-25,1.35,24787446,33463052.10,0.03,-20.12,810405.00
2025-04-28,1.22,24787446,30240684.12,0.03,-9.63,158478.00
2025-04-29,1.17,24787446,29001311.82,0.03,-4.10,106236.00
2025-04-30,1.16,24787446,28753437.36,0.03,-0.85,53824.00
2025-05-01,1.23,24787446,30488558.58,0.03,6.03,165066.00
2025-05-02,1.19,24787446,29497060.74,0.03,-3.25,152677.00
2025-05-05,1.14,24787446,28257688.44,0.03,-4.20,140790.00
2025-05-06,1.08,24787446,26770441.68,0.03,-5.26,103896.00
2025-05-07,1.04,24787446,25778943.84,0.03,-3.70,85072.00
2025-05-08,1.06,24787446,26274692.76,0.03,1.92,171190.00
2025-05-09,1.08,24787446,26770441.68,0.03,1.89,102168.00
2025-05-12,1.08,24787446,26770441.68,0.03,0.00,138456.00
2025-05-13,1.07,24787446,26522567.22,0.03,-0.93,75435.00
2025-05-14,1.06,24787446,26274692.76,0.03,-0.93,55332.00
2025-05-15,1.03,24787446,25531069.38,0.03,-2.83,59946.00
2025-05-16,1.01,24787446,25035320.46,0.03,-1.94,83729.00
2025-05-19,1.00,24787446,24787446.00,0.02,-0.99,98500.00
2025-05-20,0.98,24787446,24291697.08,0.02,-2.00,40670.00
2025-05-21,0.96,24787446,23795948.16,0.02,-2.04,59136.00
2025-05-22,0.97,24787446,24043822.62,0.02,1.04,57618.00
2025-05-23,1.10,24787446,27266190.60,0.03,13.40,347710.00
2025-05-27,1.05,24787446,26026818.30,0.03,-4.55,43995.00
2025-05-28,1.02,24787446,25283194.92,0.03,-2.86,35598.00
2025-05-29,1.03,24787446,25531069.38,0.03,0.98,47071.00
2025-05-30,1.02,24787446,25283194.92,0.03,-0.97,41106.00
2025-06-02,0.98,24787446,24291697.08,0.02,-3.92,59192.00
2025-06-03,0.92,24787446,22804450.32,0.02,-6.12,52072.00
2025-06-04,0.96,24787446,23795948.16,0.02,4.35,45408.00
2025-06-05,0.99,24787446,24539571.54,0.02,3.12,36729.00
2025-06-06,0.99,24787446,24539571.54,0.02,0.00,47421.00
2025-06-09,1.00,24787446,24787446.00,0.02,1.01,130800.00
2025-06-10,1.05,24787446,26026818.30,0.03,5.00,55440.00
2025-06-11,1.04,24787446,25778943.84,0.03,-0.95,1374984.00
2025-06-12,1.02,24787446,25283194.92,0.03,-1.92,62934.00
2025-06-13,0.98,24787446,24291697.08,0.02,-3.92,86926.00
2025-06-16,1.01,24787446,25035320.46,0.03,3.06,90799.00
2025-06-17,1.00,24787446,24787446.00,0.02,-0.99,67100.00
2025-06-18,1.00,24787446,24787446.00,0.02,0.00,58500.00
2025-06-20,0.96,24787446,23795948.16,0.02,-4.00,93600.00
2025-06-23,0.97,24787446,24043822.62,0.02,1.04,147925.00
2025-06-24,0.95,24787446,23548073.70,0.02,-2.06,92245.00
2025-06-25,0.87,24787446,21565078.02,0.02,-8.42,165909.00
2025-06-26,0.86,24787446,21317203.56,0.02,-1.15,145512.00
2025-06-27,0.85,24787446,21069329.10,0.02,-1.16,53295.00
2025-06-30,0.87,24787446,21565078.02,0.02,2.35,48981.00
2025-07-01,0.85,24787446,21069329.10,0.02,-2.30,25670.00
2025-07-02,0.86,24787446,21317203.56,0.02,1.18,53320.00
2025-07-03,0.90,24787446,22308701.40,0.02,4.65,27990.00
2025-07-07,0.88,24787446,21812952.48,0.02,-2.22,48136.00
2025-07-08,0.88,24787446,21812952.48,0.02,0.00,53768.00
2025-07-09,0.89,24787446,22060826.94,0.02,1.14,42097.00
2025-07-10,0.90,24787446,22308701.40,0.02,1.12,90270.00
2025-07-11,0.88,24787446,21812952.48,0.02,-2.22,101376.00
2025-07-14,0.83,24787446,20573580.18,0.02,-5.68,134543.00
2025-07-15,0.81,24787446,20077831.26,0.02,-2.41,113319.00
2025-07-16,0.87,24787446,21565078.02,0.02,7.41,195576.00
2025-07-17,0.87,24787446,21565078.02,0.02,0.00,91872.00
2025-07-18,0.95,24787446,23548073.70,0.02,9.20,372685.00
2025-07-21,0.95,24787446,23548073.70,0.02,0.00,158650.00
2025-07-22,0.97,24787446,24043822.62,0.02,2.11,164609.00
2025-07-23,1.03,24787446,25531069.38,0.03,6.19,469783.00
2025-07-24,1.01,24787446,25035320.46,0.03,-1.94,164933.00
2025-07-25,0.98,24787446,24291697.08,0.02,-2.97,193158.00
2025-07-28,0.89,24787446,22060826.94,0.02,-9.18,495374.00
2025-07-29,0.89,24787446,22060826.94,0.02,0.00,150410.00
2025-07-30,0.92,24787446,22804450.32,0.02,3.37,288788.00
2025-07-31,0.90,24787446,22308701.40,0.02,-2.17,152460.00
2025-08-01,0.85,24787446,21069329.10,0.02,-5.56,212925.00
2025-08-04,0.88,24787446,21812952.48,0.02,3.53,58256.00
2025-08-05,0.88,24787446,21812952.48,0.02,0.00,75944.00
2025-08-06,0.84,24787446,20821454.64,0.02,-4.55,84252.00
2025-08-07,0.83,24787446,20573580.18,0.02,-1.19,97442.00
2025-08-08,0.85,24787446,21069329.10,0.02,2.41,57375.00
2025-08-11,0.82,24787446,20325705.72,0.02,-3.53,195652.00
2025-08-12,0.83,24787446,20573580.18,0.02,1.22,207168.00
2025-08-13,0.83,24787446,20573580.18,0.02,0.00,87648.00
2025-08-14,0.80,24787446,19829956.80,0.02,-3.61,126640.00
2025-08-15,0.82,24787446,20325705.72,0.02,2.50,81836.00
2025-08-18,0.84,24787446,20821454.64,0.02,2.44,267876.00
2025-08-19,0.85,24787446,21069329.10,0.02,1.19,170085.00
2025-08-20,0.80,24787446,19829956.80,0.02,-5.88,153600.00
2025-08-21,0.79,24787446,19582082.34,0.02,-1.25,88717.00
2025-08-22,0.79,24787446,19582082.34,0.02,0.00,120159.00
2025-08-25,1.05,24787446,26026818.30,0.03,32.91,826140.00
2025-08-26,0.93,24787446,23052324.78,0.02,-11.43,361863.00
2025-08-27,0.89,24787446,22060826.94,0.02,-4.30,104486.00
2025-08-28,0.89,24787446,22060826.94,0.02,0.00,39071.00
2025-08-29,0.88,24787446,21812952.48,0.02,-1.12,39952.00
2025-09-02,0.89,24787446,22060826.94,0.02,1.14,43076.00
2025-09-03,0.89,24787446,22060826.94,0.02,0.00,59630.00
2025-09-04,0.96,24787446,23795948.16,0.02,7.87,196224.00
2025-09-05,1.03,24787446,25531069.38,0.03,7.29,163667.00
2025-09-08,1.04,24787446,25778943.84,0.03,0.97,141960.00
2025-09-09,1.00,24787446,24787446.00,0.02,-3.85,156100.00
2025-09-10,1.01,24787446,25035320.46,0.03,1.00,44440.00
2025-09-11,1.07,24787446,26522567.22,0.03,5.94,161891.00
2025-09-12,1.19,24787446,29497060.74,0.03,11.21,417452.00
2025-09-15,1.30,24787446,32223679.80,0.03,9.24,268840.00
2025-09-16,1.46,24787446,36189671.16,0.04,12.31,319302.00
2025-09-17,1.21,24787446,29992809.66,0.03,-17.12,548856.00
2025-09-18,1.22,24787446,30240684.12,0.03,0.83,248148.00
2025-09-19,1.24,24787446,30736433.04,0.03,1.64,587264.00
2025-09-22,1.35,24787446,33463052.10,0.03,8.87,224910.00
2025-09-23,1.31,24787446,32471554.26,0.03,-2.96,127463.00
2025-09-24,1.42,24787446,35198173.32,0.04,8.40,123114.00
2025-09-25,1.53,24787446,37924792.38,0.04,7.75,11487546.00
2025-09-26,1.05,24787446,26026818.30,0.03,-31.37,12738390.00
2025-09-29,0.98,24787446,24291697.08,0.02,-6.67,1037036.00
2025-09-30,0.95,24787446,23548073.70,0.02,-3.06,769405.00
2025-10-01,0.98,24787446,24291697.08,0.02,3.16,481278.00
2025-10-02,0.89,24787446,22060826.94,0.02,-9.18,635727.00
2025-10-03,0.88,24787446,21812952.48,0.02,-1.12,509960.00
2025-10-06,0.84,24787446,20821454.64,0.02,-4.55,568344.00
2025-10-07,0.84,24787446,20821454.64,0.02,0.00,264180.00
2025-10-08,0.91,24787446,22556575.86,0.02,8.33,304577.00
2025-10-09,0.89,24787446,22060826.94,0.02,-2.20,678447.00
2025-10-10,0.86,24787446,21317203.56,0.02,-3.37,198918.00
2025-10-13,0.90,24787446,22308701.40,0.02,4.65,244890.00
2025-10-14,0.87,24787446,21565078.02,0.02,-3.33,136764.00
2025-10-15,0.85,24787446,21069329.10,0.02,-2.30,197030.00
2025-10-16,0.82,24787446,20325705.72,0.02,-3.53,261662.00
2025-10-17,0.83,24787446,20573580.18,0.02,1.22,201026.00
2025-10-20,0.94,24787446,23300199.24,0.02,13.25,401568.00
2025-10-21,0.91,24787446,22556575.86,0.02,-3.19,152880.00
2025-10-22,0.92,24787446,22804450.32,0.02,1.10,152996.00
2025-10-23,0.91,24787446,22556575.86,0.02,-1.09,58240.00
2025-10-24,0.93,24787446,23052324.78,0.02,2.20,110019.00
2025-10-27,1.00,24787446,24787446.00,0.02,7.53,393400.00
2025-10-28,0.95,24787446,23548073.70,0.02,-5.00,120745.00
2025-10-29,0.96,24787446,23795948.16,0.02,1.05,79104.00
2025-10-30,0.98,24787446,24291697.08,0.02,2.08,225302.00
2025-10-31,1.02,24787446,25283194.92,0.03,4.08,561102.00
2025-11-03,1.04,24787446,25778943.84,0.03,1.96,249080.00
2025-11-04,1.11,24787446,27514065.06,0.03,6.73,590631.00
2025-11-05,1.08,24787446,26770441.68,0.03,-2.70,388044.00
2025-11-06,1.08,24787446,26770441.68,0.03,0.00,262224.00
2025-11-07,1.04,24787446,25778943.84,0.03,-3.70,173576.00
2025-11-10,1.11,24787446,27514065.06,0.03,6.73,207681.00
2025-11-11,1.12,24787446,27761939.52,0.03,0.90,222880.00
2025-11-12,1.14,24787446,28257688.44,0.03,1.79,172026.00
2025-11-13,1.10,24787446,27266190.60,0.03,-3.51,94820.00
2025-11-14,1.06,24787446,26274692.76,0.03,-3.64,176384.00
2025-11-17,1.01,24787446,25035320.46,0.03,-4.72,290981.00
2025-11-18,1.05,24787446,26026818.30,0.03,3.96,128100.00
2025-11-19,1.10,24787446,27266190.60,0.03,4.76,251350.00
2025-11-20,1.11,24787446,27514065.06,0.03,0.91,327117.00
2025-11-21,1.05,24787446,26026818.30,0.03,-5.41,85785.00
2025-11-24,1.06,24787446,26274692.76,0.03,0.95,50032.00
2025-11-25,1.08,24787446,26770441.68,0.03,1.89,32292.00
2025-11-26,1.12,24787446,27761939.52,0.03,3.70,133280.00
2025-11-28,1.09,24787446,27018316.14,0.03,-2.68,67035.00
2025-12-01,1.06,24787446,26274692.76,0.03,-2.75,113738.00
2025-12-02,1.06,24787446,26274692.76,0.03,0.00,79712.00
2025-12-03,1.11,24787446,27514065.06,0.03,4.72,73371.00
2025-12-04,1.12,24787446,27761939.52,0.03,0.90,238448.00
2025-12-05,1.06,24787446,26274692.76,0.03,-5.36,201930.00
2025-12-08,1.09,24787446,27018316.14,0.03,2.83,98427.00
2025-12-09,1.13,24787446,28009813.98,0.03,3.67,189388.00
2025-12-10,1.16,24787446,28753437.36,0.03,2.65,349856.00
2025-12-11,1.23,24787446,30488558.58,0.03,6.03,183393.00
2025-12-12,1.34,24787446,33215177.64,0.03,8.94,765676.00
2025-12-15,0.89,24787446,22060826.94,0.02,-33.58,1401394.00
2025-12-16,0.84,24787446,20821454.64,0.02,-5.62,392196.00
2025-12-17,0.68,24787446,16855463.28,0.02,-19.05,848436.00
2025-12-18,0.69,24787446,17103337.74,0.02,1.47,325887.00
2025-12-19,0.58,24787446,14376718.68,0.01,-15.94,768500.00
2025-12-22,0.67,24787446,16607588.82,0.02,15.52,572515.00
2025-12-23,0.62,24787446,15368216.52,0.02,-7.46,11046168.00
2025-12-24,0.56,24787446,13880969.76,0.01,-9.68,816424.00
2025-12-26,0.53,24787446,13137346.38,0.01,-5.36,580297.00
2025-12-29,0.56,24787446,13880969.76,0.01,5.66,438256.00
2025-12-30,0.54,24787446,13385220.84,0.01,-3.57,320220.00
2025-12-31,0.62,24787446,15368216.52,0.02,14.81,434434.00
2026-01-02,0.65,24787446,16111839.90,0.02,4.84,246415.00
2026-01-05,0.71,24787446,17599086.66,0.02,9.23,265114.00
2026-01-06,0.70,24787446,17351212.20,0.02,-1.41,262150.00
2026-01-07,0.70,24787446,17351212.20,0.02,0.00,142380.00
2026-01-08,0.69,24787446,17103337.74,0.02,-1.43,173673.00
2026-01-09,0.75,24787446,18590584.50,0.02,8.70,184050.00
2026-01-12,0.77,24787446,19086333.42,0.02,2.67,428351.00
2026-01-13,0.81,24787446,20077831.26,0.02,5.19,228582.00
2026-01-14,0.78,24787446,19334207.88,0.02,-3.70,174408.00
2026-01-15,0.73,24787446,18094835.58,0.02,-6.41,145270.00
2026-01-16,0.76,24787446,18838458.96,0.02,4.11,59052.00
2026-01-20,0.74,24787446,18342710.04,0.02,-2.63,60014.00
2026-01-21,0.80,24787446,19829956.80,0.02,8.11,104880.00
2026-01-22,0.82,24787446,20325705.72,0.02,2.50,262646.00
2026-01-23,0.85,24787446,21069329.10,0.02,3.66,134895.00
2026-01-26,0.81,24787446,20077831.26,0.02,-4.71,62694.00
2026-01-27,0.78,24787446,19334207.88,0.02,-3.70,172926.00
2026-01-28,0.76,24787446,18838458.96,0.02,-2.56,82612.00
2026-01-29,0.76,24787446,18838458.96,0.02,0.00,44384.00
2026-01-30,0.78,24787446,19334207.88,0.02,2.63,127062.00
2026-02-02,0.79,24787446,19582082.34,0.02,1.28,218356.00
2026-02-03,0.77,24787446,19086333.42,0.02,-2.53,90706.00
2026-02-04,0.73,24787446,18094835.58,0.02,-5.19,259953.00
2026-02-05,0.66,24787446,16359714.36,0.02,-9.59,138204.00
2026-02-06,0.73,24787446,18094835.58,0.02,10.61,244185.00
2026-02-09,0.69,24787446,17103337.74,0.02,-5.48,149040.00
2026-02-10,0.68,24787446,16855463.28,0.02,-1.45,140012.00
2026-02-11,0.64,24787446,15863965.44,0.02,-5.88,96000.00
2026-02-12,0.62,24787446,15368216.52,0.02,-3.12,64480.00
2026-02-13,0.62,24787446,15368216.52,0.02,0.00,72354.00
2026-02-17,0.65,24787446,16111839.90,0.02,4.84,42055.00
2026-02-18,0.66,24787446,16359714.36,0.02,1.54,77682.00
2026-02-19,0.66,24787446,16359714.36,0.02,0.00,75372.00
2026-02-20,0.65,24787446,16111839.90,0.02,-1.52,25545.00
2026-02-23,0.63,24787446,15616090.98,0.02,-3.08,51660.00
2026-02-24,0.63,24787446,15616090.98,0.02,0.00,161091.00
2026-02-25,0.70,24787446,17351212.20,0.02,11.11,129430.00
2026-02-26,0.72,24787446,17846961.12,0.02,2.86,56592.00
2026-02-27,0.70,24787446,17351212.20,0.02,-2.78,49840.00
2026-03-02,0.71,24787446,17599086.66,0.02,1.43,347048.00
2026-03-03,0.68,24787446,16855463.28,0.02,-4.23,35836.00
2026-03-04,0.71,24787446,17599086.66,0.02,4.41,19738.00
2026-03-05,0.77,24787446,19086333.42,0.02,8.45,73766.00
2026-03-06,0.83,24787446,20573580.18,0.02,7.79,178450.00
2026-03-09,0.73,24787446,18094835.58,0.02,-12.05,161987.00
2026-03-10,0.73,24787446,18094835.58,0.02,0.00,120231.00
2026-03-11,0.71,24787446,17599086.66,0.02,-2.74,106642.00
2026-03-12,0.68,24787446,16855463.28,0.02,-4.23,92820.00
2026-03-13,0.70,24787446,17351212.20,0.02,2.94,58030.00
2026-03-16,0.71,24787446,17599086.66,0.02,1.43,102453.00
2026-03-17,0.73,24787446,18094835.58,0.02,2.82,82928.00
2026-03-18,0.75,24787446,18590584.50,0.02,2.74,94575.00
2026-03-19,0.73,24787446,18094835.58,0.02,-2.67,71321.00
2026-03-20,0.71,24787446,17599086.66,0.02,-2.74,162590.00
2026-03-23,0.73,24787446,18094835.58,0.02,2.82,28178.00
2026-03-24,0.78,24787446,19334207.88,0.02,6.85,264186.00
2026-03-25,0.77,24787446,19086333.42,0.02,-1.28,47509.00
2026-03-26,0.75,24787446,18590584.50,0.02,-2.60,189900.00
2026-03-27,0.74,24787446,18342710.04,0.02,-1.33,108484.00
2026-03-30,0.78,24787446,19334207.88,0.02,5.41,97110.00
2026-03-31,0.78,24787446,19334207.88,0.02,0.00,89466.00
2026-04-01,0.87,24787446,21565078.02,0.02,11.54,220545.00
2026-04-02,1.04,24787446,25778943.84,0.03,19.54,695136.00
2026-04-06,1.06,24787446,26274692.76,0.03,1.92,390822.00
2026-04-07,0.99,24787446,24539571.54,0.02,-6.60,385407.00
2026-04-08,0.95,24787446,23548073.70,0.02,-4.04,130340.00
2026-04-09,0.90,24787446,22308701.40,0.02,-5.26,67590.00
2026-04-10,0.91,24787446,22556575.86,0.02,1.11,84175.00
2026-04-13,0.98,24787446,24291697.08,0.02,7.69,152782.00
2026-04-14,1.02,24787446,25283194.92,0.03,4.08,228378.00
2026-04-15,1.03,24787446,25531069.38,0.03,0.98,102382.00
2026-04-16,0.99,24787446,24539571.54,0.02,-3.88,101079.00
2026-04-17,1.03,24787446,25531069.38,0.03,4.04,362972.00
2026-04-20,0.99,24787446,24539571.54,0.02,-3.88,188694.00
2026-04-21,0.95,24787446,23548073.70,0.02,-4.04,312550.00
2026-04-22,0.97,24787446,24043822.62,0.02,2.11,112908.00
2026-04-23,0.94,24787446,23300199.24,0.02,-3.09,157450.00
2026-04-24,0.94,24787446,23300199.24,0.02,0.00,79242.00
2026-04-27,0.95,24787446,23548073.70,0.02,1.06,99655.00
2026-04-28,0.88,24787446,21812952.48,0.02,-7.37,109648.00
2026-04-29,0.69,24787446,17103337.74,0.02,-21.59,545997.00
2026-04-30,0.66,24787446,16359714.36,0.02,-4.35,215028.00
2026-05-01,0.71,24787446,17599086.66,0.02,7.58,77532.00
2026-05-04,0.67,24787446,16607588.82,0.02,-5.63,41406.00
2026-05-05,0.69,24787446,17103337.74,0.02,2.99,56856.00
2026-05-06,0.67,24787446,16607588.82,0.02,-2.90,104118.00
2026-05-07,0.64,24787446,15863965.44,0.02,-4.48,160512.00
2026-05-08,0.61,24787446,15120342.06,0.02,-4.69,164395.00
2026-05-11,0.61,24787446,15120342.06,0.02,0.00,58133.00
2026-05-12,0.58,24787446,14376718.68,0.01,-4.92,176958.00
2026-05-13,0.60,24787446,14872467.60,0.01,3.45,115800.00
2026-05-14,0.61,24787446,15120342.06,0.02,1.67,73688.00
2026-05-15,0.59,24787446,14624593.14,0.01,-3.28,25724.00
2026-05-18,0.56,24787446,13880969.76,0.01,-5.08,30632.00
2026-05-19,0.58,24787446,14376718.68,0.01,3.57,41760.00
2026-05-20,0.58,24787446,14376718.68,0.01,0.00,82998.00
2026-05-21,0.61,24787446,15120342.06,0.02,5.17,65026.00
2026-05-22,0.65,24787446,16111839.90,0.02,6.56,66820.00
2026-05-26,0.67,24787446,16607588.82,0.02,3.08,83750.00
2026-05-27,0.61,24787446,15120342.06,0.02,-8.96,48373.00
2026-05-28,0.62,24787446,15368216.52,0.02,1.64,61070.00
2026-05-29,0.60,24787446,14872467.60,0.01,-3.23,37080.00
2026-06-01,0.62,24787446,15368216.52,0.02,3.33,31682.00
2026-06-02,0.60,24787446,14872467.60,0.01,-3.23,59160.00
2026-06-03,0.62,24787446,15368216.52,0.02,3.33,37014.00
2026-06-04,0.64,24787446,15863965.44,0.02,3.23,94272.00
2026-06-05,0.64,24787446,15863965.44,0.02,0.00,35136.00
2026-06-08,0.65,24787446,16111839.90,0.02,1.56,26715.00
2026-06-09,0.67,24787446,16607588.82,0.02,3.08,74169.00
2026-06-10,0.66,24787446,16359714.36,0.02,-1.49,77220.00
2026-06-11,0.64,24787446,15863965.44,0.02,-3.03,45504.00
2026-06-12,0.62,24787446,15368216.52,0.02,-3.12,59644.00
2026-06-15,0.61,24787446,15120342.06,0.02,-1.61,20984.00
2026-06-16,0.59,24787446,14624593.14,0.01,-3.28,27671.00
2026-06-17,0.61,24787446,15120342.06,0.02,3.39,38369.00
2026-06-18,0.54,24787446,13385220.84,0.01,-11.48,81378.00
2026-06-22,0.58,24787446,14376718.68,0.01,7.41,36482.00
2026-06-23,0.57,24787446,14128844.22,0.01,-1.72,28158.00
