Date,Close,Shares_Outstanding,Market_Cap,Market_Cap_B,Market_Cap_Change_Pct,Volume_Dollar
2000-09-25,23.12,103850059,2401013364.08,2.40,,48156648.00
2000-09-26,23.50,103850059,2440476386.50,2.44,1.64,20583650.00
2000-09-27,22.00,103850059,2284701298.00,2.28,-6.38,14883000.00
2000-09-28,22.56,103850059,2342857331.04,2.34,2.55,8268240.00
2000-09-29,23.50,103850059,2440476386.50,2.44,4.17,14699250.00
2000-10-02,23.88,103850059,2479939408.92,2.48,1.62,15366780.00
2000-10-03,22.12,103850059,2297163305.08,2.30,-7.37,7058492.00
2000-10-04,22.12,103850059,2297163305.08,2.30,0.00,9876580.00
2000-10-05,20.00,103850059,2077001180.00,2.08,-9.58,4786000.00
2000-10-06,18.62,103850059,1933688098.58,1.93,-6.90,17687138.00
2000-10-09,18.62,103850059,1933688098.58,1.93,0.00,7070014.00
2000-10-10,16.31,103850059,1693794462.29,1.69,-12.41,7399847.00
2000-10-11,13.56,103850059,1408206800.04,1.41,-16.86,13082688.00
2000-10-12,13.25,103850059,1376013281.75,1.38,-2.29,8539625.00
2000-10-13,15.81,103850059,1641869432.79,1.64,19.32,13552332.00
2000-10-16,17.50,103850059,1817376032.50,1.82,10.69,11669000.00
2000-10-17,16.69,103850059,1733257484.71,1.73,-4.63,10167548.00
2000-10-18,16.75,103850059,1739488488.25,1.74,0.36,2996575.00
2000-10-19,17.50,103850059,1817376032.50,1.82,4.48,3169250.00
2000-10-20,19.69,103850059,2044807661.71,2.04,12.51,6749732.00
2000-10-23,21.69,103850059,2252507779.71,2.25,10.16,6259734.00
2000-10-24,23.12,103850059,2401013364.08,2.40,6.59,19473976.00
2000-10-25,18.88,103850059,1960689113.92,1.96,-18.34,5250528.00
2000-10-26,17.62,103850059,1829838039.58,1.83,-6.67,3513428.00
2000-10-27,17.75,103850059,1843338547.25,1.84,0.74,2989100.00
2000-10-30,17.12,103850059,1777913010.08,1.78,-3.55,3434272.00
2000-10-31,20.00,103850059,2077001180.00,2.08,16.82,6216000.00
2000-11-01,20.75,103850059,2154888724.25,2.15,3.75,4054550.00
2000-11-02,21.88,103850059,2272239290.92,2.27,5.45,8288144.00
2000-11-03,22.00,103850059,2284701298.00,2.28,0.55,3702600.00
2000-11-06,21.75,103850059,2258738783.25,2.26,-1.14,1387650.00
2000-11-07,20.50,103850059,2128926209.50,2.13,-5.75,2562500.00
2000-11-08,20.00,103850059,2077001180.00,2.08,-2.44,3670000.00
2000-11-09,19.38,103850059,2012614143.42,2.01,-3.10,1215126.00
2000-11-10,20.12,103850059,2089463187.08,2.09,3.82,1633744.00
2000-11-13,18.62,103850059,1933688098.58,1.93,-7.46,3079748.00
2000-11-14,19.62,103850059,2037538157.58,2.04,5.37,1408716.00
2000-11-15,19.12,103850059,1985613128.08,1.99,-2.55,1059248.00
2000-11-16,18.75,103850059,1947188606.25,1.95,-1.94,136875.00
2000-11-17,17.00,103850059,1765451003.00,1.77,-9.33,1224000.00
2000-11-20,16.38,103850059,1701063966.42,1.70,-3.65,1287468.00
2000-11-21,16.00,103850059,1661600944.00,1.66,-2.32,432000.00
2000-11-22,13.75,103850059,1427938311.25,1.43,-14.06,1303500.00
2000-11-24,14.25,103850059,1479863340.75,1.48,3.64,1714275.00
2000-11-27,15.19,103850059,1577482396.21,1.58,6.60,2790403.00
2000-11-28,15.12,103850059,1570212892.08,1.57,-0.46,834624.00
2000-11-29,15.38,103850059,1597213907.42,1.60,1.72,3020632.00
2000-11-30,15.38,103850059,1597213907.42,1.60,0.00,6639546.00
2000-12-01,16.50,103850059,1713525973.50,1.71,7.28,966900.00
2000-12-04,13.88,103850059,1441438818.92,1.44,-15.88,574632.00
2000-12-05,13.50,103850059,1401975796.50,1.40,-2.74,2452950.00
2000-12-06,12.50,103850059,1298125737.50,1.30,-7.41,3748750.00
2000-12-07,11.88,103850059,1233738700.92,1.23,-4.96,1014552.00
2000-12-08,15.12,103850059,1570212892.08,1.57,27.27,5648832.00
2000-12-11,17.56,103850059,1823607036.04,1.82,16.14,6119660.00
2000-12-12,17.50,103850059,1817376032.50,1.82,-0.34,1363250.00
2000-12-13,16.75,103850059,1739488488.25,1.74,-4.29,1584550.00
2000-12-14,14.88,103850059,1545288877.92,1.55,-11.16,999936.00
2000-12-15,14.44,103850059,1499594851.96,1.50,-2.96,2217984.00
2000-12-18,14.81,103850059,1538019373.79,1.54,2.56,2095615.00
2000-12-19,10.00,103850059,1038500590.00,1.04,-32.48,14385000.00
2000-12-20,9.75,103850059,1012538075.25,1.01,-2.50,3752775.00
2000-12-21,9.62,103850059,999037567.58,1.00,-1.33,1113996.00
2000-12-22,11.44,103850059,1188044674.96,1.19,18.92,801944.00
2000-12-26,10.06,103850059,1044731593.54,1.04,-12.06,628750.00
2000-12-27,10.00,103850059,1038500590.00,1.04,-0.60,1289000.00
2000-12-28,11.62,103850059,1206737685.58,1.21,16.20,2536646.00
2000-12-29,14.19,103850059,1473632337.21,1.47,22.12,3727713.00
2001-01-02,11.88,103850059,1233738700.92,1.23,-16.28,996732.00
2001-01-03,12.50,103850059,1298125737.50,1.30,5.22,1031250.00
2001-01-04,11.88,103850059,1233738700.92,1.23,-4.96,2090880.00
2001-01-05,10.12,103850059,1050962597.08,1.05,-14.81,821744.00
2001-01-08,9.03,103850059,937766032.77,0.94,-10.77,1081794.00
2001-01-09,8.62,103850059,895187508.58,0.90,-4.54,622364.00
2001-01-10,9.28,103850059,963728547.52,0.96,7.66,2627168.00
2001-01-11,10.38,103850059,1077963612.42,1.08,11.85,6280938.00
2001-01-12,12.25,103850059,1272163222.75,1.27,18.02,16168775.00
2001-01-16,12.50,103850059,1298125737.50,1.30,2.04,4411250.00
2001-01-17,12.62,103850059,1310587744.58,1.31,0.96,3637084.00
2001-01-18,13.12,103850059,1362512774.08,1.36,3.96,3302304.00
2001-01-19,13.12,103850059,1362512774.08,1.36,0.00,4729760.00
2001-01-22,13.50,103850059,1401975796.50,1.40,2.90,2016900.00
2001-01-23,13.31,103850059,1382244285.29,1.38,-1.41,3559094.00
2001-01-24,13.75,103850059,1427938311.25,1.43,3.31,731500.00
2001-01-25,14.00,103850059,1453900826.00,1.45,1.82,1450400.00
2001-01-26,13.56,103850059,1408206800.04,1.41,-3.14,720036.00
2001-01-29,13.62,103850059,1414437803.58,1.41,0.44,731394.00
2001-01-30,14.50,103850059,1505825855.50,1.51,6.46,1273100.00
2001-01-31,15.44,103850059,1603444910.96,1.60,6.48,1982496.00
2001-02-01,14.88,103850059,1545288877.92,1.55,-3.63,1227600.00
2001-02-02,12.75,103850059,1324088252.25,1.32,-14.31,1560600.00
2001-02-05,10.75,103850059,1116388134.25,1.12,-15.69,1737200.00
2001-02-06,10.75,103850059,1116388134.25,1.12,0.00,1171750.00
2001-02-07,10.19,103850059,1058232101.21,1.06,-5.21,1622248.00
2001-02-08,9.31,103850059,966844049.29,0.97,-8.64,1760521.00
2001-02-09,9.06,103850059,940881534.54,0.94,-2.69,9781176.00
2001-02-12,9.00,103850059,934650531.00,0.93,-0.66,2730600.00
2001-02-13,8.38,103850059,870263494.42,0.87,-6.89,1092752.00
2001-02-14,8.12,103850059,843262479.08,0.84,-3.10,1270780.00
2001-02-15,8.62,103850059,895187508.58,0.90,6.16,1876574.00
2001-02-16,8.62,103850059,895187508.58,0.90,0.00,429276.00
2001-02-20,8.50,103850059,882725501.50,0.88,-1.39,846600.00
2001-02-21,9.12,103850059,947112538.08,0.95,7.29,1410864.00
2001-02-22,8.38,103850059,870263494.42,0.87,-8.11,1496668.00
2001-02-23,8.00,103850059,830800472.00,0.83,-4.53,645600.00
2001-02-26,8.16,103850059,847416481.44,0.85,2.00,1013472.00
2001-02-27,7.94,103850059,824569468.46,0.82,-2.70,405734.00
2001-02-28,7.00,103850059,726950413.00,0.73,-11.84,631400.00
2001-03-01,7.00,103850059,726950413.00,0.73,0.00,431900.00
2001-03-02,7.41,103850059,769528937.19,0.77,5.86,2280798.00
2001-03-05,7.66,103850059,795491451.94,0.80,3.37,458068.00
2001-03-06,8.12,103850059,843262479.08,0.84,6.01,1207444.00
2001-03-07,8.44,103850059,876494497.96,0.88,3.94,337600.00
2001-03-08,8.19,103850059,850531983.21,0.85,-2.96,549549.00
2001-03-09,8.12,103850059,843262479.08,0.84,-0.85,467712.00
2001-03-12,6.97,103850059,723834911.23,0.72,-14.16,1152141.00
2001-03-13,7.00,103850059,726950413.00,0.73,0.43,495600.00
2001-03-14,6.88,103850059,714488405.92,0.71,-1.71,182320.00
2001-03-15,6.16,103850059,639716363.44,0.64,-10.47,281512.00
2001-03-16,5.56,103850059,577406328.04,0.58,-9.74,698892.00
2001-03-19,5.62,103850059,583637331.58,0.58,1.08,1125124.00
2001-03-20,4.94,103850059,513019291.46,0.51,-12.10,1416298.00
2001-03-21,5.00,103850059,519250295.00,0.52,1.21,969000.00
2001-03-22,4.94,103850059,513019291.46,0.51,-1.20,1992302.00
2001-03-23,5.88,103850059,610638346.92,0.61,19.03,1047816.00
2001-03-26,6.62,103850059,687487390.58,0.69,12.59,1322014.00
2001-03-27,6.72,103850059,697872396.48,0.70,1.51,712320.00
2001-03-28,6.00,103850059,623100354.00,0.62,-10.71,487200.00
2001-03-29,5.44,103850059,564944320.96,0.56,-9.33,1526464.00
2001-03-30,5.06,103850059,525481298.54,0.53,-6.99,2364032.00
2001-04-02,4.94,103850059,513019291.46,0.51,-2.37,800280.00
2001-04-03,4.94,103850059,513019291.46,0.51,0.00,254410.00
2001-04-04,4.03,103850059,418515737.77,0.42,-18.42,420732.00
2001-04-05,5.00,103850059,519250295.00,0.52,24.07,916000.00
2001-04-06,4.56,103850059,473556269.04,0.47,-8.80,29184.00
2001-04-09,5.00,103850059,519250295.00,0.52,9.65,132500.00
2001-04-10,5.14,103850059,533789303.26,0.53,2.80,1186312.00
2001-04-11,5.70,103850059,591945336.30,0.59,10.89,342000.00
2001-04-12,6.73,103850059,698910897.07,0.70,18.07,450237.00
2001-04-16,6.71,103850059,696833895.89,0.70,-0.30,471042.00
2001-04-17,6.94,103850059,720719409.46,0.72,3.43,148516.00
2001-04-18,7.35,103850059,763297933.65,0.76,5.91,662235.00
2001-04-19,7.45,103850059,773682939.55,0.77,1.36,303215.00
2001-04-20,6.70,103850059,695795395.30,0.70,-10.07,444880.00
2001-04-23,6.40,103850059,664640377.60,0.66,-4.48,275200.00
2001-04-24,6.26,103850059,650101369.34,0.65,-2.19,212840.00
2001-04-25,6.50,103850059,675025383.50,0.68,3.83,1002950.00
2001-04-26,6.00,103850059,623100354.00,0.62,-7.69,938400.00
2001-04-27,6.35,103850059,659447874.65,0.66,5.83,7330440.00
2001-04-30,6.38,103850059,662563376.42,0.66,0.47,2458214.00
2001-05-01,6.73,103850059,698910897.07,0.70,5.49,1485311.00
2001-05-02,8.23,103850059,854685985.57,0.85,22.29,5972511.00
2001-05-03,8.98,103850059,932573529.82,0.93,9.11,4637272.00
2001-05-04,9.25,103850059,960613045.75,0.96,3.01,1702000.00
2001-05-07,10.25,103850059,1064463104.75,1.06,10.81,6439050.00
2001-05-08,10.94,103850059,1136119645.46,1.14,6.73,2468064.00
2001-05-09,10.67,103850059,1108080129.53,1.11,-2.47,2724051.00
2001-05-10,10.80,103850059,1121580637.20,1.12,1.22,1329480.00
2001-05-11,10.75,103850059,1116388134.25,1.12,-0.46,1360950.00
2001-05-14,10.49,103850059,1089387118.91,1.09,-2.42,1279780.00
2001-05-15,9.53,103850059,989691062.27,0.99,-9.15,1579121.00
2001-05-16,8.86,103850059,920111522.74,0.92,-7.03,1988184.00
2001-05-17,8.31,103850059,862993990.29,0.86,-6.21,1495800.00
2001-05-18,8.50,103850059,882725501.50,0.88,2.29,972400.00
2001-05-21,9.49,103850059,985537059.91,0.99,11.65,1823978.00
2001-05-22,10.06,103850059,1044731593.54,1.04,6.01,1780620.00
2001-05-23,8.81,103850059,914919019.79,0.91,-12.43,688061.00
2001-05-24,9.95,103850059,1033308087.05,1.03,12.94,528345.00
2001-05-25,9.75,103850059,1012538075.25,1.01,-2.01,358800.00
2001-05-29,9.42,103850059,978267555.78,0.98,-3.38,3014400.00
2001-05-30,8.77,103850059,910765017.43,0.91,-6.90,1401446.00
2001-05-31,8.96,103850059,930496528.64,0.93,2.17,1487360.00
2001-06-01,8.70,103850059,903495513.30,0.90,-2.90,520260.00
2001-06-04,8.75,103850059,908688016.25,0.91,0.57,1344875.00
2001-06-05,9.20,103850059,955420542.80,0.96,5.14,1347800.00
2001-06-06,9.02,103850059,936727532.18,0.94,-1.96,1408924.00
2001-06-07,9.06,103850059,940881534.54,0.94,0.44,378708.00
2001-06-08,9.20,103850059,955420542.80,0.96,1.55,839040.00
2001-06-11,8.75,103850059,908688016.25,0.91,-4.89,389375.00
2001-06-12,8.75,103850059,908688016.25,0.91,0.00,715750.00
2001-06-13,9.35,103850059,970998051.65,0.97,6.86,384285.00
2001-06-14,8.75,103850059,908688016.25,0.91,-6.42,1008000.00
2001-06-15,9.10,103850059,945035536.90,0.95,4.00,385840.00
2001-06-18,8.75,103850059,908688016.25,0.91,-3.85,637875.00
2001-06-19,7.73,103850059,802760956.07,0.80,-11.66,1703692.00
2001-06-20,7.65,103850059,794452951.35,0.79,-1.03,528615.00
2001-06-21,7.95,103850059,825607969.05,0.83,3.92,520725.00
2001-06-22,8.35,103850059,867147992.65,0.87,5.03,541915.00
2001-06-25,8.11,103850059,842223978.49,0.84,-2.87,1140266.00
2001-06-26,8.30,103850059,861955489.70,0.86,2.34,192560.00
2001-06-27,7.87,103850059,817299964.33,0.82,-5.18,1217489.00
2001-06-28,8.00,103850059,830800472.00,0.83,1.65,782400.00
2001-06-29,8.80,103850059,913880519.20,0.91,10.00,2873200.00
2001-07-02,8.47,103850059,879609999.73,0.88,-3.75,976591.00
2001-07-03,8.50,103850059,882725501.50,0.88,0.35,291550.00
2001-07-05,8.44,103850059,876494497.96,0.88,-0.71,284428.00
2001-07-06,8.45,103850059,877532998.55,0.88,0.12,257725.00
2001-07-09,8.79,103850059,912842018.61,0.91,4.02,338415.00
2001-07-10,8.45,103850059,877532998.55,0.88,-3.87,220545.00
2001-07-11,8.59,103850059,892072006.81,0.89,1.66,270585.00
2001-07-12,9.22,103850059,957497543.98,0.96,7.33,134612.00
2001-07-13,8.94,103850059,928419527.46,0.93,-3.04,170754.00
2001-07-16,8.75,103850059,908688016.25,0.91,-2.13,264250.00
2001-07-17,8.88,103850059,922188523.92,0.92,1.49,164280.00
2001-07-18,8.66,103850059,899341510.94,0.90,-2.48,142024.00
2001-07-19,9.20,103850059,955420542.80,0.96,6.24,874920.00
2001-07-20,9.20,103850059,955420542.80,0.96,0.00,568560.00
2001-07-23,9.30,103850059,965805548.70,0.97,1.09,229710.00
2001-07-24,9.00,103850059,934650531.00,0.93,-3.23,264600.00
2001-07-25,9.10,103850059,945035536.90,0.95,1.11,609700.00
2001-07-26,9.30,103850059,965805548.70,0.97,2.20,709590.00
2001-07-27,9.38,103850059,974113553.42,0.97,0.86,608762.00
2001-07-30,9.40,103850059,976190554.60,0.98,0.21,562120.00
2001-07-31,9.49,103850059,985537059.91,0.99,0.96,667147.00
2001-08-01,9.80,103850059,1017730578.20,1.02,3.27,1437660.00
2001-08-02,11.00,103850059,1142350649.00,1.14,12.24,2569600.00
2001-08-03,10.90,103850059,1131965643.10,1.13,-0.91,1957640.00
2001-08-06,10.75,103850059,1116388134.25,1.12,-1.38,2449925.00
2001-08-07,10.95,103850059,1137158146.05,1.14,1.86,1044630.00
2001-08-08,10.90,103850059,1131965643.10,1.13,-0.46,3886940.00
2001-08-09,11.00,103850059,1142350649.00,1.14,0.92,3294500.00
2001-08-10,10.97,103850059,1139235147.23,1.14,-0.27,807392.00
2001-08-13,11.00,103850059,1142350649.00,1.14,0.27,774400.00
2001-08-14,11.00,103850059,1142350649.00,1.14,0.00,1412400.00
2001-08-15,11.01,103850059,1143389149.59,1.14,0.09,1470936.00
2001-08-16,11.00,103850059,1142350649.00,1.14,-0.09,1734700.00
2001-08-17,10.98,103850059,1140273647.82,1.14,-0.18,865224.00
2001-08-20,10.95,103850059,1137158146.05,1.14,-0.27,582540.00
2001-08-21,10.80,103850059,1121580637.20,1.12,-1.37,267840.00
2001-08-22,10.40,103850059,1080040613.60,1.08,-3.70,2448160.00
2001-08-23,9.85,103850059,1022923081.15,1.02,-5.29,5266795.00
2001-08-24,9.81,103850059,1018769078.79,1.02,-0.41,1527417.00
2001-08-27,9.80,103850059,1017730578.20,1.02,-0.10,3338860.00
2001-08-28,9.76,103850059,1013576575.84,1.01,-0.41,24317040.00
2001-08-29,9.02,103850059,936727532.18,0.94,-7.58,1308802.00
2001-08-30,7.86,103850059,816261463.74,0.82,-12.86,5655270.00
2001-08-31,8.25,103850059,856762986.75,0.86,4.96,1182225.00
2001-09-04,8.06,103850059,837031475.54,0.84,-2.30,944632.00
2001-09-05,8.09,103850059,840146977.31,0.84,0.37,1843711.00
2001-09-06,9.02,103850059,936727532.18,0.94,11.50,1352098.00
2001-09-07,8.55,103850059,887918004.45,0.89,-5.21,1646730.00
2001-09-10,8.50,103850059,882725501.50,0.88,-0.58,839800.00
2001-09-17,7.81,103850059,811068960.79,0.81,-8.12,2585110.00
2001-09-18,7.51,103850059,779913943.09,0.78,-3.84,127670.00
2001-09-19,7.40,103850059,768490436.60,0.77,-1.46,674880.00
2001-09-20,7.00,103850059,726950413.00,0.73,-5.41,647500.00
2001-09-21,6.45,103850059,669832880.55,0.67,-7.86,1395135.00
2001-09-24,7.00,103850059,726950413.00,0.73,8.53,1061900.00
2001-09-25,6.05,103850059,628292856.95,0.63,-13.57,1834360.00
2001-09-26,5.95,103850059,617907851.05,0.62,-1.65,2550765.00
2001-09-27,5.50,103850059,571175324.50,0.57,-7.56,546150.00
2001-09-28,6.18,103850059,641793364.62,0.64,12.36,867054.00
2001-10-01,5.91,103850059,613753848.69,0.61,-4.37,197985.00
2001-10-02,6.10,103850059,633485359.90,0.63,3.21,1011380.00
2001-10-03,6.35,103850059,659447874.65,0.66,4.10,1004570.00
2001-10-04,6.56,103850059,681256387.04,0.68,3.31,1303472.00
2001-10-05,6.16,103850059,639716363.44,0.64,-6.10,346192.00
2001-10-08,6.50,103850059,675025383.50,0.68,5.52,891150.00
2001-10-09,6.68,103850059,693718394.12,0.69,2.77,360052.00
2001-10-10,6.74,103850059,699949397.66,0.70,0.90,963146.00
2001-10-11,6.46,103850059,670871381.14,0.67,-4.15,604656.00
2001-10-12,6.64,103850059,689564391.76,0.69,2.79,351920.00
2001-10-15,6.69,103850059,694756894.71,0.69,0.75,996810.00
2001-10-16,7.51,103850059,779913943.09,0.78,12.26,1806906.00
2001-10-17,7.90,103850059,820415466.10,0.82,5.19,919560.00
2001-10-18,7.95,103850059,825607969.05,0.83,0.63,735375.00
2001-10-19,7.60,103850059,789260448.40,0.79,-4.40,1202320.00
2001-10-22,7.92,103850059,822492467.28,0.82,4.21,668448.00
2001-10-23,7.85,103850059,815222963.15,0.82,-0.88,956915.00
2001-10-24,8.31,103850059,862993990.29,0.86,5.86,319935.00
2001-10-25,8.50,103850059,882725501.50,0.88,2.29,1198500.00
2001-10-26,9.02,103850059,936727532.18,0.94,6.12,1656974.00
2001-10-29,8.70,103850059,903495513.30,0.90,-3.55,736890.00
2001-10-30,8.50,103850059,882725501.50,0.88,-2.30,1156850.00
2001-10-31,9.25,103850059,960613045.75,0.96,8.82,577200.00
2001-11-01,8.89,103850059,923227024.51,0.92,-3.89,1241933.00
2001-11-02,9.09,103850059,943997036.31,0.94,2.25,757197.00
2001-11-05,9.45,103850059,981383057.55,0.98,3.96,1469475.00
2001-11-06,9.15,103850059,950228039.85,0.95,-3.17,352275.00
2001-11-07,9.06,103850059,940881534.54,0.94,-0.98,2310300.00
2001-11-08,9.20,103850059,955420542.80,0.96,1.55,4282600.00
2001-11-09,9.05,103850059,939843033.95,0.94,-1.63,116745.00
2001-11-12,9.28,103850059,963728547.52,0.96,2.54,496480.00
2001-11-13,10.05,103850059,1043693092.95,1.04,8.30,860280.00
2001-11-14,9.99,103850059,1037462089.41,1.04,-0.60,176823.00
2001-11-15,9.93,103850059,1031231085.87,1.03,-0.60,624597.00
2001-11-16,9.96,103850059,1034346587.64,1.03,0.30,454176.00
2001-11-19,10.59,103850059,1099772124.81,1.10,6.33,832374.00
2001-11-20,10.86,103850059,1127811640.74,1.13,2.55,765630.00
2001-11-21,10.70,103850059,1111195631.30,1.11,-1.47,481500.00
2001-11-23,11.04,103850059,1146504651.36,1.15,3.18,437184.00
2001-11-26,11.00,103850059,1142350649.00,1.14,-0.36,2016300.00
2001-11-27,10.85,103850059,1126773140.15,1.13,-1.36,359135.00
2001-11-28,11.00,103850059,1142350649.00,1.14,1.38,1477300.00
2001-11-29,10.90,103850059,1131965643.10,1.13,-0.91,401120.00
2001-11-30,11.89,103850059,1234777201.51,1.23,9.08,7131622.00
2001-12-03,12.30,103850059,1277355725.70,1.28,3.45,2394810.00
2001-12-04,12.25,103850059,1272163222.75,1.27,-0.41,1425900.00
2001-12-05,12.00,103850059,1246200708.00,1.25,-2.04,637200.00
2001-12-06,12.15,103850059,1261778216.85,1.26,1.25,1110510.00
2001-12-07,12.15,103850059,1261778216.85,1.26,0.00,1433700.00
2001-12-10,12.30,103850059,1277355725.70,1.28,1.23,2456310.00
2001-12-11,12.76,103850059,1325126752.84,1.33,3.74,1953556.00
2001-12-12,13.55,103850059,1407168299.45,1.41,6.19,1491855.00
2001-12-13,12.07,103850059,1253470212.13,1.25,-10.92,1464091.00
2001-12-14,11.84,103850059,1229584698.56,1.23,-1.91,164576.00
2001-12-17,11.29,103850059,1172467166.11,1.17,-4.65,1512860.00
2001-12-18,11.50,103850059,1194275678.50,1.19,1.86,1259250.00
2001-12-19,11.54,103850059,1198429680.86,1.20,0.35,2222604.00
2001-12-20,11.00,103850059,1142350649.00,1.14,-4.68,352000.00
2001-12-21,10.43,103850059,1083156115.37,1.08,-5.18,1116010.00
2001-12-24,9.24,103850059,959574545.16,0.96,-11.41,534072.00
2001-12-26,9.70,103850059,1007345572.30,1.01,4.98,817710.00
2001-12-27,10.06,103850059,1044731593.54,1.04,3.71,525132.00
2001-12-28,10.00,103850059,1038500590.00,1.04,-0.60,1044000.00
2001-12-31,10.12,103850059,1050962597.08,1.05,1.20,702328.00
2002-01-02,10.39,103850059,1079002113.01,1.08,2.67,1737208.00
2002-01-03,10.44,103850059,1084194615.96,1.08,0.48,851904.00
2002-01-04,10.75,103850059,1116388134.25,1.12,2.97,311750.00
2002-01-07,10.66,103850059,1107041628.94,1.11,-0.84,405080.00
2002-01-08,10.75,103850059,1116388134.25,1.12,0.84,203175.00
2002-01-09,10.80,103850059,1121580637.20,1.12,0.47,183600.00
2002-01-10,10.50,103850059,1090425619.50,1.09,-2.78,1065750.00
2002-01-11,10.38,103850059,1077963612.42,1.08,-1.14,263652.00
2002-01-14,10.35,103850059,1074848110.65,1.07,-0.29,253575.00
2002-01-15,10.44,103850059,1084194615.96,1.08,0.87,261000.00
2002-01-16,9.96,103850059,1034346587.64,1.03,-4.60,112548.00
2002-01-17,9.87,103850059,1025000082.33,1.03,-0.90,206283.00
2002-01-18,9.63,103850059,1000076068.17,1.00,-2.43,462240.00
2002-01-22,9.50,103850059,986575560.50,0.99,-1.35,937650.00
2002-01-23,9.65,103850059,1002153069.35,1.00,1.58,426530.00
2002-01-24,9.40,103850059,976190554.60,0.98,-2.59,981360.00
2002-01-25,9.50,103850059,986575560.50,0.99,1.06,923400.00
2002-01-28,9.50,103850059,986575560.50,0.99,0.00,1058300.00
2002-01-29,9.50,103850059,986575560.50,0.99,0.00,1621650.00
2002-01-30,9.60,103850059,996960566.40,1.00,1.05,660480.00
2002-01-31,9.55,103850059,991768063.45,0.99,-0.52,3381655.00
2002-02-01,10.09,103850059,1047847095.31,1.05,5.65,1431771.00
2002-02-04,10.12,103850059,1050962597.08,1.05,0.30,1067660.00
2002-02-05,9.48,103850059,984498559.32,0.98,-6.32,446508.00
2002-02-06,9.65,103850059,1002153069.35,1.00,1.79,1074045.00
2002-02-07,9.40,103850059,976190554.60,0.98,-2.59,263200.00
2002-02-08,9.49,103850059,985537059.91,0.99,0.96,252434.00
2002-02-11,9.44,103850059,980344556.96,0.98,-0.53,108560.00
2002-02-12,9.47,103850059,983460058.73,0.98,0.32,1088103.00
2002-02-13,9.38,103850059,974113553.42,0.97,-0.95,495264.00
2002-02-14,9.24,103850059,959574545.16,0.96,-1.49,292908.00
2002-02-15,9.15,103850059,950228039.85,0.95,-0.97,634095.00
2002-02-19,9.00,103850059,934650531.00,0.93,-1.64,468000.00
2002-02-20,9.17,103850059,952305041.03,0.95,1.89,835387.00
2002-02-21,9.14,103850059,949189539.26,0.95,-0.33,1878270.00
2002-02-22,8.50,103850059,882725501.50,0.88,-7.00,17534650.00
2002-02-25,8.70,103850059,903495513.30,0.90,2.35,1231920.00
2002-02-26,8.51,103850059,883764002.09,0.88,-2.18,979501.00
2002-02-27,8.75,103850059,908688016.25,0.91,2.82,1742125.00
2002-02-28,8.79,103850059,912842018.61,0.91,0.46,900975.00
2002-03-01,8.88,103850059,922188523.92,0.92,1.02,3253632.00
2002-03-04,9.87,103850059,1025000082.33,1.03,11.15,3577875.00
2002-03-05,9.52,103850059,988652561.68,0.99,-3.55,306544.00
2002-03-06,10.34,103850059,1073809610.06,1.07,8.61,2574660.00
2002-03-07,10.22,103850059,1061347602.98,1.06,-1.16,1934646.00
2002-03-08,10.80,103850059,1121580637.20,1.12,5.68,1256040.00
2002-03-11,10.15,103850059,1054078098.85,1.05,-6.02,441525.00
2002-03-12,10.25,103850059,1064463104.75,1.06,0.99,669325.00
2002-03-13,10.10,103850059,1048885595.90,1.05,-1.46,72720.00
2002-03-14,10.00,103850059,1038500590.00,1.04,-0.99,787000.00
2002-03-15,10.00,103850059,1038500590.00,1.04,0.00,347000.00
2002-03-18,9.93,103850059,1031231085.87,1.03,-0.70,416067.00
2002-03-19,10.26,103850059,1065501605.34,1.07,3.32,2021220.00
2002-03-20,9.92,103850059,1030192585.28,1.03,-3.31,2154624.00
2002-03-21,10.10,103850059,1048885595.90,1.05,1.81,485810.00
2002-03-22,9.59,103850059,995922065.81,1.00,-5.05,1425074.00
2002-03-25,9.49,103850059,985537059.91,0.99,-1.04,3985800.00
2002-03-26,10.18,103850059,1057193600.62,1.06,7.27,793022.00
2002-03-27,9.96,103850059,1034346587.64,1.03,-2.16,1283844.00
2002-03-28,9.91,103850059,1029154084.69,1.03,-0.50,1484518.00
2002-04-01,10.00,103850059,1038500590.00,1.04,0.91,1517000.00
2002-04-02,9.70,103850059,1007345572.30,1.01,-3.00,1403590.00
2002-04-03,9.31,103850059,966844049.29,0.97,-4.02,2512769.00
2002-04-04,9.20,103850059,955420542.80,0.96,-1.18,102120.00
2002-04-05,8.88,103850059,922188523.92,0.92,-3.48,1017648.00
2002-04-08,8.68,103850059,901418512.12,0.90,-2.25,500836.00
2002-04-09,8.75,103850059,908688016.25,0.91,0.81,295750.00
2002-04-10,8.96,103850059,930496528.64,0.93,2.40,692608.00
2002-04-11,8.70,103850059,903495513.30,0.90,-2.90,471540.00
2002-04-12,9.03,103850059,937766032.77,0.94,3.79,199563.00
2002-04-15,9.02,103850059,936727532.18,0.94,-0.11,1779646.00
2002-04-16,9.74,103850059,1011499574.66,1.01,7.98,6767352.00
2002-04-17,9.50,103850059,986575560.50,0.99,-2.46,482600.00
2002-04-18,9.58,103850059,994883565.22,0.99,0.84,48858.00
2002-04-19,9.70,103850059,1007345572.30,1.01,1.25,95060.00
2002-04-22,9.89,103850059,1027077083.51,1.03,1.96,265052.00
2002-04-23,9.69,103850059,1006307071.71,1.01,-2.02,501942.00
2002-04-24,8.91,103850059,925304025.69,0.93,-8.05,1252746.00
2002-04-25,8.31,103850059,862993990.29,0.86,-6.73,841803.00
2002-04-26,8.53,103850059,885841003.27,0.89,2.65,974979.00
2002-04-29,8.24,103850059,855724486.16,0.86,-3.40,374920.00
2002-04-30,8.21,103850059,852608984.39,0.85,-0.36,2687954.00
2002-05-01,8.09,103850059,840146977.31,0.84,-1.46,1549235.00
2002-05-02,8.04,103850059,834954474.36,0.83,-0.62,594156.00
2002-05-03,8.04,103850059,834954474.36,0.83,0.00,441396.00
2002-05-06,7.80,103850059,810030460.20,0.81,-2.99,719160.00
2002-05-07,7.56,103850059,785106446.04,0.79,-3.08,2616516.00
2002-05-08,8.51,103850059,883764002.09,0.88,12.57,302956.00
2002-05-09,8.32,103850059,864032490.88,0.86,-2.23,425152.00
2002-05-10,8.33,103850059,865070991.47,0.87,0.12,738038.00
2002-05-13,8.82,103850059,915957520.38,0.92,5.88,236376.00
2002-05-14,9.12,103850059,947112538.08,0.95,3.40,344736.00
2002-05-15,9.30,103850059,965805548.70,0.97,1.97,252960.00
2002-05-16,9.09,103850059,943997036.31,0.94,-2.26,116352.00
2002-05-17,8.52,103850059,884802502.68,0.88,-6.27,148248.00
2002-05-20,8.54,103850059,886879503.86,0.89,0.23,128954.00
2002-05-21,8.50,103850059,882725501.50,0.88,-0.47,316200.00
2002-05-22,8.49,103850059,881687000.91,0.88,-0.12,143481.00
2002-05-23,8.20,103850059,851570483.80,0.85,-3.42,236980.00
2002-05-24,8.21,103850059,852608984.39,0.85,0.12,136286.00
2002-05-28,7.99,103850059,829761971.41,0.83,-2.68,289238.00
2002-05-29,8.11,103850059,842223978.49,0.84,1.50,234379.00
2002-05-30,7.78,103850059,807953459.02,0.81,-4.07,943714.00
2002-05-31,8.00,103850059,830800472.00,0.83,2.83,691200.00
2002-06-03,6.65,103850059,690602892.35,0.69,-16.87,990185.00
2002-06-04,6.58,103850059,683333388.22,0.68,-1.05,1798314.00
2002-06-05,6.97,103850059,723834911.23,0.72,5.93,495567.00
2002-06-06,6.55,103850059,680217886.45,0.68,-6.03,754560.00
2002-06-07,6.52,103850059,677102384.68,0.68,-0.46,476612.00
2002-06-10,6.70,103850059,695795395.30,0.70,2.76,621090.00
2002-06-11,6.54,103850059,679179385.86,0.68,-2.39,946992.00
2002-06-12,6.25,103850059,649062868.75,0.65,-4.43,841875.00
2002-06-13,6.07,103850059,630369858.13,0.63,-2.88,325959.00
2002-06-14,6.20,103850059,643870365.80,0.64,2.14,621240.00
2002-06-17,6.08,103850059,631408358.72,0.63,-1.94,1217216.00
2002-06-18,6.00,103850059,623100354.00,0.62,-1.32,1585800.00
2002-06-19,5.85,103850059,607522845.15,0.61,-2.50,977535.00
2002-06-20,5.76,103850059,598176339.84,0.60,-1.54,2232000.00
2002-06-21,5.72,103850059,594022337.48,0.59,-0.69,1557556.00
2002-06-24,5.77,103850059,599214840.43,0.60,0.87,913968.00
2002-06-25,5.74,103850059,596099338.66,0.60,-0.52,614180.00
2002-06-26,5.49,103850059,570136823.91,0.57,-4.36,742248.00
2002-06-27,5.00,103850059,519250295.00,0.52,-8.93,1148000.00
2002-06-28,5.24,103850059,544174309.16,0.54,4.80,953680.00
2002-07-01,5.49,103850059,570136823.91,0.57,4.77,1279170.00
2002-07-02,5.00,103850059,519250295.00,0.52,-8.93,1543000.00
2002-07-03,5.05,103850059,524442797.95,0.52,1.00,232300.00
2002-07-05,5.39,103850059,559751818.01,0.56,6.73,151459.00
2002-07-08,5.10,103850059,529635300.90,0.53,-5.38,109140.00
2002-07-09,5.17,103850059,536904805.03,0.54,1.37,70312.00
2002-07-10,5.15,103850059,534827803.85,0.53,-0.39,1076350.00
2002-07-11,5.06,103850059,525481298.54,0.53,-1.75,74382.00
2002-07-12,4.92,103850059,510942290.28,0.51,-2.77,79704.00
2002-07-15,5.10,103850059,529635300.90,0.53,3.66,423810.00
2002-07-16,5.10,103850059,529635300.90,0.53,0.00,1118940.00
2002-07-17,5.10,103850059,529635300.90,0.53,0.00,629340.00
2002-07-18,5.00,103850059,519250295.00,0.52,-1.96,245500.00
2002-07-19,4.65,103850059,482902774.35,0.48,-7.00,283185.00
2002-07-22,4.35,103850059,451747756.65,0.45,-6.45,699915.00
2002-07-23,3.62,103850059,375937213.58,0.38,-16.78,193308.00
2002-07-24,3.67,103850059,381129716.53,0.38,1.38,457649.00
2002-07-25,3.44,103850059,357244202.96,0.36,-6.27,180600.00
2002-07-26,3.43,103850059,356205702.37,0.36,-0.29,1086967.00
2002-07-29,3.40,103850059,353090200.60,0.35,-0.87,448120.00
2002-07-30,3.40,103850059,353090200.60,0.35,0.00,516460.00
2002-07-31,3.16,103850059,328166186.44,0.33,-7.06,326112.00
2002-08-01,3.41,103850059,354128701.19,0.35,7.91,62744.00
2002-08-02,3.07,103850059,318819681.13,0.32,-9.97,231785.00
2002-08-05,3.10,103850059,321935182.90,0.32,0.98,1511250.00
2002-08-06,3.37,103850059,349974698.83,0.35,8.71,97730.00
2002-08-07,4.06,103850059,421631239.54,0.42,20.47,96222.00
2002-08-08,3.95,103850059,410207733.05,0.41,-2.71,101120.00
2002-08-09,4.08,103850059,423708240.72,0.42,3.29,119952.00
2002-08-12,3.97,103850059,412284734.23,0.41,-2.70,121482.00
2002-08-13,3.56,103850059,369706210.04,0.37,-10.33,528660.00
2002-08-14,3.83,103850059,397745725.97,0.40,7.58,280739.00
2002-08-15,3.20,103850059,332320188.80,0.33,-16.45,236480.00
2002-08-16,2.95,103850059,306357674.05,0.31,-7.81,253995.00
2002-08-19,3.00,103850059,311550177.00,0.31,1.69,465900.00
2002-08-20,2.92,103850059,303242172.28,0.30,-2.67,316236.00
2002-08-21,3.25,103850059,337512691.75,0.34,11.30,513175.00
2002-08-22,3.23,103850059,335435690.57,0.34,-0.62,145996.00
2002-08-23,3.60,103850059,373860212.40,0.37,11.46,583920.00
2002-08-26,3.91,103850059,406053730.69,0.41,8.61,117691.00
2002-08-27,3.72,103850059,386322219.48,0.39,-4.86,446772.00
2002-08-28,3.25,103850059,337512691.75,0.34,-12.63,440700.00
2002-08-29,3.07,103850059,318819681.13,0.32,-5.54,82890.00
2002-08-30,3.00,103850059,311550177.00,0.31,-2.28,2816700.00
2002-09-03,2.91,103850059,302203671.69,0.30,-3.00,121056.00
2002-09-04,3.50,103850059,363475206.50,0.36,20.27,101150.00
2002-09-05,2.88,103850059,299088169.92,0.30,-17.71,141120.00
2002-09-06,3.15,103850059,327127685.85,0.33,9.38,405405.00
2002-09-09,3.08,103850059,319858181.72,0.32,-2.22,65912.00
2002-09-10,3.44,103850059,357244202.96,0.36,11.69,239768.00
2002-09-11,3.27,103850059,339589692.93,0.34,-4.94,249828.00
2002-09-12,3.16,103850059,328166186.44,0.33,-3.36,45820.00
2002-09-13,3.17,103850059,329204687.03,0.33,0.32,17435.00
2002-09-16,3.18,103850059,330243187.62,0.33,0.32,80136.00
2002-09-17,3.50,103850059,363475206.50,0.36,10.06,155050.00
2002-09-18,3.45,103850059,358282703.55,0.36,-1.43,347070.00
2002-09-19,2.89,103850059,300126670.51,0.30,-16.23,131495.00
2002-09-20,2.74,103850059,284549161.66,0.28,-5.19,304688.00
2002-09-23,2.51,103850059,260663648.09,0.26,-8.39,200800.00
2002-09-24,2.45,103850059,254432644.55,0.25,-2.39,54635.00
2002-09-25,2.25,103850059,233662632.75,0.23,-8.16,367200.00
2002-09-26,1.78,103850059,184853105.02,0.18,-20.89,204700.00
2002-09-27,1.79,103850059,185891605.61,0.19,0.56,237891.00
2002-09-30,1.57,103850059,163044592.63,0.16,-12.29,132351.00
2002-10-01,1.98,103850059,205623116.82,0.21,26.11,187704.00
2002-10-02,2.15,103850059,223277626.85,0.22,8.59,71810.00
2002-10-03,2.01,103850059,208738618.59,0.21,-6.51,36180.00
2002-10-04,1.48,103850059,153698087.32,0.15,-26.37,181448.00
2002-10-07,1.34,103850059,139159079.06,0.14,-9.46,27068.00
2002-10-08,1.41,103850059,146428583.19,0.15,5.22,37788.00
2002-10-09,1.28,103850059,132928075.52,0.13,-9.22,62208.00
2002-10-10,1.27,103850059,131889574.93,0.13,-0.78,53213.00
2002-10-11,1.53,103850059,158890590.27,0.16,20.47,85221.00
2002-10-14,1.54,103850059,159929090.86,0.16,0.65,25718.00
2002-10-15,1.55,103850059,160967591.45,0.16,0.65,166160.00
2002-10-16,1.60,103850059,166160094.40,0.17,3.23,156160.00
2002-10-17,1.69,103850059,175506599.71,0.18,5.62,93964.00
2002-10-18,1.76,103850059,182776103.84,0.18,4.14,60192.00
2002-10-21,1.87,103850059,194199610.33,0.19,6.25,63019.00
2002-10-22,1.94,103850059,201469114.46,0.20,3.74,66154.00
2002-10-23,2.06,103850059,213931121.54,0.21,6.19,84460.00
2002-10-24,2.00,103850059,207700118.00,0.21,-2.91,86600.00
2002-10-25,1.99,103850059,206661617.41,0.21,-0.50,69252.00
2002-10-28,1.88,103850059,195238110.92,0.20,-5.53,294784.00
2002-10-29,1.63,103850059,169275596.17,0.17,-13.30,198045.00
2002-10-30,1.76,103850059,182776103.84,0.18,7.98,101904.00
2002-10-31,1.83,103850059,190045607.97,0.19,3.98,96075.00
2002-11-01,1.95,103850059,202507615.05,0.20,6.56,99255.00
2002-11-04,1.96,103850059,203546115.64,0.20,0.51,117208.00
2002-11-05,2.19,103850059,227431629.21,0.23,11.73,360036.00
2002-11-06,2.97,103850059,308434675.23,0.31,35.62,273240.00
2002-11-07,2.61,103850059,271048653.99,0.27,-12.12,121887.00
2002-11-08,2.62,103850059,272087154.58,0.27,0.38,43492.00
2002-11-11,2.46,103850059,255471145.14,0.26,-6.11,74292.00
2002-11-12,2.65,103850059,275202656.35,0.28,7.72,85065.00
2002-11-13,2.56,103850059,265856151.04,0.27,-3.40,199424.00
2002-11-14,2.68,103850059,278318158.12,0.28,4.69,63516.00
2002-11-15,2.67,103850059,277279657.53,0.28,-0.37,42453.00
2002-11-18,2.76,103850059,286626162.84,0.29,3.37,145728.00
2002-11-19,2.61,103850059,271048653.99,0.27,-5.43,19314.00
2002-11-20,2.70,103850059,280395159.30,0.28,3.45,292410.00
2002-11-21,3.01,103850059,312588677.59,0.31,11.48,371434.00
2002-11-22,3.00,103850059,311550177.00,0.31,-0.33,183600.00
2002-11-25,3.13,103850059,325050684.67,0.33,4.33,377165.00
2002-11-26,3.00,103850059,311550177.00,0.31,-4.15,328800.00
2002-11-27,3.15,103850059,327127685.85,0.33,5.00,271845.00
2002-11-29,3.14,103850059,326089185.26,0.33,-0.32,290450.00
2002-12-02,2.99,103850059,310511676.41,0.31,-4.78,333983.00
2002-12-03,2.85,103850059,295972668.15,0.30,-4.68,237120.00
2002-12-04,2.91,103850059,302203671.69,0.30,2.11,86718.00
2002-12-05,2.69,103850059,279356658.71,0.28,-7.56,399196.00
2002-12-06,2.80,103850059,290780165.20,0.29,4.09,92960.00
2002-12-09,2.60,103850059,270010153.40,0.27,-7.14,68640.00
2002-12-10,2.84,103850059,294934167.56,0.29,9.23,157620.00
2002-12-11,2.90,103850059,301165171.10,0.30,2.11,69020.00
2002-12-12,2.74,103850059,284549161.66,0.28,-5.52,65760.00
2002-12-13,2.70,103850059,280395159.30,0.28,-1.46,126360.00
2002-12-16,2.87,103850059,298049669.33,0.30,6.30,93849.00
2002-12-17,2.80,103850059,290780165.20,0.29,-2.44,223720.00
2002-12-18,2.70,103850059,280395159.30,0.28,-3.57,260010.00
2002-12-19,2.60,103850059,270010153.40,0.27,-3.70,218140.00
2002-12-20,2.56,103850059,265856151.04,0.27,-1.54,220160.00
2002-12-23,2.60,103850059,270010153.40,0.27,1.56,149500.00
2002-12-24,2.51,103850059,260663648.09,0.26,-3.46,160138.00
2002-12-26,2.55,103850059,264817650.45,0.26,1.59,185895.00
2002-12-27,2.94,103850059,305319173.46,0.31,15.29,2269974.00
2002-12-30,2.76,103850059,286626162.84,0.29,-6.12,417036.00
2002-12-31,3.30,103850059,342705194.70,0.34,19.57,3037650.00
2003-01-02,3.44,103850059,357244202.96,0.36,4.24,462336.00
2003-01-03,3.95,103850059,410207733.05,0.41,14.83,597240.00
2003-01-06,4.72,103850059,490172278.48,0.49,19.49,1154984.00
2003-01-07,4.60,103850059,477710271.40,0.48,-2.54,839960.00
2003-01-08,4.34,103850059,450709256.06,0.45,-5.65,752122.00
2003-01-09,4.81,103850059,499518783.79,0.50,10.83,534872.00
2003-01-10,5.24,103850059,544174309.16,0.54,8.94,1051668.00
2003-01-13,5.90,103850059,612715348.10,0.61,12.60,1000640.00
2003-01-14,5.60,103850059,581560330.40,0.58,-5.08,1081360.00
2003-01-15,5.52,103850059,573252325.68,0.57,-1.43,326232.00
2003-01-16,5.29,103850059,549366812.11,0.55,-4.17,358662.00
2003-01-17,5.08,103850059,527558299.72,0.53,-3.97,481076.00
2003-01-21,4.77,103850059,495364781.43,0.50,-6.10,561429.00
2003-01-22,5.00,103850059,519250295.00,0.52,4.82,509000.00
2003-01-23,5.24,103850059,544174309.16,0.54,4.80,483128.00
2003-01-24,5.12,103850059,531712302.08,0.53,-2.29,136704.00
2003-01-27,5.08,103850059,527558299.72,0.53,-0.78,187452.00
2003-01-28,5.18,103850059,537943305.62,0.54,1.97,162652.00
2003-01-29,5.04,103850059,523404297.36,0.52,-2.70,241416.00
2003-01-30,4.96,103850059,515096292.64,0.52,-1.59,300080.00
2003-01-31,4.68,103850059,486018276.12,0.49,-5.65,899496.00
2003-02-03,4.40,103850059,456940259.60,0.46,-5.98,371360.00
2003-02-04,4.17,103850059,433054746.03,0.43,-5.23,276471.00
2003-02-05,4.16,103850059,432016245.44,0.43,-0.24,360256.00
2003-02-06,4.20,103850059,436170247.80,0.44,0.96,138180.00
2003-02-07,4.10,103850059,425785241.90,0.43,-2.38,151290.00
2003-02-10,4.05,103850059,420592738.95,0.42,-1.22,1195965.00
2003-02-11,3.65,103850059,379052715.35,0.38,-9.88,444935.00
2003-02-12,3.38,103850059,351013199.42,0.35,-7.40,170014.00
2003-02-13,3.13,103850059,325050684.67,0.33,-7.40,343361.00
2003-02-14,3.40,103850059,353090200.60,0.35,8.63,146540.00
2003-02-18,3.32,103850059,344782195.88,0.34,-2.35,115204.00
2003-02-19,3.20,103850059,332320188.80,0.33,-3.61,125440.00
2003-02-20,3.23,103850059,335435690.57,0.34,0.94,62985.00
2003-02-21,3.40,103850059,353090200.60,0.35,5.26,287640.00
2003-02-24,3.21,103850059,333358689.39,0.33,-5.59,42693.00
2003-02-25,3.44,103850059,357244202.96,0.36,7.17,206056.00
2003-02-26,3.42,103850059,355167201.78,0.36,-0.58,42750.00
2003-02-27,3.51,103850059,364513707.09,0.36,2.63,220428.00
2003-02-28,3.34,103850059,346859197.06,0.35,-4.84,117568.00
2003-03-03,3.68,103850059,382168217.12,0.38,10.18,132848.00
2003-03-04,3.74,103850059,388399220.66,0.39,1.63,188496.00
2003-03-05,3.83,103850059,397745725.97,0.40,2.41,115283.00
2003-03-06,4.07,103850059,422669740.13,0.42,6.27,76516.00
2003-03-07,4.10,103850059,425785241.90,0.43,0.74,37720.00
2003-03-10,4.10,103850059,425785241.90,0.43,0.00,63960.00
2003-03-11,4.16,103850059,432016245.44,0.43,1.46,96928.00
2003-03-12,4.42,103850059,459017260.78,0.46,6.25,139230.00
2003-03-13,4.54,103850059,471479267.86,0.47,2.71,107144.00
2003-03-14,4.25,103850059,441362750.75,0.44,-6.39,199750.00
2003-03-17,4.67,103850059,484979775.53,0.48,9.88,226962.00
2003-03-18,4.70,103850059,488095277.30,0.49,0.64,204920.00
2003-03-19,4.49,103850059,466286764.91,0.47,-4.47,189478.00
2003-03-20,4.45,103850059,462132762.55,0.46,-0.89,50730.00
2003-03-21,4.19,103850059,435131747.21,0.44,-5.84,178494.00
2003-03-24,4.19,103850059,435131747.21,0.44,0.00,26816.00
2003-03-25,4.19,103850059,435131747.21,0.44,0.00,43157.00
2003-03-26,3.87,103850059,401899728.33,0.40,-7.64,57663.00
2003-03-27,3.71,103850059,385283718.89,0.39,-4.13,146174.00
2003-03-28,3.52,103850059,365552207.68,0.37,-5.12,116512.00
2003-03-31,3.44,103850059,357244202.96,0.36,-2.27,83592.00
2003-04-01,3.49,103850059,362436705.91,0.36,1.45,28967.00
2003-04-02,3.75,103850059,389437721.25,0.39,7.45,140625.00
2003-04-03,3.96,103850059,411246233.64,0.41,5.60,63756.00
2003-04-04,3.92,103850059,407092231.28,0.41,-1.01,74872.00
2003-04-07,4.13,103850059,428900743.67,0.43,5.36,89208.00
2003-04-08,4.16,103850059,432016245.44,0.43,0.73,49504.00
2003-04-09,4.10,103850059,425785241.90,0.43,-1.44,32390.00
2003-04-10,3.99,103850059,414361735.41,0.41,-2.68,41895.00
2003-04-11,4.06,103850059,421631239.54,0.42,1.75,60494.00
2003-04-14,4.13,103850059,428900743.67,0.43,1.72,37170.00
2003-04-15,4.25,103850059,441362750.75,0.44,2.91,50575.00
2003-04-16,4.31,103850059,447593754.29,0.45,1.41,165504.00
2003-04-17,4.49,103850059,466286764.91,0.47,4.18,162089.00
2003-04-21,4.30,103850059,446555253.70,0.45,-4.23,82990.00
2003-04-22,4.49,103850059,466286764.91,0.47,4.42,38614.00
2003-04-23,4.29,103850059,445516753.11,0.45,-4.45,114972.00
2003-04-24,4.27,103850059,443439751.93,0.44,-0.47,27755.00
2003-04-25,4.28,103850059,444478252.52,0.44,0.23,23112.00
2003-04-28,4.50,103850059,467325265.50,0.47,5.14,162450.00
2003-04-29,4.85,103850059,503672786.15,0.50,7.78,437470.00
2003-04-30,4.68,103850059,486018276.12,0.49,-3.51,98280.00
2003-05-01,4.70,103850059,488095277.30,0.49,0.43,70500.00
2003-05-02,4.80,103850059,498480283.20,0.50,2.13,472320.00
2003-05-05,4.64,103850059,481864273.76,0.48,-3.33,97440.00
2003-05-06,4.51,103850059,468363766.09,0.47,-2.80,145222.00
2003-05-07,4.62,103850059,479787272.58,0.48,2.44,130746.00
2003-05-08,4.57,103850059,474594769.63,0.47,-1.08,10054.00
2003-05-09,4.57,103850059,474594769.63,0.47,0.00,37474.00
2003-05-12,4.58,103850059,475633270.22,0.48,0.22,97554.00
2003-05-13,4.64,103850059,481864273.76,0.48,1.31,51968.00
2003-05-14,4.35,103850059,451747756.65,0.45,-6.25,619440.00
2003-05-15,4.18,103850059,434093246.62,0.43,-3.91,290092.00
2003-05-16,4.24,103850059,440324250.16,0.44,1.44,1012088.00
2003-05-19,4.16,103850059,432016245.44,0.43,-1.89,89024.00
2003-05-20,4.09,103850059,424746741.31,0.42,-1.68,317793.00
2003-05-21,4.26,103850059,442401251.34,0.44,4.16,43878.00
2003-05-22,4.39,103850059,455901759.01,0.46,3.05,105360.00
2003-05-23,4.40,103850059,456940259.60,0.46,0.23,84480.00
2003-05-27,4.36,103850059,452786257.24,0.45,-0.91,45780.00
2003-05-28,4.34,103850059,450709256.06,0.45,-0.46,140616.00
2003-05-29,4.50,103850059,467325265.50,0.47,3.69,199800.00
2003-05-30,4.63,103850059,480825773.17,0.48,2.89,618105.00
2003-06-02,4.54,103850059,471479267.86,0.47,-1.94,235172.00
2003-06-03,4.51,103850059,468363766.09,0.47,-0.66,46453.00
2003-06-04,4.50,103850059,467325265.50,0.47,-0.22,193950.00
2003-06-05,4.60,103850059,477710271.40,0.48,2.22,57500.00
2003-06-06,4.94,103850059,513019291.46,0.51,7.39,122018.00
2003-06-09,4.95,103850059,514057792.05,0.51,0.20,83655.00
2003-06-10,5.05,103850059,524442797.95,0.52,2.02,107565.00
2003-06-11,5.05,103850059,524442797.95,0.52,0.00,129785.00
2003-06-12,4.91,103850059,509903789.69,0.51,-2.77,76596.00
2003-06-13,4.99,103850059,518211794.41,0.52,1.63,123752.00
2003-06-16,5.20,103850059,540020306.80,0.54,4.21,307320.00
2003-06-17,5.24,103850059,544174309.16,0.54,0.77,315972.00
2003-06-18,5.20,103850059,540020306.80,0.54,-0.76,361400.00
2003-06-19,5.20,103850059,540020306.80,0.54,0.00,243360.00
2003-06-20,5.19,103850059,538981806.21,0.54,-0.19,187359.00
2003-06-23,4.62,103850059,479787272.58,0.48,-10.98,269346.00
2003-06-24,4.68,103850059,486018276.12,0.49,1.30,99684.00
2003-06-25,4.75,103850059,493287780.25,0.49,1.50,389500.00
2003-06-26,4.69,103850059,487056776.71,0.49,-1.26,360192.00
2003-06-27,4.83,103850059,501595784.97,0.50,2.99,92253.00
2003-06-30,4.69,103850059,487056776.71,0.49,-2.90,792610.00
2003-07-01,4.78,103850059,496403282.02,0.50,1.92,95600.00
2003-07-02,5.52,103850059,573252325.68,0.57,15.48,1472184.00
2003-07-03,5.65,103850059,586752833.35,0.59,2.36,300580.00
2003-07-07,5.55,103850059,576367827.45,0.58,-1.77,456765.00
2003-07-08,5.45,103850059,565982821.55,0.57,-1.80,1317265.00
2003-07-09,5.07,103850059,526519799.13,0.53,-6.97,457314.00
2003-07-10,5.64,103850059,585714332.76,0.59,11.24,1109952.00
2003-07-11,5.68,103850059,589868335.12,0.59,0.71,1981184.00
2003-07-14,5.79,103850059,601291841.61,0.60,1.94,1270326.00
2003-07-15,6.00,103850059,623100354.00,0.62,3.63,1137000.00
2003-07-16,6.01,103850059,624138854.59,0.62,0.17,129215.00
2003-07-17,6.00,103850059,623100354.00,0.62,-0.17,281400.00
2003-07-18,6.02,103850059,625177355.18,0.63,0.33,179396.00
2003-07-21,6.32,103850059,656332372.88,0.66,4.98,2392120.00
2003-07-22,6.39,103850059,663601877.01,0.66,1.11,909936.00
2003-07-23,6.03,103850059,626215855.77,0.63,-5.63,235170.00
2003-07-24,6.01,103850059,624138854.59,0.62,-0.33,456760.00
2003-07-25,6.21,103850059,644908866.39,0.64,3.33,365769.00
2003-07-28,6.47,103850059,671909881.73,0.67,4.19,325441.00
2003-07-29,6.85,103850059,711372904.15,0.71,5.87,266465.00
2003-07-30,8.15,103850059,846377980.85,0.85,18.98,5305650.00
2003-07-31,8.82,103850059,915957520.38,0.92,8.22,5124420.00
2003-08-01,8.90,103850059,924265525.10,0.92,0.91,5808140.00
2003-08-04,9.25,103850059,960613045.75,0.96,3.93,2830500.00
2003-08-05,8.81,103850059,914919019.79,0.91,-4.76,2590140.00
2003-08-06,8.24,103850059,855724486.16,0.86,-6.47,1056368.00
2003-08-07,8.01,103850059,831838972.59,0.83,-2.79,1436994.00
2003-08-08,8.06,103850059,837031475.54,0.84,0.62,872092.00
2003-08-11,7.54,103850059,783029444.86,0.78,-6.45,986986.00
2003-08-12,8.33,103850059,865070991.47,0.87,10.48,874650.00
2003-08-13,8.30,103850059,861955489.70,0.86,-0.36,968610.00
2003-08-14,8.03,103850059,833915973.77,0.83,-3.25,364562.00
2003-08-15,8.52,103850059,884802502.68,0.88,6.10,1012176.00
2003-08-18,8.60,103850059,893110507.40,0.89,0.94,2296200.00
2003-08-19,8.50,103850059,882725501.50,0.88,-1.16,1190000.00
2003-08-20,8.60,103850059,893110507.40,0.89,1.18,724980.00
2003-08-21,8.59,103850059,892072006.81,0.89,-0.12,893360.00
2003-08-22,8.32,103850059,864032490.88,0.86,-3.14,1209728.00
2003-08-25,8.55,103850059,887918004.45,0.89,2.76,822510.00
2003-08-26,7.95,103850059,825607969.05,0.83,-7.02,466665.00
2003-08-27,8.25,103850059,856762986.75,0.86,3.77,605550.00
2003-08-28,8.65,103850059,898303010.35,0.90,4.85,634045.00
2003-08-29,8.65,103850059,898303010.35,0.90,0.00,420390.00
2003-09-02,8.64,103850059,897264509.76,0.90,-0.12,986688.00
2003-09-03,9.39,103850059,975152054.01,0.98,8.68,2832963.00
2003-09-04,9.92,103850059,1030192585.28,1.03,5.64,3949152.00
2003-09-05,9.67,103850059,1004230070.53,1.00,-2.52,975703.00
2003-09-08,10.10,103850059,1048885595.90,1.05,4.45,811030.00
2003-09-09,10.19,103850059,1058232101.21,1.06,0.89,1465322.00
2003-09-10,9.46,103850059,982421558.14,0.98,-7.16,1496572.00
2003-09-11,9.99,103850059,1037462089.41,1.04,5.60,1565433.00
2003-09-12,10.00,103850059,1038500590.00,1.04,0.10,2716000.00
2003-09-15,10.40,103850059,1080040613.60,1.08,4.00,4068480.00
2003-09-16,12.73,103850059,1322011251.07,1.32,22.40,14229594.00
2003-09-17,12.48,103850059,1296048736.32,1.30,-1.96,9459840.00
2003-09-18,13.10,103850059,1360435772.90,1.36,4.97,34322000.00
2003-09-19,13.63,103850059,1415476304.17,1.42,4.05,8397443.00
2003-09-22,13.03,103850059,1353166268.77,1.35,-4.40,10324972.00
2003-09-23,13.55,103850059,1407168299.45,1.41,3.99,6948440.00
2003-09-24,13.65,103850059,1417553305.35,1.42,0.74,12795510.00
2003-09-25,13.07,103850059,1357320271.13,1.36,-4.25,9175140.00
2003-09-26,12.85,103850059,1334473258.15,1.33,-1.68,6255380.00
2003-09-29,13.99,103850059,1452862325.41,1.45,8.87,14278194.00
2003-09-30,14.35,103850059,1490248346.65,1.49,2.57,15842400.00
2003-10-01,14.00,103850059,1453900826.00,1.45,-2.44,8068200.00
2003-10-02,14.17,103850059,1471555336.03,1.47,1.21,5770024.00
2003-10-03,14.64,103850059,1520364863.76,1.52,3.32,6762216.00
2003-10-06,14.70,103850059,1526595867.30,1.53,0.41,7220640.00
2003-10-07,15.60,103850059,1620060920.40,1.62,6.12,17200560.00
2003-10-08,15.41,103850059,1600329409.19,1.60,-1.22,12408132.00
2003-10-09,15.50,103850059,1609675914.50,1.61,0.58,11088700.00
2003-10-10,15.39,103850059,1598252408.01,1.60,-0.71,7462611.00
2003-10-13,16.20,103850059,1682370955.80,1.68,5.26,7207380.00
2003-10-14,16.29,103850059,1691717461.11,1.69,0.56,5607018.00
2003-10-15,16.31,103850059,1693794462.29,1.69,0.12,7249795.00
2003-10-16,16.77,103850059,1741565489.43,1.74,2.82,19082583.00
2003-10-17,16.07,103850059,1668870448.13,1.67,-4.17,9895906.00
2003-10-20,16.03,103850059,1664716445.77,1.66,-0.25,7926835.00
2003-10-21,16.30,103850059,1692755961.70,1.69,1.68,10671610.00
2003-10-22,15.21,103850059,1579559397.39,1.58,-6.69,27644175.00
2003-10-23,14.15,103850059,1469478334.85,1.47,-6.97,11137465.00
2003-10-24,14.24,103850059,1478824840.16,1.48,0.64,14361040.00
2003-10-27,14.84,103850059,1541134875.56,1.54,4.21,8552292.00
2003-10-28,15.49,103850059,1608637413.91,1.61,4.38,9792778.00
2003-10-29,16.18,103850059,1680293954.62,1.68,4.45,7311742.00
2003-10-30,16.23,103850059,1685486457.57,1.69,0.31,16947366.00
2003-10-31,16.10,103850059,1671985949.90,1.67,-0.80,13042610.00
2003-11-03,16.72,103850059,1736372986.48,1.74,3.85,8948544.00
2003-11-04,17.23,103850059,1789336516.57,1.79,3.05,19256248.00
2003-11-05,18.20,103850059,1890071073.80,1.89,5.63,12528880.00
2003-11-06,17.75,103850059,1843338547.25,1.84,-2.47,7786925.00
2003-11-07,17.75,103850059,1843338547.25,1.84,0.00,6253325.00
2003-11-10,16.60,103850059,1723910979.40,1.72,-6.48,8341500.00
2003-11-11,16.44,103850059,1707294969.96,1.71,-0.96,5704680.00
2003-11-12,17.09,103850059,1774797508.31,1.77,3.95,7316229.00
2003-11-13,17.48,103850059,1815299031.32,1.82,2.28,5126884.00
2003-11-14,16.67,103850059,1731180483.53,1.73,-4.63,11402280.00
2003-11-17,16.10,103850059,1671985949.90,1.67,-3.42,14981050.00
2003-11-18,15.36,103850059,1595136906.24,1.60,-4.60,8372736.00
2003-11-19,15.96,103850059,1657446941.64,1.66,3.91,11031552.00
2003-11-20,15.56,103850059,1615906918.04,1.62,-2.51,5760312.00
2003-11-21,15.72,103850059,1632522927.48,1.63,1.03,4582380.00
2003-11-24,16.40,103850059,1703140967.60,1.70,4.33,7462000.00
2003-11-25,16.25,103850059,1687563458.75,1.69,-0.91,9605375.00
2003-11-26,16.65,103850059,1729103482.35,1.73,2.46,6105555.00
2003-11-28,16.90,103850059,1755065997.10,1.76,1.50,2431910.00
2003-12-01,17.44,103850059,1811145028.96,1.81,3.20,11036032.00
2003-12-02,17.28,103850059,1794529019.52,1.79,-0.92,49541760.00
2003-12-03,16.12,103850059,1674062951.08,1.67,-6.71,30590924.00
2003-12-04,14.88,103850059,1545288877.92,1.55,-7.69,19467504.00
2003-12-05,14.08,103850059,1462208830.72,1.46,-5.38,11704704.00
2003-12-08,14.24,103850059,1478824840.16,1.48,1.14,5342848.00
2003-12-09,13.60,103850059,1412360802.40,1.41,-4.49,4177920.00
2003-12-10,13.30,103850059,1381205784.70,1.38,-2.21,12313140.00
2003-12-11,14.70,103850059,1526595867.30,1.53,10.53,23716980.00
2003-12-12,15.05,103850059,1562943387.95,1.56,2.38,9896880.00
2003-12-15,13.73,103850059,1425861310.07,1.43,-8.77,11038920.00
2003-12-16,13.62,103850059,1414437803.58,1.41,-0.80,7926840.00
2003-12-17,13.68,103850059,1420668807.12,1.42,0.44,5998680.00
2003-12-18,15.65,103850059,1625253423.35,1.63,14.40,36985645.00
2003-12-19,15.91,103850059,1652254438.69,1.65,1.66,18325138.00
2003-12-22,16.40,103850059,1703140967.60,1.70,3.08,9220080.00
2003-12-23,16.22,103850059,1684447956.98,1.68,-1.10,11274522.00
2003-12-24,16.35,103850059,1697948464.65,1.70,0.80,5119185.00
2003-12-26,16.14,103850059,1676139952.26,1.68,-1.28,1291200.00
2003-12-29,17.85,103850059,1853723553.15,1.85,10.59,20875575.00
2003-12-30,17.49,103850059,1816337531.91,1.82,-2.02,6229938.00
2003-12-31,16.88,103850059,1752988995.92,1.75,-3.49,5644672.00
2004-01-02,17.17,103850059,1783105513.03,1.78,1.72,5030810.00
2004-01-05,18.08,103850059,1877609066.72,1.88,5.30,18094464.00
2004-01-06,18.77,103850059,1949265607.43,1.95,3.82,10680130.00
2004-01-07,17.69,103850059,1837107543.71,1.84,-5.75,20320503.00
2004-01-08,17.75,103850059,1843338547.25,1.84,0.34,15591600.00
2004-01-09,17.00,103850059,1765451003.00,1.77,-4.23,22412800.00
2004-01-12,17.24,103850059,1790375017.16,1.79,1.41,11749060.00
2004-01-13,17.60,103850059,1827761038.40,1.83,2.09,11265760.00
2004-01-14,18.25,103850059,1895263576.75,1.90,3.69,13207525.00
2004-01-15,18.15,103850059,1884878570.85,1.88,-0.55,8314515.00
2004-01-16,19.66,103850059,2041692159.94,2.04,8.32,22540190.00
2004-01-20,20.36,103850059,2114387201.24,2.11,3.56,28803292.00
2004-01-21,20.00,103850059,2077001180.00,2.08,-1.77,12478000.00
2004-01-22,19.09,103850059,1982497626.31,1.98,-4.55,14298410.00
2004-01-23,19.30,103850059,2004306138.70,2.00,1.10,8665700.00
2004-01-26,19.00,103850059,1973151121.00,1.97,-1.55,6982500.00
2004-01-27,18.50,103850059,1921226091.50,1.92,-2.63,9999250.00
2004-01-28,18.30,103850059,1900456079.70,1.90,-1.08,13531020.00
2004-01-29,18.14,103850059,1883840070.26,1.88,-0.87,34623818.00
2004-01-30,17.50,103850059,1817376032.50,1.82,-3.53,11455500.00
2004-02-02,17.38,103850059,1804914025.42,1.80,-0.69,15768874.00
2004-02-03,17.19,103850059,1785182514.21,1.79,-1.09,12234123.00
2004-02-04,15.91,103850059,1652254438.69,1.65,-7.45,13275304.00
2004-02-05,16.21,103850059,1683409456.39,1.68,1.89,12306632.00
2004-02-06,16.80,103850059,1744680991.20,1.74,3.64,8709120.00
2004-02-09,16.75,103850059,1739488488.25,1.74,-0.30,12678075.00
2004-02-10,17.14,103850059,1779990011.26,1.78,2.33,14005094.00
2004-02-11,17.72,103850059,1840223045.48,1.84,3.38,8868860.00
2004-02-12,17.65,103850059,1832953541.35,1.83,-0.40,8470235.00
2004-02-13,17.24,103850059,1790375017.16,1.79,-2.32,4639284.00
2004-02-17,17.90,103850059,1858916056.10,1.86,3.83,8511450.00
2004-02-18,18.00,103850059,1869301062.00,1.87,0.56,9174600.00
2004-02-19,17.24,103850059,1790375017.16,1.79,-4.22,9242364.00
2004-02-20,16.60,103850059,1723910979.40,1.72,-3.71,7138000.00
2004-02-23,15.65,103850059,1625253423.35,1.63,-5.72,11084895.00
2004-02-24,15.08,103850059,1566058889.72,1.57,-3.64,7980336.00
2004-02-25,16.25,103850059,1687563458.75,1.69,7.76,7535125.00
2004-02-26,16.45,103850059,1708333470.55,1.71,1.23,4767210.00
2004-02-27,16.15,103850059,1677178452.85,1.68,-1.82,17240125.00
2004-03-01,15.45,103850059,1604483411.55,1.60,-4.33,10132110.00
2004-03-02,15.82,103850059,1642907933.38,1.64,2.39,13397958.00
2004-03-03,15.16,103850059,1574366894.44,1.57,-4.17,6802292.00
2004-03-04,15.74,103850059,1634599928.66,1.63,3.83,4921898.00
2004-03-05,15.39,103850059,1598252408.01,1.60,-2.22,3582792.00
2004-03-08,14.88,103850059,1545288877.92,1.55,-3.31,4405968.00
2004-03-09,13.90,103850059,1443515820.10,1.44,-6.59,10279050.00
2004-03-10,13.65,103850059,1417553305.35,1.42,-1.80,8751015.00
2004-03-11,13.45,103850059,1396783293.55,1.40,-1.47,8082105.00
2004-03-12,14.31,103850059,1486094344.29,1.49,6.39,8594586.00
2004-03-15,13.43,103850059,1394706292.37,1.39,-6.15,5713122.00
2004-03-16,13.49,103850059,1400937295.91,1.40,0.45,16594049.00
2004-03-17,13.68,103850059,1420668807.12,1.42,1.41,19666368.00
2004-03-18,13.58,103850059,1410283801.22,1.41,-0.73,7158018.00
2004-03-19,13.41,103850059,1392629291.19,1.39,-1.25,7480098.00
2004-03-22,13.02,103850059,1352127768.18,1.35,-2.91,6073830.00
2004-03-23,12.77,103850059,1326165253.43,1.33,-1.92,14957501.00
2004-03-24,12.86,103850059,1335511758.74,1.34,0.70,6311688.00
2004-03-25,11.62,103850059,1206737685.58,1.21,-9.64,48056834.00
2004-03-26,11.46,103850059,1190121676.14,1.19,-1.38,18636252.00
2004-03-29,11.72,103850059,1217122691.48,1.22,2.27,8590760.00
2004-03-30,12.30,103850059,1277355725.70,1.28,4.95,19756260.00
2004-03-31,12.48,103850059,1296048736.32,1.30,1.46,11115936.00
2004-04-01,13.27,103850059,1378090282.93,1.38,6.33,10747373.00
2004-04-02,13.74,103850059,1426899810.66,1.43,3.54,9950508.00
2004-04-05,14.34,103850059,1489209846.06,1.49,4.37,6124614.00
2004-04-06,13.84,103850059,1437284816.56,1.44,-3.49,10706624.00
2004-04-07,14.00,103850059,1453900826.00,1.45,1.16,7413000.00
2004-04-08,13.83,103850059,1436246315.97,1.44,-1.21,7522137.00
2004-04-12,14.00,103850059,1453900826.00,1.45,1.23,4810400.00
2004-04-13,13.56,103850059,1408206800.04,1.41,-3.14,5921652.00
2004-04-14,12.75,103850059,1324088252.25,1.32,-5.97,9274350.00
2004-04-15,11.98,103850059,1244123706.82,1.24,-6.04,11082698.00
2004-04-16,11.75,103850059,1220238193.25,1.22,-1.92,7614000.00
2004-04-19,12.00,103850059,1246200708.00,1.25,2.13,6724800.00
2004-04-20,11.65,103850059,1209853187.35,1.21,-2.92,8103740.00
2004-04-21,12.05,103850059,1251393210.95,1.25,3.43,9412255.00
2004-04-22,11.95,103850059,1241008205.05,1.24,-0.83,6388470.00
2004-04-23,12.30,103850059,1277355725.70,1.28,2.93,9760050.00
2004-04-26,12.59,103850059,1307472242.81,1.31,2.36,18589135.00
2004-04-27,12.21,103850059,1268009220.39,1.27,-3.02,27369936.00
2004-04-28,11.78,103850059,1223353695.02,1.22,-3.52,7555692.00
2004-04-29,11.56,103850059,1200506682.04,1.20,-1.87,7575268.00
2004-04-30,11.11,103850059,1153774155.49,1.15,-3.89,12658734.00
2004-05-03,11.25,103850059,1168313163.75,1.17,1.26,8737875.00
2004-05-04,11.63,103850059,1207776186.17,1.21,3.38,5421906.00
2004-05-05,11.78,103850059,1223353695.02,1.22,1.29,7099806.00
2004-05-06,11.75,103850059,1220238193.25,1.22,-0.25,7310850.00
2004-05-07,11.58,103850059,1202583683.22,1.20,-1.45,4830018.00
2004-05-10,11.25,103850059,1168313163.75,1.17,-2.85,4585500.00
2004-05-11,11.77,103850059,1222315194.43,1.22,4.62,3222626.00
2004-05-12,11.61,103850059,1205699184.99,1.21,-1.36,3739581.00
2004-05-13,11.30,103850059,1173505666.70,1.17,-2.67,3673630.00
2004-05-14,10.39,103850059,1079002113.01,1.08,-8.05,43179801.00
2004-05-17,10.03,103850059,1041616091.77,1.04,-3.46,9722079.00
2004-05-18,10.19,103850059,1058232101.21,1.06,1.60,5352807.00
2004-05-19,10.45,103850059,1085233116.55,1.09,2.55,6296125.00
2004-05-20,10.52,103850059,1092502620.68,1.09,0.67,7449212.00
2004-05-21,10.45,103850059,1085233116.55,1.09,-0.67,8265950.00
2004-05-24,10.68,103850059,1109118630.12,1.11,2.20,4328604.00
2004-05-25,10.75,103850059,1116388134.25,1.12,0.66,5101950.00
2004-05-26,11.18,103850059,1161043659.62,1.16,4.00,6978556.00
2004-05-27,11.59,103850059,1203622183.81,1.20,3.67,12030420.00
2004-05-28,11.40,103850059,1183890672.60,1.18,-1.64,3876000.00
2004-06-01,11.45,103850059,1189083175.55,1.19,0.44,2367860.00
2004-06-02,11.13,103850059,1155851156.67,1.16,-2.79,2892687.00
2004-06-03,10.92,103850059,1134042644.28,1.13,-1.89,3400488.00
2004-06-04,11.14,103850059,1156889657.26,1.16,2.01,1937246.00
2004-06-07,11.50,103850059,1194275678.50,1.19,3.23,2168900.00
2004-06-08,11.14,103850059,1156889657.26,1.16,-3.13,2483106.00
2004-06-09,11.04,103850059,1146504651.36,1.15,-0.90,1776336.00
2004-06-10,11.54,103850059,1198429680.86,1.20,4.53,6882456.00
2004-06-14,11.41,103850059,1184929173.19,1.18,-1.13,4366607.00
2004-06-15,12.03,103850059,1249316209.77,1.25,5.43,9592722.00
2004-06-16,12.10,103850059,1256585713.90,1.26,0.58,3335970.00
2004-06-17,11.70,103850059,1215045690.30,1.22,-3.31,5346900.00
2004-06-18,11.62,103850059,1206737685.58,1.21,-0.68,4244786.00
2004-06-21,11.59,103850059,1203622183.81,1.20,-0.26,2808257.00
2004-06-22,12.01,103850059,1247239208.59,1.25,3.62,3285936.00
2004-06-23,12.12,103850059,1258662715.08,1.26,0.92,7548336.00
2004-06-24,11.78,103850059,1223353695.02,1.22,-2.81,7671136.00
2004-06-25,11.86,103850059,1231661699.74,1.23,0.68,23365386.00
2004-06-28,12.20,103850059,1266970719.80,1.27,2.87,6190280.00
2004-06-29,12.25,103850059,1272163222.75,1.27,0.41,7477400.00
2004-06-30,11.85,103850059,1230623199.15,1.23,-3.27,7408620.00
2004-07-01,10.50,103850059,1090425619.50,1.09,-11.39,25961250.00
2004-07-02,10.21,103850059,1060309102.39,1.06,-2.76,9607610.00
2004-07-06,9.48,103850059,984498559.32,0.98,-7.15,12434916.00
2004-07-07,9.66,103850059,1003191569.94,1.00,1.90,8040018.00
2004-07-08,9.42,103850059,978267555.78,0.98,-2.48,4953036.00
2004-07-09,9.50,103850059,986575560.50,0.99,0.85,1411700.00
2004-07-12,9.32,103850059,967882549.88,0.97,-1.89,4101732.00
2004-07-13,9.19,103850059,954382042.21,0.95,-1.39,2291986.00
2004-07-14,9.03,103850059,937766032.77,0.94,-1.74,3442236.00
2004-07-15,8.98,103850059,932573529.82,0.93,-0.55,4715398.00
2004-07-16,8.92,103850059,926342526.28,0.93,-0.67,2271924.00
2004-07-19,8.64,103850059,897264509.76,0.90,-3.14,2250720.00
2004-07-20,8.70,103850059,903495513.30,0.90,0.69,5289600.00
2004-07-21,8.67,103850059,900380011.53,0.90,-0.34,2601867.00
2004-07-22,8.71,103850059,904534013.89,0.90,0.46,3186118.00
2004-07-23,8.53,103850059,885841003.27,0.89,-2.07,5084733.00
2004-07-26,8.46,103850059,878571499.14,0.88,-0.82,4159782.00
2004-07-27,9.05,103850059,939843033.95,0.94,6.97,3968425.00
2004-07-28,8.75,103850059,908688016.25,0.91,-3.31,7346500.00
2004-07-29,9.88,103850059,1026038582.92,1.03,12.91,7109648.00
2004-07-30,11.48,103850059,1192198677.32,1.19,16.19,15159340.00
2004-08-02,11.01,103850059,1143389149.59,1.14,-4.09,8312550.00
2004-08-03,10.65,103850059,1106003128.35,1.11,-3.27,4367565.00
2004-08-04,10.43,103850059,1083156115.37,1.08,-2.07,2277912.00
2004-08-05,10.31,103850059,1070694108.29,1.07,-1.15,4469385.00
2004-08-06,9.96,103850059,1034346587.64,1.03,-3.39,3138396.00
2004-08-09,9.75,103850059,1012538075.25,1.01,-2.11,4983225.00
2004-08-10,10.42,103850059,1082117614.78,1.08,6.87,2937398.00
2004-08-11,9.45,103850059,981383057.55,0.98,-9.31,7283115.00
2004-08-12,9.10,103850059,945035536.90,0.95,-3.70,3708250.00
2004-08-13,9.11,103850059,946074037.49,0.95,0.11,3161170.00
2004-08-16,9.28,103850059,963728547.52,0.96,1.87,3240576.00
2004-08-17,9.48,103850059,984498559.32,0.98,2.16,4518168.00
2004-08-18,9.97,103850059,1035385088.23,1.04,5.17,3571254.00
2004-08-19,9.80,103850059,1017730578.20,1.02,-1.71,2185400.00
2004-08-20,9.90,103850059,1028115584.10,1.03,1.02,3335310.00
2004-08-23,9.75,103850059,1012538075.25,1.01,-1.52,1282125.00
2004-08-24,9.69,103850059,1006307071.71,1.01,-0.62,1452531.00
2004-08-25,10.19,103850059,1058232101.21,1.06,5.16,2817535.00
2004-08-26,10.03,103850059,1041616091.77,1.04,-1.57,2968880.00
2004-08-27,10.19,103850059,1058232101.21,1.06,1.60,2765566.00
2004-08-30,9.95,103850059,1033308087.05,1.03,-2.36,1787020.00
2004-08-31,9.43,103850059,979306056.37,0.98,-5.23,3518333.00
2004-09-01,9.52,103850059,988652561.68,0.99,0.95,3414824.00
2004-09-02,9.70,103850059,1007345572.30,1.01,1.89,2177650.00
2004-09-03,9.44,103850059,980344556.96,0.98,-2.68,1328208.00
2004-09-07,9.60,103850059,996960566.40,1.00,1.69,3435840.00
2004-09-08,9.60,103850059,996960566.40,1.00,0.00,2515200.00
2004-09-09,9.59,103850059,995922065.81,1.00,-0.10,3765993.00
2004-09-10,10.28,103850059,1067578606.52,1.07,7.19,19591624.00
2004-09-13,11.28,103850059,1171428665.52,1.17,9.73,9340968.00
2004-09-14,10.78,103850059,1119503636.02,1.12,-4.43,6490638.00
2004-09-15,10.15,103850059,1054078098.85,1.05,-5.84,3654000.00
2004-09-16,10.14,103850059,1053039598.26,1.05,-0.10,4350060.00
2004-09-17,9.86,103850059,1023961581.74,1.02,-2.76,6484922.00
2004-09-20,9.79,103850059,1016692077.61,1.02,-0.71,4064808.00
2004-09-21,10.44,103850059,1084194615.96,1.08,6.64,4382712.00
2004-09-22,10.06,103850059,1044731593.54,1.04,-3.64,2664894.00
2004-09-23,10.21,103850059,1060309102.39,1.06,1.49,6862141.00
2004-09-24,9.82,103850059,1019807579.38,1.02,-3.82,5804602.00
2004-09-27,9.45,103850059,981383057.55,0.98,-3.77,4748625.00
2004-09-28,9.00,103850059,934650531.00,0.93,-4.76,9418500.00
2004-09-29,9.02,103850059,936727532.18,0.94,0.22,5727700.00
2004-09-30,8.89,103850059,923227024.51,0.92,-1.44,6381242.00
2004-10-01,9.31,103850059,966844049.29,0.97,4.72,11733393.00
2004-10-04,9.55,103850059,991768063.45,0.99,2.58,7275190.00
2004-10-05,10.40,103850059,1080040613.60,1.08,8.90,13300560.00
2004-10-06,10.30,103850059,1069655607.70,1.07,-0.96,8776630.00
2004-10-07,10.17,103850059,1056155100.03,1.06,-1.26,3638826.00
2004-10-08,10.00,103850059,1038500590.00,1.04,-1.67,5513000.00
2004-10-11,10.05,103850059,1043693092.95,1.04,0.50,1468305.00
2004-10-12,10.01,103850059,1039539090.59,1.04,-0.40,2664662.00
2004-10-13,10.00,103850059,1038500590.00,1.04,-0.10,4272000.00
2004-10-14,9.63,103850059,1000076068.17,1.00,-3.70,4447134.00
2004-10-15,9.60,103850059,996960566.40,1.00,-0.31,2186880.00
2004-10-18,9.76,103850059,1013576575.84,1.01,1.67,2832352.00
2004-10-19,9.78,103850059,1015653577.02,1.02,0.20,1944264.00
2004-10-20,9.79,103850059,1016692077.61,1.02,0.10,2292818.00
2004-10-21,9.97,103850059,1035385088.23,1.04,1.84,2875348.00
2004-10-22,9.67,103850059,1004230070.53,1.00,-3.01,2916472.00
2004-10-25,9.51,103850059,987614061.09,0.99,-1.65,4871973.00
2004-10-26,8.96,103850059,930496528.64,0.93,-5.78,4816000.00
2004-10-27,9.26,103850059,961651546.34,0.96,3.35,28284670.00
2004-10-28,9.69,103850059,1006307071.71,1.01,4.64,5386671.00
2004-10-29,9.37,103850059,973075052.83,0.97,-3.30,3221406.00
2004-11-01,9.43,103850059,979306056.37,0.98,0.64,2566846.00
2004-11-02,9.38,103850059,974113553.42,0.97,-0.53,5680528.00
2004-11-03,9.25,103850059,960613045.75,0.96,-1.39,4767450.00
2004-11-04,9.21,103850059,956459043.39,0.96,-0.43,3847938.00
2004-11-05,9.39,103850059,975152054.01,0.98,1.95,3105273.00
2004-11-08,9.60,103850059,996960566.40,1.00,2.24,3104640.00
2004-11-09,9.84,103850059,1021884580.56,1.02,2.50,3158640.00
2004-11-10,9.57,103850059,993845064.63,0.99,-2.74,2889183.00
2004-11-11,9.38,103850059,974113553.42,0.97,-1.99,3905832.00
2004-11-12,9.35,103850059,970998051.65,0.97,-0.32,3076150.00
2004-11-15,9.54,103850059,990729562.86,0.99,2.03,3455388.00
2004-11-16,9.78,103850059,1015653577.02,1.02,2.52,2789256.00
2004-11-17,10.32,103850059,1071732608.88,1.07,5.52,8667768.00
2004-11-18,10.25,103850059,1064463104.75,1.06,-0.68,3933950.00
2004-11-19,10.27,103850059,1066540105.93,1.07,0.20,3310021.00
2004-11-22,10.35,103850059,1074848110.65,1.07,0.78,3658725.00
2004-11-23,10.42,103850059,1082117614.78,1.08,0.68,2624798.00
2004-11-24,10.90,103850059,1131965643.10,1.13,4.61,7511190.00
2004-11-26,10.81,103850059,1122619137.79,1.12,-0.83,949118.00
2004-11-29,10.72,103850059,1113272632.48,1.11,-0.83,7037680.00
2004-11-30,10.38,103850059,1077963612.42,1.08,-3.17,9467598.00
2004-12-01,10.54,103850059,1094579621.86,1.09,1.54,3497172.00
2004-12-02,10.51,103850059,1091464120.09,1.09,-0.28,6205104.00
2004-12-03,11.80,103850059,1225430696.20,1.23,12.27,16884620.00
2004-12-06,11.92,103850059,1237892703.28,1.24,1.02,7678864.00
2004-12-07,11.47,103850059,1191160176.73,1.19,-3.78,6994406.00
2004-12-08,11.62,103850059,1206737685.58,1.21,1.31,2780666.00
2004-12-09,11.19,103850059,1162082160.21,1.16,-3.70,3981402.00
2004-12-10,11.41,103850059,1184929173.19,1.18,1.97,2561545.00
2004-12-13,11.73,103850059,1218161192.07,1.22,2.80,4139517.00
2004-12-14,11.91,103850059,1236854202.69,1.24,1.53,3294306.00
2004-12-15,11.65,103850059,1209853187.35,1.21,-2.18,8424115.00
2004-12-16,11.59,103850059,1203622183.81,1.20,-0.52,4722925.00
2004-12-17,11.80,103850059,1225430696.20,1.23,1.81,6130100.00
2004-12-20,12.25,103850059,1272163222.75,1.27,3.81,16359875.00
2004-12-21,12.92,103850059,1341742762.28,1.34,5.47,12546612.00
2004-12-22,11.90,103850059,1235815702.10,1.24,-7.89,27211730.00
2004-12-23,11.78,103850059,1223353695.02,1.22,-1.01,3797872.00
2004-12-27,11.55,103850059,1199468181.45,1.20,-1.95,7075530.00
2004-12-28,11.87,103850059,1232700200.33,1.23,2.77,4287444.00
2004-12-29,11.82,103850059,1227507697.38,1.23,-0.42,3607464.00
2004-12-30,11.93,103850059,1238931203.87,1.24,0.93,3439419.00
2004-12-31,11.80,103850059,1225430696.20,1.23,-1.09,3078620.00
2005-01-03,11.33,103850059,1176621168.47,1.18,-3.98,8190457.00
2005-01-04,10.90,103850059,1131965643.10,1.13,-3.80,9099320.00
2005-01-05,10.32,103850059,1071732608.88,1.07,-5.32,13639944.00
2005-01-06,10.08,103850059,1046808594.72,1.05,-2.33,3383856.00
2005-01-07,10.03,103850059,1041616091.77,1.04,-0.50,3473389.00
2005-01-10,10.09,103850059,1047847095.31,1.05,0.60,5283124.00
2005-01-11,9.72,103850059,1009422573.48,1.01,-3.67,4700592.00
2005-01-12,9.35,103850059,970998051.65,0.97,-3.81,5775495.00
2005-01-13,8.96,103850059,930496528.64,0.93,-4.17,14930048.00
2005-01-14,8.82,103850059,915957520.38,0.92,-1.56,9788436.00
2005-01-18,9.41,103850059,977229055.19,0.98,6.69,11556421.00
2005-01-19,9.43,103850059,979306056.37,0.98,0.21,5558985.00
2005-01-20,9.04,103850059,938804533.36,0.94,-4.14,3537352.00
2005-01-21,9.14,103850059,949189539.26,0.95,1.11,3615784.00
2005-01-24,9.08,103850059,942958535.72,0.94,-0.66,3827220.00
2005-01-25,9.00,103850059,934650531.00,0.93,-0.88,5265000.00
2005-01-26,9.17,103850059,952305041.03,0.95,1.89,4696874.00
2005-01-27,8.98,103850059,932573529.82,0.93,-2.07,5679850.00
2005-01-28,9.10,103850059,945035536.90,0.95,1.34,5331690.00
2005-01-31,9.40,103850059,976190554.60,0.98,3.30,2997660.00
2005-02-01,9.53,103850059,989691062.27,0.99,1.38,2683648.00
2005-02-02,9.85,103850059,1022923081.15,1.02,3.36,5323925.00
2005-02-03,9.98,103850059,1036423588.82,1.04,1.32,8456054.00
2005-02-04,10.07,103850059,1045770094.13,1.05,0.90,1987818.00
2005-02-07,10.26,103850059,1065501605.34,1.07,1.89,3610494.00
2005-02-08,10.44,103850059,1084194615.96,1.08,1.75,3801204.00
2005-02-09,10.31,103850059,1070694108.29,1.07,-1.25,13851485.00
2005-02-10,10.35,103850059,1074848110.65,1.07,0.39,8489070.00
2005-02-11,10.82,103850059,1123657638.38,1.12,4.54,10839476.00
2005-02-14,11.11,103850059,1153774155.49,1.15,2.68,8784677.00
2005-02-15,10.59,103850059,1099772124.81,1.10,-4.68,7135542.00
2005-02-16,11.14,103850059,1156889657.26,1.16,5.19,7593024.00
2005-02-17,10.96,103850059,1138196646.64,1.14,-1.62,6148560.00
2005-02-18,10.97,103850059,1139235147.23,1.14,0.09,3012362.00
2005-02-22,10.69,103850059,1110157130.71,1.11,-2.55,3092617.00
2005-02-23,10.75,103850059,1116388134.25,1.12,0.56,1816750.00
2005-02-24,10.82,103850059,1123657638.38,1.12,0.65,2207280.00
2005-02-25,10.90,103850059,1131965643.10,1.13,0.74,1924940.00
2005-02-28,10.76,103850059,1117426634.84,1.12,-1.28,3809040.00
2005-03-01,11.00,103850059,1142350649.00,1.14,2.23,2611400.00
2005-03-02,11.03,103850059,1145466150.77,1.15,0.27,2348287.00
2005-03-03,10.86,103850059,1127811640.74,1.13,-1.54,2710656.00
2005-03-04,11.02,103850059,1144427650.18,1.14,1.47,4424530.00
2005-03-07,10.89,103850059,1130927142.51,1.13,-1.18,2979504.00
2005-03-08,10.84,103850059,1125734639.56,1.13,-0.46,6404272.00
2005-03-09,10.75,103850059,1116388134.25,1.12,-0.83,9595450.00
2005-03-10,10.69,103850059,1110157130.71,1.11,-0.56,6222649.00
2005-03-11,10.67,103850059,1108080129.53,1.11,-0.19,3158320.00
2005-03-14,10.81,103850059,1122619137.79,1.12,1.31,2510082.00
2005-03-15,10.70,103850059,1111195631.30,1.11,-1.02,2071520.00
2005-03-16,10.51,103850059,1091464120.09,1.09,-1.78,1647968.00
2005-03-17,10.51,103850059,1091464120.09,1.09,0.00,2236528.00
2005-03-18,10.42,103850059,1082117614.78,1.08,-0.86,3330232.00
2005-03-21,10.55,103850059,1095618122.45,1.10,1.25,3208255.00
2005-03-22,10.44,103850059,1084194615.96,1.08,-1.04,1750788.00
2005-03-23,10.18,103850059,1057193600.62,1.06,-2.49,1706168.00
2005-03-24,10.26,103850059,1065501605.34,1.07,0.79,5057154.00
2005-03-28,10.26,103850059,1065501605.34,1.07,0.00,2222316.00
2005-03-29,9.80,103850059,1017730578.20,1.02,-4.48,4067980.00
2005-03-30,10.52,103850059,1092502620.68,1.09,7.35,6143680.00
2005-03-31,10.46,103850059,1086271617.14,1.09,-0.57,2214382.00
2005-04-01,10.24,103850059,1063424604.16,1.06,-2.10,4447232.00
2005-04-04,10.07,103850059,1045770094.13,1.05,-1.66,4621123.00
2005-04-05,10.08,103850059,1046808594.72,1.05,0.10,2483712.00
2005-04-06,10.06,103850059,1044731593.54,1.04,-0.20,2285632.00
2005-04-07,10.09,103850059,1047847095.31,1.05,0.30,2499293.00
2005-04-08,10.00,103850059,1038500590.00,1.04,-0.89,1505000.00
2005-04-11,10.17,103850059,1056155100.03,1.06,1.70,2964555.00
2005-04-12,10.55,103850059,1095618122.45,1.10,3.74,4201010.00
2005-04-13,10.51,103850059,1091464120.09,1.09,-0.38,3728948.00
2005-04-14,10.34,103850059,1073809610.06,1.07,-1.62,4068790.00
2005-04-15,9.77,103850059,1014615076.43,1.01,-5.51,5825851.00
2005-04-18,9.99,103850059,1037462089.41,1.04,2.25,3354642.00
2005-04-19,9.82,103850059,1019807579.38,1.02,-1.70,4057624.00
2005-04-20,9.63,103850059,1000076068.17,1.00,-1.93,2319867.00
2005-04-21,9.97,103850059,1035385088.23,1.04,3.53,2499479.00
2005-04-22,9.75,103850059,1012538075.25,1.01,-2.21,1867125.00
2005-04-25,10.00,103850059,1038500590.00,1.04,2.56,1487000.00
2005-04-26,9.58,103850059,994883565.22,0.99,-4.20,1327788.00
2005-04-27,9.44,103850059,980344556.96,0.98,-1.46,1561376.00
2005-04-28,9.30,103850059,965805548.70,0.97,-1.48,1072290.00
2005-04-29,9.01,103850059,935689031.59,0.94,-3.12,2442611.00
2005-05-02,9.26,103850059,961651546.34,0.96,2.77,4402204.00
2005-05-03,7.60,103850059,789260448.40,0.79,-17.93,27574320.00
2005-05-04,7.40,103850059,768490436.60,0.77,-2.63,9445360.00
2005-05-05,7.77,103850059,806914958.43,0.81,5.00,3545451.00
2005-05-06,7.48,103850059,776798441.32,0.78,-3.73,5302572.00
2005-05-09,7.71,103850059,800683954.89,0.80,3.07,4969866.00
2005-05-10,7.70,103850059,799645454.30,0.80,-0.13,2815890.00
2005-05-11,7.60,103850059,789260448.40,0.79,-1.30,4766720.00
2005-05-12,7.75,103850059,804837957.25,0.80,1.97,3236400.00
2005-05-13,7.63,103850059,792375950.17,0.79,-1.55,1532104.00
2005-05-16,7.65,103850059,794452951.35,0.79,0.26,3741615.00
2005-05-17,7.80,103850059,810030460.20,0.81,1.96,3293940.00
2005-05-18,7.74,103850059,803799456.66,0.80,-0.77,4260870.00
2005-05-19,7.95,103850059,825607969.05,0.83,2.71,2067795.00
2005-05-20,8.04,103850059,834954474.36,0.83,1.13,1547700.00
2005-05-23,7.91,103850059,821453966.69,0.82,-1.62,2124626.00
2005-05-24,8.04,103850059,834954474.36,0.83,1.64,2113716.00
2005-05-25,8.00,103850059,830800472.00,0.83,-0.50,1596000.00
2005-05-26,8.12,103850059,843262479.08,0.84,1.50,1499764.00
2005-05-27,8.16,103850059,847416481.44,0.85,0.49,1038768.00
2005-05-31,7.94,103850059,824569468.46,0.82,-2.70,9914678.00
2005-06-01,8.20,103850059,851570483.80,0.85,3.27,1900760.00
2005-06-02,8.10,103850059,841185477.90,0.84,-1.22,1816020.00
2005-06-03,8.20,103850059,851570483.80,0.85,1.23,3366100.00
2005-06-06,8.53,103850059,885841003.27,0.89,4.02,2481377.00
2005-06-07,8.35,103850059,867147992.65,0.87,-2.11,4788725.00
2005-06-08,8.48,103850059,880648500.32,0.88,1.56,1572192.00
2005-06-09,8.49,103850059,881687000.91,0.88,0.12,8701401.00
2005-06-10,8.43,103850059,875455997.37,0.88,-0.71,2793702.00
2005-06-13,8.17,103850059,848454982.03,0.85,-3.08,3319471.00
2005-06-14,8.38,103850059,870263494.42,0.87,2.57,1347504.00
2005-06-15,8.02,103850059,832877473.18,0.83,-4.30,4590648.00
2005-06-16,7.95,103850059,825607969.05,0.83,-0.87,2741160.00
2005-06-17,7.89,103850059,819376965.51,0.82,-0.75,5222391.00
2005-06-20,7.90,103850059,820415466.10,0.82,0.13,1936290.00
2005-06-21,7.43,103850059,771605938.37,0.77,-5.95,8498434.00
2005-06-22,7.43,103850059,771605938.37,0.77,0.00,3794501.00
2005-06-23,7.31,103850059,759143931.29,0.76,-1.62,2898415.00
2005-06-24,7.43,103850059,771605938.37,0.77,1.64,5696581.00
2005-06-27,7.28,103850059,756028429.52,0.76,-2.02,2335424.00
2005-06-28,7.63,103850059,792375950.17,0.79,4.81,1342117.00
2005-06-29,7.65,103850059,794452951.35,0.79,0.26,1275255.00
2005-06-30,7.61,103850059,790298948.99,0.79,-0.52,3610184.00
2005-07-01,7.75,103850059,804837957.25,0.80,1.84,799025.00
2005-07-05,7.84,103850059,814184462.56,0.81,1.16,3655792.00
2005-07-06,7.69,103850059,798606953.71,0.80,-1.91,1608748.00
2005-07-07,7.67,103850059,796529952.53,0.80,-0.26,1386736.00
2005-07-08,7.71,103850059,800683954.89,0.80,0.52,1170378.00
2005-07-11,7.76,103850059,805876457.84,0.81,0.65,3193240.00
2005-07-12,7.55,103850059,784067945.45,0.78,-2.71,3322000.00
2005-07-13,7.60,103850059,789260448.40,0.79,0.66,1976760.00
2005-07-14,7.83,103850059,813145961.97,0.81,3.03,2785131.00
2005-07-15,7.98,103850059,828723470.82,0.83,1.92,1145130.00
2005-07-18,7.95,103850059,825607969.05,0.83,-0.38,2402490.00
2005-07-19,8.11,103850059,842223978.49,0.84,2.01,1119991.00
2005-07-20,8.38,103850059,870263494.42,0.87,3.33,1898908.00
2005-07-21,8.21,103850059,852608984.39,0.85,-2.03,1939202.00
2005-07-22,8.01,103850059,831838972.59,0.83,-2.44,7041591.00
2005-07-25,8.00,103850059,830800472.00,0.83,-0.12,4548000.00
2005-07-26,8.00,103850059,830800472.00,0.83,0.00,1650400.00
2005-07-27,7.86,103850059,816261463.74,0.82,-1.75,2912130.00
2005-07-28,7.02,103850059,729027414.18,0.73,-10.69,16301844.00
2005-07-29,7.09,103850059,736296918.31,0.74,1.00,3181992.00
2005-08-01,7.10,103850059,737335418.90,0.74,0.14,3346940.00
2005-08-02,7.08,103850059,735258417.72,0.74,-0.28,3313440.00
2005-08-03,6.86,103850059,712411404.74,0.71,-3.11,3089058.00
2005-08-04,6.77,103850059,703064899.43,0.70,-1.31,2291645.00
2005-08-05,6.90,103850059,716565407.10,0.72,1.92,2095530.00
2005-08-08,6.93,103850059,719680908.87,0.72,0.43,4069989.00
2005-08-09,6.65,103850059,690602892.35,0.69,-4.04,1596000.00
2005-08-10,6.45,103850059,669832880.55,0.67,-3.01,4800090.00
2005-08-11,6.37,103850059,661524875.83,0.66,-1.24,3381196.00
2005-08-12,6.25,103850059,649062868.75,0.65,-1.88,1997500.00
2005-08-15,6.44,103850059,668794379.96,0.67,3.04,3464720.00
2005-08-16,6.48,103850059,672948382.32,0.67,0.62,1520856.00
2005-08-17,6.48,103850059,672948382.32,0.67,0.00,1317384.00
2005-08-18,6.50,103850059,675025383.50,0.68,0.31,651300.00
2005-08-19,6.47,103850059,671909881.73,0.67,-0.46,1454456.00
2005-08-22,6.53,103850059,678140885.27,0.68,0.93,771846.00
2005-08-23,6.51,103850059,676063884.09,0.68,-0.31,1344966.00
2005-08-24,6.52,103850059,677102384.68,0.68,0.15,1178816.00
2005-08-25,6.70,103850059,695795395.30,0.70,2.76,1855900.00
2005-08-26,6.56,103850059,681256387.04,0.68,-2.09,1941104.00
2005-08-29,7.73,103850059,802760956.07,0.80,17.84,14036907.00
2005-08-30,7.58,103850059,787183447.22,0.79,-1.94,5579638.00
2005-08-31,7.74,103850059,803799456.66,0.80,2.11,3662568.00
2005-09-01,7.95,103850059,825607969.05,0.83,2.71,2783295.00
2005-09-02,7.72,103850059,801722455.48,0.80,-2.89,2633292.00
2005-09-06,7.71,103850059,800683954.89,0.80,-0.13,2702355.00
2005-09-07,7.88,103850059,818338464.92,0.82,2.20,1431796.00
2005-09-08,7.76,103850059,805876457.84,0.81,-1.52,1530272.00
2005-09-09,7.58,103850059,787183447.22,0.79,-2.32,1409880.00
2005-09-12,7.78,103850059,807953459.02,0.81,2.64,1537328.00
2005-09-13,7.56,103850059,785106446.04,0.79,-2.83,1372140.00
2005-09-14,7.34,103850059,762259433.06,0.76,-2.91,2437614.00
2005-09-15,7.09,103850059,736296918.31,0.74,-3.41,1817876.00
2005-09-16,7.13,103850059,740450920.67,0.74,0.56,2489083.00
2005-09-19,6.73,103850059,698910897.07,0.70,-5.61,2735745.00
2005-09-20,6.82,103850059,708257402.38,0.71,1.34,1931424.00
2005-09-21,6.72,103850059,697872396.48,0.70,-1.47,1798944.00
2005-09-22,6.75,103850059,700987898.25,0.70,0.45,1695600.00
2005-09-23,6.92,103850059,718642408.28,0.72,2.52,1011704.00
2005-09-26,7.03,103850059,730065914.77,0.73,1.59,1391940.00
2005-09-27,6.72,103850059,697872396.48,0.70,-4.41,2186688.00
2005-09-28,6.66,103850059,691641392.94,0.69,-0.89,2093904.00
2005-09-29,6.90,103850059,716565407.10,0.72,3.60,1255800.00
2005-09-30,7.15,103850059,742527921.85,0.74,3.62,1464320.00
2005-10-03,7.48,103850059,776798441.32,0.78,4.62,1790712.00
2005-10-04,7.22,103850059,749797425.98,0.75,-3.48,1542192.00
2005-10-05,7.10,103850059,737335418.90,0.74,-1.66,3025310.00
2005-10-06,6.97,103850059,723834911.23,0.72,-1.83,1710438.00
2005-10-07,7.00,103850059,726950413.00,0.73,0.43,517300.00
2005-10-10,6.99,103850059,725911912.41,0.73,-0.14,973707.00
2005-10-11,6.83,103850059,709295902.97,0.71,-2.29,1804486.00
2005-10-12,6.81,103850059,707218901.79,0.71,-0.29,1438953.00
2005-10-13,6.91,103850059,717603907.69,0.72,1.47,1784853.00
2005-10-14,7.01,103850059,727988913.59,0.73,1.45,1439153.00
2005-10-17,7.14,103850059,741489421.26,0.74,1.85,1405152.00
2005-10-18,7.05,103850059,732142915.95,0.73,-1.26,1374045.00
2005-10-19,7.04,103850059,731104415.36,0.73,-0.14,1851520.00
2005-10-20,7.07,103850059,734219917.13,0.73,0.43,773458.00
2005-10-21,7.06,103850059,733181416.54,0.73,-0.14,840846.00
2005-10-24,7.30,103850059,758105430.70,0.76,3.40,934400.00
2005-10-25,7.14,103850059,741489421.26,0.74,-2.19,818958.00
2005-10-26,7.08,103850059,735258417.72,0.74,-0.84,1163952.00
2005-10-27,7.29,103850059,757066930.11,0.76,2.97,5829813.00
2005-10-28,7.70,103850059,799645454.30,0.80,5.62,3341800.00
2005-10-31,7.99,103850059,829761971.41,0.83,3.77,2806088.00
2005-11-01,8.12,103850059,843262479.08,0.84,1.63,2418948.00
2005-11-02,8.26,103850059,857801487.34,0.86,1.72,1943578.00
2005-11-03,8.67,103850059,900380011.53,0.90,4.96,3207900.00
2005-11-04,8.60,103850059,893110507.40,0.89,-0.81,3521700.00
2005-11-07,8.81,103850059,914919019.79,0.91,2.44,3019187.00
2005-11-08,8.66,103850059,899341510.94,0.90,-1.70,2938338.00
2005-11-09,8.98,103850059,932573529.82,0.93,3.70,3335172.00
2005-11-10,8.91,103850059,925304025.69,0.93,-0.78,3554199.00
2005-11-11,9.14,103850059,949189539.26,0.95,2.58,2761194.00
2005-11-14,9.20,103850059,955420542.80,0.96,0.66,2896160.00
2005-11-15,9.26,103850059,961651546.34,0.96,0.65,2279812.00
2005-11-16,9.00,103850059,934650531.00,0.93,-2.81,4861800.00
2005-11-17,9.10,103850059,945035536.90,0.95,1.11,5324410.00
2005-11-18,9.19,103850059,954382042.21,0.95,0.99,3648430.00
2005-11-21,9.66,103850059,1003191569.94,1.00,5.11,3567438.00
2005-11-22,9.83,103850059,1020846079.97,1.02,1.76,2579392.00
2005-11-23,9.80,103850059,1017730578.20,1.02,-0.31,1663060.00
2005-11-25,9.78,103850059,1015653577.02,1.02,-0.20,536922.00
2005-11-28,9.49,103850059,985537059.91,0.99,-2.97,3209518.00
2005-11-29,9.30,103850059,965805548.70,0.97,-2.00,2175270.00
2005-11-30,9.14,103850059,949189539.26,0.95,-1.72,3283088.00
2005-12-01,9.48,103850059,984498559.32,0.98,3.72,2769108.00
2005-12-02,9.70,103850059,1007345572.30,1.01,2.32,2737340.00
2005-12-05,9.52,103850059,988652561.68,0.99,-1.86,1597456.00
2005-12-06,9.44,103850059,980344556.96,0.98,-0.84,1597248.00
2005-12-07,9.39,103850059,975152054.01,0.98,-0.53,1636677.00
2005-12-08,9.23,103850059,958536044.57,0.96,-1.70,2043522.00
2005-12-09,9.41,103850059,977229055.19,0.98,1.95,1313636.00
2005-12-12,9.43,103850059,979306056.37,0.98,0.21,1573867.00
2005-12-13,9.00,103850059,934650531.00,0.93,-4.56,2142900.00
2005-12-14,8.97,103850059,931535029.23,0.93,-0.33,2516982.00
2005-12-15,8.91,103850059,925304025.69,0.93,-0.67,2241756.00
2005-12-16,8.96,103850059,930496528.64,0.93,0.56,3559808.00
2005-12-19,8.94,103850059,928419527.46,0.93,-0.22,2454924.00
2005-12-20,8.92,103850059,926342526.28,0.93,-0.22,1454852.00
2005-12-21,9.09,103850059,943997036.31,0.94,1.91,3087873.00
2005-12-22,9.29,103850059,964767048.11,0.96,2.20,1541211.00
2005-12-23,9.31,103850059,966844049.29,0.97,0.22,858382.00
2005-12-27,9.15,103850059,950228039.85,0.95,-1.72,949770.00
2005-12-28,9.50,103850059,986575560.50,0.99,3.83,2258150.00
2005-12-29,9.32,103850059,967882549.88,0.97,-1.89,2421336.00
2005-12-30,9.40,103850059,976190554.60,0.98,0.86,1938280.00
2006-01-03,9.68,103850059,1005268571.12,1.01,2.98,3167296.00
2006-01-04,10.24,103850059,1063424604.16,1.06,5.79,11388928.00
2006-01-05,10.51,103850059,1091464120.09,1.09,2.64,3967525.00
2006-01-06,10.64,103850059,1104964627.76,1.10,1.24,7507584.00
2006-01-09,10.83,103850059,1124696138.97,1.12,1.79,4010349.00
2006-01-10,10.76,103850059,1117426634.84,1.12,-0.65,6379604.00
2006-01-11,10.70,103850059,1111195631.30,1.11,-0.56,4173000.00
2006-01-12,10.40,103850059,1080040613.60,1.08,-2.80,3076320.00
2006-01-13,10.51,103850059,1091464120.09,1.09,1.06,1737303.00
2006-01-17,10.44,103850059,1084194615.96,1.08,-0.67,3142440.00
2006-01-18,10.32,103850059,1071732608.88,1.07,-1.15,1665648.00
2006-01-19,10.60,103850059,1100810625.40,1.10,2.71,5024400.00
2006-01-20,10.19,103850059,1058232101.21,1.06,-3.87,4559006.00
2006-01-23,10.24,103850059,1063424604.16,1.06,0.49,5399552.00
2006-01-24,10.50,103850059,1090425619.50,1.09,2.54,8562750.00
2006-01-25,10.36,103850059,1075886611.24,1.08,-1.33,2509192.00
2006-01-26,10.54,103850059,1094579621.86,1.09,1.74,5335348.00
2006-01-27,10.74,103850059,1115349633.66,1.12,1.90,2149074.00
2006-01-30,10.61,103850059,1101849125.99,1.10,-1.21,1009011.00
2006-01-31,10.40,103850059,1080040613.60,1.08,-1.98,5096000.00
2006-02-01,10.40,103850059,1080040613.60,1.08,0.00,3262480.00
2006-02-02,10.19,103850059,1058232101.21,1.06,-2.02,3642925.00
2006-02-03,10.00,103850059,1038500590.00,1.04,-1.86,2561000.00
2006-02-06,10.04,103850059,1042654592.36,1.04,0.40,2217836.00
2006-02-07,10.08,103850059,1046808594.72,1.05,0.40,3005856.00
2006-02-08,10.63,103850059,1103926127.17,1.10,5.46,6460914.00
2006-02-09,12.50,103850059,1298125737.50,1.30,17.59,41015000.00
2006-02-10,12.15,103850059,1261778216.85,1.26,-2.80,13405095.00
2006-02-13,12.17,103850059,1263855218.03,1.26,0.16,4051393.00
2006-02-14,12.97,103850059,1346935265.23,1.35,6.57,9154226.00
2006-02-15,13.04,103850059,1354204769.36,1.35,0.54,5510704.00
2006-02-16,13.35,103850059,1386398287.65,1.39,2.38,4139835.00
2006-02-17,13.13,103850059,1363551274.67,1.36,-1.65,3991520.00
2006-02-21,12.50,103850059,1298125737.50,1.30,-4.80,5071250.00
2006-02-22,12.74,103850059,1323049751.66,1.32,1.92,3852576.00
2006-02-23,12.83,103850059,1332396256.97,1.33,0.71,2703281.00
2006-02-24,13.00,103850059,1350050767.00,1.35,1.33,4292600.00
2006-02-27,12.89,103850059,1338627260.51,1.34,-0.85,2231259.00
2006-02-28,12.91,103850059,1340704261.69,1.34,0.16,2779523.00
2006-03-01,13.25,103850059,1376013281.75,1.38,2.63,3621225.00
2006-03-02,12.99,103850059,1349012266.41,1.35,-1.96,3951558.00
2006-03-03,13.17,103850059,1367705277.03,1.37,1.39,2972469.00
2006-03-06,12.79,103850059,1328242254.61,1.33,-2.89,2898214.00
2006-03-07,12.23,103850059,1270086221.57,1.27,-4.38,3272748.00
2006-03-08,12.02,103850059,1248277709.18,1.25,-1.72,3727402.00
2006-03-09,12.15,103850059,1261778216.85,1.26,1.08,4271940.00
2006-03-10,12.48,103850059,1296048736.32,1.30,2.72,7182240.00
2006-03-13,12.69,103850059,1317857248.71,1.32,1.68,5130567.00
2006-03-14,12.83,103850059,1332396256.97,1.33,1.10,1947594.00
2006-03-15,12.94,103850059,1343819763.46,1.34,0.86,3566264.00
2006-03-16,13.09,103850059,1359397272.31,1.36,1.16,2878491.00
2006-03-17,12.73,103850059,1322011251.07,1.32,-2.75,6207148.00
2006-03-20,12.55,103850059,1303318240.45,1.30,-1.41,1915130.00
2006-03-21,12.03,103850059,1249316209.77,1.25,-4.14,3977118.00
2006-03-22,12.80,103850059,1329280755.20,1.33,6.40,2790400.00
2006-03-23,13.29,103850059,1380167284.11,1.38,3.83,3769044.00
2006-03-24,13.75,103850059,1427938311.25,1.43,3.46,3902250.00
2006-03-27,13.82,103850059,1435207815.38,1.44,0.51,3636042.00
2006-03-28,13.40,103850059,1391590790.60,1.39,-3.04,3489360.00
2006-03-29,13.72,103850059,1424822809.48,1.42,2.39,3207736.00
2006-03-30,13.59,103850059,1411322301.81,1.41,-0.95,2393199.00
2006-03-31,14.49,103850059,1504787354.91,1.50,6.62,10440045.00
2006-04-03,15.29,103850059,1587867402.11,1.59,5.52,10404845.00
2006-04-04,15.19,103850059,1577482396.21,1.58,-0.65,7625380.00
2006-04-05,15.11,103850059,1569174391.49,1.57,-0.53,5081493.00
2006-04-06,14.99,103850059,1556712384.41,1.56,-0.79,2354929.00
2006-04-07,14.56,103850059,1512056859.04,1.51,-2.87,3692416.00
2006-04-10,13.99,103850059,1452862325.41,1.45,-3.91,6498355.00
2006-04-11,14.06,103850059,1460131829.54,1.46,0.50,3370182.00
2006-04-12,15.05,103850059,1562943387.95,1.56,7.04,5532380.00
2006-04-13,14.92,103850059,1549442880.28,1.55,-0.86,5151876.00
2006-04-17,15.10,103850059,1568135890.90,1.57,1.21,3820300.00
2006-04-18,15.10,103850059,1568135890.90,1.57,0.00,4172130.00
2006-04-19,15.22,103850059,1580597897.98,1.58,0.79,3372752.00
2006-04-20,15.00,103850059,1557750885.00,1.56,-1.45,3949500.00
2006-04-21,14.92,103850059,1549442880.28,1.55,-0.53,7838968.00
2006-04-24,15.75,103850059,1635638429.25,1.64,5.56,20271825.00
2006-04-25,15.94,103850059,1655369940.46,1.66,1.21,17473428.00
2006-04-26,15.49,103850059,1608637413.91,1.61,-2.82,16382224.00
2006-04-27,15.81,103850059,1641869432.79,1.64,2.07,15038472.00
2006-04-28,16.26,103850059,1688601959.34,1.69,2.85,10783632.00
2006-05-01,16.16,103850059,1678216953.44,1.68,-0.62,8050912.00
2006-05-02,16.54,103850059,1717679975.86,1.72,2.35,6773130.00
2006-05-03,16.68,103850059,1732218984.12,1.73,0.85,4193352.00
2006-05-04,16.82,103850059,1746757992.38,1.75,0.84,4775198.00
2006-05-05,16.52,103850059,1715602974.68,1.72,-1.78,7528164.00
2006-05-08,17.46,103850059,1813222030.14,1.81,5.69,16099866.00
2006-05-09,17.25,103850059,1791413517.75,1.79,-1.20,8606025.00
2006-05-10,16.80,103850059,1744680991.20,1.74,-2.61,11346720.00
2006-05-11,16.42,103850059,1705217968.78,1.71,-2.26,9948878.00
2006-05-12,15.55,103850059,1614868417.45,1.61,-5.30,9098305.00
2006-05-15,15.38,103850059,1597213907.42,1.60,-1.09,5258422.00
2006-05-16,15.94,103850059,1655369940.46,1.66,3.64,5630008.00
2006-05-17,15.60,103850059,1620060920.40,1.62,-2.13,4850040.00
2006-05-18,14.68,103850059,1524518866.12,1.52,-5.90,6120092.00
2006-05-19,14.76,103850059,1532826870.84,1.53,0.54,6091452.00
2006-05-22,15.10,103850059,1568135890.90,1.57,2.30,7876160.00
2006-05-23,14.44,103850059,1499594851.96,1.50,-4.37,6261184.00
2006-05-24,14.60,103850059,1516210861.40,1.52,1.11,5755320.00
2006-05-25,14.63,103850059,1519326363.17,1.52,0.21,4242700.00
2006-05-26,14.56,103850059,1512056859.04,1.51,-0.48,6019104.00
2006-05-30,14.45,103850059,1500633352.55,1.50,-0.76,6519840.00
2006-05-31,14.61,103850059,1517249361.99,1.52,1.11,12659565.00
2006-06-01,15.08,103850059,1566058889.72,1.57,3.22,6413524.00
2006-06-02,14.92,103850059,1549442880.28,1.55,-1.06,4014972.00
2006-06-05,14.02,103850059,1455977827.18,1.46,-6.03,7110944.00
2006-06-06,13.92,103850059,1445592821.28,1.45,-0.71,8537136.00
2006-06-07,13.97,103850059,1450785324.23,1.45,0.36,5849239.00
2006-06-08,13.56,103850059,1408206800.04,1.41,-2.93,14442756.00
2006-06-09,13.32,103850059,1383282785.88,1.38,-1.77,8984340.00
2006-06-12,12.83,103850059,1332396256.97,1.33,-3.68,5280828.00
2006-06-13,12.56,103850059,1304356741.04,1.30,-2.10,5356840.00
2006-06-14,12.67,103850059,1315780247.53,1.32,0.88,3513391.00
2006-06-15,13.77,103850059,1430015312.43,1.43,8.68,4681800.00
2006-06-16,13.29,103850059,1380167284.11,1.38,-3.49,10122993.00
2006-06-19,12.93,103850059,1342781262.87,1.34,-2.71,2376534.00
2006-06-20,13.10,103850059,1360435772.90,1.36,1.31,2020020.00
2006-06-21,13.20,103850059,1370820778.80,1.37,0.76,4623960.00
2006-06-22,13.55,103850059,1407168299.45,1.41,2.65,3994540.00
2006-06-23,13.67,103850059,1419630306.53,1.42,0.89,2587731.00
2006-06-26,13.88,103850059,1441438818.92,1.44,1.54,4213968.00
2006-06-27,13.21,103850059,1371859279.39,1.37,-4.83,4989417.00
2006-06-28,13.07,103850059,1357320271.13,1.36,-1.06,6694454.00
2006-06-29,13.91,103850059,1444554320.69,1.44,6.43,10751039.00
2006-06-30,14.47,103850059,1502710353.73,1.50,4.03,13565625.00
2006-07-03,14.67,103850059,1523480365.53,1.52,1.38,2680209.00
2006-07-05,14.01,103850059,1454939326.59,1.45,-4.50,2886060.00
2006-07-06,14.20,103850059,1474670837.80,1.47,1.36,2892540.00
2006-07-07,13.79,103850059,1432092313.61,1.43,-2.89,3008978.00
2006-07-10,13.78,103850059,1431053813.02,1.43,-0.07,2597530.00
2006-07-11,12.42,103850059,1289817732.78,1.29,-9.87,11200356.00
2006-07-12,12.16,103850059,1262816717.44,1.26,-2.09,4012800.00
2006-07-13,12.19,103850059,1265932219.21,1.27,0.25,5514756.00
2006-07-14,12.06,103850059,1252431711.54,1.25,-1.07,3979800.00
2006-07-17,11.98,103850059,1244123706.82,1.24,-0.66,3074068.00
2006-07-18,12.00,103850059,1246200708.00,1.25,0.17,2275200.00
2006-07-19,12.46,103850059,1293971735.14,1.29,3.83,6060544.00
2006-07-20,12.29,103850059,1276317225.11,1.28,-1.36,3163446.00
2006-07-21,11.86,103850059,1231661699.74,1.23,-3.50,3294708.00
2006-07-24,12.09,103850059,1255547213.31,1.26,1.94,6133257.00
2006-07-25,11.94,103850059,1239969704.46,1.24,-1.24,4478694.00
2006-07-26,11.78,103850059,1223353695.02,1.22,-1.34,9061176.00
2006-07-27,10.00,103850059,1038500590.00,1.04,-15.11,52252000.00
2006-07-28,10.72,103850059,1113272632.48,1.11,7.20,14484864.00
2006-07-31,11.04,103850059,1146504651.36,1.15,2.99,6106224.00
2006-08-01,10.58,103850059,1098733624.22,1.10,-4.17,4311350.00
2006-08-02,10.71,103850059,1112234131.89,1.11,1.23,3868452.00
2006-08-03,11.52,103850059,1196352679.68,1.20,7.56,14711040.00
2006-08-04,12.11,103850059,1257624214.49,1.26,5.12,10941385.00
2006-08-07,11.21,103850059,1164159161.39,1.16,-7.43,5519804.00
2006-08-08,10.77,103850059,1118465135.43,1.12,-3.93,3751191.00
2006-08-09,10.56,103850059,1096656623.04,1.10,-1.95,2882880.00
2006-08-10,10.90,103850059,1131965643.10,1.13,3.22,4685910.00
2006-08-11,10.72,103850059,1113272632.48,1.11,-1.65,2073248.00
2006-08-14,10.70,103850059,1111195631.30,1.11,-0.19,2276960.00
2006-08-15,11.25,103850059,1168313163.75,1.17,5.14,2439000.00
2006-08-16,11.79,103850059,1224392195.61,1.22,4.80,2038491.00
2006-08-17,12.33,103850059,1280471227.47,1.28,4.58,4086162.00
2006-08-18,12.19,103850059,1265932219.21,1.27,-1.14,2477008.00
2006-08-21,12.12,103850059,1258662715.08,1.26,-0.57,1458036.00
2006-08-22,12.06,103850059,1252431711.54,1.25,-0.50,1940454.00
2006-08-23,11.99,103850059,1245162207.41,1.25,-0.58,2362030.00
2006-08-24,12.07,103850059,1253470212.13,1.25,0.67,1980687.00
2006-08-25,12.18,103850059,1264893718.62,1.26,0.91,1409226.00
2006-08-28,12.13,103850059,1259701215.67,1.26,-0.41,1969912.00
2006-08-29,12.25,103850059,1272163222.75,1.27,0.99,6547625.00
2006-08-30,12.89,103850059,1338627260.51,1.34,5.22,6325123.00
2006-08-31,12.86,103850059,1335511758.74,1.34,-0.23,3930016.00
2006-09-01,12.89,103850059,1338627260.51,1.34,0.23,1857449.00
2006-09-05,12.97,103850059,1346935265.23,1.35,0.62,1951985.00
2006-09-06,13.00,103850059,1350050767.00,1.35,0.23,8187400.00
2006-09-07,13.02,103850059,1352127768.18,1.35,0.15,5218416.00
2006-09-08,13.11,103850059,1361474273.49,1.36,0.69,3100515.00
2006-09-11,13.52,103850059,1404052797.68,1.40,3.13,6056960.00
2006-09-12,14.09,103850059,1463247331.31,1.46,4.22,4159368.00
2006-09-13,14.14,103850059,1468439834.26,1.47,0.35,4997076.00
2006-09-14,14.24,103850059,1478824840.16,1.48,0.71,4640816.00
2006-09-15,13.59,103850059,1411322301.81,1.41,-4.56,10833948.00
2006-09-18,13.25,103850059,1376013281.75,1.38,-2.50,5447075.00
2006-09-19,13.06,103850059,1356281770.54,1.36,-1.43,6710228.00
2006-09-20,13.65,103850059,1417553305.35,1.42,4.52,4347525.00
2006-09-21,13.26,103850059,1377051782.34,1.38,-2.86,13672386.00
2006-09-22,13.02,103850059,1352127768.18,1.35,-1.81,2002476.00
2006-09-25,13.44,103850059,1395744792.96,1.40,3.23,3460800.00
2006-09-26,11.07,103850059,1149620153.13,1.15,-17.63,20771748.00
2006-09-27,11.77,103850059,1222315194.43,1.22,6.32,11901824.00
2006-09-28,11.94,103850059,1239969704.46,1.24,1.44,5584338.00
2006-09-29,11.70,103850059,1215045690.30,1.22,-2.01,3952260.00
2006-10-02,11.87,103850059,1232700200.33,1.23,1.45,9401040.00
2006-10-03,11.56,103850059,1200506682.04,1.20,-2.61,3881848.00
2006-10-04,11.98,103850059,1244123706.82,1.24,3.63,3173502.00
2006-10-05,12.24,103850059,1271124722.16,1.27,2.17,2276640.00
2006-10-06,12.26,103850059,1273201723.34,1.27,0.16,3280776.00
2006-10-09,12.45,103850059,1292933234.55,1.29,1.55,2801250.00
2006-10-10,12.31,103850059,1278394226.29,1.28,-1.12,2646650.00
2006-10-11,12.30,103850059,1277355725.70,1.28,-0.08,2712150.00
2006-10-12,12.40,103850059,1287740731.60,1.29,0.81,3775800.00
2006-10-13,12.33,103850059,1280471227.47,1.28,-0.56,3961629.00
2006-10-16,12.30,103850059,1277355725.70,1.28,-0.24,6719490.00
2006-10-17,12.20,103850059,1266970719.80,1.27,-0.81,7036960.00
2006-10-18,12.09,103850059,1255547213.31,1.26,-0.90,2960841.00
2006-10-19,12.34,103850059,1281509728.06,1.28,2.07,3866122.00
2006-10-20,12.40,103850059,1287740731.60,1.29,0.49,2404360.00
2006-10-23,12.26,103850059,1273201723.34,1.27,-1.13,1957922.00
2006-10-24,12.66,103850059,1314741746.94,1.31,3.26,4744968.00
2006-10-25,12.84,103850059,1333434757.56,1.33,1.42,3125256.00
2006-10-26,13.25,103850059,1376013281.75,1.38,3.19,3562925.00
2006-10-27,12.90,103850059,1339665761.10,1.34,-2.64,4533060.00
2006-10-30,12.40,103850059,1287740731.60,1.29,-3.88,3587320.00
2006-10-31,12.15,103850059,1261778216.85,1.26,-2.02,4828410.00
2006-11-01,11.71,103850059,1216084190.89,1.22,-3.62,5569276.00
2006-11-02,11.71,103850059,1216084190.89,1.22,0.00,11558941.00
2006-11-03,11.64,103850059,1208814686.76,1.21,-0.60,3107880.00
2006-11-06,11.53,103850059,1197391180.27,1.20,-0.95,5617416.00
2006-11-07,11.41,103850059,1184929173.19,1.18,-1.04,5613720.00
2006-11-08,11.86,103850059,1231661699.74,1.23,3.94,6800524.00
2006-11-09,11.98,103850059,1244123706.82,1.24,1.01,6850164.00
2006-11-10,11.95,103850059,1241008205.05,1.24,-0.25,3201405.00
2006-11-13,12.25,103850059,1272163222.75,1.27,2.51,5048225.00
2006-11-14,12.42,103850059,1289817732.78,1.29,1.39,4486104.00
2006-11-15,12.64,103850059,1312664745.76,1.31,1.77,5602048.00
2006-11-16,12.40,103850059,1287740731.60,1.29,-1.90,5577520.00
2006-11-17,12.08,103850059,1254508712.72,1.25,-2.58,2975304.00
2006-11-20,12.20,103850059,1266970719.80,1.27,0.99,2338740.00
2006-11-21,12.72,103850059,1320972750.48,1.32,4.26,9008304.00
2006-11-22,12.94,103850059,1343819763.46,1.34,1.73,3092660.00
2006-11-24,12.74,103850059,1323049751.66,1.32,-1.55,954226.00
2006-11-27,12.35,103850059,1282548228.65,1.28,-3.06,5676060.00
2006-11-28,12.17,103850059,1263855218.03,1.26,-1.46,5629842.00
2006-11-29,12.60,103850059,1308510743.40,1.31,3.53,2409120.00
2006-11-30,12.54,103850059,1302279739.86,1.30,-0.48,6249936.00
2006-12-01,12.61,103850059,1309549243.99,1.31,0.56,3970889.00
2006-12-04,13.27,103850059,1378090282.93,1.38,5.23,5477856.00
2006-12-05,12.97,103850059,1346935265.23,1.35,-2.26,7151658.00
2006-12-06,12.78,103850059,1327203754.02,1.33,-1.46,3515778.00
2006-12-07,12.75,103850059,1324088252.25,1.32,-0.23,2674950.00
2006-12-08,12.01,103850059,1247239208.59,1.25,-5.80,17738770.00
2006-12-11,11.81,103850059,1226469196.79,1.23,-1.67,7704844.00
2006-12-12,11.68,103850059,1212968689.12,1.21,-1.10,6817616.00
2006-12-13,11.62,103850059,1206737685.58,1.21,-0.51,5638024.00
2006-12-14,11.75,103850059,1220238193.25,1.22,1.12,8985225.00
2006-12-15,11.74,103850059,1219199692.66,1.22,-0.09,5891132.00
2006-12-18,11.63,103850059,1207776186.17,1.21,-0.94,7286195.00
2006-12-19,11.58,103850059,1202583683.22,1.20,-0.43,3294510.00
2006-12-20,11.60,103850059,1204660684.40,1.20,0.17,3455640.00
2006-12-21,11.51,103850059,1195314179.09,1.20,-0.78,2877500.00
2006-12-22,11.35,103850059,1178698169.65,1.18,-1.39,3117845.00
2006-12-26,11.34,103850059,1177659669.06,1.18,-0.09,2219238.00
2006-12-27,11.48,103850059,1192198677.32,1.19,1.23,2860816.00
2006-12-28,11.37,103850059,1180775170.83,1.18,-0.96,1989750.00
2006-12-29,11.33,103850059,1176621168.47,1.18,-0.35,2587772.00
2007-01-03,11.30,103850059,1173505666.70,1.17,-0.26,7530320.00
2007-01-04,11.29,103850059,1172467166.11,1.17,-0.09,4858087.00
2007-01-05,10.94,103850059,1136119645.46,1.14,-3.10,4204242.00
2007-01-08,10.51,103850059,1091464120.09,1.09,-3.93,8832604.00
2007-01-09,10.41,103850059,1081079114.19,1.08,-0.95,5809821.00
2007-01-10,10.51,103850059,1091464120.09,1.09,0.96,5570300.00
2007-01-11,10.43,103850059,1083156115.37,1.08,-0.76,3602522.00
2007-01-12,10.73,103850059,1114311133.07,1.11,2.88,5665440.00
2007-01-16,10.51,103850059,1091464120.09,1.09,-2.05,2877638.00
2007-01-17,10.38,103850059,1077963612.42,1.08,-1.24,2632368.00
2007-01-18,10.08,103850059,1046808594.72,1.05,-2.89,2987712.00
2007-01-19,10.26,103850059,1065501605.34,1.07,1.79,3002076.00
2007-01-22,10.09,103850059,1047847095.31,1.05,-1.66,3461879.00
2007-01-23,10.18,103850059,1057193600.62,1.06,0.89,3047892.00
2007-01-24,10.43,103850059,1083156115.37,1.08,2.46,3008012.00
2007-01-25,10.42,103850059,1082117614.78,1.08,-0.10,5490298.00
2007-01-26,10.52,103850059,1092502620.68,1.09,0.96,2888792.00
2007-01-29,10.46,103850059,1086271617.14,1.09,-0.57,1995768.00
2007-01-30,10.67,103850059,1108080129.53,1.11,2.01,4497405.00
2007-01-31,10.71,103850059,1112234131.89,1.11,0.37,4984434.00
2007-02-01,10.74,103850059,1115349633.66,1.12,0.28,2834286.00
2007-02-02,10.62,103850059,1102887626.58,1.10,-1.12,2766510.00
2007-02-05,10.83,103850059,1124696138.97,1.12,1.98,3639963.00
2007-02-06,10.85,103850059,1126773140.15,1.13,0.18,2517200.00
2007-02-07,11.09,103850059,1151697154.31,1.15,2.21,2062740.00
2007-02-08,11.22,103850059,1165197661.98,1.17,1.17,3741870.00
2007-02-09,11.01,103850059,1143389149.59,1.14,-1.87,5170296.00
2007-02-12,11.35,103850059,1178698169.65,1.18,3.09,4293705.00
2007-02-13,11.81,103850059,1226469196.79,1.23,4.05,6724614.00
2007-02-14,11.76,103850059,1221276693.84,1.22,-0.42,4634616.00
2007-02-15,11.68,103850059,1212968689.12,1.21,-0.68,4909104.00
2007-02-16,11.25,103850059,1168313163.75,1.17,-3.68,26820000.00
2007-02-20,11.09,103850059,1151697154.31,1.15,-1.42,6482105.00
2007-02-21,11.12,103850059,1154812656.08,1.15,0.27,4955072.00
2007-02-22,11.04,103850059,1146504651.36,1.15,-0.72,5274912.00
2007-02-23,11.43,103850059,1187006174.37,1.19,3.53,11716893.00
2007-02-26,11.41,103850059,1184929173.19,1.18,-0.17,7669802.00
2007-02-27,11.34,103850059,1177659669.06,1.18,-0.61,8642214.00
2007-02-28,11.34,103850059,1177659669.06,1.18,0.00,7350588.00
2007-03-01,11.23,103850059,1166236162.57,1.17,-0.97,6945755.00
2007-03-02,10.83,103850059,1124696138.97,1.12,-3.56,6520743.00
2007-03-05,10.68,103850059,1109118630.12,1.11,-1.39,5282328.00
2007-03-06,10.58,103850059,1098733624.22,1.10,-0.94,7282214.00
2007-03-07,10.03,103850059,1041616091.77,1.04,-5.20,13100183.00
2007-03-08,9.86,103850059,1023961581.74,1.02,-1.69,11763966.00
2007-03-09,9.89,103850059,1027077083.51,1.03,0.30,4091493.00
2007-03-12,10.01,103850059,1039539090.59,1.04,1.21,3437434.00
2007-03-13,9.83,103850059,1020846079.97,1.02,-1.80,6593964.00
2007-03-14,9.95,103850059,1033308087.05,1.03,1.22,4990920.00
2007-03-15,9.90,103850059,1028115584.10,1.03,-0.50,4534200.00
2007-03-16,9.95,103850059,1033308087.05,1.03,0.51,8827640.00
2007-03-19,9.71,103850059,1008384072.89,1.01,-2.41,4530686.00
2007-03-20,9.86,103850059,1023961581.74,1.02,1.54,3732996.00
2007-03-21,10.11,103850059,1049924096.49,1.05,2.54,2834844.00
2007-03-22,10.01,103850059,1039539090.59,1.04,-0.99,6151145.00
2007-03-23,9.99,103850059,1037462089.41,1.04,-0.20,3677319.00
2007-03-26,9.72,103850059,1009422573.48,1.01,-2.70,2680776.00
2007-03-27,9.68,103850059,1005268571.12,1.01,-0.41,3036616.00
2007-03-28,9.49,103850059,985537059.91,0.99,-1.96,2634424.00
2007-03-29,9.43,103850059,979306056.37,0.98,-0.63,3128874.00
2007-03-30,9.54,103850059,990729562.86,0.99,1.17,3992490.00
2007-04-02,9.44,103850059,980344556.96,0.98,-1.05,2387376.00
2007-04-03,9.61,103850059,997999066.99,1.00,1.80,3708499.00
2007-04-04,9.62,103850059,999037567.58,1.00,0.10,2954302.00
2007-04-05,9.51,103850059,987614061.09,0.99,-1.14,3195360.00
2007-04-09,9.82,103850059,1019807579.38,1.02,3.26,6607878.00
2007-04-10,9.79,103850059,1016692077.61,1.02,-0.31,3627195.00
2007-04-11,9.72,103850059,1009422573.48,1.01,-0.72,3200796.00
2007-04-12,10.14,103850059,1053039598.26,1.05,4.32,6376032.00
2007-04-13,10.15,103850059,1054078098.85,1.05,0.10,3095750.00
2007-04-16,10.50,103850059,1090425619.50,1.09,3.45,3899700.00
2007-04-17,10.64,103850059,1104964627.76,1.10,1.33,4666704.00
2007-04-18,10.08,103850059,1046808594.72,1.05,-5.26,5902848.00
2007-04-19,9.90,103850059,1028115584.10,1.03,-1.79,3267990.00
2007-04-20,10.00,103850059,1038500590.00,1.04,1.01,2463000.00
2007-04-23,9.71,103850059,1008384072.89,1.01,-2.90,6531917.00
2007-04-24,9.55,103850059,991768063.45,0.99,-1.65,4436930.00
2007-04-25,9.82,103850059,1019807579.38,1.02,2.83,4998380.00
2007-04-26,9.67,103850059,1004230070.53,1.00,-1.53,4204516.00
2007-04-27,9.45,103850059,981383057.55,0.98,-2.28,2399355.00
2007-04-30,9.18,103850059,953343541.62,0.95,-2.86,4437612.00
2007-05-01,9.18,103850059,953343541.62,0.95,0.00,5922018.00
2007-05-02,11.85,103850059,1230623199.15,1.23,29.08,47870445.00
2007-05-03,11.48,103850059,1192198677.32,1.19,-3.12,11733708.00
2007-05-04,11.54,103850059,1198429680.86,1.20,0.52,6470478.00
2007-05-07,11.31,103850059,1174544167.29,1.17,-1.99,8121711.00
2007-05-08,11.13,103850059,1155851156.67,1.16,-1.59,7508298.00
2007-05-09,11.20,103850059,1163120660.80,1.16,0.63,5773600.00
2007-05-10,11.06,103850059,1148581652.54,1.15,-1.25,7179046.00
2007-05-11,11.27,103850059,1170390164.93,1.17,1.90,5748827.00
2007-05-14,11.17,103850059,1160005159.03,1.16,-0.89,5915632.00
2007-05-15,10.80,103850059,1121580637.20,1.12,-3.31,11401560.00
2007-05-16,10.68,103850059,1109118630.12,1.11,-1.11,6583152.00
2007-05-17,10.55,103850059,1095618122.45,1.10,-1.22,6196015.00
2007-05-18,10.92,103850059,1134042644.28,1.13,3.51,6978972.00
2007-05-21,10.85,103850059,1126773140.15,1.13,-0.64,3239810.00
2007-05-22,11.07,103850059,1149620153.13,1.15,2.03,3880035.00
2007-05-23,10.80,103850059,1121580637.20,1.12,-2.44,3822120.00
2007-05-24,10.60,103850059,1100810625.40,1.10,-1.85,4033300.00
2007-05-25,10.79,103850059,1120542136.61,1.12,1.79,4868448.00
2007-05-29,10.91,103850059,1133004143.69,1.13,1.11,9322595.00
2007-05-30,10.86,103850059,1127811640.74,1.13,-0.46,7794222.00
2007-05-31,11.06,103850059,1148581652.54,1.15,1.84,8229746.00
2007-06-01,11.00,103850059,1142350649.00,1.14,-0.54,15532000.00
2007-06-04,12.00,103850059,1246200708.00,1.25,9.09,16833600.00
2007-06-05,11.67,103850059,1211930188.53,1.21,-2.75,7290249.00
2007-06-06,11.42,103850059,1185967673.78,1.19,-2.14,9464896.00
2007-06-07,11.21,103850059,1164159161.39,1.16,-1.84,8537536.00
2007-06-08,11.45,103850059,1189083175.55,1.19,2.14,4869685.00
2007-06-11,11.39,103850059,1182852172.01,1.18,-0.52,5969499.00
2007-06-12,11.15,103850059,1157928157.85,1.16,-2.11,4268220.00
2007-06-13,11.83,103850059,1228546197.97,1.23,6.10,18222932.00
2007-06-14,11.80,103850059,1225430696.20,1.23,-0.25,11184040.00
2007-06-15,12.10,103850059,1256585713.90,1.26,2.54,7815390.00
2007-06-18,12.14,103850059,1260739716.26,1.26,0.33,5970452.00
2007-06-19,13.11,103850059,1361474273.49,1.36,7.99,26610678.00
2007-06-20,12.87,103850059,1336550259.33,1.34,-1.83,66810744.00
2007-06-21,13.10,103850059,1360435772.90,1.36,1.79,15354510.00
2007-06-22,13.14,103850059,1364589775.26,1.36,0.31,15451326.00
2007-06-25,13.27,103850059,1378090282.93,1.38,0.99,13857861.00
2007-06-26,13.34,103850059,1385359787.06,1.39,0.53,7631814.00
2007-06-27,13.37,103850059,1388475288.83,1.39,0.22,7122199.00
2007-06-28,13.18,103850059,1368743777.62,1.37,-1.42,6235458.00
2007-06-29,13.00,103850059,1350050767.00,1.35,-1.37,7196800.00
2007-07-02,13.00,103850059,1350050767.00,1.35,0.00,7025200.00
2007-07-03,13.07,103850059,1357320271.13,1.36,0.54,6946705.00
2007-07-05,12.70,103850059,1318895749.30,1.32,-2.83,7825740.00
2007-07-06,12.86,103850059,1335511758.74,1.34,1.26,6217810.00
2007-07-09,13.00,103850059,1350050767.00,1.35,1.09,4726800.00
2007-07-10,12.78,103850059,1327203754.02,1.33,-1.69,5763780.00
2007-07-11,12.91,103850059,1340704261.69,1.34,1.02,4093761.00
2007-07-12,13.17,103850059,1367705277.03,1.37,2.01,9282216.00
2007-07-13,13.25,103850059,1376013281.75,1.38,0.61,3594725.00
2007-07-16,13.61,103850059,1413399302.99,1.41,2.72,8801587.00
2007-07-17,14.11,103850059,1465324332.49,1.47,3.67,14221469.00
2007-07-18,14.05,103850059,1459093328.95,1.46,-0.43,8918940.00
2007-07-19,14.15,103850059,1469478334.85,1.47,0.71,5154845.00
2007-07-20,14.04,103850059,1458054828.36,1.46,-0.78,9329580.00
2007-07-23,14.02,103850059,1455977827.18,1.46,-0.14,6006168.00
2007-07-24,13.80,103850059,1433130814.20,1.43,-1.57,8783700.00
2007-07-25,13.94,103850059,1447669822.46,1.45,1.01,9061000.00
2007-07-26,13.20,103850059,1370820778.80,1.37,-5.31,14622960.00
2007-07-27,12.49,103850059,1297087236.91,1.30,-5.38,8079781.00
2007-07-30,12.78,103850059,1327203754.02,1.33,2.32,6657102.00
2007-07-31,13.04,103850059,1354204769.36,1.35,2.03,16354768.00
2007-08-01,10.62,103850059,1102887626.58,1.10,-18.56,50721120.00
2007-08-02,10.55,103850059,1095618122.45,1.10,-0.66,19793910.00
2007-08-03,10.05,103850059,1043693092.95,1.04,-4.74,10198740.00
2007-08-06,10.06,103850059,1044731593.54,1.04,0.10,9160636.00
2007-08-07,10.02,103850059,1040577591.18,1.04,-0.40,8047062.00
2007-08-08,11.00,103850059,1142350649.00,1.14,9.78,18923300.00
2007-08-09,10.96,103850059,1138196646.64,1.14,-0.36,11569376.00
2007-08-10,11.06,103850059,1148581652.54,1.15,0.91,9078048.00
2007-08-13,10.70,103850059,1111195631.30,1.11,-3.25,3811340.00
2007-08-14,10.17,103850059,1056155100.03,1.06,-4.95,2992014.00
2007-08-15,10.06,103850059,1044731593.54,1.04,-1.08,2448604.00
2007-08-16,10.45,103850059,1085233116.55,1.09,3.88,4768335.00
2007-08-17,10.71,103850059,1112234131.89,1.11,2.49,4450005.00
2007-08-20,10.80,103850059,1121580637.20,1.12,0.84,2881440.00
2007-08-21,10.99,103850059,1141312148.41,1.14,1.76,2461760.00
2007-08-22,11.25,103850059,1168313163.75,1.17,2.37,2556000.00
2007-08-23,11.25,103850059,1168313163.75,1.17,0.00,3351375.00
2007-08-24,11.37,103850059,1180775170.83,1.18,1.07,2355864.00
2007-08-27,11.25,103850059,1168313163.75,1.17,-1.06,8024625.00
2007-08-28,10.70,103850059,1111195631.30,1.11,-4.89,4703720.00
2007-08-29,11.67,103850059,1211930188.53,1.21,9.07,10046703.00
2007-08-30,11.31,103850059,1174544167.29,1.17,-3.08,7346976.00
2007-08-31,11.68,103850059,1212968689.12,1.21,3.27,2734288.00
2007-09-04,11.69,103850059,1214007189.71,1.21,0.09,1965089.00
2007-09-05,11.54,103850059,1198429680.86,1.20,-1.28,2260686.00
2007-09-06,11.58,103850059,1202583683.22,1.20,0.35,1959336.00
2007-09-07,11.40,103850059,1183890672.60,1.18,-1.55,2058840.00
2007-09-10,11.40,103850059,1183890672.60,1.18,0.00,3017580.00
2007-09-11,11.40,103850059,1183890672.60,1.18,0.00,3282060.00
2007-09-12,11.27,103850059,1170390164.93,1.17,-1.14,1914773.00
2007-09-13,11.27,103850059,1170390164.93,1.17,0.00,3235617.00
2007-09-14,11.41,103850059,1184929173.19,1.18,1.24,4905159.00
2007-09-17,11.36,103850059,1179736670.24,1.18,-0.44,3051296.00
2007-09-18,12.37,103850059,1284625229.83,1.28,8.89,4632565.00
2007-09-19,12.62,103850059,1310587744.58,1.31,2.02,4146932.00
2007-09-20,12.37,103850059,1284625229.83,1.28,-1.98,1718193.00
2007-09-21,12.20,103850059,1266970719.80,1.27,-1.37,5749860.00
2007-09-24,11.97,103850059,1243085206.23,1.24,-1.89,1675800.00
2007-09-25,11.83,103850059,1228546197.97,1.23,-1.17,1664481.00
2007-09-26,12.15,103850059,1261778216.85,1.26,2.70,1273320.00
2007-09-27,11.87,103850059,1232700200.33,1.23,-2.30,1842224.00
2007-09-28,11.57,103850059,1201545182.63,1.20,-2.53,3326375.00
2007-10-01,12.25,103850059,1272163222.75,1.27,5.88,3111500.00
2007-10-02,13.12,103850059,1362512774.08,1.36,7.10,8774656.00
2007-10-03,13.10,103850059,1360435772.90,1.36,-0.15,5009440.00
2007-10-04,13.45,103850059,1396783293.55,1.40,2.67,8959045.00
2007-10-05,13.38,103850059,1389513789.42,1.39,-0.52,3003810.00
2007-10-08,13.23,103850059,1373936280.57,1.37,-1.12,3472875.00
2007-10-09,13.23,103850059,1373936280.57,1.37,0.00,3274425.00
2007-10-10,13.15,103850059,1365628275.85,1.37,-0.60,4991740.00
2007-10-11,12.52,103850059,1300202738.68,1.30,-4.79,11368160.00
2007-10-12,12.67,103850059,1315780247.53,1.32,1.20,4981844.00
2007-10-15,12.35,103850059,1282548228.65,1.28,-2.53,4329910.00
2007-10-16,12.23,103850059,1270086221.57,1.27,-0.97,2416648.00
2007-10-17,12.29,103850059,1276317225.11,1.28,0.49,2102819.00
2007-10-18,12.44,103850059,1291894733.96,1.29,1.22,2638524.00
2007-10-19,12.45,103850059,1292933234.55,1.29,0.08,4357500.00
2007-10-22,12.89,103850059,1338627260.51,1.34,3.53,2670808.00
2007-10-23,12.84,103850059,1333434757.56,1.33,-0.39,3452676.00
2007-10-24,12.47,103850059,1295010235.73,1.30,-2.88,8167850.00
2007-10-25,12.25,103850059,1272163222.75,1.27,-1.76,4345075.00
2007-10-26,12.91,103850059,1340704261.69,1.34,5.39,2881512.00
2007-10-29,13.40,103850059,1391590790.60,1.39,3.80,4097720.00
2007-10-30,12.84,103850059,1333434757.56,1.33,-4.18,5132148.00
2007-10-31,12.83,103850059,1332396256.97,1.33,-0.08,7264346.00
2007-11-01,13.99,103850059,1452862325.41,1.45,9.04,20903858.00
2007-11-02,14.00,103850059,1453900826.00,1.45,0.07,6389600.00
2007-11-05,13.62,103850059,1414437803.58,1.41,-2.71,4613094.00
2007-11-06,14.20,103850059,1474670837.80,1.47,4.26,3520180.00
2007-11-07,13.13,103850059,1363551274.67,1.36,-7.54,4871230.00
2007-11-08,13.07,103850059,1357320271.13,1.36,-0.46,4211154.00
2007-11-09,12.82,103850059,1331357756.38,1.33,-1.91,3242178.00
2007-11-12,12.80,103850059,1329280755.20,1.33,-0.16,3101440.00
2007-11-13,12.97,103850059,1346935265.23,1.35,1.33,4228220.00
2007-11-14,12.49,103850059,1297087236.91,1.30,-3.70,2706583.00
2007-11-15,12.39,103850059,1286702231.01,1.29,-0.80,3927630.00
2007-11-16,12.01,103850059,1247239208.59,1.25,-3.07,4763166.00
2007-11-19,11.77,103850059,1222315194.43,1.22,-2.00,3316786.00
2007-11-20,11.78,103850059,1223353695.02,1.22,0.08,3518686.00
2007-11-21,11.91,103850059,1236854202.69,1.24,1.10,4056546.00
2007-11-23,11.97,103850059,1243085206.23,1.24,0.50,1831410.00
2007-11-26,12.21,103850059,1268009220.39,1.27,2.01,4284489.00
2007-11-27,12.48,103850059,1296048736.32,1.30,2.21,3393312.00
2007-11-28,12.31,103850059,1278394226.29,1.28,-1.36,7932564.00
2007-11-29,12.26,103850059,1273201723.34,1.27,-0.41,3937912.00
2007-11-30,12.09,103850059,1255547213.31,1.26,-1.39,7205640.00
2007-12-03,11.78,103850059,1223353695.02,1.22,-2.56,2681128.00
2007-12-04,11.25,103850059,1168313163.75,1.17,-4.50,2341125.00
2007-12-05,11.64,103850059,1208814686.76,1.21,3.47,1936896.00
2007-12-06,11.69,103850059,1214007189.71,1.21,0.43,2792741.00
2007-12-07,11.52,103850059,1196352679.68,1.20,-1.45,3141504.00
2007-12-10,11.50,103850059,1194275678.50,1.19,-0.17,3034850.00
2007-12-11,11.43,103850059,1187006174.37,1.19,-0.61,3699891.00
2007-12-12,11.47,103850059,1191160176.73,1.19,0.35,4075291.00
2007-12-13,11.13,103850059,1155851156.67,1.16,-2.96,3817590.00
2007-12-14,11.06,103850059,1148581652.54,1.15,-0.63,2484076.00
2007-12-17,11.15,103850059,1157928157.85,1.16,0.81,3128690.00
2007-12-18,11.32,103850059,1175582667.88,1.18,1.52,3509200.00
2007-12-19,11.29,103850059,1172467166.11,1.17,-0.27,2481542.00
2007-12-20,11.45,103850059,1189083175.55,1.19,1.42,4482675.00
2007-12-21,11.70,103850059,1215045690.30,1.22,2.18,6659640.00
2007-12-24,11.99,103850059,1245162207.41,1.25,2.48,1306910.00
2007-12-26,12.09,103850059,1255547213.31,1.26,0.83,2270502.00
2007-12-27,11.80,103850059,1225430696.20,1.23,-2.40,3235560.00
2007-12-28,11.77,103850059,1222315194.43,1.22,-0.25,1286461.00
2007-12-31,11.66,103850059,1210891687.94,1.21,-0.93,2285360.00
2008-01-02,11.72,103850059,1217122691.48,1.22,0.51,3174948.00
2008-01-03,11.58,103850059,1202583683.22,1.20,-1.19,3069858.00
2008-01-04,10.61,103850059,1101849125.99,1.10,-8.38,3655145.00
2008-01-07,10.47,103850059,1087310117.73,1.09,-1.32,2555727.00
2008-01-08,10.39,103850059,1079002113.01,1.08,-0.76,2486327.00
2008-01-09,10.11,103850059,1049924096.49,1.05,-2.69,4502994.00
2008-01-10,10.05,103850059,1043693092.95,1.04,-0.59,5240070.00
2008-01-11,9.12,103850059,947112538.08,0.95,-9.25,10843680.00
2008-01-14,9.40,103850059,976190554.60,0.98,3.07,6621360.00
2008-01-15,8.95,103850059,929458028.05,0.93,-4.79,1649485.00
2008-01-16,9.01,103850059,935689031.59,0.94,0.67,3492276.00
2008-01-17,8.46,103850059,878571499.14,0.88,-6.10,5057388.00
2008-01-18,8.31,103850059,862993990.29,0.86,-1.77,5275188.00
2008-01-22,8.41,103850059,873378996.19,0.87,1.20,2204261.00
2008-01-23,8.50,103850059,882725501.50,0.88,1.07,3578500.00
2008-01-24,8.90,103850059,924265525.10,0.92,4.71,2117310.00
2008-01-25,8.90,103850059,924265525.10,0.92,0.00,1899260.00
2008-01-28,8.95,103850059,929458028.05,0.93,0.56,1655750.00
2008-01-29,9.50,103850059,986575560.50,0.99,6.15,3915900.00
2008-01-30,9.68,103850059,1005268571.12,1.01,1.89,3832312.00
2008-01-31,10.17,103850059,1056155100.03,1.06,5.06,3957147.00
2008-02-01,10.16,103850059,1055116599.44,1.06,-0.10,2506472.00
2008-02-04,10.22,103850059,1061347602.98,1.06,0.59,2500834.00
2008-02-05,9.92,103850059,1030192585.28,1.03,-2.94,2564320.00
2008-02-06,9.81,103850059,1018769078.79,1.02,-1.11,3336381.00
2008-02-07,9.77,103850059,1014615076.43,1.01,-0.41,9220926.00
2008-02-08,10.50,103850059,1090425619.50,1.09,7.47,8739150.00
2008-02-11,11.33,103850059,1176621168.47,1.18,7.90,6077412.00
2008-02-12,11.08,103850059,1150658653.72,1.15,-2.21,3614296.00
2008-02-13,11.10,103850059,1152735654.90,1.15,0.18,3115770.00
2008-02-14,11.00,103850059,1142350649.00,1.14,-0.90,3289000.00
2008-02-15,10.73,103850059,1114311133.07,1.11,-2.45,2084839.00
2008-02-19,11.11,103850059,1153774155.49,1.15,3.54,2444200.00
2008-02-20,11.43,103850059,1187006174.37,1.19,2.88,3688461.00
2008-02-21,11.09,103850059,1151697154.31,1.15,-2.97,2864547.00
2008-02-22,11.14,103850059,1156889657.26,1.16,0.45,2966582.00
2008-02-25,11.04,103850059,1146504651.36,1.15,-0.90,2676096.00
2008-02-26,11.27,103850059,1170390164.93,1.17,2.08,2864834.00
2008-02-27,11.13,103850059,1155851156.67,1.16,-1.24,2006739.00
2008-02-28,11.03,103850059,1145466150.77,1.15,-0.90,2432115.00
2008-02-29,11.02,103850059,1144427650.18,1.14,-0.09,4240496.00
2008-03-03,11.04,103850059,1146504651.36,1.15,0.18,4597056.00
2008-03-04,11.04,103850059,1146504651.36,1.15,0.00,3527280.00
2008-03-05,11.24,103850059,1167274663.16,1.17,1.81,3251732.00
2008-03-06,10.91,103850059,1133004143.69,1.13,-2.94,1576495.00
2008-03-07,10.68,103850059,1109118630.12,1.11,-2.11,3374880.00
2008-03-10,10.30,103850059,1069655607.70,1.07,-3.56,2461700.00
2008-03-11,10.49,103850059,1089387118.91,1.09,1.84,3642128.00
2008-03-12,10.55,103850059,1095618122.45,1.10,0.57,3028905.00
2008-03-13,10.72,103850059,1113272632.48,1.11,1.61,4344816.00
2008-03-14,10.38,103850059,1077963612.42,1.08,-3.17,2808828.00
2008-03-17,10.29,103850059,1068617107.11,1.07,-0.87,2141349.00
2008-03-18,11.31,103850059,1174544167.29,1.17,9.91,2522130.00
2008-03-19,10.81,103850059,1122619137.79,1.12,-4.42,4677487.00
2008-03-20,11.15,103850059,1157928157.85,1.16,3.15,9491995.00
2008-03-24,11.57,103850059,1201545182.63,1.20,3.77,3483727.00
2008-03-25,11.56,103850059,1200506682.04,1.20,-0.09,1875032.00
2008-03-26,11.38,103850059,1181813671.42,1.18,-1.56,1584096.00
2008-03-27,11.10,103850059,1152735654.90,1.15,-2.46,2509710.00
2008-03-28,10.99,103850059,1141312148.41,1.14,-0.99,3584938.00
2008-03-31,11.32,103850059,1175582667.88,1.18,3.00,4792888.00
2008-04-01,11.76,103850059,1221276693.84,1.22,3.89,3230472.00
2008-04-02,11.78,103850059,1223353695.02,1.22,0.17,8194168.00
2008-04-03,12.04,103850059,1250354710.36,1.25,2.21,10258080.00
2008-04-04,12.37,103850059,1284625229.83,1.28,2.74,6222110.00
2008-04-07,12.10,103850059,1256585713.90,1.26,-2.18,4220480.00
2008-04-08,12.37,103850059,1284625229.83,1.28,2.23,3897787.00
2008-04-09,11.84,103850059,1229584698.56,1.23,-4.28,4786912.00
2008-04-10,12.40,103850059,1287740731.60,1.29,4.73,6973760.00
2008-04-11,12.12,103850059,1258662715.08,1.26,-2.26,3897792.00
2008-04-14,11.78,103850059,1223353695.02,1.22,-2.81,7251768.00
2008-04-15,11.68,103850059,1212968689.12,1.21,-0.85,3992224.00
2008-04-16,12.30,103850059,1277355725.70,1.28,5.31,6541140.00
2008-04-17,12.42,103850059,1289817732.78,1.29,0.98,3016818.00
2008-04-18,12.41,103850059,1288779232.19,1.29,-0.08,4718282.00
2008-04-21,12.61,103850059,1309549243.99,1.31,1.61,2897778.00
2008-04-22,12.16,103850059,1262816717.44,1.26,-3.57,2870976.00
2008-04-23,12.44,103850059,1291894733.96,1.29,2.30,2907228.00
2008-04-24,12.79,103850059,1328242254.61,1.33,2.81,2794615.00
2008-04-25,12.73,103850059,1322011251.07,1.32,-0.47,1754194.00
2008-04-28,13.11,103850059,1361474273.49,1.36,2.99,7698192.00
2008-04-29,13.10,103850059,1360435772.90,1.36,-0.08,3895940.00
2008-04-30,13.31,103850059,1382244285.29,1.38,1.60,7296542.00
2008-05-01,14.20,103850059,1474670837.80,1.47,6.69,13816600.00
2008-05-02,14.35,103850059,1490248346.65,1.49,1.06,12909260.00
2008-05-05,14.24,103850059,1478824840.16,1.48,-0.77,7863328.00
2008-05-06,14.26,103850059,1480901841.34,1.48,0.14,8202352.00
2008-05-07,14.22,103850059,1476747838.98,1.48,-0.28,8812134.00
2008-05-08,12.52,103850059,1300202738.68,1.30,-11.95,54912720.00
2008-05-09,12.54,103850059,1302279739.86,1.30,0.16,89477916.00
2008-05-12,13.14,103850059,1364589775.26,1.36,4.78,25948872.00
2008-05-13,13.03,103850059,1353166268.77,1.35,-0.84,28078347.00
2008-05-14,13.54,103850059,1406129798.86,1.41,3.91,19623522.00
2008-05-15,13.79,103850059,1432092313.61,1.43,1.85,34581183.00
2008-05-16,13.88,103850059,1441438818.92,1.44,0.65,19319572.00
2008-05-19,13.99,103850059,1452862325.41,1.45,0.79,24679759.00
2008-05-20,13.85,103850059,1438323317.15,1.44,-1.00,13251680.00
2008-05-21,14.14,103850059,1468439834.26,1.47,2.09,15917398.00
2008-05-22,14.33,103850059,1488171345.47,1.49,1.34,19796895.00
2008-05-23,14.24,103850059,1478824840.16,1.48,-0.63,8361728.00
2008-05-27,14.60,103850059,1516210861.40,1.52,2.53,21298480.00
2008-05-28,14.41,103850059,1496479350.19,1.50,-1.30,8392384.00
2008-05-29,14.64,103850059,1520364863.76,1.52,1.60,16714488.00
2008-05-30,14.56,103850059,1512056859.04,1.51,-0.55,7874048.00
2008-06-02,14.68,103850059,1524518866.12,1.52,0.82,9232252.00
2008-06-03,15.42,103850059,1601367909.78,1.60,5.04,18721422.00
2008-06-04,15.16,103850059,1574366894.44,1.57,-1.69,16924624.00
2008-06-05,15.30,103850059,1588905902.70,1.59,0.92,8577180.00
2008-06-06,14.63,103850059,1519326363.17,1.52,-4.38,5149760.00
2008-06-09,14.73,103850059,1529711369.07,1.53,0.68,13670913.00
2008-06-10,14.64,103850059,1520364863.76,1.52,-0.61,13801128.00
2008-06-11,14.21,103850059,1475709338.39,1.48,-2.94,7970389.00
2008-06-12,13.84,103850059,1437284816.56,1.44,-2.60,9653400.00
2008-06-13,14.15,103850059,1469478334.85,1.47,2.24,9810195.00
2008-06-16,14.72,103850059,1528672868.48,1.53,4.03,15027648.00
2008-06-17,14.84,103850059,1541134875.56,1.54,0.82,13226892.00
2008-06-18,14.89,103850059,1546327378.51,1.55,0.34,10329193.00
2008-06-19,15.01,103850059,1558789385.59,1.56,0.81,5786355.00
2008-06-20,14.73,103850059,1529711369.07,1.53,-1.87,9064842.00
2008-06-23,14.45,103850059,1500633352.55,1.50,-1.90,8724910.00
2008-06-24,13.98,103850059,1451823824.82,1.45,-3.25,7270998.00
2008-06-25,13.80,103850059,1433130814.20,1.43,-1.29,21453480.00
2008-06-26,13.75,103850059,1427938311.25,1.43,-0.36,8731250.00
2008-06-27,13.58,103850059,1410283801.22,1.41,-1.24,11616332.00
2008-06-30,13.21,103850059,1371859279.39,1.37,-2.72,4060754.00
2008-07-01,13.37,103850059,1388475288.83,1.39,1.21,6985825.00
2008-07-02,12.98,103850059,1347973765.82,1.35,-2.92,5120610.00
2008-07-03,12.71,103850059,1319934249.89,1.32,-2.08,2033600.00
2008-07-07,12.80,103850059,1329280755.20,1.33,0.71,4340480.00
2008-07-08,13.20,103850059,1370820778.80,1.37,3.12,10010880.00
2008-07-09,12.80,103850059,1329280755.20,1.33,-3.03,3527680.00
2008-07-10,12.89,103850059,1338627260.51,1.34,0.70,2440077.00
2008-07-11,13.22,103850059,1372897779.98,1.37,2.56,3168834.00
2008-07-14,13.10,103850059,1360435772.90,1.36,-0.91,3276310.00
2008-07-15,13.04,103850059,1354204769.36,1.35,-0.46,2897488.00
2008-07-16,13.71,103850059,1423784308.89,1.42,5.14,3201285.00
2008-07-17,13.11,103850059,1361474273.49,1.36,-4.38,6231183.00
2008-07-18,12.92,103850059,1341742762.28,1.34,-1.45,2939300.00
2008-07-21,13.41,103850059,1392629291.19,1.39,3.79,2755755.00
2008-07-22,13.67,103850059,1419630306.53,1.42,1.94,3243891.00
2008-07-23,13.55,103850059,1407168299.45,1.41,-0.88,3115145.00
2008-07-24,13.31,103850059,1382244285.29,1.38,-1.77,2459688.00
2008-07-25,13.75,103850059,1427938311.25,1.43,3.31,2741750.00
2008-07-28,12.95,103850059,1344858264.05,1.34,-5.82,5431230.00
2008-07-29,12.81,103850059,1330319255.79,1.33,-1.08,6715002.00
2008-07-30,11.31,103850059,1174544167.29,1.17,-11.71,25687272.00
2008-07-31,11.25,103850059,1168313163.75,1.17,-0.53,11356875.00
2008-08-01,11.77,103850059,1222315194.43,1.22,4.62,12666874.00
2008-08-04,11.56,103850059,1200506682.04,1.20,-1.78,6188068.00
2008-08-05,11.71,103850059,1216084190.89,1.22,1.30,5459202.00
2008-08-06,11.32,103850059,1175582667.88,1.18,-3.33,9174860.00
2008-08-07,11.30,103850059,1173505666.70,1.17,-0.18,4136930.00
2008-08-08,12.06,103850059,1252431711.54,1.25,6.73,4170348.00
2008-08-11,12.70,103850059,1318895749.30,1.32,5.31,6332220.00
2008-08-12,12.53,103850059,1301241239.27,1.30,-1.34,8034236.00
2008-08-13,12.75,103850059,1324088252.25,1.32,1.76,4526250.00
2008-08-14,12.95,103850059,1344858264.05,1.34,1.57,5290075.00
2008-08-15,13.02,103850059,1352127768.18,1.35,0.54,6305586.00
2008-08-18,12.99,103850059,1349012266.41,1.35,-0.23,5871480.00
2008-08-19,12.53,103850059,1301241239.27,1.30,-3.54,4359187.00
2008-08-20,12.16,103850059,1262816717.44,1.26,-2.95,7824960.00
2008-08-21,11.91,103850059,1236854202.69,1.24,-2.06,2786940.00
2008-08-22,12.11,103850059,1257624214.49,1.26,1.68,2696897.00
2008-08-25,11.73,103850059,1218161192.07,1.22,-3.14,4660329.00
2008-08-26,11.76,103850059,1221276693.84,1.22,0.26,5999952.00
2008-08-27,11.93,103850059,1238931203.87,1.24,1.45,2613863.00
2008-08-28,12.18,103850059,1264893718.62,1.26,2.10,3308088.00
2008-08-29,11.98,103850059,1244123706.82,1.24,-1.64,5056758.00
2008-09-02,11.58,103850059,1202583683.22,1.20,-3.34,4971294.00
2008-09-03,11.25,103850059,1168313163.75,1.17,-2.85,5212125.00
2008-09-04,10.75,103850059,1116388134.25,1.12,-4.44,5044975.00
2008-09-05,10.56,103850059,1096656623.04,1.10,-1.77,5186016.00
2008-09-08,10.89,103850059,1130927142.51,1.13,3.12,4954950.00
2008-09-09,10.37,103850059,1076925111.83,1.08,-4.78,7890533.00
2008-09-10,10.20,103850059,1059270601.80,1.06,-1.64,4961280.00
2008-09-11,10.18,103850059,1057193600.62,1.06,-0.20,7985192.00
2008-09-12,10.51,103850059,1091464120.09,1.09,3.24,4587615.00
2008-09-15,10.21,103850059,1060309102.39,1.06,-2.85,5812553.00
2008-09-16,10.61,103850059,1101849125.99,1.10,3.92,4551690.00
2008-09-17,10.13,103850059,1052001097.67,1.05,-4.52,5768022.00
2008-09-18,11.21,103850059,1164159161.39,1.16,10.66,7129560.00
2008-09-19,11.43,103850059,1187006174.37,1.19,1.96,10751058.00
2008-09-22,10.96,103850059,1138196646.64,1.14,-4.11,5447120.00
2008-09-23,11.05,103850059,1147543151.95,1.15,0.82,4362540.00
2008-09-24,10.41,103850059,1081079114.19,1.08,-5.79,6216852.00
2008-09-25,10.49,103850059,1089387118.91,1.09,0.77,3663108.00
2008-09-26,10.37,103850059,1076925111.83,1.08,-1.14,2837232.00
2008-09-29,9.82,103850059,1019807579.38,1.02,-5.30,3172842.00
2008-09-30,9.92,103850059,1030192585.28,1.03,1.02,3961056.00
2008-10-01,9.98,103850059,1036423588.82,1.04,0.60,9796368.00
2008-10-02,9.10,103850059,945035536.90,0.95,-8.82,2786420.00
2008-10-03,8.68,103850059,901418512.12,0.90,-4.62,2988524.00
2008-10-06,8.69,103850059,902457012.71,0.90,0.12,4091252.00
2008-10-07,7.82,103850059,812107461.38,0.81,-10.01,7597912.00
2008-10-08,7.99,103850059,829761971.41,0.83,2.17,4183564.00
2008-10-09,7.67,103850059,796529952.53,0.80,-4.01,4086576.00
2008-10-10,8.29,103850059,860916989.11,0.86,8.08,4214636.00
2008-10-13,8.87,103850059,921150023.33,0.92,7.00,3576384.00
2008-10-14,8.38,103850059,870263494.42,0.87,-5.52,3518762.00
2008-10-15,7.68,103850059,797568453.12,0.80,-8.35,2333184.00
2008-10-16,8.11,103850059,842223978.49,0.84,5.60,3925240.00
2008-10-17,7.85,103850059,815222963.15,0.82,-3.21,2513570.00
2008-10-20,8.04,103850059,834954474.36,0.83,2.42,1883772.00
2008-10-21,7.79,103850059,808991959.61,0.81,-3.11,5689816.00
2008-10-22,7.30,103850059,758105430.70,0.76,-6.29,2557190.00
2008-10-23,6.78,103850059,704103400.02,0.70,-7.12,3658488.00
2008-10-24,6.64,103850059,689564391.76,0.69,-2.06,3510568.00
2008-10-27,6.53,103850059,678140885.27,0.68,-1.66,1698453.00
2008-10-28,6.41,103850059,665678878.19,0.67,-1.84,2448620.00
2008-10-29,6.67,103850059,692679893.53,0.69,4.06,4155410.00
2008-10-30,6.75,103850059,700987898.25,0.70,1.20,2162700.00
2008-10-31,7.16,103850059,743566422.44,0.74,6.07,2799560.00
2008-11-03,6.97,103850059,723834911.23,0.72,-2.65,3445271.00
2008-11-04,6.87,103850059,713449905.33,0.71,-1.43,3097683.00
2008-11-05,6.20,103850059,643870365.80,0.64,-9.75,2598420.00
2008-11-06,5.95,103850059,617907851.05,0.62,-4.03,1516060.00
2008-11-07,6.04,103850059,627254356.36,0.63,1.51,1503960.00
2008-11-10,5.76,103850059,598176339.84,0.60,-4.64,1056384.00
2008-11-11,5.99,103850059,622061853.41,0.62,3.99,2659560.00
2008-11-12,5.35,103850059,555597815.65,0.56,-10.68,1440755.00
2008-11-13,6.15,103850059,638677862.85,0.64,14.95,2166030.00
2008-11-14,5.53,103850059,574290826.27,0.57,-10.08,1651258.00
2008-11-17,5.38,103850059,558713317.42,0.56,-2.71,1124958.00
2008-11-18,5.17,103850059,536904805.03,0.54,-3.90,1731950.00
2008-11-19,4.65,103850059,482902774.35,0.48,-10.06,1295025.00
2008-11-20,3.90,103850059,405015230.10,0.41,-16.13,1960140.00
2008-11-21,4.22,103850059,438247248.98,0.44,8.21,1950484.00
2008-11-24,4.62,103850059,479787272.58,0.48,9.48,2197272.00
2008-11-25,4.70,103850059,488095277.30,0.49,1.73,1262890.00
2008-11-26,5.08,103850059,527558299.72,0.53,8.09,1214628.00
2008-11-28,5.11,103850059,530673801.49,0.53,0.59,373541.00
2008-12-01,4.18,103850059,434093246.62,0.43,-18.20,1769394.00
2008-12-02,4.10,103850059,425785241.90,0.43,-1.91,1913880.00
2008-12-03,4.09,103850059,424746741.31,0.42,-0.24,1848680.00
2008-12-04,4.38,103850059,454863258.42,0.45,7.09,4248600.00
2008-12-05,4.28,103850059,444478252.52,0.44,-2.28,1960240.00
2008-12-08,4.32,103850059,448632254.88,0.45,0.93,1846368.00
2008-12-09,4.14,103850059,429939244.26,0.43,-4.17,2186334.00
2008-12-10,4.40,103850059,456940259.60,0.46,6.28,2901800.00
2008-12-11,4.56,103850059,473556269.04,0.47,3.64,2483376.00
2008-12-12,4.97,103850059,516134793.23,0.52,8.99,1964641.00
2008-12-15,4.54,103850059,471479267.86,0.47,-8.65,978824.00
2008-12-16,4.93,103850059,511980790.87,0.51,8.59,1486395.00
2008-12-17,5.36,103850059,556636316.24,0.56,8.72,1565120.00
2008-12-18,5.10,103850059,529635300.90,0.53,-4.85,2912100.00
2008-12-19,4.98,103850059,517173293.82,0.52,-2.35,4010394.00
2008-12-22,5.15,103850059,534827803.85,0.53,3.41,1435305.00
2008-12-23,4.86,103850059,504711286.74,0.50,-5.63,1320462.00
2008-12-24,4.79,103850059,497441782.61,0.50,-1.44,744366.00
2008-12-26,5.11,103850059,530673801.49,0.53,6.68,516110.00
2008-12-29,5.07,103850059,526519799.13,0.53,-0.78,1235559.00
2008-12-30,4.98,103850059,517173293.82,0.52,-1.78,1879452.00
2008-12-31,5.21,103850059,541058807.39,0.54,4.62,1767753.00
2009-01-02,5.57,103850059,578444828.63,0.58,6.91,1206462.00
2009-01-05,5.46,103850059,567021322.14,0.57,-1.97,998634.00
2009-01-06,6.28,103850059,652178370.52,0.65,15.02,1470776.00
2009-01-07,6.14,103850059,637639362.26,0.64,-2.23,3489362.00
2009-01-08,6.19,103850059,642831865.21,0.64,0.81,3532014.00
2009-01-09,6.05,103850059,628292856.95,0.63,-2.26,3459995.00
2009-01-12,5.74,103850059,596099338.66,0.60,-5.12,1397690.00
2009-01-13,5.57,103850059,578444828.63,0.58,-2.96,805422.00
2009-01-14,5.33,103850059,553520814.47,0.55,-4.31,1092650.00
2009-01-15,5.43,103850059,563905820.37,0.56,1.88,1571442.00
2009-01-16,5.86,103850059,608561345.74,0.61,7.92,3489044.00
2009-01-20,5.31,103850059,551443813.29,0.55,-9.39,1188909.00
2009-01-21,5.50,103850059,571175324.50,0.57,3.58,1329900.00
2009-01-22,5.55,103850059,576367827.45,0.58,0.91,1704405.00
2009-01-23,5.56,103850059,577406328.04,0.58,0.18,1397228.00
2009-01-26,5.67,103850059,588829834.53,0.59,1.98,1651104.00
2009-01-27,5.95,103850059,617907851.05,0.62,4.94,1500590.00
2009-01-28,6.38,103850059,662563376.42,0.66,7.23,1640298.00
2009-01-29,6.18,103850059,641793364.62,0.64,-3.13,1467132.00
2009-01-30,6.03,103850059,626215855.77,0.63,-2.43,2204568.00
2009-02-02,5.69,103850059,590906835.71,0.59,-5.64,3498212.00
2009-02-03,5.30,103850059,550405312.70,0.55,-6.85,4723890.00
2009-02-04,5.72,103850059,594022337.48,0.59,7.92,4861428.00
2009-02-05,5.80,103850059,602330342.20,0.60,1.40,1116500.00
2009-02-06,6.28,103850059,652178370.52,0.65,8.28,1071368.00
2009-02-09,6.07,103850059,630369858.13,0.63,-3.34,2447424.00
2009-02-10,6.02,103850059,625177355.18,0.63,-0.82,4642022.00
2009-02-11,5.81,103850059,603368842.79,0.60,-3.49,10984386.00
2009-02-12,5.78,103850059,600253341.02,0.60,-0.52,1334024.00
2009-02-13,5.73,103850059,595060838.07,0.60,-0.87,1780311.00
2009-02-17,5.49,103850059,570136823.91,0.57,-4.19,1432890.00
2009-02-18,5.50,103850059,571175324.50,0.57,0.18,1536150.00
2009-02-19,5.52,103850059,573252325.68,0.57,0.36,1176864.00
2009-02-20,5.33,103850059,553520814.47,0.55,-3.44,1645904.00
2009-02-23,4.95,103850059,514057792.05,0.51,-7.13,1220670.00
2009-02-24,4.92,103850059,510942290.28,0.51,-0.61,2931828.00
2009-02-25,4.62,103850059,479787272.58,0.48,-6.10,1355508.00
2009-02-26,4.44,103850059,461094261.96,0.46,-3.90,2136972.00
2009-02-27,4.61,103850059,478748771.99,0.48,3.83,2222942.00
2009-03-02,4.25,103850059,441362750.75,0.44,-7.81,1358300.00
2009-03-03,4.35,103850059,451747756.65,0.45,2.35,1196685.00
2009-03-04,4.56,103850059,473556269.04,0.47,4.83,1772016.00
2009-03-05,4.34,103850059,450709256.06,0.45,-4.82,1449126.00
2009-03-06,4.29,103850059,445516753.11,0.45,-1.15,1529385.00
2009-03-09,3.95,103850059,410207733.05,0.41,-7.93,1095335.00
2009-03-10,4.43,103850059,460055761.37,0.46,12.15,2688124.00
2009-03-11,4.40,103850059,456940259.60,0.46,-0.68,1130360.00
2009-03-12,4.73,103850059,491210779.07,0.49,7.50,1692867.00
2009-03-13,4.79,103850059,497441782.61,0.50,1.27,722811.00
2009-03-16,4.68,103850059,486018276.12,0.49,-2.30,1067040.00
2009-03-17,5.03,103850059,522365796.77,0.52,7.48,1200158.00
2009-03-18,5.61,103850059,582598830.99,0.58,11.53,1517505.00
2009-03-19,5.62,103850059,583637331.58,0.58,0.18,1428042.00
2009-03-20,5.00,103850059,519250295.00,0.52,-11.03,1557000.00
2009-03-23,5.90,103850059,612715348.10,0.61,18.00,5157190.00
2009-03-24,5.82,103850059,604407343.38,0.60,-1.36,2426940.00
2009-03-25,5.91,103850059,613753848.69,0.61,1.55,1479864.00
2009-03-26,6.26,103850059,650101369.34,0.65,5.92,2403840.00
2009-03-27,5.90,103850059,612715348.10,0.61,-5.75,5838640.00
2009-03-30,5.52,103850059,573252325.68,0.57,-6.44,2092632.00
2009-03-31,5.80,103850059,602330342.20,0.60,5.07,2477760.00
2009-04-01,6.03,103850059,626215855.77,0.63,3.97,969624.00
2009-04-02,6.51,103850059,676063884.09,0.68,7.96,2115750.00
2009-04-03,6.55,103850059,680217886.45,0.68,0.61,2393370.00
2009-04-06,6.19,103850059,642831865.21,0.64,-5.50,2721124.00
2009-04-07,6.04,103850059,627254356.36,0.63,-2.42,2909468.00
2009-04-08,6.10,103850059,633485359.90,0.63,0.99,1193160.00
2009-04-09,7.01,103850059,727988913.59,0.73,14.92,4359519.00
2009-04-13,6.83,103850059,709295902.97,0.71,-2.57,1379660.00
2009-04-14,6.24,103850059,648024368.16,0.65,-8.64,1737216.00
2009-04-15,6.45,103850059,669832880.55,0.67,3.37,2610960.00
2009-04-16,6.85,103850059,711372904.15,0.71,6.20,1989240.00
2009-04-17,6.92,103850059,718642408.28,0.72,1.02,2433764.00
2009-04-20,6.66,103850059,691641392.94,0.69,-3.76,3241422.00
2009-04-21,6.97,103850059,723834911.23,0.72,4.65,2194156.00
2009-04-22,7.07,103850059,734219917.13,0.73,1.43,1308657.00
2009-04-23,7.05,103850059,732142915.95,0.73,-0.28,3464370.00
2009-04-24,7.41,103850059,769528937.19,0.77,5.11,1670955.00
2009-04-27,7.12,103850059,739412420.08,0.74,-3.91,2118912.00
2009-04-28,7.40,103850059,768490436.60,0.77,3.93,7595360.00
2009-04-29,7.86,103850059,816261463.74,0.82,6.22,1424232.00
2009-04-30,7.42,103850059,770567437.78,0.77,-5.60,2505734.00
2009-05-01,8.25,103850059,856762986.75,0.86,11.19,4556475.00
2009-05-04,8.85,103850059,919073022.15,0.92,7.27,3740010.00
2009-05-05,8.24,103850059,855724486.16,0.86,-6.89,2857632.00
2009-05-06,8.16,103850059,847416481.44,0.85,-0.97,2523888.00
2009-05-07,7.85,103850059,815222963.15,0.82,-3.80,2123425.00
2009-05-08,8.39,103850059,871301995.01,0.87,6.88,2293826.00
2009-05-11,7.99,103850059,829761971.41,0.83,-4.77,1629161.00
2009-05-12,7.90,103850059,820415466.10,0.82,-1.13,1899950.00
2009-05-13,7.07,103850059,734219917.13,0.73,-10.51,1876378.00
2009-05-14,7.24,103850059,751874427.16,0.75,2.40,1597144.00
2009-05-15,7.35,103850059,763297933.65,0.76,1.52,1438395.00
2009-05-18,7.64,103850059,793414450.76,0.79,3.95,884712.00
2009-05-19,7.70,103850059,799645454.30,0.80,0.79,1697850.00
2009-05-20,7.67,103850059,796529952.53,0.80,-0.39,1194219.00
2009-05-21,7.47,103850059,775759940.73,0.78,-2.61,1180260.00
2009-05-22,7.17,103850059,744604923.03,0.74,-4.02,755001.00
2009-05-26,7.67,103850059,796529952.53,0.80,6.97,1363726.00
2009-05-27,8.02,103850059,832877473.18,0.83,4.56,2065952.00
2009-05-28,8.26,103850059,857801487.34,0.86,2.99,1781682.00
2009-05-29,8.90,103850059,924265525.10,0.92,7.75,2608590.00
2009-06-01,8.93,103850059,927381026.87,0.93,0.34,3523778.00
2009-06-02,8.94,103850059,928419527.46,0.93,0.11,1475100.00
2009-06-03,8.95,103850059,929458028.05,0.93,0.11,1711240.00
2009-06-04,9.52,103850059,988652561.68,0.99,6.37,2926448.00
2009-06-05,9.56,103850059,992806564.04,0.99,0.42,2681580.00
2009-06-08,9.23,103850059,958536044.57,0.96,-3.45,1638325.00
2009-06-09,8.99,103850059,933612030.41,0.93,-2.60,1862728.00
2009-06-10,8.88,103850059,922188523.92,0.92,-1.22,2108112.00
2009-06-11,9.21,103850059,956459043.39,0.96,3.72,1069281.00
2009-06-12,9.10,103850059,945035536.90,0.95,-1.19,610610.00
2009-06-15,8.19,103850059,850531983.21,0.85,-10.00,1846026.00
2009-06-16,7.87,103850059,817299964.33,0.82,-3.91,1788851.00
2009-06-17,7.82,103850059,812107461.38,0.81,-0.64,682686.00
2009-06-18,7.66,103850059,795491451.94,0.80,-2.05,4438204.00
2009-06-19,7.77,103850059,806914958.43,0.81,1.44,2968140.00
2009-06-22,7.56,103850059,785106446.04,0.79,-2.70,2480436.00
2009-06-23,7.41,103850059,769528937.19,0.77,-1.98,956631.00
2009-06-24,7.69,103850059,798606953.71,0.80,3.78,1657964.00
2009-06-25,7.88,103850059,818338464.92,0.82,2.47,3193764.00
2009-06-26,8.20,103850059,851570483.80,0.85,4.06,6282020.00
2009-06-29,8.00,103850059,830800472.00,0.83,-2.44,2404000.00
2009-06-30,7.96,103850059,826646469.64,0.83,-0.50,2892664.00
2009-07-01,8.26,103850059,857801487.34,0.86,3.77,1583442.00
2009-07-02,8.19,103850059,850531983.21,0.85,-0.85,7064694.00
2009-07-06,8.51,103850059,883764002.09,0.88,3.91,5888920.00
2009-07-07,8.48,103850059,880648500.32,0.88,-0.35,4631776.00
2009-07-08,8.47,103850059,879609999.73,0.88,-0.12,3191496.00
2009-07-09,8.33,103850059,865070991.47,0.87,-1.65,1465247.00
2009-07-10,8.25,103850059,856762986.75,0.86,-0.96,1726725.00
2009-07-13,8.52,103850059,884802502.68,0.88,3.27,1799424.00
2009-07-14,8.58,103850059,891033506.22,0.89,0.70,3047616.00
2009-07-15,9.04,103850059,938804533.36,0.94,5.36,2117168.00
2009-07-16,9.11,103850059,946074037.49,0.95,0.77,1185211.00
2009-07-17,9.00,103850059,934650531.00,0.93,-1.21,1941300.00
2009-07-20,9.00,103850059,934650531.00,0.93,0.00,761400.00
2009-07-21,8.88,103850059,922188523.92,0.92,-1.33,1487400.00
2009-07-22,9.18,103850059,953343541.62,0.95,3.38,1433916.00
2009-07-23,9.73,103850059,1010461074.07,1.01,5.99,2512286.00
2009-07-24,9.70,103850059,1007345572.30,1.01,-0.31,1081550.00
2009-07-27,9.61,103850059,997999066.99,1.00,-0.93,1153200.00
2009-07-28,9.67,103850059,1004230070.53,1.00,0.62,1173938.00
2009-07-29,9.09,103850059,943997036.31,0.94,-6.00,4600449.00
2009-07-30,9.51,103850059,987614061.09,0.99,4.62,3108819.00
2009-07-31,9.87,103850059,1025000082.33,1.03,3.79,5335722.00
2009-08-03,10.62,103850059,1102887626.58,1.10,7.60,8112618.00
2009-08-04,11.35,103850059,1178698169.65,1.18,6.87,11630345.00
2009-08-05,10.97,103850059,1139235147.23,1.14,-3.35,5957807.00
2009-08-06,10.60,103850059,1100810625.40,1.10,-3.37,3849920.00
2009-08-07,10.93,103850059,1135081144.87,1.14,3.11,2029701.00
2009-08-10,10.81,103850059,1122619137.79,1.12,-1.10,1250717.00
2009-08-11,10.40,103850059,1080040613.60,1.08,-3.79,1402960.00
2009-08-12,10.73,103850059,1114311133.07,1.11,3.17,2083766.00
2009-08-13,10.85,103850059,1126773140.15,1.13,1.12,2077775.00
2009-08-14,10.22,103850059,1061347602.98,1.06,-5.81,3032274.00
2009-08-17,10.08,103850059,1046808594.72,1.05,-1.37,1594656.00
2009-08-18,10.33,103850059,1072771109.47,1.07,2.48,739628.00
2009-08-19,10.24,103850059,1063424604.16,1.06,-0.87,1380352.00
2009-08-20,10.29,103850059,1068617107.11,1.07,0.49,1705053.00
2009-08-21,10.02,103850059,1040577591.18,1.04,-2.62,5553084.00
2009-08-24,10.20,103850059,1059270601.80,1.06,1.80,2448000.00
2009-08-25,10.21,103850059,1060309102.39,1.06,0.10,2081819.00
2009-08-26,10.22,103850059,1061347602.98,1.06,0.10,2718520.00
2009-08-27,9.99,103850059,1037462089.41,1.04,-2.25,1129869.00
2009-08-28,10.25,103850059,1064463104.75,1.06,2.60,2280625.00
2009-08-31,10.12,103850059,1050962597.08,1.05,-1.27,2924680.00
2009-09-01,10.01,103850059,1039539090.59,1.04,-1.09,3737734.00
2009-09-02,9.96,103850059,1034346587.64,1.03,-0.50,1957140.00
2009-09-03,10.02,103850059,1040577591.18,1.04,0.60,2204400.00
2009-09-04,10.23,103850059,1062386103.57,1.06,2.10,2892021.00
2009-09-08,10.40,103850059,1080040613.60,1.08,1.66,3939520.00
2009-09-09,10.81,103850059,1122619137.79,1.12,3.94,2443060.00
2009-09-10,11.23,103850059,1166236162.57,1.17,3.89,2082042.00
2009-09-11,10.99,103850059,1141312148.41,1.14,-2.14,813260.00
2009-09-14,10.96,103850059,1138196646.64,1.14,-0.27,878992.00
2009-09-15,10.95,103850059,1137158146.05,1.14,-0.09,1171650.00
2009-09-16,11.14,103850059,1156889657.26,1.16,1.74,1168586.00
2009-09-17,11.00,103850059,1142350649.00,1.14,-1.26,2470600.00
2009-09-18,11.46,103850059,1190121676.14,1.19,4.18,3707310.00
2009-09-21,11.13,103850059,1155851156.67,1.16,-2.88,3551583.00
2009-09-22,11.42,103850059,1185967673.78,1.19,2.61,4019840.00
2009-09-23,11.64,103850059,1208814686.76,1.21,1.93,2521224.00
2009-09-24,11.47,103850059,1191160176.73,1.19,-1.46,5520511.00
2009-09-25,11.46,103850059,1190121676.14,1.19,-0.09,3939948.00
2009-09-28,11.72,103850059,1217122691.48,1.22,2.27,1975992.00
2009-09-29,11.60,103850059,1204660684.40,1.20,-1.02,2518360.00
2009-09-30,11.47,103850059,1191160176.73,1.19,-1.12,2139155.00
2009-10-01,10.97,103850059,1139235147.23,1.14,-4.36,8201172.00
2009-10-02,10.86,103850059,1127811640.74,1.13,-1.00,1857060.00
2009-10-05,11.23,103850059,1166236162.57,1.17,3.41,2181989.00
2009-10-06,11.64,103850059,1208814686.76,1.21,3.65,2181336.00
2009-10-07,11.63,103850059,1207776186.17,1.21,-0.09,1456076.00
2009-10-08,11.78,103850059,1223353695.02,1.22,1.29,4755586.00
2009-10-09,12.43,103850059,1290856233.37,1.29,5.52,3960198.00
2009-10-12,11.81,103850059,1226469196.79,1.23,-4.99,4836195.00
2009-10-13,11.69,103850059,1214007189.71,1.21,-1.02,2096017.00
2009-10-14,11.71,103850059,1216084190.89,1.22,0.17,2317409.00
2009-10-15,11.75,103850059,1220238193.25,1.22,0.34,10411675.00
2009-10-16,11.69,103850059,1214007189.71,1.21,-0.51,2664151.00
2009-10-19,11.64,103850059,1208814686.76,1.21,-0.43,2247684.00
2009-10-20,11.62,103850059,1206737685.58,1.21,-0.17,2531998.00
2009-10-21,11.56,103850059,1200506682.04,1.20,-0.52,2685388.00
2009-10-22,11.64,103850059,1208814686.76,1.21,0.69,1545792.00
2009-10-23,11.19,103850059,1162082160.21,1.16,-3.87,1854183.00
2009-10-26,10.80,103850059,1121580637.20,1.12,-3.49,1672920.00
2009-10-27,10.74,103850059,1115349633.66,1.12,-0.56,2009454.00
2009-10-28,9.99,103850059,1037462089.41,1.04,-6.98,2072925.00
2009-10-29,10.79,103850059,1120542136.61,1.12,8.01,3339505.00
2009-10-30,10.17,103850059,1056155100.03,1.06,-5.75,3372372.00
2009-11-02,10.13,103850059,1052001097.67,1.05,-0.39,2875907.00
2009-11-03,10.13,103850059,1052001097.67,1.05,0.00,1503292.00
2009-11-04,10.05,103850059,1043693092.95,1.04,-0.79,2012010.00
2009-11-05,11.35,103850059,1178698169.65,1.18,12.94,6043875.00
2009-11-06,11.17,103850059,1160005159.03,1.16,-1.59,2115598.00
2009-11-09,11.31,103850059,1174544167.29,1.17,1.25,2178306.00
2009-11-10,11.26,103850059,1169351664.34,1.17,-0.44,4958904.00
2009-11-11,11.38,103850059,1181813671.42,1.18,1.07,1402016.00
2009-11-12,11.12,103850059,1154812656.08,1.15,-2.28,2773328.00
2009-11-13,11.21,103850059,1164159161.39,1.16,0.81,1591820.00
2009-11-16,11.88,103850059,1233738700.92,1.23,5.98,4471632.00
2009-11-17,11.34,103850059,1177659669.06,1.18,-4.55,5023620.00
2009-11-18,10.93,103850059,1135081144.87,1.14,-3.62,6279285.00
2009-11-19,10.93,103850059,1135081144.87,1.14,0.00,3851732.00
2009-11-20,10.34,103850059,1073809610.06,1.07,-5.40,3521804.00
2009-11-23,10.89,103850059,1130927142.51,1.13,5.32,2743191.00
2009-11-24,10.77,103850059,1118465135.43,1.12,-1.10,1782435.00
2009-11-25,10.66,103850059,1107041628.94,1.11,-1.02,1365546.00
2009-11-27,10.41,103850059,1081079114.19,1.08,-2.35,1300209.00
2009-11-30,10.37,103850059,1076925111.83,1.08,-0.38,6703168.00
2009-12-01,10.54,103850059,1094579621.86,1.09,1.64,3934582.00
2009-12-02,10.65,103850059,1106003128.35,1.11,1.04,5732895.00
2009-12-03,10.77,103850059,1118465135.43,1.12,1.13,5661789.00
2009-12-04,11.00,103850059,1142350649.00,1.14,2.14,3543100.00
2009-12-07,10.90,103850059,1131965643.10,1.13,-0.91,3676570.00
2009-12-08,10.68,103850059,1109118630.12,1.11,-2.02,4539000.00
2009-12-09,10.78,103850059,1119503636.02,1.12,0.94,6061594.00
2009-12-10,10.57,103850059,1097695123.63,1.10,-1.95,3197425.00
2009-12-11,10.69,103850059,1110157130.71,1.11,1.14,2231003.00
2009-12-14,10.96,103850059,1138196646.64,1.14,2.53,2034176.00
2009-12-15,11.03,103850059,1145466150.77,1.15,0.64,4001684.00
2009-12-16,11.42,103850059,1185967673.78,1.19,3.54,4676490.00
2009-12-17,11.37,103850059,1180775170.83,1.18,-0.44,4914114.00
2009-12-18,11.52,103850059,1196352679.68,1.20,1.32,5872896.00
2009-12-21,11.86,103850059,1231661699.74,1.23,2.95,3005324.00
2009-12-22,11.98,103850059,1244123706.82,1.24,1.01,2066550.00
2009-12-23,12.26,103850059,1273201723.34,1.27,2.34,2575826.00
2009-12-24,11.99,103850059,1245162207.41,1.25,-2.20,711007.00
2009-12-28,11.92,103850059,1237892703.28,1.24,-0.58,947640.00
2009-12-29,11.90,103850059,1235815702.10,1.24,-0.17,1757630.00
2009-12-30,11.97,103850059,1243085206.23,1.24,0.59,1441188.00
2009-12-31,11.53,103850059,1197391180.27,1.20,-3.68,1707593.00
2010-01-04,11.73,103850059,1218161192.07,1.22,1.73,2528988.00
2010-01-05,11.62,103850059,1206737685.58,1.21,-0.94,2329810.00
2010-01-06,11.42,103850059,1185967673.78,1.19,-1.72,2506690.00
2010-01-07,11.48,103850059,1192198677.32,1.19,0.53,5495476.00
2010-01-08,11.64,103850059,1208814686.76,1.21,1.39,1513200.00
2010-01-11,11.65,103850059,1209853187.35,1.21,0.09,1605370.00
2010-01-12,11.38,103850059,1181813671.42,1.18,-2.32,1555646.00
2010-01-13,11.27,103850059,1170390164.93,1.17,-0.97,2104109.00
2010-01-14,11.07,103850059,1149620153.13,1.15,-1.77,2673405.00
2010-01-15,10.90,103850059,1131965643.10,1.13,-1.54,4901730.00
2010-01-19,10.95,103850059,1137158146.05,1.14,0.46,3193020.00
2010-01-20,10.71,103850059,1112234131.89,1.11,-2.19,1839978.00
2010-01-21,10.48,103850059,1088348618.32,1.09,-2.15,2652488.00
2010-01-22,10.41,103850059,1081079114.19,1.08,-0.67,2805495.00
2010-01-25,10.47,103850059,1087310117.73,1.09,0.58,1139136.00
2010-01-26,10.29,103850059,1068617107.11,1.07,-1.72,1002246.00
2010-01-27,11.31,103850059,1174544167.29,1.17,9.91,5925309.00
2010-01-28,10.67,103850059,1108080129.53,1.11,-5.66,4415246.00
2010-01-29,10.35,103850059,1074848110.65,1.07,-3.00,3800520.00
2010-02-01,10.46,103850059,1086271617.14,1.09,1.06,12490286.00
2010-02-02,10.65,103850059,1106003128.35,1.11,1.82,2937270.00
2010-02-03,10.15,103850059,1054078098.85,1.05,-4.69,11589270.00
2010-02-04,9.77,103850059,1014615076.43,1.01,-3.74,4080929.00
2010-02-05,8.95,103850059,929458028.05,0.93,-8.39,13530610.00
2010-02-08,8.79,103850059,912842018.61,0.91,-1.79,5906001.00
2010-02-09,8.72,103850059,905572514.48,0.91,-0.80,3006656.00
2010-02-10,8.79,103850059,912842018.61,0.91,0.80,2818953.00
2010-02-11,8.75,103850059,908688016.25,0.91,-0.46,3112375.00
2010-02-12,8.76,103850059,909726516.84,0.91,0.11,2214528.00
2010-02-16,8.80,103850059,913880519.20,0.91,0.46,1547920.00
2010-02-17,8.70,103850059,903495513.30,0.90,-1.14,5455770.00
2010-02-18,8.68,103850059,901418512.12,0.90,-0.23,5148976.00
2010-02-19,8.56,103850059,888956505.04,0.89,-1.38,4972504.00
2010-02-22,8.55,103850059,887918004.45,0.89,-0.12,3918465.00
2010-02-23,8.42,103850059,874417496.78,0.87,-1.52,2720502.00
2010-02-24,8.41,103850059,873378996.19,0.87,-0.12,6044267.00
2010-02-25,8.42,103850059,874417496.78,0.87,0.12,2476322.00
2010-02-26,8.54,103850059,886879503.86,0.89,1.43,2269078.00
2010-03-01,8.85,103850059,919073022.15,0.92,3.63,2989530.00
2010-03-02,8.95,103850059,929458028.05,0.93,1.13,3006305.00
2010-03-03,9.14,103850059,949189539.26,0.95,2.12,4428330.00
2010-03-04,9.22,103850059,957497543.98,0.96,0.88,4721562.00
2010-03-05,9.24,103850059,959574545.16,0.96,0.22,2671284.00
2010-03-08,9.17,103850059,952305041.03,0.95,-0.76,3223255.00
2010-03-09,9.45,103850059,981383057.55,0.98,3.05,3712905.00
2010-03-10,9.61,103850059,997999066.99,1.00,1.69,4762716.00
2010-03-11,9.64,103850059,1001114568.76,1.00,0.31,2919956.00
2010-03-12,9.41,103850059,977229055.19,0.98,-2.39,2801357.00
2010-03-15,9.11,103850059,946074037.49,0.95,-3.19,1943163.00
2010-03-16,9.19,103850059,954382042.21,0.95,0.88,2057641.00
2010-03-17,9.46,103850059,982421558.14,0.98,2.94,5876552.00
2010-03-18,9.60,103850059,996960566.40,1.00,1.48,2442240.00
2010-03-19,9.56,103850059,992806564.04,0.99,-0.42,4963552.00
2010-03-22,9.48,103850059,984498559.32,0.98,-0.84,2432568.00
2010-03-23,9.70,103850059,1007345572.30,1.01,2.32,3373660.00
2010-03-24,9.41,103850059,977229055.19,0.98,-2.99,1874472.00
2010-03-25,9.14,103850059,949189539.26,0.95,-2.87,7968252.00
2010-03-26,8.92,103850059,926342526.28,0.93,-2.41,5032664.00
2010-03-29,8.98,103850059,932573529.82,0.93,0.67,5149132.00
2010-03-30,9.02,103850059,936727532.18,0.94,0.45,5049396.00
2010-03-31,8.88,103850059,922188523.92,0.92,-1.55,3692304.00
2010-04-01,9.02,103850059,936727532.18,0.94,1.58,2926088.00
2010-04-05,9.00,103850059,934650531.00,0.93,-0.22,4490100.00
2010-04-06,9.14,103850059,949189539.26,0.95,1.56,5484914.00
2010-04-07,9.16,103850059,951266540.44,0.95,0.22,7352732.00
2010-04-08,9.06,103850059,940881534.54,0.94,-1.09,3262506.00
2010-04-09,9.12,103850059,947112538.08,0.95,0.66,2173296.00
2010-04-12,9.43,103850059,979306056.37,0.98,3.40,9257431.00
2010-04-13,9.31,103850059,966844049.29,0.97,-1.27,2212056.00
2010-04-14,9.79,103850059,1016692077.61,1.02,5.16,5430513.00
2010-04-15,10.07,103850059,1045770094.13,1.05,2.86,3281813.00
2010-04-16,9.98,103850059,1036423588.82,1.04,-0.89,3410166.00
2010-04-19,9.87,103850059,1025000082.33,1.03,-1.10,3015285.00
2010-04-20,10.20,103850059,1059270601.80,1.06,3.34,4439040.00
2010-04-21,10.09,103850059,1047847095.31,1.05,-1.08,5190296.00
2010-04-22,10.11,103850059,1049924096.49,1.05,0.20,6139803.00
2010-04-23,10.41,103850059,1081079114.19,1.08,2.97,2456760.00
2010-04-26,10.41,103850059,1081079114.19,1.08,0.00,3493596.00
2010-04-27,10.20,103850059,1059270601.80,1.06,-2.02,4053480.00
2010-04-28,10.47,103850059,1087310117.73,1.09,2.65,1998723.00
2010-04-29,10.55,103850059,1095618122.45,1.10,0.76,3192430.00
2010-04-30,10.86,103850059,1127811640.74,1.13,2.94,8067894.00
2010-05-03,11.19,103850059,1162082160.21,1.16,3.04,5347701.00
2010-05-04,10.60,103850059,1100810625.40,1.10,-5.27,6558220.00
2010-05-05,11.07,103850059,1149620153.13,1.15,4.43,9718353.00
2010-05-06,10.53,103850059,1093541121.27,1.09,-4.88,9941373.00
2010-05-07,11.07,103850059,1149620153.13,1.15,5.13,17860338.00
2010-05-10,11.49,103850059,1193237177.91,1.19,3.79,4984362.00
2010-05-11,11.54,103850059,1198429680.86,1.20,0.44,9305856.00
2010-05-12,11.96,103850059,1242046705.64,1.24,3.64,7727356.00
2010-05-13,11.57,103850059,1201545182.63,1.20,-3.26,5356910.00
2010-05-14,11.23,103850059,1166236162.57,1.17,-2.94,7027734.00
2010-05-17,11.16,103850059,1158966658.44,1.16,-0.62,6979464.00
2010-05-18,10.88,103850059,1129888641.92,1.13,-2.51,4593536.00
2010-05-19,10.75,103850059,1116388134.25,1.12,-1.19,3957075.00
2010-05-20,10.03,103850059,1041616091.77,1.04,-6.70,4203573.00
2010-05-21,10.23,103850059,1062386103.57,1.06,1.99,4467441.00
2010-05-24,9.97,103850059,1035385088.23,1.04,-2.54,4639041.00
2010-05-25,9.88,103850059,1026038582.92,1.03,-0.90,4065620.00
2010-05-26,9.83,103850059,1020846079.97,1.02,-0.51,3398231.00
2010-05-27,11.48,103850059,1192198677.32,1.19,16.79,18142992.00
2010-05-28,11.57,103850059,1201545182.63,1.20,0.78,71125418.00
2010-06-01,10.85,103850059,1126773140.15,1.13,-6.22,7818510.00
2010-06-02,11.12,103850059,1154812656.08,1.15,2.49,6634192.00
2010-06-03,11.45,103850059,1189083175.55,1.19,2.97,4558245.00
2010-06-04,10.38,103850059,1077963612.42,1.08,-9.34,9554790.00
2010-06-07,9.91,103850059,1029154084.69,1.03,-4.53,7506825.00
2010-06-08,9.65,103850059,1002153069.35,1.00,-2.62,7034850.00
2010-06-09,9.53,103850059,989691062.27,0.99,-1.24,7247565.00
2010-06-10,9.85,103850059,1022923081.15,1.02,3.36,4813695.00
2010-06-11,9.97,103850059,1035385088.23,1.04,1.22,4783606.00
2010-06-14,9.65,103850059,1002153069.35,1.00,-3.21,9063280.00
2010-06-15,9.90,103850059,1028115584.10,1.03,2.59,4437180.00
2010-06-16,9.76,103850059,1013576575.84,1.01,-1.41,3697088.00
2010-06-17,9.83,103850059,1020846079.97,1.02,0.72,3929051.00
2010-06-18,9.82,103850059,1019807579.38,1.02,-0.10,7558454.00
2010-06-21,10.00,103850059,1038500590.00,1.04,1.83,6672000.00
2010-06-22,9.73,103850059,1010461074.07,1.01,-2.70,4017517.00
2010-06-23,9.71,103850059,1008384072.89,1.01,-0.21,3940318.00
2010-06-24,9.55,103850059,991768063.45,0.99,-1.65,4716745.00
2010-06-25,9.98,103850059,1036423588.82,1.04,4.50,20561794.00
2010-06-28,10.26,103850059,1065501605.34,1.07,2.81,8110530.00
2010-06-29,9.53,103850059,989691062.27,0.99,-7.12,8122419.00
2010-06-30,9.50,103850059,986575560.50,0.99,-0.31,7245650.00
2010-07-01,9.56,103850059,992806564.04,0.99,0.63,7493128.00
2010-07-02,9.31,103850059,966844049.29,0.97,-2.62,4179259.00
2010-07-06,9.09,103850059,943997036.31,0.94,-2.36,5571261.00
2010-07-07,9.48,103850059,984498559.32,0.98,4.29,3887748.00
2010-07-08,9.54,103850059,990729562.86,0.99,0.63,3097638.00
2010-07-09,9.87,103850059,1025000082.33,1.03,3.46,2722146.00
2010-07-12,9.71,103850059,1008384072.89,1.01,-1.62,2489644.00
2010-07-13,10.19,103850059,1058232101.21,1.06,4.94,5783844.00
2010-07-14,10.22,103850059,1061347602.98,1.06,0.29,2840138.00
2010-07-15,9.98,103850059,1036423588.82,1.04,-2.35,3262462.00
2010-07-16,9.54,103850059,990729562.86,0.99,-4.41,3493548.00
2010-07-19,9.92,103850059,1030192585.28,1.03,3.98,4234848.00
2010-07-20,9.79,103850059,1016692077.61,1.02,-1.31,6330214.00
2010-07-21,9.47,103850059,983460058.73,0.98,-3.27,3394048.00
2010-07-22,10.02,103850059,1040577591.18,1.04,5.81,5048076.00
2010-07-23,10.33,103850059,1072771109.47,1.07,3.09,3323161.00
2010-07-26,10.62,103850059,1102887626.58,1.10,2.81,5254776.00
2010-07-27,10.48,103850059,1088348618.32,1.09,-1.32,3835680.00
2010-07-28,10.14,103850059,1053039598.26,1.05,-3.24,1873872.00
2010-07-29,10.13,103850059,1052001097.67,1.05,-0.10,2328887.00
2010-07-30,10.25,103850059,1064463104.75,1.06,1.18,2780825.00
2010-08-02,10.58,103850059,1098733624.22,1.10,3.22,3525256.00
2010-08-03,10.26,103850059,1065501605.34,1.07,-3.02,4502088.00
2010-08-04,10.38,103850059,1077963612.42,1.08,1.17,4813206.00
2010-08-05,10.13,103850059,1052001097.67,1.05,-2.41,2600371.00
2010-08-06,10.18,103850059,1057193600.62,1.06,0.49,3606774.00
2010-08-09,10.43,103850059,1083156115.37,1.08,2.46,2809842.00
2010-08-10,9.69,103850059,1006307071.71,1.01,-7.09,4200615.00
2010-08-11,9.20,103850059,955420542.80,0.96,-5.06,6645160.00
2010-08-12,8.94,103850059,928419527.46,0.93,-2.83,8120202.00
2010-08-13,8.84,103850059,918034521.56,0.92,-1.12,5502900.00
2010-08-16,8.83,103850059,916996020.97,0.92,-0.11,3467541.00
2010-08-17,9.03,103850059,937766032.77,0.94,2.27,4469850.00
2010-08-18,9.02,103850059,936727532.18,0.94,-0.11,3615216.00
2010-08-19,8.53,103850059,885841003.27,0.89,-5.43,4968725.00
2010-08-20,8.65,103850059,898303010.35,0.90,1.41,4156325.00
2010-08-23,8.44,103850059,876494497.96,0.88,-2.43,3448584.00
2010-08-24,8.25,103850059,856762986.75,0.86,-2.25,4902975.00
2010-08-25,8.40,103850059,872340495.60,0.87,1.82,4110120.00
2010-08-26,8.21,103850059,852608984.39,0.85,-2.26,2663324.00
2010-08-27,8.40,103850059,872340495.60,0.87,2.31,4000080.00
2010-08-30,8.38,103850059,870263494.42,0.87,-0.24,3498650.00
2010-08-31,8.24,103850059,855724486.16,0.86,-1.67,7119360.00
2010-09-01,8.73,103850059,906611015.07,0.91,5.95,5336649.00
2010-09-02,8.72,103850059,905572514.48,0.91,-0.11,6225208.00
2010-09-03,8.91,103850059,925304025.69,0.93,2.18,5218587.00
2010-09-07,8.48,103850059,880648500.32,0.88,-4.83,4052592.00
2010-09-08,8.62,103850059,895187508.58,0.90,1.65,4128118.00
2010-09-09,8.57,103850059,889995005.63,0.89,-0.58,2356750.00
2010-09-10,8.47,103850059,879609999.73,0.88,-1.17,3877566.00
2010-09-13,8.79,103850059,912842018.61,0.91,3.78,4044279.00
2010-09-14,8.72,103850059,905572514.48,0.91,-0.80,4670432.00
2010-09-15,8.86,103850059,920111522.74,0.92,1.61,2560540.00
2010-09-16,8.76,103850059,909726516.84,0.91,-1.13,2346804.00
2010-09-17,8.99,103850059,933612030.41,0.93,2.63,6429648.00
2010-09-20,9.31,103850059,966844049.29,0.97,3.56,3985611.00
2010-09-21,9.14,103850059,949189539.26,0.95,-1.83,2908348.00
2010-09-22,8.95,103850059,929458028.05,0.93,-2.08,3108335.00
2010-09-23,8.89,103850059,923227024.51,0.92,-0.67,8187690.00
2010-09-24,9.84,103850059,1021884580.56,1.02,10.69,9794736.00
2010-09-27,9.49,103850059,985537059.91,0.99,-3.56,3487575.00
2010-09-28,9.84,103850059,1021884580.56,1.02,3.69,6211992.00
2010-09-29,9.88,103850059,1026038582.92,1.03,0.41,2670564.00
2010-09-30,9.79,103850059,1016692077.61,1.02,-0.91,2817562.00
2010-10-01,9.79,103850059,1016692077.61,1.02,0.00,1423466.00
2010-10-04,9.40,103850059,976190554.60,0.98,-3.98,2224040.00
2010-10-05,9.68,103850059,1005268571.12,1.01,2.98,4516688.00
2010-10-06,9.79,103850059,1016692077.61,1.02,1.14,3126926.00
2010-10-07,9.78,103850059,1015653577.02,1.02,-0.10,2133018.00
2010-10-08,9.83,103850059,1020846079.97,1.02,0.51,2434891.00
2010-10-11,9.81,103850059,1018769078.79,1.02,-0.20,1162485.00
2010-10-12,9.72,103850059,1009422573.48,1.01,-0.92,2112156.00
2010-10-13,10.11,103850059,1049924096.49,1.05,4.01,3429312.00
2010-10-14,9.97,103850059,1035385088.23,1.04,-1.38,3059793.00
2010-10-15,10.04,103850059,1042654592.36,1.04,0.70,5306140.00
2010-10-18,10.30,103850059,1069655607.70,1.07,2.59,4008760.00
2010-10-19,10.03,103850059,1041616091.77,1.04,-2.62,5471365.00
2010-10-20,10.03,103850059,1041616091.77,1.04,0.00,4411194.00
2010-10-21,9.92,103850059,1030192585.28,1.03,-1.10,3504736.00
2010-10-22,10.20,103850059,1059270601.80,1.06,2.82,4689960.00
2010-10-25,10.12,103850059,1050962597.08,1.05,-0.78,2798180.00
2010-10-26,10.21,103850059,1060309102.39,1.06,0.89,3265158.00
2010-10-27,10.14,103850059,1053039598.26,1.05,-0.69,2241954.00
2010-10-28,10.16,103850059,1055116599.44,1.06,0.20,2378456.00
2010-10-29,10.48,103850059,1088348618.32,1.09,3.15,2907152.00
2010-11-01,10.50,103850059,1090425619.50,1.09,0.19,3727500.00
2010-11-02,10.84,103850059,1125734639.56,1.13,3.24,4878000.00
2010-11-03,10.88,103850059,1129888641.92,1.13,0.37,4159424.00
2010-11-04,11.40,103850059,1183890672.60,1.18,4.78,6027180.00
2010-11-05,13.63,103850059,1415476304.17,1.42,19.56,33370329.00
2010-11-08,13.68,103850059,1420668807.12,1.42,0.37,9099936.00
2010-11-09,13.19,103850059,1369782278.21,1.37,-3.58,7419375.00
2010-11-10,13.25,103850059,1376013281.75,1.38,0.45,7526000.00
2010-11-11,13.01,103850059,1351089267.59,1.35,-1.81,7338941.00
2010-11-12,12.60,103850059,1308510743.40,1.31,-3.15,5105520.00
2010-11-15,12.58,103850059,1306433742.22,1.31,-0.16,6391898.00
2010-11-16,12.36,103850059,1283586729.24,1.28,-1.75,7109472.00
2010-11-17,12.58,103850059,1306433742.22,1.31,1.78,3414212.00
2010-11-18,12.96,103850059,1345896764.64,1.35,3.02,4418064.00
2010-11-19,13.43,103850059,1394706292.37,1.39,3.63,8491789.00
2010-11-22,13.20,103850059,1370820778.80,1.37,-1.71,7435560.00
2010-11-23,12.62,103850059,1310587744.58,1.31,-4.39,8854192.00
2010-11-24,13.09,103850059,1359397272.31,1.36,3.72,6215132.00
2010-11-26,12.95,103850059,1344858264.05,1.34,-1.07,2266250.00
2010-11-29,13.42,103850059,1393667791.78,1.39,3.63,9571144.00
2010-11-30,13.28,103850059,1379128783.52,1.38,-1.04,14151168.00
2010-12-01,14.04,103850059,1458054828.36,1.46,5.72,11894688.00
2010-12-02,14.13,103850059,1467401333.67,1.47,0.64,9424710.00
2010-12-03,14.12,103850059,1466362833.08,1.47,-0.07,7840836.00
2010-12-06,14.08,103850059,1462208830.72,1.46,-0.28,7922816.00
2010-12-07,14.61,103850059,1517249361.99,1.52,3.76,13102248.00
2010-12-08,14.34,103850059,1489209846.06,1.49,-1.85,7277550.00
2010-12-09,14.51,103850059,1506864356.09,1.51,1.19,6861779.00
2010-12-10,14.80,103850059,1536980873.20,1.54,2.00,11361960.00
2010-12-13,14.66,103850059,1522441864.94,1.52,-0.95,5227756.00
2010-12-14,14.60,103850059,1516210861.40,1.52,-0.41,6339320.00
2010-12-15,14.64,103850059,1520364863.76,1.52,0.27,6129768.00
2010-12-16,14.99,103850059,1556712384.41,1.56,2.39,5454861.00
2010-12-17,14.99,103850059,1556712384.41,1.56,0.00,12720514.00
2010-12-20,15.27,103850059,1585790400.93,1.59,1.87,5394891.00
2010-12-21,15.30,103850059,1588905902.70,1.59,0.20,7780050.00
2010-12-22,15.16,103850059,1574366894.44,1.57,-0.92,3232112.00
2010-12-23,15.29,103850059,1587867402.11,1.59,0.86,3683361.00
2010-12-27,15.48,103850059,1607598913.32,1.61,1.24,4958244.00
2010-12-28,15.08,103850059,1566058889.72,1.57,-2.58,5270460.00
2010-12-29,15.01,103850059,1558789385.59,1.56,-0.46,2448131.00
2010-12-30,14.86,103850059,1543211876.74,1.54,-1.00,2753558.00
2010-12-31,14.92,103850059,1549442880.28,1.55,0.40,3122756.00
2011-01-03,15.19,103850059,1577482396.21,1.58,1.81,5902834.00
2011-01-04,14.48,103850059,1503748854.32,1.50,-4.67,10078080.00
2011-01-05,14.33,103850059,1488171345.47,1.49,-1.04,9546646.00
2011-01-06,14.42,103850059,1497517850.78,1.50,0.63,5230134.00
2011-01-07,14.03,103850059,1457016327.77,1.46,-2.70,10840981.00
2011-01-10,14.20,103850059,1474670837.80,1.47,1.21,17454640.00
2011-01-11,14.28,103850059,1482978842.52,1.48,0.56,3681384.00
2011-01-12,14.62,103850059,1518287862.58,1.52,2.38,4989806.00
2011-01-13,17.74,103850059,1842300046.66,1.84,21.34,57864332.00
2011-01-14,18.08,103850059,1877609066.72,1.88,1.92,41600272.00
2011-01-18,17.91,103850059,1859954556.69,1.86,-0.94,23066289.00
2011-01-19,17.18,103850059,1784144013.62,1.78,-4.08,13896902.00
2011-01-20,16.69,103850059,1733257484.71,1.73,-2.85,9473244.00
2011-01-21,16.20,103850059,1682370955.80,1.68,-2.94,12380040.00
2011-01-24,16.19,103850059,1681332455.21,1.68,-0.06,8349183.00
2011-01-25,16.33,103850059,1695871463.47,1.70,0.86,15025233.00
2011-01-26,16.52,103850059,1715602974.68,1.72,1.16,11724244.00
2011-01-27,16.35,103850059,1697948464.65,1.70,-1.03,7650165.00
2011-01-28,15.90,103850059,1651215938.10,1.65,-2.75,15669450.00
2011-01-31,15.90,103850059,1651215938.10,1.65,0.00,8803830.00
2011-02-01,16.85,103850059,1749873494.15,1.75,5.97,18383350.00
2011-02-02,16.61,103850059,1724949479.99,1.72,-1.42,11183513.00
2011-02-03,17.20,103850059,1786221014.80,1.79,3.55,19362040.00
2011-02-04,17.21,103850059,1787259515.39,1.79,0.06,12651071.00
2011-02-07,17.89,103850059,1857877555.51,1.86,3.95,16303157.00
2011-02-08,17.55,103850059,1822568535.45,1.82,-1.90,10912590.00
2011-02-09,17.73,103850059,1841261546.07,1.84,1.03,12942900.00
2011-02-10,18.13,103850059,1882801569.67,1.88,2.26,18242406.00
2011-02-11,18.70,103850059,1941996103.30,1.94,3.14,32199530.00
2011-02-14,18.56,103850059,1927457095.04,1.93,-0.75,12412928.00
2011-02-15,18.39,103850059,1909802585.01,1.91,-0.92,10958601.00
2011-02-16,18.50,103850059,1921226091.50,1.92,0.60,26665900.00
2011-02-17,18.92,103850059,1964843116.28,1.96,2.27,9034300.00
2011-02-18,18.63,103850059,1934726599.17,1.93,-1.53,10891098.00
2011-02-22,17.46,103850059,1813222030.14,1.81,-6.28,14608782.00
2011-02-23,16.63,103850059,1727026481.17,1.73,-4.75,17127237.00
2011-02-24,16.96,103850059,1761297000.64,1.76,1.98,11151200.00
2011-02-25,17.70,103850059,1838146044.30,1.84,4.36,8391570.00
2011-02-28,17.54,103850059,1821530034.86,1.82,-0.90,9922378.00
2011-03-01,17.00,103850059,1765451003.00,1.77,-3.08,10157500.00
2011-03-02,17.09,103850059,1774797508.31,1.77,0.53,9261071.00
2011-03-03,18.20,103850059,1890071073.80,1.89,6.50,10444980.00
2011-03-04,17.96,103850059,1865147059.64,1.87,-1.32,6925376.00
2011-03-07,17.60,103850059,1827761038.40,1.83,-2.00,22172480.00
2011-03-08,18.08,103850059,1877609066.72,1.88,2.73,11272880.00
2011-03-09,17.30,103850059,1796606020.70,1.80,-4.31,4693490.00
2011-03-10,15.98,103850059,1659523942.82,1.66,-7.63,16766216.00
2011-03-11,16.06,103850059,1667831947.54,1.67,0.50,15004858.00
2011-03-14,15.91,103850059,1652254438.69,1.65,-0.93,12506851.00
2011-03-15,15.48,103850059,1607598913.32,1.61,-2.70,18288072.00
2011-03-16,15.52,103850059,1611752915.68,1.61,0.26,23149632.00
2011-03-17,15.44,103850059,1603444910.96,1.60,-0.52,13068416.00
2011-03-18,15.91,103850059,1652254438.69,1.65,3.04,25370086.00
2011-03-21,16.68,103850059,1732218984.12,1.73,4.84,12646776.00
2011-03-22,16.40,103850059,1703140967.60,1.70,-1.68,8560800.00
2011-03-23,16.44,103850059,1707294969.96,1.71,0.24,8869380.00
2011-03-24,17.07,103850059,1772720507.13,1.77,3.83,12326247.00
2011-03-25,17.41,103850059,1808029527.19,1.81,1.99,14368473.00
2011-03-28,17.31,103850059,1797644521.29,1.80,-0.57,7808541.00
2011-03-29,17.93,103850059,1862031557.87,1.86,3.58,12115301.00
2011-03-30,18.41,103850059,1911879586.19,1.91,2.68,18119122.00
2011-03-31,18.16,103850059,1885917071.44,1.89,-1.36,15167232.00
2011-04-01,18.09,103850059,1878647567.31,1.88,-0.39,14701743.00
2011-04-04,18.85,103850059,1957573612.15,1.96,4.20,31424835.00
2011-04-05,19.12,103850059,1985613128.08,1.99,1.43,22242296.00
2011-04-06,19.05,103850059,1978343623.95,1.98,-0.37,17017365.00
2011-04-07,18.64,103850059,1935765099.76,1.94,-2.15,8757072.00
2011-04-08,18.05,103850059,1874493564.95,1.87,-3.17,11236125.00
2011-04-11,17.29,103850059,1795567520.11,1.80,-4.21,19043206.00
2011-04-12,16.94,103850059,1759219999.46,1.76,-2.02,11573408.00
2011-04-13,16.89,103850059,1754027496.51,1.75,-0.30,8495670.00
2011-04-14,17.02,103850059,1767528004.18,1.77,0.77,6474408.00
2011-04-15,16.89,103850059,1754027496.51,1.75,-0.76,8227119.00
2011-04-18,16.23,103850059,1685486457.57,1.69,-3.91,19703220.00
2011-04-19,16.69,103850059,1733257484.71,1.73,2.83,8530259.00
2011-04-20,17.64,103850059,1831915040.76,1.83,5.69,13775076.00
2011-04-21,17.87,103850059,1855800554.33,1.86,1.30,8486463.00
2011-04-25,18.84,103850059,1956535111.56,1.96,5.43,25844712.00
2011-04-26,18.87,103850059,1959650613.33,1.96,0.16,20757000.00
2011-04-27,18.68,103850059,1939919102.12,1.94,-1.01,15242880.00
2011-04-28,18.83,103850059,1955496610.97,1.96,0.80,7524468.00
2011-04-29,19.12,103850059,1985613128.08,1.99,1.54,14320880.00
2011-05-02,18.44,103850059,1914995087.96,1.91,-3.56,15318108.00
2011-05-03,17.79,103850059,1847492549.61,1.85,-3.52,17790000.00
2011-05-04,17.50,103850059,1817376032.50,1.82,-1.63,14462000.00
2011-05-05,17.69,103850059,1837107543.71,1.84,1.09,15032962.00
2011-05-06,16.43,103850059,1706256469.37,1.71,-7.12,43133679.00
2011-05-09,16.33,103850059,1695871463.47,1.70,-0.61,12631255.00
2011-05-10,17.74,103850059,1842300046.66,1.84,8.63,25866694.00
2011-05-11,17.00,103850059,1765451003.00,1.77,-4.17,13299100.00
2011-05-12,17.42,103850059,1809068027.78,1.81,2.47,9546160.00
2011-05-13,16.73,103850059,1737411487.07,1.74,-3.96,10101574.00
2011-05-16,16.36,103850059,1698986965.24,1.70,-2.21,9809456.00
2011-05-17,16.33,103850059,1695871463.47,1.70,-0.18,13805382.00
2011-05-18,16.63,103850059,1727026481.17,1.73,1.84,9913143.00
2011-05-19,16.82,103850059,1746757992.38,1.75,1.14,9624404.00
2011-05-20,16.94,103850059,1759219999.46,1.76,0.71,13635006.00
2011-05-23,15.97,103850059,1658485442.23,1.66,-5.73,17567000.00
2011-05-24,15.53,103850059,1612791416.27,1.61,-2.76,15943098.00
2011-05-25,15.93,103850059,1654331439.87,1.65,2.58,9532512.00
2011-05-26,16.45,103850059,1708333470.55,1.71,3.26,10759945.00
2011-05-27,16.47,103850059,1710410471.73,1.71,0.12,6270129.00
2011-05-31,16.56,103850059,1719756977.04,1.72,0.55,14910624.00
2011-06-01,15.50,103850059,1609675914.50,1.61,-6.40,12847950.00
2011-06-02,15.72,103850059,1632522927.48,1.63,1.42,10768200.00
2011-06-03,15.11,103850059,1569174391.49,1.57,-3.88,8985917.00
2011-06-06,14.54,103850059,1509979857.86,1.51,-3.77,14445490.00
2011-06-07,14.58,103850059,1514133860.22,1.51,0.28,7136910.00
2011-06-08,13.68,103850059,1420668807.12,1.42,-6.17,18611640.00
2011-06-09,13.73,103850059,1425861310.07,1.43,0.37,18420168.00
2011-06-10,13.37,103850059,1388475288.83,1.39,-2.62,14737751.00
2011-06-13,13.86,103850059,1439361817.74,1.44,3.66,23130954.00
2011-06-14,14.14,103850059,1468439834.26,1.47,2.02,11507132.00
2011-06-15,14.82,103850059,1539057874.38,1.54,4.81,29496246.00
2011-06-16,14.77,103850059,1533865371.43,1.53,-0.34,21239260.00
2011-06-17,14.61,103850059,1517249361.99,1.52,-1.08,16713840.00
2011-06-20,14.65,103850059,1521403364.35,1.52,0.27,10991895.00
2011-06-21,15.20,103850059,1578520896.80,1.58,3.75,9579040.00
2011-06-22,15.15,103850059,1573328393.85,1.57,-0.33,12609345.00
2011-06-23,15.38,103850059,1597213907.42,1.60,1.52,16722674.00
2011-06-24,15.05,103850059,1562943387.95,1.56,-2.15,92647800.00
2011-06-27,15.08,103850059,1566058889.72,1.57,0.20,16343704.00
2011-06-28,15.53,103850059,1612791416.27,1.61,2.98,10971945.00
2011-06-29,15.50,103850059,1609675914.50,1.61,-0.19,10104450.00
2011-06-30,16.02,103850059,1663677945.18,1.66,3.35,11154726.00
2011-07-01,16.30,103850059,1692755961.70,1.69,1.75,12343990.00
2011-07-05,16.34,103850059,1696909964.06,1.70,0.25,9710862.00
2011-07-06,16.35,103850059,1697948464.65,1.70,0.06,9308055.00
2011-07-07,16.70,103850059,1734295985.30,1.73,2.14,12707030.00
2011-07-08,16.21,103850059,1683409456.39,1.68,-2.93,8354634.00
2011-07-11,15.83,103850059,1643946433.97,1.64,-2.34,13148398.00
2011-07-12,15.60,103850059,1620060920.40,1.62,-1.45,10063560.00
2011-07-13,15.75,103850059,1635638429.25,1.64,0.96,10213875.00
2011-07-14,15.52,103850059,1611752915.68,1.61,-1.46,8475472.00
2011-07-15,15.50,103850059,1609675914.50,1.61,-0.13,9718500.00
2011-07-18,15.08,103850059,1566058889.72,1.57,-2.71,6481384.00
2011-07-19,15.54,103850059,1613829916.86,1.61,3.05,5849256.00
2011-07-20,15.66,103850059,1626291923.94,1.63,0.77,8202708.00
2011-07-21,15.41,103850059,1600329409.19,1.60,-1.60,8883865.00
2011-07-22,15.56,103850059,1615906918.04,1.62,0.97,5422660.00
2011-07-25,15.30,103850059,1588905902.70,1.59,-1.67,4579290.00
2011-07-26,15.32,103850059,1590982903.88,1.59,0.13,4715496.00
2011-07-27,14.36,103850059,1491286847.24,1.49,-6.27,11719196.00
2011-07-28,14.20,103850059,1474670837.80,1.47,-1.11,11563060.00
2011-07-29,13.85,103850059,1438323317.15,1.44,-2.46,12458075.00
2011-08-01,13.77,103850059,1430015312.43,1.43,-0.58,10432152.00
2011-08-02,13.74,103850059,1426899810.66,1.43,-0.22,18430836.00
2011-08-03,13.51,103850059,1403014297.09,1.40,-1.67,15116339.00
2011-08-04,12.34,103850059,1281509728.06,1.28,-8.66,27183786.00
2011-08-05,10.26,103850059,1065501605.34,1.07,-16.86,46837926.00
2011-08-08,9.60,103850059,996960566.40,1.00,-6.43,17506560.00
2011-08-09,10.29,103850059,1068617107.11,1.07,7.19,21043050.00
2011-08-10,9.89,103850059,1027077083.51,1.03,-3.89,11266688.00
2011-08-11,10.76,103850059,1117426634.84,1.12,8.80,12995928.00
2011-08-12,10.93,103850059,1135081144.87,1.14,1.58,9015064.00
2011-08-15,11.36,103850059,1179736670.24,1.18,3.93,8415488.00
2011-08-16,11.08,103850059,1150658653.72,1.15,-2.46,12293260.00
2011-08-17,11.09,103850059,1151697154.31,1.15,0.09,6948994.00
2011-08-18,10.09,103850059,1047847095.31,1.05,-9.02,9246476.00
2011-08-19,9.98,103850059,1036423588.82,1.04,-1.09,6319336.00
2011-08-22,9.87,103850059,1025000082.33,1.03,-1.10,5934831.00
2011-08-23,10.41,103850059,1081079114.19,1.08,5.47,8030274.00
2011-08-24,10.62,103850059,1102887626.58,1.10,2.02,4296852.00
2011-08-25,10.24,103850059,1063424604.16,1.06,-3.58,5639168.00
2011-08-26,10.51,103850059,1091464120.09,1.09,2.64,8770595.00
2011-08-29,11.21,103850059,1164159161.39,1.16,6.66,8548746.00
2011-08-30,11.21,103850059,1164159161.39,1.16,0.00,5787723.00
2011-08-31,11.17,103850059,1160005159.03,1.16,-0.36,6283125.00
2011-09-01,10.66,103850059,1107041628.94,1.11,-4.57,6669962.00
2011-09-02,10.03,103850059,1041616091.77,1.04,-5.91,6173465.00
2011-09-06,9.99,103850059,1037462089.41,1.04,-0.40,7786206.00
2011-09-07,10.82,103850059,1123657638.38,1.12,8.31,6934538.00
2011-09-08,10.88,103850059,1129888641.92,1.13,0.55,11779776.00
2011-09-09,10.22,103850059,1061347602.98,1.06,-6.07,6347642.00
2011-09-12,10.66,103850059,1107041628.94,1.11,4.31,9583340.00
2011-09-13,10.97,103850059,1139235147.23,1.14,2.91,13189231.00
2011-09-14,11.50,103850059,1194275678.50,1.19,4.83,11855350.00
2011-09-15,11.50,103850059,1194275678.50,1.19,0.00,7545150.00
2011-09-16,11.31,103850059,1174544167.29,1.17,-1.65,15760485.00
2011-09-19,10.94,103850059,1136119645.46,1.14,-3.27,5974334.00
2011-09-20,10.75,103850059,1116388134.25,1.12,-1.74,8166775.00
2011-09-21,10.44,103850059,1084194615.96,1.08,-2.88,5965416.00
2011-09-22,9.81,103850059,1018769078.79,1.02,-6.03,8854506.00
2011-09-23,10.02,103850059,1040577591.18,1.04,2.14,4417818.00
2011-09-26,9.96,103850059,1034346587.64,1.03,-0.60,8104452.00
2011-09-27,10.47,103850059,1087310117.73,1.09,5.12,7396008.00
2011-09-28,9.83,103850059,1020846079.97,1.02,-6.11,8491154.00
2011-09-29,9.94,103850059,1032269586.46,1.03,1.12,5819870.00
2011-09-30,9.51,103850059,987614061.09,0.99,-4.33,4281402.00
2011-10-03,8.84,103850059,918034521.56,0.92,-7.05,7797764.00
2011-10-04,9.21,103850059,956459043.39,0.96,4.19,12447315.00
2011-10-05,9.76,103850059,1013576575.84,1.01,5.97,7739680.00
2011-10-06,10.14,103850059,1053039598.26,1.05,3.89,6758310.00
2011-10-07,10.16,103850059,1055116599.44,1.06,0.20,7441184.00
2011-10-10,10.59,103850059,1099772124.81,1.10,4.23,7328280.00
2011-10-11,10.70,103850059,1111195631.30,1.11,1.04,5872160.00
2011-10-12,10.83,103850059,1124696138.97,1.12,1.21,5670588.00
2011-10-13,11.00,103850059,1142350649.00,1.14,1.57,5764000.00
2011-10-14,11.51,103850059,1195314179.09,1.20,4.64,10684733.00
2011-10-17,11.00,103850059,1142350649.00,1.14,-4.43,8075100.00
2011-10-18,11.24,103850059,1167274663.16,1.17,2.18,5663836.00
2011-10-19,10.96,103850059,1138196646.64,1.14,-2.49,6584768.00
2011-10-20,10.94,103850059,1136119645.46,1.14,-0.18,5506102.00
2011-10-21,11.28,103850059,1171428665.52,1.17,3.11,7149264.00
2011-10-24,11.53,103850059,1197391180.27,1.20,2.22,9174421.00
2011-10-25,11.16,103850059,1158966658.44,1.16,-3.21,7489476.00
2011-10-26,11.23,103850059,1166236162.57,1.17,0.63,12227224.00
2011-10-27,11.70,103850059,1215045690.30,1.22,4.19,17542980.00
2011-10-28,11.74,103850059,1219199692.66,1.22,0.34,11747044.00
2011-10-31,11.17,103850059,1160005159.03,1.16,-4.86,7554271.00
2011-11-01,10.46,103850059,1086271617.14,1.09,-6.36,6766574.00
2011-11-02,10.86,103850059,1127811640.74,1.13,3.82,8604378.00
2011-11-03,11.46,103850059,1190121676.14,1.19,5.52,9163416.00
2011-11-04,11.43,103850059,1187006174.37,1.19,-0.26,7247763.00
2011-11-07,11.11,103850059,1153774155.49,1.15,-2.80,4417336.00
2011-11-08,11.43,103850059,1187006174.37,1.19,2.88,8300466.00
2011-11-09,10.76,103850059,1117426634.84,1.12,-5.86,7823596.00
2011-11-10,10.93,103850059,1135081144.87,1.14,1.58,4602623.00
2011-11-11,11.24,103850059,1167274663.16,1.17,2.84,4144188.00
2011-11-14,11.01,103850059,1143389149.59,1.14,-2.05,5452152.00
2011-11-15,11.25,103850059,1168313163.75,1.17,2.18,3027375.00
2011-11-16,11.11,103850059,1153774155.49,1.15,-1.24,3431879.00
2011-11-17,10.88,103850059,1129888641.92,1.13,-2.07,5802304.00
2011-11-18,10.81,103850059,1122619137.79,1.12,-0.64,3360829.00
2011-11-21,10.35,103850059,1074848110.65,1.07,-4.26,4296285.00
2011-11-22,10.27,103850059,1066540105.93,1.07,-0.77,5770713.00
2011-11-23,9.97,103850059,1035385088.23,1.04,-2.92,4757684.00
2011-11-25,9.90,103850059,1028115584.10,1.03,-0.70,1933470.00
2011-11-28,10.46,103850059,1086271617.14,1.09,5.66,3967478.00
2011-11-29,10.37,103850059,1076925111.83,1.08,-0.86,2609092.00
2011-11-30,11.01,103850059,1143389149.59,1.14,6.17,12458916.00
2011-12-01,10.88,103850059,1129888641.92,1.13,-1.18,5794688.00
2011-12-02,11.23,103850059,1166236162.57,1.17,3.22,7169232.00
2011-12-05,11.41,103850059,1184929173.19,1.18,1.60,4946235.00
2011-12-06,11.30,103850059,1173505666.70,1.17,-0.96,3017100.00
2011-12-07,11.40,103850059,1183890672.60,1.18,0.88,10334100.00
2011-12-08,10.91,103850059,1133004143.69,1.13,-4.30,3947238.00
2011-12-09,11.43,103850059,1187006174.37,1.19,4.77,5472684.00
2011-12-12,11.25,103850059,1168313163.75,1.17,-1.57,3974625.00
2011-12-13,11.01,103850059,1143389149.59,1.14,-2.13,4781643.00
2011-12-14,10.72,103850059,1113272632.48,1.11,-2.63,4318016.00
2011-12-15,10.79,103850059,1120542136.61,1.12,0.65,3839082.00
2011-12-16,11.13,103850059,1155851156.67,1.16,3.15,12770562.00
2011-12-19,10.90,103850059,1131965643.10,1.13,-2.07,3880400.00
2011-12-20,11.55,103850059,1199468181.45,1.20,5.96,5408865.00
2011-12-21,11.35,103850059,1178698169.65,1.18,-1.73,5534260.00
2011-12-22,11.50,103850059,1194275678.50,1.19,1.32,3307400.00
2011-12-23,11.49,103850059,1193237177.91,1.19,-0.09,1836102.00
2011-12-27,11.53,103850059,1197391180.27,1.20,0.35,2402852.00
2011-12-28,11.11,103850059,1153774155.49,1.15,-3.64,3087469.00
2011-12-29,11.10,103850059,1152735654.90,1.15,-0.09,2909310.00
2011-12-30,10.96,103850059,1138196646.64,1.14,-1.26,3130176.00
2012-01-03,11.30,103850059,1173505666.70,1.17,3.10,6600330.00
2012-01-04,11.29,103850059,1172467166.11,1.17,-0.09,3175877.00
2012-01-05,11.51,103850059,1195314179.09,1.20,1.95,6260289.00
2012-01-06,10.58,103850059,1098733624.22,1.10,-8.08,15719764.00
2012-01-09,10.36,103850059,1075886611.24,1.08,-2.08,6886292.00
2012-01-10,10.77,103850059,1118465135.43,1.12,3.96,7030656.00
2012-01-11,10.66,103850059,1107041628.94,1.11,-1.02,5454722.00
2012-01-12,11.25,103850059,1168313163.75,1.17,5.53,11526750.00
2012-01-13,11.38,103850059,1181813671.42,1.18,1.16,6182754.00
2012-01-17,11.62,103850059,1206737685.58,1.21,2.11,9796822.00
2012-01-18,11.98,103850059,1244123706.82,1.24,3.10,6326638.00
2012-01-19,12.26,103850059,1273201723.34,1.27,2.34,7324124.00
2012-01-20,12.20,103850059,1266970719.80,1.27,-0.49,6528220.00
2012-01-23,11.99,103850059,1245162207.41,1.25,-1.72,5678464.00
2012-01-24,11.97,103850059,1243085206.23,1.24,-0.17,5944302.00
2012-01-25,12.22,103850059,1269047720.98,1.27,2.09,10746268.00
2012-01-26,12.24,103850059,1271124722.16,1.27,0.16,3905784.00
2012-01-27,12.19,103850059,1265932219.21,1.27,-0.41,3460741.00
2012-01-30,12.09,103850059,1255547213.31,1.26,-0.82,4088838.00
2012-01-31,12.27,103850059,1274240223.93,1.27,1.49,3001242.00
2012-02-01,13.04,103850059,1354204769.36,1.35,6.28,6366128.00
2012-02-02,13.20,103850059,1370820778.80,1.37,1.23,5650920.00
2012-02-03,13.54,103850059,1406129798.86,1.41,2.58,5754500.00
2012-02-06,13.39,103850059,1390552290.01,1.39,-1.11,7756827.00
2012-02-07,13.46,103850059,1397821794.14,1.40,0.52,7022082.00
2012-02-08,12.75,103850059,1324088252.25,1.32,-5.27,30304200.00
2012-02-09,12.61,103850059,1309549243.99,1.31,-1.10,8123362.00
2012-02-10,12.34,103850059,1281509728.06,1.28,-2.14,5878776.00
2012-02-13,12.39,103850059,1286702231.01,1.29,0.41,3890460.00
2012-02-14,12.21,103850059,1268009220.39,1.27,-1.45,5101338.00
2012-02-15,12.14,103850059,1260739716.26,1.26,-0.57,6443912.00
2012-02-16,12.34,103850059,1281509728.06,1.28,1.65,5796098.00
2012-02-17,12.24,103850059,1271124722.16,1.27,-0.81,3138336.00
2012-02-21,12.13,103850059,1259701215.67,1.26,-0.90,5464565.00
2012-02-22,11.97,103850059,1243085206.23,1.24,-1.32,3338433.00
2012-02-23,12.22,103850059,1269047720.98,1.27,2.09,3155204.00
2012-02-24,12.27,103850059,1274240223.93,1.27,0.41,2732529.00
2012-02-27,12.58,103850059,1306433742.22,1.31,2.53,8496532.00
2012-02-28,12.11,103850059,1257624214.49,1.26,-3.74,4245766.00
2012-02-29,11.71,103850059,1216084190.89,1.22,-3.30,5860855.00
2012-03-01,12.00,103850059,1246200708.00,1.25,2.48,6525600.00
2012-03-02,11.95,103850059,1241008205.05,1.24,-0.42,7720895.00
2012-03-05,11.59,103850059,1203622183.81,1.20,-3.01,5484388.00
2012-03-06,11.34,103850059,1177659669.06,1.18,-2.16,9041382.00
2012-03-07,11.57,103850059,1201545182.63,1.20,2.03,5068817.00
2012-03-08,11.92,103850059,1237892703.28,1.24,3.03,2906096.00
2012-03-09,11.89,103850059,1234777201.51,1.23,-0.25,3009359.00
2012-03-12,11.73,103850059,1218161192.07,1.22,-1.35,3351261.00
2012-03-13,12.02,103850059,1248277709.18,1.25,2.47,3422094.00
2012-03-14,11.75,103850059,1220238193.25,1.22,-2.25,2018650.00
2012-03-15,11.84,103850059,1229584698.56,1.23,0.77,2025824.00
2012-03-16,11.85,103850059,1230623199.15,1.23,0.08,5885895.00
2012-03-19,12.02,103850059,1248277709.18,1.25,1.43,3634848.00
2012-03-20,11.96,103850059,1242046705.64,1.24,-0.50,2987608.00
2012-03-21,12.11,103850059,1257624214.49,1.26,1.25,7417375.00
2012-03-22,11.80,103850059,1225430696.20,1.23,-2.56,3102220.00
2012-03-23,11.72,103850059,1217122691.48,1.22,-0.68,4126612.00
2012-03-26,11.96,103850059,1242046705.64,1.24,2.05,3218436.00
2012-03-27,11.81,103850059,1226469196.79,1.23,-1.25,2809599.00
2012-03-28,11.72,103850059,1217122691.48,1.22,-0.76,3280428.00
2012-03-29,11.64,103850059,1208814686.76,1.21,-0.68,2184828.00
2012-03-30,11.51,103850059,1195314179.09,1.20,-1.12,4050369.00
2012-04-02,11.38,103850059,1181813671.42,1.18,-1.13,6133820.00
2012-04-03,11.10,103850059,1152735654.90,1.15,-2.46,5042730.00
2012-04-04,10.96,103850059,1138196646.64,1.14,-1.26,6190208.00
2012-04-05,10.97,103850059,1139235147.23,1.14,0.09,3784650.00
2012-04-09,10.66,103850059,1107041628.94,1.11,-2.83,2496572.00
2012-04-10,10.39,103850059,1079002113.01,1.08,-2.53,3746634.00
2012-04-11,10.62,103850059,1102887626.58,1.10,2.21,3864618.00
2012-04-12,10.80,103850059,1121580637.20,1.12,1.69,3943080.00
2012-04-13,10.50,103850059,1090425619.50,1.09,-2.78,2937900.00
2012-04-16,10.47,103850059,1087310117.73,1.09,-0.29,1951608.00
2012-04-17,10.90,103850059,1131965643.10,1.13,4.11,5070680.00
2012-04-18,10.79,103850059,1120542136.61,1.12,-1.01,6204250.00
2012-04-19,10.45,103850059,1085233116.55,1.09,-3.15,3120370.00
2012-04-20,10.42,103850059,1082117614.78,1.08,-0.29,2354920.00
2012-04-23,10.31,103850059,1070694108.29,1.07,-1.06,4485881.00
2012-04-24,10.29,103850059,1068617107.11,1.07,-0.19,2505615.00
2012-04-25,10.47,103850059,1087310117.73,1.09,1.75,3075039.00
2012-04-26,10.65,103850059,1106003128.35,1.11,1.72,2029890.00
2012-04-27,10.90,103850059,1131965643.10,1.13,2.35,2986600.00
2012-04-30,10.33,103850059,1072771109.47,1.07,-5.23,4628873.00
2012-05-01,10.35,103850059,1074848110.65,1.07,0.19,6479100.00
2012-05-02,10.01,103850059,1039539090.59,1.04,-3.29,9176167.00
2012-05-03,10.18,103850059,1057193600.62,1.06,1.70,7473138.00
2012-05-04,9.99,103850059,1037462089.41,1.04,-1.87,5329665.00
2012-05-07,10.01,103850059,1039539090.59,1.04,0.20,4044040.00
2012-05-08,10.04,103850059,1042654592.36,1.04,0.30,4909560.00
2012-05-09,9.88,103850059,1026038582.92,1.03,-1.59,2242760.00
2012-05-10,9.90,103850059,1028115584.10,1.03,0.20,3484800.00
2012-05-11,9.84,103850059,1021884580.56,1.02,-0.61,3531576.00
2012-05-14,9.66,103850059,1003191569.94,1.00,-1.83,3717168.00
2012-05-15,9.82,103850059,1019807579.38,1.02,1.66,3894612.00
2012-05-16,9.87,103850059,1025000082.33,1.03,0.51,5370267.00
2012-05-17,9.68,103850059,1005268571.12,1.01,-1.93,3553528.00
2012-05-18,9.65,103850059,1002153069.35,1.00,-0.31,5460935.00
2012-05-21,9.74,103850059,1011499574.66,1.01,0.93,2632722.00
2012-05-22,9.60,103850059,996960566.40,1.00,-1.44,3420480.00
2012-05-23,9.62,103850059,999037567.58,1.00,0.21,3126500.00
2012-05-24,9.40,103850059,976190554.60,0.98,-2.29,2696860.00
2012-05-25,9.39,103850059,975152054.01,0.98,-0.11,1646067.00
2012-05-29,9.52,103850059,988652561.68,0.99,1.38,2148664.00
2012-05-30,9.23,103850059,958536044.57,0.96,-3.05,1799850.00
2012-05-31,9.24,103850059,959574545.16,0.96,0.11,3600828.00
2012-06-01,8.94,103850059,928419527.46,0.93,-3.25,2540748.00
2012-06-04,8.84,103850059,918034521.56,0.92,-1.12,2708576.00
2012-06-05,9.18,103850059,953343541.62,0.95,3.85,1903014.00
2012-06-06,9.34,103850059,969959551.06,0.97,1.74,2373294.00
2012-06-07,9.26,103850059,961651546.34,0.96,-0.86,2152950.00
2012-06-08,9.26,103850059,961651546.34,0.96,0.00,2478902.00
2012-06-11,8.90,103850059,924265525.10,0.92,-3.89,2031870.00
2012-06-12,9.00,103850059,934650531.00,0.93,1.12,2940300.00
2012-06-13,8.77,103850059,910765017.43,0.91,-2.56,2631877.00
2012-06-14,8.82,103850059,915957520.38,0.92,0.57,1838088.00
2012-06-15,8.83,103850059,916996020.97,0.92,0.11,3375709.00
2012-06-18,8.74,103850059,907649515.66,0.91,-1.02,2427098.00
2012-06-19,9.01,103850059,935689031.59,0.94,3.09,1938051.00
2012-06-20,9.22,103850059,957497543.98,0.96,2.33,2241382.00
2012-06-21,8.67,103850059,900380011.53,0.90,-5.97,2778735.00
2012-06-22,8.91,103850059,925304025.69,0.93,2.77,8458263.00
2012-06-25,8.67,103850059,900380011.53,0.90,-2.69,3741972.00
2012-06-26,8.72,103850059,905572514.48,0.91,0.58,3543808.00
2012-06-27,8.92,103850059,926342526.28,0.93,2.29,2477084.00
2012-06-28,8.88,103850059,922188523.92,0.92,-0.45,2485512.00
2012-06-29,9.39,103850059,975152054.01,0.98,5.74,3684636.00
2012-07-02,9.39,103850059,975152054.01,0.98,0.00,2264868.00
2012-07-03,9.72,103850059,1009422573.48,1.01,3.51,1215972.00
2012-07-05,9.62,103850059,999037567.58,1.00,-1.03,1616160.00
2012-07-06,9.41,103850059,977229055.19,0.98,-2.18,2058908.00
2012-07-09,9.40,103850059,976190554.60,0.98,-0.11,2250360.00
2012-07-10,9.24,103850059,959574545.16,0.96,-1.70,1820280.00
2012-07-11,9.24,103850059,959574545.16,0.96,0.00,2067912.00
2012-07-12,9.12,103850059,947112538.08,0.95,-1.30,1477440.00
2012-07-13,9.35,103850059,970998051.65,0.97,2.52,2328150.00
2012-07-16,9.33,103850059,968921050.47,0.97,-0.21,1545981.00
2012-07-17,9.36,103850059,972036552.24,0.97,0.32,1949688.00
2012-07-18,9.75,103850059,1012538075.25,1.01,4.17,3339375.00
2012-07-19,10.15,103850059,1054078098.85,1.05,4.10,3109960.00
2012-07-20,10.27,103850059,1066540105.93,1.07,1.18,4200430.00
2012-07-23,10.11,103850059,1049924096.49,1.05,-1.56,3643644.00
2012-07-24,10.04,103850059,1042654592.36,1.04,-0.69,3073244.00
2012-07-25,10.14,103850059,1053039598.26,1.05,1.00,4613700.00
2012-07-26,10.29,103850059,1068617107.11,1.07,1.48,2901780.00
2012-07-27,10.67,103850059,1108080129.53,1.11,3.69,3322638.00
2012-07-30,10.64,103850059,1104964627.76,1.10,-0.28,2467416.00
2012-07-31,10.94,103850059,1136119645.46,1.14,2.82,5878062.00
2012-08-01,9.16,103850059,951266540.44,0.95,-16.27,13792212.00
2012-08-02,8.98,103850059,932573529.82,0.93,-1.97,6064194.00
2012-08-03,9.40,103850059,976190554.60,0.98,4.68,4671800.00
2012-08-06,9.07,103850059,941920035.13,0.94,-3.51,6475073.00
2012-08-07,9.09,103850059,943997036.31,0.94,0.22,6253011.00
2012-08-08,9.34,103850059,969959551.06,0.97,2.75,2462958.00
2012-08-09,9.34,103850059,969959551.06,0.97,0.00,3767756.00
2012-08-10,9.40,103850059,976190554.60,0.98,0.64,2036040.00
2012-08-13,9.22,103850059,957497543.98,0.96,-1.91,2761390.00
2012-08-14,9.08,103850059,942958535.72,0.94,-1.52,3127152.00
2012-08-15,9.32,103850059,967882549.88,0.97,2.64,2065312.00
2012-08-16,9.44,103850059,980344556.96,0.98,1.29,7328272.00
2012-08-17,9.75,103850059,1012538075.25,1.01,3.28,3993600.00
2012-08-20,9.84,103850059,1021884580.56,1.02,0.92,1637376.00
2012-08-21,10.06,103850059,1044731593.54,1.04,2.24,3487802.00
2012-08-22,10.20,103850059,1059270601.80,1.06,1.39,4058580.00
2012-08-23,10.50,103850059,1090425619.50,1.09,2.94,7453950.00
2012-08-24,10.64,103850059,1104964627.76,1.10,1.33,5396608.00
2012-08-27,10.59,103850059,1099772124.81,1.10,-0.47,2767167.00
2012-08-28,10.66,103850059,1107041628.94,1.11,0.66,3161756.00
2012-08-29,10.68,103850059,1109118630.12,1.11,0.19,3624792.00
2012-08-30,10.65,103850059,1106003128.35,1.11,-0.28,2454825.00
2012-08-31,10.60,103850059,1100810625.40,1.10,-0.47,2469800.00
2012-09-04,10.71,103850059,1112234131.89,1.11,1.04,2403324.00
2012-09-05,10.60,103850059,1100810625.40,1.10,-1.03,2477220.00
2012-09-06,10.80,103850059,1121580637.20,1.12,1.89,6558840.00
2012-09-07,10.96,103850059,1138196646.64,1.14,1.48,2669856.00
2012-09-10,10.57,103850059,1097695123.63,1.10,-3.56,3660391.00
2012-09-11,10.53,103850059,1093541121.27,1.09,-0.38,4800627.00
2012-09-12,10.58,103850059,1098733624.22,1.10,0.47,2658754.00
2012-09-13,10.69,103850059,1110157130.71,1.11,1.04,3580081.00
2012-09-14,10.87,103850059,1128850141.33,1.13,1.68,3761020.00
2012-09-17,10.70,103850059,1111195631.30,1.11,-1.56,2351860.00
2012-09-18,10.50,103850059,1090425619.50,1.09,-1.87,7243950.00
2012-09-19,10.48,103850059,1088348618.32,1.09,-0.19,2564456.00
2012-09-20,10.29,103850059,1068617107.11,1.07,-1.81,1635081.00
2012-09-21,10.15,103850059,1054078098.85,1.05,-1.36,7362810.00
2012-09-24,10.07,103850059,1045770094.13,1.05,-0.79,3349282.00
2012-09-25,9.62,103850059,999037567.58,1.00,-4.47,3736408.00
2012-09-26,9.55,103850059,991768063.45,0.99,-0.73,2970050.00
2012-09-27,9.71,103850059,1008384072.89,1.01,1.68,1787611.00
2012-09-28,9.42,103850059,978267555.78,0.98,-2.99,2081820.00
2012-10-01,9.40,103850059,976190554.60,0.98,-0.21,2507920.00
2012-10-02,9.40,103850059,976190554.60,0.98,0.00,3852120.00
2012-10-03,9.17,103850059,952305041.03,0.95,-2.45,2220057.00
2012-10-04,9.14,103850059,949189539.26,0.95,-0.33,5141250.00
2012-10-05,9.16,103850059,951266540.44,0.95,0.22,2179164.00
2012-10-08,9.14,103850059,949189539.26,0.95,-0.22,1284170.00
2012-10-09,8.99,103850059,933612030.41,0.93,-1.64,1809687.00
2012-10-10,8.94,103850059,928419527.46,0.93,-0.56,2530914.00
2012-10-11,9.01,103850059,935689031.59,0.94,0.78,2083112.00
2012-10-12,8.86,103850059,920111522.74,0.92,-1.66,1583282.00
2012-10-15,8.90,103850059,924265525.10,0.92,0.45,2331800.00
2012-10-16,9.06,103850059,940881534.54,0.94,1.80,1763076.00
2012-10-17,9.34,103850059,969959551.06,0.97,3.09,2918750.00
2012-10-18,9.40,103850059,976190554.60,0.98,0.64,3153700.00
2012-10-19,9.28,103850059,963728547.52,0.96,-1.28,4199200.00
2012-10-22,9.11,103850059,946074037.49,0.95,-1.83,2429637.00
2012-10-23,9.01,103850059,935689031.59,0.94,-1.10,1584859.00
2012-10-24,9.03,103850059,937766032.77,0.94,0.22,1691319.00
2012-10-25,9.06,103850059,940881534.54,0.94,0.33,1196826.00
2012-10-26,8.90,103850059,924265525.10,0.92,-1.77,2111080.00
2012-10-31,9.00,103850059,934650531.00,0.93,1.12,2862900.00
2012-11-01,9.30,103850059,965805548.70,0.97,3.33,2489610.00
2012-11-02,8.90,103850059,924265525.10,0.92,-4.30,5818820.00
2012-11-05,9.28,103850059,963728547.52,0.96,4.27,3615488.00
2012-11-06,9.29,103850059,964767048.11,0.96,0.11,2330861.00
2012-11-07,9.18,103850059,953343541.62,0.95,-1.18,2626398.00
2012-11-08,8.85,103850059,919073022.15,0.92,-3.59,5538330.00
2012-11-09,9.07,103850059,941920035.13,0.94,2.49,2018075.00
2012-11-12,9.06,103850059,940881534.54,0.94,-0.11,1138842.00
2012-11-13,8.84,103850059,918034521.56,0.92,-2.43,2423044.00
2012-11-14,8.83,103850059,916996020.97,0.92,-0.11,3893147.00
2012-11-15,8.68,103850059,901418512.12,0.90,-1.70,4048352.00
2012-11-16,8.47,103850059,879609999.73,0.88,-2.42,4536532.00
2012-11-19,8.68,103850059,901418512.12,0.90,2.48,3761044.00
2012-11-20,8.75,103850059,908688016.25,0.91,0.81,2555875.00
2012-11-21,8.74,103850059,907649515.66,0.91,-0.11,2825642.00
2012-11-23,8.89,103850059,923227024.51,0.92,1.72,795655.00
2012-11-26,8.75,103850059,908688016.25,0.91,-1.57,2293375.00
2012-11-27,8.50,103850059,882725501.50,0.88,-2.86,4013700.00
2012-11-28,8.71,103850059,904534013.89,0.90,2.47,3309800.00
2012-11-29,8.90,103850059,924265525.10,0.92,2.18,1675870.00
2012-11-30,9.02,103850059,936727532.18,0.94,1.35,2098954.00
2012-12-03,9.00,103850059,934650531.00,0.93,-0.22,3620700.00
2012-12-04,9.03,103850059,937766032.77,0.94,0.33,2132886.00
2012-12-05,8.96,103850059,930496528.64,0.93,-0.78,1572480.00
2012-12-06,9.08,103850059,942958535.72,0.94,1.34,1469144.00
2012-12-07,9.08,103850059,942958535.72,0.94,0.00,886208.00
2012-12-10,9.20,103850059,955420542.80,0.96,1.32,1405760.00
2012-12-11,9.40,103850059,976190554.60,0.98,2.17,4135060.00
2012-12-12,9.25,103850059,960613045.75,0.96,-1.60,2164500.00
2012-12-13,9.10,103850059,945035536.90,0.95,-1.62,1393210.00
2012-12-14,9.07,103850059,941920035.13,0.94,-0.33,1646205.00
2012-12-17,9.13,103850059,948151038.67,0.95,0.66,2319933.00
2012-12-18,9.30,103850059,965805548.70,0.97,1.86,3965520.00
2012-12-19,9.30,103850059,965805548.70,0.97,0.00,6351900.00
2012-12-20,9.35,103850059,970998051.65,0.97,0.54,4472105.00
2012-12-21,9.01,103850059,935689031.59,0.94,-3.64,10239865.00
2012-12-24,9.09,103850059,943997036.31,0.94,0.89,2945160.00
2012-12-26,9.18,103850059,953343541.62,0.95,0.99,2756754.00
2012-12-27,9.23,103850059,958536044.57,0.96,0.54,2082288.00
2012-12-28,9.01,103850059,935689031.59,0.94,-2.38,1503769.00
2012-12-31,9.19,103850059,954382042.21,0.95,2.00,1889464.00
2013-01-02,9.46,103850059,982421558.14,0.98,2.94,5118806.00
2013-01-03,9.43,103850059,979306056.37,0.98,-0.32,2680949.00
2013-01-04,9.49,103850059,985537059.91,0.99,0.64,1989104.00
2013-01-07,9.29,103850059,964767048.11,0.96,-2.11,2155280.00
2013-01-08,9.06,103850059,940881534.54,0.94,-2.48,4476546.00
2013-01-09,9.16,103850059,951266540.44,0.95,1.10,2878988.00
2013-01-10,9.22,103850059,957497543.98,0.96,0.66,1847688.00
2013-01-11,9.22,103850059,957497543.98,0.96,0.00,2149182.00
2013-01-14,9.15,103850059,950228039.85,0.95,-0.76,1329495.00
2013-01-15,7.42,103850059,770567437.78,0.77,-18.91,26215602.00
2013-01-16,7.89,103850059,819376965.51,0.82,6.33,26842569.00
2013-01-17,8.08,103850059,839108476.72,0.84,2.41,9861640.00
2013-01-18,7.98,103850059,828723470.82,0.83,-1.24,5476674.00
2013-01-22,8.00,103850059,830800472.00,0.83,0.25,11100800.00
2013-01-23,8.05,103850059,835992974.95,0.84,0.63,8718955.00
2013-01-24,8.15,103850059,846377980.85,0.85,1.24,5280385.00
2013-01-25,8.10,103850059,841185477.90,0.84,-0.61,1575450.00
2013-01-28,8.10,103850059,841185477.90,0.84,0.00,2465640.00
2013-01-29,7.99,103850059,829761971.41,0.83,-1.36,2344266.00
2013-01-30,7.86,103850059,816261463.74,0.82,-1.63,2980512.00
2013-01-31,7.97,103850059,827684970.23,0.83,1.40,2654010.00
2013-02-01,7.94,103850059,824569468.46,0.82,-0.38,4193908.00
2013-02-04,7.95,103850059,825607969.05,0.83,0.13,5160345.00
2013-02-05,8.13,103850059,844300979.67,0.84,2.26,4664181.00
2013-02-06,8.43,103850059,875455997.37,0.88,3.69,13390212.00
2013-02-07,8.46,103850059,878571499.14,0.88,0.36,4367898.00
2013-02-08,8.67,103850059,900380011.53,0.90,2.48,7639137.00
2013-02-11,8.61,103850059,894149007.99,0.89,-0.69,2446962.00
2013-02-12,8.60,103850059,893110507.40,0.89,-0.12,2114740.00
2013-02-13,8.74,103850059,907649515.66,0.91,1.63,2973348.00
2013-02-14,8.79,103850059,912842018.61,0.91,0.57,2313528.00
2013-02-15,8.61,103850059,894149007.99,0.89,-2.05,2889516.00
2013-02-19,8.68,103850059,901418512.12,0.90,0.81,1963416.00
2013-02-20,8.46,103850059,878571499.14,0.88,-2.53,2558304.00
2013-02-21,8.36,103850059,868186493.24,0.87,-1.18,2505492.00
2013-02-22,8.41,103850059,873378996.19,0.87,0.60,1264023.00
2013-02-25,8.31,103850059,862993990.29,0.86,-1.19,1755072.00
2013-02-26,8.30,103850059,861955489.70,0.86,-0.12,1213460.00
2013-02-27,8.30,103850059,861955489.70,0.86,0.00,1241680.00
2013-02-28,8.20,103850059,851570483.80,0.85,-1.20,1901580.00
2013-03-01,7.98,103850059,828723470.82,0.83,-2.68,3015642.00
2013-03-04,7.83,103850059,813145961.97,0.81,-1.88,3086586.00
2013-03-05,7.89,103850059,819376965.51,0.82,0.77,2269164.00
2013-03-06,8.00,103850059,830800472.00,0.83,1.39,1108000.00
2013-03-07,7.92,103850059,822492467.28,0.82,-1.00,3026232.00
2013-03-08,8.00,103850059,830800472.00,0.83,1.01,1707200.00
2013-03-11,7.89,103850059,819376965.51,0.82,-1.38,3933165.00
2013-03-12,7.91,103850059,821453966.69,0.82,0.25,1135085.00
2013-03-13,7.85,103850059,815222963.15,0.82,-0.76,1234020.00
2013-03-14,7.87,103850059,817299964.33,0.82,0.25,2058792.00
2013-03-15,7.91,103850059,821453966.69,0.82,0.51,6257601.00
2013-03-18,7.86,103850059,816261463.74,0.82,-0.63,3028458.00
2013-03-19,7.77,103850059,806914958.43,0.81,-1.15,1602174.00
2013-03-20,7.85,103850059,815222963.15,0.82,1.03,1628875.00
2013-03-21,7.80,103850059,810030460.20,0.81,-0.64,2725320.00
2013-03-22,7.72,103850059,801722455.48,0.80,-1.03,2174724.00
2013-03-25,7.74,103850059,803799456.66,0.80,0.26,3055752.00
2013-03-26,7.70,103850059,799645454.30,0.80,-0.52,1354430.00
2013-03-27,7.65,103850059,794452951.35,0.79,-0.65,1077120.00
2013-03-28,7.60,103850059,789260448.40,0.79,-0.65,1924320.00
2013-04-01,7.52,103850059,780952443.68,0.78,-1.05,3276464.00
2013-04-02,7.42,103850059,770567437.78,0.77,-1.33,3534146.00
2013-04-03,7.42,103850059,770567437.78,0.77,0.00,1716246.00
2013-04-04,7.54,103850059,783029444.86,0.78,1.62,1444664.00
2013-04-05,7.37,103850059,765374934.83,0.77,-2.25,2746062.00
2013-04-08,7.27,103850059,754989928.93,0.75,-1.36,2889825.00
2013-04-09,7.20,103850059,747720424.80,0.75,-0.96,4570560.00
2013-04-10,7.28,103850059,756028429.52,0.76,1.11,4331600.00
2013-04-11,7.31,103850059,759143931.29,0.76,0.41,2500751.00
2013-04-12,7.22,103850059,749797425.98,0.75,-1.23,2350832.00
2013-04-15,7.06,103850059,733181416.54,0.73,-2.22,3787690.00
2013-04-16,7.12,103850059,739412420.08,0.74,0.85,1834824.00
2013-04-17,6.85,103850059,711372904.15,0.71,-3.79,2022120.00
2013-04-18,6.77,103850059,703064899.43,0.70,-1.17,3123678.00
2013-04-19,6.81,103850059,707218901.79,0.71,0.59,1390602.00
2013-04-22,6.73,103850059,698910897.07,0.70,-1.17,1881708.00
2013-04-23,6.85,103850059,711372904.15,0.71,1.78,1434390.00
2013-04-24,6.96,103850059,722796410.64,0.72,1.61,1033560.00
2013-04-25,7.15,103850059,742527921.85,0.74,2.73,1165450.00
2013-04-26,6.94,103850059,720719409.46,0.72,-2.94,2337392.00
2013-04-29,7.01,103850059,727988913.59,0.73,1.01,1134218.00
2013-04-30,7.23,103850059,750835926.57,0.75,3.14,2004156.00
2013-05-01,6.90,103850059,716565407.10,0.72,-4.56,3186420.00
2013-05-02,7.09,103850059,736296918.31,0.74,2.75,1662605.00
2013-05-03,8.18,103850059,849493482.62,0.85,15.37,7648300.00
2013-05-06,8.12,103850059,843262479.08,0.84,-0.73,2758364.00
2013-05-07,8.06,103850059,837031475.54,0.84,-0.74,3215940.00
2013-05-08,8.02,103850059,832877473.18,0.83,-0.50,2832664.00
2013-05-09,7.87,103850059,817299964.33,0.82,-1.87,2466458.00
2013-05-10,7.96,103850059,826646469.64,0.83,1.14,1627820.00
2013-05-13,7.79,103850059,808991959.61,0.81,-2.14,2988244.00
2013-05-14,8.00,103850059,830800472.00,0.83,2.70,3376000.00
2013-05-15,8.24,103850059,855724486.16,0.86,3.00,3327312.00
2013-05-16,8.28,103850059,859878488.52,0.86,0.49,1909368.00
2013-05-17,8.32,103850059,864032490.88,0.86,0.48,1931904.00
2013-05-20,8.35,103850059,867147992.65,0.87,0.36,1560615.00
2013-05-21,8.29,103850059,860916989.11,0.86,-0.72,2304620.00
2013-05-22,8.25,103850059,856762986.75,0.86,-0.48,2974125.00
2013-05-23,8.14,103850059,845339480.26,0.85,-1.33,1679282.00
2013-05-24,8.10,103850059,841185477.90,0.84,-0.49,916110.00
2013-05-28,8.27,103850059,858839987.93,0.86,2.10,1032923.00
2013-05-29,8.17,103850059,848454982.03,0.85,-1.21,444448.00
2013-05-30,8.36,103850059,868186493.24,0.87,2.33,786676.00
2013-05-31,8.08,103850059,839108476.72,0.84,-3.35,1975560.00
2013-06-03,8.39,103850059,871301995.01,0.87,3.84,2235935.00
2013-06-04,8.19,103850059,850531983.21,0.85,-2.38,1161342.00
2013-06-05,8.00,103850059,830800472.00,0.83,-2.32,1177600.00
2013-06-06,8.03,103850059,833915973.77,0.83,0.37,1822007.00
2013-06-07,8.16,103850059,847416481.44,0.85,1.62,1084464.00
2013-06-10,8.26,103850059,857801487.34,0.86,1.23,1332338.00
2013-06-11,8.15,103850059,846377980.85,0.85,-1.33,1208645.00
2013-06-12,8.06,103850059,837031475.54,0.84,-1.10,1028456.00
2013-06-13,8.26,103850059,857801487.34,0.86,2.48,972202.00
2013-06-14,8.10,103850059,841185477.90,0.84,-1.94,1061100.00
2013-06-17,8.25,103850059,856762986.75,0.86,1.85,1115400.00
2013-06-18,8.34,103850059,866109492.06,0.87,1.09,1026654.00
2013-06-19,8.25,103850059,856762986.75,0.86,-1.08,922350.00
2013-06-20,8.19,103850059,850531983.21,0.85,-0.73,2426697.00
2013-06-21,8.29,103850059,860916989.11,0.86,1.22,3683247.00
2013-06-24,8.04,103850059,834954474.36,0.83,-3.02,2831688.00
2013-06-25,8.11,103850059,842223978.49,0.84,0.87,2500313.00
2013-06-26,8.06,103850059,837031475.54,0.84,-0.62,2379312.00
2013-06-27,8.17,103850059,848454982.03,0.85,1.36,2668322.00
2013-06-28,8.40,103850059,872340495.60,0.87,2.82,4110960.00
2013-07-01,8.72,103850059,905572514.48,0.91,3.81,3054616.00
2013-07-02,8.79,103850059,912842018.61,0.91,0.80,2512182.00
2013-07-03,8.89,103850059,923227024.51,0.92,1.14,1217930.00
2013-07-05,9.11,103850059,946074037.49,0.95,2.47,1482197.00
2013-07-08,9.08,103850059,942958535.72,0.94,-0.33,1492752.00
2013-07-09,9.11,103850059,946074037.49,0.95,0.33,3019054.00
2013-07-10,9.28,103850059,963728547.52,0.96,1.87,1516352.00
2013-07-11,9.19,103850059,954382042.21,0.95,-0.97,2010772.00
2013-07-12,9.27,103850059,962690046.93,0.96,0.87,943686.00
2013-07-15,9.21,103850059,956459043.39,0.96,-0.65,2382627.00
2013-07-16,9.48,103850059,984498559.32,0.98,2.93,1847652.00
2013-07-17,9.46,103850059,982421558.14,0.98,-0.21,1809698.00
2013-07-18,9.42,103850059,978267555.78,0.98,-0.42,1081416.00
2013-07-19,9.40,103850059,976190554.60,0.98,-0.21,1234220.00
2013-07-22,9.40,103850059,976190554.60,0.98,0.00,830960.00
2013-07-23,9.46,103850059,982421558.14,0.98,0.64,999922.00
2013-07-24,9.29,103850059,964767048.11,0.96,-1.80,1502193.00
2013-07-25,9.41,103850059,977229055.19,0.98,1.29,1658983.00
2013-07-26,9.20,103850059,955420542.80,0.96,-2.23,1283400.00
2013-07-29,9.07,103850059,941920035.13,0.94,-1.41,1815814.00
2013-07-30,9.18,103850059,953343541.62,0.95,1.21,1565190.00
2013-07-31,9.24,103850059,959574545.16,0.96,0.65,1141140.00
2013-08-01,9.23,103850059,958536044.57,0.96,-0.11,1887535.00
2013-08-02,9.38,103850059,974113553.42,0.97,1.63,2127384.00
2013-08-05,9.39,103850059,975152054.01,0.98,0.11,2884608.00
2013-08-06,9.34,103850059,969959551.06,0.97,-0.53,2376096.00
2013-08-07,9.26,103850059,961651546.34,0.96,-0.86,2377968.00
2013-08-08,9.54,103850059,990729562.86,0.99,3.02,1893690.00
2013-08-09,9.28,103850059,963728547.52,0.96,-2.73,1270432.00
2013-08-12,9.61,103850059,997999066.99,1.00,3.56,2483224.00
2013-08-13,9.79,103850059,1016692077.61,1.02,1.87,2039257.00
2013-08-14,9.71,103850059,1008384072.89,1.01,-0.82,1407950.00
2013-08-15,9.28,103850059,963728547.52,0.96,-4.43,1550688.00
2013-08-16,9.49,103850059,985537059.91,0.99,2.26,2183649.00
2013-08-19,9.38,103850059,974113553.42,0.97,-1.16,1759688.00
2013-08-20,9.51,103850059,987614061.09,0.99,1.39,847341.00
2013-08-21,9.71,103850059,1008384072.89,1.01,2.10,2187663.00
2013-08-22,10.20,103850059,1059270601.80,1.06,5.05,2682600.00
2013-08-23,10.41,103850059,1081079114.19,1.08,2.06,2594172.00
2013-08-26,10.39,103850059,1079002113.01,1.08,-0.19,5337343.00
2013-08-27,9.83,103850059,1020846079.97,1.02,-5.39,3653811.00
2013-08-28,9.94,103850059,1032269586.46,1.03,1.12,1781248.00
2013-08-29,9.93,103850059,1031231085.87,1.03,-0.10,1170747.00
2013-08-30,9.54,103850059,990729562.86,0.99,-3.93,1964286.00
2013-09-03,9.51,103850059,987614061.09,0.99,-0.31,1984737.00
2013-09-04,9.61,103850059,997999066.99,1.00,1.05,2523586.00
2013-09-05,9.72,103850059,1009422573.48,1.01,1.14,1922616.00
2013-09-06,9.52,103850059,988652561.68,0.99,-2.06,1269016.00
2013-09-09,9.59,103850059,995922065.81,1.00,0.74,1543031.00
2013-09-10,9.72,103850059,1009422573.48,1.01,1.36,1533816.00
2013-09-11,9.64,103850059,1001114568.76,1.00,-0.82,931224.00
2013-09-12,9.50,103850059,986575560.50,0.99,-1.45,1545650.00
2013-09-13,9.58,103850059,994883565.22,0.99,0.84,3715124.00
2013-09-16,9.52,103850059,988652561.68,0.99,-0.63,2184840.00
2013-09-17,9.54,103850059,990729562.86,0.99,0.21,4125096.00
2013-09-18,9.74,103850059,1011499574.66,1.01,2.10,2503180.00
2013-09-19,9.67,103850059,1004230070.53,1.00,-0.72,1576210.00
2013-09-20,9.76,103850059,1013576575.84,1.01,0.93,3872768.00
2013-09-23,9.95,103850059,1033308087.05,1.03,1.95,2988980.00
2013-09-24,9.99,103850059,1037462089.41,1.04,0.40,2471526.00
2013-09-25,9.97,103850059,1035385088.23,1.04,-0.20,1313049.00
2013-09-26,9.82,103850059,1019807579.38,1.02,-1.50,1387566.00
2013-09-27,9.73,103850059,1010461074.07,1.01,-0.92,1334956.00
2013-09-30,9.74,103850059,1011499574.66,1.01,0.10,2083386.00
2013-10-01,9.91,103850059,1029154084.69,1.03,1.75,1704520.00
2013-10-02,9.78,103850059,1015653577.02,1.02,-1.31,1930572.00
2013-10-03,9.71,103850059,1008384072.89,1.01,-0.72,2275053.00
2013-10-04,9.86,103850059,1023961581.74,1.02,1.54,965294.00
2013-10-07,9.76,103850059,1013576575.84,1.01,-1.01,1962736.00
2013-10-08,9.68,103850059,1005268571.12,1.01,-0.82,2019248.00
2013-10-09,9.77,103850059,1014615076.43,1.01,0.93,2600774.00
2013-10-10,9.99,103850059,1037462089.41,1.04,2.25,1493505.00
2013-10-11,10.15,103850059,1054078098.85,1.05,1.60,1882825.00
2013-10-14,10.33,103850059,1072771109.47,1.07,1.77,2209587.00
2013-10-15,10.20,103850059,1059270601.80,1.06,-1.26,4132020.00
2013-10-16,10.27,103850059,1066540105.93,1.07,0.69,3860493.00
2013-10-17,10.30,103850059,1069655607.70,1.07,0.29,2405050.00
2013-10-18,10.68,103850059,1109118630.12,1.11,3.69,3334296.00
2013-10-21,10.64,103850059,1104964627.76,1.10,-0.37,3722936.00
2013-10-22,10.49,103850059,1089387118.91,1.09,-1.41,4580983.00
2013-10-23,10.37,103850059,1076925111.83,1.08,-1.14,2572797.00
2013-10-24,10.38,103850059,1077963612.42,1.08,0.10,2460060.00
2013-10-25,10.31,103850059,1070694108.29,1.07,-0.67,2504299.00
2013-10-28,10.13,103850059,1052001097.67,1.05,-1.75,2648995.00
2013-10-29,10.20,103850059,1059270601.80,1.06,0.69,1775820.00
2013-10-30,9.82,103850059,1019807579.38,1.02,-3.73,2179058.00
2013-10-31,8.74,103850059,907649515.66,0.91,-11.00,7798702.00
2013-11-01,8.52,103850059,884802502.68,0.88,-2.52,6301392.00
2013-11-04,8.61,103850059,894149007.99,0.89,1.06,3673026.00
2013-11-05,9.28,103850059,963728547.52,0.96,7.78,8288896.00
2013-11-06,9.05,103850059,939843033.95,0.94,-2.48,2297795.00
2013-11-07,8.96,103850059,930496528.64,0.93,-0.99,2514176.00
2013-11-08,9.05,103850059,939843033.95,0.94,1.00,2340330.00
2013-11-11,8.99,103850059,933612030.41,0.93,-0.66,1358389.00
2013-11-12,8.94,103850059,928419527.46,0.93,-0.56,995022.00
2013-11-13,9.09,103850059,943997036.31,0.94,1.68,2077974.00
2013-11-14,8.95,103850059,929458028.05,0.93,-1.54,1547455.00
2013-11-15,8.95,103850059,929458028.05,0.93,0.00,1264635.00
2013-11-18,8.89,103850059,923227024.51,0.92,-0.67,1223264.00
2013-11-19,8.73,103850059,906611015.07,0.91,-1.80,1457910.00
2013-11-20,8.70,103850059,903495513.30,0.90,-0.34,904800.00
2013-11-21,8.93,103850059,927381026.87,0.93,2.64,1749387.00
2013-11-22,9.00,103850059,934650531.00,0.93,0.78,1413900.00
2013-11-25,9.18,103850059,953343541.62,0.95,2.00,1535814.00
2013-11-26,9.39,103850059,975152054.01,0.98,2.29,1365306.00
2013-11-27,9.51,103850059,987614061.09,0.99,1.28,1473099.00
2013-11-29,9.70,103850059,1007345572.30,1.01,2.00,692580.00
2013-12-02,9.10,103850059,945035536.90,0.95,-6.19,2896530.00
2013-12-03,9.03,103850059,937766032.77,0.94,-0.77,1749111.00
2013-12-04,8.86,103850059,920111522.74,0.92,-1.88,3216180.00
2013-12-05,8.89,103850059,923227024.51,0.92,0.34,1514856.00
2013-12-06,8.87,103850059,921150023.33,0.92,-0.22,1736746.00
2013-12-09,8.87,103850059,921150023.33,0.92,0.00,3854902.00
2013-12-10,8.71,103850059,904534013.89,0.90,-1.80,2196662.00
2013-12-11,8.62,103850059,895187508.58,0.90,-1.03,2942006.00
2013-12-12,8.57,103850059,889995005.63,0.89,-0.58,2624134.00
2013-12-13,8.58,103850059,891033506.22,0.89,0.12,4505358.00
2013-12-16,7.71,103850059,800683954.89,0.80,-10.14,18103080.00
2013-12-17,7.64,103850059,793414450.76,0.79,-0.91,52442488.00
2013-12-18,7.87,103850059,817299964.33,0.82,3.01,19174468.00
2013-12-19,7.96,103850059,826646469.64,0.83,1.14,4049252.00
2013-12-20,8.21,103850059,852608984.39,0.85,3.14,8835602.00
2013-12-23,8.31,103850059,862993990.29,0.86,1.22,3623160.00
2013-12-24,8.37,103850059,869224993.83,0.87,0.72,3262626.00
2013-12-26,8.36,103850059,868186493.24,0.87,-0.12,2555652.00
2013-12-27,8.56,103850059,888956505.04,0.89,2.39,2051832.00
2013-12-30,8.59,103850059,892072006.81,0.89,0.35,3165415.00
2013-12-31,8.58,103850059,891033506.22,0.89,-0.12,5322174.00
2014-01-02,8.63,103850059,896226009.17,0.90,0.58,3391590.00
2014-01-03,8.60,103850059,893110507.40,0.89,-0.35,2813060.00
2014-01-06,8.39,103850059,871301995.01,0.87,-2.44,4936676.00
2014-01-07,8.42,103850059,874417496.78,0.87,0.36,4529960.00
2014-01-08,8.41,103850059,873378996.19,0.87,-0.12,9766533.00
2014-01-09,8.26,103850059,857801487.34,0.86,-1.78,4379452.00
2014-01-10,8.25,103850059,856762986.75,0.86,-0.12,2074050.00
2014-01-13,8.09,103850059,840146977.31,0.84,-1.94,12778964.00
2014-01-14,8.17,103850059,848454982.03,0.85,0.99,4808862.00
2014-01-15,8.35,103850059,867147992.65,0.87,2.20,5588655.00
2014-01-16,8.20,103850059,851570483.80,0.85,-1.80,2667460.00
2014-01-17,8.12,103850059,843262479.08,0.84,-0.98,1664600.00
2014-01-21,8.16,103850059,847416481.44,0.85,0.49,10244064.00
2014-01-22,8.31,103850059,862993990.29,0.86,1.84,8959011.00
2014-01-23,8.43,103850059,875455997.37,0.88,1.44,9323580.00
2014-01-24,8.24,103850059,855724486.16,0.86,-2.25,8224344.00
2014-01-27,8.07,103850059,838069976.13,0.84,-2.06,8753529.00
2014-01-28,8.02,103850059,832877473.18,0.83,-0.62,7418500.00
2014-01-29,8.20,103850059,851570483.80,0.85,2.24,8707580.00
2014-01-30,8.15,103850059,846377980.85,0.85,-0.61,5689515.00
2014-01-31,8.01,103850059,831838972.59,0.83,-1.72,8486595.00
2014-02-03,7.90,103850059,820415466.10,0.82,-1.37,9120550.00
2014-02-04,7.92,103850059,822492467.28,0.82,0.25,13868712.00
2014-02-05,7.92,103850059,822492467.28,0.82,0.00,5416488.00
2014-02-06,8.28,103850059,859878488.52,0.86,4.55,30225312.00
2014-02-07,7.85,103850059,815222963.15,0.82,-5.19,15203095.00
2014-02-10,8.03,103850059,833915973.77,0.83,2.29,11048477.00
2014-02-11,8.11,103850059,842223978.49,0.84,1.00,7067054.00
2014-02-12,8.24,103850059,855724486.16,0.86,1.60,9412552.00
2014-02-13,8.23,103850059,854685985.57,0.85,-0.12,10671018.00
2014-02-14,8.23,103850059,854685985.57,0.85,0.00,8210248.00
2014-02-18,8.11,103850059,842223978.49,0.84,-1.46,3864415.00
2014-02-19,8.00,103850059,830800472.00,0.83,-1.36,3328000.00
2014-02-20,7.94,103850059,824569468.46,0.82,-0.75,5266602.00
2014-02-21,8.17,103850059,848454982.03,0.85,2.90,4109510.00
2014-02-24,8.13,103850059,844300979.67,0.84,-0.49,2892654.00
2014-02-25,8.08,103850059,839108476.72,0.84,-0.62,3487328.00
2014-02-26,8.22,103850059,853647484.98,0.85,1.73,4073010.00
2014-02-27,8.37,103850059,869224993.83,0.87,1.82,2255715.00
2014-02-28,8.40,103850059,872340495.60,0.87,0.36,3882480.00
2014-03-03,8.19,103850059,850531983.21,0.85,-2.50,3524157.00
2014-03-04,8.36,103850059,868186493.24,0.87,2.08,5785120.00
2014-03-05,8.40,103850059,872340495.60,0.87,0.48,4135320.00
2014-03-06,8.30,103850059,861955489.70,0.86,-1.19,2516560.00
2014-03-07,8.34,103850059,866109492.06,0.87,0.48,1398618.00
2014-03-10,8.39,103850059,871301995.01,0.87,0.60,2495186.00
2014-03-11,8.15,103850059,846377980.85,0.85,-2.86,5295055.00
2014-03-12,8.20,103850059,851570483.80,0.85,0.61,1852380.00
2014-03-13,8.09,103850059,840146977.31,0.84,-1.34,2866287.00
2014-03-14,8.11,103850059,842223978.49,0.84,0.25,2711173.00
2014-03-17,8.15,103850059,846377980.85,0.85,0.49,1030160.00
2014-03-18,8.20,103850059,851570483.80,0.85,0.61,2305020.00
2014-03-19,8.27,103850059,858839987.93,0.86,0.85,2624898.00
2014-03-20,8.22,103850059,853647484.98,0.85,-0.60,3833808.00
2014-03-21,8.18,103850059,849493482.62,0.85,-0.49,4463008.00
2014-03-24,8.03,103850059,833915973.77,0.83,-1.83,3660074.00
2014-03-25,8.08,103850059,839108476.72,0.84,0.62,2908800.00
2014-03-26,7.95,103850059,825607969.05,0.83,-1.61,4713555.00
2014-03-27,8.00,103850059,830800472.00,0.83,0.63,4647200.00
2014-03-28,8.15,103850059,846377980.85,0.85,1.88,6881045.00
2014-03-31,8.45,103850059,877532998.55,0.88,3.68,5818670.00
2014-04-01,8.33,103850059,865070991.47,0.87,-1.42,4513194.00
2014-04-02,8.36,103850059,868186493.24,0.87,0.36,5122172.00
2014-04-03,8.30,103850059,861955489.70,0.86,-0.72,3883570.00
2014-04-04,8.16,103850059,847416481.44,0.85,-1.69,3130176.00
2014-04-07,8.12,103850059,843262479.08,0.84,-0.49,3435572.00
2014-04-08,8.16,103850059,847416481.44,0.85,0.49,5305632.00
2014-04-09,8.29,103850059,860916989.11,0.86,1.59,9705932.00
2014-04-10,8.21,103850059,852608984.39,0.85,-0.97,6260125.00
2014-04-11,7.49,103850059,777836941.91,0.78,-8.77,12316556.00
2014-04-14,7.65,103850059,794452951.35,0.79,2.14,7505415.00
2014-04-15,8.08,103850059,839108476.72,0.84,5.62,14577936.00
2014-04-16,7.82,103850059,812107461.38,0.81,-3.22,2975510.00
2014-04-17,7.84,103850059,814184462.56,0.81,0.26,3502128.00
2014-04-21,7.91,103850059,821453966.69,0.82,0.89,2671998.00
2014-04-22,7.96,103850059,826646469.64,0.83,0.63,2189000.00
2014-04-23,7.99,103850059,829761971.41,0.83,0.38,3359795.00
2014-04-24,7.97,103850059,827684970.23,0.83,-0.25,3871826.00
2014-04-25,7.78,103850059,807953459.02,0.81,-2.38,2737782.00
2014-04-28,7.78,103850059,807953459.02,0.81,0.00,2288098.00
2014-04-29,7.71,103850059,800683954.89,0.80,-0.90,2067822.00
2014-04-30,7.89,103850059,819376965.51,0.82,2.33,3700410.00
2014-05-01,7.55,103850059,784067945.45,0.78,-4.31,11591515.00
2014-05-02,7.58,103850059,787183447.22,0.79,0.40,2592360.00
2014-05-05,7.50,103850059,778875442.50,0.78,-1.06,3374250.00
2014-05-06,7.39,103850059,767451936.01,0.77,-1.47,2671485.00
2014-05-07,7.51,103850059,779913943.09,0.78,1.62,3334440.00
2014-05-08,7.41,103850059,769528937.19,0.77,-1.33,3378960.00
2014-05-09,7.64,103850059,793414450.76,0.79,3.10,2641148.00
2014-05-12,7.93,103850059,823530967.87,0.82,3.80,3139487.00
2014-05-13,7.84,103850059,814184462.56,0.81,-1.13,2328480.00
2014-05-14,7.55,103850059,784067945.45,0.78,-3.70,4562465.00
2014-05-15,7.65,103850059,794452951.35,0.79,1.32,2637720.00
2014-05-16,7.63,103850059,792375950.17,0.79,-0.26,3666215.00
2014-05-19,7.75,103850059,804837957.25,0.80,1.57,1480250.00
2014-05-20,7.60,103850059,789260448.40,0.79,-1.94,4832840.00
2014-05-21,7.44,103850059,772644438.96,0.77,-2.11,3107688.00
2014-05-22,7.33,103850059,761220932.47,0.76,-1.48,3446566.00
2014-05-23,7.53,103850059,781990944.27,0.78,2.73,3807921.00
2014-05-27,7.63,103850059,792375950.17,0.79,1.33,1926575.00
2014-05-28,7.71,103850059,800683954.89,0.80,1.05,2725485.00
2014-05-29,7.64,103850059,793414450.76,0.79,-0.91,1580716.00
2014-05-30,7.50,103850059,778875442.50,0.78,-1.83,1411500.00
2014-06-02,7.46,103850059,774721440.14,0.77,-0.53,3170500.00
2014-06-03,7.37,103850059,765374934.83,0.77,-1.21,1778381.00
2014-06-04,7.28,103850059,756028429.52,0.76,-1.22,1686776.00
2014-06-05,7.68,103850059,797568453.12,0.80,5.49,3345408.00
2014-06-06,7.85,103850059,815222963.15,0.82,2.21,3313485.00
2014-06-09,8.06,103850059,837031475.54,0.84,2.68,3836560.00
2014-06-10,8.11,103850059,842223978.49,0.84,0.62,5086592.00
2014-06-11,8.03,103850059,833915973.77,0.83,-0.99,1879020.00
2014-06-12,8.00,103850059,830800472.00,0.83,-0.37,2719200.00
2014-06-13,7.99,103850059,829761971.41,0.83,-0.13,2430558.00
2014-06-16,7.93,103850059,823530967.87,0.82,-0.75,3344874.00
2014-06-17,8.08,103850059,839108476.72,0.84,1.89,1948088.00
2014-06-18,8.06,103850059,837031475.54,0.84,-0.25,1917474.00
2014-06-19,8.13,103850059,844300979.67,0.84,0.87,2991027.00
2014-06-20,8.28,103850059,859878488.52,0.86,1.85,3723516.00
2014-06-23,8.16,103850059,847416481.44,0.85,-1.45,1822944.00
2014-06-24,8.09,103850059,840146977.31,0.84,-0.86,1863936.00
2014-06-25,8.16,103850059,847416481.44,0.85,0.87,1436160.00
2014-06-26,8.15,103850059,846377980.85,0.85,-0.12,1048090.00
2014-06-27,8.24,103850059,855724486.16,0.86,1.10,3974976.00
2014-06-30,8.20,103850059,851570483.80,0.85,-0.49,1772840.00
2014-07-01,8.27,103850059,858839987.93,0.86,0.85,3108693.00
2014-07-02,8.17,103850059,848454982.03,0.85,-1.21,1426482.00
2014-07-03,8.35,103850059,867147992.65,0.87,2.20,1559780.00
2014-07-07,8.34,103850059,866109492.06,0.87,-0.12,2010774.00
2014-07-08,8.15,103850059,846377980.85,0.85,-2.28,4852510.00
2014-07-09,7.99,103850059,829761971.41,0.83,-1.96,3258322.00
2014-07-10,7.90,103850059,820415466.10,0.82,-1.13,2633070.00
2014-07-11,8.16,103850059,847416481.44,0.85,3.29,4904160.00
2014-07-14,8.19,103850059,850531983.21,0.85,0.37,2568384.00
2014-07-15,7.89,103850059,819376965.51,0.82,-3.66,10357203.00
2014-07-16,7.81,103850059,811068960.79,0.81,-1.01,3163050.00
2014-07-17,7.68,103850059,797568453.12,0.80,-1.66,1777920.00
2014-07-18,7.70,103850059,799645454.30,0.80,0.26,3581270.00
2014-07-21,7.66,103850059,795491451.94,0.80,-0.52,4427480.00
2014-07-22,7.94,103850059,824569468.46,0.82,3.66,3492012.00
2014-07-23,8.00,103850059,830800472.00,0.83,0.76,3479200.00
2014-07-24,8.07,103850059,838069976.13,0.84,0.88,4500639.00
2014-07-25,7.99,103850059,829761971.41,0.83,-0.99,2049435.00
2014-07-28,8.00,103850059,830800472.00,0.83,0.13,3341600.00
2014-07-29,8.00,103850059,830800472.00,0.83,0.00,2766400.00
2014-07-30,8.00,103850059,830800472.00,0.83,0.00,2512800.00
2014-07-31,7.51,103850059,779913943.09,0.78,-6.12,13124476.00
2014-08-01,7.36,103850059,764336434.24,0.76,-2.00,5901248.00
2014-08-04,7.50,103850059,778875442.50,0.78,1.90,3650250.00
2014-08-05,7.44,103850059,772644438.96,0.77,-0.80,2264736.00
2014-08-06,7.49,103850059,777836941.91,0.78,0.67,3743502.00
2014-08-07,7.37,103850059,765374934.83,0.77,-1.60,2625194.00
2014-08-08,7.40,103850059,768490436.60,0.77,0.41,1657600.00
2014-08-11,7.51,103850059,779913943.09,0.78,1.49,1322511.00
2014-08-12,7.44,103850059,772644438.96,0.77,-0.93,1456008.00
2014-08-13,7.43,103850059,771605938.37,0.77,-0.13,1174683.00
2014-08-14,7.43,103850059,771605938.37,0.77,0.00,2365712.00
2014-08-15,7.46,103850059,774721440.14,0.77,0.40,1983614.00
2014-08-18,7.56,103850059,785106446.04,0.79,1.34,1688904.00
2014-08-19,7.58,103850059,787183447.22,0.79,0.26,682958.00
2014-08-20,7.43,103850059,771605938.37,0.77,-1.98,1795831.00
2014-08-21,7.52,103850059,780952443.68,0.78,1.21,1898800.00
2014-08-22,7.38,103850059,766413435.42,0.77,-1.86,2424330.00
2014-08-25,7.37,103850059,765374934.83,0.77,-0.14,1590446.00
2014-08-26,7.63,103850059,792375950.17,0.79,3.53,2979515.00
2014-08-27,7.53,103850059,781990944.27,0.78,-1.31,886281.00
2014-08-28,7.47,103850059,775759940.73,0.78,-0.80,1662822.00
2014-08-29,7.65,103850059,794452951.35,0.79,2.41,2142765.00
2014-09-02,7.58,103850059,787183447.22,0.79,-0.92,1193850.00
2014-09-03,7.52,103850059,780952443.68,0.78,-0.79,1905568.00
2014-09-04,7.42,103850059,770567437.78,0.77,-1.33,2593290.00
2014-09-05,7.49,103850059,777836941.91,0.78,0.94,1757154.00
2014-09-08,7.56,103850059,785106446.04,0.79,0.93,3907008.00
2014-09-09,7.40,103850059,768490436.60,0.77,-2.12,3388460.00
2014-09-10,7.44,103850059,772644438.96,0.77,0.54,1435920.00
2014-09-11,7.48,103850059,776798441.32,0.78,0.54,2106368.00
2014-09-12,7.41,103850059,769528937.19,0.77,-0.94,1683552.00
2014-09-15,7.31,103850059,759143931.29,0.76,-1.35,6318764.00
2014-09-16,7.32,103850059,760182431.88,0.76,0.14,3611688.00
2014-09-17,7.30,103850059,758105430.70,0.76,-0.27,1662940.00
2014-09-18,7.34,103850059,762259433.06,0.76,0.55,1887114.00
2014-09-19,7.27,103850059,754989928.93,0.75,-0.95,5139890.00
2014-09-22,6.96,103850059,722796410.64,0.72,-4.26,16340688.00
2014-09-23,6.84,103850059,710334403.56,0.71,-1.72,6025356.00
2014-09-24,6.93,103850059,719680908.87,0.72,1.32,2934162.00
2014-09-25,6.87,103850059,713449905.33,0.71,-0.87,2176416.00
2014-09-26,6.90,103850059,716565407.10,0.72,0.44,1506270.00
2014-09-29,6.76,103850059,702026398.84,0.70,-2.03,2793908.00
2014-09-30,6.81,103850059,707218901.79,0.71,0.74,5693841.00
2014-10-01,6.52,103850059,677102384.68,0.68,-4.26,4182580.00
2014-10-02,6.62,103850059,687487390.58,0.69,1.53,2210418.00
2014-10-03,6.64,103850059,689564391.76,0.69,0.30,1843264.00
2014-10-06,6.64,103850059,689564391.76,0.69,0.00,2531832.00
2014-10-07,6.44,103850059,668794379.96,0.67,-3.01,4963308.00
2014-10-08,6.40,103850059,664640377.60,0.66,-0.62,3112960.00
2014-10-09,5.87,103850059,609599846.33,0.61,-8.28,5189080.00
2014-10-10,5.98,103850059,621023352.82,0.62,1.87,4330716.00
2014-10-13,5.98,103850059,621023352.82,0.62,0.00,2255058.00
2014-10-14,5.89,103850059,611676847.51,0.61,-1.51,2764766.00
2014-10-15,6.08,103850059,631408358.72,0.63,3.23,3895456.00
2014-10-16,6.09,103850059,632446859.31,0.63,0.16,4618656.00
2014-10-17,5.96,103850059,618946351.64,0.62,-2.13,4378216.00
2014-10-20,6.02,103850059,625177355.18,0.63,1.01,2158772.00
2014-10-21,6.00,103850059,623100354.00,0.62,-0.33,3375000.00
2014-10-22,5.81,103850059,603368842.79,0.60,-3.17,3288460.00
2014-10-23,5.97,103850059,619984852.23,0.62,2.75,2310390.00
2014-10-24,5.99,103850059,622061853.41,0.62,0.34,1228549.00
2014-10-27,5.68,103850059,589868335.12,0.59,-5.18,4615000.00
2014-10-28,5.91,103850059,613753848.69,0.61,4.05,5504574.00
2014-10-29,6.01,103850059,624138854.59,0.62,1.69,2404601.00
2014-10-30,6.62,103850059,687487390.58,0.69,10.15,6986086.00
2014-10-31,6.91,103850059,717603907.69,0.72,4.38,6130552.00
2014-11-03,7.04,103850059,731104415.36,0.73,1.88,4231040.00
2014-11-04,6.94,103850059,720719409.46,0.72,-1.42,2467864.00
2014-11-05,6.90,103850059,716565407.10,0.72,-0.58,2565420.00
2014-11-06,6.90,103850059,716565407.10,0.72,0.00,3203670.00
2014-11-07,6.92,103850059,718642408.28,0.72,0.29,3957548.00
2014-11-10,6.85,103850059,711372904.15,0.71,-1.01,1562485.00
2014-11-11,6.84,103850059,710334403.56,0.71,-0.15,1411092.00
2014-11-12,6.93,103850059,719680908.87,0.72,1.32,1844073.00
2014-11-13,6.60,103850059,685410389.40,0.69,-4.76,3317820.00
2014-11-14,6.83,103850059,709295902.97,0.71,3.48,4456575.00
2014-11-17,6.73,103850059,698910897.07,0.70,-1.46,2129372.00
2014-11-18,6.75,103850059,700987898.25,0.70,0.30,2638575.00
2014-11-19,6.70,103850059,695795395.30,0.70,-0.74,2070970.00
2014-11-20,6.83,103850059,709295902.97,0.71,1.94,2325615.00
2014-11-21,6.77,103850059,703064899.43,0.70,-0.88,1569286.00
2014-11-24,6.86,103850059,712411404.74,0.71,1.33,2136890.00
2014-11-25,6.82,103850059,708257402.38,0.71,-0.58,2998754.00
2014-11-26,6.90,103850059,716565407.10,0.72,1.17,3987510.00
2014-11-28,6.76,103850059,702026398.84,0.70,-2.03,843648.00
2014-12-01,6.79,103850059,705141900.61,0.71,0.44,2540818.00
2014-12-02,6.78,103850059,704103400.02,0.70,-0.15,2231298.00
2014-12-03,6.99,103850059,725911912.41,0.73,3.10,2539467.00
2014-12-04,7.01,103850059,727988913.59,0.73,0.29,2079867.00
2014-12-05,6.99,103850059,725911912.41,0.73,-0.29,1497957.00
2014-12-08,6.91,103850059,717603907.69,0.72,-1.14,2253351.00
2014-12-09,7.14,103850059,741489421.26,0.74,3.33,4905894.00
2014-12-10,6.95,103850059,721757910.05,0.72,-2.66,6574005.00
2014-12-11,7.00,103850059,726950413.00,0.73,0.72,3971100.00
2014-12-12,7.02,103850059,729027414.18,0.73,0.29,3135132.00
2014-12-15,7.03,103850059,730065914.77,0.73,0.14,3258405.00
2014-12-16,7.02,103850059,729027414.18,0.73,-0.14,5275530.00
2014-12-17,7.20,103850059,747720424.80,0.75,2.56,3693600.00
2014-12-18,7.29,103850059,757066930.11,0.76,1.25,3803193.00
2014-12-19,7.52,103850059,780952443.68,0.78,3.16,7158288.00
2014-12-22,7.62,103850059,791337449.58,0.79,1.33,3457194.00
2014-12-23,7.57,103850059,786144946.63,0.79,-0.66,4834202.00
2014-12-24,7.41,103850059,769528937.19,0.77,-2.11,1544985.00
2014-12-26,7.40,103850059,768490436.60,0.77,-0.13,3219740.00
2014-12-29,7.55,103850059,784067945.45,0.78,2.03,3010940.00
2014-12-30,7.56,103850059,785106446.04,0.79,0.13,1669248.00
2014-12-31,7.53,103850059,781990944.27,0.78,-0.40,2845587.00
2015-01-02,7.38,103850059,766413435.42,0.77,-1.99,3567492.00
2015-01-05,7.29,103850059,757066930.11,0.76,-1.22,6418845.00
2015-01-06,7.20,103850059,747720424.80,0.75,-1.23,3832560.00
2015-01-07,7.37,103850059,765374934.83,0.77,2.36,3088030.00
2015-01-08,7.65,103850059,794452951.35,0.79,3.80,5843070.00
2015-01-09,7.53,103850059,781990944.27,0.78,-1.57,2388516.00
2015-01-12,7.51,103850059,779913943.09,0.78,-0.27,3069337.00
2015-01-13,7.63,103850059,792375950.17,0.79,1.60,5783540.00
2015-01-14,7.56,103850059,785106446.04,0.79,-0.92,2509164.00
2015-01-15,7.32,103850059,760182431.88,0.76,-3.17,2523936.00
2015-01-16,7.21,103850059,748758925.39,0.75,-1.50,6979280.00
2015-01-20,7.25,103850059,752912927.75,0.75,0.55,3313975.00
2015-01-21,7.17,103850059,744604923.03,0.74,-1.10,2287230.00
2015-01-22,7.21,103850059,748758925.39,0.75,0.56,2173094.00
2015-01-23,7.23,103850059,750835926.57,0.75,0.28,1978851.00
2015-01-26,7.34,103850059,762259433.06,0.76,1.52,4558874.00
2015-01-27,7.09,103850059,736296918.31,0.74,-3.41,3942040.00
2015-01-28,7.06,103850059,733181416.54,0.73,-0.42,5529392.00
2015-01-29,7.12,103850059,739412420.08,0.74,0.85,3261672.00
2015-01-30,6.95,103850059,721757910.05,0.72,-2.39,3142790.00
2015-02-02,7.00,103850059,726950413.00,0.73,0.72,3269000.00
2015-02-03,7.14,103850059,741489421.26,0.74,2.00,3717084.00
2015-02-04,7.07,103850059,734219917.13,0.73,-0.98,2236241.00
2015-02-05,7.76,103850059,805876457.84,0.81,9.76,16580792.00
2015-02-06,7.78,103850059,807953459.02,0.81,0.26,8280254.00
2015-02-09,7.89,103850059,819376965.51,0.82,1.41,5111142.00
2015-02-10,8.17,103850059,848454982.03,0.85,3.55,9120171.00
2015-02-11,8.49,103850059,881687000.91,0.88,3.92,7179144.00
2015-02-12,8.71,103850059,904534013.89,0.90,2.59,5815667.00
2015-02-13,8.72,103850059,905572514.48,0.91,0.11,5119512.00
2015-02-17,8.81,103850059,914919019.79,0.91,1.03,2783079.00
2015-02-18,9.00,103850059,934650531.00,0.93,2.16,8504100.00
2015-02-19,9.11,103850059,946074037.49,0.95,1.22,6261303.00
2015-02-20,8.75,103850059,908688016.25,0.91,-3.95,4162375.00
2015-02-23,8.54,103850059,886879503.86,0.89,-2.40,4517660.00
2015-02-24,8.91,103850059,925304025.69,0.93,4.33,4630527.00
2015-02-25,8.80,103850059,913880519.20,0.91,-1.23,2278320.00
2015-02-26,8.86,103850059,920111522.74,0.92,0.68,1908444.00
2015-02-27,8.81,103850059,914919019.79,0.91,-0.56,2494992.00
2015-03-02,8.86,103850059,920111522.74,0.92,0.57,3691076.00
2015-03-03,8.88,103850059,922188523.92,0.92,0.23,2244864.00
2015-03-04,8.99,103850059,933612030.41,0.93,1.24,3360462.00
2015-03-05,8.99,103850059,933612030.41,0.93,0.00,2100963.00
2015-03-06,8.90,103850059,924265525.10,0.92,-1.00,2569430.00
2015-03-09,8.85,103850059,919073022.15,0.92,-0.56,2618715.00
2015-03-10,8.72,103850059,905572514.48,0.91,-1.47,3451376.00
2015-03-11,8.86,103850059,920111522.74,0.92,1.61,5194618.00
2015-03-12,8.97,103850059,931535029.23,0.93,1.24,2168946.00
2015-03-13,8.92,103850059,926342526.28,0.93,-0.56,2607316.00
2015-03-16,9.04,103850059,938804533.36,0.94,1.35,6118272.00
2015-03-17,9.06,103850059,940881534.54,0.94,0.22,3028758.00
2015-03-18,9.05,103850059,939843033.95,0.94,-0.11,5887025.00
2015-03-19,9.11,103850059,946074037.49,0.95,0.66,2978970.00
2015-03-20,9.05,103850059,939843033.95,0.94,-0.66,4429070.00
2015-03-23,9.04,103850059,938804533.36,0.94,-0.11,3606960.00
2015-03-24,9.08,103850059,942958535.72,0.94,0.44,2897428.00
2015-03-25,8.96,103850059,930496528.64,0.93,-1.32,3105536.00
2015-03-26,9.03,103850059,937766032.77,0.94,0.78,3969588.00
2015-03-27,8.85,103850059,919073022.15,0.92,-1.99,3064755.00
2015-03-30,9.02,103850059,936727532.18,0.94,1.92,5152224.00
2015-03-31,9.01,103850059,935689031.59,0.94,-0.11,4698715.00
2015-04-01,9.09,103850059,943997036.31,0.94,0.89,2440665.00
2015-04-02,9.04,103850059,938804533.36,0.94,-0.55,3235416.00
2015-04-06,9.15,103850059,950228039.85,0.95,1.22,3445890.00
2015-04-07,9.03,103850059,937766032.77,0.94,-1.31,3184881.00
2015-04-08,8.97,103850059,931535029.23,0.93,-0.66,3563781.00
2015-04-09,9.01,103850059,935689031.59,0.94,0.45,3668872.00
2015-04-10,9.13,103850059,948151038.67,0.95,1.33,2239589.00
2015-04-13,9.10,103850059,945035536.90,0.95,-0.33,2146690.00
2015-04-14,9.09,103850059,943997036.31,0.94,-0.11,2014344.00
2015-04-15,9.21,103850059,956459043.39,0.96,1.32,2313552.00
2015-04-16,9.06,103850059,940881534.54,0.94,-1.63,1724118.00
2015-04-17,8.84,103850059,918034521.56,0.92,-2.43,2903056.00
2015-04-20,8.95,103850059,929458028.05,0.93,1.24,2581180.00
2015-04-21,9.06,103850059,940881534.54,0.94,1.23,6190698.00
2015-04-22,9.10,103850059,945035536.90,0.95,0.44,4806620.00
2015-04-23,9.31,103850059,966844049.29,0.97,2.31,7662130.00
2015-04-24,9.22,103850059,957497543.98,0.96,-0.97,4178504.00
2015-04-27,9.35,103850059,970998051.65,0.97,1.41,11485540.00
2015-04-28,9.46,103850059,982421558.14,0.98,1.18,4212538.00
2015-04-29,9.21,103850059,956459043.39,0.96,-2.64,4105818.00
2015-04-30,9.35,103850059,970998051.65,0.97,1.52,7937215.00
2015-05-01,9.49,103850059,985537059.91,0.99,1.50,5208112.00
2015-05-04,9.43,103850059,979306056.37,0.98,-0.63,3994548.00
2015-05-05,9.25,103850059,960613045.75,0.96,-1.91,3592700.00
2015-05-06,9.27,103850059,962690046.93,0.96,0.22,3100815.00
2015-05-07,9.24,103850059,959574545.16,0.96,-0.32,2711016.00
2015-05-08,9.21,103850059,956459043.39,0.96,-0.32,2620245.00
2015-05-11,9.21,103850059,956459043.39,0.96,0.00,4753281.00
2015-05-12,9.10,103850059,945035536.90,0.95,-1.19,2647190.00
2015-05-13,9.42,103850059,978267555.78,0.98,3.52,7969320.00
2015-05-14,9.50,103850059,986575560.50,0.99,0.85,4503000.00
2015-05-15,9.53,103850059,989691062.27,0.99,0.32,4259910.00
2015-05-18,9.80,103850059,1017730578.20,1.02,2.83,9480520.00
2015-05-19,9.78,103850059,1015653577.02,1.02,-0.20,3728136.00
2015-05-20,9.87,103850059,1025000082.33,1.03,0.92,16575678.00
2015-05-21,9.87,103850059,1025000082.33,1.03,0.00,5948649.00
2015-05-22,9.87,103850059,1025000082.33,1.03,0.00,3551226.00
2015-05-26,9.66,103850059,1003191569.94,1.00,-2.13,5885838.00
2015-05-27,9.89,103850059,1027077083.51,1.03,2.38,5776749.00
2015-05-28,9.87,103850059,1025000082.33,1.03,-0.20,3585771.00
2015-05-29,9.88,103850059,1026038582.92,1.03,0.10,14165944.00
2015-06-01,10.07,103850059,1045770094.13,1.05,1.92,6583766.00
2015-06-02,10.78,103850059,1119503636.02,1.12,7.05,18507104.00
2015-06-03,10.50,103850059,1090425619.50,1.09,-2.60,14326200.00
2015-06-04,10.51,103850059,1091464120.09,1.09,0.10,11833209.00
2015-06-05,10.51,103850059,1091464120.09,1.09,0.00,10108518.00
2015-06-08,10.56,103850059,1096656623.04,1.10,0.48,10785984.00
2015-06-09,10.54,103850059,1094579621.86,1.09,-0.19,45373646.00
2015-06-10,10.73,103850059,1114311133.07,1.11,1.80,14673275.00
2015-06-11,10.72,103850059,1113272632.48,1.11,-0.09,13416080.00
2015-06-12,10.71,103850059,1112234131.89,1.11,-0.09,9529758.00
2015-06-15,10.58,103850059,1098733624.22,1.10,-1.21,9872198.00
2015-06-16,10.57,103850059,1097695123.63,1.10,-0.09,9663094.00
2015-06-17,10.41,103850059,1081079114.19,1.08,-1.51,8066709.00
2015-06-18,10.56,103850059,1096656623.04,1.10,1.44,7758432.00
2015-06-19,10.40,103850059,1080040613.60,1.08,-1.52,7092800.00
2015-06-22,10.36,103850059,1075886611.24,1.08,-0.38,4528356.00
2015-06-23,10.42,103850059,1082117614.78,1.08,0.58,4303460.00
2015-06-24,10.39,103850059,1079002113.01,1.08,-0.29,6971690.00
2015-06-25,10.27,103850059,1066540105.93,1.07,-1.15,7191054.00
2015-06-26,10.29,103850059,1068617107.11,1.07,0.19,12779151.00
2015-06-29,9.98,103850059,1036423588.82,1.04,-3.01,7244482.00
2015-06-30,9.99,103850059,1037462089.41,1.04,0.10,9169821.00
2015-07-01,9.95,103850059,1033308087.05,1.03,-0.40,6294370.00
2015-07-02,9.92,103850059,1030192585.28,1.03,-0.30,5276448.00
2015-07-06,9.95,103850059,1033308087.05,1.03,0.30,5553095.00
2015-07-07,9.70,103850059,1007345572.30,1.01,-2.51,8124720.00
2015-07-08,9.55,103850059,991768063.45,0.99,-1.55,5103520.00
2015-07-09,9.50,103850059,986575560.50,0.99,-0.52,4972300.00
2015-07-10,9.59,103850059,995922065.81,1.00,0.95,3808189.00
2015-07-13,9.59,103850059,995922065.81,1.00,0.00,3125381.00
2015-07-14,9.65,103850059,1002153069.35,1.00,0.63,2519615.00
2015-07-15,9.54,103850059,990729562.86,0.99,-1.14,3302748.00
2015-07-16,9.39,103850059,975152054.01,0.98,-1.57,12179769.00
2015-07-17,9.37,103850059,973075052.83,0.97,-0.21,3873558.00
2015-07-20,9.32,103850059,967882549.88,0.97,-0.53,4056996.00
2015-07-21,9.25,103850059,960613045.75,0.96,-0.75,11418200.00
2015-07-22,9.31,103850059,966844049.29,0.97,0.65,3446562.00
2015-07-23,9.22,103850059,957497543.98,0.96,-0.97,3910202.00
2015-07-24,9.15,103850059,950228039.85,0.95,-0.76,4765320.00
2015-07-27,9.14,103850059,949189539.26,0.95,-0.11,2701784.00
2015-07-28,9.16,103850059,951266540.44,0.95,0.22,2484192.00
2015-07-29,9.22,103850059,957497543.98,0.96,0.66,4095524.00
2015-07-30,9.12,103850059,947112538.08,0.95,-1.08,4668528.00
2015-07-31,9.13,103850059,948151038.67,0.95,0.11,5939065.00
2015-08-03,9.05,103850059,939843033.95,0.94,-0.88,5463485.00
2015-08-04,8.96,103850059,930496528.64,0.93,-0.99,4356352.00
2015-08-05,9.04,103850059,938804533.36,0.94,0.89,7733720.00
2015-08-06,8.22,103850059,853647484.98,0.85,-9.07,27725238.00
2015-08-07,7.69,103850059,798606953.71,0.80,-6.45,13629756.00
2015-08-10,8.32,103850059,864032490.88,0.86,8.19,21084544.00
2015-08-11,7.99,103850059,829761971.41,0.83,-3.97,7147055.00
2015-08-12,7.63,103850059,792375950.17,0.79,-4.51,15345456.00
2015-08-13,7.58,103850059,787183447.22,0.79,-0.66,19645086.00
2015-08-14,7.62,103850059,791337449.58,0.79,0.53,6654546.00
2015-08-17,7.62,103850059,791337449.58,0.79,0.00,7518654.00
2015-08-18,7.66,103850059,795491451.94,0.80,0.52,8376210.00
2015-08-19,7.63,103850059,792375950.17,0.79,-0.39,9902977.00
2015-08-20,7.56,103850059,785106446.04,0.79,-0.92,7775460.00
2015-08-21,7.50,103850059,778875442.50,0.78,-0.79,6912000.00
2015-08-24,6.88,103850059,714488405.92,0.71,-8.27,7199232.00
2015-08-25,6.77,103850059,703064899.43,0.70,-1.60,7574276.00
2015-08-26,6.93,103850059,719680908.87,0.72,2.36,7384608.00
2015-08-27,6.85,103850059,711372904.15,0.71,-1.15,5566310.00
2015-08-28,6.87,103850059,713449905.33,0.71,0.29,3974295.00
2015-08-31,6.82,103850059,708257402.38,0.71,-0.73,3649382.00
2015-09-01,6.60,103850059,685410389.40,0.69,-3.23,6486480.00
2015-09-02,6.56,103850059,681256387.04,0.68,-0.61,4850464.00
2015-09-03,6.52,103850059,677102384.68,0.68,-0.61,3460816.00
2015-09-04,6.35,103850059,659447874.65,0.66,-2.61,2994025.00
2015-09-08,6.59,103850059,684371888.81,0.68,3.78,3693695.00
2015-09-09,6.54,103850059,679179385.86,0.68,-0.76,2765766.00
2015-09-10,6.45,103850059,669832880.55,0.67,-1.38,2966355.00
2015-09-11,6.38,103850059,662563376.42,0.66,-1.09,2931610.00
2015-09-14,6.28,103850059,652178370.52,0.65,-1.57,6252996.00
2015-09-15,6.55,103850059,680217886.45,0.68,4.30,2592490.00
2015-09-16,6.61,103850059,686448889.99,0.69,0.92,4379786.00
2015-09-17,6.65,103850059,690602892.35,0.69,0.61,4005960.00
2015-09-18,6.55,103850059,680217886.45,0.68,-1.50,7334035.00
2015-09-21,6.50,103850059,675025383.50,0.68,-0.76,4347200.00
2015-09-22,6.27,103850059,651139869.93,0.65,-3.54,3947592.00
2015-09-23,6.24,103850059,648024368.16,0.65,-0.48,3083808.00
2015-09-24,6.30,103850059,654255371.70,0.65,0.96,2830590.00
2015-09-25,6.29,103850059,653216871.11,0.65,-0.16,3704181.00
2015-09-28,6.23,103850059,646985867.57,0.65,-0.95,2875145.00
2015-09-29,6.01,103850059,624138854.59,0.62,-3.53,5448065.00
2015-09-30,6.23,103850059,646985867.57,0.65,3.66,4465041.00
2015-10-01,6.07,103850059,630369858.13,0.63,-2.57,3109054.00
2015-10-02,6.29,103850059,653216871.11,0.65,3.62,3552592.00
2015-10-05,6.58,103850059,683333388.22,0.68,4.61,4028276.00
2015-10-06,6.74,103850059,699949397.66,0.70,2.43,5146664.00
2015-10-07,6.89,103850059,715526906.51,0.72,2.23,3534570.00
2015-10-08,6.89,103850059,715526906.51,0.72,0.00,2257853.00
2015-10-09,6.88,103850059,714488405.92,0.71,-0.15,2559360.00
2015-10-12,7.00,103850059,726950413.00,0.73,1.74,2744000.00
2015-10-13,6.83,103850059,709295902.97,0.71,-2.43,2134375.00
2015-10-14,6.90,103850059,716565407.10,0.72,1.02,2133480.00
2015-10-15,7.01,103850059,727988913.59,0.73,1.59,1594074.00
2015-10-16,6.97,103850059,723834911.23,0.72,-0.57,1606585.00
2015-10-19,7.02,103850059,729027414.18,0.73,0.72,2070198.00
2015-10-20,6.96,103850059,722796410.64,0.72,-0.85,3116688.00
2015-10-21,6.83,103850059,709295902.97,0.71,-1.87,2264145.00
2015-10-22,6.85,103850059,711372904.15,0.71,0.29,2972900.00
2015-10-23,7.02,103850059,729027414.18,0.73,2.48,3476304.00
2015-10-26,7.04,103850059,731104415.36,0.73,0.28,4116992.00
2015-10-27,6.86,103850059,712411404.74,0.71,-2.56,3556224.00
2015-10-28,7.19,103850059,746681924.21,0.75,4.81,4966852.00
2015-10-29,7.48,103850059,776798441.32,0.78,4.03,8590032.00
2015-10-30,7.30,103850059,758105430.70,0.76,-2.41,4203340.00
2015-11-02,7.70,103850059,799645454.30,0.80,5.48,7945630.00
2015-11-03,7.86,103850059,816261463.74,0.82,2.08,4727004.00
2015-11-04,7.92,103850059,822492467.28,0.82,0.76,4450248.00
2015-11-05,7.85,103850059,815222963.15,0.82,-0.88,5187280.00
2015-11-06,8.01,103850059,831838972.59,0.83,2.04,2989332.00
2015-11-09,7.90,103850059,820415466.10,0.82,-1.37,4301550.00
2015-11-10,7.80,103850059,810030460.20,0.81,-1.27,4704960.00
2015-11-11,7.84,103850059,814184462.56,0.81,0.51,3914512.00
2015-11-12,7.59,103850059,788221947.81,0.79,-3.19,4880370.00
2015-11-13,7.58,103850059,787183447.22,0.79,-0.13,3412516.00
2015-11-16,7.48,103850059,776798441.32,0.78,-1.32,3348796.00
2015-11-17,7.39,103850059,767451936.01,0.77,-1.20,4431783.00
2015-11-18,7.50,103850059,778875442.50,0.78,1.49,2491500.00
2015-11-19,7.50,103850059,778875442.50,0.78,0.00,1784250.00
2015-11-20,7.73,103850059,802760956.07,0.80,3.07,4241451.00
2015-11-23,7.68,103850059,797568453.12,0.80,-0.65,2717952.00
2015-11-24,7.80,103850059,810030460.20,0.81,1.56,2588040.00
2015-11-25,7.84,103850059,814184462.56,0.81,0.51,1444128.00
2015-11-27,7.89,103850059,819376965.51,0.82,0.64,897882.00
2015-11-30,7.84,103850059,814184462.56,0.81,-0.63,3250464.00
2015-12-01,8.08,103850059,839108476.72,0.84,3.06,3233616.00
2015-12-02,8.05,103850059,835992974.95,0.84,-0.37,2791740.00
2015-12-03,8.06,103850059,837031475.54,0.84,0.12,3663270.00
2015-12-04,7.70,103850059,799645454.30,0.80,-4.47,4378990.00
2015-12-07,7.01,103850059,727988913.59,0.73,-8.96,6331432.00
2015-12-08,6.99,103850059,725911912.41,0.73,-0.29,2879181.00
2015-12-09,6.85,103850059,711372904.15,0.71,-2.00,2726300.00
2015-12-10,6.86,103850059,712411404.74,0.71,0.15,1909824.00
2015-12-11,6.71,103850059,696833895.89,0.70,-2.19,4235352.00
2015-12-14,6.47,103850059,671909881.73,0.67,-3.58,3979050.00
2015-12-15,6.51,103850059,676063884.09,0.68,0.62,4536819.00
2015-12-16,6.66,103850059,691641392.94,0.69,2.30,2340324.00
2015-12-17,6.66,103850059,691641392.94,0.69,0.00,1709622.00
2015-12-18,6.53,103850059,678140885.27,0.68,-1.95,5813659.00
2015-12-21,6.62,103850059,687487390.58,0.69,1.38,1867502.00
2015-12-22,6.73,103850059,698910897.07,0.70,1.66,1584242.00
2015-12-23,6.73,103850059,698910897.07,0.70,0.00,1168328.00
2015-12-24,6.79,103850059,705141900.61,0.71,0.89,814800.00
2015-12-28,6.81,103850059,707218901.79,0.71,0.29,1668450.00
2015-12-29,6.76,103850059,702026398.84,0.70,-0.73,1069432.00
2015-12-30,6.57,103850059,682294887.63,0.68,-2.81,1120842.00
2015-12-31,6.51,103850059,676063884.09,0.68,-0.91,1807176.00
2016-01-04,6.46,103850059,670871381.14,0.67,-0.77,2669918.00
2016-01-05,6.15,103850059,638677862.85,0.64,-4.80,1815480.00
2016-01-06,6.11,103850059,634523860.49,0.63,-0.65,3061721.00
2016-01-07,5.81,103850059,603368842.79,0.60,-4.91,3218740.00
2016-01-08,5.59,103850059,580521829.81,0.58,-3.79,4576533.00
2016-01-11,5.49,103850059,570136823.91,0.57,-1.79,4892688.00
2016-01-12,5.40,103850059,560790318.60,0.56,-1.64,3474360.00
2016-01-13,5.24,103850059,544174309.16,0.54,-2.96,3044440.00
2016-01-14,5.36,103850059,556636316.24,0.56,2.29,2959792.00
2016-01-15,5.05,103850059,524442797.95,0.52,-5.78,3471370.00
2016-01-19,5.02,103850059,521327296.18,0.52,-0.59,2134504.00
2016-01-20,5.19,103850059,538981806.21,0.54,3.39,1797816.00
2016-01-21,5.27,103850059,547289810.93,0.55,1.54,1611039.00
2016-01-22,5.53,103850059,574290826.27,0.57,4.93,1886283.00
2016-01-25,5.38,103850059,558713317.42,0.56,-2.71,1385888.00
2016-01-26,5.61,103850059,582598830.99,0.58,4.28,1286934.00
2016-01-27,5.29,103850059,549366812.11,0.55,-5.70,2615376.00
2016-01-28,5.41,103850059,561828819.19,0.56,2.27,5525233.00
2016-01-29,5.83,103850059,605445843.97,0.61,7.76,3209415.00
2016-02-01,5.55,103850059,576367827.45,0.58,-4.80,1921965.00
2016-02-02,5.49,103850059,570136823.91,0.57,-1.08,1651941.00
2016-02-03,5.51,103850059,572213825.09,0.57,0.36,5019610.00
2016-02-04,5.34,103850059,554559315.06,0.55,-3.09,4269330.00
2016-02-05,6.55,103850059,680217886.45,0.68,22.66,12981445.00
2016-02-08,6.44,103850059,668794379.96,0.67,-1.68,3396456.00
2016-02-09,6.37,103850059,661524875.83,0.66,-1.09,2584309.00
2016-02-10,6.18,103850059,641793364.62,0.64,-2.98,3356358.00
2016-02-11,6.33,103850059,657370873.47,0.66,2.43,2565549.00
2016-02-12,6.34,103850059,658409374.06,0.66,0.16,2410468.00
2016-02-16,6.49,103850059,673986882.91,0.67,2.37,4587781.00
2016-02-17,6.43,103850059,667755879.37,0.67,-0.92,3341028.00
2016-02-18,6.46,103850059,670871381.14,0.67,0.47,2539426.00
2016-02-19,6.49,103850059,673986882.91,0.67,0.46,3107412.00
2016-02-22,6.44,103850059,668794379.96,0.67,-0.77,3104080.00
2016-02-23,6.25,103850059,649062868.75,0.65,-2.95,2763125.00
2016-02-24,6.30,103850059,654255371.70,0.65,0.80,2737980.00
2016-02-25,6.25,103850059,649062868.75,0.65,-0.79,1812500.00
2016-02-26,6.27,103850059,651139869.93,0.65,0.32,2365044.00
2016-02-29,6.56,103850059,681256387.04,0.68,4.63,4136080.00
2016-03-01,6.74,103850059,699949397.66,0.70,2.74,3002670.00
2016-03-02,6.76,103850059,702026398.84,0.70,0.30,2165904.00
2016-03-03,6.81,103850059,707218901.79,0.71,0.74,4329798.00
2016-03-04,6.82,103850059,708257402.38,0.71,0.15,4866752.00
2016-03-07,6.85,103850059,711372904.15,0.71,0.44,2842065.00
2016-03-08,6.68,103850059,693718394.12,0.69,-2.48,2249824.00
2016-03-09,6.68,103850059,693718394.12,0.69,0.00,8362692.00
2016-03-10,6.76,103850059,702026398.84,0.70,1.20,4126304.00
2016-03-11,6.75,103850059,700987898.25,0.70,-0.15,2663550.00
2016-03-14,6.69,103850059,694756894.71,0.69,-0.89,7639980.00
2016-03-15,6.49,103850059,673986882.91,0.67,-2.99,3782372.00
2016-03-16,6.61,103850059,686448889.99,0.69,1.85,2967890.00
2016-03-17,6.83,103850059,709295902.97,0.71,3.33,2935534.00
2016-03-18,6.67,103850059,692679893.53,0.69,-2.34,7286975.00
2016-03-21,6.77,103850059,703064899.43,0.70,1.50,5621131.00
2016-03-22,6.50,103850059,675025383.50,0.68,-3.99,2444650.00
2016-03-23,6.26,103850059,650101369.34,0.65,-3.69,2020102.00
2016-03-24,6.41,103850059,665678878.19,0.67,2.40,2096711.00
2016-03-28,6.55,103850059,680217886.45,0.68,2.18,4559455.00
2016-03-29,6.74,103850059,699949397.66,0.70,2.90,6436026.00
2016-03-30,6.76,103850059,702026398.84,0.70,0.30,2292992.00
2016-03-31,6.65,103850059,690602892.35,0.69,-1.63,3759245.00
2016-04-01,6.68,103850059,693718394.12,0.69,0.45,2517692.00
2016-04-04,6.50,103850059,675025383.50,0.68,-2.69,2072850.00
2016-04-05,6.53,103850059,678140885.27,0.68,0.46,2414794.00
2016-04-06,6.61,103850059,686448889.99,0.69,1.23,2163453.00
2016-04-07,6.48,103850059,672948382.32,0.67,-1.97,5389416.00
2016-04-08,6.64,103850059,689564391.76,0.69,2.47,4029152.00
2016-04-11,6.76,103850059,702026398.84,0.70,1.81,2360592.00
2016-04-12,6.81,103850059,707218901.79,0.71,0.74,3691701.00
2016-04-13,7.02,103850059,729027414.18,0.73,3.08,5270616.00
2016-04-14,6.92,103850059,718642408.28,0.72,-1.42,2716792.00
2016-04-15,6.85,103850059,711372904.15,0.71,-1.01,1474805.00
2016-04-18,6.78,103850059,704103400.02,0.70,-1.02,2427918.00
2016-04-19,6.80,103850059,706180401.20,0.71,0.29,2178720.00
2016-04-20,6.75,103850059,700987898.25,0.70,-0.74,1954800.00
2016-04-21,6.64,103850059,689564391.76,0.69,-1.63,5595528.00
2016-04-22,6.68,103850059,693718394.12,0.69,0.60,3210408.00
2016-04-25,6.62,103850059,687487390.58,0.69,-0.90,2497064.00
2016-04-26,6.81,103850059,707218901.79,0.71,2.87,2847261.00
2016-04-27,6.60,103850059,685410389.40,0.69,-3.08,6229080.00
2016-04-28,6.55,103850059,680217886.45,0.68,-0.76,6289310.00
2016-04-29,6.52,103850059,677102384.68,0.68,-0.46,5799540.00
2016-05-02,6.49,103850059,673986882.91,0.67,-0.46,3349489.00
2016-05-03,6.38,103850059,662563376.42,0.66,-1.69,2998600.00
2016-05-04,6.38,103850059,662563376.42,0.66,0.00,2991582.00
2016-05-05,6.30,103850059,654255371.70,0.65,-1.25,2743650.00
2016-05-06,6.50,103850059,675025383.50,0.68,3.17,3962400.00
2016-05-09,6.37,103850059,661524875.83,0.66,-2.00,4281277.00
2016-05-10,6.46,103850059,670871381.14,0.67,1.41,3658944.00
2016-05-11,6.50,103850059,675025383.50,0.68,0.62,2440100.00
2016-05-12,6.43,103850059,667755879.37,0.67,-1.08,3726185.00
2016-05-13,6.33,103850059,657370873.47,0.66,-1.56,2859894.00
2016-05-16,6.46,103850059,670871381.14,0.67,2.05,3950936.00
2016-05-17,6.37,103850059,661524875.83,0.66,-1.39,7971418.00
2016-05-18,6.61,103850059,686448889.99,0.69,3.77,6208112.00
2016-05-19,6.57,103850059,682294887.63,0.68,-0.61,4228452.00
2016-05-20,6.99,103850059,725911912.41,0.73,6.39,6465750.00
2016-05-23,7.20,103850059,747720424.80,0.75,3.00,5711760.00
2016-05-24,7.27,103850059,754989928.93,0.75,0.97,4364908.00
2016-05-25,7.47,103850059,775759940.73,0.78,2.75,5722020.00
2016-05-26,7.47,103850059,775759940.73,0.78,0.00,1945188.00
2016-05-27,7.64,103850059,793414450.76,0.79,2.28,3360072.00
2016-05-31,7.83,103850059,813145961.97,0.81,2.49,5310306.00
2016-06-01,7.78,103850059,807953459.02,0.81,-0.64,3338398.00
2016-06-02,7.84,103850059,814184462.56,0.81,0.77,2365328.00
2016-06-03,7.90,103850059,820415466.10,0.82,0.77,2922210.00
2016-06-06,8.03,103850059,833915973.77,0.83,1.65,3012856.00
2016-06-07,8.11,103850059,842223978.49,0.84,1.00,2484904.00
2016-06-08,8.01,103850059,831838972.59,0.83,-1.23,6552981.00
2016-06-09,7.93,103850059,823530967.87,0.82,-1.00,3913455.00
2016-06-10,7.95,103850059,825607969.05,0.83,0.25,5834505.00
2016-06-13,7.78,103850059,807953459.02,0.81,-2.14,6395160.00
2016-06-14,7.81,103850059,811068960.79,0.81,0.39,3298163.00
2016-06-15,7.81,103850059,811068960.79,0.81,0.00,2285987.00
2016-06-16,7.87,103850059,817299964.33,0.82,0.77,3526547.00
2016-06-17,7.89,103850059,819376965.51,0.82,0.25,4191168.00
2016-06-20,7.97,103850059,827684970.23,0.83,1.01,3851104.00
2016-06-21,7.93,103850059,823530967.87,0.82,-0.50,2222779.00
2016-06-22,7.84,103850059,814184462.56,0.81,-1.13,2049376.00
2016-06-23,7.97,103850059,827684970.23,0.83,1.66,2942524.00
2016-06-24,7.48,103850059,776798441.32,0.78,-6.15,15239752.00
2016-06-27,6.99,103850059,725911912.41,0.73,-6.55,5140446.00
2016-06-28,7.00,103850059,726950413.00,0.73,0.14,4631900.00
2016-06-29,7.04,103850059,731104415.36,0.73,0.57,4017728.00
2016-06-30,7.53,103850059,781990944.27,0.78,6.96,14563773.00
2016-07-01,7.41,103850059,769528937.19,0.77,-1.59,2699463.00
2016-07-05,7.24,103850059,751874427.16,0.75,-2.29,2366032.00
2016-07-06,7.27,103850059,754989928.93,0.75,0.41,1978167.00
2016-07-07,7.30,103850059,758105430.70,0.76,0.41,1778280.00
2016-07-08,7.59,103850059,788221947.81,0.79,3.97,2393127.00
2016-07-11,7.74,103850059,803799456.66,0.80,1.98,1883916.00
2016-07-12,7.85,103850059,815222963.15,0.82,1.42,2893510.00
2016-07-13,7.91,103850059,821453966.69,0.82,0.76,3684478.00
2016-07-14,8.04,103850059,834954474.36,0.83,1.64,2571996.00
2016-07-15,8.12,103850059,843262479.08,0.84,1.00,3725456.00
2016-07-18,8.29,103850059,860916989.11,0.86,2.09,2450524.00
2016-07-19,8.20,103850059,851570483.80,0.85,-1.09,2587920.00
2016-07-20,8.20,103850059,851570483.80,0.85,0.00,2229580.00
2016-07-21,8.05,103850059,835992974.95,0.84,-1.83,2587270.00
2016-07-22,8.11,103850059,842223978.49,0.84,0.75,2144284.00
2016-07-25,8.23,103850059,854685985.57,0.85,1.48,2366125.00
2016-07-26,8.26,103850059,857801487.34,0.86,0.36,3179274.00
2016-07-27,8.50,103850059,882725501.50,0.88,2.91,4268700.00
2016-07-28,9.56,103850059,992806564.04,0.99,12.47,37083240.00
2016-07-29,9.95,103850059,1033308087.05,1.03,4.08,26738635.00
2016-08-01,10.23,103850059,1062386103.57,1.06,2.81,36497571.00
2016-08-02,10.25,103850059,1064463104.75,1.06,0.20,21454275.00
2016-08-03,10.26,103850059,1065501605.34,1.07,0.10,13861260.00
2016-08-04,10.17,103850059,1056155100.03,1.06,-0.88,19129770.00
2016-08-05,10.49,103850059,1089387118.91,1.09,3.15,9256376.00
2016-08-08,10.50,103850059,1090425619.50,1.09,0.10,14416500.00
2016-08-09,10.57,103850059,1097695123.63,1.10,0.67,9685291.00
2016-08-10,10.38,103850059,1077963612.42,1.08,-1.80,8217846.00
2016-08-11,10.29,103850059,1068617107.11,1.07,-0.87,10953705.00
2016-08-12,10.25,103850059,1064463104.75,1.06,-0.39,11026950.00
2016-08-15,10.57,103850059,1097695123.63,1.10,3.12,23613380.00
2016-08-16,10.38,103850059,1077963612.42,1.08,-1.80,7751784.00
2016-08-17,10.25,103850059,1064463104.75,1.06,-1.25,11717800.00
2016-08-18,10.55,103850059,1095618122.45,1.10,2.93,20823590.00
2016-08-19,10.15,103850059,1054078098.85,1.05,-3.79,16312065.00
2016-08-22,10.19,103850059,1058232101.21,1.06,0.39,24808574.00
2016-08-23,10.38,103850059,1077963612.42,1.08,1.86,11834238.00
2016-08-24,10.52,103850059,1092502620.68,1.09,1.35,12574556.00
2016-08-25,10.67,103850059,1108080129.53,1.11,1.43,10941018.00
2016-08-26,10.52,103850059,1092502620.68,1.09,-1.41,7861596.00
2016-08-29,10.59,103850059,1099772124.81,1.10,0.67,9887883.00
2016-08-30,10.55,103850059,1095618122.45,1.10,-0.38,7687785.00
2016-08-31,10.73,103850059,1114311133.07,1.11,1.71,14802035.00
2016-09-01,10.86,103850059,1127811640.74,1.13,1.21,10351752.00
2016-09-02,10.85,103850059,1126773140.15,1.13,-0.09,6399330.00
2016-09-06,10.88,103850059,1129888641.92,1.13,0.28,10303360.00
2016-09-07,10.89,103850059,1130927142.51,1.13,0.09,15973452.00
2016-09-08,10.99,103850059,1141312148.41,1.14,0.92,11166939.00
2016-09-09,10.40,103850059,1080040613.60,1.08,-5.37,8968960.00
2016-09-12,10.33,103850059,1072771109.47,1.07,-0.67,15237783.00
2016-09-13,10.30,103850059,1069655607.70,1.07,-0.29,8667450.00
2016-09-14,10.41,103850059,1081079114.19,1.08,1.07,12320235.00
2016-09-15,10.97,103850059,1139235147.23,1.14,5.38,14425550.00
2016-09-16,10.98,103850059,1140273647.82,1.14,0.09,19221588.00
2016-09-19,11.30,103850059,1173505666.70,1.17,2.91,24604620.00
2016-09-20,11.23,103850059,1166236162.57,1.17,-0.62,20520579.00
2016-09-21,11.18,103850059,1161043659.62,1.16,-0.45,27810250.00
2016-09-22,11.49,103850059,1193237177.91,1.19,2.77,14753160.00
2016-09-23,11.32,103850059,1175582667.88,1.18,-1.48,12258428.00
2016-09-26,11.28,103850059,1171428665.52,1.17,-0.35,24337728.00
2016-09-27,11.49,103850059,1193237177.91,1.19,1.86,12034626.00
2016-09-28,11.59,103850059,1203622183.81,1.20,0.87,28223968.00
2016-09-29,11.40,103850059,1183890672.60,1.18,-1.64,21429720.00
2016-09-30,11.45,103850059,1189083175.55,1.19,0.44,18018865.00
2016-10-03,11.41,103850059,1184929173.19,1.18,-0.35,16315159.00
2016-10-04,11.48,103850059,1192198677.32,1.19,0.61,8944068.00
2016-10-05,11.70,103850059,1215045690.30,1.22,1.92,22183200.00
2016-10-06,11.72,103850059,1217122691.48,1.22,0.17,6578436.00
2016-10-07,11.89,103850059,1234777201.51,1.23,1.45,21020331.00
2016-10-10,11.89,103850059,1234777201.51,1.23,0.00,11232483.00
2016-10-11,11.81,103850059,1226469196.79,1.23,-0.67,21211941.00
2016-10-12,11.42,103850059,1185967673.78,1.19,-3.30,18496974.00
2016-10-13,10.95,103850059,1137158146.05,1.14,-4.12,18230655.00
2016-10-14,10.86,103850059,1127811640.74,1.13,-0.82,18175296.00
2016-10-17,11.13,103850059,1155851156.67,1.16,2.49,19371765.00
2016-10-18,11.39,103850059,1182852172.01,1.18,2.34,12136045.00
2016-10-19,11.60,103850059,1204660684.40,1.20,1.84,12135920.00
2016-10-20,11.83,103850059,1228546197.97,1.23,1.98,11483381.00
2016-10-21,11.65,103850059,1209853187.35,1.21,-1.52,9628725.00
2016-10-24,11.95,103850059,1241008205.05,1.24,2.58,10633110.00
2016-10-25,11.67,103850059,1211930188.53,1.21,-2.34,14106696.00
2016-10-26,11.36,103850059,1179736670.24,1.18,-2.66,18728096.00
2016-10-27,13.64,103850059,1416514804.76,1.42,20.07,83205364.00
2016-10-28,13.53,103850059,1405091298.27,1.41,-0.81,40296399.00
2016-10-31,13.15,103850059,1365628275.85,1.37,-2.81,27434845.00
2016-11-01,13.31,103850059,1382244285.29,1.38,1.22,24226862.00
2016-11-02,13.21,103850059,1371859279.39,1.37,-0.75,15579874.00
2016-11-03,12.99,103850059,1349012266.41,1.35,-1.67,17101335.00
2016-11-04,12.96,103850059,1345896764.64,1.35,-0.23,21872592.00
2016-11-07,13.39,103850059,1390552290.01,1.39,3.32,21145488.00
2016-11-08,13.31,103850059,1382244285.29,1.38,-0.60,11240295.00
2016-11-09,13.70,103850059,1422745808.30,1.42,2.93,19785540.00
2016-11-10,13.88,103850059,1441438818.92,1.44,1.31,17776116.00
2016-11-11,14.49,103850059,1504787354.91,1.50,4.39,28540953.00
2016-11-14,14.92,103850059,1549442880.28,1.55,2.97,34650208.00
2016-11-15,13.23,103850059,1373936280.57,1.37,-11.33,61626663.00
2016-11-16,12.71,103850059,1319934249.89,1.32,-3.93,74106926.00
2016-11-17,13.19,103850059,1369782278.21,1.37,3.78,274262308.00
2016-11-18,13.01,103850059,1351089267.59,1.35,-1.36,70332060.00
2016-11-21,13.15,103850059,1365628275.85,1.37,1.08,28586785.00
2016-11-22,13.59,103850059,1411322301.81,1.41,3.35,27779319.00
2016-11-23,13.72,103850059,1424822809.48,1.42,0.96,26677168.00
2016-11-25,13.55,103850059,1407168299.45,1.41,-1.24,12762745.00
2016-11-28,13.78,103850059,1431053813.02,1.43,1.70,26749736.00
2016-11-29,13.99,103850059,1452862325.41,1.45,1.52,41488744.00
2016-11-30,13.57,103850059,1409245300.63,1.41,-3.00,27823928.00
2016-12-01,13.28,103850059,1379128783.52,1.38,-2.14,38217184.00
2016-12-02,13.43,103850059,1394706292.37,1.39,1.13,36074323.00
2016-12-05,13.28,103850059,1379128783.52,1.38,-1.12,22664976.00
2016-12-06,13.24,103850059,1374974781.16,1.37,-0.30,41864880.00
2016-12-07,13.45,103850059,1396783293.55,1.40,1.59,21183750.00
2016-12-08,13.41,103850059,1392629291.19,1.39,-0.30,35623665.00
2016-12-09,13.67,103850059,1419630306.53,1.42,1.94,21434560.00
2016-12-12,13.65,103850059,1417553305.35,1.42,-0.15,18797415.00
2016-12-13,13.42,103850059,1393667791.78,1.39,-1.68,26700432.00
2016-12-14,13.63,103850059,1415476304.17,1.42,1.56,32736534.00
2016-12-15,13.84,103850059,1437284816.56,1.44,1.54,17949096.00
2016-12-16,13.83,103850059,1436246315.97,1.44,-0.07,52955070.00
2016-12-19,14.09,103850059,1463247331.31,1.46,1.88,15318648.00
2016-12-20,14.65,103850059,1521403364.35,1.52,3.97,36755385.00
2016-12-21,14.29,103850059,1484017343.11,1.48,-2.46,14347160.00
2016-12-22,14.16,103850059,1470516835.44,1.47,-0.91,10124400.00
2016-12-23,14.27,103850059,1481940341.93,1.48,0.78,7089336.00
2016-12-27,14.25,103850059,1479863340.75,1.48,-0.14,10365450.00
2016-12-28,13.84,103850059,1437284816.56,1.44,-2.88,9110872.00
2016-12-29,13.86,103850059,1439361817.74,1.44,0.14,6386688.00
2016-12-30,13.63,103850059,1415476304.17,1.42,-1.66,10803138.00
2017-01-03,13.78,103850059,1431053813.02,1.43,1.10,20756814.00
2017-01-04,14.02,103850059,1455977827.18,1.46,1.74,13476024.00
2017-01-05,13.82,103850059,1435207815.38,1.44,-1.43,13695620.00
2017-01-06,13.55,103850059,1407168299.45,1.41,-1.95,15402285.00
2017-01-09,13.60,103850059,1412360802.40,1.41,0.37,15019840.00
2017-01-10,13.89,103850059,1442477319.51,1.44,2.13,25877070.00
2017-01-11,13.89,103850059,1442477319.51,1.44,0.00,17393058.00
2017-01-12,14.20,103850059,1474670837.80,1.47,2.23,28300600.00
2017-01-13,14.65,103850059,1521403364.35,1.52,3.17,25442655.00
2017-01-17,14.64,103850059,1520364863.76,1.52,-0.07,32330976.00
2017-01-18,14.79,103850059,1535942372.61,1.54,1.02,27300861.00
2017-01-19,14.63,103850059,1519326363.17,1.52,-1.08,23801547.00
2017-01-20,14.55,103850059,1511018358.45,1.51,-0.55,13353990.00
2017-01-23,14.67,103850059,1523480365.53,1.52,0.82,19792764.00
2017-01-24,15.15,103850059,1573328393.85,1.57,3.27,25644405.00
2017-01-25,15.16,103850059,1574366894.44,1.57,0.07,18727148.00
2017-01-26,14.86,103850059,1543211876.74,1.54,-1.98,15591112.00
2017-01-27,14.75,103850059,1531788370.25,1.53,-0.74,14603975.00
2017-01-30,14.43,103850059,1498556351.37,1.50,-2.17,22809501.00
2017-01-31,14.83,103850059,1540096374.97,1.54,2.77,25187272.00
2017-02-01,15.01,103850059,1558789385.59,1.56,1.21,18903594.00
2017-02-02,15.04,103850059,1561904887.36,1.56,0.20,19669312.00
2017-02-03,15.15,103850059,1573328393.85,1.57,0.73,17592180.00
2017-02-06,15.17,103850059,1575405395.03,1.58,0.13,24748338.00
2017-02-07,15.20,103850059,1578520896.80,1.58,0.20,29752480.00
2017-02-08,15.57,103850059,1616945418.63,1.62,2.43,39186576.00
2017-02-09,17.06,103850059,1771682006.54,1.77,9.57,114699498.00
2017-02-10,16.75,103850059,1739488488.25,1.74,-1.82,59412250.00
2017-02-13,17.64,103850059,1831915040.76,1.83,5.31,69513948.00
2017-02-14,17.63,103850059,1830876540.17,1.83,-0.06,64303662.00
2017-02-15,17.48,103850059,1815299031.32,1.82,-0.85,23972072.00
2017-02-16,17.46,103850059,1813222030.14,1.81,-0.11,33254316.00
2017-02-17,16.69,103850059,1733257484.71,1.73,-4.41,44946170.00
2017-02-21,16.81,103850059,1745719491.79,1.75,0.72,29588962.00
2017-02-22,16.67,103850059,1731180483.53,1.73,-0.83,34461891.00
2017-02-23,16.41,103850059,1704179468.19,1.70,-1.56,20482962.00
2017-02-24,16.52,103850059,1715602974.68,1.72,0.67,24806432.00
2017-02-27,16.20,103850059,1682370955.80,1.68,-1.94,31776300.00
2017-02-28,16.16,103850059,1678216953.44,1.68,-0.25,36502208.00
2017-03-01,16.43,103850059,1706256469.37,1.71,1.67,41485750.00
2017-03-02,16.01,103850059,1662639444.59,1.66,-2.56,20624082.00
2017-03-03,15.97,103850059,1658485442.23,1.66,-0.25,23451945.00
2017-03-06,15.78,103850059,1638753931.02,1.64,-1.19,19576668.00
2017-03-07,16.09,103850059,1670947449.31,1.67,1.96,20875166.00
2017-03-08,16.14,103850059,1676139952.26,1.68,0.31,26427636.00
2017-03-09,16.04,103850059,1665754946.36,1.67,-0.62,18627252.00
2017-03-10,16.04,103850059,1665754946.36,1.67,0.00,19876768.00
2017-03-13,16.00,103850059,1661600944.00,1.66,-0.25,14859200.00
2017-03-14,15.90,103850059,1651215938.10,1.65,-0.63,9838920.00
2017-03-15,16.14,103850059,1676139952.26,1.68,1.51,11441646.00
2017-03-16,16.20,103850059,1682370955.80,1.68,0.37,9136800.00
2017-03-17,16.21,103850059,1683409456.39,1.68,0.06,31674340.00
2017-03-20,16.07,103850059,1668870448.13,1.67,-0.86,11019199.00
2017-03-21,15.51,103850059,1610714415.09,1.61,-3.48,31350363.00
2017-03-22,15.59,103850059,1619022419.81,1.62,0.52,14617184.00
2017-03-23,15.56,103850059,1615906918.04,1.62,-0.19,11109840.00
2017-03-24,15.90,103850059,1651215938.10,1.65,2.19,22689300.00
2017-03-27,15.57,103850059,1616945418.63,1.62,-2.08,11496888.00
2017-03-28,15.60,103850059,1620060920.40,1.62,0.19,20601360.00
2017-03-29,15.84,103850059,1644984934.56,1.64,1.54,12614976.00
2017-03-30,16.23,103850059,1685486457.57,1.69,2.46,29772312.00
2017-03-31,16.13,103850059,1675101451.67,1.68,-0.62,14312149.00
2017-04-03,15.73,103850059,1633561428.07,1.63,-2.48,14929343.00
2017-04-04,17.06,103850059,1771682006.54,1.77,8.46,56872922.00
2017-04-05,16.26,103850059,1688601959.34,1.69,-4.69,32071224.00
2017-04-06,16.50,103850059,1713525973.50,1.71,1.48,24123000.00
2017-04-07,16.15,103850059,1677178452.85,1.68,-2.12,18848665.00
2017-04-10,16.15,103850059,1677178452.85,1.68,0.00,12798875.00
2017-04-11,16.23,103850059,1685486457.57,1.69,0.50,15595407.00
2017-04-12,15.88,103850059,1649138936.92,1.65,-2.16,26899132.00
2017-04-13,15.56,103850059,1615906918.04,1.62,-2.02,12645612.00
2017-04-17,15.63,103850059,1623176422.17,1.62,0.45,10095417.00
2017-04-18,15.54,103850059,1613829916.86,1.61,-0.58,10472406.00
2017-04-19,15.65,103850059,1625253423.35,1.63,0.71,15668780.00
2017-04-20,16.02,103850059,1663677945.18,1.66,2.36,15665958.00
2017-04-21,15.95,103850059,1656408441.05,1.66,-0.44,24596495.00
2017-04-24,16.29,103850059,1691717461.11,1.69,2.13,15366357.00
2017-04-25,16.50,103850059,1713525973.50,1.71,1.29,13249500.00
2017-04-26,16.62,103850059,1725987980.58,1.73,0.73,32359140.00
2017-04-27,16.97,103850059,1762335501.23,1.76,2.11,17395947.00
2017-04-28,16.73,103850059,1737411487.07,1.74,-1.41,19381705.00
2017-05-01,16.83,103850059,1747796492.97,1.75,0.60,15845445.00
2017-05-02,16.28,103850059,1690678960.52,1.69,-3.27,18765956.00
2017-05-03,16.06,103850059,1667831947.54,1.67,-1.35,19801980.00
2017-05-04,16.64,103850059,1728064981.76,1.73,3.61,24221184.00
2017-05-05,16.36,103850059,1698986965.24,1.70,-1.68,17066752.00
2017-05-08,16.45,103850059,1708333470.55,1.71,0.55,20386485.00
2017-05-09,16.56,103850059,1719756977.04,1.72,0.67,12926736.00
2017-05-10,16.44,103850059,1707294969.96,1.71,-0.72,12099840.00
2017-05-11,16.53,103850059,1716641475.27,1.72,0.55,11688363.00
2017-05-12,16.35,103850059,1697948464.65,1.70,-1.09,8240400.00
2017-05-15,16.18,103850059,1680293954.62,1.68,-1.04,20275158.00
2017-05-16,16.57,103850059,1720795477.63,1.72,2.41,19118466.00
2017-05-17,16.03,103850059,1664716445.77,1.66,-3.26,30105943.00
2017-05-18,15.81,103850059,1641869432.79,1.64,-1.37,21084216.00
2017-05-19,15.90,103850059,1651215938.10,1.65,0.57,12727950.00
2017-05-22,15.99,103850059,1660562443.41,1.66,0.57,15419157.00
2017-05-23,16.15,103850059,1677178452.85,1.68,1.00,11600545.00
2017-05-24,16.26,103850059,1688601959.34,1.69,0.68,14513676.00
2017-05-25,16.43,103850059,1706256469.37,1.71,1.05,18675981.00
2017-05-26,16.29,103850059,1691717461.11,1.69,-0.85,10406052.00
2017-05-30,16.14,103850059,1676139952.26,1.68,-0.92,12527868.00
2017-05-31,16.24,103850059,1686524958.16,1.69,0.62,12594120.00
2017-06-01,16.39,103850059,1702102467.01,1.70,0.92,16821057.00
2017-06-02,16.96,103850059,1761297000.64,1.76,3.48,20428320.00
2017-06-05,17.01,103850059,1766489503.59,1.77,0.29,16436763.00
2017-06-06,17.11,103850059,1776874509.49,1.78,0.59,20051209.00
2017-06-07,17.28,103850059,1794529019.52,1.79,0.99,21950784.00
2017-06-08,18.24,103850059,1894225076.16,1.89,5.56,40598592.00
2017-06-09,17.98,103850059,1867224060.82,1.87,-1.43,34573742.00
2017-06-12,17.86,103850059,1854762053.74,1.85,-0.67,27175776.00
2017-06-13,18.24,103850059,1894225076.16,1.89,2.13,23949120.00
2017-06-14,18.19,103850059,1889032573.21,1.89,-0.27,19659752.00
2017-06-15,18.12,103850059,1881763069.08,1.88,-0.38,20337888.00
2017-06-16,18.10,103850059,1879686067.90,1.88,-0.11,28693930.00
2017-06-19,18.25,103850059,1895263576.75,1.90,0.83,20392550.00
2017-06-20,17.87,103850059,1855800554.33,1.86,-2.08,15663055.00
2017-06-21,18.03,103850059,1872416563.77,1.87,0.90,14723298.00
2017-06-22,18.00,103850059,1869301062.00,1.87,-0.17,13339800.00
2017-06-23,18.37,103850059,1907725583.83,1.91,2.06,61168426.00
2017-06-26,18.37,103850059,1907725583.83,1.91,0.00,22896368.00
2017-06-27,17.76,103850059,1844377047.84,1.84,-3.32,16943040.00
2017-06-28,18.16,103850059,1885917071.44,1.89,2.25,22353144.00
2017-06-29,17.53,103850059,1820491534.27,1.82,-3.47,22029951.00
2017-06-30,17.36,103850059,1802837024.24,1.80,-0.97,22597512.00
2017-07-03,17.42,103850059,1809068027.78,1.81,0.35,8546252.00
2017-07-05,17.42,103850059,1809068027.78,1.81,0.00,14563120.00
2017-07-06,17.19,103850059,1785182514.21,1.79,-1.32,15778701.00
2017-07-07,17.64,103850059,1831915040.76,1.83,2.62,10531080.00
2017-07-10,17.83,103850059,1851646551.97,1.85,1.08,11120571.00
2017-07-11,17.99,103850059,1868262561.41,1.87,0.90,37282476.00
2017-07-12,18.18,103850059,1887994072.62,1.89,1.06,11567934.00
2017-07-13,18.19,103850059,1889032573.21,1.89,0.06,10655702.00
2017-07-14,18.32,103850059,1902533080.88,1.90,0.71,7875768.00
2017-07-17,18.48,103850059,1919149090.32,1.92,0.87,13856304.00
2017-07-18,18.66,103850059,1937842100.94,1.94,0.97,28514346.00
2017-07-19,19.34,103850059,2008460141.06,2.01,3.64,36152262.00
2017-07-20,19.09,103850059,1982497626.31,1.98,-1.29,14821476.00
2017-07-21,18.95,103850059,1967958618.05,1.97,-0.73,17013310.00
2017-07-24,19.19,103850059,1992882632.21,1.99,1.27,14413609.00
2017-07-25,19.37,103850059,2011575642.83,2.01,0.94,16073226.00
2017-07-26,19.33,103850059,2007421640.47,2.01,-0.21,61593112.00
2017-07-27,18.93,103850059,1965881616.87,1.97,-2.07,20550408.00
2017-07-28,17.69,103850059,1837107543.71,1.84,-6.55,31516504.00
2017-07-31,17.38,103850059,1804914025.42,1.80,-1.75,21014158.00
2017-08-01,17.61,103850059,1828799538.99,1.83,1.32,16597425.00
2017-08-02,17.21,103850059,1787259515.39,1.79,-2.27,32150001.00
2017-08-03,14.02,103850059,1455977827.18,1.46,-18.54,170676676.00
2017-08-04,13.38,103850059,1389513789.42,1.39,-4.56,95278980.00
2017-08-07,14.01,103850059,1454939326.59,1.45,4.71,47073600.00
2017-08-08,13.54,103850059,1406129798.86,1.41,-3.35,28245794.00
2017-08-09,13.49,103850059,1400937295.91,1.40,-0.37,34205244.00
2017-08-10,13.35,103850059,1386398287.65,1.39,-1.04,23506680.00
2017-08-11,13.12,103850059,1362512774.08,1.36,-1.72,30014624.00
2017-08-14,13.20,103850059,1370820778.80,1.37,0.61,20036280.00
2017-08-15,12.81,103850059,1330319255.79,1.33,-2.95,13275003.00
2017-08-16,13.40,103850059,1391590790.60,1.39,4.61,23109640.00
2017-08-17,12.92,103850059,1341742762.28,1.34,-3.58,32022220.00
2017-08-18,12.99,103850059,1349012266.41,1.35,0.54,11510439.00
2017-08-21,12.90,103850059,1339665761.10,1.34,-0.69,14377050.00
2017-08-22,13.24,103850059,1374974781.16,1.37,2.64,15791348.00
2017-08-23,13.21,103850059,1371859279.39,1.37,-0.23,13389656.00
2017-08-24,13.56,103850059,1408206800.04,1.41,2.65,21643116.00
2017-08-25,13.88,103850059,1441438818.92,1.44,2.36,24940972.00
2017-08-28,13.88,103850059,1441438818.92,1.44,0.00,22792348.00
2017-08-29,13.82,103850059,1435207815.38,1.44,-0.43,15179888.00
2017-08-30,14.06,103850059,1460131829.54,1.46,1.74,10989296.00
2017-08-31,14.24,103850059,1478824840.16,1.48,1.28,13570720.00
2017-09-01,14.58,103850059,1514133860.22,1.51,2.39,17268552.00
2017-09-05,14.64,103850059,1520364863.76,1.52,0.41,24920208.00
2017-09-06,14.60,103850059,1516210861.40,1.52,-0.27,18879260.00
2017-09-07,14.54,103850059,1509979857.86,1.51,-0.41,16299340.00
2017-09-08,14.77,103850059,1533865371.43,1.53,1.58,19116811.00
2017-09-11,14.71,103850059,1527634367.89,1.53,-0.41,24230312.00
2017-09-12,14.83,103850059,1540096374.97,1.54,0.82,24865461.00
2017-09-13,14.86,103850059,1543211876.74,1.54,0.20,21061078.00
2017-09-14,14.68,103850059,1524518866.12,1.52,-1.21,18013828.00
2017-09-15,14.78,103850059,1534903872.02,1.53,0.68,30872464.00
2017-09-18,14.74,103850059,1530749869.66,1.53,-0.27,15278010.00
2017-09-19,14.70,103850059,1526595867.30,1.53,-0.27,15729000.00
2017-09-20,14.78,103850059,1534903872.02,1.53,0.54,10756884.00
2017-09-21,14.79,103850059,1535942372.61,1.54,0.07,17571999.00
2017-09-22,15.59,103850059,1619022419.81,1.62,5.41,27770467.00
2017-09-25,15.04,103850059,1561904887.36,1.56,-3.53,23659424.00
2017-09-26,15.05,103850059,1562943387.95,1.56,0.07,15743805.00
2017-09-27,15.13,103850059,1571251392.67,1.57,0.53,17587112.00
2017-09-28,15.27,103850059,1585790400.93,1.59,0.93,8061033.00
2017-09-29,15.37,103850059,1596175406.83,1.60,0.65,13531748.00
2017-10-02,15.41,103850059,1600329409.19,1.60,0.26,14830584.00
2017-10-03,15.48,103850059,1607598913.32,1.61,0.45,12591432.00
2017-10-04,15.64,103850059,1624214922.76,1.62,1.03,7532224.00
2017-10-05,15.70,103850059,1630445926.30,1.63,0.38,11217650.00
2017-10-06,15.63,103850059,1623176422.17,1.62,-0.45,13011975.00
2017-10-09,15.47,103850059,1606560412.73,1.61,-1.02,8904532.00
2017-10-10,15.23,103850059,1581636398.57,1.58,-1.55,12902856.00
2017-10-11,15.49,103850059,1608637413.91,1.61,1.71,17813500.00
2017-10-12,15.63,103850059,1623176422.17,1.62,0.90,14649999.00
2017-10-13,15.57,103850059,1616945418.63,1.62,-0.38,10786896.00
2017-10-16,15.70,103850059,1630445926.30,1.63,0.83,7251830.00
2017-10-17,15.79,103850059,1639792431.61,1.64,0.57,9046091.00
2017-10-18,15.90,103850059,1651215938.10,1.65,0.70,9799170.00
2017-10-19,15.31,103850059,1589944403.29,1.59,-3.71,22997151.00
2017-10-20,15.45,103850059,1604483411.55,1.60,0.91,14782560.00
2017-10-23,15.41,103850059,1600329409.19,1.60,-0.26,19626176.00
2017-10-24,15.80,103850059,1640830932.20,1.64,2.53,42233400.00
2017-10-25,15.65,103850059,1625253423.35,1.63,-0.95,9632575.00
2017-10-26,15.55,103850059,1614868417.45,1.61,-0.64,7017715.00
2017-10-27,15.69,103850059,1629407425.71,1.63,0.90,10661355.00
2017-10-30,15.69,103850059,1629407425.71,1.63,0.00,8154093.00
2017-10-31,15.78,103850059,1638753931.02,1.64,0.57,15791046.00
2017-11-01,15.80,103850059,1640830932.20,1.64,0.13,18171580.00
2017-11-02,17.08,103850059,1773759007.72,1.77,8.10,48215132.00
2017-11-03,16.62,103850059,1725987980.58,1.73,-2.69,20269752.00
2017-11-06,16.79,103850059,1743642490.61,1.74,1.02,14518313.00
2017-11-07,16.82,103850059,1746757992.38,1.75,0.18,16547516.00
2017-11-08,16.87,103850059,1751950495.33,1.75,0.30,10914890.00
2017-11-09,16.75,103850059,1739488488.25,1.74,-0.71,17061550.00
2017-11-10,16.62,103850059,1725987980.58,1.73,-0.78,12388548.00
2017-11-13,16.45,103850059,1708333470.55,1.71,-1.02,11870320.00
2017-11-14,16.25,103850059,1687563458.75,1.69,-1.22,19233500.00
2017-11-15,16.17,103850059,1679255454.03,1.68,-0.49,13424334.00
2017-11-16,16.56,103850059,1719756977.04,1.72,2.41,19747800.00
2017-11-17,16.71,103850059,1735334485.89,1.74,0.91,10901604.00
2017-11-20,16.86,103850059,1750911994.74,1.75,0.90,10787028.00
2017-11-21,17.39,103850059,1805952526.01,1.81,3.14,29903844.00
2017-11-22,17.19,103850059,1785182514.21,1.79,-1.15,9284319.00
2017-11-24,17.55,103850059,1822568535.45,1.82,2.09,5859945.00
2017-11-27,17.32,103850059,1798683021.88,1.80,-1.31,23560396.00
2017-11-28,17.43,103850059,1810106528.37,1.81,0.64,27576003.00
2017-11-29,16.66,103850059,1730141982.94,1.73,-4.42,15996932.00
2017-11-30,16.33,103850059,1695871463.47,1.70,-1.98,23662170.00
2017-12-01,15.89,103850059,1650177437.51,1.65,-2.69,33777373.00
2017-12-04,15.85,103850059,1646023435.15,1.65,-0.25,26490105.00
2017-12-05,15.72,103850059,1632522927.48,1.63,-0.82,19679868.00
2017-12-06,15.66,103850059,1626291923.94,1.63,-0.38,15298254.00
2017-12-07,15.68,103850059,1628368925.12,1.63,0.13,12459328.00
2017-12-08,15.61,103850059,1621099420.99,1.62,-0.45,11677841.00
2017-12-11,15.32,103850059,1590982903.88,1.59,-1.86,18059216.00
2017-12-12,15.40,103850059,1599290908.60,1.60,0.52,27019300.00
2017-12-13,15.69,103850059,1629407425.71,1.63,1.88,13648731.00
2017-12-14,15.78,103850059,1638753931.02,1.64,0.57,19002276.00
2017-12-15,16.34,103850059,1696909964.06,1.70,3.55,23867838.00
2017-12-18,16.52,103850059,1715602974.68,1.72,1.10,14978684.00
2017-12-19,16.44,103850059,1707294969.96,1.71,-0.48,10932600.00
2017-12-20,16.52,103850059,1715602974.68,1.72,0.49,14861392.00
2017-12-21,16.40,103850059,1703140967.60,1.70,-0.73,11525920.00
2017-12-22,15.97,103850059,1658485442.23,1.66,-2.62,16845156.00
2017-12-26,15.69,103850059,1629407425.71,1.63,-1.75,11442717.00
2017-12-27,15.64,103850059,1624214922.76,1.62,-0.32,9617036.00
2017-12-28,15.71,103850059,1631484426.89,1.63,0.45,4273120.00
2017-12-29,15.67,103850059,1627330424.53,1.63,-0.25,7847536.00
2018-01-02,15.86,103850059,1647061935.74,1.65,1.21,7503366.00
2018-01-03,16.01,103850059,1662639444.59,1.66,0.95,17100281.00
2018-01-04,15.99,103850059,1660562443.41,1.66,-0.12,20990073.00
2018-01-05,16.32,103850059,1694832962.88,1.69,2.06,12202464.00
2018-01-08,16.64,103850059,1728064981.76,1.73,1.96,12371840.00
2018-01-09,16.59,103850059,1722872478.81,1.72,-0.30,10670688.00
2018-01-10,16.57,103850059,1720795477.63,1.72,-0.12,6468928.00
2018-01-11,16.80,103850059,1744680991.20,1.74,1.39,9856560.00
2018-01-12,17.39,103850059,1805952526.01,1.81,3.51,20236743.00
2018-01-16,17.10,103850059,1775836008.90,1.78,-1.67,17985780.00
2018-01-17,17.49,103850059,1816337531.91,1.82,2.28,10915509.00
2018-01-18,17.49,103850059,1816337531.91,1.82,0.00,10401303.00
2018-01-19,17.59,103850059,1826722537.81,1.83,0.57,8960346.00
2018-01-22,17.20,103850059,1786221014.80,1.79,-2.22,22361720.00
2018-01-23,17.16,103850059,1782067012.44,1.78,-0.23,17522076.00
2018-01-24,16.85,103850059,1749873494.15,1.75,-1.81,28225435.00
2018-01-25,16.73,103850059,1737411487.07,1.74,-0.71,27224729.00
2018-01-26,16.90,103850059,1755065997.10,1.76,1.02,16237520.00
2018-01-29,16.97,103850059,1762335501.23,1.76,0.41,16489749.00
2018-01-30,17.00,103850059,1765451003.00,1.77,0.18,11381500.00
2018-01-31,16.49,103850059,1712487472.91,1.71,-3.00,13625687.00
2018-02-01,16.94,103850059,1759219999.46,1.76,2.73,34947220.00
2018-02-02,16.12,103850059,1674062951.08,1.67,-4.84,20881848.00
2018-02-05,15.35,103850059,1594098405.65,1.59,-4.78,21663455.00
2018-02-06,15.56,103850059,1615906918.04,1.62,1.37,32854940.00
2018-02-07,15.48,103850059,1607598913.32,1.61,-0.51,11554272.00
2018-02-08,15.14,103850059,1572289893.26,1.57,-2.20,40463164.00
2018-02-09,14.99,103850059,1556712384.41,1.56,-0.99,23066612.00
2018-02-12,15.31,103850059,1589944403.29,1.59,2.13,17777972.00
2018-02-13,15.32,103850059,1590982903.88,1.59,0.07,10834304.00
2018-02-14,15.56,103850059,1615906918.04,1.62,1.57,11967196.00
2018-02-15,15.72,103850059,1632522927.48,1.63,1.03,9340824.00
2018-02-16,15.80,103850059,1640830932.20,1.64,0.51,14250020.00
2018-02-20,15.94,103850059,1655369940.46,1.66,0.89,13217448.00
2018-02-21,15.59,103850059,1619022419.81,1.62,-2.20,15275082.00
2018-02-22,15.52,103850059,1611752915.68,1.61,-0.45,8452192.00
2018-02-23,15.80,103850059,1640830932.20,1.64,1.80,7053120.00
2018-02-26,16.32,103850059,1694832962.88,1.69,3.29,9521088.00
2018-02-27,16.24,103850059,1686524958.16,1.69,-0.49,10214960.00
2018-02-28,16.16,103850059,1678216953.44,1.68,-0.49,10980720.00
2018-03-01,16.08,103850059,1669908948.72,1.67,-0.50,11244744.00
2018-03-02,16.25,103850059,1687563458.75,1.69,1.06,23107500.00
2018-03-05,15.88,103850059,1649138936.92,1.65,-2.28,11714676.00
2018-03-06,16.02,103850059,1663677945.18,1.66,0.88,13860504.00
2018-03-07,16.18,103850059,1680293954.62,1.68,1.00,8411982.00
2018-03-08,16.15,103850059,1677178452.85,1.68,-0.19,5943200.00
2018-03-09,16.53,103850059,1716641475.27,1.72,2.35,9641949.00
2018-03-12,17.03,103850059,1768566504.77,1.77,3.02,14586195.00
2018-03-13,16.94,103850059,1759219999.46,1.76,-0.53,10617992.00
2018-03-14,16.80,103850059,1744680991.20,1.74,-0.83,13208160.00
2018-03-15,16.84,103850059,1748834993.56,1.75,0.24,6591176.00
2018-03-16,16.97,103850059,1762335501.23,1.76,0.77,19181191.00
2018-03-19,16.67,103850059,1731180483.53,1.73,-1.77,9033473.00
2018-03-20,16.63,103850059,1727026481.17,1.73,-0.24,7994041.00
2018-03-21,16.65,103850059,1729103482.35,1.73,0.12,4553775.00
2018-03-22,16.21,103850059,1683409456.39,1.68,-2.64,9041938.00
2018-03-23,15.48,103850059,1607598913.32,1.61,-4.50,10315872.00
2018-03-26,15.78,103850059,1638753931.02,1.64,1.94,11232204.00
2018-03-27,15.45,103850059,1604483411.55,1.60,-2.09,10509090.00
2018-03-28,15.14,103850059,1572289893.26,1.57,-2.01,10622224.00
2018-03-29,15.29,103850059,1587867402.11,1.59,0.99,9617410.00
2018-04-02,14.91,103850059,1548404379.69,1.55,-2.49,8409240.00
2018-04-03,15.19,103850059,1577482396.21,1.58,1.88,11662882.00
2018-04-04,15.37,103850059,1596175406.83,1.60,1.18,6916500.00
2018-04-05,15.28,103850059,1586828901.52,1.59,-0.59,6307584.00
2018-04-06,14.89,103850059,1546327378.51,1.55,-2.55,9127570.00
2018-04-09,14.89,103850059,1546327378.51,1.55,0.00,4985172.00
2018-04-10,15.27,103850059,1585790400.93,1.59,2.55,6992133.00
2018-04-11,15.44,103850059,1603444910.96,1.60,1.11,6121960.00
2018-04-12,15.51,103850059,1610714415.09,1.61,0.45,5183442.00
2018-04-13,15.50,103850059,1609675914.50,1.61,-0.06,8483150.00
2018-04-16,15.70,103850059,1630445926.30,1.63,1.29,5584490.00
2018-04-17,15.59,103850059,1619022419.81,1.62,-0.70,8639978.00
2018-04-18,15.78,103850059,1638753931.02,1.64,1.22,7261956.00
2018-04-19,15.42,103850059,1601367909.78,1.60,-2.28,5358450.00
2018-04-20,15.16,103850059,1574366894.44,1.57,-1.69,6847772.00
2018-04-23,14.79,103850059,1535942372.61,1.54,-2.44,6509079.00
2018-04-24,14.47,103850059,1502710353.73,1.50,-2.16,22869835.00
2018-04-25,14.96,103850059,1553596882.64,1.55,3.39,20384496.00
2018-04-26,14.66,103850059,1522441864.94,1.52,-2.01,13724692.00
2018-04-27,14.14,103850059,1468439834.26,1.47,-3.55,13561674.00
2018-04-30,13.94,103850059,1447669822.46,1.45,-1.41,13307124.00
2018-05-01,14.20,103850059,1474670837.80,1.47,1.87,32577640.00
2018-05-02,14.54,103850059,1509979857.86,1.51,2.39,14992194.00
2018-05-03,16.61,103850059,1724949479.99,1.72,14.24,42222620.00
2018-05-04,16.22,103850059,1684447956.98,1.68,-2.35,20193900.00
2018-05-07,16.28,103850059,1690678960.52,1.69,0.37,18743164.00
2018-05-08,16.58,103850059,1721833978.22,1.72,1.84,11678952.00
2018-05-09,16.60,103850059,1723910979.40,1.72,0.12,16764340.00
2018-05-10,16.23,103850059,1685486457.57,1.69,-2.23,12393228.00
2018-05-11,16.26,103850059,1688601959.34,1.69,0.18,8838936.00
2018-05-14,16.03,103850059,1664716445.77,1.66,-1.41,13255207.00
2018-05-15,15.85,103850059,1646023435.15,1.65,-1.12,13274375.00
2018-05-16,16.12,103850059,1674062951.08,1.67,1.70,11446812.00
2018-05-17,16.12,103850059,1674062951.08,1.67,0.00,23035480.00
2018-05-18,15.85,103850059,1646023435.15,1.65,-1.67,15076520.00
2018-05-21,16.18,103850059,1680293954.62,1.68,2.08,13351736.00
2018-05-22,16.53,103850059,1716641475.27,1.72,2.16,22351866.00
2018-05-23,16.59,103850059,1722872478.81,1.72,0.36,13242138.00
2018-05-24,16.75,103850059,1739488488.25,1.74,0.96,14961100.00
2018-05-25,17.12,103850059,1777913010.08,1.78,2.21,20511472.00
2018-05-29,17.60,103850059,1827761038.40,1.83,2.80,19532480.00
2018-05-30,17.80,103850059,1848531050.20,1.85,1.14,24270300.00
2018-05-31,18.03,103850059,1872416563.77,1.87,1.29,25162668.00
2018-06-01,17.87,103850059,1855800554.33,1.86,-0.89,23783183.00
2018-06-04,18.01,103850059,1870339562.59,1.87,0.78,18157682.00
2018-06-05,18.42,103850059,1912918086.78,1.91,2.28,24222300.00
2018-06-06,18.85,103850059,1957573612.15,1.96,2.33,16229850.00
2018-06-07,18.96,103850059,1968997118.64,1.97,0.58,23097072.00
2018-06-08,18.83,103850059,1955496610.97,1.96,-0.69,21063238.00
2018-06-11,19.18,103850059,1991844131.62,1.99,1.86,20342308.00
2018-06-12,19.28,103850059,2002229137.52,2.00,0.52,19704160.00
2018-06-13,19.30,103850059,2004306138.70,2.00,0.10,13384550.00
2018-06-14,18.83,103850059,1955496610.97,1.96,-2.44,17227567.00
2018-06-15,19.03,103850059,1976266622.77,1.98,1.06,20120419.00
2018-06-18,19.14,103850059,1987690129.26,1.99,0.58,15861318.00
2018-06-19,19.15,103850059,1988728629.85,1.99,0.05,22024415.00
2018-06-20,19.36,103850059,2010537142.24,2.01,1.10,16308864.00
2018-06-21,19.18,103850059,1991844131.62,1.99,-0.93,25929442.00
2018-06-22,18.90,103850059,1962766115.10,1.96,-1.46,33492690.00
2018-06-25,18.15,103850059,1884878570.85,1.88,-3.97,21213720.00
2018-06-26,18.38,103850059,1908764084.42,1.91,1.27,9774484.00
2018-06-27,18.05,103850059,1874493564.95,1.87,-1.80,9553865.00
2018-06-28,17.71,103850059,1839184544.89,1.84,-1.88,12940697.00
2018-06-29,17.63,103850059,1830876540.17,1.83,-0.45,14275011.00
2018-07-02,17.89,103850059,1857877555.51,1.86,1.47,10762624.00
2018-07-03,17.63,103850059,1830876540.17,1.83,-1.45,5040417.00
2018-07-05,17.89,103850059,1857877555.51,1.86,1.47,10404824.00
2018-07-06,18.04,103850059,1873455064.36,1.87,0.84,7160076.00
2018-07-09,18.56,103850059,1927457095.04,1.93,2.88,12687616.00
2018-07-10,18.51,103850059,1922264592.09,1.92,-0.27,11157828.00
2018-07-11,18.08,103850059,1877609066.72,1.88,-2.32,13993920.00
2018-07-12,18.24,103850059,1894225076.16,1.89,0.88,6427776.00
2018-07-13,18.20,103850059,1890071073.80,1.89,-0.22,4812080.00
2018-07-16,18.13,103850059,1882801569.67,1.88,-0.38,5725454.00
2018-07-17,18.35,103850059,1905648582.65,1.91,1.21,10318205.00
2018-07-18,18.06,103850059,1875532065.54,1.88,-1.58,17464020.00
2018-07-19,17.89,103850059,1857877555.51,1.86,-0.94,20704097.00
2018-07-20,17.59,103850059,1826722537.81,1.83,-1.68,9574237.00
2018-07-23,17.55,103850059,1822568535.45,1.82,-0.23,9192690.00
2018-07-24,17.57,103850059,1824645536.63,1.82,0.11,11742031.00
2018-07-25,17.69,103850059,1837107543.71,1.84,0.68,12485602.00
2018-07-26,17.85,103850059,1853723553.15,1.85,0.90,6106485.00
2018-07-27,17.41,103850059,1808029527.19,1.81,-2.46,7058014.00
2018-07-30,17.33,103850059,1799721522.47,1.80,-0.46,6869612.00
2018-07-31,17.36,103850059,1802837024.24,1.80,0.17,13318592.00
2018-08-01,17.52,103850059,1819453033.68,1.82,0.92,16095624.00
2018-08-02,19.47,103850059,2021960648.73,2.02,11.13,44506473.00
2018-08-03,18.76,103850059,1948227106.84,1.95,-3.65,23384340.00
2018-08-06,18.83,103850059,1955496610.97,1.96,0.37,30201437.00
2018-08-07,18.89,103850059,1961727614.51,1.96,0.32,9369440.00
2018-08-08,19.21,103850059,1994959633.39,1.99,1.69,12957145.00
2018-08-09,18.65,103850059,1936803600.35,1.94,-2.92,12846120.00
2018-08-10,18.60,103850059,1931611097.40,1.93,-0.27,15101340.00
2018-08-13,18.46,103850059,1917072089.14,1.92,-0.75,11661182.00
2018-08-14,18.55,103850059,1926418594.45,1.93,0.49,7054565.00
2018-08-15,18.26,103850059,1896302077.34,1.90,-1.56,7400778.00
2018-08-16,18.10,103850059,1879686067.90,1.88,-0.88,9951380.00
2018-08-17,17.93,103850059,1862031557.87,1.86,-0.94,13431363.00
2018-08-20,17.98,103850059,1867224060.82,1.87,0.28,8108980.00
2018-08-21,18.16,103850059,1885917071.44,1.89,1.00,9935336.00
2018-08-22,18.27,103850059,1897340577.93,1.90,0.61,13496049.00
2018-08-23,18.11,103850059,1880724568.49,1.88,-0.88,9386413.00
2018-08-24,17.98,103850059,1867224060.82,1.87,-0.72,8455994.00
2018-08-27,18.19,103850059,1889032573.21,1.89,1.17,9089543.00
2018-08-28,18.44,103850059,1914995087.96,1.91,1.37,10400160.00
2018-08-29,18.66,103850059,1937842100.94,1.94,1.19,17116818.00
2018-08-30,18.80,103850059,1952381109.20,1.95,0.75,16970760.00
2018-08-31,18.70,103850059,1941996103.30,1.94,-0.53,9611800.00
2018-09-04,18.44,103850059,1914995087.96,1.91,-1.39,16133156.00
2018-09-05,18.37,103850059,1907725583.83,1.91,-0.38,8992115.00
2018-09-06,17.89,103850059,1857877555.51,1.86,-2.61,22906356.00
2018-09-07,17.90,103850059,1858916056.10,1.86,0.06,18197140.00
2018-09-10,17.59,103850059,1826722537.81,1.83,-1.73,11706145.00
2018-09-11,17.27,103850059,1793490518.93,1.79,-1.82,7203317.00
2018-09-12,17.19,103850059,1785182514.21,1.79,-0.46,8289018.00
2018-09-13,17.10,103850059,1775836008.90,1.78,-0.52,10607130.00
2018-09-14,17.32,103850059,1798683021.88,1.80,1.29,8097100.00
2018-09-17,17.07,103850059,1772720507.13,1.77,-1.44,10332471.00
2018-09-18,16.98,103850059,1763374001.82,1.76,-0.53,11772234.00
2018-09-19,17.10,103850059,1775836008.90,1.78,0.71,11905020.00
2018-09-20,17.35,103850059,1801798523.65,1.80,1.46,8810330.00
2018-09-21,17.31,103850059,1797644521.29,1.80,-0.23,19702242.00
2018-09-24,17.32,103850059,1798683021.88,1.80,0.06,11287444.00
2018-09-25,16.76,103850059,1740526988.84,1.74,-3.23,11787308.00
2018-09-26,16.12,103850059,1674062951.08,1.67,-3.82,12575212.00
2018-09-27,16.08,103850059,1669908948.72,1.67,-0.25,11765736.00
2018-09-28,15.91,103850059,1652254438.69,1.65,-1.06,13319852.00
2018-10-01,15.77,103850059,1637715430.43,1.64,-0.88,20283374.00
2018-10-02,15.64,103850059,1624214922.76,1.62,-0.82,9754668.00
2018-10-03,15.62,103850059,1622137921.58,1.62,-0.13,13736228.00
2018-10-04,15.31,103850059,1589944403.29,1.59,-1.98,10387835.00
2018-10-05,14.66,103850059,1522441864.94,1.52,-4.25,19867232.00
2018-10-08,14.46,103850059,1501671853.14,1.50,-1.36,14007402.00
2018-10-09,14.48,103850059,1503748854.32,1.50,0.14,14727608.00
2018-10-10,14.04,103850059,1458054828.36,1.46,-3.04,23943816.00
2018-10-11,14.14,103850059,1468439834.26,1.47,0.71,18872658.00
2018-10-12,14.18,103850059,1472593836.62,1.47,0.28,15169764.00
2018-10-15,14.06,103850059,1460131829.54,1.46,-0.85,10768554.00
2018-10-16,14.59,103850059,1515172360.81,1.52,3.77,9884725.00
2018-10-17,14.82,103850059,1539057874.38,1.54,1.58,23903178.00
2018-10-18,14.54,103850059,1509979857.86,1.51,-1.89,11886450.00
2018-10-19,14.35,103850059,1490248346.65,1.49,-1.31,7727475.00
2018-10-22,14.31,103850059,1486094344.29,1.49,-0.28,9101160.00
2018-10-23,14.24,103850059,1478824840.16,1.48,-0.49,14002192.00
2018-10-24,13.38,103850059,1389513789.42,1.39,-6.04,17090274.00
2018-10-25,13.76,103850059,1428976811.84,1.43,2.84,10899296.00
2018-10-26,13.35,103850059,1386398287.65,1.39,-2.98,23533380.00
2018-10-29,13.16,103850059,1366666776.44,1.37,-1.42,16434208.00
2018-10-30,13.53,103850059,1405091298.27,1.41,2.81,20000046.00
2018-10-31,11.70,103850059,1215045690.30,1.22,-13.53,69934410.00
2018-11-01,12.74,103850059,1323049751.66,1.32,8.89,33112534.00
2018-11-02,12.92,103850059,1341742762.28,1.34,1.41,18000144.00
2018-11-05,12.60,103850059,1308510743.40,1.31,-2.48,14283360.00
2018-11-06,12.61,103850059,1309549243.99,1.31,0.08,8868613.00
2018-11-07,12.75,103850059,1324088252.25,1.32,1.11,11181750.00
2018-11-08,12.44,103850059,1291894733.96,1.29,-2.43,16734288.00
2018-11-09,12.17,103850059,1263855218.03,1.26,-2.17,11621133.00
2018-11-12,11.97,103850059,1243085206.23,1.24,-1.64,9671760.00
2018-11-13,11.89,103850059,1234777201.51,1.23,-0.67,11016085.00
2018-11-14,11.70,103850059,1215045690.30,1.22,-1.60,8337420.00
2018-11-15,11.94,103850059,1239969704.46,1.24,2.05,10205118.00
2018-11-16,12.17,103850059,1263855218.03,1.26,1.93,10490540.00
2018-11-19,12.00,103850059,1246200708.00,1.25,-1.40,15698400.00
2018-11-20,11.88,103850059,1233738700.92,1.23,-1.00,15958404.00
2018-11-21,11.84,103850059,1229584698.56,1.23,-0.34,8893024.00
2018-11-23,11.91,103850059,1236854202.69,1.24,0.59,4047018.00
2018-11-26,11.94,103850059,1239969704.46,1.24,0.25,9862440.00
2018-11-27,11.75,103850059,1220238193.25,1.22,-1.59,5870300.00
2018-11-28,11.87,103850059,1232700200.33,1.23,1.02,12286637.00
2018-11-29,11.74,103850059,1219199692.66,1.22,-1.10,9408436.00
2018-11-30,11.89,103850059,1234777201.51,1.23,1.28,9175513.00
2018-12-03,11.79,103850059,1224392195.61,1.22,-0.84,11341980.00
2018-12-04,11.20,103850059,1163120660.80,1.16,-5.00,12461120.00
2018-12-06,10.81,103850059,1122619137.79,1.12,-3.48,13823828.00
2018-12-07,10.44,103850059,1084194615.96,1.08,-3.42,9743652.00
2018-12-10,10.34,103850059,1073809610.06,1.07,-0.96,12611698.00
2018-12-11,10.20,103850059,1059270601.80,1.06,-1.35,10185720.00
2018-12-12,10.19,103850059,1058232101.21,1.06,-0.10,15503066.00
2018-12-13,9.95,103850059,1033308087.05,1.03,-2.36,12060395.00
2018-12-14,9.78,103850059,1015653577.02,1.02,-1.71,7739892.00
2018-12-17,9.54,103850059,990729562.86,0.99,-2.45,17021268.00
2018-12-18,9.72,103850059,1009422573.48,1.01,1.89,10813500.00
2018-12-19,9.39,103850059,975152054.01,0.98,-3.40,12999516.00
2018-12-20,9.47,103850059,983460058.73,0.98,0.85,6804195.00
2018-12-21,9.28,103850059,963728547.52,0.96,-2.01,33982432.00
2018-12-24,9.20,103850059,955420542.80,0.96,-0.86,3718640.00
2018-12-26,9.52,103850059,988652561.68,0.99,3.48,4515336.00
2018-12-27,9.56,103850059,992806564.04,0.99,0.42,8005544.00
2018-12-28,9.64,103850059,1001114568.76,1.00,0.84,6702692.00
2018-12-31,9.73,103850059,1010461074.07,1.01,0.93,6759431.00
2019-01-02,9.79,103850059,1016692077.61,1.02,0.62,7066422.00
2019-01-03,9.04,103850059,938804533.36,0.94,-7.66,13632320.00
2019-01-04,9.56,103850059,992806564.04,0.99,5.75,7976864.00
2019-01-07,9.85,103850059,1022923081.15,1.02,3.03,8213915.00
2019-01-08,9.96,103850059,1034346587.64,1.03,1.12,9695064.00
2019-01-09,10.20,103850059,1059270601.80,1.06,2.41,17001360.00
2019-01-10,10.40,103850059,1080040613.60,1.08,1.96,7398560.00
2019-01-11,10.46,103850059,1086271617.14,1.09,0.58,6967406.00
2019-01-14,10.56,103850059,1096656623.04,1.10,0.96,15136704.00
2019-01-15,10.60,103850059,1100810625.40,1.10,0.38,17729560.00
2019-01-16,10.74,103850059,1115349633.66,1.12,1.32,10074120.00
2019-01-17,10.63,103850059,1103926127.17,1.10,-1.02,7937421.00
2019-01-18,10.83,103850059,1124696138.97,1.12,1.88,10392468.00
2019-01-22,10.63,103850059,1103926127.17,1.10,-1.85,6628868.00
2019-01-23,10.56,103850059,1096656623.04,1.10,-0.66,5961120.00
2019-01-24,10.94,103850059,1136119645.46,1.14,3.60,7046454.00
2019-01-25,11.23,103850059,1166236162.57,1.17,2.65,6718909.00
2019-01-28,11.19,103850059,1162082160.21,1.16,-0.36,8974380.00
2019-01-29,11.21,103850059,1164159161.39,1.16,0.18,7572355.00
2019-01-30,11.51,103850059,1195314179.09,1.20,2.68,8419565.00
2019-01-31,11.48,103850059,1192198677.32,1.19,-0.26,5769848.00
2019-02-01,11.51,103850059,1195314179.09,1.20,0.26,17029045.00
2019-02-04,11.60,103850059,1204660684.40,1.20,0.78,8411160.00
2019-02-05,11.68,103850059,1212968689.12,1.21,0.69,14493712.00
2019-02-06,12.09,103850059,1255547213.31,1.26,3.51,23205546.00
2019-02-07,11.80,103850059,1225430696.20,1.23,-2.40,22403480.00
2019-02-08,11.70,103850059,1215045690.30,1.22,-0.85,14993550.00
2019-02-11,11.98,103850059,1244123706.82,1.24,2.39,14380792.00
2019-02-12,12.18,103850059,1264893718.62,1.26,1.67,13653780.00
2019-02-13,11.84,103850059,1229584698.56,1.23,-2.79,13226464.00
2019-02-14,11.97,103850059,1243085206.23,1.24,1.10,13095180.00
2019-02-15,12.14,103850059,1260739716.26,1.26,1.42,8222422.00
2019-02-19,12.15,103850059,1261778216.85,1.26,0.08,15805935.00
2019-02-20,12.36,103850059,1283586729.24,1.28,1.73,12441576.00
2019-02-21,12.26,103850059,1273201723.34,1.27,-0.81,7066664.00
2019-02-22,12.37,103850059,1284625229.83,1.28,0.90,6841847.00
2019-02-25,12.51,103850059,1299164238.09,1.30,1.13,11242737.00
2019-02-26,12.54,103850059,1302279739.86,1.30,0.24,14769612.00
2019-02-27,12.44,103850059,1291894733.96,1.29,-0.80,11321644.00
2019-02-28,12.12,103850059,1258662715.08,1.26,-2.57,11704284.00
2019-03-01,12.55,103850059,1303318240.45,1.30,3.55,11234760.00
2019-03-04,11.97,103850059,1243085206.23,1.24,-4.62,16155909.00
2019-03-05,11.93,103850059,1238931203.87,1.24,-0.33,6864522.00
2019-03-06,11.68,103850059,1212968689.12,1.21,-2.10,14249600.00
2019-03-07,11.30,103850059,1173505666.70,1.17,-3.25,9755290.00
2019-03-08,11.48,103850059,1192198677.32,1.19,1.59,11071312.00
2019-03-11,11.88,103850059,1233738700.92,1.23,3.48,14769216.00
2019-03-12,11.95,103850059,1241008205.05,1.24,0.59,9779880.00
2019-03-13,12.26,103850059,1273201723.34,1.27,2.59,10423452.00
2019-03-14,11.91,103850059,1236854202.69,1.24,-2.85,9722133.00
2019-03-15,12.18,103850059,1264893718.62,1.26,2.27,18992274.00
2019-03-18,11.83,103850059,1228546197.97,1.23,-2.87,6896890.00
2019-03-19,11.86,103850059,1231661699.74,1.23,0.25,6399656.00
2019-03-20,11.69,103850059,1214007189.71,1.21,-1.43,5325964.00
2019-03-21,12.05,103850059,1251393210.95,1.25,3.08,8157850.00
2019-03-22,11.74,103850059,1219199692.66,1.22,-2.57,15190386.00
2019-03-25,11.61,103850059,1205699184.99,1.21,-1.11,12015189.00
2019-03-26,11.76,103850059,1221276693.84,1.22,1.29,7906248.00
2019-03-27,11.81,103850059,1226469196.79,1.23,0.43,8708694.00
2019-03-28,11.80,103850059,1225430696.20,1.23,-0.08,7330160.00
2019-03-29,11.73,103850059,1218161192.07,1.22,-0.59,10439700.00
2019-04-01,12.26,103850059,1273201723.34,1.27,4.52,8756092.00
2019-04-02,12.22,103850059,1269047720.98,1.27,-0.33,13240370.00
2019-04-03,12.26,103850059,1273201723.34,1.27,0.33,10254264.00
2019-04-04,12.23,103850059,1270086221.57,1.27,-0.24,7533680.00
2019-04-05,12.65,103850059,1313703246.35,1.31,3.43,12541210.00
2019-04-08,12.73,103850059,1322011251.07,1.32,0.63,9485123.00
2019-04-09,12.62,103850059,1310587744.58,1.31,-0.86,8466758.00
2019-04-10,12.73,103850059,1322011251.07,1.32,0.87,21197996.00
2019-04-11,12.74,103850059,1323049751.66,1.32,0.08,7229950.00
2019-04-12,12.73,103850059,1322011251.07,1.32,-0.08,5450986.00
2019-04-15,12.52,103850059,1300202738.68,1.30,-1.65,6422760.00
2019-04-16,13.01,103850059,1351089267.59,1.35,3.91,8560580.00
2019-04-17,13.52,103850059,1404052797.68,1.40,3.92,26115232.00
2019-04-18,13.61,103850059,1413399302.99,1.41,0.67,9694403.00
2019-04-22,13.45,103850059,1396783293.55,1.40,-1.18,12531365.00
2019-04-23,13.60,103850059,1412360802.40,1.41,1.12,12441280.00
2019-04-24,13.74,103850059,1426899810.66,1.43,1.03,10247292.00
2019-04-25,13.51,103850059,1403014297.09,1.40,-1.67,32941433.00
2019-04-26,13.42,103850059,1393667791.78,1.39,-0.67,10110628.00
2019-04-29,13.46,103850059,1397821794.14,1.40,0.30,6895558.00
2019-04-30,13.24,103850059,1374974781.16,1.37,-1.63,8255140.00
2019-05-01,13.14,103850059,1364589775.26,1.36,-0.76,19134468.00
2019-05-02,12.05,103850059,1251393210.95,1.25,-8.30,33155575.00
2019-05-03,12.36,103850059,1283586729.24,1.28,2.57,18287856.00
2019-05-06,12.41,103850059,1288779232.19,1.29,0.40,11382452.00
2019-05-07,11.82,103850059,1227507697.38,1.23,-4.75,25766418.00
2019-05-08,11.54,103850059,1198429680.86,1.20,-2.37,8214172.00
2019-05-09,11.44,103850059,1188044674.96,1.19,-0.87,18477888.00
2019-05-10,11.40,103850059,1183890672.60,1.18,-0.35,23347200.00
2019-05-13,11.00,103850059,1142350649.00,1.14,-3.51,15655200.00
2019-05-14,10.94,103850059,1136119645.46,1.14,-0.55,16626612.00
2019-05-15,10.88,103850059,1129888641.92,1.13,-0.55,14905600.00
2019-05-16,10.77,103850059,1118465135.43,1.12,-1.01,11332194.00
2019-05-17,10.41,103850059,1081079114.19,1.08,-3.34,15798216.00
2019-05-20,10.06,103850059,1044731593.54,1.04,-3.36,7963496.00
2019-05-21,10.05,103850059,1043693092.95,1.04,-0.10,5189820.00
2019-05-22,9.93,103850059,1031231085.87,1.03,-1.19,9921063.00
2019-05-23,9.39,103850059,975152054.01,0.98,-5.44,24002718.00
2019-05-24,9.37,103850059,973075052.83,0.97,-0.21,5660417.00
2019-05-28,9.17,103850059,952305041.03,0.95,-2.13,8486835.00
2019-05-29,8.91,103850059,925304025.69,0.93,-2.84,7875549.00
2019-05-30,8.85,103850059,919073022.15,0.92,-0.67,6929550.00
2019-05-31,8.53,103850059,885841003.27,0.89,-3.62,8007964.00
2019-06-03,8.76,103850059,909726516.84,0.91,2.70,17443788.00
2019-06-04,9.32,103850059,967882549.88,0.97,6.39,11608060.00
2019-06-05,8.91,103850059,925304025.69,0.93,-4.40,10146708.00
2019-06-06,9.08,103850059,942958535.72,0.94,1.91,10784316.00
2019-06-07,9.21,103850059,956459043.39,0.96,1.43,11087919.00
2019-06-10,9.50,103850059,986575560.50,0.99,3.15,10166900.00
2019-06-11,9.53,103850059,989691062.27,0.99,0.32,5634136.00
2019-06-12,9.47,103850059,983460058.73,0.98,-0.63,6718018.00
2019-06-13,9.74,103850059,1011499574.66,1.01,2.85,7097538.00
2019-06-14,9.41,103850059,977229055.19,0.98,-3.39,8160352.00
2019-06-17,9.45,103850059,981383057.55,0.98,0.43,8613675.00
2019-06-18,9.42,103850059,978267555.78,0.98,-0.32,20126772.00
2019-06-19,9.82,103850059,1019807579.38,1.02,4.25,11301838.00
2019-06-20,9.91,103850059,1029154084.69,1.03,0.92,4727070.00
2019-06-21,9.78,103850059,1015653577.02,1.02,-1.31,15967806.00
2019-06-24,9.80,103850059,1017730578.20,1.02,0.20,6342560.00
2019-06-25,9.63,103850059,1000076068.17,1.00,-1.73,6651441.00
2019-06-26,9.91,103850059,1029154084.69,1.03,2.91,5441581.00
2019-06-27,10.12,103850059,1050962597.08,1.05,2.12,7741800.00
2019-06-28,10.20,103850059,1059270601.80,1.06,0.79,18109080.00
2019-07-01,10.15,103850059,1054078098.85,1.05,-0.49,11787195.00
2019-07-02,9.80,103850059,1017730578.20,1.02,-3.45,8497580.00
2019-07-03,9.88,103850059,1026038582.92,1.03,0.82,3716856.00
2019-07-05,10.00,103850059,1038500590.00,1.04,1.21,2934000.00
2019-07-08,9.71,103850059,1008384072.89,1.01,-2.90,7611669.00
2019-07-09,9.52,103850059,988652561.68,0.99,-1.96,10924200.00
2019-07-10,9.50,103850059,986575560.50,0.99,-0.21,7190550.00
2019-07-11,9.54,103850059,990729562.86,0.99,0.42,6171426.00
2019-07-12,9.67,103850059,1004230070.53,1.00,1.36,6473098.00
2019-07-15,9.61,103850059,997999066.99,1.00,-0.62,5484427.00
2019-07-16,9.65,103850059,1002153069.35,1.00,0.42,5168540.00
2019-07-17,9.59,103850059,995922065.81,1.00,-0.62,14665028.00
2019-07-18,9.48,103850059,984498559.32,0.98,-1.15,10699128.00
2019-07-19,9.48,103850059,984498559.32,0.98,0.00,6395208.00
2019-07-22,9.55,103850059,991768063.45,0.99,0.74,5445410.00
2019-07-23,9.86,103850059,1023961581.74,1.02,3.25,27073588.00
2019-07-24,10.08,103850059,1046808594.72,1.05,2.23,18898992.00
2019-07-25,9.23,103850059,958536044.57,0.96,-8.43,16148808.00
2019-07-26,9.84,103850059,1021884580.56,1.02,6.61,16306848.00
2019-07-29,9.90,103850059,1028115584.10,1.03,0.61,8493210.00
2019-07-30,10.32,103850059,1071732608.88,1.07,4.24,12887616.00
2019-07-31,10.46,103850059,1086271617.14,1.09,1.36,22154280.00
2019-08-01,11.66,103850059,1210891687.94,1.21,11.47,55852566.00
2019-08-02,11.66,103850059,1210891687.94,1.21,0.00,22574926.00
2019-08-05,10.95,103850059,1137158146.05,1.14,-6.09,17705055.00
2019-08-06,10.71,103850059,1112234131.89,1.11,-2.19,10575054.00
2019-08-07,10.69,103850059,1110157130.71,1.11,-0.19,7934118.00
2019-08-08,10.98,103850059,1140273647.82,1.14,2.71,6317892.00
2019-08-09,10.69,103850059,1110157130.71,1.11,-2.64,10031496.00
2019-08-12,10.55,103850059,1095618122.45,1.10,-1.31,8071805.00
2019-08-13,10.64,103850059,1104964627.76,1.10,0.85,7480984.00
2019-08-14,10.15,103850059,1054078098.85,1.05,-4.61,8822380.00
2019-08-15,9.92,103850059,1030192585.28,1.03,-2.27,10184864.00
2019-08-16,10.26,103850059,1065501605.34,1.07,3.43,11184426.00
2019-08-19,10.54,103850059,1094579621.86,1.09,2.73,24228298.00
2019-08-20,10.37,103850059,1076925111.83,1.08,-1.61,9334037.00
2019-08-21,10.44,103850059,1084194615.96,1.08,0.68,9824040.00
2019-08-22,10.70,103850059,1111195631.30,1.11,2.49,15792130.00
2019-08-23,9.92,103850059,1030192585.28,1.03,-7.29,8862528.00
2019-08-26,9.79,103850059,1016692077.61,1.02,-1.31,10700470.00
2019-08-27,9.77,103850059,1014615076.43,1.01,-0.20,10135398.00
2019-08-28,10.14,103850059,1053039598.26,1.05,3.79,6992544.00
2019-08-29,10.62,103850059,1102887626.58,1.10,4.73,9320112.00
2019-08-30,10.66,103850059,1107041628.94,1.11,0.38,8794500.00
2019-09-03,10.46,103850059,1086271617.14,1.09,-1.88,8781170.00
2019-09-04,11.02,103850059,1144427650.18,1.14,5.35,8947138.00
2019-09-05,11.50,103850059,1194275678.50,1.19,4.36,15691750.00
2019-09-06,11.47,103850059,1191160176.73,1.19,-0.26,8733258.00
2019-09-09,11.76,103850059,1221276693.84,1.22,2.53,10262952.00
2019-09-10,11.89,103850059,1234777201.51,1.23,1.11,8237392.00
2019-09-11,12.13,103850059,1259701215.67,1.26,2.02,13261729.00
2019-09-12,12.25,103850059,1272163222.75,1.27,0.99,10723650.00
2019-09-13,12.23,103850059,1270086221.57,1.27,-0.16,15238580.00
2019-09-16,12.27,103850059,1274240223.93,1.27,0.33,6235614.00
2019-09-17,12.14,103850059,1260739716.26,1.26,-1.06,13288444.00
2019-09-18,12.36,103850059,1283586729.24,1.28,1.81,16422732.00
2019-09-19,12.36,103850059,1283586729.24,1.28,0.00,17520300.00
2019-09-20,12.29,103850059,1276317225.11,1.28,-0.57,24588603.00
2019-09-23,12.37,103850059,1284625229.83,1.28,0.65,12485041.00
2019-09-24,12.26,103850059,1273201723.34,1.27,-0.89,18062658.00
2019-09-25,12.46,103850059,1293971735.14,1.29,1.63,8780562.00
2019-09-26,12.38,103850059,1285663730.42,1.29,-0.64,9670018.00
2019-09-27,12.26,103850059,1273201723.34,1.27,-0.97,5629792.00
2019-09-30,12.20,103850059,1266970719.80,1.27,-0.49,7814100.00
2019-10-01,11.85,103850059,1230623199.15,1.23,-2.87,8571105.00
2019-10-02,11.83,103850059,1228546197.97,1.23,-0.17,7088536.00
2019-10-03,11.96,103850059,1242046705.64,1.24,1.10,6493084.00
2019-10-04,12.29,103850059,1276317225.11,1.28,2.76,4966389.00
2019-10-07,12.04,103850059,1250354710.36,1.25,-2.03,7190288.00
2019-10-08,11.69,103850059,1214007189.71,1.21,-2.91,6877227.00
2019-10-09,11.53,103850059,1197391180.27,1.20,-1.37,14419418.00
2019-10-10,11.63,103850059,1207776186.17,1.21,0.87,12448752.00
2019-10-11,12.05,103850059,1251393210.95,1.25,3.61,6682930.00
2019-10-14,12.18,103850059,1264893718.62,1.26,1.08,5837874.00
2019-10-15,12.31,103850059,1278394226.29,1.28,1.07,6900986.00
2019-10-16,12.32,103850059,1279432726.88,1.28,0.08,6671280.00
2019-10-17,12.54,103850059,1302279739.86,1.30,1.79,8495850.00
2019-10-18,12.22,103850059,1269047720.98,1.27,-2.55,5151952.00
2019-10-21,12.50,103850059,1298125737.50,1.30,2.29,5377500.00
2019-10-22,12.58,103850059,1306433742.22,1.31,0.64,5864796.00
2019-10-23,12.42,103850059,1289817732.78,1.29,-1.27,5780268.00
2019-10-24,12.40,103850059,1287740731.60,1.29,-0.16,5283640.00
2019-10-25,12.64,103850059,1312664745.76,1.31,1.94,4515008.00
2019-10-28,12.84,103850059,1333434757.56,1.33,1.58,7100520.00
2019-10-29,12.65,103850059,1313703246.35,1.31,-1.48,10302160.00
2019-10-30,13.16,103850059,1366666776.44,1.37,4.03,30549624.00
2019-10-31,11.71,103850059,1216084190.89,1.22,-11.02,30878099.00
2019-11-01,12.31,103850059,1278394226.29,1.28,5.12,12138891.00
2019-11-04,12.61,103850059,1309549243.99,1.31,2.44,19063798.00
2019-11-05,12.75,103850059,1324088252.25,1.32,1.11,10409100.00
2019-11-06,12.46,103850059,1293971735.14,1.29,-2.27,9211678.00
2019-11-07,12.64,103850059,1312664745.76,1.31,1.44,6608192.00
2019-11-08,12.81,103850059,1330319255.79,1.33,1.34,12309129.00
2019-11-11,12.91,103850059,1340704261.69,1.34,0.78,5618432.00
2019-11-12,12.82,103850059,1331357756.38,1.33,-0.70,12398222.00
2019-11-13,12.76,103850059,1325126752.84,1.33,-0.47,6147768.00
2019-11-14,12.67,103850059,1315780247.53,1.32,-0.71,4495316.00
2019-11-15,12.85,103850059,1334473258.15,1.33,1.42,5337890.00
2019-11-18,12.95,103850059,1344858264.05,1.34,0.78,6183625.00
2019-11-19,13.06,103850059,1356281770.54,1.36,0.85,5093400.00
2019-11-20,13.00,103850059,1350050767.00,1.35,-0.46,10025600.00
2019-11-21,13.00,103850059,1350050767.00,1.35,0.00,10465000.00
2019-11-22,12.89,103850059,1338627260.51,1.34,-0.85,7920905.00
2019-11-25,13.45,103850059,1396783293.55,1.40,4.34,13579120.00
2019-11-26,13.37,103850059,1388475288.83,1.39,-0.59,9334934.00
2019-11-27,13.56,103850059,1408206800.04,1.41,1.42,8611956.00
2019-11-29,13.41,103850059,1392629291.19,1.39,-1.11,2226060.00
2019-12-02,13.31,103850059,1382244285.29,1.38,-0.75,8188312.00
2019-12-03,13.42,103850059,1393667791.78,1.39,0.83,13868228.00
2019-12-04,13.72,103850059,1424822809.48,1.42,2.24,19420660.00
2019-12-05,13.54,103850059,1406129798.86,1.41,-1.31,17814578.00
2019-12-06,13.80,103850059,1433130814.20,1.43,1.92,9588240.00
2019-12-09,13.62,103850059,1414437803.58,1.41,-1.30,9625254.00
2019-12-10,13.56,103850059,1408206800.04,1.41,-0.44,5666724.00
2019-12-11,13.59,103850059,1411322301.81,1.41,0.22,7719120.00
2019-12-12,13.79,103850059,1432092313.61,1.43,1.47,11891117.00
2019-12-13,14.68,103850059,1524518866.12,1.52,6.45,34468640.00
2019-12-16,14.76,103850059,1532826870.84,1.53,0.54,27930348.00
2019-12-17,14.89,103850059,1546327378.51,1.55,0.88,62389100.00
2019-12-18,15.07,103850059,1565020389.13,1.57,1.21,59924348.00
2019-12-19,15.16,103850059,1574366894.44,1.57,0.60,12290212.00
2019-12-20,14.88,103850059,1545288877.92,1.55,-1.85,32175024.00
2019-12-23,14.93,103850059,1550481380.87,1.55,0.34,9579088.00
2019-12-24,14.98,103850059,1555673883.82,1.56,0.33,2173598.00
2019-12-26,15.09,103850059,1567097390.31,1.57,0.73,3772500.00
2019-12-27,14.97,103850059,1554635383.23,1.55,-0.80,4531419.00
2019-12-30,14.88,103850059,1545288877.92,1.55,-0.60,6551664.00
2019-12-31,15.05,103850059,1562943387.95,1.56,1.14,7121660.00
2020-01-02,15.16,103850059,1574366894.44,1.57,0.73,6915992.00
2020-01-03,14.89,103850059,1546327378.51,1.55,-1.78,22400516.00
2020-01-06,14.98,103850059,1555673883.82,1.56,0.60,10878476.00
2020-01-07,14.94,103850059,1551519881.46,1.55,-0.27,27337212.00
2020-01-08,14.98,103850059,1555673883.82,1.56,0.27,10292758.00
2020-01-09,15.02,103850059,1559827886.18,1.56,0.27,7464940.00
2020-01-10,14.81,103850059,1538019373.79,1.54,-1.40,5491548.00
2020-01-13,15.16,103850059,1574366894.44,1.57,2.36,5850244.00
2020-01-14,15.28,103850059,1586828901.52,1.59,0.79,10822824.00
2020-01-15,15.22,103850059,1580597897.98,1.58,-0.39,19209162.00
2020-01-16,15.49,103850059,1608637413.91,1.61,1.77,11000998.00
2020-01-17,15.38,103850059,1597213907.42,1.60,-0.71,6587254.00
2020-01-21,15.41,103850059,1600329409.19,1.60,0.20,10694540.00
2020-01-22,15.22,103850059,1580597897.98,1.58,-1.23,4500554.00
2020-01-23,15.81,103850059,1641869432.79,1.64,3.88,69151359.00
2020-01-24,15.40,103850059,1599290908.60,1.60,-2.59,56111440.00
2020-01-27,14.79,103850059,1535942372.61,1.54,-3.96,15618240.00
2020-01-28,15.01,103850059,1558789385.59,1.56,1.49,7053199.00
2020-01-29,14.75,103850059,1531788370.25,1.53,-1.73,9025525.00
2020-01-30,14.71,103850059,1527634367.89,1.53,-0.27,9967496.00
2020-01-31,14.39,103850059,1494402349.01,1.49,-2.18,21628170.00
2020-02-03,14.48,103850059,1503748854.32,1.50,0.63,28803616.00
2020-02-04,14.99,103850059,1556712384.41,1.56,3.52,23666212.00
2020-02-05,15.08,103850059,1566058889.72,1.57,0.60,22497852.00
2020-02-06,14.91,103850059,1548404379.69,1.55,-1.13,19399401.00
2020-02-07,13.94,103850059,1447669822.46,1.45,-6.51,28726158.00
2020-02-10,13.54,103850059,1406129798.86,1.41,-2.87,25273764.00
2020-02-11,13.87,103850059,1440400318.33,1.44,2.44,25085282.00
2020-02-12,13.94,103850059,1447669822.46,1.45,0.50,14846100.00
2020-02-13,13.88,103850059,1441438818.92,1.44,-0.43,27378300.00
2020-02-14,13.69,103850059,1421707307.71,1.42,-1.37,10164825.00
2020-02-18,13.53,103850059,1405091298.27,1.41,-1.17,13053744.00
2020-02-19,13.64,103850059,1416514804.76,1.42,0.81,8872820.00
2020-02-20,13.67,103850059,1419630306.53,1.42,0.22,6427634.00
2020-02-21,13.31,103850059,1382244285.29,1.38,-2.63,8564985.00
2020-02-24,13.20,103850059,1370820778.80,1.37,-0.83,13473240.00
2020-02-25,13.28,103850059,1379128783.52,1.38,0.61,29374032.00
2020-02-26,13.01,103850059,1351089267.59,1.35,-2.03,13787998.00
2020-02-27,12.82,103850059,1331357756.38,1.33,-1.46,18265936.00
2020-02-28,12.99,103850059,1349012266.41,1.35,1.33,22601301.00
2020-03-02,13.29,103850059,1380167284.11,1.38,2.31,13577064.00
2020-03-03,13.11,103850059,1361474273.49,1.36,-1.35,12055956.00
2020-03-04,13.46,103850059,1397821794.14,1.40,2.67,11508300.00
2020-03-05,13.06,103850059,1356281770.54,1.36,-2.97,12181062.00
2020-03-06,12.81,103850059,1330319255.79,1.33,-1.91,10437588.00
2020-03-09,11.40,103850059,1183890672.60,1.18,-11.01,18599100.00
2020-03-10,11.69,103850059,1214007189.71,1.21,2.54,17641379.00
2020-03-11,10.57,103850059,1097695123.63,1.10,-9.58,19496365.00
2020-03-12,9.75,103850059,1012538075.25,1.01,-7.76,24008400.00
2020-03-13,10.11,103850059,1049924096.49,1.05,3.69,30545343.00
2020-03-16,9.17,103850059,952305041.03,0.95,-9.30,13235061.00
2020-03-17,10.31,103850059,1070694108.29,1.07,12.43,26229671.00
2020-03-18,9.16,103850059,951266540.44,0.95,-11.15,13044756.00
2020-03-19,9.98,103850059,1036423588.82,1.04,8.95,22680548.00
2020-03-20,8.99,103850059,933612030.41,0.93,-9.92,20534958.00
2020-03-23,8.84,103850059,918034521.56,0.92,-1.67,15231320.00
2020-03-24,10.03,103850059,1041616091.77,1.04,13.46,19559503.00
2020-03-25,10.20,103850059,1059270601.80,1.06,1.69,20267400.00
2020-03-26,10.92,103850059,1134042644.28,1.13,7.06,19936644.00
2020-03-27,9.88,103850059,1026038582.92,1.03,-9.52,9715004.00
2020-03-30,9.91,103850059,1029154084.69,1.03,0.30,10918838.00
2020-03-31,10.34,103850059,1073809610.06,1.07,4.34,14059298.00
2020-04-01,9.64,103850059,1001114568.76,1.00,-6.77,12218700.00
2020-04-02,9.56,103850059,992806564.04,0.99,-0.83,11189024.00
2020-04-03,9.27,103850059,962690046.93,0.96,-3.03,10634544.00
2020-04-06,10.51,103850059,1091464120.09,1.09,13.38,22759405.00
2020-04-07,10.54,103850059,1094579621.86,1.09,0.29,22000142.00
2020-04-08,10.92,103850059,1134042644.28,1.13,3.61,10379460.00
2020-04-09,10.97,103850059,1139235147.23,1.14,0.46,18608411.00
2020-04-13,10.92,103850059,1134042644.28,1.13,-0.46,8016372.00
2020-04-14,11.04,103850059,1146504651.36,1.15,1.10,10139136.00
2020-04-15,10.16,103850059,1055116599.44,1.06,-7.97,13853160.00
2020-04-16,10.19,103850059,1058232101.21,1.06,0.30,16240822.00
2020-04-17,10.20,103850059,1059270601.80,1.06,0.10,12883620.00
2020-04-20,10.63,103850059,1103926127.17,1.10,4.22,14288846.00
2020-04-21,10.03,103850059,1041616091.77,1.04,-5.64,13308807.00
2020-04-22,10.25,103850059,1064463104.75,1.06,2.19,5296175.00
2020-04-23,10.46,103850059,1086271617.14,1.09,2.05,6483108.00
2020-04-24,10.76,103850059,1117426634.84,1.12,2.87,6618476.00
2020-04-27,11.34,103850059,1177659669.06,1.18,5.39,14834988.00
2020-04-28,10.93,103850059,1135081144.87,1.14,-3.62,17148077.00
2020-04-29,11.63,103850059,1207776186.17,1.21,6.40,19520955.00
2020-04-30,11.59,103850059,1203622183.81,1.20,-0.34,16322197.00
2020-05-01,10.92,103850059,1134042644.28,1.13,-5.78,57468684.00
2020-05-04,10.92,103850059,1134042644.28,1.13,0.00,10058412.00
2020-05-05,11.04,103850059,1146504651.36,1.15,1.10,16707936.00
2020-05-06,11.02,103850059,1144427650.18,1.14,-0.18,7993908.00
2020-05-07,11.28,103850059,1171428665.52,1.17,2.36,7447056.00
2020-05-08,11.75,103850059,1220238193.25,1.22,4.17,15944750.00
2020-05-11,11.40,103850059,1183890672.60,1.18,-2.98,12573060.00
2020-05-12,10.96,103850059,1138196646.64,1.14,-3.86,9420120.00
2020-05-13,10.50,103850059,1090425619.50,1.09,-4.20,11647650.00
2020-05-14,10.64,103850059,1104964627.76,1.10,1.33,9498328.00
2020-05-15,10.32,103850059,1071732608.88,1.07,-3.01,8884488.00
2020-05-18,11.25,103850059,1168313163.75,1.17,9.01,17620875.00
2020-05-19,11.32,103850059,1175582667.88,1.18,0.62,10897764.00
2020-05-20,11.77,103850059,1222315194.43,1.22,3.98,10787205.00
2020-05-21,11.24,103850059,1167274663.16,1.17,-4.50,23319628.00
2020-05-22,11.36,103850059,1179736670.24,1.18,1.07,5364192.00
2020-05-26,11.62,103850059,1206737685.58,1.21,2.29,11499152.00
2020-05-27,12.02,103850059,1248277709.18,1.25,3.44,12594556.00
2020-05-28,11.63,103850059,1207776186.17,1.21,-3.24,8673654.00
2020-05-29,11.57,103850059,1201545182.63,1.20,-0.52,10201269.00
2020-06-01,11.59,103850059,1203622183.81,1.20,0.17,8508219.00
2020-06-02,11.87,103850059,1232700200.33,1.23,2.42,7250196.00
2020-06-03,11.62,103850059,1206737685.58,1.21,-2.11,11772222.00
2020-06-04,11.90,103850059,1235815702.10,1.24,2.41,12317690.00
2020-06-05,12.04,103850059,1250354710.36,1.25,1.18,11057536.00
2020-06-08,12.52,103850059,1300202738.68,1.30,3.99,10777216.00
2020-06-09,12.40,103850059,1287740731.60,1.29,-0.96,7483400.00
2020-06-10,11.95,103850059,1241008205.05,1.24,-3.63,11610620.00
2020-06-11,11.30,103850059,1173505666.70,1.17,-5.44,15578180.00
2020-06-12,11.28,103850059,1171428665.52,1.17,-0.18,9283440.00
2020-06-15,11.64,103850059,1208814686.76,1.21,3.19,10018548.00
2020-06-16,11.87,103850059,1232700200.33,1.23,1.98,13032073.00
2020-06-17,11.67,103850059,1211930188.53,1.21,-1.68,6702081.00
2020-06-18,11.32,103850059,1175582667.88,1.18,-3.00,9764632.00
2020-06-19,11.47,103850059,1191160176.73,1.19,1.33,12860164.00
2020-06-22,11.18,103850059,1161043659.62,1.16,-2.53,14456858.00
2020-06-23,11.47,103850059,1191160176.73,1.19,2.59,11308273.00
2020-06-24,11.05,103850059,1147543151.95,1.15,-3.66,9188075.00
2020-06-25,11.15,103850059,1157928157.85,1.16,0.90,9128505.00
2020-06-26,10.90,103850059,1131965643.10,1.13,-2.24,11644470.00
2020-06-29,11.49,103850059,1193237177.91,1.19,5.41,13033107.00
2020-06-30,11.86,103850059,1231661699.74,1.23,3.22,12418606.00
2020-07-01,11.32,103850059,1175582667.88,1.18,-4.55,10141588.00
2020-07-02,11.95,103850059,1241008205.05,1.24,5.57,23125640.00
2020-07-06,12.02,103850059,1248277709.18,1.25,0.59,11611320.00
2020-07-07,11.53,103850059,1197391180.27,1.20,-4.08,9847773.00
2020-07-08,11.60,103850059,1204660684.40,1.20,0.61,6816160.00
2020-07-09,11.44,103850059,1188044674.96,1.19,-1.38,7676240.00
2020-07-10,11.33,103850059,1176621168.47,1.18,-0.96,10833746.00
2020-07-13,11.70,103850059,1215045690.30,1.22,3.27,14080950.00
2020-07-14,11.67,103850059,1211930188.53,1.21,-0.26,24030864.00
2020-07-15,11.90,103850059,1235815702.10,1.24,1.97,35477470.00
2020-07-16,11.69,103850059,1214007189.71,1.21,-1.76,8803739.00
2020-07-17,11.62,103850059,1206737685.58,1.21,-0.60,12379948.00
2020-07-20,11.75,103850059,1220238193.25,1.22,1.12,7807875.00
2020-07-21,11.75,103850059,1220238193.25,1.22,0.00,12070775.00
2020-07-22,11.73,103850059,1218161192.07,1.22,-0.17,8457330.00
2020-07-23,11.89,103850059,1234777201.51,1.23,1.36,8252849.00
2020-07-24,11.63,103850059,1207776186.17,1.21,-2.19,9285392.00
2020-07-27,12.21,103850059,1268009220.39,1.27,4.99,12009756.00
2020-07-28,11.96,103850059,1242046705.64,1.24,-2.05,12373816.00
2020-07-29,12.43,103850059,1290856233.37,1.29,3.93,16090635.00
2020-07-30,12.41,103850059,1288779232.19,1.29,-0.16,42332992.00
2020-07-31,12.31,103850059,1278394226.29,1.28,-0.81,14667365.00
2020-08-03,12.38,103850059,1285663730.42,1.29,0.57,12866534.00
2020-08-04,12.30,103850059,1277355725.70,1.28,-0.65,25691010.00
2020-08-05,12.35,103850059,1282548228.65,1.28,0.41,8010210.00
2020-08-06,12.38,103850059,1285663730.42,1.29,0.24,9683636.00
2020-08-07,12.33,103850059,1280471227.47,1.28,-0.40,7968879.00
2020-08-10,12.13,103850059,1259701215.67,1.26,-1.62,10293518.00
2020-08-11,12.10,103850059,1256585713.90,1.26,-0.25,10393900.00
2020-08-12,12.29,103850059,1276317225.11,1.28,1.57,9119180.00
2020-08-13,12.16,103850059,1262816717.44,1.26,-1.06,9730432.00
2020-08-14,12.00,103850059,1246200708.00,1.25,-1.32,5628000.00
2020-08-17,12.12,103850059,1258662715.08,1.26,1.00,9041520.00
2020-08-18,12.00,103850059,1246200708.00,1.25,-0.99,52078800.00
2020-08-19,11.86,103850059,1231661699.74,1.23,-1.17,9284008.00
2020-08-20,11.38,103850059,1181813671.42,1.18,-4.05,12253984.00
2020-08-21,11.29,103850059,1172467166.11,1.17,-0.79,26165704.00
2020-08-24,11.74,103850059,1219199692.66,1.22,3.99,11986540.00
2020-08-25,11.90,103850059,1235815702.10,1.24,1.36,10313730.00
2020-08-26,11.78,103850059,1223353695.02,1.22,-1.01,18320256.00
2020-08-27,11.63,103850059,1207776186.17,1.21,-1.27,9641270.00
2020-08-28,11.67,103850059,1211930188.53,1.21,0.34,10961631.00
2020-08-31,11.46,103850059,1190121676.14,1.19,-1.80,9679116.00
2020-09-01,11.70,103850059,1215045690.30,1.22,2.09,13338000.00
2020-09-02,11.90,103850059,1235815702.10,1.24,1.71,15828190.00
2020-09-03,11.32,103850059,1175582667.88,1.18,-4.87,10233280.00
2020-09-04,11.23,103850059,1166236162.57,1.17,-0.80,12913377.00
2020-09-08,10.67,103850059,1108080129.53,1.11,-4.99,14156956.00
2020-09-09,10.87,103850059,1128850141.33,1.13,1.87,20120370.00
2020-09-10,10.92,103850059,1134042644.28,1.13,0.46,16946748.00
2020-09-11,11.37,103850059,1180775170.83,1.18,4.12,15020907.00
2020-09-14,11.41,103850059,1184929173.19,1.18,0.35,13046194.00
2020-09-15,11.46,103850059,1190121676.14,1.19,0.44,16382070.00
2020-09-16,11.46,103850059,1190121676.14,1.19,0.00,19295202.00
2020-09-17,11.46,103850059,1190121676.14,1.19,0.00,12928026.00
2020-09-18,11.46,103850059,1190121676.14,1.19,0.00,21292680.00
2020-09-21,11.43,103850059,1187006174.37,1.19,-0.26,12250674.00
2020-09-22,11.34,103850059,1177659669.06,1.18,-0.79,12254004.00
2020-09-23,10.96,103850059,1138196646.64,1.14,-3.35,14274304.00
2020-09-24,11.03,103850059,1145466150.77,1.15,0.64,10007519.00
2020-09-25,11.12,103850059,1154812656.08,1.15,0.82,10824208.00
2020-09-28,11.44,103850059,1188044674.96,1.19,2.88,18616312.00
2020-09-29,11.48,103850059,1192198677.32,1.19,0.35,21216188.00
2020-09-30,11.41,103850059,1184929173.19,1.18,-0.61,20462694.00
2020-10-01,11.57,103850059,1201545182.63,1.20,1.40,9325420.00
2020-10-02,11.45,103850059,1189083175.55,1.19,-1.04,11076730.00
2020-10-05,11.60,103850059,1204660684.40,1.20,1.31,11419040.00
2020-10-06,11.87,103850059,1232700200.33,1.23,2.33,38073025.00
2020-10-07,11.97,103850059,1243085206.23,1.24,0.84,16433613.00
2020-10-08,12.18,103850059,1264893718.62,1.26,1.75,13960716.00
2020-10-09,12.51,103850059,1299164238.09,1.30,2.71,17702901.00
2020-10-12,12.66,103850059,1314741746.94,1.31,1.20,19720482.00
2020-10-13,12.55,103850059,1303318240.45,1.30,-0.87,14547960.00
2020-10-14,12.60,103850059,1308510743.40,1.31,0.40,12621420.00
2020-10-15,12.58,103850059,1306433742.22,1.31,-0.16,16483574.00
2020-10-16,12.46,103850059,1293971735.14,1.29,-0.95,12042590.00
2020-10-19,12.43,103850059,1290856233.37,1.29,-0.24,13602149.00
2020-10-20,12.36,103850059,1283586729.24,1.28,-0.56,17060508.00
2020-10-21,12.37,103850059,1284625229.83,1.28,0.08,14201997.00
2020-10-22,12.43,103850059,1290856233.37,1.29,0.49,13374680.00
2020-10-23,12.42,103850059,1289817732.78,1.29,-0.08,14815818.00
2020-10-26,12.32,103850059,1279432726.88,1.28,-0.81,12936000.00
2020-10-27,12.12,103850059,1258662715.08,1.26,-1.62,13527132.00
2020-10-28,11.80,103850059,1225430696.20,1.23,-2.64,15086300.00
2020-10-29,12.11,103850059,1257624214.49,1.26,2.63,18227972.00
2020-10-30,11.87,103850059,1232700200.33,1.23,-1.98,34773165.00
2020-11-02,11.86,103850059,1231661699.74,1.23,-0.08,21523528.00
2020-11-03,11.78,103850059,1223353695.02,1.22,-0.67,22340770.00
2020-11-04,11.92,103850059,1237892703.28,1.24,1.19,15345808.00
2020-11-05,12.44,103850059,1291894733.96,1.29,4.36,27672780.00
2020-11-06,12.49,103850059,1297087236.91,1.30,0.40,20469861.00
2020-11-09,12.42,103850059,1289817732.78,1.29,-0.56,34620750.00
2020-11-10,12.55,103850059,1303318240.45,1.30,1.05,20885710.00
2020-11-11,12.75,103850059,1324088252.25,1.32,1.59,19670700.00
2020-11-12,12.63,103850059,1311626245.17,1.31,-0.94,16244706.00
2020-11-13,12.77,103850059,1326165253.43,1.33,1.11,20282591.00
2020-11-16,12.99,103850059,1349012266.41,1.35,1.72,24943398.00
2020-11-17,12.97,103850059,1346935265.23,1.35,-0.15,19801299.00
2020-11-18,12.76,103850059,1325126752.84,1.33,-1.62,15948724.00
2020-11-19,12.72,103850059,1320972750.48,1.32,-0.31,18404568.00
2020-11-20,12.62,103850059,1310587744.58,1.31,-0.79,29761746.00
2020-11-23,12.87,103850059,1336550259.33,1.34,1.98,26302419.00
2020-11-24,13.19,103850059,1369782278.21,1.37,2.49,25000326.00
2020-11-25,13.25,103850059,1376013281.75,1.38,0.45,18104800.00
2020-11-27,13.33,103850059,1384321286.47,1.38,0.60,10102807.00
2020-11-30,13.06,103850059,1356281770.54,1.36,-2.03,16381158.00
2020-12-01,13.13,103850059,1363551274.67,1.36,0.54,22674197.00
2020-12-02,13.18,103850059,1368743777.62,1.37,0.38,14101282.00
2020-12-03,13.33,103850059,1384321286.47,1.38,1.14,17363658.00
2020-12-04,13.51,103850059,1403014297.09,1.40,1.35,18415481.00
2020-12-07,13.58,103850059,1410283801.22,1.41,0.52,19640754.00
2020-12-08,13.56,103850059,1408206800.04,1.41,-0.15,22604520.00
2020-12-09,13.34,103850059,1385359787.06,1.39,-1.62,15587790.00
2020-12-10,13.32,103850059,1383282785.88,1.38,-0.15,10255068.00
2020-12-11,13.25,103850059,1376013281.75,1.38,-0.53,18593725.00
2020-12-14,13.29,103850059,1380167284.11,1.38,0.30,10011357.00
2020-12-15,13.62,103850059,1414437803.58,1.41,2.48,16763496.00
2020-12-16,13.57,103850059,1409245300.63,1.41,-0.37,20614187.00
2020-12-17,13.54,103850059,1406129798.86,1.41,-0.22,10623484.00
2020-12-18,13.49,103850059,1400937295.91,1.40,-0.37,26459286.00
2020-12-21,13.51,103850059,1403014297.09,1.40,0.15,35786639.00
2020-12-22,13.51,103850059,1403014297.09,1.40,0.00,23183160.00
2020-12-23,13.60,103850059,1412360802.40,1.41,0.67,14667600.00
2020-12-24,13.71,103850059,1423784308.89,1.42,0.81,6014577.00
2020-12-28,13.75,103850059,1427938311.25,1.43,0.29,14317875.00
2020-12-29,13.63,103850059,1415476304.17,1.42,-0.87,20773483.00
2020-12-30,13.70,103850059,1422745808.30,1.42,0.51,10606540.00
2020-12-31,13.80,103850059,1433130814.20,1.43,0.73,20248740.00
2021-01-04,13.75,103850059,1427938311.25,1.43,-0.36,17106375.00
2021-01-05,14.02,103850059,1455977827.18,1.46,1.96,13878398.00
2021-01-06,14.34,103850059,1489209846.06,1.49,2.28,18370974.00
2021-01-07,14.28,103850059,1482978842.52,1.48,-0.42,14646996.00
2021-01-08,14.19,103850059,1473632337.21,1.47,-0.63,15282630.00
2021-01-11,14.18,103850059,1472593836.62,1.47,-0.07,8398814.00
2021-01-12,14.18,103850059,1472593836.62,1.47,0.00,8500910.00
2021-01-13,14.13,103850059,1467401333.67,1.47,-0.35,9009288.00
2021-01-14,14.22,103850059,1476747838.98,1.48,0.64,9567216.00
2021-01-15,14.10,103850059,1464285831.90,1.46,-0.84,16432140.00
2021-01-19,14.16,103850059,1470516835.44,1.47,0.43,9974304.00
2021-01-20,14.19,103850059,1473632337.21,1.47,0.21,7855584.00
2021-01-21,14.14,103850059,1468439834.26,1.47,-0.35,7143528.00
2021-01-22,14.17,103850059,1471555336.03,1.47,0.21,8435401.00
2021-01-25,14.17,103850059,1471555336.03,1.47,0.00,10256246.00
2021-01-26,14.05,103850059,1459093328.95,1.46,-0.85,12674505.00
2021-01-27,13.72,103850059,1424822809.48,1.42,-2.35,26887084.00
2021-01-28,13.57,103850059,1409245300.63,1.41,-1.09,18440273.00
2021-01-29,13.41,103850059,1392629291.19,1.39,-1.18,24042789.00
2021-02-01,13.69,103850059,1421707307.71,1.42,2.09,14136294.00
2021-02-02,13.77,103850059,1430015312.43,1.43,0.58,11320317.00
2021-02-03,13.63,103850059,1415476304.17,1.42,-1.02,10360163.00
2021-02-04,13.94,103850059,1447669822.46,1.45,2.27,16503566.00
2021-02-05,13.97,103850059,1450785324.23,1.45,0.22,12549251.00
2021-02-08,14.06,103850059,1460131829.54,1.46,0.64,12873336.00
2021-02-09,13.99,103850059,1452862325.41,1.45,-0.50,8587062.00
2021-02-10,13.96,103850059,1449746823.64,1.45,-0.21,11888336.00
2021-02-11,14.16,103850059,1470516835.44,1.47,1.43,19249104.00
2021-02-12,14.21,103850059,1475709338.39,1.48,0.35,9448229.00
2021-02-16,14.38,103850059,1493363848.42,1.49,1.20,17014416.00
2021-02-17,14.33,103850059,1488171345.47,1.49,-0.35,11585805.00
2021-02-18,14.29,103850059,1484017343.11,1.48,-0.28,8978407.00
2021-02-19,14.48,103850059,1503748854.32,1.50,1.33,14097728.00
2021-02-22,14.41,103850059,1496479350.19,1.50,-0.48,15016661.00
2021-02-23,14.37,103850059,1492325347.83,1.49,-0.28,16719495.00
2021-02-24,14.48,103850059,1503748854.32,1.50,0.77,10438632.00
2021-02-25,14.14,103850059,1468439834.26,1.47,-2.35,21436240.00
2021-02-26,14.12,103850059,1466362833.08,1.47,-0.14,19537844.00
2021-03-01,14.31,103850059,1486094344.29,1.49,1.35,12177810.00
2021-03-02,14.11,103850059,1465324332.49,1.47,-1.40,14574219.00
2021-03-03,14.12,103850059,1466362833.08,1.47,0.07,10280772.00
2021-03-04,14.02,103850059,1455977827.18,1.46,-0.71,24326102.00
2021-03-05,14.10,103850059,1464285831.90,1.46,0.57,24291480.00
2021-03-08,14.20,103850059,1474670837.80,1.47,0.71,13144940.00
2021-03-09,14.14,103850059,1468439834.26,1.47,-0.42,15784482.00
2021-03-10,14.21,103850059,1475709338.39,1.48,0.50,8800253.00
2021-03-11,14.40,103850059,1495440849.60,1.50,1.34,15711840.00
2021-03-12,14.43,103850059,1498556351.37,1.50,0.21,8916297.00
2021-03-15,14.50,103850059,1505825855.50,1.51,0.49,10898200.00
2021-03-16,14.49,103850059,1504787354.91,1.50,-0.07,11089197.00
2021-03-17,14.55,103850059,1511018358.45,1.51,0.41,10067145.00
2021-03-18,14.41,103850059,1496479350.19,1.50,-0.96,12170686.00
2021-03-19,14.28,103850059,1482978842.52,1.48,-0.90,33779340.00
2021-03-22,14.43,103850059,1498556351.37,1.50,1.05,12427116.00
2021-03-23,14.22,103850059,1476747838.98,1.48,-1.46,37287684.00
2021-03-24,14.18,103850059,1472593836.62,1.47,-0.28,33781014.00
2021-03-25,14.18,103850059,1472593836.62,1.47,0.00,34807646.00
2021-03-26,14.60,103850059,1516210861.40,1.52,2.96,30111040.00
2021-03-29,14.53,103850059,1508941357.27,1.51,-0.48,21841496.00
2021-03-30,14.49,103850059,1504787354.91,1.50,-0.28,14766759.00
2021-03-31,14.50,103850059,1505825855.50,1.51,0.07,16209550.00
2021-04-01,14.94,103850059,1551519881.46,1.55,3.03,28911888.00
2021-04-05,15.09,103850059,1567097390.31,1.57,1.00,23898033.00
2021-04-06,14.95,103850059,1552558382.05,1.55,-0.93,13600015.00
2021-04-07,14.85,103850059,1542173376.15,1.54,-0.67,10700910.00
2021-04-08,14.95,103850059,1552558382.05,1.55,0.67,12843545.00
2021-04-09,14.97,103850059,1554635383.23,1.55,0.13,12215520.00
2021-04-12,14.93,103850059,1550481380.87,1.55,-0.27,8560862.00
2021-04-13,14.93,103850059,1550481380.87,1.55,0.00,20270461.00
2021-04-14,14.92,103850059,1549442880.28,1.55,-0.07,11938984.00
2021-04-15,15.03,103850059,1560866386.77,1.56,0.74,14463369.00
2021-04-16,15.09,103850059,1567097390.31,1.57,0.40,10368339.00
2021-04-19,15.04,103850059,1561904887.36,1.56,-0.33,13982688.00
2021-04-20,14.93,103850059,1550481380.87,1.55,-0.73,17989157.00
2021-04-21,14.98,103850059,1555673883.82,1.56,0.33,11450712.00
2021-04-22,14.94,103850059,1551519881.46,1.55,-0.27,7157754.00
2021-04-23,15.13,103850059,1571251392.67,1.57,1.27,14084517.00
2021-04-26,15.20,103850059,1578520896.80,1.58,0.46,10816320.00
2021-04-27,15.19,103850059,1577482396.21,1.58,-0.07,14018851.00
2021-04-28,15.21,103850059,1579559397.39,1.58,0.13,20933523.00
2021-04-29,15.15,103850059,1573328393.85,1.57,-0.39,11059500.00
2021-04-30,15.00,103850059,1557750885.00,1.56,-0.99,19974000.00
2021-05-03,15.01,103850059,1558789385.59,1.56,0.07,15832548.00
2021-05-04,14.92,103850059,1549442880.28,1.55,-0.60,18306840.00
2021-05-05,14.93,103850059,1550481380.87,1.55,0.07,17072455.00
2021-05-06,14.97,103850059,1554635383.23,1.55,0.27,15032874.00
2021-05-07,15.09,103850059,1567097390.31,1.57,0.80,14315883.00
2021-05-10,14.92,103850059,1549442880.28,1.55,-1.13,17253488.00
2021-05-11,14.89,103850059,1546327378.51,1.55,-0.20,19968979.00
2021-05-12,14.73,103850059,1529711369.07,1.53,-1.07,20904816.00
2021-05-13,14.88,103850059,1545288877.92,1.55,1.02,23480640.00
2021-05-14,14.96,103850059,1553596882.64,1.55,0.54,10901352.00
2021-05-17,14.97,103850059,1554635383.23,1.55,0.07,12478992.00
2021-05-18,14.88,103850059,1545288877.92,1.55,-0.60,9753840.00
2021-05-19,15.00,103850059,1557750885.00,1.56,0.81,13291500.00
2021-05-20,15.01,103850059,1558789385.59,1.56,0.07,13756665.00
2021-05-21,15.08,103850059,1566058889.72,1.57,0.47,12649104.00
2021-05-24,15.11,103850059,1569174391.49,1.57,0.20,6976287.00
2021-05-25,15.03,103850059,1560866386.77,1.56,-0.53,7922313.00
2021-05-26,15.16,103850059,1574366894.44,1.57,0.86,8510824.00
2021-05-27,15.15,103850059,1573328393.85,1.57,-0.07,15004560.00
2021-05-28,15.15,103850059,1573328393.85,1.57,0.00,8785485.00
2021-06-01,15.18,103850059,1576443895.62,1.58,0.20,11582340.00
2021-06-02,15.15,103850059,1573328393.85,1.57,-0.20,13110810.00
2021-06-03,15.13,103850059,1571251392.67,1.57,-0.13,8530294.00
2021-06-04,15.21,103850059,1579559397.39,1.58,0.53,7250607.00
2021-06-07,15.18,103850059,1576443895.62,1.58,-0.20,6815820.00
2021-06-08,15.17,103850059,1575405395.03,1.58,-0.07,7789795.00
2021-06-09,15.14,103850059,1572289893.26,1.57,-0.20,7214210.00
2021-06-10,15.09,103850059,1567097390.31,1.57,-0.33,11258649.00
2021-06-11,15.10,103850059,1568135890.90,1.57,0.07,6570010.00
2021-06-14,14.97,103850059,1554635383.23,1.55,-0.86,11634684.00
2021-06-15,14.96,103850059,1553596882.64,1.55,-0.07,8848840.00
2021-06-16,14.99,103850059,1556712384.41,1.56,0.20,9792967.00
2021-06-17,14.91,103850059,1548404379.69,1.55,-0.53,14737044.00
2021-06-18,14.57,103850059,1513095359.63,1.51,-2.28,33965584.00
2021-06-21,14.42,103850059,1497517850.78,1.50,-1.03,24470740.00
2021-06-22,14.39,103850059,1494402349.01,1.49,-0.21,16856446.00
2021-06-23,14.36,103850059,1491286847.24,1.49,-0.21,18640716.00
2021-06-24,14.38,103850059,1493363848.42,1.49,0.14,9897754.00
2021-06-25,14.38,103850059,1493363848.42,1.49,0.00,31325392.00
2021-06-28,14.45,103850059,1500633352.55,1.50,0.49,11055695.00
2021-06-29,14.35,103850059,1490248346.65,1.49,-0.69,10683575.00
2021-06-30,14.30,103850059,1485055843.70,1.49,-0.35,14780480.00
2021-07-01,14.37,103850059,1492325347.83,1.49,0.49,12842469.00
2021-07-02,14.33,103850059,1488171345.47,1.49,-0.28,5591566.00
2021-07-06,14.21,103850059,1475709338.39,1.48,-0.84,19069820.00
2021-07-07,14.09,103850059,1463247331.31,1.46,-0.84,14347847.00
2021-07-08,14.06,103850059,1460131829.54,1.46,-0.21,14622400.00
2021-07-09,14.09,103850059,1463247331.31,1.46,0.21,12101901.00
2021-07-12,14.13,103850059,1467401333.67,1.47,0.28,12791889.00
2021-07-13,14.09,103850059,1463247331.31,1.46,-0.28,9848910.00
2021-07-14,14.05,103850059,1459093328.95,1.46,-0.28,11984650.00
2021-07-15,14.00,103850059,1453900826.00,1.45,-0.36,12115600.00
2021-07-16,13.85,103850059,1438323317.15,1.44,-1.07,13825070.00
2021-07-19,13.73,103850059,1425861310.07,1.43,-0.87,22263195.00
2021-07-20,13.70,103850059,1422745808.30,1.42,-0.22,15886520.00
2021-07-21,13.80,103850059,1433130814.20,1.43,0.73,12905760.00
2021-07-22,13.72,103850059,1424822809.48,1.42,-0.58,8832936.00
2021-07-23,13.74,103850059,1426899810.66,1.43,0.15,10805136.00
2021-07-26,13.75,103850059,1427938311.25,1.43,0.07,5918000.00
2021-07-27,13.73,103850059,1425861310.07,1.43,-0.15,9709856.00
2021-07-28,13.81,103850059,1434169314.79,1.43,0.58,9900389.00
2021-07-29,13.85,103850059,1438323317.15,1.44,0.29,11739260.00
2021-07-30,13.99,103850059,1452862325.41,1.45,1.01,16733439.00
2021-08-02,14.00,103850059,1453900826.00,1.45,0.07,14606200.00
2021-08-03,14.05,103850059,1459093328.95,1.46,0.36,17813995.00
2021-08-04,14.02,103850059,1455977827.18,1.46,-0.21,9410224.00
2021-08-05,14.03,103850059,1457016327.77,1.46,0.07,7364347.00
2021-08-06,14.03,103850059,1457016327.77,1.46,0.00,15048578.00
2021-08-09,14.05,103850059,1459093328.95,1.46,0.14,9101590.00
2021-08-10,14.06,103850059,1460131829.54,1.46,0.07,7534754.00
2021-08-11,14.08,103850059,1462208830.72,1.46,0.14,9917952.00
2021-08-12,14.08,103850059,1462208830.72,1.46,0.00,7063936.00
2021-08-13,14.08,103850059,1462208830.72,1.46,0.00,4601344.00
2021-08-16,14.06,103850059,1460131829.54,1.46,-0.14,6647568.00
2021-08-17,14.16,103850059,1470516835.44,1.47,0.71,15731760.00
2021-08-18,14.16,103850059,1470516835.44,1.47,0.00,15702024.00
2021-08-19,14.13,103850059,1467401333.67,1.47,-0.21,17759997.00
2021-08-20,14.04,103850059,1458054828.36,1.46,-0.64,19601244.00
2021-08-23,14.05,103850059,1459093328.95,1.46,0.07,13236505.00
2021-08-24,14.06,103850059,1460131829.54,1.46,0.07,7444770.00
2021-08-25,14.10,103850059,1464285831.90,1.46,0.28,9466740.00
2021-08-26,14.04,103850059,1458054828.36,1.46,-0.43,10692864.00
2021-08-27,14.12,103850059,1466362833.08,1.47,0.57,14002804.00
2021-08-30,14.08,103850059,1462208830.72,1.46,-0.28,12966272.00
2021-08-31,14.00,103850059,1453900826.00,1.45,-0.57,17211600.00
2021-09-01,13.95,103850059,1448708323.05,1.45,-0.36,10653615.00
2021-09-02,13.90,103850059,1443515820.10,1.44,-0.36,8770900.00
2021-09-03,13.87,103850059,1440400318.33,1.44,-0.22,10696544.00
2021-09-07,13.82,103850059,1435207815.38,1.44,-0.36,11190054.00
2021-09-08,13.71,103850059,1423784308.89,1.42,-0.80,28190502.00
2021-09-09,13.61,103850059,1413399302.99,1.41,-0.73,13510647.00
2021-09-10,13.56,103850059,1408206800.04,1.41,-0.37,11037840.00
2021-09-13,13.61,103850059,1413399302.99,1.41,0.37,13222115.00
2021-09-14,13.53,103850059,1405091298.27,1.41,-0.59,12286593.00
2021-09-15,13.48,103850059,1399898795.32,1.40,-0.37,11445868.00
2021-09-16,13.43,103850059,1394706292.37,1.39,-0.37,10036239.00
2021-09-17,13.10,103850059,1360435772.90,1.36,-2.46,72023800.00
2021-09-20,12.79,103850059,1328242254.61,1.33,-2.37,25606859.00
2021-09-21,12.49,103850059,1297087236.91,1.30,-2.35,16541756.00
2021-09-22,12.37,103850059,1284625229.83,1.28,-0.96,22348879.00
2021-09-23,12.46,103850059,1293971735.14,1.29,0.73,12894854.00
2021-09-24,12.53,103850059,1301241239.27,1.30,0.56,10501393.00
2021-09-27,12.72,103850059,1320972750.48,1.32,1.52,9910152.00
2021-09-28,12.80,103850059,1329280755.20,1.33,0.63,13216000.00
2021-09-29,12.69,103850059,1317857248.71,1.32,-0.86,8103834.00
2021-09-30,12.57,103850059,1305395241.63,1.31,-0.95,10303629.00
2021-10-01,12.66,103850059,1314741746.94,1.31,0.72,23439990.00
2021-10-04,12.68,103850059,1316818748.12,1.32,0.16,12536716.00
2021-10-05,12.84,103850059,1333434757.56,1.33,1.26,19071252.00
2021-10-06,12.94,103850059,1343819763.46,1.34,0.78,25618612.00
2021-10-07,13.13,103850059,1363551274.67,1.36,1.47,24121123.00
2021-10-08,13.21,103850059,1371859279.39,1.37,0.61,16373795.00
2021-10-11,13.41,103850059,1392629291.19,1.39,1.51,14402340.00
2021-10-12,13.36,103850059,1387436788.24,1.39,-0.37,8609184.00
2021-10-13,13.38,103850059,1389513789.42,1.39,0.15,7807230.00
2021-10-14,13.48,103850059,1399898795.32,1.40,0.75,7276504.00
2021-10-15,13.50,103850059,1401975796.50,1.40,0.15,9038250.00
2021-10-18,13.45,103850059,1396783293.55,1.40,-0.37,7119085.00
2021-10-19,13.53,103850059,1405091298.27,1.41,0.59,6931419.00
2021-10-20,13.47,103850059,1398860294.73,1.40,-0.44,11958666.00
2021-10-21,13.53,103850059,1405091298.27,1.41,0.45,6177798.00
2021-10-22,13.44,103850059,1395744792.96,1.40,-0.67,6839616.00
2021-10-25,13.56,103850059,1408206800.04,1.41,0.89,6005724.00
2021-10-26,13.69,103850059,1421707307.71,1.42,0.96,15805105.00
2021-10-27,13.60,103850059,1412360802.40,1.41,-0.66,11069040.00
2021-10-28,13.03,103850059,1353166268.77,1.35,-4.19,37746607.00
2021-10-29,13.24,103850059,1374974781.16,1.37,1.61,18273848.00
2021-11-01,13.47,103850059,1398860294.73,1.40,1.74,15568626.00
2021-11-02,13.91,103850059,1444554320.69,1.44,3.27,17914689.00
2021-11-03,13.99,103850059,1452862325.41,1.45,0.58,17806472.00
2021-11-04,14.14,103850059,1468439834.26,1.47,1.07,18841550.00
2021-11-05,14.29,103850059,1484017343.11,1.48,1.06,17576700.00
2021-11-08,14.26,103850059,1480901841.34,1.48,-0.21,16701312.00
2021-11-09,14.27,103850059,1481940341.93,1.48,0.07,10057496.00
2021-11-10,14.26,103850059,1480901841.34,1.48,-0.07,13773734.00
2021-11-11,14.27,103850059,1481940341.93,1.48,0.07,7574516.00
2021-11-12,14.28,103850059,1482978842.52,1.48,0.07,6507396.00
2021-11-15,14.33,103850059,1488171345.47,1.49,0.35,7438703.00
2021-11-16,14.38,103850059,1493363848.42,1.49,0.35,14151358.00
2021-11-17,14.39,103850059,1494402349.01,1.49,0.07,9919027.00
2021-11-18,14.32,103850059,1487132844.88,1.49,-0.49,9518504.00
2021-11-19,14.25,103850059,1479863340.75,1.48,-0.49,12314850.00
2021-11-22,14.23,103850059,1477786339.57,1.48,-0.14,10349479.00
2021-11-23,14.27,103850059,1481940341.93,1.48,0.28,11896899.00
2021-11-24,14.25,103850059,1479863340.75,1.48,-0.14,6379725.00
2021-11-26,14.11,103850059,1465324332.49,1.47,-0.98,13342416.00
2021-11-29,14.07,103850059,1461170330.13,1.46,-0.28,11310873.00
2021-11-30,13.78,103850059,1431053813.02,1.43,-2.06,18138614.00
2021-12-01,13.81,103850059,1434169314.79,1.43,0.22,15975408.00
2021-12-02,13.99,103850059,1452862325.41,1.45,1.30,15166559.00
2021-12-03,14.03,103850059,1457016327.77,1.46,0.29,10971460.00
2021-12-06,14.15,103850059,1469478334.85,1.47,0.86,17704480.00
2021-12-07,14.29,103850059,1484017343.11,1.48,0.99,11770673.00
2021-12-08,14.25,103850059,1479863340.75,1.48,-0.28,14262825.00
2021-12-09,14.21,103850059,1475709338.39,1.48,-0.28,9384284.00
2021-12-10,14.21,103850059,1475709338.39,1.48,0.00,12293071.00
2021-12-13,14.14,103850059,1468439834.26,1.47,-0.49,12462996.00
2021-12-14,14.16,103850059,1470516835.44,1.47,0.14,11141088.00
2021-12-15,14.27,103850059,1481940341.93,1.48,0.78,15490085.00
2021-12-16,14.18,103850059,1472593836.62,1.47,-0.63,15802192.00
2021-12-17,14.12,103850059,1466362833.08,1.47,-0.42,43235440.00
2021-12-20,14.14,103850059,1468439834.26,1.47,0.14,19115866.00
2021-12-21,14.24,103850059,1478824840.16,1.48,0.71,18178784.00
2021-12-22,14.29,103850059,1484017343.11,1.48,0.35,11764957.00
2021-12-23,14.48,103850059,1503748854.32,1.50,1.33,8625736.00
2021-12-27,14.69,103850059,1525557366.71,1.53,1.45,16609983.00
2021-12-28,14.70,103850059,1526595867.30,1.53,0.07,9369780.00
2021-12-29,14.82,103850059,1539057874.38,1.54,0.82,8174712.00
2021-12-30,14.82,103850059,1539057874.38,1.54,0.00,7813104.00
2021-12-31,14.90,103850059,1547365879.10,1.55,0.54,7965540.00
2022-01-03,15.14,103850059,1572289893.26,1.57,1.61,13909118.00
2022-01-04,15.47,103850059,1606560412.73,1.61,2.18,14591304.00
2022-01-05,15.78,103850059,1638753931.02,1.64,2.00,20452458.00
2022-01-06,15.74,103850059,1634599928.66,1.63,-0.25,13953510.00
2022-01-07,15.52,103850059,1611752915.68,1.61,-1.40,15571216.00
2022-01-10,15.25,103850059,1583713399.75,1.58,-1.74,13906475.00
2022-01-11,15.08,103850059,1566058889.72,1.57,-1.11,14069640.00
2022-01-12,15.07,103850059,1565020389.13,1.57,-0.07,13125970.00
2022-01-13,15.03,103850059,1560866386.77,1.56,-0.27,10071603.00
2022-01-14,15.29,103850059,1587867402.11,1.59,1.73,15611090.00
2022-01-18,15.01,103850059,1558789385.59,1.56,-1.83,14070374.00
2022-01-19,14.80,103850059,1536980873.20,1.54,-1.40,13422120.00
2022-01-20,14.43,103850059,1498556351.37,1.50,-2.50,11217882.00
2022-01-21,14.23,103850059,1477786339.57,1.48,-1.39,17206916.00
2022-01-24,14.17,103850059,1471555336.03,1.47,-0.42,16753191.00
2022-01-25,13.65,103850059,1417553305.35,1.42,-3.67,20234760.00
2022-01-26,13.45,103850059,1396783293.55,1.40,-1.47,14087530.00
2022-01-27,13.17,103850059,1367705277.03,1.37,-2.08,12950061.00
2022-01-28,13.16,103850059,1366666776.44,1.37,-0.08,13494264.00
2022-01-31,13.46,103850059,1397821794.14,1.40,2.28,17958332.00
2022-02-01,13.60,103850059,1412360802.40,1.41,1.04,12997520.00
2022-02-02,13.71,103850059,1423784308.89,1.42,0.81,10356534.00
2022-02-03,13.73,103850059,1425861310.07,1.43,0.15,9436629.00
2022-02-04,13.47,103850059,1398860294.73,1.40,-1.89,10382676.00
2022-02-07,13.81,103850059,1434169314.79,1.43,2.52,16261275.00
2022-02-08,14.12,103850059,1466362833.08,1.47,2.24,18015708.00
2022-02-09,14.33,103850059,1488171345.47,1.49,1.49,11121513.00
2022-02-10,11.75,103850059,1220238193.25,1.22,-18.00,43386875.00
2022-02-11,12.05,103850059,1251393210.95,1.25,2.55,23558955.00
2022-02-14,12.04,103850059,1250354710.36,1.25,-0.08,20826792.00
2022-02-15,12.30,103850059,1277355725.70,1.28,2.16,14878080.00
2022-02-16,12.37,103850059,1284625229.83,1.28,0.57,13686168.00
2022-02-17,12.32,103850059,1279432726.88,1.28,-0.40,13059200.00
2022-02-18,12.30,103850059,1277355725.70,1.28,-0.16,14799360.00
2022-02-22,12.26,103850059,1273201723.34,1.27,-0.33,11827222.00
2022-02-23,12.26,103850059,1273201723.34,1.27,0.00,10604900.00
2022-02-24,12.48,103850059,1296048736.32,1.30,1.79,12312768.00
2022-02-25,12.79,103850059,1328242254.61,1.33,2.48,8105023.00
2022-02-28,12.57,103850059,1305395241.63,1.31,-1.72,13361910.00
2022-03-01,12.40,103850059,1287740731.60,1.29,-1.35,14512960.00
2022-03-02,12.85,103850059,1334473258.15,1.33,3.63,9754435.00
2022-03-03,12.83,103850059,1332396256.97,1.33,-0.16,13100713.00
2022-03-04,12.64,103850059,1312664745.76,1.31,-1.48,10288960.00
2022-03-07,12.53,103850059,1301241239.27,1.30,-0.87,12898382.00
2022-03-08,12.45,103850059,1292933234.55,1.29,-0.64,22914225.00
2022-03-09,12.58,103850059,1306433742.22,1.31,1.04,9582186.00
2022-03-10,12.79,103850059,1328242254.61,1.33,1.67,9951899.00
2022-03-11,12.85,103850059,1334473258.15,1.33,0.47,8276685.00
2022-03-14,12.76,103850059,1325126752.84,1.33,-0.70,7472256.00
2022-03-15,12.94,103850059,1343819763.46,1.34,1.41,8792730.00
2022-03-16,13.48,103850059,1399898795.32,1.40,4.17,10851400.00
2022-03-17,13.83,103850059,1436246315.97,1.44,2.60,7847142.00
2022-03-18,14.22,103850059,1476747838.98,1.48,2.82,19879560.00
2022-03-21,14.25,103850059,1479863340.75,1.48,0.21,11609475.00
2022-03-22,14.59,103850059,1515172360.81,1.52,2.39,15674037.00
2022-03-23,14.37,103850059,1492325347.83,1.49,-1.51,7636218.00
2022-03-24,14.71,103850059,1527634367.89,1.53,2.37,7291747.00
2022-03-25,14.99,103850059,1556712384.41,1.56,1.90,9553127.00
2022-03-28,14.62,103850059,1518287862.58,1.52,-2.47,15061524.00
2022-03-29,14.94,103850059,1551519881.46,1.55,2.19,14500764.00
2022-03-30,14.81,103850059,1538019373.79,1.54,-0.87,12887662.00
2022-03-31,14.82,103850059,1539057874.38,1.54,0.07,10769694.00
2022-04-01,14.76,103850059,1532826870.84,1.53,-0.40,13893588.00
2022-04-04,14.64,103850059,1520364863.76,1.52,-0.81,9328608.00
2022-04-05,14.30,103850059,1485055843.70,1.49,-2.32,11468600.00
2022-04-06,14.22,103850059,1476747838.98,1.48,-0.56,10164456.00
2022-04-07,14.17,103850059,1471555336.03,1.47,-0.35,9842482.00
2022-04-08,13.81,103850059,1434169314.79,1.43,-2.54,9839625.00
2022-04-11,13.51,103850059,1403014297.09,1.40,-2.17,9090879.00
2022-04-12,13.55,103850059,1407168299.45,1.41,0.30,8573085.00
2022-04-13,13.64,103850059,1416514804.76,1.42,0.66,26390672.00
2022-04-14,13.60,103850059,1412360802.40,1.41,-0.29,8247040.00
2022-04-18,13.61,103850059,1413399302.99,1.41,0.07,8623296.00
2022-04-19,14.27,103850059,1481940341.93,1.48,4.85,10526979.00
2022-04-20,14.37,103850059,1492325347.83,1.49,0.70,6197781.00
2022-04-21,14.13,103850059,1467401333.67,1.47,-1.67,6610014.00
2022-04-22,13.81,103850059,1434169314.79,1.43,-2.26,5100033.00
2022-04-25,13.85,103850059,1438323317.15,1.44,0.29,6731100.00
2022-04-26,13.50,103850059,1401975796.50,1.40,-2.53,8390250.00
2022-04-27,13.54,103850059,1406129798.86,1.41,0.30,8465208.00
2022-04-28,14.27,103850059,1481940341.93,1.48,5.39,9889110.00
2022-04-29,13.95,103850059,1448708323.05,1.45,-2.24,9423225.00
2022-05-02,13.99,103850059,1452862325.41,1.45,0.29,9369103.00
2022-05-03,14.13,103850059,1467401333.67,1.47,1.00,9474165.00
2022-05-04,14.52,103850059,1507902856.68,1.51,2.76,12696288.00
2022-05-05,14.40,103850059,1495440849.60,1.50,-0.83,9044640.00
2022-05-06,14.52,103850059,1507902856.68,1.51,0.83,10904520.00
2022-05-09,14.01,103850059,1454939326.59,1.45,-3.51,7040025.00
2022-05-10,14.10,103850059,1464285831.90,1.46,0.64,13055190.00
2022-05-11,13.91,103850059,1444554320.69,1.44,-1.35,9073493.00
2022-05-12,13.53,103850059,1405091298.27,1.41,-2.73,10255740.00
2022-05-13,14.01,103850059,1454939326.59,1.45,3.55,10821324.00
2022-05-16,14.04,103850059,1458054828.36,1.46,0.21,7465068.00
2022-05-17,14.84,103850059,1541134875.56,1.54,5.70,8409828.00
2022-05-18,14.50,103850059,1505825855.50,1.51,-2.29,15171350.00
2022-05-19,14.13,103850059,1467401333.67,1.47,-2.55,12937428.00
2022-05-20,13.85,103850059,1438323317.15,1.44,-1.98,15644960.00
2022-05-23,13.92,103850059,1445592821.28,1.45,0.51,9242880.00
2022-05-24,14.00,103850059,1453900826.00,1.45,0.57,11366600.00
2022-05-25,13.83,103850059,1436246315.97,1.44,-1.21,7876185.00
2022-05-26,14.02,103850059,1455977827.18,1.46,1.37,8794746.00
2022-05-27,14.45,103850059,1500633352.55,1.50,3.07,10863510.00
2022-05-31,14.29,103850059,1484017343.11,1.48,-1.11,11454864.00
2022-06-01,14.26,103850059,1480901841.34,1.48,-0.21,7502186.00
2022-06-02,14.55,103850059,1511018358.45,1.51,2.03,8212020.00
2022-06-03,14.45,103850059,1500633352.55,1.50,-0.69,7291470.00
2022-06-06,14.77,103850059,1533865371.43,1.53,2.21,22126937.00
2022-06-07,14.64,103850059,1520364863.76,1.52,-0.88,9403272.00
2022-06-08,14.63,103850059,1519326363.17,1.52,-0.07,7537376.00
2022-06-09,14.49,103850059,1504787354.91,1.50,-0.96,7166754.00
2022-06-10,13.84,103850059,1437284816.56,1.44,-4.49,8194664.00
2022-06-13,13.12,103850059,1362512774.08,1.36,-5.20,7440352.00
2022-06-14,13.31,103850059,1382244285.29,1.38,1.45,8531710.00
2022-06-15,13.63,103850059,1415476304.17,1.42,2.40,10470566.00
2022-06-16,12.54,103850059,1302279739.86,1.30,-8.00,10421994.00
2022-06-17,12.69,103850059,1317857248.71,1.32,1.20,25378731.00
2022-06-21,12.59,103850059,1307472242.81,1.31,-0.79,11780463.00
2022-06-22,12.48,103850059,1296048736.32,1.30,-0.87,7808736.00
2022-06-23,12.04,103850059,1250354710.36,1.25,-3.53,13160924.00
2022-06-24,12.44,103850059,1291894733.96,1.29,3.32,18279336.00
2022-06-27,12.77,103850059,1326165253.43,1.33,2.65,6973697.00
2022-06-28,12.51,103850059,1299164238.09,1.30,-2.04,5757102.00
2022-06-29,12.39,103850059,1286702231.01,1.29,-0.96,6638562.00
2022-06-30,12.50,103850059,1298125737.50,1.30,0.89,9083750.00
2022-07-01,12.17,103850059,1263855218.03,1.26,-2.64,7241150.00
2022-07-05,11.90,103850059,1235815702.10,1.24,-2.22,10449390.00
2022-07-06,11.75,103850059,1220238193.25,1.22,-1.26,4776375.00
2022-07-07,11.95,103850059,1241008205.05,1.24,1.70,4630625.00
2022-07-08,12.01,103850059,1247239208.59,1.25,0.50,5076627.00
2022-07-11,11.79,103850059,1224392195.61,1.22,-1.83,4309245.00
2022-07-12,11.85,103850059,1230623199.15,1.23,0.51,4544475.00
2022-07-13,11.87,103850059,1232700200.33,1.23,0.17,4472616.00
2022-07-14,11.82,103850059,1227507697.38,1.23,-0.42,4592070.00
2022-07-15,12.58,103850059,1306433742.22,1.31,6.43,9515512.00
2022-07-18,12.39,103850059,1286702231.01,1.29,-1.51,10335738.00
2022-07-19,12.91,103850059,1340704261.69,1.34,4.20,7309642.00
2022-07-20,13.19,103850059,1369782278.21,1.37,2.17,6427487.00
2022-07-21,13.17,103850059,1367705277.03,1.37,-0.15,4581843.00
2022-07-22,12.79,103850059,1328242254.61,1.33,-2.89,7317159.00
2022-07-25,12.72,103850059,1320972750.48,1.32,-0.55,8115360.00
2022-07-26,12.71,103850059,1319934249.89,1.32,-0.08,5860581.00
2022-07-27,13.10,103850059,1360435772.90,1.36,3.07,6350880.00
2022-07-28,13.44,103850059,1395744792.96,1.40,2.60,16430400.00
2022-07-29,13.53,103850059,1405091298.27,1.41,0.67,7030188.00
2022-08-01,13.70,103850059,1422745808.30,1.42,1.26,6414340.00
2022-08-02,13.54,103850059,1406129798.86,1.41,-1.17,5020632.00
2022-08-03,13.51,103850059,1403014297.09,1.40,-0.22,5844426.00
2022-08-04,16.53,103850059,1716641475.27,1.72,22.35,36509811.00
2022-08-05,16.78,103850059,1742603990.02,1.74,1.51,27814528.00
2022-08-08,16.31,103850059,1693794462.29,1.69,-2.80,19624192.00
2022-08-09,15.71,103850059,1631484426.89,1.63,-3.68,20847170.00
2022-08-10,16.24,103850059,1686524958.16,1.69,3.37,24775744.00
2022-08-11,16.02,103850059,1663677945.18,1.66,-1.35,12593322.00
2022-08-12,16.58,103850059,1721833978.22,1.72,3.50,18286082.00
2022-08-15,16.50,103850059,1713525973.50,1.71,-0.48,14244450.00
2022-08-16,16.41,103850059,1704179468.19,1.70,-0.55,11695407.00
2022-08-17,16.28,103850059,1690678960.52,1.69,-0.79,12888876.00
2022-08-18,16.85,103850059,1749873494.15,1.75,3.50,11976980.00
2022-08-19,16.52,103850059,1715602974.68,1.72,-1.96,25493664.00
2022-08-22,16.38,103850059,1701063966.42,1.70,-0.85,7962318.00
2022-08-23,16.38,103850059,1701063966.42,1.70,0.00,6761664.00
2022-08-24,16.78,103850059,1742603990.02,1.74,2.44,10264326.00
2022-08-25,17.43,103850059,1810106528.37,1.81,3.87,9480177.00
2022-08-26,16.58,103850059,1721833978.22,1.72,-4.88,9341172.00
2022-08-29,16.52,103850059,1715602974.68,1.72,-0.36,8413636.00
2022-08-30,15.79,103850059,1639792431.61,1.64,-4.42,10997735.00
2022-08-31,15.73,103850059,1633561428.07,1.63,-0.38,12816804.00
2022-09-01,15.28,103850059,1586828901.52,1.59,-2.86,9524024.00
2022-09-02,15.12,103850059,1570212892.08,1.57,-1.05,7082208.00
2022-09-06,14.93,103850059,1550481380.87,1.55,-1.26,10492804.00
2022-09-07,15.06,103850059,1563981888.54,1.56,0.87,9585690.00
2022-09-08,15.14,103850059,1572289893.26,1.57,0.53,5574548.00
2022-09-09,15.47,103850059,1606560412.73,1.61,2.18,7028021.00
2022-09-12,15.79,103850059,1639792431.61,1.64,2.07,8902402.00
2022-09-13,15.23,103850059,1581636398.57,1.58,-3.55,6649418.00
2022-09-14,15.36,103850059,1595136906.24,1.60,0.85,7703040.00
2022-09-15,14.68,103850059,1524518866.12,1.52,-4.43,6244872.00
2022-09-16,14.44,103850059,1499594851.96,1.50,-1.63,11349840.00
2022-09-19,14.57,103850059,1513095359.63,1.51,0.90,6167481.00
2022-09-20,14.39,103850059,1494402349.01,1.49,-1.24,5649514.00
2022-09-21,14.36,103850059,1491286847.24,1.49,-0.21,5502752.00
2022-09-22,14.00,103850059,1453900826.00,1.45,-2.51,6060600.00
2022-09-23,13.47,103850059,1398860294.73,1.40,-3.79,7280535.00
2022-09-26,13.21,103850059,1371859279.39,1.37,-1.93,5801832.00
2022-09-27,13.31,103850059,1382244285.29,1.38,0.76,6183826.00
2022-09-28,13.65,103850059,1417553305.35,1.42,2.55,7421505.00
2022-09-29,13.33,103850059,1384321286.47,1.38,-2.34,6162459.00
2022-09-30,13.18,103850059,1368743777.62,1.37,-1.13,8357438.00
2022-10-03,13.67,103850059,1419630306.53,1.42,3.72,6668226.00
2022-10-04,14.26,103850059,1480901841.34,1.48,4.32,6489726.00
2022-10-05,14.22,103850059,1476747838.98,1.48,-0.28,6505650.00
2022-10-06,14.28,103850059,1482978842.52,1.48,0.42,6950076.00
2022-10-07,13.79,103850059,1432092313.61,1.43,-3.43,8815947.00
2022-10-10,13.58,103850059,1410283801.22,1.41,-1.52,4499054.00
2022-10-11,13.20,103850059,1370820778.80,1.37,-2.80,10756680.00
2022-10-12,12.65,103850059,1313703246.35,1.31,-4.17,11788535.00
2022-10-13,12.89,103850059,1338627260.51,1.34,1.90,13555124.00
2022-10-14,12.69,103850059,1317857248.71,1.32,-1.55,7884297.00
2022-10-17,13.39,103850059,1390552290.01,1.39,5.52,6725797.00
2022-10-18,13.81,103850059,1434169314.79,1.43,3.14,7094197.00
2022-10-19,13.83,103850059,1436246315.97,1.44,0.14,5841792.00
2022-10-20,14.09,103850059,1463247331.31,1.46,1.88,6454629.00
2022-10-21,14.64,103850059,1520364863.76,1.52,3.90,5080080.00
2022-10-24,14.90,103850059,1547365879.10,1.55,1.78,5061530.00
2022-10-25,15.28,103850059,1586828901.52,1.59,2.55,5907248.00
2022-10-26,15.20,103850059,1578520896.80,1.58,-0.52,9451360.00
2022-10-27,14.94,103850059,1551519881.46,1.55,-1.71,7759836.00
2022-10-28,15.35,103850059,1594098405.65,1.59,2.74,6304245.00
2022-10-31,15.31,103850059,1589944403.29,1.59,-0.26,8357729.00
2022-11-01,15.36,103850059,1595136906.24,1.60,0.33,8025600.00
2022-11-02,15.00,103850059,1557750885.00,1.56,-2.34,6382500.00
2022-11-03,12.73,103850059,1322011251.07,1.32,-15.13,18244636.00
2022-11-04,13.93,103850059,1446631321.87,1.45,9.43,9681350.00
2022-11-07,13.83,103850059,1436246315.97,1.44,-0.72,7683948.00
2022-11-08,14.21,103850059,1475709338.39,1.48,2.75,6309240.00
2022-11-09,13.67,103850059,1419630306.53,1.42,-3.80,6772118.00
2022-11-10,14.82,103850059,1539057874.38,1.54,8.41,9889386.00
2022-11-11,15.21,103850059,1579559397.39,1.58,2.63,10157238.00
2022-11-14,15.04,103850059,1561904887.36,1.56,-1.12,7623776.00
2022-11-15,15.23,103850059,1581636398.57,1.58,1.26,6602205.00
2022-11-16,15.13,103850059,1571251392.67,1.57,-0.66,5486138.00
2022-11-17,15.18,103850059,1576443895.62,1.58,0.33,4418898.00
2022-11-18,15.41,103850059,1600329409.19,1.60,1.52,5994490.00
2022-11-21,15.21,103850059,1579559397.39,1.58,-1.30,4339413.00
2022-11-22,15.51,103850059,1610714415.09,1.61,1.97,3998478.00
2022-11-23,15.67,103850059,1627330424.53,1.63,1.03,6463875.00
2022-11-25,15.69,103850059,1629407425.71,1.63,0.13,3036015.00
2022-11-28,15.31,103850059,1589944403.29,1.59,-2.42,9080361.00
2022-11-29,15.14,103850059,1572289893.26,1.57,-1.11,3963652.00
2022-11-30,16.07,103850059,1668870448.13,1.67,6.14,11589684.00
2022-12-01,16.05,103850059,1666793446.95,1.67,-0.12,5532435.00
2022-12-02,16.02,103850059,1663677945.18,1.66,-0.19,6307074.00
2022-12-05,15.43,103850059,1602406410.37,1.60,-3.68,5852599.00
2022-12-06,15.40,103850059,1599290908.60,1.60,-0.19,6483400.00
2022-12-07,15.65,103850059,1625253423.35,1.63,1.62,6702895.00
2022-12-08,16.03,103850059,1664716445.77,1.66,2.43,6780690.00
2022-12-09,16.09,103850059,1670947449.31,1.67,0.37,8888116.00
2022-12-12,16.25,103850059,1687563458.75,1.69,0.99,6636500.00
2022-12-13,16.22,103850059,1684447956.98,1.68,-0.18,21862938.00
2022-12-14,15.82,103850059,1642907933.38,1.64,-2.47,7648970.00
2022-12-15,14.99,103850059,1556712384.41,1.56,-5.25,6694534.00
2022-12-16,15.62,103850059,1622137921.58,1.62,4.20,36336806.00
2022-12-19,14.97,103850059,1554635383.23,1.55,-4.16,7868232.00
2022-12-20,15.13,103850059,1571251392.67,1.57,1.07,9982774.00
2022-12-21,15.40,103850059,1599290908.60,1.60,1.78,5248320.00
2022-12-22,14.97,103850059,1554635383.23,1.55,-2.79,4622736.00
2022-12-23,14.96,103850059,1553596882.64,1.55,-0.07,2983024.00
2022-12-27,14.98,103850059,1555673883.82,1.56,0.13,4351690.00
2022-12-28,14.51,103850059,1506864356.09,1.51,-3.14,2925216.00
2022-12-29,15.22,103850059,1580597897.98,1.58,4.89,4940412.00
2022-12-30,15.08,103850059,1566058889.72,1.57,-0.92,7613892.00
2023-01-03,15.12,103850059,1570212892.08,1.57,0.27,5973912.00
2023-01-04,15.02,103850059,1559827886.18,1.56,-0.66,7700754.00
2023-01-05,15.07,103850059,1565020389.13,1.57,0.33,6588604.00
2023-01-06,15.86,103850059,1647061935.74,1.65,5.24,6527976.00
2023-01-09,16.08,103850059,1669908948.72,1.67,1.39,6338736.00
2023-01-10,16.25,103850059,1687563458.75,1.69,1.06,4966000.00
2023-01-11,16.47,103850059,1710410471.73,1.71,1.35,4273965.00
2023-01-12,16.88,103850059,1752988995.92,1.75,2.49,6167952.00
2023-01-13,17.30,103850059,1796606020.70,1.80,2.49,7025530.00
2023-01-17,17.03,103850059,1768566504.77,1.77,-1.56,5427461.00
2023-01-18,16.84,103850059,1748834993.56,1.75,-1.12,3937192.00
2023-01-19,16.70,103850059,1734295985.30,1.73,-0.83,6225760.00
2023-01-20,17.14,103850059,1779990011.26,1.78,2.63,6369224.00
2023-01-23,17.14,103850059,1779990011.26,1.78,0.00,4946604.00
2023-01-24,16.86,103850059,1750911994.74,1.75,-1.63,4884342.00
2023-01-25,16.73,103850059,1737411487.07,1.74,-0.77,9695035.00
2023-01-26,15.55,103850059,1614868417.45,1.61,-7.05,11410590.00
2023-01-27,15.39,103850059,1598252408.01,1.60,-1.03,6502275.00
2023-01-30,15.27,103850059,1585790400.93,1.59,-0.78,4619175.00
2023-01-31,15.72,103850059,1632522927.48,1.63,2.95,9208776.00
2023-02-01,16.12,103850059,1674062951.08,1.67,2.54,7797244.00
2023-02-02,16.42,103850059,1705217968.78,1.71,1.86,9978434.00
2023-02-03,16.39,103850059,1702102467.01,1.70,-0.18,7721329.00
2023-02-06,15.96,103850059,1657446941.64,1.66,-2.62,5799864.00
2023-02-07,16.03,103850059,1664716445.77,1.66,0.44,7048391.00
2023-02-08,15.80,103850059,1640830932.20,1.64,-1.43,5294580.00
2023-02-09,13.59,103850059,1411322301.81,1.41,-13.99,24906393.00
2023-02-10,14.02,103850059,1455977827.18,1.46,3.16,9192914.00
2023-02-13,14.00,103850059,1453900826.00,1.45,-0.14,7625800.00
2023-02-14,13.95,103850059,1448708323.05,1.45,-0.36,7044750.00
2023-02-15,14.22,103850059,1476747838.98,1.48,1.94,5497452.00
2023-02-16,14.22,103850059,1476747838.98,1.48,0.00,6663492.00
2023-02-17,14.29,103850059,1484017343.11,1.48,0.49,6229011.00
2023-02-21,13.69,103850059,1421707307.71,1.42,-4.20,6616377.00
2023-02-22,13.73,103850059,1425861310.07,1.43,0.29,8475529.00
2023-02-23,13.54,103850059,1406129798.86,1.41,-1.38,7960166.00
2023-02-24,13.43,103850059,1394706292.37,1.39,-0.81,4374151.00
2023-02-27,13.42,103850059,1393667791.78,1.39,-0.07,3836778.00
2023-02-28,13.29,103850059,1380167284.11,1.38,-0.97,9434571.00
2023-03-01,13.51,103850059,1403014297.09,1.40,1.66,5706624.00
2023-03-02,13.52,103850059,1404052797.68,1.40,0.07,4565704.00
2023-03-03,13.55,103850059,1407168299.45,1.41,0.22,4835995.00
2023-03-06,13.34,103850059,1385359787.06,1.39,-1.55,6155076.00
2023-03-07,13.30,103850059,1381205784.70,1.38,-0.30,8042510.00
2023-03-08,13.27,103850059,1378090282.93,1.38,-0.23,8794029.00
2023-03-09,13.31,103850059,1382244285.29,1.38,0.30,6163861.00
2023-03-10,12.91,103850059,1340704261.69,1.34,-3.01,5766897.00
2023-03-13,12.48,103850059,1296048736.32,1.30,-3.33,5820672.00
2023-03-14,12.67,103850059,1315780247.53,1.32,1.52,4480112.00
2023-03-15,12.30,103850059,1277355725.70,1.28,-2.92,6252090.00
2023-03-16,12.46,103850059,1293971735.14,1.29,1.30,5894826.00
2023-03-17,12.17,103850059,1263855218.03,1.26,-2.33,22574133.00
2023-03-20,12.55,103850059,1303318240.45,1.30,3.12,7709465.00
2023-03-21,12.81,103850059,1330319255.79,1.33,2.07,7905051.00
2023-03-22,12.52,103850059,1300202738.68,1.30,-2.26,6506644.00
2023-03-23,12.49,103850059,1297087236.91,1.30,-0.24,5501845.00
2023-03-24,12.60,103850059,1308510743.40,1.31,0.88,5038740.00
2023-03-27,12.70,103850059,1318895749.30,1.32,0.79,3780790.00
2023-03-28,12.74,103850059,1323049751.66,1.32,0.31,4516330.00
2023-03-29,13.03,103850059,1353166268.77,1.35,2.28,4537046.00
2023-03-30,13.13,103850059,1363551274.67,1.36,0.77,3136757.00
2023-03-31,13.49,103850059,1400937295.91,1.40,2.74,10104010.00
2023-04-03,13.27,103850059,1378090282.93,1.38,-1.63,5203167.00
2023-04-04,12.94,103850059,1343819763.46,1.34,-2.49,4987076.00
2023-04-05,12.72,103850059,1320972750.48,1.32,-1.70,4028424.00
2023-04-06,12.65,103850059,1313703246.35,1.31,-0.55,5324385.00
2023-04-10,12.63,103850059,1311626245.17,1.31,-0.16,4876443.00
2023-04-11,12.56,103850059,1304356741.04,1.30,-0.55,5580408.00
2023-04-12,12.46,103850059,1293971735.14,1.29,-0.80,4631382.00
2023-04-13,12.62,103850059,1310587744.58,1.31,1.28,6121962.00
2023-04-14,12.53,103850059,1301241239.27,1.30,-0.71,3985793.00
2023-04-17,12.67,103850059,1315780247.53,1.32,1.12,5994177.00
2023-04-18,12.64,103850059,1312664745.76,1.31,-0.24,5023136.00
2023-04-19,12.69,103850059,1317857248.71,1.32,0.40,6412257.00
2023-04-20,12.56,103850059,1304356741.04,1.30,-1.02,5368144.00
2023-04-21,12.28,103850059,1275278724.52,1.28,-2.23,4107660.00
2023-04-24,12.25,103850059,1272163222.75,1.27,-0.24,3894275.00
2023-04-25,11.59,103850059,1203622183.81,1.20,-5.39,4837666.00
2023-04-26,11.62,103850059,1206737685.58,1.21,0.26,4822300.00
2023-04-27,11.60,103850059,1204660684.40,1.20,-0.17,4014760.00
2023-04-28,11.81,103850059,1226469196.79,1.23,1.81,7062380.00
2023-05-01,11.84,103850059,1229584698.56,1.23,0.25,4725344.00
2023-05-02,11.62,103850059,1206737685.58,1.21,-1.86,5026812.00
2023-05-03,11.42,103850059,1185967673.78,1.19,-1.72,9455760.00
2023-05-04,11.50,103850059,1194275678.50,1.19,0.70,12153200.00
2023-05-05,11.65,103850059,1209853187.35,1.21,1.30,6324785.00
2023-05-08,11.47,103850059,1191160176.73,1.19,-1.55,6418612.00
2023-05-09,11.54,103850059,1198429680.86,1.20,0.61,5683450.00
2023-05-10,11.68,103850059,1212968689.12,1.21,1.21,7331536.00
2023-05-11,12.03,103850059,1249316209.77,1.25,3.00,8423406.00
2023-05-12,12.11,103850059,1257624214.49,1.26,0.67,6203953.00
2023-05-15,12.66,103850059,1314741746.94,1.31,4.54,11450970.00
2023-05-16,12.65,103850059,1313703246.35,1.31,-0.08,8675370.00
2023-05-17,12.93,103850059,1342781262.87,1.34,2.21,6391299.00
2023-05-18,13.12,103850059,1362512774.08,1.36,1.47,4801920.00
2023-05-19,13.01,103850059,1351089267.59,1.35,-0.84,5427772.00
2023-05-22,13.29,103850059,1380167284.11,1.38,2.15,6775242.00
2023-05-23,13.36,103850059,1387436788.24,1.39,0.53,7779528.00
2023-05-24,13.17,103850059,1367705277.03,1.37,-1.42,7073607.00
2023-05-25,13.60,103850059,1412360802.40,1.41,3.26,7599680.00
2023-05-26,14.01,103850059,1454939326.59,1.45,3.01,7875021.00
2023-05-30,13.73,103850059,1425861310.07,1.43,-2.00,9738689.00
2023-05-31,13.70,103850059,1422745808.30,1.42,-0.22,41642520.00
2023-06-01,13.40,103850059,1391590790.60,1.39,-2.19,11850960.00
2023-06-02,13.74,103850059,1426899810.66,1.43,2.54,7473186.00
2023-06-05,13.14,103850059,1364589775.26,1.36,-4.37,6195510.00
2023-06-06,13.75,103850059,1427938311.25,1.43,4.64,8475500.00
2023-06-07,14.36,103850059,1491286847.24,1.49,4.44,8959204.00
2023-06-08,13.99,103850059,1452862325.41,1.45,-2.58,5818441.00
2023-06-09,13.86,103850059,1439361817.74,1.44,-0.93,4862088.00
2023-06-12,14.07,103850059,1461170330.13,1.46,1.52,6089496.00
2023-06-13,13.89,103850059,1442477319.51,1.44,-1.28,7193631.00
2023-06-14,13.68,103850059,1420668807.12,1.42,-1.51,9685440.00
2023-06-15,13.68,103850059,1420668807.12,1.42,0.00,9154656.00
2023-06-16,13.66,103850059,1418591805.94,1.42,-0.15,20668946.00
2023-06-20,13.75,103850059,1427938311.25,1.43,0.66,8292625.00
2023-06-21,13.74,103850059,1426899810.66,1.43,-0.07,8197284.00
2023-06-22,13.89,103850059,1442477319.51,1.44,1.09,7993695.00
2023-06-23,13.38,103850059,1389513789.42,1.39,-3.67,19619094.00
2023-06-26,13.23,103850059,1373936280.57,1.37,-1.12,5975991.00
2023-06-27,13.47,103850059,1398860294.73,1.40,1.81,5056638.00
2023-06-28,13.39,103850059,1390552290.01,1.39,-0.59,4853875.00
2023-06-29,13.83,103850059,1436246315.97,1.44,3.29,5433807.00
2023-06-30,13.90,103850059,1443515820.10,1.44,0.51,8252430.00
2023-07-03,13.87,103850059,1440400318.33,1.44,-0.22,1871063.00
2023-07-05,13.77,103850059,1430015312.43,1.43,-0.72,5275287.00
2023-07-06,13.59,103850059,1411322301.81,1.41,-1.31,4157181.00
2023-07-07,13.56,103850059,1408206800.04,1.41,-0.22,6099288.00
2023-07-10,13.66,103850059,1418591805.94,1.42,0.74,6315018.00
2023-07-11,13.53,103850059,1405091298.27,1.41,-0.95,3820872.00
2023-07-12,13.90,103850059,1443515820.10,1.44,2.73,10468090.00
2023-07-13,14.04,103850059,1458054828.36,1.46,1.01,4825548.00
2023-07-14,13.88,103850059,1441438818.92,1.44,-1.14,5422916.00
2023-07-17,14.01,103850059,1454939326.59,1.45,0.94,4078311.00
2023-07-18,14.21,103850059,1475709338.39,1.48,1.43,4426415.00
2023-07-19,14.23,103850059,1477786339.57,1.48,0.14,4722937.00
2023-07-20,13.97,103850059,1450785324.23,1.45,-1.83,3700653.00
2023-07-21,13.84,103850059,1437284816.56,1.44,-0.93,6406536.00
2023-07-24,14.06,103850059,1460131829.54,1.46,1.59,4666514.00
2023-07-25,14.24,103850059,1478824840.16,1.48,1.28,6516224.00
2023-07-26,14.04,103850059,1458054828.36,1.46,-1.40,6032988.00
2023-07-27,14.02,103850059,1455977827.18,1.46,-0.14,6109916.00
2023-07-28,14.05,103850059,1459093328.95,1.46,0.21,3675480.00
2023-07-31,14.36,103850059,1491286847.24,1.49,2.21,6706120.00
2023-08-01,14.37,103850059,1492325347.83,1.49,0.07,9613530.00
2023-08-02,14.66,103850059,1522441864.94,1.52,2.02,17687290.00
2023-08-03,14.70,103850059,1526595867.30,1.53,0.27,17495940.00
2023-08-04,15.05,103850059,1562943387.95,1.56,2.38,13988975.00
2023-08-07,14.97,103850059,1554635383.23,1.55,-0.53,10164630.00
2023-08-08,15.00,103850059,1557750885.00,1.56,0.20,22029000.00
2023-08-09,14.71,103850059,1527634367.89,1.53,-1.93,8542097.00
2023-08-10,14.40,103850059,1495440849.60,1.50,-2.11,11947680.00
2023-08-11,14.49,103850059,1504787354.91,1.50,0.63,5323626.00
2023-08-14,14.57,103850059,1513095359.63,1.51,0.55,7867800.00
2023-08-15,14.29,103850059,1484017343.11,1.48,-1.92,5561668.00
2023-08-16,14.24,103850059,1478824840.16,1.48,-0.35,10301216.00
2023-08-17,14.48,103850059,1503748854.32,1.50,1.69,8495416.00
2023-08-18,14.57,103850059,1513095359.63,1.51,0.62,10295162.00
2023-08-21,14.68,103850059,1524518866.12,1.52,0.75,16810068.00
2023-08-22,14.72,103850059,1528672868.48,1.53,0.27,12971264.00
2023-08-23,14.85,103850059,1542173376.15,1.54,0.88,15920685.00
2023-08-24,14.70,103850059,1526595867.30,1.53,-1.01,11014710.00
2023-08-25,14.77,103850059,1533865371.43,1.53,0.48,7120617.00
2023-08-28,14.99,103850059,1556712384.41,1.56,1.49,10827277.00
2023-08-29,14.83,103850059,1540096374.97,1.54,-1.07,11594094.00
2023-08-30,14.88,103850059,1545288877.92,1.55,0.34,9137808.00
2023-08-31,14.90,103850059,1547365879.10,1.55,0.13,15028140.00
2023-09-01,14.87,103850059,1544250377.33,1.54,-0.20,12768869.00
2023-09-05,13.88,103850059,1441438818.92,1.44,-6.66,15592792.00
2023-09-06,13.71,103850059,1423784308.89,1.42,-1.22,7255332.00
2023-09-07,13.55,103850059,1407168299.45,1.41,-1.17,8934870.00
2023-09-08,12.91,103850059,1340704261.69,1.34,-4.72,13563246.00
2023-09-11,12.77,103850059,1326165253.43,1.33,-1.08,12012739.00
2023-09-12,12.97,103850059,1346935265.23,1.35,1.57,9841636.00
2023-09-13,12.95,103850059,1344858264.05,1.34,-0.15,10977715.00
2023-09-14,13.29,103850059,1380167284.11,1.38,2.63,16370622.00
2023-09-15,12.99,103850059,1349012266.41,1.35,-2.26,67063473.00
2023-09-18,13.04,103850059,1354204769.36,1.35,0.38,11069656.00
2023-09-19,13.00,103850059,1350050767.00,1.35,-0.31,6852300.00
2023-09-20,12.82,103850059,1331357756.38,1.33,-1.38,5090822.00
2023-09-21,12.60,103850059,1308510743.40,1.31,-1.72,6339060.00
2023-09-22,12.56,103850059,1304356741.04,1.30,-0.32,4841880.00
2023-09-25,12.55,103850059,1303318240.45,1.30,-0.08,6807120.00
2023-09-26,12.35,103850059,1282548228.65,1.28,-1.59,6549205.00
2023-09-27,12.64,103850059,1312664745.76,1.31,2.35,6470416.00
2023-09-28,12.92,103850059,1341742762.28,1.34,2.22,9326948.00
2023-09-29,12.88,103850059,1337588759.92,1.34,-0.31,7363496.00
2023-10-02,12.93,103850059,1342781262.87,1.34,0.39,9649659.00
2023-10-03,12.68,103850059,1316818748.12,1.32,-1.93,7604196.00
2023-10-04,12.90,103850059,1339665761.10,1.34,1.74,7189170.00
2023-10-05,12.87,103850059,1336550259.33,1.34,-0.23,6984549.00
2023-10-06,12.93,103850059,1342781262.87,1.34,0.47,5084076.00
2023-10-09,12.83,103850059,1332396256.97,1.33,-0.77,5491240.00
2023-10-10,12.83,103850059,1332396256.97,1.33,0.00,5805575.00
2023-10-11,12.79,103850059,1328242254.61,1.33,-0.31,3787119.00
2023-10-12,12.69,103850059,1317857248.71,1.32,-0.78,5952879.00
2023-10-13,12.46,103850059,1293971735.14,1.29,-1.81,4165378.00
2023-10-16,12.77,103850059,1326165253.43,1.33,2.49,4778534.00
2023-10-17,12.74,103850059,1323049751.66,1.32,-0.23,9121840.00
2023-10-18,12.28,103850059,1275278724.52,1.28,-3.61,11203044.00
2023-10-19,12.19,103850059,1265932219.21,1.27,-0.73,7962508.00
2023-10-20,12.05,103850059,1251393210.95,1.25,-1.15,8477175.00
2023-10-23,11.83,103850059,1228546197.97,1.23,-1.83,6879145.00
2023-10-24,11.90,103850059,1235815702.10,1.24,0.59,5534690.00
2023-10-25,11.21,103850059,1164159161.39,1.16,-5.80,18604116.00
2023-10-26,11.36,103850059,1179736670.24,1.18,1.34,12040464.00
2023-10-27,11.52,103850059,1196352679.68,1.20,1.41,6948864.00
2023-10-30,11.57,103850059,1201545182.63,1.20,0.43,5343026.00
2023-10-31,11.49,103850059,1193237177.91,1.19,-0.69,13330698.00
2023-11-01,12.92,103850059,1341742762.28,1.34,12.45,17836060.00
2023-11-02,14.02,103850059,1455977827.18,1.46,8.51,24425644.00
2023-11-03,14.64,103850059,1520364863.76,1.52,4.42,15172896.00
2023-11-06,14.17,103850059,1471555336.03,1.47,-3.21,17623229.00
2023-11-07,14.04,103850059,1458054828.36,1.46,-0.92,12707604.00
2023-11-08,14.06,103850059,1460131829.54,1.46,0.14,7179036.00
2023-11-09,13.81,103850059,1434169314.79,1.43,-1.78,6265597.00
2023-11-10,14.24,103850059,1478824840.16,1.48,3.11,8730544.00
2023-11-13,14.00,103850059,1453900826.00,1.45,-1.69,6876800.00
2023-11-14,14.62,103850059,1518287862.58,1.52,4.43,7424036.00
2023-11-15,14.58,103850059,1514133860.22,1.51,-0.27,11879784.00
2023-11-16,14.38,103850059,1493363848.42,1.49,-1.37,7602706.00
2023-11-17,14.46,103850059,1501671853.14,1.50,0.56,8164116.00
2023-11-20,14.40,103850059,1495440849.60,1.50,-0.41,7057440.00
2023-11-21,14.13,103850059,1467401333.67,1.47,-1.87,4660074.00
2023-11-22,14.44,103850059,1499594851.96,1.50,2.19,8603352.00
2023-11-24,14.46,103850059,1501671853.14,1.50,0.14,1607952.00
2023-11-27,14.62,103850059,1518287862.58,1.52,1.11,6403560.00
2023-11-28,14.57,103850059,1513095359.63,1.51,-0.34,4481732.00
2023-11-29,14.68,103850059,1524518866.12,1.52,0.75,8305944.00
2023-11-30,15.01,103850059,1558789385.59,1.56,2.25,12347226.00
2023-12-01,14.98,103850059,1555673883.82,1.56,-0.20,15724506.00
2023-12-04,14.81,103850059,1538019373.79,1.54,-1.13,7662694.00
2023-12-05,14.48,103850059,1503748854.32,1.50,-2.23,5212800.00
2023-12-06,14.35,103850059,1490248346.65,1.49,-0.90,5606545.00
2023-12-07,14.48,103850059,1503748854.32,1.50,0.91,11365352.00
2023-12-08,14.87,103850059,1544250377.33,1.54,2.69,8667723.00
2023-12-11,14.97,103850059,1554635383.23,1.55,0.67,7633203.00
2023-12-12,14.94,103850059,1551519881.46,1.55,-0.20,6128388.00
2023-12-13,15.13,103850059,1571251392.67,1.57,1.27,9342775.00
2023-12-14,15.70,103850059,1630445926.30,1.63,3.77,12589830.00
2023-12-15,15.60,103850059,1620060920.40,1.62,-0.64,37191960.00
2023-12-18,15.51,103850059,1610714415.09,1.61,-0.58,7125294.00
2023-12-19,15.79,103850059,1639792431.61,1.64,1.81,9810327.00
2023-12-20,15.55,103850059,1614868417.45,1.61,-1.52,9123185.00
2023-12-21,15.70,103850059,1630445926.30,1.63,0.96,9839190.00
2023-12-22,15.79,103850059,1639792431.61,1.64,0.57,7528672.00
2023-12-26,16.00,103850059,1661600944.00,1.66,1.33,6897600.00
2023-12-27,16.07,103850059,1668870448.13,1.67,0.44,6151596.00
2023-12-28,16.03,103850059,1664716445.77,1.66,-0.25,5535159.00
2023-12-29,15.81,103850059,1641869432.79,1.64,-1.37,6847311.00
2024-01-02,15.56,103850059,1615906918.04,1.62,-1.58,4611984.00
2024-01-03,15.01,103850059,1558789385.59,1.56,-3.53,6347729.00
2024-01-04,14.90,103850059,1547365879.10,1.55,-0.73,6667750.00
2024-01-05,14.72,103850059,1528672868.48,1.53,-1.21,6152960.00
2024-01-08,15.11,103850059,1569174391.49,1.57,2.65,6471613.00
2024-01-09,14.78,103850059,1534903872.02,1.53,-2.18,5421304.00
2024-01-10,14.79,103850059,1535942372.61,1.54,0.07,5495964.00
2024-01-11,14.76,103850059,1532826870.84,1.53,-0.20,5874480.00
2024-01-12,14.84,103850059,1541134875.56,1.54,0.54,3772328.00
2024-01-16,14.59,103850059,1515172360.81,1.52,-1.68,6218258.00
2024-01-17,14.21,103850059,1475709338.39,1.48,-2.60,6349028.00
2024-01-18,14.31,103850059,1486094344.29,1.49,0.70,15951357.00
2024-01-19,14.51,103850059,1506864356.09,1.51,1.40,12054908.00
2024-01-22,14.68,103850059,1524518866.12,1.52,1.17,18339724.00
2024-01-23,14.71,103850059,1527634367.89,1.53,0.20,15492572.00
2024-01-24,14.51,103850059,1506864356.09,1.51,-1.36,10164255.00
2024-01-25,14.54,103850059,1509979857.86,1.51,0.21,11399360.00
2024-01-26,14.27,103850059,1481940341.93,1.48,-1.86,5944882.00
2024-01-29,14.27,103850059,1481940341.93,1.48,0.00,8656182.00
2024-01-30,14.30,103850059,1485055843.70,1.49,0.21,6067490.00
2024-01-31,13.91,103850059,1444554320.69,1.44,-2.73,10660624.00
2024-02-01,14.32,103850059,1487132844.88,1.49,2.95,12842176.00
2024-02-02,14.15,103850059,1469478334.85,1.47,-1.19,8550845.00
2024-02-05,14.16,103850059,1470516835.44,1.47,0.07,10389192.00
2024-02-06,14.48,103850059,1503748854.32,1.50,2.26,15121464.00
2024-02-07,14.46,103850059,1501671853.14,1.50,-0.14,24298584.00
2024-02-08,15.22,103850059,1580597897.98,1.58,5.26,23268336.00
2024-02-09,16.12,103850059,1674062951.08,1.67,5.91,22389068.00
2024-02-12,16.30,103850059,1692755961.70,1.69,1.12,26883590.00
2024-02-13,14.91,103850059,1548404379.69,1.55,-8.53,22409730.00
2024-02-14,15.25,103850059,1583713399.75,1.58,2.28,17938575.00
2024-02-15,15.74,103850059,1634599928.66,1.63,3.21,16901612.00
2024-02-16,15.65,103850059,1625253423.35,1.63,-0.57,9688915.00
2024-02-20,15.61,103850059,1621099420.99,1.62,-0.26,11557644.00
2024-02-21,15.32,103850059,1590982903.88,1.59,-1.86,7459308.00
2024-02-22,15.57,103850059,1616945418.63,1.62,1.63,8846874.00
2024-02-23,15.43,103850059,1602406410.37,1.60,-0.90,7877015.00
2024-02-26,15.19,103850059,1577482396.21,1.58,-1.56,8813238.00
2024-02-27,15.07,103850059,1565020389.13,1.57,-0.79,7474720.00
2024-02-28,14.76,103850059,1532826870.84,1.53,-2.06,7331292.00
2024-02-29,14.85,103850059,1542173376.15,1.54,0.61,12319560.00
2024-03-01,15.08,103850059,1566058889.72,1.57,1.55,8619728.00
2024-03-04,15.13,103850059,1571251392.67,1.57,0.33,5596587.00
2024-03-05,14.98,103850059,1555673883.82,1.56,-0.99,5533612.00
2024-03-06,14.86,103850059,1543211876.74,1.54,-0.80,7263568.00
2024-03-07,14.95,103850059,1552558382.05,1.55,0.61,5879835.00
2024-03-08,15.02,103850059,1559827886.18,1.56,0.47,6218280.00
2024-03-11,14.71,103850059,1527634367.89,1.53,-2.06,8093442.00
2024-03-12,14.64,103850059,1520364863.76,1.52,-0.48,7929024.00
2024-03-13,14.50,103850059,1505825855.50,1.51,-0.96,5195350.00
2024-03-14,14.23,103850059,1477786339.57,1.48,-1.86,5697692.00
2024-03-15,14.08,103850059,1462208830.72,1.46,-1.05,28759808.00
2024-03-18,13.95,103850059,1448708323.05,1.45,-0.92,10537830.00
2024-03-19,13.98,103850059,1451823824.82,1.45,0.22,10807938.00
2024-03-20,14.16,103850059,1470516835.44,1.47,1.29,14242128.00
2024-03-21,14.97,103850059,1554635383.23,1.55,5.72,17444541.00
2024-03-22,14.65,103850059,1521403364.35,1.52,-2.14,5033740.00
2024-03-25,15.40,103850059,1599290908.60,1.60,5.12,12247620.00
2024-03-26,14.98,103850059,1555673883.82,1.56,-2.73,6881812.00
2024-03-27,15.53,103850059,1612791416.27,1.61,3.67,8247983.00
2024-03-28,15.65,103850059,1625253423.35,1.63,0.77,8311715.00
2024-04-01,15.22,103850059,1580597897.98,1.58,-2.75,6323910.00
2024-04-02,14.86,103850059,1543211876.74,1.54,-2.37,13971372.00
2024-04-03,14.82,103850059,1539057874.38,1.54,-0.27,13649220.00
2024-04-04,14.59,103850059,1515172360.81,1.52,-1.55,11930243.00
2024-04-05,14.60,103850059,1516210861.40,1.52,0.07,4435480.00
2024-04-08,14.65,103850059,1521403364.35,1.52,0.34,3798745.00
2024-04-09,14.69,103850059,1525557366.71,1.53,0.27,5295745.00
2024-04-10,14.14,103850059,1468439834.26,1.47,-3.74,6705188.00
2024-04-11,14.52,103850059,1507902856.68,1.51,2.69,6822948.00
2024-04-12,14.34,103850059,1489209846.06,1.49,-1.24,4657632.00
2024-04-15,14.27,103850059,1481940341.93,1.48,-0.49,5122930.00
2024-04-16,14.16,103850059,1470516835.44,1.47,-0.77,5450184.00
2024-04-17,14.11,103850059,1465324332.49,1.47,-0.35,5124752.00
2024-04-18,14.07,103850059,1461170330.13,1.46,-0.28,4976559.00
2024-04-19,14.05,103850059,1459093328.95,1.46,-0.14,9190105.00
2024-04-22,14.26,103850059,1480901841.34,1.48,1.49,5796690.00
2024-04-23,14.59,103850059,1515172360.81,1.52,2.31,7779388.00
2024-04-24,14.62,103850059,1518287862.58,1.52,0.21,4172548.00
2024-04-25,14.78,103850059,1534903872.02,1.53,1.09,6405652.00
2024-04-26,15.13,103850059,1571251392.67,1.57,2.37,6620888.00
2024-04-29,15.15,103850059,1573328393.85,1.57,0.13,6749325.00
2024-04-30,14.93,103850059,1550481380.87,1.55,-1.45,12696472.00
2024-05-01,14.77,103850059,1533865371.43,1.53,-1.07,16201213.00
2024-05-02,16.65,103850059,1729103482.35,1.73,12.73,25624350.00
2024-05-03,17.31,103850059,1797644521.29,1.80,3.96,19702242.00
2024-05-06,17.51,103850059,1818414533.09,1.82,1.16,17285872.00
2024-05-07,17.59,103850059,1826722537.81,1.83,0.46,13728995.00
2024-05-08,17.67,103850059,1835030542.53,1.84,0.45,17263590.00
2024-05-09,17.83,103850059,1851646551.97,1.85,0.91,13643516.00
2024-05-10,18.37,103850059,1907725583.83,1.91,3.03,19587931.00
2024-05-13,18.08,103850059,1877609066.72,1.88,-1.58,18051072.00
2024-05-14,18.09,103850059,1878647567.31,1.88,0.06,14452101.00
2024-05-15,18.39,103850059,1909802585.01,1.91,1.66,14772687.00
2024-05-16,18.53,103850059,1924341593.27,1.92,0.76,12515162.00
2024-05-17,18.30,103850059,1900456079.70,1.90,-1.24,6575190.00
2024-05-20,18.42,103850059,1912918086.78,1.91,0.66,12065100.00
2024-05-21,18.77,103850059,1949265607.43,1.95,1.90,9090311.00
2024-05-22,18.70,103850059,1941996103.30,1.94,-0.37,9778230.00
2024-05-23,18.58,103850059,1929534096.22,1.93,-0.64,9551978.00
2024-05-24,18.80,103850059,1952381109.20,1.95,1.18,8119720.00
2024-05-28,18.58,103850059,1929534096.22,1.93,-1.17,11257622.00
2024-05-29,18.31,103850059,1901494580.29,1.90,-1.45,6664840.00
2024-05-30,18.71,103850059,1943034603.89,1.94,2.18,7412902.00
2024-05-31,18.60,103850059,1931611097.40,1.93,-0.59,12960480.00
2024-06-03,18.68,103850059,1939919102.12,1.94,0.43,11142620.00
2024-06-04,18.50,103850059,1921226091.50,1.92,-0.96,11051900.00
2024-06-05,18.87,103850059,1959650613.33,1.96,2.00,7506486.00
2024-06-06,18.61,103850059,1932649597.99,1.93,-1.38,5529031.00
2024-06-07,18.51,103850059,1922264592.09,1.92,-0.54,8994009.00
2024-06-10,18.40,103850059,1910841085.60,1.91,-0.59,9422640.00
2024-06-11,18.30,103850059,1900456079.70,1.90,-0.54,8033700.00
2024-06-12,18.72,103850059,1944073104.48,1.94,2.30,6978816.00
2024-06-13,18.57,103850059,1928495595.63,1.93,-0.80,4948905.00
2024-06-14,18.06,103850059,1875532065.54,1.88,-2.75,7352226.00
2024-06-17,18.48,103850059,1919149090.32,1.92,2.33,11433576.00
2024-06-18,18.96,103850059,1968997118.64,1.97,2.60,10833744.00
2024-06-20,19.01,103850059,1974189621.59,1.97,0.26,13611160.00
2024-06-21,19.40,103850059,2014691144.60,2.01,2.05,44883840.00
2024-06-24,19.12,103850059,1985613128.08,1.99,-1.44,28704856.00
2024-06-25,19.77,103850059,2053115666.43,2.05,3.40,22660374.00
2024-06-26,19.57,103850059,2032345654.63,2.03,-1.01,28981213.00
2024-06-27,19.40,103850059,2014691144.60,2.01,-0.87,11081280.00
2024-06-28,19.43,103850059,2017806646.37,2.02,0.15,24697473.00
2024-07-01,19.06,103850059,1979382124.54,1.98,-1.90,10014124.00
2024-07-02,19.46,103850059,2020922148.14,2.02,2.10,11864762.00
2024-07-03,19.99,103850059,2075962679.41,2.08,2.72,9811092.00
2024-07-05,19.79,103850059,2055192667.61,2.06,-1.00,15837937.00
2024-07-08,19.88,103850059,2064539172.92,2.06,0.45,21730828.00
2024-07-09,19.95,103850059,2071808677.05,2.07,0.35,12482715.00
2024-07-10,20.44,103850059,2122695205.96,2.12,2.46,19045992.00
2024-07-11,20.99,103850059,2179812738.41,2.18,2.69,30609717.00
2024-07-12,20.96,103850059,2176697236.64,2.18,-0.14,18287600.00
2024-07-15,21.16,103850059,2197467248.44,2.20,0.95,21625520.00
2024-07-16,22.41,103850059,2327279822.19,2.33,5.91,41415921.00
2024-07-17,21.51,103850059,2233814769.09,2.23,-4.02,18672831.00
2024-07-18,21.32,103850059,2214083257.88,2.21,-0.88,22701536.00
2024-07-19,21.10,103850059,2191236244.90,2.19,-1.03,19834000.00
2024-07-22,21.77,103850059,2260815784.43,2.26,3.18,15493709.00
2024-07-23,21.84,103850059,2268085288.56,2.27,0.32,50081304.00
2024-07-24,21.60,103850059,2243161274.40,2.24,-1.10,33011280.00
2024-07-25,21.18,103850059,2199544249.62,2.20,-1.94,24191796.00
2024-07-26,21.64,103850059,2247315276.76,2.25,2.17,27632116.00
2024-07-29,21.50,103850059,2232776268.50,2.23,-0.65,17372000.00
2024-07-30,20.74,103850059,2153850223.66,2.15,-3.53,30744976.00
2024-07-31,19.38,103850059,2012614143.42,2.01,-6.56,49535280.00
2024-08-01,19.54,103850059,2029230152.86,2.03,0.83,33413400.00
2024-08-02,18.31,103850059,1901494580.29,1.90,-6.29,21008894.00
2024-08-05,17.78,103850059,1846454049.02,1.85,-2.89,31326582.00
2024-08-06,17.87,103850059,1855800554.33,1.86,0.51,23379321.00
2024-08-07,17.25,103850059,1791413517.75,1.79,-3.47,22764825.00
2024-08-08,17.74,103850059,1842300046.66,1.84,2.84,13216300.00
2024-08-09,18.04,103850059,1873455064.36,1.87,1.69,9940040.00
2024-08-12,18.02,103850059,1871378063.18,1.87,-0.11,8379300.00
2024-08-13,18.41,103850059,1911879586.19,1.91,2.16,9048515.00
2024-08-14,18.23,103850059,1893186575.57,1.89,-0.98,10256198.00
2024-08-15,18.74,103850059,1946150105.66,1.95,2.80,17966038.00
2024-08-16,18.86,103850059,1958612112.74,1.96,0.64,8834024.00
2024-08-19,19.47,103850059,2021960648.73,2.02,3.23,10796115.00
2024-08-20,19.16,103850059,1989767130.44,1.99,-1.59,9733280.00
2024-08-21,19.75,103850059,2051038665.25,2.05,3.08,7854575.00
2024-08-22,19.67,103850059,2042730660.53,2.04,-0.41,12516021.00
2024-08-23,20.49,103850059,2127887708.91,2.13,4.17,11150658.00
2024-08-26,20.16,103850059,2093617189.44,2.09,-1.61,13085856.00
2024-08-27,19.93,103850059,2069731675.87,2.07,-1.14,9157835.00
2024-08-28,19.51,103850059,2026114651.09,2.03,-2.11,7788392.00
2024-08-29,19.64,103850059,2039615158.76,2.04,0.67,9132600.00
2024-08-30,19.45,103850059,2019883647.55,2.02,-0.97,15363555.00
2024-09-03,18.12,103850059,1881763069.08,1.88,-6.84,15103020.00
2024-09-04,18.09,103850059,1878647567.31,1.88,-0.17,12315672.00
2024-09-05,17.85,103850059,1853723553.15,1.85,-1.33,11750655.00
2024-09-06,17.16,103850059,1782067012.44,1.78,-3.87,13269828.00
2024-09-09,17.00,103850059,1765451003.00,1.77,-0.93,20299700.00
2024-09-10,18.08,103850059,1877609066.72,1.88,6.35,48967872.00
2024-09-11,17.84,103850059,1852685052.56,1.85,-1.33,15854408.00
2024-09-12,18.05,103850059,1874493564.95,1.87,1.18,17044615.00
2024-09-13,18.26,103850059,1896302077.34,1.90,1.16,15663428.00
2024-09-16,18.21,103850059,1891109574.39,1.89,-0.27,11872920.00
2024-09-17,18.07,103850059,1876570566.13,1.88,-0.77,11942463.00
2024-09-18,17.82,103850059,1850608051.38,1.85,-1.38,15480234.00
2024-09-19,18.13,103850059,1882801569.67,1.88,1.74,12197864.00
2024-09-20,18.16,103850059,1885917071.44,1.89,0.17,36254624.00
2024-09-23,18.20,103850059,1890071073.80,1.89,0.22,10086440.00
2024-09-24,18.71,103850059,1943034603.89,1.94,2.80,19076716.00
2024-09-25,18.21,103850059,1891109574.39,1.89,-2.67,8802714.00
2024-09-26,18.71,103850059,1943034603.89,1.94,2.75,12038014.00
2024-09-27,18.58,103850059,1929534096.22,1.93,-0.69,17753190.00
2024-09-30,18.25,103850059,1895263576.75,1.90,-1.78,17808350.00
2024-10-01,18.24,103850059,1894225076.16,1.89,-0.05,11883360.00
2024-10-02,18.41,103850059,1911879586.19,1.91,0.93,11344242.00
2024-10-03,18.06,103850059,1875532065.54,1.88,-1.90,5835186.00
2024-10-04,18.35,103850059,1905648582.65,1.91,1.61,5991275.00
2024-10-07,18.42,103850059,1912918086.78,1.91,0.38,6916710.00
2024-10-08,18.45,103850059,1916033588.55,1.92,0.16,10005435.00
2024-10-09,18.64,103850059,1935765099.76,1.94,1.03,6171704.00
2024-10-10,18.55,103850059,1926418594.45,1.93,-0.48,8675835.00
2024-10-11,19.01,103850059,1974189621.59,1.97,2.48,6813184.00
2024-10-14,19.17,103850059,1990805631.03,1.99,0.84,5093469.00
2024-10-15,19.44,103850059,2018845146.96,2.02,1.41,16490952.00
2024-10-16,20.13,103850059,2090501687.67,2.09,3.55,21750465.00
2024-10-17,20.50,103850059,2128926209.50,2.13,1.84,18191700.00
2024-10-18,20.45,103850059,2123733706.55,2.12,-0.24,13566530.00
2024-10-21,19.25,103850059,1999113635.75,2.00,-5.87,13582800.00
2024-10-22,18.92,103850059,1964843116.28,1.96,-1.71,7223656.00
2024-10-23,18.57,103850059,1928495595.63,1.93,-1.85,8284077.00
2024-10-24,19.26,103850059,2000152136.34,2.00,3.72,14211954.00
2024-10-25,19.60,103850059,2035461156.40,2.04,1.77,19617640.00
2024-10-28,19.78,103850059,2054154167.02,2.05,0.92,13950834.00
2024-10-29,19.71,103850059,2046884662.89,2.05,-0.35,9653958.00
2024-10-30,19.72,103850059,2047923163.48,2.05,0.05,13900628.00
2024-10-31,22.44,103850059,2330395323.96,2.33,13.79,36711840.00
2024-11-01,22.09,103850059,2294047803.31,2.29,-1.56,31699150.00
2024-11-04,22.60,103850059,2347011333.40,2.35,2.31,17085600.00
2024-11-05,22.90,103850059,2378166351.10,2.38,1.33,18017720.00
2024-11-06,25.03,103850059,2599366976.77,2.60,9.30,28103684.00
2024-11-07,25.24,103850059,2621175489.16,2.62,0.84,18190468.00
2024-11-08,25.28,103850059,2625329491.52,2.63,0.16,19169824.00
2024-11-11,24.92,103850059,2587943470.28,2.59,-1.42,21917140.00
2024-11-12,25.16,103850059,2612867484.44,2.61,0.96,19919172.00
2024-11-13,24.25,103850059,2518363930.75,2.52,-3.62,10861575.00
2024-11-14,23.94,103850059,2486170412.46,2.49,-1.28,12501468.00
2024-11-15,23.27,103850059,2416590872.93,2.42,-2.80,11446513.00
2024-11-18,23.23,103850059,2412436870.57,2.41,-0.17,6485816.00
2024-11-19,23.35,103850059,2424898877.65,2.42,0.52,9272285.00
2024-11-20,23.30,103850059,2419706374.70,2.42,-0.21,16859880.00
2024-11-21,23.64,103850059,2455015394.76,2.46,1.46,18195708.00
2024-11-22,24.00,103850059,2492401416.00,2.49,1.52,12585600.00
2024-11-25,23.99,103850059,2491362915.41,2.49,-0.04,17037698.00
2024-11-26,24.23,103850059,2516286929.57,2.52,1.00,10474629.00
2024-11-27,24.14,103850059,2506940424.26,2.51,-0.37,7437534.00
2024-11-29,24.38,103850059,2531864438.42,2.53,0.99,5180750.00
2024-12-02,24.88,103850059,2583789467.92,2.58,2.05,14373176.00
2024-12-03,24.49,103850059,2543287944.91,2.54,-1.57,13393581.00
2024-12-04,24.63,103850059,2557826953.17,2.56,0.57,9837222.00
2024-12-05,24.80,103850059,2575481463.20,2.58,0.69,8955280.00
2024-12-06,24.63,103850059,2557826953.17,2.56,-0.69,9201768.00
2024-12-09,24.72,103850059,2567173458.48,2.57,0.37,17526480.00
2024-12-10,25.18,103850059,2614944485.62,2.61,1.86,18895072.00
2024-12-11,25.34,103850059,2631560495.06,2.63,0.64,13356714.00
2024-12-12,25.49,103850059,2647138003.91,2.65,0.59,26698226.00
2024-12-13,25.74,103850059,2673100518.66,2.67,0.98,11063052.00
2024-12-16,26.66,103850059,2768642572.94,2.77,3.57,20056318.00
2024-12-17,26.24,103850059,2725025548.16,2.73,-1.58,19942400.00
2024-12-18,24.96,103850059,2592097472.64,2.59,-4.88,20302464.00
2024-12-19,24.73,103850059,2568211959.07,2.57,-0.92,12503488.00
2024-12-20,24.81,103850059,2576519963.79,2.58,0.32,59080053.00
2024-12-23,24.95,103850059,2591058972.05,2.59,0.56,8991980.00
2024-12-24,25.34,103850059,2631560495.06,2.63,1.56,4839940.00
2024-12-26,25.64,103850059,2662715512.76,2.66,1.18,8204800.00
2024-12-27,25.04,103850059,2600405477.36,2.60,-2.34,7887600.00
2024-12-30,24.70,103850059,2565096457.30,2.57,-1.36,7323550.00
2024-12-31,24.75,103850059,2570288960.25,2.57,0.20,6714675.00
2025-01-02,24.58,103850059,2552634450.22,2.55,-0.69,8448146.00
2025-01-03,24.94,103850059,2590020471.46,2.59,1.46,10749140.00
2025-01-06,25.03,103850059,2599366976.77,2.60,0.36,9503891.00
2025-01-07,24.89,103850059,2584827968.51,2.58,-0.56,12651587.00
2025-01-08,24.92,103850059,2587943470.28,2.59,0.12,10882564.00
2025-01-10,24.68,103850059,2563019456.12,2.56,-0.96,8504728.00
2025-01-13,24.75,103850059,2570288960.25,2.57,0.28,14293125.00
2025-01-14,25.21,103850059,2618059987.39,2.62,1.86,12431051.00
2025-01-15,25.62,103850059,2660638511.58,2.66,1.63,20854680.00
2025-01-16,25.89,103850059,2688678027.51,2.69,1.05,24321066.00
2025-01-17,25.54,103850059,2652330506.86,2.65,-1.35,12701042.00
2025-01-21,25.81,103850059,2680370022.79,2.68,1.06,14267768.00
2025-01-22,26.67,103850059,2769681073.53,2.77,3.33,22325457.00
2025-01-23,25.81,103850059,2680370022.79,2.68,-3.22,15209833.00
2025-01-24,25.87,103850059,2686601026.33,2.69,0.23,13876668.00
2025-01-27,23.84,103850059,2475785406.56,2.48,-7.85,19072000.00
2025-01-28,24.18,103850059,2511094426.62,2.51,1.43,12022296.00
2025-01-29,24.26,103850059,2519402431.34,2.52,0.33,17462348.00
2025-01-30,24.58,103850059,2552634450.22,2.55,1.32,14880732.00
2025-01-31,24.59,103850059,2553672950.81,2.55,0.04,16814642.00
2025-02-03,24.36,103850059,2529787437.24,2.53,-0.94,22601208.00
2025-02-04,24.30,103850059,2523556433.70,2.52,-0.25,19427850.00
2025-02-05,24.78,103850059,2573404462.02,2.57,1.98,28690284.00
2025-02-06,26.72,103850059,2774873576.48,2.77,7.83,67858112.00
2025-02-07,25.75,103850059,2674139019.25,2.67,-3.63,28090675.00
2025-02-10,25.50,103850059,2648176504.50,2.65,-0.97,30916200.00
2025-02-11,26.38,103850059,2739564556.42,2.74,3.45,34557800.00
2025-02-12,25.66,103850059,2664792513.94,2.66,-2.73,25947392.00
2025-02-13,26.16,103850059,2716717543.44,2.72,1.95,19847592.00
2025-02-14,26.45,103850059,2746834060.55,2.75,1.11,14195715.00
2025-02-18,26.04,103850059,2704255536.36,2.70,-1.55,22009008.00
2025-02-19,26.34,103850059,2735410554.06,2.74,1.15,18387954.00
2025-02-20,26.02,103850059,2702178535.18,2.70,-1.21,17261668.00
2025-02-21,25.36,103850059,2633637496.24,2.63,-2.54,18426576.00
2025-02-24,24.63,103850059,2557826953.17,2.56,-2.88,15987333.00
2025-02-25,24.24,103850059,2517325430.16,2.52,-1.58,23825496.00
2025-02-26,24.83,103850059,2578596964.97,2.58,2.43,13368472.00
2025-02-27,24.10,103850059,2502786421.90,2.50,-2.94,13392370.00
2025-02-28,24.11,103850059,2503824922.49,2.50,0.04,16867356.00
2025-03-03,22.93,103850059,2381281852.87,2.38,-4.89,19394194.00
2025-03-04,22.76,103850059,2363627342.84,2.36,-0.74,13872220.00
2025-03-05,23.16,103850059,2405167366.44,2.41,1.76,11135328.00
2025-03-06,22.70,103850059,2357396339.30,2.36,-1.99,12539480.00
2025-03-07,22.96,103850059,2384397354.64,2.38,1.15,13337464.00
2025-03-10,21.89,103850059,2273277791.51,2.27,-4.66,17851295.00
2025-03-11,22.05,103850059,2289893800.95,2.29,0.73,16475760.00
2025-03-12,22.01,103850059,2285739798.59,2.29,-0.18,14927182.00
2025-03-13,21.17,103850059,2198505749.03,2.20,-3.82,10881380.00
2025-03-14,21.83,103850059,2267046787.97,2.27,3.12,11214071.00
2025-03-17,22.13,103850059,2298201805.67,2.30,1.37,10759606.00
2025-03-18,21.81,103850059,2264969786.79,2.26,-1.45,11474241.00
2025-03-19,22.61,103850059,2348049833.99,2.35,3.67,19394858.00
2025-03-20,22.63,103850059,2350126835.17,2.35,0.09,15926994.00
2025-03-21,22.77,103850059,2364665843.43,2.36,0.62,41696424.00
2025-03-24,23.42,103850059,2432168381.78,2.43,2.85,13323638.00
2025-03-25,22.89,103850059,2377127850.51,2.38,-2.26,12855024.00
2025-03-26,22.32,103850059,2317933316.88,2.32,-2.49,9872136.00
2025-03-27,21.54,103850059,2236930270.86,2.24,-3.49,26440350.00
2025-03-28,20.86,103850059,2166312230.74,2.17,-3.16,17651732.00
2025-03-31,20.51,103850059,2129964710.09,2.13,-1.68,15772190.00
2025-04-01,20.71,103850059,2150734721.89,2.15,0.98,12225113.00
2025-04-02,21.08,103850059,2189159243.72,2.19,1.79,12757616.00
2025-04-03,18.78,103850059,1950304108.02,1.95,-10.91,14740422.00
2025-04-04,17.78,103850059,1846454049.02,1.85,-5.32,13797280.00
2025-04-07,17.97,103850059,1866185560.23,1.87,1.07,15321222.00
2025-04-08,17.57,103850059,1824645536.63,1.82,-2.23,10383870.00
2025-04-09,19.84,103850059,2060385170.56,2.06,12.92,20710976.00
2025-04-10,18.82,103850059,1954458110.38,1.95,-5.14,15844558.00
2025-04-11,18.65,103850059,1936803600.35,1.94,-0.90,9934855.00
2025-04-14,18.68,103850059,1939919102.12,1.94,0.16,10161920.00
2025-04-15,18.82,103850059,1954458110.38,1.95,0.75,6131556.00
2025-04-16,18.69,103850059,1940957602.71,1.94,-0.69,12152238.00
2025-04-17,18.65,103850059,1936803600.35,1.94,-0.21,6382030.00
2025-04-21,18.21,103850059,1891109574.39,1.89,-2.36,10478034.00
2025-04-22,18.51,103850059,1922264592.09,1.92,1.65,11727936.00
2025-04-23,19.11,103850059,1984574627.49,1.98,3.24,9535890.00
2025-04-24,20.04,103850059,2081155182.36,2.08,4.87,11316588.00
2025-04-25,20.42,103850059,2120618204.78,2.12,1.90,9117530.00
2025-04-28,20.28,103850059,2106079196.52,2.11,-0.69,12849408.00
2025-04-29,20.42,103850059,2120618204.78,2.12,0.69,10450956.00
2025-04-30,20.02,103850059,2079078181.18,2.08,-1.96,21833812.00
2025-05-01,23.35,103850059,2424898877.65,2.42,16.63,49679460.00
2025-05-02,25.03,103850059,2599366976.77,2.60,7.19,30586660.00
2025-05-05,24.91,103850059,2586904969.69,2.59,-0.48,21342888.00
2025-05-06,25.13,103850059,2609751982.67,2.61,0.88,18131295.00
2025-05-07,25.93,103850059,2692832029.87,2.69,3.18,31816110.00
2025-05-08,26.14,103850059,2714640542.26,2.71,0.81,28369742.00
2025-05-09,26.86,103850059,2789412584.74,2.79,2.75,21348328.00
2025-05-12,28.90,103850059,3001266705.10,3.00,7.59,37070030.00
2025-05-13,29.80,103850059,3094731758.20,3.09,3.11,34103120.00
2025-05-14,29.65,103850059,3079154249.35,3.08,-0.50,32846270.00
2025-05-15,29.10,103850059,3022036716.90,3.02,-1.85,28168800.00
2025-05-16,29.37,103850059,3050076232.83,3.05,0.93,24650241.00
2025-05-19,29.42,103850059,3055268735.78,3.06,0.17,21456006.00
2025-05-20,29.36,103850059,3049037732.24,3.05,-0.20,17774544.00
2025-05-21,28.90,103850059,3001266705.10,3.00,-1.57,24247100.00
2025-05-22,29.04,103850059,3015805713.36,3.02,0.48,20328000.00
2025-05-23,28.59,103850059,2969073186.81,2.97,-1.55,15238470.00
2025-05-27,29.78,103850059,3092654757.02,3.09,4.16,23094390.00
2025-05-28,29.96,103850059,3111347767.64,3.11,0.60,17182060.00
2025-05-29,29.88,103850059,3103039762.92,3.10,-0.27,17213868.00
2025-05-30,29.86,103850059,3100962761.74,3.10,-0.07,22409930.00
2025-06-02,29.84,103850059,3098885760.56,3.10,-0.07,18357568.00
2025-06-03,32.39,103850059,3363703411.01,3.36,8.55,80981478.00
2025-06-04,32.37,103850059,3361626409.83,3.36,-0.06,60415368.00
2025-06-05,32.11,103850059,3334625394.49,3.33,-0.80,46119593.00
2025-06-06,33.22,103850059,3449898959.98,3.45,3.46,30801584.00
2025-06-09,35.70,103850059,3707447106.30,3.71,7.47,76269480.00
2025-06-10,36.19,103850059,3758333635.21,3.76,1.37,57100582.00
2025-06-11,36.58,103850059,3798835158.22,3.80,1.08,72249158.00
2025-06-12,36.42,103850059,3782219148.78,3.78,-0.44,59761578.00
2025-06-13,35.38,103850059,3674215087.42,3.67,-2.86,44872454.00
2025-06-16,37.09,103850059,3851798688.31,3.85,4.83,76494416.00
2025-06-17,36.40,103850059,3780142147.60,3.78,-1.86,41015520.00
2025-06-18,36.97,103850059,3839336681.23,3.84,1.57,55551122.00
2025-06-20,36.69,103850059,3810258664.71,3.81,-0.76,68885475.00
2025-06-23,36.95,103850059,3837259680.05,3.84,0.71,58103875.00
2025-06-24,37.87,103850059,3932801734.33,3.93,2.49,53748891.00
2025-06-25,39.20,103850059,4070922312.80,4.07,3.51,107031680.00
2025-06-26,39.86,103850059,4139463351.74,4.14,1.68,80720486.00
2025-06-27,40.25,103850059,4179964874.75,4.18,0.98,95473000.00
2025-06-30,40.82,103850059,4239159408.38,4.24,1.42,93592096.00
2025-07-01,40.62,103850059,4218389396.58,4.22,-0.49,83831556.00
2025-07-02,41.76,103850059,4336778463.84,4.34,2.81,58539168.00
2025-07-03,44.02,103850059,4571479597.18,4.57,5.41,94722236.00
2025-07-07,41.88,103850059,4349240470.92,4.35,-4.86,111882420.00
2025-07-08,42.63,103850059,4427128015.17,4.43,1.79,109495155.00
2025-07-09,43.99,103850059,4568364095.41,4.57,3.19,94556505.00
2025-07-10,43.88,103850059,4556940588.92,4.56,-0.25,71805232.00
2025-07-11,44.11,103850059,4580826102.49,4.58,0.52,48163709.00
2025-07-14,44.30,103850059,4600557613.70,4.60,0.43,82898590.00
2025-07-15,45.79,103850059,4755294201.61,4.76,3.36,116709552.00
2025-07-16,45.81,103850059,4757371202.79,4.76,0.04,87799446.00
2025-07-17,46.22,103850059,4799949726.98,4.80,0.90,96243906.00
2025-07-18,45.03,103850059,4676368156.77,4.68,-2.57,133694070.00
2025-07-21,47.47,103850059,4929762300.73,4.93,5.42,274841806.00
2025-07-22,45.04,103850059,4677406657.36,4.68,-5.12,147289808.00
2025-07-23,46.46,103850059,4824873741.14,4.82,3.15,87516702.00
2025-07-24,44.27,103850059,4597442111.93,4.60,-4.71,87557206.00
2025-07-25,45.29,103850059,4703369172.11,4.70,2.30,96377120.00
2025-07-28,45.95,103850059,4771910211.05,4.77,1.46,80940925.00
2025-07-29,48.52,103850059,5038804862.68,5.04,5.59,196015948.00
2025-07-30,48.73,103850059,5060613375.07,5.06,0.43,250930262.00
2025-07-31,47.25,103850059,4906915287.75,4.91,-3.04,270648000.00
2025-08-01,43.34,103850059,4500861557.06,4.50,-8.28,227149274.00
2025-08-04,44.83,103850059,4655598144.97,4.66,3.44,115571740.00
2025-08-05,43.85,103850059,4553825087.15,4.55,-2.19,93711835.00
2025-08-06,43.21,103850059,4487361049.39,4.49,-1.46,90062603.00
2025-08-07,43.36,103850059,4502938558.24,4.50,0.35,68946736.00
2025-08-08,45.28,103850059,4702330671.52,4.70,4.43,81834544.00
2025-08-11,44.61,103850059,4632751131.99,4.63,-1.48,90174654.00
2025-08-12,46.63,103850059,4842528251.17,4.84,4.53,62129812.00
2025-08-13,44.96,103850059,4669098652.64,4.67,-3.58,83603120.00
2025-08-14,42.62,103850059,4426089514.58,4.43,-5.20,99019046.00
2025-08-15,41.80,103850059,4340932466.20,4.34,-1.92,149919880.00
2025-08-18,41.82,103850059,4343009467.38,4.34,0.05,55340406.00
2025-08-19,40.50,103850059,4205927389.50,4.21,-3.16,101719800.00
2025-08-20,40.06,103850059,4160233363.54,4.16,-1.09,88003808.00
2025-08-21,40.78,103850059,4235005406.02,4.24,1.80,93610490.00
2025-08-22,44.43,103850059,4614058121.37,4.61,8.95,123244377.00
2025-08-25,44.09,103850059,4578749101.31,4.58,-0.77,62660708.00
2025-08-26,44.87,103850059,4659752147.33,4.66,1.77,102487567.00
2025-08-27,44.50,103850059,4621327625.50,4.62,-0.82,81853300.00
2025-08-28,46.90,103850059,4870567767.10,4.87,5.39,88580030.00
2025-08-29,44.57,103850059,4628597129.63,4.63,-4.97,67648346.00
2025-09-02,44.96,103850059,4669098652.64,4.67,0.88,114980704.00
2025-09-03,46.23,103850059,4800988227.57,4.80,2.82,70865967.00
2025-09-04,46.07,103850059,4784372218.13,4.78,-0.35,53547161.00
2025-09-05,47.70,103850059,4953647814.30,4.95,3.54,103365900.00
2025-09-08,47.00,103850059,4880952773.00,4.88,-1.47,81357000.00
2025-09-09,47.60,103850059,4943262808.40,4.94,1.28,113502200.00
2025-09-10,49.43,103850059,5133308416.37,5.13,3.84,82810079.00
2025-09-11,48.32,103850059,5018034850.88,5.02,-2.25,85801824.00
2025-09-12,46.77,103850059,4857067259.43,4.86,-3.21,94423953.00
2025-09-15,49.40,103850059,5130192914.60,5.13,5.62,115516960.00
2025-09-16,50.27,103850059,5220542465.93,5.22,1.76,97941041.00
2025-09-17,49.03,103850059,5091768392.77,5.09,-2.47,148202981.00
2025-09-18,52.84,103850059,5487437117.56,5.49,7.77,176770936.00
2025-09-19,52.12,103850059,5412665075.08,5.41,-1.36,196971904.00
2025-09-22,54.24,103850059,5632827200.16,5.63,4.07,174490080.00
2025-09-23,56.54,103850059,5871682335.86,5.87,4.24,186734658.00
2025-09-24,54.15,103850059,5623480694.85,5.62,-4.23,153471930.00
2025-09-25,54.51,103850059,5660866716.09,5.66,0.66,143917302.00
2025-09-26,55.78,103850059,5792756291.02,5.79,2.33,143265352.00
2025-09-29,57.75,103850059,5997340907.25,6.00,3.53,170535750.00
2025-09-30,57.60,103850059,5981763398.40,5.98,-0.26,151983360.00
2025-10-01,59.07,103850059,6134422985.13,6.13,2.55,260345118.00
2025-10-02,60.28,103850059,6260081556.52,6.26,2.05,195144444.00
2025-10-03,59.18,103850059,6145846491.62,6.15,-1.82,179220712.00
2025-10-06,59.88,103850059,6218541532.92,6.22,1.18,128771940.00
2025-10-07,58.01,103850059,6024341922.59,6.02,-3.12,178299536.00
2025-10-08,58.53,103850059,6078343953.27,6.08,0.90,148291608.00
2025-10-09,56.52,103850059,5869605334.68,5.87,-3.43,129244284.00
2025-10-10,53.58,103850059,5564286161.22,5.56,-5.20,136704012.00
2025-10-13,55.53,103850059,5766793776.27,5.77,3.64,94706415.00
2025-10-14,55.25,103850059,5737715759.75,5.74,-0.50,92029925.00
2025-10-15,58.21,103850059,6045111934.39,6.05,5.36,98689234.00
2025-10-16,58.45,103850059,6070035948.55,6.07,0.41,90515670.00
2025-10-17,57.16,103850059,5936069372.44,5.94,-2.21,93959608.00
2025-10-20,57.95,103850059,6018110919.05,6.02,1.38,53963040.00
2025-10-21,56.69,103850059,5887259844.71,5.89,-2.17,87892176.00
2025-10-22,55.69,103850059,5783409785.71,5.78,-1.76,103511003.00
2025-10-23,58.40,103850059,6064843445.60,6.06,4.87,101458320.00
2025-10-24,58.75,103850059,6101190966.25,6.10,0.60,94041125.00
2025-10-27,58.90,103850059,6116768475.10,6.12,0.26,96660790.00
2025-10-28,59.21,103850059,6148961993.39,6.15,0.53,127307421.00
2025-10-29,63.53,103850059,6597594248.27,6.60,7.30,285141699.00
2025-10-30,61.98,103850059,6436626656.82,6.44,-2.44,298185780.00
2025-10-31,67.20,103850059,6978723964.80,6.98,8.42,299315520.00
2025-11-03,69.87,103850059,7256003622.33,7.26,3.97,268384644.00
2025-11-04,66.29,103850059,6884220411.11,6.88,-5.12,167985489.00
2025-11-05,70.06,103850059,7275735133.54,7.28,5.69,133737534.00
2025-11-06,68.11,103850059,7073227518.49,7.07,-2.78,162278886.00
2025-11-07,66.72,103850059,6928875936.48,6.93,-2.04,173431968.00
2025-11-10,69.89,103850059,7258080623.51,7.26,4.75,123474663.00
2025-11-11,67.87,103850059,7048303504.33,7.05,-2.89,85679088.00
2025-11-12,70.50,103850059,7321429159.50,7.32,3.88,172344300.00
2025-11-13,63.10,103850059,6552938722.90,6.55,-10.50,209226980.00
2025-11-14,67.99,103850059,7060765511.41,7.06,7.75,204724689.00
2025-11-17,64.34,103850059,6681712796.06,6.68,-5.37,201525748.00
2025-11-18,63.34,103850059,6577862737.06,6.58,-1.55,119319892.00
2025-11-19,64.27,103850059,6674443291.93,6.67,1.47,111996902.00
2025-11-20,58.45,103850059,6070035948.55,6.07,-9.06,144973535.00
2025-11-21,58.79,103850059,6105344968.61,6.11,0.58,164653153.00
2025-11-24,64.94,103850059,6744022831.46,6.74,10.46,168973880.00
2025-11-25,68.51,103850059,7114767542.09,7.11,5.50,149434012.00
2025-11-26,68.29,103850059,7091920529.11,7.09,-0.32,113552612.00
2025-11-28,70.18,103850059,7288197140.62,7.29,2.77,84868674.00
2025-12-01,67.90,103850059,7051419006.10,7.05,-3.25,96418000.00
2025-12-02,66.75,103850059,6931991438.25,6.93,-1.69,146676450.00
2025-12-03,66.76,103850059,6933029938.84,6.93,0.01,125148296.00
2025-12-04,72.84,103850059,7564438297.56,7.56,9.11,207142392.00
2025-12-05,73.74,103850059,7657903350.66,7.66,1.24,186871908.00
2025-12-08,75.43,103850059,7833409950.37,7.83,2.29,110414434.00
2025-12-09,76.74,103850059,7969453527.66,7.97,1.74,93929760.00
2025-12-10,77.70,103850059,8069149584.30,8.07,1.25,120163050.00
2025-12-11,80.24,103850059,8332928734.16,8.33,3.27,168495976.00
2025-12-12,73.43,103850059,7625709832.37,7.63,-8.49,172942336.00
2025-12-15,72.05,103850059,7482396750.95,7.48,-1.88,158272235.00
2025-12-16,67.63,103850059,7023379490.17,7.02,-6.13,196262260.00
2025-12-17,61.58,103850059,6395086633.22,6.40,-8.95,206453108.00
2025-12-18,67.09,103850059,6967300458.31,6.97,8.95,156916801.00
2025-12-19,70.38,103850059,7308967152.42,7.31,4.90,207916596.00
2025-12-22,70.90,103850059,7362969183.10,7.36,0.74,70042110.00
2025-12-23,71.59,103850059,7434625723.81,7.43,0.97,70351493.00
2025-12-24,72.59,103850059,7538475782.81,7.54,1.40,49557193.00
2025-12-26,71.72,103850059,7448126231.48,7.45,-1.20,34884608.00
2025-12-29,71.21,103850059,7395162701.39,7.40,-0.71,48529615.00
2025-12-30,70.42,103850059,7313121154.78,7.31,-1.11,39343654.00
2025-12-31,69.00,103850059,7165654071.00,7.17,-2.02,59760900.00
2026-01-02,70.61,103850059,7332852665.99,7.33,2.33,127952381.00
2026-01-05,67.99,103850059,7060765511.41,7.06,-3.71,172796585.00
2026-01-06,70.45,103850059,7316236656.55,7.32,3.62,155018180.00
2026-01-07,70.18,103850059,7288197140.62,7.29,-0.38,95143026.00
2026-01-08,66.86,103850059,6943414944.74,6.94,-4.73,162362824.00
2026-01-09,73.88,103850059,7672442358.92,7.67,10.50,184278884.00
2026-01-12,77.89,103850059,8088881095.51,8.09,5.43,124507165.00
2026-01-13,93.24,103850059,9682979501.16,9.68,19.71,626283756.00
2026-01-14,96.52,103850059,10023607694.68,10.02,3.52,492531908.00
2026-01-15,100.90,103850059,10478470953.10,10.48,4.54,371685330.00
2026-01-16,101.01,103850059,10489894459.59,10.49,0.11,233525019.00
2026-01-20,97.83,103850059,10159651271.97,10.16,-3.15,257116806.00
2026-01-21,99.87,103850059,10371505392.33,10.37,2.09,232437438.00
2026-01-22,97.53,103850059,10128496254.27,10.13,-2.34,262950633.00
2026-01-23,95.02,103850059,9867832606.18,9.87,-2.57,205556766.00
2026-01-26,94.63,103850059,9827331083.17,9.83,-0.41,166463633.00
2026-01-27,94.61,103850059,9825254081.99,9.83,-0.02,196448204.00
2026-01-28,97.99,103850059,10176267281.41,10.18,3.57,296164976.00
2026-01-29,96.48,103850059,10019453692.32,10.02,-1.54,1857982896.00
2026-01-30,98.20,103850059,10198075793.80,10.20,1.78,422348380.00
2026-02-02,102.76,103850059,10671632062.84,10.67,4.64,298507524.00
2026-02-03,107.57,103850059,11171150846.63,11.17,4.68,427160470.00
2026-02-04,96.22,103850059,9992452676.98,9.99,-10.55,372429132.00
2026-02-05,92.58,103850059,9614438462.22,9.61,-3.78,352951992.00
2026-02-06,98.58,103850059,10237538816.22,10.24,6.48,259038666.00
2026-02-09,97.98,103850059,10175228780.82,10.18,-0.61,187151598.00
2026-02-10,93.77,103850059,9738020032.43,9.74,-4.30,181022985.00
2026-02-11,91.90,103850059,9543820422.10,9.54,-1.99,182412310.00
2026-02-12,92.33,103850059,9588475947.47,9.59,0.47,220751797.00
2026-02-13,91.80,103850059,9533435416.20,9.53,-0.57,132522480.00
2026-02-17,90.91,103850059,9441008863.69,9.44,-0.97,143846893.00
2026-02-18,93.97,103850059,9758790044.23,9.76,3.37,141866509.00
2026-02-19,100.39,103850059,10425507423.01,10.43,6.83,206793361.00
2026-02-20,107.93,103850059,11208536867.87,11.21,7.51,359881792.00
2026-02-23,106.85,103850059,11096378804.15,11.10,-1.00,160702400.00
2026-02-24,106.70,103850059,11080801295.30,11.08,-0.14,161885240.00
2026-02-25,108.86,103850059,11305117422.74,11.31,2.02,190624746.00
2026-02-26,107.56,103850059,11170112346.04,11.17,-1.19,231426096.00
2026-02-27,104.24,103850059,10825330150.16,10.83,-3.09,218059656.00
2026-03-02,113.00,103850059,11735056667.00,11.74,8.40,266951200.00
2026-03-03,104.05,103850059,10805598638.95,10.81,-7.92,189610315.00
2026-03-04,105.14,103850059,10918795203.26,10.92,1.05,145124742.00
2026-03-05,98.95,103850059,10275963338.05,10.28,-5.89,238390340.00
2026-03-06,87.91,103850059,9129458686.69,9.13,-11.16,206447844.00
2026-03-09,96.80,103850059,10052685711.20,10.05,10.11,215776880.00
2026-03-10,96.43,103850059,10014261189.37,10.01,-0.38,168048561.00
2026-03-11,95.44,103850059,9911449630.96,9.91,-1.03,89589528.00
2026-03-12,90.54,103850059,9402584341.86,9.40,-5.13,115049178.00
2026-03-13,90.64,103850059,9412969347.76,9.41,0.11,92697528.00
2026-03-16,96.51,103850059,10022569194.09,10.02,6.48,116429664.00
2026-03-17,97.54,103850059,10129534754.86,10.13,1.07,135590354.00
2026-03-18,95.31,103850059,9897949123.29,9.90,-2.29,153344259.00
2026-03-19,97.08,103850059,10081763727.72,10.08,1.86,175520640.00
2026-03-20,91.54,103850059,9506434400.86,9.51,-5.71,397741300.00
2026-03-23,101.42,103850059,10532472983.78,10.53,10.79,280537862.00
2026-03-24,106.99,103850059,11110917812.41,11.11,5.49,204821656.00
2026-03-25,108.00,103850059,11215806372.00,11.22,0.94,134168400.00
2026-03-26,95.93,103850059,9962336159.87,9.96,-11.18,171973711.00
2026-03-27,95.47,103850059,9914565132.73,9.91,-0.48,128769936.00
2026-03-30,88.29,103850059,9168921709.11,9.17,-7.52,161491239.00
2026-03-31,97.42,103850059,10117072747.78,10.12,10.34,194080124.00
2026-04-01,97.08,103850059,10081763727.72,10.08,-0.35,152949540.00
2026-04-02,97.48,103850059,10123303751.32,10.12,0.41,102276016.00
2026-04-06,95.70,103850059,9938450646.30,9.94,-1.83,89278530.00
2026-04-07,99.29,103850059,10311272358.11,10.31,3.75,118591976.00
2026-04-08,105.85,103850059,10992528745.15,10.99,6.61,226688360.00
2026-04-09,107.53,103850059,11166996844.27,11.17,1.59,124293927.00
2026-04-10,121.49,103850059,12616743667.91,12.62,12.98,372087423.00
2026-04-13,123.49,103850059,12824443785.91,12.82,1.65,165735929.00
2026-04-14,120.74,103850059,12538856123.66,12.54,-2.23,199064038.00
2026-04-15,116.60,103850059,12108916879.40,12.11,-3.43,268739680.00
2026-04-16,116.93,103850059,12143187398.87,12.14,0.28,203446507.00
2026-04-17,126.24,103850059,13110031448.16,13.11,7.96,211123776.00
2026-04-20,125.81,103850059,13065375922.79,13.07,-0.34,205045138.00
2026-04-21,125.25,103850059,13007219889.75,13.01,-0.45,176765325.00
2026-04-22,126.71,103850059,13158840975.89,13.16,1.17,188557151.00
2026-04-23,132.98,103850059,13809980845.82,13.81,4.95,230387850.00
2026-04-24,149.01,103850059,15474697291.59,15.47,12.05,397767294.00
2026-04-27,144.17,103850059,14972063006.03,14.97,-3.25,372362276.00
2026-04-28,137.59,103850059,14288729617.81,14.29,-4.56,413843202.00
2026-04-29,137.50,103850059,14279383112.50,14.28,-0.07,491356250.00
2026-04-30,158.22,103850059,16431156334.98,16.43,15.07,927754614.00
2026-05-01,158.99,103850059,16511120880.41,16.51,0.49,435600802.00
2026-05-04,157.47,103850059,16353268790.73,16.35,-0.96,437971311.00
2026-05-05,159.58,103850059,16572392415.22,16.57,1.34,353326078.00
2026-05-06,164.64,103850059,17097873713.76,17.10,3.17,320504688.00
2026-05-07,153.77,103850059,15969023572.43,15.97,-6.60,359037573.00
2026-05-08,157.31,103850059,16336652781.29,16.34,2.30,332710650.00
2026-05-11,162.99,103850059,16926521116.41,16.93,3.61,397141434.00
2026-05-12,163.36,103850059,16964945638.24,16.96,0.23,339478416.00
2026-05-13,168.82,103850059,17531966960.38,17.53,3.34,448250864.00
2026-05-14,171.87,103850059,17848709640.33,17.85,1.81,319506330.00
2026-05-15,167.35,103850059,17379307373.65,17.38,-2.63,349259450.00
2026-05-18,158.86,103850059,16497620372.74,16.50,-5.07,258496992.00
2026-05-19,161.41,103850059,16762438023.19,16.76,1.61,355005154.00
2026-05-20,169.36,103850059,17588045992.24,17.59,4.93,456763920.00
2026-05-21,174.55,103850059,18127027798.45,18.13,3.06,310140440.00
2026-05-22,189.92,103850059,19723203205.28,19.72,8.81,584212912.00
2026-05-26,196.95,103850059,20453269120.05,20.45,3.70,666025815.00
2026-05-27,190.67,103850059,19801090749.53,19.80,-3.19,974762241.00
2026-05-28,187.79,103850059,19502002579.61,19.50,-1.51,617998111.00
2026-05-29,173.72,103850059,18040832249.48,18.04,-7.49,813183320.00
2026-06-01,172.44,103850059,17907904173.96,17.91,-0.74,516061188.00
2026-06-02,179.62,103850059,18653547597.58,18.65,4.16,424208554.00
2026-06-03,189.60,103850059,19689971186.40,19.69,5.56,486835920.00
2026-06-04,184.84,103850059,19195644905.56,19.20,-2.51,341584320.00
2026-06-05,167.62,103850059,17407346889.58,17.41,-9.32,333982850.00
2026-06-08,178.38,103850059,18524773524.42,18.52,6.42,445040262.00
2026-06-09,173.86,103850059,18055371257.74,18.06,-2.53,406484680.00
2026-06-10,172.12,103850059,17874672155.08,17.87,-1.00,282741524.00
2026-06-11,187.21,103850059,19441769545.39,19.44,8.77,321027708.00
2026-06-12,194.05,103850059,20152103948.95,20.15,3.65,374341855.00
2026-06-15,206.66,103850059,21461653192.94,21.46,6.50,478190574.00
2026-06-16,199.58,103850059,20726394775.22,20.73,-3.43,390917346.00
2026-06-17,202.70,103850059,21050406959.30,21.05,1.56,347610230.00
2026-06-18,216.44,103850059,22477306769.96,22.48,6.78,571228448.00
2026-06-22,221.47,103850059,22999672566.73,23.00,2.32,521229645.00
2026-06-23,213.17,103850059,22137717077.03,22.14,-3.75,434547045.00
